exam_case_id,n_miss,n_yolo,img_w,img_h,miss_density,miss_share,miss_circularity_mean,miss_circularity_std,miss_circularity_p90,miss_elongation_mean,miss_elongation_std,miss_elongation_p90,miss_solidity_mean,miss_solidity_std,miss_solidity_p90,miss_convexity_mean,miss_convexity_std,miss_convexity_p90,miss_aspect_mean,miss_aspect_std,miss_aspect_p90,miss_extent_mean,miss_extent_std,miss_extent_p90,miss_area_mean,miss_area_std,miss_area_p90,miss_perimeter_mean,miss_perimeter_std,miss_perimeter_p90,miss_frac_low_circ,miss_frac_low_solidity,miss_area_share,n_images,fold
recovered_archive1/1,0.75,50.0,1024.0,768.0,0.013005390835579514,0.012612035851472471,0.7141237272053643,0.003467386130895811,0.716897636110081,2.239686301896934,0.18214811939375775,2.38540479741194,0.9464104745344982,0.013141915336573357,0.956924006803757,0.9656977980303549,0.004734384307037848,0.9694853054759852,0.6356116310160428,0.02481617647058823,0.6554645721925133,0.755547995713437,0.028321953781512615,0.7782055587386469,430.375,4.125,433.675,73.05203820042826,1.0606601717798192,73.90056633785213,0.0,0.0,0.00029579798380533856,4,0
recovered_archive1/100,12.555555555555555,43.111111111111114,1024.0,768.0,0.35687836246238014,0.24519429760390096,0.7891399672698354,0.08750909689370104,0.8626944179473065,1.5140170573825733,0.3564972049988532,1.9730891574630627,0.9633866340163085,0.028694559765910392,0.9812525966156063,0.9580724280254653,0.015823337066364147,0.9712669092585201,1.1669484177922866,0.2885963624600972,1.4696373054822622,0.7394204396019002,0.07145226122966128,0.810752473953742,1277.8580390152695,1797.5446734626134,2085.322222222223,124.75526894457721,83.09897006935888,187.01596188581001,0.01488095238095238,0.01488095238095238,0.02120809201841001,9,0
recovered_archive1/24,2.4285714285714284,65.85714285714286,1024.0,768.0,0.04138229075324289,0.03796327068178181,0.7995091543262235,0.07773160790923493,0.8480989426501195,1.7394505435977794,0.7931254087821502,2.5767240540609606,0.9678786261093775,0.006946331471563273,0.9739227192847263,0.9623778646754917,0.0054254891964374856,0.968823955504869,0.9829806774517867,0.22668468098912653,1.1905900930612967,0.7834154533598128,0.032135098392375244,0.8217561908812249,555.28125,213.88140767621195,793.9375,92.41869133101937,22.827032791905076,117.58566914521728,0.0,0.0,0.0018363226027715773,7,2
recovered_archive1/28,24.88888888888889,30.666666666666668,1024.0,768.0,0.9054369620177728,0.44531335458427457,0.802945698867608,0.09343243824306084,0.8766962998188116,1.4107849333384677,0.3549610323571772,1.8412778151166345,0.9637460350236486,0.02750867739388076,0.9818940758063879,0.9563639106305316,0.011927234832972798,0.9659202659746686,1.1721703736467566,0.2855483937596595,1.4880651841846253,0.7433195798023613,0.08209681258037779,0.8141667877042339,1151.926325690635,862.5275693524902,2083.255555555556,126.98800748793208,51.298648661570155,188.97290512671032,0.0,0.0,0.04004245334201389,9,4
recovered_archive1/29,7.166666666666667,44.666666666666664,1024.0,768.0,0.20479563254608368,0.14209763571422848,0.8002163949856178,0.05685947906826269,0.8504121438874251,1.4424469528246946,0.2512193930840921,1.699321768851491,0.968820032175853,0.013684199242775199,0.979287569827821,0.9587794764068694,0.008608647336023649,0.9654637417478146,1.0371948897220622,0.19966985889573924,1.2641104609491949,0.7643177011726344,0.0328212510460378,0.7946004286259474,1545.3989940854167,1077.2207329112423,2872.886363636364,138.31145149916856,50.19534361965916,199.49216701875514,0.0,0.0,0.015207555558946395,12,3
recovered_archive1/30,8.1,75.1,1024.0,768.0,0.6991479949512961,0.18629790155594997,0.7496366034535141,0.0835825613672064,0.8270082992013792,2.251260979258598,1.1213554238981862,3.3171600373600882,0.9654019366879808,0.02108720573160712,0.9806964693158928,0.9606637343357468,0.009393054918271962,0.9686514830375594,1.7672991255747057,0.6196521687559108,2.4274816699302257,0.7668997056238623,0.05539491901725373,0.8159865891762541,2053.1309379509376,2263.8642983257414,3255.3599999999997,167.96735261919338,78.8855635348183,225.5713923861484,0.04242424242424243,0.00909090909090909,0.02078704833984375,10,2
recovered_archive1/31,1.0,53.2,1024.0,768.0,0.03459759481961147,0.031240188383045524,0.8268534831006595,0.05740166730925552,0.8695405234477538,1.3377829676085606,0.23742172724474678,1.5648247619658153,0.9706550486830832,0.013515057789751045,0.9809724852474445,0.9628846073993892,0.0069881800956678,0.9689307009165093,1.2208683417882056,0.19746242963928168,1.410457752060875,0.7582593687910577,0.04377275991248944,0.7948992131211117,1609.125,1458.835628620447,2823.575,125.00991454128061,73.71941351647001,187.685761056913,0.0,0.0,0.001773198445638021,5,0
recovered_archive1/32,4.75,39.875,1024.0,768.0,0.15548041697212536,0.11090741183132487,0.7703966323739397,0.07493593242471577,0.839612672373663,2.0504036257545883,0.9317635921290511,2.8198976325597793,0.9595157417851988,0.021797852161375274,0.9765071332920956,0.9583964942982804,0.011637004341374034,0.9672878344655439,1.2504410475656536,0.336612947120313,1.5882928662701867,0.7400828315515201,0.04105667767602452,0.7825123678761555,3156.052380952381,3806.8662626545124,6637.228571428573,166.267629278682,116.48123771802008,277.9178920657333,0.0,0.0,0.015954335530598957,8,3
recovered_archive1/33,1.625,61.75,1024.0,768.0,0.04112084723786851,0.03536745894939172,0.7677374564273902,0.050509272232964565,0.8037067853277893,1.638936919883594,0.23039459467721063,1.8790808818535436,0.9589289598053038,0.01636417268164591,0.9684334280142988,0.9628641214715234,0.0058555335408542785,0.9688190977324929,0.9611930363134724,0.1919351311711793,1.1659177029866685,0.699479010553541,0.060364258583109835,0.7534685382773799,779.825,737.9074309864568,1596.4250000000002,95.37315109205525,41.522782145462415,142.30773439350247,0.0,0.0,0.001910527547200521,8,0
recovered_archive1/34,2.0,89.71428571428571,1024.0,768.0,0.020431743824587668,0.01962744322983118,0.7943921992264228,0.06391673011876853,0.8529911778352932,1.4874391800828413,0.23452389077577962,1.7290854792075407,0.9665543472217479,0.010396268763935497,0.9771021837278291,0.9613084175560105,0.009533742179657138,0.9703743980942092,1.2023414759805888,0.19066552156777083,1.3947081497828027,0.7584535642284926,0.050410237355565844,0.8036647171669221,576.9375,484.214347393141,1035.2625,87.57500897343748,41.17949535397713,126.76298154113417,0.0,0.0,0.0013059888567243303,7,4
recovered_archive1/35,6.636363636363637,36.27272727272727,1024.0,768.0,0.23546776897044275,0.17052124077810846,0.8274486256862231,0.041587456403796116,0.865076002565011,1.404360740892016,0.2828997284574117,1.7301037451925898,0.9739889997539575,0.008101170075464048,0.9819209102931418,0.9622014430974221,0.006755333530931196,0.9699649418155044,1.0601564494607651,0.21338651745334386,1.2749187037220617,0.7707692888744575,0.04114630937487152,0.8082093614994919,842.3027777777778,435.03145919886,1278.3000000000002,104.93061907424672,29.2611191681799,134.4758440763359,0.0,0.0,0.00680501533277107,11,1
recovered_archive1/37,5.4,36.6,1024.0,768.0,0.1429579478553406,0.11972628619052288,0.830123654743221,0.045215003100666507,0.8806458551790751,1.4282869362664679,0.3298238375352541,1.8448483384153211,0.9726678515819349,0.009050785575717734,0.9814003569839829,0.9633940780664982,0.007503699377185594,0.9723415919564486,0.9621262880149868,0.2121078023875871,1.1628877568791363,0.7698453672780425,0.04434127824222727,0.8179661394884663,1155.0972222222222,1245.096875590867,2408.8625,105.71718568873551,53.03495006910741,158.16014241803452,0.0,0.0,0.00731035868326823,5,3
recovered_archive1/38,9.466666666666667,42.4,1024.0,768.0,0.4620546404113452,0.2005071938270219,0.7682006465109417,0.0836337364664425,0.8403213230456573,1.668747145194601,0.5234857240617655,2.1236049592813857,0.9577563492800429,0.030116750453877347,0.9778248527604839,0.9585931251897872,0.011733433743713701,0.9685321778865059,1.3413464774926365,0.3478705110566328,1.7175579190615797,0.7498124837501156,0.05801355953409496,0.8042458316523903,1006.1130314808416,1153.8373271432658,1859.4214285714286,115.08905600714854,59.94039328959973,170.40456545911752,0.006493506493506494,0.017583732057416267,0.01363232930501302,15,3
recovered_archive1/40,3.0,28.428571428571427,1024.0,768.0,0.10561841834376298,0.08931318180086653,0.8066736808857938,0.05209846485811254,0.8564264465645235,1.3675823012283395,0.16862567481297056,1.5719949032951623,0.9613497761157958,0.01947775523820764,0.9782991607090753,0.9546158413277861,0.011851929917412256,0.9650806762695257,0.9990847712161085,0.15078805936833475,1.1863827107370737,0.7604173594648067,0.03933992357703918,0.7980753109237678,1405.642361111111,586.5569460631453,2108.3083333333334,130.88286177736043,37.50335172855011,176.79191548144135,0.0,0.0,0.0055272238595145086,7,3
recovered_archive1/41,7.588235294117647,35.0,1024.0,768.0,0.2066994233859594,0.14961959733817168,0.773927076457723,0.07674237917080386,0.8403184506459888,1.5393353747709344,0.37344240348705626,1.893086956845217,0.9561058419857512,0.028127675087633162,0.9732219614289366,0.9579588022943383,0.010307512541818328,0.9676663097305999,1.1664334919763357,0.3348569686891529,1.4950703810442425,0.7332571927068074,0.06219672725987318,0.790930555749601,994.4708296089874,608.6187461003097,1648.9269230769232,116.22226100724318,44.41616121625542,160.42845311793286,0.005494505494505494,0.009543088490456911,0.007761375576842065,17,4
recovered_archive1/42,14.444444444444445,47.111111111111114,1024.0,768.0,0.33083675300772986,0.24170159927526966,0.7562978502040076,0.1191597146988911,0.8638537722034291,1.7161932886569111,0.7111271657516188,2.6518761176707604,0.9610904775997697,0.026066913333975126,0.9813024185414173,0.9579773764657902,0.010099684471509602,0.969590380972402,1.3474613226773657,0.6013544084462559,2.061424228657416,0.7315254013793313,0.08004491465674721,0.8067521338404322,1458.380994152047,1560.1387126422185,3387.1666666666665,137.8172246641151,83.81568982788356,233.0539112086061,0.007407407407407408,0.005847953216374269,0.02632049277976707,9,0
recovered_archive1/44,16.333333333333332,16.083333333333332,1024.0,768.0,1.04532197606888,0.49822607215790193,0.7202344240007128,0.13760788634462923,0.8590702826867699,1.7304812761110042,0.5870853253449188,2.4094890034175833,0.9427991128053791,0.049531364586852956,0.978156594668059,0.9510255438169853,0.02290108871729758,0.9702380973968087,1.5234989908346612,0.561089253893278,2.1658272264804306,0.7186605416885011,0.08689050825519518,0.8053765183405809,1936.4836095107232,2419.6278824712767,4958.6916666666675,162.70471257804198,118.45833579076434,319.54557522626,0.003968253968253968,0.03496449084684378,0.04130140940348307,12,0
recovered_archive1/45,3.2,44.733333333333334,1024.0,768.0,0.07853895027261046,0.06752727340170625,0.7908198156216266,0.05948418085305635,0.8442871680421811,1.4897760292886515,0.33231110630604016,1.8228464100162356,0.969740760873682,0.010454090008881279,0.9781778786093702,0.960291152308487,0.005826973176800081,0.9666601641244185,1.1109352573213298,0.23685967230113472,1.3352666675047997,0.7537261032809993,0.04149756797920796,0.7945689880276533,1616.045138888889,934.2651997177455,2353.0541666666672,139.90952864343683,40.644769841302995,175.6533783280652,0.0,0.0,0.006800503200954861,15,1
recovered_archive1/46,4.166666666666667,72.0,1024.0,768.0,0.07952832653643112,0.06730199261317683,0.8072738317093762,0.049114012845385566,0.848473505585355,1.534275114860174,0.2450293067416472,1.8077413537134408,0.9744890115054113,0.009092109876861282,0.9821536132557259,0.9625129864843037,0.007991199957568338,0.9702852307233544,1.0850932763434755,0.3010449173545232,1.3872883684850752,0.7828622951103289,0.03717840954912678,0.8191316413589995,1627.7522916666667,846.9505703435659,2521.0950000000003,143.35445877274154,45.20717315106117,191.58658648936986,0.0,0.0,0.0064194997151692705,12,2
recovered_archive1/47,5.0,54.8,1024.0,768.0,0.09943253787303034,0.08304901934479891,0.8216983314261407,0.07752938356536572,0.8804178039444519,1.3698497394938862,0.30937613201370656,1.6949953973312815,0.9696933717805813,0.019151620132698225,0.9827505683036208,0.9569597587392282,0.009823376202087558,0.9646318681060287,0.9621371824888881,0.18713357521197563,1.1764749045280962,0.7750530632161018,0.048070809924952794,0.826437080629386,1426.3511904761906,1245.299654715948,2464.0666666666675,135.60650459989947,59.86769957299057,191.05071178954736,0.0,0.0,0.011717605590820314,5,3
recovered_archive1/48,8.0,14.833333333333334,1024.0,768.0,0.5811008912267493,0.3559561783245994,0.7440434723937281,0.1611014757045843,0.8638961305890057,1.9555771226834782,1.5496925800180954,2.9471567610708043,0.951970812767074,0.04883660442637724,0.9825585953653894,0.9539074378969414,0.013038367640791727,0.9651945764429696,1.2903892676178645,0.8442767569168392,1.8597345880588108,0.7125646798844074,0.10380782147488919,0.8081719967990729,3951.027513227513,4467.785444452045,10758.791666666666,243.13175958779786,182.46096187755757,486.4546402607623,0.07037037037037037,0.037037037037037035,0.04145071241590712,6,1
recovered_archive1/49,7.75,58.25,1024.0,768.0,0.14665095419229063,0.12282202783386163,0.7928701759248136,0.06985851598558679,0.852958938658384,1.5683304632242079,0.5504443751453546,2.1476582160951807,0.9736632641553717,0.010714729975151962,0.9834335848345753,0.959060859278485,0.007352441952802463,0.9658818399408466,0.9116739776185789,0.3461958229888259,1.4390591600562377,0.7380454649668652,0.053719541052458165,0.7914473402744735,1896.0433493589744,1207.2373501014185,3020.625,161.72377162986226,56.02532220310539,227.62352442050437,0.0,0.0,0.019044955571492512,8,2
recovered_archive1/51,8.181818181818182,36.90909090909091,1024.0,768.0,0.2123892831741018,0.16302858354705344,0.777809766413218,0.09182907142983396,0.8605331273579386,1.5690338254685567,0.4753689241802574,2.084509542139849,0.9623266477211196,0.02237754690428312,0.9801285622436307,0.9595591021174903,0.013351646842497697,0.9723054792498662,1.0616037750705218,0.3567579568549957,1.5041731052435041,0.7582519207737327,0.06640656117326157,0.8198602325968503,1963.157738095238,2491.7616000664525,4603.344999999999,143.54973082243447,93.89256370282243,255.2123923606395,0.0,0.0,0.022427645596590908,11,3
recovered_archive1/52,1.0,56.5,1024.0,768.0,0.0208378885992207,0.01959418519180722,0.8510949488148164,0.0062537830998030605,0.8573993949684722,1.2562290962130656,0.05125442885497363,1.3121365343401135,0.9691142336984434,0.002915162454230234,0.9715694573716339,0.9702781183220125,0.002854456734550016,0.9729665508079378,0.9293611793611793,0.013121597027036955,0.936936936936937,0.8013838836439847,0.005946898909078124,0.8065324093606923,343.9583333333333,9.394424321550167,354.5333333333333,62.33799299251795,1.7291788001480395,64.27202016852367,0.0,0.0,0.00029775831434461806,6,4
recovered_archive1/53,15.333333333333334,58.666666666666664,1024.0,768.0,0.25593524035945,0.19975593219017793,0.7904285011871842,0.11092477481479107,0.8804928738953479,1.598233860094008,0.7844954531086564,2.0874698037541033,0.9587648460023274,0.030284989338399893,0.9806908338423937,0.9560202861091858,0.020307750865793662,0.9714506824807708,1.2202520680561442,0.49034160569474067,1.6740356054077428,0.7514087257929146,0.07616635095950781,0.8232352486367464,1469.9385620915034,2675.2651386804027,2621.1000000000085,123.74864544465679,111.10214443980006,203.4729844897654,0.0,0.008333333333333333,0.032370779249403216,6,4
recovered_archive1/54,1.75,42.25,1024.0,768.0,0.04312278956675508,0.04096499768636444,0.8392166701836601,0.04195628427865201,0.8706282362389978,1.3952063500132352,0.4174967602460994,1.8075077814626075,0.9765787932845862,0.0036672118207272324,0.9799867019778303,0.9574893230710735,0.0030188293518213596,0.9603596015479718,0.9574358270512708,0.08925701935404218,1.0321487430892535,0.7831085803840317,0.001416651561964839,0.7841187508895597,1387.1041666666665,295.67795678314434,1640.2125,137.7295844553907,16.465625706558818,150.89567632396725,0.0,0.0,0.003139019012451172,4,1
recovered_archive1/57,1.3333333333333333,37.5,1024.0,768.0,0.03491599368792351,0.032656823991868915,0.8599890379460764,0.0170774896161664,0.8769286458487258,1.2549649123297846,0.07914856210765762,1.329487467761739,0.9777378975649943,0.004931689110123168,0.982751747071575,0.9682784294118172,0.002774094115962055,0.9710010016225806,1.1241459005390895,0.1298729183751729,1.242937062937063,0.8024717189084447,0.009328690875555525,0.8108595254295886,617.5833333333333,320.48931252350803,939.325,83.30999273622035,18.438231954026946,101.95691552395618,0.0,0.0,0.0012840694851345487,6,4
recovered_archive1/59,3.5555555555555554,68.0,1024.0,768.0,0.06443987559421728,0.05769127377940467,0.783261544634403,0.08923669395645166,0.8547964558298421,1.7335989461407941,0.6505581839452109,2.431665271786983,0.9668461776558035,0.01593662401572219,0.9784067917787483,0.9613879979675409,0.012333325148843836,0.9711201197610082,1.414121980852904,0.36107011415407314,1.7808789946990935,0.7721434279064786,0.04985125574835979,0.8155439343670221,2279.0292517006806,3111.767898696641,5547.471428571429,151.98786241815512,123.32118134805093,283.56672631779725,0.0,0.0,0.010122016624168112,9,0
recovered_archive1/60,1.0,61.8,1024.0,768.0,0.013428401663695782,0.012685176243360696,0.7784782231678965,0.06395669003959523,0.8551208388999342,1.903064854817842,0.8066872390431539,2.7877946224234513,0.9653645128761887,0.009091781747344495,0.9752220241091664,0.9620815626230622,0.008723542923151023,0.9684415136706667,1.3677705902613255,0.5877752607713224,2.035932554840118,0.7759831020643818,0.027481154517137608,0.8017505438714793,1181.154761904762,1342.0854090837427,2940.516666666668,122.63107086417843,74.36027372540245,221.45425919784898,0.0,0.0,0.0025749842325846354,10,1
recovered_archive1/61,3.2,14.2,1024.0,768.0,0.21110446570972888,0.16574707995424107,0.8073309744567985,0.049261591929362886,0.8564391100929657,1.4465571499033496,0.2740181129752635,1.7562671507191185,0.9684929452775509,0.01223840445896049,0.9776939367437847,0.9597840178261264,0.007348354036720846,0.9663502198391782,0.9933177659965879,0.24745367216227285,1.2444787466169045,0.7776546635679453,0.036900665408409264,0.8116790327170087,1392.6436507936507,708.1108065269432,2163.3444444444444,134.98251384169532,33.812156204512036,170.77091541018044,0.0,0.0,0.0056258519490559895,10,3
recovered_archive1/62,6.090909090909091,58.36363636363637,1024.0,768.0,0.09763457474211484,0.07874889568999727,0.7805685902432498,0.10002367323344996,0.860059838673361,1.6764455514013594,0.6576850130266014,2.3171446699515066,0.9658008222701764,0.017451036126637173,0.9791206847174574,0.9592460087755665,0.00865076478896756,0.9669453302062602,1.1441046763928893,0.4617558521255964,1.6302873459296507,0.7562493699694147,0.05796906133699548,0.8091072064310627,1318.1452991452993,1490.728203701882,2664.425000000001,127.06875744415984,62.80743247434975,190.01748006712086,0.0,0.004807692307692308,0.009852785052675188,11,3
recovered_archive1/64,6.4375,74.8125,1024.0,768.0,0.1535473167442886,0.10092010652164148,0.7934530738381999,0.07601106667652065,0.8562598951431062,1.472085764176752,0.3161425063380687,1.8474964981372164,0.958669624013854,0.02555355303380531,0.9766687559176922,0.9589209979381562,0.014414466938462258,0.9705120470476062,1.1896282569452103,0.3025319965992006,1.5001888075700176,0.7478971033904852,0.06940677594904496,0.8087846973329252,1242.9623260667904,913.0348552031513,2359.3107142857148,118.38593786543069,59.89649394165366,190.68200977954854,0.0071428571428571435,0.016071428571428573,0.010451475779215494,16,1
recovered_archive1/66,0.7,51.2,1024.0,768.0,0.014599987261474498,0.014219608030869208,0.8423251061951724,0.005741129316129763,0.8469180096480763,1.3404876221400004,0.09648374369075836,1.4176746170926071,0.9742285880432607,0.008307662168135471,0.9808747177777691,0.9595468444494903,0.004493173396526449,0.9631413831667115,1.2526151440023392,0.10551948051948053,1.3370307284179237,0.7806731793798886,0.020164642456309122,0.796804893344936,3293.125,924.625,4032.8250000000003,195.8779400082328,21.8339285562447,213.34508285322855,0.0,0.0,0.003988202412923177,10,2
recovered_archive1/67,16.25,14.583333333333334,1024.0,768.0,1.142650618657652,0.5065152298633101,0.7777733029989928,0.10117920913963739,0.8578787390766066,1.5894649104747316,0.6431836547953511,2.0490835302473784,0.9595356907158316,0.038309313636365326,0.9814897771857529,0.9546432315124947,0.01646321536456913,0.9676916452624303,1.1587076122257765,0.391305809945478,1.5763973651154908,0.7344952492506064,0.08380605424896133,0.8054471577498257,1977.076265012526,2794.3009076872945,3120.8125,157.85491257253636,105.22173346495009,228.7342398844564,0.009375,0.005208333333333333,0.039873600006103516,12,0
recovered_archive1/68,0.5,56.666666666666664,1024.0,768.0,0.01221451391615884,0.011922799422799423,0.8243025968038133,0.0,0.8243025968038133,1.1652321594896164,0.0,1.1652321594896164,0.9642609433881653,0.0,0.9642609433881653,0.9533228191369684,0.0,0.9533228191369684,1.00606748139363,0.0,1.00606748139363,0.7688976955747475,0.0,0.7688976955747475,2707.0,0.0,2707.0,194.624049908714,0.0,194.624049908714,0.0,0.0,0.0017210642496744792,6,3
recovered_archive1/69,7.25,41.0,1024.0,768.0,0.19409799970144798,0.14785622271296578,0.8297329715649583,0.04711073060828721,0.8643875885460744,1.305172184940917,0.16635383187841146,1.495410019395012,0.9757504118892052,0.01336757284243621,0.9826392322115908,0.956911285593316,0.007944434611999793,0.9642048021011377,1.0986021323571036,0.2394622023534053,1.359309946727131,0.7682829437377655,0.04414654834525481,0.8098423804556927,1959.702380952381,1151.448869862563,2897.05,159.85922845715092,55.04839918318799,204.7801261383026,0.0,0.0,0.013692537943522137,4,2
recovered_archive1/70,7.25,104.5,1024.0,768.0,0.07128084554661444,0.06493214100605041,0.822120515976426,0.07694275733890059,0.8763790224912791,1.336720774708123,0.32399176459718665,1.6576736686778033,0.9688688412648953,0.024712878217546867,0.9816003466337057,0.9573952698140242,0.009042251603301379,0.9647193513293586,1.0711336964567046,0.22679931360463523,1.3145688001395186,0.7654898326220597,0.05115229640846822,0.813543523448192,1367.8967803030303,1221.480922827232,2553.675,135.27674751332998,67.01349914471409,205.6938779648762,0.0,0.022727272727272728,0.012121359507242838,4,2
recovered_archive1/71,2.4285714285714284,42.42857142857143,1024.0,768.0,0.06786262104585086,0.06177112224200025,0.8123126943444525,0.030304563848483124,0.8380128445926687,1.5884900344612414,0.1919626133189227,1.7535076534943606,0.9742647169301347,0.005383099311489936,0.978958309239727,0.9629026339340482,0.006839071665032459,0.9692949573783448,1.0325314626231323,0.12409726748207779,1.1402891833471613,0.7835149868972167,0.037536302584142776,0.8199129759256315,3137.6111111111113,2608.930164362539,5311.425,154.07017789778618,70.84072948239337,215.4964152464012,0.0,0.0,0.007653917585100446,7,1
recovered_archive1/72,4.555555555555555,108.33333333333333,1024.0,768.0,0.041356417392398793,0.03918799355527518,0.7922183438962611,0.05065542661154523,0.8368062549424918,1.42204965892685,0.18391928376642427,1.6147001111499577,0.9623092174140572,0.016604682849949995,0.9748226080193793,0.9566451704052059,0.00942379576173027,0.965445569083966,1.1899725769164264,0.23693611021786834,1.4396208496731069,0.7431591099891645,0.049693475893385505,0.7894834504590948,986.2393518518519,598.4620592229959,1659.85,115.69813291303922,35.152037261685344,155.3865960209531,0.0,0.0,0.006885881777162904,9,2
recovered_archive1/74,18.5,48.833333333333336,1024.0,768.0,0.5104145448047888,0.32196296779840766,0.8223387653658237,0.06773364064570804,0.8725238574430635,1.3424942287647141,0.2606514406671891,1.6046588921082463,0.96933826713569,0.024054354355942765,0.9820390534353574,0.9564232165510255,0.011375565308956314,0.9653906754670533,1.1138985125136494,0.26306105683506703,1.3782510899964604,0.7713353694439474,0.04974549912284886,0.8163081057563909,1320.3328368787127,652.0151157655653,2155.041666666667,134.25202844113298,37.960307415521484,185.17949604804036,0.0,0.019371597270147995,0.029996024237738717,6,2
recovered_archive1/76,2.8461538461538463,72.53846153846153,1024.0,768.0,0.048132259352488695,0.04438798287722234,0.8241469219845498,0.035196853269793923,0.8538542759469631,1.3438635554009148,0.20573131345757065,1.559754218617869,0.9720095507576642,0.008525394862313998,0.9786333311051562,0.9600999241114718,0.0037312239815809087,0.9633448745347829,1.0500140747619089,0.1121482064215946,1.1531844556855517,0.7680016652143216,0.03099751132748642,0.7934248447186742,1318.5043956043955,586.4074771215418,1942.7846153846153,134.40442359779811,34.618357875827456,170.82602388300953,0.0,0.0,0.0050135392409104565,13,2
recovered_archive1/78,2.6,87.3,1024.0,768.0,0.029555437681430652,0.02739107255805548,0.811603726591124,0.030685041153422545,0.8398093768187906,1.5598034204598938,0.13517597005852214,1.6902395591460113,0.976879433534552,0.004964965017286427,0.981222761483168,0.9669773496119011,0.005060876468953433,0.9721211417449062,0.9745140211425866,0.13511942413586392,1.1051058201058201,0.7610540631939239,0.03336427789546862,0.7920658199029336,827.0652777777777,274.5643630899827,1068.0916666666667,106.40213458416751,20.937881273982835,124.89522480057842,0.0,0.0,0.0025106430053710937,10,2
recovered_archive1/80,2.142857142857143,55.42857142857143,1024.0,768.0,0.03993618325778669,0.0370377754747442,0.7571795634635926,0.06786968993784502,0.8224767436522703,1.6284282323386456,0.3533375135637752,1.962453882198648,0.9606779840311677,0.01832521864639448,0.974858336588512,0.9601549887627459,0.012616768333709331,0.9721563202710585,1.3033632852385462,0.3056325066492949,1.576005177618081,0.7318591605206126,0.04124597290670081,0.7724672325882003,689.4375,442.1870786181665,1128.95,100.59184698571273,38.519647231410126,138.9691521603648,0.0,0.0,0.0018551236107235863,7,2
recovered_archive1/81,6.5,63.0,1024.0,768.0,0.10859266173298787,0.0927665289826716,0.76267863392468,0.09757265157298396,0.8468461522663157,1.8409543319226023,0.8116485992985242,2.876228931943267,0.9589808459851717,0.02489905092083099,0.9776109319536904,0.9607443729325463,0.010421783329975391,0.971003720524854,1.2764764106485436,0.30276807206592204,1.600422994277291,0.744083722103602,0.07484244323727296,0.8138303766439287,1827.1874053623642,2524.3422020513735,4995.58125,134.3176220787139,93.24742807550594,254.36043007367937,0.028125,0.01640625,0.01642461617787679,16,1
recovered_archive1/82,4.428571428571429,23.571428571428573,1024.0,768.0,0.20041959738054813,0.1503542920742587,0.7763338050530065,0.08743163030673738,0.8641387550846982,1.5372215591663314,0.3738652932923349,1.9419191279392685,0.9691560497848426,0.013210671790738588,0.9809055556831903,0.9575550501230419,0.013730294843230484,0.9675088975945763,1.1335167592510562,0.4087980973229863,1.493874666173631,0.7358551051417157,0.05879613730525346,0.7972646335930558,2360.030952380953,3832.540829921316,5220.630000000002,155.54908658478007,117.1084412630311,261.5243937963895,0.0,0.0,0.014616285051618303,7,0
recovered_archive1/83,3.2222222222222223,50.22222222222222,1024.0,768.0,0.07322512773805122,0.0648721274303043,0.8452392226627191,0.026724575578958527,0.8715758707874638,1.3248195173697843,0.10185207797333927,1.4310641846480077,0.9722060755903271,0.009646068343142676,0.9814758441105138,0.9654454889259595,0.008647714107654556,0.9744821532765781,0.9756038499710865,0.12269330230137342,1.1060095195562112,0.793938289504816,0.03700142135827992,0.8344188700251187,704.2321428571429,540.5247905148797,1261.0142857142857,86.40362377254424,37.59877495976629,123.98275605729691,0.0,0.0,0.0029697418212890625,9,4
recovered_archive1/84,3.5555555555555554,47.55555555555556,1024.0,768.0,0.0947678448288766,0.08305830914526567,0.815702484372382,0.06927701171885114,0.870296574899197,1.4540764871727259,0.34820659096813666,1.8637642451889174,0.9703677277588897,0.00990906071432161,0.9792616809370845,0.9639484445736963,0.004673778637845242,0.968538046160341,1.1248450879747947,0.14934940781989647,1.2769741606733813,0.7622399248682612,0.05768355850896303,0.8088616722181349,1093.3244047619048,824.2070067559536,2048.88125,112.23475963125063,41.48881745582212,161.50023349615873,0.0,0.0,0.005603437070493345,9,2
recovered_archive1/85,0.8461538461538461,47.61538461538461,1024.0,768.0,0.01582021629065023,0.015275482111499393,0.7951089398746979,0.009240962867999034,0.8042993203634694,1.7413975775145547,0.01981857676385747,1.756819814707051,0.9768687889193084,0.004755160108921065,0.9810609922878216,0.9626102402684948,0.0022413747145241937,0.9645277928789671,1.621852496752887,0.02449772832234177,1.6482249985201256,0.7853649430971631,0.013125791416383517,0.7969282715557753,2090.875,146.46868650662432,2250.707142857143,168.0938181922747,8.927838430694333,177.9730291725879,0.0,0.0,0.0017286447378305288,13,0
recovered_archive1/86,4.4,36.0,1024.0,768.0,0.1357804796829187,0.11617282373096327,0.8247929614611553,0.0490406210255985,0.8615518178399585,1.53325680575513,0.46122492573828866,1.9855974293986969,0.9759384283313507,0.008576248963622685,0.9827188346325147,0.9662534760023833,0.005788750723552736,0.972273762002526,1.0136264519872917,0.2175805922553288,1.209001854995847,0.7898931955885254,0.03205055319283433,0.8256318425457181,1073.5175,737.0458769503324,1873.22,113.46807822105293,43.401567274565664,157.5224530192639,0.0,0.0,0.006086222330729167,5,4
recovered_archive1/89,11.4,55.0,1024.0,768.0,0.20680677538262676,0.16857559067477218,0.8483654835544684,0.025522190565015458,0.8734767735836189,1.2557423166298163,0.13351416341364875,1.415764349169375,0.9790179464079308,0.00687005591659743,0.984676099261599,0.9572779193723676,0.006109320195382789,0.9645774841039657,1.044668272042585,0.14030095859575945,1.2219203008000317,0.7744921489661412,0.0318892835976697,0.8045667036712333,2384.165064102564,1443.2309910603053,3939.7700000000004,171.3573649057258,58.345558372531265,232.39253521413826,0.0,0.0,0.030605824788411458,5,4
recovered_archive1/9,9.833333333333334,56.166666666666664,1024.0,768.0,0.3757999488274832,0.23871784203591984,0.8003270171162774,0.05585137641100896,0.8514921779190866,1.4593705097487704,0.1970927639592408,1.7268499800900912,0.9619332056120377,0.020892837244491824,0.9768665551303012,0.9625136141241631,0.009327876050757262,0.9728058124263587,1.0780735091948463,0.23349343365763223,1.3461052447977737,0.74179099470949,0.04953294201795675,0.7994874940479516,578.81221001221,427.6783381832347,992.7000000000002,87.92857324382504,33.7693819307251,120.96866153950607,0.0,0.0,0.008539729648166234,6,3
recovered_archive1/90,4.0,59.77777777777778,1024.0,768.0,0.0646148481147797,0.05802275401574296,0.8123896237197467,0.05604040898177604,0.855315813049764,1.4036322824004783,0.2690083652245845,1.759140875119374,0.9644929567943592,0.008271839548887334,0.972808785178502,0.9576918050502536,0.009683364326972286,0.965244056384966,1.1293426829345423,0.21666167624083071,1.369260122022187,0.7548498456242365,0.03331000448378666,0.7876335331664904,1326.2761160714285,1619.5020000912725,3877.53125,103.67152337411432,58.93845546669869,187.98853256037034,0.0,0.0,0.010257579662181713,9,3
recovered_archive1/92,5.5,84.25,1024.0,768.0,0.0657968675274988,0.06069911193457705,0.8069043660808614,0.051034625317391405,0.8400928773650909,1.4130300856940334,0.2688588553808291,1.629922369677655,0.9685999300897005,0.0080081238721247,0.9763474209178336,0.9584121983749945,0.0041525560420839075,0.9625828328404957,0.9854157649335398,0.2155861355820286,1.2184062351825509,0.751441226291555,0.055844048956488174,0.7975099388639666,671.2222222222222,427.1766351833929,1149.25,93.23638963692713,30.098134102497756,126.07590180780451,0.0,0.0,0.004827340443929036,4,1
recovered_archive1/94,3.6923076923076925,49.30769230769231,1024.0,768.0,0.08413373378908905,0.06185974612735948,0.7665955277686859,0.05245987577297468,0.8040081295226814,2.0448872325934437,0.3469755892663566,2.4123118296605415,0.9674365891651807,0.01172814992121532,0.976922614570146,0.9570599756725856,0.006247382281073625,0.9628842905397724,1.30795132242246,0.3545940030584573,1.659359117101923,0.7359085072222138,0.03646473067161186,0.7762904644886109,5137.95965320911,883.0921208807331,5715.825000000001,240.91261054152721,38.12464498047026,271.7208885192184,0.0,0.0,0.01004483149601863,13,3
recovered_archive1/95,17.333333333333332,56.5,1024.0,768.0,0.30413619650907786,0.22759291462044406,0.8106705017640481,0.08194076596812554,0.8680508092130782,1.4084429513070944,0.3843398177861585,1.7498508954218603,0.9675879682078109,0.024765741448950346,0.9820138549877416,0.9577750615529942,0.009221312182203944,0.9686281951862905,1.0667405954277325,0.3234604654695025,1.3854766600046526,0.7534499233519011,0.06761843184176297,0.8074164436888668,1230.7409657994335,937.2346341146159,2363.0,128.7784755776531,53.72695480140956,192.2795657827421,0.0,0.015151515151515152,0.025802188449435767,6,4
recovered_archive1/96,2.5,56.5,1024.0,768.0,0.043435534591194966,0.03916666666666667,0.839074512767835,0.036468082072221734,0.8703530020816452,1.2551905489768296,0.0567630281064392,1.321184360865658,0.9680242223004776,0.008945851778403999,0.9773488218169889,0.9646277234010918,0.012218725924355526,0.9759473453311153,1.0367607787952333,0.10112480386204101,1.1402222222222222,0.7924890936478886,0.051841820046195766,0.8423571341985665,570.0119047619047,556.7067390896613,1124.35,79.23740289728514,44.74858656692056,123.36437943888956,0.0,0.0,0.0015721321105957031,4,1
recovered_archive1/97,10.428571428571429,22.0,1024.0,768.0,4.465638288914151,0.41890010899111,0.7374560348223441,0.071700516048768,0.8043909246217993,1.6562473769015653,0.38442715852358944,2.0230523867167816,0.9616165823682358,0.013579142110220778,0.9731320611329987,0.9545840930763694,0.008366831717679027,0.9621196389476427,1.4031418401003581,0.32463689860715866,1.7797249643807616,0.687168019394551,0.056516093606587416,0.7398687868605022,1408.7638888888887,890.7619575177931,2163.2833333333333,145.13217426381433,45.15597138412959,187.9222064698614,0.0,0.0,0.015766597929454985,7,0
recovered_archive1/99,8.384615384615385,27.76923076923077,1024.0,768.0,0.28125059939684616,0.2114706988415088,0.8133560562894783,0.07474070738355762,0.874315899054401,1.5155685638017982,0.6386835914575377,2.0165547877610632,0.964945511614575,0.017571277522884482,0.9789493434609092,0.9652316811881892,0.009462887073208309,0.9768676869470044,1.217138590462032,0.3860248041338905,1.6281530603791314,0.7749380221984249,0.056097128942622344,0.8341718292176686,833.2649752956737,1428.8984038532417,1530.1000000000006,86.14396892304086,58.01238136600302,126.45186561584653,0.0,0.0,0.008835083399063502,13,3
recovered_archive2/101,10.833333333333334,18.5,1024.0,768.0,0.6517283950617284,0.382112819423234,0.7511625722791182,0.09809083600119162,0.8348815360971561,1.6677194909407678,0.5940219660881694,2.121797278155706,0.9567947648105282,0.02771726359589466,0.9767221793317334,0.9538780082613934,0.016001653032339778,0.9663967715326721,1.1020048043865194,0.37038205919987083,1.5715714192836707,0.7290743607078177,0.05580064064799211,0.7764950241724905,1693.4889941077442,1682.5618727702295,3706.25,149.40616706977534,79.9321142806611,246.0453906770949,0.0,0.0,0.022541893853081595,6,0
recovered_archive2/103,15.375,26.125,1024.0,768.0,0.6363926105832532,0.37632199264248134,0.7843743656206005,0.08418500719820256,0.8643277174835967,1.4621138992796614,0.3923017923238728,1.927590429874495,0.9668932260288284,0.02135084970810949,0.9822391948317558,0.9546818241409597,0.010265585812348363,0.9637872611055741,1.2228850707233205,0.408070577066032,1.6653830847881623,0.7401173574846983,0.06565217869807402,0.8115841111406074,2215.313012504333,2305.9069851105864,4362.625,169.90006150201413,85.46101352981741,257.67601538329467,0.0,0.0,0.04082568486531576,8,0
recovered_archive2/104,12.272727272727273,45.90909090909091,1024.0,768.0,0.2771318582999962,0.2094762746737104,0.8321607338066723,0.06253513343275127,0.8796929113597103,1.4026427829463293,0.3962772434552614,1.7571448348242498,0.9709347362189998,0.014327099441636433,0.9830230991439318,0.963109503082547,0.010032673697263326,0.9733885314371633,1.2259491527426245,0.3046951245085896,1.4538738863914091,0.7810184360777627,0.04879055498627624,0.82770680147371,1382.6216841372343,1094.654209125911,1929.4136363636367,115.84817106428672,57.19042296460866,156.24904490147782,0.0,0.0,0.013062910600142046,11,4
recovered_archive2/105,19.0,49.75,1024.0,768.0,0.6248184612606259,0.30635133743722603,0.767172468650818,0.12137843523251933,0.8701962779760518,1.672878779872723,0.6298097273760709,2.4188418462435695,0.9557912466415192,0.0325306208030607,0.9794081752505254,0.9592672549453254,0.0121500498915904,0.9710744104286725,1.3948724149016443,0.4807513236633553,2.004998339759369,0.7410739510763592,0.0879651097515289,0.8189861574093175,1086.6139421997757,1044.9564640579663,2308.920833333334,118.18880820270171,65.03515497675194,193.95678801913596,0.0033333333333333335,0.006172839506172839,0.02830823262532552,12,2
recovered_archive2/106,8.625,72.125,1024.0,768.0,0.13085198146698027,0.11245607327969946,0.7924792595444601,0.09125627926471988,0.8618961046652418,1.749042784217074,0.9938125547849668,2.430967628067211,0.9651564342360959,0.016566232489163127,0.9783946185875596,0.9637449977769497,0.006389204862126894,0.9710255956233423,1.3111005336504695,0.8261861495199697,1.9570428746787998,0.7538770217720949,0.04277968933124633,0.8017036546292237,573.3045454545454,373.71752427129036,909.1750000000001,92.69572416537552,41.01261394314226,124.31805909532991,0.013888888888888888,0.0,0.006915966669718424,8,1
recovered_archive2/107,14.9,57.4,1024.0,768.0,0.2939601750590657,0.21872550463900856,0.763184420318272,0.09600271093558525,0.8522435175210695,1.617706577972045,0.42314130525292415,2.0920000683449635,0.9578131097634002,0.02464505969583425,0.9773053597786212,0.9581435859979182,0.013480504226583794,0.9695523388815086,1.3075474906789142,0.38910298936896265,1.8312097809406551,0.7241633182235548,0.08370477937291455,0.8079612391856212,1004.4336416361417,1091.7259517077168,2340.415,114.20145965253104,63.61449773962939,191.33455039154882,0.0,0.0,0.02104670206705729,10,1
recovered_archive2/108,2.6666666666666665,48.5,1024.0,768.0,0.05485995944200278,0.05093982559743173,0.7630428038630455,0.08869234839414339,0.8422377899453366,1.8927925376451782,0.7444067335456384,2.6535742574851766,0.9460985083536467,0.0369458804098501,0.9774346279186898,0.9513705511612862,0.012949034288268699,0.9626380951468319,1.5517244271763238,0.3859039272293163,1.936007858058724,0.743041493010911,0.07249747887000806,0.8037815088289882,1984.3333333333333,1008.7513293690652,2987.69,187.91132265144665,66.7530515153721,248.22774157225248,0.06666666666666667,0.06666666666666667,0.006901741027832031,6,0
recovered_archive2/109,4.6923076923076925,38.07692307692308,1024.0,768.0,0.14140073631302483,0.11545821965729076,0.7910149160786183,0.05231323045213568,0.8422015656144463,1.4571177408787634,0.24974205530990892,1.7314998065499088,0.9685809560620163,0.013460283707400872,0.979230388595592,0.9611971691144535,0.006578304320475492,0.967554083971356,1.2081157330493932,0.17866422161571052,1.4000730672444581,0.730865931300983,0.046841994199445076,0.7837438273183824,1336.1812786960515,1256.7433971895186,2790.9500000000003,125.81871119395532,54.58024200456048,186.88249497205578,0.0,0.011363636363636364,0.009677935869265826,13,3
recovered_archive2/110,5.6,42.2,1024.0,768.0,0.1433001227156015,0.10543919011090346,0.7922426388014183,0.04549522020034889,0.836442615588012,1.4462514147809606,0.19081079410123392,1.659787403342241,0.96589941343816,0.013576301174332166,0.9772863475014422,0.9592907481607119,0.008039501359737494,0.9652134513382996,1.1318453962616501,0.22910822993181185,1.3732122102163176,0.7477151344395521,0.04211700354518443,0.7868481518311558,2155.897946859903,3152.9023513603515,3428.8111111111093,142.20295259347816,87.13559387885614,206.51212591034817,0.0,0.0,0.020324261983235677,10,2
recovered_archive2/111,1.4,54.2,1024.0,768.0,0.028777920475435016,0.026867110799438987,0.8595104779619036,0.025330194137831788,0.8773469186552219,1.2401199454794503,0.089069407664014,1.3389860169996195,0.973420411102342,0.010648828763607898,0.9807774102409671,0.9628374166368673,0.006994430535205859,0.9676511548462395,1.0140008140008139,0.10643092377252772,1.1183760683760682,0.7890062051908174,0.03388019425208943,0.8168072289770082,1895.875,883.9935624936908,2768.2999999999997,133.99316369738258,42.346687858079584,173.7841845922842,0.0,0.0,0.005131785074869792,5,2
recovered_archive2/112,6.888888888888889,31.666666666666668,1024.0,768.0,0.20985552603199664,0.158198371757269,0.7565341112418665,0.0713429749002011,0.8183798491026013,1.8564558762432712,0.3787080942463588,2.2961584633788914,0.9624938737202585,0.017317196705792938,0.9757796628944391,0.960878660256721,0.010539468730110857,0.9706014397321986,1.1680221258732868,0.3678009756021598,1.6024335985323843,0.7510171004380652,0.05029136238604296,0.7959542859644093,3102.567978395062,3259.2889841638425,5532.772222222223,169.05032209032186,90.94555697503834,261.44366910290387,0.006944444444444444,0.0,0.020967059665256076,9,0
recovered_archive2/113,6.75,23.875,1024.0,768.0,0.3876268077609295,0.20675968512655818,0.7953776546277685,0.09265781326849314,0.8649388781128672,1.560874951586486,0.5461374746769472,2.1408943884810703,0.9605679864416475,0.03479736057374334,0.9824328240110595,0.9548640103172358,0.010574670301425278,0.9635511751864808,1.2952639340170624,0.35639132534359713,1.6833584512554882,0.7482898793049094,0.06306471819370149,0.8035732798149794,2040.2767736649314,1091.495340883336,3393.3142857142857,174.6735749874299,61.1232220004676,248.31048429758513,0.03571428571428571,0.046703296703296704,0.018375396728515625,8,3
recovered_archive2/114,5.714285714285714,28.285714285714285,1024.0,768.0,0.216909917399896,0.1694742087801387,0.8070652193734489,0.04969757663402371,0.8576177107575976,1.378200870026286,0.2684554447072968,1.6359532985259981,0.9655454128786584,0.014559734594701773,0.9789722251358662,0.9612782808652897,0.008823344091022162,0.970595369904169,1.0874305185696485,0.21469716346570603,1.2888888851209033,0.7522797140818879,0.04719186675885966,0.8007265005690599,777.0538961038961,779.1710164063818,1481.5499999999997,97.13944026518594,47.345999553660654,146.89324460279,0.0,0.0,0.006543386550176711,7,3
recovered_archive2/115,11.181818181818182,62.09090909090909,1024.0,768.0,0.2156443830170332,0.16462939227560972,0.7931824908575671,0.0879677513848344,0.8720224815089619,1.4944493842738895,0.3865448892521092,1.8597765933617727,0.9617783614076792,0.027378355862274894,0.9817958537767726,0.959307494037331,0.01105075952502399,0.9691927096012705,1.2293143622530531,0.40120534436419214,1.68027938232895,0.7505932978884322,0.05413282151698544,0.8035482181110174,1103.8015944773827,1026.5993677567371,1965.375,117.70837143809437,58.88812191976797,176.76329788536353,0.0,0.014166666666666666,0.013739556977243135,11,0
recovered_archive2/116,0.16666666666666666,55.0,1024.0,768.0,0.0026455026455026454,0.0026041666666666665,0.7906308606562401,0.0,0.7906308606562401,1.4972564984420373,0.0,1.4972564984420373,0.9489051094890513,0.0,0.9489051094890513,0.9676963419237535,0.0,0.9676963419237535,0.7272727272727273,0.0,0.7272727272727273,0.7386363636363636,0.0,0.7386363636363636,65.0,0.0,65.0,32.14213562373095,0.0,32.14213562373095,0.0,0.0,1.3775295681423611e-05,6,2
recovered_archive2/117,2.375,22.625,1024.0,768.0,0.07879032258064517,0.061778846153846156,0.8152599310086446,0.032731128630941776,0.8499511028889062,1.310515198998717,0.17446573104233018,1.4997357883043714,0.9724414906659805,0.0052478049116015425,0.9780536260016083,0.9592293035811869,0.004526091144204168,0.9636697353877092,0.9089073406099528,0.14854426061952988,1.0937010822753999,0.7392989713062117,0.03066240538628237,0.7678841664943227,804.8148148148148,347.27396155732845,1199.0666666666668,107.37628661125677,19.88377519823509,131.4868493786294,0.0,0.0,0.0027723312377929688,8,4
recovered_archive2/118,4.875,59.1875,1024.0,768.0,0.18439418415857248,0.09651714727200966,0.7957974213637632,0.07853165842198978,0.8607668090574179,1.5703460906603504,0.47564965730660125,2.0314739349113986,0.9704285729896825,0.01618492859392068,0.9823473729049707,0.9582604559220217,0.0066620142478356825,0.9653766544777421,1.1646336218138722,0.3060091214253283,1.4253417511408761,0.7494384174366034,0.045291579908805515,0.7922332400115754,2293.744603174603,1275.908101959695,3458.896666666667,167.23933064580606,57.541714339562525,220.57443613279983,0.0,0.0,0.01035793622334798,16,1
recovered_archive2/119,3.090909090909091,59.18181818181818,1024.0,768.0,0.07037301989761423,0.06075041475679204,0.7974499694649434,0.08874910182838905,0.8666887193302453,1.6612649933800083,0.878871901933822,2.5319280493898524,0.9648403293783381,0.020417861025416317,0.9811778513914527,0.9579578202439469,0.0067151451827277865,0.9643187989342553,1.2022017568224994,0.3041631512137577,1.517993397285133,0.7439418600010168,0.055245407775202884,0.7923414530936916,1556.207738095238,1044.175416931318,2821.7250000000004,140.34393090057299,52.864007367932466,201.4690042307233,0.0,0.020833333333333332,0.005913127552379261,11,2
recovered_archive2/120,3.2,36.0,1024.0,768.0,0.11623121976063153,0.08591269841269841,0.8141628790722857,0.05951028534115441,0.864166727945141,1.3750962402398255,0.22148497306450787,1.5674136861668284,0.9651162828581997,0.010437219429174192,0.9749371056823434,0.9554028595679963,0.01160265561296408,0.9646219320055901,1.0271991911659124,0.2526270578125192,1.294645137748586,0.7496382301368598,0.04267596546464847,0.7826793997946165,1049.5,880.5687361589265,2332.7166666666667,112.46119762457272,48.63229213890062,171.2533885404758,0.0,0.0,0.006236012776692708,5,4
recovered_archive2/121,6.333333333333333,16.444444444444443,1024.0,768.0,1.090280479754164,0.36780081164139133,0.789163917450268,0.08537182717947174,0.8590999671797506,1.6007652016174942,0.48600210027018953,2.155021550577266,0.9672574828087724,0.01973097022779562,0.9814527810729525,0.9571091450978604,0.00841341226773556,0.9648540698837802,1.249499505993178,0.33457303517773057,1.58467694695693,0.7584868208221215,0.062355683309348583,0.8109469617529277,4277.793190836941,4862.435996099877,7287.675000000001,208.34274657903646,134.21395356188512,318.1696751706281,0.0,0.0125,0.02789857652452257,9,4
recovered_archive2/122,0.5833333333333334,59.416666666666664,1024.0,768.0,0.011228639353639353,0.010991073268802143,0.8132299697446337,0.0,0.8132299697446337,1.5588835638750513,0.0,1.5588835638750513,0.9681668645920888,0.0,0.9681668645920888,0.9652636476815604,0.0,0.9652636476815604,0.959905511577244,0.0,0.959905511577244,0.7679603276108021,0.0,0.7679603276108021,808.3571428571429,0.0,808.3571428571429,99.99609354136145,0.0,99.99609354136145,0.0,0.0,0.0005995962354871961,12,3
recovered_archive2/123,4.571428571428571,49.142857142857146,1024.0,768.0,0.09757818459191457,0.08388808983227632,0.8041515419278937,0.04748278495005764,0.8503029726020587,1.5120789778082024,0.2787003431040795,1.7879166212016437,0.9728177080129965,0.00818916324849202,0.9796943189920463,0.9587250482820924,0.004195556508426692,0.9627119201402233,1.2490228744108542,0.2397604327984121,1.486223945417347,0.7647656436245985,0.023085632266480655,0.7843289793426015,1821.5489926739926,782.5625931473357,2645.2999999999997,153.60692480530196,37.18141315167203,190.36872181272838,0.0,0.0,0.011896042596726192,7,2
recovered_archive2/124,1.75,43.25,1024.0,768.0,0.038550137004042306,0.03503540866585661,0.6864705157954915,0.0515022736248841,0.7291261806232963,3.0626012302738297,0.654502615305525,3.599843527956169,0.9659665208533376,0.007321186518355814,0.9722082036663752,0.9608804970561541,0.004107108602488084,0.9644303344616221,0.8906658292187951,0.09458547891790403,0.9820471911739302,0.7326586459037757,0.01924132015246981,0.7492235768922818,5428.863095238095,707.9767000584658,6011.125,295.8023559256594,37.015988740118466,326.4518529254896,0.0,0.0,0.006657203038533528,8,3
recovered_archive2/125,16.75,66.0,1024.0,768.0,0.26564475279423694,0.19051273756468254,0.8243230054912436,0.051759642232471995,0.8704915975472415,1.397929880896034,0.306985145522503,1.7356216500697685,0.9722630218321328,0.016348521303532104,0.9834185658577705,0.9600736501295387,0.010389858935923915,0.9707341690864392,1.0559743292677595,0.22806388080470325,1.3127724658390771,0.753245229490112,0.051968457065532374,0.8030068548368592,1171.7995414385075,793.0762276634116,2098.44375,125.6908208863975,47.511321727225074,184.05957870844142,0.0,0.005434782608695652,0.02586078643798828,8,3
recovered_archive2/126,5.5,37.166666666666664,1024.0,768.0,0.14695108812755872,0.12420711047959924,0.7759702578916391,0.08473268605119734,0.8657652990528897,1.6387576839707154,0.584918197102913,2.345841006597639,0.9609152176004074,0.025745908025302463,0.9796180070486077,0.9577131229013035,0.007991853993797033,0.9665625716810129,1.269752555251752,0.5259656544550293,1.8867712998342852,0.737927479956141,0.054256510936519176,0.7854064987091088,1666.437518037518,1292.0989335934999,3178.516666666667,154.47105942837229,73.32861662282865,237.18841738302024,0.0,0.03333333333333333,0.011678165859646268,6,1
recovered_archive2/127,1.7272727272727273,56.72727272727273,1024.0,768.0,0.022629474085784765,0.02101747338436755,0.7645372468553208,0.03058702473114161,0.7933664322187518,1.7407697914125404,0.28006201313353446,2.1086647743664693,0.9784234652773639,0.0021629640349879998,0.9806636471094398,0.9517762895692745,0.0020957305999950277,0.9549575895869443,1.4946305644051607,0.10872301709926686,1.581097213558282,0.7589446586209441,0.015265065047824253,0.773314470293772,7521.6057692307695,631.7401401753572,8642.791666666666,328.0787742869113,24.415098949850687,366.9893612794404,0.0,0.0,0.010136459812973484,11,2
recovered_archive2/128,5.333333333333333,80.66666666666667,1024.0,768.0,0.06111044391804361,0.056484439178898206,0.8115303868384189,0.06538706468537529,0.8682219912344774,1.5717821296038335,0.42781215545697426,2.0988185324343913,0.9682688944013685,0.02237878336122705,0.9831618407193901,0.9592925829359641,0.00943670724040588,0.9666819370304774,1.247173516784269,0.3632595323337897,1.8121712236757046,0.765869922319958,0.0525865074224911,0.8159087094362968,3659.4239672364674,3701.7936133868757,7312.708333333333,180.29750515449174,101.0366901630229,285.1072497549355,0.0,0.03133903133903134,0.0163929197523329,6,1
recovered_archive2/129,11.0,60.25,1024.0,768.0,0.18869693947375019,0.15671148161221393,0.7940962492674597,0.06673084085280942,0.8536054100528923,1.4848280692290592,0.3061151550832745,1.8503875065084288,0.9676779357723203,0.017187387874132175,0.9805352542831027,0.9585068809140441,0.010500373040914949,0.9685214223750362,1.1135792586968736,0.2732767817153714,1.378037997396365,0.7233225558015105,0.060844275919297724,0.794434177372473,1208.9053396358545,978.771243858314,1930.3124999999998,128.60570291951615,47.66754197609596,168.519844764064,0.0,0.0,0.015552123387654623,8,1
recovered_archive2/130,2.125,70.8125,1024.0,768.0,0.03353686564435527,0.03175329854027051,0.7050569466742094,0.09736574513973797,0.7863760258937968,2.3036480942175674,0.9282081206753876,3.17988955877336,0.9534399825526585,0.021091476033257898,0.970065362684077,0.9567395847942025,0.006174853683233484,0.9622149165501034,1.270996750179947,0.30413203929347143,1.5573084684226937,0.7107868924452074,0.0642060380646596,0.7622969370205711,3260.198717948718,2647.2808775539315,5473.923076923077,187.95012756461665,98.46971193778487,275.5701131024648,0.02564102564102564,0.0,0.007435719172159831,16,4
recovered_archive2/132,3.357142857142857,51.785714285714285,1024.0,768.0,0.08528628914310721,0.07204874593721604,0.7561602389497643,0.07078748419309422,0.8233703899861785,1.7378413608521224,0.32076964103962113,2.1100187759967692,0.9456651108772967,0.02913433498180813,0.9691243995944727,0.9580115657249724,0.009769594089403052,0.9669968109022775,1.269536683271752,0.25004200257995335,1.538554827374709,0.714502361827215,0.049282161402718794,0.7565232006736183,2880.3675757575757,3888.5443432717343,5711.56,151.8896455304827,89.06922143302769,231.25687070959958,0.0,0.06666666666666667,0.015108063107445125,14,4
recovered_archive2/135,1.875,85.875,1024.0,768.0,0.02279331140350877,0.022007891750261528,0.7962713060136585,0.02579652000398942,0.8158988570824826,1.4230488989909214,0.07341359278160116,1.5011649072824313,0.9653695294831256,0.003179308884002644,0.968237399210829,0.9567965876220369,0.002615550657444041,0.9595077951788801,0.9092844647503524,0.15127681921199568,1.0641317525991203,0.7408006302466957,0.022808336158554366,0.7601690124364103,774.3402777777778,183.9382828018106,959.0500000000001,106.76725683347695,12.677482061037134,119.28153672641493,0.0,0.0,0.0018846988677978516,8,4
recovered_archive2/136,13.071428571428571,97.42857142857143,1024.0,768.0,0.13248163593107168,0.1141971328664646,0.7783193285706961,0.1053571810491996,0.8668016166978875,1.6323549862920514,0.6675023501699453,2.4301668972235304,0.9638518769327481,0.02525497274164395,0.9809927604795667,0.9583218278933033,0.01276376011097157,0.9704401242289141,1.3475794030676311,0.5022404263614387,1.8965664789360486,0.7607185089134161,0.07523070117407536,0.8336242229080391,2114.8837984574734,2353.651977616901,3790.9464285714284,159.75271982016147,95.07804956419064,245.57792400310544,0.0026455026455026454,0.010902031063321386,0.03186648232596261,14,2
recovered_archive2/137,19.2,22.8,1024.0,768.0,0.931290078644888,0.45383796022246525,0.8180832161437287,0.07392082999736203,0.8792760326576005,1.3558321229405228,0.2881048195234294,1.7017198280368617,0.9648082974034338,0.023276294456850703,0.9817817597622274,0.9598555460938613,0.009504006636623838,0.968244637935307,1.16885015324888,0.23930603534512113,1.4334990422561094,0.7560342042820859,0.06736676598311739,0.8189682290374332,1047.9645454545455,803.220911499599,1444.52,110.39422549003011,40.02513381123799,136.04799559071444,0.0,0.014285714285714285,0.025945663452148438,5,2
recovered_archive2/139,6.142857142857143,36.42857142857143,1024.0,768.0,0.34100581066873203,0.20329205416161938,0.7501371707300539,0.12461581351368833,0.8472285516267092,2.105971543153496,1.3855150599113888,3.579327110646717,0.9682526752219821,0.011680290374763454,0.9787964109995861,0.9602092710115411,0.008265674625672549,0.9685417490148842,1.6396648506299625,0.9646345872674137,2.630026876011964,0.7685515756922917,0.03649442493551062,0.8039439063801838,1455.6167582417584,1024.2572989742255,2577.9500000000003,151.98167287500772,71.89058674297435,230.84342498257158,0.03571428571428571,0.0,0.012445449829101562,7,3
recovered_archive2/141,0.75,63.083333333333336,1024.0,768.0,0.014020988746371539,0.01350198707970461,0.8027646247835406,0.0213455205297445,0.8210569406215996,1.5385510396633741,0.14160746585058726,1.65139309688937,0.9732387229160825,0.0036251262394808256,0.9765157418552839,0.9637371608337965,0.002276552888856923,0.9659886684374436,1.225535364164553,0.1010902163328874,1.3100979439857536,0.7883235916513033,0.012037241556834244,0.7999376336331614,1103.2916666666667,72.17723399114699,1160.125,120.41938626133492,5.580452736267645,124.65004683193418,0.0,0.0,0.0008381737603081596,12,4
recovered_archive2/142,22.583333333333332,41.75,1024.0,768.0,0.6497860183061278,0.37398592621819926,0.7704749264685921,0.11075382300489338,0.8631613440232581,1.752689389785467,1.1096901730014517,2.176100984863296,0.9608591632354617,0.026568133204008842,0.9813175228379184,0.9591604290513681,0.0135452618057593,0.9729564539309753,1.497618488989157,0.8508444221740438,1.912372121098296,0.7542151944077559,0.06986226643340511,0.8241210655089487,1236.8881020721526,1588.1526407063332,2470.4875,125.96225074791481,87.99206087672997,211.03228163114048,0.012077917662372985,0.001937984496124031,0.034904426998562284,12,0
recovered_archive2/144,2.6666666666666665,109.33333333333333,1024.0,768.0,0.023666142460110673,0.02284487525235117,0.8192551119011734,0.036748430463322546,0.8514118464511613,1.3631602587110887,0.13791237143558183,1.5324044639575538,0.9675665433437702,0.010131419557492352,0.9755537336501092,0.9564509092376047,0.0035448862070214878,0.9604796200283755,1.170114818271415,0.10462823589297603,1.2957763373708127,0.7590778306256377,0.03137848087279511,0.7840193100294782,1405.4111111111113,172.19325280588296,1604.5,135.46957022644244,16.384417169953323,154.01697201258668,0.0,0.0,0.0029898749457465275,6,2
recovered_archive2/145,6.444444444444445,53.111111111111114,1024.0,768.0,0.12118978214791827,0.09707896506694189,0.8152219331162033,0.0427888501185473,0.8540653264295359,1.4068060768879596,0.2540126707955439,1.6683036042272728,0.9663853980256398,0.010476333262175347,0.9759995697192765,0.9592499020218481,0.006967442639119225,0.9656709621882092,1.2511619789226214,0.2699690139011106,1.5245140136398763,0.7742795953841979,0.028884208389695916,0.8019009663636808,860.368979978355,680.791039882928,1800.61875,101.26419698964239,37.711324038372275,150.79386264626027,0.0,0.0,0.010387773867006655,9,0
recovered_archive2/146,4.777777777777778,65.11111111111111,1024.0,768.0,0.09596182371034585,0.08231433922655608,0.7315943907541513,0.10082031760784194,0.8187788681599429,1.7645773424364843,0.5939009067785563,2.465886670117536,0.9592669236456803,0.019940345858292692,0.9735303927417933,0.9559924533267853,0.011570977587026141,0.9646696580060319,0.9193871797548432,0.25940820050614016,1.203812532228868,0.7107414199060413,0.07044319600875688,0.7825224581841009,2988.5535714285716,2626.2816826347535,6877.5375,198.19242684445655,88.4530243107504,321.5990537759461,0.0,0.0,0.021829605102539062,9,1
recovered_archive2/147,3.2857142857142856,60.142857142857146,1024.0,768.0,0.05317130735487734,0.049672042919825465,0.8318816292412404,0.046704655754679324,0.8703243775731674,1.3172114791236855,0.23568240191914722,1.585203759730558,0.9777131230091002,0.005923097799303473,0.9825104981847742,0.9585911109181265,0.003419438073103285,0.9614557827724344,1.178904678095367,0.1508794206030655,1.3021002458743811,0.7652424858517893,0.030777862987699408,0.789818501146223,1850.8531746031747,545.7011517062687,2376.964285714286,157.84316569147978,22.645856992295826,178.82840536984855,0.0,0.0,0.007993243989490329,7,0
recovered_archive2/148,1.75,82.5,1024.0,768.0,0.017362968454238296,0.015560029901918042,0.8049253919378908,0.03598407817739971,0.835661417145247,1.4326163484628551,0.1721277152317063,1.6629966906696123,0.9671234172667151,0.008329346995455353,0.975051661263817,0.9609839019698648,0.002783645717268343,0.9641955492868639,0.9802631389488321,0.14324197714445594,1.1452380952380952,0.7516597991570456,0.018310494257845217,0.7710393112131535,479.52708333333334,170.10547587142827,665.3874999999999,83.98185811672452,14.4751077280763,101.15673695708277,0.0,0.0,0.0013252894083658855,12,2
recovered_archive2/149,7.111111111111111,46.0,1024.0,768.0,0.17612024267365844,0.1432170913073302,0.7699357269840276,0.09573942109373297,0.8536290933391267,1.6159099064659985,0.49972769892330465,2.033571494345275,0.9617765015232627,0.028417532236971688,0.9812344791170801,0.9557717799300323,0.010542185268716316,0.9655497020980638,1.112031165674121,0.3604601112642296,1.4449458867927998,0.7402867526727156,0.07403312761305467,0.807913941618597,1892.6098484848485,1728.9142611577226,3038.7833333333333,162.7998209339505,80.81205887016378,223.72731108608565,0.0,0.03633557800224466,0.019022341127748844,9,1
recovered_archive2/150,3.4,82.1,1024.0,768.0,0.04968326686518514,0.04546950204369219,0.83828743128151,0.008851736254957847,0.8483130620885121,1.3835238204028324,0.0739572546666316,1.4689432226407892,0.978455730568575,0.002959842961434373,0.9818158282541686,0.9620219034869918,0.003414969073236913,0.9657520157781908,0.8973425593243596,0.05255037327018813,0.9550414204258258,0.7981818089461068,0.020416231273628318,0.8211985379041586,868.2770833333334,104.2007560303569,988.925,108.96761597903549,8.230417446023967,118.32620664052503,0.0,0.0,0.0028973897298177082,10,2
recovered_archive2/151,10.11111111111111,49.77777777777778,1024.0,768.0,0.20865345540277827,0.16571191755930048,0.8153024919644967,0.06704459070869151,0.8686019876436794,1.3653390662458809,0.2868939312728295,1.6299131466356855,0.9699256282992685,0.01729830649316622,0.982030532545235,0.9586623839913995,0.010920556534328541,0.9693009854043397,1.0930114174089716,0.23873208800178725,1.350166136043746,0.7601146029204513,0.04906465244088794,0.8105079446841268,1988.199478680361,1346.3072788398667,3294.6500000000005,149.1916766016887,62.08644060726144,206.4546776060596,0.0,0.0,0.028872878463179978,9,2
recovered_archive2/152,5.384615384615385,90.23076923076923,1024.0,768.0,0.06301072893450045,0.057579904011813204,0.820703762667049,0.0577367077081968,0.8693338748440919,1.3763938625932395,0.2514557533641654,1.6910379237619655,0.9683007657639485,0.013095402146722689,0.9782978645418905,0.959618915981415,0.007991898257046139,0.9668535445568051,1.2063666065781793,0.26017526106846023,1.5434574658102853,0.7801841988235987,0.04428001904505261,0.8248634365173876,1207.943571937322,759.2627098345133,1660.7416666666668,123.82371646064405,40.7029910755972,154.93397538817888,0.0,0.0,0.010242657783703925,13,2
recovered_archive2/155,1.3333333333333333,116.66666666666667,1024.0,768.0,0.011197148475909538,0.010991509828817012,0.8286899172980087,0.026816953616752064,0.8522772681055297,1.3507975322902177,0.20960490611863086,1.5316151264677864,0.9756087566620024,0.0023743047237977572,0.9776502254430925,0.9655258606652724,0.0065915079262466245,0.9713350830625409,1.0856821691380516,0.13451510265431324,1.2037409404321169,0.7968319991642013,0.04655841795728961,0.8356588957077185,657.4375,163.91424895869432,792.7625,96.52128722838142,10.923370848429599,105.55734662252375,0.0,0.0,0.0010699166191948785,6,0
recovered_archive2/158,3.75,43.083333333333336,1024.0,768.0,0.10145819706697472,0.08600508139436502,0.8307319743199435,0.03682653182395018,0.8555940428026737,1.4921044571975182,0.32802386837956693,1.8107316693399214,0.9756388133918604,0.0050337918877974225,0.9802241119097356,0.9636488983998892,0.005717783141322639,0.9693252718366206,1.3457848996480513,0.27398131729472086,1.6138191222616804,0.8029093993188574,0.02075485863814375,0.8244155502120795,1191.9652056277057,304.1786719428664,1523.2318181818182,113.11140927740013,21.536311969566793,134.7086717091272,0.0,0.0,0.0051042768690321184,12,4
recovered_archive2/159,0.2857142857142857,22.142857142857142,1024.0,768.0,0.008432539682539682,0.00819000819000819,0.8190692688187673,0.0,0.8190692688187673,1.5579162108523186,0.0,1.5579162108523186,0.9876580928683316,0.0,0.9876580928683316,0.9693675358368167,0.0,0.9693675358368167,1.1689189189189189,0.0,1.1689189189189189,0.8551868140868142,0.0,0.8551868140868142,4257.0,0.0,4257.0,249.39696961967,0.0,249.39696961967,0.0,0.0,0.0015465872628348215,7,2
recovered_archive2/161,9.444444444444445,58.888888888888886,1024.0,768.0,0.19145240551005044,0.15322339306935048,0.7900258470525068,0.07219263341016884,0.8591618965391838,1.4560527396087153,0.27236640642630316,1.7414544336241649,0.9548653985470339,0.024392818725418073,0.975939438698719,0.9573089143249468,0.011652301033739865,0.9690811960840675,1.1134741539653608,0.29880791413431484,1.4837260418115588,0.7477535041778379,0.0648408382466415,0.815322622768124,918.6128812636166,605.2930105670691,1841.005555555556,101.89162584859939,36.765163706389885,155.34888478732157,0.0,0.013888888888888888,0.009442788583260996,9,1
recovered_archive2/162,22.526315789473685,54.94736842105263,1024.0,768.0,0.4661911886590408,0.28567287144090625,0.7867885110274383,0.0984234521813725,0.8711442488270722,1.5229334276063653,0.5476438164337818,2.017813719820174,0.959507972943015,0.030504164649977728,0.980277631962457,0.9573096777798263,0.014451423824869697,0.9692331693887555,1.180015951569429,0.40008721094441185,1.5200848564332143,0.7469845324108926,0.07502185997753393,0.8186747281491555,1277.4179952255504,1426.9344270919007,2867.331578947369,126.47416113506674,69.24425029714875,214.91894839450205,0.0032926892010083863,0.0040901373668776045,0.04133077253375137,19,3
recovered_archive2/163,6.75,37.75,1024.0,768.0,0.7836981839390561,0.32757153952438056,0.7429232185420851,0.07992743474257417,0.8159257952150212,1.7384478193213326,0.5374143180285029,2.2270387963162452,0.953704221802294,0.03207981985160805,0.9789988653318837,0.9558052747998453,0.013473076261652029,0.9679035990028999,1.0139736622856796,0.2905325256853624,1.3292668290094507,0.7313944367880983,0.0766238131014451,0.8052763252132867,1818.0474702380952,1760.9333582501677,3138.96875,155.95747989153512,72.74244077405409,220.9304003337912,0.0,0.041666666666666664,0.013577143351236979,8,4
recovered_archive2/164,11.0,23.25,1024.0,768.0,0.5361786570218734,0.3123388042255255,0.8050151986586112,0.0780488936680095,0.8638453013797113,1.4552915456593805,0.43063857226619046,1.814763005384727,0.9677219679534071,0.01749327620072515,0.9807454339064715,0.9588562725070237,0.0085140290255002,0.9672341099314141,1.0545997031016106,0.3611728313995531,1.3905475726809347,0.747598309495681,0.04959741316967501,0.801096018625659,1114.588708576998,1060.3764220928908,2417.1366666666668,117.43747163208224,55.528466547382514,183.68773100940732,0.0,0.0,0.0163345734278361,16,3
recovered_archive2/165,0.375,52.25,1024.0,768.0,0.003125,0.003048780487804878,0.873546231699465,0.007466020706447779,0.8811430684374625,1.1195262429498076,0.04192334695656677,1.1591087297077656,0.9783408763435145,0.003172859585769588,0.9815756267846966,0.95921732046985,0.00030140901820713864,0.9594845675984913,1.008707767328457,0.055949149999827516,1.0553814002089863,0.772992375865939,0.011712299014893738,0.7846708463949843,725.3333333333334,134.30955124471066,862.3,101.69273682893397,8.863953116866586,110.72590180780452,0.0,0.0,0.0003458658854166667,8,4
recovered_archive2/167,1.5,84.5,1024.0,768.0,0.017900110279011713,0.017550250073046426,0.8001143689073391,0.047620494301155725,0.8382107643482636,1.3812642036339748,0.21459818334085912,1.5529427503066622,0.9644982347745287,0.0003313300349295778,0.9647632988024724,0.9573519696586482,0.00458550763793833,0.9610203757689989,1.0447336344211344,0.1805883352758353,1.1892043026418027,0.7565121514198474,0.01717653048075843,0.7702533758044541,2052.6875,602.1875,2534.4375,154.24100820454467,40.50089283436706,186.64172247203834,0.0,0.0,0.0036532084147135415,4,2
recovered_archive2/168,0.7777777777777778,53.111111111111114,1024.0,768.0,0.011724385280827107,0.011365270172858247,0.7185647687098207,0.13129164558392548,0.8244832949300149,2.104051466918842,0.9012672507610139,2.8794712371661326,0.9529143311740165,0.019733796796973478,0.9685973782459363,0.9658709405826625,0.005256009560614698,0.9703744191593245,1.8941257736516357,0.6706841674066553,2.4863527851458884,0.7470972880464049,0.08520795901942627,0.8138933820574287,1065.7916666666665,867.9959217878554,1798.125,138.34654275122142,85.55995448963434,211.19879861599296,0.125,0.0,0.001232571072048611,9,3
recovered_archive2/169,1.2,48.4,1024.0,768.0,0.027035330261136713,0.0255988455988456,0.8408859296552161,0.012017040412057452,0.8504209362457494,1.2589747981464503,0.12470940868594321,1.377317563876244,0.968076613180696,0.005195155526584976,0.9730493108086247,0.9667038457966598,0.004416815267264061,0.9710227018887979,1.0194852084789192,0.08123286670191983,1.0981271837875612,0.7869800505806795,0.018698511505510707,0.8033689394695683,848.0,5.912840917289294,853.3666666666667,84.73007050399744,1.4070788355471178,85.91073588877323,0.0,0.0,0.0007031758626302083,5,0
recovered_archive2/170,9.555555555555555,54.22222222222222,1024.0,768.0,0.21455245502583198,0.17184517516338113,0.7985461093704999,0.0876093141749867,0.876193757793329,1.5022124715277068,0.39915926088486126,2.0155226788124976,0.969491653424758,0.021579563932141513,0.9839961724547186,0.9578346871529857,0.008101311948957388,0.9678961896819409,1.1340505353242787,0.35313171053734094,1.4929036822129005,0.7513658135410077,0.061349191420663834,0.8102221146620578,1950.4344837261503,1461.0963193320918,3875.8611111111113,159.42785295910184,68.50042220793132,239.68936973967843,0.013888888888888888,0.0,0.023151609632703993,9,0
recovered_archive2/171,12.6,68.0,1024.0,768.0,0.18226045531951143,0.14749709510435755,0.8321701083197478,0.04871398379851512,0.8786654311812685,1.3400481897183514,0.27082787339803893,1.6957166313505732,0.9686138664922523,0.011106024664783285,0.9790147432475885,0.9633031008147157,0.0069261978151165405,0.9712528107752634,1.1259402123345537,0.21089414341554594,1.3615760791496085,0.7784374040572846,0.040829811215606374,0.815304637110072,587.9018571428571,513.2726493626658,1262.6500000000005,84.93871553634622,36.866210314813706,136.68584263594795,0.0,0.0,0.009104665120442708,5,4
recovered_archive2/172,0.5,17.083333333333332,1024.0,768.0,0.03955912508544087,0.032685185185185185,0.6659267157250349,0.054116870876538666,0.7111886618609118,3.114828978826249,0.08934629767360963,3.203381169717496,0.9593757803384059,0.019499446878910653,0.9750594474914801,0.9584224104309432,0.005492417674212935,0.9629020698820699,1.0498450491307636,0.25901958426467786,1.2626598639455784,0.7310555518054219,0.05040115946501767,0.774729048763621,10707.666666666666,933.6768239886455,11606.833333333334,397.8734646562887,43.06517794512886,437.53133700894665,0.0,0.0,0.004444228278266059,12,0
recovered_archive2/173,6.0,66.125,1024.0,768.0,0.10444013101616173,0.09086849223744878,0.8316441037988626,0.0546207022848524,0.8749702705289026,1.3640621113480529,0.3039503537879994,1.6163303892488743,0.9692007502555819,0.011449914788380554,0.9805134820813964,0.9632619286611935,0.007812450394179371,0.9726717188016136,1.1353264249976156,0.21862582749903392,1.3265099328235108,0.7731301061873306,0.04097601194012387,0.8160025121797142,956.7826388888889,775.5432236006338,1767.55625,102.8929391238156,45.22030579364116,148.56457332437893,0.0,0.0,0.007931868235270182,8,4
recovered_archive2/174,5.875,28.375,1024.0,768.0,0.21554888779153486,0.172174132382112,0.8369654602732015,0.04738583246055595,0.8741421760579986,1.3679615228961,0.2569235011551795,1.6145488262195435,0.9765541243714676,0.006137841571897791,0.982618636319505,0.959642970990858,0.0051316531761937895,0.9650569757942594,1.183238831024368,0.1895984151444613,1.3847734106990581,0.7755203294103826,0.034093507955651664,0.8084767744960707,1284.905505952381,695.8926672212222,2072.28125,130.81723638186682,36.75159861127709,172.75193622663463,0.0,0.0,0.010295470555623373,8,1
recovered_archive2/175,12.333333333333334,58.666666666666664,1024.0,768.0,0.20265674184794946,0.15552449049465872,0.7738943441934188,0.10761779873428247,0.8621458885114798,1.5995770733920402,0.5508800972885675,2.139127486254338,0.9592330097668832,0.028552680728179212,0.9791958645900395,0.9574952761617541,0.012145161427948685,0.9680472579215519,1.3580794305959925,0.4731965814182824,1.843125589433306,0.7588033423316175,0.06925414103873549,0.8248436727455443,987.0218956679895,725.6244310236865,1902.0666666666668,118.85386265389779,49.5047651592187,183.2918559591502,0.0,0.0,0.015287929111056859,12,3
recovered_archive2/176,5.466666666666667,70.2,1024.0,768.0,0.08308939271008989,0.07278518577201072,0.7735838701977211,0.067404767066605,0.8299758545308736,1.5935837497655394,0.332021060273528,1.9507569311646518,0.9613448898561135,0.019745814528085156,0.9758410674703306,0.959067747510969,0.006448938292056084,0.9651585541873596,1.2216788915921266,0.36470030359293576,1.5593237332467826,0.7328128646319902,0.047682405835387555,0.7787782276859478,1061.4967490842491,535.1810273649891,1670.8653846153845,123.10950904330085,34.073529019986964,160.34921069339316,0.0,0.0,0.008336724175347223,15,3
recovered_archive2/178,10.8,33.4,1024.0,768.0,0.3596590000764574,0.2500547439781624,0.8151946106344488,0.07029098142102795,0.8748252551736154,1.4151160458083947,0.36731479956178525,1.7875083002899583,0.9691849479747638,0.016560272364600122,0.9825909975587382,0.9610743943784407,0.009460996660834633,0.972932982476503,1.153630348777725,0.2848365063736711,1.4734839412971725,0.7687076739346308,0.05358039027705839,0.8309824762979033,1039.302904040404,982.9772058019016,1695.27,114.33673917129451,53.61188706774618,172.36753236814715,0.0,0.0,0.014601516723632812,5,0
recovered_archive2/179,21.0,40.5,1024.0,768.0,0.5174214792299898,0.34085667088575844,0.8094489301503909,0.09095180617363743,0.8765606128371166,1.408959208085931,0.37681955935908995,1.8449303106822739,0.9664134070099382,0.025196628484054205,0.9824028443971702,0.9568331110609356,0.012660223503262572,0.9679777209332528,1.2598777871713625,0.37583495460016597,1.5841089486406823,0.7551525463571815,0.06874439190101243,0.8138257535791491,1404.8459967320262,1025.2521060498543,2757.9000000000005,136.18145275638824,59.31064243983643,217.2070074356519,0.0,0.0,0.036547819773356124,4,3
recovered_archive2/180,18.083333333333332,33.5,1024.0,768.0,0.7356710217647361,0.3787169203918985,0.7600535145758466,0.10710491811026394,0.8640059960809743,1.6540055235484135,0.5343556394402352,2.2643165716349447,0.9571484678074395,0.0319036602735839,0.9817199322500593,0.9575770669356092,0.014014286877261807,0.9703418770597246,1.4241429433063082,0.5406604045437392,2.0707195985635125,0.7463564036442861,0.06946264839929558,0.8156667486344923,1268.792419175413,1580.706833302121,2964.025,124.6354140091989,74.13214919947733,221.23916053557312,0.0,0.0069901315789473685,0.030140399932861328,12,4
recovered_archive2/181,5.8,56.6,1024.0,768.0,0.12988903417965203,0.10811629601396008,0.825770762392054,0.03870982061117358,0.8600203869249547,1.4559441423813042,0.1431904139422039,1.6168854500697987,0.9734610509172107,0.007940873721594199,0.9796397738351951,0.9647425158165722,0.003686780059348656,0.9694923708190768,1.023377885741667,0.08859803641114708,1.112080062612002,0.7859609699887758,0.03253779435725425,0.818515605675208,815.3808333333333,342.06693795441873,1224.9900000000002,101.00183556267216,19.577008792983825,122.44555692895047,0.0,0.0,0.008016840616861979,5,0
recovered_archive2/183,10.368421052631579,50.63157894736842,1024.0,768.0,0.2444861651241426,0.17259722698603,0.7903213023820411,0.08180025808829959,0.8594409720125008,1.705325469127233,0.6430768887042049,2.388515800926303,0.9675426360192393,0.016922361006906018,0.9806852561330492,0.9599586046964644,0.009764685465275175,0.9692002488061595,1.2508681163330313,0.3162528566425414,1.560130872976459,0.7451880615337337,0.06030806132058821,0.8033248161331364,1405.5801704355054,1260.8646502236325,2593.2500000000014,133.10768224950354,66.42688600845555,211.30428371581715,0.02198142414860681,0.0043859649122807015,0.017602987456739997,19,0
recovered_archive2/184,10.142857142857142,49.714285714285715,1024.0,768.0,0.22195304123924578,0.17690309262838147,0.7737364686991367,0.0826614188281863,0.8493526705664982,1.556067109136477,0.35196159448525816,1.974718992661351,0.9619630918753509,0.024259263317222668,0.9777111970809941,0.9577594700583913,0.008997590148517736,0.9662562478640294,0.9649953431962047,0.2808648070836641,1.301800386842806,0.7151595782558017,0.07191062410451428,0.789963766906576,957.7482426303856,581.1698319616809,1505.2357142857143,119.71902428209395,40.68071487006999,163.5567851013043,0.0,0.0,0.012846992129371279,7,1
recovered_archive2/186,1.3333333333333333,63.77777777777778,1024.0,768.0,0.02092592968962296,0.02006082534216002,0.8482651701278257,0.021268239343005545,0.8665629586472111,1.2780765830576442,0.11645585906106178,1.3956493391321654,0.9733745833226425,0.0032348230857038827,0.9764902447569779,0.9651666132040572,0.004280663893491343,0.9688729183409012,0.9306548477340097,0.07854688921610044,1.005445909917545,0.795599870358287,0.025084914100415693,0.8197539715777947,668.0833333333334,398.5265528113824,1067.466666666667,91.211684257237,24.427898006711718,115.77984121720385,0.0,0.0,0.0013410073739510994,9,1
recovered_archive2/188,4.142857142857143,9.142857142857142,1024.0,768.0,1.0252574002574002,0.4462275819418676,0.713868762844435,0.05891199363160234,0.7636326299853147,2.0587942790801463,0.6876124958393872,2.722919061479747,0.956039812930921,0.01089956157153,0.9652937883643643,0.9567526640019441,0.003704524328219168,0.9613835558202791,1.1778494989558845,0.3927026646180015,1.5203107623992282,0.689849319071363,0.03584143960146825,0.7311897410893609,1589.2469387755102,1914.7886898985398,3514.4500000000003,129.99468380067438,66.54862619272329,197.7813800432786,0.0,0.0,0.008574440365745907,7,1
recovered_archive2/189,1.5,56.625,1024.0,768.0,0.024660659926933337,0.023255384907645546,0.8323493706151777,0.026933080851989276,0.8513216018453604,1.4322531675860326,0.16057686348125721,1.577628462552293,0.9687846018642775,0.005785185475584653,0.9733522950080864,0.9682374765635628,0.005014547361212515,0.9730127501775,1.0676011653831279,0.12670774810449442,1.1856232619715725,0.7779966787396345,0.024616806368005874,0.7958522473341358,391.77333333333337,211.5298626528905,575.08,67.34888019502789,18.88741354201166,83.80171424198474,0.0,0.0,0.0008837381998697916,8,3
recovered_archive2/191,4.875,51.875,1024.0,768.0,0.08453607713776017,0.07159242962384178,0.8187505233350079,0.058907319168959436,0.86898283356286,1.3511527995526647,0.21471374353967088,1.5405513300126243,0.9655595903661927,0.020753644426993272,0.980877332833464,0.9587740056440204,0.009694943466352189,0.9674536492167043,1.162772932792822,0.17634167570038603,1.3562006987024464,0.7542173693260077,0.05058961696240583,0.802573080727528,1110.1155228758169,846.8807485296029,2228.641666666667,115.48493985919345,46.50916513341977,170.34264419146461,0.0,0.018518518518518517,0.007695357004801433,8,3
recovered_archive2/194,9.2,27.8,1024.0,768.0,0.3768306248134784,0.2603543743078627,0.8144537975428454,0.04853017849453746,0.8558763034150214,1.4097586914187046,0.2661606736068415,1.6787459009253802,0.9729678856335869,0.011908016036803581,0.9807400303106542,0.959749411253142,0.0075236827444962375,0.9682277523964998,1.039961819543532,0.18341452079434672,1.221413237249283,0.7622430007361984,0.03186646286763802,0.7910510207810038,1096.0352564102564,648.5430767814541,1864.89,122.06239170555564,45.163489438154386,169.0837978726091,0.0,0.0,0.013618087768554688,5,0
recovered_archive2/197,7.375,24.75,1024.0,768.0,0.4040896872108381,0.25255306401115507,0.767048644742983,0.10807469167963038,0.8598630702567389,1.6099120531263105,0.49937942600386787,2.2220083683751355,0.9574677247687811,0.029721224256761998,0.9785893585174722,0.9567192508121422,0.020697438536775293,0.9739596416644479,1.0707667021748641,0.31798785173471544,1.4570597606905145,0.7325823223900799,0.07777701432248328,0.808753173059729,2297.166746794872,3090.8914819287675,5693.66875,152.11706909635458,111.89746621179054,284.05488892522436,0.0,0.0,0.022313038508097332,8,3
recovered_archive2/198,7.555555555555555,33.888888888888886,1024.0,768.0,0.26235405970828957,0.18995839184507657,0.8005705345065471,0.06247525018632879,0.8547889235274911,1.4503653993823717,0.2495408931794914,1.781792986074363,0.9661650336578236,0.01631921912694395,0.9778338070157694,0.9599521398024299,0.008187699324187022,0.9690905941289816,1.2575679694359316,0.28694565044110837,1.6214978628197423,0.7581831797592634,0.05725689700051563,0.8148461989546832,876.3224337391005,647.970490466781,1602.65,105.78581674133937,39.71048670211555,152.65972493601447,0.0,0.0,0.009504742092556424,9,1
recovered_archive2/199,1.3333333333333333,36.666666666666664,1024.0,768.0,0.037315140751549306,0.034832308324695055,0.820910955783646,0.03933101471287565,0.8545941477196034,1.39412484806635,0.19403513465713906,1.5779514007013207,0.9733659624496557,0.0045858578747268825,0.9777496923998527,0.9612131855871754,0.0024227628978265576,0.9633270054170792,1.082710521367516,0.15996548315934586,1.2215194824923679,0.7648882652581834,0.023777917785646294,0.786102724838206,1819.1805555555554,1582.2580999799875,3378.475,134.87144653854867,50.97263581038717,184.5934017865471,0.0,0.0,0.004078900372540509,9,3
recovered_archive2/200,2.5,68.4,1024.0,768.0,0.03406607161717955,0.03213880647553765,0.780594130193225,0.08042232823239107,0.8424178587227548,1.520175123150089,0.33345587968404755,1.8328220996883313,0.9537307881503233,0.01803761754364493,0.9690661419596676,0.9563887200746422,0.011938691983585542,0.9653660397895294,1.0428046577625756,0.2505055998978354,1.2907848458012872,0.7508456548534983,0.0414611115612793,0.7888935948812806,743.6319727891157,279.5084281489589,1081.507142857143,95.72135891902583,27.055098987600832,125.349180508362,0.0,0.0,0.0020582834879557294,10,2
recovered_archive3/201,4.75,65.625,1024.0,768.0,0.08649868872423183,0.07474835227300647,0.7184203074307621,0.10119530030623147,0.8046742705160123,1.7643435375602,0.4793509658377278,2.2543939159816397,0.9559799843605924,0.02434064102104022,0.9738405221050526,0.9564205406236932,0.00797987396970484,0.964846139708593,1.3635422168037679,0.4717188337354674,1.8402049090869252,0.6980838730719335,0.07406011859497627,0.7694521237933706,1190.9232142857143,730.2727593166444,1878.0071428571428,131.06490346818333,39.60234766060678,180.7926375011883,0.017857142857142856,0.017857142857142856,0.006471474965413411,8,4
recovered_archive3/202,4.5,32.8125,1024.0,768.0,0.13811786237388265,0.11584639940413807,0.7042549452391784,0.1334285770516624,0.8368455900144799,2.57206197045804,1.6696195321789593,4.332515076434245,0.9458072594031407,0.031871807555542135,0.9742108643708945,0.9574486421661244,0.01210752895718764,0.9707825989731801,1.4689451431917924,0.7734739924135338,2.292196146549053,0.7123927659552798,0.09371669000612592,0.8021823346181496,2192.9022534013607,2567.5054806508374,4850.685714285716,186.74162427980187,138.3241248563384,328.41546728514277,0.07270408163265306,0.02806122448979592,0.012793302536010742,16,0
recovered_archive3/204,0.6666666666666666,58.44444444444444,1024.0,768.0,0.010875007111566252,0.01056683103796758,0.6945370793515554,0.001612478197842186,0.6957809297072718,1.7255218603263893,0.01797248095345708,1.7438252062674464,0.9281690499139237,0.0005261245187536459,0.9287055620590569,0.9477435272696934,0.0009744630476392404,0.9487308553359477,1.1826663187963784,0.014549328116503028,1.1973385575160296,0.7346598167009734,0.003262116578797894,0.7371664106171799,3981.875,36.07558615832412,4015.95,256.03885869399846,2.209265074626093,258.13759005323595,0.0,0.0,0.0025499838369864004,9,0
recovered_archive3/206,1.7777777777777777,61.333333333333336,1024.0,768.0,0.031048817013407018,0.029571985588617455,0.8070983763926936,0.029213454935063405,0.832950954093172,1.4436962308710581,0.08575035980483824,1.5566168535827036,0.9635539917687374,0.006512543516628176,0.9697026239936078,0.9601301526270405,0.005144489152153536,0.9648035127671388,1.1017505286516163,0.10561168307223623,1.2325734021460664,0.7933851262693098,0.031009689377271173,0.8222975608587576,5601.801020408164,107.81343320905039,5693.478571428571,197.96878029801934,11.154312575927547,207.67431552770387,0.0,0.0,0.006049191510235822,9,3
recovered_archive3/207,3.7142857142857144,91.42857142857143,1024.0,768.0,0.04229922544272021,0.03865453379371185,0.7919568618554843,0.05908179531340977,0.8348127281679281,1.879938290309229,0.9801787648442208,2.8660481363508477,0.9600976418670201,0.0071191891276159895,0.9667815242770498,0.9653680926251355,0.00529145436746646,0.9697140269541888,1.143355105079686,0.45964160941503157,1.6448034637601492,0.764084503763273,0.03484811796794202,0.7937501463352646,698.9315476190477,908.483276655966,1497.0083333333334,87.42997445400538,60.967542263969754,147.97342827868974,0.041666666666666664,0.0,0.004278637114025297,7,0
recovered_archive3/209,11.2,18.0,1024.0,768.0,0.5269021739130435,0.31061783203847576,0.8055732541576246,0.08389419487021156,0.8730214163484686,1.3469633250020585,0.3241995169550006,1.7032122395431686,0.9611775529616131,0.028199754322437806,0.9804978573479926,0.9544825429423343,0.017815013292038138,0.9685146879482455,1.113805022348676,0.270809879819947,1.2847159670930162,0.7401046929353678,0.07084648147111466,0.802578222778473,1242.2177405927405,987.435023052805,2557.4,128.31906059156495,61.31629266286577,204.97018023401642,0.0,0.0,0.01699206034342448,5,3
recovered_archive3/210,0.5,18.5,1024.0,768.0,0.03425349759469005,0.031140834623323014,0.7655582196795826,0.007078216506803746,0.7712207928850257,1.6997020013787207,0.10904586023363033,1.7869386895656252,0.9745450291287127,0.002050668645146164,0.9761855640448296,0.9638296058779693,0.0018764185998861038,0.9653307407578783,1.515059772602876,0.09690656565656565,1.5925850251281286,0.7508592504371959,0.010447355499438824,0.7592171348367468,978.7083333333334,11.208333333333334,987.6750000000001,116.36287270896253,0.8653980259041862,117.05519112968587,0.0,0.0,0.0005158583323160807,16,1
recovered_archive3/211,3.2,82.4,1024.0,768.0,0.040946229711682436,0.03888082274652148,0.8407407336937274,0.03042648592512458,0.8689677897477959,1.3330637618824226,0.2066848331111985,1.5660517817542807,0.9776510923579471,0.006592453662698945,0.9828312311804248,0.9622163615901025,0.006199759748285802,0.9689981079425148,1.1433508746415246,0.19407262716178106,1.3826866469833392,0.7818200933150286,0.031556390053294026,0.8074718024515564,2331.508333333333,1133.262485335151,3501.9,160.98497705471758,49.5355561966086,210.18817013274867,0.0,0.0,0.010378774007161458,5,2
recovered_archive3/212,7.25,41.0,1024.0,768.0,0.17258353893546224,0.13683873312147005,0.7239204603459685,0.05510643947732959,0.7755228659541706,1.593363636610153,0.23249127964461544,1.85155773719697,0.9359909132598613,0.018303726559095068,0.951318182377939,0.9550482588444724,0.006132545328383857,0.9610778413263968,1.2080293042000505,0.21053784390103158,1.4548410580080449,0.6902940460524017,0.05209298306183288,0.7419832262110634,1426.5215773809525,472.6754996915158,1985.3062500000005,143.56309422980132,25.502377928431603,175.3164546217282,0.0,0.0,0.009499708811442057,8,1
recovered_archive3/213,6.1,26.9,1024.0,768.0,0.3580644910644911,0.15975849714980148,0.7607409042818051,0.0710785523483982,0.8314147589787062,1.6851028462727744,0.4087044126919176,2.2252894852048732,0.9547553786195467,0.019048065500108385,0.9711023171170893,0.9597222652202773,0.00860925592277381,0.9673734159971732,1.2539539085761457,0.4074102523937513,1.7955538487862341,0.769205773629866,0.037704736797330905,0.8060527626385897,912.4833333333333,1201.0494684224616,1479.7357142857156,102.58108345923925,55.0909297439293,144.0457863647444,0.0,0.007936507936507936,0.011792691548665366,10,3
recovered_archive3/214,20.47826086956522,75.73913043478261,1024.0,768.0,0.5976746082779006,0.24053823884144127,0.7905529194262012,0.10189151754162193,0.8668195422622028,1.527509238040295,0.7186298369919276,1.9867910212166187,0.961304814172595,0.027482616217879726,0.9803606229484447,0.9583757479987803,0.012077277622568727,0.969455077242281,1.2494094682848411,0.4377016525292791,1.6342535953637505,0.7434673124273595,0.07762676715544198,0.815267027399595,1357.1447084815156,2093.5439873177907,2272.9239130434803,122.98370971575957,84.92737894516019,182.31608779306305,0.004088395697621572,0.010807649607271536,0.03696814827297045,23,0
recovered_archive3/215,8.0,47.0,1024.0,768.0,0.2130927710499862,0.1591455885719755,0.7699661518741889,0.08701459451495683,0.8536768761700695,1.5312076036274558,0.3142061805175431,1.9070097969285236,0.9587018330571951,0.031104253077084087,0.9793231717927997,0.9573625633585178,0.008186937015970409,0.9646829528703544,1.2999962790653443,0.3256270883992682,1.688621392215608,0.7348032761056369,0.07572516124658714,0.8009873449119801,1177.5379448075525,906.1333034674894,2316.983333333333,130.27112609196087,49.88358084228241,196.9306147650641,0.0,0.009259259259259259,0.012833771882233797,9,2
recovered_archive3/216,6.166666666666667,18.5,1024.0,768.0,0.4687208216619981,0.23984324499030382,0.7379133946174846,0.12786796385856472,0.8434896827437782,1.93987938444316,0.842220121213386,2.824979282495194,0.9580834906091814,0.03262159113998367,0.9772772941258593,0.9606128444247589,0.011945074650289066,0.9725789116804892,1.4096904251861666,0.7188414805977712,2.3782658400012124,0.7443941978498727,0.08871521414406591,0.8276486054330178,777.4645833333334,591.1245976839311,1453.1250000000002,109.96420298707562,52.86448146341337,161.2890006413483,0.0,0.0125,0.0059570736355251735,6,4
recovered_archive3/218,2.2,40.3,1024.0,768.0,0.055348320513539405,0.050143239113827356,0.7583410187064198,0.06488512552968057,0.8195682106576104,1.6853263595214216,0.35645454546784555,2.0411345723715693,0.9657900602611367,0.007708790717417147,0.9723174876212508,0.9551304306501393,0.0050194273234039,0.9599611368789588,1.6938716121777284,0.3764687231884117,2.06056130822162,0.749631931175716,0.018897354925994588,0.7714505692407155,1558.9259259259259,708.52274315023,2231.3,152.15798852992216,45.24658802129497,199.95436978219325,0.0,0.0,0.0035366694132486975,10,0
recovered_archive3/220,16.583333333333332,30.0,1024.0,768.0,0.668189269255005,0.37279842628707055,0.76352073872186,0.11609961317457128,0.8642230699424127,1.658437426707218,0.5929569426941902,2.2861161466358917,0.953587084676136,0.037438512652524486,0.979478806200723,0.9590730697077355,0.013061809154112232,0.9714877773295502,1.3986704977529987,0.46269794878397974,1.9126240356651163,0.7423955647098263,0.08699887714040555,0.8286851658679897,1268.8272987244416,1825.1684975795572,2743.1333333333355,121.87390380798011,75.40970091932792,205.78437760168728,0.0036231884057971015,0.02962962962962963,0.027458826700846355,12,4
recovered_archive3/221,22.4,37.0,1024.0,768.0,0.4860849467992325,0.29978450466274353,0.808826206559604,0.07681408100652562,0.8727224734967572,1.3979462339402366,0.31025682550314704,1.668812541665836,0.969335211672569,0.020923357220563113,0.9824258577893501,0.9565324690193133,0.012412399292300555,0.9677203300188958,1.1967845883669295,0.32505426054080233,1.4695737034085812,0.7623979891581192,0.053093489140150385,0.8119456778220763,1513.6064786087818,1641.948225082319,2804.9000000000005,140.6185564958984,73.19911253685025,209.61027765731913,0.0,0.0,0.04360542297363281,5,3
recovered_archive3/222,5.111111111111111,62.77777777777778,1024.0,768.0,0.08717222045598973,0.07702133614968625,0.7915200215863405,0.062334996239047244,0.8489241985266508,1.5122388308956105,0.2927400727734074,1.8975127010253172,0.9604593253391224,0.019467246639230332,0.9722611961815331,0.96035957396978,0.006922487468788095,0.9669826447464873,1.131537892007994,0.2170680473638931,1.4009496270142985,0.7351305336736119,0.05912673520660653,0.7937903866805356,1023.4019841269842,823.3679430715553,1769.0777777777776,114.03339510841789,49.070916158915956,165.4517956392202,0.007936507936507936,0.007936507936507936,0.0064144134521484375,9,0
recovered_archive3/223,6.3,36.0,1024.0,768.0,0.18858162650438184,0.1432970130671583,0.7654506997921734,0.07644281411472538,0.8325274752692018,1.6222951511087877,0.3655238591499533,2.043302331944944,0.9513140707741533,0.031125654631580426,0.9776938218975698,0.9558685451181341,0.01465896225485487,0.9675808112899225,1.2207788587208375,0.3362347653829098,1.5663475589575697,0.7268411400088013,0.059847859675198026,0.7881808714988214,1093.5663314898609,1089.0777115870421,2072.766666666667,118.95239369529888,60.16920048096213,177.840674899756,0.0,0.04357298474945534,0.009739176432291666,10,3
recovered_archive3/224,2.1538461538461537,39.46153846153846,1024.0,768.0,0.05345322514240714,0.04811609457972738,0.7021791114013792,0.08651284959828463,0.7763750091911095,1.878957812448303,0.5308042133914239,2.384697237715078,0.9516279002366462,0.01893722336683393,0.9676456963618453,0.9505156950742468,0.018719768001819223,0.9647912326558943,1.213213123534275,0.284031616875078,1.4740275523371937,0.6884693654504997,0.04607089454732157,0.7296447780020794,3262.372767857143,2951.760559276915,6005.15625,185.50837735295997,96.88499686693399,282.38108659231193,0.0,0.0,0.0070664332463191105,13,4
recovered_archive3/225,8.125,82.25,1024.0,768.0,0.10859009188338212,0.09415716928109942,0.8024604068154394,0.03828723147337201,0.8330163639698572,1.5600234282855574,0.25972209407345714,1.8330393875028896,0.9713149877627106,0.011186124672813907,0.9803974580512628,0.9631015301192938,0.008176390418418415,0.9710753684100061,0.9332780150217665,0.1916462349491721,1.1714115598701509,0.7725267494766923,0.0349174251167657,0.8073456535279397,1003.8554315476191,644.5018958348833,1761.15625,113.60254805046307,37.46437780223752,156.55786065934956,0.0,0.0,0.010843674341837566,8,2
recovered_archive3/227,2.1818181818181817,57.0,1024.0,768.0,0.038620528706333174,0.036414297374917366,0.7576069004741168,0.04415469441574507,0.7990609257837041,1.7689926787393406,0.3171039708488962,2.0931028665039833,0.9652911917609559,0.012533538133464377,0.9758526204349732,0.9639842976224643,0.006745981559008475,0.9703294412325878,1.0662106443949357,0.21011213340048743,1.27495525458783,0.7626040103456907,0.03255477300135631,0.7911103859471555,663.7314814814814,284.397840105743,931.8222222222222,96.85030057898217,20.78798420601467,116.58234562547516,0.0,0.0,0.0019148046320134943,11,2
recovered_archive3/228,12.0,73.0,1024.0,768.0,0.1767183875520315,0.14563342071260119,0.7770898233389578,0.11922781706057446,0.8640975545716361,1.6529379158655424,0.7790567307254005,2.3039596153411543,0.9593649296447035,0.029339486323981197,0.977927497094809,0.9602676693416484,0.010035239506865468,0.9711149693336925,1.3112609508926225,0.6200659150620444,1.9137662690615191,0.751027693236474,0.07835768315161343,0.8234026760155414,1524.126515151515,2648.4034071379933,2935.307142857142,130.58766203832914,121.0607162482606,218.13456904849247,0.0,0.012987012987012988,0.02221370878673735,7,4
recovered_archive3/229,7.714285714285714,83.35714285714286,1024.0,768.0,0.09300965174235983,0.08275390444983644,0.7688792963798636,0.11544322789485013,0.8568572222820314,1.9140823970548753,1.4436288047580075,2.8053223764242694,0.9614114397838639,0.022434506024304832,0.9806644271151563,0.9590753762121835,0.013870533044203659,0.972692076017998,1.3107890919032874,0.6654573070904793,1.8388510014960668,0.7496618509348344,0.06851537240896777,0.8196876322221722,2188.4715443869854,2655.912249301499,4314.084615384616,163.95092336873338,124.73229181912805,266.644927179544,0.020604395604395604,0.0,0.016909099760509673,14,1
recovered_archive3/231,11.3,39.1,1024.0,768.0,0.553132691284987,0.2471539813385319,0.7987755466622241,0.06917924935663293,0.8559526757680587,1.4973112308002616,0.45299238080575915,1.9689241006138636,0.9690648258674774,0.015296385281289524,0.9805705278257469,0.958852881878002,0.00790190454698692,0.9667642647476364,1.2585439520639243,0.3072198034562574,1.5887458181107696,0.7566154407977229,0.04948350230137328,0.8066594096196071,927.1535313451981,491.6451989187486,1462.1555555555558,115.84824441634711,33.22716994717832,149.71296369446767,0.0,0.0,0.013312594095865885,10,3
recovered_archive3/232,3.4,94.0,1024.0,768.0,0.04826330532212885,0.04257469306649635,0.8160739418751828,0.04494098050052494,0.8563336539178943,1.4659149203292599,0.3087935171566793,1.7872367906564481,0.9751596354598019,0.00533015845910808,0.9801469976482271,0.9620196165365494,0.004909004267273042,0.9660586358284272,1.2295712743221137,0.12110984828621,1.3478758473230728,0.8015073393522054,0.029756293217832956,0.83153960277319,2410.166666666667,2089.735746470374,4499.7125,156.716867410534,73.2515046269218,233.22923330393553,0.0,0.0,0.007873026529947917,5,2
recovered_archive3/233,9.583333333333334,25.916666666666668,1024.0,768.0,0.3800614719276247,0.2677797960836882,0.7959411653168678,0.0837837826285116,0.8708448089373638,1.5328425212958836,0.41101219225438385,1.94023011147385,0.9661594386530341,0.02001266961432014,0.982995807102882,0.9599771503841991,0.009086562375465589,0.9690505506417869,1.1778778974233177,0.2793354275258678,1.508691060640681,0.7658453773807942,0.05730408943691379,0.821401617585899,1314.3468578970048,1067.7143778045543,2619.420833333333,128.70197294191513,50.18268794823647,190.4882430462658,0.0,0.0,0.015920850965711806,12,0
recovered_archive3/234,1.6,79.33333333333333,1024.0,768.0,0.03185717866816256,0.02929697017731845,0.8083229059291359,0.05027306171144729,0.8466184505865724,1.4775482766101498,0.31170845514038154,1.7882198412333734,0.9664298723008344,0.012100810561900916,0.975809837185011,0.9638236441851249,0.0034025467441823267,0.9671086898039095,1.1033449889049127,0.1607279059598453,1.2493113787272003,0.7726439239326595,0.02926971060364245,0.7989688273305958,933.3909090909091,233.3168814362316,1153.1045454545454,107.25064033000245,19.216476653238825,126.0314567133231,0.0,0.022727272727272728,0.0017261505126953125,15,2
recovered_archive3/235,8.222222222222221,64.22222222222223,1024.0,768.0,0.14550052219292375,0.12146179491756876,0.8400263296742316,0.03932687703409023,0.8687188351540692,1.2805848102165691,0.186939400581977,1.512385054511655,0.9748075121042095,0.011789050671914351,0.983371570517945,0.9585076766842031,0.009856407153693271,0.9673721217915392,1.005383397313875,0.2013015762691771,1.2514658831414407,0.7648507686858981,0.04220847584501511,0.8087646728657855,1191.0371001683502,744.278976535793,2164.75,124.99942305997862,41.7821486407589,173.98498386299133,0.0,0.0,0.013377578170211226,9,1
recovered_archive3/237,5.4,48.2,1024.0,768.0,0.1350630908291513,0.10940774038366752,0.8126746209427482,0.052142313343554056,0.8550535019357784,1.5244749574091876,0.2754049439408356,1.7543350108700495,0.9756189936646715,0.009516086632729542,0.9842812264516786,0.9596111933887362,0.00615853249245538,0.966368564513265,0.9671203919272628,0.18066955661160816,1.1448620132016576,0.7992985494123676,0.043771574950760624,0.8377216182358707,2247.675,1168.508334367652,3705.1700000000005,175.65671828443416,48.68410056412083,235.8843101147474,0.0,0.0,0.013524627685546875,5,4
recovered_archive3/241,4.538461538461538,52.69230769230769,1024.0,768.0,0.09277003167628703,0.07994559330993636,0.808664901274643,0.039100107410498644,0.8405393847796068,1.5058991804054689,0.18949708288901088,1.7270608803275864,0.9717144831668514,0.007041125293052688,0.978338041309605,0.9653531233919038,0.005742186083665947,0.9717523303440229,1.0406630917962276,0.16877074678828974,1.2087401134337425,0.7741642415764042,0.03789452107853918,0.8118041651676784,711.1864968364969,417.6187647493677,1077.8692307692306,94.46537720545517,28.156223243178513,121.22922071168972,0.0,0.0,0.0041517110971304085,13,1
recovered_archive3/242,4.6,48.0,1024.0,768.0,0.07864536198299363,0.07048071592618992,0.8404381635662911,0.028629031023680716,0.8670650337948734,1.2526787173589886,0.10874327351757418,1.3874822054889564,0.9731841320031271,0.007664499404483771,0.9816917749298275,0.9626493653365351,0.0071263590617752165,0.9722330843198066,1.0084614579111832,0.11609394166846713,1.1348270558608888,0.770310340398437,0.047514900749127884,0.8150215192214273,602.125,323.6681649387856,922.2125,88.5068842672377,24.632461890246983,113.751816305966,0.0,0.0,0.0028745015462239587,5,3
recovered_archive3/243,3.375,36.0,1024.0,768.0,0.12481740007831091,0.10323182422805494,0.7674946438188323,0.06284622318725662,0.8223971792384707,1.8528148185720028,0.653589228026826,2.3845725803639644,0.9649226933693703,0.011560475031651307,0.9752046644928974,0.9616484588580904,0.005350156772754259,0.9666008068006261,0.9782823818583338,0.2332287412072612,1.235475726407571,0.754151331132723,0.03632332944672103,0.7896113681012507,954.8154761904761,883.9488386478042,1724.9428571428575,109.92923188551003,44.64784131769399,150.1498350032541,0.0,0.0,0.005878130594889322,8,1
recovered_archive3/246,1.5,40.166666666666664,1024.0,768.0,0.030233835530445702,0.028336624972569672,0.8446170869334556,0.014580044129746318,0.8563034175619989,1.2887871497912518,0.11964698330918055,1.3880461642171167,0.9772191363248369,0.0032098601211765377,0.9804636848067808,0.9581573352433678,0.004214488578954806,0.9620472928523128,1.063462671267014,0.10676299677074501,1.162621070988211,0.7870810939726233,0.022133662690706088,0.8079594957906222,1211.5,356.4701940287129,1488.7166666666665,129.65827714432103,19.54166527473339,144.8248219463261,0.0,0.0,0.0024358961317274305,6,3
recovered_archive3/248,5.142857142857143,60.285714285714285,1024.0,768.0,0.09973589906795215,0.08415134972420234,0.8226440828416889,0.04810788939351376,0.8652271568873834,1.407285171586612,0.24931720033260976,1.6449265176997392,0.9742882272536179,0.00736794696216459,0.9810502440452539,0.9624781801734787,0.006701866825502787,0.969825927484622,1.0548031889094758,0.2481130002337241,1.2973722602990327,0.7672682509686372,0.031947792757456746,0.79317248543705,1638.8714285714286,1258.2339424692675,2990.5142857142855,133.81326591866565,56.628082385689346,194.65459790925752,0.0,0.0,0.008460271926153274,7,4
recovered_archive3/250,0.8,44.6,1024.0,768.0,0.02428502415458937,0.022417369864178378,0.7578085664091032,0.1242452783079778,0.8535702739349436,2.445012764614742,1.4056306391826319,3.664910337736493,0.9702305211678053,0.01013569246760587,0.9782311622969375,0.9544012037224681,0.012982841343462153,0.9639018741913173,0.9097955486542443,0.24101211072095088,1.1119073498964802,0.7633197903979916,0.01922192612606765,0.7782592165533981,3892.0416666666665,4690.436277596996,8495.1,192.5685424949238,139.6681891247295,325.8181420335882,0.0,0.0,0.005589612325032552,10,3
recovered_archive3/251,9.7,63.0,1024.0,768.0,0.17660092746625256,0.13797208501183886,0.8214929421207704,0.05935165191418939,0.8721147719534993,1.3581017061322744,0.2207115761934861,1.6389136914878406,0.9690052543972203,0.018020734845042234,0.9801762678699427,0.9585333002509591,0.010915058233385507,0.9672460741660568,1.1568788359865316,0.2261534111521079,1.4091109830929256,0.7590695978624793,0.04832905131538487,0.8059976199081811,1015.3718474426807,972.4317571669596,1521.677777777778,114.65574763479555,48.59699135880284,148.77314885603352,0.0,0.003968253968253968,0.014874267578125,10,2
recovered_archive3/252,3.7058823529411766,69.29411764705883,1024.0,768.0,0.052332883636677194,0.04506770643473478,0.778954338358251,0.07141690309141509,0.8422275222824321,1.5174299561599764,0.315144175366719,1.8114210606068017,0.9610948290558585,0.018849117111271966,0.975739505084349,0.9586395469329523,0.008502964508651314,0.9678719383266501,1.2255771566377383,0.28204522653740016,1.5647311052621062,0.7594507097172252,0.05124942038554534,0.8148697205450846,1975.310233406944,1924.0202900829822,3629.1800000000003,141.99212191807823,74.8414532726662,212.48420192331974,0.0,0.0,0.006394180597043505,17,2
recovered_archive3/253,13.6,37.0,1024.0,768.0,0.4015301071822811,0.2707264686532979,0.8139764605151436,0.08861387554838976,0.8825320616363369,1.4201000469472305,0.35016827910901294,1.788147710143614,0.9690132134465008,0.02407788075239401,0.9844203500146216,0.9572877321492952,0.012230318360036,0.9676736853741641,1.1893828038692154,0.2733612617547604,1.519503178932966,0.7538285564238484,0.08139992755513788,0.8197459893461281,2185.7899398116506,2208.7708046208804,4500.5599999999995,165.9878906467357,97.14562855233095,259.9952004110431,0.0,0.0,0.03371493021647136,5,1
recovered_archive3/254,12.875,15.25,1024.0,768.0,1.3359755795030563,0.34455421808362985,0.792652466425684,0.03471790276557252,0.8216882637881613,1.4686881152465967,0.16721623638304858,1.5913508311302071,0.9715647103722468,0.007502144984548438,0.9775894628571068,0.9626533012869922,0.005176068815865781,0.9684542518204851,0.9485199686708189,0.12130594730039336,1.0722561439844598,0.7426359772511092,0.024829116041465593,0.768829430249036,1256.8810285859706,1225.017038752158,2579.521428571429,111.66758472933255,43.85986950483977,164.8928539569262,0.0,0.0,0.03025031089782715,8,0
recovered_archive3/256,3.8461538461538463,60.23076923076923,1024.0,768.0,0.08215948982391827,0.06659817558996452,0.7858931404979715,0.08649516460671935,0.8598988931445873,1.6376103248733933,0.48907702761744387,2.1055200722213425,0.9587414850631647,0.030728697654258286,0.9779924638039884,0.9583843499589982,0.013029318170472487,0.9679479529291412,1.1327358153759124,0.27113887943873677,1.4065456022972131,0.7515720091246725,0.055024858819723355,0.8028786795824939,1891.7903273809525,2021.2596336358986,3897.7291666666665,149.90539848867317,84.09555336116556,238.4481702779034,0.0,0.027083333333333334,0.010632930657802483,13,3
recovered_archive3/257,2.1176470588235294,57.88235294117647,1024.0,768.0,0.04950544752431327,0.0440156668571157,0.7659468274646231,0.04376981167277091,0.8030289349421832,2.08395641030181,0.4999165206327385,2.4718647948943344,0.972463194712319,0.006147002354525508,0.9778733663356065,0.9680440623366923,0.0044337126369729035,0.9720683693026354,1.1169837791677095,0.15437336818124817,1.2543042333855816,0.786796880534244,0.02935478673413447,0.814163506538137,2308.193287037037,2438.3762091434596,4039.408333333333,139.29567528170617,71.69408284427594,194.3770369614551,0.0,0.0,0.006603091370825674,17,4
recovered_archive3/259,0.3333333333333333,44.0,1024.0,768.0,0.011111111111111112,0.010416666666666666,0.6955153584858329,0.019928674745517738,0.711458298282247,1.840236761111977,0.05987800620165995,1.888139166073305,0.9470090424298634,0.010885694412242575,0.9557175979596574,0.9645199389386918,0.006713590214454224,0.9698908111102552,0.5208333333333333,0.020833333333333315,0.5375,0.7355101495726496,0.054420405982905984,0.7790464743589743,220.0,7.5,226.0,63.04163056034261,0.17157287525381193,63.17888886054566,0.0,0.0,9.324815538194444e-05,6,1
recovered_archive3/260,5.583333333333333,47.666666666666664,1024.0,768.0,0.18584591531368824,0.09339546779861484,0.7680283707276807,0.06084412990799631,0.8223753385288676,1.8895079938572084,0.49987583619513914,2.442896925880163,0.9668091513834185,0.014821971500939305,0.9786617269278179,0.9586095658249987,0.005650764716021777,0.9645629188871779,1.1783250694699499,0.2239451856321623,1.4367539100136333,0.7399240541574414,0.04967458702659835,0.7901732475210834,4449.160795454545,718.7376162276092,5223.94375,204.79188507347962,45.39674953160995,254.98895731375947,0.0,0.0,0.011245674557156032,12,0
recovered_archive3/261,8.375,38.0,1024.0,768.0,0.5532775363782811,0.2470849643114063,0.7601504204369435,0.09981410452593356,0.8538688370609984,1.6569825284485076,0.5681405224480938,2.1620185771746288,0.9523117337513773,0.03161372478947161,0.977928932817211,0.9570751440513232,0.012950001243711498,0.969381582352806,1.2832463983581386,0.3563884885676891,1.6497239914174626,0.7193536312731895,0.08642118429455571,0.8029874139320619,1349.9515560940285,1380.596095040425,3025.9500000000003,124.05662186970847,64.15357592147747,202.89470766631973,0.0,0.03992647058823529,0.013506452242533365,16,4
recovered_archive3/262,5.142857142857143,52.714285714285715,1024.0,768.0,0.10175848088551671,0.09034275058536799,0.831873668888264,0.0403026091674369,0.8709481789076866,1.3576854899401418,0.17497033080312965,1.544460763528959,0.9762784358047679,0.009951758393263743,0.9845523505364656,0.9578138338450888,0.006186386014345959,0.9635956027416699,1.1262352346242044,0.1899165635044024,1.3281686393762757,0.7726721408384414,0.03333150258712362,0.8093673931818687,2763.0096371882087,2614.584389374662,4702.050000000001,180.4704794756423,65.97411890098851,241.84224579334747,0.0,0.0,0.02169382004510789,7,0
recovered_archive3/263,4.8,40.1,1024.0,768.0,0.1289306666207613,0.10865720215609023,0.7952284624062816,0.04587895341803899,0.8340654233995215,1.379349227270097,0.1970324249783195,1.610090352022421,0.9559912638875387,0.015755167385654845,0.966743049582603,0.9583545847725474,0.009211827109154216,0.9662139679335089,1.1392532916640503,0.1671882206421818,1.3145158741433043,0.7561793173251325,0.04024731839022273,0.793079477903101,1139.1980952380952,735.579789327801,1984.895,115.51062215661639,36.097732628156656,156.18536715848788,0.0,0.0,0.007410367329915364,10,2
recovered_archive3/264,4.1,41.8,1024.0,768.0,0.08825533776066694,0.078335312626279,0.7760916536570589,0.11517695861044376,0.868720511147108,1.7781027419714257,0.8272044751703933,2.6616569300248476,0.9663353202564757,0.018220240746695905,0.9802661282426343,0.958852745841522,0.010639667839222936,0.967590738827029,1.3038092767595453,0.4691403933289416,1.7662759251557063,0.752301669160661,0.05669838608497248,0.8053589960431886,1192.6489583333332,792.2983058758286,2089.86875,133.21388881803082,57.039052944322776,196.6353363035239,0.0,0.0,0.00601507822672526,10,0
recovered_archive3/265,1.1428571428571428,77.57142857142857,1024.0,768.0,0.01535896076062175,0.014826839826839827,0.6961515295337032,0.0808512535910493,0.7616021901649245,2.2867572319371465,0.8259813760334959,3.0779815313874477,0.9625277060926591,0.007820538304249744,0.9692428517399562,0.9638957040383452,0.008373817046195161,0.9711956747343965,1.2436768899812378,0.5637640677956738,1.7947001617001617,0.7386647428087579,0.07696035631818403,0.8075440971436395,708.8888888888888,517.9994921096719,1179.8999999999999,107.01083849672868,52.394010320152596,156.57950450827832,0.0,0.0,0.001064209710984003,7,4
recovered_archive3/266,1.7272727272727273,67.18181818181819,1024.0,768.0,0.0286326727511466,0.027092019321120677,0.8120802566615873,0.047570265926387245,0.8497076760586635,1.43469823311326,0.2283224776107854,1.6515722414661227,0.9724377705347119,0.01085143098363986,0.9811840742160153,0.9626559800245339,0.0040026691523808115,0.9663539488733967,1.1219696335971747,0.1383542727841328,1.2514240266885026,0.7468834628789323,0.04727852181866572,0.7846671402042895,1281.5260416666667,579.4617219978434,1831.9375,122.05778837154513,33.8388094909909,154.9088274585374,0.0,0.0,0.0028874946363044505,11,3
recovered_archive3/267,5.833333333333333,41.166666666666664,1024.0,768.0,0.11122326115217575,0.09522833368920179,0.8290442586260663,0.04226623483888655,0.8683119107577453,1.3886891839401996,0.2358657124471099,1.6522336406670353,0.9747285088816261,0.008642331470225991,0.9826788076013155,0.9594784865280834,0.005043810715099281,0.9646451292295671,0.895805836935291,0.18809230824371193,1.0609358362917685,0.763056881339631,0.036579959529366435,0.7983092319193252,1031.5973529411765,603.094366853403,1704.4099999999999,115.60855103175706,38.19652423754669,156.2944544550139,0.0,0.0,0.008962843153211806,6,3
