n_miss,n_yolo,img_w,img_h,miss_density,miss_share,miss_circularity_mean,miss_circularity_std,miss_circularity_p90,miss_elongation_mean,miss_elongation_std,miss_elongation_p90,miss_solidity_mean,miss_solidity_std,miss_solidity_p90,miss_convexity_mean,miss_convexity_std,miss_convexity_p90,miss_aspect_mean,miss_aspect_std,miss_aspect_p90,miss_extent_mean,miss_extent_std,miss_extent_p90,miss_area_mean,miss_area_std,miss_area_p90,miss_perimeter_mean,miss_perimeter_std,miss_perimeter_p90,miss_frac_low_circ,miss_frac_low_solidity,miss_area_share,exam_case_id,image_path,fold
2,53,1024,768,0.03773584905660377,0.03636363636363636,0.5449791962309648,0.006934772261791622,0.550527014040398,3.442943278905366,0.3642962387875155,3.7343802699353783,0.9126474670367783,0.026283830673146713,0.9336745315752958,0.9676842834742696,0.009468768614075695,0.9752592983655302,0.36213235294117646,0.04963235294117646,0.4018382352941176,0.7121060924369749,0.05664390756302523,0.757421218487395,69.75,8.25,76.35,40.020815280171306,2.1213203435596384,41.717871555019016,0.0,0.0,0.0001773834228515625,recovered_archive1/1,recovered_archive1/1/CAPorg1.jpg,0
0,41,1024,768,0.0,0.0,,,,,,,,,,,,,,,,,,,,,,,,,,,0.0,recovered_archive1/1,recovered_archive1/1/CAPorg2.jpg,0
1,70,1024,768,0.014285714285714285,0.014084507042253521,0.8832682581797638,0.0,0.8832682581797638,1.0364293248885015,0.0,1.0364293248885015,0.9801734820322181,0.0,0.9801734820322181,0.9637113125864403,0.0,0.9637113125864403,0.9090909090909091,0.0,0.9090909090909091,0.798989898989899,0.0,0.798989898989899,791.0,0.0,791.0,106.08326112068522,0.0,106.08326112068522,0.0,0.0,0.0010058085123697917,recovered_archive1/1,recovered_archive1/1/CAPorg3.jpg,0
0,36,1024,768,0.0,0.0,,,,,,,,,,,,,,,,,,,,,,,,,,,0.0,recovered_archive1/1,recovered_archive1/1/CAPorg4.jpg,0
14,19,1024,768,0.7368421052631579,0.42424242424242425,0.7615624127554795,0.1772349368917718,0.8797926602242593,1.7010869066100422,0.8861034039299993,3.088318714866808,0.9495175678508666,0.07510658916580802,0.983144508308619,0.9604212212218767,0.02078231143892261,0.9807441305926452,1.0393098418655422,0.3661237339851626,1.2684523809523813,0.7028823873170095,0.1333896625957452,0.8134803921568627,2142.6785714285716,2874.6618099671605,4652.9500000000035,178.11945464918867,168.09167691507363,294.17354236737935,0.07142857142857142,0.07142857142857142,0.03814379374186198,recovered_archive1/100,recovered_archive1/100/CAPorg1.jpg,0
14,54,1024,768,0.25925925925925924,0.20588235294117646,0.7494336301774165,0.11574084149178396,0.863205899196282,1.4561282232958457,0.2301869899372101,1.7628535423959968,0.9488444151090256,0.04124285914456699,0.9780111506296264,0.9446702208511215,0.041411624000230046,0.9667913180703268,1.1539607057260672,0.289044411880445,1.5145528650203788,0.7204244420487979,0.09667682183739709,0.8137774993038152,3577.1428571428573,8161.2829861236805,4234.25,188.40988444761598,226.23447133759043,294.4917097816814,0.0,0.0,0.06368001302083333,recovered_archive1/100,recovered_archive1/100/CAPorg2.jpg,0
14,63,1024,768,0.2222222222222222,0.18181818181818182,0.8097365394118915,0.04035177625386776,0.8508677993335246,1.4718876928285887,0.1480784225838955,1.616234406640793,0.9729845038696342,0.006225642225574324,0.9783136589330766,0.96294678419282,0.007154756766186547,0.9727732093369782,1.0220853329069792,0.1946710262413514,1.2983870967741937,0.7158195522614336,0.05282942321379922,0.7829129274799904,633.6071428571429,516.9393850405698,1003.75,93.98224586623,37.16204409482713,125.3065150626205,0.0,0.0,0.011279424031575521,recovered_archive1/100,recovered_archive1/100/CAPorg3.jpg,0
16,75,1024,768,0.21333333333333335,0.17582417582417584,0.7613935514010377,0.1483843327689721,0.865788134126311,1.5527113819862217,0.4719423509364855,2.1594981732169587,0.9491145409923836,0.05579314641772715,0.9806162399512485,0.9499375104370724,0.03729626016170957,0.9683988402670533,1.1364507887052864,0.3006900445132518,1.5769230769230769,0.7048264299014124,0.1072647396941779,0.8238286713286713,920.84375,1380.076738341364,1101.25,119.20718337426628,104.79708583319817,147.12489168102786,0.0625,0.0625,0.01873461405436198,recovered_archive1/100,recovered_archive1/100/CAPorg4.jpg,0
17,21,1024,768,0.8095238095238095,0.4473684210526316,0.7719757128365148,0.09559692744745715,0.8635850843395994,1.6516212564389674,0.4633634577064561,2.232161167858719,0.9680914632017978,0.026556802715537432,0.9829486005393313,0.9592270120741482,0.008653918887083256,0.9701983811836024,1.3104135857341435,0.3892233765430132,1.775,0.726464472211348,0.08575019510999794,0.7849072562258211,980.8823529411765,593.2465643888463,1839.6000000000004,123.51807988455505,42.2264152618888,184.37240969167507,0.0,0.0,0.021203358968098957,recovered_archive1/100,recovered_archive1/100/CAPorg5.jpg,0
9,44,1024,768,0.20454545454545456,0.16981132075471697,0.7982292012471994,0.04322872517356136,0.8480986507655212,1.4146696025645769,0.1578152875258496,1.581890253493619,0.9693161742675124,0.009741143182298939,0.980272357207558,0.9595804853950263,0.0050544577444681495,0.9674329335750105,1.2259555876222545,0.2690684090378647,1.4342857142857144,0.7357551114169669,0.04056176767970378,0.7862417276210381,757.2222222222222,504.1631741538045,1492.5,103.7150712874647,37.259946604505096,159.0905771059771,0.0,0.0,0.008665720621744791,recovered_archive1/100,recovered_archive1/100/CAPorg6.jpg,0
11,33,1024,768,0.3333333333333333,0.25,0.8241770916532863,0.06984954535440968,0.8777816005617552,1.3862425982778068,0.25704623118843645,1.7781373970793621,0.9680229096779953,0.016938438816590563,0.9825383304940369,0.9596624320472196,0.007987872055468546,0.9697094929966561,1.287667691785339,0.2451756840439679,1.6153846153846154,0.7774585426836516,0.05138772394059976,0.822,858.5454545454545,719.1440446981352,1562.5,107.25483399593905,47.7116656808501,172.95331880577407,0.0,0.0,0.0120086669921875,recovered_archive1/100,recovered_archive1/100/CAPorg7.jpg,0
13,47,1024,768,0.2765957446808511,0.21666666666666667,0.7965748301701969,0.07883344697878149,0.8651622069217865,1.5514888213407363,0.38668989849533264,1.8682727242094237,0.9673478457552253,0.020052219644415135,0.9815993753157869,0.9644253141266024,0.009376501311232303,0.9783879145824552,1.537950866337963,0.4101691231006353,1.8,0.7905612859845755,0.04055310658761545,0.8505712957119607,668.0,598.4132865657826,1020.4000000000001,96.17603502535137,40.69299308508818,144.7460028204822,0.0,0.0,0.011042277018229166,recovered_archive1/100,recovered_archive1/100/CAPorg8.jpg,0
5,32,1024,768,0.15625,0.13513513513513514,0.8291767357754953,0.018361339682703974,0.8499677260567192,1.440317033100373,0.20724880268601345,1.6704360374058833,0.9772402854223369,0.006594196580674985,0.9838291481611734,0.9617808718833004,0.004692331231976295,0.9669659627219525,0.7887413594470045,0.13320145279518245,0.94375,0.7805917325919066,0.03465691040791521,0.8190524957555179,961.8,829.9740718841764,1860.7000000000003,112.41463197058371,43.71443181120843,160.88468965567253,0.0,0.0,0.006114959716796875,recovered_archive1/100,recovered_archive1/100/CAPorg9.jpg,0
0,67,1024,768,0.0,0.0,,,,,,,,,,,,,,,,,,,,,,,,,,,0.0,recovered_archive1/31,recovered_archive1/31/CAPorg1.jpg,0
0,64,1024,768,0.0,0.0,,,,,,,,,,,,,,,,,,,,,,,,,,,0.0,recovered_archive1/31,recovered_archive1/31/CAPorg2.jpg,0
0,65,1024,768,0.0,0.0,,,,,,,,,,,,,,,,,,,,,,,,,,,0.0,recovered_archive1/31,recovered_archive1/31/CAPorg3.jpg,0
2,47,1024,768,0.0425531914893617,0.04081632653061224,0.854446001543153,0.030901886333172757,0.8791675106096912,1.2432782686251356,0.11202740623832519,1.3329001936157956,0.9785369802931287,0.005366248585812472,0.9828299791617787,0.9652372155595834,0.009327318796109374,0.9726990705964709,1.004894578313253,0.06739457831325302,1.0588102409638553,0.7652256497901719,0.06602435020982811,0.8180451299580345,2682.25,2482.75,4668.45,166.97413408594537,113.76093065034894,257.9828786062245,0.0,0.0,0.0068213144938151045,recovered_archive1/31,recovered_archive1/31/CAPorg4.jpg,0
3,23,1024,768,0.13043478260869565,0.11538461538461539,0.799260964658166,0.08390144828533828,0.8599135362858162,1.4322876665919857,0.36281604825116837,1.796749330315835,0.9627731170730375,0.021663866993689617,0.9791149913331103,0.960531999239195,0.004649041395226227,0.9651623312365478,1.436842105263158,0.32753028096531034,1.7621052631578946,0.7512930877919436,0.02152116961515077,0.7717532962841888,536.0,434.92125724089414,978.7,83.04569499661586,33.67789638259109,117.38864350760147,0.0,0.0,0.002044677734375,recovered_archive1/31,recovered_archive1/31/CAPorg5.jpg,0
4,94,1024,768,0.0425531914893617,0.04081632653061224,0.8299297843851192,0.016830878892992,0.8450442868494495,1.3460683019073694,0.35898433203782604,1.7314765794477867,0.9586055488348935,0.006615764516056571,0.9651973194341034,0.9704546735786612,0.004161254722378553,0.974986655864889,1.0867498514557337,0.334960172933353,1.4393939393939394,0.7645053475935829,0.026381268780609507,0.7883333333333333,130.5,63.59343519578102,194.5,43.09188309203678,11.707627534856224,54.62741699796951,0.0,0.0,0.00066375732421875,recovered_archive1/33,recovered_archive1/33/CAPorg1.jpg,0
3,65,1024,768,0.046153846153846156,0.04411764705882353,0.8142310658631059,0.08453988566075195,0.8763384686938874,1.3476069029253672,0.2733306908350001,1.6258550385129633,0.9735314174003813,0.004386902978870097,0.9769180829455177,0.9604166522763086,0.0019537226209637476,0.9623864436614689,0.8961096374889478,0.1852031778761484,1.0689655172413792,0.734602634894217,0.07463598914164822,0.8041906130268199,539.0,183.43436610043022,684.1,89.09307353785952,12.626224645727289,99.02884553295681,0.0,0.0,0.002056121826171875,recovered_archive1/33,recovered_archive1/33/CAPorg2.jpg,0
5,22,1024,768,0.22727272727272727,0.18518518518518517,0.714897223444644,0.1006663243781143,0.7815526337511283,1.8395543910541619,0.2892633558360163,2.136473825805947,0.9378366217624501,0.054454023231656976,0.9658760584540833,0.9562570161998677,0.017307156820074814,0.973575147572357,0.7285793229758747,0.2475771738752158,1.0219780219780221,0.718415902863619,0.1404397764101816,0.8409580498866214,1857.8,2704.601922649616,4915.1,147.08225099390853,141.75727640126615,313.3492782986674,0.0,0.0,0.011811574300130209,recovered_archive1/33,recovered_archive1/33/CAPorg3.jpg,0
1,77,1024,768,0.012987012987012988,0.01282051282051282,0.7118917520166916,0.0,0.7118917520166916,2.0225180836474776,0.0,2.0225180836474776,0.9657422512234904,0.0,0.9657422512234904,0.9643281438312564,0.0,0.9643281438312564,1.1333333333333333,0.0,1.1333333333333333,0.5803921568627451,0.0,0.5803921568627451,592.0,0.0,592.0,102.22539674441619,0.0,102.22539674441619,0.0,0.0,0.0007527669270833334,recovered_archive1/33,recovered_archive1/33/CAPorg4.jpg,0
0,44,1024,768,0.0,0.0,,,,,,,,,,,,,,,,,,,,,,,,,,,0.0,recovered_archive1/33,recovered_archive1/33/CAPorg5.jpg,0
0,70,1024,768,0.0,0.0,,,,,,,,,,,,,,,,,,,,,,,,,,,0.0,recovered_archive1/33,recovered_archive1/33/CAPorg6.jpg,0
0,65,1024,768,0.0,0.0,,,,,,,,,,,,,,,,,,,,,,,,,,,0.0,recovered_archive1/33,recovered_archive1/33/CAPorg7.jpg,0
0,57,1024,768,0.0,0.0,,,,,,,,,,,,,,,,,,,,,,,,,,,0.0,recovered_archive1/33,recovered_archive1/33/CAPorg8.jpg,0
19,71,1024,768,0.2676056338028169,0.2111111111111111,0.7334996951347138,0.14825201350578543,0.8444566234871284,1.707651491296864,0.7595329432885689,3.0719927796445017,0.9471064676601286,0.0582761916642487,0.9787986769254406,0.956438152924571,0.014547078180945649,0.9726291767563939,1.197265331701945,0.365260431867581,1.4856140350877192,0.6714551887587368,0.12971690850335138,0.7826949602122016,1163.578947368421,1398.6358698384981,2830.5999999999985,126.12633090263152,68.31807972148762,223.37829714197957,0.0,0.05263157894736842,0.028111775716145832,recovered_archive1/42,recovered_archive1/42/CAPorg1.jpg,0
14,57,1024,768,0.24561403508771928,0.19718309859154928,0.775157737439671,0.06934395416212873,0.8622417534545956,1.6259275219146982,0.4221535027260759,2.106546702792886,0.9681687775571445,0.013647017583946056,0.9816789414712138,0.959869189988485,0.012617009972775622,0.9737395993819941,1.3972051687595584,0.4913151384585546,1.8847222222222222,0.7478971877574018,0.06010938041089893,0.8160863095238096,1494.642857142857,1687.0491400728101,3490.100000000001,133.2092969769579,83.60455544258502,245.08855685242384,0.0,0.0,0.026607513427734375,recovered_archive1/42,recovered_archive1/42/CAPorg2.jpg,0
21,44,1024,768,0.4772727272727273,0.3230769230769231,0.738185194996082,0.13198874384338538,0.855670903253167,1.7745348616745136,0.7461380859630171,2.901682106889584,0.9624683239996434,0.02442614338938793,0.9796116504854377,0.9588719205822923,0.008881650883842138,0.9696588157923157,1.3472644552664006,0.6601567493069224,2.53125,0.735461716961984,0.09076056694075986,0.8091133004926109,1441.357142857143,1671.1855582394273,3039.0,138.9570843790397,78.83228740790909,248.02438661763955,0.0,0.0,0.03848838806152344,recovered_archive1/42,recovered_archive1/42/CAPorg3.jpg,0
14,48,1024,768,0.2916666666666667,0.22580645161290322,0.7528169389931092,0.13073822947528355,0.862948389176419,1.6904301114837845,0.6639029969875059,2.8007544102133086,0.9675224413954746,0.015568879341628325,0.9836588115298035,0.9568308999425819,0.006089091195176693,0.9645907383247433,1.3243421542876033,0.7177376354369877,2.40625,0.717013795831969,0.07296164383972738,0.8027816478965905,1449.7142857142858,1189.9391898371127,2745.55,146.37420111017943,58.75002506956153,215.95159441150375,0.0,0.0,0.025807698567708332,recovered_archive1/42,recovered_archive1/42/CAPorg4.jpg,0
12,36,1024,768,0.3333333333333333,0.25,0.7233116469217835,0.1582376348086884,0.8720469021143203,1.858746377519329,0.8267172979596917,3.048611411249375,0.9597907491794544,0.025175139880667673,0.9814249363867683,0.9563603967211641,0.009395630184096788,0.9652788243100545,1.639336638809936,0.7317239807724051,2.5629464285714287,0.720506874697485,0.10382038214073917,0.800656888750195,1077.75,790.7149323028285,2397.1000000000004,133.18783062034683,64.49989154746541,198.89474016201135,0.0,0.0,0.016445159912109375,recovered_archive1/42,recovered_archive1/42/CAPorg5.jpg,0
14,36,1024,768,0.3888888888888889,0.28,0.7669715107477568,0.09356557717810587,0.8651661136695903,1.745029218307489,0.6705837982604107,2.751976075550201,0.9647222287402567,0.014316260331008914,0.9790118039481687,0.9589257837550712,0.0087884859231543,0.9686092734580709,1.37704144400573,0.6176677622809654,2.047453703703704,0.7517467358292669,0.05517383804245759,0.802109375,896.2857142857143,624.3270009231002,1740.1000000000004,115.60987419225884,46.53951072437425,180.69057710597716,0.0,0.0,0.015955607096354168,recovered_archive1/42,recovered_archive1/42/CAPorg6.jpg,0
15,53,1024,768,0.2830188679245283,0.22058823529411764,0.7849280519801336,0.11054974149364788,0.8789730381387523,1.6176597759691316,0.6606902897443171,2.4266196469780223,0.967548133232625,0.018127569374235385,0.9832133620018072,0.9614343971548603,0.012307035383695982,0.979390344785848,1.221548594116148,0.6884300336710213,2.017142857142857,0.7760192808680121,0.0648873080260858,0.8604656862745098,1130.2333333333333,1220.6680529757282,3221.0,116.15859060834602,73.57551403658233,214.7890619158121,0.0,0.0,0.02155749003092448,recovered_archive1/42,recovered_archive1/42/CAPorg7.jpg,0
15,26,1024,768,0.5769230769230769,0.36585365853658536,0.7268212914296144,0.16363298320249564,0.861404375941603,1.9136222999500199,1.2571899640757336,2.7566562531408234,0.94890193692401,0.04414454360964638,0.9798573729572533,0.9535313319015342,0.01086149081769501,0.963440013984013,1.2884661324669844,0.7489920641169305,1.80625,0.6972202219589884,0.10151472978392234,0.7811078440823933,2603.366666666667,3271.7261166274634,6179.3,195.92063000523257,180.556879071271,304.68165927534255,0.06666666666666667,0.0,0.04965527852376302,recovered_archive1/42,recovered_archive1/42/CAPorg8.jpg,0
6,53,1024,768,0.11320754716981132,0.1016949152542373,0.8049885841932044,0.06612855462049902,0.8717758505952855,1.5121379397963695,0.3932356127592483,2.002045672578141,0.9635852397091912,0.02092047483100677,0.9844662111668624,0.9595343152215504,0.007409687702204242,0.9689766419581858,1.3346819846819846,0.3909058801049351,1.8111888111888113,0.766407609750138,0.04145947422278244,0.8057531923315793,1868.5,2187.002552962997,4841.75,134.8111831820431,99.66446542971588,265.9863273947651,0.0,0.0,0.014255523681640625,recovered_archive1/42,recovered_archive1/42/CAPorg9.jpg,0
11,12,1024,768,0.9166666666666666,0.4782608695652174,0.6915074887041622,0.1329515160714719,0.8294436567829752,1.6573677271454463,0.39602161215308884,2.0320860933789016,0.9330225742358309,0.05583414532860793,0.9807355516637476,0.9424264114883929,0.021425757159002034,0.963224024061315,1.4917656821981398,0.5318897528090181,1.9183673469387754,0.7012623211911813,0.06846469154177989,0.7723431498079385,2455.9545454545455,1730.084357566856,4674.0,205.7010821461755,101.8295871789087,341.4213562373095,0.0,0.09090909090909091,0.03435198465983073,recovered_archive1/44,recovered_archive1/44/CAPorg1.jpg,0
7,18,1024,768,0.3888888888888889,0.28,0.7496765996270266,0.08911217575198488,0.820171850163752,1.7872244887242985,0.49727915475600526,2.311633927238723,0.9691772603306502,0.007783278379035194,0.978323080428344,0.9604562738940928,0.008274037252488733,0.9700948434153476,1.5969775790828422,0.5582042388274796,2.154765291607397,0.7538567003288872,0.05296672382370948,0.8105384199134199,746.3571428571429,720.3455378341363,1400.9000000000005,106.79580493371097,56.17623204973272,159.1709811566878,0.0,0.0,0.0066432952880859375,recovered_archive1/44,recovered_archive1/44/CAPorg10.jpg,0
22,12,1024,768,1.8333333333333333,0.6470588235294118,0.7217073167391705,0.11816023879266313,0.862588492315855,1.6013390663578293,0.44753828233020754,2.1763278619056226,0.9425103539620928,0.049858419932044554,0.9792383410762621,0.9462368921866453,0.02586060563891718,0.9687586090054591,1.2735121855031701,0.4881486503876289,1.6132692307692311,0.7048835160985167,0.09717910843269587,0.8155979512773978,2122.5,2281.9518459583514,4051.9500000000003,177.8860355903034,96.47727872985082,282.4025612106916,0.0,0.0,0.059375762939453125,recovered_archive1/44,recovered_archive1/44/CAPorg11.jpg,0
17,20,1024,768,0.85,0.4594594594594595,0.7461938308520856,0.13633960121920516,0.8690793833423928,1.5985617897877236,0.5782668993396086,1.9827847093629143,0.942610836510282,0.055884023629482596,0.9774136306293986,0.9493430207313553,0.03952348366543896,0.9703765940463278,1.2661233352809453,0.3344225955095638,1.7312500000000002,0.716449372568412,0.07809448028650326,0.80199444233927,1046.9117647058824,1478.593640585282,2396.600000000001,122.52082583715658,98.77611510634405,225.26946596652283,0.0,0.058823529411764705,0.022630691528320312,recovered_archive1/44,recovered_archive1/44/CAPorg12.jpg,0
16,17,1024,768,0.9411764705882353,0.48484848484848486,0.7064412464482079,0.14061428110673688,0.8501717758566537,1.9044046878072713,0.7886742990977361,3.1744858507803797,0.9476929734926058,0.03997468151762832,0.9764379550746396,0.9566719521810174,0.011713714554986009,0.9744749183794703,1.7297371104519237,0.7940007771742952,2.9518774703557313,0.736672660396429,0.05867931227184722,0.7867063492063492,3834.09375,4655.497215049746,11796.25,224.4307944499484,182.79896020139546,472.64318164425754,0.0,0.0,0.07800483703613281,recovered_archive1/44,recovered_archive1/44/CAPorg2.jpg,0
14,17,1024,768,0.8235294117647058,0.45161290322580644,0.6959864899613554,0.1597455619584716,0.8691133375707165,2.05734463908113,0.8810211081487345,2.93550175802301,0.9512853425350764,0.040284603220729555,0.9835745701719307,0.9576459592799417,0.017262124851386947,0.977642302223185,1.7490402179324516,0.60899744769347,2.639893617021277,0.7081237310722137,0.11525020058636957,0.8224728260869565,1441.0,1410.5545262160451,3266.8,150.46629553027552,108.86112509962209,271.9044948090672,0.0,0.0,0.025652567545572918,recovered_archive1/44,recovered_archive1/44/CAPorg3.jpg,0
21,19,1024,768,1.105263157894737,0.525,0.7379603157460443,0.17513439668591138,0.871057482109139,1.6740295128495748,0.9210808494453705,2.4755672910226356,0.9405373949370867,0.07008763037315262,0.980014447387431,0.9530092101740708,0.021625766381240634,0.9675233109284688,1.4912471070864517,0.9950996294133644,2.269230769230769,0.74027935593949,0.08602545632693291,0.7982954545454546,3327.9761904761904,6099.797995242665,8196.0,205.22549636541876,226.22889527892153,437.5046173579948,0.047619047619047616,0.047619047619047616,0.08886655171712239,recovered_archive1/44,recovered_archive1/44/CAPorg4.jpg,0
14,13,1024,768,1.0769230769230769,0.5185185185185185,0.633880126253716,0.17347377975083922,0.8597826593690936,2.138300958435591,0.7445233136535935,3.1290593350175433,0.917878720428415,0.05626697926578044,0.9733839248711768,0.9457040359049351,0.021859733218866247,0.9661817025870431,1.8906186929876978,0.6820409115643332,2.6980769230769233,0.6650132163628989,0.11163758475457472,0.7914826060878692,2121.1071428571427,2735.3390177621195,6718.550000000006,188.36630065795404,145.87202686740673,435.5614716074874,0.0,0.0,0.03775978088378906,recovered_archive1/44,recovered_archive1/44/CAPorg5.jpg,0
20,16,1024,768,1.25,0.5555555555555556,0.781209008547059,0.07988527423299026,0.8582097252575683,1.3999368265500698,0.22355442163722206,1.638901710732838,0.9488077572811541,0.03308687777573178,0.9741710605470832,0.9579953885250662,0.015081263763976501,0.9764754067156071,1.2361891128971345,0.22901178241783465,1.5315789473684212,0.7449148803479023,0.07748635594249378,0.8109304298642535,689.875,967.7185912624599,1131.4000000000005,93.02432534317572,57.51324154658603,143.63788591251904,0.0,0.0,0.01754442850748698,recovered_archive1/44,recovered_archive1/44/CAPorg6.jpg,0
18,14,1024,768,1.2857142857142858,0.5625,0.7235038998151908,0.14305468689301595,0.8848949763341497,1.7259097047847107,0.5397087168888821,2.3810506048765157,0.9439740124704566,0.05876576411606049,0.9796102150537636,0.9486116975293667,0.02989570120948423,0.9752805484019744,1.57801863043969,0.5179176667373913,2.3734735413839894,0.7223387074711236,0.11008830506893702,0.850944055944056,2119.8055555555557,2566.5571737407777,6976.300000000001,171.123933684211,123.59435179106372,390.50075016124356,0.0,0.05555555555555555,0.04851849873860677,recovered_archive1/44,recovered_archive1/44/CAPorg7.jpg,0
18,16,1024,768,1.125,0.5294117647058824,0.7166978949336664,0.1373886492840087,0.8692405474045722,1.676414481309073,0.5352661820756842,2.437112406795482,0.9383601498271763,0.05261985734764501,0.9741440031305033,0.9458088158753706,0.026275900186512966,0.9665716825702955,1.5376194470990578,0.4667174247303337,2.110294117647059,0.7037498282439688,0.0920245599689197,0.814823717948718,1681.0,2220.352680944579,4463.200000000003,152.91248187597992,110.6385048176418,340.22278477229685,0.0,0.05555555555555555,0.03847503662109375,recovered_archive1/44,recovered_archive1/44/CAPorg8.jpg,0
18,19,1024,768,0.9473684210526315,0.4864864864864865,0.7380488703808682,0.16543447438825162,0.8650895057343708,1.544941430499331,0.4920890646128915,2.239356491876435,0.9377319776537215,0.07393011415633696,0.9808323559824283,0.94839686803357,0.036014976725270514,0.9662532264272113,1.4411387890564298,0.5266201694546231,1.997849462365592,0.726382210240991,0.09478932005757856,0.7883888170652877,1651.2222222222222,2168.7420074922998,4432.350000000002,154.00317452219394,112.73371082169848,334.3073518790418,0.0,0.1111111111111111,0.037793477376302086,recovered_archive1/44,recovered_archive1/44/CAPorg9.jpg,0
5,76,1024,768,0.06578947368421052,0.06172839506172839,0.6816683029234559,0.18441644952803632,0.8026189850471649,3.349799024284472,2.654740160864061,6.132360243262571,0.9720985574547019,0.006020489369543026,0.978843541611751,0.9708461710626779,0.005500421725769992,0.9768028798779397,1.4647505126452496,0.714198427474842,2.1136363636363638,0.8026388280426223,0.016945381727004938,0.8221320346320347,6991.6,13095.802802424905,20313.9,292.1685424949238,428.4976323791269,740.3454111019162,0.0,0.0,0.044451395670572914,recovered_archive1/59,recovered_archive1/59/CAPorg1.jpg,0
7,101,1024,768,0.06930693069306931,0.06481481481481481,0.7766707553148707,0.15924029440241033,0.8788541912749118,1.5285046678495307,0.5095635606396731,2.164860842233582,0.9461882446092343,0.05579749693500862,0.9758086953459303,0.9488929242729555,0.04525437819858551,0.9742675641122319,1.4429961008793761,0.43898033237294737,1.9749128919860628,0.7551479128725889,0.07319816076160925,0.8133971291866029,692.0714285714286,747.2284231254393,1565.2000000000005,101.67325287995824,74.95237613551454,181.92733034279186,0.0,0.0,0.0061601003011067705,recovered_archive1/59,recovered_archive1/59/CAPorg2.jpg,0
6,97,1024,768,0.061855670103092786,0.05825242718446602,0.8307375658210098,0.06169685028510143,0.885783072327667,1.3626707178031916,0.21153947425498373,1.6303795735027362,0.9651411507348442,0.013756490119191297,0.9763425925925916,0.9639281274499059,0.005519611550201523,0.9700628650564478,1.236676296927789,0.1619921344805036,1.446623093681917,0.7741767185208149,0.0654266186192441,0.8228163992869875,386.6666666666667,207.04944390705865,636.5,73.86024526791452,24.20172457679331,101.66904755831213,0.0,0.0,0.0029500325520833335,recovered_archive1/59,recovered_archive1/59/CAPorg3.jpg,0
3,112,1024,768,0.026785714285714284,0.02608695652173913,0.7467274406827662,0.09741390624788382,0.8446529121760525,1.5873663176062038,0.535616628437597,2.1289348442218956,0.952765403864586,0.01866879007458087,0.9711644500078258,0.9683957493008682,0.008548400110000012,0.9771134356872756,1.4494949494949496,0.4499912139626816,1.9030303030303033,0.7524760424760425,0.08039270348365911,0.8307202797202797,421.5,352.63295365010913,778.5,78.75567576825294,37.15695812880221,116.64062043356596,0.0,0.0,0.0016078948974609375,recovered_archive1/59,recovered_archive1/59/CAPorg4.jpg,0
0,83,1024,768,0.0,0.0,,,,,,,,,,,,,,,,,,,,,,,,,,,0.0,recovered_archive1/59,recovered_archive1/59/CAPorg5.jpg,0
3,40,1024,768,0.075,0.06976744186046512,0.8211043362895962,0.04315352430607472,0.8650814380513336,1.3502262156641802,0.27200194800594896,1.6182201884028793,0.9747404972905191,0.007755252126800319,0.9817170207182143,0.9593085110141573,0.003595042983199593,0.9629726116962428,1.4033126293995857,0.2946401827589528,1.6593788819875777,0.7694967167258565,0.03258826526881791,0.7958434293449821,2234.6666666666665,2218.4480436156764,4440.400000000001,163.5864837846446,89.08484566562416,252.9762768884263,0.0,0.0,0.008524576822916666,recovered_archive1/59,recovered_archive1/59/CAPorg6.jpg,0
5,23,1024,768,0.21739130434782608,0.17857142857142858,0.7719022194982328,0.04319007248552045,0.8227364289756666,1.6927963624541509,0.16336482756016485,1.8718929567755194,0.9769539013971997,0.007079221795731581,0.9828623728962854,0.9560403769274108,0.009853231508779023,0.9667922506961866,1.6801948051948052,0.1861113173939129,1.8642857142857143,0.7578484209880688,0.04477230592000828,0.7963333333333333,2935.7,2661.851472189987,6291.8,196.9983981546573,105.79186969135678,329.232121011142,0.0,0.0,0.01866467793782552,recovered_archive1/59,recovered_archive1/59/CAPorg7.jpg,0
3,47,1024,768,0.06382978723404255,0.06,0.8540201919108897,0.03554576044013454,0.8838481629560984,1.263829317323829,0.20708068785404732,1.4750082541096952,0.980035488239539,0.0024786276891996324,0.9821088692786407,0.9623041257448112,0.008062189965371211,0.9698292312007327,1.2214285714285713,0.28157719063467174,1.5042857142857142,0.7932193557193558,0.035635354458174916,0.8275649350649351,2291.0,2499.3621519633098,4806.0,156.87243857673425,103.56286285913865,262.17627688842623,0.0,0.0,0.008739471435546875,recovered_archive1/59,recovered_archive1/59/CAPorg8.jpg,0
0,33,1024,768,0.0,0.0,,,,,,,,,,,,,,,,,,,,,,,,,,,0.0,recovered_archive1/59,recovered_archive1/59/CAPorg9.jpg,0
16,23,1024,768,0.6956521739130435,0.41025641025641024,0.787840471913329,0.17814836744746068,0.873092074505071,1.616696574085097,0.9400261527653507,2.1222362380749535,0.9346079547011776,0.15061355759596382,0.9835152222546446,0.9578327000467599,0.012731088721334095,0.9732339480273942,1.2397657013756718,0.38489773776523245,1.8214285714285714,0.7277628608876492,0.16216870326011526,0.818893837738187,1004.78125,1030.1869212785791,2891.5,132.96911517795442,123.594975605719,217.015764646288,0.0625,0.0625,0.02044232686360677,recovered_archive1/67,recovered_archive1/67/CAPorg1.jpg,0
18,16,1024,768,1.125,0.5294117647058824,0.7690542973950065,0.08926212681606875,0.8691857667508396,1.493413829225628,0.302907561627976,1.9091150959190504,0.9567016214605649,0.034414237863656424,0.9853470609037992,0.94875905629911,0.021263902715506103,0.9609881086617137,1.136572387199771,0.3777531780512963,1.6554545454545455,0.7147606032966128,0.0653184824302473,0.8000820528412501,1684.6666666666667,1113.1117169648535,3151.6500000000005,158.3898668266779,63.19003075095363,237.80083681642125,0.0,0.0,0.0385589599609375,recovered_archive1/67,recovered_archive1/67/CAPorg10.jpg,0
13,15,1024,768,0.8666666666666667,0.4642857142857143,0.7705147644483147,0.09134252214297334,0.8411460373541562,1.533260211430626,0.3878745146210103,1.9558031162352763,0.9595596234661131,0.04280619289541171,0.9808997702089226,0.9551970905805176,0.019292191637305292,0.9677094230502092,0.9320171715580264,0.28496693284373076,1.2772200772200772,0.7357037422592942,0.07864883382922595,0.8019260932304411,1109.2307692307693,620.3340172031584,1616.4,132.19712502378948,44.94051122639638,169.2846896556725,0.0,0.0,0.018335978190104168,recovered_archive1/67,recovered_archive1/67/CAPorg11.jpg,0
4,13,1024,768,0.3076923076923077,0.23529411764705882,0.7690671668224393,0.05168919772277149,0.8117809962278993,1.5100228553702129,0.2312353730372263,1.7608060985864702,0.960624290051471,0.014175885016299641,0.9756275851985241,0.9533509360337763,0.005831149811232928,0.9599120224547161,1.144251760359484,0.29870006925919435,1.401602564102564,0.6915772123798662,0.05549922384757394,0.7433681765389083,1321.75,820.4281275651147,2264.15,141.4177848998413,49.43797619831942,198.1932249718464,0.0,0.0,0.006722768147786458,recovered_archive1/67,recovered_archive1/67/CAPorg12.jpg,0
28,13,1024,768,2.1538461538461537,0.6829268292682927,0.7411649263868438,0.10904909666064726,0.8350359167386867,1.6597026949408693,0.49994770863909666,2.5079374473535165,0.9495078248371788,0.03181595204385987,0.9762368031460965,0.9562238570401048,0.014296644269379516,0.9709638137709548,1.3750986179309617,0.4559152979712705,1.8473076923076923,0.7183318206894802,0.08197240888353242,0.7854573934837092,1912.857142857143,6745.192520625791,1260.3500000000004,125.15766330356688,153.83255258234973,150.83443712397835,0.0,0.0,0.06810506184895833,recovered_archive1/67,recovered_archive1/67/CAPorg2.jpg,0
20,13,1024,768,1.5384615384615385,0.6060606060606061,0.7050514677639457,0.1456823941197798,0.8450838201944628,2.5225594257293236,3.095431533091296,2.9397525854468083,0.9549351327486848,0.028702412742755767,0.9783625934743763,0.957965424008254,0.014415795890028307,0.9712397652984939,1.1012509408922004,0.9713309141421371,1.6107351984385185,0.7291420534456545,0.10956303929161967,0.8323333333333334,2404.8,5545.190389878421,2780.7500000000077,172.64427842621188,191.05287232170585,263.19667376038757,0.05,0.0,0.0611572265625,recovered_archive1/67,recovered_archive1/67/CAPorg3.jpg,0
20,20,1024,768,1.0,0.5,0.790242054751966,0.10992963334405204,0.8697806860352886,1.3862994965194086,0.2535372740563993,1.8531971625373012,0.9541806034845667,0.039838556315550055,0.97911443825441,0.9523130836907543,0.03622597308854008,0.9694379532788027,1.0684202483746974,0.2673086509671041,1.3833333333333335,0.7321563514822024,0.08500621349742657,0.8111979166666667,2045.45,5836.401960754588,1804.2500000000005,138.35798692519663,186.60066176646222,170.69545442950505,0.0,0.0,0.05201848347981771,recovered_archive1/67,recovered_archive1/67/CAPorg4.jpg,0
14,11,1024,768,1.2727272727272727,0.56,0.7991814536814363,0.0852214068092917,0.8612997133315622,1.3575400299834224,0.22102123153178438,1.6829619565854046,0.9620442398248562,0.03198365499622673,0.9824007183438835,0.9542507784549464,0.02502683966555644,0.9711663446754133,1.0828542312319327,0.34624638795183965,1.6450450450450451,0.7769260014392512,0.05967888293197788,0.8265119940029985,1058.892857142857,1114.4161216044197,2130.2500000000005,119.68217371431739,68.56483794778205,198.24377336282362,0.0,0.0,0.018850326538085938,recovered_archive1/67,recovered_archive1/67/CAPorg5.jpg,0
29,14,1024,768,2.0714285714285716,0.6744186046511628,0.7894305116012803,0.11188803410236434,0.8677703673796306,1.5759984101342062,0.6894525597003751,2.0885729270209357,0.9677218187543621,0.023746267468122202,0.9811145737539335,0.9584407357485089,0.012530959080522172,0.9762340264674576,1.0462895989638268,0.34180049160834586,1.347143566815698,0.7489253145013335,0.09258952162997038,0.8148148148148148,2066.844827586207,3058.9362617595893,3686.8999999999983,159.44791003855022,117.21160869377862,253.09343417595164,0.0,0.0,0.07621574401855469,recovered_archive1/67,recovered_archive1/67/CAPorg6.jpg,0
10,11,1024,768,0.9090909090909091,0.47619047619047616,0.7961058686486593,0.1193423999266619,0.882212801405286,1.324744669561539,0.3045712194403598,1.8158075083000749,0.9590083070740436,0.04438757686314121,0.985319470426204,0.9477716783585383,0.019036699397693393,0.9612480263956459,1.1895818040258421,0.29557880433335965,1.5039689034369885,0.7396579185942885,0.0774403161956592,0.803082821382725,3029.35,3304.643090032568,4375.249999999996,209.25941546018393,116.92076450181352,299.41475451951123,0.0,0.0,0.03852017720540365,recovered_archive1/67,recovered_archive1/67/CAPorg7.jpg,0
8,9,1024,768,0.8888888888888888,0.47058823529411764,0.7938943081848329,0.05873342434850164,0.8510341839324674,1.6377419791078665,0.36127535977441255,2.062117293509945,0.9772651782352093,0.006104525702531093,0.9840828265495372,0.9561279601065268,0.009169451302748217,0.9651369816068169,1.3446761941600638,0.2052621324188834,1.5538319141058867,0.7395367474009034,0.08992609310539361,0.8136688211939758,4104.125,2853.475170187223,7791.799999999999,239.9195705685754,88.77368825612216,350.6071426749364,0.0,0.0,0.04174931844075521,recovered_archive1/67,recovered_archive1/67/CAPorg8.jpg,0
15,17,1024,768,0.8823529411764706,0.46875,0.821732344389861,0.06386190623507568,0.88712250506393,1.4555987496085778,0.4309233692589257,1.8906949333988035,0.9782716939517508,0.011122944132865426,0.9858562637147034,0.9574854777821387,0.007737888794983036,0.9650293294615453,1.2437126906368394,0.46590912203334167,1.8696969696969696,0.7594623646307415,0.04786093208479372,0.8140286377708978,1982.1666666666667,1489.2945943932277,3696.5,164.81606050557102,58.54032172799861,236.43069247615472,0.0,0.0,0.03780682881673177,recovered_archive1/67,recovered_archive1/67/CAPorg9.jpg,0
0,36,1024,768,0.0,0.0,,,,,,,,,,,,,,,,,,,,,,,,,,,0.0,recovered_archive1/82,recovered_archive1/82/CAPorg1.jpg,0
2,31,1024,768,0.06451612903225806,0.06060606060606061,0.7316982976878338,0.1367542574007634,0.8411017036084445,1.8818887112384384,0.6662274598760431,2.414870679139273,0.9804797039084301,0.0017740671652157758,0.9818989576406028,0.9652773339259885,0.010744035689106979,0.973872562477274,1.838815789473684,0.7861842105263158,2.467763157894737,0.7515977443609022,0.019454887218045114,0.7671616541353383,1139.5,32.5,1165.5,141.5685424949238,11.343145750507631,150.6430590953299,0.0,0.0,0.0028978983561197915,recovered_archive1/82,recovered_archive1/82/CAPorg2.jpg,0
6,25,1024,768,0.24,0.1935483870967742,0.7402359341493967,0.12001406248315202,0.8719517254553333,1.5220066720207683,0.31641946474721844,1.912961323459406,0.9488047224685753,0.03851719862906992,0.9764889391420906,0.9477410898527489,0.035546835894566885,0.9664783897854502,1.0004455583402951,0.2597737237469715,1.3045112781954886,0.696232650642982,0.09335256165939824,0.7941102756892231,2772.25,5243.995588210069,7663.25,161.71761654537852,178.94191071639696,341.4421715174808,0.0,0.0,0.021150588989257812,recovered_archive1/82,recovered_archive1/82/CAPorg3.jpg,0
9,20,1024,768,0.45,0.3103448275862069,0.7937345153126154,0.043872915459261946,0.840905580916877,1.388986069375065,0.21854484002731103,1.5553965397724856,0.9690292966404862,0.0099043148513605,0.9802399755942953,0.9542652923076689,0.005986260230646602,0.9575393811241983,0.8973179480153161,0.2917997852891374,1.0609836065573772,0.7279336082380746,0.06178931945644922,0.8113652445004904,3165.8333333333335,6187.455984130761,5563.800000000003,171.98817530566126,150.1523543221979,252.87434329005077,0.0,0.0,0.03623008728027344,recovered_archive1/82,recovered_archive1/82/CAPorg4.jpg,0
7,25,1024,768,0.28,0.21875,0.8396457967963188,0.04492126600705044,0.8839543608073164,1.2721772945846428,0.11542526232656582,1.396095977270162,0.9754018895937945,0.005729016055970885,0.9828426409288755,0.9593024053596013,0.007420508722902187,0.9670067880644504,0.9072863498795439,0.16025738321935246,1.1142105263157895,0.7560911208335409,0.05153298158856833,0.8028371323565832,1175.0714285714287,934.2882863660533,2467.6,122.74185727143758,56.00276275706851,199.6861181906598,0.0,0.0,0.010459264119466146,recovered_archive1/82,recovered_archive1/82/CAPorg5.jpg,0
7,19,1024,768,0.3684210526315789,0.2692307692307692,0.7763544813188681,0.0915956501834591,0.8827804046355203,1.621049048612743,0.5527094394845363,2.430271120055016,0.9720646363129272,0.010128762252075861,0.9830572651100873,0.9611891291692016,0.008953833678929771,0.9726473665215085,1.0237181505464414,0.5459753838331544,1.5219047619047623,0.7474204016330788,0.06785093660380642,0.810848861283644,3547.5,6764.4642908996975,9243.000000000007,179.7292413064992,189.10203276898451,362.97627688842647,0.0,0.0,0.03157615661621094,recovered_archive1/82,recovered_archive1/82/CAPorg6.jpg,0
0,9,1024,768,0.0,0.0,,,,,,,,,,,,,,,,,,,,,,,,,,,0.0,recovered_archive1/82,recovered_archive1/82/CAPorg7.jpg,0
4,96,1024,768,0.041666666666666664,0.04,0.7989976642388369,0.04308500990696889,0.8460489435250179,1.333565379318591,0.0961577920400879,1.4074632434205347,0.9645457435374911,0.016930283388333012,0.9808064972177922,0.9613924120617293,0.0033067784183351922,0.9649090046683664,1.2932130004498426,0.1631507649230591,1.471153846153846,0.743461511378736,0.029781180940325638,0.7747253234095339,958.875,1003.0308055463701,2059.9000000000005,108.64392129246504,58.54512154655449,174.63860018001262,0.0,0.0,0.0048770904541015625,recovered_archive1/85,recovered_archive1/85/CAPorg1.jpg,0
0,44,1024,768,0.0,0.0,,,,,,,,,,,,,,,,,,,,,,,,,,,0.0,recovered_archive1/85,recovered_archive1/85/CAPorg10.jpg,0
2,35,1024,768,0.05714285714285714,0.05405405405405406,0.8683824129772444,0.021601730169024336,0.8856637971124639,1.1689053985934053,0.04257224530691439,1.2029631948389368,0.9693584483401718,0.016355837374114446,0.9824431182394634,0.9714742495643688,0.012382844583334163,0.9813805252310361,1.075,0.008333333333333304,1.0816666666666666,0.8225160256410255,0.062099358974358976,0.8721955128205128,160.25,22.25,178.05,48.09188309203678,3.9497474683058336,51.25168106668144,0.0,0.0,0.0004075368245442708,recovered_archive1/85,recovered_archive1/85/CAPorg11.jpg,0
0,31,1024,768,0.0,0.0,,,,,,,,,,,,,,,,,,,,,,,,,,,0.0,recovered_archive1/85,recovered_archive1/85/CAPorg12.jpg,0
0,46,1024,768,0.0,0.0,,,,,,,,,,,,,,,,,,,,,,,,,,,0.0,recovered_archive1/85,recovered_archive1/85/CAPorg13.jpg,0
1,71,1024,768,0.014084507042253521,0.013888888888888888,0.8306008380760209,0.0,0.8306008380760209,1.6572623399192012,0.0,1.6572623399192012,0.9812850904553971,0.0,0.9812850904553971,0.9621694298712762,0.0,0.9621694298712762,1.58,0.0,1.58,0.7964556962025316,0.0,0.7964556962025316,3146.0,0.0,3146.0,218.16652224137047,0.0,218.16652224137047,0.0,0.0,0.004000345865885417,recovered_archive1/85,recovered_archive1/85/CAPorg2.jpg,0
1,52,1024,768,0.019230769230769232,0.018867924528301886,0.8683033199244558,0.0,0.8683033199244558,1.2745603489998294,0.0,1.2745603489998294,0.9847257271882053,0.0,0.9847257271882053,0.9585031264990381,0.0,0.9585031264990381,1.2741935483870968,0.0,1.2741935483870968,0.7568395263372806,0.0,0.7568395263372806,3707.0,0.0,3707.0,231.6223663640862,0.0,231.6223663640862,0.0,0.0,0.004713694254557292,recovered_archive1/85,recovered_archive1/85/CAPorg3.jpg,0
1,45,1024,768,0.022222222222222223,0.021739130434782608,0.5503057270382384,0.0,0.5503057270382384,3.568370908173283,0.0,3.568370908173283,0.9743703049049932,0.0,0.9743703049049932,0.9654971334929217,0.0,0.9654971334929217,3.0454545454545454,0.0,3.0454545454545454,0.7479647218453188,0.0,0.7479647218453188,1102.5,0.0,1102.5,158.66904755831217,0.0,158.66904755831217,0.0,0.0,0.0014019012451171875,recovered_archive1/85,recovered_archive1/85/CAPorg4.jpg,0
1,38,1024,768,0.02631578947368421,0.02564102564102564,0.8236115492019357,0.0,0.8236115492019357,1.7164257605133315,0.0,1.7164257605133315,0.9872410936205469,0.0,0.9872410936205469,0.9669414413329499,0.0,0.9669414413329499,1.6170212765957446,0.0,1.6170212765957446,0.833986562150056,0.0,0.833986562150056,2979.0,0.0,2979.0,213.19595949289337,0.0,213.19595949289337,0.0,0.0,0.003787994384765625,recovered_archive1/85,recovered_archive1/85/CAPorg5.jpg,0
1,40,1024,768,0.025,0.024390243902439025,0.825561067666153,0.0,0.825561067666153,1.4706929070842416,0.0,1.4706929070842416,0.9765551143883532,0.0,0.9765551143883532,0.9522938890571805,0.0,0.9522938890571805,1.4680851063829787,0.0,1.4680851063829787,0.7963305581251927,0.0,0.7963305581251927,2582.5,0.0,2582.5,198.26702730475884,0.0,198.26702730475884,0.0,0.0,0.003283818562825521,recovered_archive1/85,recovered_archive1/85/CAPorg6.jpg,0
0,56,1024,768,0.0,0.0,,,,,,,,,,,,,,,,,,,,,,,,,,,0.0,recovered_archive1/85,recovered_archive1/85/CAPorg7.jpg,0
0,38,1024,768,0.0,0.0,,,,,,,,,,,,,,,,,,,,,,,,,,,0.0,recovered_archive1/85,recovered_archive1/85/CAPorg8.jpg,0
0,27,1024,768,0.0,0.0,,,,,,,,,,,,,,,,,,,,,,,,,,,0.0,recovered_archive1/85,recovered_archive1/85/CAPorg9.jpg,0
28,0,1024,768,28.0,1.0,0.7341541183385699,0.12685870748026845,0.8674981570508502,1.8353162503627225,0.7786642289359447,2.4256627573708203,0.9519825697504823,0.03168059229383118,0.9807456657222217,0.959801354448334,0.01047744660367857,0.9712310579843136,1.6478715853096717,0.5278614517845914,2.3600000000000003,0.7235699325194273,0.09197198069269873,0.8145833333333333,707.3392857142857,699.0420620592593,1742.0,101.6421793912051,49.19146815744192,180.09129137347077,0.0,0.0,0.025183995564778645,recovered_archive1/97,recovered_archive1/97/CAPorg1.jpg,0
18,48,1024,768,0.375,0.2727272727272727,0.8128240312322043,0.05169819578143664,0.8563418697889269,1.3627292755746816,0.16732076626006195,1.5572670520464231,0.9688553074787742,0.016073305430694174,0.9814634946867026,0.9551163460394343,0.010774581178984109,0.9630699797615493,1.1988026676027037,0.18800220759937342,1.4230769230769231,0.7185204538177998,0.05393071538475169,0.7620081531371854,1159.0833333333333,722.9106724055039,1905.2,128.37040635859768,43.83352663469848,175.00672426672583,0.0,0.0,0.026529312133789062,recovered_archive1/97,recovered_archive1/97/CAPorg2.jpg,0
14,29,1024,768,0.4827586206896552,0.32558139534883723,0.8118794968979725,0.0677211223923012,0.8698350316593865,1.3791178401834607,0.21538566827344577,1.5346636158017828,0.9719487647545358,0.014829277156318592,0.9820909517112052,0.9537424259318286,0.011194112944528933,0.963177342747111,1.1750769681442246,0.1644998518832442,1.3068181818181819,0.7155009404083641,0.07349317390105861,0.7876004648963834,1784.392857142857,2156.817167052376,2037.5000000000002,154.34179024720356,85.05427537659611,173.51799410394662,0.0,0.0,0.03176561991373698,recovered_archive1/97,recovered_archive1/97/CAPorg3.jpg,0
4,18,1024,768,0.2222222222222222,0.18181818181818182,0.63992257375087,0.03126822085709586,0.6732242312614424,1.9929912133872016,0.18778795762395165,2.1899577450257537,0.9563603374045292,0.006160021833565023,0.9632572515454112,0.9503130776191149,0.0025388027573044944,0.9525963874141473,1.369533018923263,0.1487815403347894,1.4915343915343917,0.5594015425644332,0.02995065947299307,0.5914923282362798,661.625,217.42480740476694,898.9000000000001,112.66473657263637,19.025534879202958,132.49057710597708,0.0,0.0,0.003365198771158854,recovered_archive1/97,recovered_archive1/97/CAPorg4.jpg,0
7,39,1024,768,0.1794871794871795,0.15217391304347827,0.7705947025005365,0.08499770447714512,0.8499576555127898,1.5316556151441791,0.46890314109654685,2.2042881321374974,0.9744880481663554,0.006877715607966707,0.9804873842065542,0.9556749092366285,0.005601913135645728,0.9620953136471125,1.3096320180135905,0.4616111226496494,2.013333333333333,0.7178655718948622,0.04326702369227028,0.7581923596008103,2043.642857142857,1411.8770361848524,4190.4,172.2348277698422,56.86046050836092,251.31109652686536,0.0,0.0,0.018190383911132812,recovered_archive1/97,recovered_archive1/97/CAPorg5.jpg,0
0,20,1024,768,0.0,0.0,,,,,,,,,,,,,,,,,,,,,,,,,,,0.0,recovered_archive1/97,recovered_archive1/97/CAPorg6.jpg,0
2,0,1024,768,2.0,1.0,0.6553612862139118,0.06765914530436073,0.7094886024574004,1.835674066757145,0.488501188951586,2.2264750179184136,0.946064466654738,0.005853940338948982,0.9507476189258971,0.9528564451828764,0.009614133685932336,0.9605477521316222,1.7179347826086957,0.45706521739130423,2.083586956521739,0.6881496751624188,0.0464830084957521,0.7253360819590206,2096.5,136.5,2205.7,201.53910524340097,16.97056274847715,215.1155554421827,0.0,0.0,0.005331675211588542,recovered_archive1/97,recovered_archive1/97/CAPorg7.jpg,0
18,25,1024,768,0.72,0.4186046511627907,0.7517481306797749,0.09791244615970068,0.8420109689438566,1.5480953191034013,0.3492935635744067,1.9301890562446635,0.9479627767334721,0.03452122293657023,0.9723619373835711,0.9528433196514096,0.018285885348813116,0.9701997316620578,1.2597774899809353,0.4137813279503058,1.8383771929824564,0.7139613923417869,0.07014615252451523,0.7850303030303031,1026.8055555555557,1300.0809605013162,3201.8500000000004,115.2124778877855,78.87334784671269,250.86530291048848,0.0,0.0,0.02350171407063802,recovered_archive2/101,recovered_archive2/101/CAPorg1.jpg,0
3,4,1024,768,0.75,0.42857142857142855,0.5466142545024018,0.09610251837849161,0.6419143929148068,2.524774911896474,0.8461322747621158,3.374655859325293,0.9341173777494752,0.029981493591075315,0.9560297925729023,0.9428021199735257,0.014706299301768129,0.9572471252725517,0.5195801523546857,0.11837504202510422,0.6380172292049145,0.5737429179682475,0.05169211346876292,0.6130178889258548,1883.5,579.6073383478393,2344.3,206.31440584600247,33.95678246101646,240.41404025201768,0.0,0.0,0.0071849822998046875,recovered_archive2/101,recovered_archive2/101/CAPorg2.jpg,0
11,12,1024,768,0.9166666666666666,0.4782608695652174,0.8011639601947625,0.10633785429909955,0.887121554061382,1.6255154481024383,1.0268677346672588,1.8232251945792015,0.9690561704510351,0.026999940519755426,0.9859015931199773,0.9523504120965506,0.012756144290304194,0.9592563108226305,1.2293185769042623,0.2966772919806835,1.6793893129770991,0.7523961182597259,0.04600757822030697,0.7963888888888889,4122.590909090909,5326.465823935579,10309.5,230.01746675893511,167.6315273807173,435.7472580451141,0.0,0.0,0.0576635996500651,recovered_archive2/101,recovered_archive2/101/CAPorg3.jpg,0
15,18,1024,768,0.8333333333333334,0.45454545454545453,0.8153231281622043,0.10727259435500804,0.8774502122605535,1.3567307169175016,0.32882937164369835,1.683576736658159,0.9616055718127232,0.03662716541477594,0.9823954894488139,0.9570993757760128,0.02329943109517633,0.9755836955173338,1.1363715316076335,0.35855110227516274,1.574943396226415,0.7804670898222258,0.0846390542576595,0.8449969966406871,1428.3,1442.6240304851897,3276.2,130.72752758231383,94.58242038950756,241.54885989045678,0.0,0.0,0.027242660522460938,recovered_archive2/101,recovered_archive2/101/CAPorg4.jpg,0
10,27,1024,768,0.37037037037037035,0.2702702702702703,0.762289812935502,0.1251401550765959,0.8853847756184391,1.6452802051248845,0.7814519710604171,2.251791662798277,0.961508170830632,0.023716866158025856,0.9831427205321276,0.95625270136129,0.01799643953275015,0.9668803998730465,1.4218198898498868,0.7691615085377641,2.359512195121951,0.7600981400551713,0.05534263611442633,0.8057126696832579,931.05,828.9200338392118,1538.5999999999995,115.39036790187177,56.9659946242474,151.14427842621183,0.0,0.0,0.011838912963867188,recovered_archive2/101,recovered_archive2/101/CAPorg5.jpg,0
8,25,1024,768,0.32,0.24242424242424243,0.829836147200064,0.055779447738253926,0.875407312783898,1.305920344499906,0.23155688082111936,1.667345159328643,0.9665185212858318,0.014456892955165192,0.9805015429330082,0.9619201207095718,0.008965718625226755,0.9692133660484125,1.045161185621712,0.2657460824302047,1.3391891891891892,0.7937805057997496,0.026976309302281724,0.813823397865951,768.6875,617.6730495122399,1567.05,98.77475644174329,47.58261298176515,156.55260453828043,0.0,0.0,0.007819493611653646,recovered_archive2/101,recovered_archive2/101/CAPorg6.jpg,0
6,42,1024,768,0.14285714285714285,0.125,0.7478367441591613,0.15991975850129125,0.8839081697992397,1.6717009947306585,0.8317893859471434,2.7354184850040486,0.9599876750711734,0.030611652416544552,0.9792063974348209,0.9569094224922291,0.007725878987957152,0.9643355347806595,1.5715068990559182,1.1386504263706079,2.7991830065359475,0.7608390251451,0.09937206649466829,0.8632100882574694,5090.75,9832.30105210203,14125.5,231.0566978596129,287.55039758012947,512.6101730552664,0.0,0.0,0.03883934020996094,recovered_archive2/103,recovered_archive2/103/CAPorg1.jpg,0
11,21,1024,768,0.5238095238095238,0.34375,0.8077390268404333,0.079924277579329,0.8776540304502884,1.274323910654873,0.19760448233161004,1.4979705169532282,0.959623245856249,0.034616683926552066,0.9836691086691086,0.9493931625478144,0.01560252847710259,0.957712978417644,1.0793135491019479,0.24322772446488386,1.2173913043478262,0.7369098523988034,0.046627773682472555,0.7872340425531915,1717.5,1121.3175488926165,3222.5,156.7715006239559,61.747861691231,216.55129855222071,0.0,0.0,0.024023056030273438,recovered_archive2/103,recovered_archive2/103/CAPorg2.jpg,0
12,15,1024,768,0.8,0.4444444444444444,0.8142518561560071,0.050546869730119834,0.8739300850200469,1.3959294089475238,0.23059384196938446,1.6865630521584414,0.9751143846506007,0.007523208051259433,0.9838725182560771,0.9587731064104835,0.005873812659929125,0.964239269567936,1.216869816528895,0.2709577448252355,1.5140350877192983,0.7499625974535454,0.06296475028185158,0.8361326530612245,1320.7916666666667,978.4782926039913,2373.7000000000003,134.72192753105432,52.0576722814735,189.08367952889589,0.0,0.0,0.02015368143717448,recovered_archive2/103,recovered_archive2/103/CAPorg3.jpg,0
13,19,1024,768,0.6842105263157895,0.40625,0.7618712356265445,0.08543284303258983,0.8493239434188463,1.5862917612548044,0.36681855100997385,2.0974558209715943,0.9623596129214577,0.01982888163107422,0.9800245263807235,0.9585867253806305,0.010005665088400183,0.9760023630281321,1.2756737800640239,0.3432214868903295,1.7084848484848485,0.7307079572500208,0.09424719569784035,0.8496521620313024,912.0769230769231,527.8118052631525,1553.1,116.93808407239354,35.40050150084287,153.52590180780456,0.0,0.0,0.015076955159505209,recovered_archive2/103,recovered_archive2/103/CAPorg4.jpg,0
17,20,1024,768,0.85,0.4594594594594595,0.7640923505278935,0.05023621910082031,0.8256146072626422,1.4346854958643749,0.18320789140126847,1.65715187497208,0.9629787473377301,0.016933215283057943,0.979770689242543,0.9545856915261772,0.0078122320667621875,0.9602098503983819,1.0702998191780142,0.2675273956619069,1.413970588235294,0.7136955925802657,0.05460584585402035,0.7790511201389502,1633.8823529411766,1214.211587935487,2362.9,157.2299973612869,53.47749403231003,194.88468965567256,0.0,0.0,0.035319010416666664,recovered_archive2/103,recovered_archive2/103/CAPorg5.jpg,0
20,29,1024,768,0.6896551724137931,0.40816326530612246,0.8115689966850264,0.06112117378196614,0.8716675225844439,1.2866118219643297,0.2523281290182255,1.5143362844088977,0.9730849652180404,0.017438194564678187,0.9838465982274638,0.953659901002488,0.010607906908447921,0.9614340561511918,1.1788996538742684,0.28139582884927017,1.4400000000000002,0.7553069736107745,0.03713708157341074,0.7972689792663477,1891.675,829.7691738519815,3102.6000000000004,167.38971490884197,45.18379275222083,242.75129855222073,0.0,0.0,0.04810778299967448,recovered_archive2/103,recovered_archive2/103/CAPorg6.jpg,0
23,34,1024,768,0.6764705882352942,0.40350877192982454,0.7760982731528925,0.10673463721382924,0.875635680543348,1.6077967255196455,0.7144127250816993,2.184283118186245,0.9721959374189858,0.022528197759146915,0.9852706340235561,0.954403485909306,0.013144209194575127,0.9678669112410015,1.1576269780919533,0.39178291753070604,1.5778259299386062,0.7373432570552312,0.06438834739244288,0.7913417925343218,2913.804347826087,2738.8501028046917,4877.700000000002,209.51531765774385,92.11659549330545,309.69242404917503,0.0,0.0,0.08521715799967448,recovered_archive2/103,recovered_archive2/103/CAPorg7.jpg,0
21,29,1024,768,0.7241379310344828,0.42,0.7915364418168455,0.07956427864567485,0.8568877007899185,1.4395710753010806,0.3616593318316774,2.0475442863414255,0.9698012397563902,0.02132676403256259,0.9822530864197536,0.9511430978585486,0.011352453115612615,0.9584971252596461,1.232890069891543,0.32780109193531626,1.6521739130434783,0.7361736043838453,0.06587436860788538,0.7887820512820513,2242.0238095238096,1204.516317430742,3283.0,185.57725200122366,56.15379290702608,242.30865786510145,0.0,0.0,0.05986849466959635,recovered_archive2/103,recovered_archive2/103/CAPorg8.jpg,0
3,65,1024,768,0.046153846153846156,0.04411764705882353,0.4801687361239145,0.2776305243816876,0.7533809791123288,4.106150921541989,2.918591089918809,7.079539060847052,0.8384952656801556,0.13156101475988272,0.9571129422592913,0.9239948277890789,0.03341245496822111,0.9547507640146543,2.601260944629424,1.0159230364655667,3.603403625601184,0.57970634786088,0.25191446720821015,0.7755028083274476,2706.6666666666665,1907.590160968079,4639.0,305.2040883654399,149.8034020925588,430.9409521865989,0.3333333333333333,0.3333333333333333,0.010325113932291666,recovered_archive2/108,recovered_archive2/108/CAPorg1.jpg,0
0,30,1024,768,0.0,0.0,,,,,,,,,,,,,,,,,,,,,,,,,,,0.0,recovered_archive2/108,recovered_archive2/108/CAPorg2.jpg,0
4,55,1024,768,0.07272727272727272,0.06779661016949153,0.8663183968934676,0.009909308500487823,0.8757196598501814,1.2361495057216758,0.038503480400868255,1.279088594624024,0.9813834068462519,0.0019065088061332777,0.9832639245253224,0.957184272549648,0.003699251528437012,0.9609624566444541,1.1371751660495064,0.07201436917179586,1.1999316005471956,0.7676763163626714,0.02129742197168864,0.7911323692267604,1582.5,314.91685410596875,1842.9,150.74621202458752,16.601105899547058,164.416060505571,0.0,0.0,0.00804901123046875,recovered_archive2/108,recovered_archive2/108/CAPorg3.jpg,0
4,34,1024,768,0.11764705882352941,0.10526315789473684,0.7729488807035367,0.13595951112290758,0.8669490609271083,1.6166490925224428,0.5078130296070434,2.1682919016723985,0.9586735837791385,0.037090194603608385,0.982558863527279,0.9489037177883606,0.013378816895842784,0.9582458615818586,1.5560548868475699,0.5181530709083068,2.1135501355013555,0.7665089151240099,0.03698106529325916,0.8002027657836387,2896.0,1297.5730711601564,4359.05,219.63098833543776,72.53653055958081,299.8123158577474,0.0,0.0,0.014729817708333334,recovered_archive2/108,recovered_archive2/108/CAPorg4.jpg,0
2,50,1024,768,0.04,0.038461538461538464,0.874473397628838,0.00019415380229104162,0.8746287206706709,1.1729224907681515,0.013380844205348907,1.1836271661324307,0.979222930629689,0.0011170243160416593,0.9801165500825223,0.9612254475859983,0.0037300759961090835,0.9642095083828855,1.1506390748630553,0.07516737674984786,1.2107729762629338,0.8038261737728374,0.011538851694055607,0.8130572551280819,1677.0,716.5,2250.2,151.46803743153546,33.97056274847714,178.64448763031717,0.0,0.0,0.00426483154296875,recovered_archive2/108,recovered_archive2/108/CAPorg5.jpg,0
3,57,1024,768,0.05263157894736842,0.05,0.8213046079654706,0.01976824416334294,0.8405105291663936,1.3320906776716313,0.24374522359612225,1.5573245641499778,0.9727173548329983,0.01305465956358446,0.9841208591990342,0.9655444900933455,0.010524572052733503,0.9750218851103069,1.3134920634920635,0.24826178285106437,1.5523809523809524,0.7974897119341563,0.04075558818282671,0.8390123456790123,1059.5,807.1765606111218,1847.3,112.50728710023263,60.853656276696775,167.32489168102788,0.0,0.0,0.0040416717529296875,recovered_archive2/108,recovered_archive2/108/CAPorg6.jpg,0
5,33,1024,768,0.15151515151515152,0.13157894736842105,0.8206165961178471,0.0595476100817161,0.8676345169581221,1.395432266624655,0.24349277020129276,1.6935221057670893,0.965402029194068,0.010624007300933422,0.9778117504897558,0.9590333568428802,0.014412047542819504,0.9726090090588686,1.0907414591054865,0.33721192672831357,1.4882376663530046,0.7710026426746591,0.030932224787968515,0.8054680060547681,7780.5,14563.464035043311,22810.800000000003,217.01505037879434,299.97210856335494,549.2045307028171,0.0,0.0,0.04946708679199219,recovered_archive2/112,recovered_archive2/112/CAPorg1.jpg,0
16,33,1024,768,0.48484848484848486,0.32653061224489793,0.7011837261808931,0.18917094039274118,0.8705735969918182,2.12288374960902,1.330730268895066,3.366872683061496,0.9397496071811274,0.054459051994691365,0.979016501408657,0.9539739467063033,0.02854952084127681,0.9776486751778344,1.430714606370863,0.8026913014861022,2.232439335887612,0.7325253069266111,0.1021054378447554,0.8253205128205128,3101.15625,8684.74197176928,2075.0,165.6976685685477,175.9074145905702,237.19595949289334,0.0625,0.0,0.06309318542480469,recovered_archive2/112,recovered_archive2/112/CAPorg2.jpg,0
1,17,1024,768,0.058823529411764705,0.05555555555555555,0.843897045822292,0.0,0.843897045822292,1.531250789897284,0.0,1.531250789897284,0.9763779527559057,0.0,0.9763779527559057,0.9687569534308331,0.0,0.9687569534308331,1.380952380952381,0.0,1.380952380952381,0.8144499178981938,0.0,0.8144499178981938,496.0,0.0,496.0,85.94112549695427,0.0,85.94112549695427,0.0,0.0,0.0006306966145833334,recovered_archive2/112,recovered_archive2/112/CAPorg3.jpg,0
2,37,1024,768,0.05405405405405406,0.05128205128205128,0.5841187239932631,0.09740685001550589,0.6620442040056679,2.679797656598398,0.4828676137605665,3.066091747606851,0.9476952440714319,0.008301304677489296,0.9543362878134234,0.9695063895232722,0.002518002285835541,0.9715207913519406,1.2425,0.8825000000000001,1.9485000000000001,0.7066748366013071,0.09111928104575168,0.7795702614379085,331.25,222.75,509.45,82.16295090390226,37.4350288425444,112.11097397793777,0.0,0.0,0.0008424123128255209,recovered_archive2/112,recovered_archive2/112/CAPorg4.jpg,0
5,52,1024,768,0.09615384615384616,0.08771929824561403,0.7765255854167098,0.11155289790598873,0.8787751478475847,1.4256569186439674,0.3871974832362385,1.8527294532096086,0.9627946190127152,0.033075368221687634,0.9820339535542733,0.9518606400549687,0.021589879696524022,0.9676888981264468,1.2488162393162394,0.3742693448298471,1.7065000000000001,0.7318037047626655,0.06367884758439876,0.7732434373775631,1188.8,554.7253915226884,1806.7,136.03128419472077,40.77353369179035,181.28468965567254,0.0,0.0,0.007558186848958333,recovered_archive2/112,recovered_archive2/112/CAPorg5.jpg,0
10,30,1024,768,0.3333333333333333,0.25,0.804553719360141,0.07141945623090874,0.8647972401871237,1.5156875828218308,0.5240646822579467,2.4458602522219466,0.9702454355689063,0.013894388940178432,0.9832929899072634,0.955415362767102,0.008133649136906779,0.9645231047260237,1.2527596787430209,0.41594081929457477,2.0498975934459804,0.7459859083458074,0.03013203638029051,0.7748032969203912,2291.1,2177.1824774235165,6125.349999999999,171.67047609329944,98.2042004579841,338.7922148450697,0.0,0.0,0.029132843017578125,recovered_archive2/112,recovered_archive2/112/CAPorg6.jpg,0
18,37,1024,768,0.4864864864864865,0.32727272727272727,0.8034704668987502,0.07162688144220349,0.8651952420440472,1.4760231694404877,0.30846746669211417,1.9976566995760257,0.9612189668479915,0.02411052060335482,0.9822149735942852,0.963072649788522,0.011391950303870692,0.9780613571123862,1.2143621047340143,0.3060784049076903,1.747878787878788,0.7626722804491496,0.08676359282698673,0.8491540404040404,736.0555555555555,807.1953826691956,1502.5000000000002,95.87085131563731,56.61460654766064,161.27880220536798,0.0,0.0,0.016846974690755207,recovered_archive2/112,recovered_archive2/112/CAPorg7.jpg,0
1,24,1024,768,0.041666666666666664,0.04,0.6380941692382819,0.0,0.6380941692382819,3.3578406033115082,0.0,3.3578406033115082,0.968692108188218,0.0,0.968692108188218,0.9587771494335781,0.0,0.9587771494335781,0.5796178343949044,0.0,0.5796178343949044,0.7319941205291524,0.0,0.7319941205291524,10458.0,0.0,10458.0,453.82337649086287,0.0,453.82337649086287,0.0,0.0,0.01329803466796875,recovered_archive2/112,recovered_archive2/112/CAPorg8.jpg,0
4,22,1024,768,0.18181818181818182,0.15384615384615385,0.8363469681486205,0.04136213803274579,0.8744074788284738,1.2035301492422874,0.1315525631740046,1.3536018357582118,0.9702689006619629,0.01139012861380146,0.9782404483381706,0.9675114937630305,0.008260168763764364,0.975827019171875,1.0717348292426732,0.1915169831729102,1.2878787878787878,0.7620451857550409,0.047890841004235095,0.8095849802371542,1540.25,2323.5415990465935,4011.150000000001,113.24011537017762,109.60312008144051,233.36134905855957,0.0,0.0,0.007834116617838541,recovered_archive2/112,recovered_archive2/112/CAPorg9.jpg,0
6,66,1024,768,0.09090909090909091,0.08333333333333333,0.7238677315359067,0.16388565033530353,0.8781603645372862,2.0824001741391123,1.0384269402045927,3.4943459138315243,0.9602788149228019,0.020905897818619096,0.9790850511561117,0.9635054636907006,0.005482304179205559,0.9690737550010461,1.7397418630751966,1.1588901302201096,3.3499999999999996,0.7497805345111953,0.037550407793941795,0.7924273820191159,648.25,315.67437732575,964.75,106.77649104842425,40.04545276453773,155.96194077712562,0.0,0.0,0.0049457550048828125,recovered_archive2/115,recovered_archive2/115/CAPorg1.jpg,0
0,75,1024,768,0.0,0.0,,,,,,,,,,,,,,,,,,,,,,,,,,,0.0,recovered_archive2/115,recovered_archive2/115/CAPorg10.jpg,0
3,55,1024,768,0.05454545454545454,0.05172413793103448,0.8475717525647458,0.01857495459710448,0.8622735081981785,1.361960410121269,0.08735754145330146,1.4497019011409429,0.9835553715557054,0.0020299935891525444,0.9856152759917176,0.9568034991189299,0.0042956707829494055,0.9610347014784758,1.3444246444246444,0.07590414928614904,1.4218315018315018,0.7897944982236812,0.0018006856945877307,0.7915276656138526,3202.3333333333335,2659.1192255247893,5843.900000000001,201.40509849221652,88.37723610641102,289.40815280171313,0.0,0.0,0.012215932210286459,recovered_archive2/115,recovered_archive2/115/CAPorg11.jpg,0
23,75,1024,768,0.30666666666666664,0.23469387755102042,0.718922077533569,0.15596328543728613,0.8787257378029804,1.8272736960227656,0.7958114635238703,2.6921799176376093,0.9477787164835623,0.045946689881751296,0.9832315106833232,0.9569565815015615,0.01623371176767484,0.9734702512999555,1.4392057718141544,0.7756874111908072,2.490566037735849,0.7162022340618586,0.09084177760255896,0.8114906832298137,1124.8478260869565,1117.7674802420129,2241.3,133.172868361733,81.97420028489732,224.91311678041873,0.0,0.0,0.0328973134358724,recovered_archive2/115,recovered_archive2/115/CAPorg2.jpg,0
24,56,1024,768,0.42857142857142855,0.3,0.7671376340943703,0.09852490293241743,0.8553438046873996,1.397487645222667,0.2884931453016503,1.6598066616783362,0.9493643802353091,0.04761033789942947,0.978613873658786,0.9571946365880967,0.021881618081039184,0.97166708959657,1.0714705887186617,0.3204924891454951,1.5315614617940199,0.7236239047194646,0.07390805321156753,0.8025,1081.4375,1798.4169387761792,1925.1,109.24472396730907,85.20986909481456,182.5758584802157,0.0,0.041666666666666664,0.03300285339355469,recovered_archive2/115,recovered_archive2/115/CAPorg3.jpg,0
6,14,1024,768,0.42857142857142855,0.3,0.8233006103249165,0.03406538228054205,0.8617513741327827,1.4234503755165913,0.15927742124198052,1.5852855511257928,0.9733377007211007,0.0065660578341965,0.9800216516651341,0.9601032203956592,0.003571588535600836,0.9648782366684252,1.1598299003379708,0.2981699400609275,1.4665621734587253,0.7643149766528617,0.03731682786826368,0.8025600391671821,1129.6666666666667,570.4584170257772,1785.0,127.09713797413276,34.757904541326454,163.95331880577407,0.0,0.0,0.008618672688802084,recovered_archive2/115,recovered_archive2/115/CAPorg4.jpg,0
16,60,1024,768,0.26666666666666666,0.21052631578947367,0.8241625977334464,0.05956584115650521,0.8928852360930204,1.2995347306268172,0.21530491892835044,1.511247931563425,0.9674313770859169,0.016490074935181693,0.9845573111443529,0.962707053342149,0.011490542468657217,0.9770164597341136,0.8972455371173237,0.14305274973330934,1.0646853146853146,0.7537169018819239,0.06546540051885721,0.8208333333333333,597.34375,491.0273897258049,1310.25,88.91124182824791,40.43659279161049,152.58935777509515,0.0,0.0,0.012152989705403646,recovered_archive2/115,recovered_archive2/115/CAPorg5.jpg,0
11,28,1024,768,0.39285714285714285,0.28205128205128205,0.8070000568480279,0.0726811254509054,0.8867909172064823,1.3755453713997547,0.33595278694518405,1.5344410145783627,0.9693893961785193,0.012290588136420356,0.9820390913893291,0.9581291173121559,0.005153838713431491,0.9640649965556785,0.879851390459968,0.2234381039782222,1.125,0.741126269522482,0.04917783574675985,0.7902334152334153,1160.909090909091,1009.997993206418,2074.0,124.94510027889933,48.58228072839107,195.19595949289334,0.0,0.0,0.016237894694010418,recovered_archive2/115,recovered_archive2/115/CAPorg6.jpg,0
6,89,1024,768,0.06741573033707865,0.06315789473684211,0.8408506394434331,0.017245639683184318,0.859551333249378,1.3316999306780242,0.07634824965442812,1.4108032508979074,0.9707379443043616,0.010142779907712552,0.9815401985043333,0.9634868505626509,0.005419912118917146,0.9704757917174562,1.2777194676381984,0.17527896373370563,1.4281045751633987,0.7824391541185056,0.021777804318782276,0.8086300309597523,371.0833333333333,205.70679308720514,588.75,71.81980515339465,19.977717258427106,92.1335136523794,0.0,0.0,0.002831141153971354,recovered_archive2/115,recovered_archive2/115/CAPorg7.jpg,0
10,79,1024,768,0.12658227848101267,0.11235955056179775,0.7710275819824454,0.16614161180548323,0.8670111479526721,1.5257375734766532,0.5859041183018447,1.7696369629339928,0.9368761094596783,0.08141647387265327,0.9833629893238442,0.9553329882668933,0.02028809727801841,0.9664987526526729,1.4324006875477464,0.5426213328324788,1.6499999999999995,0.7408388776006114,0.09696104668560511,0.8097361532928389,1099.45,1399.6465169820558,1717.1499999999987,123.39036790187178,94.37577209860108,165.9266160752981,0.0,0.1,0.013980229695638021,recovered_archive2/115,recovered_archive2/115/CAPorg8.jpg,0
18,86,1024,768,0.20930232558139536,0.17307692307692307,0.8079842265148098,0.09302912016961211,0.8777313912294381,1.319403935535241,0.2825723069658897,1.4903168282298327,0.9590338031298375,0.030384664747632156,0.9798915842507936,0.9588555295945128,0.016690311324745816,0.9737470613083106,1.0512537713966663,0.2985181734607166,1.2744827586206897,0.7440956275917388,0.06652837572893024,0.8055434782608696,622.6944444444445,698.1785456713794,1203.5500000000002,90.32087937471444,55.144193528662825,144.97514421272206,0.0,0.0,0.014252344767252604,recovered_archive2/115,recovered_archive2/115/CAPorg9.jpg,0
10,65,1024,768,0.15384615384615385,0.13333333333333333,0.8297978937210567,0.08430912739738015,0.8918814535610701,1.3463112459054998,0.23754029432736015,1.533771530864369,0.9669092303586977,0.019702443727427053,0.9816340689837445,0.9640659465917241,0.01617458878981661,0.9795063339578005,1.0856780006974138,0.1777692042395194,1.2375,0.7890560298561224,0.08683169408806815,0.8755952380952381,658.05,681.0499045591299,1163.6499999999994,90.52518754031087,55.82474168770467,134.92173875177022,0.0,0.0,0.008367538452148438,recovered_archive2/142,recovered_archive2/142/CAPorg1.jpg,0
20,26,1024,768,0.7692307692307693,0.43478260869565216,0.7876602037932517,0.0967478362667902,0.8671557358318,1.6715534044109446,0.6717222792958969,2.192384561710472,0.9752384576126163,0.011496737285078384,0.9851446317671659,0.9623779200432896,0.007610914529459916,0.974269718227421,1.5508024335549577,0.5944537473703772,2.1122222222222224,0.76000936074971,0.040032939550892814,0.7928371254162043,1456.75,1171.601206682547,3090.9500000000007,137.1526045382804,62.013428892580755,215.04621202458756,0.0,0.0,0.03704706827799479,recovered_archive2/142,recovered_archive2/142/CAPorg10.jpg,0
30,39,1024,768,0.7692307692307693,0.43478260869565216,0.7628677372423213,0.1328014406867654,0.872124848164931,2.04157939412332,2.1776299079012893,2.4868344533245645,0.9649677618108572,0.019747970082390456,0.9834751364681549,0.9599310567483823,0.011122314473996494,0.9788207380304149,1.887020784992439,2.115361809755548,2.1811533052039387,0.759713038437148,0.06444720359105988,0.8360586734693878,1586.85,2023.84239813776,3123.1000000000017,143.49460069260783,106.41892246229528,266.29688296449245,0.03333333333333333,0.0,0.06053352355957031,recovered_archive2/142,recovered_archive2/142/CAPorg11.jpg,0
28,33,1024,768,0.8484848484848485,0.45901639344262296,0.7673493097709649,0.1372992259604266,0.8606987254753403,1.8844694898477081,2.1835739359815927,1.8857744084552304,0.9596536086273187,0.03225044566310404,0.9817869741667286,0.9562531485085239,0.015813637273488147,0.9699441724309511,1.6277151943041162,1.9123675544636325,1.6236842105263158,0.740138799251847,0.07098994878149584,0.807950687529635,1203.357142857143,1140.481397865634,2893.6,136.0461347449963,84.9665396737952,263.9041989497842,0.03571428571428571,0.0,0.042844136555989586,recovered_archive2/142,recovered_archive2/142/CAPorg12.jpg,0
19,92,1024,768,0.20652173913043478,0.17117117117117117,0.7592503691153858,0.17547867718730017,0.8801848205734876,2.2067378813609118,3.491837455756589,2.115683468329717,0.9462633251183261,0.051185137947378945,0.9795826610709653,0.9509322930819326,0.025793635888486446,0.9687772300251983,1.5232466157777989,1.2616675459813247,1.6309597523219814,0.7396380832765965,0.08769563879128418,0.8107352941176471,2052.2105263157896,5356.397624178982,2329.2999999999997,165.75507701478088,244.9019727872158,244.25525240414967,0.05263157894736842,0.0,0.049580891927083336,recovered_archive2/142,recovered_archive2/142/CAPorg2.jpg,0
43,64,1024,768,0.671875,0.40186915887850466,0.7681187831426953,0.13611005400436346,0.8659658584907667,1.787404278864228,1.2673980688246245,2.361919793400145,0.9550880726078903,0.03824134446177856,0.9804172129684469,0.9622916800380683,0.011502942393628682,0.9731366882224703,1.6349929558024354,1.0170055517354684,2.103076923076924,0.7560126353627915,0.07097005421445066,0.8377764102564103,516.0930232558139,380.8753421139189,962.3,90.1117788717595,47.21450137053165,123.57098115668776,0.023255813953488372,0.023255813953488372,0.028218587239583332,recovered_archive2/142,recovered_archive2/142/CAPorg3.jpg,0
23,20,1024,768,1.15,0.5348837209302325,0.6971769899775417,0.10588885357831175,0.8023711729662988,1.912084946589326,0.5551592976622147,2.365265966589487,0.9417842835327741,0.03711713839382628,0.9733346105948842,0.9526492230796673,0.021615434953155998,0.9671834284039005,1.698314031386964,0.5642855646637699,2.271578947368421,0.7058364208971498,0.09047624951595057,0.813777297752957,1021.5434782608696,1208.5756071134488,2847.2000000000007,121.32100187857809,77.2304698762694,221.30621920333752,0.0,0.0,0.029876073201497395,recovered_archive2/142,recovered_archive2/142/CAPorg4.jpg,0
21,39,1024,768,0.5384615384615384,0.35,0.7534622679097386,0.0922584813427335,0.8473300613251217,1.7480705346775631,0.6096323962693522,2.192658743434878,0.9615876707367454,0.020293601838331215,0.9804444444444442,0.9638392026799101,0.008867521883066073,0.9753484292341539,1.3778271808356266,0.5788218248424347,2.0,0.7736263694140746,0.060324593353420004,0.8402777777777778,981.0238095238095,1152.4434133013551,2019.5,113.48838378501023,74.01506360725044,189.01219330881975,0.0,0.0,0.02619616190592448,recovered_archive2/142,recovered_archive2/142/CAPorg5.jpg,0
22,27,1024,768,0.8148148148148148,0.4489795918367347,0.765527305564198,0.09218680731243724,0.8606894963281826,1.6266549219773685,0.5077004390689256,2.2562440188838777,0.9586711214069286,0.030529566047920273,0.9814108520867845,0.9589454835107575,0.01245762173353307,0.9721072171693517,1.1408909063793968,0.45741370250530117,1.749237804878049,0.7529830967200929,0.06593416325926164,0.8065625,1322.8636363636363,1663.564240239901,2198.9500000000003,126.21939518278144,74.47045262681054,198.57169542418143,0.0,0.0,0.037006378173828125,recovered_archive2/142,recovered_archive2/142/CAPorg6.jpg,0
17,29,1024,768,0.5862068965517241,0.3695652173913043,0.7746055958577871,0.10523637622304907,0.8646061234113033,1.736120325346785,0.7043161412421644,2.3420341055529166,0.9703959611773949,0.011588670039900762,0.9820107847833833,0.9651598374059596,0.007877250882924573,0.9755622915786453,1.5608847850897392,0.6952398713780412,2.3111111111111113,0.7754777503344636,0.06358994981532241,0.8254497354497354,1000.4411764705883,1210.6394625587332,2620.4000000000005,113.26420926455282,75.59483691657869,220.88468965567256,0.0,0.0,0.02162615458170573,recovered_archive2/142,recovered_archive2/142/CAPorg7.jpg,0
16,43,1024,768,0.37209302325581395,0.2711864406779661,0.8005083668212634,0.06292146154249617,0.8695058868820742,1.4854279479892227,0.3988690121115527,2.1741612674239286,0.9692826265060552,0.01682963282611903,0.9830726454574448,0.9602780070809532,0.010138227102779876,0.9725730320191275,1.3958307753997592,0.35318931389677877,1.9117647058823528,0.751330563625304,0.06832395222790145,0.8367532467532468,993.90625,900.9787771284834,2421.25,112.0821833742663,55.67194042007048,194.45941546018395,0.0,0.0,0.02022107442220052,recovered_archive2/142,recovered_archive2/142/CAPorg8.jpg,0
22,24,1024,768,0.9166666666666666,0.4782608695652174,0.7793742947068995,0.10780753455666678,0.875421945268721,1.5858583063327252,0.510902847575858,2.2064795003899675,0.9604678393299366,0.029834910134851067,0.9834962512628727,0.9532013498472494,0.013569051764775707,0.9682481678722675,1.4882182036492402,0.48255737525632975,1.8161764705882355,0.7467601849677696,0.06873081001175363,0.8056787994891443,2049.568181818182,2167.3823145961046,3975.65,162.08645208705292,97.58186019965679,260.15790027001896,0.0,0.0,0.05733553568522135,recovered_archive2/142,recovered_archive2/142/CAPorg9.jpg,0
11,88,1024,768,0.125,0.1111111111111111,0.8285913918742128,0.05009507215355376,0.8637231511991426,1.3049655526803663,0.26028418371727435,1.7644167578543575,0.9696270984177335,0.009714329396796293,0.9822049214514109,0.9589270984564294,0.009337479409293838,0.9640780883781455,0.9752572217880559,0.2523392312430095,1.2222222222222223,0.761220997341244,0.04755381550246956,0.7993421052631579,1012.1363636363636,1273.8862174626597,3532.5,105.12091689908279,63.33471204561392,228.4091629284898,0.0,0.0,0.014156977335611979,recovered_archive2/145,recovered_archive2/145/CAPorg1.jpg,0
14,64,1024,768,0.21875,0.1794871794871795,0.8189312605283174,0.06437317205510627,0.878374091506533,1.3895265023006453,0.41001210491281703,1.6167129633103312,0.9658904134042157,0.015256097613253233,0.9834278001121914,0.9581941292928458,0.011659839654582168,0.9687262473962998,1.1781202633688488,0.40991659567594624,1.481818181818182,0.7655083125740149,0.04292327829014462,0.79630148005148,1012.3571428571429,1169.81513235107,2765.2000000000007,105.14243448673854,66.27288681547314,198.68367952889594,0.0,0.0,0.018021901448567707,recovered_archive2/145,recovered_archive2/145/CAPorg2.jpg,0
4,54,1024,768,0.07407407407407407,0.06896551724137931,0.8194153776677291,0.07901185554116649,0.8886431176700089,1.4857704355457582,0.6531203864525558,2.166527289654092,0.9737344997820688,0.013869277968754656,0.9836702919400248,0.9678818984824584,0.008707135443869357,0.9766406151552082,1.2969012605042016,0.6229566799118406,1.9539285714285717,0.7921964454641506,0.04145617102302593,0.8373984133126935,481.375,279.35805317728,801.6500000000001,82.79467888754755,23.967382909567654,109.25899705197331,0.0,0.0,0.002448399861653646,recovered_archive2/145,recovered_archive2/145/CAPorg3.jpg,0
4,48,1024,768,0.08333333333333333,0.07692307692307693,0.8709012604684315,0.010982027888869962,0.8834874433256921,1.2311530139669193,0.12378229950826841,1.3565159309035009,0.9791475876763462,0.002295581119458335,0.9814647889631773,0.9627200886613939,0.0013864732978925312,0.9642958504849206,1.1661075036075035,0.12377723259891339,1.308116883116883,0.7862724994303941,0.012719362654529661,0.7997727272727272,766.0,187.49966666637036,964.8000000000001,104.29036790187178,12.080557223840444,116.78275605729691,0.0,0.0,0.0038960774739583335,recovered_archive2/145,recovered_archive2/145/CAPorg4.jpg,0
5,68,1024,768,0.07352941176470588,0.0684931506849315,0.8321731150730217,0.04369282236208094,0.8769924740908803,1.264276926977692,0.1772692143242089,1.4784237353077847,0.9635910531767378,0.014503848086895114,0.9770540417802002,0.9629143457099316,0.0076502799474082945,0.9717828181378714,1.1515193211787638,0.24137587019951043,1.449122807017544,0.7565922616739315,0.0325551705171851,0.7914035087719298,303.0,158.75988158221838,481.3,64.78132752230962,18.94009481746349,85.01219330881975,0.0,0.0,0.001926422119140625,recovered_archive2/145,recovered_archive2/145/CAPorg5.jpg,0
1,50,1024,768,0.02,0.0196078431372549,0.7263174024752497,0.0,0.7263174024752497,1.9357490797455088,0.0,1.9357490797455088,0.9477477477477487,0.0,0.9477477477477487,0.9595750569369381,0.0,0.9595750569369381,1.9230769230769231,0.0,1.9230769230769231,0.8092307692307692,0.0,0.8092307692307692,263.0,0.0,263.0,67.4558441227157,0.0,67.4558441227157,0.0,0.0,0.0003344217936197917,recovered_archive2/145,recovered_archive2/145/CAPorg6.jpg,0
1,29,1024,768,0.034482758620689655,0.03333333333333333,0.8641358740096929,0.0,0.8641358740096929,1.0628674435175103,0.0,1.0628674435175103,0.9727722772277229,0.0,0.9727722772277229,0.9508405882917023,0.0,0.9508405882917023,1.0,0.0,1.0,0.767578125,0.0,0.767578125,786.0,0.0,786.0,106.91168824543142,0.0,106.91168824543142,0.0,0.0,0.00099945068359375,recovered_archive2/145,recovered_archive2/145/CAPorg7.jpg,0
0,38,1024,768,0.0,0.0,,,,,,,,,,,,,,,,,,,,,,,,,,,0.0,recovered_archive2/145,recovered_archive2/145/CAPorg8.jpg,0
18,39,1024,768,0.46153846153846156,0.3157894736842105,0.7613097828329707,0.094155850947601,0.8508490571590881,1.5801396603692761,0.40763317744922656,1.9652156335250963,0.9585725067725446,0.028171531912245144,0.9796546885317355,0.9529460103430853,0.01699833335990762,0.9694284327245879,1.3183133378566747,0.5093865015796646,1.8578265204386841,0.7556373523590791,0.053865869130212476,0.814180602006689,2259.0833333333335,2377.0093678238254,4810.500000000001,173.61631785144175,117.09495849501955,293.83657992645936,0.0,0.0,0.05170631408691406,recovered_archive2/145,recovered_archive2/145/CAPorg9.jpg,0
2,58,1024,768,0.034482758620689655,0.03333333333333333,0.7662836758402038,0.11421085336485332,0.8576523585320864,1.7447682287266328,0.5753109481758164,2.2050169872672862,0.9829043120339698,0.004096365014100489,0.9861814040452501,0.9629860775396755,0.006117632137565332,0.9678801832497277,1.6301075268817207,0.4365591397849463,1.9793548387096775,0.7944892473118279,0.00013440860215058192,0.7945967741935485,2561.25,1083.25,3427.85,198.41778489984134,29.648232278140853,222.13637072235403,0.0,0.0,0.0065135955810546875,recovered_archive2/147,recovered_archive2/147/CAPorg1.jpg,0
3,54,1024,768,0.05555555555555555,0.05263157894736842,0.8643621930295985,0.01557170437657434,0.8753810963117753,1.2619556059657435,0.1126894157967704,1.3767861284015201,0.9850713723634213,0.000862284540753321,0.9859463473046847,0.9583306593544769,0.001422411277662637,0.9594549330681078,1.2663617286379434,0.13393353888492898,1.4016722408026756,0.7884201859272527,0.006211379361072666,0.7934707826685212,2474.8333333333335,411.43860079266045,2894.4,189.2098363463409,17.252160353071204,206.80083681642122,0.0,0.0,0.009440739949544271,recovered_archive2/147,recovered_archive2/147/CAPorg2.jpg,0
1,68,1024,768,0.014705882352941176,0.014492753623188406,0.8282790682845217,0.0,0.8282790682845217,1.1651440447296155,0.0,1.1651440447296155,0.9668049792531115,0.0,0.9668049792531115,0.9618131245478201,0.0,0.9618131245478201,1.1875,0.0,1.1875,0.7664473684210527,0.0,0.7664473684210527,233.0,0.0,233.0,59.4558441227157,0.0,59.4558441227157,0.0,0.0,0.0002962748209635417,recovered_archive2/147,recovered_archive2/147/CAPorg3.jpg,0
3,68,1024,768,0.04411764705882353,0.04225352112676056,0.818066784830247,0.048840132281649636,0.8606668337936754,1.2071921757495803,0.15485836768075054,1.361863897325516,0.9740865756554333,0.004973908535510686,0.978124106827042,0.9526094190244203,0.002916039787605229,0.9553382509896492,0.9846491228070176,0.14849325314508102,1.0957894736842106,0.7327406041030621,0.048600492478779664,0.7711827284397246,1373.0,529.7628400205763,1912.4,142.27277528565983,25.425605979376392,168.20184694319792,0.0,0.0,0.005237579345703125,recovered_archive2/147,recovered_archive2/147/CAPorg4.jpg,0
2,51,1024,768,0.0392156862745098,0.03773584905660377,0.8812303717101135,0.0068781418643286685,0.8867328852015764,1.1000435915501683,0.03503544136727477,1.128071944643988,0.9860307394032678,0.0016557394032680195,0.9873553309258822,0.9573545095168687,0.004234196704923199,0.9607418668808073,1.0810185185185186,0.04398148148148151,1.1162037037037038,0.792920524691358,0.011670524691358042,0.8022569444444445,2224.0,138.5,2334.8,178.02438661763955,6.242640687119291,183.018499167335,0.0,0.0,0.005655924479166667,recovered_archive2/147,recovered_archive2/147/CAPorg5.jpg,0
9,74,1024,768,0.12162162162162163,0.10843373493975904,0.775136640865159,0.12992676303764258,0.882465316672349,1.5796147935802063,0.5909539961098923,2.515642888008202,0.9641879060258485,0.02719194115836502,0.985555759000963,0.9557439699606974,0.006288072425040098,0.9611623607964529,0.9936940672911734,0.22872975299136267,1.1605451005840364,0.7063319995414106,0.13612002569597678,0.8125803161652219,1731.0555555555557,946.041561350488,2756.6,156.93098434724334,51.85740967473434,203.1537372139847,0.0,0.0,0.01981035868326823,recovered_archive2/147,recovered_archive2/147/CAPorg6.jpg,0
3,48,1024,768,0.0625,0.058823529411764705,0.889812670128839,0.011504995357706741,0.9010930842161876,1.1617619135638515,0.18092864430352604,1.3439004277377784,0.9849059763286485,0.0026814459431267756,0.9876055599364861,0.961300016482927,0.0029577141789265023,0.9637997598744753,1.1090017825311944,0.06445877793365808,1.1736363636363636,0.7753474709665609,0.012708210084558108,0.7881945936910476,2358.8333333333335,710.9150597801556,3079.7,180.59054822091787,28.094949973628704,209.0317026029314,0.0,0.0,0.008998235066731771,recovered_archive2/147,recovered_archive2/147/CAPorg7.jpg,0
2,120,1024,768,0.016666666666666666,0.01639344262295082,0.8018806590642881,0.026704663938344364,0.8232443902149635,1.5835214914353857,0.40632788929546537,1.908583802871758,0.9750546651839695,0.0017371436897505865,0.9764443801357701,0.9612287253675749,0.011217001944245075,0.970202326922971,0.9618983957219251,0.19719251336898402,1.1196524064171123,0.7704476895653366,0.03894145070615662,0.8016008501302619,1178.5,463.0,1548.9,132.74011537017762,25.041630560342618,152.7734198184517,0.0,0.0,0.0029970804850260415,recovered_archive2/155,recovered_archive2/155/CAPorg1.jpg,0
0,107,1024,768,0.0,0.0,,,,,,,,,,,,,,,,,,,,,,,,,,,0.0,recovered_archive2/155,recovered_archive2/155/CAPorg2.jpg,0
2,120,1024,768,0.016666666666666666,0.01639344262295082,0.8199822961442427,0.041615506289690296,0.8532747011759949,1.348871965752244,0.18253293944223214,1.4948983173060297,0.9733544973544968,0.0015026455026452834,0.9745566137566131,0.963494815808019,0.0028602966997666734,0.9657830531678324,1.2637362637362637,0.1208791208791209,1.3604395604395605,0.7735424297924298,0.07268772893772896,0.831692612942613,541.25,114.75,633.05,90.8908729652601,12.020815280171306,100.50752518939714,0.0,0.0,0.0013764699300130208,recovered_archive2/155,recovered_archive2/155/CAPorg3.jpg,0
3,120,1024,768,0.025,0.024390243902439025,0.817479127575055,0.038947644238973594,0.8571723946227117,1.3806231094093677,0.2495587957368259,1.632804823129485,0.9732734581602874,0.006257429702795159,0.978847501930731,0.9688308157348821,0.01228873306097475,0.9808058664087463,1.1555555555555557,0.21998877636914807,1.3733333333333333,0.7810301849913467,0.07460449218527287,0.8470344274503064,349.5,77.90699583477725,428.6,72.75567576825294,6.631037553204473,79.24995667241114,0.0,0.0,0.0013332366943359375,recovered_archive2/155,recovered_archive2/155/CAPorg4.jpg,0
0,120,1024,768,0.0,0.0,,,,,,,,,,,,,,,,,,,,,,,,,,,0.0,recovered_archive2/155,recovered_archive2/155/CAPorg5.jpg,0
1,113,1024,768,0.008849557522123894,0.008771929824561403,0.8754175864084487,0.0,0.8754175864084487,1.090173562563873,0.0,1.090173562563873,0.9807524059492562,0.0,0.9807524059492562,0.9685490857506136,0.0,0.9685490857506136,0.9615384615384616,0.0,0.9615384615384616,0.8623076923076923,0.0,0.8623076923076923,560.5,0.0,560.5,89.69848480983501,0.0,89.69848480983501,0.0,0.0,0.0007127126057942709,recovered_archive2/155,recovered_archive2/155/CAPorg6.jpg,0
2,42,1024,768,0.047619047619047616,0.045454545454545456,0.8365165857866843,0.015288307644288401,0.8487472319021151,1.196041853257207,0.11472214141955162,1.2878195663928482,0.9537693788631068,0.0030651535109937345,0.9562215016719018,0.9689965632993562,0.0025041003736522294,0.9709998435982781,1.0555555555555556,0.05555555555555558,1.1,0.7854938271604939,0.03549382716049382,0.8138888888888889,67.0,0.5,67.4,31.72792206135786,0.17157287525380838,31.865180361560906,0.0,0.0,0.00017038981119791666,recovered_archive2/169,recovered_archive2/169/CAPorg1.jpg,0
0,62,1024,768,0.0,0.0,,,,,,,,,,,,,,,,,,,,,,,,,,,0.0,recovered_archive2/169,recovered_archive2/169/CAPorg2.jpg,0
3,42,1024,768,0.07142857142857142,0.06666666666666667,0.839248959727321,0.020762813591883957,0.8556233333834898,1.4218522056242204,0.259406084638278,1.6851027896779605,0.9642266410775845,0.012520313068761195,0.9766926111525751,0.9730398860984475,0.010746345428139953,0.9839931740759399,0.9462962962962962,0.18814304455020392,1.1377777777777778,0.766820987654321,0.020601707356038307,0.7875925925925925,77.0,17.238522751867883,92.7,33.75161133197968,4.049663631387545,37.156349186104045,0.0,0.0,0.000293731689453125,recovered_archive2/169,recovered_archive2/169/CAPorg3.jpg,0
1,62,1024,768,0.016129032258064516,0.015873015873015872,0.8468922434516432,0.0,0.8468922434516432,1.1590303355579232,0.0,1.1590303355579232,0.986233819601397,0.0,0.986233819601397,0.9580750879921759,0.0,0.9580750879921759,1.0566037735849056,0.0,1.0566037735849056,0.8086253369272237,0.0,0.8086253369272237,2400.0,0.0,2400.0,188.71067811865478,0.0,188.71067811865478,0.0,0.0,0.0030517578125,recovered_archive2/169,recovered_archive2/169/CAPorg4.jpg,0
0,34,1024,768,0.0,0.0,,,,,,,,,,,,,,,,,,,,,,,,,,,0.0,recovered_archive2/169,recovered_archive2/169/CAPorg5.jpg,0
9,118,1024,768,0.07627118644067797,0.07086614173228346,0.7788028039943704,0.0796054256599567,0.8569466717621239,1.5149879211524324,0.43332023205594256,1.896880154836446,0.9662903406663746,0.015772716235009313,0.9780828871393632,0.9605230460065637,0.007594378560537218,0.9718159419754703,0.9495133836958861,0.37708797897147134,1.3339285714285714,0.7611928252170926,0.06339461199091191,0.8246666666666667,688.4444444444445,582.9558514084562,1558.9,99.20745545469539,47.99445079428699,165.93077913133246,0.0,0.0,0.007878621419270834,recovered_archive2/170,recovered_archive2/170/CAPorg1.jpg,0
8,61,1024,768,0.13114754098360656,0.11594202898550725,0.7250794138404755,0.21523178884975938,0.9008240611544018,1.9187888393988597,1.133491126679625,3.5574284974196178,0.9508479211307044,0.040850639745692426,0.9833570624951458,0.9575255938643701,0.009099471858161545,0.9691560265958585,1.5743138547980742,0.8096408953125811,2.8183304647160066,0.6934640632898443,0.1282241237932825,0.8082177506288178,1722.375,2257.432927436605,3554.499999999999,169.82159082212874,152.64676620670272,282.75718600252526,0.125,0.0,0.017520904541015625,recovered_archive2/170,recovered_archive2/170/CAPorg2.jpg,0
7,57,1024,768,0.12280701754385964,0.109375,0.8155627648743847,0.05072105409017347,0.8775777046429497,1.342683796034317,0.1357729640112756,1.4698523410019984,0.9734108681115629,0.010304294247320676,0.9838978478309126,0.9525942433578092,0.006398482404833143,0.9591271465598645,1.089891897747935,0.18234901125632974,1.263625730994152,0.7267661867290863,0.052042611267473525,0.7849431818181818,3411.9285714285716,2945.9613932657444,7953.6,211.07022249962827,100.12754995104163,362.4820776835532,0.0,0.0,0.03036944071451823,recovered_archive2/170,recovered_archive2/170/CAPorg3.jpg,0
10,51,1024,768,0.19607843137254902,0.16393442622950818,0.798379508742018,0.07556827198512091,0.8677458132345209,1.5394828000730783,0.32735942732636575,1.9729053306765378,0.9699322317020588,0.022020548920180863,0.9833177460392426,0.962926593868738,0.011437316763200426,0.980490582017649,0.9410861887454406,0.33011077228785196,1.294980694980695,0.7712701234417381,0.05305318645044359,0.851103896103896,888.85,548.1898416607152,1468.6499999999999,110.37615433949868,44.35031197223883,157.74255403194155,0.0,0.0,0.011302312215169271,recovered_archive2/170,recovered_archive2/170/CAPorg4.jpg,0
10,41,1024,768,0.24390243902439024,0.19607843137254902,0.8377549663232837,0.07468777962348308,0.8838415054919678,1.2640358544898873,0.18427815928875846,1.4588194971736865,0.9725965875524973,0.031352366224450826,0.986330926520976,0.9546176048931911,0.004831515959728815,0.9587386566962887,1.0997798188449244,0.16728438203355972,1.2092063492063492,0.7515337604398034,0.06260702840533687,0.7869754305977711,2055.9,685.9006050442002,2622.9999999999995,171.94154390516493,27.99552746526835,194.35474734076135,0.0,0.0,0.026142120361328125,recovered_archive2/170,recovered_archive2/170/CAPorg5.jpg,0
7,18,1024,768,0.3888888888888889,0.28,0.8210120646326047,0.033470209965702415,0.8588385756528301,1.5840057117979875,0.25530731344961893,1.8993085234224674,0.9830513791700871,0.003167954442594221,0.9857024637319018,0.958840063092264,0.007722459883387686,0.9675092670174696,1.4370720071879752,0.34204260972441175,1.7578947368421054,0.8106440158389913,0.03483039685242774,0.8496603128959883,2740.0714285714284,1038.215207135077,3885.5,200.1080703944434,39.565308168952065,241.05180361560906,0.0,0.0,0.024389266967773438,recovered_archive2/170,recovered_archive2/170/CAPorg6.jpg,0
12,61,1024,768,0.19672131147540983,0.1643835616438356,0.8147010218869061,0.08323753063316189,0.8806109606313208,1.4581556602036965,0.3946033810146795,2.144711643342465,0.9686794141631826,0.025449994669421067,0.9862126221062707,0.9588443309128444,0.005840754971646939,0.9677424055902125,1.1068659550296729,0.39189555029216333,1.2781704781704784,0.7701079943613451,0.04376383297722966,0.802473733324117,1509.5416666666667,905.5695826921431,2599.2,141.33834166602682,48.03164867446645,192.71799410394664,0.0,0.0,0.023033777872721355,recovered_archive2/170,recovered_archive2/170/CAPorg7.jpg,0
11,35,1024,768,0.3142857142857143,0.2391304347826087,0.7868516923552039,0.10264163271273623,0.8801957613537436,1.5686520858208846,0.5639320978050764,2.2164778063962847,0.9693583417569591,0.01788547321800723,0.9849888806523349,0.9604608557689321,0.009733105948079954,0.9744085312617496,0.9180621655648086,0.33168721501253745,1.2439024390243902,0.7407065013142741,0.05235871131052136,0.7816349384098544,1178.090909090909,772.4086535631081,1934.0,127.52931908537143,42.95834155044332,166.16652224137047,0.0,0.0,0.016478220621744793,recovered_archive2/170,recovered_archive2/170/CAPorg8.jpg,0
12,46,1024,768,0.2608695652173913,0.20689655172413793,0.8087707476852524,0.07332013405478625,0.8791627662161025,1.3291195747782159,0.16436864633240922,1.5233203150429742,0.9712577965693939,0.02741208768659701,0.9840751155763201,0.9541798526121584,0.01025432119104077,0.9620771494229052,1.0898695463037928,0.24608697994516204,1.236093674553356,0.7366068512368943,0.06186821973834742,0.8023231215132276,3358.7083333333335,3413.232811782776,9305.4,203.4579784649587,112.83389508798162,394.0006635060658,0.0,0.0,0.05124982198079427,recovered_archive2/170,recovered_archive2/170/CAPorg9.jpg,0
0,20,1024,768,0.0,0.0,,,,,,,,,,,,,,,,,,,,,,,,,,,0.0,recovered_archive2/172,recovered_archive2/172/CAPorg1.jpg,0
0,32,1024,768,0.0,0.0,,,,,,,,,,,,,,,,,,,,,,,,,,,0.0,recovered_archive2/172,recovered_archive2/172/CAPorg10.jpg,0
0,23,1024,768,0.0,0.0,,,,,,,,,,,,,,,,,,,,,,,,,,,0.0,recovered_archive2/172,recovered_archive2/172/CAPorg11.jpg,0
0,20,1024,768,0.0,0.0,,,,,,,,,,,,,,,,,,,,,,,,,,,0.0,recovered_archive2/172,recovered_archive2/172/CAPorg12.jpg,0
1,19,1024,768,0.05263157894736842,0.05,0.5453650309282799,0.0,0.5453650309282799,5.890691661607586,0.0,5.890691661607586,0.9793706100326309,0.0,0.9793706100326309,0.9659964876430791,0.0,0.9659964876430791,0.4489795918367347,0.0,0.4489795918367347,0.6844465058750773,0.0,0.6844465058750773,26562.0,0.0,26562.0,782.333044482741,0.0,782.333044482741,0.0,0.0,0.03377532958984375,recovered_archive2/172,recovered_archive2/172/CAPorg2.jpg,0
3,22,1024,768,0.13636363636363635,0.12,0.776459750098034,0.048646344641608795,0.8212821741152591,1.5871248671898919,0.23940030928637163,1.829870572876067,0.9817900565946998,0.0012553644422564063,0.983046677098342,0.958631967084151,0.0038119130288735716,0.9619386734425187,1.538888888888889,0.1887254194607003,1.7066666666666668,0.7769399723540348,0.046555084153635545,0.8242417478354979,4257.0,2082.5304719659366,6379.7,256.71880699120135,71.15390327504394,329.259119600901,0.0,0.0,0.016239166259765625,recovered_archive2/172,recovered_archive2/172/CAPorg3.jpg,0
2,7,1024,768,0.2857142857142857,0.2222222222222222,0.6759553661487909,0.1137042679880072,0.7669187805391966,1.8666704076812688,0.028638583734457268,1.8895812746688345,0.9169666743878868,0.05724297619447555,0.9627610553434672,0.9506387765655997,0.012665339993765234,0.9607710485606118,1.1616666666666666,0.5883333333333333,1.6323333333333334,0.7317801771871539,0.10464839424141748,0.815498892580288,1304.0,718.5,1878.8,154.5685424949238,58.041630560342625,201.00184694319793,0.0,0.0,0.0033162434895833335,recovered_archive2/172,recovered_archive2/172/CAPorg4.jpg,0
0,10,1024,768,0.0,0.0,,,,,,,,,,,,,,,,,,,,,,,,,,,0.0,recovered_archive2/172,recovered_archive2/172/CAPorg5.jpg,0
0,10,1024,768,0.0,0.0,,,,,,,,,,,,,,,,,,,,,,,,,,,0.0,recovered_archive2/172,recovered_archive2/172/CAPorg6.jpg,0
0,10,1024,768,0.0,0.0,,,,,,,,,,,,,,,,,,,,,,,,,,,0.0,recovered_archive2/172,recovered_archive2/172/CAPorg7.jpg,0
0,18,1024,768,0.0,0.0,,,,,,,,,,,,,,,,,,,,,,,,,,,0.0,recovered_archive2/172,recovered_archive2/172/CAPorg8.jpg,0
0,14,1024,768,0.0,0.0,,,,,,,,,,,,,,,,,,,,,,,,,,,0.0,recovered_archive2/172,recovered_archive2/172/CAPorg9.jpg,0
6,34,1024,768,0.17647058823529413,0.15,0.8425017313920802,0.07056452923302604,0.8833664710659688,1.3927694678735858,0.37154595593173945,1.791993238897499,0.9739028359715881,0.012729852131282323,0.9824579623521242,0.9643563864426734,0.007201674192626668,0.972771163435034,0.8573685884610254,0.16470788859140556,0.9705651491365777,0.8049742144664885,0.04661231292809249,0.8574002100840337,887.5,750.1290999999044,1891.0,101.97869162102366,49.19873199837958,164.43860018001266,0.0,0.0,0.006771087646484375,recovered_archive2/178,recovered_archive2/178/CAPorg1.jpg,0
12,39,1024,768,0.3076923076923077,0.23529411764705882,0.8417507597179705,0.05802846778064448,0.8766757319649782,1.3161900930930337,0.22102621730370803,1.589356893732914,0.9755778849113469,0.016592109663054348,0.9863046533459987,0.9614382552207941,0.013632392810522947,0.9787931254001394,1.1492705379163628,0.24173343563502286,1.376734693877551,0.7766250495206347,0.058799474860999755,0.8608252324598479,1280.2083333333333,864.4968782075246,2138.45,126.47438063534788,58.25390350691855,186.88885271170685,0.0,0.0,0.01953442891438802,recovered_archive2/178,recovered_archive2/178/CAPorg2.jpg,0
16,21,1024,768,0.7619047619047619,0.43243243243243246,0.8284456887163769,0.05024887093207889,0.8718713179744537,1.3648895389959788,0.4334292064297526,1.9835934476962036,0.9731344405249452,0.009297654201124097,0.9810138563548665,0.9598401715011946,0.007928853771522451,0.9718917610873461,0.9325604847646481,0.20087345392830022,1.1205857019810508,0.7724315308127037,0.05404447235277513,0.8446618230625584,879.9375,413.8668216875448,1390.0,111.52780476894824,29.310276620509278,144.41778489984134,0.0,0.0,0.017902374267578125,recovered_archive2/178,recovered_archive2/178/CAPorg3.jpg,0
11,42,1024,768,0.2619047619047619,0.20754716981132076,0.7382668959192862,0.13155952044036232,0.8705050857025188,1.6772426244026557,0.6419373136398976,2.041549415699631,0.9525038263715739,0.03658346946544479,0.9843597262952093,0.9607518859903528,0.013090317323465482,0.9736032402817348,1.5686442575836408,0.6172537747305127,2.357142857142857,0.7363534476139186,0.06856137404017902,0.7830385015608741,1654.590909090909,2710.755168333103,2359.0,146.1699264666647,114.73200131420221,260.99494936611666,0.0,0.0,0.02314313252766927,recovered_archive2/178,recovered_archive2/178/CAPorg4.jpg,0
9,31,1024,768,0.2903225806451613,0.225,0.82500797742653,0.04105351871902804,0.8717076691601575,1.3244885046767196,0.1686353045038287,1.5310485054235443,0.9708057520943646,0.007598276362095058,0.9788187894454926,0.9589852727371881,0.005451745206035615,0.9676056221782604,1.2603078751629477,0.19961397898311398,1.5423913043478261,0.7531541272594087,0.03988431720324553,0.8089866143222023,494.27777777777777,175.63806078143122,697.9,85.53289236448812,16.5645218987213,105.09747468305832,0.0,0.0,0.0056565602620442705,recovered_archive2/178,recovered_archive2/178/CAPorg5.jpg,0
1,92,1024,768,0.010869565217391304,0.010752688172043012,0.7875064720791193,0.0,0.7875064720791193,1.822046455612859,0.0,1.822046455612859,0.9765130984643182,0.0,0.9765130984643182,0.9690448150329929,0.0,0.9690448150329929,0.6774193548387096,0.0,0.6774193548387096,0.8302611367127496,0.0,0.8302611367127496,540.5,0.0,540.5,92.8700576850888,0.0,92.8700576850888,0.0,0.0,0.0006872812906901041,recovered_archive2/181,recovered_archive2/181/CAPorg1.jpg,0
9,56,1024,768,0.16071428571428573,0.13846153846153847,0.8029948362244382,0.10662282488295276,0.8962358701890887,1.4481925889637515,0.4456083579835934,2.0227935269030812,0.9731273481753148,0.01117840814766159,0.9850500196937299,0.9592303237895733,0.0057990939546079204,0.9663841108127363,0.8865036711744119,0.2454528743414442,1.1444444444444444,0.7498065943015925,0.06358545963726192,0.8166265614727153,914.1666666666666,524.9188297039626,1566.3000000000002,113.55139483575151,30.929812040843554,148.77098115668778,0.0,0.0,0.010461807250976562,recovered_archive2/181,recovered_archive2/181/CAPorg2.jpg,0
8,36,1024,768,0.2222222222222222,0.18181818181818182,0.8756361532228347,0.009897148439690261,0.8871023527152294,1.1217911049444522,0.06798830067221145,1.195587659318138,0.981275999172263,0.0038688960123412506,0.9871613037028429,0.9587551450308804,0.005938771887601863,0.9677547364646224,1.0777846412799648,0.09619984206474393,1.164702842377261,0.7870663471314121,0.0276120717476808,0.8089137774642209,1382.4375,579.7958389327661,1918.95,136.87704717386575,33.35094271415158,166.04276323604688,0.0,0.0,0.014062881469726562,recovered_archive2/181,recovered_archive2/181/CAPorg3.jpg,0
10,42,1024,768,0.23809523809523808,0.19230769230769232,0.8218574986877482,0.0770291297332249,0.8883983878952069,1.1854253337535936,0.20235541105521457,1.3417343798830499,0.9674447093952768,0.024657064447968148,0.9805303479362034,0.956658122072791,0.006696034454533493,0.9642540186284084,0.9751817614152494,0.10133746564954726,1.0738336713995942,0.750170771798125,0.07149144040132852,0.8242765527263537,1161.8,605.620021135365,2021.2,127.5685424949238,33.604289209923984,170.4018469431979,0.0,0.0,0.014773050944010416,recovered_archive2/181,recovered_archive2/181/CAPorg4.jpg,0
1,57,1024,768,0.017543859649122806,0.017241379310344827,0.8408588517461296,0.0,0.8408588517461296,1.7022652286318654,0.0,1.7022652286318654,0.9689440993788808,0.0,0.9689440993788808,0.9800241731566233,0.0,0.9800241731566233,1.5,0.0,1.5,0.8125,0.0,0.8125,78.0,0.0,78.0,34.14213562373095,0.0,34.14213562373095,0.0,0.0,9.918212890625e-05,recovered_archive2/181,recovered_archive2/181/CAPorg5.jpg,0
2,55,1024,768,0.03636363636363636,0.03508771929824561,0.7264431910911602,0.093749853617831,0.801443073985425,2.9047397408208413,1.5350366261460078,4.132769041737648,0.9776269254981358,0.010413810744039353,0.9859579740933673,0.9654588432038802,0.008578888574270305,0.9723219540632965,1.1774712643678162,0.06252873563218386,1.2274942528735633,0.6748905427565566,0.04833526369505636,0.7135587537126017,2924.0,2363.5,4814.8,208.36753236814712,115.698484809835,300.92632021601514,0.0,0.0,0.007436116536458333,recovered_archive2/183,recovered_archive2/183/CAPorg1.jpg,0
17,16,1024,768,1.0625,0.5151515151515151,0.5668357036460104,0.15344532281238465,0.7321292139208387,2.9868929617654887,1.3258813844808066,5.030078483763144,0.9409511211262416,0.03426531576241442,0.972777551360864,0.9577825817048764,0.005934500701017722,0.9655053827458289,2.4270866386426038,0.9020707867134785,3.51025641025641,0.6669595780762276,0.11885047505993152,0.766199215143121,609.8235294117648,468.665468964066,1002.9000000000003,111.7107290922887,28.28429290021478,146.29747468305834,0.11764705882352941,0.0,0.013182322184244791,recovered_archive2/183,recovered_archive2/183/CAPorg10.jpg,0
22,78,1024,768,0.28205128205128205,0.22,0.8080817479437286,0.0854278232425667,0.8744430263758256,1.37719452881035,0.268056142500927,1.779535763802756,0.9560501043918059,0.03164030649142926,0.9789936823104686,0.9563519219455462,0.019400940733131127,0.9695659686182205,1.1864704453066401,0.2774008925703735,1.5333333333333334,0.7537729324161296,0.06847191241470409,0.8289705882352941,509.54545454545456,558.1697344709214,1171.7500000000016,81.86046171260956,46.08661843798621,134.37514421272212,0.0,0.0,0.014254252115885416,recovered_archive2/183,recovered_archive2/183/CAPorg11.jpg,0
12,65,1024,768,0.18461538461538463,0.15584415584415584,0.7815014996709418,0.1429524716503832,0.8766551263798121,1.3898655651261327,0.37560862640978965,1.92471822801568,0.9522428171035778,0.057060222580493175,0.9806931031481294,0.9469834558002571,0.03710645700568412,0.970130442708319,1.0721856562996928,0.284715082696764,1.2887058823529411,0.7433596037796278,0.09325195963328135,0.8203897639657538,1185.625,869.9321363617969,2156.1,136.10060718749466,70.75684918783392,206.35819612930197,0.0,0.08333333333333333,0.018091201782226562,recovered_archive2/183,recovered_archive2/183/CAPorg12.jpg,0
19,46,1024,768,0.41304347826086957,0.2923076923076923,0.7787977651955257,0.08656361869797308,0.865199576191233,1.600055026904179,0.32659020119859006,2.0367598538583263,0.961707138903094,0.02330002219395184,0.9808358570563295,0.9589195626570821,0.010326898808271734,0.9698732079746393,1.3751553642595435,0.3334357583784066,1.828735632183908,0.7302625420851022,0.09757115319703606,0.8335296726229294,1126.8947368421052,1009.1949446405727,2638.7,121.54455069899142,67.0746061786021,214.74398256692888,0.0,0.0,0.027225494384765625,recovered_archive2/183,recovered_archive2/183/CAPorg13.jpg,0
11,55,1024,768,0.2,0.16666666666666666,0.7536881651560201,0.12948248042743069,0.8730840026897687,1.6874989574509633,0.5781581793931259,2.4914841338097795,0.9500316509263093,0.034238228992199124,0.98060098896919,0.9569424507613704,0.014080935319200199,0.9697681680108734,1.4900498684322214,0.4632770702323262,2.15,0.722295576024012,0.09233801066975796,0.810625,666.3636363636364,548.6816054254338,1297.0,98.43932829153204,51.97198298001764,142.22539674441617,0.0,0.0,0.009320576985677084,recovered_archive2/183,recovered_archive2/183/CAPorg14.jpg,0
3,40,1024,768,0.075,0.06976744186046512,0.8026306258165695,0.06378780090854921,0.8608710601267454,1.433906434919602,0.2964388838994246,1.725489154540203,0.9491932614591453,0.013954442436740818,0.9633408071748899,0.9624349602294142,0.00800444015879554,0.970407061217377,1.07487922705314,0.223746348636323,1.296376811594203,0.7517772837066315,0.08124239648647086,0.8166666666666667,227.66666666666666,171.00795952885417,397.3,56.78917745604904,23.957879497808822,80.56366517139591,0.0,0.0,0.0008684794108072916,recovered_archive2/183,recovered_archive2/183/CAPorg15.jpg,0
3,46,1024,768,0.06521739130434782,0.061224489795918366,0.8596443409279884,0.017143403563374834,0.8720929857902918,1.0775327496645215,0.0182056897242336,1.0933128974312272,0.9763556023289844,0.008255484865389615,0.9839939000266151,0.9552713011465618,0.001061299455968252,0.956353442673906,1.0588791137178233,0.009533116937665561,1.0662365591397849,0.7639261434470938,0.020216758181868192,0.7844586999022484,1407.1666666666667,1195.6148580913875,2618.9,130.30627697345597,58.2275015870735,189.64936495384512,0.0,0.0,0.0053679148356119795,recovered_archive2/183,recovered_archive2/183/CAPorg16.jpg,0
5,46,1024,768,0.10869565217391304,0.09803921568627451,0.8624149006343513,0.020064082370321968,0.883352945896294,1.2696736861360571,0.12466352152447485,1.4060903576134836,0.9850520024183007,0.003725234230109726,0.9882369441689406,0.9642082789358627,0.007459279331452915,0.9728243065282883,1.1672342995169083,0.1286457045100126,1.2851851851851852,0.8014309882310681,0.04604694167131275,0.8508042635658914,1996.8,939.5708382022082,2944.4,163.51067811865477,48.090972587458296,206.7322076663197,0.0,0.0,0.0126953125,recovered_archive2/183,recovered_archive2/183/CAPorg17.jpg,0
12,50,1024,768,0.24,0.1935483870967742,0.8251630216895488,0.05183400274939524,0.8589344592859883,1.5034210512251491,0.40537903544994297,1.8623182580810418,0.9791854044592365,0.006569729175843333,0.9864599063150165,0.9635128831783738,0.009680386001169355,0.9789101290544566,1.430977022608838,0.3119046762713114,1.7132784958871916,0.7940276794625748,0.03970587545241128,0.8385074806949807,1135.625,715.1906833437266,1956.0,123.51278853173113,44.26323489839572,179.22295808265224,0.0,0.0,0.017328262329101562,recovered_archive2/183,recovered_archive2/183/CAPorg18.jpg,0
13,42,1024,768,0.30952380952380953,0.23636363636363636,0.8539484596572932,0.03083103788175306,0.88314118328309,1.3185522592560313,0.2527243100961908,1.3940835091003827,0.9809671662119526,0.004424145185035748,0.9844863798249363,0.961108755824662,0.007574393077424777,0.971729867148338,1.2485392464860194,0.1440589318707912,1.3566820276497695,0.7881696899433136,0.02919495216215586,0.8342748917748918,1396.4615384615386,895.6731559932249,2503.2000000000003,135.77932060032208,46.40810361914491,193.8302740679441,0.0,0.0,0.023084004720052082,recovered_archive2/183,recovered_archive2/183/CAPorg19.jpg,0
5,39,1024,768,0.1282051282051282,0.11363636363636363,0.8561735380560529,0.026634697176260255,0.8837065505877553,1.2547374178972874,0.15565777356944455,1.425167481735445,0.9844500220597252,0.003076254416509667,0.9875013743210853,0.9577593417878092,0.004517436879035535,0.9630313817520123,1.2181064425770307,0.17367215467335093,1.4112605042016806,0.7717762504145538,0.036132352469905614,0.8081968601394046,3629.2,1699.9281337750722,5467.3,223.88023074035522,60.776334898908345,285.7846030004948,0.0,0.0,0.023073832194010418,recovered_archive2/183,recovered_archive2/183/CAPorg2.jpg,0
4,57,1024,768,0.07017543859649122,0.06557377049180328,0.636976906631054,0.23480371724957624,0.8358419077852858,3.355828450115811,2.7200129785799247,6.344679705914152,0.9651253638310326,0.020065130410413714,0.9816176571919517,0.9602666696018,0.007340192921533579,0.9680164639223219,1.3037266681363904,0.7223979363800842,1.9802083333333333,0.7093540776889906,0.09319006292609823,0.7901335646618198,2778.5,1635.1534713903768,4644.150000000001,262.19595949289334,154.06319844221076,434.7907863100824,0.25,0.0,0.014132181803385416,recovered_archive2/183,recovered_archive2/183/CAPorg3.jpg,0
2,56,1024,768,0.03571428571428571,0.034482758620689655,0.8591560678379342,0.019901428887699246,0.8750772109480935,1.1184741541293208,0.042145364521735784,1.1521904457467094,0.9631091958173836,0.008771296274003415,0.9701262328365864,0.9626797409011011,0.005077500444095273,0.9667417412563774,0.9861111111111112,0.06944444444444448,1.0416666666666667,0.8000730994152047,0.008406432748538029,0.8067982456140351,190.5,86.0,259.3,51.21320343559643,11.656854249492383,60.53868683519033,0.0,0.0,0.000484466552734375,recovered_archive2/183,recovered_archive2/183/CAPorg4.jpg,0
2,67,1024,768,0.029850746268656716,0.028985507246376812,0.8212477168908001,0.008749816566729296,0.8282475701441836,1.5380004758935168,0.1161812783906756,1.6309454986060574,0.9802576750349703,0.0010189207097102693,0.9810728116027385,0.9623571246360303,0.0009516247645190434,0.9631184244476455,0.9117647058823529,0.08823529411764708,0.9823529411764705,0.714536759081979,0.02863550982558405,0.7374451669424462,930.25,222.75,1108.45,118.51828996322963,15.020815280171306,130.53494218736668,0.0,0.0,0.002365748087565104,recovered_archive2/183,recovered_archive2/183/CAPorg5.jpg,0
20,35,1024,768,0.5714285714285714,0.36363636363636365,0.7397148341122276,0.17322869427750867,0.8699325101538117,2.5100079448138857,2.7151223604596435,5.113505482793137,0.9695674755826967,0.009427603886453435,0.9789296206454806,0.9609781213004155,0.008770362010085669,0.9705053915914527,1.6487878530328035,1.2999491256291782,2.4787730255356184,0.7113571478203091,0.059423828544433885,0.7689102564102565,3355.825,7265.983015523433,9862.550000000023,194.12331521639905,255.74162670251047,650.7089537243849,0.05,0.0,0.08534304300944011,recovered_archive2/183,recovered_archive2/183/CAPorg6.jpg,0
23,54,1024,768,0.42592592592592593,0.2987012987012987,0.8011767001142122,0.10683929241368136,0.8812398176970938,1.5027370233100847,0.5368432466806029,1.8921953344316242,0.9674645453895954,0.024476044039512868,0.983487812628377,0.9609174270691228,0.012203334980563288,0.9702510819416951,0.8715558710117324,0.23204368877815681,1.113953488372093,0.7370110125818187,0.0629316720810078,0.8012317747611866,1408.695652173913,2616.9854327448006,2665.500000000001,129.05170329371546,105.79664685953253,231.43170260293147,0.0,0.0,0.04119873046875,recovered_archive2/183,recovered_archive2/183/CAPorg7.jpg,0
14,49,1024,768,0.2857142857142857,0.2222222222222222,0.8256491575166427,0.08468965417884881,0.8930190300583934,1.3928531270580904,0.31483256992841935,1.6426879510702352,0.9700566152359734,0.022111942293853968,0.9854425945080244,0.9608214885170164,0.011669778543153084,0.9753170967227359,1.129565128658004,0.124033436241509,1.2264033264033265,0.7412030320376254,0.08212997163598554,0.826503149456003,854.8928571428571,549.2782985288003,1219.1,109.68812093722347,43.81663945593864,136.6905771059771,0.0,0.0,0.015218734741210938,recovered_archive2/183,recovered_archive2/183/CAPorg8.jpg,0
8,66,1024,768,0.12121212121212122,0.10810810810810811,0.8568604026707198,0.024075705005424542,0.880967216937585,1.1792123581201157,0.11092271242593217,1.3037886355487278,0.9739159965873866,0.004730724443110572,0.9784646683449437,0.9644585800316425,0.005790374130856794,0.9704332149392451,0.9879482832269211,0.15771109149427898,1.1515837104072397,0.7823892301721218,0.03977763623563672,0.8259674922600618,372.1875,145.1486172643405,544.35,72.45368862987783,14.418191587520178,89.37615433949868,0.0,0.0,0.0037860870361328125,recovered_archive2/183,recovered_archive2/183/CAPorg9.jpg,0
2,41,1024,768,0.04878048780487805,0.046511627906976744,0.7298118421535945,0.0927922414943605,0.8040456353490829,1.8258325326424716,0.6605842504015959,2.354299932963748,0.9715934249421787,0.005928188890674868,0.9763359760547187,0.9661273000071495,0.006538937998708139,0.9713584504061161,0.7183098591549295,0.28169014084507044,0.9436619718309859,0.7745527748475449,0.003993937955223292,0.7777479252117235,960.5,735.5,1548.9,120.76955262170048,62.14213562373096,170.48326112068526,0.0,0.0,0.0024426778157552085,recovered_archive2/194,recovered_archive2/194/CAPorg1.jpg,0
13,26,1024,768,0.5,0.3333333333333333,0.8462299169589431,0.03279747701386119,0.8743861378200501,1.2238663991943879,0.12435013914315567,1.3746058190341155,0.9734805374631217,0.013072441568568715,0.9829827963360827,0.9580552184138671,0.0064379611306605395,0.9641281722953415,1.0667986546104198,0.13030682747559139,1.2637759710930443,0.7628546459592008,0.039407816694109886,0.7998028112043685,981.6538461538462,538.4908893099515,1727.5000000000002,114.87303245182054,37.313991902722776,160.42093782909893,0.0,0.0,0.016227086385091145,recovered_archive2/194,recovered_archive2/194/CAPorg2.jpg,0
12,31,1024,768,0.3870967741935484,0.27906976744186046,0.8401017954809523,0.035578815232239554,0.8706453675361733,1.315482130653978,0.19799412562736107,1.5296949640552329,0.972784820089486,0.015234053254633763,0.9819277281222011,0.957969485492702,0.005116809314384627,0.9652876436525906,1.0854399694066947,0.13320375012907235,1.2200000000000002,0.7553884151746108,0.04322178306524016,0.8046074300106558,910.5416666666666,430.37640784614985,1332.65,110.59857496935803,35.7136628758311,141.65037508062179,0.0,0.0,0.013893763224283854,recovered_archive2/194,recovered_archive2/194/CAPorg3.jpg,0
13,29,1024,768,0.4482758620689655,0.30952380952380953,0.8179422391626108,0.0640537920942147,0.8769851348985901,1.3886201005605399,0.24347264206989241,1.6959273263973236,0.9729404141595365,0.02120834052655561,0.9839107979102716,0.9567344808136491,0.011598146609445331,0.9716464628317039,1.1609288652601508,0.2590405391008079,1.384243627937769,0.7502546507874389,0.061155508861099425,0.7926897601145722,1739.2307692307693,961.1702725841079,3090.4000000000005,155.61376391636074,52.04388306306371,218.3253100892385,0.0,0.0,0.028750101725260418,recovered_archive2/194,recovered_archive2/194/CAPorg4.jpg,0
6,12,1024,768,0.5,0.3333333333333333,0.8381831939581262,0.017428566638011365,0.8533192414712105,1.2949922940421459,0.10440221079220259,1.43920146217648,0.9740402315136119,0.004097055943584945,0.9785428531299969,0.9598605715383424,0.007926558669282557,0.9687180327967472,1.1683317492854661,0.11283134642119155,1.2953846153846156,0.7681645169121966,0.011553267762517345,0.7804071773636991,888.25,577.1778141670612,1625.0,108.45703456853846,38.6037737254234,154.53910524340097,0.0,0.0,0.0067768096923828125,recovered_archive2/194,recovered_archive2/194/CAPorg5.jpg,0
6,16,1024,768,0.375,0.2727272727272727,0.7891167625093676,0.08503575453014042,0.859552640542972,1.7507964103741955,0.6076274999185637,2.4259870603454035,0.9669871628206413,0.01378779571026857,0.9762483593843216,0.9717821332040101,0.004486686647769026,0.9768396178505732,0.8825752039946414,0.37577666219743383,1.3083333333333333,0.8279634714780659,0.05440181023932059,0.8863343497934291,698.0,792.7509066535339,1601.0,95.846368414467,60.60672328154052,167.698484809835,0.0,0.0,0.0053253173828125,recovered_archive3/202,recovered_archive3/202/CAPorg1.jpg,0
7,30,1024,768,0.23333333333333334,0.1891891891891892,0.620804425929501,0.11804207081502924,0.7532317389392937,1.8287907377301635,0.3027830849320839,2.1203086098159467,0.9008222021615145,0.07392346732872589,0.9571788667069971,0.9240196189095764,0.03672002551525152,0.9640538583637345,1.5133368058303607,0.4175793167786772,1.9000000000000001,0.6404506409235179,0.0821989480073832,0.7590326340326341,5040.357142857143,7105.926121978781,12749.900000000005,264.3061944447153,210.48747714005117,513.7854398169162,0.0,0.14285714285714285,0.04486401875813802,recovered_archive3/202,recovered_archive3/202/CAPorg10.jpg,0
4,59,1024,768,0.06779661016949153,0.06349206349206349,0.7176640600441389,0.23037777578386645,0.8810064157060491,3.9405333737009727,4.799905858518401,8.947516448689031,0.9697723763818813,0.008502113366623728,0.9761403338509312,0.9649768940262928,0.010288221270827382,0.9764629636749984,1.6617891564700076,1.1714086746317778,2.9333333333333336,0.7357628368932461,0.11696474075185716,0.8296133387888708,2276.75,2339.0895263969696,4830.150000000001,205.91168824543146,170.84967800776516,391.6579869251967,0.0,0.0,0.011580149332682291,recovered_archive3/202,recovered_archive3/202/CAPorg11.jpg,0
7,59,1024,768,0.11864406779661017,0.10606060606060606,0.6489576294465526,0.25769789291971384,0.8665480212179058,3.7472052097078787,4.683796950244619,8.481033457040677,0.9454308479727203,0.04862081420662021,0.9828666206385718,0.9580755113826269,0.008943867679156621,0.9690491028312149,2.5858941942008067,3.5874368959714187,5.97666666666667,0.6796463998209693,0.11118991548214918,0.7661099502412771,4769.928571428572,9392.789489164286,12595.800000000008,305.79856721710473,465.27482404043616,691.1537372139851,0.14285714285714285,0.0,0.04245694478352865,recovered_archive3/202,recovered_archive3/202/CAPorg12.jpg,0
8,43,1024,768,0.18604651162790697,0.1568627450980392,0.685593945011942,0.2092800781542553,0.8543454738413457,2.2561812923341997,1.8141941652815763,3.6517719775638726,0.9289890681582499,0.08688187628768791,0.978919201531213,0.959607277149678,0.011469601998746555,0.9697560855763221,1.2047821013213096,0.5941496932852157,2.0880184331797236,0.6714659318017531,0.20069061132772503,0.8208982683982684,469.3125,364.34649867090803,917.8,91.68897000411638,39.71428781054818,141.86631303726514,0.125,0.125,0.0047740936279296875,recovered_archive3/202,recovered_archive3/202/CAPorg13.jpg,0
3,58,1024,768,0.05172413793103448,0.04918032786885246,0.8350317644429586,0.05174970211985905,0.8811484470219729,1.4800551608020822,0.2722485792540488,1.747326097224909,0.9694567786556334,0.01611541167914915,0.9816479867164799,0.9695716329585622,0.006431793891511949,0.9761081398212083,1.1723027375201287,0.44118269140680555,1.6222222222222222,0.8257337912868604,0.018136136176923983,0.8427159157977572,518.3333333333334,550.3614468894258,1065.8,75.61760458079523,44.3452207558921,119.65483399593904,0.0,0.0,0.0019772847493489585,recovered_archive3/202,recovered_archive3/202/CAPorg14.jpg,0
8,55,1024,768,0.14545454545454545,0.12698412698412698,0.5014266162778543,0.22183675425777458,0.8449113585508748,3.116636621079702,1.8037600680231498,5.507752592861291,0.8641330781227081,0.07237139894509513,0.9670404172099106,0.9435133917745595,0.02660197417426582,0.979422183512976,1.9942982566846719,1.1484150101990833,3.585185185185185,0.5518893748333246,0.1894528855704833,0.7887301587301587,1040.0625,875.8577737531077,2394.9,161.04126073623883,84.14068896134064,249.83901858822324,0.25,0.125,0.010580062866210938,recovered_archive3/202,recovered_archive3/202/CAPorg15.jpg,0
4,26,1024,768,0.15384615384615385,0.13333333333333333,0.43209588997958565,0.2162905345286185,0.6584401441423812,6.048565822979974,4.113759641910124,10.343901096815376,0.9167698508451888,0.03878337128761568,0.9612730828782935,0.9413388057839472,0.020125871674491952,0.9629933233573565,2.51077300616464,0.9295042043281727,3.53527711323764,0.5009320303222985,0.19391413448856226,0.6462691454571612,7708.625,8569.1301511224,17057.4,555.4647724663863,522.7492516887845,1134.1905622382997,0.25,0.0,0.03920809427897135,recovered_archive3/202,recovered_archive3/202/CAPorg16.jpg,0
0,7,1024,768,0.0,0.0,,,,,,,,,,,,,,,,,,,,,,,,,,,0.0,recovered_archive3/202,recovered_archive3/202/CAPorg2.jpg,0
2,12,1024,768,0.16666666666666666,0.14285714285714285,0.853584904939953,0.004495442583121068,0.8571812590064498,1.3108066534216376,0.11452703622679328,1.4024282824030723,0.9795269671393423,0.001980856473744963,0.9811116523183382,0.9674376937979723,0.007979072561339562,0.973820951847044,0.9337121212121213,0.2253787878787879,1.1140151515151515,0.8302139037433155,0.015374331550802145,0.8425133689839572,1086.75,741.75,1680.15,117.54772721475251,46.09188309203681,154.42123368838196,0.0,0.0,0.0027637481689453125,recovered_archive3/202,recovered_archive3/202/CAPorg3.jpg,0
0,1,1024,768,0.0,0.0,,,,,,,,,,,,,,,,,,,,,,,,,,,0.0,recovered_archive3/202,recovered_archive3/202/CAPorg4.jpg,0
2,23,1024,768,0.08695652173913043,0.08,0.8736007626189126,0.016535873972805593,0.886829461797157,1.1884333564164868,0.029786196492114003,1.212262313610178,0.9796414602346802,0.0042568448500655,0.9830469361147326,0.9656236942253833,0.0059874355835127235,0.9704136426921935,1.069047619047619,0.09761904761904766,1.1471428571428572,0.831499474789916,0.032339810924369716,0.8573713235294118,765.75,185.25,913.95,104.30508652763322,13.778174593052022,115.32762620207484,0.0,0.0,0.0019474029541015625,recovered_archive3/202,recovered_archive3/202/CAPorg5.jpg,0
8,32,1024,768,0.25,0.2,0.8457412156810974,0.031687867399344136,0.8724795471803657,1.26773175261038,0.1658485169683277,1.4239589221954594,0.9753163798514661,0.006566459490584889,0.9823453093048626,0.9599971266497871,0.006801023218020854,0.9690614620805109,0.8670883680861131,0.13682788232921622,1.0074410163339382,0.7799493329101822,0.04336743540320346,0.827926798378926,1210.0625,717.8346535545286,2173.7999999999997,127.34887258081372,43.32375095688236,184.67535341682733,0.0,0.0,0.012309392293294271,recovered_archive3/202,recovered_archive3/202/CAPorg6.jpg,0
4,32,1024,768,0.125,0.1111111111111111,0.7037273717435032,0.13706575586876713,0.8288423128506168,2.3294231977109296,1.215716159901509,3.69542517093717,0.9587395706480323,0.005296436509888965,0.9643379775674707,0.969783045960242,0.002143254598486012,0.9722173285483617,0.7343889384478144,0.357638803246254,1.1105263157894738,0.7570450189510021,0.0603535023838464,0.8159739229024943,934.125,1155.8681464055492,2164.4000000000005,118.0017856687341,91.81527189247261,217.31168824543147,0.0,0.0,0.0047512054443359375,recovered_archive3/202,recovered_archive3/202/CAPorg7.jpg,0
5,39,1024,768,0.1282051282051282,0.11363636363636363,0.8356479934539174,0.03688333361508978,0.8722250470180313,1.3143216893025014,0.16496114320617142,1.507861960753832,0.973801228288935,0.005143638684086043,0.9793736591814216,0.9579841216990787,0.004293604724640909,0.9626009192127363,0.972398175301401,0.18801952588466378,1.1445454545454545,0.7459302441630448,0.024432701888045447,0.7673180017492411,693.2,345.10369456150426,1096.8,98.88326112068525,23.22040202876037,124.79108216936542,0.0,0.0,0.004407246907552083,recovered_archive3/202,recovered_archive3/202/CAPorg8.jpg,0
4,33,1024,768,0.12121212121212122,0.10810810810810811,0.5165758912692148,0.25102124217488825,0.7990963923873012,4.42938630824145,3.2857585496279484,8.187677079823205,0.9119146603629749,0.06397482095743325,0.9674216977889796,0.9505700428040257,0.01723297186260606,0.9681568062552907,2.46284532040346,1.1576986980329185,3.6180389692017596,0.5950162714564209,0.1692166958910912,0.7797455078705079,3489.375,2809.0183199607295,6667.750000000001,292.6205806953521,120.14011373917484,391.4431816442575,0.25,0.0,0.017747879028320312,recovered_archive3/202,recovered_archive3/202/CAPorg9.jpg,0
3,70,1024,768,0.04285714285714286,0.0410958904109589,0.8758174450380789,0.006449912791368744,0.8807928464609442,1.147999982585242,0.07188992381382832,1.22121336634947,0.9789700378553827,0.0021044980750145837,0.9811160864359153,0.9546432525251404,0.0038978521905569615,0.9585925647901575,0.8945258194032008,0.05819731246601211,0.9532147742818058,0.7683832586988971,0.013048466315191576,0.7784096343637232,1060.5,144.30234463329649,1196.8,123.08732555695849,8.837060298504372,131.48225099390856,0.0,0.0,0.0040454864501953125,recovered_archive3/204,recovered_archive3/204/CAPorg1.jpg,0
0,64,1024,768,0.0,0.0,,,,,,,,,,,,,,,,,,,,,,,,,,,0.0,recovered_archive3/204,recovered_archive3/204/CAPorg2.jpg,0
0,70,1024,768,0.0,0.0,,,,,,,,,,,,,,,,,,,,,,,,,,,0.0,recovered_archive3/204,recovered_archive3/204/CAPorg3.jpg,0
0,50,1024,768,0.0,0.0,,,,,,,,,,,,,,,,,,,,,,,,,,,0.0,recovered_archive3/204,recovered_archive3/204/CAPorg4.jpg,0
0,45,1024,768,0.0,0.0,,,,,,,,,,,,,,,,,,,,,,,,,,,0.0,recovered_archive3/204,recovered_archive3/204/CAPorg5.jpg,0
1,60,1024,768,0.016666666666666666,0.01639344262295082,0.7096367048255695,0.0,0.7096367048255695,2.3699167256186775,0.0,2.3699167256186775,0.9806063308069549,0.0,0.9806063308069549,0.9734794546679533,0.0,0.9734794546679533,0.5142857142857142,0.0,0.5142857142857142,0.8728174603174603,0.0,0.8728174603174603,2199.5,0.0,2199.5,197.35533905932738,0.0,197.35533905932738,0.0,0.0,0.002796808878580729,recovered_archive3/204,recovered_archive3/204/CAPorg6.jpg,0
1,62,1024,768,0.016129032258064516,0.015873015873015872,0.6439424546199514,0.0,0.6439424546199514,1.5937993996654394,0.0,1.5937993996654394,0.919561243144425,0.0,0.919561243144425,0.9551390055309369,0.0,0.9551390055309369,1.5510204081632653,0.0,1.5510204081632653,0.6753490870032224,0.0,0.6753490870032224,2515.0,0.0,2515.0,221.53910524340097,0.0,221.53910524340097,0.0,0.0,0.0031979878743489585,recovered_archive3/204,recovered_archive3/204/CAPorg7.jpg,0
0,60,1024,768,0.0,0.0,,,,,,,,,,,,,,,,,,,,,,,,,,,0.0,recovered_archive3/204,recovered_archive3/204/CAPorg8.jpg,0
1,45,1024,768,0.022222222222222223,0.021739130434782608,0.5487517129226219,0.0,0.5487517129226219,1.7903713334361984,0.0,1.7903713334361984,0.8335385878489321,0.0,0.8335385878489321,0.9077123963547429,0.0,0.9077123963547429,1.7708333333333333,0.0,1.7708333333333333,0.6220894607843137,0.0,0.6220894607843137,10152.5,0.0,10152.5,482.17366491630696,0.0,482.17366491630696,0.0,0.0,0.012909571329752604,recovered_archive3/204,recovered_archive3/204/CAPorg9.jpg,0
0,120,1024,768,0.0,0.0,,,,,,,,,,,,,,,,,,,,,,,,,,,0.0,recovered_archive3/207,recovered_archive3/207/CAPorg1.jpg,0
14,91,1024,768,0.15384615384615385,0.13333333333333333,0.7942576517610761,0.07286479587903394,0.8589682159990816,1.55630832451947,0.519055690400336,1.8723134803494348,0.9605761586588804,0.019924440184973958,0.9772960968416681,0.9595074386911362,0.011644787098280216,0.9678442455280646,1.005834176668052,0.22946115843655865,1.3744814582023885,0.7339358231225124,0.0741661102827446,0.803301282051282,877.7142857142857,1374.6980150756972,1390.700000000001,101.60392696935273,71.28599973167235,153.78174593052032,0.0,0.0,0.015625,recovered_archive3/207,recovered_archive3/207/CAPorg2.jpg,0
1,111,1024,768,0.009009009009009009,0.008928571428571428,0.7529703964345038,0.0,0.7529703964345038,1.657820637348059,0.0,1.657820637348059,0.933333333333336,0.0,0.933333333333336,0.9584167043468331,0.0,0.9584167043468331,0.6428571428571429,0.0,0.6428571428571429,0.7222222222222222,0.0,0.7222222222222222,91.0,0.0,91.0,38.970562748477136,0.0,38.970562748477136,0.0,0.0,0.00011571248372395833,recovered_archive3/207,recovered_archive3/207/CAPorg3.jpg,0
4,81,1024,768,0.04938271604938271,0.047058823529411764,0.7052458790714526,0.2575765717609866,0.874141361980946,4.236795041516085,5.197513505641576,9.685506856240455,0.9614870578273274,0.01145064680063378,0.9744073617900953,0.9723955148633043,0.005677342827399894,0.9761727810032844,2.2378826530612246,2.1989746902911893,4.566071428571429,0.7487407905934692,0.06981134737816026,0.7930442821067821,2377.625,3887.4571922884243,6445.550000000001,197.4662517628014,268.8124215635695,480.95849198858514,0.25,0.0,0.012093226114908854,recovered_archive3/207,recovered_archive3/207/CAPorg4.jpg,0
4,93,1024,768,0.043010752688172046,0.041237113402061855,0.8594715184309958,0.015035337435283161,0.8757894157140356,1.3199331418417322,0.10369124470717207,1.4232255288841194,0.975215203430272,0.008813596342212755,0.9836570945945938,0.9756687032973905,0.012373451389100528,0.9879877203827875,0.8544340924775709,0.16425543672171758,1.0341614906832297,0.8372911260379291,0.04999597326676451,0.8895238095238096,217.0,168.99445257167469,408.75,51.50609665440988,22.999725507390114,76.93107499061544,0.0,0.0,0.0011037190755208333,recovered_archive3/207,recovered_archive3/207/CAPorg5.jpg,0
1,53,1024,768,0.018867924528301886,0.018518518518518517,0.804894807649834,0.0,0.804894807649834,1.2659149092731719,0.0,1.2659149092731719,0.9686847599164928,0.0,0.9686847599164928,0.9602042818683582,0.0,0.9602042818683582,1.1304347826086956,0.0,1.1304347826086956,0.7759197324414716,0.0,0.7759197324414716,464.0,0.0,464.0,85.1126983722081,0.0,85.1126983722081,0.0,0.0,0.0005900065104166666,recovered_archive3/207,recovered_archive3/207/CAPorg6.jpg,0
2,91,1024,768,0.02197802197802198,0.021505376344086023,0.8349009177850433,0.00901406680515493,0.8421121712291673,1.2428576873568549,0.060812148316241044,1.2915074060098477,0.9612893380358116,0.0025264514378754432,0.963310499186112,0.9660159126837906,0.0020531448900181215,0.9676584285958051,0.9886877828054298,0.16515837104072395,1.120814479638009,0.766397328162034,0.015115276879982764,0.7784895496660202,166.25,19.75,182.05,49.920310216782966,2.7071067811865497,52.08599564173221,0.0,0.0,0.0004227956136067708,recovered_archive3/207,recovered_archive3/207/CAPorg7.jpg,0
11,99,1024,768,0.1111111111111111,0.1,0.7857851838908411,0.0646780792324472,0.8516390934351826,1.433676903701624,0.16514950364032463,1.6472607173109024,0.9574423611117304,0.02904930564485839,0.9802259887005634,0.9598887292743224,0.01370690031245484,0.9780432739276623,0.9631017360617576,0.19737588134783865,1.2272727272727273,0.7377918424287843,0.06887993958216054,0.797979797979798,3593.3636363636365,10109.94578955637,1056.0,141.6184703595754,210.29804742514378,143.0538238691624,0.0,0.0,0.05026117960611979,recovered_archive3/214,recovered_archive3/214/CAPorg1.jpg,0
41,72,1024,768,0.5694444444444444,0.36283185840707965,0.7964186296886994,0.11239667187797046,0.8679591109579844,1.502772860701359,0.8390139582065661,1.6506528632468513,0.9640508784106374,0.029991566905136123,0.9806241076891697,0.9572979754254948,0.00857892385794474,0.9693256948262411,1.229094256776456,0.23723895687433916,1.565217391304348,0.7359131555316907,0.1132162597960152,0.8272946859903382,1061.7682926829268,687.1233167410928,2190.0,126.2907418377352,56.4411965961739,192.99494936611666,0.024390243902439025,0.0,0.05535443623860677,recovered_archive3/214,recovered_archive3/214/CAPorg10.jpg,0
33,58,1024,768,0.5689655172413793,0.3626373626373626,0.8141296133266848,0.06430778772383791,0.8810388908314128,1.3521132752363243,0.22745333817156702,1.7132115369561445,0.9657122409822122,0.019476786188246227,0.9809921058197694,0.9593113514461681,0.0094261066110571,0.9666816758168771,1.253114688468808,0.24398453009290721,1.5819607843137256,0.7552479264490487,0.06063319462531714,0.8054398311048557,856.8636363636364,596.2483628428992,1691.1000000000001,108.47935408468115,43.909194909291195,165.45037508062177,0.0,0.0,0.03595542907714844,recovered_archive3/214,recovered_archive3/214/CAPorg11.jpg,0
40,66,1024,768,0.6060606060606061,0.37735849056603776,0.7946402490356366,0.13246864397387084,0.8804744717529738,1.6746000367756146,1.5167001259678496,2.179222772801837,0.963836956561942,0.04084300884830269,0.9829286344030176,0.9578906663729676,0.012880234654831476,0.9754484887134353,1.3793461449064146,0.8655355032808753,1.5747800586510268,0.7496669454259689,0.08050517358989737,0.8148611111111111,1705.7625,2919.5686688865107,2844.15,155.242122933374,159.12769968750564,212.3280446102855,0.025,0.025,0.08675956726074219,recovered_archive3/214,recovered_archive3/214/CAPorg12.jpg,0
42,74,1024,768,0.5675675675675675,0.3620689655172414,0.7955560581766741,0.14305885988791625,0.8794415474764653,1.6672417257360124,1.611589410230717,1.6520406333341222,0.9592815230292219,0.05073406023443074,0.984137136139671,0.9576237870879794,0.025511386935522518,0.9701701410640872,1.4170943156022806,1.0813102468949833,1.534403153153153,0.7447624409798701,0.09342017718757802,0.8365776397515527,1739.1666666666667,3467.4194460836957,2417.399999999999,154.7083555836415,194.85040532905813,191.85525240414967,0.023809523809523808,0.047619047619047616,0.0928815205891927,recovered_archive3/214,recovered_archive3/214/CAPorg13.jpg,0
48,60,1024,768,0.8,0.4444444444444444,0.7614363795049801,0.13275025816951802,0.8626230554927625,2.0242424755101474,3.8135085442512175,2.0438753174215942,0.9584876683139766,0.02878263956350319,0.9837617910509477,0.9533018230039549,0.02473494613499756,0.9695959778166512,1.4269257938514783,0.9257794145271152,1.941304347826087,0.7382765434581092,0.07838211194698756,0.824137128316695,2991.8229166666665,7124.18061259912,3817.950000000014,189.44356802595038,243.65208450658133,259.83830432072995,0.020833333333333332,0.0,0.18260637919108072,recovered_archive3/214,recovered_archive3/214/CAPorg14.jpg,0
3,83,1024,768,0.03614457831325301,0.03488372093023256,0.8535284630669154,0.021593311274366915,0.8696968698030894,1.1260542693576345,0.05241815219575741,1.1785285693395164,0.9747119328226693,0.006437448767225994,0.9795823248991565,0.9585481249256249,0.003922964159116667,0.9615205339273426,1.0419103313840157,0.10873454400932225,1.1263157894736842,0.7706575781256184,0.03257996167051341,0.8038767245417592,686.8333333333334,400.53554426819875,1095.3,96.11676280848134,27.953714111124086,124.57686860699233,0.0,0.0,0.002620061238606771,recovered_archive3/214,recovered_archive3/214/CAPorg15.jpg,0
2,87,1024,768,0.022988505747126436,0.02247191011235955,0.728002256551398,0.14046442549070404,0.8403737969439613,1.469972867906746,0.17814919326953982,1.612492222522378,0.9473263299372661,0.03566555255210385,0.9758587719789492,0.9585225706164415,0.00010882964654140848,0.9586096343336746,1.3194444444444444,0.06944444444444442,1.375,0.679104938271605,0.10577160493827159,0.7637222222222222,764.75,506.75,1170.15,104.9619407771256,30.677669529663703,129.50407640085658,0.0,0.0,0.0019448598225911458,recovered_archive3/214,recovered_archive3/214/CAPorg16.jpg,0
6,102,1024,768,0.058823529411764705,0.05555555555555555,0.836691653740866,0.03412286692941911,0.8695426583220479,1.2744730976894136,0.1907614475206964,1.4837713201179348,0.9697071596276142,0.006491222019944787,0.9749262339653597,0.9637351410240731,0.005811909601916873,0.9710393149286622,1.1051301545925203,0.2860297227703155,1.4444444444444446,0.7998193294219135,0.02675905791789369,0.8281574861770608,507.1666666666667,259.6314160925489,795.5,83.3888407471235,26.37546692388571,108.76955262170048,0.0,0.0,0.0038693745930989585,recovered_archive3/214,recovered_archive3/214/CAPorg17.jpg,0
7,1,1024,768,7.0,0.875,0.7641993276505822,0.13748343232888255,0.8763868261239988,1.812512333111861,0.8245214100774192,3.013487691054663,0.9656581514882648,0.023507167007776195,0.9845782908820829,0.9597923521461965,0.00694359782328069,0.9682372746562905,1.7152919660984176,0.6746215020089884,2.672727272727273,0.7713694701502227,0.035473755263076494,0.8131145482636657,957.7857142857143,658.1476092110372,1878.6000000000001,114.62002673681104,38.807893463066414,165.84204896855323,0.0,0.0,0.008525212605794271,recovered_archive3/214,recovered_archive3/214/CAPorg18.jpg,0
6,29,1024,768,0.20689655172413793,0.17142857142857143,0.763022151287318,0.10201817128002072,0.8462404640004068,1.55378809466724,0.47605602148470666,2.196366940936974,0.9684117697290008,0.00894773592639976,0.9760981097570854,0.955850335094561,0.007165826339803915,0.9639028542937351,1.2596400031475332,0.44696516496256805,1.7693798449612403,0.6963722850127997,0.06388656186368102,0.7528532608695653,1078.75,520.3650761724888,1577.5,128.18495662989633,41.705634868439844,164.85281374238573,0.0,0.0,0.008230209350585938,recovered_archive3/214,recovered_archive3/214/CAPorg19.jpg,0
32,120,1024,768,0.26666666666666666,0.21052631578947367,0.7687587841830237,0.11423625155240502,0.8569750752363753,1.510892741550316,0.44360486794623105,1.9667466466596923,0.9552372313419136,0.03388046365132988,0.9793385160814058,0.9596619275067961,0.01583723137294379,0.9753344241255794,1.2629986608454131,0.3983014589080847,1.8145833333333334,0.7232369969215222,0.097787981598964,0.8289640198511166,595.265625,789.680295123197,1557.6500000000003,88.63145061556746,65.08746196853824,162.5314933988261,0.0,0.0,0.024221420288085938,recovered_archive3/214,recovered_archive3/214/CAPorg2.jpg,0
7,29,1024,768,0.2413793103448276,0.19444444444444445,0.7843390795405527,0.09163833352970108,0.8702121022041686,1.5771447074768699,0.41436700053348513,2.165944717549604,0.9662594466551567,0.01752137387094266,0.983995146218417,0.958026049901582,0.009928713183360369,0.9689202885653492,1.2909641945356232,0.38505801413274626,1.694949494949495,0.7235128756284052,0.09205659887665218,0.8045770202020202,1637.142857142857,2263.9823275793997,3618.200000000002,141.95157690451407,91.84965337431169,238.31353518862937,0.0,0.0,0.0145721435546875,recovered_archive3/214,recovered_archive3/214/CAPorg20.jpg,0
28,37,1024,768,0.7567567567567568,0.4307692307692308,0.8191661630767086,0.07369028170526605,0.8741424890965172,1.4282094450322191,0.25128760993455057,1.7732625069910959,0.9657722061567939,0.024866121834439613,0.9837460327117502,0.9627526530730902,0.011845492899954723,0.9733316843895251,1.1728109648769318,0.2835994126923993,1.5949602122015916,0.7736184728446495,0.08070793168412325,0.864880679746871,512.0357142857143,391.3439282179567,1106.25,83.68797150571967,36.54096040608252,133.1986940139403,0.0,0.0,0.018230438232421875,recovered_archive3/214,recovered_archive3/214/CAPorg21.jpg,0
18,44,1024,768,0.4090909090909091,0.2903225806451613,0.8065295818148718,0.1276430544324211,0.8809879135768366,1.796512944808622,1.596006787265752,2.82791514999045,0.9720353368830599,0.012899561298274879,0.9832539829446643,0.9593893916593209,0.006680019026050494,0.9667148719255231,1.3422906524517662,0.7941242060510096,2.067586206896553,0.770062235536061,0.02332656714733032,0.7964406317542781,5169.0,10992.360146180315,13010.950000000023,225.6995108893894,277.8244406698512,447.3436867076464,0.0,0.0,0.11830902099609375,recovered_archive3/214,recovered_archive3/214/CAPorg22.jpg,0
18,64,1024,768,0.28125,0.21951219512195122,0.7380374481528912,0.1683233483179281,0.8694476073550333,1.6731748965852804,0.808297913172255,2.725952704335785,0.9361575426918815,0.0656944447256169,0.9815475330926597,0.9542054693137894,0.017030681364096755,0.9721940661036155,1.3190563265314976,0.6031231905259333,1.7405797101449278,0.7101026477951822,0.14836051098867348,0.8439090909090909,986.6111111111111,1070.4793780196944,1961.1500000000015,123.23847996731524,81.08270125661528,205.8770778110978,0.0,0.05555555555555555,0.022581736246744793,recovered_archive3/214,recovered_archive3/214/CAPorg23.jpg,0
22,116,1024,768,0.1896551724137931,0.15942028985507245,0.8225809240213118,0.04595435398503732,0.8642934546850877,1.3526144736218986,0.19673658116871579,1.5845828192360816,0.966535674570196,0.010479394510701363,0.9779707169002789,0.9653245978188999,0.010663687816165867,0.975946372392492,1.1269557057774762,0.3086238630385166,1.4246031746031746,0.7721396196359517,0.06038800287779531,0.839047619047619,429.8863636363636,367.6374489969142,967.5000000000002,74.97042826698485,33.57770947783344,124.33767670841367,0.0,0.0,0.012025833129882812,recovered_archive3/214,recovered_archive3/214/CAPorg3.jpg,0
23,120,1024,768,0.19166666666666668,0.16083916083916083,0.7525270824725515,0.14074751145359707,0.8652241265174294,1.6903250199572626,0.5574646695435872,2.4169373990589165,0.9498408629438133,0.0501771923209619,0.980865321632012,0.9511339623339244,0.03059044742453673,0.969636766770773,1.2359548527446598,0.5711576847521207,2.0852198990627255,0.7381047668867579,0.11197575957147556,0.8325277622247107,1330.9782608695652,1556.7133122331588,2708.8000000000006,139.9143389647401,81.74226177782019,249.71109652686545,0.0,0.043478260869565216,0.0389258066813151,recovered_archive3/214,recovered_archive3/214/CAPorg4.jpg,0
13,120,1024,768,0.10833333333333334,0.09774436090225563,0.7549663063425339,0.16285386832312665,0.8771935593654745,1.5439273662377566,0.5870298722417295,2.4106564905742918,0.9427762751561037,0.05572138472060743,0.9770608372860387,0.9519599667049939,0.019229284449422804,0.9652211195396085,1.4028449480304803,0.4054621590200425,1.8190000000000002,0.7278931329131659,0.1210705946032384,0.8311255700820919,1149.0,1791.0910512439489,1364.3000000000002,124.21711614916045,86.35046671474957,202.278802205368,0.0,0.07692307692307693,0.018993377685546875,recovered_archive3/214,recovered_archive3/214/CAPorg5.jpg,0
10,104,1024,768,0.09615384615384616,0.08771929824561403,0.7979810984571156,0.06928884660862868,0.8494646325392221,1.5387260927017539,0.6248859732723586,2.571935019528164,0.9626602352428707,0.015488366551575355,0.9746658352448613,0.9620366181206338,0.008545828122470196,0.9737848358495832,1.092654290943869,0.43427441029105596,1.3789915966386552,0.775273554070109,0.04628805229496441,0.8452010006901312,426.5,231.44567397123672,722.55,78.72691193458118,23.099929718112257,104.23889603929562,0.0,0.0,0.005423227945963542,recovered_archive3/214,recovered_archive3/214/CAPorg6.jpg,0
4,46,1024,768,0.08695652173913043,0.08,0.8427116719382064,0.056657031449667536,0.8772193961687778,1.2398161613394707,0.19907616020578736,1.4670799529452356,0.9723518182309273,0.017227795175932367,0.9840392738082098,0.9534306388460527,0.006681552269230332,0.9597159668973898,1.0442540322580645,0.08783493527764981,1.1418548387096774,0.7295419965089696,0.06700854320613456,0.7851198565904894,2015.375,789.5681078127459,2878.75,170.74190103891172,37.357628237318586,208.16479784710017,0.0,0.0,0.010250727335611979,recovered_archive3/214,recovered_archive3/214/CAPorg7.jpg,0
21,120,1024,768,0.175,0.14893617021276595,0.7976670868996392,0.11649479094853724,0.8563411145025293,1.4603228031297901,0.6076037139335432,1.7351886060764756,0.961564708804025,0.02672115778344751,0.9780952380952375,0.9624506360831511,0.009363631422459046,0.972975003501095,1.2168728867276484,0.39198501148362136,1.6,0.744303184172986,0.09046139307433695,0.797360248447205,466.5,269.5373461180861,883.5,84.89268530920651,32.42491492613281,130.3259018078045,0.0,0.0,0.012456893920898438,recovered_archive3/214,recovered_archive3/214/CAPorg8.jpg,0
36,91,1024,768,0.3956043956043956,0.28346456692913385,0.8040419539826247,0.09063472298203469,0.8699312156429285,1.4295978820915662,0.3468039965799794,1.6790808899935217,0.9641924152784048,0.02149642290947583,0.9800023985129214,0.9605074361919304,0.0125891898909218,0.9711165122072689,1.1186664194937868,0.2665737507865411,1.4126984126984126,0.732976247659879,0.08647591027008489,0.8139736943164362,552.0,387.756850358572,964.0,88.89781139198388,32.592579861384834,127.88225099390857,0.0,0.0,0.0252685546875,recovered_archive3/214,recovered_archive3/214/CAPorg9.jpg,0
9,59,1024,768,0.15254237288135594,0.1323529411764706,0.7324547648263676,0.1364978622809779,0.861420206060299,2.0877827455659617,1.0046789506200358,3.138413837069563,0.962178112211764,0.026245014637346138,0.9839386740156483,0.9683728427569156,0.008834251550709153,0.97918295792113,1.9412301699487056,0.8681365495514405,2.8085213032581455,0.7959441020156288,0.043703280860247044,0.8590348639455782,717.8888888888889,815.4450992412324,1445.1000000000004,102.10942756648333,64.30436325593914,188.1317892581091,0.0,0.0,0.008215586344401041,recovered_archive3/218,recovered_archive3/218/CAPorg1.jpg,0
1,23,1024,768,0.043478260869565216,0.041666666666666664,0.6369330000940495,0.0,0.6369330000940495,1.9299716591923706,0.0,1.9299716591923706,0.9451081691959962,0.0,0.9451081691959962,0.9391444706832628,0.0,0.9391444706832628,1.9791666666666667,0.0,1.9791666666666667,0.6418859649122807,0.0,0.6418859649122807,2927.0,0.0,2927.0,240.30865786510145,0.0,240.30865786510145,0.0,0.0,0.0037218729654947915,recovered_archive3/218,recovered_archive3/218/CAPorg10.jpg,0
0,59,1024,768,0.0,0.0,,,,,,,,,,,,,,,,,,,,,,,,,,,0.0,recovered_archive3/218,recovered_archive3/218/CAPorg2.jpg,0
0,47,1024,768,0.0,0.0,,,,,,,,,,,,,,,,,,,,,,,,,,,0.0,recovered_archive3/218,recovered_archive3/218/CAPorg3.jpg,0
0,38,1024,768,0.0,0.0,,,,,,,,,,,,,,,,,,,,,,,,,,,0.0,recovered_archive3/218,recovered_archive3/218/CAPorg4.jpg,0
0,44,1024,768,0.0,0.0,,,,,,,,,,,,,,,,,,,,,,,,,,,0.0,recovered_archive3/218,recovered_archive3/218/CAPorg5.jpg,0
2,31,1024,768,0.06451612903225806,0.06060606060606061,0.8659745842336284,0.010642213146147939,0.8744883547505468,1.2660145413885895,0.08908822759902768,1.3372851234678116,0.9778523426527177,0.004109325892942051,0.9811398033670713,0.9571792916177604,0.006521562653938828,0.9623965417409115,1.2176724137931034,0.09267241379310343,1.2918103448275862,0.7734457709467635,0.016935354280096793,0.7869940543708409,871.25,0.25,871.45,112.44722215136416,0.707106781186539,113.0129075763134,0.0,0.0,0.002215703328450521,recovered_archive3/218,recovered_archive3/218/CAPorg6.jpg,0
3,31,1024,768,0.0967741935483871,0.08823529411764706,0.7824523139658365,0.08096264708600687,0.8520141573040884,1.640159619526842,0.4205247975130782,2.068920441198612,0.9713013734650598,0.0028964834966074006,0.9733591606133974,0.9571736292557446,0.0038080130075073206,0.9600150842526503,1.6341342064294542,0.4023889305195046,2.044489383215369,0.7712987533171636,0.02514811636824802,0.7959781906073466,1344.8333333333333,1167.72787450197,2515.4,137.70661368238152,70.35850291433131,208.6871283174365,0.0,0.0,0.0051301320393880205,recovered_archive3/218,recovered_archive3/218/CAPorg7.jpg,0
3,33,1024,768,0.09090909090909091,0.08333333333333333,0.7902577797467659,0.07636016505512337,0.8556147807243957,1.4180889310423501,0.2722461598601623,1.685509504915611,0.9677112642699437,0.008490839497943657,0.9748176234261391,0.9527845644403105,0.007889237170179263,0.959557313514172,1.5713972018319844,0.3552020825403034,1.9320158102766798,0.7556597641252373,0.008693059041679913,0.7644232607403962,1321.8333333333333,1169.9149779174363,2497.7000000000003,134.97294364012262,70.14368745360103,205.95230867899744,0.0,0.0,0.0050423940022786455,recovered_archive3/218,recovered_archive3/218/CAPorg8.jpg,0
4,38,1024,768,0.10526315789473684,0.09523809523809523,0.7419736693718713,0.08484786560982731,0.8369387650122837,1.7699406604124162,0.3521891372147692,2.086706868385447,0.9705890997713384,0.004511080779663631,0.9755414951092524,0.9561277851468423,0.0030634995580888346,0.9594704531616266,1.8196290143964564,0.5404123627261184,2.3073643410852713,0.7595572317372221,0.018904319005695752,0.78038708086785,2170.75,1097.7985072407414,3131.15,185.4030662740799,65.96586772271179,243.6334269972017,0.0,0.0,0.011041005452473959,recovered_archive3/218,recovered_archive3/218/CAPorg9.jpg,0
4,120,1024,768,0.03333333333333333,0.03225806451612903,0.8450532338623127,0.04167419440462589,0.8836199627962842,1.3576780707911182,0.19664312894166153,1.5793496653975412,0.971107439637652,0.004266319498205445,0.975703014612854,0.9641001591018157,0.004955925503436755,0.9695414182786823,0.9922657952069718,0.2724350346538666,1.2629411764705882,0.7968917588402883,0.014590897997006391,0.8133142701525055,328.875,54.65616959685338,390.8,69.84493141924172,6.91018316177186,77.1955410846827,0.0,0.0,0.0016727447509765625,recovered_archive3/222,recovered_archive3/222/CAPorg1.jpg,0
14,120,1024,768,0.11666666666666667,0.1044776119402985,0.7059760044801303,0.16998773398112582,0.8519129786022276,1.954442014406943,0.9686489842255249,3.50474531591964,0.9390031310814303,0.07189667529021775,0.9704078085405906,0.9587950996064253,0.009383263331454148,0.9686469629456437,1.470488421950245,0.6299367188350222,2.4289473684210527,0.7052189384234249,0.1367089826170335,0.8103558206499383,549.4642857142857,503.731946301294,1066.15,96.54598531349254,48.786064532450546,172.19179643685914,0.07142857142857142,0.07142857142857142,0.009781519571940104,recovered_archive3/222,recovered_archive3/222/CAPorg2.jpg,0
7,55,1024,768,0.12727272727272726,0.11290322580645161,0.7800137484009734,0.0745126985337408,0.8614080665947919,1.4721476951340928,0.3354070984696822,1.8788039893404498,0.9698356550679084,0.012814535791246499,0.9768989024802976,0.9589485083820535,0.0034946719617418415,0.9624026103378054,0.9923516635468931,0.2548479018698556,1.3142857142857145,0.7242066219544875,0.0952709010911352,0.8154135338345865,930.4285714285714,539.7429565855153,1665.2,117.55244272746552,39.32006300661381,171.05870119269028,0.0,0.0,0.008281707763671875,recovered_archive3/222,recovered_archive3/222/CAPorg3.jpg,0
5,46,1024,768,0.10869565217391304,0.09803921568627451,0.8370499352102326,0.02265158979859959,0.8607212077360326,1.3203815393533482,0.15722069830998528,1.507843904453689,0.9744292456134342,0.004025706734305976,0.9793481847761604,0.9626524299097368,0.006547865094591478,0.9704959131016326,1.07683423180593,0.0956490337077736,1.180952380952381,0.7392633591172318,0.0610353234269328,0.8100238095238095,709.1,576.7865636437798,1376.7,95.89747468305833,40.704020161156656,143.216060505571,0.0,0.0,0.0045083363850911455,recovered_archive3/222,recovered_archive3/222/CAPorg4.jpg,0
4,50,1024,768,0.08,0.07407407407407407,0.8487379662983419,0.041199420562206,0.8940986274762834,1.3940309785929386,0.15133772243462143,1.5639982220200679,0.9812298018787472,0.006431621960223904,0.9884609513341862,0.9671369178248431,0.013664982273158826,0.9816346954044237,0.9503414613708732,0.08282651699240624,1.0316951566951567,0.7499000595134819,0.07778980711245752,0.8339285714285715,812.625,630.4362948585685,1505.65,101.38656197958434,46.953261493836926,151.0285496736738,0.0,0.0,0.0041332244873046875,recovered_archive3/222,recovered_archive3/222/CAPorg5.jpg,0
1,42,1024,768,0.023809523809523808,0.023255813953488372,0.8564473132222348,0.0,0.8564473132222348,1.272448159311943,0.0,1.272448159311943,0.9741847826086957,0.0,0.9741847826086957,0.9660043228313049,0.0,0.9660043228313049,1.263157894736842,0.0,1.263157894736842,0.7861842105263158,0.0,0.7861842105263158,358.5,0.0,358.5,72.52691193458118,0.0,72.52691193458118,0.0,0.0,0.0004558563232421875,recovered_archive3/222,recovered_archive3/222/CAPorg6.jpg,0
2,57,1024,768,0.03508771929824561,0.03389830508474576,0.731257122581859,0.07180619521677367,0.788702078755278,1.4968778350235326,0.19578548338037838,1.6535062217278351,0.9202671507481297,0.02752401391050502,0.9422863618765337,0.9462154897645123,0.00960376388832318,0.9538985008751708,1.2962962962962963,0.20370370370370372,1.4592592592592593,0.7225078468298807,0.0641588198367859,0.7738349026993094,1107.75,989.75,1899.55,121.44722215136417,78.47665940288704,184.2285496736738,0.0,0.0,0.0028171539306640625,recovered_archive3/222,recovered_archive3/222/CAPorg7.jpg,0
1,41,1024,768,0.024390243902439025,0.023809523809523808,0.7842785246734607,0.0,0.7842785246734607,1.4326905642191352,0.0,1.4326905642191352,0.9620109190172886,0.0,0.9620109190172886,0.9587649065739543,0.0,0.9587649065739543,1.1923076923076923,0.0,1.1923076923076923,0.6558622828784119,0.0,0.6558622828784119,2114.5,0.0,2114.5,184.06601717798216,0.0,184.06601717798216,0.0,0.0,0.002688725789388021,recovered_archive3/222,recovered_archive3/222/CAPorg8.jpg,0
8,34,1024,768,0.23529411764705882,0.19047619047619047,0.7348663455475191,0.13918313365435345,0.8591290268832634,1.909452621227442,0.629617539198813,2.684228266837555,0.9520658023988142,0.04824634656836841,0.9810498403871901,0.960618331733374,0.014651915166386626,0.9714544723697678,0.9497975708502024,0.41421351651240984,1.475,0.7361397249789843,0.08258588477810752,0.8451960784313726,2299.375,4115.207556657987,5544.649999999998,167.03300858899107,180.4879936715268,333.55403307326765,0.0,0.0,0.023390452067057293,recovered_archive3/222,recovered_archive3/222/CAPorg9.jpg,0
25,43,1024,768,0.5813953488372093,0.36764705882352944,0.7813400651503092,0.10506721498591647,0.8711437577797806,1.4994542434042526,0.6020743445234917,1.9310176098026575,0.9599109871902057,0.036436462318884054,0.9818727752733287,0.9569706912630541,0.02024779565351284,0.9741491469318267,1.1134273295111168,0.25230981209652903,1.3603603603603602,0.7601666663450775,0.06865362683459757,0.8302217194570135,1629.96,2439.959548517147,4051.7,141.2293332653096,96.0565526858619,261.4219479558756,0.0,0.0,0.051815032958984375,recovered_archive3/233,recovered_archive3/233/CAPorg1.jpg,0
8,29,1024,768,0.27586206896551724,0.21621621621621623,0.7403651191608271,0.10231021997321288,0.8545603596468744,1.5575168118802307,0.38883188465742774,2.0068566021892473,0.9467765817533699,0.02223286055654607,0.9801754699838986,0.9567190349264303,0.007218167050248952,0.9678743089053946,1.1949302075631865,0.313916351067592,1.6400000000000001,0.6901344317846548,0.11098031354220615,0.7940277777777778,489.5,440.02968649853614,835.0499999999997,84.49442635585339,34.287328239093995,121.18103166302659,0.0,0.0,0.004979451497395833,recovered_archive3/233,recovered_archive3/233/CAPorg10.jpg,0
7,19,1024,768,0.3684210526315789,0.2692307692307692,0.866360752945709,0.02221600813645175,0.8868587931117101,1.2802228501996813,0.1351188488903869,1.4400595135720147,0.9797894019576461,0.00552895825733706,0.9875584363094752,0.9591372029598403,0.004981598587569975,0.9638724519439338,1.232298495155638,0.1122449389227748,1.3688888888888888,0.7994404533358644,0.015077884438687982,0.8187272727272727,1592.857142857143,1173.1287444353277,3070.8,140.1763759229151,57.94469411668767,208.12632021601516,0.0,0.0,0.014177958170572916,recovered_archive3/233,recovered_archive3/233/CAPorg11.jpg,0
7,21,1024,768,0.3333333333333333,0.25,0.8373003226399206,0.0480153123543593,0.8764826079531198,1.3139193445390933,0.14817180927594298,1.4973605674861592,0.9720847646892734,0.010518044162460318,0.984083086869489,0.9619063407957366,0.006269963032329772,0.9712897122851022,1.2762008079093705,0.1682298689520434,1.5165441176470589,0.7888068840277612,0.052699200977048846,0.8405882352941176,922.5,688.9271161948639,1600.8000000000006,110.45265918320338,39.25123412126509,153.56753236814717,0.0,0.0,0.008211135864257812,recovered_archive3/233,recovered_archive3/233/CAPorg12.jpg,0
13,38,1024,768,0.34210526315789475,0.2549019607843137,0.7955763611714943,0.08263410513507222,0.859638869735356,1.4886813548403661,0.24475990985023346,1.8474756763804212,0.9553542092897706,0.04154346047452399,0.9781717144452527,0.9620407643806324,0.01134585253642552,0.9745304750994314,1.267876465654316,0.3290349032288299,1.5774436090225563,0.7735635225471522,0.07837926865193973,0.8408730158730159,498.46153846153845,282.1571753431642,904.6000000000001,85.31480737205189,27.279383169493386,116.89158723275375,0.0,0.0,0.00823974609375,recovered_archive3/233,recovered_archive3/233/CAPorg2.jpg,0
7,41,1024,768,0.17073170731707318,0.14583333333333334,0.8447095916026726,0.05984257693060191,0.884151449813793,1.2861282050555385,0.10387599423613504,1.3851346692543078,0.9686562407181719,0.023338077348475164,0.981591552663217,0.9601034917968738,0.012865896259883674,0.9713908228159748,1.1518864200315815,0.1301769123489138,1.3083333333333333,0.776216434740425,0.05602935363213983,0.8261731601731602,690.8571428571429,257.9513678259243,979.2,99.58956910315442,20.13935400882484,118.11168824543144,0.0,0.0,0.0061492919921875,recovered_archive3/233,recovered_archive3/233/CAPorg3.jpg,0
17,30,1024,768,0.5666666666666667,0.3617021276595745,0.7538506237749163,0.1043408283663191,0.866284724930746,1.5466158785817323,0.6568438507774604,1.7791919966015446,0.9485464114517633,0.03767323547318444,0.9856729047231443,0.9521581391528577,0.014831544642538467,0.9626171888357871,1.0572100952593473,0.30048196324422927,1.421164021164021,0.7298695407694334,0.07697474561357744,0.8107153387312603,1728.6764705882354,1824.938201541731,5111.6,154.7791740127911,76.3782421930139,281.42135623730957,0.0,0.0,0.0373681386311849,recovered_archive3/233,recovered_archive3/233/CAPorg4.jpg,0
5,9,1024,768,0.5555555555555556,0.35714285714285715,0.7787060011497612,0.10115809483823021,0.8615235464462841,2.022715664569324,0.8300228372115065,2.9614215399857913,0.9817015357705513,0.0013805139605668293,0.9833081575270004,0.9624792900719192,0.0040667761002494114,0.9672122574248659,0.8433758348512447,0.4101162668041392,1.3333333333333333,0.8141814209518385,0.03121819649551333,0.8512744633247665,3692.1,3085.494748010439,7491.7,220.3190042307233,101.1149127322332,344.6317026029314,0.0,0.0,0.023473739624023438,recovered_archive3/233,recovered_archive3/233/CAPorg5.jpg,0
8,24,1024,768,0.3333333333333333,0.25,0.8063852289274156,0.0640107427898364,0.8728920705758566,1.5434952517231757,0.3808350690749475,1.9243544161152337,0.9758205195295693,0.008541503293503418,0.9832541011047877,0.9612033904610378,0.007914772690003713,0.9682535272735016,1.4425988943688726,0.1528153264394792,1.6520289855072463,0.7722627057158395,0.021718514217432767,0.7914930100413972,1120.25,584.4251983787146,1649.2999999999997,128.09366876077087,27.8918766278691,155.55920625607862,0.0,0.0,0.011395772298177084,recovered_archive3/233,recovered_archive3/233/CAPorg6.jpg,0
6,18,1024,768,0.3333333333333333,0.25,0.7822630413239159,0.1291566011582931,0.8764864998779455,1.7253507857769874,0.6381353159102063,2.4371552133143903,0.9818657921659231,0.006978017544964197,0.9878863590765168,0.9666418475311263,0.00627294439783173,0.9736955041281684,1.4560076085189169,0.6531155926904922,2.184313725490196,0.7753024673344956,0.06590043545439672,0.8399607065048242,1746.5,1157.2421599071936,3121.25,156.39696961967,54.27672312481288,222.4177848998413,0.0,0.0,0.013324737548828125,recovered_archive3/233,recovered_archive3/233/CAPorg7.jpg,0
8,15,1024,768,0.5333333333333333,0.34782608695652173,0.7783774864207402,0.09500565227767553,0.8694287140106457,1.3631467101996548,0.180818889929886,1.6013415209578883,0.9484498564983197,0.039091343644138535,0.9808701817011622,0.9532514353488999,0.010652430150344236,0.9648768924022961,1.2293648671589847,0.19192502937332928,1.4948235294117647,0.7092568205415207,0.08090817864941965,0.7849870801033592,682.125,304.7251579292396,1005.1999999999999,101.83326112068524,21.537123971157715,129.58691911333116,0.0,0.0,0.006938934326171875,recovered_archive3/233,recovered_archive3/233/CAPorg8.jpg,0
4,24,1024,768,0.16666666666666666,0.14285714285714285,0.7860593895347309,0.09164803459617046,0.8706863133662548,1.7668631547805669,0.6226575527149812,2.471392012026544,0.9749569628218454,0.00688955833725761,0.9815049455573108,0.9671141759219792,0.00237100740464878,0.9688443196551596,0.8693577430972389,0.33765816514206176,1.2470588235294118,0.8009431804754669,0.029109354736005493,0.8277776310228233,978.375,573.59342907237,1611.8500000000001,121.74442635585339,46.034830388524014,172.94183976444793,0.0,0.0,0.0049762725830078125,recovered_archive3/233,recovered_archive3/233/CAPorg9.jpg,0
22,12,1024,768,1.8333333333333333,0.6470588235294118,0.8110637080518288,0.08068470892774691,0.8809390061015285,1.4086087695770948,0.41923798691411157,1.7335474402539421,0.9692031800783962,0.013518813717085914,0.9809563089436596,0.9606394013144439,0.007006067764261378,0.9689465487541052,0.9086012421256949,0.2288558470529234,1.1213235294117647,0.7680325987236405,0.059522374318643344,0.8250129494453654,790.3636363636364,614.0434020383061,1476.3000000000004,104.75617205282646,39.19400651774137,147.3793072687563,0.0,0.0,0.0221099853515625,recovered_archive3/254,recovered_archive3/254/CAPorg1.jpg,0
8,13,1024,768,0.6153846153846154,0.38095238095238093,0.8635534100116714,0.026019844387732815,0.8940263553347862,1.1772178178964094,0.1120665832698742,1.2966296320676447,0.9807255163538869,0.006393153738707024,0.9881684531894128,0.9585328042164253,0.005256128247634055,0.9635674341632,0.9291302151359078,0.1365171759101973,1.0773041474654377,0.7825666052573195,0.02216812432315773,0.8143687931205462,2110.4375,1203.2792027803646,3473.45,165.33720228225724,56.24855070995398,221.94814562296312,0.0,0.0,0.021468480428059895,recovered_archive3/254,recovered_archive3/254/CAPorg2.jpg,0
43,8,1024,768,5.375,0.8431372549019608,0.8369111366122334,0.05423555730006559,0.8788456919107839,1.3202724916041157,0.2575698196913622,1.548777931272584,0.9725815532911826,0.011245617239794966,0.981681898253787,0.9620396641724294,0.010085941759967491,0.9748200397496303,1.1611812927547713,0.25821871887283926,1.4084821428571432,0.7831721925169092,0.04613712138045563,0.8253510436432637,889.0697674418604,781.9500562576495,2184.9000000000005,105.89334199879292,48.52308432183346,178.16997102991115,0.0,0.0,0.048611958821614586,recovered_archive3/254,recovered_archive3/254/CAPorg3.jpg,0
27,10,1024,768,2.7,0.7297297297297297,0.8244528001911305,0.08208520874346231,0.8854205830571072,1.354520050186973,0.38163926480599214,1.5403031368556952,0.9733170229923062,0.02135743019625116,0.9871938797229335,0.9565121989091682,0.013884343939197538,0.9709966996799808,1.0567291572078004,0.22554988926679354,1.3146853146853148,0.7826592165364361,0.04597619226800246,0.8350519978106185,4338.7962962962965,5975.846610188786,10252.500000000004,222.24777659143862,163.05344498434957,423.31395359684007,0.0,0.0,0.14896074930826822,recovered_archive3/254,recovered_archive3/254/CAPorg4.jpg,0
0,24,1024,768,0.0,0.0,,,,,,,,,,,,,,,,,,,,,,,,,,,0.0,recovered_archive3/254,recovered_archive3/254/CAPorg5.jpg,0
1,19,1024,768,0.05263157894736842,0.05,0.7107786104098751,0.0,0.7107786104098751,1.70367705958884,0.0,1.70367705958884,0.9683544303797474,0.0,0.9683544303797474,0.9663825573196109,0.0,0.9663825573196109,0.7272727272727273,0.0,0.7272727272727273,0.6519886363636364,0.0,0.6519886363636364,229.5,0.0,229.5,63.698484809834994,0.0,63.698484809834994,0.0,0.0,0.0002918243408203125,recovered_archive3/254,recovered_archive3/254/CAPorg6.jpg,0
1,19,1024,768,0.05263157894736842,0.05,0.725937080981152,0.0,0.725937080981152,1.9194293024461764,0.0,1.9194293024461764,0.965732087227414,0.0,0.965732087227414,0.9755418160865484,0.0,0.9755418160865484,0.5789473684210527,0.0,0.5789473684210527,0.7416267942583732,0.0,0.7416267942583732,155.0,0.0,155.0,51.798989873223334,0.0,51.798989873223334,0.0,0.0,0.00019709269205729166,recovered_archive3/254,recovered_archive3/254/CAPorg7.jpg,0
1,17,1024,768,0.058823529411764705,0.05555555555555555,0.7758705187218962,0.0,0.7758705187218962,1.3970913154265676,0.0,1.3970913154265676,0.9710391822827935,0.0,0.9710391822827935,0.9589246669903198,0.0,0.9589246669903198,1.2777777777777777,0.0,1.2777777777777777,0.6884057971014492,0.0,0.6884057971014492,285.0,0.0,285.0,67.94112549695427,0.0,67.94112549695427,0.0,0.0,0.000362396240234375,recovered_archive3/254,recovered_archive3/254/CAPorg8.jpg,0
0,96,1024,768,0.0,0.0,,,,,,,,,,,,,,,,,,,,,,,,,,,0.0,recovered_archive3/260,recovered_archive3/260/CAPorg1.jpg,0
2,18,1024,768,0.1111111111111111,0.1,0.8231833344223076,0.034691399893509056,0.850936454337115,1.3450422065342356,0.18996242351946413,1.4970121453498069,0.9776241846866445,0.0008422018679772325,0.9782979461810263,0.9550572723650886,0.006087453892804184,0.959927235479332,1.3480113636363638,0.12926136363636365,1.4514204545454545,0.7409418706293707,0.005452360139860113,0.7453037587412588,1517.5,586.0,1986.3,149.95331880577405,33.14213562373095,176.4670273047588,0.0,0.0,0.0038592020670572915,recovered_archive3/260,recovered_archive3/260/CAPorg10.jpg,0
0,17,1024,768,0.0,0.0,,,,,,,,,,,,,,,,,,,,,,,,,,,0.0,recovered_archive3/260,recovered_archive3/260/CAPorg11.jpg,0
1,27,1024,768,0.037037037037037035,0.03571428571428571,0.6202128745340362,0.0,0.6202128745340362,3.6127063246582303,0.0,3.6127063246582303,0.9867939043153344,0.0,0.9867939043153344,0.9606817807576136,0.0,0.9606817807576136,0.4703703703703704,0.0,0.4703703703703704,0.7855788859725867,0.0,0.7855788859725867,26937.5,0.0,26937.5,738.776695296637,0.0,738.776695296637,0.0,0.0,0.03425280253092448,recovered_archive3/260,recovered_archive3/260/CAPorg12.jpg,0
2,86,1024,768,0.023255813953488372,0.022727272727272728,0.8186951147019731,0.01560106900737912,0.8311759699078763,1.3731312895894225,0.04370089631633389,1.4080920066424896,0.9705233121848735,0.00961126006760965,0.9782123202389612,0.956973142334612,0.00041942562269892125,0.957308682832771,1.1261904761904762,0.17380952380952386,1.2652380952380953,0.7188587454212454,0.016477793040293065,0.7320409798534798,912.25,617.25,1406.05,109.86143571373728,41.92031021678299,143.39768388716365,0.0,0.0,0.002319971720377604,recovered_archive3/260,recovered_archive3/260/CAPorg2.jpg,0
4,48,1024,768,0.08333333333333333,0.07692307692307693,0.8058357482775322,0.033667419223861475,0.8419220936892792,1.31238625194457,0.21088878838907646,1.5421296818995316,0.9643041666054859,0.008481633889203855,0.9718422220828434,0.9565654226188016,0.007337247293401238,0.9649843670829833,1.0517156862745098,0.19098453789235442,1.2526470588235294,0.7301205582978183,0.046175656851258115,0.7816355456656346,878.5,371.71813918613117,1230.4,114.2401153701776,29.76191237176821,140.9935208311294,0.0,0.0,0.004468282063802083,recovered_archive3/260,recovered_archive3/260/CAPorg3.jpg,0
0,48,1024,768,0.0,0.0,,,,,,,,,,,,,,,,,,,,,,,,,,,0.0,recovered_archive3/260,recovered_archive3/260/CAPorg4.jpg,0
4,34,1024,768,0.11764705882352941,0.10526315789473684,0.7103879004591156,0.17463770213287147,0.8415785639982354,3.0598465846935263,2.641896189465444,5.905956510909566,0.946675589520955,0.036406426338998536,0.9718919695437734,0.9591071791660826,0.005308391820614676,0.9648208765778654,1.32577980804725,0.5289658764200782,1.9194444444444447,0.6912725032876206,0.12885435666541184,0.8202701943601842,2941.0,2418.7739921290704,5548.35,218.86753236814712,138.1243756162296,375.7304832720494,0.0,0.0,0.014958699544270834,recovered_archive3/260,recovered_archive3/260/CAPorg5.jpg,0
44,26,1024,768,1.6923076923076923,0.6285714285714286,0.8083448978818378,0.07593710151331864,0.8760440653160013,1.3415763270473033,0.2716341267489001,1.746915177428947,0.9635746556997266,0.025038971215481442,0.9815027929989345,0.9570690939254116,0.011630198554394651,0.9690587308669045,1.082297921281241,0.23365333783168865,1.4831439393939394,0.7412894902237177,0.07616927183010369,0.8217611317254174,1205.6363636363637,918.2463174915415,2492.25,129.28266422758995,55.65183654004301,215.08611819065982,0.0,0.0,0.06745402018229167,recovered_archive3/260,recovered_archive3/260/CAPorg6.jpg,0
5,92,1024,768,0.05434782608695652,0.05154639175257732,0.7738642396383991,0.07488350434213857,0.8646002158904742,1.6520818852042758,0.3065083304237884,1.9939889486316404,0.963270374030434,0.016854703856021513,0.9825532201098769,0.9645427227404209,0.006680082785919722,0.9718079107644728,1.5899019607843137,0.23748886535747574,1.845,0.7512067823762502,0.06756918727459615,0.8230346684128197,293.5,119.63402526037481,406.20000000000005,67.13279938488577,14.725509661504619,79.80386719675123,0.0,0.0,0.0018660227457682292,recovered_archive3/260,recovered_archive3/260/CAPorg7.jpg,0
5,45,1024,768,0.1111111111111111,0.1,0.7837028559062442,0.07733484315089215,0.852532470557923,1.4192930811861033,0.3344159346981066,1.8363746115210933,0.9617070240238943,0.021340574772222218,0.9781994399517936,0.9588799126919587,0.007743317758340826,0.9679137667354805,1.4323329691750746,0.29739798010981394,1.806766917293233,0.760123597050922,0.05669807041126377,0.811760815437286,907.4,718.2784557537557,1784.5,110.22051942088828,49.84791622282019,169.65626253092637,0.0,0.0,0.005769093831380208,recovered_archive3/260,recovered_archive3/260/CAPorg8.jpg,0
0,35,1024,768,0.0,0.0,,,,,,,,,,,,,,,,,,,,,,,,,,,0.0,recovered_archive3/260,recovered_archive3/260/CAPorg9.jpg,0
3,62,1024,768,0.04838709677419355,0.046153846153846156,0.8586482209691071,0.03727401680343275,0.886991170466242,1.368153173504899,0.1252377988481268,1.4691171350421468,0.9833996381873752,0.004013770480634351,0.9863217458057237,0.9645580063272695,0.0054792276932817295,0.9701297845730116,1.095846752549651,0.09981895806656207,1.1773148148148147,0.800756622688235,0.016738087467878773,0.8177733860342556,1741.5,970.5370506408638,2590.8,149.80137076486884,49.944265217520154,191.80672426672584,0.0,0.0,0.0066432952880859375,recovered_archive3/262,recovered_archive3/262/CAPorg1.jpg,0
9,58,1024,768,0.15517241379310345,0.13432835820895522,0.8060061044529687,0.05293126441718967,0.8645921731149486,1.5996624807108621,0.4575405914523416,2.0670233583399753,0.9774482933670554,0.008495389354368187,0.9839131416605499,0.9574840290211356,0.006661479480318846,0.9643016349244755,1.1031847048471088,0.2941927055141279,1.4454212454212454,0.7801352782120275,0.06885757595202321,0.8811611294625297,6579.555555555556,10598.809129762449,12300.400000000005,267.7694563381697,197.09769545277638,415.9967963093147,0.0,0.0,0.07529703776041667,recovered_archive3/262,recovered_archive3/262/CAPorg2.jpg,0
6,43,1024,768,0.13953488372093023,0.12244897959183673,0.7634562244296553,0.083948363127378,0.8493952342749784,1.4601635575493264,0.23435411391288194,1.7658713227859015,0.9636821102930643,0.026430493120292643,0.9849318555820799,0.950458978236822,0.015983503177007065,0.9633812828812469,1.2635007504010765,0.2747697481886658,1.6216426020804224,0.7335622565328964,0.07750917485933465,0.7969704440858287,5273.916666666667,5228.179936783821,10564.25,275.09664487532774,135.24026147578556,427.3416664540925,0.0,0.0,0.0402367909749349,recovered_archive3/262,recovered_archive3/262/CAPorg3.jpg,0
6,65,1024,768,0.09230769230769231,0.08450704225352113,0.8271063891218068,0.036984330920533284,0.8592735885820337,1.3702266570146768,0.11265023888514718,1.5056590501031004,0.9749845799564968,0.012495638703937764,0.9842515326252833,0.9599458071727063,0.00444813475933162,0.9647538053888463,1.1993631491057963,0.266511808877371,1.4495798319327733,0.7776127049552506,0.0070180238289245175,0.7854970238095238,1050.4166666666667,422.7458275633507,1517.75,123.11388881803084,24.27136745543918,149.17514421272205,0.0,0.0,0.008014043172200521,recovered_archive3/262,recovered_archive3/262/CAPorg4.jpg,0
2,49,1024,768,0.04081632653061224,0.0392156862745098,0.853620314872572,0.029082399958446192,0.8768862348393289,1.2085941724999396,0.11204253003927112,1.2982281965313565,0.9773830422069804,0.006824666572462723,0.9828427754649506,0.9538380720291246,0.00475389481024896,0.9576411878773239,0.9495091164095372,0.1591865357643759,1.0768583450210378,0.7851880583930627,0.0015137190921249433,0.7863990336667627,2114.25,275.75,2334.85,176.317279836453,14.535533905932724,187.94570696119916,0.0,0.0,0.0053768157958984375,recovered_archive3/262,recovered_archive3/262/CAPorg5.jpg,0
3,53,1024,768,0.05660377358490566,0.05357142857142857,0.8862204041263864,0.0038324725957824173,0.8897839302641307,1.1884108352249412,0.05663210624144527,1.244931609747705,0.9822600117257241,0.003028067670150266,0.9853139035961207,0.9622096285421019,0.0025277766688829363,0.964540432710647,1.0398148148148147,0.0982441878126003,1.1400000000000001,0.7940563492810216,0.015233313674810062,0.8091058996812538,1315.0,259.6642062356689,1516.2,135.83487245266494,14.121126755868385,146.88813844421315,0.0,0.0,0.005016326904296875,recovered_archive3/262,recovered_archive3/262/CAPorg6.jpg,0
7,39,1024,768,0.1794871794871795,0.15217391304347827,0.8280580242453517,0.038065416349296013,0.8697149208121439,1.3085875530763467,0.1263349362426936,1.4603946721525278,0.9747913748966797,0.008374282851000264,0.9842914990205516,0.9562023155864614,0.0034506855113505554,0.9604210908361381,1.232427354241447,0.1366920003071138,1.3863636363636365,0.7373937158065955,0.04645062323476916,0.788664835532927,1266.4285714285713,546.4045746364808,2090.1,135.3598432439811,26.60858204359721,173.74154390516492,0.0,0.0,0.011272430419921875,recovered_archive3/262,recovered_archive3/262/CAPorg7.jpg,0
2,33,1024,768,0.06060606060606061,0.05714285714285714,0.8752358718802122,0.003270443932168854,0.8778522270259472,1.1050226812861048,0.022279948269461558,1.122846639901674,0.9825105951717565,0.002186121578383826,0.9842594924344636,0.9556025427860567,0.002606104912521112,0.9576874267160737,1.0165853658536586,0.05658536585365859,1.0618536585365854,0.7622156781226903,0.02492401145602363,0.7821548872875093,1594.75,174.75,1734.55,151.07463914933368,8.020815280171306,157.49129137347074,0.0,0.0,0.0040556589762369795,recovered_archive3/264,recovered_archive3/264/CAPorg1.jpg,0
0,34,1024,768,0.0,0.0,,,,,,,,,,,,,,,,,,,,,,,,,,,0.0,recovered_archive3/264,recovered_archive3/264/CAPorg10.jpg,0
8,58,1024,768,0.13793103448275862,0.12121212121212122,0.7926395070675445,0.1063809093984566,0.8858049716448916,1.388158518096009,0.36160202907422384,1.9441307727574983,0.9624193652064372,0.03665807647621534,0.981342107425362,0.9470066113662576,0.039438083843586116,0.9676583358889352,1.2794075498326292,0.31811679261696874,1.8023076923076924,0.7663692001570239,0.043822715324976495,0.8072519550342131,1002.625,830.8458321945174,1988.2499999999998,120.30813485483816,60.83664676610178,189.83199846221441,0.0,0.0,0.010199228922526041,recovered_archive3/264,recovered_archive3/264/CAPorg2.jpg,0
10,54,1024,768,0.18518518518518517,0.15625,0.8121568034236073,0.0806020260631133,0.855005871318419,1.490562686893113,0.5797988693770327,1.730687762209746,0.9714046365766439,0.007510390840441374,0.9796846374130663,0.9649675819845067,0.009767882839288592,0.9779415305418884,1.3554722652821862,0.5217087377148708,1.6062499999999997,0.7810117390351934,0.050908234406810825,0.8568181818181818,732.9,654.8413471979301,1545.8499999999997,99.39797974644664,51.7846417274044,156.1893577750951,0.0,0.0,0.009319305419921875,recovered_archive3/264,recovered_archive3/264/CAPorg3.jpg,0
8,52,1024,768,0.15384615384615385,0.13333333333333333,0.7065814853935468,0.1748404858096838,0.8729060888549017,2.34150366034202,1.392463152949629,4.21081125736021,0.945848531216308,0.046369071067409874,0.9807748498985555,0.9574706929001708,0.008590214648332366,0.9667835807372792,1.4460370315545528,0.7382768680401811,2.2110576923076923,0.7078727852077553,0.08975045908521878,0.7731441273779983,1874.5,1596.9032727438441,3958.2499999999995,173.20762979144982,87.23491285879491,293.18935777509506,0.0,0.0,0.019068400065104168,recovered_archive3/264,recovered_archive3/264/CAPorg4.jpg,0
3,48,1024,768,0.0625,0.058823529411764705,0.818935540150984,0.04734280823966761,0.8546311998433727,1.3460582433035952,0.2426328393187275,1.5930327641218254,0.9711482452008743,0.008052229499509343,0.9775392540747178,0.9569594816143102,0.003350256676721693,0.9603389422402047,1.0689792008757526,0.21637432289553707,1.2478160919540229,0.7167358749799954,0.05809062611930494,0.7706526458133163,1050.3333333333333,354.6811557190799,1411.7,125.99663291074444,24.826910171699428,151.2729147550634,0.0,0.0,0.004006703694661458,recovered_archive3/264,recovered_archive3/264/CAPorg5.jpg,0
3,34,1024,768,0.08823529411764706,0.08108108108108109,0.7809401027785525,0.09695319506362315,0.8615312871104607,1.8084203151278946,0.8529683551135019,2.6657016354112013,0.9658850556622359,0.012217119778435615,0.9782410344723405,0.9603485662565737,0.007279921565028384,0.9677634084414034,1.6180555555555556,0.668039674100902,2.283333333333333,0.7885923726827162,0.02431828083838013,0.8130420054200541,776.6666666666666,572.4924065483799,1360.4,103.75974020452618,37.46727415150295,140.7508801440101,0.0,0.0,0.0029627482096354165,recovered_archive3/264,recovered_archive3/264/CAPorg6.jpg,0
4,31,1024,768,0.12903225806451613,0.11428571428571428,0.718574199915539,0.18496507966975084,0.863197349205675,2.1562498833100014,1.3904811464920395,3.663009536329163,0.9560018635541957,0.027863842523681355,0.9811312198540624,0.9575103283386245,0.007438004265984582,0.9656842305305685,1.885114734299517,0.8358461265217104,2.81304347826087,0.7152860384500732,0.08819913301094046,0.7903663793103448,759.75,425.20120237365273,1208.3500000000001,115.16904755831214,46.74916253992705,165.40702012600886,0.0,0.0,0.003864288330078125,recovered_archive3/264,recovered_archive3/264/CAPorg7.jpg,0
3,46,1024,768,0.06521739130434782,0.061224489795918366,0.7036697186464851,0.22706072070708588,0.8788350941731959,2.5888459474126675,1.7754094607685302,4.363035072107463,0.9754642694633547,0.004905074209490521,0.9791564303685064,0.9709561614856762,0.0066468739623206504,0.9768684555198787,0.7608225108225107,0.39817525888770394,1.1045454545454547,0.7803296646498401,0.07357362843812455,0.8494417862838916,1749.6666666666667,1728.6712302292249,3511.6000000000004,176.7973063285955,139.3920600589804,318.9498700172334,0.0,0.0,0.006674448649088542,recovered_archive3/264,recovered_archive3/264/CAPorg8.jpg,0
0,28,1024,768,0.0,0.0,,,,,,,,,,,,,,,,,,,,,,,,,,,0.0,recovered_archive3/264,recovered_archive3/264/CAPorg9.jpg,0
11,44,1024,768,0.25,0.2,0.8397178977330665,0.036575384087810026,0.8790279122735202,1.2986713520259394,0.17537608708908453,1.6134238697394272,0.9732718124583172,0.005228950613695676,0.9798868636077943,0.9616991746346844,0.006284177507078095,0.9674051499166701,1.1364194568543147,0.16016350760802853,1.2777777777777777,0.7845826725343443,0.05212464116564276,0.8260869565217391,568.1818181818181,223.3882955271211,824.5,90.3876426101753,19.701744822447047,114.32590180780453,0.0,0.0,0.007947285970052084,recovered_archive1/35,recovered_archive1/35/CAPorg1.jpg,1
6,63,1024,768,0.09523809523809523,0.08695652173913043,0.7903749920811305,0.08755654519748864,0.8675323198059242,1.6173036751595806,0.5498318177403683,2.3471972550284517,0.966329662541996,0.01508703155016989,0.9789539396084485,0.9595573565168894,0.0066176117858275174,0.9667317901355474,0.8864759120022279,0.2594675266439569,1.1657142857142857,0.7311723652505462,0.06471269646730278,0.7647292197730794,685.0,320.10961664196634,1111.75,100.74992778735191,20.91106594609967,126.93250352560274,0.0,0.0,0.00522613525390625,recovered_archive1/35,recovered_archive1/35/CAPorg10.jpg,1
9,50,1024,768,0.18,0.15254237288135594,0.8229772290070146,0.04960024938910974,0.8682566589506073,1.383700964694581,0.1830852021858883,1.6247721954510863,0.975835775523724,0.007083141475931325,0.9847843099148125,0.9621317710522024,0.0053522926510032815,0.9690971690009803,0.9046588721178421,0.14103526755385143,1.0515151515151515,0.7164160536393798,0.0466080743160949,0.7673294166151309,694.0555555555555,356.97427890881596,954.4000000000001,99.56718768283272,26.544350568947067,122.87636354360401,0.0,0.0,0.007942835489908854,recovered_archive1/35,recovered_archive1/35/CAPorg11.jpg,1
11,17,1024,768,0.6470588235294118,0.39285714285714285,0.8435096500892143,0.0224680488971165,0.8690779702623858,1.2640981402421863,0.1479298572222409,1.4222614002782907,0.9743006861319369,0.00788390439881758,0.9833675564681729,0.9614136037849559,0.00558635231773968,0.9687580316637716,1.06683400516663,0.2289828465879763,1.3695652173913044,0.8023827532645315,0.03937383128957394,0.8330357142857143,956.3181818181819,608.3393667386379,1657.5,114.00416496749534,34.974017273545826,154.81118318204312,0.0,0.0,0.013376235961914062,recovered_archive1/35,recovered_archive1/35/CAPorg2.jpg,1
12,17,1024,768,0.7058823529411765,0.41379310344827586,0.8214765719059515,0.048934489764398195,0.8636990188929649,1.464143550296228,0.4203065260648221,1.7965692519052898,0.9746708468297567,0.008728324069371872,0.9830296221803552,0.962651091338583,0.008609742151709461,0.9767044662056188,1.3090713886029663,0.3164656814480972,1.4774659182036889,0.7772368127119136,0.06119186970601034,0.8487623152709359,978.7083333333334,489.9047296130363,1574.15,117.97234841721125,34.06755253167747,153.89818895055197,0.0,0.0,0.014933904012044271,recovered_archive1/35,recovered_archive1/35/CAPorg3.jpg,1
4,35,1024,768,0.11428571428571428,0.10256410256410256,0.8224709575110039,0.05243123543683724,0.8772340937565218,1.5259037978467682,0.4198050602470701,2.004460925107343,0.9697068973775395,0.006376311214072768,0.9748451239314933,0.9609052026558442,0.0047865026104408495,0.9661107532713488,1.0596726190476191,0.39392450039449745,1.46875,0.7806720038558902,0.02037722080481293,0.7997282608695653,518.125,218.63078894565606,760.35,86.53731957466682,16.911456660030392,104.73595231414336,0.0,0.0,0.002635320027669271,recovered_archive1/35,recovered_archive1/35/CAPorg4.jpg,1
2,42,1024,768,0.047619047619047616,0.045454545454545456,0.8531555406240061,0.014414650466550272,0.8646872609972462,1.2788363279917907,0.12829991747899494,1.3814762619749867,0.9772138563810856,0.0033137818098690763,0.9798648818289809,0.9608301154475185,0.00468494084113924,0.9645780681204299,1.21455938697318,0.00766283524904221,1.2206896551724138,0.7509249583962228,0.01804055884515654,0.765357405472348,716.75,63.75,767.75,102.61879502661799,3.707106781186546,105.58448045156722,0.0,0.0,0.0018227895100911458,recovered_archive1/35,recovered_archive1/35/CAPorg5.jpg,1
3,24,1024,768,0.125,0.1111111111111111,0.8451678292890498,0.018737515287802774,0.8629245491450256,1.132593374446341,0.09344880767659709,1.2252407422578333,0.9752019212612191,0.010154677023662555,0.9826939239949831,0.9544188742929892,0.001850669652317669,0.9560351997299702,0.973622311827957,0.019583164975918554,0.9935483870967742,0.7562835978271147,0.01171400929179298,0.7678953485809977,2021.8333333333333,1238.872493663313,2911.4,158.83893688893818,66.87919512633056,207.2861181906598,0.0,0.0,0.0077126820882161455,recovered_archive1/35,recovered_archive1/35/CAPorg6.jpg,1
5,37,1024,768,0.13513513513513514,0.11904761904761904,0.7945173643951764,0.017831995916238325,0.812203733365755,1.7292256856371864,0.3575965105067902,2.1448206499290503,0.9712138192323939,0.014863093236515147,0.9876852907639689,0.9716575483186691,0.015134966807237972,0.9885137253209834,1.4301282051282052,0.5071092222722926,2.0,0.8148749277038752,0.07309584559124799,0.8918956043956043,236.4,146.953530069883,411.2,57.66173157302029,19.357284158546378,80.038181771802,0.0,0.0,0.00150299072265625,recovered_archive1/35,recovered_archive1/35/CAPorg7.jpg,1
4,37,1024,768,0.10810810810810811,0.0975609756097561,0.8395111187490213,0.06799633631218817,0.8862506999484432,1.4044490587612395,0.43593901719044686,1.8947499328970625,0.9823290785574393,0.004356798684163893,0.9871132696063321,0.9700690630553088,0.010635230988746821,0.9820268347773092,0.883654164825453,0.21181365777462893,1.086491935483871,0.802162897168368,0.030103063046662302,0.8351174168297456,1047.625,870.1457762208582,1968.3000000000002,113.98706704297267,62.16168273167551,177.52001435749997,0.0,0.0,0.0053284962972005205,recovered_archive1/35,recovered_archive1/35/CAPorg8.jpg,1
6,33,1024,768,0.18181818181818182,0.15384615384615385,0.829055731163819,0.04091556968621738,0.864941810816727,1.3490422227103362,0.20027820962922546,1.5761687125496644,0.9738046409981244,0.006036856753834743,0.9789052313192182,0.9588820729739965,0.0047661815270025765,0.9636531718279183,0.7966246215220223,0.10104348147849246,0.9125874125874126,0.7617531352668472,0.035267592599289306,0.7903653178795493,842.3333333333334,248.2771748581725,1120.0,111.91168824543142,16.656854249492387,131.2253967444162,0.0,0.0,0.006426493326822917,recovered_archive1/35,recovered_archive1/35/CAPorg9.jpg,1
1,77,1024,768,0.012987012987012988,0.01282051282051282,0.7393401095976689,0.0,0.7393401095976689,1.540209051046776,0.0,1.540209051046776,0.9762675296655882,0.0,0.9762675296655882,0.9659277287612347,0.0,0.9659277287612347,0.6704545454545454,0.0,0.6704545454545454,0.7843798151001541,0.0,0.7843798151001541,4072.5,0.0,4072.5,263.095454429505,0.0,263.095454429505,0.0,0.0,0.0051784515380859375,recovered_archive1/45,recovered_archive1/45/CAPorg1.jpg,1
0,19,1024,768,0.0,0.0,,,,,,,,,,,,,,,,,,,,,,,,,,,0.0,recovered_archive1/45,recovered_archive1/45/CAPorg10.jpg,1
0,24,1024,768,0.0,0.0,,,,,,,,,,,,,,,,,,,,,,,,,,,0.0,recovered_archive1/45,recovered_archive1/45/CAPorg11.jpg,1
2,31,1024,768,0.06451612903225806,0.06060606060606061,0.870138759212546,0.001356027204363952,0.8712235809760371,1.1791568949340157,0.06306533370206602,1.2296091618956684,0.9796949082663371,0.00010307153164296201,0.9797773654916514,0.9581904810083537,0.001429236445578963,0.959333870164817,1.0935672514619883,0.03801169590643272,1.1239766081871345,0.7718278253773969,0.00010199918400649599,0.7719094247246022,1158.5,102.5,1240.5,129.22539674441617,5.828427124746199,133.88813844421315,0.0,0.0,0.0029462178548177085,recovered_archive1/45,recovered_archive1/45/CAPorg12.jpg,1
4,41,1024,768,0.0975609756097561,0.08888888888888889,0.7665789554828766,0.1154502231808989,0.8665268532864121,1.6638465255097716,0.6281775741740061,2.3689066879766774,0.9765023580930576,0.008037050782503505,0.9846778138480011,0.9627064153063281,0.003823604741322794,0.9662001585328928,0.7778271257044842,0.22980712085804045,1.0227272727272727,0.7499255855562785,0.06671294393420862,0.8120227272727273,1823.625,1112.4688970371262,3089.9500000000003,169.49316369738256,67.40571027445986,246.3113923861484,0.0,0.0,0.009275436401367188,recovered_archive1/45,recovered_archive1/45/CAPorg13.jpg,1
5,34,1024,768,0.14705882352941177,0.1282051282051282,0.8258055702616837,0.03338627904364068,0.8542503763282384,1.4003380740784737,0.1582584358304814,1.554359646307325,0.972029306789317,0.007740459957047409,0.9799228257140321,0.9597601139803089,0.006855976233482858,0.96757377913773,1.2378513917644354,0.09466573538297428,1.3385185185185184,0.7456864458349082,0.04183306081913148,0.7891649413388544,708.0,267.46738118880967,1015.6,102.01463197058371,19.827812024443336,124.65382386916238,0.0,0.0,0.0045013427734375,recovered_archive1/45,recovered_archive1/45/CAPorg14.jpg,1
9,30,1024,768,0.3,0.23076923076923078,0.7599001877353095,0.10930735902620323,0.868730263687952,1.7937313850193672,0.7509328468466784,2.874713139883349,0.9719930775092158,0.013542466123421986,0.9813363758899756,0.9649456443955038,0.007511452323706183,0.9719398856426185,1.257303722246251,0.598516337524566,1.7170163170163173,0.7571069601717186,0.045136408443672116,0.802937062937063,698.9444444444445,429.69481705330014,1306.5,102.26927203092919,33.647031826164074,141.10235200658624,0.0,0.0,0.007998784383138021,recovered_archive1/45,recovered_archive1/45/CAPorg15.jpg,1
2,81,1024,768,0.024691358024691357,0.024096385542168676,0.8415844205103731,0.004248902283334854,0.844983542337041,1.1862610636718665,0.02282429913753603,1.2045205029818953,0.9640885850894999,0.0011764971774119726,0.9650297828314295,0.9600821499674678,0.00553935888680368,0.9645136370769107,1.075,0.07499999999999996,1.135,0.7883856682769725,0.026429146537842174,0.8095289855072464,307.25,43.25,341.85,67.57716446627535,4.949747468305837,71.53696244092002,0.0,0.0,0.0007813771565755209,recovered_archive1/45,recovered_archive1/45/CAPorg2.jpg,1
2,95,1024,768,0.021052631578947368,0.020618556701030927,0.7541198422145426,0.05169127576043442,0.7954728628228902,1.4394243614945483,0.1720348846487334,1.5770522692135351,0.963374411018486,0.008535701341065072,0.970202972091338,0.968596480919659,0.00715145486395341,0.9743176448108217,1.0616883116883116,0.15259740259740256,1.1837662337662336,0.7041061879297174,0.08225744843391902,0.7699121466768526,117.25,30.75,141.85,44.09188309203678,7.363961030678926,49.983051916579925,0.0,0.0,0.0002981821695963542,recovered_archive1/45,recovered_archive1/45/CAPorg3.jpg,1
6,84,1024,768,0.07142857142857142,0.06666666666666667,0.8483581495603597,0.03586083948061908,0.8869605890130301,1.2198418067034857,0.144232803765331,1.3776882439673535,0.9717338211270259,0.007723036526692328,0.9786805975898321,0.9654324120858183,0.009716453725857882,0.976195744005516,1.1313966735019367,0.25269425897855186,1.4653679653679654,0.7902948126443694,0.04242121338133822,0.8309198923234011,492.0,334.18507846202033,844.75,80.49341024678507,30.52754979621093,112.44722215136417,0.0,0.0,0.003753662109375,recovered_archive1/45,recovered_archive1/45/CAPorg4.jpg,1
9,41,1024,768,0.21951219512195122,0.18,0.7555041802276391,0.1524446543401409,0.8825999981223549,1.6916406597724225,0.8867472981071979,2.1434059767930824,0.9569750692972939,0.039909428265241666,0.986062274990601,0.9585180942913776,0.02039162092628438,0.9866480030638611,1.0682407881407276,0.30752227686900396,1.3730392156862745,0.7321185789512364,0.10267361858538265,0.8629545454545454,4654.222222222223,7326.07825628992,9459.000000000004,241.73787064400727,239.91311733285536,419.3507068336548,0.0,0.0,0.053263346354166664,recovered_archive1/45,recovered_archive1/45/CAPorg5.jpg,1
5,39,1024,768,0.1282051282051282,0.11363636363636363,0.7280118216728523,0.11062415132029658,0.8413096824734849,1.9428990885878368,0.7241225898020368,2.8338590317571803,0.9629684156993701,0.02061813921553067,0.9804647739221873,0.9575576375151581,0.0054447970780218576,0.9638470705087107,1.4745599445599447,0.593501239496645,2.1100000000000003,0.677797376061054,0.08601920388559611,0.7545057134918887,990.5,440.53796658176924,1455.0,125.47392488184005,28.69671675149605,152.36753236814715,0.0,0.0,0.0062974294026692705,recovered_archive1/45,recovered_archive1/45/CAPorg6.jpg,1
0,8,1024,768,0.0,0.0,,,,,,,,,,,,,,,,,,,,,,,,,,,0.0,recovered_archive1/45,recovered_archive1/45/CAPorg7.jpg,1
2,32,1024,768,0.0625,0.058823529411764705,0.7500126906076063,0.09944045859674361,0.8295650574850012,1.6685687809605438,0.4373372096584148,2.018438548687276,0.9619576186249629,0.01806322918601777,0.9764082019737771,0.9548354408579531,0.002059722896588956,0.9564832191752243,1.5,0.5,1.9,0.7878579947676208,0.00438577254539857,0.7913666128039397,1696.25,1124.25,2595.65,154.68986283848346,49.577164466275356,194.35159441150375,0.0,0.0,0.0043137868245442705,recovered_archive1/45,recovered_archive1/45/CAPorg8.jpg,1
1,35,1024,768,0.02857142857142857,0.027777777777777776,0.8504831003760615,0.0,0.8504831003760615,1.1513946596847098,0.0,1.1513946596847098,0.9793040293040293,0.0,0.9793040293040293,0.9469412286126828,0.0,0.9469412286126828,0.9833333333333333,0.0,0.9833333333333333,0.755225988700565,0.0,0.755225988700565,2673.5,0.0,2673.5,198.7523086789974,0.0,198.7523086789974,0.0,0.0,0.003399531046549479,recovered_archive1/45,recovered_archive1/45/CAPorg9.jpg,1
10,23,1024,768,0.43478260869565216,0.30303030303030304,0.7245872603327147,0.18769721009744003,0.8541895614103565,2.5065968574975637,3.073844922216527,3.142443683278328,0.9681222594885577,0.016092726349137273,0.9823474201001154,0.9602979914481361,0.006621012249612817,0.9640911448430708,1.890868469047089,2.378228123129522,2.6402380952380926,0.7377774763006292,0.07573521097428264,0.7898577117327117,1543.95,1063.5525480670901,3330.75,171.2555482634327,102.70826825608644,255.61778489984124,0.1,0.0,0.019632339477539062,recovered_archive1/48,recovered_archive1/48/CAPorg1.jpg,1
10,11,1024,768,0.9090909090909091,0.47619047619047616,0.7511456248209767,0.18701386842121165,0.8769349584508007,2.3214429176881684,2.923878733882727,3.3109344570294907,0.9546127351342462,0.0389953411445934,0.9783507106842183,0.9585347342826944,0.009786465024941408,0.9693477807813482,1.3064139972388282,0.7798821000051572,1.6240249187432276,0.6926976939496478,0.1296622233242346,0.8131541501976285,1957.85,2269.7026572879536,3917.749999999998,179.52661607529814,155.98232735571446,275.12215715998076,0.1,0.0,0.024895350138346355,recovered_archive1/48,recovered_archive1/48/CAPorg2.jpg,1
9,19,1024,768,0.47368421052631576,0.32142857142857145,0.6768841249100417,0.2569017259436848,0.8644771294559387,2.3417750507619344,1.9194444195227738,4.823830291240864,0.8838946448089255,0.17129679259771505,0.9846679335823281,0.9431244266034814,0.02648150449060601,0.9645126628242148,1.714905358401243,1.2724833538111073,3.395773091887219,0.6683673806409645,0.14509773014392474,0.8074657269703098,9815.222222222223,14634.55190847087,35174.700000000004,458.51013288988986,542.9829085450268,1373.582409436586,0.2222222222222222,0.2222222222222222,0.11232630411783855,recovered_archive1/48,recovered_archive1/48/CAPorg3.jpg,1
7,12,1024,768,0.5833333333333334,0.3684210526315789,0.7746154772555615,0.11460149167820396,0.8680514617023046,1.4941765889561154,0.3407720596077186,1.985401123546907,0.9608729454323718,0.040844631787952675,0.98381345554029,0.9508007281790098,0.012719217188093554,0.9611783596069333,1.0474692965764396,0.12383952318681406,1.1927350427350427,0.6874248742856048,0.12768108498307637,0.799391604101749,2987.1428571428573,1509.714322888504,4790.7,217.06775907924217,75.59827709175951,314.5306058209771,0.0,0.0,0.02658843994140625,recovered_archive1/48,recovered_archive1/48/CAPorg4.jpg,1
4,14,1024,768,0.2857142857142857,0.2222222222222222,0.7636061314616605,0.1266090702769155,0.8728008842403279,1.586804263055407,0.6528100767354275,2.3294908818712283,0.9772408162676465,0.006777829413745855,0.9843801595745869,0.9608117724297061,0.007633117806810847,0.9693890525161941,0.8189610160587399,0.28300547427121986,1.096158357771261,0.7451178138897868,0.04317874906344283,0.7790754843552161,1973.0,1033.5884093777368,3041.2000000000003,172.7462120245875,49.00187475000195,213.82926394116743,0.0,0.0,0.010035196940104166,recovered_archive1/48,recovered_archive1/48/CAPorg5.jpg,1
8,10,1024,768,0.8,0.4444444444444444,0.7734222155814134,0.09378548781004985,0.8469227882743059,1.4826670581416805,0.3874052681433986,2.0908401294580092,0.9670814754706965,0.01901230526511913,0.9817918927107968,0.9498749744386207,0.014988889084685725,0.9626484580860561,0.9637174683848474,0.22822196709721454,1.209478021978022,0.7440028402398113,0.10149193036037395,0.8600873034368225,5429.0,6295.602820620119,14297.649999999998,259.6842891943368,168.4921152667561,486.0456203060214,0.0,0.0,0.055226643880208336,recovered_archive1/48,recovered_archive1/48/CAPorg6.jpg,1
3,52,1024,768,0.057692307692307696,0.05454545454545454,0.7411790307573911,0.1665915314081395,0.8658384104135667,2.2935856641218537,1.6370238852118166,3.916420865301278,0.9644414859006375,0.013314956005159166,0.9769900076514141,0.9586805129030299,0.008719206778810587,0.9674767383078435,0.7581897777019728,0.33616973407883377,1.0403547671840356,0.7950219709686976,0.005318837061781483,0.7987844376419473,924.6666666666666,448.9618271325773,1350.1,124.15026449627744,37.427473983690895,154.06660889654816,0.0,0.0,0.0035273234049479165,recovered_archive1/54,recovered_archive1/54/CAPorg1.jpg,1
1,40,1024,768,0.025,0.024390243902439025,0.8703139569711227,0.0,0.8703139569711227,1.0208313316303355,0.0,1.0208313316303355,0.9787037037037031,0.0,0.9787037037037031,0.9609922124071065,0.0,0.9609922124071065,1.04,0.0,1.04,0.813076923076923,0.0,0.813076923076923,528.5,0.0,528.5,87.35533905932736,0.0,87.35533905932736,0.0,0.0,0.0006720225016276041,recovered_archive1/54,recovered_archive1/54/CAPorg2.jpg,1
1,48,1024,768,0.020833333333333332,0.02040816326530612,0.8732841907516171,0.0,0.8732841907516171,1.1457009719430709,0.0,1.1457009719430709,0.9806119357770373,0.0,0.9806119357770373,0.955354542240935,0.0,0.955354542240935,1.1136363636363635,0.0,1.1136363636363635,0.75069573283859,0.0,0.75069573283859,1618.5,0.0,1618.5,152.61017305526644,0.0,152.61017305526644,0.0,0.0,0.0020580291748046875,recovered_archive1/54,recovered_archive1/54/CAPorg3.jpg,1
2,29,1024,768,0.06896551724137931,0.06451612903225806,0.8720895022545097,0.0012336057064685213,0.8730763868196846,1.1207074323576804,0.03296315577258091,1.1470779569757452,0.9825580477569669,0.0013538912777497636,0.9836411607791666,0.9549300247332223,0.003356110628474851,0.9576149132360022,0.9179171668667467,0.02085834333733494,0.9346038415366147,0.7736396946519164,0.0003477691860778731,0.7739179100007787,2476.75,733.75,3063.75,186.80256121069158,28.435028842544384,209.55058428472708,0.0,0.0,0.0062987009684244795,recovered_archive1/54,recovered_archive1/54/CAPorg4.jpg,1
7,102,1024,768,0.06862745098039216,0.06422018348623854,0.6069382326232464,0.1892060272729508,0.8347348455426912,3.2353595090641756,2.3850121333627308,5.86150914486762,0.9437206383881013,0.024213296697908424,0.9708435332517343,0.9559497789391561,0.02395147942536001,0.9732543126066947,2.3880711290727468,1.6603846058433787,4.310204081632654,0.7542152671229719,0.08227673019140211,0.8313842058562556,2694.214285714286,3836.006227251228,7820.100000000002,213.8896412550671,207.3026465831553,497.7366665816371,0.0,0.0,0.023981094360351562,recovered_archive1/60,recovered_archive1/60/CAPorg1.jpg,1
0,81,1024,768,0.0,0.0,,,,,,,,,,,,,,,,,,,,,,,,,,,0.0,recovered_archive1/60,recovered_archive1/60/CAPorg10.jpg,1
1,99,1024,768,0.010101010101010102,0.01,0.8431349394872187,0.0,0.8431349394872187,1.3413612558684684,0.0,1.3413612558684684,0.9715639810426538,0.0,0.9715639810426538,0.9636395384842853,0.0,0.9636395384842853,0.8181818181818182,0.0,0.8181818181818182,0.7765151515151515,0.0,0.7765151515151515,307.5,0.0,307.5,67.69848480983498,0.0,67.69848480983498,0.0,0.0,0.0003910064697265625,recovered_archive1/60,recovered_archive1/60/CAPorg2.jpg,1
2,36,1024,768,0.05555555555555555,0.05263157894736842,0.8853614973932243,0.0026640428458348797,0.8874927316698923,1.1324737995208816,0.03504958376673095,1.1605134665342662,0.980808919197811,0.0030620485441250622,0.983258558033111,0.9666553704457452,0.002219149344093063,0.9684306899210197,0.8970588235294117,0.10294117647058827,0.9794117647058823,0.797218887555022,0.00016673336001071792,0.7973522742430306,541.75,190.25,693.95,86.30508652763322,15.778174593052022,98.92762620207483,0.0,0.0,0.0013777414957682292,recovered_archive1/60,recovered_archive1/60/CAPorg3.jpg,1
0,48,1024,768,0.0,0.0,,,,,,,,,,,,,,,,,,,,,,,,,,,0.0,recovered_archive1/60,recovered_archive1/60/CAPorg4.jpg,1
0,45,1024,768,0.0,0.0,,,,,,,,,,,,,,,,,,,,,,,,,,,0.0,recovered_archive1/60,recovered_archive1/60/CAPorg5.jpg,1
0,44,1024,768,0.0,0.0,,,,,,,,,,,,,,,,,,,,,,,,,,,0.0,recovered_archive1/60,recovered_archive1/60/CAPorg6.jpg,1
0,61,1024,768,0.0,0.0,,,,,,,,,,,,,,,,,,,,,,,,,,,0.0,recovered_archive1/60,recovered_archive1/60/CAPorg7.jpg,1
0,46,1024,768,0.0,0.0,,,,,,,,,,,,,,,,,,,,,,,,,,,0.0,recovered_archive1/60,recovered_archive1/60/CAPorg8.jpg,1
0,56,1024,768,0.0,0.0,,,,,,,,,,,,,,,,,,,,,,,,,,,0.0,recovered_archive1/60,recovered_archive1/60/CAPorg9.jpg,1
15,63,1024,768,0.23809523809523808,0.19230769230769232,0.7236506923040658,0.10381846818957507,0.8540433836121187,1.5421319188448939,0.37579461295211725,2.0264083089315177,0.935668457041045,0.04227357195214418,0.9729674903643157,0.9524722929023428,0.01592022178913791,0.9678049541333201,1.122537919087168,0.4631574290903573,1.5154305200341005,0.6848368839527762,0.10040734766997858,0.790438596491228,961.0,982.4451808285963,2634.7,119.3953438451607,67.18718122118206,234.4493649538451,0.0,0.0,0.018329620361328125,recovered_archive1/64,recovered_archive1/64/CAPorg1.jpg,1
8,94,1024,768,0.0851063829787234,0.0784313725490196,0.8119810298852224,0.09037397406029338,0.8709185447551254,1.4713669330571557,0.4549383146489701,2.15183325184242,0.9680697631215238,0.022735653755893752,0.9862108922363841,0.9619818015949166,0.01727388390824839,0.9788494816765265,1.322025204484882,0.38810446574990737,1.8583333333333334,0.7491558899204128,0.05918957183877233,0.7965034965034965,828.4375,795.512548514321,1668.2499999999998,103.80293103479534,62.215131915449454,170.28641404994283,0.0,0.0,0.008427302042643229,recovered_archive1/64,recovered_archive1/64/CAPorg10.jpg,1
4,54,1024,768,0.07407407407407407,0.06896551724137931,0.819118060512197,0.05255506742872541,0.8560193595322373,1.4655830794974238,0.2076042922127073,1.6968335154558603,0.9660395078128168,0.008938276429001002,0.9762575943833738,0.9612405819203049,0.0035550360612998074,0.9641587694627975,0.9337163074005179,0.17466896808235186,1.1176715176715177,0.7608937181305602,0.06479424749141285,0.822797378060536,628.5,440.55064975550766,1094.0,91.7193000900063,39.13809585775247,130.7082394568908,0.0,0.0,0.00319671630859375,recovered_archive1/64,recovered_archive1/64/CAPorg11.jpg,1
11,106,1024,768,0.10377358490566038,0.09401709401709402,0.8227278333636492,0.06769715135691695,0.8735151406305928,1.3195350188382005,0.1548998069609736,1.4855228589377634,0.9588776132197872,0.032179951633616685,0.9763313609467458,0.9598149443513532,0.013738056381276549,0.971807887258274,1.205574682868213,0.2148811990449235,1.4615384615384615,0.7797341360859389,0.05857890811349006,0.819838056680162,372.3636363636364,179.71835173518932,590.0,73.7646595426857,21.751610247053236,96.76955262170047,0.0,0.0,0.005208333333333333,recovered_archive1/64,recovered_archive1/64/CAPorg12.jpg,1
6,5,1024,768,1.2,0.5454545454545454,0.8571178885034391,0.026599842952866007,0.885832184157502,1.2287370533268092,0.12729815094247066,1.3832400183245575,0.9833598825375637,0.00455108620654789,0.9880798097210404,0.9544035697674115,0.005175189556718346,0.960532241287877,1.188520225294419,0.12212753388893076,1.3541666666666665,0.7638995860996459,0.018777121281611193,0.7858640660364798,2455.5833333333335,976.9899102458645,3593.25,185.27396573148258,38.46235485277985,225.25840533340727,0.0,0.0,0.01873461405436198,recovered_archive1/64,recovered_archive1/64/CAPorg13.jpg,1
20,56,1024,768,0.35714285714285715,0.2631578947368421,0.7205753279680769,0.1901915592061123,0.8587126561740845,1.5728638585113257,0.5326669180238097,2.273086552603454,0.9238932753663587,0.0910412628598523,0.9797095761381482,0.9387597992596574,0.04831666909148684,0.9724867200417179,1.144093366562045,0.3170534891502674,1.4211886304909562,0.6808122426652459,0.16232830457173808,0.8248251748251748,2687.625,4094.9918097445566,7750.500000000009,203.69875528840413,219.00336508663344,474.3136577375574,0.1,0.1,0.06834983825683594,recovered_archive1/64,recovered_archive1/64/CAPorg14.jpg,1
14,113,1024,768,0.12389380530973451,0.11023622047244094,0.8383317068385662,0.033658116532952836,0.8747832012182011,1.2662731734713002,0.14486054308792243,1.4362247912480164,0.9721527626716797,0.006646028778130588,0.9779266639872913,0.9613944082002781,0.006439176085271898,0.9703993522165052,1.1849813879357567,0.19440040968151492,1.4722222222222223,0.7764900653809601,0.0417633180540879,0.8198177244582043,543.3214285714286,313.18898944925394,878.9000000000001,85.8316995992068,28.286750283920206,116.49747468305834,0.0,0.0,0.009672164916992188,recovered_archive1/64,recovered_archive1/64/CAPorg15.jpg,1
5,85,1024,768,0.058823529411764705,0.05555555555555555,0.8147690291005428,0.059247315994681644,0.8698396299306593,1.51489106840171,0.3719109827407391,1.9481368300318165,0.9729308256891361,0.008028667203867038,0.9801497997571817,0.9663225216835322,0.0049096533447050865,0.9723622830405539,0.9974818285163114,0.43816500767983924,1.4912466843501329,0.7857783198146499,0.0316748772121978,0.8240176541438857,653.1,524.1791106101043,1272.5,91.18965363437815,48.44886945399566,146.97199128346443,0.0,0.0,0.0041522979736328125,recovered_archive1/64,recovered_archive1/64/CAPorg16.jpg,1
1,58,1024,768,0.017241379310344827,0.01694915254237288,0.8403872774861257,0.0,0.8403872774861257,1.2222835096149756,0.0,1.2222835096149756,0.9806404353285891,0.0,0.9806404353285891,0.9478819017273015,0.0,0.9478819017273015,0.8275862068965517,0.0,0.8275862068965517,0.7480044699872286,0.0,0.7480044699872286,4685.5,0.0,4685.5,264.6934341759517,0.0,264.6934341759517,0.0,0.0,0.0059579213460286455,recovered_archive1/64,recovered_archive1/64/CAPorg2.jpg,1
8,120,1024,768,0.06666666666666667,0.0625,0.7148885898441224,0.20387873512483246,0.8698386364594421,1.82247444193443,0.7249277963435106,2.91382241082131,0.9261268822622467,0.08641205393667173,0.978349050762844,0.9494139179449079,0.04149980638026557,0.9755489475656561,1.1667587427018373,0.26888265017901714,1.5346153846153845,0.6704297578802283,0.1995131576973675,0.8381886087768441,1918.25,2873.7313722754257,5680.249999999999,172.4312408671319,185.22101690754323,424.25234457274723,0.0,0.125,0.019513448079427082,recovered_archive1/64,recovered_archive1/64/CAPorg3.jpg,1
4,120,1024,768,0.03333333333333333,0.03225806451612903,0.8325495727745693,0.04780134052247309,0.8742435069447084,1.2965181803502903,0.25894127188630955,1.577850184964197,0.9623897616631064,0.005084944051525841,0.967021276595746,0.975262933057955,0.007371492550683879,0.9801668503999454,1.2313492063492064,0.2821612745981312,1.5333333333333334,0.8114367885201218,0.027101470781726523,0.8358361391694725,74.125,10.200337004236674,85.60000000000001,33.37436867076458,1.7555929998682906,35.293607486307096,0.0,0.0,0.0003770192464192708,recovered_archive1/64,recovered_archive1/64/CAPorg4.jpg,1
2,93,1024,768,0.021505376344086023,0.021052631578947368,0.7067609281657918,0.031370106741678006,0.7318570135591342,1.8423371949049487,0.2448482586439007,2.038215801820069,0.9343984082397012,0.028148408239700162,0.9569171348314615,0.9640442915866716,0.005675695117897006,0.9685848476809892,1.48,0.52,1.896,0.6911479591836734,0.048647959183673484,0.7300663265306122,229.0,156.5,354.2,58.8700576850888,22.142135623730944,76.58376618407355,0.0,0.0,0.0005823771158854166,recovered_archive1/64,recovered_archive1/64/CAPorg5.jpg,1
3,56,1024,768,0.05357142857142857,0.05084745762711865,0.827754081704665,0.06914845140071019,0.8796651390922142,1.2454043547422513,0.11195876776705416,1.3404157283282778,0.9654903685544615,0.017509194975124223,0.9781041911476694,0.9633686888199184,0.01801472828540152,0.9769217609885246,1.0644562334217504,0.20898838238642464,1.2193103448275862,0.7679790206016529,0.09333297014687555,0.8343589743589744,984.1666666666666,1156.9797126810633,2140.2000000000003,102.83080801639169,77.72560729764595,181.17240969167509,0.0,0.0,0.003754297892252604,recovered_archive1/64,recovered_archive1/64/CAPorg6.jpg,1
0,29,1024,768,0.0,0.0,,,,,,,,,,,,,,,,,,,,,,,,,,,0.0,recovered_archive1/64,recovered_archive1/64/CAPorg7.jpg,1
0,60,1024,768,0.0,0.0,,,,,,,,,,,,,,,,,,,,,,,,,,,0.0,recovered_archive1/64,recovered_archive1/64/CAPorg8.jpg,1
2,85,1024,768,0.023529411764705882,0.022988505747126436,0.7777310152837644,0.08781480395947155,0.8479828584513417,1.798800912978814,0.7153453725224763,2.3710772109967952,0.9713367926859404,0.004200642451198944,0.9746973066468997,0.9685323183176355,0.013912928586078843,0.9796626611864986,1.7857142857142856,0.6428571428571428,2.3,0.7999606092436975,0.0655856092436975,0.8524290966386555,380.5,277.5,602.5,70.5269119345812,27.21320343559643,92.29747468305834,0.0,0.0,0.0009676615397135416,recovered_archive1/64,recovered_archive1/64/CAPorg9.jpg,1
2,23,1024,768,0.08695652173913043,0.08,0.8349526208187622,0.035543388198956194,0.8633873313779271,1.3164770530024315,0.03725088263935583,1.3462777591139161,0.969289549328688,0.006966158433868608,0.9748624760757829,0.9541598197412691,0.007875041906732105,0.9604598532666547,1.2190909090909092,0.09909090909090901,1.2983636363636364,0.7420913569189431,0.021480071652485444,0.7592754142409315,1186.75,652.25,1708.55,128.93250352560273,41.09188309203681,161.8060099992322,0.0,0.0,0.003018061319986979,recovered_archive1/71,recovered_archive1/71/CAPorg1.jpg,1
2,66,1024,768,0.030303030303030304,0.029411764705882353,0.7682653606988394,0.04107005834801791,0.8011214073772538,2.3946760606895103,0.524665427759929,2.8144084028974534,0.9733383537975088,0.006625216329995354,0.9786385268615051,0.9689443448600992,0.008178336249343554,0.975487013859574,0.6953430867504636,0.08664743457655055,0.7646610344117041,0.8210265797119289,0.014377146996145562,0.8325282973088454,14176.25,13907.25,25302.05,380.63098833543773,316.00357133746826,633.4338454054124,0.0,0.0,0.03605206807454427,recovered_archive1/71,recovered_archive1/71/CAPorg2.jpg,1
0,54,1024,768,0.0,0.0,,,,,,,,,,,,,,,,,,,,,,,,,,,0.0,recovered_archive1/71,recovered_archive1/71/CAPorg3.jpg,1
3,26,1024,768,0.11538461538461539,0.10344827586206896,0.817026718323385,0.04124816989607889,0.8560528068457556,1.5282482901639793,0.25562894919461776,1.7457025228768075,0.9751096522584936,0.007697164823129458,0.982937799346593,0.9675304177600884,0.008992796382195063,0.9766942248073146,0.917184265010352,0.2257963079173192,1.1142857142857143,0.776790818805869,0.08402447269540263,0.8522804954243082,385.0,113.34534250098972,500.5,76.05550741379015,9.707487081893097,85.8523953341751,0.0,0.0,0.001468658447265625,recovered_archive1/71,recovered_archive1/71/CAPorg4.jpg,1
2,32,1024,768,0.0625,0.058823529411764705,0.81297697093072,0.020312140853297578,0.829226683613358,1.518047736917365,0.18550539483950612,1.6664520527889701,0.9703759291023437,0.004466838193253386,0.9739493996569464,0.9687364881208563,0.002795069576999709,0.9709725437824561,0.7042606516290727,0.08521303258145363,0.7724310776942356,0.7970888760362445,0.018700597647966055,0.8120493541546173,222.5,10.0,230.5,58.62741699796952,0.5857864376269077,59.096046148071046,0.0,0.0,0.0005658467610677084,recovered_archive1/71,recovered_archive1/71/CAPorg5.jpg,1
6,42,1024,768,0.14285714285714285,0.125,0.8282599325064947,0.028539225190784723,0.853802755070193,1.3397424025074463,0.13166680576704023,1.500809944031828,0.9776136160517663,0.005267534093739441,0.9824799052595632,0.9671869090872836,0.010616582298430903,0.9792370016581824,1.1776025461848258,0.22954323779940508,1.3956521739130434,0.8111629199916157,0.057247823260824414,0.8869047619047619,1024.6666666666667,876.7356436742429,2221.25,111.97869162102366,54.898289632454414,182.38834764831847,0.0,0.0,0.007817586263020834,recovered_archive1/71,recovered_archive1/71/CAPorg6.jpg,1
2,54,1024,768,0.037037037037037035,0.03571428571428571,0.8123945627885139,0.015114400603763456,0.8244860832715246,1.4337486634867167,0.017058219713087186,1.4473952392571865,0.9798612010420085,0.0012756839949533694,0.9808817482379711,0.9508578240346928,0.002576603576493419,0.9529191068958875,1.4817073170731707,0.018292682926829285,1.4963414634146341,0.7529293699186992,0.02938770325203255,0.7764395325203253,1830.5,94.0,1905.7,168.19595949289337,2.757359312880709,170.40184694319794,0.0,0.0,0.004655202229817708,recovered_archive1/71,recovered_archive1/71/CAPorg7.jpg,1
16,42,1024,768,0.38095238095238093,0.27586206896551724,0.6905011148524174,0.1677508046442361,0.8840948904307622,1.7501781734707123,0.6438362558388868,2.7520614064163453,0.9246875549168638,0.08331909190797969,0.9794340399911281,0.9506915211137527,0.021636610057765706,0.9706618764997852,1.4895543733763272,0.5169790334440955,2.0217391304347827,0.68672278262626,0.13036394707807722,0.8094027619889689,1787.0625,2371.6245676421363,4830.75,161.2410082045447,104.60787928148717,339.3000358937499,0.0,0.0625,0.036357879638671875,recovered_archive1/81,recovered_archive1/81/CAPorg1.jpg,1
5,42,1024,768,0.11904761904761904,0.10638297872340426,0.5644469090953433,0.16047621640719575,0.7188012752111956,2.5821551030987977,1.0775017193356864,3.853861114036998,0.92721596866462,0.0775994813387339,0.9780070723681829,0.9486658767980144,0.008656691298234096,0.9576596286097552,0.48556196576878774,0.11816228553715484,0.6228169014084507,0.6210737504772241,0.1549463567490256,0.7682573995965524,1377.7,581.3987100088889,2025.7,171.40529573173853,21.538197616568937,198.3190042307233,0.2,0.2,0.008759180704752604,recovered_archive1/81,recovered_archive1/81/CAPorg10.jpg,1
1,53,1024,768,0.018867924528301886,0.018518518518518517,0.7554647299755013,0.0,0.7554647299755013,1.8229375672110792,0.0,1.8229375672110792,0.9659090909090914,0.0,0.9659090909090914,0.9596716518547092,0.0,0.9596716518547092,1.8888888888888888,0.0,1.8888888888888888,0.7638888888888888,0.0,0.7638888888888888,467.5,0.0,467.5,88.18376618407355,0.0,88.18376618407355,0.0,0.0,0.0005944569905598959,recovered_archive1/81,recovered_archive1/81/CAPorg11.jpg,1
4,69,1024,768,0.057971014492753624,0.0547945205479452,0.7865045714562378,0.07873536937875196,0.8501025237002092,1.4527396363003948,0.31010394862275775,1.7862744913527209,0.9635856076494209,0.011659275388947302,0.9749289137334677,0.9621660787873754,0.006458636544570635,0.9694662004204425,1.2991609458428681,0.22517960891998362,1.5052173913043478,0.7347424452219095,0.06008005522096773,0.7872348913262667,568.0,254.66914811181977,836.2500000000001,93.51219330881975,22.024877702079547,116.90163773909259,0.0,0.0,0.0028889973958333335,recovered_archive1/81,recovered_archive1/81/CAPorg12.jpg,1
7,70,1024,768,0.1,0.09090909090909091,0.7728572679721405,0.09904690531620759,0.8365749752809001,1.4194988626791378,0.15736437532652456,1.5834370109166418,0.95537569585076,0.035170878863145225,0.9831057158302149,0.950577499176572,0.01952233952239746,0.9656326989970374,1.1991250618780573,0.25242524854966075,1.4486956521739132,0.7205260653296256,0.09344909679885864,0.8185714285714285,2268.1428571428573,3725.96303672224,5731.000000000004,146.92706649376353,123.23426013727041,296.22135623730964,0.0,0.0,0.020188649495442707,recovered_archive1/81,recovered_archive1/81/CAPorg13.jpg,1
4,43,1024,768,0.09302325581395349,0.0851063829787234,0.8431598539109938,0.009767610723835826,0.8518845617772809,1.174082131176693,0.03988368947363376,1.206661729940355,0.9734370074043778,0.007709502302930974,0.9814367816091956,0.9658054686513614,0.012835283839411621,0.9801050726257486,0.9687183383991895,0.1288931286286234,1.1166666666666667,0.7995731620440729,0.05468556825816052,0.8548177083333334,561.875,483.94012736597904,1112.5000000000002,83.4159992311072,37.458837426568586,126.28813844421316,0.0,0.0,0.002857844034830729,recovered_archive1/81,recovered_archive1/81/CAPorg14.jpg,1
4,55,1024,768,0.07272727272727272,0.06779661016949153,0.8148951395956867,0.03239406310122901,0.851835671274287,1.315177188010089,0.12860471576476862,1.456978577498545,0.9619133872370795,0.012955913078956365,0.9731815604678967,0.9563505763926953,0.007638589006930891,0.9646178146858104,1.238974358974359,0.1131208124604081,1.3584615384615384,0.74878951559016,0.05197795769904923,0.8077500000000001,4386.375,6767.28303471009,11487.100000000002,188.2774349448445,185.31083149864318,387.00411229460656,0.0,0.0,0.022310256958007812,recovered_archive1/81,recovered_archive1/81/CAPorg15.jpg,1
2,50,1024,768,0.04,0.038461538461538464,0.829361102704952,0.03487441756783116,0.8572606367592169,1.5136709115560745,0.34615769461954027,1.7905970672517069,0.9760177067498453,0.002585188152608331,0.978085857271932,0.959482246755661,0.0045313101073505835,0.9631072948415413,1.4192506459948322,0.30297157622739024,1.6616279069767443,0.7870900016670834,0.03369852879886637,0.8140488247061766,1006.5,548.5,1445.3,117.74011537017763,32.62741699796955,143.84204896855329,0.0,0.0,0.002559661865234375,recovered_archive1/81,recovered_archive1/81/CAPorg16.jpg,1
19,69,1024,768,0.2753623188405797,0.2159090909090909,0.7422392246417936,0.1437501867339631,0.868959017314202,1.5980335203568972,0.5750765343858716,2.111476997164989,0.9497085089450374,0.044268607616611964,0.9781931083377134,0.9539443111239189,0.01931056915155317,0.9728679538952392,1.27542774463745,0.48268856383706005,1.7978461538461534,0.7223658776608765,0.12259036575702753,0.8459689159944914,937.9736842105264,794.8400447108213,1724.4999999999993,122.94690127481628,62.23416669892282,221.33464632808372,0.0,0.0,0.022661209106445312,recovered_archive1/81,recovered_archive1/81/CAPorg2.jpg,1
5,79,1024,768,0.06329113924050633,0.05952380952380952,0.8135333580022438,0.05560045354314301,0.8631714388040505,1.5148182052300503,0.1982992057473708,1.7566997755127014,0.970447455814778,0.012588634388668184,0.9829604109401625,0.9694459373980401,0.008009470094786803,0.9783175175415184,1.3333141368435488,0.30761620030483017,1.5781818181818181,0.8053178487304014,0.03151676463506402,0.8412669683257918,490.3,519.7601947052121,1097.2,76.89848480983498,39.27689764849568,125.6430590953299,0.0,0.0,0.003117243448893229,recovered_archive1/81,recovered_archive1/81/CAPorg3.jpg,1
4,54,1024,768,0.07407407407407407,0.06896551724137931,0.6894515614047916,0.2528585600482096,0.8803238548711562,2.7562963445477355,1.7468785437745589,4.6914624733447186,0.9501681669775859,0.042089376211500225,0.9763314561544651,0.9720414267609605,0.011739759135799537,0.9824538444773537,0.8761781879770936,0.4183482397257769,1.2272727272727273,0.775774160072421,0.132561723715405,0.8635590835648022,4183.625,5604.987626826218,10446.150000000001,230.02260094890545,200.0368428940038,447.9775828744861,0.25,0.0,0.021279017130533855,recovered_archive1/81,recovered_archive1/81/CAPorg4.jpg,1
4,53,1024,768,0.07547169811320754,0.07017543859649122,0.8717482661111245,0.019939544223160455,0.8872803519407556,1.205480598105698,0.142762735762444,1.367092739809018,0.9795652962448865,0.004468614035230287,0.9834809716855687,0.9666773252046126,0.010078305754055057,0.9772279639559022,1.1427253302253302,0.14468636593118753,1.3083916083916083,0.8173079491905919,0.030444182755120074,0.8514476799242424,865.625,466.8548188409326,1312.5500000000002,105.10838738653231,35.938703165404064,136.14671708797584,0.0,0.0,0.0044027964274088545,recovered_archive1/81,recovered_archive1/81/CAPorg5.jpg,1
9,72,1024,768,0.125,0.1111111111111111,0.7151022695651691,0.177475521228917,0.8609736366553699,4.017623179495415,4.561142400956206,12.162756463855708,0.9601484347954696,0.017383141775037674,0.97490111329404,0.9659185642159748,0.009792951799512815,0.9769413000474609,1.5742863243596996,0.521971788647771,2.217142857142857,0.7094101603541134,0.13590035698116515,0.8438690476190476,7537.444444444444,13156.932915649968,31951.5,284.8974826594473,391.3184245210863,1003.7334628909517,0.0,0.0,0.0862592061360677,recovered_archive1/81,recovered_archive1/81/CAPorg6.jpg,1
9,87,1024,768,0.10344827586206896,0.09375,0.7746051207936496,0.13086754245076457,0.8684144498005889,2.190025631798003,2.17982423897555,3.403809119171806,0.9616514838326532,0.01694762678452411,0.9776042438421482,0.9640665714056615,0.005719924241528209,0.9687220573609241,1.371719328199669,0.4464625038728848,2.050682261208577,0.7369394177590798,0.07484121570827079,0.794876160990712,2090.1666666666665,4595.688359756349,4206.400000000002,138.35477787778478,183.10584342609383,247.01849916733505,0.0,0.0,0.023920059204101562,recovered_archive1/81,recovered_archive1/81/CAPorg7.jpg,1
8,75,1024,768,0.10666666666666667,0.0963855421686747,0.7857326596021759,0.09234441884779232,0.8812056071537002,1.5961319069104263,0.4489808587926696,2.3033436491393684,0.9643401270967195,0.019957384730399704,0.9850919651500488,0.9641908541812534,0.015622077994135836,0.9812217256715811,1.3356046638783212,0.4091386841269615,1.8213903743315507,0.7433881857306696,0.06913879450834567,0.80264,305.375,182.19902407806688,515.1,66.09493141924172,23.66373468252449,88.00386719675122,0.0,0.0,0.0031064351399739585,recovered_archive1/81,recovered_archive1/81/CAPorg8.jpg,1
3,95,1024,768,0.031578947368421054,0.030612244897959183,0.7532549931106599,0.10528081095250598,0.8331908153118738,1.5464203508144314,0.4299606713999171,1.9702127284695636,0.9595220426735599,0.009682098158021894,0.9691226096737908,0.9622140571001778,0.005196014731573837,0.9673849269128535,1.5251322751322751,0.4556451128409644,1.9817460317460318,0.7324293423142537,0.02128417713296376,0.7536862664721555,401.3333333333333,334.83362369325386,739.8000000000001,74.05550741379015,29.581935510976585,103.84894654563446,0.0,0.0,0.0015309651692708333,recovered_archive1/81,recovered_archive1/81/CAPorg9.jpg,1
6,90,1024,768,0.06666666666666667,0.0625,0.8187692201752079,0.04227912902914513,0.852005337496498,1.4892160913903396,0.3876112305782885,1.865530087862267,0.9758739388717393,0.008451770183205589,0.9847784325391801,0.9657818827178345,0.006028036552326043,0.9716368065031911,1.062375730994152,0.331825895092844,1.3245614035087718,0.796045722723916,0.057657062157125655,0.8590743243243244,1253.3333333333333,1022.1130753927811,2475.75,124.25483399593905,64.5961182133663,198.27564927611036,0.0,0.0,0.009562174479166666,recovered_archive1/92,recovered_archive1/92/CAPorg1.jpg,1
9,82,1024,768,0.10975609756097561,0.0989010989010989,0.7980917900885437,0.1315988348889636,0.8733816852693657,1.5159978964098064,0.5556409645185797,1.8568973192362834,0.9666959390491626,0.01666420122181645,0.982232379726123,0.9616077433480044,0.006339513146616233,0.9680831571686984,0.9628203556940866,0.29914682009523585,1.3929824561403508,0.734454286685934,0.1324580045208493,0.8138677009265245,507.8888888888889,351.2366073190374,855.5000000000001,83.6900272047518,29.326606078223243,113.15432893255071,0.0,0.0,0.005812327067057292,recovered_archive1/92,recovered_archive1/92/CAPorg2.jpg,1
1,85,1024,768,0.011764705882352941,0.011627906976744186,0.7972082252837662,0.0,0.7972082252837662,1.2047082383237615,0.0,1.2047082383237615,0.9598039215686271,0.0,0.9598039215686271,0.9441941037232956,0.0,0.9441941037232956,1.0,0.0,1.0,0.724112426035503,0.0,0.724112426035503,489.5,0.0,489.5,87.84062043356595,0.0,87.84062043356595,0.0,0.0,0.0006224314371744791,recovered_archive1/92,recovered_archive1/92/CAPorg3.jpg,1
6,80,1024,768,0.075,0.06976744186046512,0.8135482287759275,0.03026053735145688,0.8377762614107338,1.442198116652226,0.13218322642644809,1.5925538332883082,0.9720259208692728,0.006916524083476762,0.9785749498374041,0.9620650637108435,0.004242674469393353,0.966417263966798,0.9164669730459204,0.23137182714003457,1.1560810810810809,0.7511524697208669,0.033261129147977755,0.7929853041695147,434.1666666666667,335.35685802175306,776.25,77.16007691345175,26.46981211840148,105.03300858899107,0.0,0.0,0.0033124287923177085,recovered_archive1/92,recovered_archive1/92/CAPorg4.jpg,1
3,72,1024,768,0.041666666666666664,0.04,0.8213387003136255,0.05744306605764071,0.8674995271715473,1.3049003633016725,0.026411934015245477,1.326713380252986,0.9620051117436336,0.012007851518381192,0.9742489644647907,0.9637701150474514,0.016887196742193192,0.9796526848660265,1.18256464011181,0.07657055528075579,1.2444444444444445,0.7842377766409544,0.060095585241580145,0.8395959595959596,758.6666666666666,968.9823986476168,1719.0,85.16007691345176,74.15925470365273,158.84793641885784,0.0,0.0,0.0028940836588541665,recovered_archive1/96,recovered_archive1/96/CAPorg1.jpg,1
0,66,1024,768,0.0,0.0,,,,,,,,,,,,,,,,,,,,,,,,,,,0.0,recovered_archive1/96,recovered_archive1/96/CAPorg2.jpg,1
0,35,1024,768,0.0,0.0,,,,,,,,,,,,,,,,,,,,,,,,,,,0.0,recovered_archive1/96,recovered_archive1/96/CAPorg3.jpg,1
7,53,1024,768,0.1320754716981132,0.11666666666666667,0.8568103252220445,0.015493098086802751,0.873206476991743,1.2054807346519867,0.08711412219763293,1.31565534147833,0.9740433328573216,0.0058838520384268045,0.9804486791691871,0.9654853317547324,0.007550255106517861,0.972242005796204,0.8909569174786566,0.12567905244332622,1.036,0.8007404106548227,0.04358805485081139,0.8451183088011733,381.35714285714283,144.43107953170562,529.7,73.31472888111853,15.337918430188385,87.88082245892127,0.0,0.0,0.003394444783528646,recovered_archive1/96,recovered_archive1/96/CAPorg4.jpg,1
9,105,1024,768,0.08571428571428572,0.07894736842105263,0.7357416896927576,0.1824492495060439,0.8381237712382692,2.90036815243886,3.7649518576394714,4.511337309590985,0.9524327318962708,0.03325641244897399,0.9766455168877785,0.9651287180350052,0.0070693313143419265,0.9743305483629611,1.7564611633577152,2.4947543240398113,2.632727272727274,0.7360410447159463,0.03608821156078677,0.7726406304423545,438.44444444444446,408.08042810513365,766.5000000000002,91.24287313612518,71.18199108742944,132.7376767084137,0.1111111111111111,0.0,0.005017598470052083,recovered_archive2/106,recovered_archive2/106/CAPorg1.jpg,1
11,111,1024,768,0.0990990990990991,0.09016393442622951,0.7499299414108507,0.16447709179353934,0.8685327394263989,1.8632903948072583,1.2506433513490733,2.69144303142621,0.9582621355316658,0.03207920199110335,0.9761295822676899,0.9631099286288897,0.006160257659313289,0.971358338503521,1.5892570929776013,1.1603984899933693,2.5833333333333335,0.7346531533282765,0.0520090034337932,0.7858024691358024,637.6363636363636,695.7049103708049,879.0,101.00840871242495,73.71615158852876,118.08326112068524,0.0,0.0,0.00891876220703125,recovered_archive2/106,recovered_archive2/106/CAPorg2.jpg,1
2,60,1024,768,0.03333333333333333,0.03225806451612903,0.8471323160938813,0.041407414085702865,0.8802582473624436,1.2215246526387138,0.14256680801137545,1.3355780990478143,0.967119629953149,0.009921186373382962,0.9750565790518555,0.9723128123347946,0.00355984643984808,0.9751606894866731,1.0935828877005347,0.27005347593582885,1.3096256684491978,0.7750381970970206,0.029583651642475173,0.7987051184110008,157.25,34.25,184.65,47.920310216782966,4.121320343559642,51.217366491630685,0.0,0.0,0.0003999074300130208,recovered_archive2/106,recovered_archive2/106/CAPorg3.jpg,1
4,53,1024,768,0.07547169811320754,0.07017543859649122,0.6766077217172172,0.21147896330306054,0.8450925047785768,2.585133400151168,1.831728642995472,4.572600377828504,0.9434692457271909,0.029630611138034915,0.9714096016343208,0.959768385124856,0.011028203369070374,0.971106011419448,2.0710597826086956,1.838133682471143,4.096521739130436,0.7406384051335138,0.052610064029514785,0.7926088888888889,639.5,459.34260089828376,1139.65,114.76955262170048,70.9143778693558,192.76194077712563,0.0,0.0,0.0032526652018229165,recovered_archive2/106,recovered_archive2/106/CAPorg4.jpg,1
9,33,1024,768,0.2727272727272727,0.21428571428571427,0.8426166641371435,0.03248090894759535,0.8683416383956967,1.3631464967707572,0.3099453979655942,1.7976497857689424,0.9761814044842319,0.004806894826349117,0.9826431191464537,0.9640661794290969,0.007239846010365681,0.9730740693701397,1.0568710068990024,0.25413058187843324,1.4692307692307691,0.7760005629516834,0.032639575243867236,0.81313786268556,645.3888888888889,468.54584607756715,1182.1000000000001,92.23114472531721,32.10819450898726,130.59352083112938,0.0,0.0,0.0073858896891276045,recovered_archive2/106,recovered_archive2/106/CAPorg5.jpg,1
12,80,1024,768,0.15,0.13043478260869565,0.8378643817055934,0.02459956411892202,0.8617784032424077,1.3431347124005988,0.15480161891881405,1.517693787508911,0.9752146399131122,0.008274924493442698,0.982774547803618,0.9606689579819667,0.004402738092496699,0.965724405249189,1.0214336113762277,0.14658579976525946,1.1868965517241379,0.7378789456032132,0.030749540393896078,0.7708089251174358,824.5,387.6136929985833,1267.95,107.50441310978209,28.072652333867055,137.1065150626205,0.0,0.0,0.01258087158203125,recovered_archive2/106,recovered_archive2/106/CAPorg6.jpg,1
10,56,1024,768,0.17857142857142858,0.15151515151515152,0.8115291582299372,0.04765086543215715,0.8737837437711937,1.4125165264427815,0.316887898129368,1.5786483156273334,0.9746697557899126,0.005826643910704828,0.9810664551383749,0.9649812866972264,0.0067248808342011464,0.972116494895749,0.8560230071652486,0.1793026953310035,1.006896551724138,0.7575509228069394,0.06546439158384076,0.8440606806986117,474.05,210.4717855200549,687.75,82.59381669041241,21.55131323770933,101.4129075763134,0.0,0.0,0.0060278574625651045,recovered_archive2/106,recovered_archive2/106/CAPorg7.jpg,1
12,79,1024,768,0.1518987341772152,0.13186813186813187,0.8384122033682996,0.02550617693073787,0.8592577891069474,1.3032279380864538,0.17897486327056544,1.442790317738987,0.9739019305932334,0.00873398473131317,0.9814315467703854,0.9599237139837614,0.0049285351773779565,0.9653342076990574,1.0441157171187312,0.26613014674490937,1.3711111111111112,0.7732149425401658,0.04309307676179662,0.8358646616541353,769.6666666666666,325.730930199895,1165.8,104.29527411045892,26.43491057570079,130.6312841947208,0.0,0.0,0.011744181315104166,recovered_archive2/106,recovered_archive2/106/CAPorg8.jpg,1
8,120,1024,768,0.06666666666666667,0.0625,0.6091170185685352,0.1471023525657155,0.7752759740166626,2.700352804782749,0.6884524832626097,3.2925602618438825,0.9396974764578959,0.03402450378276402,0.9678796689778574,0.9597766112126435,0.009077180086416718,0.9707600996407403,1.8147124921620899,0.6579198381178453,2.7048951048951047,0.6105588839585822,0.18893233496964396,0.815590909090909,320.4375,89.9230356680089,417.34999999999997,82.87830983233657,19.134949406180773,103.96782822743016,0.0,0.0,0.0032596588134765625,recovered_archive2/107,recovered_archive2/107/CAPorg1.jpg,1
7,58,1024,768,0.1206896551724138,0.1076923076923077,0.7651336157262744,0.07441099406353976,0.8416501802113394,1.444039080703362,0.24486179990828383,1.7997640399522907,0.950680154255643,0.02157644160768269,0.9700319648136396,0.9544241358783985,0.010463422795279124,0.965164114241302,1.173574899735128,0.3925771706297604,1.6488063660477454,0.7222266425437788,0.05046288635397006,0.7728638726445745,1237.357142857143,1849.5615448433352,2773.500000000002,119.44004321826502,84.42744189749232,202.8895669792005,0.0,0.0,0.011013666788736979,recovered_archive2/107,recovered_archive2/107/CAPorg10.jpg,1
12,33,1024,768,0.36363636363636365,0.26666666666666666,0.7869815955313161,0.07699538461441421,0.8724808383780587,1.4688172952738678,0.32615682165235227,1.7230202833418862,0.9721886777660017,0.009619286264988721,0.9830388741413995,0.9622446217886571,0.006700458241808548,0.9659868865649738,1.172804000897307,0.3632693709749096,1.4745588235294118,0.7535480519065026,0.06418069856322248,0.8121610169491525,1073.2916666666667,716.5522910185194,1904.1,124.63207665715413,47.453026860509915,182.02396820942894,0.0,0.0,0.01637713114420573,recovered_archive2/107,recovered_archive2/107/CAPorg2.jpg,1
18,61,1024,768,0.29508196721311475,0.22784810126582278,0.7489109473292619,0.12530607272114602,0.8622708373196682,1.823206441718414,0.7773000320512289,3.071189691272652,0.9615146977583974,0.01766800942896244,0.9761851616994293,0.9621627697182523,0.0068941479838562246,0.9709802590519058,1.576334686108042,0.8794327108922718,3.0611708482676225,0.764460358226543,0.07365734668474021,0.8277380952380953,991.0277777777778,1174.407787783346,2033.1000000000006,119.04936261761489,73.28508575907219,211.58864350760155,0.0,0.0,0.022682825724283855,recovered_archive2/107,recovered_archive2/107/CAPorg3.jpg,1
10,44,1024,768,0.22727272727272727,0.18518518518518517,0.817208327723753,0.04858775077363464,0.8477363849502996,1.3834315450412564,0.18756808334207545,1.5648447806082326,0.974514199152728,0.009414945679493174,0.9826821577667065,0.9661406859572047,0.006401896662108839,0.9731449235808046,1.1700185281396427,0.12596521848603995,1.3375,0.7394316700784228,0.06363208744854626,0.7902636836847362,613.5,499.9045908971031,1459.9499999999998,90.19209229614209,36.55991645571455,148.3716954241814,0.0,0.0,0.007801055908203125,recovered_archive2/107,recovered_archive2/107/CAPorg4.jpg,1
13,64,1024,768,0.203125,0.16883116883116883,0.8038053504861415,0.09319128833875039,0.873179767985665,1.444578867396562,0.33843486769201925,1.7881827252625488,0.9671980492675236,0.017160413356323942,0.981424379183916,0.9641997933103679,0.009333150607423771,0.970882766120313,1.2922540039744173,0.3412928101734374,1.7733333333333334,0.7501550020995538,0.0780367064440731,0.8289943828990483,520.1153846153846,350.26693962474224,982.4000000000001,85.41453541484279,35.362145001742384,125.20285706997457,0.0,0.0,0.008597691853841146,recovered_archive2/107,recovered_archive2/107/CAPorg5.jpg,1
18,44,1024,768,0.4090909090909091,0.2903225806451613,0.8198519119031498,0.04598988696490827,0.8636820294253986,1.3181866897341032,0.21342543085227286,1.4853311593146412,0.9684730943273485,0.012275269610447163,0.9804549717852914,0.9596477301731282,0.0059980577910645795,0.9678229644811511,1.1472851409679368,0.28424837151591115,1.5625000000000002,0.7557238788168055,0.04075033013685743,0.8125505050505051,813.6111111111111,714.0580927883552,1572.5,100.577000100007,49.19170866839776,161.5190042307233,0.0,0.0,0.018622080485026043,recovered_archive2/107,recovered_archive2/107/CAPorg6.jpg,1
15,48,1024,768,0.3125,0.23809523809523808,0.7603567125300994,0.12966760498171453,0.8688925467385615,1.5682691488059248,0.5268120627787435,2.429184692773587,0.9458793985406907,0.04655946198156922,0.9788786952089708,0.9539114477436865,0.015536131098038957,0.9692844233636206,1.2040335137139102,0.24580107498255474,1.4833333333333334,0.7010955289849959,0.12422156793657167,0.8250552584670232,1262.9333333333334,1329.1970115658385,3619.7999999999993,134.97179404394242,80.38973597452234,249.46988437473337,0.0,0.0,0.024088541666666668,recovered_archive2/107,recovered_archive2/107/CAPorg7.jpg,1
24,52,1024,768,0.46153846153846156,0.3157894736842105,0.7536805256169181,0.10188980848662758,0.8704226123006439,1.5608475933435457,0.6050164946371525,1.873378623008751,0.9469612007436344,0.0338561402610602,0.9756981926524182,0.9509070036115858,0.02143375021984335,0.970004332931647,1.3008415224674914,0.2890664013066287,1.6959999999999997,0.7170294660439742,0.08095891275269305,0.7957932692307692,1447.4791666666667,1935.8853405223424,4011.5499999999997,133.52247767420414,93.9768318296862,256.5510026929377,0.0,0.0,0.0441735585530599,recovered_archive2/107,recovered_archive2/107/CAPorg8.jpg,1
24,50,1024,768,0.48,0.32432432432432434,0.7667981977672715,0.11688596584540159,0.8468440038843975,1.4653363129206654,0.323384976352503,1.8925444260711648,0.9510241493641378,0.04429612498505091,0.9767795315565843,0.9480210605852578,0.04296684677999784,0.9714926188386281,1.2236161186231753,0.3114569266102675,1.57,0.7274036995763896,0.07221492243882732,0.7986013986013987,1764.5833333333333,2257.502882365577,4629.9,151.33690467080154,116.36413554297556,271.7610531992765,0.0,0.0,0.053850809733072914,recovered_archive2/107,recovered_archive2/107/CAPorg9.jpg,1
6,70,1024,768,0.08571428571428572,0.07894736842105263,0.7458177753232528,0.11444780650072381,0.8576858601273112,1.6193214118654708,0.36047879380600695,2.091929355782513,0.94451418848741,0.0438504967085266,0.9777614495432301,0.9556681088330322,0.014531853856238904,0.9696957368062915,0.8389198280062233,0.21968695494888243,1.093501636278635,0.6979935715553705,0.07988249252733956,0.799969362745098,1210.0833333333333,1098.3051874238881,2662.0,131.7135521091053,65.01547390152194,218.82337649086287,0.0,0.0,0.009232203165690104,recovered_archive2/118,recovered_archive2/118/CAPorg1.jpg,1
9,69,1024,768,0.13043478260869565,0.11538461538461539,0.8423655307342615,0.08185101118038933,0.8928779732436104,1.4393926686935823,0.7101905937158856,1.9655590654441188,0.977970224891356,0.005194487280232374,0.9834835239737634,0.9648838411121672,0.006566623874935646,0.9735637624946823,0.8924825964252486,0.10933974717162667,0.9692307692307692,0.7641363149704398,0.0561311093876221,0.8022875816993463,1647.5,2452.6086339061744,2912.800000000001,138.5955025712704,99.40747500622274,207.6008368164213,0.0,0.0,0.018854141235351562,recovered_archive2/118,recovered_archive2/118/CAPorg10.jpg,1
1,86,1024,768,0.011627906976744186,0.011494252873563218,0.8114541254304309,0.0,0.8114541254304309,1.4477490094278687,0.0,1.4477490094278687,0.9758186397984897,0.0,0.9758186397984897,0.9523221012721459,0.0,0.9523221012721459,0.8292682926829268,0.0,0.8292682926829268,0.6947632711621234,0.0,0.6947632711621234,968.5,0.0,968.5,122.46803743153548,0.0,122.46803743153548,0.0,0.0,0.0012315114339192708,recovered_archive2/118,recovered_archive2/118/CAPorg11.jpg,1
2,28,1024,768,0.07142857142857142,0.06666666666666667,0.8271004455766292,0.03057076226558353,0.851557055389096,1.4589357694477019,0.20303554018539705,1.6213642015960195,0.9782384157006907,0.011946280869229997,0.9877954403960747,0.965989966556112,0.000444846776772978,0.9663458439775304,1.3490945674044266,0.22233400402414483,1.5269617706237424,0.8317713096762392,0.005891027986098418,0.836484132065118,2474.5,2216.5,4247.7,162.98275605729688,99.18376618407355,242.32976900455574,0.0,0.0,0.006292978922526042,recovered_archive2/118,recovered_archive2/118/CAPorg12.jpg,1
2,37,1024,768,0.05405405405405406,0.05128205128205128,0.8245519047081812,0.06494683465408102,0.876509372431446,1.5150288046963793,0.34398833180181,1.7902194701378273,0.9774228265924716,0.011537965185221932,0.9866531987406492,0.9642557303904783,0.006513502275003802,0.9694665322104813,1.4402610441767068,0.4764056224899599,1.8213855421686749,0.8015911471974856,0.01906102671555787,0.8168399685699319,2711.25,2484.75,4699.05,166.0746391493337,104.86143571373728,249.96378772032352,0.0,0.0,0.0068950653076171875,recovered_archive2/118,recovered_archive2/118/CAPorg13.jpg,1
1,39,1024,768,0.02564102564102564,0.025,0.890602607828855,0.0,0.890602607828855,1.1028888088340947,0.0,1.1028888088340947,0.9892841196606632,0.0,0.9892841196606632,0.9555855020720997,0.0,0.9555855020720997,0.967741935483871,0.0,0.967741935483871,0.7941457586618877,0.0,0.7941457586618877,6647.0,0.0,6647.0,306.2497833620557,0.0,306.2497833620557,0.0,0.0,0.008452097574869791,recovered_archive2/118,recovered_archive2/118/CAPorg14.jpg,1
2,44,1024,768,0.045454545454545456,0.043478260869565216,0.8226170014912005,0.05722841150373792,0.8683997306941909,1.3932834992722052,0.29814308125664246,1.631797964277519,0.9712221719551155,0.015698499071327532,0.9837809712121774,0.9522683707014192,0.0017524913027717748,0.9536703637436367,1.2308992562542258,0.35733603786342116,1.5167680865449626,0.7564610690011031,0.03097087292267181,0.7812377673392407,2769.75,2436.75,4719.15,173.31727983645297,99.3761543394987,252.81820330805192,0.0,0.0,0.0070438385009765625,recovered_archive2/118,recovered_archive2/118/CAPorg15.jpg,1
3,62,1024,768,0.04838709677419355,0.046153846153846156,0.7272666957813776,0.1499935404987884,0.8549261149624352,2.1656432599504316,1.1764563232101453,3.3404709032644435,0.978194393806961,0.007649649688248621,0.9838034695854485,0.9587956565695203,0.011649927077405179,0.9706284765814612,0.6610996496053968,0.25960662645619664,0.8649867374005304,0.7388721633002678,0.057412283978833606,0.7906406864740199,1724.0,200.23860766595436,1915.2,174.48191428498305,12.1669246741598,185.94255403194157,0.0,0.0,0.0065765380859375,recovered_archive2/118,recovered_archive2/118/CAPorg16.jpg,1
8,91,1024,768,0.08791208791208792,0.08080808080808081,0.7195545969036163,0.14700123961426645,0.8686810827143622,1.765765918896658,0.7356273755805341,2.6312109373953794,0.945678711626786,0.048510263849705006,0.9779441156875814,0.9566474843814605,0.01133605580638902,0.970070646478104,1.149348754236483,0.3162560804004661,1.4412280701754385,0.6635480326535024,0.13143065613715163,0.7942930453431373,844.625,1015.3355279783132,1994.6499999999996,105.0152416360247,53.18273030951535,171.3765727477093,0.0,0.0,0.008591969807942709,recovered_archive2/118,recovered_archive2/118/CAPorg2.jpg,1
10,95,1024,768,0.10526315789473684,0.09523809523809523,0.7240024183183984,0.14489517822537257,0.8556705786321308,1.736926109416777,0.7743971395647504,3.0948478661156202,0.9532188100027064,0.04936721692400324,0.9846592004704774,0.9549914148431602,0.013966218712480369,0.9665630766948943,1.394427103888161,0.7229111557381229,2.1238095238095234,0.7085081482909233,0.08458063269964045,0.7965141974161167,2327.25,1403.0062054388784,4297.7,196.93149339882606,73.52493572472443,266.9880517890354,0.0,0.0,0.029592514038085938,recovered_archive2/118,recovered_archive2/118/CAPorg3.jpg,1
2,57,1024,768,0.03508771929824561,0.03389830508474576,0.7919164897715212,0.05222924125800149,0.8336998827779223,1.5360318159310982,0.13755238777090617,1.646073726147823,0.9782341023704084,0.0045743564763888744,0.9818935875515195,0.9498602333885185,0.001231922385163342,0.9508457712966493,1.107843137254902,0.10784313725490191,1.1941176470588235,0.6597881087919039,0.03874130297280198,0.6907811511701455,5542.5,2312.5,7392.5,292.29141392239836,73.01219330881975,350.7011685694542,0.0,0.0,0.014095306396484375,recovered_archive2/118,recovered_archive2/118/CAPorg4.jpg,1
4,50,1024,768,0.08,0.07407407407407407,0.8226510829456464,0.08583731523695438,0.8796717661937191,1.3658638603399922,0.36155357872442523,1.7665341278979276,0.9702073886183269,0.017153965698970167,0.9832127910229015,0.954809267203713,0.009207301069605657,0.9637907530995602,1.1598097390051412,0.2616639065827739,1.4421728395061728,0.7738496946327406,0.08204519270426774,0.8358762315270937,2953.0,2205.2294948598887,5300.450000000001,202.18124086713192,92.6955983218188,300.1686650438515,0.0,0.0,0.015019734700520834,recovered_archive2/118,recovered_archive2/118/CAPorg5.jpg,1
0,54,1024,768,0.0,0.0,,,,,,,,,,,,,,,,,,,,,,,,,,,0.0,recovered_archive2/118,recovered_archive2/118/CAPorg6.jpg,1
4,66,1024,768,0.06060606060606061,0.05714285714285714,0.853793881532021,0.04331165876692311,0.8874738516031168,1.1714570763375296,0.13596219325528572,1.3212845754232592,0.9746777351180618,0.005407836423630967,0.9792518817204303,0.9631996632379112,0.00855490550272822,0.9729899534170118,1.1296442687747035,0.1650038452951239,1.3189130434782608,0.775139292635659,0.028610662657643164,0.8008061594202899,619.375,506.6409447281181,1181.5000000000002,87.65863991822648,37.62811687380528,128.79108216936544,0.0,0.0,0.003150304158528646,recovered_archive2/118,recovered_archive2/118/CAPorg7.jpg,1
10,92,1024,768,0.10869565217391304,0.09803921568627451,0.8428304557397007,0.0776803433011851,0.8893685754088579,1.321339015676755,0.44922396181273405,1.688532434754001,0.9765940507714728,0.005564813803021749,0.9813072657158595,0.9605661434475818,0.006666587435482547,0.9713739572192328,0.9741677404260589,0.25129751502483355,1.1603260869565215,0.7800151945123875,0.02800308964421739,0.8061458333333333,848.3,373.6080968073363,1294.2,109.33178925810907,27.42246726706699,135.96265504461925,0.0,0.0,0.010786692301432291,recovered_archive2/118,recovered_archive2/118/CAPorg8.jpg,1
14,7,1024,768,2.0,0.6666666666666666,0.6904363083713542,0.12798153332383969,0.7929235584237824,2.5155643311187115,1.4481355589144955,3.331646577172567,0.9651528154443186,0.01631809693030313,0.9785609384952942,0.9640633548210064,0.007507977642557812,0.9737373398023503,2.3444964135836064,1.1204521881294713,3.1097142857142863,0.8009931845070165,0.03661334829823705,0.8427134532467487,1118.5357142857142,433.14883058687286,1651.0500000000004,139.29667588434094,25.648443468473268,168.43199846221447,0.0,0.0,0.019912083943684895,recovered_archive2/118,recovered_archive2/118/CAPorg9.jpg,1
5,39,1024,768,0.1282051282051282,0.11363636363636363,0.7036563524974919,0.14521996797461928,0.8762550165258564,2.0659649313530566,0.9926464841054877,3.2652554445927757,0.9601724823358196,0.022392334437218327,0.9799347722960158,0.9643109359984863,0.011511828523280728,0.9766915489945351,1.3757830894405865,1.203429959867571,2.6500000000000004,0.7427759090510204,0.0920852013036659,0.8380512820512821,1453.9,1141.9111348962317,2850.3,149.84549775709388,64.83827524691382,223.374848353439,0.0,0.0,0.009243647257486979,recovered_archive2/126,recovered_archive2/126/CAPorg1.jpg,1
3,34,1024,768,0.08823529411764706,0.08108108108108109,0.8855192020437022,0.0035376342239000222,0.8884963338481616,1.0294825043317966,0.014283097757644385,1.0406608685745475,0.9798893352692878,0.00047334164711775273,0.9803575387468003,0.9591043218417362,0.0034697022100306095,0.9616223609226018,0.9587301587301588,0.029440058715859377,0.9885714285714285,0.7688852813852813,0.007853718460793782,0.7760714285714286,1101.6666666666667,485.4388621535042,1596.0,122.22539674441619,26.879289418339486,149.63616151824868,0.0,0.0,0.004202524820963542,recovered_archive2/126,recovered_archive2/126/CAPorg2.jpg,1
11,35,1024,768,0.3142857142857143,0.2391304347826087,0.8473103394335385,0.0266205766616799,0.8757148732288984,1.2895434546150506,0.17972726057407534,1.448865713034845,0.9780100907039381,0.0045783954269772,0.9832402234636878,0.9606018829878956,0.00977696173207897,0.9763838150407035,0.9518199499390723,0.2956214813816879,1.2,0.7858686242925361,0.04210047405775764,0.8368055555555556,913.2727272727273,592.063086458789,1741.0,110.53513046145589,37.46609764022223,161.68124086713192,0.0,0.0,0.012774149576822916,recovered_archive2/126,recovered_archive2/126/CAPorg3.jpg,1
7,51,1024,768,0.13725490196078433,0.1206896551724138,0.7320563676000702,0.12615134338763256,0.8629655071285688,1.6641548212461204,0.6558100407218155,2.6104613694420165,0.9526370484078969,0.03229340136910822,0.9819376046196,0.9505002055640078,0.011991575276581313,0.9615159159981769,1.406943055313318,0.8059711239736902,2.623986194995686,0.7446066842158537,0.041057469370092525,0.7839671248934357,2394.285714285714,2187.808735064492,5008.100000000001,189.2533909576867,109.10295857386484,307.0032754781853,0.0,0.0,0.021311442057291668,recovered_archive2/126,recovered_archive2/126/CAPorg4.jpg,1
5,34,1024,768,0.14705882352941177,0.1282051282051282,0.6617468889883027,0.18715801818376143,0.849860806098651,2.566935749432332,1.4871908106929435,4.3494568100833035,0.925305371647603,0.08273900389859645,0.9731617488294049,0.9553309555149785,0.00815450417207842,0.9642941119903573,1.6641279669762643,0.6935535250135894,2.4947368421052634,0.6648074657594752,0.1375075619039294,0.7529749737319705,3151.0,2687.371782987981,6364.8,241.15575746753802,159.22923473491574,433.6591196009009,0.0,0.2,0.020033518473307293,recovered_archive2/126,recovered_archive2/126/CAPorg5.jpg,1
2,30,1024,768,0.06666666666666667,0.0625,0.8255323967867292,0.019708575875590884,0.8412992574872018,1.2164646428459356,0.1798514887655116,1.360345833858345,0.9694769772378996,0.011998971372796818,0.979076154336137,0.9564304355007168,0.003046552048732165,0.9588676771397026,1.261111111111111,0.12777777777777777,1.3633333333333333,0.7206209150326797,0.004934640522875788,0.7245686274509804,984.5,658.0,1510.9,113.81118318204311,42.45584412271573,147.7758584802157,0.0,0.0,0.0025037129720052085,recovered_archive2/126,recovered_archive2/126/CAPorg6.jpg,1
13,120,1024,768,0.10833333333333334,0.09774436090225563,0.7384981604833094,0.15333937846139598,0.86792847242248,1.7554275539693514,0.950101585561474,2.4870403087918276,0.9452848326533331,0.05167098603746771,0.9818935877985944,0.957443541435375,0.012318868926212308,0.9712795851756392,1.2876512282670065,0.6112060716567927,2.2279365079365085,0.7049836801304585,0.1159131306936933,0.8125103785103786,926.8076923076923,693.5416780349956,1574.5000000000002,123.35456203872994,52.08048471701622,172.4312841947208,0.0,0.07692307692307693,0.015320460001627604,recovered_archive2/128,recovered_archive2/128/CAPorg1.jpg,1
3,61,1024,768,0.04918032786885246,0.046875,0.8265273341125883,0.034998642521056375,0.8555061653866122,1.2958848448668767,0.09686526512601258,1.3944186351807988,0.9766027399594376,0.006590465318928922,0.9825136280730656,0.9590936947885461,0.0011900089243857615,0.9602878479149904,1.1287024756852342,0.07696217037897715,1.196551724137931,0.8300273769161723,0.03643923282019242,0.8670572493381711,14330.5,17489.979030862214,31853.2,372.9140691370769,300.85735205995604,678.2095813367006,0.0,0.0,0.05466651916503906,recovered_archive2/128,recovered_archive2/128/CAPorg2.jpg,1
9,83,1024,768,0.10843373493975904,0.09782608695652174,0.6778809181935069,0.19073104394132878,0.8457515196986684,2.545057536804703,1.4915003656710424,4.847727769626394,0.9433340849724637,0.06505647781898728,0.9807194762889176,0.960860553251031,0.03017399257762507,0.9771540521644566,1.8363363803782127,1.3455512701243688,4.086772486772486,0.7504115603735226,0.10675486752102525,0.8551712089447938,1317.111111111111,1986.6342947275562,3159.9000000000005,140.26735603729549,133.18927942199784,301.7533188057741,0.0,0.1111111111111111,0.015073140462239584,recovered_archive2/128,recovered_archive2/128/CAPorg3.jpg,1
4,69,1024,768,0.057971014492753624,0.0547945205479452,0.8701639603621335,0.0104755440401855,0.8818116187015003,1.249372963233875,0.019928709333302916,1.2719929966191221,0.9761388814162444,0.008566577497329256,0.9836809699533113,0.9640835070849867,0.009954168920560705,0.9747093725970113,1.1619025157232705,0.06044002864833657,1.225,0.7757007804969258,0.02994824443710942,0.8054464285714286,1155.875,1063.3566766964884,2280.6,108.00788232314399,71.10164675051871,181.81505037879435,0.0,0.0,0.0058790842692057295,recovered_archive2/128,recovered_archive2/128/CAPorg4.jpg,1
1,87,1024,768,0.011494252873563218,0.011363636363636364,0.8812095946026762,0.0,0.8812095946026762,1.3311866310485057,0.0,1.3311866310485057,0.9860666541141028,0.0,0.9860666541141028,0.9579540769815432,0.0,0.9579540769815432,1.0,0.0,1.0,0.7522263717322608,0.0,0.7522263717322608,2618.5,0.0,2618.5,193.23759005323598,0.0,193.23759005323598,0.0,0.0,0.003329594930013021,recovered_archive2/128,recovered_archive2/128/CAPorg5.jpg,1
2,64,1024,768,0.03125,0.030303030303030304,0.8749023532762993,0.002777779148285142,0.8771245765949274,1.2537632476996885,0.00847700705001364,1.2605448533396995,0.9821861732926292,0.002388193494649138,0.9840967280883486,0.9563201240743024,0.002983204093651437,0.9587066873492237,1.0684485006518905,0.08539765319426329,1.136766623207301,0.7818697642704071,0.026463569062926184,0.8030406195207481,1607.75,977.25,2389.55,144.00357133746823,48.99137802864846,183.196673760387,0.0,0.0,0.0040887196858723955,recovered_archive2/128,recovered_archive2/128/CAPorg6.jpg,1
17,104,1024,768,0.16346153846153846,0.14049586776859505,0.8123257568023187,0.08714961021321473,0.8737526151920962,1.3757347071821793,0.3685298811478628,1.675210857568374,0.9673885958282888,0.022674691577952353,0.9794153804554592,0.9613751527200297,0.0070694875799253,0.9692081332806567,1.0506364474048897,0.15987618653985686,1.2579310344827586,0.7219754768046591,0.07960667576616584,0.7803466666666666,506.4117647058824,196.4365063781737,821.2,87.74907048144219,21.072841153579073,116.66559876977152,0.0,0.0,0.010946909586588541,recovered_archive2/129,recovered_archive2/129/CAPorg1.jpg,1
10,61,1024,768,0.16393442622950818,0.14084507042253522,0.7916210087132471,0.06352141580556724,0.8564067759187171,1.5438836136440028,0.34096830632190933,1.9968557867025256,0.9760904009981941,0.007708470008576431,0.9822255200522729,0.9598486310411491,0.006652336159483175,0.9707303117442814,1.12599211572741,0.3262550031379714,1.3627972027972026,0.7231633912902723,0.06533458187560337,0.8030782024348201,1206.1,615.7237529931747,1722.6999999999996,133.4538238691624,34.48767100506984,161.41261171703042,0.0,0.0,0.015336354573567709,recovered_archive2/129,recovered_archive2/129/CAPorg2.jpg,1
7,62,1024,768,0.11290322580645161,0.10144927536231885,0.8165289421705049,0.050859034013860174,0.8812679578387659,1.5019314749490378,0.17305884362084908,1.725824984730536,0.9775647256523953,0.0065253730825698296,0.9853016620028816,0.9627693980260331,0.012295551554102321,0.9753680265557573,1.1353080416563788,0.15515938516939762,1.33875,0.7344835721502486,0.09161791777915251,0.8633661308203991,1213.7142857142858,558.5476611677095,1720.1000000000001,131.2211914227701,42.42692606183553,163.5758584802157,0.0,0.0,0.01080322265625,recovered_archive2/129,recovered_archive2/129/CAPorg3.jpg,1
15,70,1024,768,0.21428571428571427,0.17647058823529413,0.7940480314171664,0.06518942117829057,0.8584891853669535,1.4852538794041692,0.1716502239602091,1.7122472349420648,0.9700354181539627,0.020026538072454178,0.982920004892667,0.9602101566319626,0.010577072318965566,0.9730422510819643,1.1572309583142968,0.22457247637775923,1.3888695652173912,0.7185194019618648,0.07057007087354088,0.8041356492969396,841.8333333333334,498.60992324216295,1460.2999999999997,112.0781865576353,30.308007962235184,152.77585848021565,0.0,0.0,0.01605669657389323,recovered_archive2/129,recovered_archive2/129/CAPorg4.jpg,1
8,43,1024,768,0.18604651162790697,0.1568627450980392,0.8248600004729567,0.03846864125931304,0.8565482191724707,1.4565020847391237,0.27681752826444406,1.6613047737774809,0.9812142642430854,0.00391364872687118,0.9853968774196721,0.9648380973896644,0.004123672949673691,0.9689108468594552,1.0749092293741578,0.20190288421821365,1.2222222222222223,0.7395798453099052,0.04144669044640566,0.7937617554858933,786.1875,177.63198218155986,1039.2,108.7097852842877,11.409323173081837,125.91067811865476,0.0,0.0,0.007997512817382812,recovered_archive2/129,recovered_archive2/129/CAPorg5.jpg,1
15,46,1024,768,0.32608695652173914,0.2459016393442623,0.8041674062399299,0.06818869944399603,0.8554569325149085,1.6250901168736633,0.597113862952651,2.4329813055260314,0.9751010417929168,0.006847388660127963,0.9816020094122188,0.9629494092448142,0.006836187046728207,0.9711982160281952,1.3203290515666075,0.5308176374184695,1.7805714285714285,0.759763714415249,0.044570679293814745,0.8201589662115978,1260.9333333333334,1551.0275396938923,1256.8,128.1077632785617,64.08505828023245,137.27636354360402,0.0,0.0,0.024050394694010418,recovered_archive2/129,recovered_archive2/129/CAPorg6.jpg,1
8,56,1024,768,0.14285714285714285,0.125,0.7977364869321675,0.0652567325611716,0.8578025563136762,1.3889842056037693,0.25632645574973884,1.721132888131044,0.967865096901799,0.018007369338934504,0.9830551567933135,0.956645022777336,0.007680999220221825,0.9629175813935172,1.1223221281380082,0.3312428048966255,1.4463768115942028,0.7377454074599571,0.045189155218947584,0.7819707207207207,1677.0,1248.001327122692,2894.7999999999997,154.37489168102786,60.793646081397945,213.47779207859128,0.0,0.0,0.017059326171875,recovered_archive2/129,recovered_archive2/129/CAPorg7.jpg,1
8,40,1024,768,0.2,0.16666666666666666,0.7114823613913865,0.09521317234706198,0.7891190381055501,1.5012444714365278,0.26445613864853196,1.877542220689374,0.9261639426079205,0.05179562352557097,0.9643654232363367,0.9394191794813637,0.0287676774982195,0.9567960120564624,0.9219060973932395,0.2563878759646773,1.2267857142857144,0.6513496370199277,0.048418436100751236,0.708655327342747,2179.0625,2984.191258087147,4527.399999999999,173.15091078124198,116.75686209133586,277.06399692442875,0.0,0.0,0.02216657002766927,recovered_archive2/129,recovered_archive2/129/CAPorg8.jpg,1
2,120,1024,768,0.016666666666666666,0.01639344262295082,0.8605617754345536,0.006469839815040956,0.8657376472865863,1.271904159186415,0.13639983377861475,1.381024026209307,0.9782097145753299,0.0012810916481488799,0.9792345878938491,0.9643042785908967,0.004016714568884638,0.9675176502460044,0.9959490740740741,0.15219907407407407,1.1177083333333333,0.8057515681003584,0.021608049581839928,0.8230380077658304,685.0,7.5,691.0,100.01219330881975,0.17157287525380838,100.1494516090228,0.0,0.0,0.0017420450846354167,recovered_archive2/146,recovered_archive2/146/CAPorg1.jpg,1
6,23,1024,768,0.2608695652173913,0.20689655172413793,0.7521281827822808,0.1681948144845578,0.8673667091505317,2.126464674443007,1.4771347150278376,4.024516867368715,0.9813193048908669,0.006621669583878812,0.9864457739146237,0.9573335827781563,0.005974005191905092,0.9635760350042888,0.7885926428087376,0.313503798304101,1.0682234432234432,0.7557509375111707,0.03975510627689071,0.7807983890073442,3238.0833333333335,1316.5158695291987,4742.5,234.8597521691095,64.24500137950113,312.89444430272835,0.0,0.0,0.024704615275065105,recovered_archive2/146,recovered_archive2/146/CAPorg2.jpg,1
0,79,1024,768,0.0,0.0,,,,,,,,,,,,,,,,,,,,,,,,,,,0.0,recovered_archive2/146,recovered_archive2/146/CAPorg3.jpg,1
1,43,1024,768,0.023255813953488372,0.022727272727272728,0.7408346246093793,0.0,0.7408346246093793,1.1859090369640415,0.0,1.1859090369640415,0.9496473354231981,0.0,0.9496473354231981,0.9502157904229052,0.0,0.9502157904229052,1.0508474576271187,0.0,1.0508474576271187,0.6625205030071077,0.0,0.6625205030071077,2423.5,0.0,2423.5,202.7523086789974,0.0,202.7523086789974,0.0,0.0,0.003081639607747396,recovered_archive2/146,recovered_archive2/146/CAPorg4.jpg,1
4,53,1024,768,0.07547169811320754,0.07017543859649122,0.6565958957623973,0.051507259080514387,0.7120341967853915,1.8327196627713498,0.46741747715382703,2.2700165551423064,0.9354715765108692,0.014145299271542969,0.9474782660787451,0.9508032480664514,0.010053332757723592,0.9614687240183692,1.2611514829256765,0.47448273478245495,1.7953267162944584,0.664251010533047,0.15584729968776803,0.8308103350584561,4824.75,5164.132241964762,10224.600000000002,269.737590053236,141.6535058598103,418.81963184303925,0.0,0.0,0.024539947509765625,recovered_archive2/146,recovered_archive2/146/CAPorg5.jpg,1
10,92,1024,768,0.10869565217391304,0.09803921568627451,0.7375297538347567,0.146839817818978,0.8537071559124094,1.7588145127865586,0.5757003018385962,2.50503198230354,0.96205574416941,0.0276461105101744,0.9859881073887629,0.9415676636007131,0.04203679490825552,0.9621480231487725,1.054047558021593,0.39668779709370244,1.6390877192982456,0.715669880100055,0.07154167340624272,0.7886577355687606,8536.9,11637.333351760619,29445.199999999997,320.8684558397461,311.6262312781983,849.7324527641748,0.0,0.0,0.1085522969563802,recovered_archive2/146,recovered_archive2/146/CAPorg6.jpg,1
3,75,1024,768,0.04,0.038461538461538464,0.6648234118894917,0.15691476857733266,0.8236422871438047,2.450435866837395,0.9766824174307916,3.381043416864885,0.9698549570723308,0.012315290097322773,0.981211287587806,0.9728323045351397,0.008944179750875685,0.9803842402059731,0.6211847389558233,0.19430650027245164,0.807710843373494,0.6782909848792135,0.08983567770691463,0.7696078431372549,1367.6666666666667,938.8668110487712,2322.6,152.8446848698392,62.25968155575325,216.27047609329944,0.0,0.0,0.005217234293619792,recovered_archive2/146,recovered_archive2/146/CAPorg7.jpg,1
7,52,1024,768,0.1346153846153846,0.11864406779661017,0.693418387220033,0.14787639063694497,0.8426605042020877,1.7822961116229226,0.4858492579377478,2.4336157250747044,0.9405462826250914,0.053413023457198096,0.9787319156762397,0.950753175030874,0.011767723313515464,0.9604253321857742,0.8383452439978724,0.31209839629791364,1.1515957446808511,0.6660340490034394,0.11005183565546929,0.7705587343690792,1936.9285714285713,1312.2309092471774,3241.7000000000007,185.38116871521927,77.6063846347368,286.05911960090094,0.0,0.0,0.017240524291992188,recovered_archive2/146,recovered_archive2/146/CAPorg8.jpg,1
10,49,1024,768,0.20408163265306123,0.1694915254237288,0.7468630945003178,0.12875965044936669,0.8442478201893532,1.7080747148801847,0.6320232510610352,2.545935751012789,0.9570304738983466,0.04410028229807562,0.9795058679711224,0.9601295835891459,0.009775070205049138,0.9716214688161675,0.7449792396278501,0.23198730322442346,1.0,0.7376624261139392,0.07490592575492978,0.8341881175589746,895.6,633.6742775275007,1929.1999999999998,119.08326112068524,50.06181690274953,186.114545315406,0.0,0.0,0.011388142903645834,recovered_archive2/146,recovered_archive2/146/CAPorg9.jpg,1
6,71,1024,768,0.08450704225352113,0.07792207792207792,0.7245970003412167,0.18198768921833008,0.8803188529108015,2.142741317641631,1.1929439644107018,3.5276489489237344,0.968665057936211,0.013950039197564821,0.9794734689642116,0.9656618822517355,0.006603722871546731,0.9729069847523131,1.3088846480067853,0.7410556088537795,2.1916666666666664,0.7660829033965882,0.07584914034914295,0.8330836776859504,870.0833333333334,747.6905786412511,1629.75,125.74298936062814,74.88167410479431,206.93250352560273,0.0,0.0,0.0066382090250651045,recovered_archive2/149,recovered_archive2/149/CAPorg1.jpg,1
1,56,1024,768,0.017857142857142856,0.017543859649122806,0.8041624168514384,0.0,0.8041624168514384,1.629497472420348,0.0,1.629497472420348,0.975617479417353,0.0,0.975617479417353,0.9537816257061366,0.0,0.9537816257061366,0.6481481481481481,0.0,0.6481481481481481,0.8150793650793651,0.0,0.8150793650793651,1540.5,0.0,1540.5,155.15432893255073,0.0,155.15432893255073,0.0,0.0,0.0019588470458984375,recovered_archive2/149,recovered_archive2/149/CAPorg2.jpg,1
5,52,1024,768,0.09615384615384616,0.08771929824561403,0.7801621618537549,0.08721554934399701,0.8627134956277858,1.7639401530338952,0.5402968737294153,2.388438557902786,0.9724608447669267,0.006989869716406307,0.9802310014118107,0.9660324363055974,0.011050063687791531,0.9766241358314767,0.8913409672169262,0.2638704242937209,1.1282608695652174,0.7349348125411105,0.05093817239242352,0.7944694435998784,642.4,298.17769869659935,917.7,99.06072144624362,31.664839496711775,129.27493500861672,0.0,0.0,0.004084269205729167,recovered_archive2/149,recovered_archive2/149/CAPorg3.jpg,1
11,32,1024,768,0.34375,0.2558139534883721,0.7341576135530139,0.1191771335164127,0.8591148537597009,1.631919302856135,0.4413099489683816,1.9705338549593165,0.9544002969952864,0.05752289733378767,0.981330221703618,0.952408535277618,0.016255429722971445,0.9661376478286122,1.1907794337182493,0.39876935798113394,1.6304347826086956,0.7061824296918903,0.11428934545540961,0.7931623931623931,2793.8636363636365,3382.3747110499767,3237.5,204.13689480429733,142.58690729798167,219.9238815542512,0.0,0.09090909090909091,0.0390783945719401,recovered_archive2/149,recovered_archive2/149/CAPorg4.jpg,1
8,36,1024,768,0.2222222222222222,0.18181818181818182,0.7644572837232676,0.14996100144136754,0.8608432976711008,1.51561430003495,0.5711236774511413,2.001550975052165,0.9486154245766849,0.0632559164106702,0.9823725739714858,0.950716085810092,0.021469035835030584,0.967118522020826,1.2506394028853849,0.3063867024561563,1.648698553948832,0.71349584386789,0.13805420741386676,0.8194220430107527,3101.625,4797.944134926437,7011.249999999998,199.2523086789974,206.68260605968035,371.1465437776203,0.0,0.125,0.031551361083984375,recovered_archive2/149,recovered_archive2/149/CAPorg5.jpg,1
9,37,1024,768,0.24324324324324326,0.1956521739130435,0.71545431483533,0.13479817262135657,0.8342925726746843,1.5831327627318055,0.38779232363918587,1.841886203949977,0.9238644615026401,0.07523104358701288,0.982210861633034,0.9436463319715115,0.019064277215483066,0.9603829348223814,1.1840835390032596,0.29911453835106905,1.5244755244755246,0.6698457375896021,0.12307900100979148,0.7817498346560846,3551.1666666666665,3807.2798761787344,5698.500000000002,239.148252219113,150.02442296624824,355.01100987168775,0.0,0.1111111111111111,0.04063987731933594,recovered_archive2/149,recovered_archive2/149/CAPorg6.jpg,1
10,43,1024,768,0.23255813953488372,0.18867924528301888,0.8023091699576815,0.04782242888032048,0.8682615328515707,1.3098370913955173,0.19993727149607715,1.5590550769005376,0.9687205742410423,0.01491120591566731,0.9850008965374792,0.9558074057423329,0.0063233853108998605,0.9618236571310178,1.076276124421777,0.2707391132526314,1.372608695652174,0.7567368015134578,0.057115503408594843,0.8333790106951872,1520.5,688.8198240468984,2349.8999999999996,149.98519471906084,32.171880913309415,185.0670273047588,0.0,0.0,0.019334157307942707,recovered_archive2/149,recovered_archive2/149/CAPorg7.jpg,1
10,38,1024,768,0.2631578947368421,0.20833333333333334,0.7702200661587622,0.09374809419575152,0.8369657185053978,1.6567446835021429,0.9685256965309478,1.8673170997005228,0.9738628988660512,0.009897803808702152,0.9816420453100767,0.9581791888078415,0.009044249702683319,0.9712523587363145,1.3639023554995104,0.8707502465864367,1.6866903283052344,0.7710729249378165,0.039895540557688354,0.8072433430413979,1650.1,667.5466949959381,2350.7999999999997,160.95676759431467,36.15051451121167,201.71585130146568,0.0,0.0,0.020982106526692707,recovered_archive2/149,recovered_archive2/149/CAPorg8.jpg,1
4,49,1024,768,0.08163265306122448,0.07547169811320754,0.8339015155817835,0.04694472062606092,0.8759890991996603,1.309762074577563,0.19561953408389116,1.516215259298087,0.9697814754071685,0.01399901416293383,0.9832317631046508,0.9557125274974245,0.005069503072040317,0.9599194520534946,1.0942258721670488,0.09345500960313859,1.173529411764706,0.7291499554367202,0.0670772379305745,0.7936363636363637,1363.25,1170.3948318836683,2613.1500000000005,131.7609306503489,53.145684481536605,189.31971849821696,0.0,0.0,0.006933848063151042,recovered_archive2/149,recovered_archive2/149/CAPorg9.jpg,1
4,119,1024,768,0.03361344537815126,0.032520325203252036,0.8133946243181789,0.01701294324214493,0.8294671488341556,1.2337965145485492,0.08107225851219685,1.3107336505492675,0.9511714935368523,0.005801284742125173,0.9573781291172614,0.956684358317315,0.003923829498172772,0.9602107126754827,0.9353632478632478,0.11814495590106762,1.0583333333333333,0.7439761952457264,0.04338949477610862,0.7905582264957265,155.0,53.068352150787575,214.70000000000002,48.21320343559643,8.265210735304015,57.310259710444136,0.0,0.0,0.0007883707682291666,recovered_archive2/161,recovered_archive2/161/CAPorg1.jpg,1
12,84,1024,768,0.14285714285714285,0.125,0.6977328536668131,0.1348899556517172,0.860112255935059,1.651576312886023,0.3341202988617273,2.054788719727824,0.9137896847973318,0.06237503441340165,0.9797625547507269,0.9414987600626589,0.023448439390909927,0.9671092694567336,1.1728790848379262,0.37055088516002493,1.5333623693379792,0.6584411277706923,0.10524511346143865,0.7700736842105264,2357.2916666666665,3418.364328997699,7821.000000000002,175.8158428412277,138.6651716394443,400.0692926561674,0.0,0.0,0.03596941630045573,recovered_archive2/161,recovered_archive2/161/CAPorg2.jpg,1
8,56,1024,768,0.14285714285714285,0.125,0.8059528259252248,0.10884380934642054,0.8794430006623666,1.2493367501709496,0.17623961906152072,1.5038281849011486,0.949761909321587,0.060842512804869874,0.9791082883570478,0.9513124007582596,0.022579083510480685,0.9670628930510535,1.0996374239350912,0.16589977552857538,1.3094827586206896,0.7571636114934479,0.08016385335631358,0.8348958333333334,537.6875,205.87252389221345,786.9,91.21409626996348,22.809432297590842,122.84305909532989,0.0,0.125,0.0054696400960286455,recovered_archive2/161,recovered_archive2/161/CAPorg3.jpg,1
8,54,1024,768,0.14814814814814814,0.12903225806451613,0.7994339496826361,0.07436413726901142,0.8678446117561994,1.4009073173207653,0.273173844447617,1.6937866140388955,0.95799104524132,0.020874261055419573,0.9776698330454805,0.9549702014039471,0.009501771507756166,0.9623319621823619,1.2630104196851153,0.3419452970992846,1.6888235294117646,0.7502247892932921,0.03913821261199889,0.7915948275862069,813.625,464.0539940297896,1403.4499999999998,109.49747468305833,39.51586707648231,158.89474016201137,0.0,0.0,0.008276621500651041,recovered_archive2/161,recovered_archive2/161/CAPorg4.jpg,1
12,61,1024,768,0.19672131147540983,0.1643835616438356,0.7807987138365448,0.05843826961271485,0.8485680102425387,1.5194794549628163,0.29584336128078903,1.7596046059682917,0.954252424078189,0.015273210231203461,0.9706636215334422,0.9627830974960067,0.007749040613877719,0.9729792916281638,0.899948869844247,0.2905926831244833,1.3545454545454545,0.7368744111905454,0.07017995422586887,0.811525974025974,313.8333333333333,225.2010521487164,650.85,66.75567576825294,25.759755100516905,99.14772721475249,0.0,0.0,0.004788716634114583,recovered_archive2/161,recovered_archive2/161/CAPorg5.jpg,1
9,55,1024,768,0.16363636363636364,0.140625,0.7559893290991077,0.05582605142696689,0.8176459871493397,1.7888477386868498,0.4924809744849065,2.1703761666653087,0.9558506164005836,0.02046338076270464,0.9773739012846514,0.9670557577589771,0.010589585001281513,0.9792682001534772,0.8655381655381654,0.4875494439915381,1.6824242424242426,0.799447311947312,0.05598739470610637,0.8814285714285715,289.6666666666667,200.77350422802306,616.3,65.25595635902421,23.96427649133639,103.04062043356595,0.0,0.0,0.003314971923828125,recovered_archive2/161,recovered_archive2/161/CAPorg6.jpg,1
17,35,1024,768,0.4857142857142857,0.3269230769230769,0.7847674477341124,0.1005606753201793,0.8711619101017467,1.5486517681542962,0.3832466970320767,2.059375126597318,0.9564560138116202,0.022443710564187182,0.9759960119641077,0.9622321489697444,0.012580383599882776,0.9778998920650211,1.3015449703970938,0.41299437906445596,1.6907894736842106,0.7500906679394835,0.0836116390214658,0.8160533867200533,308.4117647058824,260.44939868111885,780.0,65.59857393866824,28.17815651779207,109.42051942088828,0.0,0.0,0.006666819254557292,recovered_archive2/161,recovered_archive2/161/CAPorg7.jpg,1
12,45,1024,768,0.26666666666666666,0.21052631578947367,0.81215712485894,0.07762607155374582,0.8812952973345978,1.458499416678175,0.24139899198341863,1.6911357662642974,0.9702596810127792,0.009862167615004493,0.97962548402113,0.9638316862614243,0.01304287770082872,0.9782821789081904,1.244474812663696,0.3012783899977834,1.5983333333333334,0.7633234674771291,0.08523354511079687,0.8508333333333333,558.3333333333334,364.7848871443126,1105.8500000000001,87.79324189232229,34.89202944860586,132.5844804515672,0.0,0.0,0.008519490559895834,recovered_archive2/161,recovered_archive2/161/CAPorg8.jpg,1
3,21,1024,768,0.14285714285714285,0.125,0.8600057543510037,0.022171787268618567,0.876918846836651,1.2533793830700137,0.17372161217247567,1.429461067905133,0.9842557187230422,0.0015998063398466192,0.9858771242146229,0.9554118178961882,0.0014556984804685012,0.9565863646361228,1.2388703909236651,0.2003154173416206,1.4374398816130225,0.7702399552429124,0.020618336949675915,0.7909397677793905,2933.6666666666665,255.06905383096208,3190.0,206.88056744928085,8.836574050436269,214.82926394116745,0.0,0.0,0.011191050211588541,recovered_archive2/161,recovered_archive2/161/CAPorg9.jpg,1
4,27,1024,768,0.14814814814814814,0.12903225806451613,0.8457040471135131,0.02855851138634152,0.8647905143646964,1.2041681932782042,0.06369983272196547,1.2758580229956535,0.9769568623250132,0.003370419763775408,0.9807429623003997,0.9528322531592014,0.0020742219972044425,0.9551665666989805,1.1359047599406038,0.17362698085961228,1.3245689655172415,0.747414276342592,0.02512183068826762,0.7697596901737102,1668.375,1347.9110864129725,3142.6000000000004,147.89265863399422,60.27992090987637,214.72875887777911,0.0,0.0,0.008485794067382812,recovered_archive2/174,recovered_archive2/174/CAPorg1.jpg,1
4,16,1024,768,0.25,0.2,0.8399833700707011,0.04838402320773187,0.8751209166503703,1.3309873375095842,0.11858648903828416,1.4628903541653693,0.9728773783252216,0.011936778281863287,0.984130619327788,0.9597810688998992,0.004725392405992377,0.9645602866697831,1.1049497446213548,0.11983489231577941,1.229861111111111,0.7404742160413509,0.05011017765100187,0.778126860635891,1489.5,1127.9657020494906,2692.15,134.76093065034894,60.00197926497798,196.4795164728616,0.0,0.0,0.00757598876953125,recovered_archive2/174,recovered_archive2/174/CAPorg2.jpg,1
4,44,1024,768,0.09090909090909091,0.08333333333333333,0.8109260473587705,0.12737313931466585,0.8940726429219273,1.5363013547690598,0.7103721909406979,2.3004026299960043,0.9804944372435347,0.003671215479499443,0.9844736658916564,0.9664155404515911,0.005330676791925449,0.9717883605792501,0.8492020822665984,0.27002531308023897,1.0796774193548389,0.7880987171057736,0.043185618675696404,0.8221317000651679,752.75,126.64640737107389,839.95,109.1335136523794,16.66774455344768,126.45067093990478,0.0,0.0,0.0038286844889322915,recovered_archive2/174,recovered_archive2/174/CAPorg3.jpg,1
7,20,1024,768,0.35,0.25925925925925924,0.7937424472146716,0.07879613558273416,0.863522944937032,1.5163931554096843,0.4280561838840401,1.963358126162683,0.9681381004574733,0.00826093105806416,0.9749286515953188,0.9588288199068701,0.005775568170116604,0.9645013989317137,1.3948164540596881,0.4654499652762487,1.9225000000000003,0.7637723944990461,0.06762259056596431,0.8245293209876543,1232.2857142857142,718.1048399951708,2079.6000000000004,135.4459904411711,46.496050279033305,196.31555544218267,0.0,0.0,0.010968526204427084,recovered_archive2/174,recovered_archive2/174/CAPorg4.jpg,1
2,17,1024,768,0.11764705882352941,0.10526315789473684,0.832799690667634,0.014500165823296274,0.8443998233262711,1.6200937839941587,0.13270828259591394,1.72626041007089,0.9734138794596657,0.004014972355840363,0.976625857344338,0.9668382806463607,0.006562814487109825,0.9720885322360485,1.513157894736842,0.013157894736842146,1.523684210526316,0.8174500907441016,0.012549909255898328,0.8274900181488203,470.75,27.25,492.55,84.23401871576772,1.7071067811865461,85.59970414071697,0.0,0.0,0.0011971791585286458,recovered_archive2/174,recovered_archive2/174/CAPorg5.jpg,1
12,32,1024,768,0.375,0.2727272727272727,0.8470741253895265,0.04785383313817594,0.8867543537146978,1.3502769983652751,0.3772659972435884,1.5721992100891617,0.9813472734523684,0.004625650263904698,0.9869368060978174,0.9603621435097831,0.004514922958445549,0.964284353062233,1.1060591413749215,0.263888045255207,1.432539184952978,0.7974906133084599,0.027108312018598226,0.8360345833038807,1558.6666666666667,813.145880037661,2454.7,145.46109900481176,40.89847646071273,191.35575746753804,0.0,0.0,0.023783365885416668,recovered_archive2/174,recovered_archive2/174/CAPorg6.jpg,1
6,34,1024,768,0.17647058823529413,0.15,0.8638627874399035,0.017443638675010167,0.8854011111530198,1.236550079421197,0.09892035817634601,1.3576636078501552,0.9813861261969733,0.006005525287531664,0.9855865582827401,0.9555474266081778,0.004392373809576601,0.9603343478432764,1.2017950023436441,0.07620615576835156,1.2792452830188679,0.7715156701119711,0.022288828130706373,0.7972828223270441,1997.9166666666667,1015.3262372536009,3312.75,164.6269238991645,44.48914732772878,219.53048327204942,0.0,0.0,0.015242894490559896,recovered_archive2/174,recovered_archive2/174/CAPorg7.jpg,1
8,37,1024,768,0.21621621621621623,0.17777777777777778,0.8616311669308918,0.016177212556491797,0.8790751013959746,1.1489212804216367,0.12577867464059986,1.2577582484264307,0.977818937511491,0.007217240084703305,0.9875239697159814,0.9565382347449806,0.007677254789179469,0.9677319603327899,1.1600255688512913,0.13459807386341022,1.286111111111111,0.7779466571297656,0.024760796659080205,0.8124592003263974,1109.0,390.7911846498076,1563.95,124.9827560572969,23.4723633132533,151.55504320004437,0.0,0.0,0.011281331380208334,recovered_archive2/174,recovered_archive2/174/CAPorg8.jpg,1
4,78,1024,768,0.05128205128205128,0.04878048780487805,0.785616517051568,0.06651172560589476,0.8460313679366456,1.4907049498638925,0.23259297604420406,1.7077680608974115,0.9660376596026435,0.01909678401481571,0.9798274051807212,0.9603534630044557,0.006968648524799118,0.9678908749008149,0.6998046445836079,0.13456628577347984,0.8538871951219512,0.7534719623550141,0.041480445776321345,0.7915275441547518,927.125,299.3205587242547,1266.5500000000002,121.2652416360247,24.24880428060367,148.83544725075504,0.0,0.0,0.0047156016031901045,recovered_archive2/184,recovered_archive2/184/CAPorg1.jpg,1
8,52,1024,768,0.15384615384615385,0.13333333333333333,0.7862124016902636,0.10346050890287711,0.8639623825874608,1.5264694502938294,0.4592129392482171,2.0512890656577523,0.963396171687332,0.030118318116975545,0.9807247612551171,0.9594122791730859,0.009153702797533376,0.9667093560401604,0.8413074578542572,0.24910909985089374,1.141304347826087,0.728353333123772,0.07746854031619273,0.8062058823529412,748.125,462.86240868642597,1482.2,107.24747468305833,40.649069391527775,161.62194795587556,0.0,0.0,0.007610321044921875,recovered_archive2/184,recovered_archive2/184/CAPorg2.jpg,1
7,33,1024,768,0.21212121212121213,0.175,0.7935595548571384,0.03550102135862905,0.8302354158084277,1.5758725748919584,0.1603678308729356,1.732785949884642,0.9704789338547962,0.0048870589888755644,0.9755538458503479,0.9592615213192458,0.005893696337721686,0.9675308970749347,0.7791797546508086,0.19983562873995964,1.0740869565217392,0.7323440517269237,0.02510533272730879,0.7633992891750605,607.3571428571429,273.43551267499384,916.2000000000002,96.02829307627805,19.8575692216292,120.59696961967,0.0,0.0,0.0054060618082682295,recovered_archive2/184,recovered_archive2/184/CAPorg3.jpg,1
18,62,1024,768,0.2903225806451613,0.225,0.7676099332885482,0.0800364949438871,0.8447378564886224,1.5441402149555117,0.3120174324049366,1.8847053114719852,0.9655415476922085,0.016779170606721433,0.9777130367367528,0.9553193136405866,0.006485489854485037,0.9639731846179332,1.1480428423999447,0.3533777990459269,1.7490469208211146,0.6985672284766785,0.07464305261535195,0.7867375886524823,1179.138888888889,561.2916108196729,1894.55,135.48478827543354,38.14860627722458,177.7280446102855,0.0,0.0,0.02698834737141927,recovered_archive2/184,recovered_archive2/184/CAPorg4.jpg,1
10,47,1024,768,0.2127659574468085,0.17543859649122806,0.7637538472987992,0.12345965256211758,0.8558106647522828,1.659791911755383,0.5837611784791287,2.313619769243023,0.9564782689761792,0.043010214359745336,0.9806556762832516,0.9560816087799259,0.016235346638613164,0.9667028494011778,1.151661915405099,0.557335705623035,1.6432135306553908,0.7209097973697112,0.10932704061424159,0.8191975365382848,1678.2,1534.3311115922795,2666.449999999999,158.55920625607862,85.36625969064555,251.5010460205265,0.0,0.0,0.02133941650390625,recovered_archive2/184,recovered_archive2/184/CAPorg5.jpg,1
12,40,1024,768,0.3,0.23076923076923078,0.76504977510103,0.08364197085989372,0.8459678746591202,1.536758849588466,0.3843214794618181,2.1661789609196394,0.9640515094316906,0.016886157244837472,0.975579201645023,0.9570705605946673,0.008815067670443497,0.9638224664747506,1.1318870056591872,0.2127545239214203,1.3596491228070176,0.6819748871103603,0.08779558699915412,0.758849650467164,906.375,604.8382746996643,1370.65,116.62920266670362,45.19273353002671,146.35260453828042,0.0,0.0,0.013830184936523438,recovered_archive2/184,recovered_archive2/184/CAPorg6.jpg,1
12,36,1024,768,0.3333333333333333,0.25,0.7543532516066095,0.08601855756400477,0.8587231317329281,1.5587318126062988,0.331457324885567,1.9666858305550035,0.9477575518826061,0.03903713988858762,0.9739244526157448,0.9568175438967722,0.009431179216028275,0.9671641065384348,1.0030837818205285,0.25907460663093346,1.2914146341463415,0.6904957876281523,0.08755436968302933,0.8038288770053477,657.9166666666666,332.10934653447435,940.0500000000001,102.81896338108076,31.301961698832464,138.26143571373728,0.0,0.0,0.010039011637369791,recovered_archive2/184,recovered_archive2/184/CAPorg7.jpg,1
1,120,1024,768,0.008333333333333333,0.008264462809917356,0.8735173442828945,0.0,0.8735173442828945,1.1221745001570598,0.0,1.1221745001570598,0.9718417047184172,0.0,0.9718417047184172,0.9628394155598938,0.0,0.9628394155598938,0.9655172413793104,0.0,0.9655172413793104,0.7863300492610837,0.0,0.7863300492610837,638.5,0.0,638.5,95.84062043356593,0.0,95.84062043356593,0.0,0.0,0.0008118947347005209,recovered_archive2/186,recovered_archive2/186/CAPorg1.jpg,1
3,55,1024,768,0.05454545454545454,0.05172413793103448,0.8134376607925993,0.0477171363659336,0.8511021947388451,1.420439735646078,0.09160659387454469,1.5132562512540744,0.9630035263976003,0.010310328739139679,0.9729055399506805,0.9557407527741373,0.010855610133527201,0.9636144906557929,1.007168458781362,0.23080043955266139,1.2376344086021505,0.7821390885878032,0.057138045620026244,0.8327966742252457,1004.5,932.3535631222023,1946.6000000000001,113.05957185006342,60.61197972992999,174.73910524340099,0.0,0.0,0.0038318634033203125,recovered_archive2/186,recovered_archive2/186/CAPorg2.jpg,1
3,56,1024,768,0.05357142857142857,0.05084745762711865,0.8860209975546277,0.012020561432994797,0.8980362666808092,1.2269337943727718,0.07568236509673441,1.3041092407347323,0.9788699121838422,0.006909744601283953,0.9859058214148082,0.972197245107501,0.00689801971188696,0.9790703664794222,1.0564814814814814,0.07987687713403595,1.12,0.8227675034660328,0.0369352189076765,0.8604292929292929,282.6666666666667,52.048588410787424,335.1,63.06531983096445,5.692080070359425,68.73279938488575,0.0,0.0,0.0010782877604166667,recovered_archive2/186,recovered_archive2/186/CAPorg3.jpg,1
1,54,1024,768,0.018518518518518517,0.01818181818181818,0.8730456790375338,0.0,0.8730456790375338,1.0538185495834038,0.0,1.0538185495834038,0.9754335260115604,0.0,0.9754335260115604,0.9633717465480206,0.0,0.9633717465480206,0.9523809523809523,0.0,0.9523809523809523,0.8035714285714286,0.0,0.8035714285714286,337.5,0.0,337.5,69.698484809835,0.0,69.698484809835,0.0,0.0,0.0004291534423828125,recovered_archive2/186,recovered_archive2/186/CAPorg4.jpg,1
3,71,1024,768,0.04225352112676056,0.04054054054054054,0.7586709527494299,0.06787173825910488,0.8187778807933156,1.7614104321231643,0.5314461953950915,2.2968550066003357,0.9713008508264555,0.0021888651737996642,0.9730568966484208,0.9638789201697239,0.007930353515533898,0.9713698917372113,0.7023809523809524,0.16060401860990528,0.8571428571428572,0.7704578189300412,0.05643622007479142,0.8270630511463845,1454.3333333333333,1406.7571653353048,2856.1000000000004,141.32183737153127,80.2633282399809,221.3837661840736,0.0,0.0,0.005547841389973958,recovered_archive2/186,recovered_archive2/186/CAPorg5.jpg,1
0,44,1024,768,0.0,0.0,,,,,,,,,,,,,,,,,,,,,,,,,,,0.0,recovered_archive2/186,recovered_archive2/186/CAPorg6.jpg,1
0,61,1024,768,0.0,0.0,,,,,,,,,,,,,,,,,,,,,,,,,,,0.0,recovered_archive2/186,recovered_archive2/186/CAPorg7.jpg,1
0,23,1024,768,0.0,0.0,,,,,,,,,,,,,,,,,,,,,,,,,,,0.0,recovered_archive2/186,recovered_archive2/186/CAPorg8.jpg,1
1,90,1024,768,0.011111111111111112,0.01098901098901099,0.8848983863498688,0.0,0.8848983863498688,1.0836824864633863,0.0,1.0836824864633863,0.9797979797979798,0.0,0.9797979797979798,0.9729715990650661,0.0,0.9729715990650661,0.9,0.0,0.9,0.8083333333333333,0.0,0.8083333333333333,291.0,0.0,291.0,64.2842712474619,0.0,64.2842712474619,0.0,0.0,0.000370025634765625,recovered_archive2/186,recovered_archive2/186/CAPorg9.jpg,1
2,2,1024,768,1.0,0.5,0.7531821783225188,0.00410800284348295,0.756468580597305,1.6116627446618739,0.009494372315155708,1.6192582425139985,0.9658771317305279,0.004662966469145657,0.9696075049058445,0.9604710627687338,0.00474601275929748,0.9642678729761719,1.3125,0.3125,1.5625,0.6794994440083726,0.03324094060701199,0.7060921964939821,290.75,5.75,295.35,69.64823227814082,0.8786796564403616,70.35117600329312,0.0,0.0,0.0007394154866536459,recovered_archive2/188,recovered_archive2/188/CAPorg1.jpg,1
7,8,1024,768,0.875,0.4666666666666667,0.7659316918031935,0.07441845052943664,0.8564769039000906,1.5938908555391553,0.3268697875708846,2.0409216608565743,0.9589548397921257,0.020967479656538397,0.9745207473914103,0.9568872263760919,0.00689494624958804,0.9654079908198245,0.855840224549789,0.2324081300245706,1.0931174089068825,0.7148640894528869,0.05094561396943647,0.7716917293233083,547.4285714285714,305.254276742174,886.7000000000002,92.18971340697965,26.880915865862416,124.7543289325507,0.0,0.0,0.004872639973958333,recovered_archive2/188,recovered_archive2/188/CAPorg2.jpg,1
1,3,1024,768,0.3333333333333333,0.25,0.3939242455820808,0.0,0.3939242455820808,3.3929791941141922,0.0,3.3929791941141922,0.9110070257611227,0.0,0.9110070257611227,0.9400414994759984,0.0,0.9400414994759984,0.5454545454545454,0.0,0.5454545454545454,0.3683712121212121,0.0,0.3683712121212121,389.0,0.0,389.0,111.39696961967002,0.0,111.39696961967002,0.0,0.0,0.0004946390787760416,recovered_archive2/188,recovered_archive2/188/CAPorg3.jpg,1
2,1,1024,768,2.0,0.6666666666666666,0.8577002239019575,0.0019253996875647217,0.8592405436520094,1.315933245278722,0.03379234263308095,1.3429671193851869,0.9739260319762593,0.0012342244339970665,0.9749134115234569,0.962921865836053,0.0027117667937853196,0.9650912792710813,1.0,0.19999999999999996,1.16,0.8121527777777777,0.032986111111111105,0.8385416666666666,491.25,117.25,585.05,84.23401871576773,10.292893218813447,92.46833329081849,0.0,0.0,0.0012493133544921875,recovered_archive2/188,recovered_archive2/188/CAPorg4.jpg,1
2,1,1024,768,2.0,0.6666666666666666,0.6428832655037755,0.1520881588584613,0.7645537925905446,2.3857962384896525,1.2860408947436763,3.4146289542845936,0.9404487917146152,0.03135788262370509,0.9655350978135793,0.9497701278795931,0.00012832502721843442,0.949872787901368,2.0689102564102564,1.110576923076923,2.957371794871795,0.7557151751357571,0.009230477038155882,0.7630995567662819,2649.5,960.5,3417.9,233.71067811865478,70.31370849898477,289.9616449178426,0.0,0.0,0.006738026936848958,recovered_archive2/188,recovered_archive2/188/CAPorg5.jpg,1
10,12,1024,768,0.8333333333333334,0.45454545454545453,0.8249100056009686,0.030700436870355598,0.8466410856391846,1.394628995712083,0.25708676349955845,1.5775300047439567,0.9716943451222209,0.008070759335831304,0.9795433025404149,0.9657914921128714,0.008927529354014925,0.9807123531759904,1.1461917968179827,0.33875742143117893,1.3999999999999997,0.7734851715550144,0.06202324916858519,0.8898095776772247,466.9,318.5766626732096,905.65,78.35533905932738,30.644904277670513,117.70752518939715,0.0,0.0,0.005936940511067708,recovered_archive2/188,recovered_archive2/188/CAPorg6.jpg,1
5,37,1024,768,0.13513513513513514,0.11904761904761904,0.7585497291965501,0.14914350663191522,0.8681232579359875,2.7166686797653448,2.9000033101133544,5.672148254459728,0.970370524419575,0.010003618481492482,0.9819294286147219,0.9613853735642677,0.0025230901136299748,0.9642911071215194,1.3160496694586181,0.5546761777933384,1.9237315875613747,0.7248573634485208,0.06246368531597715,0.78072224857685,6289.9,11696.189889874395,18121.5,240.42783540618015,326.8292818312915,577.8296823493781,0.0,0.0,0.03999010721842448,recovered_archive2/188,recovered_archive2/188/CAPorg7.jpg,1
1,37,1024,768,0.02702702702702703,0.02631578947368421,0.8557687130454578,0.0,0.8557687130454578,1.2594869713314638,0.0,1.2594869713314638,0.9722772277227704,0.0,0.9722772277227704,0.9624216134844574,0.0,0.9624216134844574,1.1875,0.0,1.1875,0.8075657894736842,0.0,0.8075657894736842,245.5,0.0,245.5,60.04163056034261,0.0,60.04163056034261,0.0,0.0,0.0003121693929036458,recovered_archive2/198,recovered_archive2/198/CAPorg1.jpg,1
7,43,1024,768,0.16279069767441862,0.14,0.8075476355436889,0.08599196486056496,0.8929939100797668,1.3638368292532985,0.31809836861100643,1.8554572683288748,0.9663304804783942,0.02016722387865155,0.98437939342626,0.9618861309391066,0.012974104573437005,0.9772431712264834,1.0924044562263355,0.34079850465627615,1.4277915632754343,0.766109983902419,0.08252091377279432,0.846376811594203,527.0,426.2988555998178,1145.4,84.01045140755981,38.6764720076961,136.96854249492384,0.0,0.0,0.004690806070963542,recovered_archive2/198,recovered_archive2/198/CAPorg2.jpg,1
9,52,1024,768,0.17307692307692307,0.14754098360655737,0.8171486598322029,0.09028813391954,0.8661479013451919,1.377980932523446,0.365927768274119,1.9063366347236557,0.9622355088296638,0.01604825116658067,0.9713175713175703,0.9633557129711127,0.007511939543568571,0.9712457915240813,1.2585857449892537,0.2840015932258317,1.6871794871794872,0.766029936895133,0.07734808367023717,0.8268770545693622,346.77777777777777,298.40437805016563,756.0,68.79842869168073,31.071929553744013,123.53422791987306,0.0,0.0,0.003968556722005208,recovered_archive2/198,recovered_archive2/198/CAPorg3.jpg,1
3,28,1024,768,0.10714285714285714,0.0967741935483871,0.6832645294460399,0.07907082201071906,0.7612552499601514,1.8608417486327238,0.30605706805792204,2.126938528925852,0.9548316132854545,0.014678994296901537,0.9659694737772261,0.9499490348499814,0.006952406664370715,0.9564850128085958,1.5420979986197378,0.3998239397141391,1.8966873706004141,0.6585305715846542,0.06901301280618113,0.7191498257839721,1154.3333333333333,603.7121738783217,1766.9,143.44434816091368,44.896172941318625,188.5983981546573,0.0,0.0,0.004403432210286458,recovered_archive2/198,recovered_archive2/198/CAPorg4.jpg,1
3,37,1024,768,0.08108108108108109,0.075,0.8345819881567484,0.03714018220492673,0.862755755277825,1.328386719469495,0.0930666908856128,1.4118928635878978,0.9751524320864334,0.005837232757648529,0.9806962644164137,0.9612473754355045,0.005441859645469312,0.9664873547494008,1.0980158730158731,0.22130550713444128,1.3171428571428572,0.7492827649932914,0.024116861617607045,0.7719846965899598,722.6666666666666,220.71260851060492,945.7,103.02607016226729,13.82003480838669,116.7543289325507,0.0,0.0,0.0027567545572916665,recovered_archive2/198,recovered_archive2/198/CAPorg5.jpg,1
10,39,1024,768,0.2564102564102564,0.20408163265306123,0.7980580914822238,0.09030803106215365,0.8620107966301596,1.5181168392636815,0.3374342957810509,2.1285782295347695,0.9641076249686881,0.029207328309683384,0.9830523637462091,0.9623075954014828,0.009686407254694574,0.9776686579445061,1.435368265413104,0.4031753688626555,2.106666666666667,0.7782383905867739,0.05979185713758739,0.8563392857142856,706.25,436.5832251701845,1229.95,100.36782822743017,38.4831190177132,144.6035713374682,0.0,0.0,0.008980433146158854,recovered_archive2/198,recovered_archive2/198/CAPorg6.jpg,1
11,23,1024,768,0.4782608695652174,0.3235294117647059,0.8044571381450679,0.0651345511642477,0.8624193351242355,1.4653280081379902,0.29570775241937886,1.8063554148045942,0.9676155676372639,0.019610108390950388,0.9789408485599259,0.9629080116834356,0.009952570154836297,0.9724970548810987,1.1909636315745256,0.3239889873294454,1.6153846153846154,0.7641104778485633,0.07204280123724058,0.8311491935483871,1195.1818181818182,1571.551047282549,2025.0,117.45714279088598,69.8427073858991,171.19595949289334,0.0,0.0,0.016717274983723957,recovered_archive2/198,recovered_archive2/198/CAPorg7.jpg,1
11,18,1024,768,0.6111111111111112,0.3793103448275862,0.7916250828426179,0.06597194308685261,0.8703993358896102,1.400720224056654,0.22644554977431824,1.6696270630951864,0.9604489042967338,0.030997415759208575,0.9814016172506739,0.9535419398547763,0.013235921917870846,0.9643856561622894,1.1753215251149405,0.29090025098837324,1.55,0.7549178574114657,0.0782392794134247,0.8298076923076924,2241.0,1867.1003649314819,5094.0,172.492312641059,86.78419744922478,290.2497833620557,0.0,0.0,0.031345367431640625,recovered_archive2/198,recovered_archive2/198/CAPorg8.jpg,1
13,28,1024,768,0.4642857142857143,0.3170731707317073,0.8126829720648767,0.04837162336795432,0.8593493143950217,1.4785903217725933,0.3031305448120143,1.871463900336974,0.9724859436150098,0.010326417582870942,0.9824695029248746,0.9619518436020116,0.00793408416343588,0.9733810343799207,1.3378542299696148,0.31851670205881294,1.8051282051282052,0.7788628451373856,0.05223926334956828,0.8443654410106024,748.1923076923077,407.3717607779041,1215.4,102.43413802991503,33.819747155057435,141.99108216936546,0.0,0.0,0.012367884318033854,recovered_archive2/198,recovered_archive2/198/CAPorg9.jpg,1
0,15,1024,768,0.0,0.0,,,,,,,,,,,,,,,,,,,,,,,,,,,0.0,recovered_archive3/210,recovered_archive3/210/CAPorg1.jpg,1
1,16,1024,768,0.0625,0.058823529411764705,0.8081484338912804,0.0,0.8081484338912804,1.1945458891531546,0.0,1.1945458891531546,0.9681133746678482,0.0,0.9681133746678482,0.9579705903932781,0.0,0.9579705903932781,1.25,0.0,1.25,0.7590277777777777,0.0,0.7590277777777777,546.5,0.0,546.5,92.18376618407356,0.0,92.18376618407356,0.0,0.0,0.0006949106852213541,recovered_archive3/210,recovered_archive3/210/CAPorg10.jpg,1
2,17,1024,768,0.11764705882352941,0.10526315789473684,0.8307604041929284,0.01181233869451992,0.8402102751485443,1.8206053150873185,0.35370855827263614,2.1035721617054275,0.979549580213296,0.011600862264578238,0.9888302700249586,0.9852441983800955,0.008678590854181156,0.9921870710634405,1.6666666666666665,0.16666666666666663,1.8,0.8174715909090909,0.03101325757575757,0.842282196969697,65.75,9.75,73.55,31.4350288425444,2.121320343559642,33.132085117392116,0.0,0.0,0.00016721089680989584,recovered_archive3/210,recovered_archive3/210/CAPorg11.jpg,1
0,32,1024,768,0.0,0.0,,,,,,,,,,,,,,,,,,,,,,,,,,,0.0,recovered_archive3/210,recovered_archive3/210/CAPorg12.jpg,1
0,26,1024,768,0.0,0.0,,,,,,,,,,,,,,,,,,,,,,,,,,,0.0,recovered_archive3/210,recovered_archive3/210/CAPorg13.jpg,1
1,15,1024,768,0.06666666666666667,0.0625,0.5724515635982227,0.0,0.5724515635982227,2.629924398112589,0.0,2.629924398112589,0.9680196801968018,0.0,0.9680196801968018,0.9540988728021624,0.0,0.9540988728021624,2.689655172413793,0.0,2.689655172413793,0.695844385499558,0.0,0.695844385499558,1574.0,0.0,1574.0,185.88225099390857,0.0,185.88225099390857,0.0,0.0,0.0020014444986979165,recovered_archive3/210,recovered_archive3/210/CAPorg14.jpg,1
0,18,1024,768,0.0,0.0,,,,,,,,,,,,,,,,,,,,,,,,,,,0.0,recovered_archive3/210,recovered_archive3/210/CAPorg15.jpg,1
0,9,1024,768,0.0,0.0,,,,,,,,,,,,,,,,,,,,,,,,,,,0.0,recovered_archive3/210,recovered_archive3/210/CAPorg16.jpg,1
0,26,1024,768,0.0,0.0,,,,,,,,,,,,,,,,,,,,,,,,,,,0.0,recovered_archive3/210,recovered_archive3/210/CAPorg2.jpg,1
0,24,1024,768,0.0,0.0,,,,,,,,,,,,,,,,,,,,,,,,,,,0.0,recovered_archive3/210,recovered_archive3/210/CAPorg3.jpg,1
1,7,1024,768,0.14285714285714285,0.125,0.7763067372798312,0.0,0.7763067372798312,1.5034067034609446,0.0,1.5034067034609446,0.980866629150253,0.0,0.980866629150253,0.9548182680168262,0.0,0.9548182680168262,1.0,0.0,1.0,0.6587301587301587,0.0,0.6587301587301587,2614.5,0.0,2614.5,205.72287142747456,0.0,205.72287142747456,0.0,0.0,0.0033245086669921875,recovered_archive3/210,recovered_archive3/210/CAPorg4.jpg,1
0,26,1024,768,0.0,0.0,,,,,,,,,,,,,,,,,,,,,,,,,,,0.0,recovered_archive3/210,recovered_archive3/210/CAPorg5.jpg,1
0,11,1024,768,0.0,0.0,,,,,,,,,,,,,,,,,,,,,,,,,,,0.0,recovered_archive3/210,recovered_archive3/210/CAPorg6.jpg,1
0,17,1024,768,0.0,0.0,,,,,,,,,,,,,,,,,,,,,,,,,,,0.0,recovered_archive3/210,recovered_archive3/210/CAPorg7.jpg,1
1,14,1024,768,0.07142857142857142,0.06666666666666667,0.801127959062621,0.0,0.801127959062621,1.4026627414552548,0.0,1.4026627414552548,0.974624060150376,0.0,0.974624060150376,0.9668953302586042,0.0,0.9668953302586042,1.5238095238095237,0.0,1.5238095238095237,0.7715773809523809,0.0,0.7715773809523809,518.5,0.0,518.5,90.18376618407356,0.0,90.18376618407356,0.0,0.0,0.0006593068440755209,recovered_archive3/210,recovered_archive3/210/CAPorg8.jpg,1
2,23,1024,768,0.08695652173913043,0.08,0.8045542200526119,0.030656960346302553,0.829079788329654,1.6470669610030644,0.30056660312914585,1.8875202435063811,0.9760968503937011,0.0007031496062987475,0.97665937007874,0.9639503754168495,0.0025799207451354667,0.9660143120129578,0.9602272727272727,0.4147727272727273,1.2920454545454545,0.8025042087542087,0.03167087542087538,0.827840909090909,553.0,57.5,599.0,92.76955262170047,3.0710678118654755,95.22640687119285,0.0,0.0,0.0014063517252604167,recovered_archive3/210,recovered_archive3/210/CAPorg9.jpg,1
14,47,1024,768,0.2978723404255319,0.22950819672131148,0.8409236292919765,0.0344581894796734,0.8791713644988287,1.2973961323291625,0.15551713776330092,1.4401852821147199,0.9781343716886308,0.006581423772723569,0.9860354156419088,0.9603471150339346,0.006152461209023853,0.9675886438534098,1.1027730796636075,0.18014127968005667,1.303896103896104,0.765454588519456,0.051378714979283334,0.8100347912002439,1540.7142857142858,1822.4141045238173,4722.100000000004,133.82133572659532,72.0285866316146,260.7478497636802,0.0,0.0,0.02742767333984375,recovered_archive3/212,recovered_archive3/212/CAPorg1.jpg,1
1,32,1024,768,0.03125,0.030303030303030304,0.4482039937956619,0.0,0.4482039937956619,2.024305093011818,0.0,2.024305093011818,0.8266861100984324,0.0,0.8266861100984324,0.9281029095487122,0.0,0.9281029095487122,1.5108695652173914,0.0,1.5108695652173914,0.44330622458554897,0.0,0.44330622458554897,5669.0,0.0,5669.0,398.6761902332485,0.0,398.6761902332485,0.0,0.0,0.007208506266276042,recovered_archive3/212,recovered_archive3/212/CAPorg2.jpg,1
25,63,1024,768,0.3968253968253968,0.2840909090909091,0.7764819457034562,0.08818241831078567,0.8633300010073874,1.6419414717786354,0.46238565644231333,2.3106646542257523,0.9648582092449192,0.030859078063594347,0.9851257333400188,0.9645044406767118,0.015635576056389638,0.9779004745809682,1.2239426650987997,0.4531041940402053,1.8403508771929828,0.7616494499076638,0.060172093079047785,0.8316923076923077,746.1,1040.4376002432823,1208.3,96.777878733769,56.8232915517102,156.03961030678934,0.0,0.0,0.023717880249023438,recovered_archive3/212,recovered_archive3/212/CAPorg3.jpg,1
2,82,1024,768,0.024390243902439025,0.023809523809523808,0.7201813832069432,0.14257116410240067,0.8342383144888638,1.5793134317050241,0.38478811891664,1.887143926838336,0.9161495759642565,0.05998519240261313,0.964137729886347,0.9513446397206502,0.007174986768034741,0.957084629135078,0.8510204081632653,0.17755102040816323,0.9930612244897958,0.6651257472686044,0.16265203050917332,0.7952473716759431,927.75,115.25,1019.95,128.1040764008565,4.84924240491749,131.98347032479052,0.0,0.0,0.0023593902587890625,recovered_archive3/212,recovered_archive3/212/CAPorg4.jpg,1
6,27,1024,768,0.2222222222222222,0.18181818181818182,0.747845492583857,0.0787951362573564,0.8251566970609777,1.6621521165132667,0.4864302758856378,2.2045626834619005,0.9587231259967472,0.01432603364845332,0.9745934423873732,0.9601858077246086,0.009789645713182306,0.9707005989711468,0.9124990212199514,0.41227022589020057,1.4292929292929295,0.7238930377069539,0.05247358438194122,0.7914553395322625,912.5833333333334,451.92905201541924,1326.5,118.48072383916029,44.51126811838069,158.32590180780454,0.0,0.0,0.0069624582926432295,recovered_archive3/212,recovered_archive3/212/CAPorg5.jpg,1
1,20,1024,768,0.05,0.047619047619047616,0.6620436677506892,0.0,0.6620436677506892,1.930129078850085,0.0,1.930129078850085,0.9259896729776249,0.0,0.9259896729776249,0.9645512510774189,0.0,0.9645512510774189,1.9285714285714286,0.0,1.9285714285714286,0.7116402116402116,0.0,0.7116402116402116,269.0,0.0,269.0,71.4558441227157,0.0,71.4558441227157,0.0,0.0,0.0003420511881510417,recovered_archive3/212,recovered_archive3/212/CAPorg6.jpg,1
4,37,1024,768,0.10810810810810811,0.0975609756097561,0.8049926377724486,0.04736718699091775,0.857551623575286,1.3629674762149535,0.23943711828924516,1.6319435318276214,0.9586034958824088,0.013863728151137867,0.9722493614862505,0.9575298297409588,0.0075313558563485095,0.965747676277732,1.0910200281803544,0.31848811333712196,1.4505434782608697,0.7539478624736776,0.04293050936983569,0.8013586956521739,459.625,108.42069394262333,569.0,84.12310601229375,10.248084322357075,95.25483399593904,0.0,0.0,0.002337773640950521,recovered_archive3/212,recovered_archive3/212/CAPorg7.jpg,1
5,20,1024,768,0.25,0.2,0.7906909326627154,0.049477420677502826,0.8344872654556702,1.2487042924782783,0.13137192985978627,1.3835276472455278,0.9587827442258707,0.020814356434238294,0.9757279932055559,0.9538200772327844,0.0027763370240918095,0.9569465471667086,1.0435382374856057,0.14274791785250504,1.1821428571428572,0.6973352463170974,0.047136932175381736,0.7511308677098151,887.4,242.95254680698451,1098.6,117.06559876977153,15.558550398472773,130.0479364188578,0.0,0.0,0.005641937255859375,recovered_archive3/212,recovered_archive3/212/CAPorg8.jpg,1
7,76,1024,768,0.09210526315789473,0.08433734939759036,0.755967494670397,0.18854922881270395,0.8724054144396992,2.6883769838074203,3.4694902697070926,5.474529311267853,0.9682084165328239,0.012640274789293948,0.9796074890734884,0.9630227604936884,0.009901387668861866,0.9740199593984025,1.6036000969444788,1.2903027226174457,2.745415084102009,0.7475847663563255,0.07458392926548979,0.8183895297249335,4395.5,9445.448091163127,11588.30000000001,224.03177687879798,336.31061745008253,489.87190462828704,0.0,0.0,0.0391241709391276,recovered_archive3/229,recovered_archive3/229/CAPorg1.jpg,1
17,65,1024,768,0.26153846153846155,0.2073170731707317,0.7195258080919058,0.11618433519556903,0.8215750102154967,1.7464755619854722,0.646165069845439,2.1233423995302223,0.9454389016576839,0.027481362500296817,0.9723406190930259,0.9552811987172566,0.00789518057419218,0.9642432650839525,1.28331822114977,0.6738196490351177,1.625,0.7062301997230627,0.09357833617062469,0.8318985155790711,1010.3235294117648,952.6394747532412,1693.9,127.74459292580993,70.60148073274293,169.73178925810913,0.0,0.0,0.02183977762858073,recovered_archive3/229,recovered_archive3/229/CAPorg10.jpg,1
0,84,1024,768,0.0,0.0,,,,,,,,,,,,,,,,,,,,,,,,,,,0.0,recovered_archive3/229,recovered_archive3/229/CAPorg11.jpg,1
5,44,1024,768,0.11363636363636363,0.10204081632653061,0.8470048191982972,0.04479502902902006,0.8783741116322782,1.2831758708372574,0.10123181488737178,1.3892151695737356,0.9726394802070129,0.011018378410618928,0.980698287220027,0.9638470442860164,0.01733482193522935,0.9783032748947555,1.2709731668635778,0.09705510635324177,1.3871794871794871,0.8138375893512879,0.04528247298891114,0.8596428571428572,1246.7,1921.1494111598922,3221.0000000000005,108.43473298326137,91.68995964013376,205.435151391472,0.0,0.0,0.007926305135091146,recovered_archive3/229,recovered_archive3/229/CAPorg12.jpg,1
2,67,1024,768,0.029850746268656716,0.028985507246376812,0.7547202052725784,0.020561983615661972,0.7711697921651081,1.7215724502133045,0.36937290946866475,2.0170707777882364,0.971167741735409,0.01615109884430066,0.9840886208108495,0.9589133607583136,0.01577768666793583,0.9715355100926621,0.9019081693500297,0.2391174716756112,1.0932021466905186,0.7507661840174595,0.027487589952348623,0.7727562559793385,4418.0,603.0,4900.4,270.40916292848976,14.870057685088796,282.3052090765608,0.0,0.0,0.011235555013020834,recovered_archive3/229,recovered_archive3/229/CAPorg13.jpg,1
3,48,1024,768,0.0625,0.058823529411764705,0.7768088685764475,0.04778882789025011,0.8226336078380864,1.3998502470973655,0.08573100763913678,1.468274429364615,0.963541803903762,0.020651372631647905,0.9819134893597077,0.9516931143831361,0.01150635481661339,0.9618936679341052,1.2537942077415762,0.11573911280819443,1.3718253968253968,0.7380389684222689,0.02400983197202164,0.7623965993924599,3806.0,691.7432086162224,4407.0,247.87075503210653,28.426326742576,268.46256838944157,0.0,0.0,0.01451873779296875,recovered_archive3/229,recovered_archive3/229/CAPorg14.jpg,1
7,111,1024,768,0.06306306306306306,0.059322033898305086,0.7894853049693337,0.0808891600955676,0.8614542675079097,1.4029803840549604,0.3152421207188639,1.871269192958283,0.9532324435378078,0.02726189466622168,0.97907104145068,0.9547127674887711,0.007942686176858066,0.9643552023732048,1.277639770899826,0.29936473450949785,1.660483870967742,0.7470367387488,0.06629779585483711,0.8054619065145381,975.6428571428571,1105.765788759915,2242.4000000000005,108.4036383617023,60.69547773356938,186.19007204258884,0.0,0.0,0.008684158325195312,recovered_archive3/229,recovered_archive3/229/CAPorg2.jpg,1
10,97,1024,768,0.10309278350515463,0.09345794392523364,0.7967598007287893,0.10457968098361344,0.8877751100186556,1.5260711444633264,0.45230883515496767,2.1805769972731617,0.9594528124916261,0.028243265019386777,0.9818861475603052,0.9651080454675327,0.012452215131675593,0.9787984921552204,1.339547772013192,0.4998273529901026,1.9932126696832577,0.7732934272181782,0.04577742530611019,0.8364772727272727,568.6,648.2411511158483,1342.8999999999996,84.87249634685276,45.94988447540822,157.04549775709387,0.0,0.0,0.007230122884114583,recovered_archive3/229,recovered_archive3/229/CAPorg3.jpg,1
14,120,1024,768,0.11666666666666667,0.1044776119402985,0.7791381786581967,0.14105689010474523,0.8625884451750783,1.7415824165420462,1.1426658169564667,1.9893014967721676,0.9649771731146338,0.023313993413028818,0.9821441378282219,0.9604872990173389,0.008076998357815338,0.9714302919129236,1.3568975069398121,1.03478891686152,1.7434782608695656,0.7319352365505731,0.07674121799379093,0.8295454545454546,752.7857142857143,795.6355885679816,970.0500000000004,111.44250663865114,80.69840823614616,123.8839753881789,0.07142857142857142,0.0,0.013401031494140625,recovered_archive3/229,recovered_archive3/229/CAPorg4.jpg,1
14,120,1024,768,0.11666666666666667,0.1044776119402985,0.7598544237243395,0.15543358212257127,0.8527263075904631,1.8217337957077184,1.293658875531634,2.398961629928484,0.9581022878807515,0.028945687489808844,0.977484066339208,0.9591406327709028,0.008469045885405558,0.9670311681489485,1.4606892642114317,1.1012686137792582,2.4101190476190486,0.7382665763470904,0.07676663875533815,0.8233630952380953,795.6071428571429,890.016275504704,1065.55,116.09464537543053,89.01504098333976,149.82712113868655,0.07142857142857142,0.0,0.014163335164388021,recovered_archive3/229,recovered_archive3/229/CAPorg5.jpg,1
10,91,1024,768,0.10989010989010989,0.09900990099009901,0.7055454493628963,0.158235963570699,0.8554453422951842,2.543727346992796,3.1575879835048433,3.272312181057938,0.9552880196969996,0.020711585284772165,0.9774737819258367,0.9595209084939675,0.010732543612476966,0.973094309401827,1.4740699862050874,1.2213161008039968,2.1803621958121098,0.7032176837187711,0.07661111266676154,0.7859126427569626,2192.2,3182.635481798064,4745.149999999998,186.36265504461923,169.12474456450707,339.37800128269646,0.0,0.0,0.027875264485677082,recovered_archive3/229,recovered_archive3/229/CAPorg6.jpg,1
6,80,1024,768,0.075,0.06976744186046512,0.7370444177071981,0.17095241383276827,0.8705687223225078,1.5228603792716182,0.5263011912758269,2.2389471567790364,0.9482219663144192,0.04643460323508143,0.9787782709786517,0.9394407205016845,0.04638743738480781,0.9764604328144084,1.1408021611661552,0.3057664117555286,1.5495994659546062,0.7497404179889084,0.15040044676329917,0.8723023154215814,3173.5833333333335,3010.37794438764,7385.5,225.31727983645297,150.682987948037,424.0071426749364,0.0,0.0,0.02421251932779948,recovered_archive3/229,recovered_archive3/229/CAPorg7.jpg,1
5,64,1024,768,0.078125,0.07246376811594203,0.8246475498126605,0.06988256857738957,0.8863349580572426,1.5655130825178842,0.6633657530236897,2.2924437345808935,0.9769024787070562,0.00849622022044074,0.9872271944324483,0.9671186471875111,0.008409271152996004,0.9763165906853444,1.0586936339258322,0.26366570983510446,1.2655462184873951,0.7900480826186936,0.03414500500613628,0.8227767482246496,1446.5,2102.8866588572955,3677.9000000000005,123.57787873376898,98.74018962440086,233.87392488184008,0.0,0.0,0.009196599324544271,recovered_archive3/229,recovered_archive3/229/CAPorg8.jpg,1
8,100,1024,768,0.08,0.07407407407407407,0.7489285321651868,0.20185229880249222,0.8960928004086985,3.919151498222209,6.544052814140102,7.752946416640877,0.9611751914102453,0.020298841811064065,0.9859244064245813,0.9696933911922655,0.015431300209779631,0.9875148233382179,1.6183242373319693,1.5089130891516114,2.879639175257731,0.755608191091428,0.09901803862091167,0.8350160256410256,3668.6875,9177.320166235553,8843.049999999996,196.79988270759034,384.71461783263226,436.37169542418115,0.125,0.0,0.03731981913248698,recovered_archive3/229,recovered_archive3/229/CAPorg9.jpg,1
5,120,1024,768,0.041666666666666664,0.04,0.8390413525264977,0.05868875343385182,0.8764333179258537,1.3832051196276804,0.5091643211677056,1.9034491129069875,0.9760964222437746,0.008711593124276757,0.986065014122568,0.9667027038058725,0.005898164936649547,0.9737271546725622,1.1855832391436105,0.37088391727204656,1.604201680672269,0.787725657542339,0.02593905483433977,0.8193244423275383,735.9,542.1149693561321,1344.9,100.61219330881976,39.49946863647482,145.12590180780455,0.0,0.0,0.0046787261962890625,recovered_archive3/235,recovered_archive3/235/CAPorg1.jpg,1
10,68,1024,768,0.14705882352941177,0.1282051282051282,0.8288561031934009,0.08828299290545961,0.8894244854413905,1.343326311355317,0.32802240732288396,1.8791330993467465,0.963514241967369,0.024475953576217832,0.9802534595910961,0.9602565429606018,0.008762453578905349,0.9733877189356284,1.2094712324288985,0.2999828493157479,1.713586956521739,0.7663515060418705,0.05362446589355803,0.8156022408963586,548.45,374.8287909165997,905.8499999999998,86.65655839020936,28.983386086601318,113.64722215136416,0.0,0.0,0.0069739023844401045,recovered_archive3/235,recovered_archive3/235/CAPorg2.jpg,1
6,53,1024,768,0.11320754716981132,0.1016949152542373,0.8327934947374113,0.0380416910448991,0.8695378214565299,1.3282707341867444,0.17569870834700216,1.5299708497252356,0.975927808606151,0.005370297439162728,0.9828528310761813,0.9598117271137049,0.006238692893295704,0.9673228710445118,1.0749519679666737,0.2975970612305453,1.4368131868131868,0.7566553242863985,0.0540143913463784,0.8111836080586081,1201.5833333333333,1107.5368472676455,2338.75,122.68986283848345,53.09853073856061,177.48885271170678,0.0,0.0,0.009167353312174479,recovered_archive3/235,recovered_archive3/235/CAPorg3.jpg,1
2,57,1024,768,0.03508771929824561,0.03389830508474576,0.8461462451065562,0.00013769068180852218,0.8462563976520031,1.1211979551951718,0.04043617216179407,1.153546892924607,0.9761547713251629,0.00018735788320789482,0.9763046576317292,0.951312998002061,0.0006382238996206491,0.9518235771217576,0.9377736085053159,0.010944340212632853,0.9465290806754221,0.7562621375201606,0.012672393930417025,0.7664000526644943,1135.5,62.5,1185.5,129.8111831820431,3.585786437626915,132.67981233214462,0.0,0.0,0.002887725830078125,recovered_archive3/235,recovered_archive3/235/CAPorg4.jpg,1
4,68,1024,768,0.058823529411764705,0.05555555555555555,0.8648754488189443,0.004913611512737545,0.8686442939435631,1.207559992428892,0.14462269925532448,1.3622884800379866,0.9815088463313217,0.005620760735913034,0.9878052784118595,0.9658952844549973,0.013529954718393227,0.980445544186376,1.0734423234423236,0.22725827074339694,1.325874125874126,0.7898289843602344,0.048531449408396675,0.8415809275184275,837.75,408.00834856654586,1164.25,104.99747468305833,34.04717357145556,130.36681810065352,0.0,0.0,0.004261016845703125,recovered_archive3/235,recovered_archive3/235/CAPorg5.jpg,1
8,54,1024,768,0.14814814814814814,0.12903225806451613,0.8383271637441901,0.02256149957920621,0.8657539185577228,1.2914479440557889,0.1175062152062341,1.4392615453210795,0.9773254499358566,0.008541538118259626,0.9831564993075418,0.954909272132181,0.006450800221729932,0.9623178758679564,0.826215560564337,0.07416334374164348,0.9163157894736842,0.756100810013405,0.020792881064386298,0.7798371647509579,1672.5,1152.7826117703198,3191.35,147.10712472806148,59.276155078588694,219.8299782086611,0.0,0.0,0.0170135498046875,recovered_archive3/235,recovered_archive3/235/CAPorg6.jpg,1
16,55,1024,768,0.2909090909090909,0.22535211267605634,0.8342147388205358,0.06870518489079257,0.8642878675673155,1.2402820351011834,0.09490624673798724,1.3688091177613164,0.9715615888317097,0.025607420238124016,0.9836960811043507,0.9531433369755233,0.02676199335118709,0.9652393844403979,0.8952343587965378,0.09650363059338858,1.0009775171065494,0.7487711302843036,0.05487705519025599,0.8100694444444445,1486.09375,1157.6559319745818,3214.25,140.81162959922662,63.08293272283934,219.18733752154182,0.0,0.0,0.030234654744466145,recovered_archive3/235,recovered_archive3/235/CAPorg7.jpg,1
12,40,1024,768,0.3,0.23076923076923078,0.8515296082185508,0.016891496901650857,0.8727012114320192,1.285030003143935,0.1342555033737993,1.4599118790030343,0.9799211241663196,0.004275611980514333,0.984788390231428,0.9590766679438096,0.005995213395439823,0.9664296808256224,0.938964370828927,0.20086958758765383,1.1067733990147783,0.7637841209157549,0.04118502616023302,0.8081480640201286,1414.875,844.4136063219651,2838.4,138.32159082212877,43.40293533573314,205.12976900455578,0.0,0.0,0.021589279174804688,recovered_archive3/235,recovered_archive3/235/CAPorg8.jpg,1
11,63,1024,768,0.1746031746031746,0.14864864864864866,0.8244528119019979,0.05571897235640581,0.8654302024102252,1.324943196854408,0.1378423316650621,1.5150945135779028,0.9712573555302206,0.02331092295155294,0.9854219231847496,0.9554605567690756,0.014432167388018126,0.9656552890290403,0.9068139141482512,0.23351118572553842,1.2121212121212122,0.758177247208616,0.06823956477717076,0.8267361111111111,1686.6818181818182,1048.6696826483471,3299.5,153.98718998777684,51.06296915894969,222.40916292848976,0.0,0.0,0.023591995239257812,recovered_archive3/235,recovered_archive3/235/CAPorg9.jpg,1
3,101,1024,768,0.0297029702970297,0.028846153846153848,0.811094781785458,0.06758553982616962,0.8795077822019389,1.4495608033987013,0.23471211937440115,1.657783665830443,0.9536155809938363,0.021168318436724818,0.9748956713853217,0.9679715725686228,0.014133183688711637,0.9823650382498144,1.0724358974358974,0.29129519878237276,1.345,0.7338471713471714,0.06584863982457387,0.8004273504273504,78.66666666666667,14.630637564903164,92.3,34.97056274847714,4.629048543256016,39.11614716074872,0.0,0.0,0.0003000895182291667,recovered_archive3/241,recovered_archive3/241/CAPorg1.jpg,1
2,67,1024,768,0.029850746268656716,0.028985507246376812,0.8083227874631396,0.07074083785833035,0.8649154577498038,1.3964926372507969,0.24901285407641238,1.5957029205119269,0.971061598936435,0.012081554590536392,0.9807268426088641,0.9570952419291686,0.0035562128888245725,0.9599402122402283,1.016154452324665,0.09022852639873918,1.0883372734436565,0.7081567860823179,0.06741604534157725,0.7620896223555798,1164.0,731.5,1749.2,125.2253967444162,39.38477631085025,156.7332177930964,0.0,0.0,0.002960205078125,recovered_archive3/241,recovered_archive3/241/CAPorg10.jpg,1
1,37,1024,768,0.02702702702702703,0.02631578947368421,0.6177519211356183,0.0,0.6177519211356183,2.84868854353409,0.0,2.84868854353409,0.9781718963165089,0.0,0.9781718963165089,0.9712098984938937,0.0,0.9712098984938937,0.4166666666666667,0.0,0.4166666666666667,0.746875,0.0,0.746875,717.0,0.0,717.0,120.76955262170047,0.0,120.76955262170047,0.0,0.0,0.000911712646484375,recovered_archive3/241,recovered_archive3/241/CAPorg11.jpg,1
6,54,1024,768,0.1111111111111111,0.1,0.8561178420211366,0.0674417146638172,0.9055936416713379,1.1835964653518618,0.137104106403134,1.3300650753506997,0.9730489464724533,0.014123309313733214,0.9925641309155235,0.9738095312005498,0.01466000891092872,0.9929324118535701,0.9366443741443741,0.07330418953595061,1.0119047619047619,0.7994889570976528,0.09001431465923306,0.891025641025641,188.25,117.34200370427179,348.0,50.586976883449644,17.463447700390603,74.35533905932738,0.0,0.0,0.0014362335205078125,recovered_archive3/241,recovered_archive3/241/CAPorg12.jpg,1
11,45,1024,768,0.24444444444444444,0.19642857142857142,0.8139891470018089,0.10268744449961735,0.8879392742754697,1.6154541766099917,0.6350499158353141,2.570381503303555,0.9694774865176217,0.018059938137973103,0.9818731117824767,0.9709373410516985,0.009791912842331694,0.9817680489056152,1.2203992454776154,0.5703918787037223,1.6666666666666667,0.8000583636201248,0.044378250116615524,0.8434343434343434,629.4090909090909,953.3538363011303,1044.0,83.49839298012803,63.55448472419769,122.91168824543142,0.0,0.0,0.008803685506184896,recovered_archive3/241,recovered_archive3/241/CAPorg13.jpg,1
2,32,1024,768,0.0625,0.058823529411764705,0.8487921553292297,0.0018169142941931171,0.8502456867645842,1.2038584354521924,0.012310513200713635,1.2137068460127634,0.9754138470024409,0.0011207878764773471,0.9763104773036229,0.9528574287225854,0.002868161484486209,0.9551519579101744,0.9937304075235109,0.09717868338557989,1.0714733542319748,0.7710802990113335,0.01710151917048469,0.7847615143477212,1584.75,1016.25,2397.75,143.93250352560273,52.09188309203681,185.60600999923219,0.0,0.0,0.0040302276611328125,recovered_archive3/241,recovered_archive3/241/CAPorg2.jpg,1
2,57,1024,768,0.03508771929824561,0.03389830508474576,0.7951116603742382,0.07096726383346075,0.8518854714410068,1.3883360530423419,0.1806609503273955,1.5328648133042582,0.9699055292909651,0.0019107546338787418,0.971434132998068,0.9580348052046945,0.002453846816604155,0.9599978826579779,0.9877622377622377,0.10314685314685312,1.0702797202797203,0.7010827336914294,0.07734535995405561,0.7629590216546738,603.25,137.75,713.45,97.79036790187178,15.60660171779822,110.27564927611036,0.0,0.0,0.0015341440836588542,recovered_archive3/241,recovered_archive3/241/CAPorg3.jpg,1
1,55,1024,768,0.01818181818181818,0.017857142857142856,0.8537326467667523,0.0,0.8537326467667523,1.2369446527397616,0.0,1.2369446527397616,0.9760765550239229,0.0,0.9760765550239229,0.9709778388202778,0.0,0.9709778388202778,0.7391304347826086,0.0,0.7391304347826086,0.782608695652174,0.0,0.782608695652174,306.0,0.0,306.0,67.11269837220809,0.0,67.11269837220809,0.0,0.0,0.00038909912109375,recovered_archive3/241,recovered_archive3/241/CAPorg4.jpg,1
10,45,1024,768,0.2222222222222222,0.18181818181818182,0.8604675013421085,0.025602346557818054,0.8873681541885321,1.230189191379053,0.16283369703651537,1.4770747742268515,0.9769119289349575,0.008308701731411803,0.9841715101131578,0.9628481869563948,0.0070489878717402525,0.9677200131186172,1.097262317142259,0.21782390773063337,1.4432142857142858,0.7949427115544261,0.030117079932898447,0.8350088183421517,977.55,782.5779338187348,2008.2499999999998,108.05899705197332,51.089104331251114,175.54326829943523,0.0,0.0,0.012430191040039062,recovered_archive3/241,recovered_archive3/241/CAPorg5.jpg,1
7,49,1024,768,0.14285714285714285,0.125,0.8295089742780728,0.06475107434766686,0.8783609356670536,1.5014224338009687,0.5702484969452993,2.160612512436366,0.9768630941780838,0.006421697522052192,0.9828285040383805,0.9672828626749286,0.005941149089342525,0.9733078080997443,1.105150339534576,0.31634270667485875,1.4175824175824179,0.8144750885246825,0.022323095826130714,0.8470935960591133,812.5714285714286,613.971348131597,1531.6000000000004,101.93271485366203,46.628846436559655,150.18519471906086,0.0,0.0,0.007232666015625,recovered_archive3/241,recovered_archive3/241/CAPorg6.jpg,1
11,50,1024,768,0.22,0.18032786885245902,0.8491081803916319,0.02678709069943184,0.8731279757868443,1.2383530838084886,0.15896643077478192,1.4461228732385216,0.9732388570589339,0.008102622089707185,0.9806491885143572,0.9658682939627655,0.011932508547329216,0.9849016240553279,1.0909232181959456,0.2372178167991096,1.4333333333333333,0.8097357617336329,0.035239643455877656,0.8611111111111112,843.7272727272727,922.9181822211436,1653.5,94.58238221233269,59.97610758718213,161.29646455628168,0.0,0.0,0.011801401774088541,recovered_archive3/241,recovered_archive3/241/CAPorg7.jpg,1
1,42,1024,768,0.023809523809523808,0.023255813953488372,0.7712884281392806,0.0,0.7712884281392806,1.7577759123481969,0.0,1.7577759123481969,0.9693281402142151,0.0,0.9693281402142151,0.9672040352822213,0.0,0.9672040352822213,1.6923076923076923,0.0,1.6923076923076923,0.8701923076923077,0.0,0.8701923076923077,995.5,0.0,995.5,127.35533905932738,0.0,127.35533905932738,0.0,0.0,0.0012658437093098958,recovered_archive3/241,recovered_archive3/241/CAPorg8.jpg,1
2,51,1024,768,0.0392156862745098,0.03773584905660377,0.7973576905418831,0.009921169755977288,0.805294626346665,1.5260169565546509,0.12256299358317413,1.6240673514211903,0.9691748202286932,0.00023694447719013745,0.9693643758104453,0.9634935672269485,0.002262446947358332,0.9653035247848352,1.16005291005291,0.19708994708994715,1.3177248677248679,0.7315912644860013,0.04284482573956261,0.7658671250776514,344.75,138.75,455.75,72.23401871576773,15.606601717798213,84.7193000900063,0.0,0.0,0.0008767445882161459,recovered_archive3/241,recovered_archive3/241/CAPorg9.jpg,1
6,56,1024,768,0.10714285714285714,0.0967741935483871,0.8428484947389988,0.03240405100791213,0.8784893051274341,1.2509278323339863,0.10918263235191031,1.3711384985295227,0.9706349161722523,0.015794060863877107,0.9841675753470798,0.9567300726329581,0.003113911468842107,0.9601979511090781,0.947307324183592,0.15470672509912495,1.1375929682217714,0.7257584899559566,0.036235227425597885,0.76328367256534,1842.8333333333333,2288.4550404633737,4513.75,138.32015382690352,92.61780824407577,251.15790027001896,0.0,0.0,0.014059702555338541,recovered_archive3/243,recovered_archive3/243/CAPorg1.jpg,1
0,55,1024,768,0.0,0.0,,,,,,,,,,,,,,,,,,,,,,,,,,,0.0,recovered_archive3/243,recovered_archive3/243/CAPorg2.jpg,1
9,31,1024,768,0.2903225806451613,0.225,0.7875471897616653,0.12956000962198347,0.8896493926384768,2.1938477752993344,2.0286438496098063,3.494705543411024,0.9780277347473701,0.007602381240103874,0.9877004414607459,0.9639527866023475,0.011998230215609898,0.9741624315718098,1.431203745419432,0.6062319568176431,2.2938461538461543,0.7671313058865222,0.06684988265083135,0.8379916136495084,2149.5,3162.3137187122275,4228.100000000001,164.20497827951914,143.9630922660851,266.78073580374365,0.0,0.0,0.024599075317382812,recovered_archive3/243,recovered_archive3/243/CAPorg3.jpg,1
3,17,1024,768,0.17647058823529413,0.15,0.7877532094586016,0.021862100158461927,0.8099120270202281,1.542308415495204,0.2725854890402785,1.8191445705148148,0.9699516568543013,0.005207277965655464,0.9738370725634515,0.9566318664597978,0.004159476500422736,0.960521616518306,1.574898785425101,0.22265979600601488,1.7538461538461538,0.7545400148732528,0.049225000238157304,0.8038309516570387,791.0,422.1885439784773,1189.2,106.91168824543142,32.18308614211501,135.3734198184517,0.0,0.0,0.003017425537109375,recovered_archive3/243,recovered_archive3/243/CAPorg4.jpg,1
4,14,1024,768,0.2857142857142857,0.2222222222222222,0.5988186462168532,0.08917711305733476,0.6896983325553656,2.7413605111291344,1.0475571461244317,3.8720358710969425,0.9390065205709294,0.021495171977536212,0.9592299902987562,0.9618792824681563,0.007883539142431142,0.9707416924962373,0.47884407259407263,0.1840736159355569,0.6753787878787879,0.7092509423944513,0.03557658464790167,0.7466934850863423,402.875,147.18456738055116,512.05,89.75914498161481,17.77090257158203,106.62813126546315,0.0,0.0,0.002049128214518229,recovered_archive3/243,recovered_archive3/243/CAPorg5.jpg,1
2,30,1024,768,0.06666666666666667,0.0625,0.7552668865575959,0.08657512705757175,0.8245269882036533,1.6003824367457102,0.3230197581145817,1.8587982432373755,0.9487711213517663,0.029723502304147553,0.9725499231950844,0.9633116523550084,0.005204213895220633,0.9674750234711849,0.7717391304347826,0.2717391304347826,0.9891304347826086,0.7198392022996767,0.022008623787279913,0.7374461013295006,542.5,133.0,648.9,95.42640687119285,17.24264068711929,109.22051942088828,0.0,0.0,0.0013796488444010417,recovered_archive3/243,recovered_archive3/243/CAPorg6.jpg,1
1,45,1024,768,0.022222222222222223,0.021739130434782608,0.8909290652109872,0.0,0.8909290652109872,1.2041947763807692,0.0,1.2041947763807692,0.9803921568627448,0.0,0.9803921568627448,0.9694600941359407,0.0,0.9694600941359407,1.0952380952380953,0.0,1.0952380952380953,0.8281573498964804,0.0,0.8281573498964804,400.0,0.0,400.0,75.11269837220809,0.0,75.11269837220809,0.0,0.0,0.0005086263020833334,recovered_archive3/243,recovered_archive3/243/CAPorg7.jpg,1
2,40,1024,768,0.05,0.047619047619047616,0.7092990147871238,0.08034516140753234,0.7735751439131496,2.4366819826198807,0.7941357209467725,3.071990559377299,0.9676747470262277,0.0011009308702389364,0.968555491722419,0.9595734573524235,0.005091726186753298,0.9636468383018261,0.5487455197132617,0.1931899641577061,0.7032974910394265,0.7743820126227209,0.044367987377279094,0.8098764025245442,555.0,34.5,582.6,99.76955262170047,8.757359312880709,106.77544007200504,0.0,0.0,0.00141143798828125,recovered_archive3/243,recovered_archive3/243/CAPorg8.jpg,1
8,44,1024,768,0.18181818181818182,0.15384615384615385,0.8456374342002604,0.05668384102136607,0.8907259207532978,1.2624892052520558,0.1720858434303764,1.4537278068402395,0.975667066393411,0.01211217515304923,0.9852973756694523,0.9586684916075734,0.01204762839653222,0.9699648154222564,1.1859132519958764,0.1619862989760939,1.4327092198581561,0.7748225920243315,0.05665739563164899,0.8309203696013289,2816.3125,2576.6930955381067,6797.3,180.24405653174964,99.76884922526229,318.5645019878172,0.0,0.0,0.028649012247721355,recovered_archive3/253,recovered_archive3/253/CAPorg1.jpg,1
19,37,1024,768,0.5135135135135135,0.3392857142857143,0.8172926835832881,0.09605778228201617,0.8870250222373945,1.4608744665026867,0.455606064255568,2.3240308655281816,0.9700398328108272,0.014581671670903944,0.9834819401444788,0.9631399006226452,0.006549511684090478,0.9707945327905142,1.1149134112786454,0.41155152915900206,1.4638095238095234,0.7733865046218772,0.05243938355755765,0.8365215053763441,862.8421052631579,758.2247280504289,1865.3,107.63228519989978,51.825372699177365,163.216060505571,0.0,0.0,0.020846048990885418,recovered_archive3/253,recovered_archive3/253/CAPorg2.jpg,1
11,30,1024,768,0.36666666666666664,0.2682926829268293,0.7666645877472097,0.1453680883412549,0.8795151795232032,1.6367767355905505,0.7227077821981952,1.9150875396545248,0.9605928832862124,0.04499554700898003,0.9854014598540152,0.9528260291347838,0.016932635427343478,0.9636278881530558,1.2127779495066695,0.3345707235453436,1.7407407407407407,0.7214909271992287,0.1625857265560262,0.8144796380090498,3724.6363636363635,5364.690591310543,8120.5,228.51096666004835,209.6461666290347,379.8305191657993,0.0,0.0,0.052097320556640625,recovered_archive3/253,recovered_archive3/253/CAPorg3.jpg,1
21,28,1024,768,0.75,0.42857142857142855,0.8009329490004308,0.07809958203723304,0.8710753519808103,1.4442528576332923,0.28056547582265867,1.8244982648579395,0.9702607964758285,0.018215423533126114,0.9839518555666997,0.9549627985344794,0.01384133170684749,0.969280297305016,1.3282228532077442,0.31216782904335705,1.7307692307692308,0.752606048313677,0.06599335510293694,0.8141891891891891,1745.8809523809523,1451.2919851993447,3070.5,156.84338271695967,70.7711650354274,238.2670273047588,0.0,0.0,0.04662005106608073,recovered_archive3/253,recovered_archive3/253/CAPorg4.jpg,1
9,46,1024,768,0.1956521739130435,0.16363636363636364,0.8393546480445289,0.06686008406007861,0.8843188336869782,1.2961069697575676,0.1198762298382663,1.423394073837184,0.9685054882662251,0.030484586395910722,0.983969118838462,0.956841440846994,0.011780484585366327,0.9647008931999784,1.1050865533571415,0.14652992805000525,1.2294871794871796,0.7468367099601274,0.06932377692751956,0.8026192445547284,1779.2777777777778,892.9536230059801,2649.2,156.70876212502108,53.71658917275296,200.097893091269,0.0,0.0,0.020362218221028645,recovered_archive3/253,recovered_archive3/253/CAPorg5.jpg,1
0,53,1024,768,0.0,0.0,,,,,,,,,,,,,,,,,,,,,,,,,,,0.0,recovered_archive3/259,recovered_archive3/259/CAPorg1.jpg,1
0,63,1024,768,0.0,0.0,,,,,,,,,,,,,,,,,,,,,,,,,,,0.0,recovered_archive3/259,recovered_archive3/259/CAPorg2.jpg,1
0,50,1024,768,0.0,0.0,,,,,,,,,,,,,,,,,,,,,,,,,,,0.0,recovered_archive3/259,recovered_archive3/259/CAPorg3.jpg,1
2,30,1024,768,0.06666666666666667,0.0625,0.6955153584858329,0.019928674745517738,0.711458298282247,1.840236761111977,0.05987800620165995,1.888139166073305,0.9470090424298634,0.010885694412242575,0.9557175979596574,0.9645199389386918,0.006713590214454224,0.9698908111102552,0.5208333333333333,0.020833333333333315,0.5375,0.7355101495726496,0.054420405982905984,0.7790464743589743,220.0,7.5,226.0,63.04163056034261,0.17157287525381193,63.17888886054566,0.0,0.0,0.0005594889322916666,recovered_archive3/259,recovered_archive3/259/CAPorg4.jpg,1
0,46,1024,768,0.0,0.0,,,,,,,,,,,,,,,,,,,,,,,,,,,0.0,recovered_archive3/259,recovered_archive3/259/CAPorg5.jpg,1
0,22,1024,768,0.0,0.0,,,,,,,,,,,,,,,,,,,,,,,,,,,0.0,recovered_archive3/259,recovered_archive3/259/CAPorg6.jpg,1
2,57,1024,768,0.03508771929824561,0.03389830508474576,0.8539407344208085,0.007716871436548256,0.8601142315700472,1.2536780042334406,0.11316610117872272,1.3442108851764187,0.961268649342951,0.004248592036360133,0.9646675229720392,0.9620625335038704,0.0013351953641507763,0.963130689795191,1.143162393162393,0.08760683760683763,1.2132478632478634,0.7903311965811965,0.012553418803418814,0.8003739316239317,216.5,49.5,256.1,56.04163056034261,6.242640687119284,61.03574311003804,0.0,0.0,0.0005505879720052084,recovered_archive1/24,recovered_archive1/24/CAPorg1.jpg,2
0,60,1024,768,0.0,0.0,,,,,,,,,,,,,,,,,,,,,,,,,,,0.0,recovered_archive1/24,recovered_archive1/24/CAPorg2.jpg,2
7,101,1024,768,0.06930693069306931,0.06481481481481481,0.8286218823438322,0.025946793129366024,0.8499359123565058,1.2992389813998566,0.12716402592464654,1.4226272146021166,0.9724947279259782,0.006058625206378684,0.9778521825396832,0.9621514570149073,0.00725216527740003,0.972064720767508,1.2411663181538957,0.23244609601953023,1.4096273291925465,0.7983782018105122,0.04850612227519891,0.8680422322775264,552.5,202.30899280909034,794.1,89.92676763075595,18.49020867915223,111.3955410846827,0.0,0.0,0.0049177805582682295,recovered_archive1/24,recovered_archive1/24/CAPorg3.jpg,2
0,41,1024,768,0.0,0.0,,,,,,,,,,,,,,,,,,,,,,,,,,,0.0,recovered_archive1/24,recovered_archive1/24/CAPorg4.jpg,2
4,77,1024,768,0.05194805194805195,0.04938271604938271,0.8404743742669611,0.06847327915832335,0.8837155697191018,1.4791385074297128,0.5306502058821153,2.053494148573165,0.9793375016413017,0.001549133982379895,0.9810706874914579,0.9641567081283945,0.0028709463300424505,0.9672976687348522,0.8610632183908047,0.17155358929654743,1.0129885057471266,0.7828775579568126,0.021011085207489236,0.8046858237547893,630.25,57.74567083340534,692.0,97.2193000900063,5.719473232126727,103.04406922210656,0.0,0.0,0.0032056172688802085,recovered_archive1/24,recovered_archive1/24/CAPorg5.jpg,2
4,30,1024,768,0.13333333333333333,0.11764705882352941,0.6749996262732922,0.20878948791270208,0.7986300569548235,2.925746681328108,2.4015213021431165,5.486563967892142,0.9584136255272789,0.01592897466113438,0.9721004841357249,0.9611407600547943,0.010243649814156685,0.9728027427219247,0.6865307801000534,0.41513220103359083,1.1264966740576499,0.7620748570907295,0.046469767283394,0.8139227758686521,821.875,545.9709670623521,1433.5500000000002,126.48706704297267,60.85580856922206,194.86732316404184,0.0,0.0,0.0041802724202473955,recovered_archive1/24,recovered_archive1/24/CAPorg6.jpg,2
0,95,1024,768,0.0,0.0,,,,,,,,,,,,,,,,,,,,,,,,,,,0.0,recovered_archive1/24,recovered_archive1/24/CAPorg7.jpg,2
2,120,1024,768,0.016666666666666666,0.01639344262295082,0.8516846355564666,0.0016722842252929748,0.8530224629367009,1.1882443141059131,0.10787630579469654,1.2745453587416704,0.9779993597039585,0.004677500839930293,0.9817413603759026,0.9530634148004418,0.004311909043560713,0.9565129420352904,0.945046672688949,0.04260764829870517,0.9791327913279132,0.7645190413991227,0.01896861292186497,0.7796939317366147,3104.0,1973.0,4682.4,201.5096679918781,72.45584412271572,259.4743432900507,0.0,0.0,0.007893880208333334,recovered_archive1/30,recovered_archive1/30/CAPorg1.jpg,2
4,44,1024,768,0.09090909090909091,0.08333333333333333,0.8445939496150957,0.017340352210963764,0.8637864827024513,1.3231110833408104,0.16015876116773242,1.5019765680972426,0.9766700320401793,0.003042408386232321,0.9801355280709556,0.9543723421161229,0.004427143296142808,0.9590106176116854,1.265515873015873,0.11838468193821147,1.3960000000000001,0.7785652542245813,0.015545127986059368,0.795307963354475,1180.25,316.4317659464675,1452.95,131.18986283848344,19.626998839661205,148.0094587877728,0.0,0.0,0.006003061930338542,recovered_archive1/30,recovered_archive1/30/CAPorg10.jpg,2
10,120,1024,768,0.08333333333333333,0.07692307692307693,0.8363837053014288,0.04450980020641456,0.8886476385324709,1.2815601301241117,0.15708277872337112,1.4878852417288484,0.9716346195511283,0.00704296334066854,0.9784770456939943,0.9630836453387916,0.00944011482548247,0.9709515464151748,1.08323458305096,0.19416957501746182,1.3242105263157895,0.7644005943161722,0.05470703950944376,0.8092941176470588,811.55,1152.4335870235645,1258.5499999999988,95.31341263970174,58.08170366729342,132.12072862499355,0.0,0.0,0.010319391886393229,recovered_archive1/30,recovered_archive1/30/CAPorg2.jpg,2
14,120,1024,768,0.11666666666666667,0.1044776119402985,0.8110101185775637,0.05685509164289012,0.8698714521210589,1.5089769758563931,0.37089849635167865,2.0995687354580306,0.9703205348352919,0.009791108533843617,0.9782615363417054,0.9630144894715745,0.006420476236145886,0.9709447382234587,1.2076324448670568,0.34718150025428157,1.49,0.7672499364250353,0.05540599723223185,0.8155813495966949,744.1785714285714,997.6657328688884,1242.6000000000006,94.26621825068435,50.57427742807937,142.67981233214465,0.0,0.0,0.013247807820638021,recovered_archive1/30,recovered_archive1/30/CAPorg3.jpg,2
11,57,1024,768,0.19298245614035087,0.16176470588235295,0.6445259882807973,0.19470642838561603,0.8129145691920507,2.439028791409403,1.291358297096202,4.004252801846226,0.931747262685263,0.08136187942519661,0.9860114341321011,0.9571526356216509,0.00995148227340297,0.9696450900941314,2.2416493926063303,1.3373416168963583,3.6153846153846154,0.7101374973191583,0.09304967398646057,0.7900584795321638,1591.6363636363637,1503.063494257177,4053.0,167.4357338806875,91.62167384474432,272.9360748630709,0.09090909090909091,0.09090909090909091,0.0222625732421875,recovered_archive1/30,recovered_archive1/30/CAPorg4.jpg,2
8,47,1024,768,0.1702127659574468,0.14545454545454545,0.7644709618089216,0.1334371963925579,0.8652888179612575,2.1590523215955275,1.7190439841298122,4.235578172572129,0.9799883585773798,0.010108093653802167,0.9888576598439973,0.963274044577286,0.008288829903493675,0.9722372612519061,1.3533751974565151,0.469338796223326,1.9267590618336887,0.7774287674903765,0.0861131786457555,0.8594996275307952,3485.6875,1852.294876253171,5840.75,230.94811498573122,71.91929429249609,312.07951647286154,0.0,0.0,0.03545824686686198,recovered_archive1/30,recovered_archive1/30/CAPorg5.jpg,2
6,0,1024,768,6.0,1.0,0.36467143734636487,0.14318095657826221,0.5436822712571568,6.871075815426541,3.250714855940267,10.643688260847728,0.9379251537461174,0.04918883979409883,0.9772173366667879,0.971225661922214,0.008743449862017513,0.9806629801241468,5.693620268620268,2.2488305928226846,8.15224358974359,0.7169246477631078,0.09854058773255925,0.7937418697146996,4174.083333333333,3318.4998796728755,8556.0,345.3467170879758,73.83336849032005,441.45079348883235,0.3333333333333333,0.0,0.0318457285563151,recovered_archive1/30,recovered_archive1/30/CAPorg6.jpg,2
1,69,1024,768,0.014492753623188406,0.014285714285714285,0.8044319550278881,0.0,0.8044319550278881,1.51158122160603,0.0,1.51158122160603,0.9684258006314838,0.0,0.9684258006314838,0.9574610183387273,0.0,0.9574610183387273,1.4666666666666666,0.0,1.4666666666666666,0.8132575757575757,0.0,0.8132575757575757,1073.5,0.0,1073.5,129.49747468305833,0.0,129.49747468305833,0.0,0.0,0.0013650258382161458,recovered_archive1/30,recovered_archive1/30/CAPorg7.jpg,2
16,74,1024,768,0.21621621621621623,0.17777777777777778,0.7648851528784086,0.17276388055250938,0.8878848652084619,2.58444083976027,3.7861990589442285,4.260149428416135,0.9673400823328343,0.023940444384113337,0.9822755611334808,0.9634476698256125,0.021357629872321142,0.9755645846759065,1.6019104661972174,1.1207075682116163,2.6831550802139037,0.7581751269150458,0.07767527898787814,0.8313630756578947,3314.8125,10413.361946429393,1948.75,167.4368145112785,288.24268638616763,224.34671708797586,0.0,0.0,0.06744003295898438,recovered_archive1/30,recovered_archive1/30/CAPorg8.jpg,2
9,100,1024,768,0.09,0.08256880733944955,0.8097081301422056,0.07135962347755703,0.8805524770742955,1.6455382993609797,0.37022170083387473,2.1523745842868403,0.9719681627761724,0.021718818958185473,0.9855614302685187,0.9605424213450466,0.020989513870152438,0.9735240516051669,0.8143396905772203,0.3179597078964632,1.241264367816092,0.8183386146284474,0.053943693170283843,0.8720679012345679,1051.611111111111,1111.8917008058777,2445.1000000000004,116.72950932245483,62.49978827670516,193.1190042307233,0.0,0.0,0.012034734090169271,recovered_archive1/30,recovered_archive1/30/CAPorg9.jpg,2
4,78,1024,768,0.05128205128205128,0.04878048780487805,0.817161093678384,0.06798371726826584,0.8770589371031122,1.2264940062712633,0.13033471411620648,1.3381370350997799,0.9578401427879492,0.024943358974681303,0.9780727013183836,0.951356803582007,0.016009926688991667,0.9661162546214752,0.9413669049683172,0.09371367776934912,1.0468124536693848,0.736614507387957,0.06579203539226154,0.8019731493367566,1664.375,1137.733622986945,2871.25,147.3571247280615,73.5312877980308,220.94469683442253,0.0,0.0,0.008465449015299479,recovered_archive1/46,recovered_archive1/46/CAPorg1.jpg,2
2,7,1024,768,0.2857142857142857,0.2222222222222222,0.643885027979197,0.020325281784415117,0.6601452534067291,2.890201285719134,0.15525727699605407,3.0144071073159773,0.9752309193570017,0.015928593775605737,0.9879737943774862,0.9707480087354227,0.007264266927793583,0.9765594222776576,1.4508904479222882,1.0196977873718294,2.266648677819752,0.781924940579394,0.02689858883237073,0.8034438116452906,2222.75,1645.25,3538.95,191.86143571373725,87.33452377915607,261.72905473706214,0.0,0.0,0.0056527455647786455,recovered_archive1/46,recovered_archive1/46/CAPorg10.jpg,2
16,57,1024,768,0.2807017543859649,0.2191780821917808,0.8153938827911412,0.06532076080357431,0.8757688318486733,1.332846127036813,0.19083132506995218,1.5826270723080542,0.9645074380536156,0.02331383586745636,0.9803974597705519,0.9576518694111147,0.010300946426871696,0.9638423545484502,1.083370223212122,0.25637266407631565,1.4238721804511278,0.7511956658801814,0.06281343078423299,0.8127083333333334,743.78125,462.76205308283164,1455.25,102.44677573418065,34.427940660516974,158.4177848998413,0.0,0.0,0.015132268269856771,recovered_archive1/46,recovered_archive1/46/CAPorg11.jpg,2
6,62,1024,768,0.0967741935483871,0.08823529411764706,0.8291237904517335,0.0739277865137904,0.8985665275974557,1.4118416895290535,0.3538356753250495,1.9024918999535019,0.9778636886983976,0.00875066529165882,0.9857796879216791,0.9584106336488833,0.012756516900799894,0.9714544558961521,1.1121052692155173,0.40561775228324853,1.5163865546218487,0.7921506492164182,0.020910509361498072,0.8144224196855776,2746.6666666666665,2871.814070505881,5936.5,185.25315045131128,104.72955754945615,301.69343417595167,0.0,0.0,0.020955403645833332,recovered_archive1/46,recovered_archive1/46/CAPorg12.jpg,2
0,64,1024,768,0.0,0.0,,,,,,,,,,,,,,,,,,,,,,,,,,,0.0,recovered_archive1/46,recovered_archive1/46/CAPorg2.jpg,2
5,102,1024,768,0.049019607843137254,0.04672897196261682,0.7871351364631518,0.08047326774502529,0.8563452232528453,1.6725291305423067,0.54835229202792,2.2964890622724443,0.9755737803306028,0.005199835808997909,0.980978658655534,0.9703543577295017,0.012146359225327169,0.9851794600777979,1.37281007751938,0.6512025227819249,2.16093023255814,0.799049519311198,0.08426544819537679,0.8884220316833795,1181.0,1630.7347117173904,2865.2000000000003,117.74701294725885,90.23714411068886,213.22152954766494,0.0,0.0,0.007508595784505208,recovered_archive1/46,recovered_archive1/46/CAPorg3.jpg,2
4,78,1024,768,0.05128205128205128,0.04878048780487805,0.8007199336644172,0.12144293617940619,0.8893026607474006,1.4373239742995132,0.5742479285600682,2.0493918949888323,0.9727155846157105,0.0036931101852692907,0.9764770331698671,0.9680312390496649,0.005464759877660773,0.9738568264287923,0.9304864253393665,0.295258203376996,1.1765384615384615,0.7664130082179931,0.03523125402427908,0.7957266435986159,391.25,153.248368669947,558.75,77.81980515339464,15.877593638409023,94.72518754031087,0.0,0.0,0.0019900004069010415,recovered_archive1/46,recovered_archive1/46/CAPorg4.jpg,2
0,78,1024,768,0.0,0.0,,,,,,,,,,,,,,,,,,,,,,,,,,,0.0,recovered_archive1/46,recovered_archive1/46/CAPorg5.jpg,2
6,110,1024,768,0.05454545454545454,0.05172413793103448,0.8542212880143668,0.03282125437219137,0.8762061629204367,1.3486575976915247,0.3900490937849623,1.7398587187107495,0.9786711775487181,0.005167488946387792,0.9846542213217087,0.9600321587920863,0.007095219203214692,0.968566896275191,1.1162360023840099,0.19071382424190286,1.3512544802867383,0.801606769622082,0.029794076167412194,0.8334527400703872,962.0,299.07468409523847,1289.75,118.14045207910317,19.65267069441625,139.5477272147525,0.0,0.0,0.0073394775390625,recovered_archive1/46,recovered_archive1/46/CAPorg6.jpg,2
1,85,1024,768,0.011764705882352941,0.011627906976744186,0.8028419163800309,0.0,0.8028419163800309,1.6359715024447898,0.0,1.6359715024447898,0.9897841171935239,0.0,0.9897841171935239,0.9666520267679886,0.0,0.9666520267679886,0.7014925373134329,0.0,0.7014925373134329,0.8153382026040012,0.0,0.8153382026040012,2567.5,0.0,2567.5,200.4680374315355,0.0,200.4680374315355,0.0,0.0,0.003264745076497396,recovered_archive1/46,recovered_archive1/46/CAPorg7.jpg,2
1,43,1024,768,0.023255813953488372,0.022727272727272728,0.8740288261739847,0.0,0.8740288261739847,1.1517302454415912,0.0,1.1517302454415912,0.9856135807797445,0.0,0.9856135807797445,0.9591421580678566,0.0,0.9591421580678566,1.096774193548387,0.0,1.096774193548387,0.8125,0.0,0.8125,3425.5,0.0,3425.5,221.92388155425118,0.0,221.92388155425118,0.0,0.0,0.0043557484944661455,recovered_archive1/46,recovered_archive1/46/CAPorg8.jpg,2
5,100,1024,768,0.05,0.047619047619047616,0.8482274214973552,0.0288451237871871,0.8744707164228821,1.2351555896257511,0.10738476153625898,1.3663089985986867,0.967089685688849,0.0039242099185556175,0.9718048780487801,0.9627506090585113,0.0088740043250239,0.9714824522721824,1.0454006820119353,0.09787274164366587,1.1321739130434783,0.7718296882840635,0.04607875273383638,0.813329081632653,372.7,268.88819237742666,702.3000000000001,70.52691193458118,26.28101327993754,103.19453095790604,0.0,0.0,0.002369562784830729,recovered_archive1/46,recovered_archive1/46/CAPorg9.jpg,2
4,86,1024,768,0.046511627906976744,0.044444444444444446,0.8299735781028025,0.060984100571093325,0.8773946544918828,1.3974028223933828,0.1972991717826365,1.6050237583692282,0.9676838400285899,0.017011561806662363,0.98019478091369,0.9639143423493237,0.006718396653160414,0.9703836469313353,0.8411706349206349,0.1642254066039273,1.0252777777777777,0.7698570052024001,0.047985940831602104,0.8083055555555556,756.0,514.574824491055,1334.7,101.25483399593904,41.151129256092716,147.7508801440101,0.0,0.0,0.00384521484375,recovered_archive1/49,recovered_archive1/49/CAPorg1.jpg,2
10,52,1024,768,0.19230769230769232,0.16129032258064516,0.8154336017141818,0.06405199237776193,0.8628554186084529,1.5744426577351887,0.7817071752025455,1.7751532170092685,0.9795623470714079,0.0036585523504984543,0.9831495973039356,0.9577530997652405,0.0077450358586733355,0.9624122043434905,0.7893493249891299,0.1717883762691802,0.9513513513513513,0.7601557401528777,0.047636227840644946,0.7934852269265914,1720.15,946.6568821384018,2799.1999999999994,157.65209947489205,42.907840291963595,207.4268252794035,0.0,0.0,0.021872838338216145,recovered_archive1/49,recovered_archive1/49/CAPorg2.jpg,2
10,59,1024,768,0.1694915254237288,0.14492753623188406,0.8144019790003879,0.061015315924475615,0.8590765582850632,1.5283567455279508,0.724000376347318,1.8167590744274023,0.9787829119374409,0.005115444167124014,0.9857246134542552,0.9590742243459109,0.007606973216457362,0.9657907012489182,0.7969744608643161,0.17414600840943134,0.966692789968652,0.753439258560572,0.052066160721695176,0.8011602316123593,1447.45,606.8663135320661,2369.2,146.8094587877728,31.872113639385397,189.0493649538451,0.0,0.0,0.01840527852376302,recovered_archive1/49,recovered_archive1/49/CAPorg3.jpg,2
6,72,1024,768,0.08333333333333333,0.07692307692307693,0.8003230629898587,0.025400110072223776,0.8259781119575405,1.3816305635296358,0.09950793476691039,1.5004861091757618,0.9776363672469518,0.0048287782811327305,0.9832723481912428,0.956151809343918,0.006753515021974728,0.9638110290420526,0.7765851625799325,0.0912965657151983,0.8812129502963977,0.7150902613824505,0.040592990989844535,0.7561751627843581,1509.75,306.43647384082726,1837.75,153.2699012952093,16.52314006005574,169.31727983645294,0.0,0.0,0.011518478393554688,recovered_archive1/49,recovered_archive1/49/CAPorg4.jpg,2
4,61,1024,768,0.06557377049180328,0.06153846153846154,0.7717642850977247,0.043540379237988765,0.8113272337435041,1.4191357015427903,0.21404459303354842,1.6618942834580173,0.9701225888991968,0.013509871308809393,0.982561349722867,0.9486726272966974,0.007306987948563071,0.9556104909693307,0.8270582321819253,0.1392004638470742,0.985028712059065,0.6757131833165786,0.047954360137648214,0.7079125368951871,4066.875,2300.417961344199,6517.200000000001,248.1683079101046,63.08136192787886,316.1174023853806,0.0,0.0,0.020685195922851562,recovered_archive1/49,recovered_archive1/49/CAPorg5.jpg,2
3,45,1024,768,0.06666666666666667,0.0625,0.8011235728567576,0.06824496626536974,0.8686785746130079,1.5285301841488181,0.2794942632995666,1.8120942993080433,0.9787207613941643,0.010825707204800604,0.9865495300072308,0.970183874046144,0.0007846156981210389,0.9708556847777509,0.7291666666666666,0.1140073909235063,0.84,0.7499970035874292,0.039998858471659564,0.7902079923622477,1158.3333333333333,1128.9716805817388,2307.8,118.63554587051601,73.48706063482805,193.4989032180456,0.0,0.0,0.004418690999348958,recovered_archive1/49,recovered_archive1/49/CAPorg6.jpg,2
12,44,1024,768,0.2727272727272727,0.21428571428571427,0.7352919269737938,0.15577912589426163,0.8685013490563568,2.1153297347332316,1.5668620351890978,5.107136127453935,0.9657066773407476,0.020749093007303626,0.9824564497318176,0.9603553531756254,0.013811688007175103,0.9737763648619444,1.452737063351498,1.3799108053153606,4.090000000000002,0.7405880072011968,0.08272014301869543,0.8473012075643656,2307.75,1920.9299017663295,3458.75,189.3389368889382,98.96371728543137,331.5903679018718,0.0,0.0,0.035213470458984375,recovered_archive1/49,recovered_archive1/49/CAPorg7.jpg,2
13,47,1024,768,0.2765957446808511,0.21666666666666667,0.7746494006630016,0.07985213754151949,0.8498596085112637,1.6018152961826648,0.5406394515412133,1.9027188595597893,0.9710906193244753,0.010018831674884501,0.9835600093515636,0.95638154390502,0.008092323218294655,0.9644145973519505,1.0803502753945287,0.534991566826929,1.7729096989966562,0.739523260331417,0.07080164640787535,0.8270308084951236,2202.0384615384614,1933.044763116731,3540.4000000000005,178.66108881552614,80.21621452920738,266.2371716450254,0.0,0.0,0.03640047709147135,recovered_archive1/49,recovered_archive1/49/CAPorg8.jpg,2
1,78,1024,768,0.01282051282051282,0.012658227848101266,0.8745196064078664,0.0,0.8745196064078664,1.215759315833451,0.0,1.215759315833451,0.9665653495440728,0.0,0.9665653495440728,0.9691846249934557,0.0,0.9691846249934557,1.1538461538461537,0.0,1.1538461538461537,0.8153846153846154,0.0,0.8153846153846154,159.0,0.0,159.0,47.79898987322333,0.0,47.79898987322333,0.0,0.0,0.000202178955078125,recovered_archive1/66,recovered_archive1/66/CAPorg1.jpg,2
1,42,1024,768,0.023809523809523808,0.023255813953488372,0.8801876583590552,0.0,0.8801876583590552,1.1642730846700449,0.0,1.1642730846700449,0.9862465181058496,0.0,0.9862465181058496,0.9584762033197965,0.0,0.9584762033197965,1.1636363636363636,0.0,1.1636363636363636,0.8046875,0.0,0.8046875,2832.5,0.0,2832.5,201.095454429505,0.0,201.095454429505,0.0,0.0,0.003601710001627604,recovered_archive1/66,recovered_archive1/66/CAPorg10.jpg,2
0,75,1024,768,0.0,0.0,,,,,,,,,,,,,,,,,,,,,,,,,,,0.0,recovered_archive1/66,recovered_archive1/66/CAPorg2.jpg,2
2,53,1024,768,0.03773584905660377,0.03636363636363636,0.6345258647933195,0.03444677589677858,0.6620832855107424,2.1187951994276863,0.5789024621445502,2.5819171691433267,0.941237871571964,0.04984597300881283,0.9811146499790142,0.944252725996922,0.026959040379158694,0.9658199583002489,1.724025974025974,0.6331168831168832,2.230519480519481,0.6985467772967773,0.12098785473785473,0.7953370610870611,11605.75,5547.75,16043.95,468.34166645409255,131.0035713374682,573.1445235240672,0.0,0.0,0.02951494852701823,recovered_archive1/66,recovered_archive1/66/CAPorg3.jpg,2
0,45,1024,768,0.0,0.0,,,,,,,,,,,,,,,,,,,,,,,,,,,0.0,recovered_archive1/66,recovered_archive1/66/CAPorg4.jpg,2
0,50,1024,768,0.0,0.0,,,,,,,,,,,,,,,,,,,,,,,,,,,0.0,recovered_archive1/66,recovered_archive1/66/CAPorg5.jpg,2
0,40,1024,768,0.0,0.0,,,,,,,,,,,,,,,,,,,,,,,,,,,0.0,recovered_archive1/66,recovered_archive1/66/CAPorg6.jpg,2
1,34,1024,768,0.029411764705882353,0.02857142857142857,0.8824488797074057,0.0,0.8824488797074057,1.231505304104067,0.0,1.231505304104067,0.980441323971916,0.0,0.980441323971916,0.9651916880089854,0.0,0.9651916880089854,1.21875,0.0,1.21875,0.7832532051282052,0.0,0.7832532051282052,977.5,0.0,977.5,117.9827560572969,0.0,117.9827560572969,0.0,0.0,0.0012429555257161458,recovered_archive1/66,recovered_archive1/66/CAPorg7.jpg,2
1,50,1024,768,0.02,0.0196078431372549,0.8856701257200759,0.0,0.8856701257200759,1.1667534849908368,0.0,1.1667534849908368,0.9834683954619122,0.0,0.9834683954619122,0.9603307793289494,0.0,0.9603307793289494,1.146341463414634,0.0,1.146341463414634,0.7872340425531915,0.0,0.7872340425531915,1517.0,0.0,1517.0,146.71067811865478,0.0,146.71067811865478,0.0,0.0,0.0019289652506510417,recovered_archive1/66,recovered_archive1/66/CAPorg8.jpg,2
1,45,1024,768,0.022222222222222223,0.021739130434782608,0.8965985021833122,0.0,0.8965985021833122,1.1458393438139158,0.0,1.1458393438139158,0.98741206960385,0.0,0.98741206960385,0.9598450450488333,0.0,0.9598450450488333,1.1090909090909091,0.0,1.1090909090909091,0.7949329359165425,0.0,0.7949329359165425,2667.0,0.0,2667.0,193.3380951166243,0.0,193.3380951166243,0.0,0.0,0.003391265869140625,recovered_archive1/66,recovered_archive1/66/CAPorg9.jpg,2
3,42,1024,768,0.07142857142857142,0.06666666666666667,0.8417180156521359,0.02409292804126409,0.8637375914261763,1.230378914812668,0.07092128439221979,1.2997130195451259,0.9803180019549877,0.003377895255563519,0.9834422986789113,0.9577082572492787,0.0010073157832915308,0.9586688839491733,1.1308243727598566,0.15175413065265048,1.2451612903225806,0.7699419532228053,0.013980402875339831,0.7841496212121213,1475.6666666666667,745.7229527258914,2224.3,143.72049053582904,33.728381981495204,177.53565645486034,0.0,0.0,0.005629221598307292,recovered_archive1/69,recovered_archive1/69/CAPorg1.jpg,2
7,60,1024,768,0.11666666666666667,0.1044776119402985,0.8010718160635398,0.05910351765174613,0.8523866071917905,1.485641414441894,0.26591710377200756,1.8150380505681618,0.9754522406777701,0.008441401169366128,0.9810608356478435,0.9578833255780782,0.012089360747366185,0.972892646445004,1.15304642604143,0.38596060723109343,1.631741935483871,0.7856666674547342,0.06966539951402415,0.867983453328281,1782.142857142857,1269.864045430672,3549.7000000000003,157.50690570848437,68.24209387313925,247.80327547818524,0.0,0.0,0.015862782796223957,recovered_archive1/69,recovered_archive1/69/CAPorg2.jpg,2
3,29,1024,768,0.10344827586206896,0.09375,0.8525184696332225,0.023165955946386905,0.876117675034738,1.246189877096069,0.07331238347316137,1.311550411915818,0.9830078771207084,0.0051912288749547,0.9868173735075121,0.956221308152089,0.0029935582237766607,0.9591293176558988,1.1134488315874294,0.23568598250986955,1.3423045930701047,0.7515566145567728,0.022128216605957488,0.7728860674908119,3625.0,1471.509655648466,4671.2,225.02270307301174,52.08964779745316,264.45567081236027,0.0,0.0,0.013828277587890625,recovered_archive1/69,recovered_archive1/69/CAPorg3.jpg,2
16,33,1024,768,0.48484848484848486,0.32653061224489793,0.8236235849109348,0.08208052079375171,0.8653084805315929,1.2584785334130375,0.2552645558762571,1.5553385955509427,0.9642235278033546,0.0364597660698605,0.9792364210120961,0.955832251393818,0.015687503693564794,0.9661283603544746,0.9970888990396987,0.18444808902000767,1.218031968031968,0.7659665397167497,0.07081217438569778,0.8143503797915563,956.0,1118.6988256452225,1143.0,113.18681451127851,66.13347308066433,129.32590180780454,0.0,0.0,0.019449869791666668,recovered_archive1/69,recovered_archive1/69/CAPorg4.jpg,2
3,116,1024,768,0.02586206896551724,0.025210084033613446,0.8302290708371888,0.039829200435708915,0.8634372333420942,1.221097179200629,0.06077013859676667,1.2816337178281854,0.9760499782244035,0.002783340771693116,0.9788879867964155,0.9587599447173338,0.0012649213741087286,0.9600031789816316,1.0273720814704423,0.15020503188508022,1.1511475409836065,0.7831290469537988,0.02182465226471387,0.8047979797979797,1463.8333333333333,1299.5502640871143,2784.1000000000004,135.38309276622246,69.30125240999388,206.05626253092635,0.0,0.0,0.0055840810139973955,recovered_archive1/70,recovered_archive1/70/CAPorg1.jpg,2
3,98,1024,768,0.030612244897959183,0.0297029702970297,0.8762841344875714,0.012273333993996051,0.8888005005385782,1.1733679580662477,0.08497978791726095,1.2577007963755602,0.9808524170959565,0.004371222122424718,0.984698250529733,0.958186246238196,0.005339599928677408,0.9636187933294628,1.0551724137931033,0.10337161910766486,1.16,0.7787002615238173,0.012992341711825246,0.7919372575476472,1469.3333333333333,959.6461442751814,2443.9,137.99663291074444,46.29418964368543,185.16408357960654,0.0,0.0,0.005605061848958333,recovered_archive1/70,recovered_archive1/70/CAPorg2.jpg,2
11,112,1024,768,0.09821428571428571,0.08943089430894309,0.7924039952816877,0.12154819001490447,0.8723578159413506,1.3398281056467896,0.28195168387261843,1.7007808327563279,0.9523011860916857,0.06306466357312693,0.9816838995568684,0.9528369032804984,0.01680414978127187,0.9646829321795529,1.206748579405681,0.30505659834945825,1.702127659574468,0.7489909372786319,0.08992822768774923,0.8223593964334706,1130.0454545454545,905.7724592489465,2763.0,128.39586113705002,63.93976474723536,220.50966799187813,0.0,0.09090909090909091,0.015806198120117188,recovered_archive1/70,recovered_archive1/70/CAPorg3.jpg,2
12,92,1024,768,0.13043478260869565,0.11538461538461539,0.7895648632992561,0.13412030491099292,0.8809205401430931,1.6125898559188252,0.8682654480021005,2.3905793277511393,0.9662717836475352,0.028632286402942696,0.9811312496518055,0.9597979850200687,0.012760335329147509,0.9705725008267871,0.9952417111575916,0.3485640050763376,1.245,0.7511390847319909,0.07986396396958453,0.8350794600136706,1408.375,1720.954823697686,2223.7000000000003,139.33140323930303,88.51878977794169,211.04549775709387,0.0,0.0,0.021490097045898438,recovered_archive1/70,recovered_archive1/70/CAPorg4.jpg,2
3,120,1024,768,0.025,0.024390243902439025,0.8079339729914979,0.05464968073172543,0.8529784829925166,1.3443737579304151,0.15976595729210483,1.5069649695176741,0.9705204409162501,0.006915817614191954,0.9773291077383006,0.9533085037680888,0.005388344922991627,0.9581199717977948,0.9172979797979798,0.18838324599793127,1.1079545454545454,0.7032853373478373,0.06530285612025492,0.7575104895104895,2058.1666666666665,1794.4143581929143,3865.7000000000003,165.37159680442036,82.11392576946706,248.50419894978413,0.0,0.0,0.007851282755533854,recovered_archive1/72,recovered_archive1/72/CAPorg1.jpg,2
10,120,1024,768,0.08333333333333333,0.07692307692307693,0.7000205536662663,0.11036938818386244,0.8207604273078786,1.5426235893382227,0.33012352655614324,2.062699468769439,0.9313455781843286,0.05313402579272229,0.9722784901972089,0.933583103928818,0.028050417127977883,0.958817726727575,1.3765864225737774,0.41568596225889776,1.9551936619718306,0.6734666097013415,0.06018458830356947,0.7259396114864864,2475.95,2055.7965420974906,5178.099999999999,197.57068529740474,104.41049140081108,344.0595380091115,0.0,0.0,0.03148333231608073,recovered_archive1/72,recovered_archive1/72/CAPorg2.jpg,2
5,120,1024,768,0.041666666666666664,0.04,0.7892464530466037,0.03184212261030173,0.8236393172741278,1.4564222953755241,0.034876734970647444,1.4931150892136675,0.9684674355092691,0.007416817156987075,0.9748723590847487,0.9589317692206233,0.003411779406953161,0.9627712868340462,1.1710699515538223,0.35546930294915235,1.4964285714285714,0.7423787248787248,0.03954287480973198,0.7874404761904762,556.8,155.1704224393296,746.4,93.29503602129437,12.90433442464965,109.31168824543143,0.0,0.0,0.0035400390625,recovered_archive1/72,recovered_archive1/72/CAPorg3.jpg,2
5,117,1024,768,0.042735042735042736,0.040983606557377046,0.7759713420381493,0.042673582524877324,0.8052487290034951,1.7042666862646996,0.17997816338000364,1.873347955544062,0.9682165084228448,0.013288474701325818,0.976402392642204,0.9618006594193027,0.00845987431780441,0.9711119311571432,1.2965546218487396,0.44565005529539925,1.7466666666666668,0.7691999506944122,0.026922573695004354,0.7963860544217687,712.0,287.9809021445693,1046.9,104.59209229614207,20.299708762066775,127.9543289325507,0.0,0.0,0.004526774088541667,recovered_archive1/72,recovered_archive1/72/CAPorg4.jpg,2
8,102,1024,768,0.0784313725490196,0.07272727272727272,0.7512395744062383,0.10308677975018264,0.823586416163537,1.5419201009505605,0.3503886013156056,1.8518074263003432,0.9526176039265191,0.04632634075727177,0.9834349721861542,0.9566845732225786,0.02361148379397955,0.9776871359867471,1.1694811791460062,0.38461345142527364,1.5735042735042735,0.7694759080459378,0.09520691847334378,0.8654411764705883,735.1875,417.00374230185275,1117.1,109.20673695708277,38.104913202582054,141.4496608131281,0.0,0.0,0.0074787139892578125,recovered_archive1/72,recovered_archive1/72/CAPorg5.jpg,2
1,90,1024,768,0.011111111111111112,0.01098901098901099,0.8588156332946026,0.0,0.8588156332946026,1.1405323558925446,0.0,1.1405323558925446,0.9760956175298819,0.0,0.9760956175298819,0.959533424620527,0.0,0.959533424620527,1.1923076923076923,0.0,1.1923076923076923,0.7599255583126551,0.0,0.7599255583126551,612.5,0.0,612.5,94.66904755831213,0.0,94.66904755831213,0.0,0.0,0.0007788340250651041,recovered_archive1/72,recovered_archive1/72/CAPorg6.jpg,2
5,97,1024,768,0.05154639175257732,0.049019607843137254,0.8290395559238147,0.028200080873308574,0.8604675148833729,1.3338742766382117,0.23953216815670403,1.5809131453791292,0.9693357701032328,0.008251731106094997,0.9775193798449614,0.9667262176711017,0.007874274562845321,0.9753159726576309,1.1705234508270561,0.23088688403720128,1.3792114695340503,0.8037015068036126,0.035968754645413256,0.8464191200269082,504.8,366.0425658308061,903.4000000000001,82.94701294725886,28.786224454062307,115.10092347159895,0.0,0.0,0.0032094319661458335,recovered_archive1/72,recovered_archive1/72/CAPorg7.jpg,2
2,99,1024,768,0.020202020202020204,0.019801980198019802,0.7675987530714308,0.058908767301532994,0.8147257669126571,1.4412439394559011,0.20408261463093058,1.6045100311606455,0.9494567294069154,0.010048332460350917,0.9574953953751962,0.9546876881758997,0.003896871447835626,0.9578051853341681,1.1066433566433567,0.029720279720279796,1.1304195804195805,0.6882461982461983,0.08720834720834725,0.758012876012876,705.5,279.0,928.7,106.32590180780451,25.79898987322334,126.9650937063832,0.0,0.0,0.0017941792805989583,recovered_archive1/72,recovered_archive1/72/CAPorg8.jpg,2
2,110,1024,768,0.01818181818181818,0.017857142857142856,0.8500992566277461,0.026168437528115873,0.8710340066502388,1.293189928495571,0.15652578759567914,1.4184105585721143,0.9747272727272731,0.004060606060605154,0.9779757575757572,0.9645505936199137,0.004121116275184855,0.9678474866400616,1.3092885375494072,0.08201581027667981,1.374901185770751,0.7787521958717611,0.03690436978480455,0.8082756916996048,515.25,30.75,539.85,87.30508652763321,3.94974746830583,90.46488450227787,0.0,0.0,0.0013103485107421875,recovered_archive1/72,recovered_archive1/72/CAPorg9.jpg,2
8,120,1024,768,0.06666666666666667,0.0625,0.8369073473346913,0.027530193600914812,0.8577940815375734,1.272177598349793,0.15166154434554335,1.4565255532439094,0.9708000133877537,0.008290127867096663,0.9782201469251914,0.9626658606390852,0.0057893627793659036,0.9679084974276077,0.9104509276829011,0.14816712974923832,1.038709677419355,0.7737940130320234,0.025385462843119707,0.8066850490196079,431.375,178.76044549899734,632.1999999999999,78.89823227814084,16.70690056640866,96.33767670841365,0.0,0.0,0.004388173421223958,recovered_archive1/74,recovered_archive1/74/CAPorg1.jpg,2
8,14,1024,768,0.5714285714285714,0.36363636363636365,0.8637070229614526,0.014558629501144718,0.8808380529128257,1.1817597505983783,0.07204918803972807,1.2573951345009768,0.9822728089410107,0.002308473683389476,0.9841711434342734,0.9539913112387812,0.003189245679259382,0.9569332532347228,1.110366682071768,0.09893699001434034,1.214172395557906,0.7677854743638313,0.02035346731929336,0.7962159848265326,2498.25,612.1460201618564,3509.0,189.46677477306466,23.508271235867085,227.8601297276776,0.0,0.0,0.02541351318359375,recovered_archive1/74,recovered_archive1/74/CAPorg2.jpg,2
17,26,1024,768,0.6538461538461539,0.3953488372093023,0.8080692679807653,0.0662612938443334,0.8635498198356586,1.435179107152032,0.29200994083487153,1.695499608158736,0.975810071551475,0.003946586697681396,0.9806248807691715,0.9566213360194716,0.004339845535230184,0.9619138755454475,1.3484293519084547,0.30057878515240244,1.6549019607843136,0.7687238914111176,0.034743571942635304,0.7935944264069265,1336.264705882353,509.36740229330644,2181.5,142.53898218216253,30.227785178451516,185.81017305526646,0.0,0.0,0.028885523478190105,recovered_archive1/74,recovered_archive1/74/CAPorg3.jpg,2
28,41,1024,768,0.6829268292682927,0.4057971014492754,0.8032250357949285,0.11704590766157685,0.8844683864558295,1.41732067224239,0.48689350151670974,1.9742160927380605,0.9639432160578794,0.0404194035745192,0.9831281212824462,0.9542012990929313,0.01413211304105619,0.9674845134878972,1.1589094862326121,0.37843688584424523,1.6712121212121214,0.7561202168931265,0.07166822612933865,0.8148515538290788,1624.4285714285713,1280.9290693134592,2993.550000000001,153.75882798952588,69.84772485310313,276.6251008851332,0.0,0.03571428571428571,0.057835896809895836,recovered_archive1/74,recovered_archive1/74/CAPorg4.jpg,2
23,42,1024,768,0.5476190476190477,0.35384615384615387,0.8021570167826492,0.10480072252203086,0.8681045099734378,1.3703672653446315,0.2434609890967071,1.5517221290291758,0.9568476926261652,0.051773848642694215,0.9842895228306204,0.953741779416724,0.018472533054728343,0.967072556952914,0.9483588792960858,0.33216389060033447,1.2035460992907803,0.7737504844512344,0.08459037159392349,0.8291740342493031,1238.4565217391305,925.0775632938249,2249.1,133.66114868252865,55.07997150651648,181.47880220536797,0.0,0.043478260869565216,0.03621991475423177,recovered_archive1/74,recovered_archive1/74/CAPorg5.jpg,2
27,50,1024,768,0.54,0.35064935064935066,0.8199669013404552,0.07620509674424762,0.8803882939430561,1.3781609789010605,0.3178334801695747,1.692594834978618,0.9663558002498561,0.03758768567027566,0.9818005053704412,0.9573177128991593,0.022330291764097884,0.9710313561537305,1.206875747890074,0.32008265964984145,1.4869642857142857,0.7878381365123516,0.06173189490878266,0.8573275862068965,793.2222222222222,405.81019403194756,1364.9000000000005,107.18820474137522,32.39119115278203,142.96509370638324,0.0,0.037037037037037035,0.027233123779296875,recovered_archive1/74,recovered_archive1/74/CAPorg6.jpg,2
5,120,1024,768,0.041666666666666664,0.04,0.6568181708694092,0.18672881071358954,0.8226262723148723,2.1634800434587738,1.026390474935573,3.2955467431149166,0.9301418689686735,0.057052187888169945,0.9715456447195323,0.9514200573785236,0.01341305957730535,0.9632739698994489,1.6649018310878443,0.41885627237149164,1.981524411661398,0.6692790859894989,0.17830144819162208,0.7813504349108065,1701.7,1028.326290629584,2866.1,187.5474313554695,101.09149676428062,300.85911960090095,0.0,0.0,0.010819117228190104,recovered_archive1/76,recovered_archive1/76/CAPorg1.jpg,2
5,120,1024,768,0.041666666666666664,0.04,0.8575454811729349,0.029445692310648534,0.8891904163982254,1.2011788110426789,0.11567253759632992,1.3318321129284174,0.9728679395076366,0.009617306426297425,0.9828579487360293,0.9592873901906825,0.006379795764002565,0.9661472691149074,1.036437728937729,0.2346758128194348,1.280952380952381,0.7768100490196079,0.013061420758139717,0.7902857142857143,847.5,663.5860908729176,1625.4,101.40041840821061,43.585716433210806,150.876363543604,0.0,0.0,0.0053882598876953125,recovered_archive1/76,recovered_archive1/76/CAPorg10.jpg,2
3,74,1024,768,0.04054054054054054,0.03896103896103896,0.8839342673943525,0.005901810599018252,0.8886689609210752,1.038655891062864,0.042294261185900774,1.0810850616029803,0.9779442312951284,0.004905818423416608,0.9820788088661804,0.9628014129790978,0.002401263382912116,0.9645198036278597,0.964726631393298,0.05470216020906813,1.02010582010582,0.7620944722918407,0.0020557961315313266,0.7640079365079364,1298.5,820.060058776185,2105.4,127.13470409820216,47.17660778171101,171.5439825669289,0.0,0.0,0.0049533843994140625,recovered_archive1/76,recovered_archive1/76/CAPorg11.jpg,2
1,46,1024,768,0.021739130434782608,0.02127659574468085,0.8734683363013815,0.0,0.8734683363013815,1.1089913230482273,0.0,1.1089913230482273,0.9766277128547585,0.0,0.9766277128547585,0.9652186589508985,0.0,0.9652186589508985,1.0,0.0,1.0,0.8102493074792244,0.0,0.8102493074792244,292.5,0.0,292.5,64.8700576850888,0.0,64.8700576850888,0.0,0.0,0.0003719329833984375,recovered_archive1/76,recovered_archive1/76/CAPorg12.jpg,2
1,69,1024,768,0.014492753623188406,0.014285714285714285,0.8546692358051049,0.0,0.8546692358051049,1.1035736957498399,0.0,1.1035736957498399,0.9643835616438361,0.0,0.9643835616438361,0.9536304663443739,0.0,0.9536304663443739,0.9545454545454546,0.0,0.9545454545454546,0.7619047619047619,0.0,0.7619047619047619,352.0,0.0,352.0,71.94112549695427,0.0,71.94112549695427,0.0,0.0,0.0004475911458333333,recovered_archive1/76,recovered_archive1/76/CAPorg13.jpg,2
1,63,1024,768,0.015873015873015872,0.015625,0.8906652866566186,0.0,0.8906652866566186,1.127562352525234,0.0,1.127562352525234,0.9828597203428054,0.0,0.9828597203428054,0.963170993233561,0.0,0.963170993233561,0.9473684210526315,0.0,0.9473684210526315,0.7964181286549707,0.0,0.7964181286549707,1089.5,0.0,1089.5,123.98275605729691,0.0,123.98275605729691,0.0,0.0,0.0013853708902994792,recovered_archive1/76,recovered_archive1/76/CAPorg2.jpg,2
1,56,1024,768,0.017857142857142856,0.017543859649122806,0.8557335356158593,0.0,0.8557335356158593,1.065919035869376,0.0,1.065919035869376,0.9779698828778582,0.0,0.9779698828778582,0.9500052655630338,0.0,0.9500052655630338,1.0888888888888888,0.0,1.0888888888888888,0.7952380952380952,0.0,0.7952380952380952,1753.5,0.0,1753.5,160.4680374315355,0.0,160.4680374315355,0.0,0.0,0.0022296905517578125,recovered_archive1/76,recovered_archive1/76/CAPorg3.jpg,2
3,34,1024,768,0.08823529411764706,0.08108108108108109,0.8584395478966743,0.027249206197100355,0.8799838872332697,1.250136551477291,0.23432391537714078,1.485005554175157,0.98068040743006,0.0034981338987506365,0.9842355773952959,0.956069043884078,0.003920826212975774,0.958996666406573,1.2107744107744107,0.17332449047266216,1.385858585858586,0.7939312102506547,0.03171712142404418,0.8257512626262626,1521.1666666666667,726.9069556843037,2259.3,144.9729436401226,35.321022107078385,180.00428560496186,0.0,0.0,0.0058027903238932295,recovered_archive1/76,recovered_archive1/76/CAPorg4.jpg,2
4,36,1024,768,0.1111111111111111,0.1,0.843165116758764,0.037164361250253956,0.8795516430287603,1.2501692377703506,0.1346026064297942,1.3994110096276928,0.9813381393502686,0.003391039791486211,0.9846841066481399,0.9563057902605466,0.004382489688046839,0.9590045792033319,1.218027256746769,0.12543798894610614,1.3606130520764668,0.7944396301647396,0.03421779567187842,0.8331599307405758,2969.25,2082.8148771554324,5322.050000000001,199.90306627407986,74.15743361873871,283.56723650886414,0.0,0.0,0.015102386474609375,recovered_archive1/76,recovered_archive1/76/CAPorg5.jpg,2
7,44,1024,768,0.1590909090909091,0.13725490196078433,0.8725367948813301,0.016048440355705716,0.886211089497085,1.2017549169661965,0.11595970090250189,1.3294306088602261,0.9803283648781849,0.008233630452977553,0.9866513558782116,0.9699493885862639,0.010137224689065165,0.979578961980977,1.0998204589038247,0.1837933424250849,1.2951219512195125,0.8216124682048179,0.04163360574757258,0.8714285714285714,668.3571428571429,598.8287206995786,1301.6000000000004,87.1389506842186,46.33885181944407,135.20285706997458,0.0,0.0,0.0059490203857421875,recovered_archive1/76,recovered_archive1/76/CAPorg6.jpg,2
3,65,1024,768,0.046153846153846156,0.04411764705882353,0.7600887050004413,0.14424475235852263,0.863870601114007,1.860470446296312,0.9491776696382487,2.8052447024791416,0.9639494514534391,0.0238754864269074,0.9811008812357379,0.9606483357161849,0.003839831321963495,0.9639193873658986,0.9562500000000002,0.19883194793221362,1.1133333333333333,0.6917370014245013,0.07333738938511733,0.7515069444444444,1913.3333333333333,1276.524208762041,3214.6,176.71067811865478,80.51828145637586,258.75575746753805,0.0,0.0,0.007298787434895833,recovered_archive1/76,recovered_archive1/76/CAPorg7.jpg,2
1,101,1024,768,0.009900990099009901,0.00980392156862745,0.6409709073761996,0.0,0.6409709073761996,1.9788238913745742,0.0,1.9788238913745742,0.9684721099434122,0.0,0.9684721099434122,0.978573532644282,0.0,0.978573532644282,0.6037735849056604,0.0,0.6037735849056604,0.7063679245283019,0.0,0.7063679245283019,1198.0,0.0,1198.0,153.254833995939,0.0,153.254833995939,0.0,0.0,0.0015233357747395833,recovered_archive1/76,recovered_archive1/76/CAPorg8.jpg,2
2,115,1024,768,0.017391304347826087,0.017094017094017096,0.8658746000700759,0.010776018722482017,0.8744954150480615,1.119510023570172,0.05608590888292886,1.164378750676515,0.9785607693035723,0.00025652990207619686,0.9787659932252333,0.9542186777176072,0.00403142112428051,0.9574438146170317,0.9046683046683046,0.06830466830466836,0.9593120393120393,0.8039395126351647,0.028643069947417776,0.826853968593099,1535.25,426.25,1876.25,147.93250352560273,21.849242404917497,165.41189744953672,0.0,0.0,0.0039043426513671875,recovered_archive1/76,recovered_archive1/76/CAPorg9.jpg,2
5,120,1024,768,0.041666666666666664,0.04,0.8435334366530551,0.04235785675431711,0.8884038818388997,1.3008288949711164,0.1617381530771928,1.4832495165366664,0.9752955381434344,0.0035138059304801864,0.979214365881032,0.9615215549910655,0.007963713413920308,0.971411313942953,1.104630817629347,0.15975968919243763,1.2792270531400967,0.7418775290828126,0.04510157528788671,0.7926786018755327,535.6,175.79800908997802,710.5,88.2891485709898,17.211561262656048,103.62295808265222,0.0,0.0,0.0034052530924479165,recovered_archive1/78,recovered_archive1/78/CAPorg1.jpg,2
0,70,1024,768,0.0,0.0,,,,,,,,,,,,,,,,,,,,,,,,,,,0.0,recovered_archive1/78,recovered_archive1/78/CAPorg10.jpg,2
4,115,1024,768,0.034782608695652174,0.03361344537815126,0.8169113281834329,0.018503457141216817,0.835754160199744,1.5189758422864523,0.260389298947012,1.7941963173682527,0.9718138981134763,0.006654399717361738,0.9773197596795725,0.9621144918318383,0.0051305087103042995,0.966394795846119,1.3125664440507019,0.30446360853557797,1.576521739130435,0.7715983417211422,0.021580175552904767,0.793332298136646,640.375,213.64087126530822,824.4,97.57285348059958,18.379554579365248,112.22051942088828,0.0,0.0,0.003257115681966146,recovered_archive1/78,recovered_archive1/78/CAPorg2.jpg,2
0,120,1024,768,0.0,0.0,,,,,,,,,,,,,,,,,,,,,,,,,,,0.0,recovered_archive1/78,recovered_archive1/78/CAPorg3.jpg,2
12,88,1024,768,0.13636363636363635,0.12,0.859345503359592,0.04088606044100257,0.8989758294562363,1.2577793372886181,0.1611222927547875,1.4005102123002597,0.977735759741135,0.006877398318171572,0.9841756892189732,0.9628163782994239,0.007763858828121821,0.9719033258421871,1.0235721653825103,0.14411229470621553,1.2066666666666668,0.7680122033273342,0.03690988203116758,0.8042724867724867,896.4166666666666,740.4472981846101,1569.65,105.34265265170256,42.4087548039062,148.21778489984132,0.0,0.0,0.013678232828776041,recovered_archive1/78,recovered_archive1/78/CAPorg4.jpg,2
1,67,1024,768,0.014925373134328358,0.014705882352941176,0.6476086955876819,0.0,0.6476086955876819,2.900606657050452,0.0,2.900606657050452,0.9833051052504236,0.0,0.9833051052504236,0.9787187709124997,0.0,0.9787187709124997,0.6086956521739131,0.0,0.6086956521739131,0.7011732229123534,0.0,0.7011732229123534,2032.0,0.0,2032.0,198.5685424949238,0.0,198.5685424949238,0.0,0.0,0.0025838216145833335,recovered_archive1/78,recovered_archive1/78/CAPorg5.jpg,2
0,75,1024,768,0.0,0.0,,,,,,,,,,,,,,,,,,,,,,,,,,,0.0,recovered_archive1/78,recovered_archive1/78/CAPorg6.jpg,2
0,100,1024,768,0.0,0.0,,,,,,,,,,,,,,,,,,,,,,,,,,,0.0,recovered_archive1/78,recovered_archive1/78/CAPorg7.jpg,2
2,58,1024,768,0.034482758620689655,0.03333333333333333,0.8190750584460699,0.06718681983626029,0.8728245143150781,1.2345690527498279,0.18304685351190475,1.3810065355593517,0.9707353046981801,0.009353190877041284,0.9782178573998133,0.9601212220110454,9.057303141968287e-05,0.9601936804361811,0.8809523809523809,0.11904761904761907,0.9761904761904762,0.758729748786567,0.05486070116751934,0.8026183097205825,561.25,324.75,821.05,87.47665940288702,24.606601717798217,107.1619407771256,0.0,0.0,0.0014273325602213542,recovered_archive1/78,recovered_archive1/78/CAPorg8.jpg,2
2,60,1024,768,0.03333333333333333,0.03225806451612903,0.8831483373169127,0.015176052747738478,0.8952891795151035,1.1460607384128958,0.04475922206023575,1.1818681160610844,0.9823909952606624,0.003390995260663776,0.9851037914691935,0.9765716796255335,0.009416604829954489,0.984104963489497,0.9166666666666667,0.08333333333333331,0.9833333333333334,0.8249333333333333,0.041733333333333344,0.8583200000000001,296.75,192.75,450.95,61.16295090390226,23.020815280171306,79.57960312803931,0.0,0.0,0.0007546742757161459,recovered_archive1/78,recovered_archive1/78/CAPorg9.jpg,2
2,57,1024,768,0.03508771929824561,0.03389830508474576,0.7065349663815813,0.06589458748940968,0.7592506363731091,1.781250156195365,0.512145028076013,2.1909661786561756,0.9715740393090445,0.004143399984557039,0.9748887592966902,0.9721581854309278,0.007925581595975173,0.978498650707708,0.8480519480519481,0.3337662337662338,1.115064935064935,0.7013181263181263,0.00026917526917524803,0.7015334665334665,421.5,20.5,437.9,86.94112549695427,6.171572875253809,91.87838379715733,0.0,0.0,0.001071929931640625,recovered_archive1/80,recovered_archive1/80/CAPorg1.jpg,2
6,64,1024,768,0.09375,0.08571428571428572,0.8391477007348946,0.03084392907526351,0.8733957546111608,1.3970088495372004,0.1771460484229822,1.6062685215033774,0.9733355794146458,0.008621430690931077,0.9795759896409124,0.9637289038497446,0.005828154680368042,0.9697420971277245,1.2169758050894095,0.08953561672560895,1.2902097902097902,0.753713410411216,0.061486779958022875,0.8194819885996356,591.0,394.24611602398824,1023.75,87.84062043356596,33.26892116142407,122.93250352560273,0.0,0.0,0.00450897216796875,recovered_archive1/80,recovered_archive1/80/CAPorg2.jpg,2
3,52,1024,768,0.057692307692307696,0.05454545454545454,0.6760768021645975,0.15621787890480404,0.8302510976140567,1.893895720216112,0.42522835077517707,2.284772754179378,0.9259781988680365,0.05191262953252249,0.9668370557986044,0.9395868881749662,0.027932393718405092,0.9651612101581296,1.8220622119815666,0.5546531790783371,2.303594470046083,0.7109762859455654,0.061358653121183465,0.7614175777838017,1157.5,687.8351304394583,1743.0,145.31608939063025,67.34226575832933,206.0361615182487,0.0,0.0,0.0044155120849609375,recovered_archive1/80,recovered_archive1/80/CAPorg3.jpg,2
0,49,1024,768,0.0,0.0,,,,,,,,,,,,,,,,,,,,,,,,,,,0.0,recovered_archive1/80,recovered_archive1/80/CAPorg4.jpg,2
4,43,1024,768,0.09302325581395349,0.0851063829787234,0.8069587845732971,0.018522364281902855,0.8270094860107546,1.4415582034059056,0.2988306269809283,1.7678080744556608,0.9718241185329438,0.008623414377567317,0.9781315416178409,0.9651459775953446,0.008780943340089022,0.9752233230906718,1.3263631758312608,0.2445749970269998,1.5951515151515152,0.7614288194075428,0.04186928327842165,0.8074358974358975,587.75,666.1670680092194,1311.1500000000003,82.26955262170047,47.2958291306333,135.0295598004505,0.0,0.0,0.0029894510904947915,recovered_archive1/80,recovered_archive1/80/CAPorg5.jpg,2
0,59,1024,768,0.0,0.0,,,,,,,,,,,,,,,,,,,,,,,,,,,0.0,recovered_archive1/80,recovered_archive1/80/CAPorg6.jpg,2
0,64,1024,768,0.0,0.0,,,,,,,,,,,,,,,,,,,,,,,,,,,0.0,recovered_archive1/80,recovered_archive1/80/CAPorg7.jpg,2
0,120,1024,768,0.0,0.0,,,,,,,,,,,,,,,,,,,,,,,,,,,0.0,recovered_archive1/84,recovered_archive1/84/CAPorg1.jpg,2
4,31,1024,768,0.12903225806451613,0.11428571428571428,0.8301551091398607,0.08479543376548702,0.8836632158903772,1.3096239265239595,0.2129697706701056,1.541708741721008,0.9784285996584173,0.00866638786905649,0.9867973488653498,0.9659407141898886,0.005252248885765502,0.9704244648464377,1.1950386215092097,0.21381196659572907,1.4297979797979798,0.7739685753835648,0.05463725374026752,0.8197456607664547,1278.25,1504.668256626689,2853.4500000000007,118.53300858899108,67.46215574225329,188.74814562296316,0.0,0.0,0.006501515706380208,recovered_archive1/84,recovered_archive1/84/CAPorg2.jpg,2
1,51,1024,768,0.0196078431372549,0.019230769230769232,0.8764545528357452,0.0,0.8764545528357452,1.2426908573035131,0.0,1.2426908573035131,0.9767054908485858,0.0,0.9767054908485858,0.9689696779348145,0.0,0.9689696779348145,1.1111111111111112,0.0,1.1111111111111112,0.8152777777777778,0.0,0.8152777777777778,293.5,0.0,293.5,64.8700576850888,0.0,64.8700576850888,0.0,0.0,0.0003732045491536458,recovered_archive1/84,recovered_archive1/84/CAPorg3.jpg,2
1,27,1024,768,0.037037037037037035,0.03571428571428571,0.8207646291649164,0.0,0.8207646291649164,1.3351609098184696,0.0,1.3351609098184696,0.9580419580419582,0.0,0.9580419580419582,0.9609147944522711,0.0,0.9609147944522711,1.25,0.0,1.25,0.7611111111111111,0.0,0.7611111111111111,137.0,0.0,137.0,45.79898987322333,0.0,45.79898987322333,0.0,0.0,0.00017420450846354166,recovered_archive1/84,recovered_archive1/84/CAPorg4.jpg,2
4,42,1024,768,0.09523809523809523,0.08695652173913043,0.8718326194376484,0.014366989286132842,0.8873119311368652,1.140754971582005,0.05416020688126236,1.2002506160446873,0.9825462959664709,0.001882104948566521,0.9846439500262422,0.9551580772746664,0.003876776169430225,0.957903684011414,1.044173650519248,0.08422967443846989,1.1393939393939394,0.7952635154292726,0.01732056574523463,0.8137483886612806,2320.5,908.6402615997158,3340.75,179.4030662740799,36.347489685169236,219.88195513462557,0.0,0.0,0.01180267333984375,recovered_archive1/84,recovered_archive1/84/CAPorg5.jpg,2
7,38,1024,768,0.18421052631578946,0.15555555555555556,0.8534044082036326,0.04761223030997497,0.8937838109892255,1.2149335328751485,0.12853349135433353,1.3293543403660242,0.9787581935128493,0.007393789320302681,0.9863933913312014,0.9655744763379204,0.008875676596029577,0.9754652194702811,0.925590433321718,0.07914816109771623,1.0266666666666666,0.7874776278630683,0.048545741475264116,0.8295625,789.9285714285714,462.16435145422247,1450.4,104.07731389777915,34.175307520030096,152.29402589451774,0.0,0.0,0.0070311228434244795,recovered_archive1/84,recovered_archive1/84/CAPorg6.jpg,2
4,48,1024,768,0.08333333333333333,0.07692307692307693,0.7432674776527377,0.13949220985081515,0.8545523205772079,1.8656631341692163,0.637236103043021,2.5787811468185,0.966692900642055,0.009780816682269449,0.9774711352969967,0.9621807631357819,0.0037536499865694975,0.9663310018127215,1.308880308880309,0.2390931815078417,1.5801801801801802,0.6932247869952118,0.158929588490095,0.8100315990593768,579.5,333.0448543364692,939.85,97.75483399593904,37.66411514690984,136.58347032479057,0.0,0.0,0.0029474894205729165,recovered_archive1/84,recovered_archive1/84/CAPorg7.jpg,2
8,37,1024,768,0.21621621621621623,0.17777777777777778,0.7736129901668612,0.09565359354910527,0.8658920549598187,1.707320868620757,0.8232603062153504,2.928747331135311,0.965270170193923,0.014298396578982051,0.9789240849860837,0.9664901636591576,0.007295478172242555,0.9734462697736378,1.263847142685171,0.4426931865717241,1.6404761904761902,0.7643782472298257,0.0513155594389126,0.8191358024691359,1388.75,1491.2873004555495,3533.7,128.8583873865323,84.9901751695786,252.59595949289334,0.0,0.0,0.014127095540364584,recovered_archive1/84,recovered_archive1/84/CAPorg8.jpg,2
3,34,1024,768,0.08823529411764706,0.08108108108108109,0.7561280883776537,0.17229563698929387,0.8799500836394193,1.8164636964887375,0.9294928495810205,2.753420018303825,0.9564982132068578,0.03725099031539569,0.9851160881002585,0.9663588896050697,0.008336399292724575,0.9748492569811501,0.9001194357715896,0.13581909234769088,1.0381672177609826,0.7072177571562572,0.13071975918193035,0.8022805378999419,1959.1666666666667,1893.8510295749825,3842.4,158.58241934837133,71.27129638263592,231.22926394116743,0.0,0.0,0.0074736277262369795,recovered_archive1/84,recovered_archive1/84/CAPorg9.jpg,2
10,77,1024,768,0.12987012987012986,0.11494252873563218,0.807194303173825,0.0909387949609397,0.8795581800710296,1.3837612919204658,0.3062039778805295,1.8457627725762336,0.9623789481152787,0.019732904572041673,0.9819405594405598,0.9642219169176431,0.01329182576398153,0.9788074730931874,1.1983409645909646,0.3535939845693979,1.79375,0.7680894127304655,0.07371532502261473,0.8586480186480187,372.0,334.9766409766508,588.2999999999997,72.69848480983501,34.158156041480225,99.99209229614208,0.0,0.0,0.004730224609375,recovered_archive2/105,recovered_archive2/105/CAPorg1.jpg,2
27,33,1024,768,0.8181818181818182,0.45,0.7792714612970706,0.11781624142365965,0.8688964967690457,1.5765274523219928,0.553651980281348,2.0260368607508337,0.9510389282495637,0.04928540717732767,0.9760183591508879,0.9587428141077616,0.012919659040556794,0.9705391825095393,1.425160044950105,0.4429123619685361,1.8051282051282052,0.7427220244375822,0.09157791674171158,0.8261220669539855,514.0,446.66985902673457,1011.2,86.42768420028197,40.69204358322843,140.6538238691624,0.0,0.037037037037037035,0.01764678955078125,recovered_archive2/105,recovered_archive2/105/CAPorg10.jpg,2
30,53,1024,768,0.5660377358490566,0.3614457831325301,0.7910359439948712,0.0950868906039966,0.8884232783082171,1.5231117490419797,0.4277217196417824,2.0883251338821904,0.9651847555847163,0.023658923813209234,0.9840111543806911,0.9626810602102195,0.015481947492105958,0.9789085483087077,1.0173795061813107,0.3461804864267245,1.4672364672364673,0.7575934810029213,0.08695316459542152,0.848125,850.1166666666667,944.4814510560221,1884.5000000000018,104.03449489409681,63.9882801463698,168.2126117170305,0.0,0.0,0.03242937723795573,recovered_archive2/105,recovered_archive2/105/CAPorg11.jpg,2
27,15,1024,768,1.8,0.6428571428571429,0.6964790629530744,0.14565862449217634,0.8660380917852882,1.8551834133944451,0.8679689518573013,3.079379048464883,0.9361950735400184,0.05125962030438854,0.9785220750593965,0.9413518638585019,0.028890642147259598,0.9640799555189646,1.3332900105495173,0.4932717974230097,2.146666666666667,0.6907047144070714,0.09144043939931079,0.8006057707635901,4249.740740740741,4079.3539393406727,9588.900000000001,257.08790003248254,158.18904374513733,483.7561758757488,0.0,0.037037037037037035,0.14590326944986978,recovered_archive2/105,recovered_archive2/105/CAPorg12.jpg,2
3,49,1024,768,0.061224489795918366,0.057692307692307696,0.6991082383721002,0.23848909434200882,0.8713481788967294,2.056641857646674,1.2173568920067006,3.2692618154708644,0.936767019622188,0.05460471489994567,0.9766398300094472,0.9539008279942068,0.01289244108140056,0.964574334544286,1.5552716101103197,0.5533729465822512,2.1174025974025974,0.6453637724392721,0.18523945074934164,0.7817570869990225,1884.3333333333333,1767.753863585715,3662.3,193.45247703346013,139.23173379984695,333.37770542341354,0.0,0.0,0.007188161214192708,recovered_archive2/105,recovered_archive2/105/CAPorg2.jpg,2
6,58,1024,768,0.10344827586206896,0.09375,0.818721627089856,0.06103569756314222,0.8766640861537742,1.4573596947185763,0.38997076771768474,1.9791034481887082,0.9653140108594651,0.009926552661179283,0.975833244025292,0.9683790376908125,0.004184902140773878,0.973536371547387,1.1785057471264366,0.33590791187268215,1.5499999999999998,0.7726234726404871,0.0863413807274873,0.8291998231653404,401.25,218.20303045558282,628.0,75.01506729927027,24.634320109227726,98.76955262170048,0.0,0.0,0.0030612945556640625,recovered_archive2/105,recovered_archive2/105/CAPorg3.jpg,2
25,53,1024,768,0.4716981132075472,0.32051282051282054,0.7750120683244512,0.14932917419563582,0.8826635760935142,1.6386739215219461,0.7239448498470255,2.4872303339485944,0.9569005453353705,0.03657665461718102,0.979295477004942,0.9591391571236185,0.009743917953424046,0.9700443361877479,1.5078623615732938,0.6705213220030003,2.3058823529411767,0.7533639759088169,0.08980812346131675,0.806872936284701,1344.38,1796.480466245041,3519.500000000001,134.97158723275376,106.65181128965078,260.36896090313445,0.0,0.0,0.04273668924967448,recovered_archive2/105,recovered_archive2/105/CAPorg4.jpg,2
25,56,1024,768,0.44642857142857145,0.30864197530864196,0.7909569910711588,0.0896879388172674,0.8636451422748629,1.4763677411065683,0.3246369710649426,1.9808945915451186,0.9600992569338805,0.03329175547166536,0.9791788117123091,0.9587610902467896,0.00954714785548314,0.9672918776414743,1.3563381589160761,0.352839223282341,1.9764705882352942,0.76407526780655,0.06225356757404065,0.8208741258741259,747.52,638.2807607941821,1239.0,103.68131019127408,43.12486483577941,144.91168824543144,0.0,0.0,0.023763020833333332,recovered_archive2/105,recovered_archive2/105/CAPorg5.jpg,2
10,78,1024,768,0.1282051282051282,0.11363636363636363,0.8266606985389622,0.05730474336390041,0.8817338694805104,1.4478979600870463,0.39407615412116603,1.7379754500601006,0.9736888198487479,0.006864353721878788,0.979404163712315,0.9641024920597209,0.0064783342717809065,0.9692986725543911,1.221905774574385,0.3515961336066215,1.6352941176470586,0.7802542585405828,0.0360854426561483,0.8227561563940092,554.95,222.95654845731713,819.3499999999999,89.92518754031087,18.056683394345832,109.81879502661796,0.0,0.0,0.0070565541585286455,recovered_archive2/105,recovered_archive2/105/CAPorg6.jpg,2
18,54,1024,768,0.3333333333333333,0.25,0.7820807019866001,0.14303771675326216,0.8788727792077622,1.6229244095382258,0.7711996781135005,2.520235893230082,0.9612419954214175,0.032895180998873355,0.9814936550060318,0.9576194464350493,0.010515297100012333,0.9703049362661932,1.3232283488763095,0.5581565237162612,2.1289215686274514,0.7550516789461822,0.08402058484875338,0.8133130192691321,1193.611111111111,1489.2703988825044,2965.050000000001,126.18783062034683,86.27433050779082,220.5072293301142,0.0,0.0,0.027319590250651043,recovered_archive2/105,recovered_archive2/105/CAPorg7.jpg,2
25,11,1024,768,2.272727272727273,0.6944444444444444,0.6303328850349323,0.16391438878784018,0.7990836607233484,2.461312257574417,1.0419792157325916,4.105613426444996,0.9365004982499728,0.0453432294463362,0.9780429755319218,0.9571266425229102,0.010263726318764332,0.9670582040156522,2.1541935722135213,0.8743303188486106,3.342857142857144,0.6851242630040515,0.102173549854395,0.7864430014430015,502.92,289.32510019008026,862.2,97.74896387667002,28.552359083433267,141.99108216936546,0.04,0.0,0.015987396240234375,recovered_archive2/105,recovered_archive2/105/CAPorg8.jpg,2
22,60,1024,768,0.36666666666666664,0.2682926829268293,0.8092156419729144,0.1042419174864027,0.885427995948539,1.5747836096003398,0.5390055702482778,1.9062833803602262,0.9641851079376106,0.02692815195270158,0.9825177979725092,0.965180710176671,0.011590757533541728,0.9784490329565386,1.466992879157492,0.43633287366082757,1.7903703703703706,0.7779210910523282,0.06597237138780514,0.8331168831168831,424.54545454545456,311.72550968509097,938.7500000000003,77.03471070163818,36.86823318473269,125.12173875177027,0.0,0.0,0.011876424153645834,recovered_archive2/105,recovered_archive2/105/CAPorg9.jpg,2
10,104,1024,768,0.09615384615384616,0.08771929824561403,0.8065466165713714,0.08288757701873735,0.8790264325190826,1.4366089699232263,0.26367802038358507,1.8846444342949498,0.9700585712607188,0.015562588955865927,0.9801306870220686,0.9563625161491313,0.017105952094222374,0.9661058551383415,1.148082556240451,0.33797484180620446,1.3716611348190293,0.7496159645879762,0.05728606095263126,0.8216666666666667,5706.75,13216.521106649056,8953.349999999986,206.68540392316618,261.1106638974746,348.1926332532801,0.0,0.0,0.07256507873535156,recovered_archive2/110,recovered_archive2/110/CAPorg1.jpg,2
1,38,1024,768,0.02631578947368421,0.02564102564102564,0.7654392390388085,0.0,0.7654392390388085,1.3079670431460664,0.0,1.3079670431460664,0.9696707105719232,0.0,0.9696707105719232,0.9667693595612727,0.0,0.9667693595612727,1.1111111111111112,0.0,1.1111111111111112,0.6907407407407408,0.0,0.6907407407407408,559.5,0.0,559.5,95.84062043356596,0.0,95.84062043356596,0.0,0.0,0.0007114410400390625,recovered_archive2/110,recovered_archive2/110/CAPorg10.jpg,2
3,31,1024,768,0.0967741935483871,0.08823529411764706,0.8311106520944463,0.028545793022419243,0.8602078439849473,1.2175312817790864,0.0803615577566417,1.2981889347167836,0.9714866124808084,0.004786568786002346,0.9754829311546014,0.9594264598141712,0.010556873579919418,0.9674339135600777,1.1825617283950616,0.09697671333589056,1.277037037037037,0.7794870049159265,0.030088597848958197,0.8089027149321267,1064.5,1064.3604495971592,2133.9,111.49747468305833,62.00382459167956,174.47291475506336,0.0,0.0,0.0040607452392578125,recovered_archive2/110,recovered_archive2/110/CAPorg2.jpg,2
6,35,1024,768,0.17142857142857143,0.14634146341463414,0.7993204437489506,0.045081773162789836,0.8544907777796118,1.4611592421953812,0.3014375847575671,1.7848796249350767,0.968415367696343,0.011392131744649757,0.9805946461395716,0.9629284103874429,0.004570566949052514,0.9686241733274845,1.334355975408607,0.20312973495524228,1.55,0.7560874943769681,0.04177932225414054,0.7996296296296297,685.75,884.479213530011,1595.0,88.08613511113573,49.293855251647564,142.63961030678928,0.0,0.0,0.0052318572998046875,recovered_archive2/110,recovered_archive2/110/CAPorg3.jpg,2
23,32,1024,768,0.71875,0.41818181818181815,0.7658708343176592,0.09069621990770442,0.8647696555305138,1.4789810495561277,0.2825952215881064,1.8892462745675136,0.9583441619388817,0.027002268758066116,0.9807811950651893,0.9509171600655316,0.023216577060758654,0.9665181171804103,1.1578018808578385,0.40556501130131434,1.7200000000000002,0.7406689912831292,0.06518116110723704,0.8036928811928812,3052.4565217391305,6942.346807367219,3276.0,175.52855564830878,154.77761233420546,242.31698397716997,0.0,0.0,0.08927218119303386,recovered_archive2/110,recovered_archive2/110/CAPorg4.jpg,2
8,43,1024,768,0.18604651162790697,0.1568627450980392,0.7664845894220285,0.1139342944068229,0.869989157991911,1.6351487690697173,0.3676960693903224,1.9570709866328337,0.9453244275220147,0.0440658404643825,0.9836202385988562,0.9553174248379834,0.014729197996546322,0.9678331650005244,0.9928556797583663,0.32036340983059886,1.51088948787062,0.7251559840623935,0.12020281236627228,0.8177086414275855,1523.875,1754.6635850997193,3920.2999999999997,131.36143571373725,89.87143793079584,250.58906191581212,0.0,0.0,0.015501658121744791,recovered_archive2/110,recovered_archive2/110/CAPorg5.jpg,2
1,25,1024,768,0.04,0.038461538461538464,0.8501164348874108,0.0,0.8501164348874108,1.111105281412213,0.0,1.111105281412213,0.9700260642919201,0.0,0.9700260642919201,0.9539445583792835,0.0,0.9539445583792835,1.0526315789473684,0.0,1.0526315789473684,0.7345394736842106,0.0,0.7345394736842106,1116.5,0.0,1116.5,128.46803743153546,0.0,128.46803743153546,0.0,0.0,0.0014197031656901042,recovered_archive2/110,recovered_archive2/110/CAPorg6.jpg,2
2,37,1024,768,0.05405405405405406,0.05128205128205128,0.7558867797634704,0.023211801124613074,0.7744562206631609,1.8255700351996151,0.15784530717840828,1.9518462809423418,0.9667225531872097,0.00996742350276697,0.9746964919894233,0.9567997992622409,0.0008563516738728794,0.9574848806013392,1.2393509127789046,0.4158215010141988,1.5720081135902637,0.7850850007490681,0.03257063293297613,0.811141507095449,5291.5,4244.0,8686.7,267.19595949289334,137.21320343559643,376.9665222413705,0.0,0.0,0.013456980387369791,recovered_archive2/110,recovered_archive2/110/CAPorg7.jpg,2
2,46,1024,768,0.043478260869565216,0.041666666666666664,0.7894081593686194,0.02509952316005326,0.809487777896662,1.542191060747211,0.26368338585647444,1.7531377694323904,0.9730462519936207,0.009409888357255869,0.9805741626794254,0.9711510449893506,0.0013199928832652863,0.9722070392959627,0.9678571428571429,0.28214285714285714,1.1935714285714285,0.7680555555555556,0.03194444444444444,0.7936111111111112,402.25,269.75,618.05,75.16295090390226,29.94974746830583,99.12274887854693,0.0,0.0,0.0010229746500651042,recovered_archive2/110,recovered_archive2/110/CAPorg8.jpg,2
0,31,1024,768,0.0,0.0,,,,,,,,,,,,,,,,,,,,,,,,,,,0.0,recovered_archive2/110,recovered_archive2/110/CAPorg9.jpg,2
4,42,1024,768,0.09523809523809523,0.08695652173913043,0.8231146106992688,0.07533375043686379,0.8760984671979184,1.2979445968313825,0.25118277419728324,1.5817224523560833,0.9680646125995969,0.024602806759865425,0.9842606663907053,0.9458766319444898,0.012362559141457183,0.9534212606012783,1.092002442002442,0.18595943798424983,1.2984615384615383,0.7435191873111192,0.061203638747895715,0.7945727034629936,4435.125,1597.4806874810724,6208.8,259.51145366061223,58.856297390165196,324.3375033980583,0.0,0.0,0.022558212280273438,recovered_archive2/111,recovered_archive2/111/CAPorg1.jpg,2
1,61,1024,768,0.01639344262295082,0.016129032258064516,0.8850445337308899,0.0,0.8850445337308899,1.1880020673954466,0.0,1.1880020673954466,0.9779411764705892,0.0,0.9779411764705892,0.9826074554096842,0.0,0.9826074554096842,1.0,0.0,1.0,0.8209876543209876,0.0,0.8209876543209876,66.5,0.0,66.5,30.727922061357855,0.0,30.727922061357855,0.0,0.0,8.455912272135417e-05,recovered_archive2/111,recovered_archive2/111/CAPorg2.jpg,2
2,62,1024,768,0.03225806451612903,0.03125,0.8703722894555521,0.0006568319766315778,0.8708977550368574,1.2344131722115215,0.016025448794758756,1.2472335312473284,0.97425544423684,0.007343679530958269,0.9801303878616066,0.9600281625564279,0.008620732464160397,0.9669247485277562,0.95,0.1333333333333333,1.0566666666666666,0.8025117739403453,0.040436944008372555,0.8348613291470435,1186.0,1054.5,2029.6000000000001,111.74011537017762,68.18376618407356,166.28712831743647,0.0,0.0,0.0030161539713541665,recovered_archive2/111,recovered_archive2/111/CAPorg3.jpg,2
0,66,1024,768,0.0,0.0,,,,,,,,,,,,,,,,,,,,,,,,,,,0.0,recovered_archive2/111,recovered_archive2/111/CAPorg4.jpg,2
0,40,1024,768,0.0,0.0,,,,,,,,,,,,,,,,,,,,,,,,,,,0.0,recovered_archive2/111,recovered_archive2/111/CAPorg5.jpg,2
0,51,1024,768,0.0,0.0,,,,,,,,,,,,,,,,,,,,,,,,,,,0.0,recovered_archive2/116,recovered_archive2/116/CAPorg1.jpg,2
1,63,1024,768,0.015873015873015872,0.015625,0.7906308606562401,0.0,0.7906308606562401,1.4972564984420373,0.0,1.4972564984420373,0.9489051094890513,0.0,0.9489051094890513,0.9676963419237535,0.0,0.9676963419237535,0.7272727272727273,0.0,0.7272727272727273,0.7386363636363636,0.0,0.7386363636363636,65.0,0.0,65.0,32.14213562373095,0.0,32.14213562373095,0.0,0.0,8.265177408854167e-05,recovered_archive2/116,recovered_archive2/116/CAPorg2.jpg,2
0,68,1024,768,0.0,0.0,,,,,,,,,,,,,,,,,,,,,,,,,,,0.0,recovered_archive2/116,recovered_archive2/116/CAPorg3.jpg,2
0,57,1024,768,0.0,0.0,,,,,,,,,,,,,,,,,,,,,,,,,,,0.0,recovered_archive2/116,recovered_archive2/116/CAPorg4.jpg,2
0,49,1024,768,0.0,0.0,,,,,,,,,,,,,,,,,,,,,,,,,,,0.0,recovered_archive2/116,recovered_archive2/116/CAPorg5.jpg,2
0,42,1024,768,0.0,0.0,,,,,,,,,,,,,,,,,,,,,,,,,,,0.0,recovered_archive2/116,recovered_archive2/116/CAPorg6.jpg,2
5,29,1024,768,0.1724137931034483,0.14705882352941177,0.6935634642906086,0.16829315861601238,0.8319092522868718,3.36774095565418,3.963915447502407,7.407908846835495,0.962667445518864,0.02088171662998759,0.983492947228801,0.9610739438644174,0.0033236394899709243,0.9645940357339668,1.522681292951408,0.5333698960311718,2.078509852216749,0.6947953903316079,0.10919256720687599,0.7916025804261099,5147.9,6009.864086649548,12579.900000000001,280.3758584802157,240.3182810656352,571.2071426749366,0.0,0.0,0.0327294667561849,recovered_archive2/119,recovered_archive2/119/CAPorg1.jpg,2
2,120,1024,768,0.016666666666666666,0.01639344262295082,0.8612099597339298,0.0045276164036267,0.8648320528568311,1.182288928590281,0.06665301435296167,1.2356113400726503,0.980722072294113,0.0007815076581543234,0.9813472784206365,0.9649669767388824,0.0007399295157695662,0.9655589203514982,1.106332138590203,0.041816009557945066,1.1397849462365592,0.7959704572607798,0.00803736287607254,0.8024003475616378,741.0,81.5,806.2,103.84062043356595,6.0,108.64062043356594,0.0,0.0,0.00188446044921875,recovered_archive2/119,recovered_archive2/119/CAPorg10.jpg,2
6,85,1024,768,0.07058823529411765,0.06593406593406594,0.7206209582724031,0.18248072578552077,0.8551236413966992,1.4814022409077896,0.37385514290745003,1.9191562974041254,0.9201135970316009,0.08206708399999312,0.9806973022279113,0.9420297051945221,0.029787726363840018,0.9665422246599501,0.9925478632024513,0.32785911519906774,1.3863636363636362,0.687946028905006,0.10746736339051104,0.782723600803958,1240.3333333333333,1072.662329077619,2612.0,147.60610861899318,92.67627473207297,253.65180361560908,0.0,0.16666666666666666,0.009462992350260416,recovered_archive2/119,recovered_archive2/119/CAPorg11.jpg,2
7,30,1024,768,0.23333333333333334,0.1891891891891892,0.8366248339982032,0.04817214926996314,0.8830305480094389,1.322633616263596,0.24307150671644073,1.5586372147915668,0.9742097886671525,0.007318159507488361,0.9823822764828549,0.9588140077106276,0.0051228393154994275,0.964809289639794,1.2323272339976767,0.25671415148378696,1.4879023307436183,0.7645431577629854,0.049012436045743395,0.8082905936568175,945.5,680.4110627302545,1630.9000000000005,113.70545241487487,37.980413442210946,152.78763338082484,0.0,0.0,0.008415857950846354,recovered_archive2/119,recovered_archive2/119/CAPorg2.jpg,2
7,40,1024,768,0.175,0.14893617021276595,0.790691682133669,0.16707535321962075,0.88113428807835,1.8401360692503188,1.5070124525762412,3.11148209588523,0.964857496867492,0.02699615660434593,0.9801365310949706,0.9628434928729972,0.006630057609481708,0.9709545036216719,1.217161422806584,0.4515346348396009,1.6089743589743593,0.7313563444524174,0.1072872374901428,0.8155072463768116,569.9285714285714,228.17089907276403,854.9000000000001,96.20407127317799,26.885995063610704,127.75189027078676,0.0,0.0,0.0050729115804036455,recovered_archive2/119,recovered_archive2/119/CAPorg3.jpg,2
0,36,1024,768,0.0,0.0,,,,,,,,,,,,,,,,,,,,,,,,,,,0.0,recovered_archive2/119,recovered_archive2/119/CAPorg4.jpg,2
0,62,1024,768,0.0,0.0,,,,,,,,,,,,,,,,,,,,,,,,,,,0.0,recovered_archive2/119,recovered_archive2/119/CAPorg5.jpg,2
2,105,1024,768,0.01904761904761905,0.018691588785046728,0.88211620131539,0.02084680906851727,0.8987936485702039,1.1987677310806635,0.14319540986396762,1.3133240589718376,0.9794524142757184,0.004452414275717409,0.9830143456962923,0.9643313139788832,0.0032722497379274462,0.9669491137692251,0.9655172413793103,0.10344827586206895,1.0482758620689654,0.7675417130144605,0.014438264738598439,0.7790923248053393,624.5,78.5,687.3,94.08326112068522,4.828427124746192,97.94600282048218,0.0,0.0,0.0015881856282552083,recovered_archive2/119,recovered_archive2/119/CAPorg6.jpg,2
0,24,1024,768,0.0,0.0,,,,,,,,,,,,,,,,,,,,,,,,,,,0.0,recovered_archive2/119,recovered_archive2/119/CAPorg7.jpg,2
4,56,1024,768,0.07142857142857142,0.06666666666666667,0.734003217687629,0.11859700226385135,0.8579168851558534,1.8382523639143522,0.733272241551108,2.6504064997790273,0.955083511671363,0.020845849527643803,0.9767358212797542,0.9593350259515685,0.004844719429333198,0.9648742080582594,1.613833746898263,0.7185631267364204,2.426923076923077,0.760145889420083,0.04652803045367884,0.8098790322580646,484.0,202.29495792035945,706.1,88.5269119345812,14.222667515183705,101.35777772109132,0.0,0.0,0.0024617513020833335,recovered_archive2/119,recovered_archive2/119/CAPorg8.jpg,2
1,64,1024,768,0.015625,0.015384615384615385,0.8607694382877141,0.0,0.8607694382877141,1.0588980413788849,0.0,1.0588980413788849,0.981616308700401,0.0,0.981616308700401,0.9502680956396768,0.0,0.9502680956396768,0.9672131147540983,0.0,0.9672131147540983,0.7492358988607947,0.0,0.7492358988607947,2696.5,0.0,2696.5,198.4091629284898,0.0,198.4091629284898,0.0,0.0,0.003428777058919271,recovered_archive2/119,recovered_archive2/119/CAPorg9.jpg,2
3,60,1024,768,0.05,0.047619047619047616,0.804273883013137,0.0530148278884236,0.8538163125434716,1.5924226346653068,0.3147880734232962,1.9133614751932413,0.9670116190007795,0.01712435032466225,0.9812823105998544,0.9577339885751868,0.003982217345246327,0.9616466363578511,1.4450177731911478,0.23563607824401603,1.681045751633987,0.7486367154517309,0.005779404046667332,0.7539473684210527,864.5,546.0416650769426,1323.3,105.10695039130707,44.15480404149068,139.3935208311294,0.0,0.0,0.0032978057861328125,recovered_archive2/123,recovered_archive2/123/CAPorg1.jpg,2
4,38,1024,768,0.10526315789473684,0.09523809523809523,0.7522496292602298,0.053478129666938025,0.8136205212974909,1.5022634334657736,0.19120681419469568,1.683865244743789,0.9683543847249325,0.011277865494027737,0.9778750835408478,0.9545618802792818,0.005738767857444397,0.9586623227572755,1.1577979038505353,0.2619285808877518,1.420909090909091,0.7650185024604246,0.057989971258948156,0.8056300564386404,3516.75,1683.9650567930441,5236.0,235.83199846221441,69.84359252642986,302.31656556895933,0.0,0.0,0.017887115478515625,recovered_archive2/123,recovered_archive2/123/CAPorg2.jpg,2
1,56,1024,768,0.017857142857142856,0.017543859649122806,0.8319273378458428,0.0,0.8319273378458428,1.3442019270254078,0.0,1.3442019270254078,0.9621212121212117,0.0,0.9621212121212117,0.9648821346035446,0.0,0.9648821346035446,1.1666666666666667,0.0,1.1666666666666667,0.7559523809523809,0.0,0.7559523809523809,127.0,0.0,127.0,43.79898987322333,0.0,43.79898987322333,0.0,0.0,0.00016148885091145834,recovered_archive2/123,recovered_archive2/123/CAPorg3.jpg,2
1,42,1024,768,0.023809523809523808,0.023255813953488372,0.8824193371872773,0.0,0.8824193371872773,1.2673054635508674,0.0,1.2673054635508674,0.9884770501248318,0.0,0.9884770501248318,0.9611678857128132,0.0,0.9611678857128132,1.26,0.0,1.26,0.816984126984127,0.0,0.816984126984127,2573.5,0.0,2573.5,191.43860018001266,0.0,191.43860018001266,0.0,0.0,0.003272374471028646,recovered_archive2/123,recovered_archive2/123/CAPorg4.jpg,2
13,46,1024,768,0.2826086956521739,0.22033898305084745,0.7955843477948243,0.09108887316725395,0.868192767440041,1.6423100463320115,0.6069582858616208,2.1605937882957735,0.9730108114772386,0.017660829335493462,0.9859821280249998,0.9585581737068787,0.007568422540759029,0.9651868497720204,1.1363482607719564,0.38246027722847925,1.5010204081632652,0.7619426413634768,0.040825768563985246,0.7975661689947404,2297.3846153846152,1306.774996138411,3480.6,182.78721268527914,53.706475450451194,227.57728701520298,0.0,0.0,0.037976582845052086,recovered_archive2/123,recovered_archive2/123/CAPorg5.jpg,2
6,45,1024,768,0.13333333333333333,0.11764705882352941,0.8007626527499832,0.05392967993607636,0.8556451779817307,1.430018588876516,0.3255982061667219,1.7991083498635647,0.9715908385767175,0.006658466329715794,0.9792483078662637,0.9538362013214932,0.0027466782776214053,0.9564198000174958,1.362590211582838,0.3227551683358664,1.740102171136654,0.7579825913832025,0.031736048500289334,0.7869165173906554,1387.0833333333333,883.9530255555942,2603.25,140.77074306752323,47.4257420470109,202.5599205235723,0.0,0.0,0.010582605997721354,recovered_archive2/123,recovered_archive2/123/CAPorg6.jpg,2
4,57,1024,768,0.07017543859649122,0.06557377049180328,0.7618436056439619,0.08086798399171152,0.8464993539185569,1.8060307507415327,0.5123510220822217,2.346980099738863,0.9791580400652639,0.004602631255544901,0.9828741406663144,0.9603350737754482,0.009332809537915682,0.9710178117605626,1.2147393048128343,0.4755429248927712,1.6338235294117647,0.7468425467768469,0.02526823349547452,0.7733062362166135,1984.625,1057.2034084673583,3173.4500000000003,175.5139789775539,45.13927799632162,225.49616869699872,0.0,0.0,0.010094324747721354,recovered_archive2/123,recovered_archive2/123/CAPorg7.jpg,2
13,103,1024,768,0.1262135922330097,0.11206896551724138,0.7260857094501484,0.14133692742194787,0.8653126448588134,2.1788863109285894,1.5199265003328895,4.257899745877509,0.9757381949999006,0.008530002593367657,0.9856210606991075,0.9606662064267819,0.01083502134951249,0.9783625167324346,1.0808634047445724,0.37961082986832856,1.3814814814814815,0.7147580123774403,0.06632762060226913,0.7807666666666667,3475.8846153846152,3472.1908410521432,9948.400000000001,227.54605938152565,121.54084623079828,441.0497833620558,0.0,0.0,0.05745760599772135,recovered_archive2/127,recovered_archive2/127/CAPorg1.jpg,2
1,65,1024,768,0.015384615384615385,0.015151515151515152,0.7530205250998606,0.0,0.7530205250998606,1.929456507280371,0.0,1.929456507280371,0.9795046475376711,0.0,0.9795046475376711,0.9489445282937616,0.0,0.9489445282937616,1.855263157894737,0.0,1.855263157894737,0.7916200074654722,0.0,0.7916200074654722,8483.0,0.0,8483.0,376.2497833620557,0.0,376.2497833620557,0.0,0.0,0.010786692301432291,recovered_archive2/127,recovered_archive2/127/CAPorg10.jpg,2
1,52,1024,768,0.019230769230769232,0.018867924528301886,0.7398934431274039,0.0,0.7398934431274039,1.7177204829378077,0.0,1.7177204829378077,0.9749747341065499,0.0,0.9749747341065499,0.9431236378771615,0.0,0.9431236378771615,1.7415730337078652,0.0,1.7415730337078652,0.7342877854295035,0.0,0.7342877854295035,10129.5,0.0,10129.5,414.7766952966369,0.0,414.7766952966369,0.0,0.0,0.012880325317382812,recovered_archive2/127,recovered_archive2/127/CAPorg11.jpg,2
2,120,1024,768,0.016666666666666666,0.01639344262295082,0.8068490061352473,0.04218522096490179,0.8405971829071688,1.4490859115174728,0.1604455784683173,1.5774423742921266,0.9786888119753456,0.004447781616560342,0.9822470372685939,0.9634055236186545,0.0017393622504576767,0.9647970134190207,1.0454545454545454,0.2727272727272727,1.2636363636363637,0.8046745343905588,0.02526276968467639,0.8248847501382999,847.75,318.25,1102.35,113.47665940288702,24.94974746830583,133.4364573775317,0.0,0.0,0.002155939737955729,recovered_archive2/127,recovered_archive2/127/CAPorg2.jpg,2
0,75,1024,768,0.0,0.0,,,,,,,,,,,,,,,,,,,,,,,,,,,0.0,recovered_archive2/127,recovered_archive2/127/CAPorg3.jpg,2
0,30,1024,768,0.0,0.0,,,,,,,,,,,,,,,,,,,,,,,,,,,0.0,recovered_archive2/127,recovered_archive2/127/CAPorg4.jpg,2
0,49,1024,768,0.0,0.0,,,,,,,,,,,,,,,,,,,,,,,,,,,0.0,recovered_archive2/127,recovered_archive2/127/CAPorg5.jpg,2
0,32,1024,768,0.0,0.0,,,,,,,,,,,,,,,,,,,,,,,,,,,0.0,recovered_archive2/127,recovered_archive2/127/CAPorg6.jpg,2
1,42,1024,768,0.023809523809523808,0.023255813953488372,0.7701372960051033,0.0,0.7701372960051033,1.502684852001869,0.0,1.502684852001869,0.979888571816823,0.0,0.979888571816823,0.9473532607129486,0.0,0.9473532607129486,1.6036036036036037,0.0,1.6036036036036037,0.7299321793703816,0.0,0.7299321793703816,14422.0,0.0,14422.0,485.10259710444143,0.0,485.10259710444143,0.0,0.0,0.018338521321614582,recovered_archive2/127,recovered_archive2/127/CAPorg7.jpg,2
0,35,1024,768,0.0,0.0,,,,,,,,,,,,,,,,,,,,,,,,,,,0.0,recovered_archive2/127,recovered_archive2/127/CAPorg8.jpg,2
1,21,1024,768,0.047619047619047616,0.045454545454545456,0.7912375013141612,0.0,0.7912375013141612,1.6667846838091323,0.0,1.6667846838091323,0.9817458312278932,0.0,0.9817458312278932,0.9471645804863388,0.0,0.9471645804863388,1.641025641025641,0.0,1.641025641025641,0.7783954326923077,0.0,0.7783954326923077,7771.5,0.0,7771.5,351.3208511739212,0.0,351.3208511739212,0.0,0.0,0.009881973266601562,recovered_archive2/127,recovered_archive2/127/CAPorg9.jpg,2
27,120,1024,768,0.225,0.1836734693877551,0.7284742739048257,0.18056303940033824,0.8717012993806409,1.963578141488887,1.3609010772444698,3.79491286563173,0.9460540493053533,0.05401709679698436,0.9776258594658099,0.9560443667357291,0.01830013997487936,0.9717356926586278,1.7060788505028566,0.9101902143876106,3.0536585365853677,0.7261338121441017,0.10834350393425411,0.8436507936507937,2087.9814814814813,6680.411398511381,2115.5000000000005,143.52687984007093,192.05696651118916,255.60428560496192,0.037037037037037035,0.037037037037037035,0.07168515523274739,recovered_archive2/136,recovered_archive2/136/CAPorg1.jpg,2
10,96,1024,768,0.10416666666666667,0.09433962264150944,0.7120963677089567,0.10654562772005519,0.842686652948226,2.1157338359873767,0.9427878203639536,3.735611045685415,0.9664226535956125,0.030321991905820068,0.9836291295583328,0.9569056857359349,0.012555676605449229,0.9715201862934755,1.937984873694959,0.7332726286128002,3.2533333333333334,0.7537856710435327,0.0868422214131171,0.8321673765396569,3767.6,3897.4773880036814,6732.849999999997,235.11799410394661,127.95621625159076,333.7995308303614,0.0,0.0,0.047907511393229164,recovered_archive2/136,recovered_archive2/136/CAPorg10.jpg,2
18,77,1024,768,0.23376623376623376,0.18947368421052632,0.8073077456337987,0.0768964515339847,0.8595325298299636,1.5477245974490506,0.5043283479999595,2.004254393975348,0.9746540244421534,0.009425886200271712,0.9847102611280966,0.9611998142301162,0.010491090171466837,0.9755412758967776,1.186941970898836,0.30998387952047984,1.5179672131147541,0.7605379910134377,0.057200393390144384,0.8429491468718635,2101.5555555555557,2252.7804048484477,5451.850000000001,158.7060525008389,92.60821544332651,295.72459582174486,0.0,0.0,0.048100789388020836,recovered_archive2/136,recovered_archive2/136/CAPorg11.jpg,2
9,73,1024,768,0.1232876712328767,0.10975609756097561,0.8302788677240773,0.06246978577806769,0.8698887394885199,1.3247052863537585,0.3882080547232753,1.6640393725554028,0.976142482193392,0.01715430559745205,0.9863373459647058,0.9511624737016887,0.0073741301889295174,0.9580481572085573,1.2209923975547077,0.28064809181398437,1.3402061855670104,0.7730432511094248,0.06393523299208448,0.8444579945799459,3566.1111111111113,2301.817226282286,5848.300000000001,219.53144126886625,76.76526172008424,311.04633457351514,0.0,0.0,0.04081090291341146,recovered_archive2/136,recovered_archive2/136/CAPorg12.jpg,2
6,62,1024,768,0.0967741935483871,0.08823529411764706,0.8063109824426568,0.0749529157384369,0.8840413529350397,1.640747601681752,0.5130300563267464,2.2197175739906756,0.9791775430278049,0.008599098402849257,0.9877630717293024,0.9647162874971023,0.009531603689147707,0.9767020351192065,0.8794583703148394,0.24669855828156262,1.1335978835978837,0.8224959164193626,0.06890341744066124,0.908074950623934,3795.75,1681.9822321197887,5629.0,235.54604367012473,66.30258558545714,293.86500705120545,0.0,0.0,0.028959274291992188,recovered_archive2/136,recovered_archive2/136/CAPorg13.jpg,2
6,61,1024,768,0.09836065573770492,0.08955223880597014,0.812437156733078,0.10280831932813687,0.8843312935732227,1.5369699238090966,0.623211203093062,2.323100589861491,0.9842143570735775,0.003703715866544861,0.9880006295348106,0.9623391228579369,0.011056212058616436,0.975213538504403,1.0762973248267365,0.17632582238020628,1.2384453781512605,0.7614776993622135,0.077437990430904,0.8235573882158322,2853.3333333333335,1544.4462509981443,4321.5,198.35771995097286,60.543222316313226,256.16652224137056,0.0,0.0,0.021769205729166668,recovered_archive2/136,recovered_archive2/136/CAPorg14.jpg,2
12,120,1024,768,0.1,0.09090909090909091,0.7620962189354631,0.1255498583304917,0.8786062807688089,1.4759730952507406,0.3630694806502648,2.0707219406522372,0.9442053162322958,0.05284460393057168,0.9793088706804416,0.9562856095015962,0.014805777612572053,0.9673488611834102,1.1312368511361204,0.4195309933778934,1.403125,0.7419291010370666,0.11448022228359757,0.835130997993067,946.375,787.5231511147254,1729.2500000000002,118.68436140698493,51.71526462400597,197.45007922133877,0.0,0.08333333333333333,0.014440536499023438,recovered_archive2/136,recovered_archive2/136/CAPorg2.jpg,2
11,120,1024,768,0.09166666666666666,0.08396946564885496,0.7970946118816028,0.14347165081460891,0.8790897857264501,1.6200722301667796,0.9668968248283101,2.2556551268940863,0.9570987634480407,0.032423488768137956,0.9751655629139063,0.9653712435783143,0.009709579535020555,0.9747708593276568,1.5589220716894516,0.8797084259075894,2.2,0.7810054784167142,0.03553531569195708,0.8110119047619048,1287.0,3491.9961405268687,294.5,105.40859237183889,171.33766338311287,65.698484809835,0.0,0.0,0.018001556396484375,recovered_archive2/136,recovered_archive2/136/CAPorg3.jpg,2
11,120,1024,768,0.09166666666666666,0.08396946564885496,0.7546668147035667,0.15610007323366953,0.8812261165765279,1.7302424476188365,0.8159407964499005,3.383295170115419,0.9538848457859154,0.03298518095077782,0.9787835926449786,0.9604076798867535,0.01595825959677815,0.9733727791849732,1.4484052633785254,0.6919456814810931,2.4705882352941178,0.7349060016308393,0.1037996689356662,0.7986111111111112,1041.3181818181818,1778.969508562947,1224.0,110.00416496749536,93.44923502255376,155.35533905932738,0.0,0.0,0.014565149943033854,recovered_archive2/136,recovered_archive2/136/CAPorg4.jpg,2
5,72,1024,768,0.06944444444444445,0.06493506493506493,0.7919444692626537,0.04340369331022097,0.8296411822126462,1.2572844974540986,0.19723967138549253,1.4822084925697725,0.955071202930425,0.016372269352579082,0.9710357705727544,0.9521946215231086,0.013024861546729783,0.9636334927446389,1.0424410384936702,0.16022437396725672,1.2096491228070174,0.7592859252027013,0.05267864765176312,0.7982134996331621,2084.0,2431.5984454675076,4930.3,157.21950929411162,97.92328366186713,277.94541110191614,0.0,0.0,0.013249715169270834,recovered_archive2/136,recovered_archive2/136/CAPorg5.jpg,2
5,117,1024,768,0.042735042735042736,0.040983606557377046,0.7404513158531744,0.10368216629434782,0.8384584050234681,1.9564615021613831,0.7459524889571898,2.8045189855056063,0.9645217505067697,0.018353286942347967,0.9789443167637915,0.959608261206586,0.010774229471462336,0.9727118028882934,1.6550288600288598,0.7056043455854664,2.4304545454545456,0.7683669187341867,0.04882752379431436,0.8246933229813664,1301.3,1338.9281384749518,2827.4000000000005,132.16021638285528,70.68180771615359,210.67535341682736,0.0,0.0,0.008273442586263021,recovered_archive2/136,recovered_archive2/136/CAPorg6.jpg,2
14,115,1024,768,0.12173913043478261,0.10852713178294573,0.8126305035642464,0.08588920498641134,0.8825291974342442,1.4908714326009793,0.46762108135979,2.0059320918363763,0.9683419637455319,0.015260471367305925,0.9814949810094209,0.9615350880090731,0.010213684710354056,0.9707917433853431,1.179297469876978,0.27080638606961227,1.4657754010695188,0.7753359383057576,0.08289091184339939,0.8520252613240418,993.4642857142857,1101.8628295541425,2663.6500000000024,112.67202116976519,65.76755142026022,222.18174593052038,0.0,0.0,0.017685572306315105,recovered_archive2/136,recovered_archive2/136/CAPorg7.jpg,2
31,120,1024,768,0.25833333333333336,0.2052980132450331,0.7751101452076854,0.10914889045105598,0.8708912079446488,1.5981684814634087,0.6573455734994059,2.3080297080669543,0.9562554613697285,0.040399966064014935,0.9785495403472929,0.9596637274896732,0.010706596207073088,0.9689158157225917,1.404612709546665,0.5712079694760351,2.090909090909091,0.7526009209667628,0.09238316624664174,0.8333333333333334,853.3064516129032,1039.6445785150788,2764.5,105.36955493742626,64.72060002972285,213.37972567696693,0.0,0.03225806451612903,0.03363609313964844,recovered_archive2/136,recovered_archive2/136/CAPorg8.jpg,2
18,91,1024,768,0.1978021978021978,0.1651376146788991,0.7655711264339602,0.10351885776896848,0.8625985899280179,1.594436734602571,0.798500425497414,1.9703392037889134,0.9678818634018729,0.021708256237357653,0.9825497144002889,0.9490716085526341,0.024190800185122863,0.9658554990868431,1.4384135910036329,0.675218598198551,1.7442207792207796,0.7391544994017231,0.059971600388550206,0.8228620390925334,2929.277777777778,2621.6899936566692,6540.6500000000015,204.23352561696274,99.2648202130315,349.1985207035849,0.0,0.0,0.0670458475748698,recovered_archive2/136,recovered_archive2/136/CAPorg9.jpg,2
14,20,1024,768,0.7,0.4117647058823529,0.7693961696419647,0.13026996592906684,0.8825736772003512,1.4128178468370252,0.3392791560545644,1.8881098338266986,0.9415461339306809,0.06509280725685596,0.9852663481103023,0.9476275334901673,0.022380863729249512,0.9621906003288013,1.2161940412853893,0.2565291709330357,1.5300653594771243,0.708417244223999,0.09376501831220688,0.7994823439651026,2176.75,2331.4928215170885,2828.75,177.63170985456392,101.15473876233895,215.20672426672581,0.0,0.07142857142857142,0.03875033060709635,recovered_archive2/137,recovered_archive2/137/CAPorg1.jpg,2
25,19,1024,768,1.3157894736842106,0.5681818181818182,0.8452405595775155,0.0463546737681897,0.8813129938878141,1.294821911627009,0.17707358563579972,1.4717331105208102,0.979743195012196,0.011843303914863178,0.9865544913148426,0.9558557132460794,0.008072690930880382,0.9636823715318772,1.1398864022565354,0.19985249141184386,1.3476190476190477,0.7719070577109285,0.038965200949580926,0.8283421081198437,2136.78,1281.2593810778517,3009.6000000000004,173.16448763031724,51.15229097868054,208.91454531540603,0.0,0.0,0.06792640686035156,recovered_archive2/137,recovered_archive2/137/CAPorg2.jpg,2
25,16,1024,768,1.5625,0.6097560975609756,0.8191912995987196,0.07930791864745212,0.8755198381569057,1.3472330165471655,0.34541183426668537,1.7079432003215689,0.9641050592800227,0.01962318287980371,0.9783236650501472,0.9646832078956626,0.006777744171920038,0.9730405191236703,1.137388796571863,0.2806859037920133,1.3490683229813667,0.7666941846924493,0.0772113210239707,0.814452798663325,301.62,164.9743786168022,471.6,66.10652521490606,20.614594413273284,83.12102448427662,0.0,0.0,0.009588241577148438,recovered_archive2/137,recovered_archive2/137/CAPorg3.jpg,2
22,30,1024,768,0.7333333333333333,0.4230769230769231,0.8406328791751082,0.04997001800018102,0.8746051608476929,1.2917013429050237,0.2858051690058533,1.5830466699392467,0.9692103893967391,0.010618342477472703,0.9775128306356099,0.964312221084677,0.005586533715533069,0.970325932915552,1.15021334431243,0.2198043136103023,1.468421052631579,0.7805725508290265,0.04997552209408694,0.8241883116883117,361.77272727272725,155.95655916667127,565.8500000000001,71.98413350290143,17.781596192859734,96.01980515339467,0.0,0.0,0.010120391845703125,recovered_archive2/137,recovered_archive2/137/CAPorg4.jpg,2
10,29,1024,768,0.3448275862068966,0.2564102564102564,0.815955172725336,0.0637015736419205,0.8823684931952387,1.4325864967863908,0.2929543526542444,1.8577663255759838,0.9694367093975309,0.009203835755257959,0.9812514637002346,0.9667990547527203,0.004702200635536188,0.9719837657766348,1.200568181818182,0.2396582969784105,1.4723214285714286,0.7525799839540264,0.07691676753574153,0.8283755827505828,262.9,82.42141711958124,346.79999999999995,63.0842712474619,9.42244870903746,76.97787873376899,0.0,0.0,0.0033429463704427085,recovered_archive2/137,recovered_archive2/137/CAPorg5.jpg,2
5,120,1024,768,0.041666666666666664,0.04,0.7316610557412242,0.17285321201058534,0.8812107888008625,1.8015598246154105,0.6283018563331292,2.58726196080842,0.9416611193790455,0.049292937230173806,0.9780718462823733,0.9610167975853123,0.0126078645226753,0.9753786132950288,1.3199003767653654,0.45813082283990963,1.8737373737373737,0.704874973216597,0.16085071031817047,0.8243268599305751,663.8,562.5780479186865,1335.8000000000002,103.15777772109134,55.44920417571721,169.78519471906085,0.0,0.0,0.004220326741536458,recovered_archive2/144,recovered_archive2/144/CAPorg1.jpg,2
2,105,1024,768,0.01904761904761905,0.018691588785046728,0.8560792863250127,0.01598626182809426,0.8688682957874881,1.087913059394059,0.045332632189040045,1.124179165145291,0.9706738694416236,0.0016216450702498664,0.9719711854978235,0.9633159959459374,0.0017729477130500326,0.9647343541163774,0.9722222222222222,0.02777777777777779,0.9944444444444445,0.8271141790049352,0.008486728024543144,0.8339035614245698,309.5,59.0,356.7,67.04163056034261,5.8284271247461925,71.70437226013958,0.0,0.0,0.0007870992024739584,recovered_archive2/144,recovered_archive2/144/CAPorg2.jpg,2
1,96,1024,768,0.010416666666666666,0.010309278350515464,0.8175788827599217,0.0,0.8175788827599217,1.3106521316096231,0.0,1.3106521316096231,0.9761811792268658,0.0,0.9761811792268658,0.9501275564990209,0.0,0.9501275564990209,1.346938775510204,0.0,1.346938775510204,0.7730364873222016,0.0,0.7730364873222016,2500.0,0.0,2500.0,196.02438661763958,0.0,196.02438661763958,0.0,0.0,0.0031789143880208335,recovered_archive2/144,recovered_archive2/144/CAPorg3.jpg,2
1,120,1024,768,0.008333333333333333,0.008264462809917356,0.8004705578223728,0.0,0.8004705578223728,1.4587941584064856,0.0,1.4587941584064856,0.9633961446826946,0.0,0.9633961446826946,0.9492797724928241,0.0,0.9492797724928241,1.391304347826087,0.0,1.391304347826087,0.7554347826086957,0.0,0.7554347826086957,2224.0,0.0,2224.0,186.85281374238573,0.0,186.85281374238573,0.0,0.0,0.0028279622395833335,recovered_archive2/144,recovered_archive2/144/CAPorg4.jpg,2
1,101,1024,768,0.009900990099009901,0.00980392156862745,0.8568472174614987,0.0,0.8568472174614987,1.2791954287693792,0.0,1.2791954287693792,0.9847328244274807,0.0,0.9847328244274807,0.9543685053544987,0.0,0.9543685053544987,0.9464285714285714,0.0,0.9464285714285714,0.7388814016172507,0.0,0.7388814016172507,2193.0,0.0,2193.0,179.33809511662432,0.0,179.33809511662432,0.0,0.0,0.002788543701171875,recovered_archive2/144,recovered_archive2/144/CAPorg5.jpg,2
6,114,1024,768,0.05263157894736842,0.05,0.85289367129701,0.031651108941255654,0.8834953360748239,1.2408469494715757,0.1538397400913217,1.4343439390061237,0.9687541229049114,0.009873935044530434,0.9789692217834176,0.9605968275480349,0.006888505006403595,0.9689889184125027,1.04389461587604,0.14186081474016868,1.2218045112781954,0.7551251599841461,0.018933446894057033,0.7785327672735761,542.1666666666666,411.58146891661136,1017.5,80.40271760057102,37.02887171925653,120.39696961966999,0.0,0.0,0.004136403401692708,recovered_archive2/144,recovered_archive2/144/CAPorg6.jpg,2
15,98,1024,768,0.15306122448979592,0.13274336283185842,0.7961630098241735,0.10184926722983079,0.8786885920996853,1.5324382708599582,0.5672459418976803,2.3149794476139656,0.9578823581431883,0.026463740168466365,0.9818101730886659,0.9617300397112182,0.007132399612727709,0.9700614877633154,1.065262512505285,0.3397542571783442,1.4666666666666666,0.7756684819726861,0.05675638289146374,0.8431372549019608,644.7333333333333,476.40003731691246,1164.3999999999999,95.38654155476306,39.38454619680613,143.29158723275378,0.0,0.0,0.012297312418619791,recovered_archive2/148,recovered_archive2/148/CAPorg1.jpg,2
0,63,1024,768,0.0,0.0,,,,,,,,,,,,,,,,,,,,,,,,,,,0.0,recovered_archive2/148,recovered_archive2/148/CAPorg10.jpg,2
0,101,1024,768,0.0,0.0,,,,,,,,,,,,,,,,,,,,,,,,,,,0.0,recovered_archive2/148,recovered_archive2/148/CAPorg11.jpg,2
1,104,1024,768,0.009615384615384616,0.009523809523809525,0.7403976781543302,0.0,0.7403976781543302,1.5358483928530378,0.0,1.5358483928530378,0.9629629629629645,0.0,0.9629629629629645,0.9595673635410268,0.0,0.9595673635410268,1.0,0.0,1.0,0.6446280991735537,0.0,0.6446280991735537,312.0,0.0,312.0,72.76955262170047,0.0,72.76955262170047,0.0,0.0,0.000396728515625,recovered_archive2/148,recovered_archive2/148/CAPorg12.jpg,2
0,120,1024,768,0.0,0.0,,,,,,,,,,,,,,,,,,,,,,,,,,,0.0,recovered_archive2/148,recovered_archive2/148/CAPorg2.jpg,2
4,120,1024,768,0.03333333333333333,0.03225806451612903,0.8467993593986894,0.042087045479768034,0.8872178779526025,1.3215881275193089,0.12126491902914496,1.46056831959233,0.9730908258368138,0.0068536478133550465,0.9808759868797438,0.9613464665206919,0.004002183256345665,0.9658616077365908,1.141504329004329,0.23321365139947955,1.4000000000000001,0.7997354726247997,0.01648559413991713,0.8097847479199567,520.875,204.02186616880064,744.65,86.4159992311072,18.515884715499073,107.21046891454945,0.0,0.0,0.0026493072509765625,recovered_archive2/148,recovered_archive2/148/CAPorg3.jpg,2
0,65,1024,768,0.0,0.0,,,,,,,,,,,,,,,,,,,,,,,,,,,0.0,recovered_archive2/148,recovered_archive2/148/CAPorg4.jpg,2
0,61,1024,768,0.0,0.0,,,,,,,,,,,,,,,,,,,,,,,,,,,0.0,recovered_archive2/148,recovered_archive2/148/CAPorg5.jpg,2
0,91,1024,768,0.0,0.0,,,,,,,,,,,,,,,,,,,,,,,,,,,0.0,recovered_archive2/148,recovered_archive2/148/CAPorg6.jpg,2
1,81,1024,768,0.012345679012345678,0.012195121951219513,0.8363415203743702,0.0,0.8363415203743702,1.340590602619116,0.0,1.340590602619116,0.974557522123894,0.0,0.974557522123894,0.9612917381065226,0.0,0.9612917381065226,0.7142857142857143,0.0,0.7142857142857143,0.7866071428571428,0.0,0.7866071428571428,440.5,0.0,440.5,81.35533905932736,0.0,81.35533905932736,0.0,0.0,0.0005601247151692709,recovered_archive2/148,recovered_archive2/148/CAPorg7.jpg,2
0,4,1024,768,0.0,0.0,,,,,,,,,,,,,,,,,,,,,,,,,,,0.0,recovered_archive2/148,recovered_archive2/148/CAPorg8.jpg,2
0,82,1024,768,0.0,0.0,,,,,,,,,,,,,,,,,,,,,,,,,,,0.0,recovered_archive2/148,recovered_archive2/148/CAPorg9.jpg,2
1,120,1024,768,0.008333333333333333,0.008264462809917356,0.6463452895704326,0.0,0.6463452895704326,2.716486893208489,0.0,2.716486893208489,0.9802913453299054,0.0,0.9802913453299054,0.9738114529376249,0.0,0.9738114529376249,0.35714285714285715,0.0,0.35714285714285715,0.9079365079365079,0.0,0.9079365079365079,572.0,0.0,572.0,105.45584412271572,0.0,105.45584412271572,0.0,0.0,0.0007273356119791666,recovered_archive2/150,recovered_archive2/150/CAPorg1.jpg,2
2,84,1024,768,0.023809523809523808,0.023255813953488372,0.8619839169017595,0.002430772642191825,0.8639285350155129,1.2410907924008154,0.033156410076783605,1.2676159204622424,0.9817590351265948,0.0002074741048348483,0.9819250144104626,0.9584480941998579,6.866456441584345e-05,0.9585030258513906,1.0672514619883042,0.011695906432748537,1.076608187134503,0.7461801098274141,0.012226322921123967,0.7559611681643132,1090.5,53.0,1132.9,126.05382386916237,3.2426406871192768,128.6479364188578,0.0,0.0,0.002773284912109375,recovered_archive2/150,recovered_archive2/150/CAPorg10.jpg,2
0,120,1024,768,0.0,0.0,,,,,,,,,,,,,,,,,,,,,,,,,,,0.0,recovered_archive2/150,recovered_archive2/150/CAPorg2.jpg,2
1,108,1024,768,0.009259259259259259,0.009174311926605505,0.8606295567222223,0.0,0.8606295567222223,1.0575217422261178,0.0,1.0575217422261178,0.9815361890694233,0.0,0.9815361890694233,0.9494166729013539,0.0,0.9494166729013539,1.0816326530612246,0.0,1.0816326530612246,0.767616480554486,0.0,0.767616480554486,1993.5,0.0,1993.5,170.61017305526644,0.0,170.61017305526644,0.0,0.0,0.0025348663330078125,recovered_archive2/150,recovered_archive2/150/CAPorg3.jpg,2
3,74,1024,768,0.04054054054054054,0.03896103896103896,0.864506568566267,0.008136658688385623,0.8714891243701064,1.1479622665370053,0.057133222155951624,1.205974943928277,0.9826401319366515,0.0026583178354594476,0.9853309954676283,0.9594716829188608,0.0046319426389279115,0.9639596589507264,1.033068783068783,0.029399617421815957,1.0626984126984127,0.7657703621989337,0.02293390699725521,0.7889146289146289,1267.5,150.7652700944971,1401.1,135.52522838995344,8.75632390207881,143.39352083112942,0.0,0.0,0.0048351287841796875,recovered_archive2/150,recovered_archive2/150/CAPorg4.jpg,2
0,56,1024,768,0.0,0.0,,,,,,,,,,,,,,,,,,,,,,,,,,,0.0,recovered_archive2/150,recovered_archive2/150/CAPorg5.jpg,2
8,67,1024,768,0.11940298507462686,0.10666666666666667,0.8734969842325517,0.010898492986614229,0.884348585234963,1.2006685571285627,0.09524576395017832,1.2903976813795497,0.9771307631382617,0.004169143077553989,0.9812202466170971,0.9596940619520005,0.0035752884181525857,0.9633157403378754,0.895306600435436,0.06865014342668416,0.98,0.7941771213186233,0.02893569584262274,0.8206447749241317,752.4375,219.67524859152886,1070.8,102.9922708630155,15.280652487301792,124.4714862200761,0.0,0.0,0.0076541900634765625,recovered_archive2/150,recovered_archive2/150/CAPorg6.jpg,2
5,61,1024,768,0.08196721311475409,0.07575757575757576,0.8712974235035004,0.008354899664006042,0.8799303657014089,1.2574178903375848,0.14064978132133896,1.4110222585186711,0.9765232667504122,0.005532929105024459,0.9822751519039506,0.966437767013932,0.004450015442719493,0.9715023999394232,0.8865294237925816,0.10239463369810699,1.0133971291866029,0.8219833337552634,0.03439904866526268,0.8636190476190476,408.8,64.59767797684371,461.6,76.54701294725884,6.448105644421807,81.74701294725885,0.0,0.0,0.0025990804036458335,recovered_archive2/150,recovered_archive2/150/CAPorg7.jpg,2
6,65,1024,768,0.09230769230769231,0.08450704225352113,0.8696231561769588,0.01604670530984188,0.8889513311382382,1.236881760675869,0.13506871133015508,1.383038198360018,0.9732660396832316,0.004776340687796376,0.9794753248572734,0.965606614723603,0.005352689837219171,0.971252606457534,0.8912347257743676,0.05013892909706093,0.9455882352941176,0.8005129825576301,0.031714847527663105,0.8406475748194014,359.1666666666667,95.62499092229442,476.0,71.44603170554142,10.128743166602517,83.59797974644667,0.0,0.0,0.0027402242024739585,recovered_archive2/150,recovered_archive2/150/CAPorg8.jpg,2
8,66,1024,768,0.12121212121212122,0.10810810810810811,0.8584165545783877,0.024946360748623175,0.8908817089552128,1.210160660708215,0.1304041484986452,1.4194881430429482,0.9744990735141197,0.006334538880805863,0.9824723583776077,0.9632888812487015,0.009241151684460299,0.9742545688495978,0.9665739693313222,0.15812375608508847,1.1232638888888888,0.7812775734199955,0.03312002823509885,0.8242481203007519,502.3125,249.9428606576911,803.5,83.1105428793702,21.986873680667543,108.68569978244919,0.0,0.0,0.0051097869873046875,recovered_archive2/150,recovered_archive2/150/CAPorg9.jpg,2
17,79,1024,768,0.21518987341772153,0.17708333333333334,0.8008085597823404,0.08730069225481131,0.8788726889416066,1.3630202269555511,0.23740056184578154,1.6990947350356274,0.9613399488818383,0.03307690750192583,0.9818209715291047,0.9527084892394256,0.033351793639378284,0.9712095976694683,1.2089666670589057,0.21911363147992713,1.5011494252873563,0.7455836616667534,0.057116228848802415,0.8055997474747475,1397.2941176470588,1741.2290880364426,3137.7000000000007,129.62880053125556,94.34249099519744,228.05424227737305,0.0,0.0,0.03020477294921875,recovered_archive2/151,recovered_archive2/151/CAPorg1.jpg,2
9,72,1024,768,0.125,0.1111111111111111,0.8137559007174706,0.12841868261171493,0.8919423265189059,1.5133176377765707,0.8599708950398867,1.9019400156920905,0.9776617094834249,0.007634644022493588,0.9852529983623781,0.9638384507209321,0.008654267201977248,0.9758513816089129,0.9989416389966114,0.2680431016118748,1.1954545454545455,0.767570393488021,0.06666510300371362,0.846286231884058,1089.8333333333333,777.1365888811167,1984.5,118.24964719658061,50.79801195852298,168.0444876303172,0.0,0.0,0.012472152709960938,recovered_archive2/151,recovered_archive2/151/CAPorg2.jpg,2
6,44,1024,768,0.13636363636363635,0.12,0.7967424558756249,0.054549176523389524,0.8479710616792993,1.5832218053903506,0.46510973614766893,2.060300657576352,0.9632128193246358,0.013616809694510101,0.9742950697970381,0.9638006321325333,0.009411656420876309,0.9748019458143493,1.4569444834790104,0.4484021655627267,1.9570135746606334,0.7759380688429447,0.05501069420301,0.8493176178660049,284.25,155.94116144666017,463.5,64.96768875802663,17.991377110450713,86.5269119345812,0.0,0.0,0.0021686553955078125,recovered_archive2/151,recovered_archive2/151/CAPorg3.jpg,2
9,25,1024,768,0.36,0.2647058823529412,0.8460890510270013,0.03725214174025997,0.8910028909855117,1.2080194942340434,0.08948963887891909,1.3046822979872281,0.9703828733085478,0.01323458809977909,0.981045521154133,0.9616565181395207,0.009241247387011264,0.9740826721069222,1.078634278940376,0.11659240573754454,1.201010101010101,0.7745382142569199,0.05362202720661628,0.8113226059654631,569.5,470.4899337688085,983.7000000000002,86.09171872576843,31.99750759826297,118.39453095790606,0.0,0.0,0.0065174102783203125,recovered_archive2/151,recovered_archive2/151/CAPorg4.jpg,2
2,35,1024,768,0.05714285714285714,0.05405405405405406,0.7714011378094814,0.020793400369224724,0.7880358581048612,1.4435198817022519,0.013261665989196092,1.4541292144936089,0.967185509602436,0.0025986630594343474,0.9692644400499835,0.9636218814588293,0.0009724236565079036,0.9643998203840356,0.9345238095238095,0.10119047619047622,1.0154761904761906,0.7032584154351396,0.0011750821018062796,0.7041984811165846,454.5,117.5,548.5,85.18376618407356,10.071067811865468,93.24062043356594,0.0,0.0,0.001155853271484375,recovered_archive2/151,recovered_archive2/151/CAPorg5.jpg,2
7,48,1024,768,0.14583333333333334,0.12727272727272726,0.8419601127347379,0.043207776647019164,0.8768131578568479,1.2407419066254395,0.17051207918100741,1.4975475912149085,0.9786467081041911,0.011398860723746542,0.9872339326711603,0.9530300142141044,0.007476531569874247,0.9614392890797443,1.112575523867052,0.21941961901683563,1.3843434343434344,0.7750627971926921,0.050580922264524646,0.8127282928339267,5214.642857142857,3293.9172805370217,8544.500000000002,260.59190873042957,110.080235880186,361.2051224213832,0.0,0.0,0.04641532897949219,recovered_archive2/151,recovered_archive2/151/CAPorg6.jpg,2
15,45,1024,768,0.3333333333333333,0.25,0.8261651916615438,0.06711281510915454,0.8738820728372947,1.2884828464738685,0.17262897723675383,1.4566423566749744,0.9720684387390436,0.021600780658464484,0.9869363539496769,0.9554951752968922,0.009780930176379361,0.9689337070307604,0.958539848725948,0.1611967831705033,1.133806146572104,0.7513109349533778,0.03779840063893595,0.789083625323652,3390.4333333333334,1949.682742282845,5114.5,211.4340017952918,92.04344883260627,284.73363620130704,0.0,0.0,0.06466738382975261,recovered_archive2/151,recovered_archive2/151/CAPorg7.jpg,2
20,53,1024,768,0.37735849056603776,0.273972602739726,0.8164988732255611,0.08176672981103683,0.8844773033739357,1.3858746529554686,0.3552685337320555,1.7391063353645801,0.97286440887918,0.021332730849274666,0.9866980686942823,0.9554083354208596,0.008159028571622777,0.9626247201498772,1.0209731484872004,0.28562783323368723,1.3486584732560156,0.7500510579296892,0.06862143580456691,0.8227075081300187,3052.675,1837.40511506717,4198.450000000004,210.624238687998,72.25228259402463,259.8559666716435,0.0,0.0,0.07763353983561198,recovered_archive2/151,recovered_archive2/151/CAPorg8.jpg,2
6,47,1024,768,0.1276595744680851,0.11320754716981132,0.8243011448467089,0.08299990131161258,0.8844205284948513,1.2618531440993828,0.21840329340419673,1.5557751156817998,0.9659682383701199,0.031190773828867323,0.9857274366993565,0.9584019592994982,0.011237130185329479,0.9703657347949877,1.0670033576018314,0.3290027760125099,1.4145833333333333,0.7977178825185237,0.05099197789601532,0.8533273915626858,2440.6666666666665,1773.4635995387355,4676.5,175.95331880577405,79.20154268423653,258.0365799264593,0.0,0.0,0.018620808919270832,recovered_archive2/151,recovered_archive2/151/CAPorg9.jpg,2
0,120,1024,768,0.0,0.0,,,,,,,,,,,,,,,,,,,,,,,,,,,0.0,recovered_archive2/152,recovered_archive2/152/CAPorg1.jpg,2
4,94,1024,768,0.0425531914893617,0.04081632653061224,0.7183065442275959,0.15766123442294186,0.8382673784760886,1.8546870370919362,0.6547340380392125,2.597363618677962,0.9373076900206134,0.044636115817344404,0.964729724129357,0.9522630513792295,0.009370726171686638,0.9592188232955179,1.7046182266009853,0.49918894199928043,2.2779310344827586,0.7354002985692999,0.09941866260644393,0.8096045524691358,612.0,346.18726868560606,992.3500000000001,105.59797974644667,45.23537128777117,155.59280656363575,0.0,0.0,0.00311279296875,recovered_archive2/152,recovered_archive2/152/CAPorg10.jpg,2
4,78,1024,768,0.05128205128205128,0.04878048780487805,0.8454474601522561,0.032458530278393426,0.88098996152097,1.2753111461407545,0.08775456218138597,1.3553368054433352,0.9787073027008275,0.0031874314082830204,0.9821916740786919,0.9609111777817056,0.0049438352240668134,0.9653366028684043,1.1493883871116013,0.15708156306093793,1.3273648648648648,0.8138273147679389,0.027154146600356713,0.8414331896551724,1201.375,492.18040074245135,1734.8500000000001,131.14392129246508,30.471247645743002,163.82123368838197,0.0,0.0,0.0061105092366536455,recovered_archive2/152,recovered_archive2/152/CAPorg11.jpg,2
10,74,1024,768,0.13513513513513514,0.11904761904761904,0.8217278523057896,0.06581567207445824,0.8957546151247153,1.4741198667276652,0.3809028995774745,2.045925826245975,0.9738232460920637,0.009322496762703544,0.9866006677750452,0.9666778229610948,0.009915588835322906,0.9788010844020992,1.230171436974506,0.4064567813591786,1.7954545454545454,0.8021507267056647,0.04394497378039466,0.8442628205128205,507.0,276.5122058788726,836.05,84.56122650963195,30.119101814586475,118.95462479183372,0.0,0.0,0.00644683837890625,recovered_archive2/152,recovered_archive2/152/CAPorg12.jpg,2
1,79,1024,768,0.012658227848101266,0.0125,0.8690429571602322,0.0,0.8690429571602322,1.06150953517702,0.0,1.06150953517702,0.973193473193473,0.0,0.973193473193473,0.9613141883836289,0.0,0.9613141883836289,1.0454545454545454,0.0,1.0454545454545454,0.825098814229249,0.0,0.825098814229249,417.5,0.0,417.5,77.698484809835,0.0,77.698484809835,0.0,0.0,0.0005308787027994791,recovered_archive2/152,recovered_archive2/152/CAPorg13.jpg,2
2,120,1024,768,0.016666666666666666,0.01639344262295082,0.8651583382157366,0.03022537232130551,0.8893386360727811,1.3743821616324445,0.1305938198367086,1.4788572175018113,0.9718782872613756,0.003849868078429075,0.974958181724119,0.9708568849854169,0.008204640592378465,0.9774205974593196,1.15625,0.15625,1.28125,0.8207952085792996,0.009783303817394728,0.8286218516332153,186.5,86.0,255.3,50.79898987322333,13.242640687119284,61.39310242291876,0.0,0.0,0.0004742940266927083,recovered_archive2/152,recovered_archive2/152/CAPorg2.jpg,2
5,120,1024,768,0.041666666666666664,0.04,0.7207650118736987,0.1275584872875918,0.8593292634826296,1.5293205284959732,0.3532957304165496,1.8802866782236045,0.9325543521785666,0.04870233948203853,0.9714259370245725,0.9520782921997444,0.01894171688925682,0.96974938589122,1.4333476575665656,0.33040264700156674,1.7573255813953488,0.7285734553843108,0.11921255999612261,0.8468301754863019,2237.4,1976.6448188786978,4485.200000000001,183.20773439350248,114.1617473487167,305.4851080638832,0.0,0.0,0.014225006103515625,recovered_archive2/152,recovered_archive2/152/CAPorg3.jpg,2
2,60,1024,768,0.03333333333333333,0.03225806451612903,0.7792220321844638,0.05435010591213035,0.8227021169141682,1.455246508226133,0.15467067985660432,1.5789830521114165,0.9576968973747018,0.007696897374701528,0.963854415274463,0.9636474032175608,0.007009227478420865,0.9692547852002976,1.2037037037037037,0.3148148148148149,1.4555555555555557,0.7612353206865402,0.030431345980126423,0.7855803974706413,433.0,376.0,733.8,73.87005768508881,44.55634918610404,109.51513703397205,0.0,0.0,0.0011011759440104167,recovered_archive2/152,recovered_archive2/152/CAPorg4.jpg,2
4,81,1024,768,0.04938271604938271,0.047058823529411764,0.8648442517617585,0.014464547085018204,0.8773659799679346,1.1446430757677386,0.05893565972861821,1.2046760625047261,0.98028071586914,0.005335463313407842,0.9860599354845814,0.9585445357484704,0.006711651741062039,0.9662305894300484,1.0348237356958288,0.07199682933956922,1.109966777408638,0.8026266457711364,0.050391686359383334,0.8529154027637343,1511.0,235.71487012914565,1726.4,147.7253967444162,12.20396348638032,158.0714862200761,0.0,0.0,0.007685343424479167,recovered_archive2/152,recovered_archive2/152/CAPorg5.jpg,2
6,77,1024,768,0.07792207792207792,0.07228915662650602,0.8710820374909765,0.008884182064210355,0.8803243657099484,1.1390309047521112,0.07132122739803907,1.2225008624735216,0.9826286690378073,0.0018688836791073467,0.9846743622887497,0.9576357029109005,0.003959678571957469,0.9624602326863136,1.0345382192594155,0.055833385583950436,1.0897768552153608,0.7747029284697894,0.037176172405584004,0.8146840731932884,1832.75,400.6973868561328,2241.25,161.74130581600036,17.225724638211243,178.97413408594537,0.0,0.0,0.013982772827148438,recovered_archive2/152,recovered_archive2/152/CAPorg6.jpg,2
9,78,1024,768,0.11538461538461539,0.10344827586206896,0.8536549915411572,0.03383568262714783,0.8773493972710031,1.2963570395595019,0.2282158055667513,1.5589737075262537,0.9809232406572256,0.004133396742186211,0.9838853905259813,0.9601952708533322,0.005777992428642872,0.968765308239302,1.1430171193166605,0.25068472336666914,1.4576923076923078,0.7671069716199047,0.03995326980428457,0.8153485203605252,1543.0555555555557,642.1638525954626,2038.3000000000002,145.71857454219537,37.465130830932814,171.48367952889586,0.0,0.0,0.01765886942545573,recovered_archive2/152,recovered_archive2/152/CAPorg7.jpg,2
13,89,1024,768,0.14606741573033707,0.12745098039215685,0.8239780539226479,0.08356617343915711,0.8753333517764171,1.4154175007283423,0.36085944689531363,1.7684653041571583,0.9751472470346594,0.02151479549129813,0.985189654456115,0.9541406760845336,0.01674729674534172,0.9624988515677402,1.1093327823918362,0.32678643336210267,1.6312805474095797,0.775144044768068,0.035400202543894366,0.8251629880536131,2828.1923076923076,3771.904474779803,2682.0,193.10263615169364,117.14516871639829,197.00672426672585,0.0,0.0,0.04675102233886719,recovered_archive2/152,recovered_archive2/152/CAPorg8.jpg,2
10,103,1024,768,0.0970873786407767,0.08849557522123894,0.8152156211682751,0.08402050498600688,0.8662084746522128,1.4967010468192519,0.536185170873327,2.539576415100803,0.9754680677469294,0.006897137611172622,0.9828109585475371,0.9571619852713622,0.004320424406417054,0.9611920852577686,1.2317534648625037,0.5526070129334528,2.292436974789916,0.7555486563319818,0.038493904646645996,0.8088184523809524,1185.55,507.1472394679873,1785.8999999999999,130.71828996322967,26.609447265203,161.2111831820431,0.0,0.0,0.015075047810872396,recovered_archive2/152,recovered_archive2/152/CAPorg9.jpg,2
1,32,1024,768,0.03125,0.030303030303030304,0.8789422503551748,0.0,0.8789422503551748,1.1155895473629633,0.0,1.1155895473629633,0.9853184939616382,0.0,0.9853184939616382,0.9619042000288981,0.0,0.9619042000288981,1.0,0.0,1.0,0.8322,0.0,0.8322,2080.5,0.0,2080.5,172.4680374315355,0.0,172.4680374315355,0.0,0.0,0.0026454925537109375,recovered_archive2/159,recovered_archive2/159/CAPorg1.jpg,2
1,36,1024,768,0.027777777777777776,0.02702702702702703,0.7591962872823598,0.0,0.7591962872823598,2.000242874341674,0.0,2.000242874341674,0.9899976917750251,0.0,0.9899976917750251,0.9768308716447353,0.0,0.9768308716447353,1.337837837837838,0.0,1.337837837837838,0.8781736281736282,0.0,0.8781736281736282,6433.5,0.0,6433.5,326.3259018078045,0.0,326.3259018078045,0.0,0.0,0.008180618286132812,recovered_archive2/159,recovered_archive2/159/CAPorg2.jpg,2
0,8,1024,768,0.0,0.0,,,,,,,,,,,,,,,,,,,,,,,,,,,0.0,recovered_archive2/159,recovered_archive2/159/CAPorg3.jpg,2
0,20,1024,768,0.0,0.0,,,,,,,,,,,,,,,,,,,,,,,,,,,0.0,recovered_archive2/159,recovered_archive2/159/CAPorg4.jpg,2
0,24,1024,768,0.0,0.0,,,,,,,,,,,,,,,,,,,,,,,,,,,0.0,recovered_archive2/159,recovered_archive2/159/CAPorg5.jpg,2
0,10,1024,768,0.0,0.0,,,,,,,,,,,,,,,,,,,,,,,,,,,0.0,recovered_archive2/159,recovered_archive2/159/CAPorg6.jpg,2
0,25,1024,768,0.0,0.0,,,,,,,,,,,,,,,,,,,,,,,,,,,0.0,recovered_archive2/159,recovered_archive2/159/CAPorg7.jpg,2
2,96,1024,768,0.020833333333333332,0.02040816326530612,0.7467317399803994,0.06788854118050575,0.801042572924804,1.4469450830959387,0.27854942357497947,1.6697846219559223,0.9292525833148101,0.0011821992938852999,0.9301983427499183,0.9494583453553604,0.013035266564124959,0.9598865586066605,1.3171717171717172,0.42828282828282827,1.6597979797979798,0.7411300505050505,0.0019255050505050386,0.7426704545454546,1978.25,1924.75,3518.05,148.76093065034894,120.0330085889911,244.78733752154182,0.0,0.0,0.0050309499104817705,recovered_archive2/167,recovered_archive2/167/CAPorg1.jpg,2
1,73,1024,768,0.0136986301369863,0.013513513513513514,0.8596799411070504,0.0,0.8596799411070504,1.108050825135233,0.0,1.108050825135233,0.970387243735763,0.0,0.970387243735763,0.9646271957200443,0.0,0.9646271957200443,1.0,0.0,1.0,0.83203125,0.0,0.83203125,213.0,0.0,213.0,55.79898987322332,0.0,55.79898987322332,0.0,0.0,0.000270843505859375,recovered_archive2/167,recovered_archive2/167/CAPorg2.jpg,2
2,76,1024,768,0.02631578947368421,0.02564102564102564,0.7140475452234394,0.12259343602411715,0.8121222940427331,1.8483512420595472,0.579843309788457,2.3122258898903127,0.97081123600064,0.00014312084583301132,0.9709257326773064,0.9567046405471298,0.00530676398762836,0.9609500517372326,0.7684294871794872,0.29407051282051283,1.0036858974358975,0.6859767360686478,0.06678061687252868,0.7394012295666708,1303.0,484.0,1690.2,152.88225099390857,41.97056274847714,186.45870119269028,0.0,0.0,0.0033137003580729165,recovered_archive2/167,recovered_archive2/167/CAPorg3.jpg,2
1,93,1024,768,0.010752688172043012,0.010638297872340425,0.879998249318467,0.0,0.879998249318467,1.1217096642451805,0.0,1.1217096642451805,0.9875418760469017,0.0,0.9875418760469017,0.9586176970120583,0.0,0.9586176970120583,1.0933333333333333,0.0,1.0933333333333333,0.7669105691056911,0.0,0.7669105691056911,4716.5,0.0,4716.5,259.5218613006979,0.0,259.5218613006979,0.0,0.0,0.0059973398844401045,recovered_archive2/167,recovered_archive2/167/CAPorg4.jpg,2
0,92,1024,768,0.0,0.0,,,,,,,,,,,,,,,,,,,,,,,,,,,0.0,recovered_archive2/200,recovered_archive2/200/CAPorg1.jpg,2
1,46,1024,768,0.021739130434782608,0.02127659574468085,0.7731187721544414,0.0,0.7731187721544414,1.7983268401290378,0.0,1.7983268401290378,0.9783356954849158,0.0,0.9783356954849158,0.9533260024399638,0.0,0.9533260024399638,0.5866666666666667,0.0,0.5866666666666667,0.7321212121212122,0.0,0.7321212121212122,2416.0,0.0,2416.0,198.1665222413705,0.0,198.1665222413705,0.0,0.0,0.0030721028645833335,recovered_archive2/200,recovered_archive2/200/CAPorg10.jpg,2
6,120,1024,768,0.05,0.047619047619047616,0.7771318715238594,0.09129250714154892,0.8422951408844737,1.3455738943590285,0.07737460216436665,1.4258649005496626,0.9425256808691248,0.03957636777407972,0.9774746721748543,0.9431143888387834,0.02920570163830099,0.9594530135757756,1.0713956082808542,0.20847404703072536,1.3123700623700625,0.7213364929714374,0.0545100629343568,0.7641030175266329,842.6666666666666,732.5565203829365,1817.25,107.77361705797374,58.80336896018913,182.38834764831847,0.0,0.0,0.006429036458333333,recovered_archive2/200,recovered_archive2/200/CAPorg2.jpg,2
1,42,1024,768,0.023809523809523808,0.023255813953488372,0.8231923492095605,0.0,0.8231923492095605,1.2232527974524356,0.0,1.2232527974524356,0.9403669724770644,0.0,0.9403669724770644,0.9555192018711145,0.0,0.9555192018711145,1.0909090909090908,0.0,1.0909090909090908,0.7765151515151515,0.0,0.7765151515151515,102.5,0.0,102.5,39.55634918610404,0.0,39.55634918610404,0.0,0.0,0.00013033548990885416,recovered_archive2/200,recovered_archive2/200/CAPorg3.jpg,2
0,67,1024,768,0.0,0.0,,,,,,,,,,,,,,,,,,,,,,,,,,,0.0,recovered_archive2/200,recovered_archive2/200/CAPorg4.jpg,2
5,57,1024,768,0.08771929824561403,0.08064516129032258,0.7615122790563025,0.12948156387918508,0.8745314501823772,1.4502706343859908,0.21885153240239535,1.7004871910090225,0.9333559805640499,0.053413825264051154,0.9780775289363745,0.9445730347807085,0.03403398944011717,0.9683662247421421,1.0120558973190552,0.28752643758390545,1.3233766233766233,0.7391394732622802,0.08016992800781281,0.8062461709830131,314.9,153.89457430331973,488.5,70.59554108468271,22.607582012849708,97.27493500861671,0.0,0.0,0.002002080281575521,recovered_archive2/200,recovered_archive2/200/CAPorg5.jpg,2
7,88,1024,768,0.07954545454545454,0.07368421052631578,0.7520267567244456,0.15357283745429903,0.8536711770706527,1.7592950124595788,1.0066181377583883,2.655049809964547,0.9630518186667043,0.011586459890858228,0.9728420120308522,0.9648047965085953,0.012091412196644623,0.980326563452162,0.9420250423761808,0.33948449560704236,1.263768115942029,0.7421714812155144,0.06491574139812097,0.8197916666666667,745.8571428571429,619.4543517302554,1573.7000000000003,102.30806013908625,52.16551100086759,159.0503750806218,0.0,0.0,0.006638844807942708,recovered_archive2/200,recovered_archive2/200/CAPorg6.jpg,2
3,85,1024,768,0.03529411764705882,0.03409090909090909,0.7806035242482091,0.10292205159985886,0.8649928930805459,1.6374596992071417,0.7153330248888259,2.3469150861967187,0.9661482585376838,0.002652141562725537,0.9688073795098512,0.971764085330197,0.0031176407533633444,0.9748540618070769,1.340277777777778,0.6029281686430066,1.9500000000000002,0.7957578126138732,0.028848244157801343,0.8251729415365778,250.0,137.6535506262007,388.7,62.465656539889984,22.667095315568442,85.31025971044414,0.0,0.0,0.00095367431640625,recovered_archive2/200,recovered_archive2/200/CAPorg7.jpg,2
2,47,1024,768,0.0425531914893617,0.04081632653061224,0.7965733584357562,0.08568733755184565,0.8651232284772327,1.4270469840574096,0.31601386057435654,1.6798580725168948,0.9523311104527201,0.01903452831379987,0.9675587331037601,0.9616195307531327,0.005122099856672668,0.9657172106384708,1.2563025210084033,0.31512605042016806,1.5084033613445378,0.7488779602750191,0.06178380443086323,0.7983050038197097,533.5,313.0,783.9,89.18376618407356,33.142135623730944,115.69747468305832,0.0,0.0,0.0013567606608072917,recovered_archive2/200,recovered_archive2/200/CAPorg8.jpg,2
0,40,1024,768,0.0,0.0,,,,,,,,,,,,,,,,,,,,,,,,,,,0.0,recovered_archive2/200,recovered_archive2/200/CAPorg9.jpg,2
3,73,1024,768,0.0410958904109589,0.039473684210526314,0.8768920477975698,0.004168132785346349,0.8803371751334383,1.211445874143178,0.07954418191868715,1.2921341225439253,0.9844347219096371,0.0010223170264964034,0.985248984904717,0.958418302869602,0.005014058518955779,0.9635280355183934,0.9087334532540012,0.05532150452383857,0.9647986716479867,0.7605139492558162,0.006846048727675347,0.7667130683309238,2597.5,1324.7598524512534,3812.1,184.75230867899737,54.89036340013286,232.9797256769669,0.0,0.0,0.009908676147460938,recovered_archive3/211,recovered_archive3/211/CAPorg1.jpg,2
4,72,1024,768,0.05555555555555555,0.05263157894736842,0.866276858675562,0.021576061478589963,0.8855346884283845,1.141784393223396,0.09393305930495717,1.246333064167456,0.976084485156352,0.0157983226166961,0.9880516061084778,0.9643444477820249,0.014744446573209351,0.980827551860537,1.0210569105691056,0.04450378581886027,1.0682926829268293,0.7897183750639036,0.019191464212413512,0.8116373039706373,2566.375,2531.0273698391725,5320.45,151.65001794687495,118.36181364912937,277.06917010723976,0.0,0.0,0.013053258260091146,recovered_archive3/211,recovered_archive3/211/CAPorg2.jpg,2
1,104,1024,768,0.009615384615384616,0.009523809523809525,0.8637734519852415,0.0,0.8637734519852415,1.1885588174521442,0.0,1.1885588174521442,0.9708737864077682,0.0,0.9708737864077682,0.9747125265555964,0.0,0.9747125265555964,1.2,0.0,1.2,0.8333333333333334,0.0,0.8333333333333334,100.0,0.0,100.0,38.14213562373095,0.0,38.14213562373095,0.0,0.0,0.00012715657552083334,recovered_archive3/211,recovered_archive3/211/CAPorg3.jpg,2
2,82,1024,768,0.024390243902439025,0.023809523809523808,0.8477989059942073,0.012040842300041377,0.8574315798342403,1.2350792287025336,0.05211700767371519,1.2767728348415057,0.9805154440365454,0.00661934014044141,0.9858109161488986,0.95403713644744,0.0007960430401716678,0.9546739708795774,0.9722222222222222,0.11111111111111105,1.0611111111111111,0.7854445248598474,0.05449723141255397,0.8290423099898906,3927.25,177.75,4069.45,241.1873375215418,3.7487373415291785,244.18632739476513,0.0,0.0,0.009987513224283854,recovered_archive3/211,recovered_archive3/211/CAPorg4.jpg,2
6,81,1024,768,0.07407407407407407,0.06896551724137931,0.748962404016056,0.11434739306164521,0.8577620533576746,1.8884504958908621,0.807829916658633,2.826460069766372,0.9763470242794327,0.009522288529860813,0.9841708623322626,0.9595693942958491,0.01044425060909221,0.9712484548984706,1.6147417871622933,0.7594267343550954,2.6192307692307693,0.7400902840622425,0.0772472059138273,0.7966329966329966,2466.4166666666665,1632.7752043853297,4207.5,189.1930855024428,70.67686659225163,258.56349186104046,0.0,0.0,0.01881726582845052,recovered_archive3/211,recovered_archive3/211/CAPorg5.jpg,2
12,49,1024,768,0.24489795918367346,0.19672131147540983,0.7707678978989824,0.1047642752808428,0.871035975402317,1.4435082196959257,0.30803686089288823,1.8735532429453159,0.953271789312106,0.0516827696340857,0.9790310754396424,0.9551720672117426,0.011701086828144396,0.9628248193744368,1.257170501839642,0.21437396869969125,1.5346153846153847,0.6989643449355065,0.09626165359859269,0.7894703882626588,1532.5,1814.3906116563396,2797.55,146.3773447853214,94.8826632611046,230.27261889578037,0.0,0.08333333333333333,0.02338409423828125,recovered_archive3/215,recovered_archive3/215/CAPorg1.jpg,2
17,80,1024,768,0.2125,0.17525773195876287,0.7801607819140655,0.10282411632574805,0.8714691112570502,1.5685517828207998,0.4442280372361188,2.242562476455864,0.9645815457066393,0.023533947399283134,0.9810685722633726,0.9621049440926841,0.01078794534970169,0.9737952891435716,1.2083179408455844,0.41687603789247113,1.8084639498432602,0.7539229791300674,0.10664262089583032,0.8376623376623377,754.6470588235294,713.0479268750181,1748.1000000000004,100.5962481434159,50.58683478999672,166.87981233214467,0.0,0.0,0.016312917073567707,recovered_archive3/215,recovered_archive3/215/CAPorg2.jpg,2
5,7,1024,768,0.7142857142857143,0.4166666666666667,0.6806544892219124,0.12313982096629598,0.8293321232828739,1.8831939725715774,0.338297131387753,2.1876574745420254,0.9311528774442461,0.06448593122424828,0.9786340295649052,0.9512655250724744,0.008864138812461762,0.9613178710393603,1.2929297858217832,0.675567926381231,2.1333333333333333,0.6936792662370574,0.10726312551670361,0.7983177534901672,1323.0,655.111669870107,2106.7,153.23128419472079,41.050959344756905,196.31900423072332,0.0,0.0,0.008411407470703125,recovered_archive3/215,recovered_archive3/215/CAPorg3.jpg,2
1,44,1024,768,0.022727272727272728,0.022222222222222223,0.8227690047045843,0.0,0.8227690047045843,1.3880491885817134,0.0,1.3880491885817134,0.9744272775705911,0.0,0.9744272775705911,0.9628206654131456,0.0,0.9628206654131456,1.3928571428571428,0.0,1.3928571428571428,0.8374542124542125,0.0,0.8374542124542125,914.5,0.0,914.5,118.18376618407356,0.0,118.18376618407356,0.0,0.0,0.0011628468831380208,recovered_archive3/215,recovered_archive3/215/CAPorg4.jpg,2
3,31,1024,768,0.0967741935483871,0.08823529411764706,0.7326328155298424,0.14020485874466782,0.8441682065560081,1.6028072567467604,0.39264636320718005,1.9964272839433221,0.969797024426663,0.011217408556984691,0.9792586379982967,0.9554675576446364,0.0011912673333236714,0.9566639347218292,1.5448914431673053,0.42885375224026095,1.9755555555555555,0.6896512568743315,0.0937455503481504,0.7641193688869851,835.6666666666666,329.90537363849586,1170.4,117.07344870351095,14.151832480168673,131.25971131946696,0.0,0.0,0.0031878153483072915,recovered_archive3/215,recovered_archive3/215/CAPorg5.jpg,2
3,45,1024,768,0.06666666666666667,0.0625,0.8800100794043538,0.007811320728516638,0.8864522877935352,1.158537217028787,0.1435383712778133,1.3047337739262395,0.9804428261232726,0.001887569736710107,0.9823497250184927,0.9617778483486304,0.004777906883293131,0.9654097137224306,1.0913043478260869,0.07126545422112611,1.1591304347826088,0.7812194001203663,0.01727053543905408,0.797227345922998,752.3333333333334,199.1738492428718,941.8,102.63554587051603,13.7527935240815,115.56265504461923,0.0,0.0,0.0028699239095052085,recovered_archive3/215,recovered_archive3/215/CAPorg6.jpg,2
10,62,1024,768,0.16129032258064516,0.1388888888888889,0.7711445048321309,0.10251573621296294,0.8729002740581167,1.5303018107106534,0.36141656030387936,1.9123807757072446,0.9589518124826183,0.047591356937311646,0.9814330580791442,0.9545398527663231,0.017348109029630777,0.9639285217152533,1.2902354730392003,0.4010659056428951,1.7149999999999999,0.7321352507045368,0.08186925785993755,0.8162722491530816,1501.5,1384.4751352046737,3375.2999999999993,146.7910821693654,70.00628603278628,275.95718600252525,0.0,0.0,0.019092559814453125,recovered_archive3/215,recovered_archive3/215/CAPorg7.jpg,2
12,54,1024,768,0.2222222222222222,0.18181818181818182,0.7363301073265291,0.1090255994090214,0.8483528681944424,1.6434765351015954,0.4654690628702828,2.268070000666443,0.9467836618738265,0.04006795926840079,0.9795190722863208,0.9555674670542599,0.012123888023245724,0.9713688822137645,1.2806581912563342,0.36071430798030835,1.7294303797468356,0.701662507579789,0.09741700607707406,0.7721155956112853,1818.4166666666667,1866.5088270321382,5088.200000000001,161.47006964967213,92.54788636439687,321.53649327128164,0.0,0.0,0.027746836344401043,recovered_archive3/215,recovered_archive3/215/CAPorg8.jpg,2
9,51,1024,768,0.17647058823529413,0.15,0.7552256860352993,0.09284562296655592,0.8366120342816972,1.5624424493892901,0.3742232374819725,1.989653955588543,0.9489076825747931,0.03947133493673245,0.978187097914431,0.9575471426227637,0.0068880908839325326,0.9640168784893994,1.3416016849350183,0.3619264425354296,1.7492063492063492,0.7245402669148641,0.08105670148394156,0.7962468527640941,1165.2777777777778,1192.586337687761,2710.3,126.08134512705156,71.97297178325017,216.40428560496187,0.0,0.0,0.013335545857747396,recovered_archive3/215,recovered_archive3/215/CAPorg9.jpg,2
6,95,1024,768,0.06315789473684211,0.0594059405940594,0.8655461164454824,0.02181214108206525,0.8842190199222868,1.192764816351103,0.13482506942832798,1.3415520484886558,0.9738048976394039,0.008636362899023505,0.9823537828187903,0.9655771903741557,0.0072359520807133175,0.9744992579124178,0.9547794117647058,0.08702898964579066,1.0645833333333332,0.8106709831837217,0.020276387428365156,0.832688492063492,477.6666666666667,279.8030060993309,859.75,79.66498312203888,23.464621021022747,110.61879502661796,0.0,0.0,0.0036443074544270835,recovered_archive3/225,recovered_archive3/225/CAPorg1.jpg,2
1,97,1024,768,0.010309278350515464,0.01020408163265306,0.8267556118595508,0.0,0.8267556118595508,1.433187426593739,0.0,1.433187426593739,0.9718309859154945,0.0,0.9718309859154945,0.9711607305073606,0.0,0.9711607305073606,1.25,0.0,1.25,0.7666666666666667,0.0,0.7666666666666667,138.0,0.0,138.0,45.79898987322333,0.0,45.79898987322333,0.0,0.0,0.00017547607421875,recovered_archive3/225,recovered_archive3/225/CAPorg2.jpg,2
8,114,1024,768,0.07017543859649122,0.06557377049180328,0.842898428303845,0.05784841664242236,0.8755488267098208,1.3231285679646922,0.26452502767642694,1.6980119278346102,0.9711115504846366,0.013126882201949217,0.9808926720947451,0.9622896136169697,0.009659558533911886,0.9723755856681986,0.8551918524305087,0.15884440457898097,0.9878248974008207,0.7854870877824711,0.0418744174220048,0.8168170408259923,656.9375,441.4423403387468,1255.9,92.37830983233658,37.38523750160705,134.26559876977151,0.0,0.0,0.0066827138264973955,recovered_archive3/225,recovered_archive3/225/CAPorg3.jpg,2
12,120,1024,768,0.1,0.09090909090909091,0.8489259230375614,0.027827957169570067,0.8728596702332057,1.2545076411373008,0.24399006107477864,1.4135693580714273,0.9716271990905194,0.005461825562056781,0.977087735388354,0.959589153352423,0.004455958483004924,0.9637060998959487,0.9789974235688467,0.26045722234346674,1.1500000000000001,0.7825150996078842,0.031168364176561283,0.823189594356261,513.2083333333334,218.47286810316336,764.75,84.73258172054247,19.070432956252755,105.03889603929564,0.0,0.0,0.007830937703450521,recovered_archive3/225,recovered_archive3/225/CAPorg4.jpg,2
12,65,1024,768,0.18461538461538463,0.15584415584415584,0.7914926722050167,0.08882672460702701,0.8618841403280375,1.5457221061357815,0.7558403706112002,2.0052189434137673,0.9734863096519336,0.008972618476702636,0.9788601393170335,0.9579065673350223,0.007911348566105593,0.9651994428449863,0.8625397129971678,0.26746452913375,1.1265602322206096,0.7648525461892968,0.04321036755765567,0.814568635493574,1712.1666666666667,1095.5208109489397,2732.4,156.5252283899534,54.53589441439377,204.5128209211357,0.0,0.0,0.026125590006510418,recovered_archive3/225,recovered_archive3/225/CAPorg5.jpg,2
14,59,1024,768,0.23728813559322035,0.1917808219178082,0.8181640809603492,0.07173128384395958,0.8788484133653356,1.479366000009719,0.487756477763473,2.349239503122983,0.973219308713938,0.014514900445666319,0.9852419631261343,0.9654223988969627,0.013642283433137108,0.9805219948408641,1.2242297080363957,0.5747947446785866,2.1800000000000006,0.7827393481248784,0.0548722567773137,0.8404166666666667,908.4642857142857,1009.7184979750847,2312.850000000001,100.17832915223437,61.1977569838641,186.65697679842,0.0,0.0,0.016172409057617188,recovered_archive3/225,recovered_archive3/225/CAPorg6.jpg,2
10,63,1024,768,0.15873015873015872,0.136986301369863,0.8563331759604624,0.01840180731040795,0.8785683666841549,1.2334874762636532,0.09239655896130029,1.326757951011745,0.979266434742206,0.006462781555401769,0.9848882688926287,0.9577467725119139,0.003940331680354901,0.9611674687946339,0.9448858869983979,0.13226344692424466,1.174870657797487,0.7673339145008357,0.027872978744674145,0.796418079331041,1661.4,1350.0576432138,3453.7999999999993,144.73077913133244,59.3331574794019,224.97728701520293,0.0,0.0,0.02112579345703125,recovered_archive3/225,recovered_archive3/225/CAPorg7.jpg,2
2,45,1024,768,0.044444444444444446,0.0425531914893617,0.5695672457512468,0.019849521131523884,0.585446862656466,3.018023391828469,0.09844318707215027,3.0967779414861893,0.956173215863553,0.032313626241711024,0.9820241168569217,0.9651198143595427,0.018565690570119586,0.9799723668156384,0.39560012437810943,0.05231654228855723,0.43745335820895526,0.7199483497577834,0.06006462882755087,0.7680000528198241,1963.0,761.0,2571.8,204.81118318204307,44.72792206135786,240.59352083112938,0.0,0.0,0.004992167154947917,recovered_archive3/225,recovered_archive3/225/CAPorg8.jpg,2
2,53,1024,768,0.03773584905660377,0.03636363636363636,0.7800473120253526,0.01761776775369417,0.7941415262283079,1.3954624036553414,0.23849974101387705,1.586262196466443,0.972774241016667,0.005906771137148881,0.977499657926386,0.961985848732957,0.0034233838576512854,0.964724555819078,0.9233333333333333,0.24333333333333335,1.118,0.7386111975654459,0.016682920081612873,0.7519575336307363,1388.5,1067.5,2242.5,136.15432893255075,65.04163056034265,188.18763338082488,0.0,0.0,0.0035311381022135415,recovered_archive3/227,recovered_archive3/227/CAPorg1.jpg,2
0,50,1024,768,0.0,0.0,,,,,,,,,,,,,,,,,,,,,,,,,,,0.0,recovered_archive3/227,recovered_archive3/227/CAPorg10.jpg,2
1,34,1024,768,0.029411764705882353,0.02857142857142857,0.847839091600833,0.0,0.847839091600833,1.229337636087905,0.0,1.229337636087905,0.9640449438202248,0.0,0.9640449438202248,0.966879599139459,0.0,0.966879599139459,1.1333333333333333,0.0,1.1333333333333333,0.8411764705882353,0.0,0.8411764705882353,214.5,0.0,214.5,56.38477631085023,0.0,56.38477631085023,0.0,0.0,0.0002727508544921875,recovered_archive3/227,recovered_archive3/227/CAPorg11.jpg,2
3,32,1024,768,0.09375,0.08571428571428572,0.643624539217207,0.18413836055189595,0.8255687069673847,2.8787116432019713,1.836988134000631,4.7520524316637935,0.9642837395322679,0.02088393673791256,0.979823450991141,0.9643109146365397,0.009748350368771976,0.9731954099618884,2.2005748645434124,0.9044850778085578,3.0919254658385094,0.7048313680391208,0.058265187443655636,0.7617523660428378,1452.0,464.0360977337862,1846.5,171.12082724475462,38.93957448103501,210.23717164502534,0.0,0.0,0.0055389404296875,recovered_archive3/227,recovered_archive3/227/CAPorg2.jpg,2
1,57,1024,768,0.017543859649122806,0.017241379310344827,0.6412073553129245,0.0,0.6412073553129245,2.601499879852482,0.0,2.601499879852482,0.9789288849868292,0.0,0.9789288849868292,0.9702808858402938,0.0,0.9702808858402938,0.43902439024390244,0.0,0.43902439024390244,0.755420054200542,0.0,0.755420054200542,557.5,0.0,557.5,104.52691193458118,0.0,104.52691193458118,0.0,0.0,0.0007088979085286459,recovered_archive3/227,recovered_archive3/227/CAPorg3.jpg,2
6,92,1024,768,0.06521739130434782,0.061224489795918366,0.8339391990717466,0.014907523307570959,0.8487603454623804,1.347112002771618,0.28457756521311334,1.650122903433827,0.9670399198112868,0.00517738562063855,0.9729708961385702,0.9618173332090615,0.00848832557588859,0.9723452851272192,1.2871850690816207,0.20799704380378461,1.5057471264367817,0.7808378114318072,0.018007463972100415,0.8025974025974026,327.5,266.3217039597036,602.0,64.61760458079523,27.064364866115593,92.42640687119285,0.0,0.0,0.002498626708984375,recovered_archive3/227,recovered_archive3/227/CAPorg4.jpg,2
2,93,1024,768,0.021505376344086023,0.021052631578947368,0.86231431705369,0.020295948877798398,0.8785510761559288,1.1915559891140104,0.10197478410637717,1.2731358163991122,0.970709078702968,0.005694501443491873,0.9752646798577614,0.9603699866145397,0.001414129836526834,0.9615012904837612,1.0435185185185185,0.0064814814814815325,1.0487037037037037,0.7908730158730158,0.002777777777777768,0.7930952380952381,465.5,134.5,573.1,81.35533905932736,11.071067811865476,90.21219330881975,0.0,0.0,0.0011838277180989583,recovered_archive3/227,recovered_archive3/227/CAPorg5.jpg,2
6,73,1024,768,0.0821917808219178,0.0759493670886076,0.7173771206597195,0.12219523464952642,0.8327771293190245,1.7848861705933363,0.3425294818319936,2.2136537260756257,0.9378746963943579,0.05205101296787039,0.9837052603745509,0.9544405307213051,0.02061540501724872,0.9746449735135757,0.9646694362434466,0.5128392483042138,1.5209080047789725,0.7211486573755309,0.11253738551483791,0.8156791125541125,827.8333333333334,619.972759258197,1604.25,113.70254924610826,42.43968622884056,161.44722215136417,0.0,0.0,0.006315867106119792,recovered_archive3/227,recovered_archive3/227/CAPorg6.jpg,2
0,55,1024,768,0.0,0.0,,,,,,,,,,,,,,,,,,,,,,,,,,,0.0,recovered_archive3/227,recovered_archive3/227/CAPorg7.jpg,2
2,67,1024,768,0.029850746268656716,0.028985507246376812,0.8395649810140611,0.03823741460121971,0.8701549126950368,1.137787775058379,0.04936603147407359,1.1772806002376377,0.9569117647058831,0.023088235294117132,0.9753823529411769,0.9695233390814301,0.01702423937498887,0.9831427305814212,1.126984126984127,0.015873015873015817,1.1396825396825396,0.7902777777777779,0.0847222222222222,0.8580555555555556,56.25,7.25,62.05,29.02081528017131,2.5355339059327378,31.0492424049175,0.0,0.0,0.0001430511474609375,recovered_archive3/227,recovered_archive3/227/CAPorg8.jpg,2
1,21,1024,768,0.047619047619047616,0.045454545454545456,0.6525481883115166,0.0,0.6525481883115166,2.354580608319024,0.0,2.354580608319024,0.9750534568781182,0.0,0.9750534568781182,0.9662502406265933,0.0,0.9662502406265933,0.4772727272727273,0.0,0.4772727272727273,0.7402597402597403,0.0,0.7402597402597403,684.0,0.0,684.0,114.76955262170047,0.0,114.76955262170047,0.0,0.0,0.0008697509765625,recovered_archive3/227,recovered_archive3/227/CAPorg9.jpg,2
2,120,1024,768,0.016666666666666666,0.01639344262295082,0.8674188298340261,0.01523074107856115,0.879603422696875,1.1015850016558315,0.056664874199863324,1.146916901015722,0.9792194887036461,0.0007538090266610564,0.9798225359249748,0.9671959540211017,0.0008742790990315386,0.967895377300327,0.9761904761904762,0.023809523809523836,0.9952380952380953,0.8488378684807256,0.01663832199546489,0.8621485260770976,365.25,1.75,366.65,72.74873734152916,0.46446609406725514,73.12031021678297,0.0,0.0,0.0009288787841796875,recovered_archive3/232,recovered_archive3/232/CAPorg1.jpg,2
10,56,1024,768,0.17857142857142858,0.15151515151515152,0.8356253697955109,0.04198377009532118,0.8770408361097988,1.3248265955523486,0.1920378204839013,1.6036568001316573,0.9723573042950662,0.009506830472309746,0.9822866157494707,0.9645524346470309,0.007426064919678931,0.9706805419944544,1.2331014507728093,0.23126185232410246,1.4836363636363634,0.8073100334208148,0.05158375066616857,0.8734805764411028,825.0,968.1776438236941,2005.0499999999995,95.50092347159895,54.30295768501054,170.6923015002474,0.0,0.0,0.01049041748046875,recovered_archive3/232,recovered_archive3/232/CAPorg2.jpg,2
0,72,1024,768,0.0,0.0,,,,,,,,,,,,,,,,,,,,,,,,,,,0.0,recovered_archive3/232,recovered_archive3/232/CAPorg3.jpg,2
2,120,1024,768,0.016666666666666666,0.01639344262295082,0.7554401569610811,0.04034828578789096,0.7877187855913939,1.5842866362879473,0.09377346084701399,1.6593054049655585,0.9713902945290205,0.0024096672227478244,0.9733180283072187,0.9501007583690473,0.003814669719898911,0.9531524941449664,1.6167763157894737,0.13760964912280693,1.7268640350877191,0.7420854954287126,0.004980232270817897,0.7460696812453669,3373.75,827.75,4035.95,236.11626970967632,35.606601717798185,264.60155108391484,0.0,0.0,0.008579889933268229,recovered_archive3/232,recovered_archive3/232/CAPorg4.jpg,2
3,102,1024,768,0.029411764705882353,0.02857142857142857,0.8058114109101132,0.08220112504032646,0.8809715712735093,1.8529614478209122,0.8926979130959386,2.739068056512855,0.9776714543114747,0.008650327114713694,0.9851608106112439,0.966229319109018,0.00752100333048279,0.9725061298739611,1.0922168545356952,0.09175836788840679,1.1857648953301128,0.8077959600785688,0.04582286793888048,0.8444596273291926,5076.666666666667,6561.265342057802,11591.2,222.5015391193316,202.63199301081121,424.5027704147969,0.0,0.0,0.019365946451822918,recovered_archive3/232,recovered_archive3/232/CAPorg5.jpg,2
2,120,1024,768,0.016666666666666666,0.01639344262295082,0.6653677537599834,0.06869157880761118,0.7203210168060723,1.843036740045389,0.3898954461630444,2.1549530969758246,0.935153282092057,0.010910857849632694,0.9438819683717632,0.9484423124290629,0.0015854876557201414,0.9497107025536389,0.7668103448275863,0.008189655172413823,0.7733620689655173,0.5986651835372636,0.09004449388209124,0.6707007786429366,589.25,264.75,801.05,101.79036790187178,19.12132034355964,117.0874241767195,0.0,0.0,0.0014985402425130208,recovered_archive3/234,recovered_archive3/234/CAPorg1.jpg,2
1,19,1024,768,0.05263157894736842,0.05,0.8714646356056385,0.0,0.8714646356056385,1.163587561568911,0.0,1.163587561568911,0.97452229299363,0.0,0.97452229299363,0.9770605134251878,0.0,0.9770605134251878,0.8,0.0,0.8,0.85,0.0,0.85,153.0,0.0,153.0,46.970562748477136,0.0,46.970562748477136,0.0,0.0,0.000194549560546875,recovered_archive3/234,recovered_archive3/234/CAPorg10.jpg,2
2,26,1024,768,0.07692307692307693,0.07142857142857142,0.771557002055427,0.09012898329404306,0.8436601886906614,1.80188039864291,0.4070558959268098,2.127525115384358,0.9695115490570028,0.0015628311082859225,0.9707618139436315,0.9644938258764982,0.0016408695051558508,0.965806521480623,1.4500000000000002,0.35,1.73,0.7734076879910213,0.027728675645342316,0.7955906285072952,327.25,25.25,347.45,73.16295090390226,1.4644660940672622,74.33452377915607,0.0,0.0,0.0008322397867838541,recovered_archive3/234,recovered_archive3/234/CAPorg11.jpg,2
0,98,1024,768,0.0,0.0,,,,,,,,,,,,,,,,,,,,,,,,,,,0.0,recovered_archive3/234,recovered_archive3/234/CAPorg12.jpg,2
3,65,1024,768,0.046153846153846156,0.04411764705882353,0.8389543049368561,0.02576344486690055,0.8638747032558951,1.3596774852511022,0.2195175544677379,1.5475694174955077,0.9790736501499256,0.0045953198111540255,0.9836903705368244,0.9657368542615918,0.006279510082616478,0.9720280667409489,0.9932213608957795,0.19349163923184748,1.1864444444444444,0.812480418084319,0.031032583623496517,0.8416889676964696,930.0,207.5877324570666,1122.6,117.36921591277492,14.441682500683081,131.25483399593904,0.0,0.0,0.00354766845703125,recovered_archive3/234,recovered_archive3/234/CAPorg13.jpg,2
4,100,1024,768,0.04,0.038461538461538464,0.670715029259706,0.1896180930805386,0.7886006667301485,2.227575644252701,1.4156032830629661,3.775153433481705,0.9161627723739548,0.08129445428521387,0.9791012192188853,0.9599315432633637,0.01063966191804766,0.9711470505598142,1.0923520865842948,0.5112763164767219,1.5721153846153846,0.7139374686458452,0.11808893023794262,0.8218775847808106,927.25,317.56367471737065,1287.3000000000002,139.91168824543144,52.551500185816025,197.3935208311294,0.0,0.25,0.004716237386067708,recovered_archive3/234,recovered_archive3/234/CAPorg14.jpg,2
1,81,1024,768,0.012345679012345678,0.012195121951219513,0.8648203043282385,0.0,0.8648203043282385,1.1921988790904887,0.0,1.1921988790904887,0.9848279599024656,0.0,0.9848279599024656,0.9543315666315636,0.0,0.9543315666315636,1.1587301587301588,0.0,1.1587301587301588,0.7903892150467493,0.0,0.7903892150467493,3635.0,0.0,3635.0,229.82337649086287,0.0,229.82337649086287,0.0,0.0,0.004622141520182292,recovered_archive3/234,recovered_archive3/234/CAPorg15.jpg,2
1,85,1024,768,0.011764705882352941,0.011627906976744186,0.8743153043407562,0.0,0.8743153043407562,1.1188871394915345,0.0,1.1188871394915345,0.9793956043956042,0.0,0.9793956043956042,0.9614031438312959,0.0,0.9614031438312959,1.0,0.0,1.0,0.781227173119065,0.0,0.781227173119065,1069.5,0.0,1069.5,123.9827560572969,0.0,123.9827560572969,0.0,0.0,0.0013599395751953125,recovered_archive3/234,recovered_archive3/234/CAPorg2.jpg,2
2,120,1024,768,0.016666666666666666,0.01639344262295082,0.8724933879042853,0.028504591900775533,0.8952970614249057,1.250350691554635,0.019073075687336072,1.2656091521045039,0.9783618172243768,0.011537172674614404,0.9875915553640683,0.9837152059264224,0.009470294009872426,0.9912914411343203,1.292857142857143,0.0071428571428571175,1.2985714285714287,0.7811965811965812,0.0034188034188034067,0.783931623931624,75.5,26.5,96.7,32.55634918610404,6.414213562373092,37.68772003600252,0.0,0.0,0.00019200642903645834,recovered_archive3/234,recovered_archive3/234/CAPorg3.jpg,2
0,120,1024,768,0.0,0.0,,,,,,,,,,,,,,,,,,,,,,,,,,,0.0,recovered_archive3/234,recovered_archive3/234/CAPorg4.jpg,2
2,120,1024,768,0.016666666666666666,0.01639344262295082,0.8037971398755495,0.04786007788824004,0.8420852021861416,1.5041372340673393,0.43711666788981995,1.8538305683791954,0.9714604660512001,0.007792645981995139,0.9776945828367962,0.9570866788013324,0.00039681187096096693,0.9574041282981012,1.4328571428571428,0.35285714285714287,1.7151428571428573,0.813042328042328,0.01732804232804236,0.8269047619047619,1260.25,981.75,2045.65,124.96194077712559,56.92031021678298,170.498188950552,0.0,0.0,0.003204981486002604,recovered_archive3/234,recovered_archive3/234/CAPorg5.jpg,2
0,97,1024,768,0.0,0.0,,,,,,,,,,,,,,,,,,,,,,,,,,,0.0,recovered_archive3/234,recovered_archive3/234/CAPorg6.jpg,2
1,64,1024,768,0.015625,0.015384615384615385,0.857536943422977,0.0,0.857536943422977,1.201954239142405,0.0,1.201954239142405,0.97181729834791,0.0,0.97181729834791,0.9603867202847435,0.0,0.9603867202847435,1.125,0.0,1.125,0.7716049382716049,0.0,0.7716049382716049,500.0,0.0,500.0,85.59797974644665,0.0,85.59797974644665,0.0,0.0,0.0006357828776041666,recovered_archive3/234,recovered_archive3/234/CAPorg7.jpg,2
0,46,1024,768,0.0,0.0,,,,,,,,,,,,,,,,,,,,,,,,,,,0.0,recovered_archive3/234,recovered_archive3/234/CAPorg8.jpg,2
5,29,1024,768,0.1724137931034483,0.14705882352941177,0.8005301597310778,0.10243690898781124,0.8908269296608623,1.589745029604233,0.5405310833464825,2.2691496504526745,0.9704419027210524,0.015415634470014053,0.9806235431235429,0.969471721305313,0.0074153791436320695,0.9776257329027677,1.0249666412019354,0.345049354677315,1.383058823529412,0.8131321693244755,0.034325287504348476,0.8547414287352367,800.3,743.0842886241103,1625.9,103.62985565973347,60.467750282344966,171.71513703397204,0.0,0.0,0.0050881703694661455,recovered_archive3/234,recovered_archive3/234/CAPorg9.jpg,2
0,115,1024,768,0.0,0.0,,,,,,,,,,,,,,,,,,,,,,,,,,,0.0,recovered_archive3/251,recovered_archive3/251/CAPorg1.jpg,2
18,45,1024,768,0.4,0.2857142857142857,0.8070569053425657,0.08341886719697376,0.8713701679495172,1.393612982888965,0.3042147724232929,1.780952756627395,0.9666302393083485,0.03418306789647218,0.9842009992313605,0.9577327000094082,0.009657507218043117,0.9682472365841643,1.265284551893933,0.29762952057833747,1.5322072072072073,0.7601124598734077,0.0723988726707907,0.8254361914257229,1206.8055555555557,608.193982644264,1963.7,133.1533709357339,37.63897126928408,168.87291475506342,0.0,0.0,0.02762158711751302,recovered_archive3/251,recovered_archive3/251/CAPorg10.jpg,2
6,74,1024,768,0.08108108108108109,0.075,0.7775044200242883,0.0765518113747511,0.869254351071171,1.4341126883868147,0.31482838209507763,1.8695736966429368,0.9700026325774028,0.008192311257138941,0.9785751948502062,0.9575851110889437,0.007613607777909464,0.965941747317726,1.4081095233269145,0.29031433913650007,1.7980769230769231,0.7057951275247617,0.04706629133758947,0.7584458114349419,1718.0,1110.3159084993183,3149.0,159.52929282622668,61.43750914629183,235.79393923934003,0.0,0.0,0.0131072998046875,recovered_archive3/251,recovered_archive3/251/CAPorg2.jpg,2
3,66,1024,768,0.045454545454545456,0.043478260869565216,0.8521188156442164,0.01017773581654161,0.8624977408643764,1.3345557417586835,0.08546103945138891,1.3990433516869878,0.9762856138810178,0.00481011408216805,0.9810906713423875,0.9569957000878224,0.007608302569565879,0.9646212939136097,1.2714646464646464,0.08505641309646103,1.3545454545454545,0.8017400192400194,0.03344522623662731,0.835030303030303,652.1666666666666,123.19248714466677,777.5,97.67885997548642,9.467348509677583,107.23473298326138,0.0,0.0,0.002487818400065104,recovered_archive3/251,recovered_archive3/251/CAPorg3.jpg,2
6,52,1024,768,0.11538461538461539,0.10344827586206896,0.7813592720340446,0.09384429308022992,0.8436262071592043,1.5537354868475093,0.2848101767585406,1.8448973569476195,0.9516878605566713,0.028199363961012608,0.9672547643135874,0.9563994410931668,0.012576255215191297,0.9677846287447793,1.3613798562903423,0.3393217630346933,1.6956521739130435,0.7409792168946434,0.04134370604720519,0.7815249741200828,401.25,217.2601647027514,685.5,79.3148989448075,27.020318181182166,112.84062043356595,0.0,0.0,0.0030612945556640625,recovered_archive3/251,recovered_archive3/251/CAPorg4.jpg,2
7,55,1024,768,0.12727272727272726,0.11290322580645161,0.8240919866009786,0.04244875228224041,0.8737945187351962,1.4037511135117937,0.21308638451381678,1.648899732838408,0.972569082535566,0.006392610675325007,0.9800017141789298,0.9657374157234865,0.008575264540452977,0.9739537798234669,1.1149355349486607,0.2671428540676655,1.3984516129032258,0.7657284220347975,0.039297392608399505,0.8173383458646616,494.0,332.254635569081,911.7,81.05526690741475,31.54628943403133,117.84549775709387,0.0,0.0,0.004397074381510417,recovered_archive3/251,recovered_archive3/251/CAPorg5.jpg,2
8,50,1024,768,0.16,0.13793103448275862,0.8687605742353661,0.0190211820089264,0.8890570084558845,1.1766131883466746,0.11311839307531507,1.3484291966834374,0.9782301092969752,0.003819043700701079,0.9823156509883187,0.9618541779720394,0.0036644172033760396,0.9651350906958942,1.047595795104019,0.15122387447280677,1.284375,0.780731644064123,0.025016705085180245,0.8018649033892936,895.3125,550.2218835104162,1448.1,109.39912511250787,32.680973465217406,142.74743135546947,0.0,0.0,0.009107589721679688,recovered_archive3/251,recovered_archive3/251/CAPorg6.jpg,2
6,48,1024,768,0.125,0.1111111111111111,0.8576695996037248,0.034597034124066055,0.8897337661565818,1.1804042834990869,0.11657448569442563,1.2992286221460527,0.9743681125838557,0.008672600270370241,0.9832649964379527,0.9588800452846152,0.005125334317169116,0.9655421218581337,0.9419744049054394,0.1437761495715389,1.0996753246753246,0.7892498518898964,0.02540185999552326,0.8176932517243523,814.6666666666666,470.3757953901209,1397.75,104.86430970418779,29.5727824582415,139.93250352560275,0.0,0.0,0.006215413411458333,recovered_archive3/251,recovered_archive3/251/CAPorg7.jpg,2
15,68,1024,768,0.22058823529411764,0.18072289156626506,0.8147315806101624,0.08702247848998707,0.878266910883185,1.4062732294502243,0.28658732206682364,1.8064738431078617,0.9664537898908517,0.032771084502925214,0.9820281290660641,0.9569153626469331,0.02045973948008627,0.9683818407059108,1.0398488553634464,0.21956292099816016,1.2348484848484849,0.739409891615275,0.07430143787082762,0.7988158508158508,1361.4666666666667,2279.78036563954,1291.8999999999999,128.70905234414545,94.69214741277732,138.9935208311294,0.0,0.0,0.025967915852864582,recovered_archive3/251,recovered_archive3/251/CAPorg8.jpg,2
28,57,1024,768,0.49122807017543857,0.32941176470588235,0.8101433249915858,0.08708271285398815,0.8714322763063772,1.339856640500717,0.26772322966269385,1.7527246667098655,0.964819848944295,0.03514641725926679,0.9828542904206766,0.9546997483522156,0.02295509577867541,0.9656069278508252,0.961316355581383,0.24135286541280812,1.2841666666666667,0.747879747625389,0.07668996998632058,0.817828947368421,1594.6785714285713,3060.2905914024786,2069.9500000000003,138.1975519626495,113.3165823525223,174.69717882377532,0.0,0.03571428571428571,0.05677668253580729,recovered_archive3/251,recovered_archive3/251/CAPorg9.jpg,2
19,76,1024,768,0.25,0.2,0.8142791178499784,0.06579560289851967,0.8863986485386411,1.4162986337734453,0.38528353838572865,1.9958432072290937,0.9682704360142687,0.015390701120373794,0.981974544203646,0.9658203731988494,0.010233362253416572,0.9824495408278248,1.211338709005785,0.41168389766266356,1.9276292335115863,0.774038387377694,0.052758963504509884,0.8205797101449276,760.1842105263158,942.071265190729,1778.1,93.83185610507276,60.06143507006453,176.7592062560786,0.0,0.0,0.018365859985351562,recovered_archive3/252,recovered_archive3/252/CAPorg1.jpg,2
0,82,1024,768,0.0,0.0,,,,,,,,,,,,,,,,,,,,,,,,,,,0.0,recovered_archive3/252,recovered_archive3/252/CAPorg10.jpg,2
1,66,1024,768,0.015151515151515152,0.014925373134328358,0.7478501573507336,0.0,0.7478501573507336,1.6836710099610053,0.0,1.6836710099610053,0.9651871192341163,0.0,0.9651871192341163,0.9563949745779345,0.0,0.9563949745779345,1.75,0.0,1.75,0.7921428571428571,0.0,0.7921428571428571,554.5,0.0,554.5,96.5269119345812,0.0,96.5269119345812,0.0,0.0,0.0007050832112630209,recovered_archive3/252,recovered_archive3/252/CAPorg11.jpg,2
0,80,1024,768,0.0,0.0,,,,,,,,,,,,,,,,,,,,,,,,,,,0.0,recovered_archive3/252,recovered_archive3/252/CAPorg12.jpg,2
1,69,1024,768,0.014492753623188406,0.014285714285714285,0.8531184785143645,0.0,0.8531184785143645,1.1939668791594724,0.0,1.1939668791594724,0.9762389680923286,0.0,0.9762389680923286,0.9590989097352812,0.0,0.9590989097352812,0.8787878787878788,0.0,0.8787878787878788,0.7513061650992685,0.0,0.7513061650992685,719.0,0.0,719.0,102.91168824543142,0.0,102.91168824543142,0.0,0.0,0.0009142557779947916,recovered_archive3/252,recovered_archive3/252/CAPorg13.jpg,2
0,4,1024,768,0.0,0.0,,,,,,,,,,,,,,,,,,,,,,,,,,,0.0,recovered_archive3/252,recovered_archive3/252/CAPorg14.jpg,2
2,52,1024,768,0.038461538461538464,0.037037037037037035,0.7305486570070778,0.1303815306164589,0.834853881500245,1.8120439573882847,0.48721237522253646,2.201813857566314,0.9365424621500569,0.0460763095764784,0.9734035098112396,0.9579779735532905,0.0041982633704185646,0.9613365842496253,1.2263071895424837,0.42075163398692805,1.5629084967320261,0.7638304911455551,0.04843004525291233,0.8025745273478849,8767.0,7919.0,15102.2,351.1665222413705,239.91168824543144,543.0958728377157,0.0,0.0,0.022295633951822918,recovered_archive3/252,recovered_archive3/252/CAPorg15.jpg,2
6,90,1024,768,0.06666666666666667,0.0625,0.7879618664059933,0.0835705615866,0.8620915023127081,1.4944828382056758,0.31757871108666447,1.8257304488630082,0.963080499685657,0.014809332002551943,0.9770991964137233,0.9621499140761607,0.007523507877568945,0.9708536743489389,0.8885012222882761,0.29007769972138336,1.2613430127041743,0.7736916699620874,0.06936176611299211,0.8500345560871876,481.0833333333333,250.33001828697167,797.25,83.62454300751901,20.78152383656924,109.96194077712559,0.0,0.0,0.003670374552408854,recovered_archive3/252,recovered_archive3/252/CAPorg16.jpg,2
4,120,1024,768,0.03333333333333333,0.03225806451612903,0.8094116260429669,0.09691155282073526,0.8753910615049596,1.2612203605795207,0.17920674369842646,1.4651268118120904,0.9590996452143152,0.03301444984302452,0.9786836371975687,0.9549622216124899,0.016021451803464835,0.9676017451289628,0.998357524828113,0.13296967713764335,1.131470588235294,0.7908829458274284,0.022545964976601995,0.8098344064771134,4282.25,6486.918302437607,11141.050000000003,202.01828996322965,202.32273560130187,421.0559666716434,0.0,0.0,0.021780649820963543,recovered_archive3/252,recovered_archive3/252/CAPorg17.jpg,2
11,51,1024,768,0.21568627450980393,0.1774193548387097,0.778097666033506,0.07983444365514204,0.8723025569498926,1.5253243454496477,0.40251195169570353,1.987084639076352,0.9650150505548903,0.01830729714828242,0.9766472060050043,0.9571203619497962,0.008510719082567989,0.9643999354327994,1.2190433107240246,0.4400251910685569,1.75,0.7369842767122989,0.0701377446310351,0.8156288156288156,973.8636363636364,481.45966936301164,1392.0,122.13873139843673,34.772076486564444,167.8822509939086,0.0,0.0,0.013621648152669271,recovered_archive3/252,recovered_archive3/252/CAPorg2.jpg,2
13,77,1024,768,0.16883116883116883,0.14444444444444443,0.7525155479775401,0.09282727548429472,0.8413717226164515,1.6676306567956423,0.7240904182322702,2.032975265664472,0.9567423497261759,0.022131544390237314,0.9773517469863251,0.9584468408756914,0.017086526393503988,0.9817173261992259,1.1739069126607826,0.4657057249943999,1.8931428571428572,0.7401515094087886,0.09932681035444625,0.901609415696103,1235.8461538461538,1794.0898740953196,1575.6000000000001,126.11153284131196,83.71010925476355,165.15575746753802,0.0,0.0,0.020428975423177082,recovered_archive3/252,recovered_archive3/252/CAPorg3.jpg,2
2,57,1024,768,0.03508771929824561,0.03389830508474576,0.767874558424407,0.09951991469499788,0.8474904901804053,1.4000222925962187,0.35251271060711176,1.6820324610819082,0.9632604988513909,0.015568890936903279,0.9757156116009135,0.9569110553932441,0.011251207377445616,0.9659120212952006,1.3064182194616978,0.2587991718426501,1.513457556935818,0.7398627188029362,0.11078663184641446,0.8284920242800677,1238.25,845.25,1914.45,136.68986283848346,61.23401871576775,185.67707781109766,0.0,0.0,0.0031490325927734375,recovered_archive3/252,recovered_archive3/252/CAPorg4.jpg,2
4,77,1024,768,0.05194805194805195,0.04938271604938271,0.7478857079759422,0.06532814915740243,0.8014067233559207,1.7196385876908509,0.3030453047387489,2.0459660256543,0.9575112610353864,0.02319264609486799,0.9750935112986252,0.957512844356784,0.01020460692812664,0.9689546714707065,1.6031105990783412,0.40043926895977605,1.9785714285714286,0.7316160756933372,0.03914627717654124,0.776494727546621,741.125,521.0837714561834,1317.65,104.90128060534578,45.620945516199086,155.81534623807738,0.0,0.0,0.003769556681315104,recovered_archive3/252,recovered_archive3/252/CAPorg5.jpg,2
0,69,1024,768,0.0,0.0,,,,,,,,,,,,,,,,,,,,,,,,,,,0.0,recovered_archive3/252,recovered_archive3/252/CAPorg6.jpg,2
0,81,1024,768,0.0,0.0,,,,,,,,,,,,,,,,,,,,,,,,,,,0.0,recovered_archive3/252,recovered_archive3/252/CAPorg7.jpg,2
0,56,1024,768,0.0,0.0,,,,,,,,,,,,,,,,,,,,,,,,,,,0.0,recovered_archive3/252,recovered_archive3/252/CAPorg8.jpg,2
0,71,1024,768,0.0,0.0,,,,,,,,,,,,,,,,,,,,,,,,,,,0.0,recovered_archive3/252,recovered_archive3/252/CAPorg9.jpg,2
7,68,1024,768,0.10294117647058823,0.09333333333333334,0.8577461696123478,0.01844460267448051,0.8757863386699074,1.1939818203380697,0.07795961764766672,1.2786679469970244,0.9719164975862337,0.008244502594749537,0.9813065833249319,0.9628733591969681,0.0072673906844933946,0.9714299701984199,0.9932142857142858,0.08649961733699005,1.0819444444444444,0.7703105622590918,0.030194375168982962,0.8019049773755657,399.2142857142857,201.78398229345183,647.6000000000001,74.26150273797133,17.608351058042437,96.1920922961421,0.0,0.0,0.0035533905029296875,recovered_archive3/263,recovered_archive3/263/CAPorg1.jpg,2
4,26,1024,768,0.15384615384615385,0.13333333333333333,0.8130260705655348,0.101193163261781,0.8857201163843743,1.2495199569434645,0.2861410468435512,1.5641352179012635,0.9517718138098769,0.05063743302995933,0.9855130306895642,0.9489010903415159,0.011627162511254839,0.9581179281038555,1.138590165317139,0.23265698307732655,1.386298076923077,0.7435133089720475,0.06575657843502834,0.7946084486166007,1850.25,1244.8217994958154,3222.3,161.28174593052023,48.60591593068534,216.56896090313447,0.0,0.0,0.009410858154296875,recovered_archive3/263,recovered_archive3/263/CAPorg10.jpg,2
4,67,1024,768,0.05970149253731343,0.056338028169014086,0.8246128035196685,0.020019841717510097,0.8392316748280859,1.1758678749381513,0.10137481597296556,1.2911684958033494,0.9691244792649678,0.006194931831253566,0.9751700783613738,0.9596891442402344,0.0053277430386240105,0.9650944907459126,0.9960164835164835,0.08479659399752143,1.0688461538461538,0.7616428024992841,0.021800583164113426,0.7853404859886342,430.0,128.46157012896893,564.05,79.94112549695427,11.671041231852298,91.89087296526012,0.0,0.0,0.0021870930989583335,recovered_archive3/263,recovered_archive3/263/CAPorg2.jpg,2
5,49,1024,768,0.10204081632653061,0.09259259259259259,0.8504021486696075,0.016427333717573604,0.8699416830437897,1.2978968175736632,0.15757369527380752,1.4781849313210822,0.9753529737889208,0.005061763411891267,0.980754346811598,0.9632031157179703,0.0033853331553978026,0.9665212639524111,1.0490198234719108,0.19888237601744335,1.2511029411764705,0.7772796718048257,0.03653832857038983,0.8079985652797704,767.8,305.1810282438933,1091.0,103.9862048458375,22.4032166277109,126.51168824543143,0.0,0.0,0.004881540934244792,recovered_archive3/263,recovered_archive3/263/CAPorg3.jpg,2
5,32,1024,768,0.15625,0.13513513513513514,0.7564563656869909,0.1246868612328755,0.8752416485157325,1.628738420298373,0.3736571691387015,2.0622554916727247,0.9693700830504441,0.025140091414921042,0.9853763270188192,0.9627048843867231,0.013897801111489244,0.9774675471331932,0.8892580816110227,0.24694453770822247,1.1458823529411766,0.7379478988492096,0.1270421600338371,0.85885336743393,1234.8,797.9796739265981,2182.7,135.50580079512685,47.12023415168331,182.02783540618017,0.0,0.0,0.00785064697265625,recovered_archive3/263,recovered_archive3/263/CAPorg4.jpg,2
10,32,1024,768,0.3125,0.23809523809523808,0.7993405898805002,0.06997503124089718,0.8609612766997776,1.5011564348297073,0.39678380664468293,2.0155902133159613,0.9637951403320815,0.02095513230530847,0.9786429051058173,0.9555607507322618,0.02755940222251238,0.9706608982476795,1.40835870844366,0.30524930335962247,1.8363636363636362,0.7761039235150899,0.05340478441980731,0.8164705882352941,2389.5,3153.0465743467853,6899.449999999999,150.68225099390855,131.082035670153,325.87648609253154,0.0,0.0,0.030384063720703125,recovered_archive3/263,recovered_archive3/263/CAPorg5.jpg,2
9,33,1024,768,0.2727272727272727,0.21428571428571427,0.7666268915900862,0.0909026541799125,0.8359858743911798,1.5156277142806027,0.45536819346163265,2.0830252658737187,0.9534338069727681,0.03964801914972402,0.9741835403488386,0.9578397450492336,0.02060866491724787,0.9781180041326314,1.0160038054774896,0.3779639060358027,1.3615384615384616,0.778259255351204,0.05949065157863157,0.8422860180754917,997.1666666666666,1445.7732648424972,1855.6000000000008,109.21862268396076,68.95099770550651,171.7283404695685,0.0,0.0,0.011411666870117188,recovered_archive3/263,recovered_archive3/263/CAPorg6.jpg,2
1,37,1024,768,0.02702702702702703,0.02631578947368421,0.8779251525086748,0.0,0.8779251525086748,1.1184864510004826,0.0,1.1184864510004826,0.9699248120300747,0.0,0.9699248120300747,0.9741195179855968,0.0,0.9741195179855968,1.0833333333333333,0.0,1.0833333333333333,0.8269230769230769,0.0,0.8269230769230769,129.0,0.0,129.0,42.970562748477136,0.0,42.970562748477136,0.0,0.0,0.000164031982421875,recovered_archive3/263,recovered_archive3/263/CAPorg7.jpg,2
2,33,1024,768,0.06060606060606061,0.05714285714285714,0.7903812234674457,0.017140046155359523,0.8040932603917333,1.4891550529255007,0.12146590480018693,1.5863277767656503,0.9492504452800306,0.0016698001187412381,0.9505862853750235,0.9633638894207477,0.0024447734505226304,0.9653197081811657,1.3611111111111112,0.13888888888888884,1.4722222222222223,0.7910740053597196,0.008245722531436794,0.7976705833848691,156.25,78.75,219.25,48.2634559672906,13.535533905932738,59.09188309203679,0.0,0.0,0.0003973642985026042,recovered_archive3/263,recovered_archive3/263/CAPorg8.jpg,2
1,24,1024,768,0.041666666666666664,0.04,0.6157672085619598,0.0,0.6157672085619598,1.6230617295729546,0.0,1.6230617295729546,0.8859725867599888,0.0,0.8859725867599888,0.9352903506542234,0.0,0.9352903506542234,1.4576271186440677,0.0,1.4576271186440677,0.598738667717777,0.0,0.598738667717777,3038.0,0.0,3038.0,248.99494936611666,0.0,248.99494936611666,0.0,0.0,0.0038630167643229165,recovered_archive3/263,recovered_archive3/263/CAPorg9.jpg,2
4,69,1024,768,0.057971014492753624,0.0547945205479452,0.7781383601770978,0.04209920645482096,0.8258582089337005,1.4879571849304258,0.27361851552888816,1.7639127725212702,0.9636740910895649,0.010847398071792068,0.9752530364372466,0.9603558723573526,0.005202689841506966,0.9651480956940168,0.7088818044700398,0.2037403504089491,0.9270396270396271,0.8114186854108254,0.01857775334808306,0.8283955071860751,781.25,353.47533506597034,1117.9,108.26955262170047,28.109590207982812,132.0631601080076,0.0,0.0,0.003973642985026042,recovered_archive1/29,recovered_archive1/29/CAPorg1.jpg,3
13,27,1024,768,0.48148148148148145,0.325,0.7558736851250352,0.13994098486743842,0.8831418741973199,1.5807232025389348,0.4824161644207013,2.397491146715524,0.954009558285093,0.04443086195925107,0.984133962536817,0.9484098360866996,0.02753446127030221,0.9669544594649768,1.2823282605967994,0.5375023958135176,2.216372160115399,0.7304199637079705,0.07307620050762047,0.7991397804957128,3487.730769230769,3994.7683268503943,10892.800000000005,225.3740979959732,162.1948891979725,520.7143720050508,0.0,0.0,0.05765342712402344,recovered_archive1/29,recovered_archive1/29/CAPorg10.jpg,3
29,36,1024,768,0.8055555555555556,0.4461538461538462,0.7915283693525881,0.08887061676755198,0.8774493054940554,1.3656786077061236,0.2806770464052727,1.802059019068547,0.960315253317147,0.030909494228348048,0.9832616020992087,0.9522619580228762,0.018282767763456467,0.9660537736901292,1.0201741081181408,0.26171527354961993,1.2991210277214333,0.7440093610785371,0.06387723320226905,0.8230118049083566,1592.2241379310344,1369.8509394506805,3013.399999999999,150.22564304355194,68.21160440836405,223.5322076663197,0.0,0.0,0.05871391296386719,recovered_archive1/29,recovered_archive1/29/CAPorg11.jpg,3
6,35,1024,768,0.17142857142857143,0.14634146341463414,0.8430319469320188,0.03733972716928302,0.8853408545214285,1.3127020215006817,0.08810384305710717,1.4097428587572423,0.9720801145593736,0.011383745090518153,0.9825919948658419,0.9604334539021697,0.004910385351661512,0.9644513957987588,1.1432594417077175,0.16656655429517844,1.29,0.7706549139416762,0.039700141129406896,0.8055375253549695,666.1666666666666,286.1006039063105,928.75,95.56447805865055,27.062807659331884,117.79036790187178,0.0,0.0,0.005082448323567708,recovered_archive1/29,recovered_archive1/29/CAPorg12.jpg,3
1,87,1024,768,0.011494252873563218,0.011363636363636364,0.7297586250446968,0.0,0.7297586250446968,1.8159597724446397,0.0,1.8159597724446397,0.9701492537313431,0.0,0.9701492537313431,0.9685785153557378,0.0,0.9685785153557378,1.6,0.0,1.6,0.8125,0.0,0.8125,520.0,0.0,520.0,94.6274169979695,0.0,94.6274169979695,0.0,0.0,0.0006612141927083334,recovered_archive1/29,recovered_archive1/29/CAPorg2.jpg,3
9,35,1024,768,0.2571428571428571,0.20454545454545456,0.815607449097178,0.05268584643234634,0.8544639829928606,1.4149413724063473,0.26737379479269063,1.7974632776515904,0.9686046768879498,0.009414812208302068,0.9766038342438567,0.961686890683831,0.007358681962721459,0.9689738037780444,0.8710887877554544,0.19599258638037387,1.0841025641025641,0.7514454351150257,0.06874254300652484,0.8086923076923077,401.27777777777777,196.1714260412605,588.5,76.37440271213335,17.167428229382015,92.90336213336289,0.0,0.0,0.0045922597249348955,recovered_archive1/29,recovered_archive1/29/CAPorg3.jpg,3
0,61,1024,768,0.0,0.0,,,,,,,,,,,,,,,,,,,,,,,,,,,0.0,recovered_archive1/29,recovered_archive1/29/CAPorg4.jpg,3
1,42,1024,768,0.023809523809523808,0.023255813953488372,0.8131787303026824,0.0,0.8131787303026824,1.2522336715234943,0.0,1.2522336715234943,0.9751773049645398,0.0,0.9751773049645398,0.9558646853665712,0.0,0.9558646853665712,1.0303030303030303,0.0,1.0303030303030303,0.7352941176470589,0.0,0.7352941176470589,825.0,0.0,825.0,112.91168824543142,0.0,112.91168824543142,0.0,0.0,0.001049041748046875,recovered_archive1/29,recovered_archive1/29/CAPorg5.jpg,3
3,44,1024,768,0.06818181818181818,0.06382978723404255,0.8891696408450788,0.012178519061185892,0.9015636557798341,1.1784888461261351,0.02289075038103989,1.2005431737283774,0.9809372297289297,0.0059710571792100705,0.9867177664946273,0.968911638901426,0.005402675577259461,0.9744166332009083,1.0096451774112944,0.11738510251685058,1.1292353823088455,0.828037269986516,0.010407495299640131,0.8382292810813844,513.8333333333334,228.6701894772372,747.0,83.07919668441197,17.810420962877362,101.22640687119286,0.0,0.0,0.001960118611653646,recovered_archive1/29,recovered_archive1/29/CAPorg6.jpg,3
2,34,1024,768,0.058823529411764705,0.05555555555555555,0.7298426811340241,0.13045323187171343,0.8342052666313948,1.868629222070373,0.7203162247282994,2.4448822018530127,0.9723429884043127,0.0032251934138691207,0.9749231431354081,0.9586848708589861,0.004697795811207051,0.9624431075079518,0.8142883178421725,0.37926006925460176,1.1176963732458538,0.7276746632952209,0.020799617437124274,0.7443143572449203,5246.25,4387.75,8756.45,280.70205614730327,168.71930009000636,415.67749621930835,0.0,0.0,0.013341903686523438,recovered_archive1/29,recovered_archive1/29/CAPorg7.jpg,3
2,31,1024,768,0.06451612903225806,0.06060606060606061,0.8634999346079726,0.017378564935806917,0.8774027865566181,1.1229249841056343,0.05670242059962671,1.1682869205853357,0.9756638601056021,0.0031540421834311827,0.978187093852347,0.9578841014506287,0.0010789572098577893,0.9587472672185149,0.9449612403100776,0.07829457364341086,1.0075968992248063,0.7666018413111437,0.009466534757232414,0.7741750691169296,1397.25,35.25,1425.45,142.58935777509515,0.36396103067890806,142.88052659963827,0.0,0.0,0.0035533905029296875,recovered_archive1/29,recovered_archive1/29/CAPorg8.jpg,3
16,35,1024,768,0.45714285714285713,0.3137254901960784,0.7927509222234229,0.10450757219074261,0.872170292307086,1.4666775957188514,0.5713145640113868,1.6399646425173677,0.9640660228605279,0.031189587335805406,0.9851642757447955,0.9535024174892857,0.020226705908287217,0.9684694221503507,0.9842136184279565,0.2559115419906296,1.2037480063795853,0.7294384614050051,0.056386242818514676,0.7713149641577062,1568.40625,997.3912412318134,2786.5,151.70807620863334,62.50877802965494,240.08683245815348,0.0,0.0,0.03190930684407552,recovered_archive1/29,recovered_archive1/29/CAPorg9.jpg,3
0,0,1024,768,0.0,0.0,,,,,,,,,,,,,,,,,,,,,,,,,,,0.0,recovered_archive1/32,recovered_archive1/32/CAPorg1.jpg,3
6,13,1024,768,0.46153846153846156,0.3157894736842105,0.8307139105728104,0.036344672619095686,0.8597412494323082,1.236284678325706,0.1577962746270424,1.4376147885500314,0.9690122315996977,0.01620534976936787,0.9840549685671287,0.9594225081600003,0.0072748888780102775,0.9677566423546542,1.0051059163427873,0.2211187606470604,1.2359972677595628,0.7684611647421734,0.016324393880788306,0.7854712844941094,1382.5,1246.337634832552,2803.25,123.31608939063024,72.66638102104449,203.11626970967632,0.0,0.0,0.010547637939453125,recovered_archive1/32,recovered_archive1/32/CAPorg2.jpg,3
20,36,1024,768,0.5555555555555556,0.35714285714285715,0.7752759706676218,0.12093887615259075,0.8741847281565396,1.733440367187881,1.3556035293611144,1.8047427344730869,0.9511427358408489,0.04212943408614618,0.9799919203159299,0.9527010203537765,0.03435721102490735,0.9697635986949367,0.9827969805279233,0.29638469025450603,1.366883116883117,0.7423315847826903,0.07835359127088086,0.8272930194805195,1816.575,3679.013710476627,3143.3500000000013,141.20910165402597,139.7781673502853,236.25911960090107,0.0,0.0,0.04619789123535156,recovered_archive1/32,recovered_archive1/32/CAPorg3.jpg,3
4,50,1024,768,0.08,0.07407407407407407,0.7724236629612056,0.07956612042809338,0.8538482444861452,1.5082734027947247,0.27075179825529594,1.791363996374593,0.9582530300141449,0.02063467381807957,0.9751895832670078,0.9633480770924503,0.005718266207498877,0.9697415420381774,1.3111895161290321,0.3769005747315337,1.7425,0.715802255363482,0.029470964853536154,0.7472352504244482,426.625,236.08853609398318,692.4000000000001,80.12310601229375,22.98754759805289,103.33178925810908,0.0,0.0,0.002169926961263021,recovered_archive1/32,recovered_archive1/32/CAPorg4.jpg,3
1,51,1024,768,0.0196078431372549,0.019230769230769232,0.8498072116581504,0.0,0.8498072116581504,1.1962900000572498,0.0,1.1962900000572498,0.9750000000000004,0.0,0.9750000000000004,0.9677822339757892,0.0,0.9677822339757892,0.8,0.0,0.8,0.78,0.0,0.78,390.0,0.0,390.0,75.94112549695429,0.0,75.94112549695429,0.0,0.0,0.00049591064453125,recovered_archive1/32,recovered_archive1/32/CAPorg5.jpg,3
1,56,1024,768,0.017857142857142856,0.017543859649122806,0.8399336376851291,0.0,0.8399336376851291,1.1405856055401757,0.0,1.1405856055401757,0.9648829431438118,0.0,0.9648829431438118,0.9567429075176135,0.0,0.9567429075176135,1.1666666666666667,0.0,1.1666666666666667,0.7632275132275133,0.0,0.7632275132275133,288.5,0.0,288.5,65.698484809835,0.0,65.698484809835,0.0,0.0,0.0003668467203776042,recovered_archive1/32,recovered_archive1/32/CAPorg6.jpg,3
3,47,1024,768,0.06382978723404255,0.06,0.5601979302490384,0.20522366287254243,0.7633884860294163,6.036099321381859,4.570412430362733,10.69692332015404,0.9492217786157457,0.04178036055586799,0.9804635237604704,0.9710142419511224,0.01119133367026626,0.9824043166136639,2.5608187134502924,1.3904357498646085,3.8214912280701756,0.7349904070700518,0.10286892410880363,0.8370471281296024,14459.166666666666,19218.61135433278,33636.600000000006,459.60036063809224,475.4511094696081,943.1801440851777,0.0,0.0,0.05515734354654948,recovered_archive1/32,recovered_archive1/32/CAPorg7.jpg,3
3,66,1024,768,0.045454545454545456,0.043478260869565216,0.7644241028236222,0.08247819490068821,0.8363851491679523,1.501852004994521,0.16778111229717213,1.6717629827692793,0.9490974732821416,0.031835146900165305,0.9759669939903206,0.937764471037211,0.022917330608935485,0.9568236000639724,0.9265095398428732,0.0714508543444823,0.9845117845117846,0.6757668956747298,0.06037886961816271,0.7373123793768955,3329.0,2268.0126028456425,5506.5,217.98513694894237,104.48545858714971,317.89831149947963,0.0,0.0,0.012699127197265625,recovered_archive1/32,recovered_archive1/32/CAPorg8.jpg,3
0,19,1024,768,0.0,0.0,,,,,,,,,,,,,,,,,,,,,,,,,,,0.0,recovered_archive1/37,recovered_archive1/37/CAPorg1.jpg,3
6,25,1024,768,0.24,0.1935483870967742,0.7772190255679371,0.0968395930791435,0.886634578580066,1.9064397108821405,0.8636474998664649,3.055061802467441,0.9725776337244963,0.015664016294204632,0.986616388079991,0.9621426130101359,0.008678543299594898,0.9732163892908126,0.8298143748376453,0.26748849869649155,1.1163793103448276,0.7529626309317518,0.047226286194586194,0.8021748876501599,3302.5,4294.133401126084,7691.75,193.10120241040605,141.76013963284316,340.94469683442253,0.0,0.0,0.025196075439453125,recovered_archive1/37,recovered_archive1/37/CAPorg2.jpg,3
6,58,1024,768,0.10344827586206896,0.09375,0.8466998709540392,0.0299817049983584,0.8712694270381063,1.2672869017815607,0.11846197673521222,1.416403307516394,0.9704992949833106,0.00891491729742429,0.9775215501362998,0.9607483609573393,0.008280577075769667,0.969754565920302,1.0214896812957157,0.15636188281244637,1.1818181818181817,0.7687130120313982,0.05397680748112328,0.8260942760942761,460.5833333333333,264.02515925991264,709.0,77.47665940288702,28.186373810618495,101.49747468305833,0.0,0.0,0.003513971964518229,recovered_archive1/37,recovered_archive1/37/CAPorg3.jpg,3
6,41,1024,768,0.14634146341463414,0.1276595744680851,0.8410004823273005,0.03130375103491174,0.8767213755354,1.339717060045854,0.16625365471278367,1.5505524701094529,0.9765414675469287,0.0036796166565255155,0.9803376384207578,0.9656152502943169,0.004956254386046381,0.9709156231006177,1.0219152307387602,0.25239380829073743,1.2944444444444445,0.7721114759687567,0.03697188346126406,0.8111552028218695,516.25,236.78765979952024,710.0,84.22420629859344,23.57417142140903,103.25483399593904,0.0,0.0,0.0039386749267578125,recovered_archive1/37,recovered_archive1/37/CAPorg4.jpg,3
9,40,1024,768,0.225,0.1836734693877551,0.8555752401236072,0.022734963290252395,0.8879580395627282,1.1997040723563162,0.17093221882655563,1.3573757735679965,0.9710530100730038,0.007944592054716499,0.9811258512988831,0.9650700880042008,0.00809942274733143,0.9754797895140623,0.9752858651878259,0.17218701975067305,1.058909090909091,0.7855943501802635,0.03919013583193555,0.8324401913875598,341.05555555555554,185.44128217795108,524.7,68.06667464305552,18.61911541155895,86.94356415871823,0.0,0.0,0.003903071085611979,recovered_archive1/37,recovered_archive1/37/CAPorg5.jpg,3
0,0,1024,768,0.0,0.0,,,,,,,,,,,,,,,,,,,,,,,,,,,0.0,recovered_archive1/38,recovered_archive1/38/CAPorg1.jpg,3
20,51,1024,768,0.39215686274509803,0.28169014084507044,0.7341942847146002,0.12557012553847668,0.8663355988563446,1.610497635230842,0.39657819264626165,2.1005014959195116,0.9423476834775432,0.05389310263629468,0.9843617547574076,0.9500874949469112,0.04376225883969923,0.9717650262230942,1.3156628372348682,0.4770153314802383,2.011111111111111,0.7431709509076115,0.08943437401442625,0.8222587719298246,1151.3,1732.540009639027,3124.4500000000025,121.69036790187177,110.56733069670379,216.38489885977802,0.0,0.05,0.029279073079427082,recovered_archive1/38,recovered_archive1/38/CAPorg10.jpg,3
7,57,1024,768,0.12280701754385964,0.109375,0.8131434459881456,0.05730780331425704,0.8760981237314327,1.4093977527544166,0.261795656060921,1.737208015070144,0.9671143476995819,0.01292583605701052,0.9799413171049771,0.9629704564117609,0.010332605517046038,0.9733881851628646,1.0883998692315122,0.34454909057341554,1.4584615384615387,0.780617882652619,0.05747406718158455,0.8351282051282052,362.14285714285717,276.9198845315728,721.9000000000001,70.45163880106959,29.531177378961324,107.04062043356595,0.0,0.0,0.003223419189453125,recovered_archive1/38,recovered_archive1/38/CAPorg11.jpg,3
24,38,1024,768,0.631578947368421,0.3870967741935484,0.8003476189271149,0.0817070550119143,0.8687815919991614,1.4485283789695418,0.40365568149551484,1.9188537158385006,0.9694556206201499,0.013709708314165663,0.9792446855897781,0.9596739039943766,0.006654417070722617,0.9670077787527698,1.2351650571086825,0.4549569691734905,1.6666666666666665,0.7456412878291294,0.059028907946937714,0.8101214163457424,833.3333333333334,666.446041618441,1900.0499999999995,108.66659445401858,44.92886666060099,170.08468965567255,0.0,0.0,0.025431315104166668,recovered_archive1/38,recovered_archive1/38/CAPorg12.jpg,3
8,40,1024,768,0.2,0.16666666666666666,0.8183403883288628,0.03000183434729556,0.8477620206913714,1.4602225455490307,0.1678753014800419,1.608544149500688,0.9672830998540067,0.008544982164470848,0.9770144067039335,0.965163456990075,0.007491257011168358,0.9739833700913574,1.3139705882352941,0.2701912352053288,1.58,0.7776592917725074,0.037761440095420006,0.8270833333333333,303.0,101.71098760704272,396.09999999999997,67.13782463805518,13.754072592635485,78.27249634685275,0.0,0.0,0.003082275390625,recovered_archive1/38,recovered_archive1/38/CAPorg13.jpg,3
3,32,1024,768,0.09375,0.08571428571428572,0.8663598767285879,0.013880671755936803,0.8804955419577996,1.0808795969768852,0.050367242672575314,1.1322420474262196,0.9753772051151485,0.005496748552378587,0.9809790737648197,0.9538016710191585,0.003860315968715118,0.9576920263706593,1.070211038961039,0.01973532402267804,1.0892857142857142,0.7830143437480394,0.0034356548306859165,0.7863095238095238,1038.5,390.8689038539648,1437.1,120.48766226588405,21.444098264315066,142.33077913133246,0.0,0.0,0.0039615631103515625,recovered_archive1/38,recovered_archive1/38/CAPorg14.jpg,3
13,44,1024,768,0.29545454545454547,0.22807017543859648,0.7973893332517409,0.08129624439321595,0.8650209331454684,1.472097225255998,0.3304678683283339,1.925294472391036,0.9611747424810898,0.017050612340160445,0.9755043136842934,0.9593616551415145,0.011173693783067689,0.9704258663672783,1.3031423380443707,0.37866494491416425,1.7151515151515153,0.7588867428382073,0.06347351888147292,0.8062437237875835,1156.8076923076924,2119.4338008285786,2111.6000000000013,110.32402591413997,97.16192998819518,186.86458864299493,0.0,0.0,0.01912244160970052,recovered_archive1/38,recovered_archive1/38/CAPorg15.jpg,3
11,69,1024,768,0.15942028985507245,0.1375,0.724317170997558,0.2013215239642835,0.8778541773960287,1.9065551494452613,1.160442430775141,2.1774127541324995,0.9144767465041646,0.13954476405783697,0.9836660617059899,0.9570838249285192,0.018243902043565408,0.9742581837798242,1.1747599279989187,0.4521603297528195,1.7272727272727273,0.7001679727283341,0.15653977608881398,0.8014354066985646,1724.6818181818182,3246.925113736823,4638.0,143.04782230752764,145.89197142738075,286.89444430272835,0.09090909090909091,0.09090909090909091,0.024123509724934895,recovered_archive1/38,recovered_archive1/38/CAPorg2.jpg,3
2,61,1024,768,0.03278688524590164,0.031746031746031744,0.8104460857676763,0.01470423863556819,0.8222094766761309,1.328286086643035,0.08493538786991461,1.3962343969389668,0.9657380013149242,0.012960223537146598,0.9761061801446413,0.9632601667357579,0.005634889773503626,0.9677680785545607,1.087797619047619,0.15029761904761907,1.2080357142857143,0.7359546703296703,0.021371336996336976,0.7530517399267399,292.5,121.0,389.3,65.698484809835,13.656854249492383,76.6239682094289,0.0,0.0,0.000743865966796875,recovered_archive1/38,recovered_archive1/38/CAPorg3.jpg,3
1,58,1024,768,0.017241379310344827,0.01694915254237288,0.6824337036176505,0.0,0.6824337036176505,2.0683992858877653,0.0,2.0683992858877653,0.9610829103214888,0.0,0.9610829103214888,0.9626625917649473,0.0,0.9626625917649473,2.130434782608696,0.0,2.130434782608696,0.7559893522626442,0.0,0.7559893522626442,852.0,0.0,852.0,125.25483399593905,0.0,125.25483399593905,0.0,0.0,0.0010833740234375,recovered_archive1/38,recovered_archive1/38/CAPorg4.jpg,3
19,43,1024,768,0.4418604651162791,0.3064516129032258,0.7599819255713031,0.15625419203773327,0.8562816442872566,1.793826298629981,1.3824390162947287,2.0694409597570975,0.9400652205755291,0.08004426307219138,0.9784887233941982,0.9546251805452112,0.01781598474513206,0.9685955585325843,1.086976057864069,0.4337923656881416,1.4397727272727272,0.7151669459261009,0.10074440990533715,0.8235819735819736,2087.4736842105262,4566.553754931162,2934.4999999999995,161.87348666541538,185.46941494844617,275.59049045079934,0.0,0.10526315789473684,0.050432840983072914,recovered_archive1/38,recovered_archive1/38/CAPorg5.jpg,3
12,55,1024,768,0.21818181818181817,0.1791044776119403,0.7970079525442616,0.06877652711402783,0.8494089015470048,1.4787610377355298,0.24705692758629633,1.8058335420597458,0.9608923210865079,0.02630838678194723,0.9801964077976023,0.9577361884478354,0.015964019525025956,0.9718239134555051,1.3726349340711341,0.29601259979178446,1.701867572156197,0.7792846859176302,0.0695820212242998,0.8569409767302507,815.0833333333334,885.6275748805979,1846.4500000000003,100.86921591277495,56.45120610233794,171.66875169902914,0.0,0.0,0.012437184651692709,recovered_archive1/38,recovered_archive1/38/CAPorg6.jpg,3
9,43,1024,768,0.20930232558139536,0.17307692307692307,0.8220643444924404,0.06384330448912123,0.8795995247466333,1.4505371175086337,0.5069580631607868,2.303420581427824,0.9685697960981834,0.01951657040233946,0.9844764221010215,0.962603090613092,0.008475195117629453,0.9723759097649131,0.8208074687934023,0.19920700756526652,1.0321428571428573,0.7819166535923997,0.05830676533439713,0.8389117647058824,641.7222222222222,578.5463157830778,1106.5000000000002,89.80903473940351,37.80289754045716,123.18275605729691,0.0,0.0,0.0073439280192057295,recovered_archive1/38,recovered_archive1/38/CAPorg7.jpg,3
5,43,1024,768,0.11627906976744186,0.10416666666666667,0.7914270827660537,0.12408873535914988,0.8700633343489889,1.6601366799759858,0.8956451594741078,2.604294019174215,0.9769763896807941,0.0041852797029846185,0.9815748522272161,0.9583959365473405,0.005450039933787012,0.96504519060098,0.886664052861236,0.29120238488269307,1.1164835164835165,0.7546214674897959,0.01976541618447133,0.7779186141028246,1189.6,576.1631192639807,1848.0,135.46559876977153,33.46070072817162,175.6077343935025,0.0,0.0,0.007563273111979167,recovered_archive1/38,recovered_archive1/38/CAPorg8.jpg,3
8,2,1024,768,4.0,0.8,0.5373558374571876,0.1521200545692148,0.7221539496379314,3.1943352421615074,1.440583209020093,4.882789994415183,0.9380348050914897,0.027454028735355858,0.9669108293494074,0.9528781345705208,0.009409493082929248,0.9626588109897446,2.8922241128360673,1.1024019526952196,4.169124423963134,0.6852825245069281,0.07527214479314574,0.7644668407903702,1637.4375,890.9870733314541,2725.95,190.47019292437338,49.044985476698436,249.86286424872455,0.0,0.0,0.016656875610351562,recovered_archive1/38,recovered_archive1/38/CAPorg9.jpg,3
1,39,1024,768,0.02564102564102564,0.025,0.8366738965828111,0.0,0.8366738965828111,1.3201717887820887,0.0,1.3201717887820887,0.9624781849912736,0.0,0.9624781849912736,0.9472230129242972,0.0,0.9472230129242972,0.8,0.0,0.8,0.7659722222222223,0.0,0.7659722222222223,551.5,0.0,551.5,91.01219330881973,0.0,91.01219330881973,0.0,0.0,0.0007012685139973959,recovered_archive1/40,recovered_archive1/40/CAPorg1.jpg,3
3,26,1024,768,0.11538461538461539,0.10344827586206896,0.8018171311673586,0.09854672014563581,0.8833253922765839,1.483452001504643,0.3340890831425992,1.8115505053674616,0.9625492009294829,0.029766071385490183,0.9837416417698108,0.9653086315077873,0.007853619478682043,0.9732939590392801,0.8632561132561132,0.13570008157838687,1.0003861003861003,0.7339080814080813,0.10068877138622193,0.809000693000693,586.6666666666666,402.79157830763484,994.5,90.15026449627744,27.95710369067998,118.52001435749995,0.0,0.0,0.0022379557291666665,recovered_archive1/40,recovered_archive1/40/CAPorg2.jpg,3
8,28,1024,768,0.2857142857142857,0.2222222222222222,0.7145500409017839,0.14441187237117498,0.8638139743968442,1.51674116620404,0.36217258048219475,2.0782643433691343,0.9259779759894999,0.06417527919491041,0.9832190998306161,0.9325724290605695,0.038162152971142185,0.9637109720218023,1.365565659298135,0.45773720360550857,2.0459899749373434,0.6945388500735663,0.045868080791038324,0.7566007597743023,2139.6875,1547.2890594823418,4319.6,185.65091078124198,100.25687845979465,333.66399692442883,0.0,0.0,0.021766026814778645,recovered_archive1/40,recovered_archive1/40/CAPorg3.jpg,3
1,41,1024,768,0.024390243902439025,0.023809523809523808,0.8222525951377575,0.0,0.8222525951377575,1.2021764123847518,0.0,1.2021764123847518,0.9808926933659433,0.0,0.9808926933659433,0.9548443987896312,0.0,0.9548443987896312,1.1551724137931034,0.0,1.1551724137931034,0.8256562017498713,0.0,0.8256562017498713,3208.5,0.0,3208.5,221.4386001800126,0.0,221.4386001800126,0.0,0.0,0.0040798187255859375,recovered_archive1/40,recovered_archive1/40/CAPorg4.jpg,3
0,7,1024,768,0.0,0.0,,,,,,,,,,,,,,,,,,,,,,,,,,,0.0,recovered_archive1/40,recovered_archive1/40/CAPorg5.jpg,3
4,35,1024,768,0.11428571428571428,0.10256410256410256,0.8359468190241583,0.02414548038245452,0.8584340680535109,1.4072307024910657,0.20318772773302435,1.6223458553061885,0.9708783190938086,0.008673310408323798,0.9805093428306588,0.9732713427339763,0.012117584838313702,0.9851834705662571,0.875328407224959,0.1336126305712491,1.0189655172413794,0.7770782019704434,0.06214620585333847,0.8363690476190476,220.0,209.2023541932547,447.8500000000001,51.83452377915607,23.97201876421914,78.52518754031088,0.0,0.0,0.0011189778645833333,recovered_archive1/40,recovered_archive1/40/CAPorg6.jpg,3
4,23,1024,768,0.17391304347826086,0.14814814814814814,0.8288016025008932,0.04548671624940997,0.8740587529396338,1.2757217360034474,0.11230465752000503,1.3974605145613495,0.9653222823247657,0.014251870440521452,0.9789540014661496,0.954475232950455,0.01297822221633561,0.9662282442758863,0.9351860337243402,0.1776784404548639,1.097782258064516,0.7653505993646557,0.027336483431636364,0.7948529411764707,1727.5,1360.0586843956403,3127.9,145.21067811865476,72.83410945660688,217.59150057757606,0.0,0.0,0.008786519368489584,recovered_archive1/40,recovered_archive1/40/CAPorg7.jpg,3
4,43,1024,768,0.09302325581395349,0.0851063829787234,0.7900925582949974,0.06224379123161342,0.8578916555639721,1.415840117777226,0.098398887602815,1.5114081246992594,0.9639160415784622,0.01816845225346247,0.977853762036885,0.9592731760997406,0.0040640166857147985,0.9630233775179825,0.8571707901522891,0.2545382992430799,1.1449358974358976,0.7801084849513713,0.04580374938086106,0.8252639889948074,913.125,400.30572301055105,1359.9,117.48706704297268,26.583332307995832,147.657272657703,0.0,0.0,0.0046443939208984375,recovered_archive1/47,recovered_archive1/47/CAPorg1.jpg,3
7,54,1024,768,0.12962962962962962,0.11475409836065574,0.8556458197266377,0.04668595562133162,0.8900575653274259,1.2285725690445883,0.12316420533498641,1.3463696964852514,0.973194096343609,0.013547166352046553,0.9836980070385946,0.9591621120400381,0.00879126073935047,0.9667308630370347,1.1547692147034252,0.05960828652378969,1.2293333333333334,0.7660497198663668,0.061329656331086,0.8301726538568643,671.4285714285714,376.7181049700756,1066.8000000000002,94.44671196029726,29.21779826872705,122.00285706997458,0.0,0.0,0.005976359049479167,recovered_archive1/47,recovered_archive1/47/CAPorg2.jpg,3
14,51,1024,768,0.27450980392156865,0.2153846153846154,0.8193566162567869,0.1236584038431521,0.8933041909419578,1.4651365316598448,0.7065653031033183,2.2272083708093335,0.9719699774196728,0.025739241792585656,0.9866999358353828,0.9524439880779062,0.016614851181197408,0.9641413637630692,0.8744715426109498,0.24725413986905734,1.1551554828150576,0.7790009848305669,0.037079024062911324,0.8238745990364862,2694.5,2958.8751361672175,4965.500000000003,194.8857347964285,123.80196814224882,303.4920056409646,0.0,0.0,0.04796727498372396,recovered_archive1/47,recovered_archive1/47/CAPorg3.jpg,3
0,51,1024,768,0.0,0.0,,,,,,,,,,,,,,,,,,,,,,,,,,,0.0,recovered_archive1/47,recovered_archive1/47/CAPorg4.jpg,3
0,75,1024,768,0.0,0.0,,,,,,,,,,,,,,,,,,,,,,,,,,,0.0,recovered_archive1/47,recovered_archive1/47/CAPorg5.jpg,3
14,54,1024,768,0.25925925925925924,0.20588235294117646,0.7745044306505097,0.11087106055684157,0.872670543317939,1.4733245399297625,0.5035338348739198,1.8275529506235515,0.9555045046214755,0.024228628535960587,0.9765815403230239,0.9528004346589064,0.014774479518456653,0.9671011717670874,0.9714032284007762,0.22288913177678696,1.303921568627451,0.7141958441810884,0.11172104710118407,0.8284436274509804,2004.107142857143,2680.721212782722,6690.900000000005,150.4076323552891,106.44986118796461,333.540952186599,0.0,0.0,0.03567695617675781,recovered_archive1/51,recovered_archive1/51/CAPorg1.jpg,3
15,49,1024,768,0.30612244897959184,0.234375,0.7927183983352168,0.09715880153236899,0.8707368793608606,1.4268910761384312,0.3907499379434342,1.6746926044531276,0.9590218862105356,0.030756193514282004,0.9785027735506359,0.9582387902740632,0.017704400540724204,0.9705570347493255,1.0296756915718552,0.3306248331371842,1.4285714285714284,0.7502375908535328,0.0656961332861599,0.8244931323371064,2083.733333333333,3547.718839229262,6648.0999999999985,145.66918702771565,140.1646833180074,334.47577182503795,0.0,0.0,0.039744059244791664,recovered_archive1/51,recovered_archive1/51/CAPorg10.jpg,3
0,0,1024,768,0.0,0.0,,,,,,,,,,,,,,,,,,,,,,,,,,,0.0,recovered_archive1/51,recovered_archive1/51/CAPorg11.jpg,3
15,48,1024,768,0.3125,0.23809523809523808,0.7784315959798803,0.11792689644673354,0.8754376351922839,1.554849080765512,0.5889267765599587,2.2462426518826963,0.9546175828655596,0.04052570314376486,0.9819817759317879,0.9545534254823596,0.016464442292486538,0.9653688826010706,1.0487317828534202,0.33224819311181086,1.4393939393939394,0.7240557610662707,0.09949572036319411,0.7912860144057623,3500.3,6923.020019712016,9419.299999999997,182.79710908907361,188.65623827086654,436.9001584426775,0.0,0.0,0.06676292419433594,recovered_archive1/51,recovered_archive1/51/CAPorg2.jpg,3
10,33,1024,768,0.30303030303030304,0.23255813953488372,0.7679234710681627,0.12150342357578464,0.8794057208294089,1.6079452262735134,0.5539770652189632,2.578283020215583,0.9547148088108216,0.023625489344679975,0.9769958531715558,0.9590765359901695,0.01223158099252006,0.9751537603434894,1.161990110160842,0.4774073300803938,2.0035714285714286,0.7280574929918372,0.08792450576151482,0.7982954545454545,1141.6,2377.3825607167223,1647.8499999999974,104.35189027078675,93.42137721216737,169.46042558696053,0.0,0.0,0.014516194661458334,recovered_archive1/51,recovered_archive1/51/CAPorg3.jpg,3
7,49,1024,768,0.14285714285714285,0.125,0.8512594604316518,0.03247129380237412,0.8935875181607298,1.2530997514460867,0.15231210298453488,1.4623610051354823,0.9717469883719013,0.011714212007026294,0.9817110282456811,0.9695418113688544,0.007829550224433674,0.9774066577852923,1.1151096890227326,0.18492197148550513,1.33,0.7827155329069758,0.048273242054208895,0.8325969756738988,284.42857142857144,167.62637632788082,445.5,61.14141410460475,21.87919455856604,80.42640687119284,0.0,0.0,0.0025316874186197915,recovered_archive1/51,recovered_archive1/51/CAPorg4.jpg,3
12,21,1024,768,0.5714285714285714,0.36363636363636365,0.7570068308709837,0.11145689291564916,0.8609623531660627,1.605855638076722,0.4545243302151589,2.262192238163847,0.9662597143615562,0.018564841673286238,0.9833848501379995,0.953916534669398,0.009380550232749585,0.9626259868026876,0.9368277105982307,0.3333260563844171,1.4777871621621623,0.7197726923434793,0.06354276734170208,0.7804079994187092,1893.375,995.7379199409518,2822.5,173.07116993597182,54.903149548879995,212.0930157677411,0.0,0.0,0.028890609741210938,recovered_archive1/51,recovered_archive1/51/CAPorg5.jpg,3
5,42,1024,768,0.11904761904761904,0.10638297872340426,0.8169089321680463,0.06290934687806968,0.8728823894907985,1.269002824780427,0.1253400444319822,1.4021507884718858,0.9669697218692097,0.01822043967843741,0.9789581473507323,0.9648809839783624,0.01017675616987474,0.9769110630146868,1.1450176124796998,0.20407830845550948,1.3705345501955672,0.775880590081808,0.08422437625122384,0.8576923076923078,936.2,990.2650453287746,2140.8,104.2891485709898,59.88660933382073,177.62438661763954,0.0,0.0,0.005952199300130208,recovered_archive1/51,recovered_archive1/51/CAPorg6.jpg,3
4,44,1024,768,0.09090909090909091,0.08333333333333333,0.8204445962810567,0.07739950407784019,0.8749657522429892,1.4866527526861368,0.46680091242508837,1.992552271138046,0.9767644701983286,0.012715844620795445,0.9882423692720245,0.9730749394166928,0.013084694907411595,0.9872816639715145,0.9691964285714286,0.31507959544666925,1.25625,0.8173134157509157,0.03009956723411515,0.8456845238095237,459.75,438.4393487131373,930.8000000000002,74.698484809835,36.39110938055074,113.87737367038068,0.0,0.0,0.002338409423828125,recovered_archive1/51,recovered_archive1/51/CAPorg7.jpg,3
2,29,1024,768,0.06896551724137931,0.06451612903225806,0.7123098434932195,0.05304163824820962,0.7547431540917872,2.4049280315508,0.8408517058886931,3.077609396261755,0.9728509913401184,0.006624853307813372,0.9781508739863691,0.9684893577443601,0.004339524151269203,0.9719609770653755,1.0447443181818183,0.5916193181818182,1.5180397727272728,0.8332380921281783,0.0024300113200975693,0.8351821011842564,1104.5,446.5,1461.7,137.94112549695427,33.99999999999999,165.14112549695426,0.0,0.0,0.0028088887532552085,recovered_archive1/51,recovered_archive1/51/CAPorg8.jpg,3
6,37,1024,768,0.16216216216216217,0.13953488372093023,0.7065901048534516,0.13355185626446817,0.8499393277265267,1.6077893330381763,0.6766725312608403,2.3214584950525197,0.944815808561689,0.03679926321678501,0.9767764104664975,0.9410182075917358,0.02753048939505071,0.9686875943981317,1.1933411788644133,0.5753848304898616,1.9136612021857924,0.7370521954332409,0.07065824101921536,0.804520189450503,6223.583333333333,6350.204677913059,13826.0,301.1301465631239,203.17341421740088,528.5843071412119,0.0,0.0,0.04748217264811198,recovered_archive1/51,recovered_archive1/51/CAPorg9.jpg,3
0,0,1024,768,0.0,0.0,,,,,,,,,,,,,,,,,,,,,,,,,,,0.0,recovered_archive1/61,recovered_archive1/61/CAPorg1.jpg,3
2,8,1024,768,0.25,0.2,0.8591733352278443,0.013108863700103501,0.869660426187927,1.2060774848858717,0.11378597044817473,1.2971062612444115,0.9853541805283118,0.0007922353334066656,0.9859879687950371,0.9582682465924992,0.00030832511905481974,0.958514906687743,1.2406593406593407,0.10219780219780217,1.3224175824175823,0.7909643978792915,0.015584458669565038,0.8034319648149435,2577.5,1302.0,3619.1,187.02438661763952,49.38477631085024,226.53220766631972,0.0,0.0,0.006554921468098958,recovered_archive1/61,recovered_archive1/61/CAPorg10.jpg,3
7,19,1024,768,0.3684210526315789,0.2692307692307692,0.7443086403490901,0.11577737457119451,0.8725274285814469,1.5681854797487662,0.4057881694412653,2.0383491967607448,0.9454249324770773,0.05310460015596223,0.9808747323393417,0.9503390358563878,0.019374083127904767,0.9618692694935482,0.875727780990939,0.2842277779209605,1.2206593406593407,0.7099834647742984,0.04530908718975841,0.7778748758689176,1097.142857142857,897.4726702677642,2438.9,126.71560495942708,58.841049224436105,205.39839815465731,0.0,0.0,0.009765625,recovered_archive1/61,recovered_archive1/61/CAPorg2.jpg,3
5,12,1024,768,0.4166666666666667,0.29411764705882354,0.7961071635680366,0.08191258780424757,0.8710798042680192,1.4323429065715374,0.44249542925566215,1.986780148065072,0.9581947967439461,0.01700958943721984,0.9762418509943029,0.9653251662201381,0.010094358689904985,0.9749852376045061,0.8093035619351407,0.23696151935015586,1.05,0.7832631163631891,0.04740860998726793,0.8318095312991507,275.3,146.99850339374208,454.8,63.904372260139574,18.591758475074986,86.30092347159894,0.0,0.0,0.0017503102620442708,recovered_archive1/61,recovered_archive1/61/CAPorg3.jpg,3
2,8,1024,768,0.25,0.2,0.8297752549034042,0.049201978012089254,0.8691368373130756,1.30728227995529,0.18653673113906943,1.4565116648665453,0.9718770360436197,0.0049031497148943615,0.9757995558155352,0.9578677223866429,0.0011623383914256546,0.9587975930997834,0.7691441441441441,0.14752252252252251,0.8871621621621621,0.7682175752827927,0.02849959643437905,0.7910172524302959,788.0,158.5,914.8,108.49747468305833,7.8284271247461845,114.76021638285528,0.0,0.0,0.0020039876302083335,recovered_archive1/61,recovered_archive1/61/CAPorg4.jpg,3
2,16,1024,768,0.125,0.1111111111111111,0.8259350038513602,0.013558797968913181,0.8367820422264907,1.6249490886484619,0.07021530475735849,1.6811213324543486,0.9798460617038077,0.0034051698232858696,0.9825701975624365,0.9628861857238347,0.010054202676471446,0.9709295478650117,1.0610119047619049,0.41517857142857145,1.393154761904762,0.7732094854070661,0.006696428571428548,0.778566628264209,829.75,330.75,1094.35,110.20458146424488,23.778174593052036,129.2271211386865,0.0,0.0,0.002110163370768229,recovered_archive1/61,recovered_archive1/61/CAPorg5.jpg,3
5,22,1024,768,0.22727272727272727,0.18518518518518517,0.7932213465612571,0.048573878618353286,0.8423403653139631,1.7226253163462126,0.47904810622340116,2.324900795181681,0.9694491839331464,0.01309435160373924,0.9792676617910807,0.9629773374063955,0.009259938220295917,0.9741531975060582,0.8801132075471699,0.3762336366900261,1.2800000000000002,0.8032441134083319,0.034198759786199844,0.8433315789473684,1213.6,757.5088382322677,2075.7000000000003,129.4205194208883,48.04942884214025,175.8621499812309,0.0,0.0,0.007715861002604167,recovered_archive1/61,recovered_archive1/61/CAPorg6.jpg,3
1,19,1024,768,0.05263157894736842,0.05,0.7941596626795582,0.0,0.7941596626795582,1.159684906132278,0.0,1.159684906132278,0.9447204968944086,0.0,0.9447204968944086,0.957974500874197,0.0,0.957974500874197,0.875,0.0,0.875,0.8487723214285714,0.0,0.8487723214285714,760.5,0.0,760.5,109.698484809835,0.0,109.698484809835,0.0,0.0,0.0009670257568359375,recovered_archive1/61,recovered_archive1/61/CAPorg7.jpg,3
4,19,1024,768,0.21052631578947367,0.17391304347826086,0.8116001893841643,0.06509775441609261,0.8778448763397171,1.476083228469977,0.4067969740443006,1.928092006131518,0.9791713991183468,0.01236859751941104,0.9874493120713602,0.9612959802471903,0.008163287252207696,0.9701639564531408,1.249274509523082,0.32091883853855596,1.6100328947368423,0.754161700104975,0.07155195169494251,0.8070547510192819,2322.625,1311.5797428578255,3762.8500000000004,182.8779400082328,44.71104053678106,232.80155108391492,0.0,0.0,0.011813481648763021,recovered_archive1/61,recovered_archive1/61/CAPorg8.jpg,3
4,19,1024,768,0.21052631578947367,0.17391304347826086,0.8116981735864713,0.056123092273272,0.8744205479264933,1.521783658371752,0.36149633146814,1.9338580456354677,0.9823984200552942,0.00546794654272517,0.9863336544305602,0.9611219851278531,0.00771865285322232,0.9697637689686155,1.1796254444075709,0.343842380811861,1.5618819776714514,0.7670757974629916,0.08285709634214204,0.8232523903803396,2669.375,1468.18750399089,4349.1,196.49926035179246,53.1247507335275,256.35718600252534,0.0,0.0,0.013577143351236979,recovered_archive1/61,recovered_archive1/61/CAPorg9.jpg,3
26,67,1024,768,0.3880597014925373,0.27956989247311825,0.7821480440940161,0.08898631762044652,0.8673470661884073,1.485102497514215,0.28102338559656453,1.8588147167679097,0.9579442845167674,0.03625945962264912,0.9794092831793462,0.9571190524358996,0.024408957136264977,0.9759722339553731,1.1172948976704782,0.30757647137960237,1.5881226053639845,0.7353565634786262,0.08866478667971917,0.8348557692307692,852.8846153846154,920.2456852937563,2074.5,106.6403873273867,64.26261011640953,200.19595949289334,0.0,0.038461538461538464,0.028196970621744793,recovered_archive1/62,recovered_archive1/62/CAPorg1.jpg,3
18,60,1024,768,0.3,0.23076923076923078,0.7913454310257687,0.13108531188282385,0.8839472041589967,1.5592495153670711,0.832151582139961,2.180110754690282,0.9662070676608927,0.01779129417785924,0.9809102410783578,0.9573392137232997,0.011586987344679578,0.9698820323527138,1.2893832119542088,0.652260215134681,2.0730000000000004,0.7508056255565863,0.06642829282494464,0.8082296650717703,1039.5277777777778,804.2821932945036,2028.7500000000005,125.09482516522488,64.20324782310213,188.13393206059004,0.0,0.0,0.02379290262858073,recovered_archive1/62,recovered_archive1/62/CAPorg10.jpg,3
0,0,1024,768,0.0,0.0,,,,,,,,,,,,,,,,,,,,,,,,,,,0.0,recovered_archive1/62,recovered_archive1/62/CAPorg11.jpg,3
3,73,1024,768,0.0410958904109589,0.039473684210526314,0.6965880096755153,0.22619579828433842,0.8671416241360652,2.4451292483204963,1.815359017793696,4.258723054493115,0.941839627846174,0.041583768903436215,0.9747558584803679,0.9604134826316613,0.006112533696255191,0.9665036044157523,2.32,1.7272714513551906,4.048,0.7615859710550886,0.031210211369293226,0.7932866666666667,1012.0,829.0111579466226,1840.0,142.58816732927238,89.91523022571053,232.4312841947208,0.0,0.0,0.0038604736328125,recovered_archive1/62,recovered_archive1/62/CAPorg2.jpg,3
0,84,1024,768,0.0,0.0,,,,,,,,,,,,,,,,,,,,,,,,,,,0.0,recovered_archive1/62,recovered_archive1/62/CAPorg3.jpg,3
2,49,1024,768,0.04081632653061224,0.0392156862745098,0.7650224969412117,0.08762212068818065,0.8351201934917563,1.5741034913932954,0.3865604842329263,1.8833518787796366,0.9702649200420012,0.013788236104178342,0.9812955089253438,0.9566872840855752,0.003910620116433172,0.9598157801787218,0.7453208556149733,0.18649732620320852,0.8945187165775401,0.7676748608184083,0.05327857598868696,0.810297721609358,971.25,509.75,1379.05,120.1335136523794,27.60660171779823,142.218795026618,0.0,0.0,0.0024700164794921875,recovered_archive1/62,recovered_archive1/62/CAPorg4.jpg,3
0,75,1024,768,0.0,0.0,,,,,,,,,,,,,,,,,,,,,,,,,,,0.0,recovered_archive1/62,recovered_archive1/62/CAPorg5.jpg,3
2,50,1024,768,0.04,0.038461538461538464,0.7564201852562658,0.07271626099451034,0.814593194051874,1.7009576942529134,0.21559109069670135,1.8734305668102744,0.9626728110599077,0.005529953917051467,0.9670967741935488,0.9552899528068209,0.005775078668995515,0.9599100157420174,0.9959935897435898,0.18349358974358976,1.1427884615384616,0.6954257246376812,0.10986273690078041,0.7833159141583055,609.0,441.5,962.2,94.66904755831214,44.28427124746191,130.09646455628166,0.0,0.0,0.00154876708984375,recovered_archive1/62,recovered_archive1/62/CAPorg6.jpg,3
2,62,1024,768,0.03225806451612903,0.03125,0.824088287486894,0.05752380602317814,0.8701073323054365,1.6434045525135863,0.4638001061055457,2.014444637398023,0.9853820467465487,0.001974967100531244,0.9869620204269737,0.9716353274140432,0.007520351513102097,0.9776516086245249,0.8428030303030303,0.21780303030303028,1.0170454545454546,0.7948484848484848,0.025151515151515147,0.8149696969696969,854.5,34.5,882.1,114.25483399593904,1.6862915010152264,115.60386719675122,0.0,0.0,0.0021731058756510415,recovered_archive1/62,recovered_archive1/62/CAPorg7.jpg,3
7,67,1024,768,0.1044776119402985,0.0945945945945946,0.807365963472008,0.07270304780804894,0.8716618675344845,1.4904652925694681,0.5365462157587153,2.2043952380713456,0.969405106252781,0.01521056108730534,0.9815885161910762,0.9594580845028452,0.006116232533740588,0.9657337833138058,0.9051800576098662,0.24005478098467087,1.123921568627451,0.793892132160815,0.04776665417681002,0.8426739631336405,957.0714285714286,390.81959928293446,1371.1000000000004,120.09761898688357,21.679705891298973,146.56021638285532,0.0,0.0,0.008518854777018229,recovered_archive1/62,recovered_archive1/62/CAPorg8.jpg,3
7,55,1024,768,0.12727272727272726,0.11290322580645161,0.8215703039943187,0.06335672256607282,0.8705602275198676,1.5131521192798303,0.7304482218887012,2.263886512601465,0.972690714036338,0.00747004810008641,0.9809472752646445,0.9560256726043873,0.0037753573022693628,0.9600935830671719,0.9368617682469675,0.17908995190079777,1.1549019607843136,0.7504055971996271,0.041389717604214275,0.7852282546082949,4248.928571428572,7995.716993797239,10777.700000000008,193.07166553788065,188.8215012720015,364.8993216262564,0.0,0.0,0.03781954447428385,recovered_archive1/62,recovered_archive1/62/CAPorg9.jpg,3
0,105,1024,768,0.0,0.0,,,,,,,,,,,,,,,,,,,,,,,,,,,0.0,recovered_archive1/68,recovered_archive1/68/CAPorg1.jpg,3
0,56,1024,768,0.0,0.0,,,,,,,,,,,,,,,,,,,,,,,,,,,0.0,recovered_archive1/68,recovered_archive1/68/CAPorg2.jpg,3
1,41,1024,768,0.024390243902439025,0.023809523809523808,0.8327727700129828,0.0,0.8327727700129828,1.1406275995499553,0.0,1.1406275995499553,0.9741807348560085,0.0,0.9741807348560085,0.9641553407899012,0.0,0.9641553407899012,0.8636363636363636,0.0,0.8636363636363636,0.8800837320574163,0.0,0.8800837320574163,1471.5,0.0,1471.5,149.01219330881977,0.0,149.01219330881977,0.0,0.0,0.0018711090087890625,recovered_archive1/68,recovered_archive1/68/CAPorg3.jpg,3
1,39,1024,768,0.02564102564102564,0.025,0.8727043632921238,0.0,0.8727043632921238,1.072894303343966,0.0,1.072894303343966,0.9802050194414992,0.0,0.9802050194414992,0.9542217209019066,0.0,0.9542217209019066,1.0731707317073171,0.0,1.0731707317073171,0.768569844789357,0.0,0.768569844789357,1386.5,0.0,1386.5,141.29646455628168,0.0,141.29646455628168,0.0,0.0,0.0017630259195963542,recovered_archive1/68,recovered_archive1/68/CAPorg4.jpg,3
0,56,1024,768,0.0,0.0,,,,,,,,,,,,,,,,,,,,,,,,,,,0.0,recovered_archive1/68,recovered_archive1/68/CAPorg5.jpg,3
1,43,1024,768,0.023255813953488372,0.022727272727272728,0.7674306571063336,0.0,0.7674306571063336,1.282174575574928,0.0,1.282174575574928,0.938397075866988,0.0,0.938397075866988,0.9415913957190973,0.0,0.9415913957190973,1.0813953488372092,0.0,1.0813953488372092,0.6580395098774694,0.0,0.6580395098774694,5263.0,0.0,5263.0,293.56349186104046,0.0,293.56349186104046,0.0,0.0,0.006692250569661458,recovered_archive1/68,recovered_archive1/68/CAPorg6.jpg,3
2,113,1024,768,0.017699115044247787,0.017391304347826087,0.8323158801337054,0.020342769686634454,0.8485900958830129,1.389760316419657,0.08143584646282809,1.4549089935899195,0.9729465332944073,0.003851610557100593,0.9760278217400877,0.9612274049368288,0.0026667444022204223,0.9633608004586052,0.8653846153846154,0.05769230769230771,0.9115384615384616,0.7372939560439561,0.03376831501831501,0.7643086080586081,430.0,9.0,437.2,80.59797974644667,1.8284271247461916,82.06072144624362,0.0,0.0,0.0010935465494791667,recovered_archive1/9,recovered_archive1/9/CAPorg1.jpg,3
1,114,1024,768,0.008771929824561403,0.008695652173913044,0.8024495975284704,0.0,0.8024495975284704,1.6582762223270449,0.0,1.6582762223270449,0.9722222222222234,0.0,0.9722222222222234,0.9738979969391667,0.0,0.9738979969391667,0.8095238095238095,0.0,0.8095238095238095,0.6862745098039216,0.0,0.6862745098039216,245.0,0.0,245.0,61.94112549695428,0.0,61.94112549695428,0.0,0.0,0.0003115336100260417,recovered_archive1/9,recovered_archive1/9/CAPorg2.jpg,3
15,21,1024,768,0.7142857142857143,0.4166666666666667,0.7991393781791392,0.08156196800812628,0.8770431728755832,1.3253202709041016,0.20402545577508852,1.6096118398605266,0.9509471893555587,0.033714043909437226,0.9765714285714291,0.9603013994423589,0.01143095409140494,0.9747254649288988,1.117321706071706,0.3427132445435135,1.4327272727272726,0.7712021022783428,0.05570811659084991,0.8405643738977072,607.4666666666667,763.8616032298579,1031.3999999999999,86.54863872176814,55.14961300640831,130.27737367038065,0.0,0.0,0.011586507161458334,recovered_archive1/9,recovered_archive1/9/CAPorg3.jpg,3
14,26,1024,768,0.5384615384615384,0.35,0.7854240585743609,0.08642714487779021,0.8582314091387157,1.4389511225735505,0.31600343782063156,1.8305343194359525,0.9532483071536613,0.03363081890068535,0.9776997721090941,0.9570156102691741,0.012692354744073209,0.9699294827886658,1.1784794508758731,0.28682477440833687,1.502681992337165,0.7322599408458486,0.09125317148842274,0.8249166666666667,996.4642857142857,659.4465879022489,1961.4500000000003,120.51654806196969,50.14940691374803,184.45596667164332,0.0,0.0,0.017738978068033855,recovered_archive1/9,recovered_archive1/9/CAPorg4.jpg,3
14,43,1024,768,0.32558139534883723,0.24561403508771928,0.8117976214409736,0.054397083034790294,0.8687531649337642,1.4760622794971943,0.27535770701114526,1.8151024424880657,0.9696792064310216,0.011752671187149686,0.9813975655451223,0.9641820484868086,0.010413544994159982,0.9778851041362417,1.3583994021494024,0.3134176673021487,1.7837962962962965,0.7927165778352648,0.04234147016463692,0.8528846153846154,606.75,461.2042757049976,1197.15,89.14612961731778,40.23559784775765,134.02295808265222,0.0,0.0,0.010801315307617188,recovered_archive1/9,recovered_archive1/9/CAPorg5.jpg,3
13,20,1024,768,0.65,0.3939393939393939,0.7708355668410151,0.09237929285871249,0.8538856271549737,1.467852846771075,0.3057341366857515,1.9926660628390367,0.9525557752153533,0.042407878912578086,0.977280520593851,0.9584572246706421,0.018763658072685017,0.977036025306574,1.1393320711636725,0.4003126079994866,1.6363636363636365,0.7309988814496062,0.07412657884551592,0.8279761904761905,587.1923076923077,672.557562262304,1084.0000000000002,88.8210178184937,55.25324669169043,133.0538238691624,0.0,0.0,0.009706497192382812,recovered_archive1/9,recovered_archive1/9/CAPorg6.jpg,3
0,0,1024,768,0.0,0.0,,,,,,,,,,,,,,,,,,,,,,,,,,,0.0,recovered_archive1/90,recovered_archive1/90/CAPorg1.jpg,3
7,97,1024,768,0.07216494845360824,0.0673076923076923,0.7655355615401925,0.15076604823927567,0.8542602211881467,1.5008556726157831,0.5410894757468614,1.9932463387461048,0.9604207224012393,0.017311638464482564,0.9799938594132652,0.9571688995453115,0.011508265390348832,0.967275632289496,1.2527088784231641,0.45077913439505435,1.7688888888888892,0.7101501242970771,0.11010689338918131,0.7893005240373662,824.4285714285714,578.050876936045,1590.9,110.38928049550394,47.50821931498987,158.678802205368,0.0,0.0,0.007338205973307292,recovered_archive1/90,recovered_archive1/90/CAPorg2.jpg,3
1,56,1024,768,0.017857142857142856,0.017543859649122806,0.8428928039645714,0.0,0.8428928039645714,1.1317429261904064,0.0,1.1317429261904064,0.9630252100840333,0.0,0.9630252100840333,0.9464611665151669,0.0,0.9464611665151669,1.1153846153846154,0.0,1.1153846153846154,0.7599469496021221,0.0,0.7599469496021221,573.0,0.0,573.0,92.42640687119284,0.0,92.42640687119284,0.0,0.0,0.000728607177734375,recovered_archive1/90,recovered_archive1/90/CAPorg3.jpg,3
1,55,1024,768,0.01818181818181818,0.017857142857142856,0.8491997867646274,0.0,0.8491997867646274,1.133622474824576,0.0,1.133622474824576,0.9532163742690088,0.0,0.9532163742690088,0.9649718707110261,0.0,0.9649718707110261,1.0,0.0,1.0,0.815,0.0,0.815,81.5,0.0,81.5,34.72792206135786,0.0,34.72792206135786,0.0,0.0,0.00010363260904947917,recovered_archive1/90,recovered_archive1/90/CAPorg4.jpg,3
8,39,1024,768,0.20512820512820512,0.1702127659574468,0.7699325409826303,0.1330193544063407,0.8596087366941549,1.7355291590206043,0.8654679785547154,3.183194086636808,0.971101630067522,0.009382015856368636,0.9820801464323249,0.9415826203020641,0.04070464228373637,0.9631956270459884,0.8902929493002206,0.28373907132719445,1.215256875973015,0.7552709236398796,0.031097507819051583,0.7949321939907239,6979.9375,10616.201687861047,24611.85,270.9689302659025,286.06682557136554,744.1122292025696,0.0,0.0,0.07100359598795573,recovered_archive1/90,recovered_archive1/90/CAPorg5.jpg,3
5,60,1024,768,0.08333333333333333,0.07692307692307693,0.7718331441597763,0.04582082005716509,0.81757980588318,1.4797400186310532,0.22380137442784404,1.733190234022075,0.965249224783928,0.010331482386275036,0.9721218167498022,0.952527448428054,0.002725309328536842,0.9556099312187871,1.243770717115369,0.24000661498632497,1.5045840407470288,0.6941006885786116,0.05370185120802554,0.7602513227513227,1211.3,1087.5815187837645,2424.8,128.43961030678926,64.77495060105397,198.7037805415735,0.0,0.0,0.0077012379964192705,recovered_archive1/90,recovered_archive1/90/CAPorg6.jpg,3
2,82,1024,768,0.024390243902439025,0.023809523809523808,0.8348776955092787,0.008823413207664388,0.8419364260754103,1.470188868583005,0.050574860770040364,1.510648757199037,0.9689740288882864,0.004216319637183552,0.9723470845980332,0.9649486786489809,0.002345694822893929,0.9668252345072961,1.0969899665551839,0.2508361204013378,1.2976588628762542,0.764704440020008,0.0010298257142576928,0.7655283005914142,327.0,217.5,501.0,65.698484809835,25.313708498984766,85.94945160902282,0.0,0.0,0.00083160400390625,recovered_archive1/90,recovered_archive1/90/CAPorg7.jpg,3
7,85,1024,768,0.08235294117647059,0.07608695652173914,0.8111744488879623,0.07911074475380937,0.8904785713308773,1.4579834706186456,0.29210865131132047,1.8451753969638445,0.9631752309720697,0.014992635944670154,0.9801678930749347,0.9666354469778321,0.011217566624586596,0.9823165444224096,1.310627303730752,0.28294537396215147,1.6600000000000001,0.7629141003946552,0.04366266113551931,0.8125,280.64285714285717,205.04698316757174,590.2,61.60885381012507,22.994519647848804,92.9636651713959,0.0,0.0,0.002497990926106771,recovered_archive1/90,recovered_archive1/90/CAPorg8.jpg,3
5,64,1024,768,0.078125,0.07246376811594203,0.8536710079489345,0.030782891189953143,0.8865701524971438,1.3193956687197537,0.17902458098589435,1.542306786372141,0.9707812328887859,0.009940624102118737,0.9795178968066134,0.9672383092735934,0.008965436165675718,0.9752964443695582,1.124967032967033,0.2249870948545826,1.3923076923076922,0.7767115384615384,0.02688129660425785,0.8036089743589744,332.4,251.6349339817506,647.0,65.11269837220809,24.849420099346524,96.34600282048218,0.0,0.0,0.00211334228515625,recovered_archive1/90,recovered_archive1/90/CAPorg9.jpg,3
1,56,1024,768,0.017857142857142856,0.017543859649122806,0.5809413595844064,0.0,0.5809413595844064,4.676033273562789,0.0,4.676033273562789,0.9567950889077055,0.0,0.9567950889077055,0.9619478237341285,0.0,0.9619478237341285,1.683453237410072,0.0,1.683453237410072,0.6948133800651787,0.0,0.6948133800651787,22599.5,0.0,22599.5,699.1787155501902,0.0,699.1787155501902,0.0,0.0,0.02873675028483073,recovered_archive1/94,recovered_archive1/94/CAPorg1.jpg,3
0,62,1024,768,0.0,0.0,,,,,,,,,,,,,,,,,,,,,,,,,,,0.0,recovered_archive1/94,recovered_archive1/94/CAPorg10.jpg,3
0,61,1024,768,0.0,0.0,,,,,,,,,,,,,,,,,,,,,,,,,,,0.0,recovered_archive1/94,recovered_archive1/94/CAPorg11.jpg,3
0,50,1024,768,0.0,0.0,,,,,,,,,,,,,,,,,,,,,,,,,,,0.0,recovered_archive1/94,recovered_archive1/94/CAPorg12.jpg,3
5,54,1024,768,0.09259259259259259,0.0847457627118644,0.7454569277658916,0.17130469679430652,0.8565291366543081,2.041494161489863,1.3932256123110687,3.48738455877728,0.9709596707977599,0.009431834040148407,0.9798025011634421,0.9575574712158442,0.007759307851509376,0.9658491116764025,1.78371327254306,1.1255840481358619,2.9866666666666672,0.7235998601596088,0.033917611084570906,0.7586828297650015,1096.9,531.3964057085822,1708.0,133.67981233214465,24.866162968191546,159.5224530192639,0.0,0.0,0.0069739023844401045,recovered_archive1/94,recovered_archive1/94/CAPorg13.jpg,3
0,37,1024,768,0.0,0.0,,,,,,,,,,,,,,,,,,,,,,,,,,,0.0,recovered_archive1/94,recovered_archive1/94/CAPorg2.jpg,3
0,33,1024,768,0.0,0.0,,,,,,,,,,,,,,,,,,,,,,,,,,,0.0,recovered_archive1/94,recovered_archive1/94/CAPorg3.jpg,3
4,42,1024,768,0.09523809523809523,0.08695652173913043,0.747583138665812,0.014439187173779277,0.7599407768028675,1.6606406033758638,0.23691429194827987,1.8832086081820365,0.9523728765036404,0.017419338382718863,0.9705140715794823,0.9513485546961786,0.00439250443940094,0.9561184985655871,1.0887283822734641,0.4739922613940496,1.623214285714286,0.7179202229329592,0.0648099068086978,0.782856993954555,1165.875,498.5654890533439,1659.4,136.49316369738256,31.916927758319332,167.5841845922842,0.0,0.0,0.0059299468994140625,recovered_archive1/94,recovered_archive1/94/CAPorg4.jpg,3
1,44,1024,768,0.022727272727272728,0.022222222222222223,0.8733934954599044,0.0,0.8733934954599044,1.2180025468373303,0.0,1.2180025468373303,0.9859928071171683,0.0,0.9859928071171683,0.953935038072273,0.0,0.953935038072273,1.1666666666666667,0.0,1.1666666666666667,0.7655790711346266,0.0,0.7655790711346266,2604.5,0.0,2604.5,193.5807358037436,0.0,193.5807358037436,0.0,0.0,0.003311793009440104,recovered_archive1/94,recovered_archive1/94/CAPorg5.jpg,3
14,46,1024,768,0.30434782608695654,0.23333333333333334,0.8465268773417477,0.033325954330715946,0.8773081712594742,1.3051466291537477,0.18738213400365794,1.532971153016833,0.9747875858486367,0.008884951680863564,0.9853907866058312,0.9634941559900787,0.007291364009861866,0.9715176217127856,1.0491234434454912,0.24653045401166118,1.2061538461538464,0.782995571568069,0.03769252171785362,0.8364491421568627,1106.6785714285713,1027.3368067682654,2037.7500000000002,116.39225410695698,54.255508483660414,171.34570696119917,0.0,0.0,0.019701004028320312,recovered_archive1/94,recovered_archive1/94/CAPorg6.jpg,3
23,41,1024,768,0.5609756097560976,0.359375,0.8056713677943534,0.09568941633904637,0.8759358373751278,1.3680061811410702,0.26433149733513295,1.6762708375869801,0.9637115058161736,0.034632775423561094,0.983040432047246,0.9540768103270111,0.018041117385669568,0.9679376494774575,1.0760229321960053,0.28145725480917094,1.29,0.7305429374728402,0.08236834441854883,0.8193613698554411,2254.304347826087,3241.2540237542066,3685.800000000001,166.15098175874525,117.70927067265028,239.11353518862938,0.0,0.0,0.06592941284179688,recovered_archive1/94,recovered_archive1/94/CAPorg7.jpg,3
0,60,1024,768,0.0,0.0,,,,,,,,,,,,,,,,,,,,,,,,,,,0.0,recovered_archive1/94,recovered_archive1/94/CAPorg8.jpg,3
0,55,1024,768,0.0,0.0,,,,,,,,,,,,,,,,,,,,,,,,,,,0.0,recovered_archive1/94,recovered_archive1/94/CAPorg9.jpg,3
17,51,1024,768,0.3333333333333333,0.25,0.8409251505963301,0.05289621199447226,0.8840502236070713,1.271665094750023,0.2053433326991527,1.5221759527778507,0.967532909053949,0.017739790990478645,0.980300931454503,0.9664936254085674,0.011161196368345463,0.9771555447577577,1.045952525337428,0.2398639643605477,1.2123076923076923,0.774148320694992,0.05735344083264642,0.8421153846153846,290.4117647058824,222.5881342494485,457.6,62.990153600403076,23.60478515497904,81.52935059634514,0.0,0.0,0.006277720133463542,recovered_archive1/99,recovered_archive1/99/CAPorg1.jpg,3
8,31,1024,768,0.25806451612903225,0.20512820512820512,0.8496527619206553,0.033458411129996035,0.8816624807829778,1.2660343365855806,0.09452338006925835,1.360069493079266,0.969663041132394,0.015557053948615084,0.983423899712285,0.9664374578892266,0.013095956197027013,0.9854300354953921,1.130141590389016,0.14679104112029492,1.2944444444444443,0.7860115516827021,0.05035241836197196,0.8475516029863857,324.5625,243.95676326707977,604.1999999999999,64.41815472394508,25.07794279469689,93.68326112068522,0.0,0.0,0.0033016204833984375,recovered_archive1/99,recovered_archive1/99/CAPorg10.jpg,3
17,39,1024,768,0.4358974358974359,0.30357142857142855,0.8131578045004301,0.08122201386054144,0.8719250990017161,1.4375798360842074,0.4542162823303071,2.13464628263427,0.9646259875481445,0.016576859844159398,0.9773961813842484,0.9648003209319872,0.007625784503294157,0.9750203270814334,1.267367844170161,0.3925103081127563,1.7416666666666667,0.7874523633382053,0.07688838996469392,0.8642954192546584,368.6764705882353,224.10829454007475,693.3000000000001,72.48510733936621,23.555299882518575,102.64894654563447,0.0,0.0,0.007969538370768229,recovered_archive1/99,recovered_archive1/99/CAPorg11.jpg,3
10,26,1024,768,0.38461538461538464,0.2777777777777778,0.8156307364659845,0.07073534042089466,0.8634130524174121,1.4105454760300866,0.39047888566315825,2.0732495535243674,0.967680236770717,0.014393882950520675,0.980537852180582,0.9584519176843689,0.00855702756594753,0.9677270884124306,1.3383854054442288,0.4216148542205704,2.142857142857143,0.7790410267484373,0.05085505630587588,0.826587912087912,838.6,601.8403359695992,1628.95,105.86904755831215,43.14779492217377,155.06214998123093,0.0,0.0,0.010663350423177084,recovered_archive1/99,recovered_archive1/99/CAPorg12.jpg,3
0,0,1024,768,0.0,0.0,,,,,,,,,,,,,,,,,,,,,,,,,,,0.0,recovered_archive1/99,recovered_archive1/99/CAPorg13.jpg,3
8,18,1024,768,0.4444444444444444,0.3076923076923077,0.7832115848296481,0.11816093741105879,0.8923644407297052,1.6034797944837829,0.5073687667879704,2.1398151057165524,0.9500330399712984,0.04939758174212,0.9818756954379269,0.9644713281569441,0.009463921492090143,0.9775475255226772,0.8419326620661759,0.24495236321100153,1.1099358974358975,0.7405237417300836,0.07059338603172721,0.8085576923076923,370.4375,176.47156950554387,597.5,75.26434880165763,17.31110118677064,93.78965363437814,0.0,0.0,0.003768285115559896,recovered_archive1/99,recovered_archive1/99/CAPorg2.jpg,3
6,18,1024,768,0.3333333333333333,0.25,0.7808991201273612,0.09823062464097511,0.8721568967351261,1.2719770222852447,0.23454068288575128,1.5826712854257199,0.955406525130076,0.035329128284153674,0.9810785929378004,0.9587966948951657,0.012567999259461426,0.9720658206304289,1.2178044989911117,0.20769561099494005,1.4604700854700856,0.7269817504867513,0.09029718580582376,0.81154675066313,682.0,416.41005431345354,1192.0,98.39290518339675,32.424495231447416,132.46803743153546,0.0,0.0,0.0052032470703125,recovered_archive1/99,recovered_archive1/99/CAPorg3.jpg,3
8,41,1024,768,0.1951219512195122,0.16326530612244897,0.8114810791653853,0.09491079381089314,0.8762427842370673,1.4826734719578902,0.5963702079583246,1.9446362301814242,0.9631308462628883,0.013398793099958391,0.9752498156576573,0.9680860264562907,0.008309612945525999,0.9806816610500306,1.3133824143692563,0.6959113306608684,1.8878947368421048,0.8030771979785801,0.04792893792811349,0.8508145161290323,315.9375,286.8302456920295,563.8499999999999,66.82196064623253,34.29858539882023,98.46244584051391,0.0,0.0,0.0032138824462890625,recovered_archive1/99,recovered_archive1/99/CAPorg4.jpg,3
5,33,1024,768,0.15151515151515152,0.13157894736842105,0.8357705220151429,0.05173900297949872,0.8744200280139599,1.287094190148178,0.24424515333203264,1.5880657641114633,0.9753689349627944,0.010302616493077295,0.986502227663845,0.969806304443804,0.01430517258880112,0.9867140997165308,1.2859654934437543,0.2623901694730609,1.5914285714285714,0.7890847933376249,0.04439436316649743,0.8432712215320911,570.3,680.3214387331917,1323.1000000000001,78.22396820942889,47.27513034885165,131.9141269071954,0.0,0.0,0.0036258697509765625,recovered_archive1/99,recovered_archive1/99/CAPorg5.jpg,3
11,28,1024,768,0.39285714285714285,0.28205128205128205,0.7875924322287421,0.08565715911605636,0.8882184672646326,1.6123367873700973,0.5096653151920182,2.3377404184808936,0.9706546551100004,0.011084662221242807,0.9822064056939496,0.9660761650918345,0.009670715315630164,0.9788794820189525,1.1987232806545787,0.5308424194220507,2.0,0.7816529341156851,0.059499696464701504,0.8571428571428571,609.5,379.6132601381665,1221.5,94.45916957057565,32.70140274358354,141.0538238691624,0.0,0.0,0.008525212605794271,recovered_archive1/99,recovered_archive1/99/CAPorg6.jpg,3
9,33,1024,768,0.2727272727272727,0.21428571428571427,0.76003645931389,0.16303379613767027,0.866361641567819,2.931958088035862,4.1879129022372545,4.669280154861123,0.9624636243532879,0.011112798810813822,0.9730335196700369,0.9677154657589059,0.009862574154043336,0.9787815649772398,1.6730362148503741,1.239803387583568,2.531563421828909,0.7907672507909669,0.046119105360126644,0.8296037296037296,5114.944444444444,13709.902081351525,9368.000000000007,197.1647025312676,390.7755062374237,345.5224530192641,0.0,0.0,0.05853589375813802,recovered_archive1/99,recovered_archive1/99/CAPorg7.jpg,3
7,23,1024,768,0.30434782608695654,0.23333333333333334,0.8492913707076281,0.03058844860716158,0.8762924378826121,1.3151151920734774,0.12552114111611762,1.4341891746524726,0.970710816393367,0.012898562481136855,0.9814559670643401,0.9673095704996191,0.007584173260249513,0.9768628723985279,1.085400948258091,0.11883363056044582,1.2242424242424244,0.7641620591237938,0.05277638647180317,0.8261939119081976,356.14285714285717,188.65382399019228,539.1,68.89630999709931,23.07059986174373,89.81219330881976,0.0,0.0,0.003170013427734375,recovered_archive1/99,recovered_archive1/99/CAPorg8.jpg,3
3,20,1024,768,0.15,0.13043478260869565,0.832623653602543,0.016255748493473117,0.8446832364127133,1.2963634758171467,0.1140170472191076,1.4121180376873528,0.9620755226859834,0.0030635994083371425,0.9643310326737362,0.9643352970415581,0.0013505112280838467,0.9655462213026519,1.2075702075702075,0.13108856988658135,1.341025641025641,0.7763532763532764,0.026107180617486788,0.8023809523809524,157.66666666666666,16.08484448859305,172.1,48.74179891480539,2.905932629027112,51.475945135393374,0.0,0.0,0.0006014506022135416,recovered_archive1/99,recovered_archive1/99/CAPorg9.jpg,3
5,49,1024,768,0.10204081632653061,0.09259259259259259,0.7814317036037577,0.09945213599315238,0.8451870256355747,1.883631709596519,0.7130983549771716,2.6711480250773705,0.9769715127608072,0.008130644801321389,0.9857142857142864,0.9749590598784931,0.011507716145684677,0.9877750813206376,1.653452380952381,0.651679802223339,2.3466666666666667,0.8102363699102829,0.041894300941252544,0.8566666666666667,285.8,186.34339269209414,499.8,64.62741699796952,27.603664764373374,96.1955410846827,0.0,0.0,0.0018170674641927083,recovered_archive2/109,recovered_archive2/109/CAPorg1.jpg,3
0,46,1024,768,0.0,0.0,,,,,,,,,,,,,,,,,,,,,,,,,,,0.0,recovered_archive2/109,recovered_archive2/109/CAPorg10.jpg,3
8,29,1024,768,0.27586206896551724,0.21621621621621623,0.6975806237060869,0.15802147978372022,0.8736934112407561,1.8534382533159288,0.6903196972412772,2.793949017416897,0.9272345718512114,0.07358507470840386,0.980581226754082,0.9532038295031422,0.020604967546082018,0.9696752867616325,0.7976539537731167,0.22184953204506538,1.0091911764705883,0.6720224350115995,0.13361120868113496,0.8348857302118171,1766.875,3148.874121710012,3738.3499999999985,156.42209588551708,161.8314084720225,262.6486506863514,0.0,0.125,0.017973581949869793,recovered_archive2/109,recovered_archive2/109/CAPorg11.jpg,3
4,30,1024,768,0.13333333333333333,0.11764705882352941,0.7582049636138644,0.0484806868676052,0.8098294473785713,1.507899243540568,0.12229555890453833,1.613358336321558,0.9707885748409315,0.008259411323423957,0.9790226891951921,0.9537089415874674,0.0038518971162243227,0.9573257352360103,1.4655797101449277,0.15564589569716597,1.6195652173913044,0.7024983559350773,0.040642806185752875,0.7424543227974828,1696.125,733.0655986165222,2419.3,162.42819253992698,36.99781884844418,195.79251070435276,0.0,0.0,0.008626937866210938,recovered_archive2/109,recovered_archive2/109/CAPorg12.jpg,3
11,38,1024,768,0.2894736842105263,0.22448979591836735,0.7573601825171239,0.05032302779165802,0.8089762963642175,1.4619564249739454,0.20258164207406593,1.622920143657424,0.9608036744121076,0.01842143737167531,0.9762118491921002,0.9572518924304564,0.006061464169588233,0.9624567038410216,1.455768133841196,0.15884549575508727,1.6176470588235294,0.7147219311277966,0.04422898946668701,0.7495421245421245,1065.0454545454545,917.2228205181873,1890.0,117.98053909205692,60.2404408264842,183.53910524340097,0.0,0.0,0.014897028605143229,recovered_archive2/109,recovered_archive2/109/CAPorg13.jpg,3
1,57,1024,768,0.017543859649122806,0.017241379310344827,0.8537722267690417,0.0,0.8537722267690417,1.2218460073763988,0.0,1.2218460073763988,0.9841688654353561,0.0,0.9841688654353561,0.9707578488393636,0.0,0.9707578488393636,1.121212121212121,0.0,1.121212121212121,0.7637182637182637,0.0,0.7637182637182637,932.5,0.0,932.5,117.15432893255071,0.0,117.15432893255071,0.0,0.0,0.0011857350667317708,recovered_archive2/109,recovered_archive2/109/CAPorg2.jpg,3
1,38,1024,768,0.02631578947368421,0.02564102564102564,0.8898375273680409,0.0,0.8898375273680409,1.0674018120250799,0.0,1.0674018120250799,0.9799999999999999,0.0,0.9799999999999999,0.9796052643156596,0.0,0.9796052643156596,1.0714285714285714,0.0,1.0714285714285714,0.8166666666666667,0.0,0.8166666666666667,171.5,0.0,171.5,49.21320343559643,0.0,49.21320343559643,0.0,0.0,0.00021807352701822916,recovered_archive2/109,recovered_archive2/109/CAPorg3.jpg,3
5,34,1024,768,0.14705882352941177,0.1282051282051282,0.8011917079150196,0.054879725022688335,0.8490089416940003,1.1827360076802809,0.18073155444556363,1.390703442829082,0.9700602565710245,0.012256194899641536,0.9787057226313406,0.9559755652454657,0.006636752127603456,0.9627547832168142,0.9964809775886806,0.04760178005108105,1.0517241379310345,0.706597931613884,0.05651838588356772,0.7715593679829126,1245.1,656.4762295772788,1957.9,135.59940828143394,32.326910586395535,171.45525240414966,0.0,0.0,0.007916132609049479,recovered_archive2/109,recovered_archive2/109/CAPorg4.jpg,3
8,26,1024,768,0.3076923076923077,0.23529411764705882,0.786078153210143,0.041253132926763886,0.8281150397251725,1.3472715130433977,0.1663526220734337,1.5201573183945705,0.9665486871629002,0.008276420612920159,0.9739953369654161,0.9566762487567833,0.006445392914650548,0.9636592318711927,1.1850661375661375,0.17211734904190754,1.471111111111111,0.6987084336563425,0.03271156576987721,0.7352657004830918,1324.6875,1010.4282797872148,2960.95,136.43770734564558,52.69098856630895,219.78489885977785,0.0,0.0,0.013475418090820312,recovered_archive2/109,recovered_archive2/109/CAPorg5.jpg,3
9,30,1024,768,0.3,0.23076923076923078,0.7726543317240977,0.050565696310009546,0.8217032350543837,1.6752419330827462,0.32962523935732885,1.9873786183395983,0.9723553955685887,0.002244267195639224,0.9748293332055352,0.9591888046895627,0.009765209245792678,0.9688180680024033,1.0803035907702818,0.34888315791632146,1.4225806451612903,0.7150651561496564,0.059286339209950606,0.7908639186900056,4225.611111111111,6358.516296090961,13284.500000000002,201.83183409594608,170.20511975094513,458.0148770684389,0.0,0.0,0.04835828145345052,recovered_archive2/109,recovered_archive2/109/CAPorg6.jpg,3
5,36,1024,768,0.1388888888888889,0.12195121951219512,0.802902922976731,0.0383133273989394,0.8461386317712203,1.4206517594370998,0.17061077591426024,1.5930432010366669,0.9749314597729049,0.004139774439444263,0.9781694756524194,0.9573347989236277,0.004659905272968269,0.9625926018538125,1.1979112652320456,0.1360197654103669,1.3401315789473685,0.7183487388975786,0.06513747284369703,0.7926354679802956,983.0,260.9291091465266,1296.7,123.32834046956847,18.599628227030955,145.85037508062177,0.0,0.0,0.006249745686848958,recovered_archive2/109,recovered_archive2/109/CAPorg7.jpg,3
4,40,1024,768,0.1,0.09090909090909091,0.8001497334608948,0.03415632287895551,0.8379554387579297,1.4062204855944327,0.1715471634213589,1.5645919495743512,0.9705275183063473,0.012749895428939898,0.980135489805783,0.9545066060889673,0.0028280429866362113,0.9576743184263683,1.264416221033868,0.07266365963248123,1.3295454545454546,0.7209409616236642,0.04123086721197585,0.76692387076288,1001.75,552.321520945907,1548.95,118.9827560572969,39.8866820081605,156.0587011926903,0.0,0.0,0.005095163981119792,recovered_archive2/109,recovered_archive2/109/CAPorg8.jpg,3
0,42,1024,768,0.0,0.0,,,,,,,,,,,,,,,,,,,,,,,,,,,0.0,recovered_archive2/109,recovered_archive2/109/CAPorg9.jpg,3
4,33,1024,768,0.12121212121212122,0.10810810810810811,0.6896893606777668,0.24748570028697547,0.8540586983151365,2.6365247218964014,2.1907376219751455,4.933014486552264,0.910773501615865,0.125454071515094,0.9835340671291972,0.9529941169141685,0.0034682066356877344,0.9569785151211299,1.9083527428319764,0.9606658508228795,2.933759733036708,0.6754401472964382,0.12857381586076796,0.7631436163638611,4127.5,1303.8461853301562,5272.95,302.34419177103416,126.41162706716264,439.8667314454758,0.25,0.25,0.020993550618489582,recovered_archive2/113,recovered_archive2/113/CAPorg1.jpg,3
3,32,1024,768,0.09375,0.08571428571428572,0.8737057982621877,0.019861477837953445,0.8912631600404882,1.1997635385541547,0.02866744554655439,1.2220403846336516,0.9802999834054278,0.005258138472378988,0.9855771691867249,0.9602662320202008,0.007680980303864133,0.967929153134166,0.9085275835275836,0.04708971685667582,0.9557575757575757,0.7979324568827612,0.025146284418533175,0.823499245852187,1027.6666666666667,227.80852096052558,1247.9,120.79730632859555,13.397393009129054,132.98864350760147,0.0,0.0,0.003920237223307292,recovered_archive2/113,recovered_archive2/113/CAPorg2.jpg,3
13,25,1024,768,0.52,0.34210526315789475,0.7465180040329543,0.11796385406819791,0.8495650074675148,1.5003906816411334,0.26107396818550954,1.7996753912282422,0.9399101800454159,0.051985520526231746,0.9768077527038487,0.9445049440542055,0.022733361669876564,0.964642644692739,1.2609628654944145,0.21026033832138386,1.440992448759439,0.7059776623470295,0.12042013028074942,0.8085058412490447,3002.4615384615386,2932.2760486427237,7414.200000000002,207.31169928966213,130.27244623656424,403.6987299076903,0.0,0.07692307692307693,0.049631754557291664,recovered_archive2/113,recovered_archive2/113/CAPorg3.jpg,3
19,11,1024,768,1.7272727272727273,0.6333333333333333,0.8123736562546143,0.07484156119094187,0.8567604668235713,1.40573184810062,0.22049971722135858,1.669694936815323,0.9705025781725174,0.031034967854185577,0.9845021104764874,0.9519570847843501,0.022382775767301452,0.961893348914643,1.2620705514717054,0.2578591019593247,1.5242857142857142,0.7655683687383237,0.05776875809425356,0.8143576811528674,1858.1842105263158,1015.9637401647954,3368.2,163.406109878423,49.56649277089721,225.1890619158121,0.0,0.0,0.04489326477050781,recovered_archive2/113,recovered_archive2/113/CAPorg4.jpg,3
8,18,1024,768,0.4444444444444444,0.3076923076923077,0.7767867839059971,0.05541074305666077,0.8384136177833087,1.5652943874565646,0.4254997952778172,2.0023154962109233,0.9715655444256259,0.007935945921271559,0.9791995950439231,0.9569078011704977,0.007830273246598858,0.9662982801250285,1.3486164997993642,0.4356476495865539,1.9179650238473767,0.7403975328545626,0.07409927691479,0.8258350658350658,1481.5,1039.2251620799027,2646.9999999999995,146.42514421272202,51.876365388595566,205.23414126469532,0.0,0.0,0.015070597330729166,recovered_archive2/113,recovered_archive2/113/CAPorg5.jpg,3
3,31,1024,768,0.0967741935483871,0.08823529411764706,0.8620003555682514,0.019711282618488906,0.8820125382597089,1.1526625568349427,0.10124050401380089,1.2556169423012578,0.97867950323182,0.005092117959172479,0.9832606664326399,0.9576673870595017,0.0029521285113479454,0.9599674672529688,1.082828282828283,0.07510153654723682,1.158787878787879,0.7759933350600018,0.01749896422500992,0.793634074074074,1313.0,586.902178106937,1729.5,133.55873007774957,34.531444832972106,159.05037508062182,0.0,0.0,0.005008697509765625,recovered_archive2/113,recovered_archive2/113/CAPorg6.jpg,3
4,41,1024,768,0.0975609756097561,0.08888888888888889,0.8065696236926081,0.11333007382023365,0.8824986581003413,1.4657569266215835,0.5952432705184443,2.1039030816258313,0.972244614194861,0.01682076176786902,0.9841484071045952,0.959750506217726,0.006974965975300254,0.9671488170646906,1.2954890121661085,0.5081150833111252,1.8519607843137256,0.7767196519552488,0.017945797561806382,0.7960374341777556,1471.625,534.4455508983118,2073.4500000000003,148.8718433538229,21.80678469795238,172.1457069611992,0.0,0.0,0.0074850718180338545,recovered_archive2/113,recovered_archive2/113/CAPorg7.jpg,3
0,0,1024,768,0.0,0.0,,,,,,,,,,,,,,,,,,,,,,,,,,,0.0,recovered_archive2/113,recovered_archive2/113/CAPorg8.jpg,3
4,49,1024,768,0.08163265306122448,0.07547169811320754,0.789566146442223,0.05825720251630921,0.8553122607171817,1.4567405808139424,0.35973383280398713,1.8237415286605103,0.9611684095156071,0.010469695937628972,0.9726080202519986,0.961993965430044,0.0038639787608562627,0.9656716933475337,1.3759920634920635,0.325050326064563,1.717857142857143,0.750871352164054,0.04832036258027514,0.8006298185941043,725.875,267.9011886405135,918.25,105.31549416771887,23.849271147478664,121.65727265770299,0.0,0.0,0.003691991170247396,recovered_archive2/114,recovered_archive2/114/CAPorg1.jpg,3
11,37,1024,768,0.2972972972972973,0.22916666666666666,0.7629162319814743,0.08259415417519067,0.8582213345308872,1.5393019279340578,0.3582643162461862,2.1247374632087186,0.9531295733619536,0.037477462376101764,0.9813407049067033,0.9587848293502161,0.016731593675333008,0.9739111831145262,1.2499550073549972,0.4870462368515835,1.6428571428571428,0.7500547334078175,0.053677828627748544,0.8105882352941176,851.2272727272727,966.3674570180181,1528.0,107.39632028558485,64.79275306747802,173.19595949289334,0.0,0.0,0.011906305948893229,recovered_archive2/114,recovered_archive2/114/CAPorg2.jpg,3
5,35,1024,768,0.14285714285714285,0.125,0.841405102326803,0.023494080275217197,0.8633586836955176,1.3987884286714654,0.2092056492111632,1.6361104613981456,0.9716187112783803,0.015247928716074841,0.9873143356261608,0.9665614433010994,0.012729117747276615,0.9811468097231582,0.9632526514879457,0.2296545320800549,1.1915032679738562,0.7864825436724263,0.05317722948557686,0.8433379120879121,641.9,992.941206718706,1675.1000000000004,76.3210244842766,62.01372308077768,143.65626253092634,0.0,0.0,0.0040810902913411455,recovered_archive2/114,recovered_archive2/114/CAPorg3.jpg,3
4,21,1024,768,0.19047619047619047,0.16,0.8387379521412103,0.044823015505268106,0.8792440127849916,1.2703209869527128,0.1315437551847964,1.3918390399502432,0.9733917516623374,0.009286852321910396,0.9819537732387366,0.9625712666958197,0.012539938527768104,0.9762461853556471,1.1655918889294847,0.042100283829221624,1.21,0.7630426110686114,0.06503815941429192,0.8334290792340328,909.625,1060.3834433236875,2042.1500000000005,100.9368145112785,60.263426182050985,167.3256059485215,0.0,0.0,0.0046265920003255205,recovered_archive2/114,recovered_archive2/114/CAPorg4.jpg,3
1,17,1024,768,0.058823529411764705,0.05555555555555555,0.8141204119889021,0.0,0.8141204119889021,1.098993250692069,0.0,1.098993250692069,0.9684106614017773,0.0,0.9684106614017773,0.9567930687545997,0.0,0.9567930687545997,0.9259259259259259,0.0,0.9259259259259259,0.7266666666666667,0.0,0.7266666666666667,490.5,0.0,490.5,87.01219330881975,0.0,87.01219330881975,0.0,0.0,0.0006237030029296875,recovered_archive2/114,recovered_archive2/114/CAPorg5.jpg,3
10,23,1024,768,0.43478260869565216,0.30303030303030304,0.779947350368351,0.08367664949842217,0.8597328644215134,1.4978989536408125,0.661048269977748,1.8157927431249823,0.9631604949926087,0.019180975152467934,0.9828656119370269,0.9596339176441446,0.009963786538677733,0.9704070125860386,0.9340481936374578,0.252077845604504,1.1887005649717513,0.7463027882107476,0.061447414270862324,0.7976736111111111,1462.95,1839.1893112183966,3011.5499999999984,134.7986940139403,92.78305212214434,237.73048327204938,0.0,0.0,0.018602371215820312,recovered_archive2/114,recovered_archive2/114/CAPorg6.jpg,3
5,16,1024,768,0.3125,0.23809523809523808,0.8227633403651783,0.05503793446775864,0.8733344071641898,1.3853619614789427,0.15939228952719706,1.5604586026473182,0.9679382879379448,0.010255227658728504,0.9783124685886605,0.962609474881104,0.005934993387243406,0.9699916364476793,0.9972478991596638,0.1669509198300151,1.1453781512605041,0.7425373033828916,0.048682072933262814,0.7927601809954751,357.3,327.4145079253514,705.3000000000001,68.19554108468272,27.71977127569494,97.67493500861671,0.0,0.0,0.0022716522216796875,recovered_archive2/114,recovered_archive2/114/CAPorg7.jpg,3
0,107,1024,768,0.0,0.0,,,,,,,,,,,,,,,,,,,,,,,,,,,0.0,recovered_archive2/122,recovered_archive2/122/CAPorg1.jpg,3
0,67,1024,768,0.0,0.0,,,,,,,,,,,,,,,,,,,,,,,,,,,0.0,recovered_archive2/122,recovered_archive2/122/CAPorg10.jpg,3
1,32,1024,768,0.03125,0.030303030303030304,0.8226958885105802,0.0,0.8226958885105802,1.1180076529984395,0.0,1.1180076529984395,0.9515151515151541,0.0,0.9515151515151541,0.961978624310438,0.0,0.961978624310438,1.1538461538461537,0.0,1.1538461538461537,0.8051282051282052,0.0,0.8051282051282052,157.0,0.0,157.0,48.970562748477136,0.0,48.970562748477136,0.0,0.0,0.00019963582356770834,recovered_archive2/122,recovered_archive2/122/CAPorg11.jpg,3
1,35,1024,768,0.02857142857142857,0.027777777777777776,0.846628333480435,0.0,0.846628333480435,1.1691475157777502,0.0,1.1691475157777502,0.963585434173669,0.0,0.963585434173669,0.9601664976830165,0.0,0.9601664976830165,0.9523809523809523,0.0,0.9523809523809523,0.819047619047619,0.0,0.819047619047619,344.0,0.0,344.0,71.45584412271572,0.0,71.45584412271572,0.0,0.0,0.0004374186197916667,recovered_archive2/122,recovered_archive2/122/CAPorg12.jpg,3
0,55,1024,768,0.0,0.0,,,,,,,,,,,,,,,,,,,,,,,,,,,0.0,recovered_archive2/122,recovered_archive2/122/CAPorg2.jpg,3
0,22,1024,768,0.0,0.0,,,,,,,,,,,,,,,,,,,,,,,,,,,0.0,recovered_archive2/122,recovered_archive2/122/CAPorg3.jpg,3
1,64,1024,768,0.015625,0.015384615384615385,0.8901185751863833,0.0,0.8901185751863833,1.1576385620288494,0.0,1.1576385620288494,0.9835748792270531,0.0,0.9835748792270531,0.9667361178565361,0.0,0.9667361178565361,1.0,0.0,1.0,0.8144,0.0,0.8144,509.0,0.0,509.0,84.76955262170047,0.0,84.76955262170047,0.0,0.0,0.0006472269694010416,recovered_archive2/122,recovered_archive2/122/CAPorg4.jpg,3
0,60,1024,768,0.0,0.0,,,,,,,,,,,,,,,,,,,,,,,,,,,0.0,recovered_archive2/122,recovered_archive2/122/CAPorg5.jpg,3
1,70,1024,768,0.014285714285714285,0.014084507042253521,0.8840542968036685,0.0,0.8840542968036685,1.1885069515868232,0.0,1.1885069515868232,0.9828526890101327,0.0,0.9828526890101327,0.9680921856817696,0.0,0.9680921856817696,1.1923076923076923,0.0,1.1923076923076923,0.782258064516129,0.0,0.782258064516129,630.5,0.0,630.5,94.66904755831213,0.0,94.66904755831213,0.0,0.0,0.0008017222086588541,recovered_archive2/122,recovered_archive2/122/CAPorg6.jpg,3
1,63,1024,768,0.015873015873015872,0.015625,0.8687591160459496,0.0,0.8687591160459496,1.1410829437132162,0.0,1.1410829437132162,0.9743833017077794,0.0,0.9743833017077794,0.9617791904061289,0.0,0.9617791904061289,0.8888888888888888,0.0,0.8888888888888888,0.7924382716049383,0.0,0.7924382716049383,513.5,0.0,513.5,86.18376618407356,0.0,86.18376618407356,0.0,0.0,0.0006529490152994791,recovered_archive2/122,recovered_archive2/122/CAPorg7.jpg,3
1,74,1024,768,0.013513513513513514,0.013333333333333334,0.7676870542216591,0.0,0.7676870542216591,1.649570654581536,0.0,1.649570654581536,0.9542857142857143,0.0,0.9542857142857143,0.9607796786549305,0.0,0.9607796786549305,1.0,0.0,1.0,0.65234375,0.0,0.65234375,167.0,0.0,167.0,52.2842712474619,0.0,52.2842712474619,0.0,0.0,0.00021235148111979166,recovered_archive2/122,recovered_archive2/122/CAPorg8.jpg,3
1,64,1024,768,0.015625,0.015384615384615385,0.6126665239637601,0.0,0.6126665239637601,3.4882306664387452,0.0,3.4882306664387452,0.966970882225119,0.0,0.966970882225119,0.9773132391781028,0.0,0.9773132391781028,0.5319148936170213,0.0,0.5319148936170213,0.7101063829787234,0.0,0.7101063829787234,3337.5,0.0,3337.5,261.6396103067892,0.0,261.6396103067892,0.0,0.0,0.0042438507080078125,recovered_archive2/122,recovered_archive2/122/CAPorg9.jpg,3
1,51,1024,768,0.0196078431372549,0.019230769230769232,0.7436132421074183,0.0,0.7436132421074183,1.7050876554902765,0.0,1.7050876554902765,0.9551945733666549,0.0,0.9551945733666549,0.9599157430879584,0.0,0.9599157430879584,0.7666666666666667,0.0,0.7666666666666667,0.8616747181964574,0.0,0.8616747181964574,5351.0,0.0,5351.0,300.7106781186548,0.0,300.7106781186548,0.0,0.0,0.006804148356119792,recovered_archive2/124,recovered_archive2/124/CAPorg1.jpg,3
0,58,1024,768,0.0,0.0,,,,,,,,,,,,,,,,,,,,,,,,,,,0.0,recovered_archive2/124,recovered_archive2/124/CAPorg2.jpg,3
2,57,1024,768,0.03508771929824561,0.03389830508474576,0.7948930917192021,0.04851089933045605,0.8337018111835669,1.2746479217920226,0.0675937454586173,1.3287229181589164,0.9583313206822559,0.022646144930855316,0.9764482366269401,0.9438558053995066,0.00968899664020173,0.951607002711668,0.9582135326816178,0.08433965880774397,1.025685259727813,0.7050545964311514,0.022691821284871128,0.7232080534590484,4511.5,2835.5,6779.9,254.86500705120548,96.84062043356593,332.33750339805823,0.0,0.0,0.011473337809244791,recovered_archive2/124,recovered_archive2/124/CAPorg3.jpg,3
7,42,1024,768,0.16666666666666666,0.14285714285714285,0.8461936097897472,0.02654086039569804,0.8761493736736907,1.2786723721193738,0.25442482628258,1.564053465772949,0.9711711902708867,0.009958247863577099,0.981446190151867,0.963931188829253,0.00909290112170279,0.97279041286748,0.9027211188330583,0.15301112872364062,1.1194078947368422,0.7721134309796159,0.04400069739555074,0.8143452380952381,477.92857142857144,260.1102003507948,781.3000000000001,80.23278700557465,23.96241878833138,105.62295808265223,0.0,0.0,0.0042540232340494795,recovered_archive2/124,recovered_archive2/124/CAPorg4.jpg,3
2,46,1024,768,0.043478260869565216,0.041666666666666664,0.6415615259507195,0.23396188202315046,0.8287310315692399,4.754112308914662,3.604997120091953,7.638110004988225,0.9667061500182585,0.01132272631570247,0.9757643310708206,0.9646283811840738,0.005860753853023981,0.9693169842664929,0.6092318534179,0.3301620859760395,0.8733615221987315,0.712730423767558,0.048755402234397005,0.7517347455550756,1931.25,1152.25,2853.05,207.0330085889911,101.29289321881349,288.0673231640419,0.0,0.0,0.0049114227294921875,recovered_archive2/124,recovered_archive2/124/CAPorg5.jpg,3
1,44,1024,768,0.022727272727272728,0.022222222222222223,0.5383704368440078,0.0,0.5383704368440078,3.4049864499692095,0.0,3.4049864499692095,0.9806339724443595,0.0,0.9806339724443595,0.9662078904641003,0.0,0.9662078904641003,0.33793103448275863,0.0,0.33793103448275863,0.716256157635468,0.0,0.716256157635468,5089.0,0.0,5089.0,344.6518036156091,0.0,344.6518036156091,0.0,0.0,0.006470998128255208,recovered_archive2/124,recovered_archive2/124/CAPorg6.jpg,3
1,48,1024,768,0.020833333333333332,0.02040816326530612,0.5541911883618537,0.0,0.5541911883618537,5.958100673357434,0.0,5.958100673357434,0.9637619183376092,0.0,0.9637619183376092,0.9667439733720329,0.0,0.9667439733720329,1.7692307692307692,0.0,1.7692307692307692,0.6281225484124034,0.0,0.6281225484124034,15212.5,0.0,15212.5,587.3208511739213,0.0,587.3208511739213,0.0,0.0,0.01934369405110677,recovered_archive2/124,recovered_archive2/124/CAPorg7.jpg,3
0,0,1024,768,0.0,0.0,,,,,,,,,,,,,,,,,,,,,,,,,,,0.0,recovered_archive2/124,recovered_archive2/124/CAPorg8.jpg,3
5,76,1024,768,0.06578947368421052,0.06172839506172839,0.8461608178123988,0.04221174946805014,0.8796393707589424,1.3839175891734246,0.20582938255037808,1.5821252881141206,0.9778474627559228,0.008484010364704534,0.9856690939835041,0.9696791961178155,0.010488275352541925,0.9821603494403227,1.0871863694713502,0.27883938027405486,1.4273684210526316,0.7821604073481481,0.029640708645258775,0.803987310481213,575.5,393.20643433189133,1041.9,85.78376618407356,34.49833840790957,122.85138520739841,0.0,0.0,0.003658930460611979,recovered_archive2/125,recovered_archive2/125/CAPorg1.jpg,3
22,59,1024,768,0.3728813559322034,0.2716049382716049,0.7877628058793604,0.10027825990521488,0.8799997403820303,1.71182676773879,0.9928492319847252,2.7614184182608352,0.9618947692898044,0.026308037766057096,0.984613634662875,0.9621815232983569,0.008551439565676224,0.9760707790794694,0.9353610946360619,0.2646037222466309,1.2914285714285716,0.7482513931702315,0.07804686853056261,0.8139240562678063,1198.8863636363637,1246.3650870706363,3082.5000000000005,126.27878453842,80.25544065272153,241.18763338082482,0.0,0.0,0.0335381825764974,recovered_archive2/125,recovered_archive2/125/CAPorg2.jpg,3
43,63,1024,768,0.6825396825396826,0.4056603773584906,0.8135370979682405,0.058251601423224296,0.8624632698313628,1.4102396776685868,0.2908547817488159,1.6245228135669614,0.9705770810822756,0.0196028978475219,0.9844060351082818,0.9590835964767898,0.012401894653539795,0.9701311499623505,1.097496878608664,0.24916630709998755,1.3571725571725575,0.7423432130550242,0.05051599532220148,0.8035186035095443,1229.3837209302326,842.0586059066811,2592.8,130.63037845516905,47.74435169755154,200.76896090313446,0.0,0.0,0.06721941630045573,recovered_archive2/125,recovered_archive2/125/CAPorg3.jpg,3
11,75,1024,768,0.14666666666666667,0.12790697674418605,0.8496452122145534,0.01933745328270091,0.8690049008625157,1.3441565429688815,0.13897126529829093,1.5252665747881327,0.9813770864177901,0.003737403690065306,0.9850012929919834,0.9616331397860549,0.005481790354932954,0.9699813220754757,0.9915038330035113,0.15508933175405995,1.186046511627907,0.760532457070396,0.036378036229198094,0.8071428571428572,1241.2727272727273,435.47661265019644,1588.0,133.11621400561833,26.51191501506237,155.19595949289337,0.0,0.0,0.017361958821614582,recovered_archive2/125,recovered_archive2/125/CAPorg4.jpg,3
23,60,1024,768,0.38333333333333336,0.27710843373493976,0.7916661334117263,0.09072902773216936,0.8562472945867059,1.3980901299506046,0.216350980432667,1.5936414797977165,0.9617017309303497,0.043570045650293175,0.9817742863622987,0.9502972929995126,0.022926482331524937,0.9652068782685069,1.0792918781048593,0.2189999138836911,1.3415810276679843,0.7167239058509327,0.07806589484299112,0.7826870748299319,1392.4130434782608,1054.2751646858355,2115.6,143.1436507029877,55.94334841717017,204.66845583974614,0.0,0.043478260869565216,0.04072252909342448,recovered_archive2/125,recovered_archive2/125/CAPorg5.jpg,3
21,63,1024,768,0.3333333333333333,0.25,0.8115363243018555,0.07072123384070515,0.8868492121333249,1.3946363952984737,0.2817006379869841,1.8855074520615316,0.9692366474840102,0.016768415634077903,0.9808187804179788,0.9587828622397283,0.010471520495116824,0.9695904859551369,1.0901561425204864,0.23106965344672123,1.36,0.74396051037114,0.06539762934437836,0.7932098765432098,1036.357142857143,704.5452289185107,1746.0,120.95428083127565,44.23848012703295,183.33809511662432,0.0,0.0,0.027673721313476562,recovered_archive2/125,recovered_archive2/125/CAPorg6.jpg,3
6,61,1024,768,0.09836065573770492,0.08955223880597014,0.8646865779143927,0.013328372860079329,0.8810965273239493,1.179912273476857,0.13445692949082794,1.356700171304795,0.9810919080844148,0.003895252189201461,0.9844874931636971,0.9596485356967608,0.005523190516674685,0.9660311489805189,1.1279576489563545,0.13971957992003317,1.271122320302648,0.7638688463085975,0.03182416837808703,0.805289278182669,1680.25,1089.461898905449,3064.75,148.38428321204523,50.939501948471595,211.6015510839149,0.0,0.0,0.012819290161132812,recovered_archive2/125,recovered_archive2/125/CAPorg7.jpg,3
3,71,1024,768,0.04225352112676056,0.04054054054054054,0.8295890744274214,0.01921943934763187,0.8486324644991009,1.3606596708926542,0.194867954687335,1.555791002664056,0.9743774886124941,0.008422107286335447,0.9805779101715457,0.9592830544212908,0.007274278217383977,0.9667012389297323,1.038840788840789,0.287023157812447,1.2674603174603176,0.7681211027464258,0.04587835523158154,0.8142957817376422,1020.3333333333334,579.2207888380925,1556.0,117.23520916159048,39.95919755188088,152.86458864299487,0.0,0.0,0.0038922627766927085,recovered_archive2/125,recovered_archive2/125/CAPorg8.jpg,3
4,50,1024,768,0.08,0.07407407407407407,0.7036609980611968,0.27941144037929017,0.8674636483045399,4.158709971843762,5.1642571018989285,9.53271311597553,0.9764694307469068,0.0062523944250793785,0.9829977260113545,0.9611578143656816,0.012055721231354689,0.9739557142516528,3.236331858790875,3.8600731486693243,7.283344262295083,0.7754453381904063,0.006266852047882714,0.7803963560334528,2743.75,1560.542073287356,4361.1,253.79646455628168,164.1947496248476,433.37098115668783,0.25,0.0,0.013955434163411459,recovered_archive2/139,recovered_archive2/139/CAPorg1.jpg,3
5,39,1024,768,0.1282051282051282,0.11363636363636363,0.6519618188696272,0.17608919642934887,0.8108382297279952,2.5809832979837153,1.897373643796364,4.724656471623959,0.9620901077132965,0.014699820293419777,0.9785874613052457,0.9603803170686838,0.009908361422407697,0.9719142827741343,0.5547918415357647,0.2304209466446729,0.8048850574712644,0.7468801711189615,0.051082691694497515,0.7953294760527162,1828.0,997.8182700271628,2895.4,186.09991334482228,58.71191839371401,253.13077913133247,0.0,0.0,0.011622111002604166,recovered_archive2/139,recovered_archive2/139/CAPorg2.jpg,3
8,25,1024,768,0.32,0.24242424242424243,0.7886799064593281,0.11670153353920941,0.8649167531794694,1.5489657385860918,0.7930932741147874,2.283936534663887,0.9698358510590659,0.006198923528641002,0.9765159323877396,0.956427104364403,0.004815346510287197,0.9620978448379737,1.4875799881431138,0.8475737711724408,2.291774193548387,0.7568147896353661,0.03362457812670628,0.8017197488584475,1246.875,1323.565066165997,2227.0999999999995,135.4043289325507,80.05694636891533,203.01362184380702,0.0,0.0,0.012683868408203125,recovered_archive2/139,recovered_archive2/139/CAPorg3.jpg,3
13,10,1024,768,1.3,0.5652173913043478,0.7022448631756314,0.12087580474601446,0.8199877644286909,2.2059691836813853,0.8233040910831481,3.1080201459295136,0.9594948231120208,0.02638075690170381,0.9789622309220734,0.958407441852365,0.008251449024919952,0.9689805304050407,1.9914766039644431,0.8042949090094699,2.7845454545454547,0.7605005264672132,0.06304504941460126,0.7997163292520306,2010.6923076923076,1855.8670743437249,4713.100000000001,176.41657223474223,86.5637473304654,303.6042856049619,0.0,0.0,0.033237457275390625,recovered_archive2/139,recovered_archive2/139/CAPorg4.jpg,3
2,89,1024,768,0.02247191011235955,0.02197802197802198,0.8373937685926351,0.030063220978298055,0.8614443453752736,1.21068692979949,0.1691286803464085,1.3459898740766167,0.9766849529780555,0.003200104493207623,0.9792450365726215,0.9639133512096068,0.008931447762645484,0.971058509419723,1.2858439201451906,0.12794918330308525,1.3882032667876587,0.7861537780532071,0.02963569563100349,0.8098623345580098,620.25,279.25,843.65,94.30508652763321,24.020815280171306,113.52173875177026,0.0,0.0,0.0015773773193359375,recovered_archive2/139,recovered_archive2/139/CAPorg5.jpg,3
3,22,1024,768,0.13636363636363635,0.12,0.7589215264147691,0.08723252240365859,0.8458735201278046,1.6197127056226164,0.37258186564260465,1.994365330218144,0.9604973933421009,0.012922384287561652,0.9714007240323026,0.9640083858201779,0.006306525202426633,0.969310907974624,1.608496732026144,0.41650656926821883,1.9933333333333336,0.7651451261508188,0.037790262116704255,0.8034640522875817,575.0,548.1169279147166,1127.5,88.99831645537222,50.91398209079277,140.46316010800757,0.0,0.0,0.002193450927734375,recovered_archive2/139,recovered_archive2/139/CAPorg6.jpg,3
8,20,1024,768,0.4,0.2857142857142857,0.8080973135371902,0.0619369761199988,0.8600756002431903,1.4167729745574134,0.478866762497479,2.065608302039369,0.9726961676024288,0.012107648693730936,0.9838657657657657,0.9571704823998691,0.007590871225666194,0.9624744534410411,1.3131330098042056,0.4656235828046836,1.8641025641025641,0.7889213002300695,0.03401584551717877,0.8371190476190477,1164.75,604.6416810806215,1877.8,128.8510280736516,38.77194811191407,168.79940828143395,0.0,0.0,0.01184844970703125,recovered_archive2/139,recovered_archive2/139/CAPorg7.jpg,3
22,61,1024,768,0.36065573770491804,0.26506024096385544,0.8059550025922636,0.061111776971876135,0.8729179121737087,1.4370710507369453,0.2761218712719649,1.6418389427326097,0.9693983254877234,0.014180978175204823,0.9802663775252338,0.9619447203252643,0.011227428912989279,0.9750580442264948,1.1414651326843932,0.36085794926417153,1.3836812144212525,0.755167233194689,0.06536940307649784,0.8195375982042649,833.6136363636364,852.9067935304614,1893.2500000000014,103.49825849863576,52.9305895962484,172.53494218736677,0.0,0.0,0.02331988016764323,recovered_archive2/162,recovered_archive2/162/CAPorg1.jpg,3
31,34,1024,768,0.9117647058823529,0.47692307692307695,0.7135243460540969,0.16070968032183355,0.8558218695361308,2.0516527274962253,1.7160682683276927,3.058585763578703,0.943456756274061,0.047234588929118144,0.9760672703751617,0.9533439371734833,0.019779661037330736,0.968537712181612,1.29537657149798,0.8034767519616273,2.0277777777777777,0.6972183175685289,0.1144445657031741,0.8034420289855072,1236.1612903225807,1410.7792195249745,2733.0,140.8552296442074,98.1031131018217,246.12489168102786,0.0,0.03225806451612903,0.04872767130533854,recovered_archive2/162,recovered_archive2/162/CAPorg10.jpg,3
42,51,1024,768,0.8235294117647058,0.45161290322580644,0.7976295354414866,0.0917999963457477,0.8727544806044424,1.3968787843648904,0.30961612643383696,1.931117870886671,0.9611868690382929,0.03204112343321333,0.9804799102505504,0.9557586493793567,0.017047303976124674,0.9674417145555178,1.2135703299064573,0.3070771057415336,1.5461482024944972,0.7539854714626023,0.06821245987613349,0.8212598331233054,984.4761904761905,762.5660311173446,1708.9999999999998,119.94494942685216,50.32134316930904,169.76753236814716,0.0,0.0,0.052576700846354164,recovered_archive2/162,recovered_archive2/162/CAPorg11.jpg,3
25,59,1024,768,0.423728813559322,0.2976190476190476,0.8058770989851822,0.087545334534774,0.8770702460410558,1.51594257416436,0.6094207794168508,2.2060799473917063,0.9652132671138157,0.026834239240428284,0.9825577242438353,0.9607058791993793,0.012118759832113035,0.970099379757845,1.216402771438604,0.4340779349640326,1.4974910394265235,0.7710067537625269,0.052008255733320956,0.819564653801942,827.2,485.307016227872,1402.6000000000004,109.49247901581722,38.7392380290848,151.8822509939086,0.0,0.0,0.026295979817708332,recovered_archive2/162,recovered_archive2/162/CAPorg12.jpg,3
8,46,1024,768,0.17391304347826086,0.14814814814814814,0.8377437057509793,0.08281766297789463,0.8824463327209662,1.2997649270161022,0.19257837435447447,1.4809972917160497,0.9661761583459325,0.03086860274857528,0.9819616977225669,0.9609116583783255,0.013539572423079847,0.9731127122497083,1.1128484150390343,0.1253381329463494,1.2364942528735632,0.7683872919085215,0.09615195957182035,0.8333041958041958,908.125,721.8706493375389,1656.35,109.26524163602471,54.91184196309613,165.05453813665602,0.0,0.0,0.009237925211588541,recovered_archive2/162,recovered_archive2/162/CAPorg13.jpg,3
45,50,1024,768,0.9,0.47368421052631576,0.8199137553627491,0.07384540150221099,0.8759353181825971,1.3751001807846364,0.32631462848832504,1.8219296733296648,0.968770427833994,0.02062303175061226,0.9837462357361556,0.9570222673477693,0.009158002262661773,0.9668066294471377,1.2293452513840115,0.2838744117227536,1.5806402439024392,0.7639694905022069,0.05426014484340798,0.8120994794679005,1017.7111111111111,627.0431536530878,1689.8000000000002,120.75155356186124,41.73761658834356,173.999408281434,0.0,0.0,0.05823389689127604,recovered_archive2/162,recovered_archive2/162/CAPorg14.jpg,3
33,46,1024,768,0.717391304347826,0.4177215189873418,0.7124107152844171,0.15702570961990683,0.8546791051436734,1.853553005583396,1.009827495159673,2.9903868821381576,0.9452421456876188,0.04923702441916496,0.9810766582182754,0.9500867536469001,0.027383261901774356,0.9704078968607103,1.3745126015679718,0.7570785788031097,2.039833159541189,0.6972640072482115,0.12150260383375545,0.8124581916099773,3065.0,3978.4666910910805,7101.300000000002,214.86721313955152,152.72831053193093,440.72959569420044,0.030303030303030304,0.0,0.12861251831054688,recovered_archive2/162,recovered_archive2/162/CAPorg15.jpg,3
31,53,1024,768,0.5849056603773585,0.36904761904761907,0.7190557787369417,0.15336388443611745,0.8719528169689486,1.7691983384417214,0.811581897890913,2.285695219242391,0.9496903283750497,0.04950560015567079,0.9838073489723894,0.9522717707389904,0.01603122102978654,0.9671350486262422,1.2148876426376876,0.627793113500667,1.697674418604651,0.6931682396887917,0.12779959650149506,0.8352272727272727,3657.532258064516,4802.023207571595,10473.5,233.97051842053986,170.81462160431803,479.93102422918764,0.03225806451612903,0.0,0.14417457580566406,recovered_archive2/162,recovered_archive2/162/CAPorg16.jpg,3
44,31,1024,768,1.4193548387096775,0.5866666666666667,0.7542813201310882,0.13872945813918788,0.8612625261731925,1.623260468741877,0.660674563426447,2.2097423423724996,0.9514679511207256,0.05535320518174842,0.9808930461915643,0.9517566614080937,0.024699775103821424,0.9698985741579873,1.212794303298269,0.45644151702492003,1.499,0.6956825862873218,0.1105138251207234,0.798662856071964,1948.9545454545455,3270.5843719888226,3254.1000000000004,157.41944762377128,122.55869694596383,299.124595821745,0.0,0.045454545454545456,0.10904184977213542,recovered_archive2/162,recovered_archive2/162/CAPorg17.jpg,3
13,53,1024,768,0.24528301886792453,0.19696969696969696,0.7783593635295419,0.12128543816640906,0.8817568766881863,1.7640146295734185,0.9967463116704249,2.226747190812503,0.9665652734690428,0.029975178804819796,0.9835711010294665,0.9596147394532603,0.010073321792170385,0.9679828838260941,1.0705706673811675,0.4137411795306216,1.3751515151515152,0.7501093940879836,0.08000551813689005,0.8001814668174962,1158.8076923076924,431.4636778750255,1617.8,136.6727993456413,35.66060099654316,193.46904755831218,0.0,0.0,0.019155502319335938,recovered_archive2/162,recovered_archive2/162/CAPorg18.jpg,3
16,55,1024,768,0.2909090909090909,0.22535211267605634,0.8335460695224126,0.06319898681370352,0.8841516498066475,1.3047527278843776,0.2504248004435768,1.6606792404630553,0.9739828744698351,0.013484467497421096,0.9831322793676209,0.9583076474759314,0.005931700310824393,0.9657272400027089,1.2511459327368795,0.3037523691487143,1.6459293394777266,0.7915115557957679,0.040735537389519856,0.8357198199527744,1109.21875,499.0628708123231,1470.5,127.71606685074948,30.538041033969364,148.2253967444162,0.0,0.0,0.022567113240559895,recovered_archive2/162,recovered_archive2/162/CAPorg19.jpg,3
16,99,1024,768,0.16161616161616163,0.1391304347826087,0.7240817536637452,0.1337764849334036,0.850332214437318,1.6305847856974547,0.613133934525659,2.151346932921296,0.9386582429773431,0.04754974571231552,0.9707049626907148,0.9450990396653651,0.035316768129768965,0.962965873464759,1.1083959360142521,0.35627141582371025,1.464685420447671,0.6925263717990842,0.07486106771895788,0.7836438923395446,1531.40625,2666.6561353755264,2363.0,143.42622195914097,123.8256373156066,236.04520189781084,0.0,0.0,0.031156539916992188,recovered_archive2/162,recovered_archive2/162/CAPorg2.jpg,3
7,61,1024,768,0.11475409836065574,0.10294117647058823,0.8129398862256855,0.04278192255471248,0.8661946002980191,1.4112662831661988,0.29278992120474523,1.7583570792641448,0.9635269879711404,0.008683117532387857,0.9748317720015832,0.9666752662920441,0.005095083456746235,0.9718409032608492,1.0779124553047024,0.3448459036394845,1.5095238095238095,0.7809269514257317,0.046511277771113635,0.8274976657329598,275.85714285714283,185.1197902297155,529.2,62.02727269414429,21.216098129447246,91.99797974644666,0.0,0.0,0.0024553934733072915,recovered_archive2/162,recovered_archive2/162/CAPorg3.jpg,3
7,60,1024,768,0.11666666666666667,0.1044776119402985,0.8467532464429475,0.0410548810762197,0.8867138700028108,1.2948829963647064,0.3233513236255156,1.6899775379321595,0.9728337095391587,0.007066890419584048,0.9805577805545768,0.9630770552958413,0.003917712999301349,0.9673152023069358,0.8836758151536477,0.1876983107066694,1.066857142857143,0.806927321964103,0.015935135402329405,0.8279701687890274,546.1428571428571,261.45987322364107,845.6000000000001,86.86759426470265,22.21167247501387,110.12346314604058,0.0,0.0,0.004861195882161458,recovered_archive2/162,recovered_archive2/162/CAPorg4.jpg,3
13,57,1024,768,0.22807017543859648,0.18571428571428572,0.8038620176884348,0.08818701245698211,0.8799229306947797,1.3280103630283138,0.2655422372338707,1.810116344368251,0.9594495247518438,0.028301241915620088,0.983250583781087,0.9531927863658883,0.015389138180270573,0.9695640412905949,0.9335648731718,0.1967553267334341,1.1307125307125308,0.755703571339226,0.04410101523481541,0.8046934225195095,2854.1923076923076,4499.590543501886,11090.900000000009,173.72520248926685,150.04201028768244,441.6792206135789,0.0,0.0,0.0471808115641276,recovered_archive2/162,recovered_archive2/162/CAPorg5.jpg,3
26,49,1024,768,0.5306122448979592,0.3466666666666667,0.7737526367034232,0.1323250937071276,0.8865955388299562,1.532839304835851,0.6584762372970462,1.9270369063350015,0.9478068980864336,0.04622348158950199,0.9833237558901275,0.9564276837122191,0.02192339721053026,0.9733444788115407,1.2153868739244889,0.5726430483104028,1.4771634615384617,0.7378933656097504,0.10868806597634198,0.8354913785689715,738.0576923076923,501.40000780359367,1422.0,106.67291313767322,48.9868743524967,164.66042558696063,0.0,0.0,0.024400711059570312,recovered_archive2/162,recovered_archive2/162/CAPorg6.jpg,3
15,40,1024,768,0.375,0.2727272727272727,0.8162408207848711,0.10014175396238413,0.8763931442249755,1.3560063079280675,0.30686789084800825,1.869079754511633,0.9597393535960683,0.03730397993112511,0.9833275112831327,0.957894646113324,0.012390192879675523,0.967687679413447,1.1434108893811576,0.25324804178248034,1.298918918918919,0.7508213652992147,0.09085777469150907,0.8343859649122807,749.3,569.1905012091001,1612.4999999999998,99.97002880002957,41.33694290103737,158.4729147550634,0.0,0.0,0.014291763305664062,recovered_archive2/162,recovered_archive2/162/CAPorg7.jpg,3
27,72,1024,768,0.375,0.2727272727272727,0.7513744124560572,0.11123197022076557,0.8384843138648098,1.7981819048849388,0.6861934448814347,2.298667670528183,0.9596369135042248,0.026791942312957177,0.9767844268204761,0.963203745112613,0.010457976049609212,0.9749413325819314,1.6702997751913864,0.7220594141795389,2.226666666666667,0.7621351241608691,0.07649199090280172,0.8359477124183007,456.68518518518516,374.9489878426463,979.6000000000004,84.09826033721795,37.95955783391102,142.48813844421315,0.0,0.0,0.015679041544596355,recovered_archive2/162,recovered_archive2/162/CAPorg8.jpg,3
7,67,1024,768,0.1044776119402985,0.0945945945945946,0.8416802441650033,0.02911314270482041,0.8763549813221523,1.192773763827459,0.09950240574139517,1.3200780860586268,0.9678494782749818,0.008320688600107894,0.9749345646321625,0.9615889707326517,0.003096775183945675,0.9655628713642394,1.0547368421052632,0.09462650215960437,1.177263157894737,0.7683017027018282,0.036965142088537045,0.8137322329867607,372.5,211.31459282987805,635.3000000000001,71.76781072044051,21.01794879000204,97.1494516090228,0.0,0.0,0.003315607706705729,recovered_archive2/162,recovered_archive2/162/CAPorg9.jpg,3
0,0,1024,768,0.0,0.0,,,,,,,,,,,,,,,,,,,,,,,,,,,0.0,recovered_archive2/164,recovered_archive2/164/CAPorg1.jpg,3
19,34,1024,768,0.5588235294117647,0.3584905660377358,0.832440478676831,0.05411320772296767,0.8698389289536057,1.2945444642474424,0.1345889547663754,1.46316894195888,0.9702772570429333,0.02084382896437163,0.9810832012851641,0.958771643332091,0.0074538216891798575,0.9647570933517612,1.0626037537997155,0.19764464795439565,1.2743589743589743,0.7593102461711498,0.045345409133297425,0.815026525198939,946.6315789473684,1080.928984498559,1105.1999999999998,112.21844756778647,54.883307199246936,128.68225099390855,0.0,0.0,0.022870381673177082,recovered_archive2/164,recovered_archive2/164/CAPorg10.jpg,3
12,39,1024,768,0.3076923076923077,0.23529411764705882,0.8196488161985304,0.06697552861662939,0.8635297929942544,1.3042928098101567,0.15913977530732268,1.468633896434332,0.9667239858086188,0.02185177908466029,0.9795745446044848,0.9641279078414834,0.00935246156782843,0.9731435172387737,1.0948369367229016,0.14817673369585316,1.3315384615384618,0.7620196660237601,0.04955382347712334,0.8287019230769231,575.5,470.6112603129395,1101.2,88.26955262170048,41.914915582353295,130.05971131946694,0.0,0.0,0.00878143310546875,recovered_archive2/164,recovered_archive2/164/CAPorg11.jpg,3
10,31,1024,768,0.3225806451612903,0.24390243902439024,0.7645775905378482,0.13097072170171492,0.861487756905567,1.6669234121324075,0.8386409810059207,2.1476358722826627,0.9522303387065291,0.03683122505966151,0.9788388553813085,0.9585748979641802,0.011600665427018151,0.9674694897526249,1.329949494949495,0.8768645608884112,1.9374999999999993,0.7288130684075488,0.041361229923499,0.7891174416980868,712.35,513.3314255916931,1178.9499999999998,103.98204178980325,49.69550659235206,180.63300858899106,0.0,0.0,0.009057998657226562,recovered_archive2/164,recovered_archive2/164/CAPorg12.jpg,3
21,22,1024,768,0.9545454545454546,0.4883720930232558,0.8116661284546213,0.06470670981383912,0.8651427979070702,1.4615167903684747,0.5725865070158423,1.5575131676948422,0.9704606723022129,0.012258421080955593,0.9804687499999989,0.9651537260869885,0.009498169056246782,0.9771257517201948,0.9085413330690777,0.21443486125276434,1.2,0.762282516806673,0.05387214742261266,0.8243243243243243,887.5,1585.5159442666636,1450.5,100.1713907255106,77.58036099686404,152.61017305526644,0.0,0.0,0.023698806762695312,recovered_archive2/164,recovered_archive2/164/CAPorg13.jpg,3
16,14,1024,768,1.1428571428571428,0.5333333333333333,0.8564772734245187,0.03987822996089499,0.8873093354090658,1.2532617066928784,0.14820829639576386,1.4286948699415616,0.9754043165985509,0.011367765846206699,0.9852628914731779,0.9614922097680725,0.005272611279794755,0.9664245108280717,0.9160578073155283,0.10805888965994336,1.0979166666666667,0.7757179393375513,0.047677852221572524,0.8227127666987193,903.5625,821.721608784721,1675.0,105.13503781598187,43.721050886199215,153.53910524340097,0.0,0.0,0.018383026123046875,recovered_archive2/164,recovered_archive2/164/CAPorg14.jpg,3
14,12,1024,768,1.1666666666666667,0.5384615384615384,0.8652312946787976,0.022835656012693203,0.8937067407377358,1.2328189648873658,0.2075366857074912,1.4232979935230539,0.9770955386953423,0.007283622020547352,0.9829638261390685,0.9600216006985464,0.008781749648144597,0.9688223859937154,0.9152886986736158,0.13097558320482114,1.08,0.7892410602110763,0.030095409619694705,0.8295258620689655,1280.6785714285713,1062.54160602812,2804.1,123.1082817225027,57.9881752528056,202.62337649086288,0.0,0.0,0.022798538208007812,recovered_archive2/164,recovered_archive2/164/CAPorg15.jpg,3
2,30,1024,768,0.06666666666666667,0.0625,0.8663829528076784,0.004957463542263674,0.8703489236414893,1.1968845294183978,0.02444178306080469,1.2164379558670417,0.9738523526535525,0.007943261744461527,0.9802069620491218,0.9616401863347867,0.0003766444096745536,0.9619415018625262,0.9929824561403509,0.05964912280701751,1.040701754385965,0.7950579573934837,0.014465852130325807,0.8066306390977444,678.25,508.25,1084.85,90.3050865276332,40.50609665440987,122.70996385116109,0.0,0.0,0.0017248789469401042,recovered_archive2/164,recovered_archive2/164/CAPorg16.jpg,3
4,42,1024,768,0.09523809523809523,0.08695652173913043,0.7502869969935488,0.16899230720152933,0.8542447095079831,1.7801045587674293,0.8813004238093778,2.736996123311549,0.9622122131385269,0.023542205975357916,0.9793245208597504,0.9571423322477429,0.007444969947912991,0.9648805998643438,1.4386282419687593,0.6814193838351905,2.1641025641025644,0.6907443925477648,0.09021915094229147,0.7443295019157088,739.375,144.7296509876259,903.3000000000001,114.88656197958434,27.38351328392955,145.659711319467,0.0,0.0,0.003760655721028646,recovered_archive2/164,recovered_archive2/164/CAPorg2.jpg,3
9,21,1024,768,0.42857142857142855,0.3,0.7692146229959094,0.07174572266776984,0.8313376840038286,1.5253409856654891,0.32607338161010113,1.948526388049459,0.9669755410839131,0.009857591989184166,0.9756459592725946,0.9597525649113788,0.006720538840572021,0.9650408698274343,0.9963155603757108,0.3134993965602235,1.4573804573804574,0.714521778429429,0.041269703680672704,0.7663712853562478,647.5,452.0163468037166,1421.5,97.34225583642832,35.29808184889136,148.9082394568908,0.0,0.0,0.0074100494384765625,recovered_archive2/164,recovered_archive2/164/CAPorg3.jpg,3
8,13,1024,768,0.6153846153846154,0.38095238095238093,0.7680015303696306,0.08462153953173528,0.8383593825221122,1.5135553498021586,0.31120361289396925,1.9125952913556477,0.962366139792783,0.01841191805911508,0.9793762455161421,0.960201405715974,0.00843427086634619,0.9695094021598454,0.9920984200019376,0.2485002132162533,1.2236842105263157,0.6900739393262248,0.05281243466945047,0.75583104524353,457.375,301.87939955386156,721.0999999999999,83.49442635585338,23.216373332363972,114.77199128346442,0.0,0.0,0.004652659098307292,recovered_archive2/164,recovered_archive2/164/CAPorg4.jpg,3
9,28,1024,768,0.32142857142857145,0.24324324324324326,0.7858188603445928,0.08279429543691047,0.8516119276071685,1.5365886316058157,0.6164618905576047,1.8589874247864495,0.9715498728321609,0.007974253542345232,0.9792617539626686,0.9541169267346837,0.005414207268103018,0.9588943601324662,1.1001077156113181,0.7444935383332448,1.5337066069428895,0.745472184715471,0.03395752268356409,0.7798238993710691,1299.7777777777778,924.6540227179001,2281.6000000000004,138.9683180223068,59.094267351455166,195.4136218438071,0.0,0.0,0.014874776204427084,recovered_archive2/164,recovered_archive2/164/CAPorg5.jpg,3
14,18,1024,768,0.7777777777777778,0.4375,0.7896176855886264,0.06303499373504558,0.8478205391188578,1.4171176984321754,0.2728132045623576,1.6576998436593084,0.9637089029219424,0.018419081931529926,0.9801016260162599,0.9514697129953229,0.012299507974945886,0.9629801452093886,1.1620949275168044,0.2603358983122426,1.485217391304348,0.7183641022279564,0.06698926319204067,0.7808884297520661,2310.8214285714284,3209.9149610851,7693.950000000005,156.99095537252987,113.21412533568059,340.538217665552,0.0,0.0,0.0411370595296224,recovered_archive2/164,recovered_archive2/164/CAPorg6.jpg,3
10,15,1024,768,0.6666666666666666,0.4,0.7564213313084573,0.14247807645036364,0.8787210564969975,1.841394565509112,0.9721465381280548,3.0429638372516004,0.9631938666760982,0.03215696368274031,0.9849626575792957,0.9562958253185186,0.014589758509165574,0.9726041958220245,0.83791844097037,0.3691238417969057,1.4164526568535338,0.7566980524222228,0.09529448951204403,0.8526666666666667,3008.0,3330.77229783124,8762.699999999999,194.08124086713192,108.65875276891266,385.829090630812,0.0,0.0,0.038248697916666664,recovered_archive2/164,recovered_archive2/164/CAPorg7.jpg,3
19,22,1024,768,0.8636363636363636,0.4634146341463415,0.835574097409807,0.04987612214905247,0.869866395457229,1.284827348016152,0.11075950650283746,1.4623388809539513,0.970802025630534,0.018857241700247218,0.9839849084868391,0.9566044188766539,0.01262219336484073,0.9685913645846201,0.8758426984523486,0.16346624011272018,1.0374999999999999,0.7661993478175513,0.04690340551606969,0.8217260442260442,1412.342105263158,1069.0695542907192,2757.7,136.18398639892126,57.86746969668611,201.8719046282867,0.0,0.0,0.03412183125813802,recovered_archive2/164,recovered_archive2/164/CAPorg8.jpg,3
9,31,1024,768,0.2903225806451613,0.225,0.8038683200897704,0.12275283047673291,0.874353549432703,1.5202013695352519,0.8836770426690335,1.8959545937005673,0.9689764954174094,0.014799982329492808,0.9801248059711971,0.9574787287789316,0.00784886553272947,0.9663264606234213,1.1957290609562248,0.9009495593633088,1.5781538461538467,0.7594583905973522,0.03414350342086656,0.7987639246898506,859.1666666666666,429.7092686405025,1315.4,116.4244908775592,41.905001428587255,151.46559876977156,0.0,0.0,0.009832382202148438,recovered_archive2/164,recovered_archive2/164/CAPorg9.jpg,3
3,79,1024,768,0.0379746835443038,0.036585365853658534,0.6960948671871489,0.2048301136601417,0.8634997971274777,1.9774661918904017,1.012395860192855,3.0050067585986038,0.9423753697200906,0.03883591078084345,0.9730281368821293,0.9664572346695729,0.006339873840934033,0.9727238174550012,2.035919540229885,1.0344608075576556,3.086206896551724,0.7298571753727097,0.09577989680669892,0.801,791.6666666666666,690.4836871514216,1495.8000000000002,120.03588257944159,80.28649915276326,201.88225099390857,0.0,0.0,0.0030199686686197915,recovered_archive2/168,recovered_archive2/168/CAPorg1.jpg,3
0,31,1024,768,0.0,0.0,,,,,,,,,,,,,,,,,,,,,,,,,,,0.0,recovered_archive2/168,recovered_archive2/168/CAPorg2.jpg,3
2,52,1024,768,0.038461538461538464,0.037037037037037035,0.5461150518687161,0.32033646867556015,0.8023842268091643,3.7934090796639333,2.5926731428512,5.867547593944893,0.9345200129330503,0.040099276407050466,0.9665994340586906,0.9614445035814296,0.014684164401524757,0.9731918351026494,2.748275862068965,1.6482758620689653,4.066896551724137,0.6276753334562665,0.24505193927100619,0.8237168848730715,2877.5,2781.5,5102.7,299.2670273047588,261.9533188057741,508.82968234937806,0.5,0.0,0.007317860921223958,recovered_archive2/168,recovered_archive2/168/CAPorg3.jpg,3
1,65,1024,768,0.015384615384615385,0.015151515151515152,0.7410291794433269,0.0,0.7410291794433269,1.4883838712492279,0.0,1.4883838712492279,0.9522821576763467,0.0,0.9522821576763467,0.9649715163939974,0.0,0.9649715163939974,1.6923076923076923,0.0,1.6923076923076923,0.8024475524475524,0.0,0.8024475524475524,229.5,0.0,229.5,62.384776310850235,0.0,62.384776310850235,0.0,0.0,0.0002918243408203125,recovered_archive2/168,recovered_archive2/168/CAPorg4.jpg,3
1,73,1024,768,0.0136986301369863,0.013513513513513514,0.8910199763400907,0.0,0.8910199763400907,1.156946724871805,0.0,1.156946724871805,0.9824797843665785,0.0,0.9824797843665785,0.9706105076856503,0.0,0.9706105076856503,1.1,0.0,1.1,0.8284090909090909,0.0,0.8284090909090909,364.5,0.0,364.5,71.69848480983498,0.0,71.69848480983498,0.0,0.0,0.0004634857177734375,recovered_archive2/168,recovered_archive2/168/CAPorg5.jpg,3
0,69,1024,768,0.0,0.0,,,,,,,,,,,,,,,,,,,,,,,,,,,0.0,recovered_archive2/168,recovered_archive2/168/CAPorg6.jpg,3
0,58,1024,768,0.0,0.0,,,,,,,,,,,,,,,,,,,,,,,,,,,0.0,recovered_archive2/168,recovered_archive2/168/CAPorg7.jpg,3
0,51,1024,768,0.0,0.0,,,,,,,,,,,,,,,,,,,,,,,,,,,0.0,recovered_archive2/168,recovered_archive2/168/CAPorg8.jpg,3
0,0,1024,768,0.0,0.0,,,,,,,,,,,,,,,,,,,,,,,,,,,0.0,recovered_archive2/168,recovered_archive2/168/CAPorg9.jpg,3
28,73,1024,768,0.3835616438356164,0.27722772277227725,0.8033750179230588,0.09294072799379688,0.8773220354721692,1.3565515221144009,0.2686102629805978,1.59973878123585,0.9564735990833062,0.04106779955269007,0.9805662645607925,0.9559958820747563,0.01913928523981847,0.9723636798582472,1.0550041349628587,0.21011366930752093,1.3852272727272728,0.7272974485600932,0.08868214895628494,0.8230384615384615,817.4464285714286,688.0759320028064,1894.7500000000005,106.36415422965688,48.112203075371085,191.76479784710017,0.0,0.0,0.029104232788085938,recovered_archive2/175,recovered_archive2/175/CAPorg1.jpg,3
6,45,1024,768,0.13333333333333333,0.11764705882352941,0.802732992113618,0.122296315490213,0.8706062231756684,1.684779827328106,0.9736502527610168,2.6159461577938803,0.9736705361958968,0.01190626650980149,0.9812046685931353,0.9585441865786731,0.005658828000183501,0.9645274436954124,1.3646751343160972,0.8491242099887903,2.250645994832041,0.7859408508102333,0.029316586290505733,0.8199403034173149,1330.3333333333333,633.6713571630714,2038.0,140.73030295300333,33.45465295738522,173.02438661763952,0.0,0.0,0.010149637858072916,recovered_archive2/175,recovered_archive2/175/CAPorg10.jpg,3
9,46,1024,768,0.1956521739130435,0.16363636363636364,0.7771773745641765,0.13519447449980543,0.8681698449068284,1.536970225285037,0.46838372516408244,2.368124753816568,0.967539177059688,0.019146182910389897,0.9823018821843461,0.9579577896516478,0.008605432352250628,0.967146206992693,1.3081712436851463,0.3538583659907729,1.8285714285714287,0.7422296637449498,0.11950435988329788,0.8428826728826728,1037.3333333333333,717.0356801907885,2064.4,122.83543363420752,49.85954221269436,181.0302740679441,0.0,0.0,0.011871337890625,recovered_archive2/175,recovered_archive2/175/CAPorg11.jpg,3
9,41,1024,768,0.21951219512195122,0.18,0.7644281074898347,0.1323609472281783,0.8666994151367404,1.6119002410750407,0.6142058100667459,2.3287101376308783,0.9583700935080177,0.0439259808704215,0.9839806264336928,0.9574939550522937,0.012113945910879048,0.9697214380208345,1.4741934443153955,0.30549930734539893,1.7495238095238097,0.7587397405797114,0.12520456260202584,0.8555925925925927,1472.7777777777778,1076.4093374401743,2467.5000000000005,150.0255089807247,63.96531496214274,226.4777920785913,0.0,0.0,0.016854604085286457,recovered_archive2/175,recovered_archive2/175/CAPorg12.jpg,3
16,90,1024,768,0.17777777777777778,0.1509433962264151,0.7970032364803397,0.11588063674166622,0.872077977836919,1.4891136416935633,0.48366015412584823,2.190404518213563,0.9588999220693435,0.040889751148651565,0.9819636146842032,0.9571696843137004,0.016091066115006856,0.9721070854613487,1.0218069271996582,0.34047685025470076,1.306547619047619,0.7573110790754838,0.06331657824197873,0.8276041666666667,1158.46875,1261.3544737299019,2138.75,125.4409405849024,75.84920171048773,209.38834764831847,0.0,0.0,0.023569107055664062,recovered_archive2/175,recovered_archive2/175/CAPorg2.jpg,3
1,35,1024,768,0.02857142857142857,0.027777777777777776,0.8711244971773825,0.0,0.8711244971773825,1.0838149187344046,0.0,1.0838149187344046,0.976662777129522,0.0,0.976662777129522,0.9640361391200672,0.0,0.9640361391200672,1.1428571428571428,0.0,1.1428571428571428,0.8303571428571429,0.0,0.8303571428571429,418.5,0.0,418.5,77.698484809835,0.0,77.698484809835,0.0,0.0,0.0005321502685546875,recovered_archive2/175,recovered_archive2/175/CAPorg3.jpg,3
2,30,1024,768,0.06666666666666667,0.0625,0.7394904703618534,0.12696164779367408,0.8410597885967926,1.9491294249685926,0.7801107530555564,2.573218027413038,0.9709218504029051,0.0019697158621546085,0.9724976230926289,0.9637096220722267,0.0029194451740039984,0.9660451782114299,1.6708683473389354,0.6232492997198879,2.169467787114846,0.7706876456876457,0.03991841491841491,0.8026223776223775,429.5,55.0,473.5,86.698484809835,13.0,97.098484809835,0.0,0.0,0.0010922749837239583,recovered_archive2/175,recovered_archive2/175/CAPorg4.jpg,3
32,51,1024,768,0.6274509803921569,0.3855421686746988,0.7282927434605673,0.13191899393006903,0.850967799016654,1.7243228687874002,0.7812422821667996,2.4523681036567826,0.942106435474739,0.03946436624295835,0.9775479005299638,0.9573051573891854,0.012062566263325431,0.9664287783841886,1.5697945302771348,0.6572304165449369,2.326666666666667,0.7227351251624334,0.08523443890889071,0.81175,793.578125,904.9014544877163,2259.7500000000014,108.50981460739011,66.69728053501369,217.4587011926903,0.0,0.0,0.03229077657063802,recovered_archive2/175,recovered_archive2/175/CAPorg5.jpg,3
16,61,1024,768,0.26229508196721313,0.2077922077922078,0.7101217246768979,0.14994161984879686,0.8592161020209161,1.9857166765010337,0.9689939801386793,2.4255344259937113,0.9436065456516449,0.048525846974225566,0.9753778516581291,0.9549886719132661,0.019353002216365853,0.9725287600110075,1.607312342328274,0.8684405744161467,2.287202380952381,0.7236912088057685,0.09820241797157735,0.8125874125874126,1152.875,1086.0417737706962,3080.0,135.40064927611036,81.1729130429924,256.27922061357856,0.0,0.0,0.023455301920572918,recovered_archive2/175,recovered_archive2/175/CAPorg6.jpg,3
6,82,1024,768,0.07317073170731707,0.06818181818181818,0.7145565273054068,0.12818424877185486,0.8423544978664091,1.8587453329426955,0.5868001079261784,2.534366323827012,0.9445085453957017,0.0415990016348039,0.9797060775649167,0.9494234825072388,0.02156941004381607,0.9625278334228209,1.7071819088837656,0.7180514368125571,2.5,0.7519967186526476,0.06090652115704408,0.8093839347333136,1223.0833333333333,802.9189673033983,2213.0,137.41372046356807,49.79373719961499,200.92388155425118,0.0,0.0,0.009331385294596354,recovered_archive2/175,recovered_archive2/175/CAPorg7.jpg,3
20,96,1024,768,0.20833333333333334,0.1724137931034483,0.7442297581261615,0.127587729152098,0.8657553647636584,1.6605138942050217,0.5621746948245753,2.138807574767113,0.9406295942118508,0.04943710165757347,0.9763540315455043,0.9526550110805664,0.023621441654034937,0.9738074746247023,1.2890047972141856,0.5495940735876893,1.8936090225563917,0.7454477860744815,0.0706921742469592,0.8279761904761904,811.2,819.6429619047552,2044.15,108.25067093990481,67.50933638982133,208.5643794388896,0.0,0.0,0.0206298828125,recovered_archive2/175,recovered_archive2/175/CAPorg8.jpg,3
3,54,1024,768,0.05555555555555555,0.05263157894736842,0.8341996806417292,0.02814624336123709,0.8603971161676192,1.2533663070691865,0.1227291442527298,1.358496111969253,0.9774070410199837,0.004700155374480112,0.9821870571036393,0.9606637321874268,0.004607514165699422,0.9653270772558701,1.0860832137733143,0.20272077305098743,1.2771879483500719,0.7892056979688181,0.050071489287846604,0.8343888175723863,1199.1666666666667,662.4412342909285,1732.5,126.87818655763532,44.642999825100844,159.7935208311294,0.0,0.0,0.0045744578043619795,recovered_archive2/175,recovered_archive2/175/CAPorg9.jpg,3
0,0,1024,768,0.0,0.0,,,,,,,,,,,,,,,,,,,,,,,,,,,0.0,recovered_archive2/176,recovered_archive2/176/CAPorg1.jpg,3
7,59,1024,768,0.11864406779661017,0.10606060606060606,0.8410793146256426,0.033473322595756694,0.8741581250360624,1.2580782489730828,0.11262458341960713,1.3909297397171563,0.9741572222901863,0.007598168383995134,0.9797532604714388,0.9583169936631639,0.007915473897494711,0.9672256713371876,0.9667693239772984,0.15669467660327108,1.1293127629733521,0.7518845220504922,0.04616856208188334,0.7974298565003213,1428.4285714285713,738.8304671463363,2423.3,141.5475158866932,40.596846529801226,195.00672426672583,0.0,0.0,0.012714385986328125,recovered_archive2/176,recovered_archive2/176/CAPorg10.jpg,3
8,63,1024,768,0.12698412698412698,0.11267605633802817,0.7511795914971652,0.14327517458587943,0.8576246650674977,1.7270551593569794,0.7793185430922788,2.8393127202536843,0.9557042397452018,0.05228009730707856,0.9830399251633114,0.9540812613593943,0.009941758717608239,0.9661767088078984,1.1416161715991964,0.7195888089600565,1.5891327063740852,0.6932315675913416,0.126962618059288,0.7839777081156392,1766.8125,765.0125381938194,2762.85,170.84760992234288,44.57416450548644,210.38388873300119,0.0,0.0,0.017972946166992188,recovered_archive2/176,recovered_archive2/176/CAPorg11.jpg,3
16,65,1024,768,0.24615384615384617,0.19753086419753085,0.8068181326393437,0.08353893931296809,0.8650579224256623,1.3973238519769382,0.36044222054773145,1.5851558741488558,0.965142658555984,0.024037466323613612,0.9822569158126953,0.9536178410204141,0.018764019923829124,0.9682037379336393,1.039126833485182,0.40919278908646967,1.1702279202279202,0.7489378540868032,0.051086641729599,0.8225317732552078,1184.5,841.8626112674206,2177.25,127.98795987733973,53.27320430322265,196.63098833543776,0.0,0.0,0.024098714192708332,recovered_archive2/176,recovered_archive2/176/CAPorg12.jpg,3
7,53,1024,768,0.1320754716981132,0.11666666666666667,0.8210531850863197,0.06942559743317563,0.8782794526703152,1.34815861988916,0.411928101076945,1.72706972400885,0.9757698360970245,0.006886432158383501,0.9848058062776345,0.960714314616611,0.005208757558335493,0.9663362854445972,1.1472162275395525,0.4355682171307778,1.5170549860205036,0.772089063352242,0.04115519857281365,0.825890092879257,1243.0,799.9012885528886,2197.2,130.45019576281717,54.728481139368796,192.19007204258875,0.0,0.0,0.011063893636067709,recovered_archive2/176,recovered_archive2/176/CAPorg13.jpg,3
3,59,1024,768,0.05084745762711865,0.04838709677419355,0.80074330874186,0.017447597561744087,0.8181206466201817,1.4579074021572216,0.19801899822917773,1.6206031108753118,0.9663986229652733,0.015699672749715142,0.9788212443401818,0.9577696592539843,0.006428541251475543,0.9623642044031389,1.0372688655672164,0.3444851094813069,1.3877061469265366,0.7052661169415293,0.0378698837006595,0.7434182908545727,1002.1666666666666,194.80945105980413,1198.4,124.85856172328675,12.449415362042332,137.51067811865477,0.0,0.0,0.003822962443033854,recovered_archive2/176,recovered_archive2/176/CAPorg14.jpg,3
12,93,1024,768,0.12903225806451613,0.11428571428571428,0.8117150425921823,0.04046145443302899,0.8622982576524643,1.371217942851014,0.18078787982170993,1.649620148090558,0.9689786506954959,0.014196266484279716,0.9790293550772938,0.9578070296657719,0.012863555091368332,0.9674917435074398,1.0911955795722001,0.28068100750544484,1.4411764705882353,0.7424160438765068,0.05562102410432154,0.7874509803921569,1497.6666666666667,1705.8235099863707,3565.6500000000005,132.0419792338515,79.11974458187062,234.75546160825502,0.0,0.0,0.022852579752604168,recovered_archive2/176,recovered_archive2/176/CAPorg15.jpg,3
1,68,1024,768,0.014705882352941176,0.014492753623188406,0.6717971324143595,0.0,0.6717971324143595,1.9039807414618632,0.0,1.9039807414618632,0.9609120521172642,0.0,0.9609120521172642,0.9661954210096946,0.0,0.9661954210096946,1.6875,0.0,1.6875,0.6828703703703703,0.0,0.6828703703703703,295.0,0.0,295.0,74.2842712474619,0.0,74.2842712474619,0.0,0.0,0.0003751118977864583,recovered_archive2/176,recovered_archive2/176/CAPorg2.jpg,3
3,99,1024,768,0.030303030303030304,0.029411764705882353,0.7607634756638578,0.07484706938779945,0.8243457027866714,1.5655102734846984,0.250046802730545,1.8202845050152305,0.956896675883966,0.005126922187123171,0.961775348755958,0.9585938637467807,0.0030312620074605372,0.9616121489333075,1.3625356125356127,0.26020654403079185,1.6277777777777778,0.7102553803054358,0.05943646052740145,0.770866489832007,341.5,154.28761021762787,487.5,73.46972097616325,19.38329613600899,89.20630585851518,0.0,0.0,0.0013027191162109375,recovered_archive2/176,recovered_archive2/176/CAPorg3.jpg,3
9,101,1024,768,0.0891089108910891,0.08181818181818182,0.7505263320753931,0.14765760635201122,0.8768701656595858,1.691898466392331,0.6561708237110945,2.6962270909004546,0.9474195859543116,0.04297736102710706,0.9788663248289516,0.9619124555489508,0.005471675329618285,0.9668005597355646,1.4265964240102171,0.6689099844945151,2.5,0.7342402465171672,0.08659616966951052,0.7835907567049808,312.8333333333333,155.27591928921595,501.90000000000003,71.03181814316834,17.201543229915078,94.66072144624363,0.0,0.0,0.0035800933837890625,recovered_archive2/176,recovered_archive2/176/CAPorg4.jpg,3
10,51,1024,768,0.19607843137254902,0.16393442622950818,0.8086546693778847,0.031138782828698662,0.8431522100899392,1.3983588774906106,0.15608062401808892,1.5567016671556007,0.9675486482417014,0.017153861567613515,0.9805496851098293,0.9524397625167605,0.00932514448122113,0.9635267238861578,0.8741928529368016,0.1441436525320803,1.038083538083538,0.7177787617885094,0.04860159865817977,0.7999534739454095,1499.3,697.4463491911044,2145.2499999999995,148.9332177930964,35.40140954064495,185.12632021601516,0.0,0.0,0.019064585367838543,recovered_archive2/176,recovered_archive2/176/CAPorg5.jpg,3
0,120,1024,768,0.0,0.0,,,,,,,,,,,,,,,,,,,,,,,,,,,0.0,recovered_archive2/176,recovered_archive2/176/CAPorg6.jpg,3
3,120,1024,768,0.025,0.024390243902439025,0.8410547641776404,0.024919811996109986,0.8587151724969379,1.20233905883316,0.038684348289410156,1.2374579925325346,0.9713497421921017,0.004626227898122053,0.9760278355463128,0.9602129110053178,0.004217846970934912,0.9643742651473898,0.9799382716049383,0.12742466267495692,1.1,0.7807793718663715,0.025852032886458348,0.8069023569023569,541.0,75.35361084026874,616.7,89.71236166328254,6.206956651298147,95.50924958366747,0.0,0.0,0.002063751220703125,recovered_archive2/176,recovered_archive2/176/CAPorg7.jpg,3
2,27,1024,768,0.07407407407407407,0.06896551724137931,0.6226253448896281,0.2100766153786927,0.7906866371925823,2.573895718508256,1.1721708586192758,3.5116324054036765,0.9104406646688915,0.06611311277807552,0.9633311548913519,0.9559683338114832,0.0006681625673827796,0.9565028638653894,2.4915057915057917,1.194208494208494,3.446872586872587,0.6982176528688157,0.04052108586992309,0.7306345215647542,2140.75,828.75,2803.75,220.7314933988261,80.02081528017133,284.7481456229632,0.0,0.0,0.0054442087809244795,recovered_archive2/176,recovered_archive2/176/CAPorg8.jpg,3
1,75,1024,768,0.013333333333333334,0.013157894736842105,0.7685800187890973,0.0,0.7685800187890973,1.8208643855766982,0.0,1.8208643855766982,0.9767649687220751,0.0,0.9767649687220751,0.9702508704242704,0.0,0.9702508704242704,0.6363636363636364,0.0,0.6363636363636364,0.7886002886002886,0.0,0.7886002886002886,546.5,0.0,546.5,94.52691193458118,0.0,94.52691193458118,0.0,0.0,0.0006949106852213541,recovered_archive2/176,recovered_archive2/176/CAPorg9.jpg,3
17,35,1024,768,0.4857142857142857,0.3269230769230769,0.7795271633228471,0.1353738396093745,0.8863103980693392,1.5918193810107026,0.6466183708980441,2.56097794168937,0.9666530001287761,0.032736087691116106,0.9866342077522203,0.953949676564542,0.01390939559215541,0.9641070467206267,1.3251543569421098,0.5307717323787026,2.2091036414565823,0.7317037283078222,0.10536960000212052,0.8146089967518538,2778.4117647058824,2253.060978230793,5695.000000000001,203.49754677066284,106.23022925317377,352.4820776835532,0.0,0.0,0.06005986531575521,recovered_archive2/179,recovered_archive2/179/CAPorg1.jpg,3
24,47,1024,768,0.5106382978723404,0.3380281690140845,0.8253230818722219,0.0815548409831089,0.8791417140354053,1.3221421059921716,0.35322255081295484,1.441615082919592,0.9660234689437784,0.020528721015169372,0.9825941335458138,0.9575763754920387,0.010506259527544417,0.9684627420200635,1.2090477274678797,0.37054505549976835,1.2602941176470588,0.7661337047516973,0.04729392063027699,0.8077349121466769,831.8541666666666,552.9712447158884,1316.1499999999999,106.83744883165976,42.21096230640884,154.21362184380703,0.0,0.0,0.02538617451985677,recovered_archive2/179,recovered_archive2/179/CAPorg2.jpg,3
16,30,1024,768,0.5333333333333333,0.34782608695652173,0.8084020462555978,0.06387602001869987,0.8589998271540054,1.3847608141956207,0.2100666717589797,1.6629069581464742,0.9640706978444828,0.021611057083983615,0.9771146380222477,0.959345629526912,0.013024129602676337,0.9720444688928012,1.2427580364465782,0.2459778046070765,1.4604989604989604,0.7617269623510724,0.06756001251957273,0.8215285204991087,588.5625,312.52844245564273,1015.75,93.01219330881976,28.891585294165793,133.68986283848346,0.0,0.0,0.011974334716796875,recovered_archive2/179,recovered_archive2/179/CAPorg3.jpg,3
27,50,1024,768,0.54,0.35064935064935066,0.824543429150897,0.08300252408336649,0.8817905120897168,1.337114531145229,0.29737064396638113,1.714221259973659,0.9689064611227152,0.025910648145947728,0.983268398268399,0.9564607626602499,0.013201109290674124,0.9672966260995199,1.2625510278288818,0.35604522591511645,1.4065390749601276,0.7610457900181343,0.054754034452079506,0.811430584918957,1420.5555555555557,982.4477587970935,3004.7000000000003,141.37862211441055,59.90979290559729,228.44246737676386,0.0,0.0,0.048770904541015625,recovered_archive2/179,recovered_archive2/179/CAPorg4.jpg,3
0,0,1024,768,0.0,0.0,,,,,,,,,,,,,,,,,,,,,,,,,,,0.0,recovered_archive2/189,recovered_archive2/189/CAPorg1.jpg,3
2,62,1024,768,0.03225806451612903,0.03125,0.7947730259939849,0.04611123295151409,0.8316620123551962,1.6506621426559953,0.4566324883593118,2.0159681333434447,0.9769782512780862,0.008279733979899617,0.983602038462006,0.9669793268563971,0.00688701410328646,0.9724889381390263,1.3645510835913313,0.3119195046439629,1.6140866873065016,0.8006707946336429,0.026986584107327183,0.8222600619195047,949.0,655.0,1473.0,115.18376618407356,48.89949493661166,154.3033621333629,0.0,0.0,0.0024134318033854165,recovered_archive2/189,recovered_archive2/189/CAPorg2.jpg,3
3,117,1024,768,0.02564102564102564,0.025,0.8652934053199637,0.0051951429750162524,0.8704276681241945,1.301019508514096,0.1642232682190305,1.4641268457076633,0.9732431424856861,0.003125333555390041,0.9763982817490912,0.969520022832898,0.010675591147475275,0.9804042380585593,1.0363008971704624,0.18013654506244497,1.2198757763975157,0.8023097675271588,0.012605372571872065,0.8121611721611721,360.6666666666667,239.39135786870466,586.6,66.2842712474619,28.70106328397599,91.66660889654818,0.0,0.0,0.0013758341471354167,recovered_archive2/189,recovered_archive2/189/CAPorg3.jpg,3
0,84,1024,768,0.0,0.0,,,,,,,,,,,,,,,,,,,,,,,,,,,0.0,recovered_archive2/189,recovered_archive2/189/CAPorg4.jpg,3
1,46,1024,768,0.021739130434782608,0.02127659574468085,0.8012852323466125,0.0,0.8012852323466125,1.463737919814696,0.0,1.463737919814696,0.9483568075117357,0.0,0.9483568075117357,0.9612507662040851,0.0,0.9612507662040851,0.8461538461538461,0.0,0.8461538461538461,0.7062937062937062,0.0,0.7062937062937062,101.0,0.0,101.0,39.79898987322333,0.0,39.79898987322333,0.0,0.0,0.00012842814127604166,recovered_archive2/189,recovered_archive2/189/CAPorg5.jpg,3
1,51,1024,768,0.0196078431372549,0.019230769230769232,0.8717355933740345,0.0,0.8717355933740345,1.3561703830920275,0.0,1.3561703830920275,0.9776119402985058,0.0,0.9776119402985058,0.9826074554096842,0.0,0.9826074554096842,1.25,0.0,1.25,0.81875,0.0,0.81875,65.5,0.0,65.5,30.727922061357855,0.0,30.727922061357855,0.0,0.0,8.328755696614583e-05,recovered_archive2/189,recovered_archive2/189/CAPorg6.jpg,3
0,42,1024,768,0.0,0.0,,,,,,,,,,,,,,,,,,,,,,,,,,,0.0,recovered_archive2/189,recovered_archive2/189/CAPorg7.jpg,3
5,51,1024,768,0.09803921568627451,0.08928571428571429,0.8286595960412922,0.08335902833341603,0.8814975030267646,1.3896758838533478,0.18202856082794372,1.5881390308036338,0.9677328677473735,0.01752085984263361,0.9807924070190931,0.9608298115147503,0.0075101315553008415,0.9683123530761452,0.841,0.1414826908160642,0.9980000000000001,0.7619591252436647,0.08349207516083011,0.8197962962962962,482.7,163.25795539574784,649.3,84.7494516090228,16.836509489470654,102.51168824543142,0.0,0.0,0.0030689239501953125,recovered_archive2/189,recovered_archive2/189/CAPorg8.jpg,3
9,62,1024,768,0.14516129032258066,0.1267605633802817,0.7675308658262654,0.14127427749172008,0.8721261280440726,1.4381262238618002,0.378012338917843,1.7366840441807887,0.9444135874987172,0.06190787108777215,0.984129767327333,0.9480044387901402,0.020729752877636565,0.9658184234073341,1.0998237434407647,0.25516602458163806,1.410909090909091,0.6957775744760882,0.10952828145654575,0.789389636732436,1860.1666666666667,1827.2405576594326,5123.0,167.18479226362797,104.54154261163346,317.66054813588823,0.0,0.1111111111111111,0.021287918090820312,recovered_archive2/191,recovered_archive2/191/CAPorg1.jpg,3
3,54,1024,768,0.05555555555555555,0.05263157894736842,0.8597610910600014,0.018498853046767242,0.8783717918141344,1.2022827272566972,0.10955847177328633,1.2946943120735939,0.9762136376180411,0.008846009989334718,0.9838503672045775,0.9741706511704468,0.0052864331623203266,0.9795568650645886,1.0761460761460762,0.21031044305721167,1.282051282051282,0.8373563473563473,0.04138136815492873,0.8791097791097792,161.5,65.53243471747406,225.4,47.44196726926817,10.107265016201318,57.193102422918756,0.0,0.0,0.0006160736083984375,recovered_archive2/191,recovered_archive2/191/CAPorg2.jpg,3
0,69,1024,768,0.0,0.0,,,,,,,,,,,,,,,,,,,,,,,,,,,0.0,recovered_archive2/191,recovered_archive2/191/CAPorg3.jpg,3
2,52,1024,768,0.038461538461538464,0.037037037037037035,0.8102609992253275,0.04499692870613692,0.846258542190237,1.6388417472674286,0.3620903206896027,1.9285140038191106,0.9568233878373951,0.014200437017722944,0.9681837374515734,0.9618048570441902,0.008927462345615755,0.9689468269206827,1.319047619047619,0.2523809523809524,1.5209523809523808,0.7660849567099567,0.019331709956709964,0.7815503246753247,405.75,348.25,684.35,67.99137802864844,37.26345596729059,97.80214280248092,0.0,0.0,0.0010318756103515625,recovered_archive2/191,recovered_archive2/191/CAPorg4.jpg,3
5,69,1024,768,0.07246376811594203,0.06756756756756757,0.7999439590681406,0.0686881937476032,0.865831299497261,1.349880012132488,0.18055625793489913,1.5487161791753288,0.9686457682800619,0.01861923934271052,0.9865316123270672,0.9561913756382934,0.012337873981786427,0.9684795996408726,1.2183626808626808,0.08169717932979488,1.3020202020202019,0.7286184630211547,0.08786860741745119,0.822114258527302,2285.6,2240.7045186726427,4718.3,172.4528137423857,87.7857798374491,269.15516574897197,0.0,0.0,0.014531453450520834,recovered_archive2/191,recovered_archive2/191/CAPorg5.jpg,3
17,55,1024,768,0.3090909090909091,0.2361111111111111,0.8335129841300051,0.044061644848639774,0.877500157384787,1.2739821254293102,0.13241782848737663,1.4335176042157063,0.96961746638278,0.018303833015433275,0.9822877335743883,0.9567877479406697,0.007888339240351335,0.9631940375204178,1.152413611322547,0.17456342349966555,1.4248366013071896,0.750457685610359,0.03585316065245657,0.7884848484848485,936.1764705882352,496.0284011430036,1506.1000000000001,114.9131227523514,30.867812187344484,148.66214998123093,0.0,0.0,0.020236968994140625,recovered_archive2/191,recovered_archive2/191/CAPorg6.jpg,3
3,54,1024,768,0.05555555555555555,0.05263157894736842,0.8414932407003071,0.03592401717288942,0.873809082446668,1.2038039613682638,0.12564724343501754,1.301181836611218,0.977643694580161,0.002644476108986025,0.980280779115845,0.955684963280382,0.0029997991904027197,0.9587261427463295,1.1108438659372446,0.0839320313530536,1.1964346349745332,0.7470091887821401,0.009574574136342813,0.7547896368354773,1011.5,103.52857898506414,1114.7,122.92556509887896,8.489135180599689,131.5827560572969,0.0,0.0,0.0038585662841796875,recovered_archive2/191,recovered_archive2/191/CAPorg7.jpg,3
0,0,1024,768,0.0,0.0,,,,,,,,,,,,,,,,,,,,,,,,,,,0.0,recovered_archive2/191,recovered_archive2/191/CAPorg8.jpg,3
10,31,1024,768,0.3225806451612903,0.24390243902439024,0.7415088425401082,0.13212741062965805,0.8536851398516676,1.7400239723829227,0.6182503620157808,2.75298028358663,0.9514257788685413,0.0451191058625431,0.9804981628862641,0.9465733389569364,0.04320187716584944,0.9714413182136384,1.3757492278520604,0.6619915389751443,2.515,0.7480356498049764,0.05091744696037173,0.8018700396825397,1020.75,975.7176141179373,1680.0999999999992,125.23889603929562,69.82524384987391,162.29057710597704,0.0,0.0,0.012979507446289062,recovered_archive2/197,recovered_archive2/197/CAPorg1.jpg,3
5,41,1024,768,0.12195121951219512,0.10869565217391304,0.7422071416482356,0.09212353582239503,0.8279631482312592,1.668546854573662,0.3625677010531663,2.0993328135046947,0.9534341238190185,0.03067905121210252,0.9726142054664572,0.9525184869783467,0.011617290988168568,0.9631122543879924,0.8965820395143705,0.0696967192251507,0.9757894736842105,0.6443142289988885,0.08889799903666662,0.7325917909251243,1898.6,1461.68414508744,3728.5,170.24692629208113,80.70744056602075,271.675771825038,0.0,0.0,0.012070973714192709,recovered_archive2/197,recovered_archive2/197/CAPorg2.jpg,3
4,27,1024,768,0.14814814814814814,0.12903225806451613,0.7331341696310769,0.10508199231945572,0.8471677003245149,1.7796318396758473,0.5884165795724813,2.41883711725663,0.9513127599645448,0.04007180077735498,0.9779546713653163,0.9670577211797369,0.013509534587398451,0.9819406336852101,0.8876201923076923,0.3488036888895403,1.2468750000000002,0.735735184953935,0.10751523653165296,0.8280922202797203,582.875,290.3957160066243,879.5500000000001,98.83021279348029,33.66517612388299,132.28498551495554,0.0,0.0,0.002964655558268229,recovered_archive2/197,recovered_archive2/197/CAPorg3.jpg,3
4,27,1024,768,0.14814814814814814,0.12903225806451613,0.7909313320153766,0.11626483574139221,0.8819223606112598,1.650147027325714,0.7600246922660922,2.4929792991318127,0.9727283435731203,0.008975666692759739,0.9807165492276289,0.9670627862795669,0.008246062409219518,0.9746864651258321,1.024780551755586,0.08901255048269384,1.1147286821705427,0.7374932366212712,0.08848536972293093,0.8171897863623062,1377.0,1448.6410873642926,3020.0000000000005,128.82590180780454,73.07576468957963,211.70966799187812,0.0,0.0,0.0070037841796875,recovered_archive2/197,recovered_archive2/197/CAPorg4.jpg,3
7,18,1024,768,0.3888888888888889,0.28,0.823453513768728,0.05875172766805034,0.8727445911494028,1.5509807853211566,0.3300605696525223,1.9704034389444223,0.97528160904822,0.012848868039348725,0.9840226757369611,0.9689734157103079,0.012806560491048736,0.9834115409134474,1.0524745182353876,0.36324424113363907,1.4875000000000003,0.7912956879460873,0.05819558471694811,0.8663311688311688,759.5,1080.4540381577685,2028.5000000000007,87.47368579143397,62.56210444970444,174.06803743153552,0.0,0.0,0.0067602793375651045,recovered_archive2/197,recovered_archive2/197/CAPorg5.jpg,3
10,14,1024,768,0.7142857142857143,0.4166666666666667,0.7474706155275497,0.0933705115616291,0.8460502931617794,1.5689796828942875,0.42495853544502304,2.2879631609258015,0.9468019260195314,0.023623232543628615,0.967738289823939,0.9533250548286969,0.014148499372949035,0.9659937846608494,1.1554998739906122,0.3715600007989117,1.4409482758620686,0.6907871684537553,0.08031956765229376,0.7703571428571429,1763.5,2602.418404100309,5250.899999999999,136.57098115668774,116.15471713304302,318.9998266896445,0.0,0.0,0.022424062093098957,recovered_archive2/197,recovered_archive2/197/CAPorg6.jpg,3
6,29,1024,768,0.20689655172413793,0.17142857142857143,0.8114035154126503,0.1325682756273156,0.8792757965889539,1.345412571106145,0.34720961664025324,1.731639780595653,0.9652621671032274,0.02720176014637266,0.9840152748826236,0.9538177965366366,0.03171052245554248,0.9760125218436272,1.0823501608322212,0.23532437876104798,1.3686191099476441,0.7920864175147729,0.05792035595088895,0.8490297434763379,7540.916666666667,14415.927072791937,22192.0,244.93656796187597,338.4001575411996,623.6761902332486,0.0,0.0,0.05753262837727865,recovered_archive2/197,recovered_archive2/197/CAPorg7.jpg,3
13,11,1024,768,1.1818181818181819,0.5416666666666666,0.7462800274001388,0.13430924406714698,0.8700955321350733,1.5755736917307497,0.5635473513856236,2.0219310530554413,0.9434950897540451,0.04925030877998564,0.9811550387505871,0.9444254060269089,0.030339160824026132,0.9750786144849861,1.0910770529109828,0.40426969561159565,1.5070175438596491,0.720911004826953,0.08996455400811317,0.8045634920634921,3434.1923076923076,2451.8937778038294,6769.800000000001,224.81338092817742,120.78912534102005,377.73405460951767,0.0,0.0,0.05676841735839844,recovered_archive2/197,recovered_archive2/197/CAPorg8.jpg,3
3,71,1024,768,0.04225352112676056,0.04054054054054054,0.7915077940517053,0.09310332988108168,0.8692929054237709,1.7242376204827778,0.6867699206044479,2.4181959833205497,0.9782727073586192,0.005574370144061468,0.9838665800524368,0.9608312263401365,0.0031571078309702186,0.9639844765812013,0.9687436676798379,0.31523059812473314,1.225531914893617,0.7817582956156821,0.019130443193570032,0.7997533247533247,6919.833333333333,8061.488958140564,15013.5,282.2670273047588,218.94170482680235,504.1963779011039,0.0,0.0,0.026397069295247395,recovered_archive2/199,recovered_archive2/199/CAPorg1.jpg,3
3,79,1024,768,0.0379746835443038,0.036585365853658534,0.7760361645030347,0.054683720405436946,0.8297909743541252,1.4835452893928618,0.13184379043961852,1.6160685648459017,0.9562779117295247,0.014897311617138153,0.9713516463471598,0.95672043437775,0.0027686052050869916,0.9593614116353858,0.9259851614909591,0.2893566731257142,1.2178861788617885,0.7313036287021291,0.051649596412252405,0.7830853833581775,1128.5,552.8096417393604,1687.2,130.64942272396357,32.2458777573798,163.33321779309642,0.0,0.0,0.0043048858642578125,recovered_archive2/199,recovered_archive2/199/CAPorg2.jpg,3
1,67,1024,768,0.014925373134328358,0.014705882352941176,0.8417765380380943,0.0,0.8417765380380943,1.2729731180431554,0.0,1.2729731180431554,0.9709401709401709,0.0,0.9709401709401709,0.9603457714961148,0.0,0.9603457714961148,0.95,0.0,0.95,0.7473684210526316,0.0,0.7473684210526316,284.0,0.0,284.0,65.11269837220809,0.0,65.11269837220809,0.0,0.0,0.0003611246744791667,recovered_archive2/199,recovered_archive2/199/CAPorg3.jpg,3
2,33,1024,768,0.06060606060606061,0.05714285714285714,0.8239057596240548,0.05332975496354897,0.8665695635948939,1.2721346121486072,0.22253672648469214,1.450163993336361,0.973811381638668,0.005745688208009858,0.9784079322050759,0.9604470557383324,0.0005829334425012656,0.9609134024923335,1.3246753246753247,0.2943722943722944,1.56017316017316,0.7558568882098293,0.012859689330277535,0.7661446396740514,696.5,166.0,829.3,102.08326112068522,9.071067811865483,109.34011537017761,0.0,0.0,0.0017712910970052083,recovered_archive2/199,recovered_archive2/199/CAPorg4.jpg,3
1,9,1024,768,0.1111111111111111,0.1,0.8579677934294674,0.0,0.8579677934294674,1.3108641418982139,0.0,1.3108641418982139,0.9797160243407712,0.0,0.9797160243407712,0.9681099510850657,0.0,0.9681099510850657,1.3076923076923077,0.0,1.3076923076923077,0.8195701357466063,0.0,0.8195701357466063,724.5,0.0,724.5,103.01219330881975,0.0,103.01219330881975,0.0,0.0,0.0009212493896484375,recovered_archive2/199,recovered_archive2/199/CAPorg5.jpg,3
0,31,1024,768,0.0,0.0,,,,,,,,,,,,,,,,,,,,,,,,,,,0.0,recovered_archive2/199,recovered_archive2/199/CAPorg6.jpg,3
2,29,1024,768,0.06896551724137931,0.06451612903225806,0.8342716850555199,0.03486928302718634,0.862167111477269,1.3009943064324823,0.12306037041407591,1.399442602763743,0.9811775786901799,0.0012977772791518127,0.9822158005135013,0.960824674485653,0.008027930908400871,0.9672470192123737,1.0191666666666668,0.06083333333333335,1.0678333333333334,0.7534722222222222,0.05902777777777779,0.8006944444444445,1161.75,713.25,1732.35,126.10407640085654,45.577164466275356,162.56580797387682,0.0,0.0,0.0029544830322265625,recovered_archive2/199,recovered_archive2/199/CAPorg7.jpg,3
0,0,1024,768,0.0,0.0,,,,,,,,,,,,,,,,,,,,,,,,,,,0.0,recovered_archive2/199,recovered_archive2/199/CAPorg8.jpg,3
0,11,1024,768,0.0,0.0,,,,,,,,,,,,,,,,,,,,,,,,,,,0.0,recovered_archive2/199,recovered_archive2/199/CAPorg9.jpg,3
7,81,1024,768,0.08641975308641975,0.07954545454545454,0.7537768834226359,0.10775518709618832,0.8573537293665807,1.52519352588875,0.4320386723761704,2.181066807864111,0.9593480984056895,0.0171692242202869,0.9796536596628951,0.9642954386257798,0.008958058762198923,0.9753662673641676,1.4539531781091883,0.45784668753186003,2.144565217391304,0.7409062192830917,0.0753309280237509,0.8299037433155081,363.35714285714283,187.44403246335278,551.3000000000001,75.9351782740482,24.674596440471294,101.14945160902282,0.0,0.0,0.003234227498372396,recovered_archive3/206,recovered_archive3/206/CAPorg1.jpg,3
0,108,1024,768,0.0,0.0,,,,,,,,,,,,,,,,,,,,,,,,,,,0.0,recovered_archive3/206,recovered_archive3/206/CAPorg2.jpg,3
0,80,1024,768,0.0,0.0,,,,,,,,,,,,,,,,,,,,,,,,,,,0.0,recovered_archive3/206,recovered_archive3/206/CAPorg3.jpg,3
2,40,1024,768,0.05,0.047619047619047616,0.8630941112955115,0.05904308046730483,0.9103285756693554,1.3581093720746682,0.07338442176321802,1.4168169094852425,0.9817961165048543,0.0182038834951454,0.9963592233009706,0.9781711918147031,0.021828808185296866,0.9956342383629406,1.3479532163742691,0.1257309941520467,1.4485380116959063,0.8200899977215766,0.07384939621781728,0.8791695146958305,242.75,154.25,366.15,56.74873734152916,22.0208152801713,74.36538956566619,0.0,0.0,0.0006173451741536459,recovered_archive3/206,recovered_archive3/206/CAPorg4.jpg,3
2,73,1024,768,0.0273972602739726,0.02666666666666667,0.8663248432646855,0.027695347615451837,0.888481121357047,1.1774019711136074,0.05346218946745218,1.220171722687569,0.9768182631592403,0.008492471304035965,0.9836122402024691,0.9687188598555445,0.004364084716958205,0.9722101276291111,1.1227272727272726,0.07727272727272727,1.1845454545454546,0.827126335821988,0.0345337432293954,0.8547533304055044,325.0,111.0,413.8,67.4558441227157,10.828427124746185,76.11858582251266,0.0,0.0,0.0008265177408854166,recovered_archive3/206,recovered_archive3/206/CAPorg5.jpg,3
1,42,1024,768,0.023809523809523808,0.023255813953488372,0.8854470725696604,0.0,0.8854470725696604,1.0411458802066775,0.0,1.0411458802066775,0.9775028121484812,0.0,0.9775028121484812,0.9664404074529169,0.0,0.9664404074529169,1.0909090909090908,0.0,1.0909090909090908,0.8229166666666666,0.0,0.8229166666666666,434.5,0.0,434.5,78.5269119345812,0.0,78.5269119345812,0.0,0.0,0.0005524953206380209,recovered_archive3/206,recovered_archive3/206/CAPorg6.jpg,3
2,58,1024,768,0.034482758620689655,0.03333333333333333,0.871874231527921,0.010000569366498846,0.87987468702112,1.250715685501591,0.041367235027026994,1.2838094735232126,0.9796178931477697,0.0017222255969289724,0.9809956736253129,0.9611395999657562,0.0008604724006207598,0.9618279778862527,1.2450980392156863,0.07843137254901955,1.307843137254902,0.7895629084967319,0.03335375816993463,0.8162459150326797,855.0,302.0,1096.6,109.32590180780451,20.55634918610405,125.77098115668777,0.0,0.0,0.00217437744140625,recovered_archive3/206,recovered_archive3/206/CAPorg7.jpg,3
1,33,1024,768,0.030303030303030304,0.029411764705882353,0.5316341549963136,0.0,0.5316341549963136,2.5412183665004378,0.0,2.5412183665004378,0.8918767779425711,0.0,0.8918767779425711,0.9103550307823991,0.0,0.9103550307823991,0.5516129032258065,0.0,0.5516129032258065,0.6919826447840031,0.0,0.6919826447840031,36682.0,0.0,36682.0,931.1614716074871,0.0,931.1614716074871,0.0,0.0,0.046643575032552086,recovered_archive3/206,recovered_archive3/206/CAPorg8.jpg,3
1,37,1024,768,0.02702702702702703,0.02631578947368421,0.8775373376721267,0.0,0.8775373376721267,1.2120888148116746,0.0,1.2120888148116746,0.9779179810725553,0.0,0.9779179810725553,0.9717905398921837,0.0,0.9717905398921837,0.9,0.0,0.9,0.8611111111111112,0.0,0.8611111111111112,310.0,0.0,310.0,66.62741699796952,0.0,66.62741699796952,0.0,0.0,0.0003941853841145833,recovered_archive3/206,recovered_archive3/206/CAPorg9.jpg,3
0,0,1024,768,0.0,0.0,,,,,,,,,,,,,,,,,,,,,,,,,,,0.0,recovered_archive3/209,recovered_archive3/209/CAPorg1.jpg,3
21,32,1024,768,0.65625,0.39622641509433965,0.8139355620183243,0.07053166380516616,0.8767919322843016,1.327536456124509,0.1604031331257077,1.5761634061875007,0.9638768487122307,0.02510021014863832,0.9813391877058173,0.9593494304457053,0.018347168680467013,0.9768099405462455,1.1248569840535734,0.18354976065157524,1.3142857142857143,0.7454855445907789,0.08042216693438092,0.8261904761904761,889.7380952380952,686.1136345395956,1408.0,109.55046031983015,48.82143558153624,154.16652224137047,0.0,0.0,0.023758570353190105,recovered_archive3/209,recovered_archive3/209/CAPorg2.jpg,3
13,13,1024,768,1.0,0.5,0.8248963033694838,0.08359847982364227,0.8839227174322055,1.243417708629733,0.14409105109319303,1.4114365738171601,0.9615858935063256,0.03833592200591184,0.9846466796486578,0.9514858975290866,0.013948474243636653,0.9620187776423232,1.0148942767904126,0.1623809054222824,1.1275641025641026,0.7383604801510958,0.06044114815419395,0.8060668593678606,1630.2692307692307,1035.7302443461108,2721.1,149.53590289260538,62.39504824352614,212.36896090313448,0.0,0.0,0.026948928833007812,recovered_archive3/209,recovered_archive3/209/CAPorg3.jpg,3
11,22,1024,768,0.5,0.3333333333333333,0.7759080838689023,0.10482888750615842,0.8701481612255094,1.4576735581559364,0.5574691565596187,1.987547753682998,0.9525348080827598,0.03260725931564376,0.9751066856330011,0.9496425381618816,0.02721531300599217,0.9644184010592561,1.2416070148109686,0.5504819329557037,1.3934426229508197,0.7332286020295924,0.056727995229799724,0.7847222222222222,1091.6363636363637,1170.5193697847644,3368.0,117.99189288124131,74.68665606464275,241.6223663640862,0.0,0.0,0.015268961588541666,recovered_archive3/209,recovered_archive3/209/CAPorg4.jpg,3
11,23,1024,768,0.4782608695652174,0.3235294117647059,0.807553067373788,0.07661774834587941,0.8612228544518578,1.3592255770980557,0.43483472704148296,1.8377012244850157,0.9667126615451362,0.0167556258195573,0.9808988764044942,0.9574523056326633,0.011749097238056712,0.9708116325451569,1.073861813739749,0.18682692025022662,1.3035714285714286,0.7433441449700045,0.08579461556608407,0.7933333333333333,1357.2272727272727,1057.3768435407494,2732.5,136.197986272583,59.36203076175794,211.72287142747456,0.0,0.0,0.018983840942382812,recovered_archive3/209,recovered_archive3/209/CAPorg5.jpg,3
0,0,1024,768,0.0,0.0,,,,,,,,,,,,,,,,,,,,,,,,,,,0.0,recovered_archive3/213,recovered_archive3/213/CAPorg1.jpg,3
1,36,1024,768,0.027777777777777776,0.02702702702702703,0.7702948765035368,0.0,0.7702948765035368,1.728625589975695,0.0,1.728625589975695,0.9423076923076913,0.0,0.9423076923076913,0.9481168777332692,0.0,0.9481168777332692,0.6470588235294118,0.0,0.6470588235294118,0.786096256684492,0.0,0.786096256684492,147.0,0.0,147.0,48.97056274847714,0.0,48.97056274847714,0.0,0.0,0.000186920166015625,recovered_archive3/213,recovered_archive3/213/CAPorg10.jpg,3
0,23,1024,768,0.0,0.0,,,,,,,,,,,,,,,,,,,,,,,,,,,0.0,recovered_archive3/213,recovered_archive3/213/CAPorg2.jpg,3
0,24,1024,768,0.0,0.0,,,,,,,,,,,,,,,,,,,,,,,,,,,0.0,recovered_archive3/213,recovered_archive3/213/CAPorg3.jpg,3
15,50,1024,768,0.3,0.23076923076923078,0.779394615025682,0.0782338722830635,0.8557406056389941,1.527482622611171,0.45486627466358004,2.2185466423903435,0.9648035687525401,0.012398524688353986,0.9754311475743708,0.959985486601898,0.006840487098857664,0.9686045028131616,1.1765378461639586,0.40848985369769414,1.4829545454545454,0.7187145492145972,0.05702194105672291,0.7714498432601881,1174.1333333333334,2506.348548962991,1250.8999999999999,111.5822798789678,100.2470260993746,140.55331880577404,0.0,0.0,0.022394816080729168,recovered_archive3/213,recovered_archive3/213/CAPorg4.jpg,3
18,8,1024,768,2.25,0.6923076923076923,0.7330030056025323,0.13754022478670402,0.8731158420846115,1.4717982771702363,0.3575884889901865,1.738698286497345,0.9322425002731559,0.06900033894803065,0.9845724194109652,0.942367247567478,0.03310971627788074,0.9680421296782771,1.2225100053797524,0.37891484755328,1.6465686274509805,0.7288772865506138,0.08793263128600706,0.8231986531986532,2101.9166666666665,2329.0244097881173,4109.450000000003,176.84452050357086,108.94570345797243,285.5010460205267,0.0,0.05555555555555555,0.04810905456542969,recovered_archive3/213,recovered_archive3/213/CAPorg5.jpg,3
1,44,1024,768,0.022727272727272728,0.022222222222222223,0.8946747694263826,0.0,0.8946747694263826,1.0336097456022733,0.0,1.0336097456022733,0.9789473684210516,0.0,0.9789473684210516,0.9802838895047106,0.0,0.9802838895047106,1.1,0.0,1.1,0.8454545454545455,0.0,0.8454545454545455,93.0,0.0,93.0,36.14213562373095,0.0,36.14213562373095,0.0,0.0,0.000118255615234375,recovered_archive3/213,recovered_archive3/213/CAPorg6.jpg,3
20,26,1024,768,0.7692307692307693,0.43478260869565216,0.697389740481336,0.1530882499671686,0.8460315669861723,2.099228139968826,1.2542208210238943,4.270745438209805,0.9440721354720782,0.033685718784200534,0.9814099042926762,0.9578215132708502,0.013103052643920525,0.9703961493821739,1.6773792164942574,1.0352103466063423,3.7441644562334218,0.7156254324844644,0.08837518784273508,0.7964374577417174,1673.0,2953.7635568880596,2956.3000000000075,145.5886435076015,120.82617094496146,248.04621202458782,0.0,0.0,0.042546590169270836,recovered_archive3/213,recovered_archive3/213/CAPorg7.jpg,3
3,33,1024,768,0.09090909090909091,0.08333333333333333,0.6834151801084628,0.10773250249179116,0.7919749650413409,2.169645865026389,0.5673599489563634,2.6336526171151484,0.9560625533289154,0.014820734647241622,0.966899406699489,0.964499071401595,0.0021938055153048765,0.9661735448494754,2.1247513498152886,0.6118865411849398,2.70230179028133,0.7689055839727196,0.024360030217012912,0.7932208013640238,578.8333333333334,263.17431907810123,828.9,102.29814810090944,29.88654028977616,126.80630585851519,0.0,0.0,0.002208073933919271,recovered_archive3/213,recovered_archive3/213/CAPorg8.jpg,3
3,25,1024,768,0.12,0.10714285714285714,0.7670141428247028,0.02095501691006018,0.7880706871699052,1.7653296835548289,0.22689535520939844,1.9531480766435017,0.9648518317813947,0.0034311414329319186,0.9681482811133814,0.9649817704621398,0.005017729923452871,0.9699968180191445,0.8294401186503523,0.4173701777140026,1.2458286985539488,0.8207667610476287,0.006243367178838378,0.8265117807665082,619.5,355.0354442399613,972.6,96.64129385141705,25.731067415420497,122.30092347159894,0.0,0.0,0.0023632049560546875,recovered_archive3/213,recovered_archive3/213/CAPorg9.jpg,3
0,0,1024,768,0.0,0.0,,,,,,,,,,,,,,,,,,,,,,,,,,,0.0,recovered_archive3/221,recovered_archive3/221/CAPorg1.jpg,3
38,49,1024,768,0.7755102040816326,0.4367816091954023,0.7968058379913793,0.09523308466403882,0.8728236241447843,1.4711642576475092,0.45481302165775284,1.8148271135388758,0.9701076447381436,0.021019904267617767,0.9826257413442478,0.9551773860621161,0.016505805542322945,0.9700229556666934,1.3366420450031768,0.4530682830942703,1.6459745762711868,0.7570801905976259,0.05734700562466358,0.81459008097166,1788.1447368421052,2124.449535229175,3491.8500000000013,154.75035116999226,91.6482751745374,242.17657274770946,0.0,0.0,0.08640225728352864,recovered_archive3/221,recovered_archive3/221/CAPorg2.jpg,3
22,48,1024,768,0.4583333333333333,0.3142857142857143,0.8158592155627457,0.07454899034803932,0.8702248575675228,1.3832462749437868,0.22617052521349276,1.6328054941679064,0.9670985755185989,0.02459926827420524,0.9815605195159648,0.9568719769170879,0.014478066754085615,0.9687737633525384,1.2939768250003054,0.2815183432391774,1.5903075489282386,0.776312440211454,0.05120307588977659,0.8189351851851852,1492.3636363636363,2028.512375776319,2683.8500000000013,135.2398857959102,90.93136398151424,200.80012254892765,0.0,0.0,0.041748046875,recovered_archive3/221,recovered_archive3/221/CAPorg3.jpg,3
29,52,1024,768,0.5576923076923077,0.35802469135802467,0.8159764085888277,0.06705543525167244,0.8751205362794723,1.3935831755291763,0.32347236236582516,1.6080592455605358,0.9699492496944949,0.01764935323236537,0.9819320876410887,0.958034443153464,0.009512774231085477,0.9679152747237529,1.2205226751678337,0.3856232385902047,1.5352657004830916,0.7687860693598101,0.038860418048605606,0.8077478833643217,1146.9827586206898,1061.2167990238004,2049.2,123.3326590316974,52.64733549003148,178.34398256692887,0.0,0.0,0.04229545593261719,recovered_archive3/221,recovered_archive3/221/CAPorg4.jpg,3
23,36,1024,768,0.6388888888888888,0.3898305084745763,0.8066633640954636,0.07041881376235187,0.8727208759952496,1.3437912276404744,0.23657139277551742,1.6195583133960256,0.9701853767390386,0.02042490310806408,0.9835850826560989,0.9560460699445855,0.009152950641708181,0.9641693263325983,0.935996808296402,0.18000717723955695,1.1067469879518073,0.7474132564635868,0.06496345699755575,0.8065095617671384,1626.9347826086957,1353.6141902999814,2994.7,149.15132998599367,57.56947550131789,217.12043276571058,0.0,0.0,0.04758135477701823,recovered_archive3/221,recovered_archive3/221/CAPorg5.jpg,3
3,67,1024,768,0.04477611940298507,0.04285714285714286,0.560538189717145,0.13783178162400217,0.6807170378206943,2.3109343199249697,0.8730491000597619,3.1603437108813166,0.8437416738770702,0.14292292557502276,0.9691357308724463,0.9412186412408702,0.031572136672805035,0.9667410843816111,0.9251851851851852,0.39731747972901565,1.2777777777777777,0.576402064832864,0.17162603952573482,0.7403391812865496,2436.0,3055.9739036843885,5475.1,180.5015391193316,137.2648995378818,319.78662325404815,0.0,0.3333333333333333,0.0092926025390625,recovered_archive3/223,recovered_archive3/223/CAPorg1.jpg,3
0,0,1024,768,0.0,0.0,,,,,,,,,,,,,,,,,,,,,,,,,,,0.0,recovered_archive3/223,recovered_archive3/223/CAPorg10.jpg,3
5,38,1024,768,0.13157894736842105,0.11627906976744186,0.8427678368247914,0.028915526351104757,0.8749473263319573,1.343283710181219,0.1276101283259011,1.4730993299333546,0.9738239032225534,0.008028507063219814,0.9822645637903769,0.9590186402988377,0.006041630592698449,0.9652025433901944,1.1265357781635497,0.16543194671892308,1.279160419790105,0.7489870434922415,0.026562864012386247,0.7800856244175209,619.5,218.98196272752693,818.5,94.10336213336288,17.980091598387254,110.25727265770298,0.0,0.0,0.0039386749267578125,recovered_archive3/223,recovered_archive3/223/CAPorg2.jpg,3
5,48,1024,768,0.10416666666666667,0.09433962264150944,0.736384310840327,0.11858729984840839,0.8431117311372642,1.8565444348449667,0.7054775156357919,2.7365027540987903,0.9613732582827558,0.01018645343008964,0.9720337138058652,0.9620601874292302,0.0073651744964542635,0.9691519697851518,1.2881102693602693,0.7296278832608203,2.0783216783216787,0.7622879581259399,0.03624701192825176,0.8059690309690309,411.1,253.5901023305129,721.5,79.86417023478423,24.27081144861923,105.16610383315985,0.0,0.0,0.002613703409830729,recovered_archive3/223,recovered_archive3/223/CAPorg3.jpg,3
6,20,1024,768,0.3,0.23076923076923078,0.7631816989599804,0.04413684070747467,0.8062166428703283,1.8634689283408419,0.46681288521996833,2.509007850653747,0.9661256158536315,0.012221673271321946,0.979064343168986,0.9643617905578538,0.009301174592096305,0.9738933777165456,1.7355157844519546,0.40056547297167566,2.2637362637362637,0.7862647154268446,0.05203506218590313,0.8451118563895781,741.8333333333334,627.6052147294154,1544.25,101.20745545469542,42.332964235831,155.41778489984134,0.0,0.0,0.005659739176432292,recovered_archive3/223,recovered_archive3/223/CAPorg4.jpg,3
13,34,1024,768,0.38235294117647056,0.2765957446808511,0.7903285105187734,0.06212590457805338,0.8694063469432904,1.4331266492416364,0.2067740568849026,1.6582227806471084,0.963851136999707,0.01798414640952071,0.9811517921017234,0.9546847813083831,0.006127784176497386,0.9620547955197659,1.3166569261959384,0.24284578478351107,1.5605072463768117,0.7338192427278281,0.05017787934157701,0.7874247685185185,1374.6538461538462,865.679888087423,2794.7000000000003,141.0879508548467,47.53016661638928,210.7287588777791,0.0,0.0,0.02272351582845052,recovered_archive3/223,recovered_archive3/223/CAPorg5.jpg,3
4,40,1024,768,0.1,0.09090909090909091,0.8007144740198151,0.022536578702827947,0.822467357055367,1.407827358598301,0.0412796153637898,1.4456047611960132,0.9748496942291893,0.001319691135056832,0.9762421621281225,0.9575986652035793,0.005135352291639077,0.9630177987271377,1.0995858688302909,0.24217400659428454,1.345,0.7057961199592651,0.0065461552676259645,0.7130955809313935,854.0,390.60449946205176,1271.15,113.27564927611036,25.189566994092505,140.63788591251904,0.0,0.0,0.004343668619791667,recovered_archive3/223,recovered_archive3/223/CAPorg6.jpg,3
17,29,1024,768,0.5862068965517241,0.3695652173913043,0.7527737863509686,0.14755095376651922,0.8635735877641892,1.4625962968065183,0.3501633215634718,1.9173671595367476,0.936065932583662,0.06440083883101835,0.9807602956027643,0.94098598326535,0.050724054402976115,0.970840443889296,1.0907626291430625,0.3623131541966927,1.3405034324942793,0.7005830990307154,0.08141704409990501,0.789046052631579,1787.6764705882354,3059.5603103040053,3123.100000000001,152.47436965143694,152.74220899404932,254.83901858822327,0.0,0.058823529411764705,0.03864351908365885,recovered_archive3/223,recovered_archive3/223/CAPorg7.jpg,3
6,49,1024,768,0.12244897959183673,0.10909090909090909,0.8108592356050118,0.09509942843564613,0.8741503744703555,1.4663343491058793,0.32009457283405435,1.8180456740938586,0.9648140721272834,0.017699188072033797,0.9776726168516039,0.9619315005462378,0.012172690768355246,0.9727295149096493,1.1515007215007216,0.28052640363059583,1.4854545454545454,0.7629934122776865,0.08643367705830957,0.8370879120879121,766.8333333333334,1035.5902369609753,1812.25,96.64535828769033,71.2280393285801,172.97413408594537,0.0,0.0,0.005850474039713542,recovered_archive3/223,recovered_archive3/223/CAPorg8.jpg,3
4,35,1024,768,0.11428571428571428,0.10256410256410256,0.8315082552927471,0.031201013018491777,0.8581568730293697,1.4565403129347563,0.19845353646193795,1.6715269664635586,0.977181349791528,0.005367467896939989,0.9809191787562391,0.9609567162128653,0.003490662300171947,0.9645957732899496,1.2531565656565655,0.2053107565606691,1.4666666666666668,0.764436604205827,0.02758500365708867,0.79546783625731,850.5,294.1132859970797,1094.3500000000001,111.41168824543144,22.984055574828712,130.75849198858498,0.0,0.0,0.00432586669921875,recovered_archive3/223,recovered_archive3/223/CAPorg9.jpg,3
14,65,1024,768,0.2153846153846154,0.17721518987341772,0.829933309017511,0.04829860045218903,0.8713411696527008,1.3740654319935128,0.28353335201400476,1.629553687921571,0.9708936889522131,0.010438299714819639,0.9786318451269033,0.9611028264898164,0.007786491982896484,0.9635943592100793,1.2481249835255215,0.21451285525395083,1.4804347826086957,0.7778165892602971,0.03355198117539074,0.8218484848484848,771.8214285714286,597.696817767493,1282.6000000000004,102.09885069707666,38.34251219245191,144.18275605729693,0.0,0.0,0.013739903767903646,recovered_archive3/231,recovered_archive3/231/CAPorg1.jpg,3
6,2,1024,768,3.0,0.75,0.6875197786054423,0.08145660186482498,0.7912287880467934,1.850827540655805,0.5307333800464523,2.4140964254721666,0.9697631686773632,0.008165055853626285,0.9784009009973493,0.9572502374704279,0.006948545494376343,0.9658692390837311,1.8040207132598436,0.4162697975645525,2.258928571428571,0.7106297607356744,0.09699188582733315,0.8125985704110703,1140.75,428.09254743182186,1673.25,140.97581763057315,20.952550102051624,163.03300858899107,0.0,0.0,0.008703231811523438,recovered_archive3/231,recovered_archive3/231/CAPorg10.jpg,3
18,38,1024,768,0.47368421052631576,0.32142857142857145,0.8525202709294148,0.04940603069124548,0.8859113237395707,1.309258529892688,0.1899476371358481,1.5876740025664777,0.9725171692126882,0.014731397885717768,0.9841331660466879,0.9627787249190826,0.00782498165307095,0.9735588175857414,1.1897788279467032,0.1937949493583138,1.4567441860465118,0.7880380840275371,0.029588553479807437,0.8162112786101664,703.1944444444445,450.14673962093525,1194.65,97.81924397185203,31.678980281994253,140.1869191133312,0.0,0.0,0.01609484354654948,recovered_archive3/231,recovered_archive3/231/CAPorg2.jpg,3
30,37,1024,768,0.8108108108108109,0.44776119402985076,0.8086631945791483,0.07639896763208158,0.8677903221649741,1.3819209423290029,0.3241248419271484,1.6800043733132959,0.9679796938178776,0.028461627539454148,0.984262423463288,0.9566244705925278,0.013265845805464527,0.9662519761251237,1.1953194260832896,0.365397375803603,1.6496928746928747,0.7677570915396449,0.05265127580079693,0.8103715880418992,1331.5666666666666,958.4656117403946,2442.6,136.38471854073177,60.04897177349445,195.70823945689085,0.0,0.0,0.05079523722330729,recovered_archive3/231,recovered_archive3/231/CAPorg3.jpg,3
6,47,1024,768,0.1276595744680851,0.11320754716981132,0.8182111517452234,0.026410503434672328,0.8526123892337671,1.2441074343244038,0.08509815578254176,1.328042760416958,0.9674937176779914,0.014389680436278437,0.979931668254389,0.955452369117007,0.00902138689390561,0.964333573073479,1.102093963384286,0.06755078115835104,1.165909090909091,0.7271391967884449,0.03866557292404928,0.7754255255613951,699.0833333333334,422.21829036911964,1236.0,97.43334529791663,32.95999330315915,134.8111831820431,0.0,0.0,0.0053335825602213545,recovered_archive3/231,recovered_archive3/231/CAPorg4.jpg,3
22,40,1024,768,0.55,0.3548387096774194,0.7840513217032431,0.0771174306181481,0.8675896142912037,1.6075869258384594,0.45969438992946804,2.238291196667232,0.9628501270069075,0.019611406470684385,0.9818894431436422,0.9655476866606317,0.011008975722331686,0.9790919716692706,1.0681624991465881,0.4504324005120257,1.6343333333333334,0.784897140726383,0.07174723571826437,0.8729619565217391,455.8863636363636,336.2108352256668,721.4000000000002,81.8354026875086,30.27686877527212,113.4364573775317,0.0,0.0,0.012753168741861979,recovered_archive3/231,recovered_archive3/231/CAPorg5.jpg,3
11,52,1024,768,0.21153846153846154,0.1746031746031746,0.7971136604614177,0.15073012922776974,0.8766473147877002,1.9144654978055917,1.755357780251136,3.6002110846277455,0.9637558082425879,0.03155698008315756,0.9825606125053165,0.9577770407207825,0.005042169702094017,0.9651037079329489,1.2945129571005083,0.5435010444115655,1.6944444444444444,0.7593337375791402,0.06119991207023241,0.8102766798418972,1284.4545454545455,661.1537936387987,2080.5,141.7530367905168,53.13031154117466,181.94112549695427,0.0,0.0,0.017965952555338543,recovered_archive3/231,recovered_archive3/231/CAPorg6.jpg,3
2,35,1024,768,0.05714285714285714,0.05405405405405406,0.813276505412148,0.033773385424892666,0.8402952137520622,1.3446693458474042,0.11333042126112092,1.4353336828563008,0.9731693566283413,0.004489267142883058,0.9767607703426476,0.9561016066123313,0.004841420331353097,0.9599747428774138,1.0243055555555556,0.08680555555555558,1.09375,0.7181423611111111,0.041579861111111116,0.7514062499999999,871.75,222.25,1049.55,114.86143571373725,12.535533905932738,124.88986283848344,0.0,0.0,0.002216974894205729,recovered_archive3/231,recovered_archive3/231/CAPorg7.jpg,3
4,47,1024,768,0.0851063829787234,0.0784313725490196,0.797690727506468,0.07902159486387247,0.8501579462437555,1.4488994285154884,0.3351114689041124,1.8071096916830254,0.973160702591327,0.005823752404984428,0.9785639205514979,0.9570409743194099,0.005377323337389567,0.963099995170941,1.4005766425730224,0.42671347148839844,1.8644750795334044,0.7757850054112738,0.019375242605374047,0.7888343527398123,1085.875,348.5721544745076,1478.8500000000001,129.47234841721124,19.11880764907392,149.2271211386865,0.0,0.0,0.0055230458577473955,recovered_archive3/231,recovered_archive3/231/CAPorg8.jpg,3
0,28,1024,768,0.0,0.0,,,,,,,,,,,,,,,,,,,,,,,,,,,0.0,recovered_archive3/231,recovered_archive3/231/CAPorg9.jpg,3
0,0,1024,768,0.0,0.0,,,,,,,,,,,,,,,,,,,,,,,,,,,0.0,recovered_archive3/242,recovered_archive3/242/CAPorg1.jpg,3
4,59,1024,768,0.06779661016949153,0.06349206349206349,0.8573098357231433,0.020508450229021473,0.8767688329168881,1.215285005022155,0.07403080889696431,1.2985964746941783,0.9788664931911477,0.0043774301297565274,0.9835951723199712,0.9616886244556208,0.0036420993341761587,0.9657952677507214,0.9483948333162024,0.04270002980085657,0.9948936170212765,0.7600670124664112,0.01711776994241879,0.7745833333333334,811.875,536.6553101153477,1402.15,103.85102807365159,32.64405027073151,140.2094587877728,0.0,0.0,0.0041294097900390625,recovered_archive3/242,recovered_archive3/242/CAPorg2.jpg,3
8,62,1024,768,0.12903225806451613,0.11428571428571428,0.8212360168694222,0.03444888880147992,0.8544056892467136,1.2644773489121468,0.0967980498159065,1.372957263034196,0.9624573903919327,0.018325117571822615,0.9828922907656119,0.9625499360953331,0.012455768478506764,0.9823385837556584,0.965749299719888,0.12109481475313226,1.1229411764705883,0.7484129666176235,0.07209607650192927,0.8234607843137255,291.875,232.1099887445605,503.7499999999999,61.88782463805518,24.652297967779862,86.51341263970173,0.0,0.0,0.0029691060384114585,recovered_archive3/242,recovered_archive3/242/CAPorg3.jpg,3
8,53,1024,768,0.1509433962264151,0.13114754098360656,0.8396367077746341,0.019599301659066162,0.8590614035165461,1.2774968868873713,0.14203590839748811,1.500738179501183,0.9725938135807155,0.005315286776317153,0.9787841708422474,0.9665008844376486,0.007258390715240269,0.9764144277134238,1.0475512873277966,0.2057059626307783,1.2527777777777778,0.8093378026798839,0.037581443283111034,0.8454503676470588,361.25,158.43196489345198,525.75,72.07716446627535,14.45445401484027,88.27665940288702,0.0,0.0,0.0036748250325520835,recovered_archive3/242,recovered_archive3/242/CAPorg4.jpg,3
3,66,1024,768,0.045454545454545456,0.043478260869565216,0.8435700938979648,0.03995948340515531,0.8780242094993458,1.2534556286142815,0.12210832695993776,1.3776369047262687,0.9788188308487128,0.0026401631400387905,0.9814954657914795,0.9598580163575378,0.005149177719177675,0.9643840580594226,1.0721504112808462,0.09487495948910138,1.168695652173913,0.7634235798298298,0.06326431326905244,0.8165915915915916,943.5,367.4753960017822,1257.2,116.21151989096865,26.77904530763629,140.00773439350246,0.0,0.0,0.0035991668701171875,recovered_archive3/242,recovered_archive3/242/CAPorg5.jpg,3
0,0,1024,768,0.0,0.0,,,,,,,,,,,,,,,,,,,,,,,,,,,0.0,recovered_archive3/246,recovered_archive3/246/CAPorg1.jpg,3
0,47,1024,768,0.0,0.0,,,,,,,,,,,,,,,,,,,,,,,,,,,0.0,recovered_archive3/246,recovered_archive3/246/CAPorg2.jpg,3
2,48,1024,768,0.041666666666666664,0.04,0.8510857344241956,0.0026965811039211807,0.8532429993073326,1.2183758521594734,0.043709416256570766,1.25334338516473,0.9786735086395422,0.0003555060114209252,0.9789579134486789,0.9554749260222808,0.004675371290430441,0.9592152230546253,1.1448412698412698,0.03373015873015872,1.1718253968253969,0.781534632034632,0.024201298701298724,0.800895670995671,1224.25,479.75,1608.05,131.68986283848346,26.677669529663696,153.0319984622144,0.0,0.0,0.003113428751627604,recovered_archive3/246,recovered_archive3/246/CAPorg3.jpg,3
4,45,1024,768,0.08888888888888889,0.08163265306122448,0.8305598515766042,0.02123590371634156,0.8475686230692241,1.3192520621889097,0.14079969233047937,1.4510274892335397,0.9790147502833754,0.0031318534527231476,0.9822038275439585,0.9584087984492949,0.0039934561369880306,0.9628599916760052,0.8089500073630356,0.1446067225125652,0.9635902636916837,0.787014107678892,0.01940091825954425,0.8070401316099816,1814.75,495.1063648348706,2167.1,163.8822509939086,25.150956930820303,181.27880220536798,0.0,0.0,0.009230295817057291,recovered_archive3/246,recovered_archive3/246/CAPorg4.jpg,3
3,59,1024,768,0.05084745762711865,0.04838709677419355,0.8522056747995673,0.019807647568976215,0.86809863030944,1.3287335350253726,0.17443184134049156,1.4597676182530805,0.9739691500515929,0.00614222089938554,0.9802293134277049,0.9605882812585277,0.003974638309445946,0.9640666638263083,1.2365967365967367,0.14195210906951108,1.3524475524475523,0.792694542204346,0.022798771111275287,0.8159426847662141,595.5,94.55421725126807,691.0,93.40271760057102,6.796369363716169,100.16366517139589,0.0,0.0,0.0022716522216796875,recovered_archive3/246,recovered_archive3/246/CAPorg5.jpg,3
0,42,1024,768,0.0,0.0,,,,,,,,,,,,,,,,,,,,,,,,,,,0.0,recovered_archive3/246,recovered_archive3/246/CAPorg6.jpg,3
0,89,1024,768,0.0,0.0,,,,,,,,,,,,,,,,,,,,,,,,,,,0.0,recovered_archive3/250,recovered_archive3/250/CAPorg1.jpg,3
3,36,1024,768,0.08333333333333333,0.07692307692307693,0.7293051508689475,0.2043735469043745,0.8782659279102799,2.6422125264532057,1.9491969354509675,4.583142321916562,0.9560872855738239,0.03022664438905242,0.979836949705256,0.930515425244966,0.05009191757937374,0.9670465488847834,0.8608695652173912,0.3107358134842177,1.1466666666666667,0.7585506355885037,0.026716564955893675,0.7781714285714285,13260.166666666666,17878.745110387983,30966.0,412.4091629284897,449.94483443756013,858.4252234340609,0.0,0.0,0.0505835215250651,recovered_archive3/250,recovered_archive3/250/CAPorg10.jpg,3
0,52,1024,768,0.0,0.0,,,,,,,,,,,,,,,,,,,,,,,,,,,0.0,recovered_archive3/250,recovered_archive3/250/CAPorg2.jpg,3
2,75,1024,768,0.02666666666666667,0.025974025974025976,0.8488565331092697,0.0034387401961356034,0.8516075252661781,1.2815826252669866,0.09551237848045768,1.3579925280513527,0.9789508719181287,0.0027151304732629944,0.9811229762967391,0.9590087987259446,0.0016667836813889503,0.9603422256710558,1.1714285714285713,0.17142857142857137,1.3085714285714285,0.7541238017301847,0.005491582885199908,0.7585170680383446,872.5,359.0,1159.7,111.1543289325507,24.14213562373095,130.46803743153546,0.0,0.0,0.0022188822428385415,recovered_archive3/250,recovered_archive3/250/CAPorg3.jpg,3
0,33,1024,768,0.0,0.0,,,,,,,,,,,,,,,,,,,,,,,,,,,0.0,recovered_archive3/250,recovered_archive3/250/CAPorg4.jpg,3
0,31,1024,768,0.0,0.0,,,,,,,,,,,,,,,,,,,,,,,,,,,0.0,recovered_archive3/250,recovered_archive3/250/CAPorg5.jpg,3
1,46,1024,768,0.021739130434782608,0.02127659574468085,0.861278205614848,0.0,0.861278205614848,1.1083544238064083,0.0,1.1083544238064083,0.9700996677740863,0.0,0.9700996677740863,0.9558201878763259,0.0,0.9558201878763259,0.9583333333333334,0.0,0.9583333333333334,0.7934782608695652,0.0,0.7934782608695652,438.0,0.0,438.0,79.94112549695429,0.0,79.94112549695429,0.0,0.0,0.00055694580078125,recovered_archive3/250,recovered_archive3/250/CAPorg6.jpg,3
0,39,1024,768,0.0,0.0,,,,,,,,,,,,,,,,,,,,,,,,,,,0.0,recovered_archive3/250,recovered_archive3/250/CAPorg7.jpg,3
0,27,1024,768,0.0,0.0,,,,,,,,,,,,,,,,,,,,,,,,,,,0.0,recovered_archive3/250,recovered_archive3/250/CAPorg8.jpg,3
2,18,1024,768,0.1111111111111111,0.1,0.5917943760433475,0.2891688261314011,0.8231294369484683,4.747901482932367,3.5778132427991025,7.610152077171649,0.9757842594051824,0.007600995008108069,0.9818650554116689,0.9722604030426355,0.00017266411308591856,0.9723985343331042,0.6485507246376812,0.48188405797101447,1.0340579710144926,0.7471264634037126,0.04467955666317702,0.7828701087342542,997.5,524.0,1416.7,166.76955262170048,84.58578643762691,234.438181771802,0.0,0.0,0.002536773681640625,recovered_archive3/250,recovered_archive3/250/CAPorg9.jpg,3
14,28,1024,768,0.5,0.3333333333333333,0.8033249142616529,0.08737436758836284,0.8690855112840951,1.3547376302652072,0.38272788098933325,1.6684458388487908,0.9593629837549476,0.03092505883623785,0.9753701750377946,0.9572452152939331,0.017147285016335747,0.9685947562371313,1.141115905109421,0.389355270837973,1.4930000000000003,0.7505310918031919,0.059353302196878725,0.7971683527390724,572.0714285714286,478.52350506318834,1070.6000000000006,89.17956086242744,41.044566558143714,129.16021638285534,0.0,0.0,0.010183970133463541,recovered_archive3/256,recovered_archive3/256/CAPorg1.jpg,3
2,20,1024,768,0.1,0.09090909090909091,0.7110986023873233,0.18362103456450807,0.8579954300389298,2.2638906800699035,1.140746524284194,3.1764878994972587,0.9791322749223131,0.007887639729180274,0.9854423867056573,0.9690490118156889,0.008677993588717958,0.9759914066866634,2.0285053929121726,1.0624036979969183,2.878428351309707,0.7908275273859442,0.03447726000626511,0.8184093353909564,1953.5,822.0,2611.1,180.81118318204312,16.627416997969547,194.11311678041875,0.0,0.0,0.004968007405598958,recovered_archive3/256,recovered_archive3/256/CAPorg10.jpg,3
1,50,1024,768,0.02,0.0196078431372549,0.865191881566302,0.0,0.865191881566302,1.0439652534213872,0.0,1.0439652534213872,0.9751461988304103,0.0,0.9751461988304103,0.9556658323010945,0.0,0.9556658323010945,1.0,0.0,1.0,0.7931034482758621,0.0,0.7931034482758621,667.0,0.0,667.0,98.42640687119285,0.0,98.42640687119285,0.0,0.0,0.0008481343587239584,recovered_archive3/256,recovered_archive3/256/CAPorg11.jpg,3
1,53,1024,768,0.018867924528301886,0.018518518518518517,0.8734019155126531,0.0,0.8734019155126531,1.0677697384672973,0.0,1.0677697384672973,0.9774266365688481,0.0,0.9774266365688481,0.9626128383555035,0.0,0.9626128383555035,1.0714285714285714,0.0,1.0714285714285714,0.7732142857142857,0.0,0.7732142857142857,649.5,0.0,649.5,96.66904755831213,0.0,96.66904755831213,0.0,0.0,0.0008258819580078125,recovered_archive3/256,recovered_archive3/256/CAPorg12.jpg,3
2,42,1024,768,0.047619047619047616,0.045454545454545456,0.882286214454716,0.016412502252563743,0.895416216256767,1.0841753970974175,0.043992849339663964,1.1193696765691488,0.9791956519945528,0.002997412672739841,0.9815935821327447,0.9621948353726234,0.007475486968573253,0.968175224947482,1.02,0.020000000000000018,1.036,0.8078903357324125,0.0017364895785664247,0.8092795273952657,1010.5,486.5,1399.7,116.49747468305834,30.899494936611674,141.21707063234768,0.0,0.0,0.0025698343912760415,recovered_archive3/256,recovered_archive3/256/CAPorg13.jpg,3
5,109,1024,768,0.045871559633027525,0.043859649122807015,0.7281984442090941,0.1813567890019417,0.8860866509942819,1.5406120122454616,0.28336406625471044,1.8360666049428354,0.920240701791629,0.11079002963560439,0.9814020925584864,0.9532555407041517,0.029351398888016748,0.9775958413378544,0.9666815623965576,0.15281550561423124,1.143992055610725,0.6697006664581403,0.16968669637593237,0.8247694334650856,1780.1,2685.5282608827633,4651.800000000001,146.2905771059771,126.06591034172773,296.40369388639584,0.0,0.2,0.011317571004231771,recovered_archive3/256,recovered_archive3/256/CAPorg2.jpg,3
5,87,1024,768,0.05747126436781609,0.05434782608695652,0.7364041768553473,0.1454152095292176,0.8359163632249145,2.0380647053179723,1.1115008114224598,3.1936404727145176,0.9495211406218184,0.06083106951561561,0.9831904293960613,0.9525835572157696,0.01850394755547423,0.9665536166449771,0.9938297013720744,0.331431241023736,1.4081355932203392,0.7123136773486387,0.11136180487024154,0.8236781609195403,4006.2,5429.547703078038,9969.5,237.9273303427918,205.55225602548754,470.6130301252411,0.0,0.0,0.025470733642578125,recovered_archive3/256,recovered_archive3/256/CAPorg3.jpg,3
8,84,1024,768,0.09523809523809523,0.08695652173913043,0.7619325517967095,0.14084206164055502,0.8568977824323962,1.4502913481490765,0.3900082385989348,1.746133393558334,0.9337241335836794,0.07493937608085816,0.9783623359801765,0.9387933523856893,0.04300354707944037,0.9644431437260003,1.0450861707491326,0.3121222467398314,1.4517617449664428,0.7476490873347987,0.06895656664574996,0.8098313397129187,3900.5625,6826.8931918072185,9444.099999999997,214.2115709530218,237.30110444863803,436.4110098716876,0.0,0.125,0.03967857360839844,recovered_archive3/256,recovered_archive3/256/CAPorg4.jpg,3
5,69,1024,768,0.07246376811594203,0.06756756756756757,0.704571869501748,0.14778241657219623,0.8601273732663757,1.6363555425493796,0.640592685304146,2.4043230086952163,0.9262734219743087,0.060854259103846176,0.9805756666988056,0.9461631065936338,0.020917498942138863,0.9639176498427826,1.4343688656564988,0.5380510206306279,2.0714285714285716,0.7404220539481952,0.10590757521704225,0.8366117216117216,3516.3,3350.0452922311365,7263.900000000001,241.67291475506335,134.2148796451496,402.3218613006979,0.0,0.0,0.022356033325195312,recovered_archive3/256,recovered_archive3/256/CAPorg5.jpg,3
0,39,1024,768,0.0,0.0,,,,,,,,,,,,,,,,,,,,,,,,,,,0.0,recovered_archive3/256,recovered_archive3/256/CAPorg6.jpg,3
4,59,1024,768,0.06779661016949153,0.06349206349206349,0.6975789913832839,0.13340046391433172,0.8505497649379412,3.3377553720656277,1.8302907867351348,5.139772370324733,0.9705282188138646,0.0188594602704171,0.9825255510319899,0.9705050474027994,0.0024825157271359502,0.9722475475792465,1.1100339538695703,0.41570790940457375,1.5171689497716896,0.6990983185053317,0.09012157704769881,0.7994073056573057,3283.75,3184.5776505684394,6890.35,213.05382386916236,157.15674013279704,383.69028124669404,0.0,0.0,0.016702016194661457,recovered_archive3/256,recovered_archive3/256/CAPorg7.jpg,3
1,75,1024,768,0.013333333333333334,0.013157894736842105,0.8057249020081785,0.0,0.8057249020081785,1.4804390202453566,0.0,1.4804390202453566,0.9534883720930237,0.0,0.9534883720930237,0.9657922050278008,0.0,0.9657922050278008,1.0,0.0,1.0,0.727810650887574,0.0,0.727810650887574,123.0,0.0,123.0,43.79898987322333,0.0,43.79898987322333,0.0,0.0,0.000156402587890625,recovered_archive3/256,recovered_archive3/256/CAPorg8.jpg,3
2,68,1024,768,0.029411764705882353,0.02857142857142857,0.8610032220386488,0.0017371302169553737,0.8623929262122131,1.3532671985866327,0.045700488480749035,1.389827589371232,0.9808580858085812,0.0006600660066000685,0.9813861386138613,0.9667516570392896,0.008792144279836711,0.9737853724631589,0.7817796610169492,0.03177966101694918,0.8072033898305085,0.8063029661016949,0.01869703389830507,0.821260593220339,1239.0,991.5,2032.2,120.32590180780453,60.28427124746192,168.55331880577407,0.0,0.0,0.00315093994140625,recovered_archive3/256,recovered_archive3/256/CAPorg9.jpg,3
4,37,1024,768,0.10810810810810811,0.0975609756097561,0.7441416685533162,0.17606179020557614,0.8798585699585737,1.6531049856156037,0.770180794751431,2.4821613488494583,0.9529116068168961,0.0369320928953115,0.9798174786455586,0.956068205288794,0.007630248777812331,0.964618438691511,1.0811076604554866,0.24404966089044383,1.351376811594203,0.661350872914098,0.1675938394341269,0.7943538647342995,1108.375,645.6552267851628,1836.9,139.47844507162114,63.37637405611097,211.95962466428927,0.0,0.0,0.0056374867757161455,recovered_archive3/266,recovered_archive3/266/CAPorg1.jpg,3
0,60,1024,768,0.0,0.0,,,,,,,,,,,,,,,,,,,,,,,,,,,0.0,recovered_archive3/266,recovered_archive3/266/CAPorg10.jpg,3
3,87,1024,768,0.034482758620689655,0.03333333333333333,0.775900101267501,0.08226334033365698,0.8427796596608981,1.560165798657553,0.30985783872166484,1.8721622614393887,0.9704108571764646,0.014704216555121961,0.9839523804118109,0.964056297000917,0.0035015411386157833,0.9676095568569253,0.7533586295124506,0.20648711374892076,0.9465453319851702,0.7243765918035349,0.021165235113282187,0.7452084536479388,1589.0,1307.2506135652286,2921.5,143.65348716023684,59.70645201013332,204.42581515262683,0.0,0.0,0.006061553955078125,recovered_archive3/266,recovered_archive3/266/CAPorg11.jpg,3
0,57,1024,768,0.0,0.0,,,,,,,,,,,,,,,,,,,,,,,,,,,0.0,recovered_archive3/266,recovered_archive3/266/CAPorg2.jpg,3
2,69,1024,768,0.028985507246376812,0.028169014084507043,0.8251539574819194,0.00020113662256315834,0.82531486677997,1.4021738758865414,0.06940261675915249,1.4576959692938634,0.9838002436772768,0.0029981397982503095,0.9861987555158771,0.9512966042233115,0.0021054198387260303,0.9529809400942924,1.067892156862745,0.02622549019607845,1.088872549019608,0.6928256553517464,0.0021775072035982723,0.694567661114625,4611.75,882.25,5317.55,263.7853172679885,25.435028842544412,284.133340342024,0.0,0.0,0.011728286743164062,recovered_archive3/266,recovered_archive3/266/CAPorg3.jpg,3
3,72,1024,768,0.041666666666666664,0.04,0.8333033288485946,0.0035658370081772706,0.8367892963355986,1.3977297627924414,0.1863893279725578,1.5435475160471486,0.9740000840426851,0.0067436754429413,0.9807779480485078,0.9632130712626901,0.003587939289659343,0.9668520295844995,1.189655172413793,0.22124570752781794,1.4137931034482758,0.7388255662155481,0.035654352726331995,0.7642083333333333,1024.8333333333333,1025.7879356323554,2041.5,109.31608939063024,59.686524364728626,168.51799410394665,0.0,0.0,0.0039094289143880205,recovered_archive3/266,recovered_archive3/266/CAPorg4.jpg,3
2,102,1024,768,0.0196078431372549,0.019230769230769232,0.8189858988171717,0.04456286686996941,0.8546361923131472,1.3520725715299742,0.14251764994266491,1.4660866914841062,0.9726463703975903,0.004434449867789514,0.9761939302918219,0.9637065726096965,0.003265364042699448,0.9663188638438561,1.3452380952380953,0.15476190476190477,1.4690476190476192,0.7461679346294732,0.025260636799098346,0.7663764440687518,568.0,163.0,698.4,92.84062043356593,16.071067811865483,105.69747468305833,0.0,0.0,0.0014444986979166667,recovered_archive3/266,recovered_archive3/266/CAPorg5.jpg,3
0,70,1024,768,0.0,0.0,,,,,,,,,,,,,,,,,,,,,,,,,,,0.0,recovered_archive3/266,recovered_archive3/266/CAPorg6.jpg,3
1,64,1024,768,0.015625,0.015384615384615385,0.8291004566447743,0.0,0.8291004566447743,1.445957011138393,0.0,1.445957011138393,0.9847856154910115,0.0,0.9847856154910115,0.9761640354224568,0.0,0.9761640354224568,1.4705882352941178,0.0,1.4705882352941178,0.8376470588235294,0.0,0.8376470588235294,356.0,0.0,356.0,73.45584412271572,0.0,73.45584412271572,0.0,0.0,0.0004526774088541667,recovered_archive3/266,recovered_archive3/266/CAPorg7.jpg,3
2,65,1024,768,0.03076923076923077,0.029850746268656716,0.8780889335604962,0.007067667310086956,0.8837430674085658,1.2825664305566797,0.10867687094778133,1.3695079273149047,0.9752144607843137,0.001256127450980138,0.9762193627450978,0.9749641245887614,0.0074089836578610235,0.9808913115150502,0.9839572192513368,0.07486631016042783,1.0438502673796792,0.8318627450980391,0.018137254901960775,0.8463725490196078,171.25,77.75,233.45,48.09188309203678,11.363961030678926,57.18305191657992,0.0,0.0,0.0004355112711588542,recovered_archive3/266,recovered_archive3/266/CAPorg8.jpg,3
2,56,1024,768,0.03571428571428571,0.034482758620689655,0.7919677081189254,0.06683948906106801,0.8454392993677798,1.383815428728894,0.23955472179103077,1.5754592061617185,0.9657329258914572,0.019742745858724153,0.9815271225784366,0.9517789297996438,0.004521856473672536,0.9553964149785819,1.0839598997493733,0.17919799498746863,1.2273182957393483,0.7420112781954887,0.1082393483709273,0.8286027568922306,823.0,534.0,1250.2,105.84062043356596,35.071067811865476,133.89747468305833,0.0,0.0,0.0020929972330729165,recovered_archive3/266,recovered_archive3/266/CAPorg9.jpg,3
0,0,1024,768,0.0,0.0,,,,,,,,,,,,,,,,,,,,,,,,,,,0.0,recovered_archive3/267,recovered_archive3/267/CAPorg1.jpg,3
4,37,1024,768,0.10810810810810811,0.0975609756097561,0.8551654695152858,0.023989309622621288,0.878737291640666,1.2292804626799136,0.13632200210858744,1.38016056830263,0.9769994831631363,0.007800024193024446,0.9826989722308985,0.9560913478779296,0.0018970837305992193,0.9580238691734779,0.9080851063829787,0.12363491269501785,1.041025641025641,0.7749157285960677,0.0300955089643884,0.8009447142005282,1069.125,446.84370519791366,1461.8500000000001,121.30077554195746,29.33770596931839,145.9810316630266,0.0,0.0,0.0054378509521484375,recovered_archive3/267,recovered_archive3/267/CAPorg2.jpg,3
3,49,1024,768,0.061224489795918366,0.057692307692307696,0.8271867760094059,0.05209251869807352,0.8789265396816202,1.344338871989099,0.11878033058825894,1.4305606870998906,0.9676358061611814,0.010882894352665632,0.9784993744135124,0.9595442304452574,0.00793100915723938,0.967072417564458,0.9580246913580247,0.1993435347352041,1.1600000000000001,0.7477067422189373,0.027728494677102932,0.7757588075880759,639.5,586.6201212596332,1237.7,85.01219330881976,44.58514451859869,129.8052957317385,0.0,0.0,0.0024394989013671875,recovered_archive3/267,recovered_archive3/267/CAPorg3.jpg,3
17,62,1024,768,0.27419354838709675,0.21518987341772153,0.8090527369719951,0.06662991799033655,0.8603455668971696,1.517328326399618,0.4089640123876076,2.0524683589328356,0.9765565562302776,0.009309285571520264,0.986556100780158,0.9619026375430413,0.005592583875959292,0.9692299959268954,0.9089857726441323,0.39158955524712624,1.1708474576271188,0.7598872170137327,0.03153864653007316,0.7922649572649573,1516.9117647058824,1241.6874101670974,3118.0,138.90028427767612,68.13729619946174,225.774848353439,0.0,0.0,0.0327905019124349,recovered_archive3/267,recovered_archive3/267/CAPorg4.jpg,3
5,52,1024,768,0.09615384615384616,0.08771929824561403,0.8442819631977716,0.017097089795640976,0.862191420540505,1.2225567891841727,0.05757552771524168,1.2817383435361283,0.9768543471148401,0.00784167713989705,0.9827442651986462,0.9544120745204531,0.004004137486453188,0.9578747723017219,0.8956678060255111,0.06926553907308987,0.9755411255411255,0.7495797421437387,0.03518949557458131,0.7925382511615302,1285.2,402.59391450939745,1647.5,136.01950929411163,22.756996730533064,154.82783540618016,0.0,0.0,0.00817108154296875,recovered_archive3/267,recovered_archive3/267/CAPorg5.jpg,3
6,47,1024,768,0.1276595744680851,0.11320754716981132,0.8095343474358735,0.05152233808776043,0.8613587350287653,1.6299414694481946,0.457686689435854,2.116240245463691,0.975596351738695,0.007377776094022563,0.9828953253833623,0.9654421422537358,0.005794239325245328,0.9710245911812823,0.8082658082658082,0.15662799946812156,0.9572649572649572,0.7831949767256784,0.05834765190068637,0.8300394293815346,647.25,337.7266831329737,1057.0,96.80999273622035,26.165477769821553,125.08326112068522,0.0,0.0,0.0049381256103515625,recovered_archive3/267,recovered_archive3/267/CAPorg6.jpg,3
10,38,1024,768,0.2631578947368421,0.20833333333333334,0.8144262371066462,0.09792612175527038,0.8680677024215006,1.3528186181191366,0.5104398229990136,1.5242940066717114,0.960287118407388,0.017272446822326273,0.9760777881911903,0.9604295510658781,0.008154932359245986,0.965627731212624,1.0634928493116764,0.3727842740986202,1.271726755218216,0.7674142724916362,0.07199912471679036,0.8250829725829726,348.15,301.1942936046432,501.34999999999974,70.19137802864846,35.74131322569597,87.65655839020933,0.0,0.0,0.0044269561767578125,recovered_archive1/28,recovered_archive1/28/CAPorg1.jpg,4
13,41,1024,768,0.3170731707317073,0.24074074074074073,0.8337706353105137,0.08493559548610995,0.8917443500086056,1.3025547114716822,0.32721522057646557,1.8350334761990656,0.9712115214797957,0.015935781275930067,0.9851798894820928,0.9609439691922609,0.0074986178452509855,0.9716444282976383,1.134690929817157,0.14362410384701263,1.3214814814814815,0.7504452767418358,0.08735223299954327,0.8143849206349206,805.6153846153846,451.143510931523,1431.5000000000005,107.99954483187227,34.741164694189486,145.2562625309264,0.0,0.0,0.013317108154296875,recovered_archive1/28,recovered_archive1/28/CAPorg2.jpg,4
26,20,1024,768,1.3,0.5652173913043478,0.8093353993263671,0.08658360931919296,0.8825327445639948,1.408280878499378,0.268735454274549,1.7694298629928489,0.967248516594172,0.02507448854667311,0.98200287575991,0.9579321304499419,0.009397643018238146,0.9651178690719187,1.227223803134858,0.2141840051709143,1.4653209109730847,0.7370765340549602,0.08554773903204445,0.8255747498274673,938.0,706.1592896136765,1569.25,116.79610937489744,45.48520127064171,166.51828996322962,0.0,0.0,0.031010945638020832,recovered_archive1/28,recovered_archive1/28/CAPorg3.jpg,4
32,25,1024,768,1.28,0.5614035087719298,0.7921321061140092,0.09172124173444286,0.8757675329656255,1.4906991819206596,0.3345512196577318,2.087707121384127,0.9646625670109625,0.028983907448986906,0.9821110179231514,0.9535706962882471,0.013531416198316115,0.9627875894836672,1.2909407713292573,0.2776152063556126,1.747004608294931,0.7279332843600993,0.07586955244780547,0.7854289864093785,1406.734375,1169.8118237053595,2750.9500000000007,144.10950342949116,62.249604006693104,231.21748904055835,0.0,0.0,0.05724016825358073,recovered_archive1/28,recovered_archive1/28/CAPorg4.jpg,4
33,31,1024,768,1.064516129032258,0.515625,0.7907451767265007,0.10251421390208659,0.872041996970009,1.4442259755062006,0.3300734630260333,1.935781488984458,0.9664998457699581,0.03313015358628884,0.9839715899919289,0.9521489163121076,0.02048713390513497,0.967449017395075,1.181186244842585,0.32008868913892913,1.492,0.7278792362561578,0.09005316969752669,0.7996255677412208,1857.8181818181818,1404.058693725799,3564.1000000000004,166.24453617108517,71.6765879635338,257.89831149947963,0.0,0.0,0.0779571533203125,recovered_archive1/28,recovered_archive1/28/CAPorg5.jpg,4
30,19,1024,768,1.5789473684210527,0.6122448979591837,0.8105846855792062,0.0871067656700776,0.8759342307679548,1.3338378511076305,0.25015506237949414,1.65663793246134,0.9660224179694817,0.0367707882692901,0.983236271591281,0.9537603079628457,0.01826797853521785,0.9657153764755351,1.0392616186869021,0.26723789636812695,1.2855158730158731,0.7568214489975416,0.08021591310606757,0.82927220137586,1797.7833333333333,1310.4980394448855,2797.25,162.57006964967206,63.65193370129577,231.01059146347708,0.0,0.0,0.06857999165852864,recovered_archive1/28,recovered_archive1/28/CAPorg6.jpg,4
26,39,1024,768,0.6666666666666666,0.4,0.82151085022341,0.07836722002322824,0.8799569863467454,1.361942232585205,0.29435630710612565,1.7932685921491571,0.9690498719567289,0.028987060278868184,0.9837263530212286,0.9589384982603353,0.007354992021849463,0.9660066282055735,1.2331727415057934,0.29654382764051324,1.7037480063795853,0.76618749787184,0.07550445908931404,0.8251875812359684,970.4807692307693,540.1808721439305,1579.5,118.30337156020347,34.98122011902399,155.95331880577407,0.0,0.0,0.03208478291829427,recovered_archive1/28,recovered_archive1/28/CAPorg7.jpg,4
19,28,1024,768,0.6785714285714286,0.40425531914893614,0.7871520051714831,0.09200694586940428,0.8808602717045351,1.4168991056994729,0.34438200583671913,1.7822026696429936,0.9543929624013096,0.027015126741681654,0.9816612419286924,0.9536501130567059,0.009404854441761626,0.9632506629757909,1.1819563022153539,0.3568424059489769,1.592924528301887,0.7328547930952904,0.07106719186980026,0.8132222222222222,1182.0263157894738,836.0805878068688,2392.8999999999996,131.8488531163872,54.09001235729551,213.29444430272832,0.0,0.0,0.028557459513346355,recovered_archive1/28,recovered_archive1/28/CAPorg8.jpg,4
35,35,1024,768,1.0,0.5,0.7668541942503362,0.11973023042773469,0.8633608826203333,1.5858058451368438,0.5347407353584626,2.187145185564007,0.9543394936230414,0.034408343574881727,0.9790796543680157,0.9559010130864612,0.013247545171740045,0.9656830906541946,1.1976081019772276,0.32101513526822956,1.5128644939965694,0.7232638743518902,0.10126193026450808,0.8097218873080942,1060.7285714285715,1043.6210131957257,2162.500000000001,124.8287012291316,59.07080061576204,211.9508801440101,0.0,0.0,0.04720751444498698,recovered_archive1/28,recovered_archive1/28/CAPorg9.jpg,4
0,120,1024,768,0.0,0.0,,,,,,,,,,,,,,,,,,,,,,,,,,,0.0,recovered_archive1/34,recovered_archive1/34/CAPorg1.jpg,4
3,103,1024,768,0.02912621359223301,0.02830188679245283,0.7510356742197292,0.11277115945268026,0.8582248521239007,1.6276712127557262,0.2409308631893077,1.8721745349485666,0.9541119956567532,0.01992518232003129,0.9739146497684934,0.9557534566310645,0.013205625701293026,0.9692205929401622,1.2747273589378851,0.4722523854572291,1.7561877667140826,0.7006872354722615,0.04876656976244817,0.7498621553884712,708.8333333333334,702.6142058215321,1418.6000000000001,99.56447805865055,62.780373575756414,163.21950929411165,0.0,0.0,0.002703984578450521,recovered_archive1/34,recovered_archive1/34/CAPorg2.jpg,4
2,92,1024,768,0.021739130434782608,0.02127659574468085,0.8048875929145951,0.03955219080034894,0.8365293455548742,1.507440769468941,0.08818734331011924,1.5779906441170364,0.9755345974178613,0.004624132740869202,0.9792339036105567,0.9627694611782909,0.013581638137474317,0.9736347716882704,1.4264705882352942,0.07352941176470584,1.4852941176470589,0.8308736538093499,0.009262400612418897,0.838283574299285,766.0,519.0,1181.2,102.9411254969543,42.313708498984774,136.7920922961421,0.0,0.0,0.0019480387369791667,recovered_archive1/34,recovered_archive1/34/CAPorg3.jpg,4
6,102,1024,768,0.058823529411764705,0.05555555555555555,0.816710173031983,0.049095485253472675,0.863573527835031,1.4098451187356122,0.24700715893875116,1.6939555971606626,0.9666124534301588,0.007010824302073077,0.9752331002331014,0.9647907792531166,0.004492340305899564,0.9699161406757946,1.1797922125839584,0.19308609612259356,1.391705069124424,0.7780703610964116,0.06606247055330702,0.8355327468230694,344.0833333333333,328.1242671949489,666.25,67.4962842372356,29.489189769101575,96.81980515339464,0.0,0.0,0.002625147501627604,recovered_archive1/34,recovered_archive1/34/CAPorg4.jpg,4
0,34,1024,768,0.0,0.0,,,,,,,,,,,,,,,,,,,,,,,,,,,0.0,recovered_archive1/34,recovered_archive1/34/CAPorg5.jpg,4
3,90,1024,768,0.03333333333333333,0.03225806451612903,0.8049353567393838,0.05424808496857222,0.8536369858273671,1.4047996193710857,0.3619701976649403,1.7722211406038975,0.9699583423822186,0.01002493569276842,0.980027081299165,0.96191997316157,0.0068553645739616465,0.9687260870726095,0.9283757441652178,0.023794192926554863,0.9456456456456457,0.7241830065359478,0.07754950849408929,0.7909803921568628,488.8333333333333,387.11891655608304,875.0,80.29814810090944,30.13470957206576,110.22051942088827,0.0,0.0,0.0018647511800130208,recovered_archive1/34,recovered_archive1/34/CAPorg6.jpg,4
0,87,1024,768,0.0,0.0,,,,,,,,,,,,,,,,,,,,,,,,,,,0.0,recovered_archive1/34,recovered_archive1/34/CAPorg7.jpg,4
11,43,1024,768,0.2558139534883721,0.2037037037037037,0.7433808853093442,0.12404953883568043,0.845833322793708,1.9524298359348775,1.1746434390618978,2.646291496864412,0.9685163239046926,0.010432224782791436,0.979686057248384,0.9598489072716604,0.004454206790845719,0.9616983347281476,1.719785185053972,1.0078642292594915,2.411764705882353,0.7468558125644376,0.04574492586683792,0.8161538461538461,1210.8636363636363,1098.9166378117607,2619.0,128.97786297828213,62.918817282414686,202.1665222413705,0.0,0.0,0.016936620076497395,recovered_archive1/41,recovered_archive1/41/CAPorg1.jpg,4
19,43,1024,768,0.4418604651162791,0.3064516129032258,0.792717317534431,0.10399991711677108,0.8734969090067617,1.5117732701850473,0.4203839410790584,2.1069038157935247,0.9536763401679339,0.054073838522432034,0.9793073426837898,0.9564545483822006,0.025770599809471953,0.9751882652173611,0.9155811475433527,0.2831079918267976,1.2997578692493947,0.7854028243433527,0.0879127749964694,0.8669635126777984,714.8421052631579,511.38725290886276,1220.0,103.81908554259282,43.52778940199098,140.7910821693654,0.0,0.05263157894736842,0.017270406087239582,recovered_archive1/41,recovered_archive1/41/CAPorg10.jpg,4
14,42,1024,768,0.3333333333333333,0.25,0.8018247991124126,0.07430727480400212,0.8529644272714036,1.3711710278608782,0.2464812700480529,1.6944028479980626,0.9628751961255951,0.022940783128629752,0.9788945782408092,0.955813378388555,0.016275805706451367,0.9704314856456593,1.1393683745350878,0.16583338763022792,1.320144578313253,0.7403067868873637,0.06284751082998899,0.8025,882.4285714285714,1248.1939217631732,1612.0500000000004,104.15679235293685,71.2389508420861,153.1917964368591,0.0,0.0,0.01570892333984375,recovered_archive1/41,recovered_archive1/41/CAPorg11.jpg,4
1,36,1024,768,0.027777777777777776,0.02702702702702703,0.6371216943297261,0.0,0.6371216943297261,1.755426012946088,0.0,1.755426012946088,0.8917231300650998,0.0,0.8917231300650998,0.9287328311868014,0.0,0.9287328311868014,0.75,0.0,0.75,0.5778236914600551,0.0,0.5778236914600551,3356.0,0.0,3356.0,257.27922061357856,0.0,257.27922061357856,0.0,0.0,0.004267374674479167,recovered_archive1/41,recovered_archive1/41/CAPorg12.jpg,4
1,47,1024,768,0.02127659574468085,0.020833333333333332,0.856844716267426,0.0,0.856844716267426,1.1580941135105642,0.0,1.1580941135105642,0.9770742358078596,0.0,0.9770742358078596,0.9642794199070429,0.0,0.9642794199070429,0.96,0.0,0.96,0.7458333333333333,0.0,0.7458333333333333,447.5,0.0,447.5,81.01219330881975,0.0,81.01219330881975,0.0,0.0,0.0005690256754557291,recovered_archive1/41,recovered_archive1/41/CAPorg13.jpg,4
0,1,1024,768,0.0,0.0,,,,,,,,,,,,,,,,,,,,,,,,,,,0.0,recovered_archive1/41,recovered_archive1/41/CAPorg14.jpg,4
0,6,1024,768,0.0,0.0,,,,,,,,,,,,,,,,,,,,,,,,,,,0.0,recovered_archive1/41,recovered_archive1/41/CAPorg15.jpg,4
0,20,1024,768,0.0,0.0,,,,,,,,,,,,,,,,,,,,,,,,,,,0.0,recovered_archive1/41,recovered_archive1/41/CAPorg16.jpg,4
3,22,1024,768,0.13636363636363635,0.12,0.8236839883582618,0.022006919820779944,0.8458010580301396,1.358153048648106,0.15728904528460286,1.5176792103736148,0.969897161346871,0.004406003441445401,0.9731398141585954,0.967066111608233,0.005429673322121091,0.9709875488573763,0.8313492063492062,0.12065710948818073,0.9369047619047619,0.8203000992063493,0.0580957820038684,0.8638095238095238,425.6666666666667,172.86041253630694,601.9,78.95093791412857,15.916137239689423,95.177878733769,0.0,0.0,0.0016237894694010417,recovered_archive1/41,recovered_archive1/41/CAPorg17.jpg,4
6,71,1024,768,0.08450704225352113,0.07792207792207792,0.7442254411798134,0.08820204184643698,0.860315993944068,1.7334904932882769,0.30742965886868434,2.003217237476522,0.9588465070652209,0.029064143266203206,0.9865242848289114,0.9622512512559167,0.01654630438706753,0.9799981738526372,1.4991522366522367,0.5041175045956929,1.9863636363636363,0.7695111232240858,0.05215006920823857,0.8385899814471243,801.0,547.3281313191688,1437.25,109.3455266421531,52.80572130288969,166.34671708797586,0.0,0.0,0.00611114501953125,recovered_archive1/41,recovered_archive1/41/CAPorg2.jpg,4
11,42,1024,768,0.2619047619047619,0.20754716981132076,0.7680307963141295,0.11557334959719887,0.8484235520742718,1.627228478875896,0.5863430627284295,1.6692823717844947,0.9649456499437171,0.027149496674796946,0.9827742520398912,0.9647432227388909,0.0101351547297601,0.9778705082031498,1.316238259993442,0.5959495821539497,1.5333333333333334,0.7235396843354613,0.05828230920702895,0.7855072463768116,932.8181818181819,1016.0461530481608,1803.5,111.9509116549838,79.20707169376837,171.68124086713192,0.0,0.0,0.013047536214192709,recovered_archive1/41,recovered_archive1/41/CAPorg3.jpg,4
7,38,1024,768,0.18421052631578946,0.15555555555555556,0.8419368539671002,0.011241735158005518,0.8567884279533247,1.2918099763237925,0.15173156368507518,1.4965620930396468,0.9745077287549594,0.006879563482577068,0.982766421114262,0.9609325238996157,0.003289042793873033,0.9657299001157447,1.0472996216030273,0.24785718299512838,1.35,0.752541832573404,0.04899439173624199,0.8002767614222723,885.6428571428571,464.1901330186121,1383.6,109.50936912887052,34.44568114891994,143.99595949289335,0.0,0.0,0.007883071899414062,recovered_archive1/41,recovered_archive1/41/CAPorg4.jpg,4
14,19,1024,768,0.7368421052631579,0.42424242424242425,0.6738512298622782,0.18181352131996475,0.8292566624358432,1.7327002747697535,0.5957833144805658,2.343890847680854,0.9116294427227523,0.13991679969386395,0.9728702538332212,0.9539512827301033,0.019431207123140337,0.9712187034804977,1.2350718397629152,0.34125815596677406,1.6800925925925927,0.6267325767770957,0.16316561378261488,0.7699242424242425,398.0,314.43140292098235,948.3500000000004,87.54895892494558,47.83024299837259,144.3474313554695,0.07142857142857142,0.07142857142857142,0.007085164388020833,recovered_archive1/41,recovered_archive1/41/CAPorg5.jpg,4
0,40,1024,768,0.0,0.0,,,,,,,,,,,,,,,,,,,,,,,,,,,0.0,recovered_archive1/41,recovered_archive1/41/CAPorg6.jpg,4
7,20,1024,768,0.35,0.25925925925925924,0.7638315542689742,0.12035114899145424,0.8624551369002866,1.5934433013431206,0.5079971315314886,2.21136263154511,0.9627436103067415,0.021354711360708403,0.9837925130323223,0.9568374554857202,0.010041995751817412,0.9675930535439735,1.1357034974460891,0.34712547881609884,1.488235294117647,0.705817977293412,0.1028437193774133,0.788634306584888,1392.642857142857,1273.9504844124413,2593.500000000001,143.4232219316805,83.1090136529266,221.30134187980963,0.0,0.0,0.012395858764648438,recovered_archive1/41,recovered_archive1/41/CAPorg7.jpg,4
11,55,1024,768,0.2,0.16666666666666666,0.8156849051058832,0.0791626680711744,0.8787000110250486,1.4039368655090827,0.28024419433469094,1.784862151091982,0.9697067761920622,0.026606541437561766,0.9834682860998638,0.9607715614054068,0.010281677875163816,0.9711032676220684,1.2846805067348945,0.3312844838173098,1.6875,0.7702681830696689,0.0610406068775006,0.8106641123882503,976.5909090909091,811.6103190062059,2486.0,112.93374648971499,47.03653459957946,188.85281374238573,0.0,0.0,0.013659795125325521,recovered_archive1/41,recovered_archive1/41/CAPorg8.jpg,4
24,50,1024,768,0.48,0.32432432432432434,0.797917812340618,0.0769428136589817,0.8761379463658462,1.5217031728266635,0.4264246242291846,2.2221556088829466,0.9632338434112606,0.02283567034822115,0.9798643294231657,0.9617819355662495,0.012341994753925906,0.9748305341373386,1.3294055200181403,0.4080854864093364,2.0318181818181817,0.7674095801204771,0.0674797504921483,0.8154166666666667,504.125,453.12885055835204,927.4,81.98156561147415,39.374135648682525,119.4256926036992,0.0,0.0,0.015384674072265625,recovered_archive1/41,recovered_archive1/41/CAPorg9.jpg,4
0,102,1024,768,0.0,0.0,,,,,,,,,,,,,,,,,,,,,,,,,,,0.0,recovered_archive1/52,recovered_archive1/52/CAPorg1.jpg,4
1,55,1024,768,0.01818181818181818,0.017857142857142856,0.8717355933740347,0.0,0.8717355933740347,1.2712082895725096,0.0,1.2712082895725096,0.9703703703703722,0.0,0.9703703703703722,0.9836021517041311,0.0,0.9836021517041311,1.0,0.0,1.0,0.808641975308642,0.0,0.808641975308642,65.5,0.0,65.5,30.72792206135785,0.0,30.72792206135785,0.0,0.0,8.328755696614583e-05,recovered_archive1/52,recovered_archive1/52/CAPorg2.jpg,4
1,46,1024,768,0.021739130434782608,0.02127659574468085,0.8129767043135544,0.0,0.8129767043135544,1.2877896144697303,0.0,1.2877896144697303,0.9661503155479058,0.0,0.9661503155479058,0.9529139525049067,0.0,0.9529139525049067,0.8108108108108109,0.0,0.8108108108108109,0.7585585585585586,0.0,0.7585585585585586,842.0,0.0,842.0,114.08326112068524,0.0,114.08326112068524,0.0,0.0,0.0010706583658854167,recovered_archive1/52,recovered_archive1/52/CAPorg3.jpg,4
4,47,1024,768,0.0851063829787234,0.0784313725490196,0.8685725487568601,0.01876134929940918,0.8874858872178276,1.209689384596957,0.1537632865649209,1.377411698978101,0.9708220151770519,0.008745487362690702,0.9781876861966238,0.9743182507569996,0.008563370203650047,0.9823835482147755,0.9772727272727273,0.039364791081110864,1.0,0.8369511170647534,0.017840696727234373,0.8523966942148761,124.375,28.183272964650502,156.1,42.202795795510774,5.1875364004441185,48.0048773235279,0.0,0.0,0.0006326039632161459,recovered_archive1/52,recovered_archive1/52/CAPorg4.jpg,4
0,36,1024,768,0.0,0.0,,,,,,,,,,,,,,,,,,,,,,,,,,,0.0,recovered_archive1/52,recovered_archive1/52/CAPorg5.jpg,4
0,53,1024,768,0.0,0.0,,,,,,,,,,,,,,,,,,,,,,,,,,,0.0,recovered_archive1/52,recovered_archive1/52/CAPorg6.jpg,4
17,60,1024,768,0.2833333333333333,0.22077922077922077,0.7995081304556911,0.09708794962683814,0.8832306622564814,1.5664722625872625,0.46799833371547506,2.292152683654613,0.9668790052927488,0.017177417645909545,0.9801819256440194,0.9627488154553115,0.011656368850990799,0.970494803853991,1.2941833498284567,0.4278858117542925,1.7583333333333333,0.7681071815475686,0.09290580513622661,0.8385732323232323,735.0588235294117,805.3280092124857,1737.6000000000004,98.43476779023587,60.037491010931056,167.51067811865482,0.0,0.0,0.015889485677083332,recovered_archive1/53,recovered_archive1/53/CAPorg1.jpg,4
15,50,1024,768,0.3,0.23076923076923078,0.7518722035577398,0.12333287005950724,0.8769749186647643,1.5380231118843957,0.6040799021366747,2.2975066525910424,0.948524574075005,0.03735061315637993,0.9821900889287473,0.9463670432019989,0.026984230197712563,0.9660533649012534,1.2106865752730043,0.6880705811427361,1.9201581027667982,0.7320123243648665,0.0691752159381759,0.8080104106419895,1541.8333333333333,1648.3684323866703,3930.7999999999993,146.02228466480113,89.68220291020731,273.73607486307094,0.0,0.0,0.02940813700358073,recovered_archive1/53,recovered_archive1/53/CAPorg2.jpg,4
20,59,1024,768,0.3389830508474576,0.25316455696202533,0.780581919661586,0.14591938765821932,0.8874827997353324,1.4150610432392505,0.3228694380528041,1.7609507732931995,0.9479125954367777,0.06211895702196036,0.980031980319803,0.9405400354850318,0.05055344216998678,0.9678422149476076,1.1466910306260154,0.3387385099128713,1.6039473684210528,0.742565263690333,0.0920348311451953,0.8148295243403939,1255.725,1666.7072139026095,2849.950000000002,133.86889962867062,104.15464139512822,243.9554616082551,0.0,0.05,0.03193473815917969,recovered_archive1/53,recovered_archive1/53/CAPorg3.jpg,4
20,94,1024,768,0.2127659574468085,0.17543859649122806,0.7735506121464353,0.15388580722132786,0.8708692761665399,2.408060833617182,2.8775887021981665,3.02034816403949,0.9637161652998205,0.020014815985520917,0.9823526434765005,0.9664353464802247,0.013554900817578973,0.9841380381760156,1.4930450264995243,0.9897841794834381,2.1506637168141625,0.7743944479552815,0.06641688598322469,0.8734063959755659,4002.975,10899.19839652784,5047.250000000049,177.93681451127856,331.57609163371757,267.9966737603884,0.0,0.0,0.10180091857910156,recovered_archive1/53,recovered_archive1/53/CAPorg4.jpg,4
17,54,1024,768,0.3148148148148148,0.23943661971830985,0.7981658029446711,0.10294283189149073,0.8889717198554734,1.3976875254863896,0.31836632485537597,1.796677296339275,0.9568605449339911,0.035021769037379066,0.9821490935525687,0.9610598365370433,0.015668299289726784,0.9782662675639565,0.9943667435701812,0.33137696781659837,1.261111111111111,0.7477277801962372,0.09605969610504787,0.8204344193817878,578.2058823529412,621.0584669555377,1037.7,86.73163138989621,49.5424650084076,135.97098115668774,0.0,0.0,0.012498855590820312,recovered_archive1/53,recovered_archive1/53/CAPorg5.jpg,4
3,35,1024,768,0.08571428571428572,0.07894736842105263,0.8388923383569825,0.042379802431363134,0.8754278666934961,1.2640983837495685,0.11607001769344209,1.3571832526070016,0.9686961909756212,0.010026363183249546,0.9772392711327238,0.958970639495504,0.003429263868766062,0.9619094054418003,1.1825396825396826,0.16619358405850737,1.35,0.7436453570032002,0.04040567144917649,0.7841575091575091,705.8333333333334,410.9303130972723,1123.3,99.49747468305833,31.619974680408568,131.66803743153548,0.0,0.0,0.002692540486653646,recovered_archive1/53,recovered_archive1/53/CAPorg6.jpg,4
1,38,1024,768,0.02631578947368421,0.02564102564102564,0.8663908417751826,0.0,0.8663908417751826,1.1704179640368022,0.0,1.1704179640368022,0.9718423169750605,0.0,0.9718423169750605,0.9553702127245374,0.0,0.9553702127245374,1.1153846153846154,0.0,1.1153846153846154,0.8010610079575596,0.0,0.8010610079575596,604.0,0.0,604.0,93.59797974644667,0.0,93.59797974644667,0.0,0.0,0.0007680257161458334,recovered_archive1/57,recovered_archive1/57/CAPorg1.jpg,4
3,35,1024,768,0.08571428571428572,0.07894736842105263,0.7887527272357353,0.05062598307230983,0.8389347405404575,1.5290878107624755,0.287724065777951,1.797738500332792,0.9631973190207296,0.012626739752941228,0.9760710443297655,0.9606824653641709,0.006468482326852549,0.9669418383318332,1.3719298245614036,0.41188110534097544,1.74,0.7702832991336508,0.01444628851389326,0.7839860403697416,429.0,353.7268249181375,785.8000000000001,75.11269837220809,29.864716608852543,105.4205194208883,0.0,0.0,0.001636505126953125,recovered_archive1/57,recovered_archive1/57/CAPorg2.jpg,4
1,54,1024,768,0.018518518518518517,0.01818181818181818,0.9227272612294994,0.0,0.9227272612294994,1.1837063198256617,0.0,1.1837063198256617,0.999999999999999,0.0,0.999999999999999,1.0,0.0,1.0,1.0,0.0,1.0,0.8888888888888888,0.0,0.8888888888888888,72.0,0.0,72.0,31.31370849898476,0.0,31.31370849898476,0.0,0.0,9.1552734375e-05,recovered_archive1/57,recovered_archive1/57/CAPorg3.jpg,4
3,38,1024,768,0.07894736842105263,0.07317073170731707,0.8620853215438883,0.01768397539235577,0.8796617398497634,1.1366475546941992,0.028870182652679474,1.1660870868517006,0.9759119542641882,0.007100016687551444,0.9830936269814751,0.9570610395585604,0.004627894136995671,0.9616919554339519,1.0092691622103387,0.10761056815971612,1.1163636363636364,0.7496536796536796,0.022868474988328842,0.7695021645021645,1365.3333333333333,928.2304251758947,2295.5,133.21558432724188,43.88821120725524,177.495454429505,0.0,0.0,0.005208333333333333,recovered_archive1/57,recovered_archive1/57/CAPorg4.jpg,4
0,29,1024,768,0.0,0.0,,,,,,,,,,,,,,,,,,,,,,,,,,,0.0,recovered_archive1/57,recovered_archive1/57/CAPorg5.jpg,4
0,31,1024,768,0.0,0.0,,,,,,,,,,,,,,,,,,,,,,,,,,,0.0,recovered_archive1/57,recovered_archive1/57/CAPorg6.jpg,4
0,37,1024,768,0.0,0.0,,,,,,,,,,,,,,,,,,,,,,,,,,,0.0,recovered_archive1/83,recovered_archive1/83/CAPorg1.jpg,4
2,61,1024,768,0.03278688524590164,0.031746031746031744,0.8800712612728374,0.008953316512332332,0.8872339144827033,1.1737557875403541,0.1055609726752812,1.258204565680579,0.9794094098677755,0.000868637335586564,0.9801043197362447,0.9659854228785535,0.014424870579780702,0.9775253193423781,1.0687103594080338,0.022198731501057,1.0864693446088793,0.8235494479680526,0.04008691566831102,0.8556189805027015,815.0,701.0,1375.8,94.01219330881976,53.87005768508881,137.1082394568908,0.0,0.0,0.0020726521809895835,recovered_archive1/83,recovered_archive1/83/CAPorg2.jpg,4
4,26,1024,768,0.15384615384615385,0.13333333333333333,0.8532052863839847,0.01834557732050391,0.8728796366673767,1.1409075671692324,0.04923145964027764,1.1838253865366277,0.9743713052407117,0.009456212214957072,0.983582274505427,0.954502779247175,0.0051384499968052865,0.9599843800182905,1.0923095509302405,0.1047136126311393,1.1788888888888889,0.7625349069106758,0.02099362353096527,0.7844821385720199,1660.875,1132.603051326898,2822.85,143.23580438450185,61.09293358835058,201.55647173503166,0.0,0.0,0.008447647094726562,recovered_archive1/83,recovered_archive1/83/CAPorg3.jpg,4
6,31,1024,768,0.1935483870967742,0.16216216216216217,0.8709453345638919,0.011474446385649446,0.8842884751437086,1.1466187556090983,0.04430639107105729,1.200482452891862,0.9736674998631241,0.008527858744095155,0.9846309862565847,0.9676494398230253,0.010665572455748446,0.9817243161134905,0.9928571428571429,0.07707378177360608,1.0763157894736843,0.8191845003302357,0.04255985685049331,0.8753014842300557,348.5833333333333,395.6086467569799,745.5,63.162950903902264,31.695035130032142,96.84062043356596,0.0,0.0,0.002659479777018229,recovered_archive1/83,recovered_archive1/83/CAPorg4.jpg,4
1,76,1024,768,0.013157894736842105,0.012987012987012988,0.831427548676302,0.0,0.831427548676302,1.9501359703954753,0.0,1.9501359703954753,0.9809523809523802,0.0,0.9809523809523802,0.9872294759974647,0.0,0.9872294759974647,0.6,0.0,0.6,0.8583333333333333,0.0,0.8583333333333333,51.5,0.0,51.5,27.899494936611664,0.0,27.899494936611664,0.0,0.0,6.548563639322917e-05,recovered_archive1/83,recovered_archive1/83/CAPorg5.jpg,4
0,41,1024,768,0.0,0.0,,,,,,,,,,,,,,,,,,,,,,,,,,,0.0,recovered_archive1/83,recovered_archive1/83/CAPorg6.jpg,4
4,58,1024,768,0.06896551724137931,0.06451612903225806,0.8340731275053549,0.044791945318772446,0.8739988801593661,1.2427350284095673,0.13948074549875641,1.3873029626028064,0.9602481203976571,0.022909564806177275,0.9792058573338196,0.9570941269602946,0.015274347624778051,0.9718359893097657,0.9273076923076923,0.16131786932587347,1.0717948717948718,0.7776050368425376,0.05325960373688007,0.8283546099290781,859.5,702.8368409524361,1654.95,102.3761543394987,49.750757554063796,155.68052659963828,0.0,0.0,0.00437164306640625,recovered_archive1/83,recovered_archive1/83/CAPorg7.jpg,4
6,61,1024,768,0.09836065573770492,0.08955223880597014,0.8546954008366798,0.024867484399030245,0.8798639574205899,1.2331785313853532,0.1264243078802975,1.368500994279597,0.9746027290428048,0.007293625295467081,0.9818561396375081,0.9601664581652978,0.005473861050142596,0.9662164870509528,1.0814373131798005,0.07933933482747277,1.1711111111111112,0.7615821680307157,0.035169529192337824,0.802360248447205,784.3333333333334,527.327591624873,1343.25,99.94518993322754,37.893635885466175,138.34671708797583,0.0,0.0,0.005983988444010417,recovered_archive1/83,recovered_archive1/83/CAPorg8.jpg,4
6,61,1024,768,0.09836065573770492,0.08955223880597014,0.7922565993999836,0.07863925911642132,0.8713386829622007,1.3864049810794103,0.24796066904770486,1.6689969601491068,0.9621910837678369,0.018466580005715584,0.9799989503516328,0.9654907194099055,0.00955689704632682,0.9768591051037041,1.066604891114695,0.4142097860504653,1.557486631016043,0.7547786331181617,0.06694042052897195,0.8364812951614378,409.8333333333333,324.2974029429708,833.25,74.19357860124785,28.88900487536252,110.44722215136416,0.0,0.0,0.0031267801920572915,recovered_archive1/83,recovered_archive1/83/CAPorg9.jpg,4
8,56,1024,768,0.14285714285714285,0.125,0.8212577897164414,0.09864873620598652,0.8807210874850304,1.4208040183422628,0.662203021621939,1.8526018030131035,0.9694535337393709,0.014423265631148529,0.9786366052445074,0.9622826645344966,0.005357844104474017,0.9684575454049525,1.2761209333998167,0.48717380998186105,1.667588932806324,0.7915120134754237,0.03092187381107805,0.8251449275362319,806.4375,486.1143408126837,1259.1999999999998,109.89607678530294,39.92296864015856,144.87737367038065,0.0,0.0,0.008203506469726562,recovered_archive1/86,recovered_archive1/86/CAPorg1.jpg,4
4,39,1024,768,0.10256410256410256,0.09302325581395349,0.8564338633900594,0.0282862089297404,0.8775859004626653,1.212987553044131,0.19634631602824487,1.4284050865589992,0.9745643373989291,0.01435465648913177,0.9857156373038727,0.9605956794636896,0.006155016232384131,0.9671801781382641,0.9497623300031628,0.17011870921417166,1.11983032873807,0.779718082523115,0.027271503231593216,0.8110145303580695,1893.5,1346.9251556786664,3321.9500000000003,147.33199846221441,74.3438262793247,216.67850634608496,0.0,0.0,0.009630839029947916,recovered_archive1/86,recovered_archive1/86/CAPorg2.jpg,4
1,41,1024,768,0.024390243902439025,0.023809523809523808,0.8711101486013192,0.0,0.8711101486013192,1.1621418937201422,0.0,1.1621418937201422,0.9833518312985567,0.0,0.9833518312985567,0.9738966760010603,0.0,0.9738966760010603,1.2380952380952381,0.0,1.2380952380952381,0.8113553113553114,0.0,0.8113553113553114,443.0,0.0,443.0,79.94112549695427,0.0,79.94112549695427,0.0,0.0,0.0005633036295572916,recovered_archive1/86,recovered_archive1/86/CAPorg3.jpg,4
4,22,1024,768,0.18181818181818182,0.15384615384615385,0.7391276385105597,0.10878947215411384,0.8316923030048105,2.5455256716047447,1.2925289377691112,3.9942825823135673,0.9785121747350631,0.009681570129074531,0.987656960365119,0.9707235000822334,0.012413254324321563,0.9822874884312296,0.6861910774410774,0.24990784966714416,0.8878333333333334,0.7947703806198824,0.07978628631627267,0.8843882858435097,1659.75,1597.9277400746255,3491.55,140.29036790187178,82.32617547333612,233.50651506262054,0.0,0.0,0.008441925048828125,recovered_archive1/86,recovered_archive1/86/CAPorg4.jpg,4
5,22,1024,768,0.22727272727272727,0.18518518518518517,0.8360353670873973,0.009478687838151733,0.8466496496459668,1.324824892064369,0.15504635327214863,1.4905557813876709,0.9738102644848331,0.004421752568758592,0.978233138950518,0.9637688599304368,0.005017638956583967,0.9695469220371236,0.9179626809971637,0.18070259241346717,1.1316614420062696,0.7721101899688947,0.02227310260522771,0.796256157635468,564.9,254.2621481856865,850.4000000000001,89.88082245892129,20.414865980008923,112.60874452027913,0.0,0.0,0.0035915374755859375,recovered_archive1/86,recovered_archive1/86/CAPorg5.jpg,4
5,57,1024,768,0.08771929824561403,0.08064516129032258,0.8761799710540892,0.014877179680162032,0.8910580666889801,1.0971490643234292,0.04125593812580707,1.1459571607124082,0.9862151246491171,0.0009519865659000171,0.9873161522357048,0.95599685953046,0.007175118335313993,0.9642970799695194,1.0452944145216443,0.06964841419711161,1.1034737620103474,0.7993516091344285,0.02111230648488926,0.817380366726297,4233.5,1965.3504267687226,6242.3,237.4032754781852,68.50998867763411,301.3395236516116,0.0,0.0,0.026915868123372395,recovered_archive1/89,recovered_archive1/89/CAPorg1.jpg,4
13,54,1024,768,0.24074074074074073,0.19402985074626866,0.8405013533559103,0.05300237627492894,0.8785914802062103,1.2930847302846986,0.2595055201338472,1.6392833045179367,0.979024943461459,0.010943146134422571,0.9868492006471924,0.9552038382467403,0.00622079516051698,0.9632952477577761,1.127038096477989,0.2103119744365167,1.4118037135278514,0.7871337987982733,0.0418525913958705,0.819258377425044,3638.346153846154,2468.1474552681702,6549.800000000001,222.67312119811106,77.98799688760704,313.48998538741114,0.0,0.0,0.06014315287272135,recovered_archive1/89,recovered_archive1/89/CAPorg2.jpg,4
15,52,1024,768,0.28846153846153844,0.22388059701492538,0.8269795265749688,0.026111912099236478,0.8606783478132691,1.3498179416170575,0.1742802551454117,1.5516983295459381,0.9750106265462066,0.006844217754546186,0.9820957134074194,0.9606180875678445,0.005814782001598574,0.9672391043624168,1.053038810769647,0.23442059859133088,1.3542857142857143,0.7589929111444431,0.033417834241711866,0.7901971099887767,956.6666666666666,754.4483783238953,1423.3999999999999,112.85645977044834,43.77770190869335,146.2989032180456,0.0,0.0,0.018246968587239582,recovered_archive1/89,recovered_archive1/89/CAPorg3.jpg,4
16,68,1024,768,0.23529411764705882,0.19047619047619047,0.8345190479926153,0.020255444133112654,0.8574491385540917,1.2975055327217202,0.14382347729513908,1.430699942411662,0.9737649661245509,0.011228744796306542,0.9826938620500556,0.957811985921575,0.0072669376300433,0.9655814990292481,0.9558817711075325,0.12716938790786753,1.1180555555555556,0.7610099737967966,0.04063541101723994,0.8089606614315916,1599.0625,1348.5918451643365,3228.0,140.411056916196,67.67720737743474,220.72287142747453,0.0,0.0,0.03253300984700521,recovered_archive1/89,recovered_archive1/89/CAPorg4.jpg,4
8,44,1024,768,0.18181818181818182,0.15384615384615385,0.8636475187947585,0.013364040637637183,0.879606834655543,1.2411543142021761,0.04870562636803863,1.3111830086589304,0.9810740712583206,0.004382184331811831,0.9844255679676231,0.9567588255952177,0.004068967849441095,0.9624744894008684,1.042088267336112,0.05995441784597053,1.1219827586206896,0.7659724519567646,0.02242827484863694,0.787037002784457,1493.25,679.6168497764016,2255.35,143.4429111656884,33.774897011287074,180.1113923861484,0.0,0.0,0.01519012451171875,recovered_archive1/89,recovered_archive1/89/CAPorg5.jpg,4
12,55,1024,768,0.21818181818181817,0.1791044776119403,0.773180351071061,0.10152741005413594,0.853457006389088,1.4971068147666478,0.6229722035161088,1.9783708299336726,0.9618670294771281,0.028914762113151193,0.9789581354002099,0.9513861463566081,0.011992787857536382,0.9660495212063295,0.8928174443894683,0.28362454080915744,1.1702849389416554,0.7448105321183057,0.04751278763956365,0.7914051737735949,1587.125,1096.5739092927877,3310.85,154.13123488484027,57.29962624878066,245.34642122869283,0.0,0.0,0.024217605590820312,recovered_archive1/95,recovered_archive1/95/CAPorg1.jpg,4
13,55,1024,768,0.23636363636363636,0.19117647058823528,0.8101499048904851,0.0977088783307098,0.8709762112585451,1.4631878002503842,0.33325242916283954,1.5589495940929463,0.967857814078189,0.03207955039574963,0.9814877276706658,0.9596739881055419,0.007689720639504945,0.9666887124004552,1.0183507807278902,0.2686368434741896,1.3145454545454545,0.745879690146068,0.10962074005265897,0.8249350324837581,1205.8076923076924,638.9001829605172,1942.4,130.784787355081,41.63562708680547,171.27636354360402,0.0,0.0,0.01993242899576823,recovered_archive1/95,recovered_archive1/95/CAPorg2.jpg,4
31,62,1024,768,0.5,0.3333333333333333,0.8357862114515274,0.04688952724752617,0.8752707713809195,1.3075602859523152,0.21804717200267787,1.6017968782874963,0.9728355929988538,0.011829428038622847,0.9822840873141416,0.9614661603499346,0.01143011732079866,0.9801201912460394,1.0849411206580535,0.20857942449580893,1.3478260869565217,0.761442124739949,0.05060188889941914,0.8221153846153846,928.7258064516129,699.2209240464343,2053.0,108.9508238401281,48.05236754640502,177.3380951166243,0.0,0.0,0.03660901387532552,recovered_archive1/95,recovered_archive1/95/CAPorg3.jpg,4
24,59,1024,768,0.4067796610169492,0.2891566265060241,0.8100216597127524,0.061933441737664546,0.8698661331822459,1.384061112344913,0.31869441561697903,1.8608103303444328,0.9700470198735721,0.015661853153889457,0.9811841911549294,0.9567464962696205,0.006736996197185325,0.9651018502522825,1.0868616592557625,0.3060083411853773,1.4657097288676235,0.7538914261472526,0.059477923613848814,0.8083333333333333,1142.9166666666667,986.7092685059544,1801.6499999999999,122.90432893255071,48.17023751173126,165.55748186180833,0.0,0.0,0.034879048665364586,recovered_archive1/95,recovered_archive1/95/CAPorg4.jpg,4
13,45,1024,768,0.28888888888888886,0.22413793103448276,0.8334434533321293,0.051471572100165675,0.8718485305628538,1.3059896538245725,0.21719938426241353,1.6399713849974495,0.9745391009637582,0.006948172575004996,0.9843269776145102,0.959006396112845,0.009903362812528849,0.9677304040159637,1.128650673051198,0.2836052886307088,1.6027290448343081,0.776881992189996,0.06080606901001678,0.8188635840809754,1544.9615384615386,1637.668681406337,3426.1,134.46616153787093,74.93526576089533,240.1346463280837,0.0,0.0,0.02553876241048177,recovered_archive1/95,recovered_archive1/95/CAPorg5.jpg,4
11,63,1024,768,0.1746031746031746,0.14864864864864866,0.8014414301263336,0.13211376633855107,0.8668862025048173,1.4927520407037342,0.5958733021559321,1.8592063548751647,0.9583812518553643,0.05316068241728395,0.9838420107719924,0.9583711821234153,0.007574888265669495,0.966078491996673,1.1888218944840216,0.5903083542217729,1.411764705882353,0.737793774769835,0.07769118183507047,0.7788461538461539,974.9090909090909,564.3348384756654,1644.0,121.43351691544757,52.268604653839624,154.02438661763955,0.0,0.09090909090909091,0.013636271158854166,recovered_archive1/95,recovered_archive1/95/CAPorg6.jpg,4
21,102,1024,768,0.20588235294117646,0.17073170731707318,0.7886791124248761,0.12216215321932923,0.8901500585398724,1.422278413774843,0.3657632921825474,1.9635812014460432,0.9555851570005522,0.03187203459867617,0.9820627802690596,0.9606223477289507,0.021700312647847237,0.9760489497008428,1.0594986812594296,0.29460985176030463,1.3870967741935485,0.7282423339601836,0.11416514831741019,0.835,1396.9761904761904,3950.6907156072702,1138.5,112.06329615895872,146.91102650198363,144.4680374315355,0.0,0.0,0.03730328877766927,recovered_archive2/104,recovered_archive2/104/CAPorg1.jpg,4
19,47,1024,768,0.40425531914893614,0.2878787878787879,0.8149395535439088,0.09114810967188978,0.8759886130995853,1.4919446270134347,0.4553814427376587,2.3086032418701636,0.9707611090917894,0.016132717271767835,0.9813821282643455,0.9630400142424679,0.01084442409472801,0.9761028689377336,1.2275410969372782,0.3637311418194124,1.6590909090909092,0.7760438756223416,0.09092756943928385,0.8412773029439696,572.8421052631579,382.04618943097154,1037.1,87.33637118073734,33.58050968518042,122.85138520739842,0.0,0.0,0.0138397216796875,recovered_archive2/104,recovered_archive2/104/CAPorg10.jpg,4
20,47,1024,768,0.425531914893617,0.29850746268656714,0.8312396518307297,0.05522336828647975,0.8774916403746627,1.3266405967684718,0.2002147430355219,1.46869231738707,0.9656365750486579,0.019397872839934344,0.9790996263788928,0.9627488455986052,0.013707635881823207,0.9750643694833218,1.2027522652393599,0.18721483505136877,1.380844155844156,0.7751141668308539,0.06305426361835444,0.8245674740484429,382.425,298.751789743593,783.1,71.77335854398791,29.83754461600232,106.43717164502536,0.0,0.0,0.009725570678710938,recovered_archive2/104,recovered_archive2/104/CAPorg11.jpg,4
13,62,1024,768,0.20967741935483872,0.17333333333333334,0.85758081285355,0.051684860918793735,0.897760895482123,1.1879671812425356,0.17112404227871786,1.471791520338904,0.9723673887677969,0.011500239345972524,0.9834838450732482,0.9629197710964441,0.009927466589317528,0.9749924277176684,1.0181435768532543,0.18227339149049043,1.092857142857143,0.791989111476954,0.05625944727798633,0.8375999000999002,544.6923076923077,299.2935617327485,939.4000000000002,86.29255184271764,28.38719798154439,123.38031739553297,0.0,0.0,0.009003957112630209,recovered_archive2/104,recovered_archive2/104/CAPorg2.jpg,4
6,12,1024,768,0.5,0.3333333333333333,0.8010601340699788,0.03747353138771207,0.8363057892607502,1.567596781929075,0.25457619365595985,1.8601668325414278,0.9646509652321927,0.014503015093069652,0.9816194506566953,0.9597405677740348,0.008553084445831324,0.9697949549821387,1.4314418240414446,0.3445051417242523,1.7626050420168067,0.7675456218494667,0.031058686072510333,0.8024045303605314,843.8333333333334,1157.4225556045735,1987.25,96.01219330881976,58.537506612373726,158.17514421272205,0.0,0.0,0.006437937418619792,recovered_archive2/104,recovered_archive2/104/CAPorg3.jpg,4
3,18,1024,768,0.16666666666666666,0.14285714285714285,0.8469776710539264,0.04836996478534202,0.8813519086970149,1.2843593887242617,0.2107225715176625,1.4936268752501776,0.974414655540591,0.01746288829192438,0.9875786782302938,0.9579273326677856,0.008036969394306369,0.9660974584395402,1.2310397057232498,0.31430669087629126,1.5512820512820513,0.7746936733782105,0.008920740109655968,0.7837695923771872,3262.6666666666665,2242.1301751286032,4986.3,188.78581036679353,104.65520992239608,266.5846030004949,0.0,0.0,0.012446085611979166,recovered_archive2/104,recovered_archive2/104/CAPorg4.jpg,4
1,16,1024,768,0.0625,0.058823529411764705,0.8994763177886774,0.0,0.8994763177886774,1.1405225082511572,0.0,1.1405225082511572,0.9896764678772234,0.0,0.9896764678772234,0.9614787793145105,0.0,0.9614787793145105,1.0375,0.0,1.0375,0.8085090361445784,0.0,0.8085090361445784,5368.5,0.0,5368.5,273.86500705120545,0.0,273.86500705120545,0.0,0.0,0.0068264007568359375,recovered_archive2/104,recovered_archive2/104/CAPorg5.jpg,4
14,37,1024,768,0.3783783783783784,0.27450980392156865,0.7994127966605971,0.14147314713036574,0.8818654687245878,1.9162089420125163,1.9861022020255967,2.835533970137143,0.9738040304626601,0.008046728475426547,0.9831467055229225,0.9628406052345576,0.006877044417740222,0.9722853370655973,1.340506906815374,0.9417318395235491,1.3769444444444445,0.7766579698133171,0.03206326473750264,0.8216911764705882,1607.2142857142858,2739.200611455086,2649.600000000001,142.10356620978968,139.7046536988439,194.5866232540482,0.0,0.0,0.028611501057942707,recovered_archive2/104,recovered_archive2/104/CAPorg6.jpg,4
11,46,1024,768,0.2391304347826087,0.19298245614035087,0.8244486410708224,0.060559719925939594,0.8766875739553711,1.3701573747453464,0.22016166988246544,1.6394691528988683,0.9674863915218612,0.018218364055555755,0.9797297297297293,0.9642673174067151,0.011744113064670122,0.9758474867040465,1.288264406545781,0.27633551845796117,1.6666666666666667,0.7879124047760275,0.06639403799021547,0.843939393939394,580.3636363636364,518.0143070553646,1229.0,85.96696833763264,43.07597859414511,152.71067811865476,0.0,0.0,0.00811767578125,recovered_archive2/104,recovered_archive2/104/CAPorg7.jpg,4
12,57,1024,768,0.21052631578947367,0.17391304347826086,0.8248099061369705,0.056582271502358526,0.8708630648835307,1.444223289203349,0.3109885177639544,1.7349994400461084,0.9697992373579664,0.012483850754499442,0.9812060763178242,0.9688384562813344,0.008838875940218864,0.976896954708255,1.4575005890795365,0.2597749011678682,1.7053571428571428,0.796810822411255,0.04509987674055214,0.8614020847573479,263.4583333333333,175.17853492144013,346.1,60.33799299251795,17.562545409317902,72.50264786586925,0.0,0.0,0.0040200551350911455,recovered_archive2/104,recovered_archive2/104/CAPorg8.jpg,4
15,61,1024,768,0.2459016393442623,0.19736842105263158,0.8651434744393588,0.023209340932053506,0.8886806941506382,1.2771715087446325,0.18401500292779074,1.4116061228996823,0.9761001205077074,0.007980383131174133,0.9842686022630146,0.96978049656261,0.010129484193413698,0.9826642587551415,1.1912516276741607,0.18716305772298758,1.3723684210526317,0.8076837805922009,0.028753070545567222,0.8446143250688705,385.8666666666667,278.46785970536865,758.6999999999998,69.79276571399322,26.84247958890767,103.17787873376899,0.0,0.0,0.007359822591145833,recovered_archive2/104,recovered_archive2/104/CAPorg9.jpg,4
0,17,1024,768,0.0,0.0,,,,,,,,,,,,,,,,,,,,,,,,,,,0.0,recovered_archive2/117,recovered_archive2/117/CAPorg1.jpg,4
1,25,1024,768,0.04,0.038461538461538464,0.8300159807836449,0.0,0.8300159807836449,1.275937492471919,0.0,1.275937492471919,0.9763205828779595,0.0,0.9763205828779595,0.9604022587386681,0.0,0.9604022587386681,0.8333333333333334,0.0,0.8333333333333334,0.7146666666666667,0.0,0.7146666666666667,536.0,0.0,536.0,90.08326112068524,0.0,90.08326112068524,0.0,0.0,0.0006815592447916666,recovered_archive2/117,recovered_archive2/117/CAPorg2.jpg,4
0,11,1024,768,0.0,0.0,,,,,,,,,,,,,,,,,,,,,,,,,,,0.0,recovered_archive2/117,recovered_archive2/117/CAPorg3.jpg,4
9,30,1024,768,0.3,0.23076923076923078,0.8069797883162477,0.04238151737345242,0.853768437188286,1.342517810803288,0.25245639149831406,1.5837794656448831,0.9682189329947705,0.0062550439552877144,0.9751097757538771,0.9600728686824778,0.006465562932206967,0.966431904269533,1.0647065088247167,0.3090232407725637,1.433816425120773,0.7583294234948633,0.03154910967848679,0.79169002335669,703.2222222222222,329.71756525776146,1110.1000000000001,102.2581048016638,25.64071553873491,137.16610383315987,0.0,0.0,0.008047739664713541,recovered_archive2/117,recovered_archive2/117/CAPorg4.jpg,4
9,31,1024,768,0.2903225806451613,0.225,0.8087840239260413,0.0558118685193729,0.8660688906947874,1.3130902937209443,0.2709408016286765,1.6394904067963119,0.9727849561252113,0.009488370779516912,0.982730519372988,0.9572127833224143,0.007112710500405538,0.9641750431549264,0.8286821796718085,0.13660954108602597,1.013953488372093,0.744900823757105,0.06043810648036031,0.7972958094596113,1175.2222222222222,712.1043194142239,1951.1000000000001,129.78749391142125,34.01061005597036,167.21118318204313,0.0,0.0,0.013449350992838541,recovered_archive2/117,recovered_archive2/117/CAPorg5.jpg,4
0,23,1024,768,0.0,0.0,,,,,,,,,,,,,,,,,,,,,,,,,,,0.0,recovered_archive2/117,recovered_archive2/117/CAPorg6.jpg,4
0,32,1024,768,0.0,0.0,,,,,,,,,,,,,,,,,,,,,,,,,,,0.0,recovered_archive2/117,recovered_archive2/117/CAPorg7.jpg,4
0,12,1024,768,0.0,0.0,,,,,,,,,,,,,,,,,,,,,,,,,,,0.0,recovered_archive2/117,recovered_archive2/117/CAPorg8.jpg,4
10,22,1024,768,0.45454545454545453,0.3125,0.7489552792346255,0.1341536803129137,0.8596908903379061,1.5922347633848137,0.5098014170983973,1.9896549928167984,0.9547570005592215,0.02440901412588929,0.97751543100565,0.945906583672623,0.027872371614110377,0.9673955250163953,1.2353540089212713,0.5477695524041619,1.8063492063492061,0.7233196117794221,0.09260031970045358,0.7891985341985341,2182.1,2178.3395717839767,5544.349999999999,175.98174593052025,108.07666561088688,311.6906996549047,0.0,0.0,0.027746836344401043,recovered_archive2/120,recovered_archive2/120/CAPorg1.jpg,4
1,35,1024,768,0.02857142857142857,0.027777777777777776,0.8565902299674547,0.0,0.8565902299674547,1.2827823558703961,0.0,1.2827823558703961,0.9735159817351601,0.0,0.9735159817351601,0.9566550606687355,0.0,0.9566550606687355,0.8275862068965517,0.0,0.8275862068965517,0.7658045977011494,0.0,0.7658045977011494,533.0,0.0,533.0,88.42640687119285,0.0,88.42640687119285,0.0,0.0,0.0006777445475260416,recovered_archive2/120,recovered_archive2/120/CAPorg2.jpg,4
5,51,1024,768,0.09803921568627451,0.08928571428571429,0.8369431280147769,0.04437717571054954,0.8762190635300622,1.250271601464266,0.1546535020951263,1.4298037098132907,0.9670758662802177,0.006902644161633288,0.97377990430622,0.9636469343626306,0.0069355952247818625,0.9698152103316394,1.018657357679914,0.2101116210333957,1.25,0.7597904809300079,0.03542757669349181,0.793035067484166,433.4,463.3666366928029,920.8000000000001,72.97544007200506,37.82021080581498,113.64305909532993,0.0,0.0,0.0027554829915364585,recovered_archive2/120,recovered_archive2/120/CAPorg3.jpg,4
0,22,1024,768,0.0,0.0,,,,,,,,,,,,,,,,,,,,,,,,,,,0.0,recovered_archive2/120,recovered_archive2/120/CAPorg4.jpg,4
0,50,1024,768,0.0,0.0,,,,,,,,,,,,,,,,,,,,,,,,,,,0.0,recovered_archive2/120,recovered_archive2/120/CAPorg5.jpg,4
3,9,1024,768,0.3333333333333333,0.25,0.7470239836017863,0.04172995500876284,0.7778188256344684,1.8344642423610587,0.3603587657813414,2.197293952107435,0.9652684368296179,0.005490469306372457,0.9708664706133063,0.9560090214733931,0.006290249670897329,0.9618288282956671,1.5785827844651374,0.6230511510397791,2.1546218487394957,0.777785807197572,0.02790053105001524,0.8029793735676088,1048.1666666666667,780.7917278136483,1844.2,124.39290518339675,54.28631125671812,179.42539674441622,0.0,0.0,0.0039984385172526045,recovered_archive2/121,recovered_archive2/121/CAPorg1.jpg,4
11,10,1024,768,1.1,0.5238095238095238,0.7986647539487588,0.06181720743314357,0.8590505095964065,1.4305701543301181,0.25101221086761005,1.7915639684016873,0.9629759974283897,0.0121763083226064,0.9753466872110942,0.9585074229648842,0.009552087476584337,0.9692400791126905,1.336214117187942,0.2708613879057161,1.662162162162162,0.7528345198726661,0.06958269638126212,0.8023809523809524,1120.590909090909,1582.3891863856004,1899.0,112.99613662617094,79.92668620657062,173.8822509939086,0.0,0.0,0.01567395528157552,recovered_archive2/121,recovered_archive2/121/CAPorg2.jpg,4
7,2,1024,768,3.5,0.7777777777777778,0.7522514608254541,0.15478537892898087,0.8801409129655161,1.5454044609613924,0.5099307650864787,2.25142013730195,0.9474207806788834,0.04575567496167781,0.9820172060288733,0.9554440116134956,0.009841401516887333,0.9666386976999487,1.259941456652659,0.31646145941633896,1.6866906474820145,0.6992948313256971,0.13574574446447574,0.797304987675801,4066.3571428571427,5798.997232984619,9114.900000000005,230.8909605002084,205.1108512815651,425.31050480829947,0.0,0.0,0.0361944834391276,recovered_archive2/121,recovered_archive2/121/CAPorg3.jpg,4
10,3,1024,768,3.3333333333333335,0.7692307692307693,0.7845765897141708,0.13994998865500316,0.8838787878152535,1.4684822301260672,0.5243301824015026,2.1038203577548904,0.9560060820065477,0.057152948227163804,0.9875722672969113,0.9525372352698869,0.013618229718881495,0.9626806833150193,1.1652698474306633,0.6782814892034329,1.9071428571428568,0.7352342863308372,0.0691837340670368,0.7882748015873017,2750.9,2917.5117891792656,6285.449999999999,181.5841845922842,93.79769030882801,298.8799348810722,0.0,0.1,0.03497950236002604,recovered_archive2/121,recovered_archive2/121/CAPorg4.jpg,4
0,38,1024,768,0.0,0.0,,,,,,,,,,,,,,,,,,,,,,,,,,,0.0,recovered_archive2/121,recovered_archive2/121/CAPorg5.jpg,4
2,33,1024,768,0.06060606060606061,0.05714285714285714,0.7411698121922775,0.08479962672340302,0.8090095135709999,2.329660579675771,0.92274446472336,3.067856151454459,0.9789186299356345,0.0016129804909219003,0.980209014328372,0.9641107132103315,0.007407065753913533,0.9700363658134623,1.6732824427480915,0.27328244274809166,1.8919083969465649,0.8297791890293014,0.026604585854698104,0.8510628577130598,14809.75,13797.75,25847.95,432.07463914933373,307.99137802864846,678.4677415722525,0.0,0.0,0.03766314188639323,recovered_archive2/121,recovered_archive2/121/CAPorg6.jpg,4
9,21,1024,768,0.42857142857142855,0.3,0.84745197144861,0.04241231242940644,0.895207404982881,1.2366109143801098,0.12530698033592375,1.3737851891694586,0.9760238186938763,0.008153367745486906,0.9834537200162627,0.9577726797312661,0.007023208433197504,0.9652049452980538,0.9873496194485697,0.11872032116346908,1.0761904761904764,0.7737253054941001,0.052772041299236336,0.8268729787998563,1661.9444444444443,1061.53448796344,2293.4000000000005,150.70605250083892,48.243969171688754,187.297893091269,0.0,0.0,0.019019444783528645,recovered_archive2/121,recovered_archive2/121/CAPorg7.jpg,4
11,13,1024,768,0.8461538461538461,0.4583333333333333,0.792117699009194,0.12087897058587109,0.8887794710310664,1.7464563969807663,1.039024985329215,3.067465459924035,0.9762618286574457,0.019562486613150583,0.9880671387359033,0.9578160427113875,0.010408374999274068,0.9658553496689256,1.0949285927659285,0.33335944010420543,1.3333333333333333,0.7505074938969888,0.0607502686358235,0.8126617773943055,6626.136363636364,11613.31524800678,7405.5,266.5727074624192,223.15495175235242,372.0904037956217,0.0,0.0,0.09268124898274739,recovered_archive2/121,recovered_archive2/121/CAPorg8.jpg,4
4,19,1024,768,0.21052631578947367,0.17391304347826086,0.8500550688618931,0.03660117767120298,0.8789143118414124,1.2144726341246697,0.15530844763608478,1.3869671885042139,0.9751842882397845,0.007943526154985106,0.9840897443528974,0.9546760338082381,0.003166680572248877,0.9573476098664742,0.9004271872464321,0.06256658984081147,0.9653658536585366,0.7487331334298093,0.05630586472224081,0.8060379649045359,2138.5,1347.1982964656688,3611.0,167.52438661763955,61.199790488709425,230.0032754781852,0.0,0.0,0.010876973470052084,recovered_archive2/121,recovered_archive2/121/CAPorg9.jpg,4
2,57,1024,768,0.03508771929824561,0.03389830508474576,0.769618471805323,0.000273826628289231,0.7698375331079543,1.6078206816798941,0.08004608252580803,1.6718575477005406,0.9621125442063664,0.00559080507593035,0.9665851882671107,0.9575752600578317,5.020303445957275e-05,0.9576154224853993,1.4759615384615383,0.10096153846153844,1.5567307692307693,0.7388309099437148,0.02008090994371481,0.7548956378986866,531.0,278.0,753.4,89.59797974644667,25.31370849898476,109.84894654563448,0.0,0.0,0.00135040283203125,recovered_archive2/130,recovered_archive2/130/CAPorg1.jpg,4
0,41,1024,768,0.0,0.0,,,,,,,,,,,,,,,,,,,,,,,,,,,0.0,recovered_archive2/130,recovered_archive2/130/CAPorg10.jpg,4
3,41,1024,768,0.07317073170731707,0.06818181818181818,0.713197023272344,0.1573419855381687,0.8349807050141684,2.3902463714041153,1.3994559615519846,3.7840660902783805,0.9687587137055221,0.00821379360795802,0.9753791598472454,0.9662720297632386,0.0018466862057771416,0.968151945132227,1.976010101010101,0.9310496817280666,2.9060606060606062,0.7399469377317479,0.020554669153458004,0.7606060606060606,663.8333333333334,526.1369171190667,1199.1000000000001,105.35533905932738,60.78214592230857,167.2063058585152,0.0,0.0,0.002532323201497396,recovered_archive2/130,recovered_archive2/130/CAPorg11.jpg,4
4,36,1024,768,0.1111111111111111,0.1,0.6724404905569938,0.12740457142152556,0.8170777697809426,2.663713275458448,1.1418630262389757,3.837232584932701,0.9684284863528805,0.01684399446362593,0.9809598096334363,0.9703436981777372,0.0042651973393655705,0.9750548648176411,1.833560256947354,0.6682266158355397,2.596969696969697,0.7077648084303572,0.05854638636269958,0.7712986122028956,834.75,412.82661311984236,1213.75,122.59797974644665,44.6284492763286,166.55950211536162,0.0,0.0,0.004245758056640625,recovered_archive2/130,recovered_archive2/130/CAPorg12.jpg,4
2,63,1024,768,0.031746031746031744,0.03076923076923077,0.7606311348646706,0.005236249798010073,0.7648201347030786,1.4954012299253072,0.24948764602332352,1.6949913467439661,0.9703272563319564,0.010437906401113084,0.9786775814528469,0.9601704951897294,0.006671740147017047,0.965507887307343,1.4352941176470586,0.09411764705882353,1.5105882352941176,0.8111936373739779,0.02612576407081052,0.8320942486306263,16400.75,16053.75,29243.75,405.1162697096763,329.6604255869606,668.8446101792448,0.0,0.0,0.04170926411946615,recovered_archive2/130,recovered_archive2/130/CAPorg13.jpg,4
1,68,1024,768,0.014705882352941176,0.014492753623188406,0.6918668340747879,0.0,0.6918668340747879,1.6236359888404315,0.0,1.6236359888404315,0.9650259067357523,0.0,0.9650259067357523,0.9431715054756303,0.0,0.9431715054756303,1.4285714285714286,0.0,1.4285714285714286,0.6385714285714286,0.0,0.6385714285714286,1117.5,0.0,1117.5,142.4680374315355,0.0,142.4680374315355,0.0,0.0,0.0014209747314453125,recovered_archive2/130,recovered_archive2/130/CAPorg14.jpg,4
1,42,1024,768,0.023809523809523808,0.023255813953488372,0.8422983492329623,0.0,0.8422983492329623,1.309591047415395,0.0,1.309591047415395,0.9776674937965256,0.0,0.9776674937965256,0.9639726055031729,0.0,0.9639726055031729,1.25,0.0,1.25,0.8040816326530612,0.0,0.8040816326530612,788.0,0.0,788.0,108.42640687119285,0.0,108.42640687119285,0.0,0.0,0.0010019938151041667,recovered_archive2/130,recovered_archive2/130/CAPorg15.jpg,4
1,91,1024,768,0.01098901098901099,0.010869565217391304,0.6955966000557778,0.0,0.6955966000557778,2.581729797617476,0.0,2.581729797617476,0.9764918625678115,0.0,0.9764918625678115,0.9647447467101256,0.0,0.9647447467101256,0.425,0.0,0.425,0.7941176470588235,0.0,0.7941176470588235,540.0,0.0,540.0,98.76955262170047,0.0,98.76955262170047,0.0,0.0,0.0006866455078125,recovered_archive2/130,recovered_archive2/130/CAPorg16.jpg,4
0,74,1024,768,0.0,0.0,,,,,,,,,,,,,,,,,,,,,,,,,,,0.0,recovered_archive2/130,recovered_archive2/130/CAPorg2.jpg,4
4,97,1024,768,0.041237113402061855,0.039603960396039604,0.7098357325926923,0.15468801131284204,0.8525617449184365,1.673084621097206,0.4204058771129961,2.0860706774940385,0.9311406386154858,0.06576630590109919,0.9828969013967437,0.9558220916823478,0.020221185470559108,0.9740981945534941,1.0127295036834512,0.2742965176421174,1.2323232323232323,0.6661876339468729,0.1436493241290607,0.7690148087206911,905.0,734.0234158390317,1717.7500000000002,122.72539674441619,71.3072731059682,199.0584053334073,0.0,0.0,0.004603068033854167,recovered_archive2/130,recovered_archive2/130/CAPorg3.jpg,4
6,115,1024,768,0.05217391304347826,0.049586776859504134,0.7588098606101589,0.12995510098687457,0.8561638825358144,1.6612745739624737,0.5655348803281923,2.407215225855963,0.9638881441669663,0.020964797380559695,0.9804457037100639,0.9576672086781622,0.007818068124800799,0.9671404928630507,1.3600084752945165,0.24021781610219758,1.6688888888888889,0.6969732738540438,0.13857583127882844,0.8042020656338498,1245.3333333333333,820.1872076273535,2313.5,139.71067811865476,53.500838583169205,211.20815280171308,0.0,0.0,0.009501139322916666,recovered_archive2/130,recovered_archive2/130/CAPorg4.jpg,4
3,120,1024,768,0.025,0.024390243902439025,0.6817746547186866,0.12609996841459964,0.7871581948775828,1.6267932719664977,0.12715175735291212,1.7375061356667107,0.9098385912632528,0.04730421628706099,0.9447818588857815,0.9509830391030123,0.014562130224270359,0.9615832973770844,1.202028397565923,0.34214074735050626,1.5282758620689656,0.6705571014140994,0.1372084870108409,0.7804242081447964,763.6666666666666,872.7460811841107,1632.9,106.63554587051601,82.02068410066539,188.51799410394662,0.0,0.0,0.0029131571451822915,recovered_archive2/130,recovered_archive2/130/CAPorg5.jpg,4
3,71,1024,768,0.04225352112676056,0.04054054054054054,0.6691957751091482,0.2642925410018134,0.869681263075101,4.371904657372245,4.2670731991526925,8.609888402624668,0.9703847559653956,0.009207988064750294,0.9793953641228329,0.9664251199275683,0.005678163183373121,0.9719583715481687,0.960723180848967,0.5382321331028757,1.3669515669515668,0.7437186510496258,0.09502859158429333,0.8163410663410664,1355.0,1258.7311733117072,2637.0,173.71236166328254,135.29117903290285,311.18620484583755,0.3333333333333333,0.0,0.005168914794921875,recovered_archive2/130,recovered_archive2/130/CAPorg6.jpg,4
2,67,1024,768,0.029850746268656716,0.028985507246376812,0.5369810708430605,0.13431975624961148,0.6444368758427497,5.520937976869626,3.810799004833032,8.569577180736053,0.9245467766194295,0.010718438744770353,0.9331215276152459,0.9299551380495605,0.00900508869297828,0.9371592090039432,0.9774975868725868,0.48196187258687256,1.363067084942085,0.5979171135421135,0.0735043078793079,0.6567205598455599,7190.25,5848.75,11869.25,398.18733752154185,239.71930009000633,589.9627775935469,0.0,0.0,0.018285751342773438,recovered_archive2/130,recovered_archive2/130/CAPorg7.jpg,4
0,106,1024,768,0.0,0.0,,,,,,,,,,,,,,,,,,,,,,,,,,,0.0,recovered_archive2/130,recovered_archive2/130/CAPorg8.jpg,4
2,44,1024,768,0.045454545454545456,0.043478260869565216,0.6634943090281156,0.1661426754648589,0.7964084494000027,1.4212917312192612,0.004888133660121086,1.425202238147358,0.9061086028572157,0.07914094250548476,0.9694213568616036,0.9505116640065159,0.010154635459434291,0.9586353723740633,1.1855731654363872,0.28251194094659143,1.4115827181936604,0.6303688262178293,0.12140422342756069,0.7274922049598779,10047.5,7609.5,16135.1,430.0487732352791,237.88225099390857,620.354574030406,0.0,0.0,0.025552113850911457,recovered_archive2/130,recovered_archive2/130/CAPorg9.jpg,4
3,82,1024,768,0.036585365853658534,0.03529411764705882,0.8683992026826063,0.012449482925014483,0.8805289673937777,1.2135072387378016,0.022865992707507193,1.2335707276118228,0.9783831656567097,0.012560171945198059,0.9898337567077453,0.9587058645332007,0.002801441820703649,0.9612904984460291,1.0834967320261437,0.1846854881913148,1.2265686274509804,0.788768747592277,0.0021820040105691553,0.7905239858181035,4959.333333333333,6099.1772851390015,11078.800000000001,206.4426646162859,167.46300177740434,376.92227970890855,0.0,0.0,0.018918355305989582,recovered_archive2/132,recovered_archive2/132/CAPorg1.jpg,4
0,50,1024,768,0.0,0.0,,,,,,,,,,,,,,,,,,,,,,,,,,,0.0,recovered_archive2/132,recovered_archive2/132/CAPorg10.jpg,4
0,52,1024,768,0.0,0.0,,,,,,,,,,,,,,,,,,,,,,,,,,,0.0,recovered_archive2/132,recovered_archive2/132/CAPorg11.jpg,4
2,54,1024,768,0.037037037037037035,0.03571428571428571,0.4043692102684865,0.05738276573801515,0.4502754228588986,3.8768375260635075,0.07261893397427266,3.9349326732429257,0.8128872862254414,0.0712671744935991,0.8699010258203207,0.9715298172169552,0.0052005847474762,0.9756902850149362,1.6500488758553273,0.19843597262952095,1.8087976539589443,0.4358318777409206,0.0401537853415167,0.4679549060141339,730.25,66.25,783.25,152.1335136523794,17.707106781186553,166.29919907732864,0.0,0.5,0.0018571217854817708,recovered_archive2/132,recovered_archive2/132/CAPorg12.jpg,4
1,31,1024,768,0.03225806451612903,0.03125,0.837316792206045,0.0,0.837316792206045,1.097505080082257,0.0,1.097505080082257,0.949339207048458,0.0,0.949339207048458,0.9551160533061783,0.0,0.9551160533061783,0.8888888888888888,0.0,0.8888888888888888,0.7482638888888888,0.0,0.7482638888888888,215.5,0.0,215.5,56.8700576850888,0.0,56.8700576850888,0.0,0.0,0.0002740224202473958,recovered_archive2/132,recovered_archive2/132/CAPorg13.jpg,4
0,65,1024,768,0.0,0.0,,,,,,,,,,,,,,,,,,,,,,,,,,,0.0,recovered_archive2/132,recovered_archive2/132/CAPorg14.jpg,4
0,55,1024,768,0.0,0.0,,,,,,,,,,,,,,,,,,,,,,,,,,,0.0,recovered_archive2/132,recovered_archive2/132/CAPorg2.jpg,4
6,29,1024,768,0.20689655172413793,0.17142857142857143,0.6433329207033011,0.19757216835578922,0.8761288396480544,2.179880461373767,1.169659948211066,3.739806402914871,0.8982610188627257,0.09775183808221527,0.9834881868086431,0.9484624679396693,0.027507882009135887,0.9718315614849744,1.3707336523126,0.6566271137194385,2.206060606060606,0.6787145496385438,0.1923175579530378,0.8584831834831835,635.75,356.73715230311143,1027.0,112.12370123520513,42.668107940642514,161.48885271170678,0.0,0.16666666666666666,0.0048503875732421875,recovered_archive2/132,recovered_archive2/132/CAPorg3.jpg,4
5,37,1024,768,0.13513513513513514,0.11904761904761904,0.8242645550766964,0.041270351530391026,0.8674256676770751,1.3191275071556348,0.21783971226684706,1.5563685470574788,0.9767392972304277,0.006106283670602045,0.9819628172298209,0.9590468865568585,0.004045460563914354,0.962947765438708,1.0332844932844933,0.29665618743974564,1.3666666666666667,0.7536585878570295,0.017272107512278086,0.7739336785009863,1097.9,443.41125380396016,1552.5,125.81707063234767,28.029561174880268,154.49646455628167,0.0,0.0,0.0069802602132161455,recovered_archive2/132,recovered_archive2/132/CAPorg4.jpg,4
1,105,1024,768,0.009523809523809525,0.009433962264150943,0.8390988122866921,0.0,0.8390988122866921,1.460326462654459,0.0,1.460326462654459,0.9789527720739224,0.0,0.9789527720739224,0.9605926891738248,0.0,0.9605926891738248,1.4137931034482758,0.0,1.4137931034482758,0.8019343986543314,0.0,0.8019343986543314,953.5,0.0,953.5,119.49747468305834,0.0,119.49747468305834,0.0,0.0,0.0012124379475911458,recovered_archive2/132,recovered_archive2/132/CAPorg5.jpg,4
4,53,1024,768,0.07547169811320754,0.07017543859649122,0.7854517151010495,0.1306947581150653,0.8715886484392014,1.365134303584188,0.3144699487389466,1.7133539534556446,0.9453400368951609,0.04856758881733589,0.974988630943799,0.9475856135396581,0.02670862922059675,0.9681105081700722,1.0746279761904762,0.0655820893479294,1.1308333333333334,0.7189822553872206,0.12264711673931676,0.8103431372549019,492.0,219.92583977331995,707.95,87.51219330881976,23.660582407306013,108.03889603929565,0.0,0.0,0.00250244140625,recovered_archive2/132,recovered_archive2/132/CAPorg6.jpg,4
11,40,1024,768,0.275,0.21568627450980393,0.83575536992454,0.06017568293725983,0.8895108037619488,1.3323874747734636,0.22702624099299254,1.3928057981709425,0.9772849325920532,0.008444018003817198,0.9877920714098187,0.9583693665371875,0.009147141398364407,0.9671775455842989,1.0042392497446455,0.20843827748030042,1.2272727272727273,0.7590673395550346,0.02960562410334911,0.7793859649122807,3811.409090909091,8703.881889495111,3762.5,170.77371758919583,165.980278140699,230.55129855222071,0.0,0.0,0.05331103006998698,recovered_archive2/132,recovered_archive2/132/CAPorg7.jpg,4
9,37,1024,768,0.24324324324324326,0.1956521739130435,0.7469500497625418,0.10034627383825746,0.8559392657446895,1.8550209800344355,0.7173539123174142,2.7254077480514263,0.9682867816452355,0.01943944917566007,0.9839411391554918,0.9602124329734804,0.008988671561262707,0.9704095223909811,1.6700056647184731,0.5606221582699256,2.216666666666667,0.725737223981337,0.033234334498235124,0.7553629390664666,4023.8333333333335,9072.918001148008,8066.700000000004,170.96257004140574,174.55318048578394,290.0237948990736,0.0,0.0,0.04604911804199219,recovered_archive2/132,recovered_archive2/132/CAPorg8.jpg,4
5,35,1024,768,0.14285714285714285,0.125,0.7766637614856838,0.10798335849114978,0.8658906798454025,1.678686574061711,0.4658617211871655,2.246110366725864,0.9711766105428316,0.027206825629653687,0.9910443887467083,0.9604944654727111,0.013296129572576578,0.9768016800127719,1.5062481962481964,0.32937273872135797,1.9000000000000001,0.734064748976567,0.05540908386888517,0.779045924142907,11884.2,13923.142011054833,28967.9,316.76349186104045,270.63039562237424,648.3803891830327,0.0,0.0,0.07555770874023438,recovered_archive2/132,recovered_archive2/132/CAPorg9.jpg,4
0,116,1024,768,0.0,0.0,,,,,,,,,,,,,,,,,,,,,,,,,,,0.0,recovered_archive2/135,recovered_archive2/135/CAPorg1.jpg,4
3,120,1024,768,0.025,0.024390243902439025,0.801253398824784,0.04373319965133261,0.8342882811437533,1.3436897346850791,0.1119294216914908,1.4577774943442843,0.9588310903069545,0.005634697812509449,0.9645385622341015,0.9551159880580086,0.005401726062140816,0.9604442347288253,1.0258284600389864,0.07981200528647855,1.0953216374269006,0.7086394964684439,0.05965810334734278,0.7529405901116427,549.6666666666666,320.8354545384423,876.1,89.92150066260571,29.08629411805008,119.57098115668776,0.0,0.0,0.0020968119303385415,recovered_archive2/135,recovered_archive2/135/CAPorg2.jpg,4
4,76,1024,768,0.05263157894736842,0.05,0.8154081403998052,0.06457131536629335,0.8617380986928618,1.5211949229126942,0.26993482206278047,1.827704330358495,0.9789472410552436,0.0025009352110205328,0.9811827308243907,0.9626399155625344,0.00519590323672815,0.9684040797703585,1.0673172217289864,0.4610483359825938,1.5616883116883118,0.7937519130339035,0.034974564351936445,0.8267626924954511,871.375,220.7216502180971,1124.4,114.90128060534578,11.439950816461515,127.71168824543145,0.0,0.0,0.0044320424397786455,recovered_archive2/135,recovered_archive2/135/CAPorg3.jpg,4
3,76,1024,768,0.039473684210526314,0.0379746835443038,0.8196235586406463,0.03255645180744898,0.8440840726322948,1.3767577233914288,0.0275820295043731,1.3997259888255622,0.9780901584455899,0.00677986999956671,0.9831122277030542,0.9641286175168872,0.0022789807378309963,0.9664513621402258,0.9139969926345032,0.22152179122217705,1.1335423197492163,0.7761356644420031,0.01851596243804253,0.7923029776864662,651.8333333333334,254.20212867366436,907.9,98.0693842672377,17.57160297702212,115.56610383315986,0.0,0.0,0.002486546834309896,recovered_archive2/135,recovered_archive2/135/CAPorg4.jpg,4
0,79,1024,768,0.0,0.0,,,,,,,,,,,,,,,,,,,,,,,,,,,0.0,recovered_archive2/135,recovered_archive2/135/CAPorg5.jpg,4
1,76,1024,768,0.013157894736842105,0.012987012987012988,0.8544895070938596,0.0,0.8544895070938596,1.2553895664266217,0.0,1.2553895664266217,0.9756944444444444,0.0,0.9756944444444444,0.9529618936267792,0.0,0.9529618936267792,0.8536585365853658,0.0,0.8536585365853658,0.7832752613240418,0.0,0.7832752613240418,1124.0,0.0,1124.0,128.5685424949238,0.0,128.5685424949238,0.0,0.0,0.0014292399088541667,recovered_archive2/135,recovered_archive2/135/CAPorg6.jpg,4
1,48,1024,768,0.020833333333333332,0.02040816326530612,0.6277734601962368,0.0,0.6277734601962368,1.825500452268927,0.0,1.825500452268927,0.9250985545335083,0.0,0.9250985545335083,0.9535945222831336,0.0,0.9535945222831336,0.6333333333333333,0.0,0.6333333333333333,0.6175438596491228,0.0,0.6175438596491228,352.0,0.0,352.0,83.94112549695429,0.0,83.94112549695429,0.0,0.0,0.0004475911458333333,recovered_archive2/135,recovered_archive2/135/CAPorg7.jpg,4
3,96,1024,768,0.03125,0.030303030303030304,0.8590797709266188,0.013918153198861563,0.873019722735889,1.215760994260777,0.031035283430962658,1.2408916114706967,0.9755556881130126,0.0041603502809191735,0.9797978755254747,0.9523385886848784,0.002816693907964282,0.9551906785239588,0.9615722441809398,0.1452787827807246,1.1072463768115943,0.7654575865626589,0.02370138681400444,0.7881886933517368,1097.1666666666667,307.8704633806598,1369.9,125.20170747379437,17.9670444546891,140.33077913133246,0.0,0.0,0.0041853586832682295,recovered_archive2/135,recovered_archive2/135/CAPorg8.jpg,4
1,59,1024,768,0.01694915254237288,0.016666666666666666,0.852526440416972,0.0,0.852526440416972,1.158720274135715,0.0,1.158720274135715,0.9865533230293662,0.0,0.9865533230293662,0.9593179748142345,0.0,0.9593179748142345,0.8450704225352113,0.0,0.8450704225352113,0.7491784037558685,0.0,0.7491784037558685,3191.5,0.0,3191.5,216.89444430272837,0.0,216.89444430272837,0.0,0.0,0.0040582021077473955,recovered_archive2/141,recovered_archive2/141/CAPorg1.jpg,4
2,43,1024,768,0.046511627906976744,0.044444444444444446,0.7089676595522827,0.0932893965574948,0.7835991767982785,2.351838820937343,0.6854824580272324,2.9002247873591287,0.964404366943094,0.011377227068354978,0.973506148597778,0.9607908519939523,0.0011875152833756286,0.9617408642206529,2.160919540229885,0.5057471264367815,2.56551724137931,0.7784051724137931,0.017571839080459783,0.792462643678161,782.25,325.75,1042.85,114.13351365237939,17.6066017177982,128.21879502661795,0.0,0.0,0.0019893646240234375,recovered_archive2/141,recovered_archive2/141/CAPorg10.jpg,4
0,87,1024,768,0.0,0.0,,,,,,,,,,,,,,,,,,,,,,,,,,,0.0,recovered_archive2/141,recovered_archive2/141/CAPorg11.jpg,4
0,71,1024,768,0.0,0.0,,,,,,,,,,,,,,,,,,,,,,,,,,,0.0,recovered_archive2/141,recovered_archive2/141/CAPorg12.jpg,4
0,69,1024,768,0.0,0.0,,,,,,,,,,,,,,,,,,,,,,,,,,,0.0,recovered_archive2/141,recovered_archive2/141/CAPorg2.jpg,4
0,66,1024,768,0.0,0.0,,,,,,,,,,,,,,,,,,,,,,,,,,,0.0,recovered_archive2/141,recovered_archive2/141/CAPorg3.jpg,4
1,58,1024,768,0.017241379310344827,0.01694915254237288,0.8466941080322383,0.0,0.8466941080322383,1.3275788442501575,0.0,1.3275788442501575,0.9744897959183673,0.0,0.9744897959183673,0.9619998640624677,0.0,0.9619998640624677,1.0,0.0,1.0,0.764,0.0,0.764,477.5,0.0,477.5,84.18376618407356,0.0,84.18376618407356,0.0,0.0,0.0006071726481119791,recovered_archive2/141,recovered_archive2/141/CAPorg4.jpg,4
1,66,1024,768,0.015151515151515152,0.014925373134328358,0.8602726803641811,0.0,0.8602726803641811,1.0474568943861302,0.0,1.0474568943861302,0.9797570850202432,0.0,0.9797570850202432,0.962436359449378,0.0,0.962436359449378,1.0,0.0,1.0,0.7902040816326531,0.0,0.7902040816326531,968.0,0.0,968.0,118.91168824543142,0.0,118.91168824543142,0.0,0.0,0.0012308756510416667,recovered_archive2/141,recovered_archive2/141/CAPorg5.jpg,4
1,68,1024,768,0.014705882352941176,0.014492753623188406,0.7349640631719929,0.0,0.7349640631719929,1.729403814248852,0.0,1.729403814248852,0.9677914110429449,0.0,0.9677914110429449,0.9738533708481815,0.0,0.9738533708481815,0.8611111111111112,0.0,0.8611111111111112,0.8481182795698925,0.0,0.8481182795698925,946.5,0.0,946.5,127.21320343559643,0.0,127.21320343559643,0.0,0.0,0.0012035369873046875,recovered_archive2/141,recovered_archive2/141/CAPorg6.jpg,4
0,76,1024,768,0.0,0.0,,,,,,,,,,,,,,,,,,,,,,,,,,,0.0,recovered_archive2/141,recovered_archive2/141/CAPorg7.jpg,4
0,42,1024,768,0.0,0.0,,,,,,,,,,,,,,,,,,,,,,,,,,,0.0,recovered_archive2/141,recovered_archive2/141/CAPorg8.jpg,4
3,52,1024,768,0.057692307692307696,0.05454545454545454,0.8131627971635765,0.034783726620972205,0.8482851749459345,1.6163075900220487,0.16416233707629113,1.7449739669562374,0.9664363555424796,0.010373530368529974,0.9769966875230043,0.9640245438345648,0.012471802049765909,0.976583577229747,1.486111111111111,0.10079417156054281,1.5888888888888888,0.8000356125356126,0.05465161026054569,0.8556623931623931,254.0,107.31340394688199,334.4,61.1797017478003,15.876114699807673,72.47838379715732,0.0,0.0,0.00096893310546875,recovered_archive2/141,recovered_archive2/141/CAPorg9.jpg,4
2,103,1024,768,0.019417475728155338,0.01904761904761905,0.8651951727250606,0.01756695391731533,0.8792487358589129,1.2911824635793203,0.11148230774163992,1.3803683097726325,0.9812951202301466,0.010009227595939252,0.9893025023068981,0.9765437246885089,0.017202323225400107,0.9903055832688291,1.2678571428571428,0.017857142857142905,1.2821428571428573,0.8413809523809523,0.06338095238095237,0.8920857142857143,223.0,166.0,355.8,52.21320343559642,23.72792206135785,71.1955410846827,0.0,0.0,0.0005671183268229166,recovered_archive2/158,recovered_archive2/158/CAPorg1.jpg,4
2,43,1024,768,0.046511627906976744,0.044444444444444446,0.8757619511236641,0.0021418733114318966,0.8774754497728096,1.1519156496092473,0.08365646310233776,1.2188408200911176,0.9821323688826702,0.00042145442839208735,0.9824695324253839,0.9543494591049946,0.0038122189857024424,0.9573992342935566,1.1303303303303305,0.08588588588588586,1.199039039039039,0.7908280621046578,0.004066832790237007,0.7940815283368474,1493.75,170.25,1629.95,146.17514421272205,8.535533905932766,153.00357133746826,0.0,0.0,0.003798802693684896,recovered_archive2/158,recovered_archive2/158/CAPorg10.jpg,4
0,20,1024,768,0.0,0.0,,,,,,,,,,,,,,,,,,,,,,,,,,,0.0,recovered_archive2/158,recovered_archive2/158/CAPorg11.jpg,4
4,39,1024,768,0.10256410256410256,0.09302325581395349,0.8648287454382648,0.033505760814786525,0.885089757337598,1.078906489201185,0.07771809813665718,1.1653110977508407,0.9783732521468597,0.0024758477255434927,0.9809574064147233,0.963391157976603,0.0029870180018442124,0.9665615391113357,1.1324006875477464,0.13879070227811122,1.2866883116883117,0.790748886646536,0.014084328501800938,0.8043389471272269,647.125,203.92810467172004,876.8000000000001,95.77996026178612,14.327102741491737,111.25727265770298,0.0,0.0,0.003291447957356771,recovered_archive2/158,recovered_archive2/158/CAPorg12.jpg,4
8,88,1024,768,0.09090909090909091,0.08333333333333333,0.7404180951252466,0.1572598366968253,0.832561404081778,2.6611145911972285,2.4650453303338393,4.8971307328907265,0.9721099776273646,0.009570805494607284,0.9818735699937806,0.9705365988222523,0.008926603161338106,0.9794352569756111,2.0861330409356724,1.6326663649324944,3.7266666666666657,0.8001412786711547,0.0561851807172034,0.8714822635135134,511.9375,311.42930954511974,894.25,94.22881489572491,45.12651437399225,137.95117600329309,0.0,0.0,0.0052076975504557295,recovered_archive2/158,recovered_archive2/158/CAPorg2.jpg,4
1,30,1024,768,0.03333333333333333,0.03225806451612903,0.8680166418432224,0.0,0.8680166418432224,1.0349206206802615,0.0,1.0349206206802615,0.9838973352950794,0.0,0.9838973352950794,0.9523832306118659,0.0,0.9523832306118659,0.9555555555555556,0.0,0.9555555555555556,0.7775839793281654,0.0,0.7775839793281654,6018.5,0.0,6018.5,295.17871555019025,0.0,295.17871555019025,0.0,0.0,0.0076529184977213545,recovered_archive2/158,recovered_archive2/158/CAPorg3.jpg,4
14,41,1024,768,0.34146341463414637,0.2545454545454545,0.8312420875764843,0.03726321208211545,0.8612048886952878,1.3907013119480747,0.20289272209971493,1.6985306188938067,0.97966846069758,0.0036901258285984883,0.9844085532320922,0.9603278963960208,0.005887011313448378,0.9683339171679957,1.3385262117776822,0.2389793482491104,1.5001058201058202,0.7811647305510202,0.024967312189398978,0.8145930160411622,1642.3214285714287,1568.0849399272126,3430.7000000000003,145.0060347578544,67.33946149002539,224.48023074035527,0.0,0.0,0.029236475626627605,recovered_archive2/158,recovered_archive2/158/CAPorg4.jpg,4
5,25,1024,768,0.2,0.16666666666666666,0.8635126996733369,0.03424679685344971,0.8923644905872982,1.1799756263150667,0.0917459557060167,1.2834585827919942,0.9789387201478466,0.005193810770165448,0.9851058064740659,0.9621505065415894,0.009144945280207532,0.9730639484556503,0.9825331656753555,0.1586334176369319,1.127986906710311,0.7805010577183129,0.027475614466570836,0.8087854738597412,1091.4,608.1295421207557,1751.5,119.03717164502534,40.375283670208766,156.2905771059771,0.0,0.0,0.006938934326171875,recovered_archive2/158,recovered_archive2/158/CAPorg5.jpg,4
4,49,1024,768,0.08163265306122448,0.07547169811320754,0.8008353590663873,0.09988854772774768,0.8639539812772269,1.4942317677725008,0.4803526038542311,2.012826626184988,0.960266068032164,0.0213423901295002,0.9770827285921624,0.9623766329520159,0.005570899762039578,0.9675254631709229,1.4353461779448622,0.44957296557082377,1.9259868421052633,0.7868873022910103,0.030665288966960625,0.8152591093117408,405.75,27.02429462539217,436.35,80.31980515339464,6.681571542848416,87.93696244092001,0.0,0.0,0.002063751220703125,recovered_archive2/158,recovered_archive2/158/CAPorg6.jpg,4
1,24,1024,768,0.041666666666666664,0.04,0.8476139015562761,0.0,0.8476139015562761,1.2876234286468613,0.0,1.2876234286468613,0.9708029197080288,0.0,0.9708029197080288,0.9689018506627168,0.0,0.9689018506627168,1.2142857142857142,0.0,1.2142857142857142,0.8382352941176471,0.0,0.8382352941176471,199.5,0.0,199.5,54.38477631085023,0.0,54.38477631085023,0.0,0.0,0.0002536773681640625,recovered_archive2/158,recovered_archive2/158/CAPorg7.jpg,4
1,5,1024,768,0.2,0.16666666666666666,0.7268652260221516,0.0,0.7268652260221516,2.375954687515761,0.0,2.375954687515761,0.9699999999999994,0.0,0.9699999999999994,0.9601206916187407,0.0,0.9601206916187407,2.0625,0.0,2.0625,0.8267045454545454,0.0,0.8267045454545454,436.5,0.0,436.5,86.87005768508881,0.0,86.87005768508881,0.0,0.0,0.0005550384521484375,recovered_archive2/158,recovered_archive2/158/CAPorg8.jpg,4
3,50,1024,768,0.06,0.05660377358490566,0.8537618373692842,0.023218868659780106,0.8771399937968489,1.4666223927071924,0.09536907120079906,1.5630828375201435,0.9745427245427251,0.0026680487930253903,0.9765648765648771,0.9690561330234727,0.009364594824568674,0.978547274865602,1.1981658692185009,0.29140866283142935,1.4710526315789474,0.8178273032434298,0.007477935006457085,0.8254211809565711,441.8333333333333,291.11920048133015,725.7,75.03181814316834,30.786041879377528,103.24650788387052,0.0,0.0,0.0016854604085286458,recovered_archive2/158,recovered_archive2/158/CAPorg9.jpg,4
3,116,1024,768,0.02586206896551724,0.025210084033613446,0.6391190249854076,0.16158677131185054,0.791375104006742,2.2483012673968914,0.8665912110925862,3.06026744996663,0.9028486140075452,0.1169205199791523,0.9864580763636454,0.9447814191021146,0.03623826151224615,0.9735729789106027,0.9600614439324117,0.4186086325844416,1.3612903225806452,0.7188662776346061,0.21477857029254505,0.8907107438016528,1801.5,866.3845374120355,2477.5,178.4402837246404,34.22094412556123,206.0666088965482,0.0,0.3333333333333333,0.0068721771240234375,recovered_archive2/163,recovered_archive2/163/CAPorg1.jpg,4
3,111,1024,768,0.02702702702702703,0.02631578947368421,0.7478667394119451,0.008465632532601233,0.7561950035199236,1.7292546098869899,0.41002875446958126,2.146632216919059,0.9775875403637313,0.010286978433176025,0.9848841972285302,0.960097210156796,0.01478049667544153,0.9730603112654053,0.7974074614524053,0.15925741581143713,0.9597431781701444,0.7567213670552807,0.0786556099461602,0.8311915300679346,2784.6666666666665,1636.0127003038685,4259.4,203.26296286848552,76.06429731855206,268.54987001723345,0.0,0.0,0.010622660319010416,recovered_archive2/163,recovered_archive2/163/CAPorg2.jpg,4
1,22,1024,768,0.045454545454545456,0.043478260869565216,0.6336021207837317,0.0,0.6336021207837317,2.0905072563093303,0.0,2.0905072563093303,0.948175182481753,0.0,0.948175182481753,0.9531476039373784,0.0,0.9531476039373784,0.675,0.0,0.675,0.6013888888888889,0.0,0.6013888888888889,649.5,0.0,649.5,113.49747468305831,0.0,113.49747468305831,0.0,0.0,0.0008258819580078125,recovered_archive2/163,recovered_archive2/163/CAPorg3.jpg,4
15,17,1024,768,0.8823529411764706,0.46875,0.8125521715781918,0.07472243301816972,0.8693548782516961,1.440426892584508,0.5314811791600146,1.608239937980378,0.9695707703571634,0.013232976156174213,0.9817383789621055,0.9596739575570654,0.007813705201039153,0.9693144004734504,0.9717716077966145,0.24645862038525856,1.246969696969697,0.7651830055229442,0.05557222406491253,0.8180563957787188,761.4666666666667,602.3595124360719,1663.4999999999995,103.024444387758,43.12013513518558,162.56164491784256,0.0,0.0,0.014523824055989584,recovered_archive2/163,recovered_archive2/163/CAPorg4.jpg,4
14,10,1024,768,1.4,0.5833333333333334,0.7748965375130152,0.12489124444153525,0.8736793533417071,1.7928516569766464,1.1449832763840968,2.8290966389663645,0.961062485009271,0.028092221108646783,0.9830586808527987,0.9609650774144012,0.008945317010793442,0.9688235178999602,1.3975569903843315,0.4054062648955858,1.8362500000000004,0.7354881796365397,0.08618471383842806,0.8242824148100771,1865.0714285714287,4264.169919461561,2155.000000000002,135.94635120073417,140.10120412683807,187.08641404994287,0.0,0.0,0.03320185343424479,recovered_archive2/163,recovered_archive2/163/CAPorg5.jpg,4
4,2,1024,768,2.0,0.6666666666666666,0.7949703872373453,0.07445365637619218,0.8634048580662094,1.6118846681758316,0.5516685269064353,2.2367267981263095,0.9749691338324531,0.00906161898484842,0.9838628570998229,0.9569653470877544,0.008053785410709769,0.9652914845833698,0.9986619861619861,0.36482971643494017,1.4080769230769232,0.7707463534076437,0.0139968263343979,0.7832735042735043,1940.375,1161.5778802452292,3210.8500000000004,164.5286976033153,51.75325238871951,215.97068529740477,0.0,0.0,0.009869257609049479,recovered_archive2/163,recovered_archive2/163/CAPorg6.jpg,4
10,6,1024,768,1.6666666666666667,0.625,0.8186018093853805,0.04089060988227559,0.8721343093582082,1.3902089064175065,0.3053103269123695,1.7184968872638868,0.971444530841375,0.011461453570344393,0.9813261822151844,0.9625753934787513,0.009568460556338091,0.9708086214043656,1.1037912863261832,0.3722229329588717,1.5499999999999998,0.7970112273390434,0.05854355011141052,0.8731532779316713,1125.05,1115.557942242356,2322.6999999999994,118.71341263970173,60.48920544270129,189.36753236814712,0.0,0.0,0.014305750528971354,recovered_archive2/163,recovered_archive2/163/CAPorg7.jpg,4
4,18,1024,768,0.2222222222222222,0.18181818181818182,0.7217769574416631,0.15440913037796886,0.8676607343919512,1.604147296822957,0.4892512693029401,2.1263431849980026,0.9239755175250595,0.06758279058052226,0.9824873674512294,0.9482361896645014,0.022384583726648092,0.9692098735486668,1.2075385222315047,0.35747662241236455,1.5968045112781954,0.70575019481984,0.10525901022370653,0.8201538461538461,3616.75,4441.404373900219,8373.300000000001,230.24621202458752,176.19048765487491,424.34297244015227,0.0,0.0,0.018395741780598957,recovered_archive2/163,recovered_archive2/163/CAPorg8.jpg,4
3,120,1024,768,0.025,0.024390243902439025,0.873546231699465,0.007466020706447779,0.8811430684374625,1.1195262429498076,0.04192334695656677,1.1591087297077656,0.9783408763435145,0.003172859585769588,0.9815756267846966,0.95921732046985,0.00030140901820713864,0.9594845675984913,1.008707767328457,0.055949149999827516,1.0553814002089863,0.772992375865939,0.011712299014893738,0.7846708463949843,725.3333333333334,134.30955124471066,862.3,101.69273682893397,8.863953116866586,110.72590180780452,0.0,0.0,0.0027669270833333335,recovered_archive2/165,recovered_archive2/165/CAPorg1.jpg,4
0,49,1024,768,0.0,0.0,,,,,,,,,,,,,,,,,,,,,,,,,,,0.0,recovered_archive2/165,recovered_archive2/165/CAPorg2.jpg,4
0,52,1024,768,0.0,0.0,,,,,,,,,,,,,,,,,,,,,,,,,,,0.0,recovered_archive2/165,recovered_archive2/165/CAPorg3.jpg,4
0,42,1024,768,0.0,0.0,,,,,,,,,,,,,,,,,,,,,,,,,,,0.0,recovered_archive2/165,recovered_archive2/165/CAPorg4.jpg,4
0,30,1024,768,0.0,0.0,,,,,,,,,,,,,,,,,,,,,,,,,,,0.0,recovered_archive2/165,recovered_archive2/165/CAPorg5.jpg,4
0,29,1024,768,0.0,0.0,,,,,,,,,,,,,,,,,,,,,,,,,,,0.0,recovered_archive2/165,recovered_archive2/165/CAPorg6.jpg,4
0,57,1024,768,0.0,0.0,,,,,,,,,,,,,,,,,,,,,,,,,,,0.0,recovered_archive2/165,recovered_archive2/165/CAPorg7.jpg,4
0,39,1024,768,0.0,0.0,,,,,,,,,,,,,,,,,,,,,,,,,,,0.0,recovered_archive2/165,recovered_archive2/165/CAPorg8.jpg,4
7,60,1024,768,0.11666666666666667,0.1044776119402985,0.8570984139072707,0.030372772055242494,0.8838733813634237,1.19969765428268,0.13319859385674387,1.3502672862155967,0.9751970321158595,0.004539086903612125,0.9803087485250097,0.9592704564487847,0.005603525913799135,0.9663083801209876,0.9270629069609145,0.08669939350174989,1.0271493212669682,0.758644371272041,0.03055585556626299,0.7850669515669516,1014.7142857142857,775.3791172776089,1851.3000000000006,115.59305290567438,43.590074972639066,163.94743135546955,0.0,0.0,0.009031931559244791,recovered_archive2/171,recovered_archive2/171/CAPorg1.jpg,4
7,52,1024,768,0.1346153846153846,0.11864406779661017,0.8392159614651238,0.03953916137248901,0.8764386811285361,1.344569379298083,0.3427806035081657,1.7826166468121427,0.9743585599248324,0.008185179400870372,0.9831851561271877,0.9667463540185056,0.00478206626741422,0.9732233541612563,0.9247049247049246,0.19825777651209658,1.1538461538461537,0.8134541071271366,0.035499568029944105,0.8472527472527472,565.0,431.2906709600184,1010.1000000000004,86.65961653288612,33.98529144863805,122.47493500861673,0.0,0.0,0.005029042561848958,recovered_archive2/171,recovered_archive2/171/CAPorg2.jpg,4
20,71,1024,768,0.28169014084507044,0.21978021978021978,0.8321462665293538,0.06302396705707618,0.889324532447042,1.3783410201908564,0.439097303355444,2.0470509798500993,0.9693296568923989,0.015460544377739633,0.9825850999987056,0.9626763987457123,0.011051093035779282,0.9772236528415014,1.2287234898968307,0.3946003420726574,1.737362637362638,0.7813387078558199,0.04812580118958436,0.8252213438735179,661.775,739.0343441782662,1932.2000000000007,86.69589821842953,50.36736771746038,183.1650937063832,0.0,0.0,0.016829808553059895,recovered_archive2/171,recovered_archive2/171/CAPorg3.jpg,4
25,76,1024,768,0.32894736842105265,0.24752475247524752,0.8284432176109785,0.0570874216263001,0.8783104853830568,1.3780792425542814,0.27644950828897247,1.7613222529509527,0.9657435422230595,0.014363018424574204,0.9762745421547608,0.966385031290411,0.009450192596734259,0.9740532868875516,1.2276918829672412,0.2464756817154944,1.4547008547008546,0.7806512614083965,0.06847639756290513,0.8383035714285714,415.02,453.0990505397247,1052.0000000000007,72.37495233965227,38.691669271418476,131.88225099390866,0.0,0.0,0.013193130493164062,recovered_archive2/171,recovered_archive2/171/CAPorg4.jpg,4
4,81,1024,768,0.04938271604938271,0.047058823529411764,0.8039466820860119,0.05354659688146777,0.8653800755842836,1.3995536522658565,0.1626133579808685,1.537325990924074,0.9584405413051114,0.012982294217120088,0.9727201694322786,0.9614372635701645,0.003744111261855804,0.96545537986502,1.3215178571428572,0.12843752327573152,1.4348214285714287,0.7580985726230292,0.021491433729335298,0.7806785714285714,283.0,167.56006385771045,467.65000000000003,63.37005768508881,17.696648163912553,81.95950211536164,0.0,0.0,0.0014394124348958333,recovered_archive2/171,recovered_archive2/171/CAPorg5.jpg,4
1,61,1024,768,0.01639344262295082,0.016129032258064516,0.8592414861002516,0.0,0.8592414861002516,1.206095922354087,0.0,1.206095922354087,0.965659340659342,0.0,0.965659340659342,0.9555528834890143,0.0,0.9555528834890143,1.1,0.0,1.1,0.7988636363636363,0.0,0.7988636363636363,351.5,0.0,351.5,71.698484809835,0.0,71.698484809835,0.0,0.0,0.0004469553629557292,recovered_archive2/173,recovered_archive2/173/CAPorg1.jpg,4
13,120,1024,768,0.10833333333333334,0.09774436090225563,0.8253585758180008,0.04828266407916387,0.8689283327400471,1.3703073554333356,0.23799823465466216,1.6043098225881742,0.9690237410777921,0.011718163565481103,0.9792477192593563,0.9652011620796878,0.007292974888969681,0.9731715662142264,1.0794369656208396,0.2617583142738207,1.268181818181818,0.7712281641382872,0.04704616048315581,0.8186147186147187,494.0,407.04342047728295,1122.0000000000005,80.23335548720223,35.51083381714475,129.8856997824492,0.0,0.0,0.008165995279947916,recovered_archive2/173,recovered_archive2/173/CAPorg2.jpg,4
3,120,1024,768,0.025,0.024390243902439025,0.8573758419079697,0.04530490784276853,0.8906586325871536,1.2679028787243236,0.14404151115213196,1.3791263559085343,0.9677747634494694,0.01733814333677203,0.981329875081745,0.9711276643480939,0.004955949146985291,0.9761491979550633,1.0177962489343564,0.10824096682592611,1.111764705882353,0.7545159609737615,0.0425489608416296,0.7863697073032111,216.83333333333334,127.50315900225984,335.8,52.59391531017341,18.094757082487302,68.74112549695428,0.0,0.0,0.0008271535237630209,recovered_archive2/173,recovered_archive2/173/CAPorg3.jpg,4
3,43,1024,768,0.06976744186046512,0.06521739130434782,0.8557502894257842,0.017063402079301203,0.8729186780430437,1.2709135411087589,0.09291094183158559,1.3443114949676518,0.9748253869083167,0.004350103263593083,0.9792418636260671,0.9601709709750258,0.0018890726796171409,0.9620817338504508,1.125,0.1767766952966369,1.3,0.7789217445302102,0.01624395841144329,0.7953927025355597,852.0,365.5853753457141,1220.4,109.30221253718271,21.82066189627612,131.42539674441622,0.0,0.0,0.0032501220703125,recovered_archive2/173,recovered_archive2/173/CAPorg4.jpg,4
4,44,1024,768,0.09090909090909091,0.08333333333333333,0.8814203837401512,0.006096030562118002,0.8883119162957283,1.141198571177013,0.11520063586807924,1.2704056773060606,0.97682755572972,0.007831547087735011,0.9847553374534733,0.9692672194016106,0.00811028551381232,0.9782380532598541,1.1091269841269842,0.14454198259215367,1.2666666666666668,0.8177255397679557,0.02611161587982379,0.8471737776393647,521.75,538.0293323788211,1096.0000000000002,76.73401871576775,38.84149672340372,118.82295808265228,0.0,0.0,0.0026537577311197915,recovered_archive2/173,recovered_archive2/173/CAPorg5.jpg,4
5,49,1024,768,0.10204081632653061,0.09259259259259259,0.8120639219000474,0.06818780936687967,0.8591631136424667,1.5086935869703457,0.4827363183550456,2.111763224033227,0.9813181794980471,0.003280198698145791,0.9844843852309965,0.9657816395314475,0.015081612864172162,0.984610575614974,1.1859959097028063,0.264692214560794,1.4486486486486487,0.7725076511213482,0.05484928598478852,0.8357726957726958,2541.4,2521.1354069149083,5441.900000000001,168.24204896855323,102.97904215080533,282.579725676967,0.0,0.0,0.016157786051432293,recovered_archive2/173,recovered_archive2/173/CAPorg6.jpg,4
10,40,1024,768,0.25,0.2,0.762631891565337,0.12285779457404832,0.8843037765818093,1.5135665457006449,0.5141236186732149,1.9996965541027985,0.9431471408247483,0.03319128846622679,0.9835968379446641,0.956522756975468,0.013265902337472754,0.9715474411481168,1.3796141888999032,0.47752804253400283,1.8159404302261444,0.7271448602891947,0.07990396449152455,0.8101155462184874,1038.0,1176.5887769310057,1866.249999999999,115.54600282048219,82.784594048581,186.0770778110976,0.0,0.0,0.0131988525390625,recovered_archive2/173,recovered_archive2/173/CAPorg7.jpg,4
9,52,1024,768,0.17307692307692307,0.14754098360655737,0.7993104399333588,0.1291730097745396,0.8762362282407207,1.6338184893159138,0.8445915697692756,2.0149340627304615,0.9750298938972198,0.013889873889090625,0.9857924973955272,0.9624711324892002,0.011903805722405618,0.9800222988812096,1.0856411026960346,0.31546840390893716,1.300877192982456,0.764133292314251,0.06110414942862536,0.8357173129900403,1638.7777777777778,1068.460317755079,2706.6000000000004,148.79347434132822,61.73106063043108,199.28611819065983,0.0,0.0,0.018754323323567707,recovered_archive2/173,recovered_archive2/173/CAPorg8.jpg,4
14,63,1024,768,0.2222222222222222,0.18181818181818182,0.7883983969886768,0.14240558162506636,0.9037000647595905,1.8679686607993493,1.0574604337699318,2.4448517787156434,0.9770173416470136,0.021284701263944765,0.9888811429185245,0.9669599359439982,0.013147748884678906,0.9850339556414931,1.6629159433766936,1.0507950728510602,2.214583333333334,0.8063590964898284,0.041640052214780884,0.8590096618357488,1974.0,2277.3404915132287,5795.200000000001,150.48065339647385,100.10432025177755,304.4909955141878,0.0,0.0,0.0351409912109375,recovered_archive2/180,recovered_archive2/180/CAPorg1.jpg,4
17,16,1024,768,1.0625,0.5151515151515151,0.699238164412322,0.1601729962859692,0.859087576848419,2.122152848488653,0.9230658290917628,3.4492583538408024,0.9511154536146371,0.043027366500672695,0.9823306236794471,0.9592219647618299,0.008421195089745643,0.9678766620232978,1.9460660271388477,1.0442496125244003,3.2894117647058825,0.7412846747935664,0.07215609487787213,0.8168534080298786,939.2941176470588,720.7889888420787,1875.8000000000004,122.75713430437439,39.7086870880066,173.659711319467,0.0,0.0,0.020304361979166668,recovered_archive2/180,recovered_archive2/180/CAPorg10.jpg,4
17,14,1024,768,1.2142857142857142,0.5483870967741935,0.6683292434223744,0.15750055895027879,0.8419277684277463,2.1227485009423837,0.9281752269927114,3.63153096568924,0.9398357618584219,0.04521975856085177,0.9810517351500957,0.9541265271484112,0.01472044581431785,0.9692620484036522,2.0397309993476633,0.8618495682316546,3.4689075630252098,0.715000139570837,0.07983547625095593,0.7974474720824187,1255.3529411764705,1506.2465695807252,3163.7,137.84104059091513,83.03378878684688,285.358196129302,0.0,0.0,0.027136484781901043,recovered_archive2/180,recovered_archive2/180/CAPorg11.jpg,4
12,6,1024,768,2.0,0.6666666666666666,0.7821543269633119,0.07571028335116464,0.8619208243000194,1.5302754787950246,0.38034123110657064,2.05522771712261,0.9599623552522196,0.025075814836788838,0.9841623877753392,0.9530448724010667,0.013084627745473537,0.9643086096363354,1.3517207241524598,0.41337145048206386,1.8812144212523718,0.7474425194394017,0.05482381156951668,0.8070471973770852,1372.25,1714.2642311401898,3478.9000000000005,127.09713797413276,72.79411967368257,223.47535341682737,0.0,0.0,0.020938873291015625,recovered_archive2/180,recovered_archive2/180/CAPorg12.jpg,4
34,47,1024,768,0.723404255319149,0.41975308641975306,0.8130970286923311,0.0900627728916084,0.8841800265943673,1.3753814174548853,0.35067956801680866,1.6492504804245705,0.9665527717476744,0.025905260841440993,0.9833135356813779,0.9581453423956946,0.009676693715051213,0.967605551084617,1.0488891277455714,0.26374088225942677,1.4951612903225806,0.7438577761091816,0.07979042647333734,0.8162246209844387,1031.014705882353,940.4374098485027,2322.399999999999,117.35394059620964,50.3995256592775,201.31799410394657,0.0,0.0,0.04457410176595052,recovered_archive2/180,recovered_archive2/180/CAPorg2.jpg,4
32,37,1024,768,0.8648648648648649,0.463768115942029,0.7683324988026053,0.10934041355485755,0.8674285019842696,1.4378246488490003,0.2985095621148305,1.7591288390030242,0.9528422309748991,0.04176220390640345,0.981873965535033,0.9433277796692933,0.03779754088583611,0.9639056335518544,1.2238337821518956,0.30124669742259097,1.5976923076923077,0.7328580881876894,0.07548773532204102,0.8039419574561084,1436.296875,1699.4142734491595,2688.1500000000005,143.66051804298655,90.73505938086222,222.35302294649108,0.0,0.03125,0.05844306945800781,recovered_archive2/180,recovered_archive2/180/CAPorg3.jpg,4
19,54,1024,768,0.35185185185185186,0.2602739726027397,0.7754126729228286,0.10821790945357584,0.8755494324823923,1.6884295092614947,0.5897944209673877,2.3371458010273387,0.961744809225594,0.02791018707522347,0.9844019793178689,0.9626780589847904,0.010207486902876031,0.9753387724391406,1.311921129633302,0.4442503309266307,1.839160839160839,0.7717242022334928,0.10295301072314393,0.8396997911470561,1347.6842105263158,1956.075005359661,4337.999999999999,120.99760759447635,82.66566119106014,252.08611819065982,0.0,0.0,0.032559712727864586,recovered_archive2/180,recovered_archive2/180/CAPorg4.jpg,4
4,48,1024,768,0.08333333333333333,0.07692307692307693,0.8494861262087005,0.008093787403480364,0.8577623341886691,1.2329292954814248,0.10593497805438529,1.3483542127076313,0.9675841755728104,0.0038577193665886925,0.9719855896046886,0.9639721541182671,0.004673816140460321,0.9674825174215179,1.158768315018315,0.10211617206697976,1.2692307692307694,0.7738534035409035,0.026798912661318886,0.8016185897435898,243.0,139.36373272842545,393.70000000000005,57.8700576850888,15.431690930998053,74.78965363437814,0.0,0.0,0.0012359619140625,recovered_archive2/180,recovered_archive2/180/CAPorg5.jpg,4
7,24,1024,768,0.2916666666666667,0.22580645161290322,0.7657440654402762,0.08383058599511697,0.8537853863600607,1.5924981933943698,0.4565240959271436,2.1276710689734455,0.9697247313291611,0.011416017926456988,0.9840306382773715,0.9631417371730586,0.00772933233650569,0.9722607583841717,1.1006470232276684,0.4869131966347334,1.7432258064516128,0.7688620906523568,0.060727171179255544,0.8461975524475525,1851.2857142857142,2236.1077609022664,5281.5,142.19319720949957,105.9244106735318,294.99150057757606,0.0,0.0,0.016478220621744793,recovered_archive2/180,recovered_archive2/180/CAPorg6.jpg,4
16,36,1024,768,0.4444444444444444,0.3076923076923077,0.743978755962905,0.13435509993369707,0.8729504529754772,1.5959354764844382,0.47647837778089175,2.036069980660577,0.9426986098126504,0.05271855001418375,0.9846450726586076,0.9553730096324258,0.014586622652130662,0.9698225366138317,1.2258919353876767,0.5617519711747067,1.8848039215686274,0.7035102727989296,0.09658737187578294,0.7981765437923514,910.125,647.526073316743,1861.75,116.7186687607709,50.20541919342256,185.80256121069155,0.0,0.0,0.01851654052734375,recovered_archive2/180,recovered_archive2/180/CAPorg7.jpg,4
19,26,1024,768,0.7307692307692307,0.4222222222222222,0.7147156692473167,0.1267765417380664,0.8416851746492937,1.7231521973245958,0.46857742804271363,2.2767395597187132,0.9413803333798735,0.05495740157294713,0.9748989569499567,0.9518226004043383,0.023373578383456807,0.9697517965945978,1.595387299671629,0.4914611310545503,2.090514905149051,0.7130171403908191,0.08507302828682749,0.7867388663967612,940.2631578947369,733.7294490697051,1968.6999999999996,124.31751340957116,61.626273274885534,223.27779207859126,0.0,0.05263157894736842,0.022716522216796875,recovered_archive2/180,recovered_archive2/180/CAPorg8.jpg,4
26,31,1024,768,0.8387096774193549,0.45614035087719296,0.7517552258465112,0.08879248614028559,0.8480944094013863,1.5587700553053416,0.3767265214176845,2.0565701017357396,0.9553230392743172,0.0297089414175043,0.9790635594524002,0.9591108205941368,0.010752353976608914,0.9714536829221858,1.4239430128239758,0.46617876889607274,2.0747282608695654,0.738507439524427,0.05767868935671426,0.8150453223209184,1924.9423076923076,4397.188013874766,2400.5,134.3374985458878,136.95683428937636,213.2670273047588,0.0,0.0,0.06363995869954427,recovered_archive2/180,recovered_archive2/180/CAPorg9.jpg,4
2,85,1024,768,0.023529411764705882,0.022988505747126436,0.7430488379874975,0.07854109921597363,0.8058817173602765,1.559350359352752,0.2310099550321567,1.7441583233784774,0.9704191402233211,0.012841185183437187,0.9806920883700709,0.9526831314223645,0.0052985073909648794,0.9569219373351364,1.3055555555555556,0.48611111111111116,1.6944444444444446,0.6897685093942978,0.04999137761135203,0.7297616114833794,2891.75,250.75,3092.35,221.3589103967956,2.1213203435596313,223.05596667164332,0.0,0.0,0.0073541005452473955,recovered_archive3/201,recovered_archive3/201/CAPorg1.jpg,4
8,101,1024,768,0.07920792079207921,0.07339449541284404,0.7482556126703409,0.09817301917760965,0.8299473304319066,1.6979375093893057,0.5712227498000652,2.227676863263705,0.9575867601510687,0.01962385242918997,0.9763246941196391,0.9600059997250598,0.005180370048931502,0.9649228346727714,1.3713433867481843,0.6421295200574036,1.9129310344827584,0.7442610587572839,0.03965228319946825,0.7710175374497625,654.5,495.38444666743425,1201.1499999999999,99.08021279348029,36.09983437969831,139.05310960166872,0.0,0.0,0.006657918294270833,recovered_archive3/201,recovered_archive3/201/CAPorg2.jpg,4
10,109,1024,768,0.09174311926605505,0.08403361344537816,0.7442224689407768,0.12213015613081514,0.8329957379888167,1.6762745884268129,0.5400878767356697,2.2115959193902714,0.9508338909650131,0.048904647533521826,0.9827536996761614,0.9602137484718526,0.013421667358486529,0.9729019954956734,1.1483495282828116,0.45563888822465964,1.659333333333333,0.7385271223648744,0.0906517867778297,0.8349921630094044,896.9,682.1005717634314,1515.1999999999996,116.4347329832614,49.568999107410384,198.4822509939086,0.0,0.0,0.011404673258463541,recovered_archive3/201,recovered_archive3/201/CAPorg3.jpg,4
1,64,1024,768,0.015625,0.015384615384615385,0.7468881768093114,0.0,0.7468881768093114,1.579001450228035,0.0,1.579001450228035,0.9520451339915377,0.0,0.9520451339915377,0.9485807238327059,0.0,0.9485807238327059,1.25,0.0,1.25,0.675,0.0,0.675,337.5,0.0,337.5,75.35533905932736,0.0,75.35533905932736,0.0,0.0,0.0004291534423828125,recovered_archive3/201,recovered_archive3/201/CAPorg4.jpg,4
8,30,1024,768,0.26666666666666666,0.21052631578947367,0.6669392513639971,0.19868799313882704,0.8501534985021036,2.1987944137507247,1.0677102099878726,3.438118808699567,0.9388765331408649,0.06296372471406599,0.9766612284622698,0.9563789892122649,0.013439900615679606,0.9728833754428202,1.707201128448593,0.5497051165213647,2.382788671023965,0.668058459266795,0.17459782294945236,0.8378991596638655,1132.0625,1721.126728292763,2604.8499999999995,126.08110562784736,83.18060024202661,229.9589103967956,0.125,0.125,0.011515935262044271,recovered_archive3/201,recovered_archive3/201/CAPorg5.jpg,4
6,40,1024,768,0.15,0.13043478260869565,0.7389484662825611,0.1481252295128048,0.8636804832068372,1.6373256351162382,0.6436140829123831,2.324416858051189,0.9635565832096303,0.0135673034070576,0.9772118705833889,0.9594562199651643,0.010244551403247511,0.971827409501524,1.4168393579683904,0.5344971822049108,2.0483870967741935,0.7103964906796967,0.11908132620713816,0.8350338322540618,1353.75,1279.971931658399,2641.5,142.4610990048117,69.69002312919567,226.58073580374358,0.0,0.0,0.010328292846679688,recovered_archive3/201,recovered_archive3/201/CAPorg6.jpg,4
3,46,1024,768,0.06521739130434782,0.061224489795918366,0.6406393379608507,0.06270960496759007,0.7031729493128336,2.0017208066575307,0.30181188639594747,2.255789188860232,0.9585418488427108,0.012483773880008998,0.9711949395323003,0.9576249717364407,0.00827412097062385,0.9658847016795199,1.3455065606228398,0.6339500180288219,1.9335497835497835,0.6605754710405872,0.044446233419593334,0.7024605626931208,1070.0,682.575636834483,1753.5,136.68292441175967,36.555656422356876,173.0621499812309,0.0,0.0,0.00408172607421875,recovered_archive3/201,recovered_archive3/201/CAPorg7.jpg,4
0,50,1024,768,0.0,0.0,,,,,,,,,,,,,,,,,,,,,,,,,,,0.0,recovered_archive3/201,recovered_archive3/201/CAPorg8.jpg,4
20,14,1024,768,1.4285714285714286,0.5882352941176471,0.7753802726147045,0.13616104858782582,0.8666031274391383,1.733147078469242,0.9882586958519805,2.799291722442163,0.9577895013547411,0.05367518203543039,0.9813503645733104,0.9631863522727097,0.014843371427782096,0.9748948786110464,1.272659097828338,0.6273307662781835,2.4723404255319155,0.7631400034492044,0.07355782092216155,0.8274337007530286,710.375,751.6709033047641,1462.5500000000009,101.26574669941303,66.51470468342075,150.64966081312824,0.0,0.05,0.018065770467122395,recovered_archive3/216,recovered_archive3/216/CAPorg1.jpg,4
5,51,1024,768,0.09803921568627451,0.08928571428571429,0.7381660919810193,0.14465130775926513,0.8487193005442206,1.9397239089355036,1.0130331363642946,3.0070342639644507,0.9544515588353871,0.02304775943863316,0.9707499797652765,0.960758297509346,0.010942230640284205,0.9729725305623967,1.6142735042735044,1.1463232951219078,2.930769230769231,0.7547622009485743,0.0486340479954051,0.8038250469043152,495.4,267.26604722635454,784.2,88.74112549695427,30.783410379163307,112.62051942088827,0.0,0.0,0.0031496683756510415,recovered_archive3/216,recovered_archive3/216/CAPorg2.jpg,4
6,7,1024,768,0.8571428571428571,0.46153846153846156,0.6980227462974046,0.1273721984874773,0.8505585178750936,2.284795355784012,0.8939510813624292,3.166346652675652,0.9569175637588797,0.03095355667256299,0.9806041014243865,0.960724118364796,0.008830010478434968,0.9701642574407485,1.3660024389191054,0.7441542203987573,2.3703703703703702,0.7402874895062643,0.09789072506460557,0.8356244671781756,1016.3333333333334,702.2530803698114,1910.0,131.87412212136203,57.42402959596983,197.25483399593904,0.0,0.0,0.007754007975260417,recovered_archive3/216,recovered_archive3/216/CAPorg3.jpg,4
6,14,1024,768,0.42857142857142855,0.3,0.74008446757681,0.10328730059969064,0.8080777851166604,1.8018511945838827,0.4736375712748397,2.327244490898509,0.9631753384877179,0.022809866413308132,0.9764047307404637,0.9577826095521839,0.01316468605465499,0.9722839801077651,1.3858266597237183,0.3575576405922362,1.7395833333333335,0.7193870974954478,0.13477826259409142,0.8437112068965518,887.75,643.3083598347944,1655.75,117.97581763057315,56.7357811950996,184.63098833543773,0.0,0.0,0.0067729949951171875,recovered_archive3/216,recovered_archive3/216/CAPorg4.jpg,4
0,19,1024,768,0.0,0.0,,,,,,,,,,,,,,,,,,,,,,,,,,,0.0,recovered_archive3/216,recovered_archive3/216/CAPorg5.jpg,4
0,6,1024,768,0.0,0.0,,,,,,,,,,,,,,,,,,,,,,,,,,,0.0,recovered_archive3/216,recovered_archive3/216/CAPorg6.jpg,4
16,31,1024,768,0.5161290322580645,0.3404255319148936,0.7876675325517957,0.12565849572896373,0.8829982808170955,1.3751255387729548,0.39748819786524575,1.8121747744851784,0.9558085599815813,0.04238925564314182,0.9805772884765842,0.9565294695459825,0.023302526676290687,0.9783781216117252,1.1466763809014129,0.2592522481265835,1.4702380952380953,0.7351096631958316,0.11605347667786284,0.8330675827499785,758.34375,590.2934312364805,1213.0,106.63243590596046,46.11530787180153,153.6396103067893,0.0,0.0,0.015428543090820312,recovered_archive3/220,recovered_archive3/220/CAPorg1.jpg,4
14,29,1024,768,0.4827586206896552,0.32558139534883723,0.7428825357323696,0.10843941201813195,0.845508732549457,1.7296818139955266,0.5023337919007949,2.3521611603925408,0.9563739794758274,0.02910289235032586,0.9775856996968854,0.9556440224974507,0.012215440948867127,0.9704778528524609,1.6115507179381685,0.4271252903965766,2.182511627906977,0.7319951561352298,0.09888431781498308,0.8268875,1185.607142857143,843.942093023894,2445.9500000000003,134.0245979456988,58.959608858336104,219.36164491784263,0.0,0.0,0.02110608418782552,recovered_archive3/220,recovered_archive3/220/CAPorg10.jpg,4
18,38,1024,768,0.47368421052631576,0.32142857142857145,0.7234751383647358,0.15072284976985,0.8553826264176426,1.7163322327979254,0.545761130414852,2.4684137527976393,0.9403423615173375,0.04839169443797737,0.9742723492723492,0.9566105217809153,0.014045846798035892,0.9700536543576144,1.4627243713308917,0.5617925168426292,2.401372997711671,0.702443837424626,0.10786772213609551,0.8150802342213481,1053.7222222222222,1336.8519429181192,1878.7000000000003,125.27525246083613,77.74070966090656,195.3550432000444,0.0,0.0,0.024117787679036457,recovered_archive3/220,recovered_archive3/220/CAPorg11.jpg,4
28,22,1024,768,1.2727272727272727,0.56,0.7584161043113042,0.10980568770535049,0.8640208487112284,1.6018097203255102,0.4348767436960057,2.138123750829524,0.9558473411060974,0.034450419337573486,0.9835832303476439,0.9568813502813055,0.015085324890236382,0.9725742810869832,1.4193692465496606,0.44002022359033166,2.074153846153846,0.7451092047776081,0.08882982194634327,0.8412013729977117,1372.4285714285713,1671.1368121425483,2787.4500000000007,134.96665628983862,73.43384202796017,239.05769106591367,0.0,0.0,0.048863728841145836,recovered_archive3/220,recovered_archive3/220/CAPorg12.jpg,4
10,41,1024,768,0.24390243902439024,0.19607843137254902,0.8516561006358071,0.07560961451490782,0.8862765527465879,1.2507832328961568,0.11633389692966613,1.3978695616074555,0.9680486368153314,0.032940745884396355,0.9835419499719295,0.9594455936452955,0.01791349420330453,0.9709586690318609,1.0808428316271452,0.16008789972770682,1.2205882352941175,0.7761486566663096,0.06261157739374823,0.829539641943734,929.35,782.3134298348713,1362.7999999999993,110.81879502661798,52.29644160844558,141.52245301926388,0.0,0.0,0.011817296346028646,recovered_archive3/220,recovered_archive3/220/CAPorg2.jpg,4
9,5,1024,768,1.8,0.6428571428571429,0.8289612698815202,0.0978648666266423,0.8766849007821228,1.4310529290237541,0.8483364866902172,1.7295849922462572,0.969655662311712,0.013896771702943917,0.9830415462540011,0.9656741703420857,0.006527976554702596,0.9757177491889065,0.8964059889600795,0.2381582054134407,1.1035294117647059,0.7820149283608898,0.0411423569718509,0.8403467000835422,635.2777777777778,420.40133676121593,1134.0,94.47570140607019,34.99775031697925,150.41118318204312,0.0,0.0,0.0072701772054036455,recovered_archive3/220,recovered_archive3/220/CAPorg3.jpg,4
23,34,1024,768,0.6764705882352942,0.40350877192982454,0.7003519665707034,0.17162982779100366,0.8729689830170585,2.377684655630329,1.61402177193471,3.3978947346492574,0.9533529841554139,0.02730212468376516,0.9760549007602431,0.9663439114985128,0.008649969770487227,0.9781501317057448,2.1595217486375886,1.42308294595919,3.285714285714286,0.7771451009308489,0.0742257142691781,0.8517704517704517,512.8913043478261,467.63991062712154,1056.7000000000003,96.27116189136777,60.8566213905934,172.63574311003808,0.043478260869565216,0.0,0.015000025431315104,recovered_archive3/220,recovered_archive3/220/CAPorg4.jpg,4
12,26,1024,768,0.46153846153846156,0.3157894736842105,0.6749126094336276,0.21943256176304027,0.8655324586612823,2.1053099171488943,1.1941040482862075,3.9663618108870105,0.9147688075890503,0.08475566919424175,0.9829380093174807,0.9543372261610705,0.011994229173886956,0.963653011193844,1.3526656056143354,0.4311273326438821,1.6187643020594966,0.6310570685692353,0.20259382212896995,0.799443173150267,1623.4583333333333,1502.6005298916127,3656.55,171.03276203958856,112.50745999453946,296.85638507985396,0.0,0.25,0.024772008260091145,recovered_archive3/220,recovered_archive3/220/CAPorg5.jpg,4
17,40,1024,768,0.425,0.2982456140350877,0.8039736650520333,0.04939022030539466,0.855009267158165,1.53851945733782,0.26756151360160285,1.7998597480892828,0.968597923127864,0.01184993713563379,0.9813011620981482,0.9650738744767103,0.009429123365756999,0.971239334950703,1.475028330989093,0.23022879185582681,1.7630434782608695,0.775675907953312,0.04180553346330083,0.8270499108734403,470.79411764705884,476.16170816051465,970.7000000000003,77.86976058897801,36.091264258886476,126.56021638285529,0.0,0.0,0.010176976521809896,recovered_archive3/220,recovered_archive3/220/CAPorg6.jpg,4
14,25,1024,768,0.56,0.358974358974359,0.7883744199606354,0.06926226858489537,0.8446778846417022,1.5038561450854608,0.2904661807423147,1.8625022608763875,0.9621651760067296,0.018461552144998682,0.9746507594120393,0.9605607879313617,0.005500596710488087,0.96756005690873,1.3151790485342583,0.3802899145331089,1.623041474654378,0.7618481642654551,0.0415116783110287,0.8105180823457933,874.3571428571429,992.0141745201928,1260.4,108.52444851419503,62.64938489166302,144.04793641885783,0.0,0.0,0.015565236409505209,recovered_archive3/220,recovered_archive3/220/CAPorg7.jpg,4
18,36,1024,768,0.5,0.3333333333333333,0.7346192831384082,0.11983491543548534,0.8479851516057104,1.6711939442847492,0.5136087707102114,2.3938338971205937,0.9431895731010953,0.05784786728937886,0.9782995619019683,0.9533535550099779,0.01690724146363244,0.9692764436035277,1.4791646629968769,0.5327597678935619,2.2189839572192516,0.7431679877441002,0.09616209368728111,0.8464031332744926,4860.222222222223,11625.523772217537,12802.700000000024,189.04130182780594,221.5242517169162,417.141962313376,0.0,0.05555555555555555,0.11124165852864583,recovered_archive3/220,recovered_archive3/220/CAPorg8.jpg,4
20,33,1024,768,0.6060606060606061,0.37735849056603776,0.76695823902938,0.09554463785118976,0.8736311522009004,1.5998995331875323,0.39059077955845384,2.114613315649574,0.9548940109255908,0.04787322202591679,0.9778992168994047,0.9584223533221568,0.015169939293657871,0.9698140214625015,1.384917038956472,0.46845024842491906,1.9895467160037006,0.7470311004944701,0.07229841088422403,0.8229142070051161,949.475,1193.142829620578,2348.65,113.5539717988039,67.74376843490724,212.8226622233693,0.0,0.05,0.024146397908528645,recovered_archive3/220,recovered_archive3/220/CAPorg9.jpg,4
0,40,1024,768,0.0,0.0,,,,,,,,,,,,,,,,,,,,,,,,,,,0.0,recovered_archive3/224,recovered_archive3/224/CAPorg1.jpg,4
3,49,1024,768,0.061224489795918366,0.057692307692307696,0.7229242200262017,0.1750695620485125,0.8490555777869951,2.1682929879677224,1.2889916265832613,3.4494541690062284,0.9761538227014895,0.00502500252863596,0.981277818319837,0.965333688295673,0.010005405137087291,0.9728020059286255,0.7291178766588603,0.31609467252306495,0.980327868852459,0.74141423039704,0.03616340463104292,0.7779862146050671,1153.0,956.4482038598152,2128.3,130.4067820368443,56.856787409517835,182.26702730475884,0.0,0.0,0.004398345947265625,recovered_archive3/224,recovered_archive3/224/CAPorg10.jpg,4
2,33,1024,768,0.06060606060606061,0.05714285714285714,0.6449375184927939,0.12793134202782402,0.7472825921150532,2.680362157286675,1.285958351425984,3.709128838427462,0.9686719387843266,0.0029380724222479726,0.971022396722125,0.9595839670841353,0.012191040701972244,0.9693367996457132,2.213275726630008,0.9446190102120974,2.9689709347996858,0.7133706467661691,0.028296019900497515,0.7360074626865672,2373.5,1528.0,3595.9,197.61017305526644,54.25483399593905,241.01404025201768,0.0,0.0,0.006036122639973958,recovered_archive3/224,recovered_archive3/224/CAPorg11.jpg,4
2,24,1024,768,0.08333333333333333,0.07692307692307693,0.6526419190621888,0.13634778604243786,0.7617201478961391,1.7096593625751244,0.11120294531394836,1.798621718826283,0.9430546890576862,0.03366242386431584,0.9699846281491389,0.9028113882127353,0.06011481716645839,0.950903241945902,1.6472069597069599,0.10874542124542119,1.7342032967032968,0.718881930216676,0.08784883901409324,0.7891610014279506,16056.5,15217.5,28230.5,494.03152929257595,378.43354954612926,796.7783689294795,0.0,0.0,0.04083379109700521,recovered_archive3/224,recovered_archive3/224/CAPorg12.jpg,4
2,24,1024,768,0.08333333333333333,0.07692307692307693,0.7749535923400537,0.008115459869620256,0.7814459602357499,1.3911879904530369,0.05647996345379991,1.436371961216077,0.9448233817031657,0.011088441944128669,0.9536941352584686,0.9516115324586572,0.008270989736997136,0.9582283242482549,1.1858870967741935,0.08911290322580645,1.2571774193548386,0.6813330170777989,0.0024905123339658553,0.6833254269449716,1055.25,339.75,1327.05,129.17514421272202,22.020815280171313,146.79179643685907,0.0,0.0,0.0026836395263671875,recovered_archive3/224,recovered_archive3/224/CAPorg13.jpg,4
0,31,1024,768,0.0,0.0,,,,,,,,,,,,,,,,,,,,,,,,,,,0.0,recovered_archive3/224,recovered_archive3/224/CAPorg2.jpg,4
0,36,1024,768,0.0,0.0,,,,,,,,,,,,,,,,,,,,,,,,,,,0.0,recovered_archive3/224,recovered_archive3/224/CAPorg3.jpg,4
1,35,1024,768,0.02857142857142857,0.027777777777777776,0.5642523385604016,0.0,0.5642523385604016,2.111849067352681,0.0,2.111849067352681,0.9202127659574468,0.0,0.9202127659574468,0.9616609097728129,0.0,0.9616609097728129,1.0857142857142856,0.0,1.0857142857142856,0.45526315789473687,0.0,0.45526315789473687,605.5,0.0,605.5,116.12489168102783,0.0,116.12489168102783,0.0,0.0,0.0007699330647786459,recovered_archive3/224,recovered_archive3/224/CAPorg4.jpg,4
0,38,1024,768,0.0,0.0,,,,,,,,,,,,,,,,,,,,,,,,,,,0.0,recovered_archive3/224,recovered_archive3/224/CAPorg5.jpg,4
7,79,1024,768,0.08860759493670886,0.08139534883720931,0.7472349306039846,0.13539319201334127,0.8676546464712515,1.7346260677145064,0.9307749962647754,2.6688726030070984,0.9438412974358522,0.05140152675209962,0.9827491963922376,0.9485188735945161,0.034515653131779664,0.9673655994454874,1.0404748313028673,0.32707608008894967,1.3869925796595375,0.7258091120252015,0.10143414757852319,0.7986440752461322,2595.4285714285716,3160.891944966658,7311.000000000001,184.21698610112392,144.98855307449227,411.02135623730953,0.0,0.0,0.023101806640625,recovered_archive3/224,recovered_archive3/224/CAPorg6.jpg,4
0,42,1024,768,0.0,0.0,,,,,,,,,,,,,,,,,,,,,,,,,,,0.0,recovered_archive3/224,recovered_archive3/224/CAPorg7.jpg,4
7,34,1024,768,0.20588235294117646,0.17073170731707318,0.6692274691826086,0.09017404754043483,0.7783892019098116,2.0010914807776374,0.4726453972806129,2.5820313998800075,0.9413837067892787,0.036201490605116016,0.9771979737625748,0.9553442060805255,0.018589827569532123,0.9729835168170461,0.7336431495675193,0.40497964375324064,1.215966386554622,0.7263295365168011,0.0769252764358227,0.8194537815126051,667.4285714285714,680.2406836959268,1366.3000000000006,99.50834874673673,43.112961899103496,148.73077913133244,0.0,0.0,0.005940755208333333,recovered_archive3/224,recovered_archive3/224/CAPorg8.jpg,4
4,48,1024,768,0.08333333333333333,0.07692307692307693,0.8412609029428006,0.019071407244106307,0.8611996085534733,1.2345933854590412,0.10038042680900938,1.3212481440047867,0.9748815994639244,0.011180828818127372,0.9850266563329338,0.9592609950949196,0.006070410570726939,0.9650494634433127,1.0703850619195046,0.08162520395204374,1.1628676470588235,0.7453532927095746,0.035408956484627156,0.7773171036986044,1592.375,1731.2536416929208,3476.7000000000007,132.99316369738256,75.4124737301187,216.32043276571062,0.0,0.0,0.008099238077799479,recovered_archive3/224,recovered_archive3/224/CAPorg9.jpg,4
12,96,1024,768,0.125,0.1111111111111111,0.7689598712779694,0.15101444973837314,0.8744938167964816,1.6620912610929928,0.7558421359970162,2.356337868788168,0.9595553310663218,0.038803063132353675,0.9787567403566356,0.959799512897808,0.012532707297805944,0.9750795379740432,1.3643863371020721,0.644879115224363,2.1631578947368424,0.7325750048372773,0.1094040662057659,0.818126526009219,3026.375,7134.04190053168,2343.05,181.4666004363102,260.1930741873543,189.5741340859454,0.0,0.0,0.04617881774902344,recovered_archive3/228,recovered_archive3/228/CAPorg1.jpg,4
15,107,1024,768,0.14018691588785046,0.12295081967213115,0.7788818454605072,0.14281651420891178,0.8843644553969232,1.5290408011145038,0.7466676560756448,2.1288971242587076,0.9551795553045336,0.039641574213026325,0.9807137359712973,0.9571159522765278,0.014123122031432386,0.968459643199788,1.3232160719360209,0.6402822783717437,2.0,0.7473794022354081,0.08813597125295355,0.8465210084033613,887.4333333333333,686.8221231795675,1787.8999999999999,114.55074067460654,52.56105077698402,184.9464212286928,0.0,0.0,0.01692644755045573,recovered_archive3/228,recovered_archive3/228/CAPorg2.jpg,4
20,50,1024,768,0.4,0.2857142857142857,0.8063342091379203,0.06673821810447601,0.8731825189370919,1.4308585375204088,0.3883030285634614,1.5994512490781427,0.9694538080892213,0.010909488799211785,0.9806643259842951,0.9589566830555103,0.009862433327943442,0.9670330882046071,1.2279313282392506,0.3587475650155695,1.569144144144144,0.7573592589703788,0.057102784673821724,0.8172619047619047,1132.3,1248.1010616132012,2700.700000000001,118.73595231414336,64.37043685171922,200.11555544218274,0.0,0.0,0.028795878092447918,recovered_archive3/228,recovered_archive3/228/CAPorg3.jpg,4
8,64,1024,768,0.125,0.1111111111111111,0.7541773590466653,0.06233498309118386,0.81349717919213,1.765520656097032,0.5274975332171357,2.25418610085171,0.9611076922245411,0.014756735649330235,0.9776300091456567,0.9659135668202036,0.007846408130802054,0.9772481860994452,1.094579848256319,0.41122722608472967,1.5681818181818181,0.7384729976443405,0.07573874669110148,0.8103540669856459,445.625,768.7871027631772,958.5499999999996,71.37005768508881,58.2169020333153,118.50508652763318,0.0,0.0,0.004533131917317708,recovered_archive3/228,recovered_archive3/228/CAPorg4.jpg,4
11,67,1024,768,0.16417910447761194,0.14102564102564102,0.7675311584598632,0.13623601408106298,0.8643329874950733,1.4421580062520283,0.44367789835232635,1.8690925335535804,0.9476153719209861,0.061732006759496874,0.9765586034912709,0.9542227080016367,0.011730534321866992,0.9678972379729308,0.9964049100301687,0.3694031820268543,1.24,0.7232263487826606,0.10324707023005118,0.7782193958664547,1173.7272727272727,1094.9218187871672,1967.0,131.903659904107,63.34896583636648,178.61017305526644,0.0,0.09090909090909091,0.016417185465494793,recovered_archive3/228,recovered_archive3/228/CAPorg5.jpg,4
10,66,1024,768,0.15151515151515152,0.13157894736842105,0.8253944059596353,0.0945825538839221,0.8939074131111326,1.4072348872018028,0.4196267444816878,1.6245561714802308,0.9695719170505294,0.013931177644048196,0.9819043350195307,0.9664388449269602,0.009867505418776732,0.9785548220833509,1.1875826932923705,0.49705443455633547,1.4099999999999995,0.7964997293538498,0.06814105721269526,0.8764359729733691,754.8,939.5856054665801,2406.8999999999996,95.43229432149742,66.96642300235422,199.6150503787943,0.0,0.0,0.0095977783203125,recovered_archive3/228,recovered_archive3/228/CAPorg6.jpg,4
8,61,1024,768,0.13114754098360656,0.11594202898550725,0.7383499140301439,0.1808719863160913,0.8449045110726204,2.3336612617800276,2.171782118390531,4.295196259377542,0.9530708318567915,0.02560235807040129,0.9692647296949763,0.9594264174128924,0.0042839660194307246,0.9635322698016822,1.9847254673921562,1.4188676041547157,3.445880026367831,0.7616811108314023,0.046734085794904914,0.8168998571088355,3248.625,6666.5642376245805,8383.049999999996,200.6543289325507,281.7681610497306,455.5755626209325,0.0,0.0,0.033046722412109375,recovered_archive3/228,recovered_archive3/228/CAPorg7.jpg,4
1,59,1024,768,0.01694915254237288,0.016666666666666666,0.7495644262971286,0.0,0.7495644262971286,2.177954338998719,0.0,2.177954338998719,0.9832879200726617,0.0,0.9832879200726617,0.9695331744571296,0.0,0.9695331744571296,0.6197183098591549,0.0,0.6197183098591549,0.8663572343149808,0.0,0.8663572343149808,2706.5,0.0,2706.5,213.01219330881977,0.0,213.01219330881977,0.0,0.0,0.003441492716471354,recovered_archive3/237,recovered_archive3/237/CAPorg1.jpg,4
4,49,1024,768,0.08163265306122448,0.07547169811320754,0.8120825811892358,0.06863011751422478,0.8657188082753869,1.303957671746888,0.17889177571142528,1.5083723021852182,0.965290099272124,0.019748076492171737,0.9809157470288625,0.9495530077636422,0.009749262780841265,0.9593978188027465,1.1112241583553057,0.09440090767245696,1.2021752837326607,0.7538919295451058,0.10365881184750106,0.8401090229215229,3266.875,2701.769359489259,6362.450000000001,209.67692988145615,101.62078152343796,326.292128189892,0.0,0.0,0.016616185506184895,recovered_archive3/237,recovered_archive3/237/CAPorg2.jpg,4
12,32,1024,768,0.375,0.2727272727272727,0.7954988979509029,0.08814236699048923,0.8774525123964706,1.5626355547614443,0.5425281006654541,1.7822919898972331,0.9656367479646596,0.02079641720789025,0.9854155119368758,0.9605783558665832,0.01210873019535963,0.9743037419290456,1.1374275357465014,0.38667393453357457,1.6178205128205128,0.7715289859760971,0.05917719089000524,0.8195703125,1403.25,1394.0282233513065,3496.6000000000004,131.99460069260783,70.04468546343796,232.87779207859128,0.0,0.0,0.021411895751953125,recovered_archive3/237,recovered_archive3/237/CAPorg3.jpg,4
4,54,1024,768,0.07407407407407407,0.06896551724137931,0.8366206013853164,0.09043670729553394,0.8969034962238854,1.4208103354105974,0.549862065080283,2.0097440732116607,0.9823598558834868,0.0038200346306110082,0.9864453920877916,0.9630001409355831,0.006796646666944452,0.9705879581083874,0.9427910052910052,0.29734169175150854,1.1305555555555555,0.815644459492711,0.027760089845653688,0.8435213979771803,1301.25,698.6842545098608,2087.8,135.27564927611033,32.202399228787726,170.07291475506338,0.0,0.0,0.006618499755859375,recovered_archive3/237,recovered_archive3/237/CAPorg4.jpg,4
6,47,1024,768,0.1276595744680851,0.11320754716981132,0.8696065978911572,0.013502374917522323,0.8856282664860206,1.1570168861282895,0.10574277824701558,1.293312350057417,0.9815203451304256,0.003215904832974715,0.9853415611322012,0.9553912879207432,0.0021380228191315532,0.9580201292690165,1.0244409503843466,0.12493124910050082,1.154040404040404,0.7890701377329429,0.028261782170643117,0.8190501234656693,2560.5,1048.0598344878345,3872.5,188.32421826317673,39.552636604940524,237.16652224137047,0.0,0.0,0.019535064697265625,recovered_archive3/237,recovered_archive3/237/CAPorg5.jpg,4
10,120,1024,768,0.08333333333333333,0.07692307692307693,0.8143934162863893,0.036760884261078694,0.8637705859193983,1.3415484574564098,0.172185161657862,1.53814015444284,0.9710315730852811,0.007616612403696687,0.9816164094356413,0.9577997674768701,0.008740183868875982,0.9681826185658998,1.0150688472155864,0.21142392689137057,1.3002197802197804,0.7362220345770926,0.046775236272287135,0.7988311688311688,1314.65,1665.392807268003,4578.75,120.44133470105957,76.5568947200772,265.70247455551385,0.0,0.0,0.016716639200846355,recovered_archive3/248,recovered_archive3/248/CAPorg1.jpg,4
3,52,1024,768,0.057692307692307696,0.05454545454545454,0.8617614467316427,0.004930440434691319,0.8667674924771192,1.3098269913563634,0.18647779250297164,1.4973148183406202,0.9797001631310422,0.0036029377754006374,0.9833270681388484,0.9607409272001649,0.002775249914080424,0.9635709311943468,1.2535751142562288,0.13992183799944002,1.395798319327731,0.8119997999199681,0.012237075747862458,0.8211134453781512,1138.5,253.19985518689907,1321.4,127.93537751605326,14.804643089977882,138.7910821693654,0.0,0.0,0.0043430328369140625,recovered_archive3/248,recovered_archive3/248/CAPorg2.jpg,4
2,59,1024,768,0.03389830508474576,0.03278688524590164,0.8557341016243267,0.03036373267342618,0.8800250877630676,1.242970455515511,0.09122407157685997,1.315949712776999,0.9784565693605728,0.00405071926916456,0.9816971447759044,0.9663337666619495,0.005150633507052582,0.9704542734675915,0.9077540106951871,0.18048128342245984,1.052139037433155,0.7803794352507587,0.02327716252348605,0.7990011652695476,638.75,372.25,936.55,91.7193000900063,28.020815280171302,114.13595231414335,0.0,0.0,0.0016244252522786458,recovered_archive3/248,recovered_archive3/248/CAPorg3.jpg,4
12,36,1024,768,0.3333333333333333,0.25,0.7720136623886504,0.08855657016718531,0.8527820147148244,1.924187475284543,0.9050682838598095,2.738518142399575,0.9759944015425405,0.005717003628841895,0.9814558884220994,0.9666159735087607,0.009941136231866486,0.9820036808555926,1.1737582532991844,0.5013209171865608,1.7321428571428572,0.7995028012894966,0.06661126961789327,0.8251304945054945,837.5,550.8249495075545,1619.6000000000001,110.29324189232231,45.30721268885119,165.5727055509581,0.0,0.0,0.01277923583984375,recovered_archive3/248,recovered_archive3/248/CAPorg4.jpg,4
2,58,1024,768,0.034482758620689655,0.03333333333333333,0.7817716212045718,0.08303893336380153,0.848202767895613,1.2784066492013322,0.01995965858716342,1.2943743760710629,0.9564514450788999,0.020665259726591778,0.9729836528601734,0.9505278300787405,0.007325708858533508,0.9563883971655674,0.9888605244836389,0.20468786261313532,1.1526108145741472,0.7281596013671614,0.016391401248357362,0.7412727223658473,5819.0,4965.0,9791.0,275.8944443027283,164.4974746830583,407.49242404917493,0.0,0.0,0.014798482259114584,recovered_archive3/248,recovered_archive3/248/CAPorg5.jpg,4
2,55,1024,768,0.03636363636363636,0.03508771929824561,0.835416487878741,0.044710902997922575,0.8711852102770791,1.389041536220036,0.09853762648051889,1.467871637404451,0.9803644641195266,0.0008463918303692197,0.9810415775838219,0.9718901633479922,0.007472809619912424,0.9778684110439222,1.0016420361247946,0.23973727422003288,1.193431855500821,0.739070197044335,0.0396654351395731,0.7708025451559934,524.0,289.0,755.2,84.42640687119285,23.31370849898476,103.07737367038065,0.0,0.0,0.0013326009114583333,recovered_archive3/248,recovered_archive3/248/CAPorg6.jpg,4
5,42,1024,768,0.11904761904761904,0.10638297872340426,0.8374178437775004,0.04839376185649074,0.8738569391645823,1.3650146360720887,0.2717678076630827,1.662316782462627,0.9780189744574617,0.009076704101087355,0.9852299671002877,0.9634388329398733,0.005507345778198103,0.9703131800994342,1.0429635362917096,0.2592178993030691,1.2552631578947369,0.7755438873316471,0.018676968752737846,0.7960558565531476,1199.7,711.9699853224151,1931.1,125.98275605729691,43.895827738704746,167.81017305526646,0.0,0.0,0.0076274871826171875,recovered_archive3/248,recovered_archive3/248/CAPorg7.jpg,4
2,110,1024,768,0.01818181818181818,0.017857142857142856,0.7730364076416227,0.030236356196300163,0.7972254925986628,1.6243600986850613,0.12610057218153126,1.7252405564302862,0.9453623188405793,0.022028985507245802,0.962985507246376,0.9610832450859916,0.01027115649355359,0.9693001702808345,0.7884615384615385,0.17307692307692307,0.926923076923077,0.7475,0.10826923076923073,0.8341153846153846,252.25,163.25,382.85,60.57716446627535,23.263455967290582,79.18792924010782,0.0,0.0,0.0006415049235026041,recovered_archive3/257,recovered_archive3/257/CAPorg1.jpg,4
2,30,1024,768,0.06666666666666667,0.0625,0.7306655525617265,0.0211862899215694,0.7476145844989821,1.9381093258773348,0.15858260904521326,2.0649754131135056,0.9447680465987098,0.011753692531725535,0.9541710006240902,0.9643839128930201,0.003407925470410078,0.9671102532693482,1.85,0.15000000000000002,1.97,0.769094669117647,0.007375919117647067,0.7749954044117647,114.75,17.25,128.55,44.26345596729059,2.707106781186546,46.42914139223983,0.0,0.0,0.0002918243408203125,recovered_archive3/257,recovered_archive3/257/CAPorg10.jpg,4
2,37,1024,768,0.05405405405405406,0.05128205128205128,0.6025510763891012,0.24337579658464503,0.7972517136568172,4.388260816074569,2.5865219910320536,6.4574784089002115,0.9800930622605378,0.0055184485308292786,0.9845078210852013,0.9817043589488743,0.007126462026360414,0.9874055285699626,0.8846447669977082,0.6867838044308633,1.4340718105423989,0.804900584312349,0.08470980529804062,0.8726684285507815,2525.75,2457.25,4491.55,224.71930009000636,192.81980515339467,378.9751442127221,0.0,0.0,0.0064233144124348955,recovered_archive3/257,recovered_archive3/257/CAPorg11.jpg,4
8,55,1024,768,0.14545454545454545,0.12698412698412698,0.8038833319908167,0.06594146135217124,0.8736562473387879,1.7352973664903535,1.1181354676102604,2.4523582493259357,0.9762866370353739,0.00820634271755261,0.9858834543497945,0.9639029411511872,0.006596036307889588,0.9710101199876376,1.1564846816862946,0.2659028240058901,1.5,0.7756450172229874,0.05232675799079839,0.8508401559454191,4956.375,11540.262721094135,11354.949999999993,184.43986283848346,238.82906775180194,334.85352800987926,0.0,0.0,0.050418853759765625,recovered_archive3/257,recovered_archive3/257/CAPorg12.jpg,4
9,54,1024,768,0.16666666666666666,0.14285714285714285,0.8353340668608923,0.036444856272590906,0.8677078147804208,1.249773269253206,0.12774473807346215,1.3409777295649896,0.9739290138898178,0.0057916223192135356,0.9808777054019185,0.9616694709047829,0.007557173638186756,0.9707457175071866,1.1407365933336857,0.20185567193474802,1.3335038363171356,0.7654947814077057,0.028987008274230258,0.7981680391454827,635.4444444444445,249.31054312559718,944.7,95.94383512113644,20.577790532074513,119.48569978244917,0.0,0.0,0.007272084554036458,recovered_archive3/257,recovered_archive3/257/CAPorg13.jpg,4
2,39,1024,768,0.05128205128205128,0.04878048780487805,0.7529434026039515,0.08800941550239427,0.823350935005867,3.054063832080743,1.7098379698750794,4.421934207980806,0.9814444974990442,0.011932302377093418,0.9909903394007189,0.9667078020420208,0.005738238492352832,0.971298392835903,0.7680851063829788,0.03191489361702132,0.7936170212765958,0.7277417253412864,0.017570774658713595,0.7417983450682574,14555.25,14316.75,26008.65,399.18733752154185,339.48885271170684,670.7784196909073,0.0,0.0,0.03701591491699219,recovered_archive3/257,recovered_archive3/257/CAPorg14.jpg,4
0,42,1024,768,0.0,0.0,,,,,,,,,,,,,,,,,,,,,,,,,,,0.0,recovered_archive3/257,recovered_archive3/257/CAPorg15.jpg,4
0,47,1024,768,0.0,0.0,,,,,,,,,,,,,,,,,,,,,,,,,,,0.0,recovered_archive3/257,recovered_archive3/257/CAPorg16.jpg,4
1,92,1024,768,0.010869565217391304,0.010752688172043012,0.8360856746022294,0.0,0.8360856746022294,1.2020402203394123,0.0,1.2020402203394123,0.9737919737919738,0.0,0.9737919737919738,0.9642427500673861,0.0,0.9642427500673861,1.25,0.0,1.25,0.8256944444444444,0.0,0.8256944444444444,594.5,0.0,594.5,94.52691193458118,0.0,94.52691193458118,0.0,0.0,0.0007559458414713541,recovered_archive3/257,recovered_archive3/257/CAPorg17.jpg,4
1,96,1024,768,0.010416666666666666,0.010309278350515464,0.7463013615127386,0.0,0.7463013615127386,2.0338417451126976,0.0,2.0338417451126976,0.9759862778730707,0.0,0.9759862778730707,0.9784843164030151,0.0,0.9784843164030151,1.7857142857142858,0.0,1.7857142857142858,0.8128571428571428,0.0,0.8128571428571428,284.5,0.0,284.5,69.21320343559643,0.0,69.21320343559643,0.0,0.0,0.0003617604573567708,recovered_archive3/257,recovered_archive3/257/CAPorg2.jpg,4
1,120,1024,768,0.008333333333333333,0.008264462809917356,0.8846881314488149,0.0,0.8846881314488149,1.0483251065731527,0.0,1.0483251065731527,0.9819182389937109,0.0,0.9819182389937109,0.9665236702652419,0.0,0.9665236702652419,1.037037037037037,0.0,1.037037037037037,0.826058201058201,0.0,0.826058201058201,624.5,0.0,624.5,94.18376618407358,0.0,94.18376618407358,0.0,0.0,0.0007940928141276041,recovered_archive3/257,recovered_archive3/257/CAPorg3.jpg,4
1,83,1024,768,0.012048192771084338,0.011904761904761904,0.5138019428468406,0.0,0.5138019428468406,4.065046706984964,0.0,4.065046706984964,0.9787292064357793,0.0,0.9787292064357793,0.9803050194044607,0.0,0.9803050194044607,0.29213483146067415,0.0,0.29213483146067415,0.7754969749351772,0.0,0.7754969749351772,1794.5,0.0,1794.5,209.49747468305833,0.0,209.49747468305833,0.0,0.0,0.002281824747721354,recovered_archive3/257,recovered_archive3/257/CAPorg4.jpg,4
0,63,1024,768,0.0,0.0,,,,,,,,,,,,,,,,,,,,,,,,,,,0.0,recovered_archive3/257,recovered_archive3/257/CAPorg5.jpg,4
3,28,1024,768,0.10714285714285714,0.0967741935483871,0.8719503283170277,0.016764122614409443,0.8838645671348304,1.3188126460974792,0.09429101426226691,1.4144779674165247,0.9838145277344928,0.0016778328068897516,0.9851643717353901,0.9690067157522684,0.003810104810250795,0.9728682711254171,1.2422222222222221,0.11159892915101968,1.3533333333333333,0.8224126528005838,0.01806847371861147,0.8407936507936508,727.0,213.9707923993366,940.1,101.48359782961079,15.572301845551893,117.0004184082106,0.0,0.0,0.002773284912109375,recovered_archive3/257,recovered_archive3/257/CAPorg6.jpg,4
0,34,1024,768,0.0,0.0,,,,,,,,,,,,,,,,,,,,,,,,,,,0.0,recovered_archive3/257,recovered_archive3/257/CAPorg7.jpg,4
0,33,1024,768,0.0,0.0,,,,,,,,,,,,,,,,,,,,,,,,,,,0.0,recovered_archive3/257,recovered_archive3/257/CAPorg8.jpg,4
4,21,1024,768,0.19047619047619047,0.16,0.8401206527997144,0.023279441629170405,0.8647987538812077,1.349545790052747,0.07778388551299462,1.4356812269895285,0.9734345355947379,0.006854801463756165,0.9794744990892534,0.9585145451220592,0.008697454404670787,0.9655262219152324,1.208284286716089,0.23134737195851263,1.3753155680224405,0.7886663729134027,0.034949470982341475,0.8164759066319375,633.5,302.47045310244766,923.5500000000001,93.51219330881976,27.070613388304213,118.39280656363574,0.0,0.0,0.0032221476236979165,recovered_archive3/257,recovered_archive3/257/CAPorg9.jpg,4
25,52,1024,768,0.4807692307692308,0.3246753246753247,0.7613180528417367,0.12462241981314873,0.8746145899005855,1.5550916173816578,0.4025485120788293,2.126935729211563,0.9421882073055973,0.05809694426533141,0.9804860767836546,0.956651907084103,0.01950960333937652,0.9732098516374502,1.1026554469938876,0.4051288887981816,1.7777777777777786,0.7334685579521296,0.10021379683664382,0.8347577294225721,748.28,781.3448800625752,1916.2000000000014,101.87209229614211,57.837545889490166,192.0444876303173,0.0,0.08,0.023787180582682293,recovered_archive3/261,recovered_archive3/261/CAPorg1.jpg,4
5,74,1024,768,0.06756756756756757,0.06329113924050633,0.7778848305724101,0.08423387123097925,0.8753500937194849,1.3938947187640562,0.24029320140516122,1.6646081693764558,0.96075868289702,0.022313492542200847,0.9824916912045312,0.9433054363194835,0.013879991607832615,0.9557286514758165,1.1123531230674089,0.19509322386495428,1.3515151515151513,0.6975815474822652,0.06435195999837984,0.7555149806921845,7023.1,8720.934504971357,16453.5,294.7267386242258,189.63777827579636,509.790317140444,0.0,0.0,0.04465166727701823,recovered_archive3/261,recovered_archive3/261/CAPorg10.jpg,4
8,2,1024,768,4.0,0.8,0.7956659398762151,0.07188089389556973,0.8572348396632861,1.6071513710364738,0.3839635818066624,1.9857646662261486,0.9636491758140602,0.021988003927474783,0.984024273116214,0.9629178080129324,0.013590053567035878,0.9772809436745336,1.5045016470797723,0.31948238788663674,1.93125,0.7664617730592768,0.0540943241490479,0.8471977670666929,873.8125,1029.5239172033596,1772.2499999999995,101.99227086301549,57.44968230685449,167.3716954241814,0.0,0.0,0.008888880411783854,recovered_archive3/261,recovered_archive3/261/CAPorg11.jpg,4
3,3,1024,768,1.0,0.5,0.8195108357226649,0.03672772884354107,0.8560433844444858,1.4385266202263258,0.28792741263932176,1.6652088816832387,0.9775977447321255,0.0050652554366705065,0.9825267780609227,0.9620898326836164,0.00554011086696792,0.9672760181365477,1.2892746913580249,0.2213492638110565,1.5150000000000001,0.7614020672125811,0.062196619387587825,0.8105321726391705,888.1666666666666,292.843056184632,1184.8,115.38309276622245,19.076809879662797,134.83128419472078,0.0,0.0,0.003388086954752604,recovered_archive3/261,recovered_archive3/261/CAPorg12.jpg,4
5,17,1024,768,0.29411764705882354,0.22727272727272727,0.7657224274643664,0.08008231270943399,0.8508539864493087,1.4881736589960222,0.2739986307936165,1.8030373494868666,0.9634370448693679,0.020394353973270107,0.982609882110006,0.9536536443036207,0.009044428990679506,0.9627564419220436,1.3124633699633699,0.3074694165874355,1.6857142857142857,0.6977418472877301,0.07397738399178941,0.7769708517870018,2314.4,2442.9003336198552,5388.3,159.59595949289331,99.38688201626192,283.26399692442885,0.0,0.0,0.014714558919270834,recovered_archive3/261,recovered_archive3/261/CAPorg13.jpg,4
20,20,1024,768,1.0,0.5,0.7165063156142193,0.138994673220976,0.8388324114204228,2.0169033136870307,0.8943135768157058,3.90498941972728,0.9579271502159378,0.020722746070583314,0.979261105782539,0.9632150521795196,0.00925614028768684,0.9782950867387815,1.2672381195428284,0.5741460612696124,2.0055555555555555,0.7520733634215732,0.06133083782686926,0.8330856643356643,1455.2,2303.948797174104,6754.650000000001,135.86610383315985,136.58866665008586,445.7645019878171,0.0,0.0,0.037007649739583336,recovered_archive3/261,recovered_archive3/261/CAPorg14.jpg,4
17,36,1024,768,0.4722222222222222,0.32075471698113206,0.7541777782535297,0.1235901995574434,0.8717424590290911,1.6031329547341997,0.5765163190107029,2.371152904755398,0.9466078890595623,0.05781308839404233,0.9781656030414101,0.9493144372369474,0.038033427930218924,0.971748692097512,1.397586481267892,0.5490258414157552,2.075187969924812,0.746376610513253,0.0729541591399919,0.812012987012987,1650.7058823529412,2538.158608002495,4604.400000000001,142.1544519937891,129.43164410247505,281.2203461105329,0.0,0.058823529411764705,0.03568267822265625,recovered_archive3/261,recovered_archive3/261/CAPorg15.jpg,4
11,30,1024,768,0.36666666666666664,0.2682926829268293,0.6876384243680541,0.177004983552848,0.8563441902093673,2.0748801167778126,1.230775422820546,3.317647113057685,0.9332853405402596,0.048604178651654374,0.9735772357723571,0.9585116256776555,0.014768127355038145,0.9737730888925922,1.441179057886021,0.6264012528161219,1.85,0.6590783193245158,0.17786013077421564,0.7884615384615384,593.8181818181819,481.8151414998416,992.5,102.2597270749538,46.85840636185989,155.1370849898476,0.0,0.0,0.008305867513020834,recovered_archive3/261,recovered_archive3/261/CAPorg16.jpg,4
12,38,1024,768,0.3157894736842105,0.24,0.7688050206667568,0.1357040204936751,0.8701170834871081,2.0454217874057954,2.2388657426972456,1.6708998227128218,0.9693343550505702,0.011470576044843094,0.9838497533506779,0.9597084209788318,0.006738653999546235,0.9707432642570734,1.370568783068783,0.7237549479863676,1.578888888888889,0.7333231108840077,0.08726521416357828,0.8524005255255256,993.5,682.4419694499062,1587.6000000000001,124.76667863124997,65.01371495588248,156.8562625309264,0.0,0.0,0.01515960693359375,recovered_archive3/261,recovered_archive3/261/CAPorg2.jpg,4
6,17,1024,768,0.35294117647058826,0.2608695652173913,0.7478236569399611,0.14684741184120315,0.8634482656354407,1.8009248033476115,0.6831136025050253,2.746360991992586,0.951625759727801,0.06107408488463823,0.9845298242427427,0.9585229991619789,0.017026347339258622,0.9770377019500756,1.045422698090381,0.2503156606623389,1.2294871794871796,0.6943776347500544,0.14340491671397693,0.8051161899253098,991.0833333333334,556.0919750564849,1645.75,130.40390804639375,53.02147707176625,187.35891039679558,0.0,0.0,0.0075613657633463545,recovered_archive3/261,recovered_archive3/261/CAPorg3.jpg,4
5,25,1024,768,0.2,0.16666666666666666,0.8018733249028445,0.05516455964107659,0.8647804287617904,1.3559059353316372,0.3278910682920239,1.7679006968034676,0.959562755604971,0.012540900810725652,0.9725870832495759,0.9644962650139718,0.009978900243580438,0.9740778338992023,1.2873626373626375,0.3266232811384836,1.6961538461538461,0.7833333333333334,0.05496618454589203,0.8369047619047619,153.7,64.44423946327554,219.3,47.98477631085023,11.619064292989313,60.44163056034262,0.0,0.0,0.0009771982828776042,recovered_archive3/261,recovered_archive3/261/CAPorg4.jpg,4
4,49,1024,768,0.08163265306122448,0.07547169811320754,0.7254482959205459,0.08848193737138879,0.8244137288227001,1.5337648704468045,0.33618288352222864,1.8890400220163763,0.9399718832176953,0.039320331689535096,0.9729529897972371,0.9594576516637228,0.01437889257316215,0.9741379753305979,1.470108695652174,0.22454249548203428,1.688888888888889,0.7381524086458207,0.08759597047736764,0.8230121647321136,339.875,111.31451780877461,448.90000000000003,75.96625176280136,13.89850410040867,87.31513703397204,0.0,0.0,0.0017286936442057292,recovered_archive3/261,recovered_archive3/261/CAPorg5.jpg,4
2,74,1024,768,0.02702702702702703,0.02631578947368421,0.6819877414053401,0.18201881084150662,0.8276027900785454,1.8476424053791258,0.6221660822009848,2.3453752711399134,0.886876295196704,0.09172211017467696,0.9602539833364456,0.9466867530037104,0.010147176808608938,0.9548044944505977,1.0151515151515151,0.15151515151515155,1.1363636363636365,0.6014911014911015,0.16967291967291967,0.7372294372294372,673.25,492.75,1067.45,98.79036790187178,31.435028842544398,123.9383909759073,0.0,0.5,0.0017121632893880208,recovered_archive3/261,recovered_archive3/261/CAPorg6.jpg,4
6,57,1024,768,0.10526315789473684,0.09523809523809523,0.6341016570877914,0.10956594201721072,0.7670320688560907,2.1259700931108605,0.5011489373365416,2.6237589191162725,0.9225691797789722,0.03272831878211291,0.9661599656221558,0.9472630292224422,0.006976370739039945,0.9540583267803928,1.461779968601558,0.5275618862359032,2.179292929292929,0.5973031122450739,0.11222051573034424,0.7289490651192778,747.9166666666666,333.53665673938883,1092.25,118.33284023452829,27.752075259533566,150.29646455628168,0.0,0.0,0.0057061513264973955,recovered_archive3/261,recovered_archive3/261/CAPorg7.jpg,4
2,59,1024,768,0.03389830508474576,0.03278688524590164,0.866054440130759,0.015394159977287214,0.8783697681125888,1.340877120718196,0.02851110825421932,1.3636860073215715,0.9808317310791792,0.0009120523643208478,0.981561372970636,0.9630005926189702,0.004029048731328033,0.9662238316040326,1.2994871794871794,0.05948717948717952,1.347076923076923,0.7707859294286561,0.01631084476489225,0.7838346052405699,1084.75,474.75,1464.55,122.51828996322963,29.263455967290597,145.9290547370621,0.0,0.0,0.002758661905924479,recovered_archive3/261,recovered_archive3/261/CAPorg8.jpg,4
3,55,1024,768,0.05454545454545454,0.05172413793103448,0.8578879852239005,0.02671174740764871,0.8851213043856768,1.2834590678325128,0.06203227699068441,1.3459312701664143,0.9807645449322142,0.001053158619465238,0.9818253066342714,0.964406849659665,0.014302745520023254,0.9789531147976461,1.1548089591567852,0.24031887812581326,1.3474308300395257,0.7767073833396604,0.044323170539394684,0.8218181818181818,1067.6666666666667,782.7389234107515,1822.8,112.29240012000842,58.18647877073768,164.75575746753802,0.0,0.0,0.004072825113932292,recovered_archive3/261,recovered_archive3/261/CAPorg9.jpg,4
0,93,1024,768,0.0,0.0,,,,,,,,,,,,,,,,,,,,,,,,,,,0.0,recovered_archive3/265,recovered_archive3/265/CAPorg1.jpg,4
3,87,1024,768,0.034482758620689655,0.03333333333333333,0.6650622420710485,0.20355739619460494,0.8282348284407225,2.747545745517298,1.9966666900343748,4.736335539919545,0.9585635661684595,0.0008461200133792343,0.9591748957647582,0.9636227178882407,0.00966269688302042,0.9719593705829391,2.24005148005148,1.4438387290728358,3.68345945945946,0.7423074409523007,0.07200615313567156,0.8155727155727156,1037.0,729.6478602723371,1683.2,137.87412212136206,88.46977417851768,223.17442994522838,0.0,0.0,0.003955841064453125,recovered_archive3/265,recovered_archive3/265/CAPorg2.jpg,4
0,86,1024,768,0.0,0.0,,,,,,,,,,,,,,,,,,,,,,,,,,,0.0,recovered_archive3/265,recovered_archive3/265/CAPorg3.jpg,4
0,69,1024,768,0.0,0.0,,,,,,,,,,,,,,,,,,,,,,,,,,,0.0,recovered_archive3/265,recovered_archive3/265/CAPorg4.jpg,4
0,70,1024,768,0.0,0.0,,,,,,,,,,,,,,,,,,,,,,,,,,,0.0,recovered_archive3/265,recovered_archive3/265/CAPorg5.jpg,4
2,53,1024,768,0.03773584905660377,0.03636363636363636,0.5769327930245505,0.029898305285763316,0.6008514372531611,2.8721669710196487,0.47971412509027567,3.255938271091869,0.9567605650621553,0.016049102611560062,0.9695998471514033,0.9627099361110341,0.009027977153985789,0.9699323178342226,0.416025641025641,0.050641025641025655,0.45653846153846156,0.6907219973009446,0.12405533063427798,0.789966261808367,521.5,283.5,748.3,101.5269119345812,27.585786437626922,123.59554108468274,0.0,0.0,0.0013262430826822917,recovered_archive3/265,recovered_archive3/265/CAPorg6.jpg,4
3,85,1024,768,0.03529411764705882,0.03409090909090909,0.8464595535055107,0.009098059292779665,0.8557203048008896,1.2405589792744935,0.001563312975836899,1.2416707831509293,0.9722589870473627,0.006566392287809935,0.9789538123037067,0.9653544581157608,0.006430777101579273,0.9716953357860274,1.0749535488665922,0.19681244867315972,1.244102564102564,0.7829647901730281,0.034819585184602535,0.8170933140498358,568.1666666666666,540.8506160566787,1108.2,81.63148143424279,41.12647034431316,122.96854249492384,0.0,0.0,0.002167383829752604,recovered_archive3/265,recovered_archive3/265/CAPorg7.jpg,4
