image_path,image_sha256,width,height,contrast_std,edge_variance,quality_label,measurement_visibility,loop_boundary,annotation_type,rule_version,unknown_reason,review_status,annotation_confidence,reviewer
data\血管数据集\分类数据集\扩充之前\images\1.jpg,795e61896c39c87e29e2e2445af299ed71b5d6bbcc63f0dede98149df1ef194f,844.0,617.0,26.773,95.508,uncertain,unknown,unknown,auxiliary_ai_annotation,quality_triage_v1,heuristic quality only; no clinical review,pending,,
data\血管数据集\分类数据集\扩充之前\images\10.jpg,d4d0f09c9dd8909277c3c1fc11b2fc1010370c361fa0bfad535d375101a4ec29,983.0,702.0,22.332,52.359,uncertain,unknown,unknown,auxiliary_ai_annotation,quality_triage_v1,heuristic quality only; no clinical review,pending,,
data\血管数据集\分类数据集\扩充之前\images\100.jpg,6ba0c3d01080a223b5176ead9ae7b1ae9c5927c001756a9edb9d88fe7d9e8b5c,921.0,691.0,40.876,100.11,uncertain,unknown,unknown,auxiliary_ai_annotation,quality_triage_v1,heuristic quality only; no clinical review,pending,,
data\血管数据集\分类数据集\扩充之前\images\101.jpg,33a7ac981f2c4a580db98ca9cf80cc6b672108ac3c0eaadd0db1d7c4ad71acaf,756.0,567.0,58.081,233.04,usable,partial,partial,auxiliary_ai_annotation,quality_triage_v1,"visual triage, auxiliary only",ai_visual_review,medium,codex_visual
data\血管数据集\分类数据集\扩充之前\images\102.jpg,42894463fbaac873c823d2f10c2c3f8c5f01591776df0205c5b63405271a7d86,1001.0,751.0,30.786,128.981,uncertain,unknown,unknown,auxiliary_ai_annotation,quality_triage_v1,heuristic quality only; no clinical review,pending,,
data\血管数据集\分类数据集\扩充之前\images\103.jpg,cc5e52d5f48d9b3e5db79e685d39bd9a20d7b788d669842409ce69271672c59f,3072.0,2048.0,43.677,28.709,uncertain,unknown,unknown,auxiliary_ai_annotation,quality_triage_v1,heuristic quality only; no clinical review,pending,,
data\血管数据集\分类数据集\扩充之前\images\104.jpg,2aa4aff7f1e8e7d7cf39229645f8510463409c64139ee210336ef4ccdd26d321,975.0,731.0,35.15,136.505,uncertain,unknown,unknown,auxiliary_ai_annotation,quality_triage_v1,heuristic quality only; no clinical review,pending,,
data\血管数据集\分类数据集\扩充之前\images\105.jpg,151791f36a3a7555ee7dd2ce43c18012fd642a2ffd02f2449a3165470d7569f6,963.0,721.0,22.909,111.17,uncertain,unknown,unknown,auxiliary_ai_annotation,quality_triage_v1,heuristic quality only; no clinical review,pending,,
data\血管数据集\分类数据集\扩充之前\images\106.jpg,d2a5600884f2674e0cb4b4c78ff0aebce9087a5638fb44f298e49964b503b5d1,969.0,727.0,19.748,68.016,uncertain,unknown,unknown,auxiliary_ai_annotation,quality_triage_v1,heuristic quality only; no clinical review,pending,,
data\血管数据集\分类数据集\扩充之前\images\107.jpg,20621ec5dd1bf7876c3a0fce52e3626113c9178c2056512299ae66a75b868f4d,1024.0,768.0,67.185,136.292,uncertain,unknown,unknown,auxiliary_ai_annotation,quality_triage_v1,heuristic quality only; no clinical review,pending,,
data\血管数据集\分类数据集\扩充之前\images\108.jpg,5554ea651eb080b4e9d077ea824f26fe5266396306fff62944ab2ff3fae3104c,975.0,731.0,43.535,121.477,uncertain,unknown,unknown,auxiliary_ai_annotation,quality_triage_v1,heuristic quality only; no clinical review,pending,,
data\血管数据集\分类数据集\扩充之前\images\109.jpg,5dad53487a7619c52a5212ce926cdec4847efec3fcb53410a51207e14c7567ee,1024.0,768.0,50.912,182.205,usable,partial,partial,auxiliary_ai_annotation,quality_triage_v1,"visual triage, auxiliary only",ai_visual_review,low,codex_visual
data\血管数据集\分类数据集\扩充之前\images\11.jpg,55231f95e1b8c4a7a12c664d503d800febe2787d156274bc8169dbec03999b6e,912.0,663.0,45.31,223.883,usable,partial,partial,auxiliary_ai_annotation,quality_triage_v1,"visual triage, auxiliary only",ai_visual_review,low,codex_visual
data\血管数据集\分类数据集\扩充之前\images\110.jpg,deab665247717914c084277af930e2d08a8cdec8959a277fe81956a64a92f32f,885.0,663.0,66.153,146.447,uncertain,unknown,unknown,auxiliary_ai_annotation,quality_triage_v1,heuristic quality only; no clinical review,pending,,
data\血管数据集\分类数据集\扩充之前\images\111.jpg,3354490191b75bce7acd93fda08e7ccd779014969e26fcb758e6bb0204f69ac7,1001.0,751.0,39.115,142.455,uncertain,unknown,unknown,auxiliary_ai_annotation,quality_triage_v1,heuristic quality only; no clinical review,pending,,
data\血管数据集\分类数据集\扩充之前\images\112.jpg,57f0172326030d5793f760d74f80e5b40cecc14c844a9707129ffe67b2c43641,827.0,620.0,38.766,174.802,uncertain,unknown,unknown,auxiliary_ai_annotation,quality_triage_v1,heuristic quality only; no clinical review,pending,,
data\血管数据集\分类数据集\扩充之前\images\113.jpg,d6eec685d454c90e856b4c14b78068351eb19a86373e638697aff43a98b5c6a4,1024.0,768.0,22.929,144.884,uncertain,unknown,unknown,auxiliary_ai_annotation,quality_triage_v1,heuristic quality only; no clinical review,pending,,
data\血管数据集\分类数据集\扩充之前\images\114.jpg,765a673c9c68467d46b8998f15ecc49c62d80efe375cdd8886efa33b0a11d018,951.0,713.0,30.393,48.726,uncertain,unknown,unknown,auxiliary_ai_annotation,quality_triage_v1,heuristic quality only; no clinical review,pending,,
data\血管数据集\分类数据集\扩充之前\images\115.jpg,3c986467456c7ea995b27a09bed8957a8b30c39f92d6bf997b750c16def4f79d,889.0,667.0,38.849,135.408,uncertain,unknown,unknown,auxiliary_ai_annotation,quality_triage_v1,heuristic quality only; no clinical review,pending,,
data\血管数据集\分类数据集\扩充之前\images\116.jpg,10b357077c183bac969835a629626117fbc68cc52b30a5f6bee13417c8bfbdd4,921.0,691.0,23.569,69.925,uncertain,unknown,unknown,auxiliary_ai_annotation,quality_triage_v1,heuristic quality only; no clinical review,pending,,
data\血管数据集\分类数据集\扩充之前\images\117.jpg,31e57edad53bf27e5a65bc39c55cbc5bcd2e8e009f4f523b81579cd062f289b3,865.0,649.0,66.857,134.67,uncertain,unknown,unknown,auxiliary_ai_annotation,quality_triage_v1,heuristic quality only; no clinical review,pending,,
data\血管数据集\分类数据集\扩充之前\images\118.jpg,ffdc83ea47d04c6a18d338bcba5a4f143025e8947975a3d993e33a5981349a1b,989.0,741.0,62.288,134.038,uncertain,unknown,unknown,auxiliary_ai_annotation,quality_triage_v1,heuristic quality only; no clinical review,pending,,
data\血管数据集\分类数据集\扩充之前\images\119.jpg,fa73fb4e8c0f1606291dcd8c6db216178073d43a356b33d0932014e0d45a671a,1001.0,751.0,23.315,49.387,uncertain,unknown,unknown,auxiliary_ai_annotation,quality_triage_v1,heuristic quality only; no clinical review,pending,,
data\血管数据集\分类数据集\扩充之前\images\12.jpg,e55b3266d24d009ca8f2aaef27aee1c7348022abb92a8ea7c70e6935f8915a48,820.0,588.0,23.562,66.421,uncertain,unknown,unknown,auxiliary_ai_annotation,quality_triage_v1,heuristic quality only; no clinical review,pending,,
data\血管数据集\分类数据集\扩充之前\images\120.jpg,cdbd5c6add1bb326e46aae262c18bb00ff29d8f359a2714d92ad4e5241cc7e1f,769.0,577.0,52.953,316.399,usable,partial,partial,auxiliary_ai_annotation,quality_triage_v1,"visual triage, auxiliary only",ai_visual_review,medium,codex_visual
data\血管数据集\分类数据集\扩充之前\images\121.jpg,49d1974e6b8deeefca8e9f7522ba102cc7fb656b08db021a624710f52fe827bf,1024.0,768.0,47.036,293.213,usable,partial,partial,auxiliary_ai_annotation,quality_triage_v1,"visual triage, auxiliary only",ai_visual_review,medium,codex_visual
data\血管数据集\分类数据集\扩充之前\images\122.jpg,4e9d526785f52513ed4f149b59e1df65aa782c89c28b650520676760dbe04b6f,933.0,699.0,23.489,40.803,uncertain,unknown,unknown,auxiliary_ai_annotation,quality_triage_v1,heuristic quality only; no clinical review,pending,,
data\血管数据集\分类数据集\扩充之前\images\123.jpg,d360fd3a0d7a5622b8aa60795ffa08a3bc8bf5987c8f06e369af2c5ee55dd278,1001.0,751.0,41.157,70.966,uncertain,unknown,unknown,auxiliary_ai_annotation,quality_triage_v1,heuristic quality only; no clinical review,pending,,
data\血管数据集\分类数据集\扩充之前\images\124.jpg,233ed5b6bb20aecc76e54822af983188452ab434485ef891d21481612ab77d7b,1024.0,768.0,32.696,151.378,uncertain,unknown,unknown,auxiliary_ai_annotation,quality_triage_v1,heuristic quality only; no clinical review,pending,,
data\血管数据集\分类数据集\扩充之前\images\125.jpg,02c29db63839d05eb19cb5fda75fe1832f712c8ebcb14265b7960af0b7f6d79b,869.0,652.0,52.814,127.637,uncertain,unknown,unknown,auxiliary_ai_annotation,quality_triage_v1,heuristic quality only; no clinical review,pending,,
data\血管数据集\分类数据集\扩充之前\images\126.jpg,b72cdc38be2526f73a66ca827df5b5fbb210c6b0f975421e5d0fe8bd0a269405,989.0,741.0,56.169,136.223,uncertain,unknown,unknown,auxiliary_ai_annotation,quality_triage_v1,heuristic quality only; no clinical review,pending,,
data\血管数据集\分类数据集\扩充之前\images\127.jpg,1089f489bd8d4953d273ece30aaeabbad429c1302c3e878a1a775b24f7c96570,963.0,721.0,27.426,89.836,uncertain,unknown,unknown,auxiliary_ai_annotation,quality_triage_v1,heuristic quality only; no clinical review,pending,,
data\血管数据集\分类数据集\扩充之前\images\128.jpg,801bf506fb8e298b97fbec6abbc098964ea3026caecaa0c8246ada488b65c0b7,979.0,733.0,40.212,100.379,uncertain,unknown,unknown,auxiliary_ai_annotation,quality_triage_v1,heuristic quality only; no clinical review,pending,,
data\血管数据集\分类数据集\扩充之前\images\129.jpg,5d4478bf94c2a7164574e4195f339cf0f5214e2d79028194c7688f20c8e09aed,895.0,670.0,30.988,64.523,uncertain,unknown,unknown,auxiliary_ai_annotation,quality_triage_v1,heuristic quality only; no clinical review,pending,,
data\血管数据集\分类数据集\扩充之前\images\13.jpg,a0b72b4d5c6ed20e29e1291b9f6c337e6fd32fe789baf7ae8a609db16f9b6731,1024.0,768.0,37.481,231.509,usable,complete,complete,auxiliary_ai_annotation,quality_triage_v1,"visual triage, auxiliary only",ai_visual_review,medium,codex_visual
data\血管数据集\分类数据集\扩充之前\images\130.jpg,5cee0a803f16619557495a31eccaf9938c09a23143e5885c69f1253646a4256c,969.0,727.0,67.47,186.559,usable,partial,partial,auxiliary_ai_annotation,quality_triage_v1,"visual triage, auxiliary only",ai_visual_review,low,codex_visual
data\血管数据集\分类数据集\扩充之前\images\131.jpg,1ba989469e41fa39e1308bee879e27838d5c35a4c4f7ab42fa222498f430f307,975.0,731.0,44.248,127.913,uncertain,unknown,unknown,auxiliary_ai_annotation,quality_triage_v1,heuristic quality only; no clinical review,pending,,
data\血管数据集\分类数据集\扩充之前\images\132.jpg,df890ebdf76be8c1d6a07f52671709fd079513c69cf0db1e7218ee9e4a5cc6bf,759.0,570.0,47.92,267.829,usable,partial,partial,auxiliary_ai_annotation,quality_triage_v1,"visual triage, auxiliary only",ai_visual_review,medium,codex_visual
data\血管数据集\分类数据集\扩充之前\images\133.jpg,278388a896ad148fcf6abc5ece86bbf66d9fa7d77074be28c101bbd8436f042b,857.0,644.0,24.17,103.344,uncertain,unknown,unknown,auxiliary_ai_annotation,quality_triage_v1,heuristic quality only; no clinical review,pending,,
data\血管数据集\分类数据集\扩充之前\images\134.jpg,e563774375c4ad57286f05b27b8b5909bc766290bb3816185d5a9b3781daa67e,995.0,747.0,38.722,95.37,uncertain,unknown,unknown,auxiliary_ai_annotation,quality_triage_v1,heuristic quality only; no clinical review,pending,,
data\血管数据集\分类数据集\扩充之前\images\135.jpg,42b8e56cdda31b655a5a389047cd78e3c8ae5cec8ae971bbe1c8bf35b65119ed,792.0,595.0,30.352,243.363,usable,complete,complete,auxiliary_ai_annotation,quality_triage_v1,"visual triage, auxiliary only",ai_visual_review,medium,codex_visual
data\血管数据集\分类数据集\扩充之前\images\136.jpg,830aaeddb98d552e60cb7f51a3719364f5a5b9b99f3054bbb309bedbff563c9b,995.0,747.0,22.316,35.13,uncertain,unknown,unknown,auxiliary_ai_annotation,quality_triage_v1,heuristic quality only; no clinical review,pending,,
data\血管数据集\分类数据集\扩充之前\images\137.jpg,543ae168109360c8adc7cbeb3a5a96d30be7bb914aeb25fa5c2e6515b25006df,999.0,749.0,38.974,204.738,usable,partial,partial,auxiliary_ai_annotation,quality_triage_v1,"visual triage, auxiliary only",ai_visual_review,low,codex_visual
data\血管数据集\分类数据集\扩充之前\images\138.jpg,59b9de6185bbd31e7ead862fabadce572f2957209790b6a6ce99e6cbb2833f63,1001.0,751.0,32.2,55.516,uncertain,unknown,unknown,auxiliary_ai_annotation,quality_triage_v1,heuristic quality only; no clinical review,pending,,
data\血管数据集\分类数据集\扩充之前\images\139.jpg,e0401f1435ee7d9d9df41570b512e497f237d6975c4964b0ac6c153d225c9d68,945.0,709.0,36.138,66.738,uncertain,unknown,unknown,auxiliary_ai_annotation,quality_triage_v1,heuristic quality only; no clinical review,pending,,
data\血管数据集\分类数据集\扩充之前\images\14.jpg,dc22014aeded10b6d02c73193792584053fa6db9c92b74d74afaaf272419da50,951.0,675.0,28.877,68.063,uncertain,unknown,unknown,auxiliary_ai_annotation,quality_triage_v1,heuristic quality only; no clinical review,pending,,
data\血管数据集\分类数据集\扩充之前\images\140.jpg,e349247db951751af577787ae87a55e60db5074b2cac1b934dff81ae5edb2f66,1001.0,751.0,26.131,99.801,uncertain,unknown,unknown,auxiliary_ai_annotation,quality_triage_v1,heuristic quality only; no clinical review,pending,,
data\血管数据集\分类数据集\扩充之前\images\141.jpg,452dbf3eed7071f3b222a7830a658ab3c6f21e18663ad4a900be053b4e4a9039,989.0,741.0,24.589,36.392,uncertain,unknown,unknown,auxiliary_ai_annotation,quality_triage_v1,heuristic quality only; no clinical review,pending,,
data\血管数据集\分类数据集\扩充之前\images\142.jpg,9a00f1102b1e79ce44c3013c3cdaae92fb18cb8c3b60d3fb9c79e605ad54dbd1,905.0,679.0,33.405,135.715,uncertain,unknown,unknown,auxiliary_ai_annotation,quality_triage_v1,heuristic quality only; no clinical review,pending,,
data\血管数据集\分类数据集\扩充之前\images\143.jpg,227b138254a76ee55387dc4d71de0bcf4b0c5ebb2a946f075658e778d86fb491,939.0,703.0,25.559,31.732,uncertain,unknown,unknown,auxiliary_ai_annotation,quality_triage_v1,heuristic quality only; no clinical review,pending,,
data\血管数据集\分类数据集\扩充之前\images\144.jpg,9770f73dbd289fd67908c239ecf2b3cb5befc4d85aac8a05ae59bb49ccadc414,975.0,731.0,25.48,41.566,uncertain,unknown,unknown,auxiliary_ai_annotation,quality_triage_v1,heuristic quality only; no clinical review,pending,,
data\血管数据集\分类数据集\扩充之前\images\145.jpg,4f7160ca0f1f12720c703bcee627b845322446c5094b8b270c1524ca658b61ad,1024.0,768.0,20.395,95.573,uncertain,unknown,unknown,auxiliary_ai_annotation,quality_triage_v1,heuristic quality only; no clinical review,pending,,
data\血管数据集\分类数据集\扩充之前\images\146.jpg,1bda16bf5bfe4be9b3e22961d488c05a29ada7d685b01a0c770a7370cb8cb6bb,1024.0,768.0,20.484,152.449,uncertain,unknown,unknown,auxiliary_ai_annotation,quality_triage_v1,heuristic quality only; no clinical review,pending,,
data\血管数据集\分类数据集\扩充之前\images\147.jpg,ef2dbd90b136f7f8d3386c7969c648871a7d9cb0b01dc24a9f536450e1fcefda,895.0,671.0,31.958,48.911,uncertain,unknown,unknown,auxiliary_ai_annotation,quality_triage_v1,heuristic quality only; no clinical review,pending,,
data\血管数据集\分类数据集\扩充之前\images\148.jpg,6cbf24e66fb32d7787aed9c43c8385518e30f2da228f5e592d27fc8acca0a9ab,879.0,659.0,43.22,65.21,uncertain,unknown,unknown,auxiliary_ai_annotation,quality_triage_v1,heuristic quality only; no clinical review,pending,,
data\血管数据集\分类数据集\扩充之前\images\149.jpg,1ad3198d8a3ade6a2b2517c2b8f2a34f5b78e32fd85f6619df879e80be0ecef0,989.0,741.0,72.891,86.83,uncertain,unknown,unknown,auxiliary_ai_annotation,quality_triage_v1,heuristic quality only; no clinical review,pending,,
data\血管数据集\分类数据集\扩充之前\images\15.jpg,e2e989d8937c11af84410f9e26c9f9d9c621cb2ebcb65f6b311f3a1e711cb783,960.0,705.0,50.716,128.255,uncertain,unknown,unknown,auxiliary_ai_annotation,quality_triage_v1,heuristic quality only; no clinical review,pending,,
data\血管数据集\分类数据集\扩充之前\images\150.jpg,021d595a09008f9ae1f74d0f63c736fd14a497b26cfae6e358b799806d1eab0c,775.0,581.0,31.513,69.253,uncertain,unknown,unknown,auxiliary_ai_annotation,quality_triage_v1,heuristic quality only; no clinical review,pending,,
data\血管数据集\分类数据集\扩充之前\images\151.jpg,ddf846c199bd8e7347903c809cb5d75050d7d6e1f25e35319628f5997fede553,821.0,615.0,29.767,150.248,uncertain,unknown,unknown,auxiliary_ai_annotation,quality_triage_v1,heuristic quality only; no clinical review,pending,,
data\血管数据集\分类数据集\扩充之前\images\152.jpg,71c10493a13ae9aa26bb14cbacf2eff825cca6a2f12cc145c47209c9b3890e7d,773.0,580.0,42.997,137.542,uncertain,unknown,unknown,auxiliary_ai_annotation,quality_triage_v1,heuristic quality only; no clinical review,pending,,
data\血管数据集\分类数据集\扩充之前\images\153.jpg,6e7035a6dd1d0b399532c7820da354cdbd2efffac7038e9fa7b886428e8bbde9,895.0,671.0,37.223,73.313,uncertain,unknown,unknown,auxiliary_ai_annotation,quality_triage_v1,heuristic quality only; no clinical review,pending,,
data\血管数据集\分类数据集\扩充之前\images\154.jpg,79193be2dd339eb6e746ff2a9a264774c5cb02571b0fd8678b393c6e56653eff,927.0,695.0,47.285,172.49,uncertain,unknown,unknown,auxiliary_ai_annotation,quality_triage_v1,heuristic quality only; no clinical review,pending,,
data\血管数据集\分类数据集\扩充之前\images\155.jpg,b2e893fe1af4e851c63858f7c699dda10db7e5f446765591da0da190c25f3fd7,753.0,564.0,30.551,69.976,uncertain,unknown,unknown,auxiliary_ai_annotation,quality_triage_v1,heuristic quality only; no clinical review,pending,,
data\血管数据集\分类数据集\扩充之前\images\156.jpg,9e8633a77d28f7650b8b7d23caefc7b93d980a531a923632e48117af97a96344,813.0,610.0,32.59,61.147,uncertain,unknown,unknown,auxiliary_ai_annotation,quality_triage_v1,heuristic quality only; no clinical review,pending,,
data\血管数据集\分类数据集\扩充之前\images\157.jpg,170450d86886bbf6f8090c28659cd62b5430011ea4553e2fc8601c3628373fae,734.0,551.0,50.062,196.474,usable,complete,complete,auxiliary_ai_annotation,quality_triage_v1,"visual triage, auxiliary only",ai_visual_review,medium,codex_visual
data\血管数据集\分类数据集\扩充之前\images\158.jpg,5d511b486b85a8188b19b9c46ccfc38a0404e19b6aff1710415949fa48563803,959.0,719.0,57.139,151.617,uncertain,unknown,unknown,auxiliary_ai_annotation,quality_triage_v1,heuristic quality only; no clinical review,pending,,
data\血管数据集\分类数据集\扩充之前\images\159.jpg,6a3045a4421745a667f995d5d9bab88fe592c84477ea0c0fdcc17ef3a744ede6,961.0,721.0,37.931,76.558,uncertain,unknown,unknown,auxiliary_ai_annotation,quality_triage_v1,heuristic quality only; no clinical review,pending,,
data\血管数据集\分类数据集\扩充之前\images\16.jpg,110fb7ef17d50c01a59c631c18d1e81f8b24b282b66f68bd08e9e4fa0daf90f5,903.0,647.0,16.343,37.944,uncertain,unknown,unknown,auxiliary_ai_annotation,quality_triage_v1,heuristic quality only; no clinical review,pending,,
data\血管数据集\分类数据集\扩充之前\images\160.jpg,4550cd972640277acc63f007ad86e5c5f29754cf3a4dd95af231a104cfd53a63,847.0,636.0,30.383,98.717,uncertain,unknown,unknown,auxiliary_ai_annotation,quality_triage_v1,heuristic quality only; no clinical review,pending,,
data\血管数据集\分类数据集\扩充之前\images\161.jpg,7be77ce7de6a5595093c0a77c50efb4fb4e88ad62ab3dcbf12e626f1fd288027,833.0,626.0,28.901,67.298,uncertain,unknown,unknown,auxiliary_ai_annotation,quality_triage_v1,heuristic quality only; no clinical review,pending,,
data\血管数据集\分类数据集\扩充之前\images\162.jpg,ae68f9ff02f55205f5469a848da277f7bf9bb4f6dbd8eda762c72ed743bd961c,783.0,588.0,27.763,63.828,uncertain,unknown,unknown,auxiliary_ai_annotation,quality_triage_v1,heuristic quality only; no clinical review,pending,,
data\血管数据集\分类数据集\扩充之前\images\163.jpg,e592082ab0a984d05ed3d159a09b0e8b83387a8f9628c3761f194c0bef0d05f2,837.0,628.0,46.523,138.773,uncertain,unknown,unknown,auxiliary_ai_annotation,quality_triage_v1,heuristic quality only; no clinical review,pending,,
data\血管数据集\分类数据集\扩充之前\images\164.jpg,d56c538a41d7b5db57766a2d32a7e5880cee69feb1601525d4c6ce5fdd0d788a,1024.0,768.0,25.837,56.805,uncertain,unknown,unknown,auxiliary_ai_annotation,quality_triage_v1,heuristic quality only; no clinical review,pending,,
data\血管数据集\分类数据集\扩充之前\images\165.jpg,1e23b4b30f9a245cf3ce1096acd8216f543fa556fc4b95ee5defeff22cf1a943,1001.0,751.0,15.641,34.988,uncertain,unknown,unknown,auxiliary_ai_annotation,quality_triage_v1,heuristic quality only; no clinical review,pending,,
data\血管数据集\分类数据集\扩充之前\images\166.jpg,3ecc2e3d657d6e1e4c546d654e01cc7d0e05d05e30c9c65074a559596db91e14,977.0,733.0,28.779,118.031,uncertain,unknown,unknown,auxiliary_ai_annotation,quality_triage_v1,heuristic quality only; no clinical review,pending,,
data\血管数据集\分类数据集\扩充之前\images\167.jpg,cb1957bd4df2ecc561416bb4aa7ca4a272e79bbc0ebfac54895654518090d602,957.0,717.0,34.662,73.67,uncertain,unknown,unknown,auxiliary_ai_annotation,quality_triage_v1,heuristic quality only; no clinical review,pending,,
data\血管数据集\分类数据集\扩充之前\images\168.jpg,0dde442c1632db5ed31d46970fc4f0215eea70c26132bf5687b41a99e6e483a9,772.0,579.0,49.274,141.983,uncertain,unknown,unknown,auxiliary_ai_annotation,quality_triage_v1,heuristic quality only; no clinical review,pending,,
data\血管数据集\分类数据集\扩充之前\images\169.jpg,2b4356ef7daeb3265d54248336e66e5d0d1215bd641f1e4c9858a5139e987b06,883.0,662.0,23.235,63.029,uncertain,unknown,unknown,auxiliary_ai_annotation,quality_triage_v1,heuristic quality only; no clinical review,pending,,
data\血管数据集\分类数据集\扩充之前\images\17.jpg,65cde9d042f3655ac3f2e9351ac3ed4c6da1154548dfb0e6df9784a8f0617b9a,999.0,744.0,44.289,156.312,uncertain,unknown,unknown,auxiliary_ai_annotation,quality_triage_v1,heuristic quality only; no clinical review,pending,,
data\血管数据集\分类数据集\扩充之前\images\170.jpg,78eaf1f4cc3fcf9cf5aba072913d9cd5a0a16b773cfb54d0e6f3255ca14cfdf0,933.0,699.0,40.692,100.085,uncertain,unknown,unknown,auxiliary_ai_annotation,quality_triage_v1,heuristic quality only; no clinical review,pending,,
data\血管数据集\分类数据集\扩充之前\images\171.jpg,e1a24361ed868253231027980f19579a0ab831e740ecf9644d8546db90465bac,1024.0,768.0,34.99,154.533,uncertain,unknown,unknown,auxiliary_ai_annotation,quality_triage_v1,heuristic quality only; no clinical review,pending,,
data\血管数据集\分类数据集\扩充之前\images\172.jpg,54a78151a47e6c6b9b4bb36bab2bd397a69dca06d7b508189538d4ce76caa24b,1001.0,751.0,23.889,53.984,uncertain,unknown,unknown,auxiliary_ai_annotation,quality_triage_v1,heuristic quality only; no clinical review,pending,,
data\血管数据集\分类数据集\扩充之前\images\173.jpg,1ee72740450b0fc16cd31e3c4e475765ed87c892585c36e19d24afb04067f572,1024.0,768.0,18.527,87.042,uncertain,unknown,unknown,auxiliary_ai_annotation,quality_triage_v1,heuristic quality only; no clinical review,pending,,
data\血管数据集\分类数据集\扩充之前\images\174.jpg,57f7d96c2d388e3d97c141c3b3ac3483df76a754afb4c3a86f8f16b413578d6a,913.0,685.0,16.792,42.281,uncertain,unknown,unknown,auxiliary_ai_annotation,quality_triage_v1,heuristic quality only; no clinical review,pending,,
data\血管数据集\分类数据集\扩充之前\images\175.jpg,3db85fd797cf2c87a7f9550dc1044ca10b1c56263a6e92d7b1afe54d56759d76,983.0,737.0,36.721,114.375,uncertain,unknown,unknown,auxiliary_ai_annotation,quality_triage_v1,heuristic quality only; no clinical review,pending,,
data\血管数据集\分类数据集\扩充之前\images\176.jpg,972115426bec5c690b79948b6c1673dee19fe96e942ef7de097a3cb9324d1949,879.0,659.0,15.892,39.625,uncertain,unknown,unknown,auxiliary_ai_annotation,quality_triage_v1,heuristic quality only; no clinical review,pending,,
data\血管数据集\分类数据集\扩充之前\images\177.jpg,36be213a05210b348b1e1f3e2a79f35fc77fa6f3795ff162acb3c2c15261f87c,913.0,685.0,41.112,77.416,uncertain,unknown,unknown,auxiliary_ai_annotation,quality_triage_v1,heuristic quality only; no clinical review,pending,,
data\血管数据集\分类数据集\扩充之前\images\178.jpg,ef4dff9c56469776a1a7a620048a1257b3cf619a7245d13acd513937de56e902,909.0,681.0,29.317,122.407,uncertain,unknown,unknown,auxiliary_ai_annotation,quality_triage_v1,heuristic quality only; no clinical review,pending,,
data\血管数据集\分类数据集\扩充之前\images\179.jpg,db381ed2f9214552e99d6fc39cf1ca833ca8e35eb6922010dd9ce42b194317ce,1024.0,768.0,59.116,356.528,usable,partial,partial,auxiliary_ai_annotation,quality_triage_v1,"visual triage, auxiliary only",ai_visual_review,medium,codex_visual
data\血管数据集\分类数据集\扩充之前\images\18.jpg,6e61837bfff58b8a5ebf781db6a04832bdd5eee2fa6f89aaa6ef7a649b74f533,882.0,618.0,23.428,102.115,uncertain,unknown,unknown,auxiliary_ai_annotation,quality_triage_v1,heuristic quality only; no clinical review,pending,,
data\血管数据集\分类数据集\扩充之前\images\180.jpg,16f66c35310e5e69fb346d5ff97da48994f4557a4a52a82eeee3a825e2a143d1,851.0,638.0,32.454,52.92,uncertain,unknown,unknown,auxiliary_ai_annotation,quality_triage_v1,heuristic quality only; no clinical review,pending,,
data\血管数据集\分类数据集\扩充之前\images\181.jpg,6e09204cf550b2355ee3119ab114af66e29747bce50193c41370c4810ed25a5b,957.0,717.0,44.85,106.872,uncertain,unknown,unknown,auxiliary_ai_annotation,quality_triage_v1,heuristic quality only; no clinical review,pending,,
data\血管数据集\分类数据集\扩充之前\images\182.jpg,5f410ea9363cb93a3776a3798dc80b34ba8caed5de5de425b6e712caa396775f,931.0,699.0,39.035,90.9,uncertain,unknown,unknown,auxiliary_ai_annotation,quality_triage_v1,heuristic quality only; no clinical review,pending,,
data\血管数据集\分类数据集\扩充之前\images\183.jpg,ad86b4dfdacdecd6b77f44da5a12a7de336c748dc9fb6cdae5cbf5dbaf0ec970,1024.0,768.0,24.249,84.618,uncertain,unknown,unknown,auxiliary_ai_annotation,quality_triage_v1,heuristic quality only; no clinical review,pending,,
data\血管数据集\分类数据集\扩充之前\images\184.jpg,2c83334dec39b9f8b62b8cbf5cd1bde0e32d7af20914a0dafa6eea419f482d01,891.0,669.0,39.828,83.455,uncertain,unknown,unknown,auxiliary_ai_annotation,quality_triage_v1,heuristic quality only; no clinical review,pending,,
data\血管数据集\分类数据集\扩充之前\images\185.jpg,a75ed6ee0a7a5c91d4066683f778c88d6b7f88a7049c2525e38bf347b6c6d986,1001.0,751.0,37.576,75.481,uncertain,unknown,unknown,auxiliary_ai_annotation,quality_triage_v1,heuristic quality only; no clinical review,pending,,
data\血管数据集\分类数据集\扩充之前\images\186.jpg,c0deb6e2513be6f295687f3a2fa29b2d18da74aef2f451cdb03a2f195a890a01,909.0,681.0,37.976,70.025,uncertain,unknown,unknown,auxiliary_ai_annotation,quality_triage_v1,heuristic quality only; no clinical review,pending,,
data\血管数据集\分类数据集\扩充之前\images\187.jpg,e68556adf8fe21a2f4ac48360cb676ea224aaf7e4cbd4aaa3e23693425c52e1c,841.0,630.0,34.775,199.159,usable,partial,partial,auxiliary_ai_annotation,quality_triage_v1,"visual triage, auxiliary only",ai_visual_review,medium,codex_visual
data\血管数据集\分类数据集\扩充之前\images\188.jpg,d0f0f745e6606b33963dd08da79b73228e514c60e17f6efbf50c9536c12b59d5,957.0,717.0,60.902,145.976,uncertain,unknown,unknown,auxiliary_ai_annotation,quality_triage_v1,heuristic quality only; no clinical review,pending,,
data\血管数据集\分类数据集\扩充之前\images\189.jpg,64ea50f51a78acc9fa07f1db7e5f5842b8cfa351813f5d52a3d1dfab0fda8e6e,1001.0,751.0,36.187,64.788,uncertain,unknown,unknown,auxiliary_ai_annotation,quality_triage_v1,heuristic quality only; no clinical review,pending,,
data\血管数据集\分类数据集\扩充之前\images\19.jpg,41c29a88cb507893b497f3bc37dbf8400470842006cf1d15bb8badde092d975e,768.0,536.0,21.027,213.764,usable,partial,partial,auxiliary_ai_annotation,quality_triage_v1,"visual triage, auxiliary only",ai_visual_review,medium,codex_visual
data\血管数据集\分类数据集\扩充之前\images\190.jpg,68177123763ce87de07de992abedbf390aaa9763477d8f5325f0a92d9daac165,1024.0,768.0,45.204,203.039,usable,partial,partial,auxiliary_ai_annotation,quality_triage_v1,"visual triage, auxiliary only",ai_visual_review,medium,codex_visual
data\血管数据集\分类数据集\扩充之前\images\191.jpg,32967fb6eac17412955817605219093c14c16175f8b35d243594094b55b56afc,903.0,677.0,48.891,73.518,uncertain,unknown,unknown,auxiliary_ai_annotation,quality_triage_v1,heuristic quality only; no clinical review,pending,,
data\血管数据集\分类数据集\扩充之前\images\192.jpg,a2b0b7ede51211288562a931ba337fa83c83fb80414121159cd24e51da732878,983.0,737.0,50.887,90.615,uncertain,unknown,unknown,auxiliary_ai_annotation,quality_triage_v1,heuristic quality only; no clinical review,pending,,
data\血管数据集\分类数据集\扩充之前\images\193.jpg,4dc998f6260656b9673bbf36115d025a671b0832e8e65ebcb033599eccb9ef62,957.0,717.0,22.416,59.486,uncertain,unknown,unknown,auxiliary_ai_annotation,quality_triage_v1,heuristic quality only; no clinical review,pending,,
data\血管数据集\分类数据集\扩充之前\images\194.jpg,57f85d130b12fa44628c0c18063f7e307520bec9fb62a044ffe3758e89793dd0,1024.0,768.0,74.948,285.375,usable,partial,partial,auxiliary_ai_annotation,quality_triage_v1,"visual triage, auxiliary only",ai_visual_review,medium,codex_visual
data\血管数据集\分类数据集\扩充之前\images\195.jpg,db15d160bf4c40a0882fda4feae43ecdcb784d9fdd9b72a7d71307758ba6cbfb,825.0,619.0,37.329,119.945,uncertain,unknown,unknown,auxiliary_ai_annotation,quality_triage_v1,heuristic quality only; no clinical review,pending,,
data\血管数据集\分类数据集\扩充之前\images\196.jpg,81fa628d570fff3771e646d58421f94877206829a888f91aa2c3496527e34587,1024.0,768.0,35.772,141.407,uncertain,unknown,unknown,auxiliary_ai_annotation,quality_triage_v1,heuristic quality only; no clinical review,pending,,
data\血管数据集\分类数据集\扩充之前\images\197.jpg,e0993e2e002ef41d3c0e6559cbd42595ead9d2d619b2db0f4c32ac95b0064f9e,913.0,684.0,32.777,181.386,usable,unknown,unknown,auxiliary_ai_annotation,quality_triage_v1,heuristic quality only; no clinical review,pending,,
data\血管数据集\分类数据集\扩充之前\images\198.jpg,a3490f48c3e34aa83beec28b34ea27fb0ffb0d0c24a9775c7d74e24cfffd83ad,749.0,561.0,41.237,151.091,uncertain,unknown,unknown,auxiliary_ai_annotation,quality_triage_v1,heuristic quality only; no clinical review,pending,,
data\血管数据集\分类数据集\扩充之前\images\199.jpg,5b3f0592354b4deed570f22917d7d80d24e57eff309f72959f9a6b7a130de7b4,850.0,576.0,53.443,303.196,usable,unknown,unknown,auxiliary_ai_annotation,quality_triage_v1,heuristic quality only; no clinical review,pending,,
data\血管数据集\分类数据集\扩充之前\images\2.jpg,e505d7e0ee008ff6dec23b247a79d5ed6f6c51cb0cb9905838343ee550073d88,933.0,699.0,22.823,95.547,uncertain,unknown,unknown,auxiliary_ai_annotation,quality_triage_v1,heuristic quality only; no clinical review,pending,,
data\血管数据集\分类数据集\扩充之前\images\20.jpg,3f6a23ea5c1ca044e7140d5fa38c794e2d0d85c03bbe446f203ccaf3aac0f5fc,997.0,741.0,28.197,123.726,uncertain,unknown,unknown,auxiliary_ai_annotation,quality_triage_v1,heuristic quality only; no clinical review,pending,,
data\血管数据集\分类数据集\扩充之前\images\200.jpg,6d740534f79872f2d6908b33063241b8f19f18b7ecc0727abbaa041c6fe37b46,1024.0,768.0,45.509,290.774,usable,unknown,unknown,auxiliary_ai_annotation,quality_triage_v1,heuristic quality only; no clinical review,pending,,
data\血管数据集\分类数据集\扩充之前\images\201.jpg,6453c09f8e02b68530dfbfb06c0123b4bb320afd351afc06b3f1b3371aa119c3,1024.0,768.0,19.65,160.368,uncertain,unknown,unknown,auxiliary_ai_annotation,quality_triage_v1,heuristic quality only; no clinical review,pending,,
data\血管数据集\分类数据集\扩充之前\images\202.jpg,1269d12af48a568e3956b659e53239fe6914904a831a7d33a6f2cfe346c7a8ab,887.0,573.0,20.581,56.842,uncertain,unknown,unknown,auxiliary_ai_annotation,quality_triage_v1,heuristic quality only; no clinical review,pending,,
data\血管数据集\分类数据集\扩充之前\images\203.jpg,217343161845f125579ae50201c831d0071ca1eb0a30dd883e4897915914aaee,843.0,632.0,33.279,72.249,uncertain,unknown,unknown,auxiliary_ai_annotation,quality_triage_v1,heuristic quality only; no clinical review,pending,,
data\血管数据集\分类数据集\扩充之前\images\204.jpg,6fee118de3a518f5844a37ceb0c33038d95c54cc3888abcc458730e1f8b71d47,3072.0,2048.0,46.757,32.344,uncertain,unknown,unknown,auxiliary_ai_annotation,quality_triage_v1,heuristic quality only; no clinical review,pending,,
data\血管数据集\分类数据集\扩充之前\images\205.jpg,251e6169db604dca965f13f0e92c98bbcca4495a972e47b7bc27308a62999ff7,875.0,656.0,42.607,258.612,usable,unknown,unknown,auxiliary_ai_annotation,quality_triage_v1,heuristic quality only; no clinical review,pending,,
data\血管数据集\分类数据集\扩充之前\images\206.jpg,70edaa8e2f07a5aab398dc15411a6fa952352cf3760d1f124a6d2f7356a479a7,906.0,634.0,16.971,58.632,uncertain,unknown,unknown,auxiliary_ai_annotation,quality_triage_v1,heuristic quality only; no clinical review,pending,,
data\血管数据集\分类数据集\扩充之前\images\207.jpg,f4e0cc04b7bf68d81ca8f009b9dca304c7d5c52448b4ebefee2802db0d079030,1024.0,768.0,42.869,106.108,uncertain,unknown,unknown,auxiliary_ai_annotation,quality_triage_v1,heuristic quality only; no clinical review,pending,,
data\血管数据集\分类数据集\扩充之前\images\208.jpg,d13807eebab5898873a763655a021e8ac8e36808f121a8348d0da39f89e3b9fc,1024.0,768.0,18.322,58.962,uncertain,unknown,unknown,auxiliary_ai_annotation,quality_triage_v1,heuristic quality only; no clinical review,pending,,
data\血管数据集\分类数据集\扩充之前\images\209.jpg,71fe897aa4cec28e114f7868845335248f234472d61ebd7d80ff1c65fc7331d2,1024.0,768.0,34.916,160.625,uncertain,unknown,unknown,auxiliary_ai_annotation,quality_triage_v1,heuristic quality only; no clinical review,pending,,
data\血管数据集\分类数据集\扩充之前\images\21.jpg,9871d9867f931d655f542503a7bdd054ce31bf35846a6a6f22b7a1f49353d329,842.0,568.0,26.936,101.647,uncertain,unknown,unknown,auxiliary_ai_annotation,quality_triage_v1,heuristic quality only; no clinical review,pending,,
data\血管数据集\分类数据集\扩充之前\images\210.jpg,fe854e0b305f0ed6ee604f151a2926279fcc17503d1eca2b63587029816b5340,872.0,466.0,34.655,92.84,uncertain,unknown,unknown,auxiliary_ai_annotation,quality_triage_v1,heuristic quality only; no clinical review,pending,,
data\血管数据集\分类数据集\扩充之前\images\211.jpg,cbfaedad23858873d01633a38b82b26c807ddbeacdaabf60656c3eddb881da14,951.0,713.0,28.282,52.081,uncertain,unknown,unknown,auxiliary_ai_annotation,quality_triage_v1,heuristic quality only; no clinical review,pending,,
data\血管数据集\分类数据集\扩充之前\images\212.jpg,a1b18690ee9d421ac05c86248a817558e524cc10ed28ece49f6d45c041ec4c0a,963.0,721.0,26.358,56.488,uncertain,unknown,unknown,auxiliary_ai_annotation,quality_triage_v1,heuristic quality only; no clinical review,pending,,
data\血管数据集\分类数据集\扩充之前\images\213.jpg,02d612cf4c7022d65390c4ad4c1cce49c2a36c12727a2491337497c0b9ae3fae,824.0,619.0,32.679,237.897,usable,unknown,unknown,auxiliary_ai_annotation,quality_triage_v1,heuristic quality only; no clinical review,pending,,
data\血管数据集\分类数据集\扩充之前\images\214.jpg,ac8a69bb1903c1dccc1b665e41a940fc497eac97df11df13eab72251f227f093,1024.0,768.0,29.226,179.201,uncertain,unknown,unknown,auxiliary_ai_annotation,quality_triage_v1,heuristic quality only; no clinical review,pending,,
data\血管数据集\分类数据集\扩充之前\images\215.jpg,d9cf847ed92b7ebb0c0b2cb4d5939e7d08ba7a1efa496fc0508df17367b1bf02,971.0,660.0,35.028,198.667,usable,unknown,unknown,auxiliary_ai_annotation,quality_triage_v1,heuristic quality only; no clinical review,pending,,
data\血管数据集\分类数据集\扩充之前\images\216.jpg,84f8a28af7763bd32508f80f0f1b014164683abcf92e0ee5c876362036706635,1024.0,768.0,33.633,166.467,uncertain,unknown,unknown,auxiliary_ai_annotation,quality_triage_v1,heuristic quality only; no clinical review,pending,,
data\血管数据集\分类数据集\扩充之前\images\217.jpg,ba34ba18b09eeedda3f32aa98bfe5d7f66039fac081a4efb453580467878bc9c,953.0,560.0,62.55,238.881,usable,unknown,unknown,auxiliary_ai_annotation,quality_triage_v1,heuristic quality only; no clinical review,pending,,
data\血管数据集\分类数据集\扩充之前\images\218.jpg,b775909632974076ea0d46692710d59053e2c673a08fdcd7a1169b3317e28f46,927.0,608.0,43.622,60.911,uncertain,unknown,unknown,auxiliary_ai_annotation,quality_triage_v1,heuristic quality only; no clinical review,pending,,
data\血管数据集\分类数据集\扩充之前\images\219.jpg,0d9f57d1e0a848217fcc033ba3d4839e18463de296770ada7ca14803a677e499,902.0,475.0,37.381,131.156,uncertain,unknown,unknown,auxiliary_ai_annotation,quality_triage_v1,heuristic quality only; no clinical review,pending,,
data\血管数据集\分类数据集\扩充之前\images\22.jpg,fab9f61030a79942a930471cdd720d7bd5bb4b185789e022f0486991f75dfc47,841.0,631.0,45.268,240.216,usable,unknown,unknown,auxiliary_ai_annotation,quality_triage_v1,heuristic quality only; no clinical review,pending,,
data\血管数据集\分类数据集\扩充之前\images\220.jpg,1c6ef3e1988574ddfdf655ebfec6c70bca98f981d73d9a1efb54217098f80616,1024.0,768.0,66.316,183.858,usable,unknown,unknown,auxiliary_ai_annotation,quality_triage_v1,heuristic quality only; no clinical review,pending,,
data\血管数据集\分类数据集\扩充之前\images\221.jpg,ab3a8d4d47989bbf7c4c11be2dbfa3a8ec70fc06b70a76e8b7517b9d138b6d48,1024.0,768.0,21.266,99.913,uncertain,unknown,unknown,auxiliary_ai_annotation,quality_triage_v1,heuristic quality only; no clinical review,pending,,
data\血管数据集\分类数据集\扩充之前\images\222.jpg,311bcc52aaf217e2be1bf27ec1b448d907e9aa8fb42592d9baf8845e51fbb239,1024.0,768.0,24.039,113.241,uncertain,unknown,unknown,auxiliary_ai_annotation,quality_triage_v1,heuristic quality only; no clinical review,pending,,
data\血管数据集\分类数据集\扩充之前\images\223.jpg,a83d8c6d3b2c0163591f7973a6cc8e1c89d7768c1acc38cde384df2f0049a81a,1024.0,768.0,24.723,91.339,uncertain,unknown,unknown,auxiliary_ai_annotation,quality_triage_v1,heuristic quality only; no clinical review,pending,,
data\血管数据集\分类数据集\扩充之前\images\224.jpg,562da4427b77bc227c99dd672f7d097c23971bf19ec207681686cd802743f0f3,1024.0,768.0,35.599,237.083,usable,unknown,unknown,auxiliary_ai_annotation,quality_triage_v1,heuristic quality only; no clinical review,pending,,
data\血管数据集\分类数据集\扩充之前\images\225.jpg,af7ef167f47cddc865d1c447bad58fbc6d79d4a30ed499288947e5e349feac2f,1024.0,768.0,28.521,111.619,uncertain,unknown,unknown,auxiliary_ai_annotation,quality_triage_v1,heuristic quality only; no clinical review,pending,,
data\血管数据集\分类数据集\扩充之前\images\226.jpg,0c7024c75e31c6d435329f080414e4f49f97e9aab193306e745a8132e0a040d8,907.0,679.0,72.052,138.787,uncertain,unknown,unknown,auxiliary_ai_annotation,quality_triage_v1,heuristic quality only; no clinical review,pending,,
data\血管数据集\分类数据集\扩充之前\images\227.jpg,f70295ba56ed7bd92f09d536a50857152ffca5a7afb482fd0a6a6c08baeccb89,1024.0,768.0,40.061,132.702,uncertain,unknown,unknown,auxiliary_ai_annotation,quality_triage_v1,heuristic quality only; no clinical review,pending,,
data\血管数据集\分类数据集\扩充之前\images\228.jpg,5e254f93e898f1627309454e669fb91e5875d8decc8ae018ee5a9fe9eb17a5d2,1024.0,768.0,35.164,123.161,uncertain,unknown,unknown,auxiliary_ai_annotation,quality_triage_v1,heuristic quality only; no clinical review,pending,,
data\血管数据集\分类数据集\扩充之前\images\229.jpg,3c138677e53670e86f09fe6272d0d20a5eeeb1bf91282fa12aeb479194789191,1024.0,768.0,35.425,137.963,uncertain,unknown,unknown,auxiliary_ai_annotation,quality_triage_v1,heuristic quality only; no clinical review,pending,,
data\血管数据集\分类数据集\扩充之前\images\23.jpg,08b78acbffbb7d9af7ce10f2d3353f6c8f00f71efbc0476ed9716eeefe3113c7,992.0,740.0,36.719,90.865,uncertain,unknown,unknown,auxiliary_ai_annotation,quality_triage_v1,heuristic quality only; no clinical review,pending,,
data\血管数据集\分类数据集\扩充之前\images\230.jpg,8bc1b5d34533bbaa217395cbd0aa197da0c65c3058c0e627419be94e81651b60,1024.0,768.0,55.867,224.349,usable,unknown,unknown,auxiliary_ai_annotation,quality_triage_v1,heuristic quality only; no clinical review,pending,,
data\血管数据集\分类数据集\扩充之前\images\231.jpg,7a357a73472ad79c82e6a539d56569ae45f88a64b8e9c9541010b95d62642345,1024.0,768.0,49.047,172.201,uncertain,unknown,unknown,auxiliary_ai_annotation,quality_triage_v1,heuristic quality only; no clinical review,pending,,
data\血管数据集\分类数据集\扩充之前\images\232.jpg,786e9fac822bb3cdc69d06ad98c1a94a52f4765b8e1313226a9552bf7d702a6d,1024.0,768.0,85.212,219.672,usable,unknown,unknown,auxiliary_ai_annotation,quality_triage_v1,heuristic quality only; no clinical review,pending,,
data\血管数据集\分类数据集\扩充之前\images\233.jpg,8decc83a2d07a0409a8c3bb22dcad8e2a890e65b067c1d78f223d6520853480a,1024.0,768.0,35.389,119.84,uncertain,unknown,unknown,auxiliary_ai_annotation,quality_triage_v1,heuristic quality only; no clinical review,pending,,
data\血管数据集\分类数据集\扩充之前\images\234.jpg,18b64368bbf3cb5b44ac65c998e9e7f6d2e05f27504dc5b48ee4872b3370e8a0,1024.0,768.0,61.176,161.416,uncertain,unknown,unknown,auxiliary_ai_annotation,quality_triage_v1,heuristic quality only; no clinical review,pending,,
data\血管数据集\分类数据集\扩充之前\images\235.jpg,be305bc5c1e12a64fb05b251b8ac748e94ed7f7e8d11ffe5e230aff17f14557e,1024.0,768.0,39.282,142.036,uncertain,unknown,unknown,auxiliary_ai_annotation,quality_triage_v1,heuristic quality only; no clinical review,pending,,
data\血管数据集\分类数据集\扩充之前\images\236.jpg,36158764207506704811ec9b0c332d34f85527034fad26972ca2225b7bbff790,1024.0,768.0,45.428,163.179,uncertain,unknown,unknown,auxiliary_ai_annotation,quality_triage_v1,heuristic quality only; no clinical review,pending,,
data\血管数据集\分类数据集\扩充之前\images\237.jpg,a053805948f1b1c40c14f6439e7abf243d90a74fede9270dc99fda03985641d0,1024.0,768.0,40.687,139.23,uncertain,unknown,unknown,auxiliary_ai_annotation,quality_triage_v1,heuristic quality only; no clinical review,pending,,
data\血管数据集\分类数据集\扩充之前\images\238.jpg,cf89ffd0e8563d858d53b4fac9a404f49437645ed9fb5c1c4ce087ef918261eb,1024.0,768.0,50.246,218.995,usable,unknown,unknown,auxiliary_ai_annotation,quality_triage_v1,heuristic quality only; no clinical review,pending,,
data\血管数据集\分类数据集\扩充之前\images\239.jpg,f600ea860085e615c589fa646e94f8c4bc8909a9a24c4f5609cecf45c217d3bc,1024.0,768.0,41.567,126.259,uncertain,unknown,unknown,auxiliary_ai_annotation,quality_triage_v1,heuristic quality only; no clinical review,pending,,
data\血管数据集\分类数据集\扩充之前\images\24.jpg,596cdf8a86d5419aed5afa99b811519790674577985d6815d20918524b36cc35,1024.0,768.0,23.465,165.086,uncertain,unknown,unknown,auxiliary_ai_annotation,quality_triage_v1,heuristic quality only; no clinical review,pending,,
data\血管数据集\分类数据集\扩充之前\images\240.jpg,c18e697355bf0175223ba5a746a75d3a13cdf5194d206b2ae5989aa5496e86ba,982.0,593.0,23.574,49.589,uncertain,unknown,unknown,auxiliary_ai_annotation,quality_triage_v1,heuristic quality only; no clinical review,pending,,
data\血管数据集\分类数据集\扩充之前\images\241.jpg,124f509dc027a3af9d3dd46d4b6f44fbaca89d210c3ccf5a504ef1b3ad29f313,1024.0,768.0,62.07,198.869,usable,unknown,unknown,auxiliary_ai_annotation,quality_triage_v1,heuristic quality only; no clinical review,pending,,
data\血管数据集\分类数据集\扩充之前\images\242.jpg,eb9e9ebb53ed562cc2213296e3d87a756b3efe8d993672cc8ba00db3e86bfb42,1024.0,768.0,84.44,204.728,usable,unknown,unknown,auxiliary_ai_annotation,quality_triage_v1,heuristic quality only; no clinical review,pending,,
data\血管数据集\分类数据集\扩充之前\images\243.jpg,c016edb49233586192ced3d5886691aee08b65e4040547033e2ca7b534b59c47,1024.0,768.0,30.794,134.058,uncertain,unknown,unknown,auxiliary_ai_annotation,quality_triage_v1,heuristic quality only; no clinical review,pending,,
data\血管数据集\分类数据集\扩充之前\images\244.jpg,976f0d730e626567e47d95f1552a6da9204f13055e3b6293b742632c8c14e5e9,805.0,489.0,36.418,96.416,uncertain,unknown,unknown,auxiliary_ai_annotation,quality_triage_v1,heuristic quality only; no clinical review,pending,,
data\血管数据集\分类数据集\扩充之前\images\245.jpg,954bc7aa9809c54a94bd4044416ce7ebffc0b29181d3c1a4d1bc45d04d7cab38,916.0,489.0,35.048,100.882,uncertain,unknown,unknown,auxiliary_ai_annotation,quality_triage_v1,heuristic quality only; no clinical review,pending,,
data\血管数据集\分类数据集\扩充之前\images\246.jpg,c596b6c6152d7ed3cd2260e0ceaa6ab9a9be47d8d9b163a5b3eecc8e50ec815a,769.0,577.0,22.059,106.284,uncertain,unknown,unknown,auxiliary_ai_annotation,quality_triage_v1,heuristic quality only; no clinical review,pending,,
data\血管数据集\分类数据集\扩充之前\images\247.jpg,821c2df2c025d5d15aa55ef4fca6d3aae19e87f224d1b19199cdd65fdb223fab,907.0,550.0,34.434,81.729,uncertain,unknown,unknown,auxiliary_ai_annotation,quality_triage_v1,heuristic quality only; no clinical review,pending,,
data\血管数据集\分类数据集\扩充之前\images\248.jpg,6c4585f1ea191e5233175f5bfb2decdf33f78e63bc145f7e6a00c730c5cd8ba8,941.0,707.0,38.91,76.262,uncertain,unknown,unknown,auxiliary_ai_annotation,quality_triage_v1,heuristic quality only; no clinical review,pending,,
data\血管数据集\分类数据集\扩充之前\images\249.jpg,ca597cf7bdbe4ddd48f6ed190519098b360b3b5802e7d12f2dfc81c6ade76e89,1024.0,768.0,59.496,224.947,usable,unknown,unknown,auxiliary_ai_annotation,quality_triage_v1,heuristic quality only; no clinical review,pending,,
data\血管数据集\分类数据集\扩充之前\images\25.jpg,0a247921fdf676fa40d85c7c10e99f5a98928dd57c548ca72810a1879761145e,787.0,486.0,15.21,45.07,uncertain,unknown,unknown,auxiliary_ai_annotation,quality_triage_v1,heuristic quality only; no clinical review,pending,,
data\血管数据集\分类数据集\扩充之前\images\250.jpg,139a90910eb7855af0af192dcb7399b042a629751baace4c690a63d97fb02245,1024.0,768.0,35.464,245.146,usable,unknown,unknown,auxiliary_ai_annotation,quality_triage_v1,heuristic quality only; no clinical review,pending,,
data\血管数据集\分类数据集\扩充之前\images\251.jpg,d1d4ece854e829cda22a5041920f501f9a5fac361c202a07078c50248d6aeb2d,1024.0,768.0,50.875,305.546,usable,unknown,unknown,auxiliary_ai_annotation,quality_triage_v1,heuristic quality only; no clinical review,pending,,
data\血管数据集\分类数据集\扩充之前\images\252.jpg,db296d1d323cc31472d89b185936ee9d2ee95ef335ef426936a3ba506b40a453,1024.0,768.0,64.227,239.042,usable,unknown,unknown,auxiliary_ai_annotation,quality_triage_v1,heuristic quality only; no clinical review,pending,,
data\血管数据集\分类数据集\扩充之前\images\253.jpg,c29bd3146ad046eed3b408c5b42abe0d6b342eddb4b9d75882f3f643b54c31ac,948.0,699.0,45.456,81.144,uncertain,unknown,unknown,auxiliary_ai_annotation,quality_triage_v1,heuristic quality only; no clinical review,pending,,
data\血管数据集\分类数据集\扩充之前\images\254.jpg,377ba907cd173517c6af264eab6134571892f10a7b89c1806b98e54c32b35008,973.0,729.0,38.547,52.098,uncertain,unknown,unknown,auxiliary_ai_annotation,quality_triage_v1,heuristic quality only; no clinical review,pending,,
data\血管数据集\分类数据集\扩充之前\images\255.jpg,b973ab2d4559bfbf7839691535d80120df65315e2a8f7de38b95c3c3877c1f41,1024.0,768.0,60.699,133.518,uncertain,unknown,unknown,auxiliary_ai_annotation,quality_triage_v1,heuristic quality only; no clinical review,pending,,
data\血管数据集\分类数据集\扩充之前\images\256.jpg,4b9f5ca467091ae97cae52162a00f30138114135c69aec5f31f22abcb1209d97,1024.0,768.0,33.358,119.293,uncertain,unknown,unknown,auxiliary_ai_annotation,quality_triage_v1,heuristic quality only; no clinical review,pending,,
data\血管数据集\分类数据集\扩充之前\images\257.jpg,87f18427479af22035af74a9c9a11f4cc861db5cbf719f277378f87615cf612d,1024.0,768.0,29.404,134.499,uncertain,unknown,unknown,auxiliary_ai_annotation,quality_triage_v1,heuristic quality only; no clinical review,pending,,
data\血管数据集\分类数据集\扩充之前\images\258.jpg,901be972a8b1ad45ca285bd9c882c3d70f735a9a474590697e8844f393684eb7,1024.0,768.0,32.881,186.533,usable,unknown,unknown,auxiliary_ai_annotation,quality_triage_v1,heuristic quality only; no clinical review,pending,,
data\血管数据集\分类数据集\扩充之前\images\259.jpg,f2091a2250010fc96a049c0d2d819fd38a1c0bd2bf458239d23c03d768035b51,1024.0,768.0,30.702,104.736,uncertain,unknown,unknown,auxiliary_ai_annotation,quality_triage_v1,heuristic quality only; no clinical review,pending,,
data\血管数据集\分类数据集\扩充之前\images\26.jpg,c04302172fd772067b1d2625e722aa6c17ba73d148fb4b34f4e9dbfd5939e2a9,943.0,687.0,51.893,96.095,uncertain,unknown,unknown,auxiliary_ai_annotation,quality_triage_v1,heuristic quality only; no clinical review,pending,,
data\血管数据集\分类数据集\扩充之前\images\260.jpg,41da938382ec9dbfd060b666452aff666332f674d7fe24f5b1990edee29e1932,1024.0,768.0,52.102,140.891,uncertain,unknown,unknown,auxiliary_ai_annotation,quality_triage_v1,heuristic quality only; no clinical review,pending,,
data\血管数据集\分类数据集\扩充之前\images\261.jpg,803f60472518caf96fab8908f9686bb4742f6e7d81acd11e8601bd258b12d42e,1024.0,768.0,38.532,143.047,uncertain,unknown,unknown,auxiliary_ai_annotation,quality_triage_v1,heuristic quality only; no clinical review,pending,,
data\血管数据集\分类数据集\扩充之前\images\262.jpg,5640d12ad5225c5017848b4e0addcff85a488b90cc9e13b4a161c63b9c9c6c73,1024.0,768.0,51.448,262.554,usable,unknown,unknown,auxiliary_ai_annotation,quality_triage_v1,heuristic quality only; no clinical review,pending,,
data\血管数据集\分类数据集\扩充之前\images\263.jpg,1dffb25bfa6a95cb57a19f0522b77c571c89c7c836986cbc7b2ab0175ae8df0b,1024.0,768.0,32.775,119.352,uncertain,unknown,unknown,auxiliary_ai_annotation,quality_triage_v1,heuristic quality only; no clinical review,pending,,
data\血管数据集\分类数据集\扩充之前\images\264.jpg,9556de57a0d71505b15283251ae4ba2b79fc712ad1496ba23035102e09d9ea13,1024.0,768.0,35.885,190.47,usable,unknown,unknown,auxiliary_ai_annotation,quality_triage_v1,heuristic quality only; no clinical review,pending,,
data\血管数据集\分类数据集\扩充之前\images\265.jpg,e1e5354486bf85e773f4cb3cc2a4c3ad0a566141e18f22e85c2c1ef5e3a284d7,1024.0,768.0,35.793,136.495,uncertain,unknown,unknown,auxiliary_ai_annotation,quality_triage_v1,heuristic quality only; no clinical review,pending,,
data\血管数据集\分类数据集\扩充之前\images\266.jpg,f4561a067d19483b971ab9df404292108ce84557b504219a98d1ff8a3c98bdf1,1024.0,768.0,42.602,251.073,usable,unknown,unknown,auxiliary_ai_annotation,quality_triage_v1,heuristic quality only; no clinical review,pending,,
data\血管数据集\分类数据集\扩充之前\images\267.jpg,2f3f5ce80b85633b8072f72bdfd17d2f9f8885b507a5aa65020aa00075fafaad,1024.0,768.0,39.427,165.487,uncertain,unknown,unknown,auxiliary_ai_annotation,quality_triage_v1,heuristic quality only; no clinical review,pending,,
data\血管数据集\分类数据集\扩充之前\images\268.jpg,bb8cf22bb878d087859bc886703bc1b56d66bd377c6addef666c163bf9d57f9f,696.0,523.0,46.733,210.792,usable,unknown,unknown,auxiliary_ai_annotation,quality_triage_v1,heuristic quality only; no clinical review,pending,,
data\血管数据集\分类数据集\扩充之前\images\269.jpg,c8c7cd4edc3724805cbefca1ac18088f8df75f50145f5bc4294069d8884311d3,1024.0,768.0,28.417,126.315,uncertain,unknown,unknown,auxiliary_ai_annotation,quality_triage_v1,heuristic quality only; no clinical review,pending,,
data\血管数据集\分类数据集\扩充之前\images\27.jpg,1918f7e28b8620fa21d22674fb8c89fbf26008d805be976f6e29fe58730024ee,905.0,647.0,32.463,44.93,uncertain,unknown,unknown,auxiliary_ai_annotation,quality_triage_v1,heuristic quality only; no clinical review,pending,,
data\血管数据集\分类数据集\扩充之前\images\270.jpg,70ec4dd31c8e1b77d9e23b4afe18a81b6f72b1a24a3dafb510f0b28879960749,1024.0,768.0,41.173,245.068,usable,unknown,unknown,auxiliary_ai_annotation,quality_triage_v1,heuristic quality only; no clinical review,pending,,
data\血管数据集\分类数据集\扩充之前\images\271.jpg,abffd3beab82fe17103c503b2d02347d2c35a87c9ff28139b48f16fd683bb72b,880.0,661.0,17.281,25.486,uncertain,unknown,unknown,auxiliary_ai_annotation,quality_triage_v1,heuristic quality only; no clinical review,pending,,
data\血管数据集\分类数据集\扩充之前\images\272.jpg,4d53b5354ff3c2d35ac07e7d2133db0f7b4cc73cd2e44b6adf5904a666d8b64d,1024.0,768.0,21.796,114.5,uncertain,unknown,unknown,auxiliary_ai_annotation,quality_triage_v1,heuristic quality only; no clinical review,pending,,
data\血管数据集\分类数据集\扩充之前\images\273.jpg,28efe31d4f7da4d0582b50e80a253336e1f85be80bd086d836730207c7690c5d,1024.0,768.0,56.723,243.507,usable,unknown,unknown,auxiliary_ai_annotation,quality_triage_v1,heuristic quality only; no clinical review,pending,,
data\血管数据集\分类数据集\扩充之前\images\274.jpg,94329085e586075d8ca8845dc77c4a89f98fc59ad2fdf1b6bf7b5318558bf8a3,1024.0,768.0,20.855,198.126,usable,unknown,unknown,auxiliary_ai_annotation,quality_triage_v1,heuristic quality only; no clinical review,pending,,
data\血管数据集\分类数据集\扩充之前\images\275.jpg,33a563a1a67eb8cca710c24cef082788cd32b89e44bf71c4bb1546dc0ef48fcf,841.0,630.0,39.859,90.229,uncertain,unknown,unknown,auxiliary_ai_annotation,quality_triage_v1,heuristic quality only; no clinical review,pending,,
data\血管数据集\分类数据集\扩充之前\images\276.jpg,d1b3d533b157feebd865dbc2d1c0c148d9cd97e6c7756ac20cb42fb8ae7fc4e1,940.0,688.0,56.425,119.532,uncertain,unknown,unknown,auxiliary_ai_annotation,quality_triage_v1,heuristic quality only; no clinical review,pending,,
data\血管数据集\分类数据集\扩充之前\images\277.jpg,905ed34626a5e64fe6d5b7ef609a4a0d844b3e23b43d6fc6213aeb54a90e7f35,1024.0,768.0,43.606,193.018,usable,unknown,unknown,auxiliary_ai_annotation,quality_triage_v1,heuristic quality only; no clinical review,pending,,
data\血管数据集\分类数据集\扩充之前\images\278.jpg,57f2fce608d62183a4835be3a178fc3679fa030c7923241d1c13042f0e0435e5,1024.0,768.0,30.257,162.333,uncertain,unknown,unknown,auxiliary_ai_annotation,quality_triage_v1,heuristic quality only; no clinical review,pending,,
data\血管数据集\分类数据集\扩充之前\images\279.jpg,af5f769235dbfbc6ee0822c2ea8ddb85751588ec91fb1bf67abd0257459a8253,1024.0,768.0,30.958,137.748,uncertain,unknown,unknown,auxiliary_ai_annotation,quality_triage_v1,heuristic quality only; no clinical review,pending,,
data\血管数据集\分类数据集\扩充之前\images\28.jpg,9e504c159e3a3d0f9e9cca32920a25dc0a6ffab85e0a1ede24f30a2819831ce1,968.0,714.0,71.309,120.171,uncertain,unknown,unknown,auxiliary_ai_annotation,quality_triage_v1,heuristic quality only; no clinical review,pending,,
data\血管数据集\分类数据集\扩充之前\images\280.jpg,1e5a4b8e9fcd1100a99b3c30148ff97106b250445e9df50b2c8c3b5ad38a2cee,1024.0,768.0,50.451,311.824,usable,unknown,unknown,auxiliary_ai_annotation,quality_triage_v1,heuristic quality only; no clinical review,pending,,
data\血管数据集\分类数据集\扩充之前\images\281.jpg,e4f0eb1aa404303a6df097ae3a082c688dde00820ba72e174671f4c6ea310d4a,1024.0,768.0,25.914,220.544,usable,unknown,unknown,auxiliary_ai_annotation,quality_triage_v1,heuristic quality only; no clinical review,pending,,
data\血管数据集\分类数据集\扩充之前\images\282.jpg,052d11eb201737004a653b4cabddf2be92e48ee91b369874a1fe9edc16991c87,1024.0,768.0,24.113,99.252,uncertain,unknown,unknown,auxiliary_ai_annotation,quality_triage_v1,heuristic quality only; no clinical review,pending,,
data\血管数据集\分类数据集\扩充之前\images\283.jpg,925f580a23ed667e41d54cb3a68711567196456c1d1cb92a5e264911d4fa0706,1024.0,768.0,15.978,159.127,uncertain,unknown,unknown,auxiliary_ai_annotation,quality_triage_v1,heuristic quality only; no clinical review,pending,,
data\血管数据集\分类数据集\扩充之前\images\284.jpg,f82e459a09d7dbacefcf72f1cfb57d50a5771c74c9d4e9944fee6b0a4cd83652,887.0,665.0,36.724,179.085,uncertain,unknown,unknown,auxiliary_ai_annotation,quality_triage_v1,heuristic quality only; no clinical review,pending,,
data\血管数据集\分类数据集\扩充之前\images\285.jpg,489786d8957504bd95e518c4685ef8c637badc1b67ce32c5e159ef7d66f43c72,1024.0,768.0,39.708,172.865,uncertain,unknown,unknown,auxiliary_ai_annotation,quality_triage_v1,heuristic quality only; no clinical review,pending,,
data\血管数据集\分类数据集\扩充之前\images\286.jpg,89a4ee0875d573f42565b49b7376753ba63a3eb747ad99a055e3d98039058e18,1024.0,768.0,18.028,78.8,uncertain,unknown,unknown,auxiliary_ai_annotation,quality_triage_v1,heuristic quality only; no clinical review,pending,,
data\血管数据集\分类数据集\扩充之前\images\287.jpg,6e9c69fc477a7ccf86af4ebdd00b01ca387766ae9640fe765db2757d686d6a06,1024.0,768.0,27.382,220.163,usable,unknown,unknown,auxiliary_ai_annotation,quality_triage_v1,heuristic quality only; no clinical review,pending,,
data\血管数据集\分类数据集\扩充之前\images\288.jpg,77606d3cadda52be1582b0c250a7c53bebc809fdd33540f38e833495583d2ccf,1024.0,768.0,24.972,151.661,uncertain,unknown,unknown,auxiliary_ai_annotation,quality_triage_v1,heuristic quality only; no clinical review,pending,,
data\血管数据集\分类数据集\扩充之前\images\289.jpg,0613c07a35dd243a70bc80a1c42d0e6a21ebcc609ca4e1ce5d03f0dc211a3dcd,1024.0,768.0,50.161,272.65,usable,unknown,unknown,auxiliary_ai_annotation,quality_triage_v1,heuristic quality only; no clinical review,pending,,
data\血管数据集\分类数据集\扩充之前\images\29.jpg,7976b11f30982ba26b22ad92384802f7df3679c31a33ea794c1e40e11d215ede,999.0,745.0,29.888,112.902,uncertain,unknown,unknown,auxiliary_ai_annotation,quality_triage_v1,heuristic quality only; no clinical review,pending,,
data\血管数据集\分类数据集\扩充之前\images\290.jpg,0d60c395df08faa2d17bae3c5962e47bf906566909b0cfe0f5713ae2ad4acb50,805.0,603.0,26.131,92.228,uncertain,unknown,unknown,auxiliary_ai_annotation,quality_triage_v1,heuristic quality only; no clinical review,pending,,
data\血管数据集\分类数据集\扩充之前\images\291.jpg,ec55ad3e8efefb1e2f8e96ad0839e11e977f2e1227b9052a62e27263c1a419aa,1024.0,768.0,40.664,282.376,usable,unknown,unknown,auxiliary_ai_annotation,quality_triage_v1,heuristic quality only; no clinical review,pending,,
data\血管数据集\分类数据集\扩充之前\images\292.jpg,c052f14e7ca31ee922dc8e5b4fe77a2ffdd806c21ea11a3816b53f362e8f912a,1024.0,768.0,25.083,116.108,uncertain,unknown,unknown,auxiliary_ai_annotation,quality_triage_v1,heuristic quality only; no clinical review,pending,,
data\血管数据集\分类数据集\扩充之前\images\293.jpg,3d524aa59e78ecf3259fec4b8d2b764f8838250d977715bdf64216eb97b36ac6,1024.0,768.0,37.101,220.141,usable,unknown,unknown,auxiliary_ai_annotation,quality_triage_v1,heuristic quality only; no clinical review,pending,,
data\血管数据集\分类数据集\扩充之前\images\294.jpg,1e8eb4257c355126287c1aae5c9e0df57862d8d43eebe26362a8f0a92f5a5390,1024.0,768.0,52.432,183.543,usable,unknown,unknown,auxiliary_ai_annotation,quality_triage_v1,heuristic quality only; no clinical review,pending,,
data\血管数据集\分类数据集\扩充之前\images\295.jpg,65a266bed8623782a01d8551f63094ccc797fdb07ebdc3eb02a842f9e61cdd9c,927.0,695.0,36.941,173.798,uncertain,unknown,unknown,auxiliary_ai_annotation,quality_triage_v1,heuristic quality only; no clinical review,pending,,
data\血管数据集\分类数据集\扩充之前\images\296.jpg,0317165d171374de67b69dd6fe26a1f4dc31cf7be51d9ffd31bcb1f5ce33d865,989.0,741.0,36.32,127.581,uncertain,unknown,unknown,auxiliary_ai_annotation,quality_triage_v1,heuristic quality only; no clinical review,pending,,
data\血管数据集\分类数据集\扩充之前\images\297.jpg,800ee09e2083059fe70b80125ffe543b17a877f749be2a13b920bd7e7baad47d,1024.0,768.0,40.633,97.549,uncertain,unknown,unknown,auxiliary_ai_annotation,quality_triage_v1,heuristic quality only; no clinical review,pending,,
data\血管数据集\分类数据集\扩充之前\images\298.jpg,9bdd9336a2c294e889b698b8d35d5f5d425a5ad64a3fce07f0fab09c50c9b327,913.0,685.0,46.841,92.296,uncertain,unknown,unknown,auxiliary_ai_annotation,quality_triage_v1,heuristic quality only; no clinical review,pending,,
data\血管数据集\分类数据集\扩充之前\images\299.jpg,1adfa592a4f37f55067795b5e34d2403e8f39681b88b8b86c48704ce91407169,949.0,711.0,77.722,164.362,uncertain,unknown,unknown,auxiliary_ai_annotation,quality_triage_v1,heuristic quality only; no clinical review,pending,,
data\血管数据集\分类数据集\扩充之前\images\3.jpg,86841dc4b84a98d9d5c4b3dd705ee4c17f12f81f53c473581a0b459c5b7366b4,921.0,691.0,34.04,59.362,uncertain,unknown,unknown,auxiliary_ai_annotation,quality_triage_v1,heuristic quality only; no clinical review,pending,,
data\血管数据集\分类数据集\扩充之前\images\30.jpg,10238f94cfd3b8b3d4e0dbf4e4d8cf239ea47fdb2d0a90b6bfb15cf51d707cae,928.0,672.0,43.601,248.177,usable,unknown,unknown,auxiliary_ai_annotation,quality_triage_v1,heuristic quality only; no clinical review,pending,,
data\血管数据集\分类数据集\扩充之前\images\300.jpg,4aad2a9dca134f2606a0256bd7978869c750aeee2eb26dfc13ce410d396b1463,1024.0,768.0,23.193,174.712,uncertain,unknown,unknown,auxiliary_ai_annotation,quality_triage_v1,heuristic quality only; no clinical review,pending,,
data\血管数据集\分类数据集\扩充之前\images\301.jpg,64f842fba6d68fb39a9db9607fe640c29438ac1f44bc496a488c507693b05cd8,989.0,741.0,54.309,126.849,uncertain,unknown,unknown,auxiliary_ai_annotation,quality_triage_v1,heuristic quality only; no clinical review,pending,,
data\血管数据集\分类数据集\扩充之前\images\302.jpg,f4510597264eb01b71752827934c00eac774a7bcaabd9cdc0f8f22f2ac8b8df9,833.0,625.0,17.367,46.412,uncertain,unknown,unknown,auxiliary_ai_annotation,quality_triage_v1,heuristic quality only; no clinical review,pending,,
data\血管数据集\分类数据集\扩充之前\images\303.jpg,23ceb6d2180dcb8e318d217da16ff7a25c6fb9d17aa35c074cc33178501b717d,900.0,675.0,39.523,137.944,uncertain,unknown,unknown,auxiliary_ai_annotation,quality_triage_v1,heuristic quality only; no clinical review,pending,,
data\血管数据集\分类数据集\扩充之前\images\304.jpg,2817dce05f1b5977655f06623fead6e32d1340329bb0df9da48e80c3c702df7a,1024.0,768.0,43.169,253.837,usable,unknown,unknown,auxiliary_ai_annotation,quality_triage_v1,heuristic quality only; no clinical review,pending,,
data\血管数据集\分类数据集\扩充之前\images\305.jpg,fd1ad71671dedccc9b658fc5a3e7d8873f3ea038e6fb70ba14a0cdcc3cd7f3d1,3072.0,2048.0,37.728,25.166,uncertain,unknown,unknown,auxiliary_ai_annotation,quality_triage_v1,heuristic quality only; no clinical review,pending,,
data\血管数据集\分类数据集\扩充之前\images\306.jpg,95cc04a0a66a69b2a4d616fa386236c103c9ee63a0f4e9a376dec9045eb55771,833.0,625.0,30.944,54.457,uncertain,unknown,unknown,auxiliary_ai_annotation,quality_triage_v1,heuristic quality only; no clinical review,pending,,
data\血管数据集\分类数据集\扩充之前\images\307.jpg,5f7782534d246f2eef7518d8d9a39420e540cf78abe0353aa74f3a9af6014ad8,921.0,691.0,50.03,115.342,uncertain,unknown,unknown,auxiliary_ai_annotation,quality_triage_v1,heuristic quality only; no clinical review,pending,,
data\血管数据集\分类数据集\扩充之前\images\308.jpg,08c41d2f9e418fa248160fbd167c05729e32945150dc62804c464dcf97a60138,859.0,644.0,35.44,164.788,uncertain,unknown,unknown,auxiliary_ai_annotation,quality_triage_v1,heuristic quality only; no clinical review,pending,,
data\血管数据集\分类数据集\扩充之前\images\309.jpg,7ce03f9c54023bdb826527d05a7b2bc2076649f6868605d28440a75582a0af5e,863.0,647.0,32.611,83.81,uncertain,unknown,unknown,auxiliary_ai_annotation,quality_triage_v1,heuristic quality only; no clinical review,pending,,
data\血管数据集\分类数据集\扩充之前\images\31.jpg,29be98cf1258a600c5fb5255591566b318e4dc24150b04fbafa883d5a883cf6f,945.0,690.0,21.884,49.552,uncertain,unknown,unknown,auxiliary_ai_annotation,quality_triage_v1,heuristic quality only; no clinical review,pending,,
data\血管数据集\分类数据集\扩充之前\images\310.jpg,ee35d1fa49392d314cc76107c1acac27b12c503aba19b6b5b1359c8303e002ec,951.0,713.0,28.446,43.884,uncertain,unknown,unknown,auxiliary_ai_annotation,quality_triage_v1,heuristic quality only; no clinical review,pending,,
data\血管数据集\分类数据集\扩充之前\images\311.jpg,fd040e475fd15c96ee901726875f00f9bea49566f0093456e5153dea65ea6e02,736.0,552.0,26.645,132.287,uncertain,unknown,unknown,auxiliary_ai_annotation,quality_triage_v1,heuristic quality only; no clinical review,pending,,
data\血管数据集\分类数据集\扩充之前\images\312.jpg,d3ad06000b0dc8feed02b9d1e1639f9c49f72b5971f928ca744c36658d8bdbb7,1024.0,768.0,22.719,205.675,usable,unknown,unknown,auxiliary_ai_annotation,quality_triage_v1,heuristic quality only; no clinical review,pending,,
data\血管数据集\分类数据集\扩充之前\images\313.jpg,3f2b58d6d7d5117f2dbba7bed9065effe8084e0d9c2a9945488a94119507c11d,903.0,677.0,33.471,130.739,uncertain,unknown,unknown,auxiliary_ai_annotation,quality_triage_v1,heuristic quality only; no clinical review,pending,,
data\血管数据集\分类数据集\扩充之前\images\314.jpg,662b5fcdcc86400b44b6441c988ed23323ac625563e3b94e1b537d8c168e4108,883.0,662.0,42.482,90.635,uncertain,unknown,unknown,auxiliary_ai_annotation,quality_triage_v1,heuristic quality only; no clinical review,pending,,
data\血管数据集\分类数据集\扩充之前\images\315.jpg,39e072b046e88a410653f42918d975546f039779514fa8f75393e8f031996c03,781.0,585.0,32.866,104.274,uncertain,unknown,unknown,auxiliary_ai_annotation,quality_triage_v1,heuristic quality only; no clinical review,pending,,
data\血管数据集\分类数据集\扩充之前\images\316.jpg,de54db098cbdb17cb9d4c1fbe497f170dd6a9304763d3fd9227c33e96d421f7c,1024.0,768.0,44.626,275.179,usable,unknown,unknown,auxiliary_ai_annotation,quality_triage_v1,heuristic quality only; no clinical review,pending,,
data\血管数据集\分类数据集\扩充之前\images\317.jpg,cedddfd0c5400b662224032fc8fa8fd0b28141d9d67183cf95ff323a389c4108,799.0,599.0,22.19,137.075,uncertain,unknown,unknown,auxiliary_ai_annotation,quality_triage_v1,heuristic quality only; no clinical review,pending,,
data\血管数据集\分类数据集\扩充之前\images\318.jpg,ee1eb659caeb400a10010a07043df5a04c12cd5c52b561deb5cb0f8397bb3475,1024.0,768.0,44.107,156.615,uncertain,unknown,unknown,auxiliary_ai_annotation,quality_triage_v1,heuristic quality only; no clinical review,pending,,
data\血管数据集\分类数据集\扩充之前\images\319.jpg,10b1f20277cec34895feb45b45ae95654b49315ab9c9529ec2a817bc51cbecad,1024.0,768.0,39.293,269.061,usable,unknown,unknown,auxiliary_ai_annotation,quality_triage_v1,heuristic quality only; no clinical review,pending,,
data\血管数据集\分类数据集\扩充之前\images\32.jpg,05d654748167f1abadbfb6e6b0b215c284231edc8193c015af94700700ea9d15,943.0,687.0,36.137,74.415,uncertain,unknown,unknown,auxiliary_ai_annotation,quality_triage_v1,heuristic quality only; no clinical review,pending,,
data\血管数据集\分类数据集\扩充之前\images\320.jpg,95ac0dcc684367ce58a2e69751f5140cff776b9028ca2925190406a9c1b8a5ac,1024.0,768.0,39.141,171.122,uncertain,unknown,unknown,auxiliary_ai_annotation,quality_triage_v1,heuristic quality only; no clinical review,pending,,
data\血管数据集\分类数据集\扩充之前\images\321.jpg,a0b72b4d5c6ed20e29e1291b9f6c337e6fd32fe789baf7ae8a609db16f9b6731,1024.0,768.0,37.481,231.509,usable,unknown,unknown,auxiliary_ai_annotation,quality_triage_v1,heuristic quality only; no clinical review,pending,,
data\血管数据集\分类数据集\扩充之前\images\322.jpg,acd15de80a678d705f8e70ad057911975e07cd420859d62afed6fef652881fba,847.0,636.0,47.702,203.938,usable,unknown,unknown,auxiliary_ai_annotation,quality_triage_v1,heuristic quality only; no clinical review,pending,,
data\血管数据集\分类数据集\扩充之前\images\323.jpg,d7bd22aa1b1062bcdb7362abac7d8f4b0d416d8f0abd17f5d5ac2301f4fd0975,1024.0,768.0,26.56,177.184,uncertain,unknown,unknown,auxiliary_ai_annotation,quality_triage_v1,heuristic quality only; no clinical review,pending,,
data\血管数据集\分类数据集\扩充之前\images\324.jpg,0dd0f28c087ecb03d9115b11c9576ba75c5a2df8735ddb7cfaae5daf264bf5f7,693.0,519.0,22.54,158.172,uncertain,unknown,unknown,auxiliary_ai_annotation,quality_triage_v1,heuristic quality only; no clinical review,pending,,
data\血管数据集\分类数据集\扩充之前\images\325.jpg,5556f19fb92fedf2fbd3390a8b0af07478bcc418245dce2a48f56d9e0a26391c,841.0,630.0,41.069,191.839,usable,unknown,unknown,auxiliary_ai_annotation,quality_triage_v1,heuristic quality only; no clinical review,pending,,
data\血管数据集\分类数据集\扩充之前\images\326.jpg,c394490cdffad6aec273ad94b32a15c7f80b1b4eea791ac009691c4a892276b5,1024.0,768.0,35.772,212.177,usable,unknown,unknown,auxiliary_ai_annotation,quality_triage_v1,heuristic quality only; no clinical review,pending,,
data\血管数据集\分类数据集\扩充之前\images\327.jpg,f9a1bf3f2954cc7556d872d56b0b24a6366d85e1f117a4a17e1f579c104d986d,931.0,699.0,17.995,68.132,uncertain,unknown,unknown,auxiliary_ai_annotation,quality_triage_v1,heuristic quality only; no clinical review,pending,,
data\血管数据集\分类数据集\扩充之前\images\328.jpg,b4c2163fb65c7bc7e23b8b99a734f4b2d32595dee3d2df0ee72ba897893b8e8c,913.0,685.0,22.455,84.269,uncertain,unknown,unknown,auxiliary_ai_annotation,quality_triage_v1,heuristic quality only; no clinical review,pending,,
data\血管数据集\分类数据集\扩充之前\images\329.jpg,59fa454bd6c8beb8f8cdac2e4ae2151a03ae1d38d98bb574cc68dcd651a51fb0,875.0,656.0,24.266,54.551,uncertain,unknown,unknown,auxiliary_ai_annotation,quality_triage_v1,heuristic quality only; no clinical review,pending,,
data\血管数据集\分类数据集\扩充之前\images\33.jpg,eb91a2be547aa814055972526479acf6e482c32413bc2b3ac94543ae646ec99a,923.0,605.0,60.843,186.713,usable,unknown,unknown,auxiliary_ai_annotation,quality_triage_v1,heuristic quality only; no clinical review,pending,,
data\血管数据集\分类数据集\扩充之前\images\330.jpg,233ed5b6bb20aecc76e54822af983188452ab434485ef891d21481612ab77d7b,1024.0,768.0,32.696,151.378,uncertain,unknown,unknown,auxiliary_ai_annotation,quality_triage_v1,heuristic quality only; no clinical review,pending,,
data\血管数据集\分类数据集\扩充之前\images\331.jpg,8275924c038d7842b7704e68f8e89cc8d8b58156fb72eb07891623400ddee794,1024.0,768.0,44.979,210.249,usable,unknown,unknown,auxiliary_ai_annotation,quality_triage_v1,heuristic quality only; no clinical review,pending,,
data\血管数据集\分类数据集\扩充之前\images\332.jpg,b8a8f36b7fdeaf6a8c56b447d57eb4189360530961b64de5c8b30e1df9a49f0c,745.0,559.0,31.038,149.463,uncertain,unknown,unknown,auxiliary_ai_annotation,quality_triage_v1,heuristic quality only; no clinical review,pending,,
data\血管数据集\分类数据集\扩充之前\images\333.jpg,27a0a87ccace6f01c3af4df6cab6d74aefb1d6ac61f3de601eb4966bc8641e30,909.0,681.0,44.463,96.784,uncertain,unknown,unknown,auxiliary_ai_annotation,quality_triage_v1,heuristic quality only; no clinical review,pending,,
data\血管数据集\分类数据集\扩充之前\images\334.jpg,7b254368a632ddafaa21fdc62a1e9eb075dce1b7b2c9efa3f69a3ec4ab0bbdec,1024.0,768.0,16.206,72.306,uncertain,unknown,unknown,auxiliary_ai_annotation,quality_triage_v1,heuristic quality only; no clinical review,pending,,
data\血管数据集\分类数据集\扩充之前\images\335.jpg,93b7c746e36e9758df59c94b00219ca9d8d0147473ea8bb20c0195d8b16b47c2,736.0,553.0,24.079,161.041,uncertain,unknown,unknown,auxiliary_ai_annotation,quality_triage_v1,heuristic quality only; no clinical review,pending,,
data\血管数据集\分类数据集\扩充之前\images\336.jpg,d9516a12589aa16444660f547acff9ef91344426931f444c29bacba0262e125d,1024.0,768.0,54.841,244.885,usable,unknown,unknown,auxiliary_ai_annotation,quality_triage_v1,heuristic quality only; no clinical review,pending,,
data\血管数据集\分类数据集\扩充之前\images\337.jpg,46f9444036398058647fd126e31e63601fa6cf8f454377d4305e8f2195b6df3f,1024.0,768.0,49.188,202.987,usable,unknown,unknown,auxiliary_ai_annotation,quality_triage_v1,heuristic quality only; no clinical review,pending,,
data\血管数据集\分类数据集\扩充之前\images\338.jpg,10590c3cebc5e7a3bd7034dced1bf0baa509ca00bbc953f9e7b9b7dbeb32bd0c,1024.0,768.0,59.756,312.652,usable,unknown,unknown,auxiliary_ai_annotation,quality_triage_v1,heuristic quality only; no clinical review,pending,,
data\血管数据集\分类数据集\扩充之前\images\339.jpg,0b78625001ec6c85aba55bb87890af40036f8ffd662614b97ffdfe1e3e62d3d4,1024.0,768.0,53.187,272.543,usable,unknown,unknown,auxiliary_ai_annotation,quality_triage_v1,heuristic quality only; no clinical review,pending,,
data\血管数据集\分类数据集\扩充之前\images\34.jpg,acd98bb35291362e39f7aeffd2e87f8d8a6c758da1d4660d1efaf4e6ac6e7038,967.0,713.0,39.943,67.179,uncertain,unknown,unknown,auxiliary_ai_annotation,quality_triage_v1,heuristic quality only; no clinical review,pending,,
data\血管数据集\分类数据集\扩充之前\images\340.jpg,15196dfd642a43971068c9102f5f33aac429205eb88309577dd4a47677ea3a97,1024.0,768.0,26.28,74.927,uncertain,unknown,unknown,auxiliary_ai_annotation,quality_triage_v1,heuristic quality only; no clinical review,pending,,
data\血管数据集\分类数据集\扩充之前\images\341.jpg,73345386f75d10254a9d69cb505cee579e62ff47d7c895490324dd22bfc5346a,793.0,594.0,24.424,230.838,usable,unknown,unknown,auxiliary_ai_annotation,quality_triage_v1,heuristic quality only; no clinical review,pending,,
data\血管数据集\分类数据集\扩充之前\images\342.jpg,4141b0e05e19a9a38ec8b4f1e3de06da1dbac2edb153be9b2fc47ec6bd0538bf,1024.0,768.0,49.394,225.074,usable,unknown,unknown,auxiliary_ai_annotation,quality_triage_v1,heuristic quality only; no clinical review,pending,,
data\血管数据集\分类数据集\扩充之前\images\343.jpg,c64bfb2a8274c762f13c924794f73ff178e9acfb8411da89c873ad7c2918925f,915.0,686.0,43.038,79.349,uncertain,unknown,unknown,auxiliary_ai_annotation,quality_triage_v1,heuristic quality only; no clinical review,pending,,
data\血管数据集\分类数据集\扩充之前\images\344.jpg,be77073eccbff2569e7f5548b8ccf905054696f42a005674e6856a80d4aa7d16,851.0,639.0,20.87,74.653,uncertain,unknown,unknown,auxiliary_ai_annotation,quality_triage_v1,heuristic quality only; no clinical review,pending,,
data\血管数据集\分类数据集\扩充之前\images\345.jpg,b56dafdf9636aaa438b62eded7a4072116a3ed9c39fc0cc02b3a431e9b37504a,869.0,652.0,28.784,58.722,uncertain,unknown,unknown,auxiliary_ai_annotation,quality_triage_v1,heuristic quality only; no clinical review,pending,,
data\血管数据集\分类数据集\扩充之前\images\346.jpg,11aa5eaf06d4a9aabbccd26da0edd15eccf4774edecc312e339dd8ea14fbb7fd,695.0,521.0,23.42,169.485,uncertain,unknown,unknown,auxiliary_ai_annotation,quality_triage_v1,heuristic quality only; no clinical review,pending,,
data\血管数据集\分类数据集\扩充之前\images\347.jpg,da858bbfab5cafb111551dfa393cccd838e01010204075961fc49845d1364495,909.0,682.0,49.398,148.851,uncertain,unknown,unknown,auxiliary_ai_annotation,quality_triage_v1,heuristic quality only; no clinical review,pending,,
data\血管数据集\分类数据集\扩充之前\images\348.jpg,35d69c801fe38f4df8a8f64980cccda071019ed0528f1aece678faa8cc725f39,1024.0,768.0,43.695,303.29,usable,unknown,unknown,auxiliary_ai_annotation,quality_triage_v1,heuristic quality only; no clinical review,pending,,
data\血管数据集\分类数据集\扩充之前\images\349.jpg,5bdad7f2b45a1404b8352c0dc424140a3a285731c488804e040ee5563965ce73,861.0,646.0,23.002,56.384,uncertain,unknown,unknown,auxiliary_ai_annotation,quality_triage_v1,heuristic quality only; no clinical review,pending,,
data\血管数据集\分类数据集\扩充之前\images\35.jpg,e7a6f14862a1b76f4f8e3390d0e6001cd1e2e557d507ec34ee828ddd36741154,1024.0,768.0,22.129,152.761,uncertain,unknown,unknown,auxiliary_ai_annotation,quality_triage_v1,heuristic quality only; no clinical review,pending,,
data\血管数据集\分类数据集\扩充之前\images\350.jpg,6530d79078cc585e57a44e59f43afd4ed87c7690af46b37920670f9326308b53,975.0,731.0,39.54,138.553,uncertain,unknown,unknown,auxiliary_ai_annotation,quality_triage_v1,heuristic quality only; no clinical review,pending,,
data\血管数据集\分类数据集\扩充之前\images\351.jpg,df33ff2f939dbde11fd030399c6aa9c81194cdcece3dffc25d2ec6b0047172ee,911.0,682.0,21.848,62.573,uncertain,unknown,unknown,auxiliary_ai_annotation,quality_triage_v1,heuristic quality only; no clinical review,pending,,
data\血管数据集\分类数据集\扩充之前\images\352.jpg,5d544dd97703cd4b13e5687bbd64d3b0a3dff06a83fc39f735ca893789eb330e,1024.0,768.0,52.677,222.458,usable,unknown,unknown,auxiliary_ai_annotation,quality_triage_v1,heuristic quality only; no clinical review,pending,,
data\血管数据集\分类数据集\扩充之前\images\353.jpg,92606da6f6f08888fcc45cce05ba64784767992ec540ee82fb301b2fe1b3482c,865.0,649.0,33.071,82.204,uncertain,unknown,unknown,auxiliary_ai_annotation,quality_triage_v1,heuristic quality only; no clinical review,pending,,
data\血管数据集\分类数据集\扩充之前\images\354.jpg,03649afc0b35069686153a7f3bfb3ff5afca471380775bc152167d2695e8d34e,1024.0,768.0,26.143,92.586,uncertain,unknown,unknown,auxiliary_ai_annotation,quality_triage_v1,heuristic quality only; no clinical review,pending,,
data\血管数据集\分类数据集\扩充之前\images\355.jpg,a19d513615bf7d4d4728b00a8bbb2a9c4f811ff545aebb5d5184da04dfd98be0,963.0,721.0,53.849,101.696,uncertain,unknown,unknown,auxiliary_ai_annotation,quality_triage_v1,heuristic quality only; no clinical review,pending,,
data\血管数据集\分类数据集\扩充之前\images\356.jpg,bd7cf44e7fd904d073e483e5c7c46f478f4317ec21a8fe63b77df7388addf8a7,895.0,670.0,48.176,229.07,usable,unknown,unknown,auxiliary_ai_annotation,quality_triage_v1,heuristic quality only; no clinical review,pending,,
data\血管数据集\分类数据集\扩充之前\images\357.jpg,1299a80e6712eb2f9a62ae5571a753a42507a82029c1140efeb89a0cb634629b,711.0,533.0,24.444,174.886,uncertain,unknown,unknown,auxiliary_ai_annotation,quality_triage_v1,heuristic quality only; no clinical review,pending,,
data\血管数据集\分类数据集\扩充之前\images\358.jpg,c6ef390fb25216da1e50eda21aa6ab6fd8a5411f6242b983f021b0aabffbdab2,815.0,610.0,45.702,109.998,uncertain,unknown,unknown,auxiliary_ai_annotation,quality_triage_v1,heuristic quality only; no clinical review,pending,,
data\血管数据集\分类数据集\扩充之前\images\359.jpg,3db53d2f8bc69d165d610da86812d274630736c58211931435d8c1931982d0bd,730.0,511.0,30.818,110.704,uncertain,unknown,unknown,auxiliary_ai_annotation,quality_triage_v1,heuristic quality only; no clinical review,pending,,
data\血管数据集\分类数据集\扩充之前\images\36.jpg,3a7ee68f749e80e007c7fb8ad9ca386ca47ae45ce000ded0edd371deafa8fec9,915.0,645.0,22.999,47.226,uncertain,unknown,unknown,auxiliary_ai_annotation,quality_triage_v1,heuristic quality only; no clinical review,pending,,
data\血管数据集\分类数据集\扩充之前\images\360.jpg,5a237594c34cc49dac292eb6da705b7bd87a94da771f8151c16add8c11d42f60,831.0,623.0,45.387,121.399,uncertain,unknown,unknown,auxiliary_ai_annotation,quality_triage_v1,heuristic quality only; no clinical review,pending,,
data\血管数据集\分类数据集\扩充之前\images\361.jpg,8a5bc0c14340c7b1d84d0688363e98ea6d0de8e242f9cd6fec4f6e09fd63eeea,827.0,620.0,37.3,101.909,uncertain,unknown,unknown,auxiliary_ai_annotation,quality_triage_v1,heuristic quality only; no clinical review,pending,,
data\血管数据集\分类数据集\扩充之前\images\362.jpg,051cc0d92f020943ffa4fa4e1a09a9ad6d8c430b20e79ce64bd92ead80d66196,847.0,635.0,25.89,50.676,uncertain,unknown,unknown,auxiliary_ai_annotation,quality_triage_v1,heuristic quality only; no clinical review,pending,,
data\血管数据集\分类数据集\扩充之前\images\363.jpg,8f912b1c3fd85fc4c19cd47b87417152f1be8ae176092e2d69232f3886b1cef4,737.0,553.0,46.765,117.2,uncertain,unknown,unknown,auxiliary_ai_annotation,quality_triage_v1,heuristic quality only; no clinical review,pending,,
data\血管数据集\分类数据集\扩充之前\images\364.jpg,525e93c21f53de35ba20091643e218c7507d75238fb226f6a02c0f925e64274f,1024.0,768.0,46.568,205.299,usable,unknown,unknown,auxiliary_ai_annotation,quality_triage_v1,heuristic quality only; no clinical review,pending,,
data\血管数据集\分类数据集\扩充之前\images\365.jpg,0f82733ad06cba1d3cddee9ea02a41723120dc73f17f20763cc322a763889a47,773.0,579.0,44.31,116.692,uncertain,unknown,unknown,auxiliary_ai_annotation,quality_triage_v1,heuristic quality only; no clinical review,pending,,
data\血管数据集\分类数据集\扩充之前\images\366.jpg,efd39ee13668bd69cbc45fc2be7027b420e1b5a3ba4a420b5e786fe505723a99,842.0,633.0,36.815,108.539,uncertain,unknown,unknown,auxiliary_ai_annotation,quality_triage_v1,heuristic quality only; no clinical review,pending,,
data\血管数据集\分类数据集\扩充之前\images\367.jpg,90a52c888855090c2a3b5bf9cbc77c2cbc1189e9156e212b6e86e48d0fdeec9a,890.0,667.0,47.311,121.067,uncertain,unknown,unknown,auxiliary_ai_annotation,quality_triage_v1,heuristic quality only; no clinical review,pending,,
data\血管数据集\分类数据集\扩充之前\images\368.jpg,b9d84c51858054da701d77221fdf510a86b1da1bed91384015d37b78ef243c75,695.0,521.0,25.499,164.135,uncertain,unknown,unknown,auxiliary_ai_annotation,quality_triage_v1,heuristic quality only; no clinical review,pending,,
data\血管数据集\分类数据集\扩充之前\images\369.jpg,19aa2a6b30aa5c210133ce45f6befcacb8ebecf82af72b0737c2dde7a4d3c218,933.0,699.0,35.206,134.603,uncertain,unknown,unknown,auxiliary_ai_annotation,quality_triage_v1,heuristic quality only; no clinical review,pending,,
data\血管数据集\分类数据集\扩充之前\images\37.jpg,3ebf41783ecbc24e3a1298a63d8c65e00a146f8cb66567c1c3e60733e770e2dc,923.0,666.0,63.354,143.828,uncertain,unknown,unknown,auxiliary_ai_annotation,quality_triage_v1,heuristic quality only; no clinical review,pending,,
data\血管数据集\分类数据集\扩充之前\images\370.jpg,061d772d060069dec6a65975846a74e2e0e9290fdf9211d8e0dca4d660f93ba1,780.0,585.0,29.452,210.896,usable,unknown,unknown,auxiliary_ai_annotation,quality_triage_v1,heuristic quality only; no clinical review,pending,,
data\血管数据集\分类数据集\扩充之前\images\371.jpg,90538c40afe1fc8bee8293143dcd853ec43ce0397d00f1a5f2bf46b998384e0f,798.0,599.0,24.772,87.506,uncertain,unknown,unknown,auxiliary_ai_annotation,quality_triage_v1,heuristic quality only; no clinical review,pending,,
data\血管数据集\分类数据集\扩充之前\images\372.jpg,07e57ea438514f72c2473e3c5b20f3a2f70bfc158509f281fa58ee298d79f01c,927.0,695.0,63.518,166.115,uncertain,unknown,unknown,auxiliary_ai_annotation,quality_triage_v1,heuristic quality only; no clinical review,pending,,
data\血管数据集\分类数据集\扩充之前\images\373.jpg,18a00f08b8383c2773eac014a51cf8b06afe0cfe86243e62038efb079f0f5c64,803.0,603.0,28.713,73.497,uncertain,unknown,unknown,auxiliary_ai_annotation,quality_triage_v1,heuristic quality only; no clinical review,pending,,
data\血管数据集\分类数据集\扩充之前\images\374.jpg,4e451f09d5e671004ba169c57ab59d0e5bd2e877ff077f90c92b52dd5e0ba9d4,860.0,645.0,34.847,108.058,uncertain,unknown,unknown,auxiliary_ai_annotation,quality_triage_v1,heuristic quality only; no clinical review,pending,,
data\血管数据集\分类数据集\扩充之前\images\375.jpg,808ff480e6d05e494086cf56caff06d06090fc0a70001546aaeb2365c0ff9fe1,927.0,695.0,29.237,119.305,uncertain,unknown,unknown,auxiliary_ai_annotation,quality_triage_v1,heuristic quality only; no clinical review,pending,,
data\血管数据集\分类数据集\扩充之前\images\376.jpg,cedb36ea1c2b784881653e07f9904d96841e8da1948411c1fa2ea906cdbe8392,1024.0,768.0,39.839,192.609,usable,unknown,unknown,auxiliary_ai_annotation,quality_triage_v1,heuristic quality only; no clinical review,pending,,
data\血管数据集\分类数据集\扩充之前\images\377.jpg,98f9268649a2fabd4fb8d5bdd8bc09c511be8f05b164d6999b81a1de1329d2a3,1024.0,768.0,37.679,248.622,usable,unknown,unknown,auxiliary_ai_annotation,quality_triage_v1,heuristic quality only; no clinical review,pending,,
data\血管数据集\分类数据集\扩充之前\images\378.jpg,aaf08e213354e6007c94e68165c5863fc5070900ece23aafa621a68f2465fff5,927.0,695.0,35.514,61.643,uncertain,unknown,unknown,auxiliary_ai_annotation,quality_triage_v1,heuristic quality only; no clinical review,pending,,
data\血管数据集\分类数据集\扩充之前\images\379.jpg,bee8ccb28ff214f1c1f8ce49172f5ff7d29e2a3a08a0273c95746f1cca314b49,716.0,537.0,21.89,72.47,uncertain,unknown,unknown,auxiliary_ai_annotation,quality_triage_v1,heuristic quality only; no clinical review,pending,,
data\血管数据集\分类数据集\扩充之前\images\38.jpg,2c8f7b02b74ae798642ca63254eeb5f4497616aafd898c9722e87040dec574ce,941.0,705.0,26.891,45.867,uncertain,unknown,unknown,auxiliary_ai_annotation,quality_triage_v1,heuristic quality only; no clinical review,pending,,
data\血管数据集\分类数据集\扩充之前\images\380.jpg,1b732e66217f52beeae6e9a7ed39f7f352567f1120a5fecf57a4db29a506f6ac,674.0,506.0,20.773,101.234,uncertain,unknown,unknown,auxiliary_ai_annotation,quality_triage_v1,heuristic quality only; no clinical review,pending,,
data\血管数据集\分类数据集\扩充之前\images\381.jpg,9ec879aaac1166725ba250260fc749180606dcf0435ac688889532ce5a86767d,847.0,635.0,34.58,97.716,uncertain,unknown,unknown,auxiliary_ai_annotation,quality_triage_v1,heuristic quality only; no clinical review,pending,,
data\血管数据集\分类数据集\扩充之前\images\382.jpg,b3fbbc982adc5097503d08d444b0ffb0f00575d5630f89bee11e23cae38cfb28,899.0,675.0,17.396,40.998,uncertain,unknown,unknown,auxiliary_ai_annotation,quality_triage_v1,heuristic quality only; no clinical review,pending,,
data\血管数据集\分类数据集\扩充之前\images\383.jpg,19de0bad7b5aa87693c7a34aa579e7ab5a7c053b27e885f267f7d19ccc642162,1024.0,768.0,43.196,333.302,usable,unknown,unknown,auxiliary_ai_annotation,quality_triage_v1,heuristic quality only; no clinical review,pending,,
data\血管数据集\分类数据集\扩充之前\images\384.jpg,73959fa6020a58e2451341660b15cf6db4db25705b21419c33ee1c4a719f0125,713.0,535.0,14.32,83.228,uncertain,unknown,unknown,auxiliary_ai_annotation,quality_triage_v1,heuristic quality only; no clinical review,pending,,
data\血管数据集\分类数据集\扩充之前\images\385.jpg,360bf01e74d8076f7fa23f7d3192ef0885548e36de7bd008ec791032d6eff6f3,1024.0,768.0,37.815,166.475,uncertain,unknown,unknown,auxiliary_ai_annotation,quality_triage_v1,heuristic quality only; no clinical review,pending,,
data\血管数据集\分类数据集\扩充之前\images\386.jpg,7835c25f2234ea05c6151f706877ef7488fc438e5407f44ac02b61f6332543ce,1024.0,768.0,54.152,241.836,usable,unknown,unknown,auxiliary_ai_annotation,quality_triage_v1,heuristic quality only; no clinical review,pending,,
data\血管数据集\分类数据集\扩充之前\images\387.jpg,792340c37438573f0c9498e957e8e9a9234742f5b1fb94b14172ba3bc17118a9,1024.0,768.0,36.736,328.47,usable,unknown,unknown,auxiliary_ai_annotation,quality_triage_v1,heuristic quality only; no clinical review,pending,,
data\血管数据集\分类数据集\扩充之前\images\388.jpg,4076cdab051daf6f0f0b3d4b320cd5a0a738045300a20d1c2871d1e7aebf3320,1024.0,768.0,39.615,166.866,uncertain,unknown,unknown,auxiliary_ai_annotation,quality_triage_v1,heuristic quality only; no clinical review,pending,,
data\血管数据集\分类数据集\扩充之前\images\389.jpg,49b222ef18441ff0eef26a9751489ddd8d769a5fedf2e83da101c0b70812b896,1024.0,768.0,31.41,105.874,uncertain,unknown,unknown,auxiliary_ai_annotation,quality_triage_v1,heuristic quality only; no clinical review,pending,,
data\血管数据集\分类数据集\扩充之前\images\39.jpg,47ea1011688346f438e5a6ef8b5be25ef124b53d8e4a282b70d96b8293cfa915,899.0,649.0,29.062,84.338,uncertain,unknown,unknown,auxiliary_ai_annotation,quality_triage_v1,heuristic quality only; no clinical review,pending,,
data\血管数据集\分类数据集\扩充之前\images\390.jpg,9fcc92784354154586199989d3e1aff8ddcba633c518f8ca52a01e72d371b420,692.0,519.0,19.762,116.781,uncertain,unknown,unknown,auxiliary_ai_annotation,quality_triage_v1,heuristic quality only; no clinical review,pending,,
data\血管数据集\分类数据集\扩充之前\images\391.jpg,419fe93a70c9a587845f94f4f807c47c412b46543f03757d58db227d4bc0373a,939.0,705.0,38.367,136.52,uncertain,unknown,unknown,auxiliary_ai_annotation,quality_triage_v1,heuristic quality only; no clinical review,pending,,
data\血管数据集\分类数据集\扩充之前\images\392.jpg,755331c5234d7caaf7f7a238602d23864850760b07bf5fcd74be9309df68c1f0,878.0,659.0,29.25,133.006,uncertain,unknown,unknown,auxiliary_ai_annotation,quality_triage_v1,heuristic quality only; no clinical review,pending,,
data\血管数据集\分类数据集\扩充之前\images\393.jpg,cd817fe4c113e81590223ff8b6d2e13ffc7de032a846812aff6b31f3e26a7a94,822.0,542.0,32.06,250.942,usable,unknown,unknown,auxiliary_ai_annotation,quality_triage_v1,heuristic quality only; no clinical review,pending,,
data\血管数据集\分类数据集\扩充之前\images\394.jpg,1d90d44c17c21bedc964cf6bf5a5c400f4b4d603456983914df51db3528e79a8,756.0,567.0,53.516,212.003,usable,unknown,unknown,auxiliary_ai_annotation,quality_triage_v1,heuristic quality only; no clinical review,pending,,
data\血管数据集\分类数据集\扩充之前\images\395.jpg,08c79726b1d1f3486a92ec9e27a4ed048453bbd109757261ea7c991b0c2f3b1b,886.0,663.0,20.724,82.074,uncertain,unknown,unknown,auxiliary_ai_annotation,quality_triage_v1,heuristic quality only; no clinical review,pending,,
data\血管数据集\分类数据集\扩充之前\images\396.jpg,26fb54de32f7c5bad9d00ecd2dc3484d5219f2595cd736853613e919bf7d5480,991.0,743.0,35.895,218.182,usable,unknown,unknown,auxiliary_ai_annotation,quality_triage_v1,heuristic quality only; no clinical review,pending,,
data\血管数据集\分类数据集\扩充之前\images\397.jpg,9f2e46904f6353c7620c67eeb81385d6943873d9cbaf4cb5f9e3598cd63f0a2e,782.0,587.0,36.945,81.686,uncertain,unknown,unknown,auxiliary_ai_annotation,quality_triage_v1,heuristic quality only; no clinical review,pending,,
data\血管数据集\分类数据集\扩充之前\images\398.jpg,98d4607871ec63d0dee4ae5cd7094ba4ecf546c8a0c3971a6cbf3b972748bb75,852.0,639.0,15.467,55.673,uncertain,unknown,unknown,auxiliary_ai_annotation,quality_triage_v1,heuristic quality only; no clinical review,pending,,
data\血管数据集\分类数据集\扩充之前\images\399.jpg,1864b147395f41f931fe8fe748f6636ae63f9d565a32437ad4dd37326e2c9e74,828.0,549.0,27.265,145.259,uncertain,unknown,unknown,auxiliary_ai_annotation,quality_triage_v1,heuristic quality only; no clinical review,pending,,
data\血管数据集\分类数据集\扩充之前\images\4.jpg,0beede17f45d1b89c8d2f6113dbff1d3484ad32811e53e0b5eab4a5b7efd094c,863.0,648.0,33.676,54.554,uncertain,unknown,unknown,auxiliary_ai_annotation,quality_triage_v1,heuristic quality only; no clinical review,pending,,
data\血管数据集\分类数据集\扩充之前\images\40.jpg,f110b094ff7ba4b00c9bfca2870d28595d6f74d803a727f487d7c96d38e6afc1,925.0,616.0,22.181,43.79,uncertain,unknown,unknown,auxiliary_ai_annotation,quality_triage_v1,heuristic quality only; no clinical review,pending,,
data\血管数据集\分类数据集\扩充之前\images\400.jpg,68177123763ce87de07de992abedbf390aaa9763477d8f5325f0a92d9daac165,1024.0,768.0,45.204,203.039,usable,unknown,unknown,auxiliary_ai_annotation,quality_triage_v1,heuristic quality only; no clinical review,pending,,
data\血管数据集\分类数据集\扩充之前\images\401.jpg,8e9b2e864993222e9f37791848352c930f7de8fa98f998a62af05d0269dd99f2,931.0,699.0,44.271,147.976,uncertain,unknown,unknown,auxiliary_ai_annotation,quality_triage_v1,heuristic quality only; no clinical review,pending,,
data\血管数据集\分类数据集\扩充之前\images\402.jpg,a8435232f332af253114dbb8a5245ac60ba9be025abd628c5608f38a33af8c4f,849.0,631.0,19.444,41.327,uncertain,unknown,unknown,auxiliary_ai_annotation,quality_triage_v1,heuristic quality only; no clinical review,pending,,
data\血管数据集\分类数据集\扩充之前\images\403.jpg,6fa3ed8a6b96b4ce67aee0d700d34168e296566da14687bd34ec5d5079132227,1024.0,768.0,43.045,360.37,usable,unknown,unknown,auxiliary_ai_annotation,quality_triage_v1,heuristic quality only; no clinical review,pending,,
data\血管数据集\分类数据集\扩充之前\images\404.jpg,09da3b2eb46dcc835af98719b0c57ca5ce7f0266c642b8a38d7ec601e2304306,971.0,729.0,24.219,39.928,uncertain,unknown,unknown,auxiliary_ai_annotation,quality_triage_v1,heuristic quality only; no clinical review,pending,,
data\血管数据集\分类数据集\扩充之前\images\405.jpg,c24098ca839f25ab49c0bcd91d56c982c0bd057069416afe6e5285ee891a335c,764.0,573.0,46.715,117.821,uncertain,unknown,unknown,auxiliary_ai_annotation,quality_triage_v1,heuristic quality only; no clinical review,pending,,
data\血管数据集\分类数据集\扩充之前\images\406.jpg,91716ea8214b567282fc66c68ec3af212a847d802753fa095ab7ed8ee703ff23,3072.0,2048.0,40.048,12.383,uncertain,unknown,unknown,auxiliary_ai_annotation,quality_triage_v1,heuristic quality only; no clinical review,pending,,
data\血管数据集\分类数据集\扩充之前\images\407.jpg,c39fc2bc0a61a7f40a3e156aad80715ee338359da11aef1efb1cc08e3ebd7aaa,718.0,539.0,20.667,244.184,usable,unknown,unknown,auxiliary_ai_annotation,quality_triage_v1,heuristic quality only; no clinical review,pending,,
data\血管数据集\分类数据集\扩充之前\images\408.jpg,11bf1444440ee267ec0325d71f4bed8ee143fd2ce7099053a0ce9a7c3846ad42,1024.0,768.0,40.266,191.051,usable,unknown,unknown,auxiliary_ai_annotation,quality_triage_v1,heuristic quality only; no clinical review,pending,,
data\血管数据集\分类数据集\扩充之前\images\409.jpg,45ccdbb8a7ae833c34741242754ebf2b5bae08e04653121e075b0cd8dc6f5552,888.0,665.0,57.95,173.645,uncertain,unknown,unknown,auxiliary_ai_annotation,quality_triage_v1,heuristic quality only; no clinical review,pending,,
data\血管数据集\分类数据集\扩充之前\images\41.jpg,aeb51113d3579a606f8e5a59b21bc6426d3625c8620ffc91ff30476d92720885,1000.0,741.0,23.247,45.083,uncertain,unknown,unknown,auxiliary_ai_annotation,quality_triage_v1,heuristic quality only; no clinical review,pending,,
data\血管数据集\分类数据集\扩充之前\images\410.jpg,841b4d446f8b42c89de61b7148302c6d52641a2b1a6df21aabeeb247420f0bf7,700.0,524.0,43.615,194.088,usable,unknown,unknown,auxiliary_ai_annotation,quality_triage_v1,heuristic quality only; no clinical review,pending,,
data\血管数据集\分类数据集\扩充之前\images\411.jpg,967246682cc513f43535f388972511f8a73bb7dd51bc73aa369c8b4de172ca38,1024.0,768.0,23.048,177.156,uncertain,unknown,unknown,auxiliary_ai_annotation,quality_triage_v1,heuristic quality only; no clinical review,pending,,
data\血管数据集\分类数据集\扩充之前\images\412.jpg,6c2d63327fae1a9f66a4d66eb21a78462ed938b6dba48f984d9be83116f65706,798.0,599.0,39.823,269.299,usable,unknown,unknown,auxiliary_ai_annotation,quality_triage_v1,heuristic quality only; no clinical review,pending,,
data\血管数据集\分类数据集\扩充之前\images\413.jpg,0dc0d5e1cb50727031a11d600600d474c173cc599b2d36c938ce1424f6ad780d,674.0,505.0,18.142,134.117,uncertain,unknown,unknown,auxiliary_ai_annotation,quality_triage_v1,heuristic quality only; no clinical review,pending,,
data\血管数据集\分类数据集\扩充之前\images\414.jpg,4e5269899d115557655def7fba33bd34bb093b18b45f6fa357dad468907bfc74,688.0,515.0,20.244,147.927,uncertain,unknown,unknown,auxiliary_ai_annotation,quality_triage_v1,heuristic quality only; no clinical review,pending,,
data\血管数据集\分类数据集\扩充之前\images\415.jpg,f150816ad55d5dcf5ca7fedcf43e5c7fe8b3f3771d443559fa149bce6337e18f,784.0,587.0,25.784,163.577,uncertain,unknown,unknown,auxiliary_ai_annotation,quality_triage_v1,heuristic quality only; no clinical review,pending,,
data\血管数据集\分类数据集\扩充之前\images\416.jpg,4bc17ea30bb9860d8d830b208aebfb4257bae7dbde468c4f9f8c81c8926688b7,760.0,571.0,32.801,159.156,uncertain,unknown,unknown,auxiliary_ai_annotation,quality_triage_v1,heuristic quality only; no clinical review,pending,,
data\血管数据集\分类数据集\扩充之前\images\417.jpg,6137408004bba5325181c6c80aa7a1e57cd869cf239feb331c0c4079aeb3d6d2,690.0,518.0,25.003,156.215,uncertain,unknown,unknown,auxiliary_ai_annotation,quality_triage_v1,heuristic quality only; no clinical review,pending,,
data\血管数据集\分类数据集\扩充之前\images\418.jpg,,,,,,unknown,unknown,unknown,auxiliary_ai_annotation,,image file is truncated (66 bytes not processed),pending,,
data\血管数据集\分类数据集\扩充之前\images\419.jpg,7eb2eb9e9d5ea151a048cf66c74a55b01c3e60d3acd6e109b0205d4db193fafa,779.0,585.0,26.722,84.442,uncertain,unknown,unknown,auxiliary_ai_annotation,quality_triage_v1,heuristic quality only; no clinical review,pending,,
data\血管数据集\分类数据集\扩充之前\images\42.jpg,058e1f2c3cacfb87a3f8e13bd0eecddc1db3bfe0918bdf7151ca9d5c07fe4153,966.0,711.0,38.306,75.228,uncertain,unknown,unknown,auxiliary_ai_annotation,quality_triage_v1,heuristic quality only; no clinical review,pending,,
data\血管数据集\分类数据集\扩充之前\images\420.jpg,a10e0c8ad27171dd8f6f65d2668ea16e2385337a4a35996f4f83788f44983b55,818.0,613.0,33.12,199.966,usable,unknown,unknown,auxiliary_ai_annotation,quality_triage_v1,heuristic quality only; no clinical review,pending,,
data\血管数据集\分类数据集\扩充之前\images\421.jpg,66c72baa4437ad1787d543bce8018920a27e47f162485c31206bcddafc52df39,818.0,613.0,33.534,119.751,uncertain,unknown,unknown,auxiliary_ai_annotation,quality_triage_v1,heuristic quality only; no clinical review,pending,,
data\血管数据集\分类数据集\扩充之前\images\422.jpg,b2754aaffae5accf1948a49299d16bfa41bec8bcc39bdd33db592d0052b08cd6,963.0,721.0,25.701,63.792,uncertain,unknown,unknown,auxiliary_ai_annotation,quality_triage_v1,heuristic quality only; no clinical review,pending,,
data\血管数据集\分类数据集\扩充之前\images\423.jpg,,,,,,unknown,unknown,unknown,auxiliary_ai_annotation,,image file is truncated (33 bytes not processed),pending,,
data\血管数据集\分类数据集\扩充之前\images\424.jpg,be99731ed9ab5071e72b6ae6c6da291d53cf140ad1262ca3369cb62f516927b6,1024.0,768.0,28.589,162.948,uncertain,unknown,unknown,auxiliary_ai_annotation,quality_triage_v1,heuristic quality only; no clinical review,pending,,
data\血管数据集\分类数据集\扩充之前\images\425.jpg,a7c4f1d1099cf0963741ff292a3055a6fcc3686644d78a9eff3575a4776cb8c0,945.0,709.0,31.744,110.221,uncertain,unknown,unknown,auxiliary_ai_annotation,quality_triage_v1,heuristic quality only; no clinical review,pending,,
data\血管数据集\分类数据集\扩充之前\images\426.jpg,efd9ff1fe1ced4b0a1b4b3c52d393dcff8c047ee149a22d1d0e29c3db73d3b35,818.0,613.0,27.832,109.042,uncertain,unknown,unknown,auxiliary_ai_annotation,quality_triage_v1,heuristic quality only; no clinical review,pending,,
data\血管数据集\分类数据集\扩充之前\images\427.jpg,e410fabebcbddef3f455a9438c62ba5f9ca33f1c75b162a5e9845fcdc1cab641,708.0,531.0,29.331,148.625,uncertain,unknown,unknown,auxiliary_ai_annotation,quality_triage_v1,heuristic quality only; no clinical review,pending,,
data\血管数据集\分类数据集\扩充之前\images\428.jpg,76604ad49373937c8eef9eca31f832a366b1bc9b0de6a921cb5165b31a21a2e2,698.0,523.0,17.893,145.943,uncertain,unknown,unknown,auxiliary_ai_annotation,quality_triage_v1,heuristic quality only; no clinical review,pending,,
data\血管数据集\分类数据集\扩充之前\images\429.jpg,292ac00d2b9cb0ea2094fda63798e2754fe575421e8e12450a1a985aa875360d,860.0,645.0,32.393,223.471,usable,unknown,unknown,auxiliary_ai_annotation,quality_triage_v1,heuristic quality only; no clinical review,pending,,
data\血管数据集\分类数据集\扩充之前\images\43.jpg,616cdf8f93005af4ebca357b9ede29f6bb71e5450a5bee8740199fc649592b20,955.0,699.0,33.401,126.63,uncertain,unknown,unknown,auxiliary_ai_annotation,quality_triage_v1,heuristic quality only; no clinical review,pending,,
data\血管数据集\分类数据集\扩充之前\images\430.jpg,1bb1a3ae158b570f2b3deb451df0fcee71f80e105443953a21869b359e4508ff,748.0,561.0,18.442,89.756,uncertain,unknown,unknown,auxiliary_ai_annotation,quality_triage_v1,heuristic quality only; no clinical review,pending,,
data\血管数据集\分类数据集\扩充之前\images\431.jpg,2bf2d00a258e27767d3ca589c8a9b399142aa9165a49b3b8f00facd3b0d482fc,696.0,522.0,19.257,100.177,uncertain,unknown,unknown,auxiliary_ai_annotation,quality_triage_v1,heuristic quality only; no clinical review,pending,,
data\血管数据集\分类数据集\扩充之前\images\432.jpg,8019f5575add76b217c8f081a385402e5bc7a4241cc1890480ce443b7fee6c5a,675.0,507.0,18.559,113.432,uncertain,unknown,unknown,auxiliary_ai_annotation,quality_triage_v1,heuristic quality only; no clinical review,pending,,
data\血管数据集\分类数据集\扩充之前\images\433.jpg,b6719d10e51bdbfc8cbecc28c9dcd8438c1e8ccd4b44a248977e1fadbbb7792e,689.0,517.0,17.638,90.461,uncertain,unknown,unknown,auxiliary_ai_annotation,quality_triage_v1,heuristic quality only; no clinical review,pending,,
data\血管数据集\分类数据集\扩充之前\images\434.jpg,281ce59accb8601c775cc1fd8851a25d71d7f36158b55a103d24225d0034c19c,1024.0,768.0,21.837,152.14,uncertain,unknown,unknown,auxiliary_ai_annotation,quality_triage_v1,heuristic quality only; no clinical review,pending,,
data\血管数据集\分类数据集\扩充之前\images\435.jpg,68284d802f1f4e3e939311726265ff83e7a7eff6f4a2a3ae507d97020e0bc3b4,1024.0,768.0,23.689,162.846,uncertain,unknown,unknown,auxiliary_ai_annotation,quality_triage_v1,heuristic quality only; no clinical review,pending,,
data\血管数据集\分类数据集\扩充之前\images\436.jpg,f7db434602a63c6b93b207909a4db280b7cc73940f976a9783bc784e9eab3431,652.0,489.0,32.179,117.422,uncertain,unknown,unknown,auxiliary_ai_annotation,quality_triage_v1,heuristic quality only; no clinical review,pending,,
data\血管数据集\分类数据集\扩充之前\images\437.jpg,4a31028e4d1f2f9f074944c82c1fbd5668726460b3e1e18440cc06a1df515175,792.0,285.0,16.128,104.771,poor,unknown,unknown,auxiliary_ai_annotation,quality_triage_v1,heuristic quality only; no clinical review,pending,,
data\血管数据集\分类数据集\扩充之前\images\438.jpg,7c9c1495c6e584b5bec2daa9794068bc553abd01ab3c61a946f9944538866871,1018.0,579.0,24.125,106.738,uncertain,unknown,unknown,auxiliary_ai_annotation,quality_triage_v1,heuristic quality only; no clinical review,pending,,
data\血管数据集\分类数据集\扩充之前\images\439.jpg,24d8ccd3b029f74ec63dcdc3e886fcd5e57e41338b7e2a719f107c881b50de16,757.0,316.0,20.3,97.381,uncertain,unknown,unknown,auxiliary_ai_annotation,quality_triage_v1,heuristic quality only; no clinical review,pending,,
data\血管数据集\分类数据集\扩充之前\images\44.jpg,74dffccfbea1d5ac7f0f7e5d119cda144dc88125aa7292ab5a70b2dd7f2007f4,959.0,705.0,33.93,67.064,uncertain,unknown,unknown,auxiliary_ai_annotation,quality_triage_v1,heuristic quality only; no clinical review,pending,,
data\血管数据集\分类数据集\扩充之前\images\440.jpg,3eedee8adc54592261d2d5d099c7331f6a8109bf17b708345fe0996c708a46f8,740.0,555.0,22.305,88.168,uncertain,unknown,unknown,auxiliary_ai_annotation,quality_triage_v1,heuristic quality only; no clinical review,pending,,
data\血管数据集\分类数据集\扩充之前\images\441.jpg,9f6c2bed4b5aa8cde5f55270e959465b35cfcbee3030d9a243f42bc743f22e5c,1024.0,619.0,15.093,105.063,uncertain,unknown,unknown,auxiliary_ai_annotation,quality_triage_v1,heuristic quality only; no clinical review,pending,,
data\血管数据集\分类数据集\扩充之前\images\442.jpg,6dcac36ab45b161f800b88ebf85b2e539e974430ddf661e5a2ca4e623b1daceb,899.0,675.0,24.789,100.648,uncertain,unknown,unknown,auxiliary_ai_annotation,quality_triage_v1,heuristic quality only; no clinical review,pending,,
data\血管数据集\分类数据集\扩充之前\images\443.jpg,97a254bdf6c32335153a27f8b7c58aecabba2b7edf4eac240a1d07573ade22c8,969.0,727.0,18.245,94.334,uncertain,unknown,unknown,auxiliary_ai_annotation,quality_triage_v1,heuristic quality only; no clinical review,pending,,
data\血管数据集\分类数据集\扩充之前\images\444.jpg,2ad910e781857bdfe328c5d9c971a7311aa7cb3187a30516c680997721f1a3fd,1024.0,519.0,38.816,153.488,uncertain,unknown,unknown,auxiliary_ai_annotation,quality_triage_v1,heuristic quality only; no clinical review,pending,,
data\血管数据集\分类数据集\扩充之前\images\445.jpg,da0362a774b85c14435fe7e69ea916e37f804cfb7eb568bdca94cb63c1f7ff2f,852.0,639.0,35.096,196.378,usable,unknown,unknown,auxiliary_ai_annotation,quality_triage_v1,heuristic quality only; no clinical review,pending,,
data\血管数据集\分类数据集\扩充之前\images\446.jpg,5242f77601ecb58322245c77ad42b18d297ca9a146f96e5a47a729845a0a9a11,963.0,721.0,56.091,216.147,usable,unknown,unknown,auxiliary_ai_annotation,quality_triage_v1,heuristic quality only; no clinical review,pending,,
data\血管数据集\分类数据集\扩充之前\images\447.jpg,099c5a99420ca8099913ea7f1c3764378d1ecbc3aa1a4844ffa775fcf4a769f5,775.0,581.0,41.695,145.787,uncertain,unknown,unknown,auxiliary_ai_annotation,quality_triage_v1,heuristic quality only; no clinical review,pending,,
data\血管数据集\分类数据集\扩充之前\images\448.jpg,7f862a59c52bb7e79a6c4ca94c13c6746c3f490c67827a84235376dbd2381f78,1024.0,768.0,34.215,142.181,uncertain,unknown,unknown,auxiliary_ai_annotation,quality_triage_v1,heuristic quality only; no clinical review,pending,,
data\血管数据集\分类数据集\扩充之前\images\449.jpg,b678efcb999e922a6d895375a4642ff80b77437e771154dacc0780c6819625ee,847.0,635.0,36.28,156.056,uncertain,unknown,unknown,auxiliary_ai_annotation,quality_triage_v1,heuristic quality only; no clinical review,pending,,
data\血管数据集\分类数据集\扩充之前\images\45.jpg,76cb174d16ab64541d1b70a4cef280313012381f566f482b866d22095aa3f1de,984.0,729.0,18.939,41.727,uncertain,unknown,unknown,auxiliary_ai_annotation,quality_triage_v1,heuristic quality only; no clinical review,pending,,
data\血管数据集\分类数据集\扩充之前\images\450.jpg,d35ce6d5bd3556a3ee7cd94ffd8f2455de3ad8bced8ffd197e319d0e6c4590d3,899.0,675.0,44.404,75.812,uncertain,unknown,unknown,auxiliary_ai_annotation,quality_triage_v1,heuristic quality only; no clinical review,pending,,
data\血管数据集\分类数据集\扩充之前\images\451.jpg,7dffd3181cf1734903a58bec3dce3ef3b877e69441b3e56b08e7f7f0357e8b22,1024.0,364.0,42.09,143.302,uncertain,unknown,unknown,auxiliary_ai_annotation,quality_triage_v1,heuristic quality only; no clinical review,pending,,
data\血管数据集\分类数据集\扩充之前\images\452.jpg,e2bd017b07f200e3a913f15bb4de1235c3e29923bd9fddc447555cf43b647b6c,957.0,717.0,22.533,58.138,uncertain,unknown,unknown,auxiliary_ai_annotation,quality_triage_v1,heuristic quality only; no clinical review,pending,,
data\血管数据集\分类数据集\扩充之前\images\453.jpg,8d4ff3cb056b4cafba11122ec68a4b123c95bf74f4ae0f4d4787c0042613716d,860.0,645.0,42.391,117.542,uncertain,unknown,unknown,auxiliary_ai_annotation,quality_triage_v1,heuristic quality only; no clinical review,pending,,
data\血管数据集\分类数据集\扩充之前\images\454.jpg,ddc0fe2c21748ee8142d364847f811bb26901ac581df58a9cd033536b6e1fbc8,830.0,623.0,69.032,179.305,uncertain,unknown,unknown,auxiliary_ai_annotation,quality_triage_v1,heuristic quality only; no clinical review,pending,,
data\血管数据集\分类数据集\扩充之前\images\455.jpg,f30e0be926b19704e030b8c452c77bfff76b59b4cfe9a2c63fe7c970b243c47b,957.0,717.0,29.7,59.393,uncertain,unknown,unknown,auxiliary_ai_annotation,quality_triage_v1,heuristic quality only; no clinical review,pending,,
data\血管数据集\分类数据集\扩充之前\images\456.jpg,07628fbd48f2ad9a9c61a33b90f27aa34202214dee8fd5763a6491178382470a,989.0,446.0,28.486,70.441,uncertain,unknown,unknown,auxiliary_ai_annotation,quality_triage_v1,heuristic quality only; no clinical review,pending,,
data\血管数据集\分类数据集\扩充之前\images\457.jpg,2819d4dd9dbb1b512578e208d99947cdd94b8dd2ee730c2e84a725c284412b7e,897.0,673.0,74.553,196.437,usable,unknown,unknown,auxiliary_ai_annotation,quality_triage_v1,heuristic quality only; no clinical review,pending,,
data\血管数据集\分类数据集\扩充之前\images\458.jpg,b25002b59c9f449b6c80f05c8405ecd13945846a5cfb37e346b8a059a3192ae6,983.0,737.0,43.864,149.23,uncertain,unknown,unknown,auxiliary_ai_annotation,quality_triage_v1,heuristic quality only; no clinical review,pending,,
data\血管数据集\分类数据集\扩充之前\images\459.jpg,08b6842736730dae05e70690ca2b252a0b9f06bb3f7a49af24f78aaa552f19e4,697.0,523.0,68.588,270.341,usable,unknown,unknown,auxiliary_ai_annotation,quality_triage_v1,heuristic quality only; no clinical review,pending,,
data\血管数据集\分类数据集\扩充之前\images\46.jpg,6db44691a361930aad6b72179e37477279b8bf3f4a424364d728ba1462d60872,814.0,611.0,36.536,145.354,uncertain,unknown,unknown,auxiliary_ai_annotation,quality_triage_v1,heuristic quality only; no clinical review,pending,,
data\血管数据集\分类数据集\扩充之前\images\460.jpg,ea2e4194c6dd0d5d68e2552d74fd0bdcbe58af7df6d3f73d805d41f501a588c0,775.0,581.0,68.313,162.95,uncertain,unknown,unknown,auxiliary_ai_annotation,quality_triage_v1,heuristic quality only; no clinical review,pending,,
data\血管数据集\分类数据集\扩充之前\images\461.jpg,106ef025c7766878a6546332e9b49b58d038135f0d119e5c07c9545b66277f73,927.0,695.0,44.267,204.368,usable,unknown,unknown,auxiliary_ai_annotation,quality_triage_v1,heuristic quality only; no clinical review,pending,,
data\血管数据集\分类数据集\扩充之前\images\462.jpg,fc00fb8fad24b23e8f0144b10e5f142f968e9a9c4eea75dd370d18685afcc789,743.0,557.0,71.261,223.097,usable,unknown,unknown,auxiliary_ai_annotation,quality_triage_v1,heuristic quality only; no clinical review,pending,,
data\血管数据集\分类数据集\扩充之前\images\463.jpg,75d60d97c7edbcbd64a6cbfc41e0263b61912d52a27b31619cf1737bc618d3b2,869.0,653.0,45.998,181.267,usable,unknown,unknown,auxiliary_ai_annotation,quality_triage_v1,heuristic quality only; no clinical review,pending,,
data\血管数据集\分类数据集\扩充之前\images\464.jpg,cc2f1b0799702f4872048f75fe43f5cd78f9cbae450d54fd476394034bbfcff4,779.0,583.0,68.028,159.138,uncertain,unknown,unknown,auxiliary_ai_annotation,quality_triage_v1,heuristic quality only; no clinical review,pending,,
data\血管数据集\分类数据集\扩充之前\images\465.jpg,ba505619366656762a4c8f3669a812f1d7007df1ad514a5918c3f66134946989,823.0,617.0,63.984,150.135,uncertain,unknown,unknown,auxiliary_ai_annotation,quality_triage_v1,heuristic quality only; no clinical review,pending,,
data\血管数据集\分类数据集\扩充之前\images\466.jpg,2cd1f99894823f36c8a80c8c93503ffb53de0ed468ae7ba58b544d9f25be3bbb,847.0,635.0,58.935,161.676,uncertain,unknown,unknown,auxiliary_ai_annotation,quality_triage_v1,heuristic quality only; no clinical review,pending,,
data\血管数据集\分类数据集\扩充之前\images\467.jpg,5d34c92026b1ce85dffa8049f5ff1f72de40c4d91deb1307bd56cf2c319f7d83,839.0,629.0,22.307,49.712,uncertain,unknown,unknown,auxiliary_ai_annotation,quality_triage_v1,heuristic quality only; no clinical review,pending,,
data\血管数据集\分类数据集\扩充之前\images\468.jpg,e8c6e6783736a32eade978c81ca44582100256cb15cb9ddecbd8ec78bb53dd88,889.0,667.0,37.279,71.873,uncertain,unknown,unknown,auxiliary_ai_annotation,quality_triage_v1,heuristic quality only; no clinical review,pending,,
data\血管数据集\分类数据集\扩充之前\images\469.jpg,f7488ed98b2a3c5c46e0eb89ba8cabe5913425bf2f62fca5e519624af5029326,963.0,721.0,40.823,99.256,uncertain,unknown,unknown,auxiliary_ai_annotation,quality_triage_v1,heuristic quality only; no clinical review,pending,,
data\血管数据集\分类数据集\扩充之前\images\47.jpg,2b16d75304c323ca026c2f867fb10aec59ec641420d132db75849642196dbe39,1024.0,768.0,25.926,208.981,usable,unknown,unknown,auxiliary_ai_annotation,quality_triage_v1,heuristic quality only; no clinical review,pending,,
data\血管数据集\分类数据集\扩充之前\images\470.jpg,40a0037b03b9679f423c0e68c3d82817b5017a3268b102ddc97a03e310b36e8b,957.0,717.0,41.083,99.523,uncertain,unknown,unknown,auxiliary_ai_annotation,quality_triage_v1,heuristic quality only; no clinical review,pending,,
data\血管数据集\分类数据集\扩充之前\images\471.jpg,9f273ac22a7095b93fe64cf3d9b3044dec55b9a53fe2ae1c745d93ce96598af9,969.0,727.0,50.682,92.984,uncertain,unknown,unknown,auxiliary_ai_annotation,quality_triage_v1,heuristic quality only; no clinical review,pending,,
data\血管数据集\分类数据集\扩充之前\images\472.jpg,fcf9e6387dc34cf58d8b21c20c54c670804db4fb92b6c10454aa4cb5c3609cd4,995.0,747.0,69.782,154.865,uncertain,unknown,unknown,auxiliary_ai_annotation,quality_triage_v1,heuristic quality only; no clinical review,pending,,
data\血管数据集\分类数据集\扩充之前\images\473.jpg,0c975717c05c4bafbff954d5fb2ad7c8979d0fa983a20cba55aa8f41f328dece,875.0,655.0,15.126,89.632,uncertain,unknown,unknown,auxiliary_ai_annotation,quality_triage_v1,heuristic quality only; no clinical review,pending,,
data\血管数据集\分类数据集\扩充之前\images\474.jpg,07c40477e26b5c3206fa54f48181721efbbbf5867dafc202905139522aa03261,957.0,717.0,27.111,106.544,uncertain,unknown,unknown,auxiliary_ai_annotation,quality_triage_v1,heuristic quality only; no clinical review,pending,,
data\血管数据集\分类数据集\扩充之前\images\475.jpg,457de9fcbf12db1a6688732401ca75330f41b3cabb11dc7282ccffb45cc52760,910.0,683.0,57.037,254.478,usable,unknown,unknown,auxiliary_ai_annotation,quality_triage_v1,heuristic quality only; no clinical review,pending,,
data\血管数据集\分类数据集\扩充之前\images\476.jpg,b92d4b0aa7c553eb08d191bf2a1cfca0a27ec6ca759f87ef33ad1d54dd66e1c6,927.0,695.0,38.708,93.846,uncertain,unknown,unknown,auxiliary_ai_annotation,quality_triage_v1,heuristic quality only; no clinical review,pending,,
data\血管数据集\分类数据集\扩充之前\images\477.jpg,9d8e9e01e3675d115775276c6665ecfb8da0583c2b42305ef2b8563e0b8c539c,3072.0,2048.0,35.871,28.656,uncertain,unknown,unknown,auxiliary_ai_annotation,quality_triage_v1,heuristic quality only; no clinical review,pending,,
data\血管数据集\分类数据集\扩充之前\images\478.jpg,7e17c74d081f681e96e4ab1a97d13529a9ab4cb57f2c05fd27ecbc0e7f470413,1024.0,768.0,55.86,281.683,usable,unknown,unknown,auxiliary_ai_annotation,quality_triage_v1,heuristic quality only; no clinical review,pending,,
data\血管数据集\分类数据集\扩充之前\images\479.jpg,d15927f2ce93484a70bdc176d4050f80cab2acd77e77ffbbc00f5c413cea67da,1024.0,768.0,56.743,279.99,usable,unknown,unknown,auxiliary_ai_annotation,quality_triage_v1,heuristic quality only; no clinical review,pending,,
data\血管数据集\分类数据集\扩充之前\images\48.jpg,ecd7abedd6badc6d57800600295f1629e3c267c11f2e0d29f6d37e1fddbaab12,1024.0,768.0,44.956,187.603,usable,unknown,unknown,auxiliary_ai_annotation,quality_triage_v1,heuristic quality only; no clinical review,pending,,
data\血管数据集\分类数据集\扩充之前\images\480.jpg,7b5fcb4a24625fd7f8cf8d790b49310092b4eab1179d3588fcd21a1b6045b8de,1024.0,768.0,37.137,270.54,usable,unknown,unknown,auxiliary_ai_annotation,quality_triage_v1,heuristic quality only; no clinical review,pending,,
data\血管数据集\分类数据集\扩充之前\images\481.jpg,d955b364c2919d12e1ec96f1e3b48ea8aeffafaf72928c72857451472a90225e,1024.0,768.0,29.381,236.833,usable,unknown,unknown,auxiliary_ai_annotation,quality_triage_v1,heuristic quality only; no clinical review,pending,,
data\血管数据集\分类数据集\扩充之前\images\482.jpg,7dc06e33cabb2215b460bd3e7a9c6c1847827017e6fe70cbd001c3374e5548ef,865.0,649.0,14.698,65.386,uncertain,unknown,unknown,auxiliary_ai_annotation,quality_triage_v1,heuristic quality only; no clinical review,pending,,
data\血管数据集\分类数据集\扩充之前\images\483.jpg,679e5f99eebae89f2c64c0000692814415c8ea47bad0b6f91b7aa547f79d94ca,1024.0,768.0,29.302,226.522,usable,unknown,unknown,auxiliary_ai_annotation,quality_triage_v1,heuristic quality only; no clinical review,pending,,
data\血管数据集\分类数据集\扩充之前\images\484.jpg,510a287e497faa48c9b90d1bc733eca565cb70a3ad7b91d54ec50862aeda36f8,1024.0,768.0,34.122,251.723,usable,unknown,unknown,auxiliary_ai_annotation,quality_triage_v1,heuristic quality only; no clinical review,pending,,
data\血管数据集\分类数据集\扩充之前\images\485.jpg,2bda260d12b7ef2bc28f8d93859134c87c5a363deb402b6559cbda3e88b62991,1024.0,768.0,40.1,262.052,usable,unknown,unknown,auxiliary_ai_annotation,quality_triage_v1,heuristic quality only; no clinical review,pending,,
data\血管数据集\分类数据集\扩充之前\images\486.jpg,3512b597d751e50eac480e2d28e7316ab94e73ea95416603c0ad7d2caa018f6d,1024.0,768.0,26.643,259.646,usable,unknown,unknown,auxiliary_ai_annotation,quality_triage_v1,heuristic quality only; no clinical review,pending,,
data\血管数据集\分类数据集\扩充之前\images\487.jpg,db101ee9d07a70990166fd724f45f0e66d01130fa298eecb242ef4e322e2333c,905.0,679.0,64.106,161.006,uncertain,unknown,unknown,auxiliary_ai_annotation,quality_triage_v1,heuristic quality only; no clinical review,pending,,
data\血管数据集\分类数据集\扩充之前\images\488.jpg,03f671e4c31e8c132f6cd641d592afedce1154830f81a626da5bc4ed8870b619,789.0,591.0,53.046,157.801,uncertain,unknown,unknown,auxiliary_ai_annotation,quality_triage_v1,heuristic quality only; no clinical review,pending,,
data\血管数据集\分类数据集\扩充之前\images\489.jpg,357f1e36981497af93b2a3e8b209b399739391ae5493973033ef6680eb568eec,963.0,721.0,39.648,106.034,uncertain,unknown,unknown,auxiliary_ai_annotation,quality_triage_v1,heuristic quality only; no clinical review,pending,,
data\血管数据集\分类数据集\扩充之前\images\49.jpg,fabeaa808f5def103ff99856039fa85aeec8dd8de1c474b0658ca7f4eb98a27e,1024.0,768.0,25.949,183.618,usable,unknown,unknown,auxiliary_ai_annotation,quality_triage_v1,heuristic quality only; no clinical review,pending,,
data\血管数据集\分类数据集\扩充之前\images\490.jpg,c1e4d7404478023f6987acaa9a23c60e0c63c6ec6ddc55924aa2b077f408b33a,951.0,713.0,13.982,41.652,uncertain,unknown,unknown,auxiliary_ai_annotation,quality_triage_v1,heuristic quality only; no clinical review,pending,,
data\血管数据集\分类数据集\扩充之前\images\491.jpg,c8f24b6ebaffa624f468eb970a8824b4ad3c3aab8c7a484e6564dc6c4a76960d,963.0,721.0,22.54,80.371,uncertain,unknown,unknown,auxiliary_ai_annotation,quality_triage_v1,heuristic quality only; no clinical review,pending,,
data\血管数据集\分类数据集\扩充之前\images\492.jpg,0555f764999f45392ab1c3ce5a63d77fbb0ac496b0782e561d56b826a745ad29,834.0,626.0,38.11,74.208,uncertain,unknown,unknown,auxiliary_ai_annotation,quality_triage_v1,heuristic quality only; no clinical review,pending,,
data\血管数据集\分类数据集\扩充之前\images\493.jpg,12fad0dbfd6b46ae2e671fbee1f98a91b97be8e5f9b0836707dfea6e8efe29a4,880.0,659.0,32.045,137.54,uncertain,unknown,unknown,auxiliary_ai_annotation,quality_triage_v1,heuristic quality only; no clinical review,pending,,
data\血管数据集\分类数据集\扩充之前\images\494.jpg,2ab561ab8b61fc950b3e33151679c5f3a1eee483bef0a636fc4f6bc8be8fff2a,899.0,675.0,48.242,31.975,uncertain,unknown,unknown,auxiliary_ai_annotation,quality_triage_v1,heuristic quality only; no clinical review,pending,,
data\血管数据集\分类数据集\扩充之前\images\495.jpg,f1e3dda90f382d881efa111771875f3e8a964f168f705e85b989b541a021ffba,782.0,586.0,56.737,125.988,uncertain,unknown,unknown,auxiliary_ai_annotation,quality_triage_v1,heuristic quality only; no clinical review,pending,,
data\血管数据集\分类数据集\扩充之前\images\496.jpg,e03fd561915906ec8910dac069c96426dd862537d35b1896210ab28676015c83,1024.0,768.0,36.529,151.095,uncertain,unknown,unknown,auxiliary_ai_annotation,quality_triage_v1,heuristic quality only; no clinical review,pending,,
data\血管数据集\分类数据集\扩充之前\images\497.jpg,1ea2e66df31f2d89d2b409f73be5f2031a0dac210d0d5661aa049298667d027a,1001.0,751.0,39.831,95.356,uncertain,unknown,unknown,auxiliary_ai_annotation,quality_triage_v1,heuristic quality only; no clinical review,pending,,
data\血管数据集\分类数据集\扩充之前\images\498.jpg,ff4d476100dd73511fd325d046e13fe56c8981015cb6ecdbce1fc95b1a9229ef,1024.0,768.0,32.499,195.844,usable,unknown,unknown,auxiliary_ai_annotation,quality_triage_v1,heuristic quality only; no clinical review,pending,,
data\血管数据集\分类数据集\扩充之前\images\499.jpg,85a11c09d4ff919a149c576ccfe4dd20206b3a1b906d1fe248cc13574d299c29,1001.0,751.0,42.323,121.83,uncertain,unknown,unknown,auxiliary_ai_annotation,quality_triage_v1,heuristic quality only; no clinical review,pending,,
data\血管数据集\分类数据集\扩充之前\images\5.jpg,01084f56c0632ce89818b89c78895c7483196fb04a20ba4623565504e4b70740,1001.0,751.0,38.983,131.148,uncertain,unknown,unknown,auxiliary_ai_annotation,quality_triage_v1,heuristic quality only; no clinical review,pending,,
data\血管数据集\分类数据集\扩充之前\images\50.jpg,190aba0356e706d9545c4596e4adfcb1027c88e27d51909894cf8c28691d8d5f,895.0,671.0,27.709,58.232,uncertain,unknown,unknown,auxiliary_ai_annotation,quality_triage_v1,heuristic quality only; no clinical review,pending,,
data\血管数据集\分类数据集\扩充之前\images\500.jpg,aa26e54a4ec05196ed43c37acd7486fca5a43ecd3b7927dc80c3a833737e626a,865.0,649.0,44.636,188.751,usable,unknown,unknown,auxiliary_ai_annotation,quality_triage_v1,heuristic quality only; no clinical review,pending,,
data\血管数据集\分类数据集\扩充之前\images\501.jpg,b0d127799c1dd10946f0b4e5d812910658ddb230a5d680e6af3dfa28d726065c,838.0,629.0,29.164,71.411,uncertain,unknown,unknown,auxiliary_ai_annotation,quality_triage_v1,heuristic quality only; no clinical review,pending,,
data\血管数据集\分类数据集\扩充之前\images\502.jpg,44a17853278d8a25a07b047e2c9c813eaf89bc93debffa79a762d1f89575acf3,1024.0,768.0,53.871,236.968,usable,unknown,unknown,auxiliary_ai_annotation,quality_triage_v1,heuristic quality only; no clinical review,pending,,
data\血管数据集\分类数据集\扩充之前\images\503.jpg,5eb7dbd7bd2dd6e228d1661784347254f1375ad004889b7baaf2ddb6c9e6dbb3,1024.0,768.0,42.994,143.77,uncertain,unknown,unknown,auxiliary_ai_annotation,quality_triage_v1,heuristic quality only; no clinical review,pending,,
data\血管数据集\分类数据集\扩充之前\images\504.jpg,4e79d15a9f9e450a4a98369bfa46d53504740e434e2eccfc7ccb75b065a45cb7,905.0,679.0,71.326,201.186,usable,unknown,unknown,auxiliary_ai_annotation,quality_triage_v1,heuristic quality only; no clinical review,pending,,
data\血管数据集\分类数据集\扩充之前\images\505.jpg,525e93c21f53de35ba20091643e218c7507d75238fb226f6a02c0f925e64274f,1024.0,768.0,46.568,205.299,usable,unknown,unknown,auxiliary_ai_annotation,quality_triage_v1,heuristic quality only; no clinical review,pending,,
data\血管数据集\分类数据集\扩充之前\images\506.jpg,316d1687126efa460447c65e5bf859afec4dfe193f82926c25c32fe16f4aa948,855.0,641.0,19.661,42.518,uncertain,unknown,unknown,auxiliary_ai_annotation,quality_triage_v1,heuristic quality only; no clinical review,pending,,
data\血管数据集\分类数据集\扩充之前\images\507.jpg,b3eb2dc543312cefa30576f1889b79d1a39debfb8210608ed137f18817b4c7f7,1024.0,768.0,18.398,94.846,uncertain,unknown,unknown,auxiliary_ai_annotation,quality_triage_v1,heuristic quality only; no clinical review,pending,,
data\血管数据集\分类数据集\扩充之前\images\508.jpg,ee320ef7eebe225a40146338a2d969adebe00be0f184b107d6a30dc45cc432fe,905.0,679.0,23.927,88.057,uncertain,unknown,unknown,auxiliary_ai_annotation,quality_triage_v1,heuristic quality only; no clinical review,pending,,
data\血管数据集\分类数据集\扩充之前\images\509.jpg,607d62d90d1d3e79ec96ff8b8b09973e7276552cea3f888fa89c831b69399839,1024.0,768.0,40.738,184.617,usable,unknown,unknown,auxiliary_ai_annotation,quality_triage_v1,heuristic quality only; no clinical review,pending,,
data\血管数据集\分类数据集\扩充之前\images\51.jpg,d124a53ab3ace349308e18cde49bcc4095a987a53c6a2966970394eae716f692,933.0,699.0,36.915,128.745,uncertain,unknown,unknown,auxiliary_ai_annotation,quality_triage_v1,heuristic quality only; no clinical review,pending,,
data\血管数据集\分类数据集\扩充之前\images\510.jpg,68ed2954ea1db41d980ce08b219ed86cfc3aab1c85e7f4a6692618bd7c004ce4,818.0,613.0,35.012,61.894,uncertain,unknown,unknown,auxiliary_ai_annotation,quality_triage_v1,heuristic quality only; no clinical review,pending,,
data\血管数据集\分类数据集\扩充之前\images\511.jpg,11754b81d21c15379c9ce197d159145959ae5620fb9fcdbeaf44a26c4745fbd0,1024.0,768.0,35.266,155.608,uncertain,unknown,unknown,auxiliary_ai_annotation,quality_triage_v1,heuristic quality only; no clinical review,pending,,
data\血管数据集\分类数据集\扩充之前\images\512.jpg,e11c206e92d8732bb58e4a21b40bd4a9373a2a62de2d3ff1417051c40868a865,670.0,503.0,43.286,249.366,usable,unknown,unknown,auxiliary_ai_annotation,quality_triage_v1,heuristic quality only; no clinical review,pending,,
data\血管数据集\分类数据集\扩充之前\images\513.jpg,dc1b11c8fce663e3c9c137069884b25a7670ad58d70510d609047678da0fac37,1024.0,768.0,18.712,200.024,usable,unknown,unknown,auxiliary_ai_annotation,quality_triage_v1,heuristic quality only; no clinical review,pending,,
data\血管数据集\分类数据集\扩充之前\images\514.jpg,0f3ba3cbf4eb1a5d40ec888c874772380c9b9d7341135ceec3071ea909e65ce0,874.0,656.0,48.703,74.062,uncertain,unknown,unknown,auxiliary_ai_annotation,quality_triage_v1,heuristic quality only; no clinical review,pending,,
data\血管数据集\分类数据集\扩充之前\images\515.jpg,082de9176843aac3842436bfdf57b3e1cc4f6e363f51e2c1e20d46b5c5777e99,1024.0,768.0,80.36,276.405,usable,unknown,unknown,auxiliary_ai_annotation,quality_triage_v1,heuristic quality only; no clinical review,pending,,
data\血管数据集\分类数据集\扩充之前\images\516.jpg,e3b8c53b7e5f7981f8dfc19acb57f54f5c9ac3569c982cfa90f8eadeef5a7df8,981.0,737.0,34.846,77.095,uncertain,unknown,unknown,auxiliary_ai_annotation,quality_triage_v1,heuristic quality only; no clinical review,pending,,
data\血管数据集\分类数据集\扩充之前\images\517.jpg,662dd9f1793dec2019d551916ed2c4abb269055162cf8e69859d4fcfda79e5a7,1024.0,768.0,56.625,216.401,usable,unknown,unknown,auxiliary_ai_annotation,quality_triage_v1,heuristic quality only; no clinical review,pending,,
data\血管数据集\分类数据集\扩充之前\images\518.jpg,c052f14e7ca31ee922dc8e5b4fe77a2ffdd806c21ea11a3816b53f362e8f912a,1024.0,768.0,25.083,116.108,uncertain,unknown,unknown,auxiliary_ai_annotation,quality_triage_v1,heuristic quality only; no clinical review,pending,,
data\血管数据集\分类数据集\扩充之前\images\519.jpg,63a1d9630ea7be6d4e5a2c37e96c04dc8411ba2434d6a7e14d7a3f116ddc461d,1024.0,768.0,33.371,159.91,uncertain,unknown,unknown,auxiliary_ai_annotation,quality_triage_v1,heuristic quality only; no clinical review,pending,,
data\血管数据集\分类数据集\扩充之前\images\52.jpg,bd35ac58fe1d23523986e094fb65ac7049cfc3fc97e5f7e53e3302d9ec7b44d9,782.0,586.0,18.956,48.51,uncertain,unknown,unknown,auxiliary_ai_annotation,quality_triage_v1,heuristic quality only; no clinical review,pending,,
data\血管数据集\分类数据集\扩充之前\images\520.jpg,ce46a3408187ec5b05006b3c867bc47b4afba13bf7023f1c61a847976116ac94,783.0,587.0,29.974,142.536,uncertain,unknown,unknown,auxiliary_ai_annotation,quality_triage_v1,heuristic quality only; no clinical review,pending,,
data\血管数据集\分类数据集\扩充之前\images\521.jpg,a7d20dafbfe56890dd55d834229ad594dc225c25cb931e23aa495c86bf5899b9,869.0,651.0,34.8,73.11,uncertain,unknown,unknown,auxiliary_ai_annotation,quality_triage_v1,heuristic quality only; no clinical review,pending,,
data\血管数据集\分类数据集\扩充之前\images\522.jpg,ab2453cb05cc4d25b622993ca8fd7b6ff79ae21473bddb1e9ef885e46150f412,1024.0,768.0,23.31,191.308,usable,unknown,unknown,auxiliary_ai_annotation,quality_triage_v1,heuristic quality only; no clinical review,pending,,
data\血管数据集\分类数据集\扩充之前\images\523.jpg,73f652fcd82dd85f65d6b06a58b1ec2bcbd5b299ba14d89f490efb410d401e45,1024.0,768.0,46.293,237.361,usable,unknown,unknown,auxiliary_ai_annotation,quality_triage_v1,heuristic quality only; no clinical review,pending,,
data\血管数据集\分类数据集\扩充之前\images\524.jpg,16a741dc10c89820ad907ba0732fbb1d4e32bc7e6967052ea19970e089d863bf,857.0,643.0,28.852,84.603,uncertain,unknown,unknown,auxiliary_ai_annotation,quality_triage_v1,heuristic quality only; no clinical review,pending,,
data\血管数据集\分类数据集\扩充之前\images\525.jpg,b04ed5d4710264163bd5f1695b8152dc77624bdb293357efed619a125785bb43,835.0,627.0,67.198,239.398,usable,unknown,unknown,auxiliary_ai_annotation,quality_triage_v1,heuristic quality only; no clinical review,pending,,
data\血管数据集\分类数据集\扩充之前\images\526.jpg,d922b257c5a0e46bf7acfaf6485b09a4b6708a7ec93768783dd8bb24e2c0ad04,957.0,717.0,38.027,84.949,uncertain,unknown,unknown,auxiliary_ai_annotation,quality_triage_v1,heuristic quality only; no clinical review,pending,,
data\血管数据集\分类数据集\扩充之前\images\527.jpg,6fa3ed8a6b96b4ce67aee0d700d34168e296566da14687bd34ec5d5079132227,1024.0,768.0,43.045,360.37,usable,unknown,unknown,auxiliary_ai_annotation,quality_triage_v1,heuristic quality only; no clinical review,pending,,
data\血管数据集\分类数据集\扩充之前\images\528.jpg,40e7da47cddb400e7d7f02b3f2debf565c5ab13819441ebeda6e11af58d569b3,933.0,699.0,48.597,108.55,uncertain,unknown,unknown,auxiliary_ai_annotation,quality_triage_v1,heuristic quality only; no clinical review,pending,,
data\血管数据集\分类数据集\扩充之前\images\529.jpg,46c1f9a0212e54db78836d002381630e093095147c137b6887a4e2a55b442c28,857.0,643.0,26.999,161.655,uncertain,unknown,unknown,auxiliary_ai_annotation,quality_triage_v1,heuristic quality only; no clinical review,pending,,
data\血管数据集\分类数据集\扩充之前\images\53.jpg,8d80b10bdd1e13ba7f0d88df2c0b90fb918e5d879074eadecc1076064194d433,865.0,648.0,18.494,70.281,uncertain,unknown,unknown,auxiliary_ai_annotation,quality_triage_v1,heuristic quality only; no clinical review,pending,,
data\血管数据集\分类数据集\扩充之前\images\530.jpg,03649afc0b35069686153a7f3bfb3ff5afca471380775bc152167d2695e8d34e,1024.0,768.0,26.143,92.586,uncertain,unknown,unknown,auxiliary_ai_annotation,quality_triage_v1,heuristic quality only; no clinical review,pending,,
data\血管数据集\分类数据集\扩充之前\images\531.jpg,ae2e0c6573b253702cbc256d24a68afa849acfe30ed1849a211ed06802c15b1f,797.0,598.0,23.8,151.393,uncertain,unknown,unknown,auxiliary_ai_annotation,quality_triage_v1,heuristic quality only; no clinical review,pending,,
data\血管数据集\分类数据集\扩充之前\images\532.jpg,9338644f951ae73621fe32e2dd231d6776499b283c8dfee8be332ec7bb47f36c,801.0,601.0,44.279,87.395,uncertain,unknown,unknown,auxiliary_ai_annotation,quality_triage_v1,heuristic quality only; no clinical review,pending,,
data\血管数据集\分类数据集\扩充之前\images\533.jpg,1e425c27e61619e1575a7e9834c80126c5d78c341bab191d2f48d0dbfb82fa78,763.0,573.0,27.79,144.988,uncertain,unknown,unknown,auxiliary_ai_annotation,quality_triage_v1,heuristic quality only; no clinical review,pending,,
data\血管数据集\分类数据集\扩充之前\images\534.jpg,e876297425a25dd939bd9d821f404b5d20c52afd0ad3c61fa529cd54c77ab114,881.0,660.0,14.548,58.334,uncertain,unknown,unknown,auxiliary_ai_annotation,quality_triage_v1,heuristic quality only; no clinical review,pending,,
data\血管数据集\分类数据集\扩充之前\images\535.jpg,f515f80415a445a910a6f1667ffecd91b23c2f00ff9e2809790dd84a5a87f99e,1024.0,768.0,48.883,244.867,usable,unknown,unknown,auxiliary_ai_annotation,quality_triage_v1,heuristic quality only; no clinical review,pending,,
data\血管数据集\分类数据集\扩充之前\images\536.jpg,1aa45d2aa12a0c0a5da8a8c2a90d255e05d08a68798759e4bac59c8961b6c429,783.0,587.0,29.376,62.917,uncertain,unknown,unknown,auxiliary_ai_annotation,quality_triage_v1,heuristic quality only; no clinical review,pending,,
data\血管数据集\分类数据集\扩充之前\images\537.jpg,b5da00e4961b88ecb9be33bd72669148f762d8b336a7e985dc224cff997eaa95,779.0,584.0,81.881,91.463,uncertain,unknown,unknown,auxiliary_ai_annotation,quality_triage_v1,heuristic quality only; no clinical review,pending,,
data\血管数据集\分类数据集\扩充之前\images\538.jpg,d82e964bc799a5f8ceb974237aff8c8131d5ddd1e2ed265d465f96d84c9f7c3b,857.0,643.0,14.251,49.715,uncertain,unknown,unknown,auxiliary_ai_annotation,quality_triage_v1,heuristic quality only; no clinical review,pending,,
data\血管数据集\分类数据集\扩充之前\images\539.jpg,685e504c7702b90d2f7b99007128197f47f53712ad2a5515b3590e9230e078be,853.0,640.0,38.785,74.372,uncertain,unknown,unknown,auxiliary_ai_annotation,quality_triage_v1,heuristic quality only; no clinical review,pending,,
data\血管数据集\分类数据集\扩充之前\images\54.jpg,b7d20fbeb68efda84965e522f0da4504a6c3001e9643f2eb6245eea38e0f27ae,1024.0,768.0,31.784,218.208,usable,unknown,unknown,auxiliary_ai_annotation,quality_triage_v1,heuristic quality only; no clinical review,pending,,
data\血管数据集\分类数据集\扩充之前\images\540.jpg,007ed10aa780f3913e3f7f60d4913c9b44406dafba855d3002e99738e37f94a2,919.0,690.0,21.264,78.362,uncertain,unknown,unknown,auxiliary_ai_annotation,quality_triage_v1,heuristic quality only; no clinical review,pending,,
data\血管数据集\分类数据集\扩充之前\images\541.jpg,e86ffc3a4fde3f0a17ec2669a8ade547ccff2644e08bc1cbb386dbaef40a1801,685.0,514.0,19.634,34.62,uncertain,unknown,unknown,auxiliary_ai_annotation,quality_triage_v1,heuristic quality only; no clinical review,pending,,
data\血管数据集\分类数据集\扩充之前\images\542.jpg,b059b6b8e30050cdd08194e3f6312f225681e28ec08b3b43981fa8f9a5857116,921.0,691.0,22.527,83.519,uncertain,unknown,unknown,auxiliary_ai_annotation,quality_triage_v1,heuristic quality only; no clinical review,pending,,
data\血管数据集\分类数据集\扩充之前\images\543.jpg,4076cdab051daf6f0f0b3d4b320cd5a0a738045300a20d1c2871d1e7aebf3320,1024.0,768.0,39.615,166.866,uncertain,unknown,unknown,auxiliary_ai_annotation,quality_triage_v1,heuristic quality only; no clinical review,pending,,
data\血管数据集\分类数据集\扩充之前\images\544.jpg,5bd3226fdf3a74307fd6d1720efb17d34eb1e8b7b6ec3a55a9e913f627d347c1,799.0,599.0,73.496,199.005,usable,unknown,unknown,auxiliary_ai_annotation,quality_triage_v1,heuristic quality only; no clinical review,pending,,
data\血管数据集\分类数据集\扩充之前\images\545.jpg,fd70dcb87d5d1fc818e83f8c7ea9f5720051bf998d2f82575578179ab6d90497,915.0,687.0,41.627,97.759,uncertain,unknown,unknown,auxiliary_ai_annotation,quality_triage_v1,heuristic quality only; no clinical review,pending,,
data\血管数据集\分类数据集\扩充之前\images\546.jpg,e83b2023e2eb8fbf0486e82b0991b9d73c6c577d6a4533028e60d50731c805ad,995.0,747.0,65.212,105.217,uncertain,unknown,unknown,auxiliary_ai_annotation,quality_triage_v1,heuristic quality only; no clinical review,pending,,
data\血管数据集\分类数据集\扩充之前\images\547.jpg,e0df117fb702eee10be034639b624b4db76142f5f09b9d5a726bd4d8b4c07077,1001.0,751.0,26.212,52.241,uncertain,unknown,unknown,auxiliary_ai_annotation,quality_triage_v1,heuristic quality only; no clinical review,pending,,
data\血管数据集\分类数据集\扩充之前\images\548.jpg,31f201b70664c00097ea7a110288879d77c6b59129451027d68067e2a51053b9,1024.0,768.0,34.184,166.233,uncertain,unknown,unknown,auxiliary_ai_annotation,quality_triage_v1,heuristic quality only; no clinical review,pending,,
data\血管数据集\分类数据集\扩充之前\images\549.jpg,42597c7914789c88cdb499a47d4ef79ee05ec65ed16f6d73ec09d6cf66212ae2,834.0,625.0,41.948,146.567,uncertain,unknown,unknown,auxiliary_ai_annotation,quality_triage_v1,heuristic quality only; no clinical review,pending,,
data\血管数据集\分类数据集\扩充之前\images\55.jpg,044bf7d96f6b4d46a2855d123e6de834c19155f76b7e9ee0b51c4e51767fae7b,899.0,675.0,44.632,134.098,uncertain,unknown,unknown,auxiliary_ai_annotation,quality_triage_v1,heuristic quality only; no clinical review,pending,,
data\血管数据集\分类数据集\扩充之前\images\550.jpg,9a04a7bd4e7b19cb6f9806165d854bd1521586f72ffbe4c3df8a047dd5cf94ab,822.0,617.0,15.894,42.222,uncertain,unknown,unknown,auxiliary_ai_annotation,quality_triage_v1,heuristic quality only; no clinical review,pending,,
data\血管数据集\分类数据集\扩充之前\images\551.jpg,20dfa14893f847efeea9e936dc6616cde4f5411bbf37acf7c32ff4a179588a96,1024.0,768.0,20.13,107.875,uncertain,unknown,unknown,auxiliary_ai_annotation,quality_triage_v1,heuristic quality only; no clinical review,pending,,
data\血管数据集\分类数据集\扩充之前\images\552.jpg,0607a22c9e1c000fa36730ca55be9c0bb336f529ec4d154a78fe07d5914a4183,939.0,703.0,20.65,44.811,uncertain,unknown,unknown,auxiliary_ai_annotation,quality_triage_v1,heuristic quality only; no clinical review,pending,,
data\血管数据集\分类数据集\扩充之前\images\553.jpg,77e9edf152c421cc56ff2c9e7bb81e3452f0ff4e1e005b22aae97d34874631c6,889.0,667.0,25.832,143.624,uncertain,unknown,unknown,auxiliary_ai_annotation,quality_triage_v1,heuristic quality only; no clinical review,pending,,
data\血管数据集\分类数据集\扩充之前\images\554.jpg,494fb28b008817eb373743bb02a01e727cd4495bafeda8c0e8a937a64e1538ba,975.0,731.0,63.357,137.984,uncertain,unknown,unknown,auxiliary_ai_annotation,quality_triage_v1,heuristic quality only; no clinical review,pending,,
data\血管数据集\分类数据集\扩充之前\images\555.jpg,a79306c87c1d38317bd1f6695224f5ba664355184b9c8a4dc229c463b1916c2c,838.0,629.0,50.852,77.785,uncertain,unknown,unknown,auxiliary_ai_annotation,quality_triage_v1,heuristic quality only; no clinical review,pending,,
data\血管数据集\分类数据集\扩充之前\images\556.jpg,95ee35f1ad1194e70c083c27f83c62af0dd05e3f2c8eaf3502bcea00fd9608ca,1024.0,768.0,60.901,328.809,usable,unknown,unknown,auxiliary_ai_annotation,quality_triage_v1,heuristic quality only; no clinical review,pending,,
data\血管数据集\分类数据集\扩充之前\images\557.jpg,a86b259b361ba7ba55479983062eabd9d902c83ad02ddf7ef482a8d2f51611de,1024.0,768.0,21.448,141.968,uncertain,unknown,unknown,auxiliary_ai_annotation,quality_triage_v1,heuristic quality only; no clinical review,pending,,
data\血管数据集\分类数据集\扩充之前\images\558.jpg,3d0fe0599f7da21a531ba53c2e9c31e1c58c007a515348b3e8a249925735d92b,910.0,683.0,22.914,47.248,uncertain,unknown,unknown,auxiliary_ai_annotation,quality_triage_v1,heuristic quality only; no clinical review,pending,,
data\血管数据集\分类数据集\扩充之前\images\559.jpg,f836b6d72b979f8e3aa6ba439baa6ad122aa7bfbc535fdeedaeb94ba8f5c6348,985.0,739.0,25.929,91.974,uncertain,unknown,unknown,auxiliary_ai_annotation,quality_triage_v1,heuristic quality only; no clinical review,pending,,
data\血管数据集\分类数据集\扩充之前\images\56.jpg,d0f0d2e2524762dbba53511466c1a99d50a79fdbea716e23bad3c2af4f363697,951.0,713.0,56.751,187.507,usable,unknown,unknown,auxiliary_ai_annotation,quality_triage_v1,heuristic quality only; no clinical review,pending,,
data\血管数据集\分类数据集\扩充之前\images\560.jpg,b42ed811bafd34bd791a9391c03b24a8e457b6eaf9adbd7864f3c6325b8b840d,969.0,727.0,50.458,89.325,uncertain,unknown,unknown,auxiliary_ai_annotation,quality_triage_v1,heuristic quality only; no clinical review,pending,,
data\血管数据集\分类数据集\扩充之前\images\561.jpg,614d39ce2d29d81189f1c8fe5d8f2d2b22851372cc567ae78e7a6a30ff1fa282,1024.0,768.0,81.257,285.473,usable,unknown,unknown,auxiliary_ai_annotation,quality_triage_v1,heuristic quality only; no clinical review,pending,,
data\血管数据集\分类数据集\扩充之前\images\562.jpg,63611815955477aa58149ce234be2e8352b572de93d2dd3e950f1e99c89b38f9,995.0,747.0,33.642,134.108,uncertain,unknown,unknown,auxiliary_ai_annotation,quality_triage_v1,heuristic quality only; no clinical review,pending,,
data\血管数据集\分类数据集\扩充之前\images\563.jpg,94eaba14c761132d6a4599fe5a8bc7b0cf37403f2523c4e1c64ce0d57478bde7,950.0,502.0,35.633,158.263,uncertain,unknown,unknown,auxiliary_ai_annotation,quality_triage_v1,heuristic quality only; no clinical review,pending,,
data\血管数据集\分类数据集\扩充之前\images\564.jpg,23b924d011b8cf8f79be817a5b6858a7fdaa6b84c8115cf40fdc93b887591c32,1024.0,768.0,28.747,185.158,usable,unknown,unknown,auxiliary_ai_annotation,quality_triage_v1,heuristic quality only; no clinical review,pending,,
data\血管数据集\分类数据集\扩充之前\images\565.jpg,64c5cceb77aebd88ba54609817200a546d452725aec0c3b076580a3beaf99f41,710.0,528.0,35.618,157.184,uncertain,unknown,unknown,auxiliary_ai_annotation,quality_triage_v1,heuristic quality only; no clinical review,pending,,
data\血管数据集\分类数据集\扩充之前\images\566.jpg,8074ad58185752ed197fd6dc409d244c7c08e9f46fcf61a766af995c2744ee53,845.0,411.0,23.839,105.631,uncertain,unknown,unknown,auxiliary_ai_annotation,quality_triage_v1,heuristic quality only; no clinical review,pending,,
data\血管数据集\分类数据集\扩充之前\images\567.jpg,e802c27de2f797fc58c3550d17bd00cb8192a0eec2ad4c12b4b00e68ba50b9df,905.0,679.0,16.437,35.123,uncertain,unknown,unknown,auxiliary_ai_annotation,quality_triage_v1,heuristic quality only; no clinical review,pending,,
data\血管数据集\分类数据集\扩充之前\images\568.jpg,c1207acc05276cac9654e6737c23f70aa9c1f8f1ba92489af34580c864b22ac0,989.0,741.0,22.115,48.004,uncertain,unknown,unknown,auxiliary_ai_annotation,quality_triage_v1,heuristic quality only; no clinical review,pending,,
data\血管数据集\分类数据集\扩充之前\images\569.jpg,16c65bdd5d55ad91114d5cdfe02a63dcf6eebcba1f4ea8f6ae81bc956e1107ec,866.0,560.0,53.237,132.592,uncertain,unknown,unknown,auxiliary_ai_annotation,quality_triage_v1,heuristic quality only; no clinical review,pending,,
data\血管数据集\分类数据集\扩充之前\images\57.jpg,46f9444036398058647fd126e31e63601fa6cf8f454377d4305e8f2195b6df3f,1024.0,768.0,49.188,202.987,usable,unknown,unknown,auxiliary_ai_annotation,quality_triage_v1,heuristic quality only; no clinical review,pending,,
data\血管数据集\分类数据集\扩充之前\images\570.jpg,7a2484cae83d7156beff3c93df13cf8c5ae358e84b146d95ed965a54a3a86730,995.0,747.0,19.799,46.509,uncertain,unknown,unknown,auxiliary_ai_annotation,quality_triage_v1,heuristic quality only; no clinical review,pending,,
data\血管数据集\分类数据集\扩充之前\images\571.jpg,33639fde096639f1406de1270e7206c64d89096dc6607f6f70a9baa002f4460b,895.0,671.0,27.192,24.775,uncertain,unknown,unknown,auxiliary_ai_annotation,quality_triage_v1,heuristic quality only; no clinical review,pending,,
data\血管数据集\分类数据集\扩充之前\images\572.jpg,bf301d4269c12350b126975598a9c7b6d28066bed1a7ef1671af90c0a3b24d21,760.0,570.0,29.943,208.778,usable,unknown,unknown,auxiliary_ai_annotation,quality_triage_v1,heuristic quality only; no clinical review,pending,,
data\血管数据集\分类数据集\扩充之前\images\573.jpg,8d8c4e1800a82d0797a776e520cf9b654f86dba6b4652dc93fb16419f868b7df,812.0,456.0,33.619,109.953,uncertain,unknown,unknown,auxiliary_ai_annotation,quality_triage_v1,heuristic quality only; no clinical review,pending,,
data\血管数据集\分类数据集\扩充之前\images\574.jpg,1017c35623c111e2fb98f4eb993008793b54e33968d860083f665528f0bad309,843.0,633.0,33.085,54.073,uncertain,unknown,unknown,auxiliary_ai_annotation,quality_triage_v1,heuristic quality only; no clinical review,pending,,
data\血管数据集\分类数据集\扩充之前\images\575.jpg,60777457bd51034f1dc337d4820cf15f136d2b4d4633ac7b4722171e3da01802,879.0,558.0,39.908,153.317,uncertain,unknown,unknown,auxiliary_ai_annotation,quality_triage_v1,heuristic quality only; no clinical review,pending,,
data\血管数据集\分类数据集\扩充之前\images\576.jpg,2c4f22de86030de836306a0a46088184111fb8272612bcc2bd3f60b1fe67e0ea,868.0,570.0,61.344,132.103,uncertain,unknown,unknown,auxiliary_ai_annotation,quality_triage_v1,heuristic quality only; no clinical review,pending,,
data\血管数据集\分类数据集\扩充之前\images\577.jpg,0c461c4f1e346db1adf736a65907db4467dd5a40637fb9c5af84cdbad65689d0,1024.0,768.0,27.057,189.468,usable,unknown,unknown,auxiliary_ai_annotation,quality_triage_v1,heuristic quality only; no clinical review,pending,,
data\血管数据集\分类数据集\扩充之前\images\578.jpg,7df37eb1e101d5fd2e4f4bf4ca164b91ab61680b8890688d3de72d3a79f4443a,1024.0,768.0,39.848,326.526,usable,unknown,unknown,auxiliary_ai_annotation,quality_triage_v1,heuristic quality only; no clinical review,pending,,
data\血管数据集\分类数据集\扩充之前\images\579.jpg,23da4dcaeef2bc168adb159efda054cac73b69feabcdaa3405b1edf74de0f2a1,889.0,667.0,33.836,62.01,uncertain,unknown,unknown,auxiliary_ai_annotation,quality_triage_v1,heuristic quality only; no clinical review,pending,,
data\血管数据集\分类数据集\扩充之前\images\58.jpg,27e512f8609e1be6f51b054a49f597c3ccb313d280645768624a317c47554396,915.0,687.0,46.027,193.048,usable,unknown,unknown,auxiliary_ai_annotation,quality_triage_v1,heuristic quality only; no clinical review,pending,,
data\血管数据集\分类数据集\扩充之前\images\580.jpg,b43b51d19171f19ede6fd101926ae1968bbba0a323c01e8c2578cbe6cb8c0c2b,975.0,731.0,51.35,191.679,usable,unknown,unknown,auxiliary_ai_annotation,quality_triage_v1,heuristic quality only; no clinical review,pending,,
data\血管数据集\分类数据集\扩充之前\images\581.jpg,612ea77e461687103cf84f7dccc092f34df1e44880dc74c0dc9b31aacd0d88b9,914.0,644.0,23.4,44.302,uncertain,unknown,unknown,auxiliary_ai_annotation,quality_triage_v1,heuristic quality only; no clinical review,pending,,
data\血管数据集\分类数据集\扩充之前\images\582.jpg,e917faa34270bf166e7bcab6da020edf4d3743bd4f592024d83b061ab86fe364,1024.0,768.0,22.441,138.992,uncertain,unknown,unknown,auxiliary_ai_annotation,quality_triage_v1,heuristic quality only; no clinical review,pending,,
data\血管数据集\分类数据集\扩充之前\images\59.jpg,ea8fe15cc901311855a680efefd7b9297e09febbe949f9e98c76ee1dd01293c6,822.0,616.0,40.839,82.647,uncertain,unknown,unknown,auxiliary_ai_annotation,quality_triage_v1,heuristic quality only; no clinical review,pending,,
data\血管数据集\分类数据集\扩充之前\images\6.jpg,5ab4d2c82d18bd32ccd57bbaa11ab2968e9c4811cae81f3d95f757614fd7f4df,1001.0,751.0,18.401,72.679,uncertain,unknown,unknown,auxiliary_ai_annotation,quality_triage_v1,heuristic quality only; no clinical review,pending,,
data\血管数据集\分类数据集\扩充之前\images\60.jpg,9550bccdfd3682d03773441a84aaa4808a01326c08d1eecdb2ea66a0fa17fa3a,1024.0,768.0,44.07,185.732,usable,unknown,unknown,auxiliary_ai_annotation,quality_triage_v1,heuristic quality only; no clinical review,pending,,
data\血管数据集\分类数据集\扩充之前\images\61.jpg,bba5ebdcd822be63cd5d5727670c5e43d1884d0ab79b2083e550ad2d69a75442,927.0,695.0,60.052,79.001,uncertain,unknown,unknown,auxiliary_ai_annotation,quality_triage_v1,heuristic quality only; no clinical review,pending,,
data\血管数据集\分类数据集\扩充之前\images\62.jpg,a4bec2c813fb8c3b677e59e843ca8f14e0f5f36838664d7336f52c1d7a138ed2,1001.0,751.0,34.413,102.197,uncertain,unknown,unknown,auxiliary_ai_annotation,quality_triage_v1,heuristic quality only; no clinical review,pending,,
data\血管数据集\分类数据集\扩充之前\images\63.jpg,20c7e8dc013b9978dcb106a691e691868b62aaf9e4c21ee16069841d9f81ca05,951.0,713.0,33.331,92.813,uncertain,unknown,unknown,auxiliary_ai_annotation,quality_triage_v1,heuristic quality only; no clinical review,pending,,
data\血管数据集\分类数据集\扩充之前\images\64.jpg,8b3e65d2cc39a4bdffc3f0d1c4addcf4b0fcb1e98bacb7c6b634a1804ca5384b,1023.0,767.0,39.91,76.554,uncertain,unknown,unknown,auxiliary_ai_annotation,quality_triage_v1,heuristic quality only; no clinical review,pending,,
data\血管数据集\分类数据集\扩充之前\images\65.jpg,a00179476c017dce3e1fb39de7459893bccad90afb1a8580dd13192bf299bb12,905.0,679.0,37.242,91.055,uncertain,unknown,unknown,auxiliary_ai_annotation,quality_triage_v1,heuristic quality only; no clinical review,pending,,
data\血管数据集\分类数据集\扩充之前\images\66.jpg,f9bb0e4d11cb1b544df2de7f94b8f0ca69012c839908c40232f860bc469c0ea0,969.0,727.0,37.252,86.342,uncertain,unknown,unknown,auxiliary_ai_annotation,quality_triage_v1,heuristic quality only; no clinical review,pending,,
data\血管数据集\分类数据集\扩充之前\images\67.jpg,e28b1b5aeb22626320b626d4e150b87146e3fe6786bcbce3b7fd94fc990fab0e,814.0,611.0,14.589,67.26,uncertain,unknown,unknown,auxiliary_ai_annotation,quality_triage_v1,heuristic quality only; no clinical review,pending,,
data\血管数据集\分类数据集\扩充之前\images\68.jpg,ce2c9e1801c11e34a3cbbe4cd188ead84bb08677e2a8df778016d348ff1367b3,1024.0,768.0,23.631,118.882,uncertain,unknown,unknown,auxiliary_ai_annotation,quality_triage_v1,heuristic quality only; no clinical review,pending,,
data\血管数据集\分类数据集\扩充之前\images\69.jpg,ab2453cb05cc4d25b622993ca8fd7b6ff79ae21473bddb1e9ef885e46150f412,1024.0,768.0,23.31,191.308,usable,unknown,unknown,auxiliary_ai_annotation,quality_triage_v1,heuristic quality only; no clinical review,pending,,
data\血管数据集\分类数据集\扩充之前\images\7.jpg,0e1be1d5cfb93ae7e04274121f7704d7538354f3cac2d3f105cca88a438cd3b0,927.0,662.0,35.589,132.342,uncertain,unknown,unknown,auxiliary_ai_annotation,quality_triage_v1,heuristic quality only; no clinical review,pending,,
data\血管数据集\分类数据集\扩充之前\images\70.jpg,791ba5b1733235879d82aec3abb1acb0ca2a8b0d004f556f33b22ee18e588aa9,1024.0,768.0,25.813,187.292,usable,unknown,unknown,auxiliary_ai_annotation,quality_triage_v1,heuristic quality only; no clinical review,pending,,
data\血管数据集\分类数据集\扩充之前\images\71.jpg,315af3cbcc3eec354f62c19bf769672b8b8dd71f1611308acb02d5fdfc5de7eb,989.0,741.0,38.61,93.53,uncertain,unknown,unknown,auxiliary_ai_annotation,quality_triage_v1,heuristic quality only; no clinical review,pending,,
data\血管数据集\分类数据集\扩充之前\images\72.jpg,04f7816ae676b77e871aabf36d92847d3a6f2b9f0bc8ce0f9f16bdb5f7feed9c,935.0,701.0,42.792,122.312,uncertain,unknown,unknown,auxiliary_ai_annotation,quality_triage_v1,heuristic quality only; no clinical review,pending,,
data\血管数据集\分类数据集\扩充之前\images\73.jpg,8ebf45a15c9f4bc455dc7a6672c47d741c6e6c9ac24280d87e5aecb664c22365,885.0,663.0,43.975,71.404,uncertain,unknown,unknown,auxiliary_ai_annotation,quality_triage_v1,heuristic quality only; no clinical review,pending,,
data\血管数据集\分类数据集\扩充之前\images\74.jpg,8917cf9353df8f35a24003522c04c4f3f6b9fd20633bc0d2ad7dd9badfc86b7d,1024.0,768.0,29.433,178.022,uncertain,unknown,unknown,auxiliary_ai_annotation,quality_triage_v1,heuristic quality only; no clinical review,pending,,
data\血管数据集\分类数据集\扩充之前\images\75.jpg,d5bb09572f448fc416ffa61a3cbf1b1a7255b530ca3ff57d505b30fc16275c11,776.0,582.0,37.693,51.176,uncertain,unknown,unknown,auxiliary_ai_annotation,quality_triage_v1,heuristic quality only; no clinical review,pending,,
data\血管数据集\分类数据集\扩充之前\images\76.jpg,536bb17c3f6210f78a7a63c4bc99841c545c1aefdf57a73c32f7abaada3edfc9,939.0,703.0,48.514,158.74,uncertain,unknown,unknown,auxiliary_ai_annotation,quality_triage_v1,heuristic quality only; no clinical review,pending,,
data\血管数据集\分类数据集\扩充之前\images\77.jpg,7bba6d7d6a1c809154afbbd56e5a355a072103f296a58f3b8e44037d77616490,776.0,581.0,13.613,24.557,uncertain,unknown,unknown,auxiliary_ai_annotation,quality_triage_v1,heuristic quality only; no clinical review,pending,,
data\血管数据集\分类数据集\扩充之前\images\78.jpg,450110621e6c38668c842232be6134620e96dbb823837fe6f71b570cba85ee1d,818.0,613.0,20.858,51.313,uncertain,unknown,unknown,auxiliary_ai_annotation,quality_triage_v1,heuristic quality only; no clinical review,pending,,
data\血管数据集\分类数据集\扩充之前\images\79.jpg,ec3659a0ebc0f081139d585e5df17bc1beac89589d16e34975db436f0b00a363,1024.0,768.0,58.72,281.422,usable,unknown,unknown,auxiliary_ai_annotation,quality_triage_v1,heuristic quality only; no clinical review,pending,,
data\血管数据集\分类数据集\扩充之前\images\8.jpg,2c851ade57f56868d4edf776ed37fe63fdea19f33c4045289f5a2bc022c7ee0b,907.0,647.0,37.189,69.991,uncertain,unknown,unknown,auxiliary_ai_annotation,quality_triage_v1,heuristic quality only; no clinical review,pending,,
data\血管数据集\分类数据集\扩充之前\images\80.jpg,101ae0f6a89793c3c99a017d17e91949fbe4f240f883d25af1be84b564c39f07,796.0,598.0,33.331,53.519,uncertain,unknown,unknown,auxiliary_ai_annotation,quality_triage_v1,heuristic quality only; no clinical review,pending,,
data\血管数据集\分类数据集\扩充之前\images\81.jpg,ad634fade77cd6bf62b57a16f348ddba0423cfc687541971d702d30036840258,921.0,691.0,31.854,225.923,usable,unknown,unknown,auxiliary_ai_annotation,quality_triage_v1,heuristic quality only; no clinical review,pending,,
data\血管数据集\分类数据集\扩充之前\images\82.jpg,2ea9312ee42b09c22754ea4eeca1222e61cf4a594ce46036214520a486febdc8,921.0,691.0,13.561,29.354,uncertain,unknown,unknown,auxiliary_ai_annotation,quality_triage_v1,heuristic quality only; no clinical review,pending,,
data\血管数据集\分类数据集\扩充之前\images\83.jpg,c853c31cef7d68eb084274ba3ef70771810293f0cf0031a3665bb8747141efd0,957.0,717.0,19.561,51.324,uncertain,unknown,unknown,auxiliary_ai_annotation,quality_triage_v1,heuristic quality only; no clinical review,pending,,
data\血管数据集\分类数据集\扩充之前\images\84.jpg,381035736a8d44376269794393408719dc2173c6acd8f998e7d72258e263f436,945.0,709.0,40.125,85.467,uncertain,unknown,unknown,auxiliary_ai_annotation,quality_triage_v1,heuristic quality only; no clinical review,pending,,
data\血管数据集\分类数据集\扩充之前\images\85.jpg,6062d3362e7d457b0dec83089030ce6c317a8b6cc3eafa9e8d8ea220519402bd,1024.0,768.0,41.211,291.557,usable,unknown,unknown,auxiliary_ai_annotation,quality_triage_v1,heuristic quality only; no clinical review,pending,,
data\血管数据集\分类数据集\扩充之前\images\86.jpg,23329201170542de4c431e47d2e749f01a699c38e587ce979a306b1aea8af992,1024.0,768.0,48.058,183.51,usable,unknown,unknown,auxiliary_ai_annotation,quality_triage_v1,heuristic quality only; no clinical review,pending,,
data\血管数据集\分类数据集\扩充之前\images\87.jpg,7d4f2303510c96b224a5b4f8a4ef9eea7b6a6e3e91a7776e0b4220451c6cc69e,1024.0,768.0,34.881,275.449,usable,unknown,unknown,auxiliary_ai_annotation,quality_triage_v1,heuristic quality only; no clinical review,pending,,
data\血管数据集\分类数据集\扩充之前\images\88.jpg,35be5f6e53af712a8c5853d645a7f5650dd280a9cd93957d5ff4dc003c8ea730,1024.0,768.0,33.811,181.331,usable,unknown,unknown,auxiliary_ai_annotation,quality_triage_v1,heuristic quality only; no clinical review,pending,,
data\血管数据集\分类数据集\扩充之前\images\89.jpg,f8e14a492046bda8ab7664e37fea9940727d69ae20a6a78c2c5287230a7d9f34,905.0,679.0,58.543,180.702,usable,unknown,unknown,auxiliary_ai_annotation,quality_triage_v1,heuristic quality only; no clinical review,pending,,
data\血管数据集\分类数据集\扩充之前\images\9.jpg,34c4662283fb0ac892cea8b198d44048cefcb65964f60228b8864c1d6dcf09df,893.0,670.0,35.506,59.431,uncertain,unknown,unknown,auxiliary_ai_annotation,quality_triage_v1,heuristic quality only; no clinical review,pending,,
data\血管数据集\分类数据集\扩充之前\images\90.jpg,478ca0ef5c79e8b003a40f69e7a096f1e82d5c702345049508a0d5d1e0c19391,868.0,651.0,31.716,119.109,uncertain,unknown,unknown,auxiliary_ai_annotation,quality_triage_v1,heuristic quality only; no clinical review,pending,,
data\血管数据集\分类数据集\扩充之前\images\91.jpg,e2b477f3d35c10ddd35112fd59ae05d675fad69bfa5f18af54971197aab35683,939.0,703.0,15.528,36.486,uncertain,unknown,unknown,auxiliary_ai_annotation,quality_triage_v1,heuristic quality only; no clinical review,pending,,
data\血管数据集\分类数据集\扩充之前\images\92.jpg,05517ad2798f24668e8ab361fbfd6d90115039f56f4eebbeb77e189ca268b515,975.0,731.0,35.981,160.769,uncertain,unknown,unknown,auxiliary_ai_annotation,quality_triage_v1,heuristic quality only; no clinical review,pending,,
data\血管数据集\分类数据集\扩充之前\images\93.jpg,e7bec18fbe3b9d41178b036be3c517f4db9d3c30a54c9943b04869c0c2087603,843.0,633.0,86.351,154.511,uncertain,unknown,unknown,auxiliary_ai_annotation,quality_triage_v1,heuristic quality only; no clinical review,pending,,
data\血管数据集\分类数据集\扩充之前\images\94.jpg,623b23c18523658376955161b90e827c24a5c1f5c9c8bbc2703f73672938ba39,822.0,616.0,24.68,125.405,uncertain,unknown,unknown,auxiliary_ai_annotation,quality_triage_v1,heuristic quality only; no clinical review,pending,,
data\血管数据集\分类数据集\扩充之前\images\95.jpg,bcd812c7215bbcf9add942e1b492da091ab27709c0b17a9fa9ea7af5d45012f0,957.0,717.0,27.39,127.161,uncertain,unknown,unknown,auxiliary_ai_annotation,quality_triage_v1,heuristic quality only; no clinical review,pending,,
data\血管数据集\分类数据集\扩充之前\images\96.jpg,5a14d9cb0c1d660869b378e3f8f0dceda1c6f3967f28ce6768d11734e528eb8a,1024.0,768.0,43.896,198.254,usable,unknown,unknown,auxiliary_ai_annotation,quality_triage_v1,heuristic quality only; no clinical review,pending,,
data\血管数据集\分类数据集\扩充之前\images\97.jpg,53150f46925376fc27ab2f6862c75434d7af9cf13a612a07ceab535a70fbcd68,905.0,679.0,28.801,132.9,uncertain,unknown,unknown,auxiliary_ai_annotation,quality_triage_v1,heuristic quality only; no clinical review,pending,,
data\血管数据集\分类数据集\扩充之前\images\98.jpg,e52d6f7fd50806e7bc4882db586f701bdad18171461aab93d3b39d5d362d618f,981.0,737.0,13.883,57.6,uncertain,unknown,unknown,auxiliary_ai_annotation,quality_triage_v1,heuristic quality only; no clinical review,pending,,
data\血管数据集\分类数据集\扩充之前\images\99.jpg,bce7e069abf84cf2ec7468c829810a6f3853d0dae4c039c1d1525a014f3eb8da,889.0,667.0,33.572,143.19,uncertain,unknown,unknown,auxiliary_ai_annotation,quality_triage_v1,heuristic quality only; no clinical review,pending,,
