exam_case_id,n_total_median,n_bushy_median,n_crossing_median,n_hairpin_median,n_tortuous_median,ratio_bushy_median,ratio_crossing_median,ratio_hairpin_median,ratio_tortuous_median,box_w_frac_median,box_h_frac_median,box_aspect_median,box_diag_frac_median,n_total_mean,n_bushy_mean,n_crossing_mean,n_hairpin_mean,n_tortuous_mean,ratio_bushy_mean,ratio_crossing_mean,ratio_hairpin_mean,ratio_tortuous_mean,box_w_frac_mean,box_h_frac_mean,box_aspect_mean,box_diag_frac_mean,n_total_p25,n_bushy_p25,n_crossing_p25,n_hairpin_p25,n_tortuous_p25,ratio_bushy_p25,ratio_crossing_p25,ratio_hairpin_p25,ratio_tortuous_p25,box_w_frac_p25,box_h_frac_p25,box_aspect_p25,box_diag_frac_p25,n_total_p75,n_bushy_p75,n_crossing_p75,n_hairpin_p75,n_tortuous_p75,ratio_bushy_p75,ratio_crossing_p75,ratio_hairpin_p75,ratio_tortuous_p75,box_w_frac_p75,box_h_frac_p75,box_aspect_p75,box_diag_frac_p75,pooled_n_total,pooled_n_bushy,pooled_n_crossing,pooled_n_hairpin,pooled_n_tortuous,pooled_ratio_bushy,pooled_ratio_crossing,pooled_ratio_hairpin,pooled_ratio_tortuous,n_images,no_detection_in_any_image,frac_images_with_no_detection
recovered_archive1/1,7.5,0.0,0.0,6.5,1.0,0.0,0.0,0.8660714285714286,0.1125,0.04904148727655411,0.14812039583921432,3.3873610496520996,0.1566825956106186,8.0,0.25,0.0,6.75,1.0,0.03571428571428571,0.0,0.8366071428571429,0.12767857142857142,0.04904458671808243,0.14995400235056877,3.3463120460510254,0.1591147817671299,7.0,0.0,0.0,5.75,0.75,0.0,0.0,0.8214285714285714,0.07500000000000001,0.03930366411805153,0.13637438043951988,3.1616063117980957,0.14121538773179054,8.5,0.25,0.0,7.5,1.25,0.03571428571428571,0.0,0.88125,0.16517857142857142,0.05878240987658501,0.16170001775026321,3.5720667839050293,0.17458198964595795,32,1,0,27,4,0.03125,0.0,0.84375,0.125,4,0,0.0
recovered_archive1/100,5.0,0.0,0.0,4.0,0.0,0.0,0.03333333333333333,0.9666666666666667,0.0,0.038151875138282776,0.1331295371055603,3.4107539653778076,0.1383081153035164,5.666666666666667,0.0,0.4444444444444444,5.222222222222222,0.0,0.0,0.08958333333333333,0.9104166666666667,0.0,0.040939406491816044,0.1393453124910593,3.361459970474243,0.14505482744425535,2.0,0.0,0.0,2.0,0.0,0.0,0.0,0.8,0.0,0.03661802411079407,0.11273964494466782,3.1852477192878723,0.11812660470604897,8.0,0.0,1.0,8.0,0.0,0.0,0.2,1.0,0.0,0.044032156467437744,0.16658056527376175,3.6262797713279724,0.17167936265468597,51,0,4,47,0,0.0,0.0784313725490196,0.9215686274509803,0.0,9,0,0.1111111111111111
recovered_archive1/24,7.0,0.0,0.0,6.0,0.0,0.0,0.03571428571428571,0.9285714285714286,0.0,0.04164916276931763,0.15510255098342896,3.6107547283172607,0.16095369309186935,7.142857142857143,0.2857142857142857,0.5714285714285714,6.142857142857143,0.14285714285714285,0.025793650793650796,0.06349206349206349,0.8869047619047619,0.023809523809523808,0.04042517145474752,0.15266155699888864,3.6166537205378213,0.15878147135178247,5.0,0.0,0.0,4.5,0.0,0.0,0.0,0.7767857142857143,0.0,0.037526216357946396,0.14402181655168533,3.524604082107544,0.14926037192344666,9.5,0.5,1.0,8.0,0.0,0.05357142857142857,0.125,1.0,0.0,0.04401027783751488,0.16470885276794434,3.919726848602295,0.17087359353899956,50,2,4,43,1,0.04,0.08,0.86,0.02,7,0,0.14285714285714285
recovered_archive1/28,8.0,0.0,0.0,7.0,1.0,0.0,0.0,0.8333333333333334,0.15384615384615385,0.044267818331718445,0.13598430156707764,2.945457935333252,0.14422351121902466,8.444444444444445,0.0,0.3333333333333333,6.777777777777778,1.3333333333333333,0.0,0.0409652076318743,0.7907062073728741,0.16832858499525166,0.04330878663394186,0.13509185943338606,3.0382503403557672,0.14205925828880733,6.0,0.0,0.0,5.0,0.0,0.0,0.0,0.75,0.0,0.04136505722999573,0.12535731494426727,2.8323564529418945,0.13311892747879028,11.0,0.0,1.0,9.0,2.0,0.0,0.09090909090909091,0.8461538461538461,0.25,0.044748127460479736,0.14279797673225403,3.257427215576172,0.15064193308353424,76,0,3,61,12,0.0,0.039473684210526314,0.8026315789473685,0.15789473684210525,9,0,0.0
recovered_archive1/29,7.5,1.0,0.5,3.5,1.0,0.10555555555555556,0.125,0.4722222222222222,0.12142857142857143,0.05402375943958759,0.1615408957004547,2.9576199054718018,0.1710929349064827,7.5,0.6666666666666666,1.0833333333333333,4.333333333333333,1.4166666666666667,0.10314454064454065,0.17380952380952383,0.5321669071669072,0.19087902837902837,0.05168470026304325,0.16270577162504196,3.0227237939834595,0.1720220105101665,5.0,0.0,0.0,2.0,0.0,0.0,0.0,0.4,0.0,0.03926566056907177,0.12081251852214336,2.641813039779663,0.1252497285604477,9.25,1.0,2.0,6.0,2.25,0.15714285714285714,0.28928571428571426,0.75,0.2986111111111111,0.06260321848094463,0.17658042535185814,3.3842552304267883,0.19057681784033775,90,8,13,52,17,0.08888888888888889,0.14444444444444443,0.5777777777777777,0.18888888888888888,12,0,0.0
recovered_archive1/30,9.5,0.0,2.5,5.5,0.0,0.0,0.2727272727272727,0.7272727272727273,0.0,0.03952919691801071,0.11489102989435196,2.7322540283203125,0.12477010488510132,13.2,0.1,2.4,10.2,0.5,0.007936507936507936,0.2848566950291088,0.619905209732796,0.0873015873015873,0.04505689938863119,0.13816880103614596,3.123204151789347,0.14609232793251672,3.5,0.0,1.25,1.75,0.0,0.0,0.13793103448275862,0.5,0.0,0.03907577693462372,0.10234292596578598,2.591831684112549,0.10755855590105057,22.25,0.0,3.0,19.25,0.0,0.0,0.375,0.8620689655172413,0.0,0.04331940412521362,0.1689004898071289,3.5341596603393555,0.1757204830646515,132,1,24,102,5,0.007575757575757576,0.18181818181818182,0.7727272727272727,0.03787878787878788,10,0,0.1
recovered_archive1/31,3.0,0.0,2.0,1.0,0.0,0.0,0.6666666666666666,0.3333333333333333,0.0,0.03634929656982422,0.1554505079984665,3.9667859077453613,0.16092568635940552,3.6,0.2,2.0,1.4,0.0,0.025,0.7283333333333333,0.24666666666666667,0.0,0.03741896003484726,0.16346941590309144,4.174414205551147,0.16863491237163544,1.0,0.0,1.0,0.0,0.0,0.0,0.6,0.0,0.0,0.034825146198272705,0.14418987929821014,3.843498468399048,0.1487010270357132,5.0,0.0,3.0,2.0,0.0,0.0,1.0,0.4,0.0,0.037983618676662445,0.1869424283504486,4.27835750579834,0.19308173656463623,18,1,10,7,0,0.05555555555555555,0.5555555555555556,0.3888888888888889,0.0,5,0,0.0
recovered_archive1/32,1.0,0.0,0.0,1.0,0.0,0.0,0.0,1.0,0.0,0.08256669342517853,0.15878469496965408,2.018435001373291,0.17745991796255112,1.625,0.25,0.125,1.25,0.0,0.06666666666666667,0.16666666666666666,0.7666666666666666,0.0,0.08142640441656113,0.1649652048945427,2.0657161275545755,0.1876674766341845,0.75,0.0,0.0,0.0,0.0,0.0,0.0,0.7,0.0,0.07487349584698677,0.14449550211429596,1.9341089129447937,0.16784431412816048,2.25,0.0,0.0,2.25,0.0,0.0,0.0,1.0,0.0,0.08609890192747116,0.1604888178408146,2.258212625980377,0.19381831586360931,13,2,1,10,0,0.15384615384615385,0.07692307692307693,0.7692307692307693,0.0,8,0,0.25
recovered_archive1/33,5.0,0.0,0.0,4.5,0.0,0.0,0.0,0.75,0.0,0.04780362546443939,0.18357928842306137,3.916280150413513,0.18889423459768295,5.625,0.375,0.25,4.125,0.875,0.065625,0.15,0.6375,0.14687499999999998,0.047432251274585724,0.18100732564926147,3.6708123683929443,0.18905024603009224,5.0,0.0,0.0,1.75,0.0,0.0,0.0,0.35000000000000003,0.0,0.044244810938835144,0.16021094843745232,3.12809419631958,0.17089997604489326,6.5,0.25,0.25,5.25,1.5,0.03125,0.05,1.0,0.24375000000000002,0.04948998987674713,0.19775445759296417,4.259795188903809,0.20247899368405342,45,3,2,33,7,0.06666666666666667,0.044444444444444446,0.7333333333333333,0.15555555555555556,8,0,0.0
recovered_archive1/34,11.0,0.0,4.0,4.0,2.0,0.0,0.40909090909090906,0.37412587412587417,0.20202020202020202,0.04620574414730072,0.1676303744316101,3.5313483476638794,0.1769511178135872,8.428571428571429,0.0,3.7142857142857144,3.0,1.7142857142857142,0.0,0.5070901320901321,0.31368168868168866,0.17922817922817924,0.0454376737276713,0.17117665956417719,3.498313387235006,0.18049499144156775,6.0,0.0,3.0,1.5,0.0,0.0,0.3409090909090909,0.2954545454545454,0.045454545454545456,0.04125477373600006,0.1645672507584095,3.1877601146698,0.1734313778579235,11.5,0.0,4.5,4.5,3.0,0.0,0.5511363636363636,0.40865384615384615,0.2863247863247863,0.04862777143716812,0.17135564610362053,3.6514225602149963,0.1797175146639347,59,0,26,21,12,0.0,0.4406779661016949,0.3559322033898305,0.2033898305084746,7,0,0.14285714285714285
recovered_archive1/35,0.0,0.0,0.0,0.0,0.0,0.0,0.0,0.5,0.0,0.06565757095813751,0.11541633307933807,2.2159929275512695,0.13044880330562592,0.7272727272727273,0.09090909090909091,0.09090909090909091,0.36363636363636365,0.18181818181818182,0.1,0.1,0.5,0.3,0.06556491404771805,0.12567384392023087,2.067523741722107,0.1424103081226349,0.0,0.0,0.0,0.0,0.0,0.0,0.0,0.5,0.0,0.051199860870838165,0.11210482567548752,1.6828620433807373,0.12714065611362457,1.5,0.0,0.0,1.0,0.0,0.0,0.0,0.5,0.5,0.06988896429538727,0.13739091157913208,2.3885278701782227,0.15485794842243195,8,1,1,4,2,0.125,0.125,0.5,0.25,11,0,0.5454545454545454
recovered_archive1/37,0.0,0.0,0.0,0.0,0.0,0.0,0.0,1.0,0.0,0.0360790491104126,0.10893861949443817,2.8218443393707275,0.11828494817018509,1.0,0.0,0.0,1.0,0.0,0.0,0.0,1.0,0.0,0.0360790491104126,0.10893861949443817,2.8218443393707275,0.11828494817018509,0.0,0.0,0.0,0.0,0.0,0.0,0.0,1.0,0.0,0.0360790491104126,0.10893861949443817,2.8218443393707275,0.11828494817018509,0.0,0.0,0.0,0.0,0.0,0.0,0.0,1.0,0.0,0.0360790491104126,0.10893861949443817,2.8218443393707275,0.11828494817018509,5,0,0,5,0,0.0,0.0,1.0,0.0,5,0,0.8
recovered_archive1/38,5.0,0.0,0.0,5.0,0.0,0.0,0.0,0.9545454545454546,0.037037037037037035,0.03996577858924866,0.10189865529537201,2.7548575401306152,0.10811297595500946,9.466666666666667,0.0,0.2,8.733333333333333,0.5333333333333333,0.0,0.03632478632478632,0.864089614089614,0.09958559958559958,0.04060822266798753,0.11014478367108566,2.7090936440687914,0.11766962191233268,2.5,0.0,0.0,2.0,0.0,0.0,0.0,0.8333333333333334,0.0,0.03654056787490845,0.09441415965557098,2.4140968322753906,0.10471320152282715,15.0,0.0,0.0,14.5,1.0,0.0,0.0,1.0,0.08333333333333333,0.0459502637386322,0.12086376547813416,3.1044974327087402,0.1261700540781021,142,0,3,131,8,0.0,0.02112676056338028,0.9225352112676056,0.056338028169014086,15,0,0.13333333333333333
recovered_archive1/40,3.0,0.0,0.0,1.0,0.0,0.0,0.0,0.875,0.125,0.042214535176754,0.10229231044650078,2.49263072013855,0.109249297529459,3.0,0.0,0.0,2.2857142857142856,0.7142857142857143,0.0,0.0,0.7916666666666666,0.20833333333333334,0.045547882715861,0.10872602711121242,2.4406057000160217,0.11796124155322711,1.0,0.0,0.0,1.0,0.0,0.0,0.0,0.6875,0.0,0.03904381021857262,0.09507192112505436,2.1976099610328674,0.10253286361694336,4.0,0.0,0.0,3.5,1.5,0.0,0.0,1.0,0.3125,0.049280911684036255,0.11356552317738533,2.742594838142395,0.12668530270457268,21,0,0,16,5,0.0,0.0,0.7619047619047619,0.23809523809523808,7,0,0.14285714285714285
recovered_archive1/41,1.0,0.0,0.0,0.0,0.0,0.0,0.0,0.5,0.0,0.04756525158882141,0.12656991183757782,2.9033451080322266,0.1322077065706253,1.4705882352941178,0.058823529411764705,0.29411764705882354,0.8823529411764706,0.23529411764705882,0.09090909090909091,0.18319559228650137,0.45316804407713496,0.2727272727272727,0.059806582941250366,0.13860368593172592,2.582286325368014,0.15239934420043771,0.0,0.0,0.0,0.0,0.0,0.0,0.0,0.0,0.0,0.03880925476551056,0.11130072921514511,2.2030097246170044,0.11867149919271469,1.0,0.0,0.0,1.0,0.0,0.0,0.25757575757575757,0.9090909090909092,0.5,0.06047549284994602,0.16186390817165375,3.0159852504730225,0.1843271553516388,25,1,5,15,4,0.04,0.2,0.6,0.16,17,0,0.35294117647058826
recovered_archive1/42,6.0,0.0,3.0,2.0,1.0,0.0,0.5555555555555556,0.25,0.1111111111111111,0.05608544498682022,0.14923343062400818,2.6748876571655273,0.16223445534706116,5.222222222222222,0.3333333333333333,3.0,1.2222222222222223,0.6666666666666666,0.05679012345679012,0.5496913580246914,0.27469135802469136,0.11882716049382716,0.058374643325805664,0.14969354619582495,2.572975264655219,0.16294466290209028,3.0,0.0,2.0,0.0,0.0,0.0,0.3333333333333333,0.0,0.0,0.05057280883193016,0.14129430055618286,2.174954891204834,0.15460112690925598,6.0,0.0,5.0,2.0,1.0,0.0,0.625,0.3333333333333333,0.16666666666666666,0.06912261247634888,0.1638399213552475,2.8673810958862305,0.17750918865203857,47,3,27,11,6,0.06382978723404255,0.574468085106383,0.23404255319148937,0.1276595744680851,9,0,0.0
recovered_archive1/44,0.0,0.0,0.0,0.0,0.0,0.0,0.0,0.5,0.5,0.05380040407180786,0.13704876601696014,2.6555516719818115,0.14738958328962326,0.16666666666666666,0.0,0.0,0.08333333333333333,0.08333333333333333,0.0,0.0,0.5,0.5,0.05380040407180786,0.13704876601696014,2.6555516719818115,0.14738958328962326,0.0,0.0,0.0,0.0,0.0,0.0,0.0,0.25,0.25,0.046022623777389526,0.1264606937766075,2.468448519706726,0.1347053088247776,0.0,0.0,0.0,0.0,0.0,0.0,0.0,0.75,0.75,0.061578184366226196,0.14763683825731277,2.842654824256897,0.16007385775446892,2,0,0,1,1,0.0,0.0,0.5,0.5,12,0,0.8333333333333334
recovered_archive1/45,5.0,0.0,0.0,5.0,0.0,0.0,0.02631578947368421,0.9736842105263157,0.0,0.04153807461261749,0.1490894854068756,3.3656349182128906,0.1550440937280655,5.933333333333334,0.0,0.4666666666666667,5.266666666666667,0.2,0.0,0.0992198903853039,0.879587016993032,0.02119309262166405,0.0443648456462792,0.14944767632654735,3.3500647033963884,0.15639254450798035,2.0,0.0,0.0,1.5,0.0,0.0,0.0,0.7769230769230769,0.0,0.036120668053627014,0.1260679066181183,3.1564347743988037,0.13220201060175896,7.0,0.0,1.0,6.0,0.0,0.0,0.1607142857142857,1.0,0.0,0.049701131880283356,0.1534837782382965,3.65258526802063,0.16129077598452568,89,0,7,79,3,0.0,0.07865168539325842,0.8876404494382022,0.033707865168539325,15,0,0.06666666666666667
recovered_archive1/46,8.5,0.0,1.0,6.5,0.0,0.0,0.19090909090909092,0.788888888888889,0.0,0.04074519872665405,0.13655680418014526,3.5486371517181396,0.14423055946826935,7.333333333333333,0.0,1.4166666666666667,5.75,0.16666666666666666,0.0,0.17961527035056446,0.8022029114676175,0.01818181818181818,0.0425284281373024,0.1455894909799099,3.5449617385864256,0.15149586349725724,3.5,0.0,0.75,2.75,0.0,0.0,0.09943181818181818,0.7536764705882353,0.0,0.03832051903009415,0.1341131068766117,3.246092438697815,0.13849088922142982,11.0,0.0,2.0,7.75,0.0,0.0,0.23202614379084968,0.9005681818181818,0.0,0.04628133773803711,0.15026621893048286,3.769315004348755,0.15416670218110085,88,0,17,69,2,0.0,0.19318181818181818,0.7840909090909091,0.022727272727272728,12,0,0.16666666666666666
recovered_archive1/47,5.0,0.0,3.0,2.0,0.0,0.0,0.5,0.4,0.0,0.04487362504005432,0.1920308768749237,4.302115440368652,0.19522884488105774,6.8,0.0,3.0,2.6,1.2,0.0,0.5363636363636364,0.34909090909090906,0.11454545454545455,0.04708654433488846,0.20436055958271027,4.274411058425903,0.21064674258232116,4.0,0.0,2.0,2.0,0.0,0.0,0.4,0.3,0.0,0.041751861572265625,0.18578974902629852,4.046056747436523,0.1945236325263977,10.0,0.0,4.0,3.0,3.0,0.0,0.6,0.5,0.2727272727272727,0.05324060469865799,0.20809102058410645,4.536349296569824,0.21675464510917664,34,0,15,13,6,0.0,0.4411764705882353,0.38235294117647056,0.17647058823529413,5,0,0.0
recovered_archive1/48,0.0,0.0,0.0,0.0,0.0,,,,,,,,,0.0,0.0,0.0,0.0,0.0,,,,,,,,,0.0,0.0,0.0,0.0,0.0,,,,,,,,,0.0,0.0,0.0,0.0,0.0,,,,,,,,,0,0,0,0,0,,,,,6,1,1.0
recovered_archive1/49,7.5,0.0,1.0,4.5,2.0,0.0,0.11688311688311688,0.5584415584415584,0.2857142857142857,0.052390918135643005,0.12610457837581635,2.379812240600586,0.13795220106840134,7.875,0.0,1.125,4.75,2.0,0.0,0.13556998556998556,0.6350468975468976,0.22938311688311688,0.05000545084476471,0.11919126939028502,2.371110111474991,0.12995317205786705,6.75,0.0,0.0,4.0,0.75,0.0,0.0,0.43333333333333335,0.125,0.047648921608924866,0.11211909353733063,2.318354904651642,0.12278805673122406,9.25,0.0,2.0,5.25,3.25,0.0,0.20555555555555555,0.875,0.3409090909090909,0.05430518090724945,0.1331004500389099,2.45679247379303,0.1440241038799286,63,0,9,38,16,0.0,0.14285714285714285,0.6031746031746031,0.25396825396825395,8,0,0.0
recovered_archive1/51,0.0,0.0,0.0,0.0,0.0,1.0,0.0,0.0,0.0,0.10606086254119873,0.19698846340179443,1.8573153018951416,0.22959601879119873,0.7272727272727273,0.45454545454545453,0.0,0.2727272727272727,0.0,0.7666666666666666,0.0,0.2333333333333333,0.0,0.10542827099561691,0.19890799820423127,2.0122596502304075,0.22611677944660186,0.0,0.0,0.0,0.0,0.0,0.5,0.0,0.0,0.0,0.0952792689204216,0.19102239608764648,1.533986210823059,0.2237260788679123,1.0,1.0,0.0,0.0,0.0,1.0,0.0,0.5,0.0,0.1325439214706421,0.20757484436035156,2.5018813610076904,0.23250257968902588,8,5,0,3,0,0.625,0.0,0.375,0.0,11,0,0.5454545454545454
recovered_archive1/52,3.5,0.0,2.5,0.0,0.0,0.0,0.75,0.0,0.0,0.04396878182888031,0.15233787894248962,3.3224844932556152,0.1580762267112732,2.8333333333333335,0.0,2.3333333333333335,0.16666666666666666,0.3333333333333333,0.0,0.6833333333333333,0.2,0.11666666666666665,0.04687318354845047,0.14100896716117858,3.050681495666504,0.14766067564487456,1.5,0.0,0.5,0.0,0.0,0.0,0.6666666666666666,0.0,0.0,0.042737096548080444,0.15051531791687012,2.9001288414001465,0.153779998421669,4.0,0.0,3.75,0.0,0.75,0.0,1.0,0.0,0.25,0.04865467548370361,0.15599499642848969,3.3327345848083496,0.16055400669574738,17,0,14,1,2,0.0,0.8235294117647058,0.058823529411764705,0.11764705882352941,6,0,0.16666666666666666
recovered_archive1/53,4.5,0.0,0.5,4.0,0.0,0.0,0.08333333333333333,0.8666666666666667,0.0,0.04027983546257019,0.13334210962057114,3.050877571105957,0.1406339779496193,5.0,0.0,0.5,4.333333333333333,0.16666666666666666,0.0,0.14444444444444446,0.8388888888888889,0.016666666666666666,0.04492549660305182,0.13191727548837662,3.0504273176193237,0.13833434383074442,3.25,0.0,0.0,3.25,0.0,0.0,0.0,0.8083333333333333,0.0,0.03777047526091337,0.11915578134357929,2.7399638891220093,0.12629178538918495,5.75,0.0,1.0,4.75,0.0,0.0,0.19166666666666668,0.975,0.0,0.044481806457042694,0.13829659298062325,3.2272008657455444,0.1459454968571663,30,0,3,26,1,0.0,0.1,0.8666666666666667,0.03333333333333333,6,0,0.0
recovered_archive1/54,4.5,1.0,3.5,0.0,0.5,0.1875,0.6875,0.0,0.0625,0.05208197236061096,0.17522884905338287,3.1494133472442627,0.18406807631254196,5.25,1.0,3.5,0.25,0.5,0.19375,0.69375,0.03125,0.08125,0.051862480118870735,0.17630071565508842,3.2266929149627686,0.18440824374556541,4.0,0.75,2.75,0.0,0.0,0.09375,0.56875,0.0,0.0,0.04782607592642307,0.17283900454640388,3.119634509086609,0.1811920776963234,5.75,1.25,4.25,0.25,1.0,0.2875,0.8125,0.03125,0.14375,0.056118376553058624,0.1786905601620674,3.2564717531204224,0.18728424236178398,21,4,14,1,2,0.19047619047619047,0.6666666666666666,0.047619047619047616,0.09523809523809523,4,0,0.0
recovered_archive1/57,2.5,0.0,0.5,2.0,0.0,0.0,0.125,0.75,0.0,0.060156553983688354,0.20847977697849274,3.1994786262512207,0.2176153063774109,2.5,0.16666666666666666,0.5,1.8333333333333333,0.0,0.041666666666666664,0.375,0.5833333333333334,0.0,0.06509732206662495,0.20506757125258446,3.2212073802948,0.21471301962931952,1.25,0.0,0.0,0.5,0.0,0.0,0.0,0.125,0.0,0.054180070757865906,0.17149533331394196,2.8721073865890503,0.18107737973332405,3.75,0.0,1.0,2.75,0.0,0.0,0.8125,1.0,0.0,0.07802211865782738,0.2360062263906002,3.568300724029541,0.24360597133636475,15,1,3,11,0,0.06666666666666667,0.2,0.7333333333333333,0.0,6,0,0.0
recovered_archive1/59,5.0,0.0,0.0,4.0,0.0,0.0,0.0,0.9722222222222222,0.0,0.03375893831253052,0.11307766661047935,3.400593638420105,0.11790993809700012,8.666666666666666,0.0,0.6666666666666666,7.888888888888889,0.1111111111111111,0.0,0.07361111111111111,0.9174603174603174,0.008928571428571428,0.033442351035773754,0.11733269039541483,3.4271433651447296,0.12278647720813751,2.0,0.0,0.0,2.0,0.0,0.0,0.0,0.8964285714285715,0.0,0.03159455955028534,0.10496241226792336,3.2250117659568787,0.11047422513365746,14.0,0.0,1.0,13.0,0.0,0.0,0.09166666666666667,1.0,0.0,0.03562747500836849,0.12773475423455238,3.5001355409622192,0.13432657718658447,78,0,6,71,1,0.0,0.07692307692307693,0.9102564102564102,0.01282051282051282,9,0,0.1111111111111111
recovered_archive1/60,13.5,1.0,0.0,9.0,3.0,0.07692307692307693,0.0,0.6842105263157895,0.16666666666666666,0.04920148849487305,0.16764721274375916,3.457979440689087,0.1745375543832779,12.6,0.9,0.3,8.8,2.6,0.0651282765317853,0.021280051981806367,0.6999923241151311,0.2135993473712772,0.04867479412092103,0.16173899008168113,3.360012557771471,0.16866995559798348,9.75,0.0,0.0,8.0,2.25,0.0,0.0,0.6428571428571429,0.16666666666666666,0.04891025274991989,0.1591147780418396,3.18752384185791,0.16339175403118134,17.25,1.75,0.75,12.0,3.0,0.10526315789473684,0.05263157894736842,0.7222222222222222,0.23076923076923078,0.050339262932538986,0.17031657695770264,3.5554656982421875,0.17619143426418304,126,9,3,88,26,0.07142857142857142,0.023809523809523808,0.6984126984126984,0.20634920634920634,10,0,0.1
recovered_archive1/61,0.0,0.0,0.0,0.0,0.0,0.0,0.0,1.0,0.0,0.035030245780944824,0.1810750812292099,5.176418781280518,0.18445245176553726,0.2,0.0,0.0,0.2,0.0,0.0,0.0,1.0,0.0,0.035030245780944824,0.1810750812292099,5.176418781280518,0.18445245176553726,0.0,0.0,0.0,0.0,0.0,0.0,0.0,1.0,0.0,0.034716635942459106,0.1755455881357193,4.972227573394775,0.17908376082777977,0.0,0.0,0.0,0.0,0.0,0.0,0.0,1.0,0.0,0.03534385561943054,0.1866045743227005,5.38060998916626,0.18982114270329475,2,0,0,2,0,0.0,0.0,1.0,0.0,10,0,0.8
recovered_archive1/62,8.0,0.0,2.0,5.0,0.0,0.0,0.2403846153846154,0.6201923076923077,0.0625,0.04842459410429001,0.17287468910217285,3.3905316591262817,0.18318913877010345,7.545454545454546,0.0,1.7272727272727273,5.0,0.8181818181818182,0.0,0.22914835164835162,0.6786813186813186,0.09217032967032968,0.0493621289730072,0.16958604678511618,3.354007339477539,0.17722198516130447,7.0,0.0,1.0,4.0,0.0,0.0,0.2,0.5785714285714285,0.0,0.04588388651609421,0.15105046704411507,3.113201320171356,0.15861500799655914,9.0,0.0,2.5,6.5,1.5,0.0,0.2767857142857143,0.75,0.15109890109890112,0.05227317288517952,0.1813899464905262,3.618885815143585,0.1876167207956314,83,0,19,55,9,0.0,0.2289156626506024,0.6626506024096386,0.10843373493975904,11,0,0.09090909090909091
recovered_archive1/64,3.5,0.0,1.5,1.0,0.0,0.0,0.5,0.41666666666666663,0.0,0.04324006289243698,0.12506040930747986,2.983430504798889,0.13262801617383957,4.8125,0.1875,2.0625,2.25,0.3125,0.02806122448979592,0.46760977118119973,0.40115440115440115,0.10317460317460317,0.04498423369867461,0.13066700154117175,2.9269469465528215,0.13843499336923873,2.0,0.0,0.75,0.0,0.0,0.0,0.22916666666666666,0.125,0.0,0.04119233787059784,0.10950079746544361,2.6004063487052917,0.11570632085204124,8.0,0.0,2.25,2.25,0.25,0.0,0.6666666666666666,0.625,0.08333333333333333,0.05058545246720314,0.1422421894967556,3.086124897003174,0.14967183768749237,77,3,33,36,5,0.03896103896103896,0.42857142857142855,0.4675324675324675,0.06493506493506493,16,0,0.125
recovered_archive1/66,5.0,0.0,2.0,2.5,0.0,0.0,0.5333333333333333,0.4666666666666667,0.0,0.039815664291381836,0.11108868569135666,2.670241951942444,0.11918266117572784,6.2,0.0,1.9,4.2,0.1,0.0,0.48047619047619045,0.5123809523809524,0.007142857142857143,0.042015823721885684,0.11934346333146095,2.872935748100281,0.12719227820634843,3.0,0.0,0.25,0.25,0.0,0.0,0.017857142857142856,0.08333333333333333,0.0,0.039477646350860596,0.09616497159004211,2.4484792351722717,0.10417603701353073,5.75,0.0,2.75,4.5,0.0,0.0,0.9166666666666666,0.9642857142857143,0.0,0.04544753581285477,0.1329551339149475,3.2209484577178955,0.1425626389682293,62,0,19,42,1,0.0,0.3064516129032258,0.6774193548387096,0.016129032258064516,10,0,0.0
recovered_archive1/67,0.0,0.0,0.0,0.0,0.0,,,,,,,,,0.0,0.0,0.0,0.0,0.0,,,,,,,,,0.0,0.0,0.0,0.0,0.0,,,,,,,,,0.0,0.0,0.0,0.0,0.0,,,,,,,,,0,0,0,0,0,,,,,12,1,1.0
recovered_archive1/68,7.5,0.0,1.0,5.5,0.0,0.0,0.17045454545454547,0.75,0.0,0.046731915324926376,0.14866416156291962,3.0227311849594116,0.15623052418231964,9.166666666666666,0.0,1.1666666666666667,7.5,0.5,0.0,0.15443722943722943,0.7914502164502165,0.05411255411255411,0.046468183398246765,0.14378255605697632,3.1800400018692017,0.15053830419977507,5.5,0.0,1.0,4.25,0.0,0.0,0.060227272727272727,0.7329545454545454,0.0,0.04399772733449936,0.13208427280187607,2.9877679347991943,0.13849063590168953,10.25,0.0,1.75,7.5,0.75,0.0,0.25,0.8999999999999999,0.10714285714285714,0.05221951939165592,0.1563989743590355,3.3358237743377686,0.16497960314154625,55,0,7,45,3,0.0,0.12727272727272726,0.8181818181818182,0.05454545454545454,6,0,0.0
recovered_archive1/69,1.0,0.0,0.0,0.5,0.0,0.0,0.0,1.0,0.0,0.050213515758514404,0.1541842222213745,3.102114200592041,0.16800078749656677,1.25,0.0,0.25,1.0,0.0,0.0,0.3333333333333333,0.6666666666666666,0.0,0.04946487148602804,0.16069465627272925,3.330930789311727,0.1692054122686386,0.75,0.0,0.0,0.0,0.0,0.0,0.0,0.5,0.0,0.04373978078365326,0.13489387556910515,2.882461190223694,0.14473122358322144,1.5,0.0,0.25,1.5,0.0,0.0,0.5,1.0,0.0,0.055564284324645996,0.18324021995067596,3.664992094039917,0.19307728856801987,5,0,1,4,0,0.0,0.2,0.8,0.0,4,0,0.25
recovered_archive1/70,4.0,0.0,3.0,0.0,0.5,0.0,0.9,0.0,0.1,0.051247477531433105,0.163235105574131,3.355808973312378,0.1704089492559433,3.75,0.0,3.25,0.0,0.5,0.0,0.8666666666666667,0.0,0.13333333333333333,0.05395901016891003,0.1598549224436283,3.1488401293754578,0.16896457970142365,2.5,0.0,1.75,0.0,0.0,0.0,0.7666666666666667,0.0,0.0,0.050170255824923515,0.14896506816148758,2.993220865726471,0.1584254652261734,5.25,0.0,4.5,0.0,1.0,0.0,1.0,0.0,0.23333333333333334,0.05503623187541962,0.17412495985627174,3.5114282369613647,0.18094806373119354,15,0,13,0,2,0.0,0.8666666666666667,0.0,0.13333333333333333,4,0,0.0
recovered_archive1/71,9.0,0.0,3.0,4.0,0.0,0.0,0.4,0.5,0.0,0.035430580377578735,0.17089514434337616,4.472412109375,0.17469844222068787,8.0,0.42857142857142855,3.142857142857143,4.142857142857143,0.2857142857142857,0.04801587301587302,0.4622294372294372,0.4624819624819625,0.027272727272727275,0.035984003118106296,0.1639417133161,4.403290135519845,0.16743650606700353,6.5,0.0,2.5,3.5,0.0,0.0,0.35416666666666663,0.42727272727272725,0.0,0.033464252948760986,0.15034987777471542,4.253151178359985,0.1541365161538124,10.5,1.0,3.5,5.0,0.5,0.10555555555555556,0.42727272727272725,0.5777777777777777,0.045454545454545456,0.0383014902472496,0.17480497062206268,4.537815809249878,0.1779528483748436,56,3,22,29,2,0.05357142857142857,0.39285714285714285,0.5178571428571429,0.03571428571428571,7,0,0.0
recovered_archive1/72,19.0,0.0,0.0,17.0,1.0,0.0,0.0,0.9375,0.05263157894736842,0.046258628368377686,0.1447979211807251,2.819606304168701,0.15268874168395996,24.88888888888889,0.0,0.2222222222222222,23.444444444444443,1.2222222222222223,0.0,0.011403508771929825,0.9292792475842011,0.05931724364386903,0.04586929745144314,0.13852795296245152,2.8932116561465793,0.1459434280792872,19.0,0.0,0.0,17.0,1.0,0.0,0.0,0.8947368421052632,0.025,0.044918835163116455,0.14067739248275757,2.6414060592651367,0.15060892701148987,20.0,0.0,0.0,19.0,2.0,0.0,0.0,0.975,0.1,0.04839697480201721,0.1529049575328827,2.922367572784424,0.1587517410516739,224,0,2,211,11,0.0,0.008928571428571428,0.9419642857142857,0.049107142857142856,9,0,0.0
recovered_archive1/74,0.5,0.0,0.0,0.5,0.0,0.0,0.25,0.6875,0.0,0.039489567279815674,0.16139361262321472,3.6459925174713135,0.1673540621995926,3.8333333333333335,0.0,1.5,2.1666666666666665,0.16666666666666666,0.0,0.36111111111111116,0.6180555555555556,0.020833333333333332,0.04002982129653295,0.15896356105804443,3.7373336950937905,0.16422949731349945,0.0,0.0,0.0,0.0,0.0,0.0,0.125,0.42708333333333337,0.0,0.03791171684861183,0.14922281354665756,3.542945981025696,0.1548219695687294,4.75,0.0,3.0,1.0,0.0,0.0,0.5416666666666667,0.84375,0.03125,0.04187779873609543,0.16991933435201645,3.886050820350647,0.17519930750131607,23,0,9,13,1,0.0,0.391304347826087,0.5652173913043478,0.043478260869565216,6,0,0.5
recovered_archive1/76,5.0,0.0,2.0,1.0,1.0,0.0,0.5454545454545454,0.1111111111111111,0.16666666666666666,0.05864161252975464,0.16530312597751617,3.0103886127471924,0.17606405913829803,5.0,0.46153846153846156,2.5384615384615383,1.0,1.0,0.19319569319569319,0.46998001998002,0.15055500055500054,0.18626928626928627,0.059378843467969164,0.18024224787950516,3.0644232768278856,0.19006784031024346,3.0,0.0,1.0,0.0,0.0,0.0,0.25,0.0,0.0,0.04558321833610535,0.1574028730392456,2.8761634826660156,0.16482728719711304,7.0,1.0,4.0,1.0,2.0,0.14285714285714285,0.6666666666666666,0.2,0.2,0.0788852870464325,0.2107183039188385,3.363410711288452,0.21470332145690918,65,6,33,13,13,0.09230769230769231,0.5076923076923077,0.2,0.2,13,0,0.0
recovered_archive1/78,6.5,0.0,0.0,4.5,1.0,0.0,0.0,0.7333333333333334,0.14835164835164835,0.04331446811556816,0.14528147876262665,3.1889642477035522,0.1510360836982727,7.5,0.4,1.1,4.8,1.2,0.04936507936507937,0.11285714285714285,0.663543956043956,0.17423382173382174,0.043064378947019574,0.14728108644485474,3.4220773935317994,0.15425465404987335,5.0,0.0,0.0,3.0,1.0,0.0,0.0,0.42500000000000004,0.1294642857142857,0.041114527732133865,0.12977207824587822,3.029190182685852,0.1381886824965477,8.75,0.75,1.0,5.75,1.75,0.05357142857142857,0.19166666666666668,0.8543956043956044,0.2,0.045146357268095016,0.15731806680560112,3.7210007309913635,0.1690373755991459,75,4,11,48,12,0.05333333333333334,0.14666666666666667,0.64,0.16,10,0,0.0
recovered_archive1/80,6.0,1.0,3.0,1.0,0.0,0.2,0.6,0.2,0.0,0.062010228633880615,0.2235986888408661,3.3569228649139404,0.23761706054210663,6.285714285714286,0.8571428571428571,3.142857142857143,2.0,0.2857142857142857,0.18095238095238095,0.5345238095238095,0.2507936507936508,0.03373015873015873,0.06309051598821368,0.21796331661088125,3.3715246064322337,0.2289049071925027,5.0,0.0,3.0,0.0,0.0,0.0,0.4375,0.0,0.0,0.060792312026023865,0.2011847347021103,2.8917824029922485,0.21110771596431732,8.0,1.5,3.5,4.0,0.5,0.3333333333333333,0.6333333333333333,0.5,0.05555555555555555,0.06574884057044983,0.23828397691249847,3.770646095275879,0.25306396186351776,44,6,22,14,2,0.13636363636363635,0.5,0.3181818181818182,0.045454545454545456,7,0,0.0
recovered_archive1/81,6.0,0.0,3.0,3.0,0.0,0.0,0.358974358974359,0.5192307692307692,0.0,0.048379190266132355,0.12878354638814926,2.9535330533981323,0.13590769469738007,7.625,0.0,3.3125,3.9375,0.375,0.0,0.4220419337606838,0.5271434294871795,0.05081463675213675,0.04771228088065982,0.14301547314971685,2.9075566977262497,0.15074036736041307,4.75,0.0,1.0,1.0,0.0,0.0,0.19166666666666668,0.425,0.0,0.04392276704311371,0.11706225760281086,2.5060614347457886,0.12417411059141159,12.0,0.0,5.0,7.0,1.0,0.0,0.575,0.7625,0.09027777777777778,0.05299970507621765,0.17999674007296562,3.165286362171173,0.1885143294930458,122,0,53,63,6,0.0,0.4344262295081967,0.5163934426229508,0.04918032786885246,16,0,0.0
recovered_archive1/82,5.0,0.0,0.0,5.0,0.0,0.0,0.0,1.0,0.0,0.0401030033826828,0.13178391009569168,3.3391244411468506,0.13758990913629532,4.0,0.0,0.0,4.0,0.0,0.0,0.0,1.0,0.0,0.040214339892069496,0.13043900082508722,3.300438324610392,0.136611337463061,3.0,0.0,0.0,3.0,0.0,0.0,0.0,1.0,0.0,0.038701415061950684,0.12167609855532646,3.1487014293670654,0.1283399872481823,5.5,0.0,0.0,5.5,0.0,0.0,0.0,1.0,0.0,0.04161536693572998,0.1379827819764614,3.4675512313842773,0.14368721842765808,28,0,0,28,0,0.0,0.0,1.0,0.0,7,0,0.14285714285714285
recovered_archive1/83,3.0,0.0,2.0,0.0,0.0,0.0,0.7638888888888888,0.0,0.0,0.06856486201286316,0.22072186321020126,3.181289553642273,0.22902275621891022,4.111111111111111,0.5555555555555556,3.0,0.3333333333333333,0.2222222222222222,0.1875,0.7356150793650793,0.047371031746031744,0.029513888888888888,0.06328251771628857,0.2101081032305956,3.5319933891296387,0.21981357038021088,2.0,0.0,1.0,0.0,0.0,0.0,0.625,0.0,0.0,0.04662835970520973,0.19648951292037964,2.908086836338043,0.19950378686189651,7.0,1.0,6.0,1.0,0.0,0.375,0.8928571428571428,0.11458333333333333,0.027777777777777776,0.07243600487709045,0.22571057826280594,3.9166747331619263,0.2384621798992157,37,5,27,3,2,0.13513513513513514,0.7297297297297297,0.08108108108108109,0.05405405405405406,9,0,0.1111111111111111
recovered_archive1/84,3.0,0.0,1.0,2.0,0.0,0.0,0.2,0.75,0.0,0.04114940017461777,0.1276821345090866,2.910144329071045,0.13471350073814392,2.6666666666666665,0.0,0.5555555555555556,1.8888888888888888,0.2222222222222222,0.0,0.19814814814814813,0.7092592592592593,0.09259259259259259,0.04474577638838026,0.12926035705539915,3.001214610205756,0.13655598709980646,2.0,0.0,0.0,1.0,0.0,0.0,0.0,0.6666666666666666,0.0,0.04068434238433838,0.11125164479017258,2.7939188480377197,0.11778058856725693,3.0,0.0,1.0,3.0,0.0,0.0,0.3333333333333333,1.0,0.0,0.04384922981262207,0.13229599595069885,3.1202285289764404,0.13766467571258545,24,0,5,17,2,0.0,0.20833333333333334,0.7083333333333334,0.08333333333333333,9,0,0.0
recovered_archive1/85,8.0,0.0,3.0,4.0,1.0,0.0,0.4,0.4444444444444444,0.2,0.05142875760793686,0.19739606976509094,4.155604362487793,0.20292076468467712,8.384615384615385,0.23076923076923078,2.8461538461538463,3.923076923076923,1.3846153846153846,0.02692307692307692,0.3873931623931624,0.4141330891330891,0.17155067155067155,0.05381421400950505,0.21850154720819914,4.023555590556218,0.22546622271721178,7.0,0.0,2.0,2.0,1.0,0.0,0.3,0.375,0.1111111111111111,0.04803247004747391,0.19100797176361084,3.8611233234405518,0.1982307881116867,10.0,0.0,3.0,5.0,2.0,0.0,0.4444444444444444,0.5,0.25,0.056301653385162354,0.24356403946876526,4.279407024383545,0.24894389510154724,109,3,37,51,18,0.027522935779816515,0.3394495412844037,0.46788990825688076,0.1651376146788991,13,0,0.0
recovered_archive1/86,2.0,0.0,1.0,1.0,0.0,0.0,0.3333333333333333,0.5,0.0,0.04788118600845337,0.15651395916938782,3.6491174697875977,0.17170366644859314,3.0,0.2,1.2,1.4,0.2,0.1,0.31666666666666665,0.55,0.03333333333333333,0.049847131967544554,0.16144937574863433,3.624963474273682,0.16935813128948213,2.0,0.0,0.0,1.0,0.0,0.0,0.0,0.5,0.0,0.03953529894351959,0.15556752681732178,2.685819625854492,0.15973511338233948,4.0,0.0,2.0,1.0,0.0,0.0,0.5,0.5,0.0,0.05026175081729889,0.16780252754688263,4.668729782104492,0.17520920932292938,15,1,6,7,1,0.06666666666666667,0.4,0.4666666666666667,0.06666666666666667,5,0,0.0
recovered_archive1/89,4.0,0.0,2.0,3.0,0.0,0.0,0.42857142857142855,0.5714285714285714,0.0,0.041121698915958405,0.1312534660100937,2.958139657974243,0.1387244462966919,5.0,0.0,1.8,3.2,0.0,0.0,0.33571428571428574,0.6642857142857143,0.0,0.0415144182741642,0.1271043226122856,2.9990017414093018,0.13399692624807358,4.0,0.0,1.0,3.0,0.0,0.0,0.25,0.5,0.0,0.03973355516791344,0.1187460646033287,2.910937786102295,0.1252036839723587,6.0,0.0,3.0,4.0,0.0,0.0,0.5,0.75,0.0,0.04200415313243866,0.134564608335495,2.9924416542053223,0.143106609582901,25,0,9,16,0,0.0,0.36,0.64,0.0,5,0,0.0
recovered_archive1/9,10.5,0.0,1.5,9.5,0.0,0.0,0.07275132275132275,0.9272486772486772,0.0,0.046373918652534485,0.16257141530513763,3.4798195362091064,0.169427290558815,13.166666666666666,0.0,1.1666666666666667,12.0,0.0,0.0,0.09091710758377425,0.9090828924162259,0.0,0.04352577527364095,0.1594776747127374,3.518078406651815,0.16650143762429556,10.0,0.0,0.25,8.0,0.0,0.0,0.017857142857142856,0.8314814814814815,0.0,0.03674641251564026,0.12727217748761177,3.2952902913093567,0.13254012167453766,13.25,0.0,2.0,12.5,0.0,0.0,0.1685185185185185,0.9821428571428572,0.0,0.047876276075839996,0.18902657181024551,3.862826347351074,0.1971111297607422,79,0,7,72,0,0.0,0.08860759493670886,0.9113924050632911,0.0,6,0,0.0
recovered_archive1/90,10.0,0.0,2.0,8.0,1.0,0.0,0.19960474308300397,0.7695652173913043,0.09401709401709402,0.048104964196681976,0.16336074471473694,3.4412548542022705,0.17122717201709747,10.333333333333334,0.0,1.6666666666666667,7.888888888888889,0.7777777777777778,0.0,0.1406160264855917,0.7736988856554073,0.0856850878590009,0.048779215663671494,0.15886067040264606,3.3924481570720673,0.16677656304091215,9.0,0.0,0.0,6.0,0.0,0.0,0.0,0.7185314685314685,0.03260869565217391,0.04503133147954941,0.1511027030646801,3.22552227973938,0.1654157005250454,11.0,0.0,3.0,9.0,1.0,0.0,0.22435897435897434,0.827922077922078,0.11904761904761904,0.055710744112730026,0.17665422707796097,3.5908663272857666,0.18113866448402405,93,0,15,71,7,0.0,0.16129032258064516,0.7634408602150538,0.07526881720430108,9,0,0.1111111111111111
recovered_archive1/92,11.0,0.0,2.0,2.0,5.0,0.0,0.20714285714285713,0.26666666666666666,0.41428571428571426,0.054202497005462646,0.23833083361387253,3.5572584867477417,0.25034676492214203,10.25,0.25,3.0,2.5,4.5,0.05,0.25741758241758245,0.24184981684981685,0.45073260073260074,0.05636126175522804,0.2358202189207077,3.803656041622162,0.24487905204296112,8.0,0.0,0.75,1.0,3.5,0.0,0.15000000000000002,0.16923076923076924,0.3769230769230769,0.04765903204679489,0.22174682840704918,3.415873348712921,0.22967113554477692,13.25,0.25,4.25,3.5,6.0,0.05,0.31456043956043955,0.3392857142857143,0.4880952380952381,0.0629047267138958,0.25240422412753105,3.9450411796569824,0.26555468142032623,41,1,12,10,18,0.024390243902439025,0.2926829268292683,0.24390243902439024,0.43902439024390244,4,0,0.0
recovered_archive1/94,4.0,0.0,1.0,2.0,0.0,0.0,0.29166666666666663,0.6333333333333333,0.0,0.04552197456359863,0.13307857513427734,2.9514235258102417,0.14011158794164658,3.6923076923076925,0.15384615384615385,1.0769230769230769,2.3076923076923075,0.15384615384615385,0.0625,0.25555555555555554,0.6194444444444445,0.0625,0.048269739374518394,0.13940740128358206,2.952553073565165,0.14777830429375172,2.0,0.0,0.0,1.0,0.0,0.0,0.125,0.5,0.0,0.04181714728474617,0.12453033588826656,2.7987263202667236,0.13138964399695396,6.0,0.0,2.0,3.0,0.0,0.0,0.35,0.7083333333333333,0.0,0.04882838390767574,0.14741966873407364,3.082913100719452,0.156883105635643,48,2,14,30,2,0.041666666666666664,0.2916666666666667,0.625,0.041666666666666664,13,0,0.07692307692307693
recovered_archive1/95,9.0,1.0,1.0,3.5,3.0,0.1111111111111111,0.11805555555555555,0.4365079365079365,0.35416666666666663,0.046861669048666954,0.1757330819964409,3.4353933334350586,0.184162899851799,9.0,0.6666666666666666,1.0,4.0,3.3333333333333335,0.08167989417989417,0.1187169312169312,0.4348544973544974,0.3647486772486772,0.04667774525781473,0.17254698276519775,3.495734532674154,0.1813484082619349,8.25,0.25,1.0,3.0,3.0,0.027777777777777776,0.1111111111111111,0.38839285714285715,0.3333333333333333,0.04281343799084425,0.15329855680465698,3.4127601981163025,0.15946628525853157,9.0,1.0,1.0,4.75,3.75,0.12152777777777778,0.13839285714285715,0.5277777777777778,0.40625,0.05069451034069061,0.18509795144200325,3.5204357504844666,0.20085778087377548,54,4,6,24,20,0.07407407407407407,0.1111111111111111,0.4444444444444444,0.37037037037037035,6,0,0.0
recovered_archive1/96,9.0,0.0,0.5,7.0,0.5,0.0,0.045454545454545456,0.8376623376623377,0.045454545454545456,0.04068383574485779,0.15322185307741165,3.416243314743042,0.15801610797643661,9.25,0.25,1.25,6.75,1.0,0.03571428571428571,0.08939393939393939,0.8021645021645022,0.07272727272727272,0.04129311069846153,0.1518315188586712,3.520142078399658,0.15724781900644302,6.25,0.0,0.0,5.5,0.0,0.0,0.0,0.7469696969696971,0.0,0.04038117825984955,0.14341675490140915,3.199107527732849,0.14816037937998772,12.0,0.25,1.75,8.25,1.5,0.03571428571428571,0.13484848484848486,0.8928571428571428,0.1181818181818182,0.04159576818346977,0.1616366170346737,3.737277865409851,0.16710354760289192,37,1,5,27,4,0.02702702702702703,0.13513513513513514,0.7297297297297297,0.10810810810810811,4,0,0.0
recovered_archive1/97,0.0,0.0,0.0,0.0,0.0,0.0,0.2857142857142857,0.5,0.0,0.0711248368024826,0.26110053062438965,3.4439122676849365,0.272602915763855,1.8571428571428572,0.0,0.5714285714285714,0.8571428571428571,0.42857142857142855,0.0,0.3452380952380952,0.5119047619047619,0.14285714285714285,0.07575385272502899,0.24805061519145966,3.62346879641215,0.2593930462996165,0.0,0.0,0.0,0.0,0.0,0.0,0.26785714285714285,0.39285714285714285,0.0,0.06939903646707535,0.234373576939106,3.2681955099105835,0.2444509118795395,3.0,0.0,1.0,1.5,0.0,0.0,0.39285714285714285,0.625,0.21428571428571427,0.07979416102170944,0.2682526111602783,3.88896381855011,0.28094011545181274,13,0,4,6,3,0.0,0.3076923076923077,0.46153846153846156,0.23076923076923078,7,0,0.5714285714285714
recovered_archive1/99,2.0,0.0,1.0,0.0,0.0,0.0,0.5,0.0,0.0,0.04104027897119522,0.11285064741969109,2.6906455755233765,0.12292580306529999,2.5384615384615383,0.07692307692307693,0.9230769230769231,1.1538461538461537,0.38461538461538464,0.02,0.5333333333333333,0.29,0.15666666666666668,0.041298263147473334,0.109686928242445,2.7161215782165526,0.11738176941871643,1.0,0.0,0.0,0.0,0.0,0.0,0.35,0.0,0.0,0.03793016076087952,0.10902523435652256,2.3966318368911743,0.11459551006555557,5.0,0.0,1.0,1.0,0.0,0.0,0.9,0.475,0.30000000000000004,0.04555543605238199,0.11932843923568726,3.0104334950447083,0.12603791989386082,33,1,12,15,5,0.030303030303030304,0.36363636363636365,0.45454545454545453,0.15151515151515152,13,0,0.23076923076923078
recovered_archive2/101,4.0,0.5,0.5,2.0,0.5,0.07142857142857142,0.07142857142857142,0.44285714285714284,0.1,0.049595654010772705,0.13466955721378326,2.710542321205139,0.14020662009716034,4.0,0.5,0.5,1.8333333333333333,1.1666666666666667,0.21825396825396826,0.08492063492063491,0.5087301587301587,0.1880952380952381,0.04685289040207863,0.12988873943686485,2.880966583887736,0.13880759477615356,2.25,0.0,0.0,1.25,0.0,0.0,0.0,0.19642857142857142,0.0,0.04256657138466835,0.12145940214395523,2.530145049095154,0.13009633496403694,5.75,1.0,1.0,2.75,2.5,0.1607142857142857,0.1607142857142857,0.9,0.37142857142857144,0.05135061405599117,0.1415613330900669,3.06363844871521,0.15165626630187035,24,3,3,11,7,0.125,0.125,0.4583333333333333,0.2916666666666667,6,0,0.0
recovered_archive2/103,2.0,0.0,0.0,1.0,0.0,0.0,0.0,1.0,0.0,0.042640507221221924,0.10459256172180176,2.48260760307312,0.11325830966234207,1.875,0.0,0.25,1.625,0.0,0.0,0.14285714285714285,0.8571428571428571,0.0,0.0421030798128673,0.10691381990909576,2.5412522043500627,0.11485753314835685,1.0,0.0,0.0,1.0,0.0,0.0,0.0,0.75,0.0,0.0374482199549675,0.1027631014585495,2.379252076148987,0.11020137369632721,2.0,0.0,0.25,2.0,0.0,0.0,0.25,1.0,0.0,0.04743840545415878,0.11392413079738617,2.6476657390594482,0.12219715490937233,15,0,2,13,0,0.0,0.13333333333333333,0.8666666666666667,0.0,8,0,0.125
recovered_archive2/104,1.0,0.0,0.0,1.0,0.0,0.0,0.0,0.75,0.0,0.09674015641212463,0.1765831708908081,2.190681219100952,0.20134615898132324,1.3636363636363635,0.36363636363636365,0.09090909090909091,0.9090909090909091,0.0,0.287037037037037,0.1111111111111111,0.6018518518518519,0.0,0.08301550646622975,0.1738488351305326,2.167910509639316,0.19305165029234356,1.0,0.0,0.0,0.0,0.0,0.0,0.0,0.0,0.0,0.04391898214817047,0.11013317108154297,1.8253347873687744,0.11588996648788452,1.5,1.0,0.0,1.5,0.0,0.3333333333333333,0.0,1.0,0.0,0.10879924893379211,0.2410339117050171,2.2522056102752686,0.2641867995262146,15,4,1,10,0,0.26666666666666666,0.06666666666666667,0.6666666666666666,0.0,11,0,0.18181818181818182
recovered_archive2/105,2.0,0.0,0.0,0.5,0.0,0.0,0.0,0.5,0.125,0.04286416061222553,0.11915428563952446,2.418207287788391,0.12690874189138412,1.75,0.0,0.25,1.0833333333333333,0.4166666666666667,0.0,0.175,0.5,0.325,0.052174361795186995,0.12614740058779716,2.4424508810043335,0.13676812127232552,1.0,0.0,0.0,0.0,0.0,0.0,0.0,0.0,0.0,0.037994795478880405,0.1003266591578722,2.199088156223297,0.10651193745434284,2.0,0.0,0.25,2.0,1.0,0.0,0.1875,1.0,0.5,0.06506368704140186,0.14385445788502693,2.710145592689514,0.15710366517305374,21,0,3,13,5,0.0,0.14285714285714285,0.6190476190476191,0.23809523809523808,12,0,0.16666666666666666
recovered_archive2/106,5.5,0.0,4.5,2.0,0.0,0.0,0.6190476190476191,0.30952380952380953,0.0,0.03653932362794876,0.1323973648250103,3.301857352256775,0.1386507824063301,6.0,0.25,3.25,2.5,0.0,0.049107142857142856,0.5044642857142857,0.4464285714285714,0.0,0.04026116896420717,0.1284846467897296,3.1340734660625458,0.13447297923266888,5.0,0.0,0.75,1.75,0.0,0.0,0.1875,0.25595238095238093,0.0,0.035993561148643494,0.11490558460354805,2.7421253323554993,0.12021978758275509,7.0,0.25,5.0,3.5,0.0,0.03571428571428571,0.7440476190476191,0.625,0.0,0.043109193444252014,0.14612657576799393,3.4640833735466003,0.1526147462427616,48,2,26,20,0,0.041666666666666664,0.5416666666666666,0.4166666666666667,0.0,8,0,0.0
recovered_archive2/107,4.5,0.0,0.0,4.0,0.5,0.0,0.0,0.75,0.1111111111111111,0.04328069090843201,0.12179939448833466,2.6003947257995605,0.1288646012544632,5.0,0.1,0.4,4.0,0.5,0.012345679012345678,0.06631393298059965,0.8005291005291005,0.12081128747795414,0.04354325350787905,0.11843129330211216,2.637275060017904,0.12706056320004994,4.0,0.0,0.0,3.0,0.0,0.0,0.0,0.6666666666666666,0.0,0.04216936230659485,0.1083778366446495,2.546757221221924,0.11664162576198578,6.75,0.0,0.75,5.5,1.0,0.0,0.1111111111111111,1.0,0.25,0.045567937195301056,0.13147372007369995,2.714707374572754,0.14066514372825623,50,1,4,40,5,0.02,0.08,0.8,0.1,10,0,0.1
recovered_archive2/108,4.0,0.0,0.0,4.0,0.0,0.0,0.0,0.9166666666666667,0.0,0.05102337896823883,0.12249834463000298,2.5155731439590454,0.13454441726207733,4.333333333333333,0.0,0.3333333333333333,3.6666666666666665,0.3333333333333333,0.0,0.048611111111111105,0.8472222222222223,0.10416666666666667,0.04958947499593099,0.12082914883891742,2.5040076971054077,0.13138418644666672,2.25,0.0,0.0,2.25,0.0,0.0,0.0,0.7708333333333334,0.0,0.043193332850933075,0.09940101765096188,2.4340770840644836,0.11009422317147255,5.75,0.0,0.75,5.0,0.75,0.0,0.09375,1.0,0.09375,0.052690289914608,0.14472723379731178,2.6631486415863037,0.15376920998096466,26,0,2,22,2,0.0,0.07692307692307693,0.8461538461538461,0.07692307692307693,6,0,0.0
recovered_archive2/109,7.0,0.0,0.0,7.0,0.0,0.0,0.0,1.0,0.0,0.03712765872478485,0.13936462998390198,3.7777438163757324,0.14414814114570618,7.769230769230769,0.0,0.3076923076923077,7.3076923076923075,0.15384615384615385,0.0,0.04673659673659673,0.9282634032634032,0.025,0.037292160953466706,0.1454795255110814,3.693607898858877,0.15041304666262406,5.0,0.0,0.0,5.0,0.0,0.0,0.0,0.9,0.0,0.03414040803909302,0.12326725572347641,3.5691137313842773,0.12766845524311066,10.0,0.0,1.0,10.0,0.0,0.0,0.08333333333333333,1.0,0.0,0.040347278118133545,0.16468429565429688,3.8187057971954346,0.16846045851707458,101,0,4,95,2,0.0,0.039603960396039604,0.9405940594059405,0.019801980198019802,13,0,0.0
recovered_archive2/110,3.0,0.0,1.0,1.5,0.0,0.0,0.41666666666666663,0.5,0.0,0.042534440755844116,0.15369010716676712,3.1739245653152466,0.1581283137202263,3.4,0.1,1.0,2.1,0.2,0.03333333333333333,0.41742424242424236,0.5068181818181818,0.04242424242424243,0.04511153772473335,0.15232768207788466,3.201865530014038,0.15860506519675255,1.25,0.0,1.0,1.0,0.0,0.0,0.13068181818181818,0.375,0.0,0.03970742225646973,0.1268393136560917,2.561832845211029,0.1332731619477272,4.0,0.0,1.0,2.0,0.0,0.0,0.5,0.7291666666666666,0.0,0.04876558855175972,0.18315182998776436,3.5951188802719116,0.18980231136083603,34,1,10,21,2,0.029411764705882353,0.29411764705882354,0.6176470588235294,0.058823529411764705,10,0,0.0
recovered_archive2/111,6.0,0.0,2.0,3.0,1.0,0.0,0.375,0.5,0.125,0.04673168063163757,0.15775281190872192,3.271728515625,0.1646745204925537,5.8,0.0,1.8,3.2,0.8,0.0,0.325,0.545,0.13,0.04985315501689911,0.15827863216400145,3.2181277751922606,0.16638453006744386,5.0,0.0,1.0,3.0,0.0,0.0,0.25,0.5,0.0,0.04641813039779663,0.15309816598892212,2.936988115310669,0.15767204761505127,8.0,0.0,3.0,4.0,1.0,0.0,0.5,0.6,0.125,0.05419284105300903,0.161067396402359,3.430314540863037,0.17576169967651367,29,0,9,16,4,0.0,0.3103448275862069,0.5517241379310345,0.13793103448275862,5,0,0.0
recovered_archive2/112,2.0,1.0,0.0,1.0,0.0,0.5,0.0,0.5,0.0,0.15688098222017288,0.278227299451828,2.057092070579529,0.31366729736328125,2.3333333333333335,1.3333333333333333,0.0,1.0,0.0,0.5416666666666666,0.0,0.4583333333333333,0.0,0.15089617669582367,0.2939485739916563,2.0564694702625275,0.33223145827651024,2.0,1.0,0.0,0.0,0.0,0.4583333333333333,0.0,0.375,0.0,0.11485102400183678,0.22948462888598442,1.8011026978492737,0.27388570830225945,3.0,2.0,0.0,2.0,0.0,0.625,0.0,0.5416666666666666,0.0,0.18051885813474655,0.3633142113685608,2.3438028693199158,0.41179727017879486,21,12,0,9,0,0.5714285714285714,0.0,0.42857142857142855,0.0,9,0,0.1111111111111111
recovered_archive2/113,1.5,0.0,0.0,1.5,0.0,0.0,0.0,1.0,0.0,0.08380059897899628,0.24517172574996948,3.4926328659057617,0.25491654872894287,1.375,0.0,0.0,1.375,0.0,0.0,0.0,1.0,0.0,0.07966718077659607,0.2712324380874634,3.3410410404205324,0.2832003593444824,0.0,0.0,0.0,0.0,0.0,0.0,0.0,1.0,0.0,0.06929334998130798,0.23485711216926575,2.914518356323242,0.24938470125198364,2.0,0.0,0.0,2.0,0.0,0.0,0.0,1.0,0.0,0.08802604675292969,0.34223589301109314,3.607093572616577,0.3533751368522644,11,0,0,11,0,0.0,0.0,1.0,0.0,8,0,0.375
recovered_archive2/114,2.0,1.0,1.0,0.0,0.0,0.16666666666666666,0.6666666666666666,0.0,0.0,0.06406944990158081,0.16561415791511536,2.2049951553344727,0.19838127493858337,2.4285714285714284,0.7142857142857143,1.2857142857142858,0.2857142857142857,0.14285714285714285,0.3095238095238095,0.619047619047619,0.047619047619047616,0.023809523809523808,0.08052889683416911,0.16765005247933523,2.029214007513864,0.1838222507919584,1.0,0.0,1.0,0.0,0.0,0.0,0.3333333333333333,0.0,0.0,0.05850951373577118,0.13350607454776764,1.3663132786750793,0.15612038224935532,3.0,1.0,2.0,0.0,0.0,0.5,1.0,0.0,0.0,0.10540436208248138,0.19144649803638458,2.5214723348617554,0.20112697035074234,17,5,9,2,1,0.29411764705882354,0.5294117647058824,0.11764705882352941,0.058823529411764705,7,0,0.0
recovered_archive2/115,5.0,0.0,1.0,4.0,0.0,0.045454545454545456,0.15000000000000002,0.7571428571428571,0.0,0.04167696833610535,0.10729441419243813,2.215494394302368,0.11224104091525078,5.7272727272727275,0.5454545454545454,1.0,3.909090909090909,0.2727272727272727,0.1040909090909091,0.16045454545454546,0.6818831168831169,0.05357142857142857,0.04622073881328106,0.1118882142007351,2.5169173955917357,0.12081368044018745,4.0,0.0,0.0,1.5,0.0,0.0,0.0,0.4363636363636364,0.0,0.0379678038880229,0.08883052691817284,2.1668670177459717,0.09609470516443253,8.5,1.0,1.0,5.5,0.0,0.17500000000000002,0.2375,0.8818181818181818,0.0,0.04531325027346611,0.12693628296256065,2.9670956134796143,0.1378666702657938,63,6,11,43,3,0.09523809523809523,0.1746031746031746,0.6825396825396826,0.047619047619047616,11,0,0.09090909090909091
recovered_archive2/116,2.0,0.0,1.5,0.0,0.0,0.0,0.5,0.0,0.0,0.043535053730010986,0.16340216994285583,3.266810894012451,0.17278078198432922,2.8333333333333335,0.16666666666666666,1.8333333333333333,0.5,0.3333333333333333,0.02857142857142857,0.5714285714285714,0.25,0.15,0.04942822456359863,0.17222853600978852,3.5066668033599853,0.17935876846313475,2.0,0.0,0.25,0.0,0.0,0.0,0.5,0.0,0.0,0.041562169790267944,0.16198687255382538,3.0200552940368652,0.1672343909740448,3.5,0.0,2.0,0.75,0.75,0.0,0.8571428571428571,0.25,0.25,0.056150853633880615,0.18557219207286835,3.9727776050567627,0.19038040935993195,17,1,11,3,2,0.058823529411764705,0.6470588235294118,0.17647058823529413,0.11764705882352941,6,0,0.16666666666666666
recovered_archive2/117,3.5,0.0,1.0,3.0,0.0,0.0,0.225,0.675,0.0,0.04733586311340332,0.13944730162620544,2.979565143585205,0.14829128980636597,3.375,0.125,0.75,2.375,0.125,0.03333333333333333,0.3268518518518519,0.6212962962962963,0.018518518518518517,0.046805125971635185,0.14286179095506668,2.961447517077128,0.15172920376062393,0.75,0.0,0.0,0.0,0.0,0.0,0.13333333333333333,0.6,0.0,0.04378318414092064,0.13787436112761497,2.825917661190033,0.14515723660588264,5.0,0.0,1.0,3.0,0.0,0.0,0.36250000000000004,0.7708333333333334,0.0,0.04964262247085571,0.1458277441561222,3.1346797943115234,0.15655695647001266,27,1,6,19,1,0.037037037037037035,0.2222222222222222,0.7037037037037037,0.037037037037037035,8,0,0.25
recovered_archive2/118,5.0,0.0,0.5,4.5,0.0,0.0,0.125,0.75,0.0,0.04620107263326645,0.16555339843034744,3.5598933696746826,0.17303159087896347,5.125,0.25,0.6875,3.875,0.3125,0.045436507936507935,0.17142857142857143,0.7380952380952381,0.04503968253968254,0.04530248258795057,0.16589069260018213,3.6364026750837053,0.172015302415405,4.0,0.0,0.0,1.75,0.0,0.0,0.0,0.6875,0.0,0.0363980308175087,0.14202657714486122,3.076427161693573,0.14671486616134644,6.5,0.25,1.0,5.25,0.25,0.08333333333333333,0.25,0.8333333333333334,0.0625,0.04955589771270752,0.18168600276112556,4.076092720031738,0.1905057318508625,82,4,11,62,5,0.04878048780487805,0.13414634146341464,0.7560975609756098,0.06097560975609756,16,0,0.125
recovered_archive2/119,0.0,0.0,0.0,0.0,0.0,0.0,0.6666666666666666,0.3333333333333333,0.0,0.03518719971179962,0.1487274467945099,4.010542392730713,0.15214581787586212,1.8181818181818181,0.0,0.7272727272727273,1.0909090909090908,0.0,0.0,0.5166666666666666,0.4833333333333333,0.0,0.0346262663602829,0.14496122002601625,4.081052637100219,0.14939678311347962,0.0,0.0,0.0,0.0,0.0,0.0,0.25,0.3333333333333333,0.0,0.033008575439453125,0.14100909233093262,3.9491052627563477,0.14497704803943634,3.5,0.0,1.0,1.5,0.0,0.0,0.6666666666666666,0.75,0.0,0.035974204540252686,0.15051010251045227,4.080692768096924,0.15549054741859436,20,0,8,12,0,0.0,0.4,0.6,0.0,11,0,0.5454545454545454
recovered_archive2/120,2.0,0.0,1.0,1.0,0.0,0.0,0.5,0.3333333333333333,0.0,0.0368436723947525,0.14015866816043854,3.760918140411377,0.14604856073856354,3.8,0.0,2.6,0.8,0.4,0.0,0.675,0.26666666666666666,0.05833333333333333,0.03862904310226441,0.1443596974015236,3.677258586883545,0.1500493288040161,2.0,0.0,1.0,0.0,0.0,0.0,0.5,0.0,0.0,0.03511616587638855,0.12578368186950684,3.5181632041931152,0.13015413284301758,6.0,0.0,3.0,1.0,1.0,0.0,0.875,0.5,0.125,0.0393529087305069,0.14883756637573242,3.9060258865356445,0.15556877851486206,19,0,13,4,2,0.0,0.6842105263157895,0.21052631578947367,0.10526315789473684,5,0,0.0
recovered_archive2/121,1.0,0.0,0.0,1.0,0.0,0.0,0.5,0.5,0.0,0.030672842636704445,0.12528863549232483,3.7466654777526855,0.12908309698104858,1.5555555555555556,0.0,0.7777777777777778,0.7777777777777778,0.0,0.0,0.42000000000000004,0.58,0.0,0.03261222280561924,0.1263506680727005,3.773267698287964,0.13072710037231444,0.0,0.0,0.0,0.0,0.0,0.0,0.5,0.5,0.0,0.02947854995727539,0.12239336222410202,3.6148548126220703,0.12591180205345154,2.0,0.0,1.0,1.0,0.0,0.0,0.5,0.5,0.0,0.0359748899936676,0.13138243556022644,4.080644607543945,0.13510961830615997,14,0,7,7,0,0.0,0.5,0.5,0.0,9,0,0.4444444444444444
recovered_archive2/122,5.5,0.0,1.0,3.0,1.0,0.0,0.225,0.6125,0.15476190476190477,0.03840869106352329,0.16735200583934784,3.9207470417022705,0.17191650718450546,6.0,0.0,1.4166666666666667,3.5833333333333335,1.0,0.0,0.22040644540644538,0.5577982202982202,0.2217953342953343,0.04280571670581897,0.17596503781775633,3.9260097543398538,0.18139702454209328,4.75,0.0,0.75,2.75,1.0,0.0,0.06818181818181818,0.4270833333333333,0.10606060606060605,0.03556440770626068,0.13397721573710442,3.372696280479431,0.13955296203494072,8.0,0.0,2.0,5.0,1.0,0.0,0.3333333333333333,0.7232142857142857,0.21250000000000002,0.0415443480014801,0.19848863780498505,4.100937008857727,0.2032662220299244,72,0,17,43,12,0.0,0.2361111111111111,0.5972222222222222,0.16666666666666666,12,0,0.0
recovered_archive2/123,5.0,0.0,2.0,2.0,1.0,0.0,0.3333333333333333,0.4,0.16666666666666666,0.04838838428258896,0.1625753939151764,3.1724867820739746,0.16760805249214172,4.857142857142857,0.14285714285714285,1.5714285714285714,2.142857142857143,1.0,0.023809523809523808,0.4108843537414966,0.38197278911564625,0.18333333333333332,0.049657722136804035,0.16765197685786656,3.324220657348633,0.17663995602301188,4.0,0.0,1.0,1.0,0.0,0.0,0.19642857142857142,0.20833333333333331,0.0,0.04157720319926739,0.16106245666742325,2.949568510055542,0.1669294610619545,6.0,0.0,2.0,2.5,1.0,0.0,0.575,0.5,0.225,0.05444001406431198,0.18359943479299545,3.6066744327545166,0.19087351113557816,34,1,11,15,7,0.029411764705882353,0.3235294117647059,0.4411764705882353,0.20588235294117646,7,0,0.0
recovered_archive2/124,4.5,0.0,0.0,3.0,1.0,0.0,0.0,0.6458333333333333,0.25,0.0444354172796011,0.1846810281276703,3.7970054149627686,0.18891066312789917,4.625,0.125,0.375,2.875,1.25,0.03333333333333333,0.0625,0.6694444444444444,0.2347222222222222,0.044493709380427994,0.18567505975564322,3.9181371132532754,0.19070548315842947,2.25,0.0,0.0,2.25,0.0,0.0,0.0,0.60625,0.21250000000000002,0.04301981907337904,0.17689552903175354,3.4812551736831665,0.18115979060530663,8.0,0.0,0.25,3.5,2.25,0.0,0.09375,0.7291666666666666,0.3125,0.04697135463356972,0.18681184947490692,4.294301867485046,0.191217802464962,37,1,3,23,10,0.02702702702702703,0.08108108108108109,0.6216216216216216,0.2702702702702703,8,0,0.25
recovered_archive2/125,2.5,0.0,1.0,0.5,0.5,0.0,0.30952380952380953,0.16666666666666666,0.125,0.05617393180727959,0.16061191260814667,2.841818690299988,0.16765261441469193,3.0,0.25,1.125,1.125,0.5,0.07291666666666666,0.3586309523809524,0.318452380952381,0.25,0.054460116662085056,0.1612372687086463,3.0433534681797028,0.1711560096591711,1.75,0.0,0.75,0.0,0.0,0.0,0.1875,0.0,0.0,0.04215995967388153,0.12180576846003532,2.67123943567276,0.1356615647673607,4.0,0.25,2.0,1.25,1.0,0.0625,0.5,0.5535714285714286,0.3125,0.06631101295351982,0.20263264700770378,3.2758718729019165,0.21402499824762344,24,2,9,9,4,0.08333333333333333,0.375,0.375,0.16666666666666666,8,0,0.0
recovered_archive2/126,2.0,0.0,0.5,0.0,0.5,0.2,0.225,0.0,0.35,0.06414954736828804,0.16396214812994003,2.585879683494568,0.1800437495112419,2.1666666666666665,0.5,0.6666666666666666,0.16666666666666666,0.8333333333333334,0.225,0.3625,0.05,0.3625,0.07080833055078983,0.16168061643838882,2.4380120635032654,0.17919142171740532,0.5,0.0,0.0,0.0,0.0,0.0,0.15000000000000002,0.0,0.15000000000000002,0.05938669294118881,0.1535818837583065,2.3765154480934143,0.16688723862171173,3.5,0.75,1.0,0.0,1.0,0.42500000000000004,0.4375,0.05,0.5625,0.07557118497788906,0.17206088081002235,2.647376298904419,0.1923479326069355,13,3,4,1,5,0.23076923076923078,0.3076923076923077,0.07692307692307693,0.38461538461538464,6,0,0.3333333333333333
recovered_archive2/127,7.0,0.0,1.0,5.0,0.0,0.0,0.13392857142857142,0.7321428571428572,0.0625,0.03562139347195625,0.1263761967420578,3.3330167531967163,0.13208237290382385,7.2727272727272725,0.0,1.0,5.454545454545454,0.8181818181818182,0.0,0.14978896103896105,0.7258062770562771,0.1244047619047619,0.03739263638854027,0.12788190692663193,3.3779284238815306,0.1331596590578556,5.0,0.0,0.0,3.0,0.0,0.0,0.015625,0.6354166666666666,0.0,0.03468981385231018,0.11040030047297478,3.2070285081863403,0.115450294688344,9.0,0.0,2.0,7.0,1.5,0.0,0.19545454545454546,0.809375,0.24553571428571427,0.03950928896665573,0.14496192336082458,3.5622564554214478,0.15042700991034508,80,0,11,60,9,0.0,0.1375,0.75,0.1125,11,0,0.09090909090909091
recovered_archive2/128,5.5,0.0,3.0,0.0,1.0,0.0,0.6333333333333333,0.0,0.16666666666666666,0.05361371673643589,0.16913779079914093,3.100515604019165,0.17769405990839005,5.0,0.3333333333333333,3.1666666666666665,0.3333333333333333,1.1666666666666667,0.05555555555555555,0.6277777777777778,0.08333333333333333,0.2333333333333333,0.05056020555396875,0.16030163938800493,3.044193903605143,0.16806059827407202,4.25,0.0,2.25,0.0,1.0,0.0,0.525,0.0,0.16666666666666666,0.05184810981154442,0.16546110808849335,2.9400158524513245,0.17228853330016136,6.0,0.0,3.75,0.75,1.75,0.0,0.6666666666666666,0.125,0.3416666666666667,0.05506176967173815,0.17187894135713577,3.1095601320266724,0.17930379137396812,30,2,19,2,7,0.06666666666666667,0.6333333333333333,0.06666666666666667,0.23333333333333334,6,0,0.0
recovered_archive2/129,15.0,0.0,0.5,12.5,0.5,0.0,0.014285714285714285,0.8708333333333333,0.023809523809523808,0.042463675141334534,0.15145082771778107,3.508178234100342,0.1586763858795166,17.375,0.75,0.625,15.5,0.5,0.052564102564102565,0.03533352612299981,0.8756127096587623,0.036489661654135336,0.042044348549097776,0.150868927128613,3.5364643335342407,0.15707385633140802,13.0,0.0,0.0,11.0,0.0,0.0,0.0,0.8461538461538461,0.0,0.03905385360121727,0.1301734298467636,3.2508562803268433,0.1361708641052246,19.5,2.0,1.0,17.5,1.0,0.13333333333333333,0.04887218045112782,0.8972431077694236,0.05614035087719298,0.04475841764360666,0.17104815691709518,3.884355366230011,0.17660491913557053,139,6,5,124,4,0.04316546762589928,0.03597122302158273,0.8920863309352518,0.02877697841726619,8,0,0.0
recovered_archive2/130,12.0,0.0,0.0,10.0,1.0,0.0,0.0,0.8916666666666666,0.06547619047619047,0.03846128657460213,0.11307210102677345,2.8492342233657837,0.12017569690942764,15.0625,0.0625,0.3125,13.125,1.5625,0.001388888888888889,0.027462121212121212,0.8602614490772386,0.11088754082175134,0.04107742151245475,0.1253540776669979,2.993391901254654,0.1320713870227337,7.25,0.0,0.0,4.75,0.0,0.0,0.0,0.8136363636363637,0.0,0.03591210022568703,0.100874537602067,2.6727657318115234,0.10633022338151932,18.75,0.0,0.25,18.5,2.5,0.0,0.020833333333333332,0.9642857142857142,0.16842105263157894,0.04355599358677864,0.14275559410452843,3.128415584564209,0.14858802780508995,241,1,5,210,25,0.004149377593360996,0.02074688796680498,0.8713692946058091,0.1037344398340249,16,0,0.0
recovered_archive2/132,6.0,0.0,0.5,5.0,0.0,0.0,0.14285714285714285,0.8571428571428571,0.0,0.03746163845062256,0.15544717013835907,3.472390651702881,0.1600887030363083,5.642857142857143,0.0,0.6428571428571429,5.0,0.0,0.0,0.20659340659340658,0.7934065934065935,0.0,0.038236128023037545,0.14624452705566698,3.7124825624319224,0.15166724587862307,3.0,0.0,0.0,2.25,0.0,0.0,0.0,0.8,0.0,0.03494834899902344,0.11581020057201385,3.189312696456909,0.12051697075366974,7.0,0.0,1.0,7.0,0.0,0.0,0.2,1.0,0.0,0.039750754833221436,0.16638800501823425,4.4271721839904785,0.17238976061344147,79,0,9,70,0,0.0,0.11392405063291139,0.8860759493670886,0.0,14,0,0.07142857142857142
recovered_archive2/135,4.5,0.0,0.0,2.0,0.0,0.0,0.0,0.7976190476190477,0.0,0.05176559090614319,0.12170649692416191,2.2601171731948853,0.1317027397453785,5.875,0.125,0.875,4.75,0.125,0.08333333333333333,0.15079365079365079,0.753968253968254,0.011904761904761904,0.05659699191649755,0.13219410429398218,2.2797085841496787,0.14572651063402495,0.75,0.0,0.0,0.75,0.0,0.0,0.0,0.5416666666666666,0.0,0.0469464510679245,0.10235514305531979,2.141620397567749,0.1135569903999567,10.25,0.0,0.75,7.75,0.0,0.0,0.25,0.9821428571428572,0.0,0.05261063575744629,0.12968221679329872,2.4219775795936584,0.14185547828674316,47,1,7,38,1,0.02127659574468085,0.14893617021276595,0.8085106382978723,0.02127659574468085,8,0,0.25
recovered_archive2/136,17.0,0.0,3.5,15.0,1.0,0.0,0.19147005444646098,0.7681992337164751,0.035759897828863345,0.04078900068998337,0.1300068348646164,3.106950044631958,0.13705089688301086,16.785714285714285,0.0,3.642857142857143,12.5,0.6428571428571429,0.0,0.2847983759871237,0.6735399746788131,0.041661649334063126,0.04444855824112892,0.1497287760887827,3.297334602900914,0.15701567168746675,8.0,0.0,2.0,5.5,0.0,0.0,0.13078703703703703,0.62875,0.0,0.036347948014736176,0.11258943378925323,2.934591829776764,0.12026244401931763,25.75,0.0,5.0,20.5,1.0,0.0,0.3073076923076923,0.8093869731800766,0.062140804597701146,0.053547224029898643,0.16993753239512444,3.2818305492401123,0.1770218051970005,235,0,51,175,9,0.0,0.2170212765957447,0.7446808510638298,0.03829787234042553,14,0,0.0
recovered_archive2/137,0.0,0.0,0.0,0.0,0.0,,,,,,,,,0.0,0.0,0.0,0.0,0.0,,,,,,,,,0.0,0.0,0.0,0.0,0.0,,,,,,,,,0.0,0.0,0.0,0.0,0.0,,,,,,,,,0,0,0,0,0,,,,,5,1,1.0
recovered_archive2/139,2.0,0.0,1.0,0.0,1.0,0.0,0.3333333333333333,0.16666666666666666,0.5,0.05884487181901932,0.21790224313735962,3.7512903213500977,0.22595332562923431,2.5714285714285716,0.0,0.7142857142857143,0.7142857142857143,1.1428571428571428,0.0,0.3055555555555555,0.2222222222222222,0.47222222222222215,0.053032913555701576,0.19655868907769522,3.643492102622986,0.2035945082704226,2.0,0.0,0.5,0.0,1.0,0.0,0.20833333333333331,0.0,0.375,0.04605793580412865,0.13801689818501472,3.1899120211601257,0.1449720561504364,3.0,0.0,1.0,1.0,1.5,0.0,0.4583333333333333,0.4583333333333333,0.5,0.05944960564374924,0.248510479927063,4.117791295051575,0.2555185928940773,18,0,5,5,8,0.0,0.2777777777777778,0.2777777777777778,0.4444444444444444,7,0,0.14285714285714285
recovered_archive2/141,11.5,0.0,7.0,4.5,0.0,0.0,0.6038961038961039,0.39285714285714285,0.0,0.04735830798745155,0.1937330737709999,4.208341121673584,0.19939053803682327,10.166666666666666,0.08333333333333333,6.083333333333333,4.0,0.0,0.007575757575757576,0.6255005411255411,0.3669237012987013,0.0,0.05375740801294645,0.22167779008547464,4.188919524351756,0.22822319716215134,6.25,0.0,3.0,2.75,0.0,0.0,0.546875,0.29318181818181815,0.0,0.04362714849412441,0.18226469680666924,4.063604891300201,0.19096877053380013,14.0,0.0,8.25,6.0,0.0,0.0,0.6571428571428571,0.453125,0.0,0.050143394619226456,0.2429172545671463,4.433554291725159,0.24749138206243515,122,1,73,48,0,0.00819672131147541,0.5983606557377049,0.39344262295081966,0.0,12,0,0.0
recovered_archive2/142,5.5,0.0,0.0,2.0,1.0,0.0,0.0,0.5416666666666667,0.2361111111111111,0.04870609939098358,0.11277861893177032,2.4148603677749634,0.12357059121131897,6.666666666666667,0.5,0.6666666666666666,3.8333333333333335,1.6666666666666667,0.10119047619047619,0.08518518518518518,0.5798148148148148,0.23380952380952377,0.05139908492565155,0.13212704434990882,2.538069415092468,0.14280930459499358,1.75,0.0,0.0,1.0,0.0,0.0,0.0,0.42500000000000004,0.11904761904761904,0.03767150640487671,0.1018944289535284,2.22327983379364,0.10840403102338314,7.5,1.0,0.25,5.5,3.0,0.2232142857142857,0.125,0.6838624338624338,0.3125,0.058281440287828445,0.16569523885846138,2.760278880596161,0.18034030497074127,80,6,8,46,20,0.075,0.1,0.575,0.25,12,0,0.16666666666666666
recovered_archive2/144,8.5,0.0,1.0,6.0,0.5,0.0,0.15000000000000002,0.75,0.03225806451612903,0.05137812718749046,0.23812061548233032,4.227219104766846,0.24576762318611145,11.5,0.0,1.3333333333333333,9.333333333333334,0.8333333333333334,0.0,0.17857142857142858,0.7440092165898617,0.07741935483870968,0.05021131411194801,0.21538982664545378,4.035283168156941,0.22207659482955933,6.25,0.0,0.25,3.75,0.0,0.0,0.025,0.6,0.0,0.049588875845074654,0.1917707920074463,3.565283238887787,0.1983332484960556,10.0,0.0,1.75,8.25,1.75,0.0,0.2,0.9266129032258064,0.16612903225806452,0.05677412822842598,0.25161442905664444,4.534272789955139,0.25949016213417053,69,0,8,56,5,0.0,0.11594202898550725,0.8115942028985508,0.07246376811594203,6,0,0.0
recovered_archive2/145,5.0,0.0,2.0,1.0,0.0,0.0,0.5,0.25,0.0,0.05962783098220825,0.18863973021507263,3.0181374549865723,0.20449034869670868,5.222222222222222,0.0,3.111111111111111,1.6666666666666667,0.4444444444444444,0.0,0.5656084656084656,0.3047619047619048,0.12962962962962962,0.05922074284818438,0.18477994369135964,3.123312473297119,0.19574139184421963,4.0,0.0,2.0,1.0,0.0,0.0,0.5,0.14285714285714285,0.0,0.04767182469367981,0.16076576709747314,2.698695659637451,0.16558246314525604,6.0,0.0,6.0,3.0,1.0,0.0,0.6666666666666666,0.5,0.25,0.07094055414199829,0.19885492324829102,3.517721652984619,0.20738539099693298,47,0,28,15,4,0.0,0.5957446808510638,0.3191489361702128,0.0851063829787234,9,0,0.0
recovered_archive2/146,10.0,0.0,1.0,8.0,0.0,0.0,0.0625,0.9285714285714286,0.0,0.045513153076171875,0.13244935870170593,3.0545854568481445,0.1428200900554657,9.555555555555555,0.2222222222222222,1.0,8.0,0.3333333333333333,0.03809523809523809,0.15156926406926408,0.7741573902288188,0.03617810760667904,0.04426374499286924,0.14026935824326106,3.1503846985953197,0.14842864871025085,6.0,0.0,0.0,1.0,0.0,0.0,0.025,0.7181818181818183,0.0,0.043463289737701416,0.12881934642791748,2.9365408420562744,0.1401601880788803,14.0,0.0,1.0,13.0,0.0,0.05,0.14090909090909093,0.94375,0.03571428571428571,0.04672982916235924,0.14099473506212234,3.0867176055908203,0.1481000855565071,86,2,9,72,3,0.023255813953488372,0.10465116279069768,0.8372093023255814,0.03488372093023256,9,0,0.2222222222222222
recovered_archive2/147,5.0,0.0,3.0,1.0,0.0,0.0,0.6666666666666666,0.25,0.0,0.05110573768615723,0.19865040481090546,4.052971839904785,0.20471879839897156,5.285714285714286,0.0,3.0,1.4285714285714286,0.8571428571428571,0.0,0.5921768707482994,0.23639455782312924,0.17142857142857143,0.051715094063963206,0.1907790686403002,3.8623014858790805,0.1973993480205536,4.0,0.0,2.5,0.0,0.0,0.0,0.4642857142857143,0.0,0.0,0.05035149306058884,0.1713399812579155,3.592936158180237,0.17804278433322906,6.5,0.0,3.5,2.5,1.5,0.0,0.775,0.41666666666666663,0.35,0.05283035337924957,0.20391173660755157,4.130162000656128,0.21003849804401398,37,0,21,10,6,0.0,0.5675675675675675,0.2702702702702703,0.16216216216216217,7,0,0.0
recovered_archive2/148,7.0,0.0,1.0,4.0,0.0,0.0,0.28968253968253965,0.7103174603174603,0.0,0.044043635949492455,0.17723532021045685,3.6548328399658203,0.18117216974496841,6.833333333333333,0.0,1.8333333333333333,5.0,0.0,0.0,0.3280433455433455,0.6719566544566544,0.0,0.04759873375296593,0.17699379622936248,3.6620791435241697,0.1836709827184677,2.0,0.0,0.75,1.0,0.0,0.0,0.1653846153846154,0.5,0.0,0.04046318680047989,0.14455430954694748,3.4649195671081543,0.14980687946081161,10.0,0.0,2.5,7.5,0.0,0.0,0.5,0.8346153846153846,0.0,0.05095025710761547,0.20773156359791756,3.87191504240036,0.21548782661557198,82,0,22,60,0,0.0,0.2682926829268293,0.7317073170731707,0.0,12,0,0.16666666666666666
recovered_archive2/149,9.0,0.0,0.0,4.0,4.0,0.0,0.0,0.4,0.5714285714285714,0.05369678884744644,0.1820630431175232,3.420440196990967,0.19213521480560303,9.11111111111111,0.0,0.6666666666666666,4.888888888888889,3.5555555555555554,0.0,0.06056166056166057,0.5044498711165377,0.43498846832180166,0.04844320979383257,0.16490700344244638,3.4219325648413763,0.17195283538765377,7.0,0.0,0.0,2.0,2.0,0.0,0.0,0.3333333333333333,0.23076923076923078,0.03687277436256409,0.14371630549430847,3.3928675651550293,0.14907334744930267,10.0,0.0,1.0,7.0,4.0,0.0,0.1,0.7142857142857143,0.6,0.05670124292373657,0.18925635516643524,3.496840000152588,0.19722238183021545,82,0,6,44,32,0.0,0.07317073170731707,0.5365853658536586,0.3902439024390244,9,0,0.0
recovered_archive2/150,8.0,0.0,2.5,5.5,0.0,0.0,0.3208333333333333,0.6458333333333333,0.0,0.04298693314194679,0.1619921773672104,3.8171167373657227,0.168427474796772,9.2,0.0,2.4,6.6,0.2,0.0,0.3301190476190476,0.646547619047619,0.023333333333333334,0.04398475997149944,0.1652557909488678,3.8295588731765746,0.17087699994444847,6.25,0.0,2.0,2.5,0.0,0.0,0.22916666666666666,0.5178571428571428,0.0,0.03876310586929321,0.13869568333029747,3.302031993865967,0.1434018239378929,9.0,0.0,3.0,7.75,0.0,0.0,0.48214285714285715,0.7708333333333334,0.0,0.04772934876382351,0.18817563354969025,4.377900719642639,0.19350039213895798,92,0,24,66,2,0.0,0.2608695652173913,0.717391304347826,0.021739130434782608,10,0,0.0
recovered_archive2/151,2.0,0.0,0.0,0.0,0.0,0.0,0.6666666666666666,0.3333333333333333,0.0,0.03664684295654297,0.1181173324584961,3.1108286380767822,0.12283192574977875,2.2222222222222223,0.0,1.0,1.1111111111111112,0.1111111111111111,0.0,0.5238095238095238,0.45238095238095244,0.023809523809523808,0.04102775454521179,0.12140341528824397,3.1117050647735596,0.12812383898666926,1.0,0.0,0.0,0.0,0.0,0.0,0.0,0.0,0.0,0.036189839243888855,0.10611854866147041,2.6024729013442993,0.11384367942810059,3.0,0.0,2.0,2.0,0.0,0.0,1.0,0.9166666666666667,0.0,0.04261144995689392,0.13606268912553787,3.6163032054901123,0.14075464755296707,20,0,9,10,1,0.0,0.45,0.5,0.05,9,0,0.2222222222222222
recovered_archive2/152,9.0,0.0,5.0,4.0,0.0,0.0,0.5,0.5,0.0,0.04955621808767319,0.1441277265548706,2.8032584190368652,0.15284940600395203,10.307692307692308,0.07692307692307693,4.384615384615385,5.615384615384615,0.23076923076923078,0.00591715976331361,0.42458052518781264,0.5537015953007856,0.01580071974808817,0.04694104481201906,0.1429723478280581,3.0015168373401346,0.1508707942870947,7.0,0.0,2.0,3.0,0.0,0.0,0.3333333333333333,0.4,0.0,0.0361480712890625,0.1244623064994812,2.7580316066741943,0.1294032484292984,12.0,0.0,6.0,6.0,0.0,0.0,0.5454545454545454,0.6666666666666666,0.0,0.05265702307224274,0.16184282302856445,3.2470340728759766,0.17312933504581451,134,1,57,73,3,0.007462686567164179,0.4253731343283582,0.5447761194029851,0.022388059701492536,13,0,0.0
recovered_archive2/155,21.5,0.0,1.0,18.5,0.0,0.0,0.058333333333333334,0.9416666666666667,0.0,0.03420187532901764,0.1330009400844574,4.0631422996521,0.1376408264040947,20.5,0.16666666666666666,1.8333333333333333,18.5,0.0,0.006944444444444444,0.08717793880837359,0.9058776167471819,0.0,0.033704167852799095,0.13070753465096155,4.00192924340566,0.13538780063390732,18.5,0.0,1.0,16.5,0.0,0.0,0.045108695652173916,0.8999999999999999,0.0,0.03233679383993149,0.1261414885520935,3.85805481672287,0.13279234245419502,23.0,0.0,1.75,21.25,0.0,0.0,0.09999999999999999,0.9548913043478261,0.0,0.034498780965805054,0.13873231038451195,4.144086241722107,0.14252182096242905,123,1,11,111,0,0.008130081300813009,0.08943089430894309,0.9024390243902439,0.0,6,0,0.0
recovered_archive2/158,5.0,0.0,0.0,3.0,0.0,0.0,0.0,0.6,0.0,0.037721455097198486,0.14295141398906708,3.5386788845062256,0.1494007706642151,5.833333333333333,0.0,1.0833333333333333,3.5833333333333335,1.1666666666666667,0.0,0.13869790340378574,0.6562515915457092,0.20505050505050504,0.04199529371478341,0.1436957378279079,3.5712022998116235,0.15002340891144492,2.75,0.0,0.0,2.0,0.0,0.0,0.0,0.5142857142857142,0.0,0.03533583879470825,0.12304465845227242,3.2457245588302612,0.12930908799171448,7.5,0.0,2.25,3.0,2.0,0.0,0.2549019607843137,0.9117647058823529,0.4,0.042633384466171265,0.1554439812898636,3.906653642654419,0.16068361699581146,70,0,13,43,14,0.0,0.18571428571428572,0.6142857142857143,0.2,12,0,0.08333333333333333
recovered_archive2/159,0.0,0.0,0.0,0.0,0.0,0.0,0.5,0.0,0.25,0.06741659343242645,0.14483153820037842,1.9702903032302856,0.15554383397102356,0.8571428571428571,0.0,0.42857142857142855,0.14285714285714285,0.2857142857142857,0.0,0.5,0.08333333333333333,0.4166666666666667,0.0674579565723737,0.13574519256750742,2.011090119679769,0.1502071594198545,0.0,0.0,0.0,0.0,0.0,0.0,0.25,0.0,0.125,0.0583137609064579,0.12089567631483078,1.9498755931854248,0.13213854655623436,1.0,0.0,0.5,0.0,0.5,0.0,0.75,0.125,0.625,0.07658147066831589,0.15513788163661957,2.0519047379493713,0.17094410955905914,6,0,3,1,2,0.0,0.5,0.16666666666666666,0.3333333333333333,7,0,0.5714285714285714
recovered_archive2/161,11.0,0.0,3.0,7.0,1.0,0.0,0.31666666666666665,0.5694444444444444,0.08712121212121213,0.043688347563147545,0.18106023967266083,3.5048139095306396,0.1860543191432953,9.88888888888889,0.5555555555555556,2.5555555555555554,6.0,0.7777777777777778,0.05677083333333333,0.269338474025974,0.6011679292929293,0.07272276334776334,0.04164839768782258,0.170486050657928,3.817329227924347,0.17641435377299786,9.0,0.0,1.0,5.0,0.0,0.0,0.22727272727272727,0.5,0.05357142857142857,0.03937914781272411,0.15168055705726147,3.2118767499923706,0.1582939699292183,12.0,1.0,3.0,7.0,1.0,0.11666666666666667,0.3333333333333333,0.6278409090909091,0.10277777777777777,0.045847684144973755,0.20065532624721527,4.504611372947693,0.20617372915148735,89,5,23,54,7,0.056179775280898875,0.25842696629213485,0.6067415730337079,0.07865168539325842,9,0,0.1111111111111111
recovered_archive2/162,11.0,0.0,3.0,7.0,2.0,0.0,0.21052631578947367,0.5833333333333334,0.15789473684210525,0.04167282581329346,0.12832826375961304,3.2394304275512695,0.13277463614940643,12.105263157894736,0.15789473684210525,2.789473684210526,7.421052631578948,1.736842105263158,0.0228298017771702,0.26044289960043304,0.5560772884962937,0.1606500101261031,0.042079352234539236,0.13657818891500173,3.1375589496211003,0.14296846052533702,9.0,0.0,0.5,3.5,1.0,0.0,0.043478260869565216,0.40404040404040403,0.06798245614035087,0.03678062558174133,0.11736610904335976,2.8072820901870728,0.12447728961706161,15.0,0.0,4.0,11.5,3.0,0.0,0.40404040404040403,0.7976588628762542,0.2403846153846154,0.046014752238988876,0.1525701954960823,3.3532031774520874,0.15908990055322647,230,3,53,141,33,0.013043478260869565,0.23043478260869565,0.6130434782608696,0.14347826086956522,19,0,0.0
recovered_archive2/163,0.0,0.0,0.0,0.0,0.0,0.0,0.0,1.0,0.0,0.03684818744659424,0.10651044547557831,3.1153180599212646,0.11351603269577026,1.0,0.0,0.0,0.875,0.125,0.0,0.0,0.9166666666666666,0.08333333333333333,0.03570167347788811,0.10761845608552296,3.0371201038360596,0.11362834771474202,0.0,0.0,0.0,0.0,0.0,0.0,0.0,0.875,0.0,0.03392207808792591,0.10392437130212784,2.9141045808792114,0.11004932597279549,1.5,0.0,0.0,1.5,0.0,0.0,0.0,1.0,0.125,0.03805452585220337,0.11075853556394577,3.1992346048355103,0.11715121194720268,8,0,0,7,1,0.0,0.0,0.875,0.125,8,0,0.625
recovered_archive2/164,0.5,0.0,0.0,0.0,0.0,0.0,0.0,0.875,0.0,0.043501853942871094,0.11029260605573654,2.6771589517593384,0.11939731612801552,1.0,0.0,0.1875,0.75,0.0625,0.0,0.21875,0.7395833333333333,0.041666666666666664,0.046326640993356705,0.12645021826028824,2.8055613934993744,0.13530572317540646,0.0,0.0,0.0,0.0,0.0,0.0,0.0,0.625,0.0,0.03543010167777538,0.10180421732366085,2.3427024483680725,0.11013896390795708,2.0,0.0,0.0,1.25,0.0,0.0,0.3125,1.0,0.0,0.050046129152178764,0.1328764371573925,3.122746706008911,0.14144909009337425,16,0,3,12,1,0.0,0.1875,0.75,0.0625,16,0,0.5
recovered_archive2/165,2.5,0.0,1.0,1.0,0.5,0.0,0.29166666666666663,0.29166666666666663,0.125,0.04600688815116882,0.16983506083488464,3.488474488258362,0.17775345593690872,2.5,0.0,1.0,0.75,0.75,0.0,0.35416666666666663,0.40625,0.23958333333333331,0.05183600727468729,0.16868442855775356,3.434199273586273,0.17668800055980682,1.75,0.0,0.0,0.0,0.0,0.0,0.0,0.0,0.0,0.039623916149139404,0.1479010060429573,2.7851266860961914,0.15257514268159866,3.25,0.0,1.25,1.0,1.25,0.0,0.5625,0.75,0.5,0.06490945257246494,0.188374612480402,3.9927457571029663,0.2005424164235592,20,0,8,6,6,0.0,0.4,0.3,0.3,8,0,0.0
recovered_archive2/167,6.5,0.0,4.0,1.5,1.0,0.0,0.7071428571428571,0.17142857142857143,0.12142857142857143,0.05253040790557861,0.15186700224876404,3.365748167037964,0.16144486516714096,6.5,0.0,4.5,1.25,0.75,0.0,0.7285714285714285,0.16904761904761906,0.10238095238095238,0.05325821042060852,0.16017261892557144,3.3602805137634277,0.16883069649338722,5.25,0.0,3.0,0.75,0.75,0.0,0.6499999999999999,0.10714285714285714,0.07500000000000001,0.047796137630939484,0.14149415493011475,2.500451445579529,0.14758451282978058,7.75,0.0,5.5,2.0,1.0,0.0,0.7857142857142857,0.23333333333333334,0.1488095238095238,0.05799248069524765,0.17054546624422073,4.225577235221863,0.1826910488307476,26,0,18,5,3,0.0,0.6923076923076923,0.19230769230769232,0.11538461538461539,4,0,0.0
recovered_archive2/168,12.0,0.0,4.0,8.0,0.0,0.0,0.2857142857142857,0.6666666666666666,0.0,0.038520604372024536,0.15375164151191711,3.76299786567688,0.15763920545578003,10.333333333333334,0.0,2.888888888888889,7.222222222222222,0.2222222222222222,0.0,0.29848484848484846,0.6845083487940631,0.017006802721088433,0.040770688227244785,0.1549421367900712,3.7215218544006348,0.16046606110674994,5.0,0.0,2.0,3.0,0.0,0.0,0.26136363636363635,0.6428571428571429,0.0,0.037892770022153854,0.14948619157075882,3.633063316345215,0.15515102446079254,14.0,0.0,4.0,9.0,0.0,0.0,0.34523809523809523,0.7386363636363636,0.023809523809523808,0.0440385527908802,0.15939676016569138,3.877198576927185,0.16551107913255692,93,0,26,65,2,0.0,0.27956989247311825,0.6989247311827957,0.021505376344086023,9,0,0.2222222222222222
recovered_archive2/169,10.0,0.0,1.0,6.0,2.0,0.0,0.1,0.6363636363636364,0.25,0.05081924796104431,0.1804639846086502,3.281787872314453,0.18651226162910461,9.4,0.4,1.2,5.6,2.2,0.04857142857142857,0.12129870129870128,0.5694805194805195,0.2606493506493507,0.051571592688560486,0.1837117612361908,3.35458025932312,0.19075604081153869,8.0,0.0,1.0,5.0,1.0,0.0,0.09090909090909091,0.5,0.09090909090909091,0.0468495637178421,0.14861740171909332,3.1666371822357178,0.15521271526813507,11.0,1.0,1.0,7.0,3.0,0.1,0.14285714285714285,0.75,0.3,0.053031355142593384,0.19968745112419128,3.6892435550689697,0.20838168263435364,47,2,6,28,11,0.0425531914893617,0.1276595744680851,0.5957446808510638,0.23404255319148937,5,0,0.0
recovered_archive2/170,7.0,0.0,2.0,2.0,2.0,0.125,0.375,0.25,0.2857142857142857,0.04892830550670624,0.1296141892671585,2.7026891708374023,0.1375231146812439,5.444444444444445,0.4444444444444444,2.0,1.3333333333333333,1.6666666666666667,0.1096938775510204,0.3948979591836735,0.22329931972789116,0.27210884353741494,0.04689153816018786,0.12830920091697148,2.584418705531529,0.13636316891227449,3.0,0.0,2.0,0.0,0.0,0.0,0.31666666666666665,0.18333333333333335,0.20535714285714285,0.04536053538322449,0.12161650136113167,2.4518498182296753,0.1308867335319519,8.0,1.0,3.0,2.0,2.0,0.15476190476190477,0.4017857142857143,0.2857142857142857,0.35416666666666663,0.05119103938341141,0.13712668418884277,2.725435972213745,0.145364411175251,49,4,18,12,15,0.08163265306122448,0.3673469387755102,0.24489795918367346,0.30612244897959184,9,0,0.2222222222222222
recovered_archive2/171,4.0,0.0,2.0,1.0,0.0,0.0,0.6666666666666666,0.3333333333333333,0.0,0.04637622833251953,0.15274715423583984,3.791779041290283,0.15723149478435516,5.0,0.0,3.2,1.6,0.2,0.0,0.553968253968254,0.39603174603174607,0.05,0.04890125915408135,0.15841512978076935,3.4562697887420653,0.1678603172302246,3.0,0.0,1.0,1.0,0.0,0.0,0.5,0.2857142857142857,0.0,0.03970986604690552,0.1448792666196823,2.578726291656494,0.1541779637336731,7.0,0.0,5.0,2.0,0.0,0.0,0.7142857142857143,0.5,0.0,0.05556918680667877,0.1649017333984375,3.851357936859131,0.18186098337173462,25,0,16,8,1,0.0,0.64,0.32,0.04,5,0,0.0
recovered_archive2/172,3.0,0.0,1.0,1.5,0.0,0.0,0.17142857142857143,0.7321428571428572,0.0,0.04301730915904045,0.13029760122299194,2.7416200637817383,0.1393524706363678,3.25,0.16666666666666666,0.5833333333333334,2.3333333333333335,0.16666666666666666,0.03273809523809524,0.23690476190476192,0.692857142857143,0.0375,0.04508984430382649,0.12470025941729546,2.7500134110450745,0.1329249863823255,1.0,0.0,0.0,1.0,0.0,0.0,0.0,0.5,0.0,0.040382636711001396,0.11189551092684269,2.4753997921943665,0.12079650349915028,4.25,0.0,1.0,3.0,0.0,0.0,0.3125,1.0,0.0,0.04667924251407385,0.13762707635760307,3.0050577521324158,0.1455044448375702,39,2,7,28,2,0.05128205128205128,0.1794871794871795,0.717948717948718,0.05128205128205128,12,0,0.0
recovered_archive2/173,8.0,0.0,2.0,6.5,0.0,0.0,0.18253968253968253,0.8174603174603174,0.0,0.04413202404975891,0.15570423007011414,3.3760554790496826,0.1620083823800087,8.625,0.0,1.875,6.5,0.25,0.0,0.3047491723962312,0.6660300483829895,0.02922077922077922,0.04338762117549777,0.14666241221129894,3.3926960229873657,0.15352741908282042,7.0,0.0,1.0,5.25,0.0,0.0,0.11601307189542484,0.5844155844155844,0.0,0.041684024035930634,0.13765645027160645,3.1502498984336853,0.14436554536223412,9.5,0.0,2.25,7.25,0.25,0.0,0.3474025974025974,0.8634453781512604,0.022727272727272728,0.04637583624571562,0.1618465855717659,3.6591336727142334,0.169325802475214,69,0,15,52,2,0.0,0.21739130434782608,0.7536231884057971,0.028985507246376812,8,0,0.0
recovered_archive2/174,1.0,0.0,0.0,0.0,0.0,0.0,0.3333333333333333,0.5,0.0,0.040676891803741455,0.1448710560798645,3.160616397857666,0.1504807025194168,1.0,0.125,0.375,0.5,0.0,0.1,0.4666666666666666,0.4333333333333333,0.0,0.041487932205200195,0.13491331934928893,3.359021282196045,0.14136502742767335,0.0,0.0,0.0,0.0,0.0,0.0,0.0,0.0,0.0,0.03732815384864807,0.1391703337430954,3.1509571075439453,0.14601083099842072,1.25,0.0,1.0,1.0,0.0,0.0,1.0,0.6666666666666666,0.0,0.04416763782501221,0.14487867057323456,3.561694622039795,0.15090498328208923,8,1,3,4,0,0.125,0.375,0.5,0.0,8,0,0.375
recovered_archive2/175,4.0,0.0,1.0,0.0,1.0,0.0,0.25,0.0,0.3333333333333333,0.041792869567871094,0.12612995505332947,3.113816261291504,0.13293302059173584,3.9166666666666665,0.16666666666666666,1.0833333333333333,0.6666666666666666,2.0,0.0308641975308642,0.23871252204585536,0.29365079365079366,0.43677248677248676,0.04113143351342943,0.13081311020586225,3.1059295071495905,0.1374160572886467,0.75,0.0,0.0,0.0,0.0,0.0,0.14285714285714285,0.0,0.0,0.03963184356689453,0.11924688518047333,2.9379262924194336,0.12622390687465668,6.25,0.0,1.0,1.0,3.25,0.0,0.25,0.75,0.8,0.04531946778297424,0.15322425961494446,3.2283854484558105,0.15961401164531708,47,2,13,8,24,0.0425531914893617,0.2765957446808511,0.1702127659574468,0.5106382978723404,12,0,0.25
recovered_archive2/176,12.0,0.0,2.0,4.0,1.0,0.0,0.19047619047619047,0.6190476190476191,0.14285714285714285,0.042146965861320496,0.14160260558128357,3.269885540008545,0.14739464223384857,11.8,0.2,2.466666666666667,7.533333333333333,1.6,0.021291208791208792,0.23913586413586413,0.607065338043599,0.13250758902932816,0.041369274258613586,0.14146681015308088,3.3095244811131406,0.14783037912387115,7.0,0.0,0.0,2.0,0.0,0.0,0.09090909090909091,0.42857142857142855,0.08695652173913043,0.037874191999435425,0.11243131011724472,2.8670010566711426,0.12129466980695724,18.0,0.0,4.0,12.5,2.5,0.0,0.4166666666666667,0.8125,0.18181818181818182,0.04547673463821411,0.15717041492462158,3.8200340270996094,0.16185706853866577,177,3,37,113,24,0.01694915254237288,0.20903954802259886,0.6384180790960452,0.13559322033898305,15,0,0.13333333333333333
recovered_archive2/178,5.0,0.0,0.0,5.0,0.0,0.0,0.0,1.0,0.0,0.053439125418663025,0.12151233479380608,2.3899859189987183,0.13237343728542328,4.6,0.0,0.0,4.6,0.0,0.0,0.0,1.0,0.0,0.05253227800130844,0.12310159578919411,2.3957995772361755,0.13356073200702667,3.0,0.0,0.0,3.0,0.0,0.0,0.0,1.0,0.0,0.04892771691083908,0.11891361325979233,2.265451192855835,0.12994207069277763,7.0,0.0,0.0,7.0,0.0,0.0,0.0,1.0,0.0,0.057043686509132385,0.12570031732320786,2.520334303379059,0.13599209859967232,23,0,0,23,0,0.0,0.0,1.0,0.0,5,0,0.2
recovered_archive2/179,5.5,0.0,1.0,5.0,0.0,0.0,0.13333333333333333,0.8166666666666667,0.0,0.04790403135120869,0.12630212306976318,2.7190823554992676,0.13540714234113693,6.0,0.0,0.75,5.0,0.25,0.0,0.15,0.825,0.025,0.04774543922394514,0.130255326628685,2.6571604013442993,0.1390763707458973,4.5,0.0,0.75,4.25,0.0,0.0,0.07500000000000001,0.7666666666666667,0.0,0.044632588513195515,0.12507478892803192,2.4788078665733337,0.13289978355169296,7.0,0.0,1.0,5.75,0.25,0.0,0.20833333333333331,0.875,0.025,0.05101688206195831,0.13148266077041626,2.897434890270233,0.14158372953534126,24,0,3,20,1,0.0,0.125,0.8333333333333334,0.041666666666666664,4,0,0.0
recovered_archive2/180,0.0,0.0,0.0,0.0,0.0,0.0,0.0,1.0,0.0,0.041643232107162476,0.11624030768871307,2.3149523735046387,0.12776149809360504,0.5,0.0,0.08333333333333333,0.4166666666666667,0.0,0.0,0.2,0.8,0.0,0.04494785070419312,0.11480040699243546,2.5662608623504637,0.1237485334277153,0.0,0.0,0.0,0.0,0.0,0.0,0.0,1.0,0.0,0.03787118196487427,0.0856267511844635,2.19235897064209,0.09391859918832779,1.0,0.0,0.0,1.0,0.0,0.0,0.0,1.0,0.0,0.0530206561088562,0.13732990622520447,2.5079050064086914,0.14784462749958038,6,0,1,5,0,0.0,0.16666666666666666,0.8333333333333334,0.0,12,0,0.5833333333333334
recovered_archive2/181,7.0,0.0,1.0,3.0,6.0,0.0,0.06666666666666667,0.4166666666666667,0.5833333333333334,0.05429945886135101,0.20224666595458984,3.429248332977295,0.21254755556583405,9.6,0.0,1.0,3.4,5.2,0.0,0.1276190476190476,0.30428571428571427,0.5680952380952381,0.059963804483413694,0.21115258932113648,3.3890058994293213,0.21854419708251954,7.0,0.0,0.0,1.0,6.0,0.0,0.0,0.14285714285714285,0.4,0.050120770931243896,0.16785603761672974,3.1613943576812744,0.1726832538843155,12.0,0.0,1.0,5.0,6.0,0.0,0.14285714285714285,0.42857142857142855,0.8571428571428571,0.07025003433227539,0.256014883518219,3.591093063354492,0.2620192766189575,48,0,5,17,26,0.0,0.10416666666666667,0.3541666666666667,0.5416666666666666,5,0,0.0
recovered_archive2/183,9.0,0.0,3.0,4.0,1.0,0.0,0.4285714285714286,0.49145299145299143,0.08116883116883117,0.04671701416373253,0.151620514690876,3.3303719758987427,0.16156676411628723,9.631578947368421,0.10526315789473684,4.0,4.7368421052631575,0.7894736842105263,0.010606060606060607,0.4485053526720193,0.4500975105141771,0.09079107620774288,0.04696327799724208,0.15586702898144722,3.3457972473568387,0.16382085945871142,7.0,0.0,2.5,1.0,0.0,0.0,0.190625,0.20555555555555555,0.0,0.04012588318437338,0.12722720578312874,3.046109437942505,0.13590337336063385,13.5,0.0,5.5,7.5,1.0,0.0,0.7291666666666666,0.7166666666666666,0.16346153846153846,0.05414511263370514,0.17144212126731873,3.6448810696601868,0.18223007395863533,183,2,76,90,15,0.01092896174863388,0.41530054644808745,0.4918032786885246,0.08196721311475409,19,0,0.05263157894736842
recovered_archive2/184,7.0,0.0,1.0,3.0,2.0,0.0,0.14285714285714285,0.42857142857142855,0.25,0.052150726318359375,0.17101916670799255,3.269747257232666,0.1799459308385849,6.714285714285714,0.42857142857142855,1.7142857142857142,2.857142857142857,1.7142857142857142,0.056689342403628114,0.3056689342403628,0.4032879818594104,0.23435374149659863,0.05146965171609606,0.1683666088751384,3.1228733403342113,0.17767028510570526,6.0,0.0,1.0,1.0,0.5,0.0,0.14285714285714285,0.225,0.1,0.04948762059211731,0.15030784159898758,2.867023468017578,0.16000007838010788,7.5,1.0,2.5,4.0,2.5,0.12698412698412698,0.425,0.4722222222222222,0.30952380952380953,0.05486653745174408,0.17927168309688568,3.3512380123138428,0.18979866057634354,47,3,12,20,12,0.06382978723404255,0.2553191489361702,0.425531914893617,0.2553191489361702,7,0,0.0
recovered_archive2/186,16.0,0.0,3.0,15.0,2.0,0.0,0.11538461538461539,0.7954545454545454,0.11538461538461539,0.043157532811164856,0.1751653403043747,3.537559986114502,0.18014979362487793,19.11111111111111,0.2222222222222222,2.4444444444444446,14.11111111111111,2.3333333333333335,0.022817460317460316,0.13198838198838198,0.7123339623339624,0.13286019536019536,0.04460952844884661,0.16503129402796426,3.4593743748135037,0.17088243034150866,11.0,0.0,0.0,7.0,1.0,0.0,0.0,0.625,0.09090909090909091,0.04213742911815643,0.1566832959651947,3.2324185371398926,0.16428977251052856,24.0,0.0,4.0,18.0,3.0,0.0,0.16666666666666666,0.8333333333333334,0.16666666666666666,0.04780353605747223,0.17554309964179993,3.713006019592285,0.1826745867729187,172,2,22,127,21,0.011627906976744186,0.12790697674418605,0.7383720930232558,0.12209302325581395,9,0,0.0
recovered_archive2/188,0.0,0.0,0.0,0.0,0.0,0.0,0.0,1.0,0.0,0.04738563299179077,0.09506671130657196,2.222299814224243,0.10622183233499527,0.42857142857142855,0.0,0.0,0.42857142857142855,0.0,0.0,0.0,1.0,0.0,0.04738563299179077,0.09506671130657196,2.222299814224243,0.10622183233499527,0.0,0.0,0.0,0.0,0.0,0.0,0.0,1.0,0.0,0.04738563299179077,0.09506671130657196,2.222299814224243,0.10622183233499527,0.0,0.0,0.0,0.0,0.0,0.0,0.0,1.0,0.0,0.04738563299179077,0.09506671130657196,2.222299814224243,0.10622183233499527,3,0,0,3,0,0.0,0.0,1.0,0.0,7,0,0.8571428571428571
recovered_archive2/189,4.5,0.0,2.0,1.5,0.0,0.0,0.5,0.5,0.0,0.04817122220993042,0.19825401902198792,4.435142993927002,0.20117229223251343,4.25,0.0,2.375,1.75,0.125,0.0,0.5476190476190477,0.38095238095238093,0.07142857142857142,0.04369007636393819,0.2025254304919924,4.5636520726340155,0.20755726737635477,2.0,0.0,1.5,0.75,0.0,0.0,0.45,0.2833333333333333,0.0,0.036850472912192345,0.17070286720991135,3.772793412208557,0.17693466693162918,5.25,0.0,3.5,2.25,0.0,0.0,0.7166666666666667,0.5,0.0,0.04895642399787903,0.2330821380019188,5.288726091384888,0.23825671523809433,34,0,19,14,1,0.0,0.5588235294117647,0.4117647058823529,0.029411764705882353,8,0,0.125
recovered_archive2/191,12.5,0.0,1.5,10.5,0.0,0.0,0.11764705882352941,0.8823529411764706,0.0,0.03780174255371094,0.15787529945373535,4.135137557983398,0.16383278369903564,11.5,0.0,1.375,10.0,0.125,0.0,0.129903010155111,0.8616936285003511,0.008403361344537815,0.03817341583115714,0.15897129688944137,4.007318564823696,0.16444168772016252,10.25,0.0,1.0,9.0,0.0,0.0,0.08116883116883117,0.8397435897435898,0.0,0.03778013586997986,0.15316929668188095,3.7109427452087402,0.16112401336431503,14.75,0.0,2.0,13.5,0.0,0.0,0.16025641025641024,0.8957219251336899,0.0,0.03856608271598816,0.16546408832073212,4.289194345474243,0.16936998069286346,92,0,11,80,1,0.0,0.11956521739130435,0.8695652173913043,0.010869565217391304,8,0,0.125
recovered_archive2/194,3.0,0.0,0.0,2.0,1.0,0.0,0.0,0.5,0.5,0.04896879196166992,0.12414853274822235,2.5036230087280273,0.13149279356002808,3.0,0.0,0.0,1.6,1.4,0.0,0.0,0.48,0.52,0.051881590485572816,0.13563851565122603,2.6177902221679688,0.1456800267100334,2.0,0.0,0.0,1.0,1.0,0.0,0.0,0.4,0.5,0.04861187934875488,0.11954168975353241,2.46803879737854,0.12797625362873077,4.0,0.0,0.0,2.0,2.0,0.0,0.0,0.5,0.6,0.05302058160305023,0.16148388385772705,2.594277858734131,0.17371587455272675,15,0,0,8,7,0.0,0.0,0.5333333333333333,0.4666666666666667,5,0,0.0
recovered_archive2/197,5.0,0.0,0.0,5.0,0.0,0.0,0.0,1.0,0.0,0.040390364825725555,0.1234641894698143,2.990453362464905,0.12879686057567596,5.25,0.0,0.0,5.25,0.0,0.0,0.0,1.0,0.0,0.03943093400448561,0.12110091652721167,3.069181978702545,0.12696840334683657,3.75,0.0,0.0,3.75,0.0,0.0,0.0,1.0,0.0,0.03817939758300781,0.11582773365080357,2.8904195427894592,0.12192464433610439,7.0,0.0,0.0,7.0,0.0,0.0,0.0,1.0,0.0,0.042459845542907715,0.12814201787114143,3.172690272331238,0.13503745198249817,42,0,0,42,0,0.0,0.0,1.0,0.0,8,0,0.0
recovered_archive2/198,1.0,0.0,1.0,0.0,0.0,0.0,0.8,0.0,0.0,0.04507913999259472,0.16909029334783554,3.5767507553100586,0.17821770161390305,1.4444444444444444,0.2222222222222222,0.7777777777777778,0.3333333333333333,0.1111111111111111,0.19999999999999998,0.6416666666666667,0.11666666666666665,0.041666666666666664,0.04475372967620691,0.16636478155851364,3.5918228228886924,0.173976452400287,0.0,0.0,0.0,0.0,0.0,0.0,0.3375,0.0,0.0,0.03909788187593222,0.14866499230265617,3.0171406865119934,0.1601116545498371,1.0,0.0,1.0,0.0,0.0,0.15000000000000002,1.0,0.15000000000000002,0.0,0.047434501349925995,0.1901305690407753,4.241506814956665,0.1957630105316639,13,2,7,3,1,0.15384615384615385,0.5384615384615384,0.23076923076923078,0.07692307692307693,9,0,0.3333333333333333
recovered_archive2/199,0.0,0.0,0.0,0.0,0.0,0.05,0.5833333333333334,0.3333333333333333,0.0,0.04511043429374695,0.16754208505153656,3.831796646118164,0.17347974330186844,2.0,0.2222222222222222,0.4444444444444444,1.2222222222222223,0.1111111111111111,0.06666666666666667,0.5666666666666667,0.3416666666666667,0.025,0.04797537624835968,0.18605200573801994,3.8876150846481323,0.19263042137026787,0.0,0.0,0.0,0.0,0.0,0.0,0.15,0.0,0.0,0.03898674249649048,0.13904739543795586,3.159654140472412,0.14688406884670258,1.0,0.0,1.0,0.0,0.0,0.11666666666666667,1.0,0.6749999999999999,0.025,0.05409906804561615,0.21454669535160065,4.559757590293884,0.21922609582543373,18,2,4,11,1,0.1111111111111111,0.2222222222222222,0.6111111111111112,0.05555555555555555,9,0,0.5555555555555556
recovered_archive2/200,4.0,0.0,0.5,2.0,0.5,0.0,0.021739130434782608,0.55,0.043478260869565216,0.0437750518321991,0.14939288049936295,3.3147979974746704,0.15550903230905533,5.5,0.1,0.7,3.8,0.9,0.1,0.22434782608695653,0.508623188405797,0.16702898550724637,0.05086556933820248,0.1700410284101963,3.325314974784851,0.17770862132310866,2.25,0.0,0.0,1.0,0.0,0.0,0.0,0.275,0.0,0.040131998248398304,0.14105729758739471,3.2526217103004456,0.14826897159218788,5.0,0.0,1.0,3.0,1.75,0.0,0.425,0.7291666666666666,0.3125,0.04839824140071869,0.1571982502937317,3.4560089111328125,0.16424362733960152,55,1,7,38,9,0.01818181818181818,0.12727272727272726,0.6909090909090909,0.16363636363636364,10,0,0.0
recovered_archive3/201,7.5,0.0,1.0,2.5,2.5,0.0,0.09545454545454546,0.3571428571428571,0.33035714285714285,0.05200120806694031,0.1407306045293808,2.347682237625122,0.1498873010277748,8.125,0.5,0.75,4.125,2.75,0.07410714285714286,0.10020292207792209,0.46079545454545456,0.36489448051948054,0.05099704023450613,0.12873787060379982,2.3339925408363342,0.14038880821317434,7.0,0.0,0.0,2.0,2.0,0.0,0.0,0.2767857142857143,0.2545454545454545,0.04047948867082596,0.0996736790984869,2.1846741437911987,0.10721965879201889,10.0,1.0,1.0,7.25,3.25,0.15714285714285714,0.14375,0.6772727272727272,0.44285714285714284,0.059679584577679634,0.14540541917085648,2.5257683396339417,0.1603984348475933,65,4,6,33,22,0.06153846153846154,0.09230769230769231,0.5076923076923077,0.3384615384615385,8,0,0.0
recovered_archive3/202,0.0,0.0,0.0,0.0,0.0,0.0,0.75,0.0,0.0,0.05025063455104828,0.13262787461280823,2.5891826152801514,0.14131908118724823,0.9375,0.125,0.625,0.1875,0.0,0.125,0.7083333333333334,0.16666666666666666,0.0,0.0525186105320851,0.13005556166172028,2.564795196056366,0.14035586764415106,0.0,0.0,0.0,0.0,0.0,0.0,0.5,0.0,0.0,0.04873786587268114,0.11757472343742847,2.3002946376800537,0.1298372857272625,2.0,0.0,1.0,0.0,0.0,0.1875,1.0,0.375,0.0,0.056337080895900726,0.13868123665452003,2.899245023727417,0.14969457685947418,15,2,10,3,0,0.13333333333333333,0.6666666666666666,0.2,0.0,16,0,0.625
recovered_archive3/204,8.0,0.0,5.0,1.0,1.0,0.0,0.6363636363636364,0.14285714285714285,0.14285714285714285,0.04446343332529068,0.254035621881485,4.7931976318359375,0.25744760036468506,7.555555555555555,0.3333333333333333,4.0,2.111111111111111,1.1111111111111112,0.03708513708513708,0.5274971941638609,0.2731160814494148,0.16230158730158728,0.04473461955785751,0.22444011436568367,4.733042663998074,0.2288785527149836,7.0,0.0,2.0,1.0,1.0,0.0,0.2857142857142857,0.1,0.125,0.037677764892578125,0.17476478219032288,4.375313758850098,0.1792789250612259,9.0,1.0,6.0,3.0,1.0,0.09090909090909091,0.75,0.42857142857142855,0.25,0.050489723682403564,0.2803414463996887,5.373588562011719,0.2848517596721649,68,3,36,19,10,0.04411764705882353,0.5294117647058824,0.27941176470588236,0.14705882352941177,9,0,0.0
recovered_archive3/206,12.0,0.0,0.0,7.0,2.0,0.0,0.0,0.6363636363636364,0.2727272727272727,0.044913530349731445,0.1780727505683899,3.341784954071045,0.18349899351596832,11.222222222222221,0.1111111111111111,0.4444444444444444,8.333333333333334,2.3333333333333335,0.037037037037037035,0.04528619528619529,0.6816045066045066,0.23607226107226106,0.04647598084476259,0.15570099403460821,3.2241041395399304,0.16313749882909986,8.0,0.0,0.0,6.0,1.0,0.0,0.0,0.5333333333333333,0.125,0.03859099745750427,0.11479215323925018,3.0121073722839355,0.12097403407096863,15.0,0.0,1.0,12.0,3.0,0.0,0.08333333333333333,0.875,0.3333333333333333,0.04978201538324356,0.19057153165340424,3.4855315685272217,0.1961566060781479,101,1,4,75,21,0.009900990099009901,0.039603960396039604,0.7425742574257426,0.2079207920792079,9,0,0.0
recovered_archive3/207,16.0,0.0,3.0,13.0,0.0,0.0,0.1875,0.8125,0.0,0.03876088559627533,0.13598093390464783,3.1309328079223633,0.15184004604816437,16.714285714285715,0.0,3.0,13.714285714285714,0.0,0.0,0.20537042403168163,0.7946295759683183,0.0,0.039421150726931434,0.13351986025060927,3.263258252825056,0.1414219747696604,15.5,0.0,2.5,12.5,0.0,0.0,0.16041666666666665,0.7573529411764706,0.0,0.0361887663602829,0.1174527034163475,3.0755298137664795,0.12384650483727455,16.5,0.0,3.5,13.0,0.0,0.0,0.2426470588235294,0.8395833333333333,0.0,0.04243151471018791,0.15117920190095901,3.3996492624282837,0.1578909009695053,117,0,21,96,0,0.0,0.1794871794871795,0.8205128205128205,0.0,7,0,0.0
recovered_archive3/209,1.0,0.0,1.0,0.0,0.0,0.0,1.0,0.0,0.0,0.03552687168121338,0.14121732115745544,3.9749438762664795,0.14561761915683746,0.6,0.0,0.6,0.0,0.0,0.0,1.0,0.0,0.0,0.034761166820923485,0.13595212002595267,3.916688601175944,0.14032835761706033,0.0,0.0,0.0,0.0,0.0,0.0,1.0,0.0,0.0,0.03342887759208679,0.13319651782512665,3.8773919343948364,0.1373273804783821,1.0,0.0,1.0,0.0,0.0,0.0,1.0,0.0,0.0,0.03647630847990513,0.14134032279253006,3.9851129055023193,0.14597396552562714,3,0,3,0,0,0.0,1.0,0.0,0.0,5,0,0.4
recovered_archive3/210,1.0,0.0,0.0,0.0,0.0,0.0,0.0,0.5,0.0,0.07939642667770386,0.15645834803581238,2.1811161041259766,0.1835036426782608,1.5625,0.5,0.25,0.5625,0.25,0.29696969696969694,0.1575757575757576,0.3909090909090909,0.15454545454545454,0.07786913080648943,0.16259188679131595,2.1414120414040307,0.18252980302680621,0.0,0.0,0.0,0.0,0.0,0.0,0.0,0.0,0.0,0.063746877014637,0.13097749650478363,1.9436947703361511,0.14331375062465668,2.0,1.0,0.25,1.0,0.25,0.55,0.2,0.55,0.35,0.08075380325317383,0.18032222241163254,2.2991873025894165,0.20070511102676392,25,8,4,9,4,0.32,0.16,0.36,0.16,16,0,0.3125
recovered_archive3/211,2.0,0.0,2.0,0.0,0.0,0.0,1.0,0.0,0.0,0.06393951177597046,0.137285053730011,2.3808035850524902,0.1549413800239563,3.0,0.2,2.4,0.0,0.4,0.1,0.82,0.0,0.08,0.06341696977615356,0.14792243838310243,2.395245170593262,0.16189341247081757,2.0,0.0,2.0,0.0,0.0,0.0,0.6,0.0,0.0,0.05766028165817261,0.13501381874084473,2.365614652633667,0.1490669846534729,4.0,0.0,3.0,0.0,0.0,0.0,1.0,0.0,0.0,0.06782490015029907,0.1530103087425232,2.6287529468536377,0.1659379005432129,15,1,12,0,2,0.06666666666666667,0.8,0.0,0.13333333333333333,5,0,0.0
recovered_archive3/212,3.5,0.5,1.0,1.0,0.0,0.25,0.25,0.3333333333333333,0.0,0.05396991968154907,0.2335040271282196,3.167689561843872,0.23810815811157227,3.875,0.75,1.125,2.0,0.0,0.25,0.3412698412698413,0.4087301587301587,0.0,0.07249373197555542,0.23781463716711318,3.828439337866647,0.2528818207127707,2.75,0.0,0.0,0.75,0.0,0.0,0.1111111111111111,0.29166666666666663,0.0,0.04570441693067551,0.19055795669555664,2.8238677978515625,0.20993652939796448,4.5,1.25,2.0,2.5,0.0,0.41666666666666663,0.5833333333333333,0.5833333333333333,0.0,0.08260258287191391,0.27960941195487976,4.958900451660156,0.2884322851896286,31,6,9,16,0,0.1935483870967742,0.2903225806451613,0.5161290322580645,0.0,8,0,0.125
recovered_archive3/213,3.5,0.0,0.0,3.0,0.0,0.0,0.0,1.0,0.0,0.036715827882289886,0.10987784713506699,3.1384894847869873,0.11550238728523254,3.5,0.0,0.0,3.4,0.1,0.0,0.0,0.9444444444444443,0.05555555555555555,0.037479172150293984,0.11428450047969818,3.1223138570785522,0.12020981435974439,0.0,0.0,0.0,0.0,0.0,0.0,0.0,1.0,0.0,0.03585279360413551,0.10459701344370842,2.8688265681266785,0.11108866892755032,5.75,0.0,0.0,5.75,0.0,0.0,0.0,1.0,0.0,0.037581510841846466,0.11936259642243385,3.272799551486969,0.12497338280081749,35,0,0,34,1,0.0,0.0,0.9714285714285714,0.02857142857142857,10,0,0.4
recovered_archive3/214,6.0,0.0,2.0,2.0,0.0,0.0,0.4423076923076923,0.5576923076923077,0.0,0.037879347801208496,0.10396460816264153,2.557237982749939,0.11304081976413727,6.434782608695652,0.08695652173913043,2.1739130434782608,3.739130434782609,0.43478260869565216,0.018333333333333333,0.40950706156588507,0.5000762717674483,0.07208333333333333,0.041173648089170456,0.1135393112897873,2.81832594871521,0.12218913286924363,1.5,0.0,0.5,0.0,0.0,0.0,0.15441176470588236,0.15625,0.0,0.034194087609648705,0.09272514656186104,2.431834578514099,0.10122760757803917,11.0,0.0,3.0,7.5,1.0,0.0,0.525,0.8083333333333333,0.13541666666666666,0.04898436926305294,0.13036182895302773,2.9447048902511597,0.13889708742499352,148,2,50,86,10,0.013513513513513514,0.33783783783783783,0.581081081081081,0.06756756756756757,23,0,0.13043478260869565
recovered_archive3/215,5.0,0.0,1.0,1.0,3.0,0.0,0.25,0.26666666666666666,0.4642857142857143,0.05501764267683029,0.18998274952173233,3.127182364463806,0.19906678795814514,4.333333333333333,0.1111111111111111,0.8888888888888888,1.3333333333333333,2.0,0.041666666666666664,0.3333333333333333,0.276984126984127,0.348015873015873,0.06385036185383797,0.1926211379468441,3.222395747900009,0.20622515492141247,2.0,0.0,0.0,0.0,0.0,0.0,0.0,0.08333333333333333,0.0,0.04923837445676327,0.18470222502946854,2.9195963740348816,0.19441528245806694,6.0,0.0,1.0,2.0,3.0,0.0,0.5416666666666666,0.5,0.5138888888888888,0.06301801837980747,0.20575862377882004,3.7759533524513245,0.2345728799700737,39,1,8,12,18,0.02564102564102564,0.20512820512820512,0.3076923076923077,0.46153846153846156,9,0,0.1111111111111111
recovered_archive3/216,0.5,0.0,0.0,0.5,0.0,0.0,0.0,1.0,0.0,0.052167534828186035,0.1248970478773117,2.389218807220459,0.1351165920495987,0.6666666666666666,0.0,0.0,0.6666666666666666,0.0,0.0,0.0,1.0,0.0,0.0639555553595225,0.17417297015587488,2.7294979890187583,0.1859689603249232,0.0,0.0,0.0,0.0,0.0,0.0,0.0,1.0,0.0,0.04402408003807068,0.12476835027337074,2.3537944555282593,0.13253269344568253,1.0,0.0,0.0,1.0,0.0,0.0,0.0,1.0,0.0,0.07799302041530609,0.19893962889909744,2.9350619316101074,0.21397904306650162,4,0,0,4,0,0.0,0.0,1.0,0.0,6,0,0.5
recovered_archive3/218,6.0,0.0,2.5,3.5,0.0,0.0,0.38095238095238093,0.6190476190476191,0.0,0.05159299075603485,0.1220000758767128,2.615988850593567,0.13360735028982162,5.8,0.0,2.0,3.8,0.0,0.0,0.3495238095238095,0.6504761904761904,0.0,0.0492082491517067,0.1337926909327507,2.802348566055298,0.14257561415433884,5.0,0.0,1.0,2.0,0.0,0.0,0.175,0.42500000000000004,0.0,0.045288145542144775,0.11531485617160797,2.313023328781128,0.12375529669225216,6.0,0.0,3.0,4.0,0.0,0.0,0.575,0.8250000000000001,0.0,0.053441375494003296,0.15918611362576485,3.4185436964035034,0.16607636958360672,58,0,20,38,0,0.0,0.3448275862068966,0.6551724137931034,0.0,10,0,0.0
recovered_archive3/220,6.5,0.0,1.0,4.0,1.0,0.0,0.1111111111111111,0.6666666666666666,0.16666666666666666,0.04114621877670288,0.14020496606826782,3.44791841506958,0.14742609858512878,5.833333333333333,0.0,1.0,3.75,1.0833333333333333,0.0,0.13405483405483404,0.7227994227994228,0.14314574314574313,0.040724150159142235,0.13072329556400125,3.297941793094982,0.13690447265451605,1.75,0.0,0.0,1.75,0.0,0.0,0.0,0.5277777777777778,0.05,0.039337873458862305,0.10820867866277695,3.0231432914733887,0.11502164229750633,9.0,0.0,2.0,5.25,2.0,0.0,0.2222222222222222,0.9166666666666667,0.2222222222222222,0.043510980904102325,0.14876309037208557,3.6595436334609985,0.1546424999833107,70,0,12,45,13,0.0,0.17142857142857143,0.6428571428571429,0.18571428571428572,12,0,0.08333333333333333
recovered_archive3/221,4.0,0.0,1.0,1.0,0.0,0.0,0.2,0.6666666666666666,0.16666666666666666,0.04263661429286003,0.11302169412374496,2.682680606842041,0.12013662606477737,5.2,0.2,1.0,3.2,0.8,0.03333333333333333,0.20555555555555557,0.5388888888888889,0.2222222222222222,0.043279981861511864,0.11531943082809448,2.7073395252227783,0.12274978309869766,0.0,0.0,0.0,0.0,0.0,0.0,0.18333333333333335,0.4583333333333333,0.08333333333333333,0.04168298281729221,0.1107955165207386,2.673508048057556,0.11808128282427788,10.0,0.0,2.0,7.0,2.0,0.05,0.225,0.6833333333333333,0.33333333333333337,0.0445552971214056,0.1186944767832756,2.728841543197632,0.1261117048561573,26,1,5,16,4,0.038461538461538464,0.19230769230769232,0.6153846153846154,0.15384615384615385,5,0,0.4
recovered_archive3/222,7.0,0.0,3.0,2.0,0.0,0.0,0.625,0.25,0.0,0.056318074464797974,0.22874698042869568,3.778104305267334,0.23421716690063477,6.888888888888889,0.5555555555555556,3.6666666666666665,2.4444444444444446,0.2222222222222222,0.08179012345679011,0.5638127304793971,0.32198973865640534,0.032407407407407406,0.06006879028346804,0.22158012042442957,3.724658833609687,0.22971714122427833,6.0,0.0,1.0,1.0,0.0,0.0,0.2727272727272727,0.1111111111111111,0.0,0.05084258317947388,0.18366025388240814,3.4364678859710693,0.1905677169561386,8.0,1.0,6.0,3.0,0.0,0.125,0.8571428571428571,0.5,0.0,0.06412869691848755,0.2392856329679489,4.09298038482666,0.24550949037075043,62,5,33,22,2,0.08064516129032258,0.532258064516129,0.3548387096774194,0.03225806451612903,9,0,0.0
recovered_archive3/223,0.5,0.0,0.0,0.0,0.0,0.0,0.0,1.0,0.0,0.08681881427764893,0.1573561728000641,2.1593244075775146,0.18478022515773773,0.6,0.0,0.0,0.4,0.2,0.0,0.0,0.7,0.3,0.07615793347358704,0.15207841247320175,2.092506170272827,0.17069566547870635,0.0,0.0,0.0,0.0,0.0,0.0,0.0,0.5,0.0,0.0560455322265625,0.1566174030303955,1.674423098564148,0.16703911125659943,1.0,0.0,0.0,1.0,0.0,0.0,0.0,1.0,0.5,0.09778499603271484,0.16373345255851746,2.223888874053955,0.19071064889431,6,0,0,4,2,0.0,0.0,0.6666666666666666,0.3333333333333333,10,0,0.5
recovered_archive3/224,5.0,0.0,0.0,3.0,0.0,0.0,0.0,0.8,0.0,0.052646130323410034,0.13961848616600037,2.448751449584961,0.14797517657279968,4.6923076923076925,0.07692307692307693,1.0769230769230769,3.5384615384615383,0.0,0.038461538461538464,0.21538461538461537,0.7461538461538461,0.0,0.06079944481070225,0.15495463116810873,2.509793153175941,0.16775153806576362,4.0,0.0,0.0,2.0,0.0,0.0,0.0,0.5,0.0,0.04343760013580322,0.13000404834747314,2.180371046066284,0.13898396492004395,6.0,0.0,3.0,5.0,0.0,0.0,0.5,1.0,0.0,0.06377333402633667,0.18128536641597748,2.677401542663574,0.1912897825241089,61,1,14,46,0,0.01639344262295082,0.22950819672131148,0.7540983606557377,0.0,13,0,0.0
recovered_archive3/225,11.5,0.0,0.5,11.0,0.0,0.0,0.027777777777777776,0.9722222222222222,0.0,0.039673589169979095,0.1539468765258789,3.750056743621826,0.15983150154352188,13.0,0.0,0.5,12.5,0.0,0.0,0.04392361111111111,0.9560763888888889,0.0,0.041220009326934814,0.15991236455738544,3.797914445400238,0.1654418483376503,7.75,0.0,0.0,7.75,0.0,0.0,0.0,0.9364583333333334,0.0,0.035974133759737015,0.1350209377706051,3.64297878742218,0.1391737088561058,16.5,0.0,1.0,15.5,0.0,0.0,0.06354166666666666,1.0,0.0,0.044333577156066895,0.17640842497348785,3.9738296270370483,0.1814480647444725,104,0,4,100,0,0.0,0.038461538461538464,0.9615384615384616,0.0,8,0,0.0
recovered_archive3/227,0.0,0.0,0.0,0.0,0.0,0.0,0.0,1.0,0.0,0.05169077217578888,0.1119207963347435,2.363584518432617,0.12297708168625832,0.7272727272727273,0.0,0.0,0.7272727272727273,0.0,0.0,0.0,1.0,0.0,0.05694567412137985,0.13217859715223312,2.380282312631607,0.14526154100894928,0.0,0.0,0.0,0.0,0.0,0.0,0.0,1.0,0.0,0.04391295462846756,0.10353730618953705,2.080590635538101,0.11523587629199028,1.0,0.0,0.0,1.0,0.0,0.0,0.0,1.0,0.0,0.06472349166870117,0.14056208729743958,2.663276195526123,0.15300274640321732,8,0,0,8,0,0.0,0.0,1.0,0.0,11,0,0.6363636363636364
recovered_archive3/228,9.0,0.0,1.0,5.0,0.0,0.0,0.3392857142857143,0.625,0.0,0.045907821506261826,0.15838681906461716,3.004890203475952,0.16573833674192429,8.285714285714286,0.0,2.5714285714285716,5.428571428571429,0.2857142857142857,0.0,0.2949134199134199,0.6792929292929294,0.025793650793650796,0.04810180887579918,0.13748688623309135,3.097871780395508,0.1457959028581778,6.0,0.0,0.5,3.5,0.0,0.0,0.13068181818181818,0.5,0.0,0.04437115974724293,0.1114113051444292,2.4498507976531982,0.11883095093071461,11.5,0.0,5.0,8.0,0.5,0.0,0.48214285714285715,0.8693181818181818,0.05357142857142857,0.04766905680298805,0.16012563183903694,3.7052184343338013,0.16883668303489685,58,0,18,38,2,0.0,0.3103448275862069,0.6551724137931034,0.034482758620689655,7,0,0.14285714285714285
recovered_archive3/229,11.0,0.0,2.0,6.5,2.0,0.0,0.11805555555555555,0.6818181818181819,0.19090909090909092,0.044518619775772095,0.126349076628685,2.8119295835494995,0.133416585624218,11.285714285714286,0.14285714285714285,2.5714285714285716,6.571428571428571,2.0,0.012987012987012988,0.2270740433334418,0.5707923759615489,0.18914656771799626,0.047137449362448285,0.16421071120670863,3.250995704105922,0.17205151436584337,9.5,0.0,1.0,3.25,1.0,0.0,0.09090909090909091,0.2718253968253968,0.11458333333333333,0.04180965572595596,0.10972100682556629,2.5391531586647034,0.11910749785602093,11.75,0.0,3.75,8.75,3.0,0.0,0.40476190476190477,0.7944444444444445,0.2727272727272727,0.053073929622769356,0.24039019644260406,3.959581136703491,0.24889637157320976,158,2,36,92,28,0.012658227848101266,0.22784810126582278,0.5822784810126582,0.17721518987341772,14,0,0.0
recovered_archive3/231,4.0,0.0,0.5,3.0,0.0,0.0,0.20833333333333331,0.7916666666666667,0.0,0.037620291113853455,0.12803592532873154,3.2923715114593506,0.13414444029331207,4.1,0.0,0.7,3.4,0.0,0.0,0.27083333333333337,0.7291666666666667,0.0,0.03721151174977422,0.13044864125549793,3.4637715220451355,0.13576469104737043,1.0,0.0,0.0,0.25,0.0,0.0,0.0,0.6875,0.0,0.035849280655384064,0.11739948950707912,3.104162812232971,0.12311484478414059,5.75,0.0,1.0,4.5,0.0,0.0,0.3125,1.0,0.0,0.03963667154312134,0.13660545647144318,3.641688823699951,0.14166252315044403,41,0,7,34,0,0.0,0.17073170731707318,0.8292682926829268,0.0,10,0,0.2
recovered_archive3/232,12.0,0.0,4.0,6.0,1.0,0.0,0.26666666666666666,0.6666666666666666,0.06666666666666667,0.051672156900167465,0.1597234457731247,3.1043286323547363,0.167991504073143,16.8,0.0,3.4,12.2,1.2,0.0,0.2127536231884058,0.6917874396135265,0.09545893719806763,0.050886619836091995,0.15355141162872316,3.1537668704986572,0.16306005120277406,9.0,0.0,3.0,4.0,1.0,0.0,0.13043478260869565,0.5,0.021739130434782608,0.03936576843261719,0.1584179848432541,3.092362880706787,0.16641436517238617,15.0,0.0,4.0,10.0,2.0,0.0,0.3333333333333333,0.8478260869565217,0.16666666666666666,0.05389304459095001,0.17052166163921356,3.55905818939209,0.18145284056663513,84,0,17,61,6,0.0,0.20238095238095238,0.7261904761904762,0.07142857142857142,5,0,0.0
recovered_archive3/233,1.0,0.0,0.0,0.0,0.0,0.0,0.0,1.0,0.0,0.14482706785202026,0.21630793809890747,1.6558340787887573,0.26807326078414917,1.0833333333333333,0.16666666666666666,0.08333333333333333,0.75,0.08333333333333333,0.2222222222222222,0.1111111111111111,0.5555555555555556,0.1111111111111111,0.13738581041495004,0.23480941851933798,1.8594593736860487,0.2740582376718521,0.75,0.0,0.0,0.0,0.0,0.0,0.0,0.0,0.0,0.11330161988735199,0.1853765994310379,1.341702938079834,0.229527547955513,1.0,0.0,0.0,1.0,0.0,0.0,0.0,1.0,0.0,0.16257396340370178,0.25461190938949585,2.1846718788146973,0.28269124031066895,13,2,1,9,1,0.15384615384615385,0.07692307692307693,0.6923076923076923,0.07692307692307693,12,0,0.25
recovered_archive3/234,4.0,0.0,0.0,3.0,0.0,0.0,0.0,0.8,0.0,0.06678810715675354,0.2087627276778221,2.731412410736084,0.22264698147773743,3.6,0.13333333333333333,0.6666666666666666,2.8,0.0,0.041666666666666664,0.19438775510204082,0.7639455782312925,0.0,0.07173454016447067,0.19915864510195597,2.8506150926862444,0.21186787368995802,2.5,0.0,0.0,1.5,0.0,0.0,0.0,0.7142857142857143,0.0,0.0463071521371603,0.1448584906756878,2.4638330340385437,0.15919287502765656,4.5,0.0,1.0,4.0,0.0,0.0,0.2642857142857143,1.0,0.0,0.0949057899415493,0.25443514436483383,3.165130615234375,0.26221633702516556,54,2,10,42,0,0.037037037037037035,0.18518518518518517,0.7777777777777778,0.0,15,0,0.06666666666666667
recovered_archive3/235,8.0,0.0,3.0,5.0,0.0,0.0,0.2857142857142857,0.7142857142857143,0.0,0.04955950379371643,0.15908586978912354,2.944394111633301,0.1729755997657776,10.333333333333334,0.0,2.4444444444444446,7.777777777777778,0.1111111111111111,0.0,0.28587461920795254,0.7090748757415424,0.005050505050505051,0.05106569702426592,0.151776645746496,3.012094497680664,0.1616536428531011,8.0,0.0,2.0,5.0,0.0,0.0,0.2222222222222222,0.625,0.0,0.04563237726688385,0.15160199999809265,2.6926188468933105,0.15777401626110077,9.0,0.0,3.0,7.0,0.0,0.0,0.375,0.7777777777777778,0.0,0.055329352617263794,0.16726252436637878,3.46781063079834,0.17712077498435974,93,0,22,70,1,0.0,0.23655913978494625,0.7526881720430108,0.010752688172043012,9,0,0.0
recovered_archive3/237,4.0,0.0,0.0,4.0,0.0,0.0,0.0,1.0,0.0,0.04757676646113396,0.1436963528394699,2.8553452491760254,0.1508958637714386,4.0,0.0,0.2,3.8,0.0,0.0,0.06666666666666667,0.9333333333333332,0.0,0.05001820623874664,0.15535166263580322,2.973435878753662,0.163694104552269,3.0,0.0,0.0,2.0,0.0,0.0,0.0,1.0,0.0,0.04601693153381348,0.1404406726360321,2.839099407196045,0.14986734092235565,6.0,0.0,0.0,6.0,0.0,0.0,0.0,1.0,0.0,0.054239097982645035,0.1554678976535797,2.9076881408691406,0.16702519357204437,20,0,1,19,0,0.0,0.05,0.95,0.0,5,0,0.0
recovered_archive3/241,5.0,0.0,1.0,2.0,0.0,0.0,0.4,0.5714285714285714,0.0,0.03636826574802399,0.13730287551879883,3.3645262718200684,0.1441693753004074,5.3076923076923075,0.0,1.6153846153846154,3.5384615384615383,0.15384615384615385,0.0,0.40934065934065933,0.5560439560439561,0.03461538461538462,0.04062265587540773,0.14464859951000947,3.5405007142287035,0.1508361124075376,4.0,0.0,1.0,2.0,0.0,0.0,0.14285714285714285,0.4,0.0,0.03424462676048279,0.12179481983184814,3.133253335952759,0.12611082196235657,7.0,0.0,3.0,4.0,0.0,0.0,0.6,0.75,0.0,0.0494074672460556,0.17395488917827606,3.937540054321289,0.18169619143009186,69,0,21,46,2,0.0,0.30434782608695654,0.6666666666666666,0.028985507246376812,13,0,0.0
recovered_archive3/242,10.0,0.0,3.0,6.0,0.0,0.0,0.3333333333333333,0.6125,0.03333333333333333,0.045436471700668335,0.17052465677261353,3.3658758401870728,0.17789165675640106,8.8,0.2,2.6,5.2,0.8,0.016666666666666666,0.31354166666666666,0.60625,0.06354166666666666,0.046872202306985855,0.17175407707691193,3.431954860687256,0.17832060530781746,3.0,0.0,1.0,2.0,0.0,0.0,0.296875,0.5833333333333333,0.0,0.04384623095393181,0.16577835008502007,3.1092917919158936,0.17160077393054962,15.0,0.0,4.0,8.0,1.0,0.016666666666666666,0.35,0.6354166666666666,0.096875,0.04846244305372238,0.1765003837645054,3.688538908958435,0.1846114881336689,44,1,13,26,4,0.022727272727272728,0.29545454545454547,0.5909090909090909,0.09090909090909091,5,0,0.2
recovered_archive3/243,1.0,0.0,0.0,1.0,0.0,0.0,0.0,1.0,0.0,0.060147106647491455,0.15924210101366043,2.45163631439209,0.1678144410252571,1.0,0.0,0.125,0.875,0.0,0.0,0.08333333333333333,0.9166666666666666,0.0,0.06637704620758693,0.16049988071123758,2.6826358834902444,0.17501003295183182,0.75,0.0,0.0,0.75,0.0,0.0,0.0,1.0,0.0,0.045381009578704834,0.13549603149294853,1.9383842051029205,0.1480996459722519,1.25,0.0,0.0,1.0,0.0,0.0,0.0,1.0,0.0,0.07310289144515991,0.172566469758749,3.2086222767829895,0.1812039166688919,8,0,1,7,0,0.0,0.125,0.875,0.0,8,0,0.25
recovered_archive3/246,8.0,0.0,2.0,5.5,0.5,0.0,0.25,0.75,0.1111111111111111,0.04249032586812973,0.16110488772392273,3.765681266784668,0.16654455661773682,6.5,0.0,1.6666666666666667,4.166666666666667,0.6666666666666666,0.0,0.2866666666666667,0.586111111111111,0.1272222222222222,0.04902964010834694,0.18370527029037476,3.7048221111297606,0.19092747271060945,5.75,0.0,1.25,1.25,0.0,0.0,0.2222222222222222,0.625,0.0,0.04226164519786835,0.15751013159751892,3.658092737197876,0.16258670389652252,8.75,0.0,2.0,6.75,1.0,0.0,0.25,0.7777777777777778,0.125,0.04415113851428032,0.16261494159698486,3.8346776962280273,0.1678565889596939,39,0,10,25,4,0.0,0.2564102564102564,0.6410256410256411,0.10256410256410256,6,0,0.16666666666666666
recovered_archive3/248,7.0,0.0,2.0,3.0,0.0,0.0,0.2857142857142857,0.5,0.0,0.044182077050209045,0.1666116863489151,3.871826171875,0.1722334325313568,7.857142857142857,0.14285714285714285,1.8571428571428572,4.714285714285714,1.1428571428571428,0.03571428571428571,0.2813625450180072,0.5074129651860744,0.17551020408163268,0.04287699716431754,0.1649565632854189,3.753674268722534,0.16984154922621592,4.5,0.0,1.0,2.0,0.0,0.0,0.07941176470588235,0.33035714285714285,0.0,0.03869049996137619,0.15065187960863113,3.6575459241867065,0.15496467053890228,9.0,0.0,2.0,4.5,2.5,0.0,0.45,0.6,0.36428571428571427,0.04690463840961456,0.18144088238477707,3.9766218662261963,0.18641813844442368,55,1,13,33,8,0.01818181818181818,0.23636363636363636,0.6,0.14545454545454545,7,0,0.0
recovered_archive3/250,7.5,0.0,4.0,1.0,1.0,0.0,0.5982142857142857,0.1625,0.13392857142857142,0.052169933915138245,0.20271003991365433,3.6951403617858887,0.2105054184794426,6.6,0.6,4.0,1.1,0.9,0.09440476190476191,0.5943650793650793,0.16444444444444445,0.14678571428571427,0.05121007561683655,0.18638287782669066,3.727620244026184,0.19361063092947006,5.25,0.0,3.0,0.25,0.25,0.0,0.42500000000000004,0.027777777777777776,0.03125,0.044880643486976624,0.1460111066699028,3.4419108629226685,0.15529106557369232,8.0,1.0,5.0,1.75,1.0,0.18125000000000002,0.625,0.25,0.19166666666666668,0.059482092037796974,0.2112182155251503,3.924232065677643,0.2176017016172409,66,6,40,11,9,0.09090909090909091,0.6060606060606061,0.16666666666666666,0.13636363636363635,10,0,0.0
recovered_archive3/251,5.5,0.0,1.0,4.0,0.0,0.0,0.24285714285714285,0.7571428571428571,0.0,0.042150288820266724,0.14634284377098083,3.6567596197128296,0.15139222890138626,5.3,0.0,1.6,3.7,0.0,0.0,0.31357142857142856,0.6864285714285715,0.0,0.04134114496409893,0.1508255608379841,3.635407495498657,0.15611886233091354,5.0,0.0,1.0,3.25,0.0,0.0,0.2,0.6666666666666666,0.0,0.03825729340314865,0.14302322641015053,3.4767338633537292,0.14759793132543564,6.0,0.0,2.0,4.75,0.0,0.0,0.3333333333333333,0.8,0.0,0.04399880953133106,0.15544340386986732,3.7652130126953125,0.16192664206027985,53,0,16,37,0,0.0,0.3018867924528302,0.6981132075471698,0.0,10,0,0.0
recovered_archive3/252,4.0,0.0,1.0,2.0,0.0,0.03571428571428571,0.20833333333333331,0.5625,0.0,0.05017809942364693,0.17916147410869598,3.4371180534362793,0.1874440237879753,5.176470588235294,0.6470588235294118,1.0588235294117647,2.764705882352941,0.7058823529411765,0.12286706349206349,0.22941468253968253,0.522420634920635,0.12529761904761905,0.057708374224603176,0.21222918946295977,3.5064232647418976,0.22062912210822105,4.0,0.0,0.0,1.0,0.0,0.0,0.0,0.38333333333333336,0.0,0.045499537140131,0.16640040278434753,2.99057799577713,0.1775246039032936,6.0,1.0,2.0,4.0,1.0,0.21250000000000002,0.35,0.7232142857142857,0.25,0.06210540980100632,0.2566612921655178,4.106277823448181,0.28244610130786896,88,11,18,47,12,0.125,0.20454545454545456,0.5340909090909091,0.13636363636363635,17,0,0.058823529411764705
recovered_archive3/253,4.0,0.0,0.0,2.0,1.0,0.0,0.0,0.5,0.4,0.04749765992164612,0.1367795616388321,3.048356056213379,0.14514650404453278,3.8,0.0,0.6,1.8,1.4,0.0,0.13999999999999999,0.47333333333333333,0.38666666666666666,0.04766451120376587,0.14618857353925704,3.0568301677703857,0.15419801324605942,3.0,0.0,0.0,1.0,1.0,0.0,0.0,0.4,0.3333333333333333,0.044804155826568604,0.12098109722137451,2.796231746673584,0.12901100516319275,5.0,0.0,1.0,2.0,2.0,0.0,0.2,0.6666666666666666,0.5,0.051854729652404785,0.17373917996883392,3.3059747219085693,0.1815134435892105,19,0,3,9,7,0.0,0.15789473684210525,0.47368421052631576,0.3684210526315789,5,0,0.0
recovered_archive3/254,2.0,0.0,1.0,1.0,0.0,0.0,0.5,0.5,0.0,0.06945037841796875,0.2601061463356018,3.5348422527313232,0.26985523104667664,1.875,0.0,0.875,1.0,0.0,0.0,0.4523809523809524,0.5476190476190476,0.0,0.07714517201696124,0.25173490813800264,3.419881139482771,0.2636541298457554,1.0,0.0,0.0,0.75,0.0,0.0,0.16666666666666666,0.3333333333333333,0.0,0.06591056287288666,0.2337217554450035,3.201189875602722,0.24170015007257462,3.0,0.0,1.25,1.25,0.0,0.0,0.6666666666666666,0.8333333333333333,0.0,0.07719770073890686,0.2794014662504196,3.819800615310669,0.2898423820734024,15,0,7,8,0,0.0,0.4666666666666667,0.5333333333333333,0.0,8,0,0.125
recovered_archive3/256,5.0,0.0,1.0,3.0,0.0,0.0,0.2,0.775,0.0,0.03541646897792816,0.12415294349193573,3.472947597503662,0.12858996540308,5.076923076923077,0.0,1.0,3.8461538461538463,0.23076923076923078,0.0,0.1673611111111111,0.7965277777777778,0.036111111111111115,0.0362128900984923,0.12214738130569458,3.382711172103882,0.1275012232363224,3.0,0.0,0.0,2.0,0.0,0.0,0.0,0.6812499999999999,0.0,0.0326274074614048,0.11304879188537598,3.1356617212295532,0.1171669028699398,8.0,0.0,2.0,5.0,0.0,0.0,0.2708333333333333,1.0,0.0,0.039153989404439926,0.13493012264370918,3.6308058500289917,0.14126326143741608,66,0,13,50,3,0.0,0.19696969696969696,0.7575757575757576,0.045454545454545456,13,0,0.07692307692307693
recovered_archive3/257,8.0,0.0,4.0,2.0,0.0,0.0,0.5714285714285714,0.42857142857142855,0.0,0.03966701030731201,0.16921952366828918,4.200411319732666,0.17273637652397156,10.823529411764707,0.0,4.352941176470588,6.0,0.47058823529411764,0.0,0.48603465162288684,0.4817515817515818,0.03221376662553133,0.03953694223481066,0.1689883869360475,4.140893473344691,0.1737050589393167,4.0,0.0,2.0,2.0,0.0,0.0,0.23809523809523808,0.25,0.0,0.03620663285255432,0.1488618552684784,3.5869803428649902,0.15378490090370178,12.0,0.0,7.0,4.0,1.0,0.0,0.6666666666666666,0.7619047619047619,0.045454545454545456,0.042611345648765564,0.1985577791929245,4.428223609924316,0.2016976922750473,184,0,74,102,8,0.0,0.40217391304347827,0.5543478260869565,0.043478260869565216,17,0,0.0
recovered_archive3/259,4.0,0.0,0.5,3.5,0.0,0.0,0.125,0.75,0.0,0.049647822976112366,0.17396841198205948,3.655988931655884,0.18286313116550446,4.833333333333333,0.0,0.6666666666666666,3.8333333333333335,0.3333333333333333,0.0,0.125,0.7678571428571428,0.10714285714285714,0.05027556046843529,0.17803090810775757,3.502442240715027,0.185102179646492,4.0,0.0,0.0,3.0,0.0,0.0,0.0,0.75,0.0,0.040500370785593987,0.1679309606552124,3.1658169627189636,0.1746896728873253,6.25,0.0,1.0,5.5,0.75,0.0,0.25,0.8303571428571428,0.10714285714285714,0.056742988526821136,0.17921778559684753,3.902179479598999,0.1843048259615898,29,0,4,23,2,0.0,0.13793103448275862,0.7931034482758621,0.06896551724137931,6,0,0.0
recovered_archive3/260,4.5,1.0,1.0,2.0,0.0,0.23109243697478993,0.11764705882352941,0.6862745098039216,0.0,0.0738464891910553,0.1706121861934662,2.4433720111846924,0.18947263062000275,8.0,1.4166666666666667,1.0,5.5,0.08333333333333333,0.28998599439775913,0.14044117647058824,0.5640172735760971,0.005555555555555556,0.0793198545773824,0.17638843382398287,2.443733036518097,0.1936773806810379,2.0,0.75,0.0,1.0,0.0,0.05,0.0,0.4583333333333333,0.0,0.0495380163192749,0.14013748615980148,2.2322283387184143,0.1463104411959648,15.5,2.25,2.0,11.25,0.0,0.5,0.15416666666666667,0.7411764705882352,0.0,0.09398045763373375,0.20168152078986168,2.7991209030151367,0.21732322499155998,96,17,12,66,1,0.17708333333333334,0.125,0.6875,0.010416666666666666,12,0,0.0
recovered_archive3/261,0.0,0.0,0.0,0.0,0.0,0.0,1.0,0.0,0.0,0.045706599950790405,0.14403840899467468,2.829885721206665,0.15072397887706757,0.75,0.0,0.75,0.0,0.0,0.0,1.0,0.0,0.0,0.048197752237319945,0.1497827559709549,2.8484176635742187,0.15700173676013945,0.0,0.0,0.0,0.0,0.0,0.0,1.0,0.0,0.0,0.044559746980667114,0.14159660041332245,2.624096155166626,0.14879076182842255,1.0,0.0,1.0,0.0,0.0,0.0,1.0,0.0,0.0,0.05186271667480469,0.1467655599117279,3.0979464054107666,0.15565946698188782,12,0,12,0,0,0.0,1.0,0.0,0.0,16,0,0.6875
recovered_archive3/262,11.0,0.0,0.0,11.0,0.0,0.0,0.0,1.0,0.0,0.043736111372709274,0.14839982986450195,3.368863344192505,0.15596765279769897,11.0,0.0,0.2857142857142857,10.714285714285714,0.0,0.0,0.02619047619047619,0.9738095238095238,0.0,0.043246135115623474,0.15484076951231276,3.4911462238856723,0.161383826817785,10.0,0.0,0.0,9.5,0.0,0.0,0.0,0.9583333333333333,0.0,0.04278119280934334,0.14260555058717728,3.259600281715393,0.14909515529870987,12.0,0.0,0.5,11.5,0.0,0.0,0.041666666666666664,1.0,0.0,0.044231727719306946,0.16221103072166443,3.759828209877014,0.16806881874799728,77,0,2,75,0,0.0,0.025974025974025976,0.974025974025974,0.0,7,0,0.0
recovered_archive3/263,2.0,0.0,0.5,0.5,0.0,0.3333333333333333,0.4,0.25,0.0,0.05446222424507141,0.13698729872703552,2.351748466491699,0.14536291360855103,1.9,0.6,0.7,0.6,0.0,0.3190476190476191,0.33095238095238094,0.35000000000000003,0.0,0.05815060915691512,0.14468521624803543,2.5085965735571727,0.15609188484294073,0.25,0.0,0.0,0.0,0.0,0.0,0.125,0.1,0.0,0.045371852815151215,0.1303132250905037,2.146592080593109,0.1415371224284172,2.75,1.0,1.0,1.0,0.0,0.45,0.5,0.5,0.0,0.05937596596777439,0.16183016449213028,2.6728140115737915,0.17963103204965591,19,6,7,6,0,0.3157894736842105,0.3684210526315789,0.3157894736842105,0.0,10,0,0.3
recovered_archive3/264,3.5,0.0,0.0,2.0,0.0,0.0,0.0,0.875,0.0,0.040534019470214844,0.11671461910009384,2.692965030670166,0.1250896453857422,5.6,0.1,0.5,4.4,0.6,0.010101010101010102,0.10963804713804715,0.7689393939393939,0.11132154882154882,0.04257759369081921,0.1382079463866022,3.116727113723755,0.14506225536266962,1.5,0.0,0.0,1.0,0.0,0.0,0.0,0.5454545454545454,0.0,0.03685128688812256,0.10683684051036835,2.5864293575286865,0.11279114335775375,9.25,0.0,1.0,6.75,1.0,0.0,0.09090909090909091,1.0,0.2727272727272727,0.04836595058441162,0.14735978841781616,2.902568817138672,0.15061722695827484,56,1,5,44,6,0.017857142857142856,0.08928571428571429,0.7857142857142857,0.10714285714285714,10,0,0.1
recovered_archive3/265,5.0,0.0,1.0,4.0,0.0,0.0,0.2,0.8,0.0,0.052230238914489746,0.15749472379684448,3.2693424224853516,0.1630663126707077,7.285714285714286,0.0,1.2857142857142858,6.0,0.0,0.0,0.27261904761904765,0.7273809523809524,0.0,0.05139633480991636,0.16804106320653642,3.370682512010847,0.17530887680394308,5.0,0.0,1.0,2.5,0.0,0.0,0.10416666666666666,0.55,0.0,0.04856913164258003,0.15441422164440155,2.626180052757263,0.16216213256120682,10.0,0.0,1.5,9.0,0.0,0.0,0.45,0.8958333333333333,0.0,0.0541558712720871,0.16316508501768112,3.8987326622009277,0.17132343351840973,51,0,9,42,0,0.0,0.17647058823529413,0.8235294117647058,0.0,7,0,0.0
recovered_archive3/266,10.0,0.0,2.0,7.0,1.0,0.0,0.2,0.7692307692307693,0.08333333333333333,0.04569076746702194,0.1768372505903244,3.90956711769104,0.1818733811378479,10.454545454545455,0.18181818181818182,1.9090909090909092,7.181818181818182,1.1818181818181819,0.01515151515151515,0.18524404888041254,0.6974208871936145,0.10218354877445787,0.04551762410185554,0.1810124326835979,3.8820745944976807,0.1873336366631768,9.5,0.0,0.5,6.0,0.0,0.0,0.05555555555555555,0.5227272727272727,0.0,0.04203185439109802,0.16976888477802277,3.557086944580078,0.17645945399999619,12.0,0.0,3.0,9.5,1.5,0.0,0.26136363636363635,0.8583333333333334,0.14646464646464646,0.047023460268974304,0.1866300329566002,4.229200839996338,0.1916244775056839,115,2,21,79,13,0.017391304347826087,0.1826086956521739,0.6869565217391305,0.11304347826086956,11,0,0.0
recovered_archive3/267,6.5,0.0,2.0,4.0,0.0,0.0,0.25,0.75,0.0,0.05853402614593506,0.18474070727825165,3.3135337829589844,0.1914234161376953,6.166666666666667,0.0,1.6666666666666667,4.166666666666667,0.3333333333333333,0.0,0.27874458874458874,0.6545887445887446,0.06666666666666667,0.05884743183851242,0.1976484626531601,3.3998549461364744,0.20518363416194915,5.25,0.0,1.25,2.5,0.0,0.0,0.2,0.5714285714285714,0.0,0.05688402056694031,0.1747203767299652,3.2405543327331543,0.180608868598938,7.75,0.0,2.0,5.5,0.0,0.0,0.3333333333333333,0.8,0.0,0.059206895530223846,0.2148733139038086,3.487487316131592,0.2259131520986557,37,0,10,25,2,0.0,0.2702702702702703,0.6756756756756757,0.05405405405405406,6,0,0.16666666666666666
