exam_case_id,archive_id,numeric_directory,role,path,filename,size_bytes,sha256,width,height,gray_mean,gray_std,is_black_placeholder,sha256_audited,hash_was_missing,file_exists,split
recovered_archive1/1,recovered_archive1,1,cap_image,recovered_archive1/1/CAPorg1.jpg,CAPorg1.jpg,646001,b68b5c6b739a358747af78ea7fd2b7a91c0906fb8b1d80570cb6cc0abcedc303,1024,768,121.241226,28.065004,False,b68b5c6b739a358747af78ea7fd2b7a91c0906fb8b1d80570cb6cc0abcedc303,False,True,train
recovered_archive1/1,recovered_archive1,1,cap_image,recovered_archive1/1/CAPorg2.jpg,CAPorg2.jpg,626397,5a5616b9ee0a2ae5930bfccf71c6a91e181ae358f76f61d3cc3db72c906e601d,1024,768,91.145774,26.311059,False,5a5616b9ee0a2ae5930bfccf71c6a91e181ae358f76f61d3cc3db72c906e601d,False,True,train
recovered_archive1/1,recovered_archive1,1,cap_image,recovered_archive1/1/CAPorg3.jpg,CAPorg3.jpg,591005,d32561bc6d46f6b81cd4dc276b5caae98736aa8e24c68f0ab64114df9bd12920,1024,768,47.353182,19.565842,False,d32561bc6d46f6b81cd4dc276b5caae98736aa8e24c68f0ab64114df9bd12920,False,True,train
recovered_archive1/1,recovered_archive1,1,cap_image,recovered_archive1/1/CAPorg4.jpg,CAPorg4.jpg,463684,5f09b9851495371cfee7b45d79d10361d01464d39198ba023dfa47c22cedbdf2,1024,768,18.06014,18.120241,False,5f09b9851495371cfee7b45d79d10361d01464d39198ba023dfa47c22cedbdf2,False,True,train
recovered_archive1/1,recovered_archive1,1,report_image,recovered_archive1/1/rep.jpg.jpg,rep.jpg.jpg,70449,d43b3e15253a19f737fd80a34cc9957bda3df22794eb55f66d700ee3e3d57eea,,,,,False,d43b3e15253a19f737fd80a34cc9957bda3df22794eb55f66d700ee3e3d57eea,False,False,train
recovered_archive1/1,recovered_archive1,1,report_image,recovered_archive1/1/rep_1901290.jpg.jpg,rep_1901290.jpg.jpg,70449,d43b3e15253a19f737fd80a34cc9957bda3df22794eb55f66d700ee3e3d57eea,,,,,False,d43b3e15253a19f737fd80a34cc9957bda3df22794eb55f66d700ee3e3d57eea,False,False,train
recovered_archive1/1,recovered_archive1,1,report_image,recovered_archive1/1/rep_1901291.jpg.jpg,rep_1901291.jpg.jpg,70449,d43b3e15253a19f737fd80a34cc9957bda3df22794eb55f66d700ee3e3d57eea,,,,,False,d43b3e15253a19f737fd80a34cc9957bda3df22794eb55f66d700ee3e3d57eea,False,False,train
recovered_archive1/1,recovered_archive1,1,report_image,recovered_archive1/1/rep_左手.jpg.jpg,rep_左手.jpg.jpg,70449,d43b3e15253a19f737fd80a34cc9957bda3df22794eb55f66d700ee3e3d57eea,,,,,False,d43b3e15253a19f737fd80a34cc9957bda3df22794eb55f66d700ee3e3d57eea,False,False,train
recovered_archive1/4,recovered_archive1,4,cap_image,recovered_archive1/4/CAPorg1.jpg,CAPorg1.jpg,606012,55181d22a3caec72b6116f3849f0636befd072f0874f820d789af67a116ac3f9,1024,768,58.998118,41.930818,False,55181d22a3caec72b6116f3849f0636befd072f0874f820d789af67a116ac3f9,False,True,
recovered_archive1/4,recovered_archive1,4,cap_image,recovered_archive1/4/CAPorg2.jpg,CAPorg2.jpg,652133,73d48acf0f2e24d87579fd466cf7a0c2dee0fc80c7ab2c52f879dd7ca78ebd49,1024,768,126.954594,42.216981,False,73d48acf0f2e24d87579fd466cf7a0c2dee0fc80c7ab2c52f879dd7ca78ebd49,False,True,
recovered_archive1/4,recovered_archive1,4,cap_image,recovered_archive1/4/CAPorg3.jpg,CAPorg3.jpg,651578,e63b90083a652cac3c9a18c819ed1f99cbe9448e6b670f48458c5ed758e671d2,1024,768,131.462968,43.648837,False,e63b90083a652cac3c9a18c819ed1f99cbe9448e6b670f48458c5ed758e671d2,False,True,
recovered_archive1/4,recovered_archive1,4,cap_image,recovered_archive1/4/CAPorg4.jpg,CAPorg4.jpg,614555,b34edaab1e04ed9c1b7aa812e6bee0359f0ac858864bf819ecf9fc63198bf0e9,1024,768,71.108109,20.348703,False,b34edaab1e04ed9c1b7aa812e6bee0359f0ac858864bf819ecf9fc63198bf0e9,False,True,
recovered_archive1/4,recovered_archive1,4,report_image,recovered_archive1/4/rep.jpg.jpg,rep.jpg.jpg,56381,fa0d02b88cfe74a56ad194b5a157c070b1056dc13de277659d51a0ebde416fc9,,,,,False,fa0d02b88cfe74a56ad194b5a157c070b1056dc13de277659d51a0ebde416fc9,False,False,
recovered_archive1/4,recovered_archive1,4,report_image,recovered_archive1/4/rep_1902260.jpg.jpg,rep_1902260.jpg.jpg,56381,fa0d02b88cfe74a56ad194b5a157c070b1056dc13de277659d51a0ebde416fc9,,,,,False,fa0d02b88cfe74a56ad194b5a157c070b1056dc13de277659d51a0ebde416fc9,False,False,
recovered_archive1/4,recovered_archive1,4,video,recovered_archive1/4/wmv0.avi,wmv0.avi,10267136,,,,,,False,,True,False,
recovered_archive1/6,recovered_archive1,6,cap_image,recovered_archive1/6/CAPorg1.jpg,CAPorg1.jpg,600173,81fa628d570fff3771e646d58421f94877206829a888f91aa2c3496527e34587,1024,768,61.105097,35.771934,False,81fa628d570fff3771e646d58421f94877206829a888f91aa2c3496527e34587,False,True,
recovered_archive1/6,recovered_archive1,6,cap_image,recovered_archive1/6/CAPorg2.jpg,CAPorg2.jpg,600754,f86a1298d41011af5334bdf16b2d357dbac0f69255dd4cf1d44408ca847b707d,1024,768,69.177027,37.331892,False,f86a1298d41011af5334bdf16b2d357dbac0f69255dd4cf1d44408ca847b707d,False,True,
recovered_archive1/6,recovered_archive1,6,cap_image,recovered_archive1/6/CAPorg3.jpg,CAPorg3.jpg,569736,fe5bbbcfecaaebc00b18644909fd19bb8013f1afa120b437e78dc4f9b88ddc46,1024,768,52.636293,38.94919,False,fe5bbbcfecaaebc00b18644909fd19bb8013f1afa120b437e78dc4f9b88ddc46,False,True,
recovered_archive1/6,recovered_archive1,6,cap_image,recovered_archive1/6/CAPorg4.jpg,CAPorg4.jpg,546929,d3db866d414800f89d37642386c4b339d12de996f97a089f49bbbb0d7cf5cb57,1024,768,46.820628,34.841407,False,d3db866d414800f89d37642386c4b339d12de996f97a089f49bbbb0d7cf5cb57,False,True,
recovered_archive1/6,recovered_archive1,6,cap_image,recovered_archive1/6/CAPorg5.jpg,CAPorg5.jpg,573236,ef617e9ed9107767d861d3ba2a9172f24a00aba053c3db53525b7618a480135b,1024,768,86.005769,64.074726,False,ef617e9ed9107767d861d3ba2a9172f24a00aba053c3db53525b7618a480135b,False,True,
recovered_archive1/9,recovered_archive1,9,cap_image,recovered_archive1/9/CAPorg1.jpg,CAPorg1.jpg,553105,814144279993027d751b0c66c16e9143c663ca9e9718257ff728b46dfc874fd1,1024,768,58.01201,56.303527,False,814144279993027d751b0c66c16e9143c663ca9e9718257ff728b46dfc874fd1,False,True,train
recovered_archive1/9,recovered_archive1,9,cap_image,recovered_archive1/9/CAPorg2.jpg,CAPorg2.jpg,525426,26fad60b3764fe94c46f780ce528731edb5f66741a2539795607bc799cfff2d9,1024,768,48.905556,47.201487,False,26fad60b3764fe94c46f780ce528731edb5f66741a2539795607bc799cfff2d9,False,True,train
recovered_archive1/9,recovered_archive1,9,cap_image,recovered_archive1/9/CAPorg3.jpg,CAPorg3.jpg,548566,9c0a716c9cde81029037f26763328b12e188aafa95833a0a3125c1f8430b6008,1024,768,26.372747,26.893666,False,9c0a716c9cde81029037f26763328b12e188aafa95833a0a3125c1f8430b6008,False,True,train
recovered_archive1/9,recovered_archive1,9,cap_image,recovered_archive1/9/CAPorg4.jpg,CAPorg4.jpg,510293,bad11e33ea1a68e3111e1261d4fb6de2143cd9864e538d468cb501e618ebe58d,1024,768,31.808931,52.760837,False,bad11e33ea1a68e3111e1261d4fb6de2143cd9864e538d468cb501e618ebe58d,False,True,train
recovered_archive1/9,recovered_archive1,9,cap_image,recovered_archive1/9/CAPorg5.jpg,CAPorg5.jpg,509860,ab787d747a14c4532d361d9f0d35d81315c8676d7f64c541ec88cdc317a369ad,1024,768,27.604992,47.58178,False,ab787d747a14c4532d361d9f0d35d81315c8676d7f64c541ec88cdc317a369ad,False,True,train
recovered_archive1/9,recovered_archive1,9,cap_image,recovered_archive1/9/CAPorg6.jpg,CAPorg6.jpg,515510,d9085f24f888185194c84f43e7ec199c5345ef099a306606c34a65895c1b34d6,1024,768,17.99098,20.250813,False,d9085f24f888185194c84f43e7ec199c5345ef099a306606c34a65895c1b34d6,False,True,train
recovered_archive1/9,recovered_archive1,9,report_image,recovered_archive1/9/rep.jpg.jpg,rep.jpg.jpg,66838,165d95e1e36ebb2700b5698e4db6d5fa5e416670a46174e6768c00f8c749070f,,,,,False,165d95e1e36ebb2700b5698e4db6d5fa5e416670a46174e6768c00f8c749070f,False,False,train
recovered_archive1/9,recovered_archive1,9,report_image,recovered_archive1/9/rep_1812070.jpg.jpg,rep_1812070.jpg.jpg,66838,165d95e1e36ebb2700b5698e4db6d5fa5e416670a46174e6768c00f8c749070f,,,,,False,165d95e1e36ebb2700b5698e4db6d5fa5e416670a46174e6768c00f8c749070f,False,False,train
recovered_archive1/11,recovered_archive1,11,cap_image,recovered_archive1/11/CAPorg1.jpg,CAPorg1.jpg,12917,749a8efc155a7020938f4cce12a79e06e26c0435082b998dd21c0492d02f11a1,1024,768,0.0,0.0,True,749a8efc155a7020938f4cce12a79e06e26c0435082b998dd21c0492d02f11a1,False,True,
recovered_archive1/12,recovered_archive1,12,cap_image,recovered_archive1/12/CAPorg1.jpg,CAPorg1.jpg,617952,9644689f7e90321fadf937595d0c6bba3d2acedfcb34e0351ac91620d9915be7,1024,768,99.021295,47.918186,False,9644689f7e90321fadf937595d0c6bba3d2acedfcb34e0351ac91620d9915be7,False,True,
recovered_archive1/12,recovered_archive1,12,cap_image,recovered_archive1/12/CAPorg2.jpg,CAPorg2.jpg,593755,37e979a01bc7089027d70ca142d614d07e69256cd74e3fd549f6736d47b4e055,1024,768,63.794528,48.098177,False,37e979a01bc7089027d70ca142d614d07e69256cd74e3fd549f6736d47b4e055,False,True,
recovered_archive1/12,recovered_archive1,12,cap_image,recovered_archive1/12/CAPorg3.jpg,CAPorg3.jpg,546454,53020902ee90925cee9a2007b96be373b8f673298d9c3d664c4d4c4ea252ad05,1024,768,33.870941,38.525665,False,53020902ee90925cee9a2007b96be373b8f673298d9c3d664c4d4c4ea252ad05,False,True,
recovered_archive1/12,recovered_archive1,12,cap_image,recovered_archive1/12/CAPorg4.jpg,CAPorg4.jpg,595656,677c80eb987feb7ada7c45c8f7f0295b6f1438bda0a16337e87860b03a3f32cd,1024,768,86.558767,55.910085,False,677c80eb987feb7ada7c45c8f7f0295b6f1438bda0a16337e87860b03a3f32cd,False,True,
recovered_archive1/12,recovered_archive1,12,cap_image,recovered_archive1/12/CAPorg5.jpg,CAPorg5.jpg,629733,481f52c09993ee8d90316eb6a2b7c9d389801b3682d077b17555cc068e69c895,1024,768,94.142632,34.794621,False,481f52c09993ee8d90316eb6a2b7c9d389801b3682d077b17555cc068e69c895,False,True,
recovered_archive1/12,recovered_archive1,12,report_image,recovered_archive1/12/rep.jpg.jpg,rep.jpg.jpg,58630,8d339521e78ed6571bfb545b8eba19281d35e70fe67af687a015ad3e31a10e57,,,,,False,8d339521e78ed6571bfb545b8eba19281d35e70fe67af687a015ad3e31a10e57,False,False,
recovered_archive1/12,recovered_archive1,12,report_image,recovered_archive1/12/rep_1.jpg.jpg,rep_1.jpg.jpg,58630,8d339521e78ed6571bfb545b8eba19281d35e70fe67af687a015ad3e31a10e57,,,,,False,8d339521e78ed6571bfb545b8eba19281d35e70fe67af687a015ad3e31a10e57,False,False,
recovered_archive1/12,recovered_archive1,12,report_image,recovered_archive1/12/rep_1812180.jpg.jpg,rep_1812180.jpg.jpg,58645,881c6003006aa4583a2452fcd2de5f00b6dd5b1c32983e70034ffdbdd62250a8,,,,,False,881c6003006aa4583a2452fcd2de5f00b6dd5b1c32983e70034ffdbdd62250a8,False,False,
recovered_archive1/15,recovered_archive1,15,cap_image,recovered_archive1/15/CAPorg1.jpg,CAPorg1.jpg,461332,8e71a0b232e0b5d58d5a2a3e021d4e501ad4b1e9b61424a5d6cdf2b47258a644,1024,768,216.838694,49.316692,False,8e71a0b232e0b5d58d5a2a3e021d4e501ad4b1e9b61424a5d6cdf2b47258a644,False,True,
recovered_archive1/15,recovered_archive1,15,cap_image,recovered_archive1/15/CAPorg2.jpg,CAPorg2.jpg,640323,30c54ffa7e013c22c21f5099b763e057969139b6f152c5aa6f9a726c2aacc7ed,1024,768,127.54027,52.31289,False,30c54ffa7e013c22c21f5099b763e057969139b6f152c5aa6f9a726c2aacc7ed,False,True,
recovered_archive1/15,recovered_archive1,15,cap_image,recovered_archive1/15/CAPorg3.jpg,CAPorg3.jpg,658176,e85f33d1cfdfb801a16487a56d6c9db8f812d31c80e5a0ebfa534eca21b19fc1,1024,768,140.439859,48.22533,False,e85f33d1cfdfb801a16487a56d6c9db8f812d31c80e5a0ebfa534eca21b19fc1,False,True,
recovered_archive1/15,recovered_archive1,15,cap_image,recovered_archive1/15/CAPorg4.jpg,CAPorg4.jpg,650001,98195a70e7910709a231061ecc5bb7968f5d91cfd597733eea6dd433b3254529,1024,768,116.342018,45.846227,False,98195a70e7910709a231061ecc5bb7968f5d91cfd597733eea6dd433b3254529,False,True,
recovered_archive1/15,recovered_archive1,15,cap_image,recovered_archive1/15/CAPorg5.jpg,CAPorg5.jpg,658577,20b99e58b936e76ae1e111ca36218f8d745feda7237f133ca0e59f9d7c538099,1024,768,120.44433,44.245913,False,20b99e58b936e76ae1e111ca36218f8d745feda7237f133ca0e59f9d7c538099,False,True,
recovered_archive1/15,recovered_archive1,15,cap_image,recovered_archive1/15/CAPorg6.jpg,CAPorg6.jpg,647283,fe08f5b47f7e341052a8be3fd98155073430aaf6b4890472991a1f97dce29f34,1024,768,107.001629,43.515642,False,fe08f5b47f7e341052a8be3fd98155073430aaf6b4890472991a1f97dce29f34,False,True,
recovered_archive1/15,recovered_archive1,15,cap_image,recovered_archive1/15/CAPorg7.jpg,CAPorg7.jpg,643257,5e6c3d936f0a955bbb5baa291d4427c653bf18e0a1a8deeeb013e552bdb2fce6,1024,768,125.389435,54.700546,False,5e6c3d936f0a955bbb5baa291d4427c653bf18e0a1a8deeeb013e552bdb2fce6,False,True,
recovered_archive1/15,recovered_archive1,15,cap_image,recovered_archive1/15/CAPorg8.jpg,CAPorg8.jpg,641990,28efe31d4f7da4d0582b50e80a253336e1f85be80bd086d836730207c7690c5d,1024,768,141.473937,56.72318,False,28efe31d4f7da4d0582b50e80a253336e1f85be80bd086d836730207c7690c5d,False,True,
recovered_archive1/19,recovered_archive1,19,report_image,recovered_archive1/19/rep.jpg.jpg,rep.jpg.jpg,43559,1aa0a6511ad71c35f690da0adbcd4e67cb137827618560e74a7d4b536b5684e6,,,,,False,1aa0a6511ad71c35f690da0adbcd4e67cb137827618560e74a7d4b536b5684e6,False,False,
recovered_archive1/19,recovered_archive1,19,report_image,recovered_archive1/19/rep_1810160.jpg.jpg,rep_1810160.jpg.jpg,43559,1aa0a6511ad71c35f690da0adbcd4e67cb137827618560e74a7d4b536b5684e6,,,,,False,1aa0a6511ad71c35f690da0adbcd4e67cb137827618560e74a7d4b536b5684e6,False,False,
recovered_archive1/23,recovered_archive1,23,cap_image,recovered_archive1/23/CAPorg1.jpg,CAPorg1.jpg,648945,9b11f4c8ec06aa1b5a2d512d3591116949631e32da3a8ecdec73d5da075f81d3,1024,768,134.555634,31.619477,False,9b11f4c8ec06aa1b5a2d512d3591116949631e32da3a8ecdec73d5da075f81d3,False,True,train
recovered_archive1/23,recovered_archive1,23,cap_image,recovered_archive1/23/CAPorg2.jpg,CAPorg2.jpg,620637,dd7fcb2cb056857b13b90336120fc8d599098d299ffaa1802193cd1b2d872678,1024,768,185.543789,52.269065,False,dd7fcb2cb056857b13b90336120fc8d599098d299ffaa1802193cd1b2d872678,False,True,train
recovered_archive1/23,recovered_archive1,23,cap_image,recovered_archive1/23/CAPorg3.jpg,CAPorg3.jpg,649014,865a03c291d0f422919783f5a959703be9d0424ab5250e22de5820255a7860e4,1024,768,143.341905,55.895398,False,865a03c291d0f422919783f5a959703be9d0424ab5250e22de5820255a7860e4,False,True,train
recovered_archive1/23,recovered_archive1,23,cap_image,recovered_archive1/23/CAPorg4.jpg,CAPorg4.jpg,637341,13a52d848f9e0ba6760709a9ef528900891ca3bf75a93c6634c9ac85bc5d4392,1024,768,115.300555,54.524726,False,13a52d848f9e0ba6760709a9ef528900891ca3bf75a93c6634c9ac85bc5d4392,False,True,train
recovered_archive1/23,recovered_archive1,23,cap_image,recovered_archive1/23/CAPorg5.jpg,CAPorg5.jpg,630367,9178965afd17c37f5a54dac0046119d845364fe005a1b2a524e27573c596c1e3,1024,768,119.757266,52.783221,False,9178965afd17c37f5a54dac0046119d845364fe005a1b2a524e27573c596c1e3,False,True,train
recovered_archive1/23,recovered_archive1,23,report_image,recovered_archive1/23/rep.jpg.jpg,rep.jpg.jpg,67747,5996cb72c9ea617e2cc0da5501e28cc4aa50ee42495353d696bb337d0f056054,,,,,False,5996cb72c9ea617e2cc0da5501e28cc4aa50ee42495353d696bb337d0f056054,False,False,train
recovered_archive1/23,recovered_archive1,23,report_image,recovered_archive1/23/rep_1810160.jpg.jpg,rep_1810160.jpg.jpg,67747,5996cb72c9ea617e2cc0da5501e28cc4aa50ee42495353d696bb337d0f056054,,,,,False,5996cb72c9ea617e2cc0da5501e28cc4aa50ee42495353d696bb337d0f056054,False,False,train
recovered_archive1/23,recovered_archive1,23,video,recovered_archive1/23/wmv0.avi,wmv0.avi,10019840,,,,,,False,,True,False,train
recovered_archive1/24,recovered_archive1,24,cap_image,recovered_archive1/24/CAPorg1.jpg,CAPorg1.jpg,548853,c5eff771529d4e7ee7b3d605d3e2ba3be7437116fe17b678bcbe043ece956eb3,1024,768,29.239867,18.229256,False,c5eff771529d4e7ee7b3d605d3e2ba3be7437116fe17b678bcbe043ece956eb3,False,True,train
recovered_archive1/24,recovered_archive1,24,cap_image,recovered_archive1/24/CAPorg2.jpg,CAPorg2.jpg,535111,b32b1f5d067aee4b3c77041785b27ae77ea94513ffd1644bc2e264cdf0395ef8,1024,768,33.701028,27.266519,False,b32b1f5d067aee4b3c77041785b27ae77ea94513ffd1644bc2e264cdf0395ef8,False,True,train
recovered_archive1/24,recovered_archive1,24,cap_image,recovered_archive1/24/CAPorg3.jpg,CAPorg3.jpg,610831,7e772a6cbbba21110d229b70f6e5b9909375ab7190a3d9d16b366691641b34b2,1024,768,75.012173,35.444196,False,7e772a6cbbba21110d229b70f6e5b9909375ab7190a3d9d16b366691641b34b2,False,True,train
recovered_archive1/24,recovered_archive1,24,cap_image,recovered_archive1/24/CAPorg4.jpg,CAPorg4.jpg,442262,a56e38d196695048899e7e94c7f261b4c9bf0ecdd06f4acda9b5f3b28b7fcf7e,1024,768,14.85918,14.240438,False,a56e38d196695048899e7e94c7f261b4c9bf0ecdd06f4acda9b5f3b28b7fcf7e,False,True,train
recovered_archive1/24,recovered_archive1,24,cap_image,recovered_archive1/24/CAPorg5.jpg,CAPorg5.jpg,567094,ae98e6c4579d7d0e0107ae8001a298e47aa29bafb15af3b8339e11daaf021210,1024,768,43.127296,27.767044,False,ae98e6c4579d7d0e0107ae8001a298e47aa29bafb15af3b8339e11daaf021210,False,True,train
recovered_archive1/24,recovered_archive1,24,cap_image,recovered_archive1/24/CAPorg6.jpg,CAPorg6.jpg,615035,a4d7ccef888aad4d659e8707fb9c9cabe5721eb81d964430bce0a2134401a942,1024,768,95.828121,55.570694,False,a4d7ccef888aad4d659e8707fb9c9cabe5721eb81d964430bce0a2134401a942,False,True,train
recovered_archive1/24,recovered_archive1,24,cap_image,recovered_archive1/24/CAPorg7.jpg,CAPorg7.jpg,539640,7f8f7c8c7582d910bb9edea41d6f6b04a8d04bc5c914008caabb107b5252ae4a,1024,768,110.274059,71.130273,False,7f8f7c8c7582d910bb9edea41d6f6b04a8d04bc5c914008caabb107b5252ae4a,False,True,train
recovered_archive1/24,recovered_archive1,24,report_image,recovered_archive1/24/rep.jpg.jpg,rep.jpg.jpg,63094,e97452b3becd54119a9b2013047c3845efb3e1973ab9da715f0c2c67255feb54,,,,,False,e97452b3becd54119a9b2013047c3845efb3e1973ab9da715f0c2c67255feb54,False,False,train
recovered_archive1/24,recovered_archive1,24,report_image,recovered_archive1/24/rep_1811050.jpg.jpg,rep_1811050.jpg.jpg,63094,e97452b3becd54119a9b2013047c3845efb3e1973ab9da715f0c2c67255feb54,,,,,False,e97452b3becd54119a9b2013047c3845efb3e1973ab9da715f0c2c67255feb54,False,False,train
recovered_archive1/24,recovered_archive1,24,report_image,recovered_archive1/24/rep_左手.jpg.jpg,rep_左手.jpg.jpg,63094,e97452b3becd54119a9b2013047c3845efb3e1973ab9da715f0c2c67255feb54,,,,,False,e97452b3becd54119a9b2013047c3845efb3e1973ab9da715f0c2c67255feb54,False,False,train
recovered_archive1/25,recovered_archive1,25,cap_image,recovered_archive1/25/CAPorg1.jpg,CAPorg1.jpg,576523,419de64008f87eb0a5903a266f9ae7d354849f1e3f9e4bb14eb04b4f1042fd37,1024,768,80.870627,66.575781,False,419de64008f87eb0a5903a266f9ae7d354849f1e3f9e4bb14eb04b4f1042fd37,False,True,
recovered_archive1/25,recovered_archive1,25,cap_image,recovered_archive1/25/CAPorg2.jpg,CAPorg2.jpg,589644,a4665518fd9d0028be4f0ffe8b12dad90557a7be51109f034c377fafd92c8f83,1024,768,65.723788,41.927753,False,a4665518fd9d0028be4f0ffe8b12dad90557a7be51109f034c377fafd92c8f83,False,True,
recovered_archive1/25,recovered_archive1,25,report_image,recovered_archive1/25/rep.jpg.jpg,rep.jpg.jpg,49863,cc8621a59bc29fa0defb70034d9f17c32fe7fd929aebd4a169da2c2ed38c63ee,,,,,False,cc8621a59bc29fa0defb70034d9f17c32fe7fd929aebd4a169da2c2ed38c63ee,False,False,
recovered_archive1/25,recovered_archive1,25,report_image,recovered_archive1/25/rep_1811020.jpg.jpg,rep_1811020.jpg.jpg,49863,cc8621a59bc29fa0defb70034d9f17c32fe7fd929aebd4a169da2c2ed38c63ee,,,,,False,cc8621a59bc29fa0defb70034d9f17c32fe7fd929aebd4a169da2c2ed38c63ee,False,False,
recovered_archive1/26,recovered_archive1,26,cap_image,recovered_archive1/26/CAPorg1.jpg,CAPorg1.jpg,12917,749a8efc155a7020938f4cce12a79e06e26c0435082b998dd21c0492d02f11a1,1024,768,0.0,0.0,True,749a8efc155a7020938f4cce12a79e06e26c0435082b998dd21c0492d02f11a1,False,True,
recovered_archive1/26,recovered_archive1,26,cap_image,recovered_archive1/26/CAPorg10.jpg,CAPorg10.jpg,12917,749a8efc155a7020938f4cce12a79e06e26c0435082b998dd21c0492d02f11a1,1024,768,0.0,0.0,True,749a8efc155a7020938f4cce12a79e06e26c0435082b998dd21c0492d02f11a1,False,True,
recovered_archive1/26,recovered_archive1,26,cap_image,recovered_archive1/26/CAPorg11.jpg,CAPorg11.jpg,12917,749a8efc155a7020938f4cce12a79e06e26c0435082b998dd21c0492d02f11a1,1024,768,0.0,0.0,True,749a8efc155a7020938f4cce12a79e06e26c0435082b998dd21c0492d02f11a1,False,True,
recovered_archive1/26,recovered_archive1,26,cap_image,recovered_archive1/26/CAPorg12.jpg,CAPorg12.jpg,12917,749a8efc155a7020938f4cce12a79e06e26c0435082b998dd21c0492d02f11a1,1024,768,0.0,0.0,True,749a8efc155a7020938f4cce12a79e06e26c0435082b998dd21c0492d02f11a1,False,True,
recovered_archive1/26,recovered_archive1,26,cap_image,recovered_archive1/26/CAPorg13.jpg,CAPorg13.jpg,639394,b81421d633bd9b1201eef886c672901ad9c55328b67a7aa672add19982c5c844,1024,768,123.52228,50.757423,False,b81421d633bd9b1201eef886c672901ad9c55328b67a7aa672add19982c5c844,False,True,
recovered_archive1/26,recovered_archive1,26,cap_image,recovered_archive1/26/CAPorg14.jpg,CAPorg14.jpg,628137,8b274f8ee6f4123d39906b7e5b7e59a942476c7e126cf6aa59dcf6789043f118,1024,768,105.749916,52.810328,False,8b274f8ee6f4123d39906b7e5b7e59a942476c7e126cf6aa59dcf6789043f118,False,True,
recovered_archive1/26,recovered_archive1,26,cap_image,recovered_archive1/26/CAPorg15.jpg,CAPorg15.jpg,625961,4d6d2031b6ef6046ac3396d2b66906fea3ce867524ea208716dd0164954aceee,1024,768,109.18308,56.571152,False,4d6d2031b6ef6046ac3396d2b66906fea3ce867524ea208716dd0164954aceee,False,True,
recovered_archive1/26,recovered_archive1,26,cap_image,recovered_archive1/26/CAPorg16.jpg,CAPorg16.jpg,640504,cebc24626570fe45cd7335bd794a772821e49d614585bcaaad3f0b76fe455526,1024,768,158.739764,58.662653,False,cebc24626570fe45cd7335bd794a772821e49d614585bcaaad3f0b76fe455526,False,True,
recovered_archive1/26,recovered_archive1,26,cap_image,recovered_archive1/26/CAPorg17.jpg,CAPorg17.jpg,599243,e1e5354486bf85e773f4cb3cc2a4c3ad0a566141e18f22e85c2c1ef5e3a284d7,1024,768,62.210893,35.792624,False,e1e5354486bf85e773f4cb3cc2a4c3ad0a566141e18f22e85c2c1ef5e3a284d7,False,True,
recovered_archive1/26,recovered_archive1,26,cap_image,recovered_archive1/26/CAPorg18.jpg,CAPorg18.jpg,604226,15c9d455b16dc545a60d0a2bbf177ec3277f019510de0d0e59f395ed5b42cc21,1024,768,69.168015,40.668635,False,15c9d455b16dc545a60d0a2bbf177ec3277f019510de0d0e59f395ed5b42cc21,False,True,
recovered_archive1/26,recovered_archive1,26,cap_image,recovered_archive1/26/CAPorg19.jpg,CAPorg19.jpg,630688,dbc172b2ac3eb9b1518d42953f23e177f5e189a2b8a370860c7a00289a15f12d,1024,768,107.443821,53.081165,False,dbc172b2ac3eb9b1518d42953f23e177f5e189a2b8a370860c7a00289a15f12d,False,True,
recovered_archive1/26,recovered_archive1,26,cap_image,recovered_archive1/26/CAPorg2.jpg,CAPorg2.jpg,12917,749a8efc155a7020938f4cce12a79e06e26c0435082b998dd21c0492d02f11a1,1024,768,0.0,0.0,True,749a8efc155a7020938f4cce12a79e06e26c0435082b998dd21c0492d02f11a1,False,True,
recovered_archive1/26,recovered_archive1,26,cap_image,recovered_archive1/26/CAPorg20.jpg,CAPorg20.jpg,623994,5dad53487a7619c52a5212ce926cdec4847efec3fcb53410a51207e14c7567ee,1024,768,97.074753,50.912454,False,5dad53487a7619c52a5212ce926cdec4847efec3fcb53410a51207e14c7567ee,False,True,
recovered_archive1/26,recovered_archive1,26,cap_image,recovered_archive1/26/CAPorg3.jpg,CAPorg3.jpg,12917,749a8efc155a7020938f4cce12a79e06e26c0435082b998dd21c0492d02f11a1,1024,768,0.0,0.0,True,749a8efc155a7020938f4cce12a79e06e26c0435082b998dd21c0492d02f11a1,False,True,
recovered_archive1/26,recovered_archive1,26,cap_image,recovered_archive1/26/CAPorg4.jpg,CAPorg4.jpg,12917,749a8efc155a7020938f4cce12a79e06e26c0435082b998dd21c0492d02f11a1,1024,768,0.0,0.0,True,749a8efc155a7020938f4cce12a79e06e26c0435082b998dd21c0492d02f11a1,False,True,
recovered_archive1/26,recovered_archive1,26,cap_image,recovered_archive1/26/CAPorg5.jpg,CAPorg5.jpg,12917,749a8efc155a7020938f4cce12a79e06e26c0435082b998dd21c0492d02f11a1,1024,768,0.0,0.0,True,749a8efc155a7020938f4cce12a79e06e26c0435082b998dd21c0492d02f11a1,False,True,
recovered_archive1/26,recovered_archive1,26,cap_image,recovered_archive1/26/CAPorg6.jpg,CAPorg6.jpg,12917,749a8efc155a7020938f4cce12a79e06e26c0435082b998dd21c0492d02f11a1,1024,768,0.0,0.0,True,749a8efc155a7020938f4cce12a79e06e26c0435082b998dd21c0492d02f11a1,False,True,
recovered_archive1/26,recovered_archive1,26,cap_image,recovered_archive1/26/CAPorg7.jpg,CAPorg7.jpg,12917,749a8efc155a7020938f4cce12a79e06e26c0435082b998dd21c0492d02f11a1,1024,768,0.0,0.0,True,749a8efc155a7020938f4cce12a79e06e26c0435082b998dd21c0492d02f11a1,False,True,
recovered_archive1/26,recovered_archive1,26,cap_image,recovered_archive1/26/CAPorg8.jpg,CAPorg8.jpg,12917,749a8efc155a7020938f4cce12a79e06e26c0435082b998dd21c0492d02f11a1,1024,768,0.0,0.0,True,749a8efc155a7020938f4cce12a79e06e26c0435082b998dd21c0492d02f11a1,False,True,
recovered_archive1/26,recovered_archive1,26,cap_image,recovered_archive1/26/CAPorg9.jpg,CAPorg9.jpg,12917,749a8efc155a7020938f4cce12a79e06e26c0435082b998dd21c0492d02f11a1,1024,768,0.0,0.0,True,749a8efc155a7020938f4cce12a79e06e26c0435082b998dd21c0492d02f11a1,False,True,
recovered_archive1/28,recovered_archive1,28,cap_image,recovered_archive1/28/CAPorg1.jpg,CAPorg1.jpg,483485,f0bba48b895b51f5624e9722cd84aa89d964fb29ee4cde7870e221703ae4feb0,1024,768,35.799863,29.395169,False,f0bba48b895b51f5624e9722cd84aa89d964fb29ee4cde7870e221703ae4feb0,False,True,val
recovered_archive1/28,recovered_archive1,28,cap_image,recovered_archive1/28/CAPorg2.jpg,CAPorg2.jpg,501831,4f7160ca0f1f12720c703bcee627b845322446c5094b8b270c1524ca658b61ad,1024,768,28.552147,20.394758,False,4f7160ca0f1f12720c703bcee627b845322446c5094b8b270c1524ca658b61ad,False,True,val
recovered_archive1/28,recovered_archive1,28,cap_image,recovered_archive1/28/CAPorg3.jpg,CAPorg3.jpg,544350,1dffb25bfa6a95cb57a19f0522b77c571c89c7c836986cbc7b2ab0175ae8df0b,1024,768,25.165606,32.775352,False,1dffb25bfa6a95cb57a19f0522b77c571c89c7c836986cbc7b2ab0175ae8df0b,False,True,val
recovered_archive1/28,recovered_archive1,28,cap_image,recovered_archive1/28/CAPorg4.jpg,CAPorg4.jpg,576134,b148a250147cefbf976b5f426b2d446487dc68d44b7a40b8a8de832e8cb807e4,1024,768,36.174781,31.624633,False,b148a250147cefbf976b5f426b2d446487dc68d44b7a40b8a8de832e8cb807e4,False,True,val
recovered_archive1/28,recovered_archive1,28,cap_image,recovered_archive1/28/CAPorg5.jpg,CAPorg5.jpg,590823,05a4516923398d530b6997e7787c250ed10426d85c2fd36abf20a2d9aea5e401,1024,768,47.258947,35.014889,False,05a4516923398d530b6997e7787c250ed10426d85c2fd36abf20a2d9aea5e401,False,True,val
recovered_archive1/28,recovered_archive1,28,cap_image,recovered_archive1/28/CAPorg6.jpg,CAPorg6.jpg,555735,110e1d6546a1b5f5b22754f906785455f8f7faf225a3357a2de1c60e34e04616,1024,768,64.913817,61.929355,False,110e1d6546a1b5f5b22754f906785455f8f7faf225a3357a2de1c60e34e04616,False,True,val
recovered_archive1/28,recovered_archive1,28,cap_image,recovered_archive1/28/CAPorg7.jpg,CAPorg7.jpg,572241,a1ee80ee1077d9810aab98ad4d271f82ac315d6428198054826c72f772474d64,1024,768,39.983688,35.069151,False,a1ee80ee1077d9810aab98ad4d271f82ac315d6428198054826c72f772474d64,False,True,val
recovered_archive1/28,recovered_archive1,28,cap_image,recovered_archive1/28/CAPorg8.jpg,CAPorg8.jpg,570893,56263a2ed88dba142787486e500e8a4827746a62e5c157d17ddc0874ce5cc71a,1024,768,32.671471,27.307706,False,56263a2ed88dba142787486e500e8a4827746a62e5c157d17ddc0874ce5cc71a,False,True,val
recovered_archive1/28,recovered_archive1,28,cap_image,recovered_archive1/28/CAPorg9.jpg,CAPorg9.jpg,507984,9da1e5c1145807e9a87cab86c08d9d793780895802feeaa14a765bb3587bd6fe,1024,768,77.783796,88.083914,False,9da1e5c1145807e9a87cab86c08d9d793780895802feeaa14a765bb3587bd6fe,False,True,val
recovered_archive1/28,recovered_archive1,28,report_image,recovered_archive1/28/rep.jpg.jpg,rep.jpg.jpg,74076,d49b4447bbfffce0b9e4ed0386d5e040c0e2ab73e585ef23bbe697ea079f8e57,,,,,False,d49b4447bbfffce0b9e4ed0386d5e040c0e2ab73e585ef23bbe697ea079f8e57,False,False,val
recovered_archive1/28,recovered_archive1,28,report_image,recovered_archive1/28/rep_1812070.jpg.jpg,rep_1812070.jpg.jpg,74076,d49b4447bbfffce0b9e4ed0386d5e040c0e2ab73e585ef23bbe697ea079f8e57,,,,,False,d49b4447bbfffce0b9e4ed0386d5e040c0e2ab73e585ef23bbe697ea079f8e57,False,False,val
recovered_archive1/28,recovered_archive1,28,report_image,recovered_archive1/28/rep_1812071.jpg.jpg,rep_1812071.jpg.jpg,74076,d49b4447bbfffce0b9e4ed0386d5e040c0e2ab73e585ef23bbe697ea079f8e57,,,,,False,d49b4447bbfffce0b9e4ed0386d5e040c0e2ab73e585ef23bbe697ea079f8e57,False,False,val
recovered_archive1/29,recovered_archive1,29,cap_image,recovered_archive1/29/CAPorg1.jpg,CAPorg1.jpg,611421,7ee47a80eb1a000ec821c81f40161478d7d332457836be2fdc71a16a5819eb8e,1024,768,154.02315,68.574185,False,7ee47a80eb1a000ec821c81f40161478d7d332457836be2fdc71a16a5819eb8e,False,True,train
recovered_archive1/29,recovered_archive1,29,cap_image,recovered_archive1/29/CAPorg10.jpg,CAPorg10.jpg,494472,6062d3362e7d457b0dec83089030ce6c317a8b6cc3eafa9e8d8ea220519402bd,1024,768,216.474407,41.211495,False,6062d3362e7d457b0dec83089030ce6c317a8b6cc3eafa9e8d8ea220519402bd,False,True,train
recovered_archive1/29,recovered_archive1,29,cap_image,recovered_archive1/29/CAPorg11.jpg,CAPorg11.jpg,517841,415f7b3f8cd0e24956cfa738084ac9c7009a58b0674a2ede420fe5f28256532a,1024,768,205.72951,46.279283,False,415f7b3f8cd0e24956cfa738084ac9c7009a58b0674a2ede420fe5f28256532a,False,True,train
recovered_archive1/29,recovered_archive1,29,cap_image,recovered_archive1/29/CAPorg12.jpg,CAPorg12.jpg,563221,941d7c905ebdb146568decabc62481d51f93d0158c989b52becea1565f4b7ab2,1024,768,195.938498,48.183684,False,941d7c905ebdb146568decabc62481d51f93d0158c989b52becea1565f4b7ab2,False,True,train
recovered_archive1/29,recovered_archive1,29,cap_image,recovered_archive1/29/CAPorg2.jpg,CAPorg2.jpg,628109,90086cd1fb260a113bfc2cb2fdb41b09d5c755eb97934371747d64094f7056f8,1024,768,138.39028,69.815128,False,90086cd1fb260a113bfc2cb2fdb41b09d5c755eb97934371747d64094f7056f8,False,True,train
recovered_archive1/29,recovered_archive1,29,cap_image,recovered_archive1/29/CAPorg3.jpg,CAPorg3.jpg,613812,567fe1698b02dc6c6b2eb3ab1cd4ab85219084ea2fd692fd96a1f1f2ed75ef07,1024,768,110.211576,62.054898,False,567fe1698b02dc6c6b2eb3ab1cd4ab85219084ea2fd692fd96a1f1f2ed75ef07,False,True,train
recovered_archive1/29,recovered_archive1,29,cap_image,recovered_archive1/29/CAPorg4.jpg,CAPorg4.jpg,468879,ff7995e00364c97e226e139746ab38627af36d16d2480073da5a7796f6799453,1024,768,213.341918,46.027203,False,ff7995e00364c97e226e139746ab38627af36d16d2480073da5a7796f6799453,False,True,train
recovered_archive1/29,recovered_archive1,29,cap_image,recovered_archive1/29/CAPorg5.jpg,CAPorg5.jpg,351189,6d5b2c23a70a79fbcfedb6c09d8b6f5078e5a47de3fbeca46deb6604333b243d,1024,768,229.193418,38.467699,False,6d5b2c23a70a79fbcfedb6c09d8b6f5078e5a47de3fbeca46deb6604333b243d,False,True,train
recovered_archive1/29,recovered_archive1,29,cap_image,recovered_archive1/29/CAPorg6.jpg,CAPorg6.jpg,641142,5d544dd97703cd4b13e5687bbd64d3b0a3dff06a83fc39f735ca893789eb330e,1024,768,117.105549,52.677042,False,5d544dd97703cd4b13e5687bbd64d3b0a3dff06a83fc39f735ca893789eb330e,False,True,train
recovered_archive1/29,recovered_archive1,29,cap_image,recovered_archive1/29/CAPorg7.jpg,CAPorg7.jpg,617848,23329201170542de4c431e47d2e749f01a699c38e587ce979a306b1aea8af992,1024,768,84.321081,48.057579,False,23329201170542de4c431e47d2e749f01a699c38e587ce979a306b1aea8af992,False,True,train
recovered_archive1/29,recovered_archive1,29,cap_image,recovered_archive1/29/CAPorg8.jpg,CAPorg8.jpg,596771,803f60472518caf96fab8908f9686bb4742f6e7d81acd11e8601bd258b12d42e,1024,768,62.497512,38.531626,False,803f60472518caf96fab8908f9686bb4742f6e7d81acd11e8601bd258b12d42e,False,True,train
recovered_archive1/29,recovered_archive1,29,cap_image,recovered_archive1/29/CAPorg9.jpg,CAPorg9.jpg,634041,2ca8774e3efe6ba2d23ed0b031b4d0bb28971e99b5ed7a49cc6b8d8ecbe8c495,1024,768,179.263128,49.16227,False,2ca8774e3efe6ba2d23ed0b031b4d0bb28971e99b5ed7a49cc6b8d8ecbe8c495,False,True,train
recovered_archive1/29,recovered_archive1,29,report_image,recovered_archive1/29/rep.jpg.jpg,rep.jpg.jpg,75611,d3a2a2967f1331dee1c00bfd8e596115c68582342ea5ca2f7a7e66e80e803622,,,,,False,d3a2a2967f1331dee1c00bfd8e596115c68582342ea5ca2f7a7e66e80e803622,False,False,train
recovered_archive1/29,recovered_archive1,29,report_image,recovered_archive1/29/rep_1902190.jpg.jpg,rep_1902190.jpg.jpg,76719,7b5c4c1e9ce890a647c861d4f0d5bfb528e4de7a99a3ad41d32f5498d56d50b9,,,,,False,7b5c4c1e9ce890a647c861d4f0d5bfb528e4de7a99a3ad41d32f5498d56d50b9,False,False,train
recovered_archive1/29,recovered_archive1,29,report_image,recovered_archive1/29/rep_1902191.jpg.jpg,rep_1902191.jpg.jpg,75611,d3a2a2967f1331dee1c00bfd8e596115c68582342ea5ca2f7a7e66e80e803622,,,,,False,d3a2a2967f1331dee1c00bfd8e596115c68582342ea5ca2f7a7e66e80e803622,False,False,train
recovered_archive1/29,recovered_archive1,29,report_image,recovered_archive1/29/rep_1902192.jpg.jpg,rep_1902192.jpg.jpg,75611,d3a2a2967f1331dee1c00bfd8e596115c68582342ea5ca2f7a7e66e80e803622,,,,,False,d3a2a2967f1331dee1c00bfd8e596115c68582342ea5ca2f7a7e66e80e803622,False,False,train
recovered_archive1/29,recovered_archive1,29,report_image,recovered_archive1/29/rep_左手.jpg.jpg,rep_左手.jpg.jpg,75611,d3a2a2967f1331dee1c00bfd8e596115c68582342ea5ca2f7a7e66e80e803622,,,,,False,d3a2a2967f1331dee1c00bfd8e596115c68582342ea5ca2f7a7e66e80e803622,False,False,train
recovered_archive1/29,recovered_archive1,29,video,recovered_archive1/29/wmv0.avi,wmv0.avi,10235392,,,,,,False,,True,False,train
recovered_archive1/29,recovered_archive1,29,video,recovered_archive1/29/wmv1.avi,wmv1.avi,10030080,,,,,,False,,True,False,train
recovered_archive1/30,recovered_archive1,30,cap_image,recovered_archive1/30/CAPorg1.jpg,CAPorg1.jpg,639151,d674169411e85657853563eb631c9f8c7c7df7a2cba2c4af6e083c4f36f002bd,1024,768,115.039803,46.350434,False,d674169411e85657853563eb631c9f8c7c7df7a2cba2c4af6e083c4f36f002bd,False,True,train
recovered_archive1/30,recovered_archive1,30,cap_image,recovered_archive1/30/CAPorg10.jpg,CAPorg10.jpg,581484,a0e733bbaf3fba0e4c5a4934446473c7d041830c1efb3910af1fbe0928f0ee5f,1024,768,49.241817,27.430568,False,a0e733bbaf3fba0e4c5a4934446473c7d041830c1efb3910af1fbe0928f0ee5f,False,True,train
recovered_archive1/30,recovered_archive1,30,cap_image,recovered_archive1/30/CAPorg2.jpg,CAPorg2.jpg,615777,91923cba24ddc0310ba575b8706bc13e4f0f77fd22b8bbbe7bd95be1d59a1603,1024,768,149.545928,72.860095,False,91923cba24ddc0310ba575b8706bc13e4f0f77fd22b8bbbe7bd95be1d59a1603,False,True,train
recovered_archive1/30,recovered_archive1,30,cap_image,recovered_archive1/30/CAPorg3.jpg,CAPorg3.jpg,617282,694dc7c7cf1cc851fa8b0893c13b5409652288a5e4f55c1fec9a6623b4348641,1024,768,148.789338,72.666335,False,694dc7c7cf1cc851fa8b0893c13b5409652288a5e4f55c1fec9a6623b4348641,False,True,train
recovered_archive1/30,recovered_archive1,30,cap_image,recovered_archive1/30/CAPorg4.jpg,CAPorg4.jpg,608266,73f652fcd82dd85f65d6b06a58b1ec2bcbd5b299ba14d89f490efb410d401e45,1024,768,85.100208,46.293365,False,73f652fcd82dd85f65d6b06a58b1ec2bcbd5b299ba14d89f490efb410d401e45,False,True,train
recovered_archive1/30,recovered_archive1,30,cap_image,recovered_archive1/30/CAPorg5.jpg,CAPorg5.jpg,552902,1e1019029c116cb3c24a575337f35df4a282021a5bded5aa0e870f130c286ac9,1024,768,95.447994,66.165845,False,1e1019029c116cb3c24a575337f35df4a282021a5bded5aa0e870f130c286ac9,False,True,train
recovered_archive1/30,recovered_archive1,30,cap_image,recovered_archive1/30/CAPorg6.jpg,CAPorg6.jpg,566887,61692620e384cb665902ba3ceaa788cdbc7974e3366e3c7a5f7c5cea0c8b6bea,1024,768,54.433023,34.215445,False,61692620e384cb665902ba3ceaa788cdbc7974e3366e3c7a5f7c5cea0c8b6bea,False,True,train
recovered_archive1/30,recovered_archive1,30,cap_image,recovered_archive1/30/CAPorg7.jpg,CAPorg7.jpg,359372,ea13965b76bfcc8910550e3211e04741b4ad46e5f09c8c628efb8ebb20080683,1024,768,16.87778,20.156235,False,ea13965b76bfcc8910550e3211e04741b4ad46e5f09c8c628efb8ebb20080683,False,True,train
recovered_archive1/30,recovered_archive1,30,cap_image,recovered_archive1/30/CAPorg8.jpg,CAPorg8.jpg,569505,ae306c31cd06b7143e6233ada8d5769cf713af1740f10dc24cc355f6b4d6c15f,1024,768,95.746721,60.946463,False,ae306c31cd06b7143e6233ada8d5769cf713af1740f10dc24cc355f6b4d6c15f,False,True,train
recovered_archive1/30,recovered_archive1,30,cap_image,recovered_archive1/30/CAPorg9.jpg,CAPorg9.jpg,584173,135a098f259db914d3d2d32469b4fe9ebd301179e2efbb8941da692ea29c476a,1024,768,75.364691,46.510161,False,135a098f259db914d3d2d32469b4fe9ebd301179e2efbb8941da692ea29c476a,False,True,train
recovered_archive1/30,recovered_archive1,30,report_image,recovered_archive1/30/rep.jpg.jpg,rep.jpg.jpg,87253,7d6d67ecb1b42a3d5f3eec4505c7647aebd2a0235e41a4e329ca696451d04a9f,,,,,False,7d6d67ecb1b42a3d5f3eec4505c7647aebd2a0235e41a4e329ca696451d04a9f,False,False,train
recovered_archive1/30,recovered_archive1,30,report_image,recovered_archive1/30/rep_1907020.jpg.jpg,rep_1907020.jpg.jpg,87253,7d6d67ecb1b42a3d5f3eec4505c7647aebd2a0235e41a4e329ca696451d04a9f,,,,,False,7d6d67ecb1b42a3d5f3eec4505c7647aebd2a0235e41a4e329ca696451d04a9f,False,False,train
recovered_archive1/30,recovered_archive1,30,report_image,recovered_archive1/30/rep_1907021.jpg.jpg,rep_1907021.jpg.jpg,87253,7d6d67ecb1b42a3d5f3eec4505c7647aebd2a0235e41a4e329ca696451d04a9f,,,,,False,7d6d67ecb1b42a3d5f3eec4505c7647aebd2a0235e41a4e329ca696451d04a9f,False,False,train
recovered_archive1/30,recovered_archive1,30,report_image,recovered_archive1/30/rep_左手.jpg.jpg,rep_左手.jpg.jpg,87253,7d6d67ecb1b42a3d5f3eec4505c7647aebd2a0235e41a4e329ca696451d04a9f,,,,,False,7d6d67ecb1b42a3d5f3eec4505c7647aebd2a0235e41a4e329ca696451d04a9f,False,False,train
recovered_archive1/30,recovered_archive1,30,video,recovered_archive1/30/wmv0.avi,wmv0.avi,427039232,,,,,,False,,True,False,train
recovered_archive1/31,recovered_archive1,31,cap_image,recovered_archive1/31/CAPorg1.jpg,CAPorg1.jpg,656773,201feaf8f9752819bcd3a29734bf0f328d298c9a49417c5dee1ca7aca7188667,1024,768,148.04309,36.297936,False,201feaf8f9752819bcd3a29734bf0f328d298c9a49417c5dee1ca7aca7188667,False,True,test
recovered_archive1/31,recovered_archive1,31,cap_image,recovered_archive1/31/CAPorg2.jpg,CAPorg2.jpg,654011,994455d800dea1d7ecdaeedf23a950ffeb72d8263bbb14364c8eb9c38e0880ae,1024,768,141.62182,40.810054,False,994455d800dea1d7ecdaeedf23a950ffeb72d8263bbb14364c8eb9c38e0880ae,False,True,test
recovered_archive1/31,recovered_archive1,31,cap_image,recovered_archive1/31/CAPorg3.jpg,CAPorg3.jpg,650889,befd4c9c0b89ea6ed8fee6f6f2a06007061716187c210c64d100c048d38bbc8b,1024,768,130.283007,33.588624,False,befd4c9c0b89ea6ed8fee6f6f2a06007061716187c210c64d100c048d38bbc8b,False,True,test
recovered_archive1/31,recovered_archive1,31,cap_image,recovered_archive1/31/CAPorg4.jpg,CAPorg4.jpg,653831,073bcc0785c6ad777906b5ae82541099de43b5f3b405a71bf68260b31cb8e20c,1024,768,153.168287,30.791106,False,073bcc0785c6ad777906b5ae82541099de43b5f3b405a71bf68260b31cb8e20c,False,True,test
recovered_archive1/31,recovered_archive1,31,cap_image,recovered_archive1/31/CAPorg5.jpg,CAPorg5.jpg,650194,9f9f239c7c806f2ceffc59f68f13a5d235d9a09e8f34aeb5e53d211b8eb6a61b,1024,768,137.742816,17.86662,False,9f9f239c7c806f2ceffc59f68f13a5d235d9a09e8f34aeb5e53d211b8eb6a61b,False,True,test
recovered_archive1/31,recovered_archive1,31,report_image,recovered_archive1/31/rep.jpg.jpg,rep.jpg.jpg,82055,ee0fb99e4cf9bd554a4f75a28de32e94d34d920ba8f90b75a09b6ae399d5fc68,,,,,False,ee0fb99e4cf9bd554a4f75a28de32e94d34d920ba8f90b75a09b6ae399d5fc68,False,False,test
recovered_archive1/31,recovered_archive1,31,report_image,recovered_archive1/31/rep_1901030.jpg.jpg,rep_1901030.jpg.jpg,82055,ee0fb99e4cf9bd554a4f75a28de32e94d34d920ba8f90b75a09b6ae399d5fc68,,,,,False,ee0fb99e4cf9bd554a4f75a28de32e94d34d920ba8f90b75a09b6ae399d5fc68,False,False,test
recovered_archive1/31,recovered_archive1,31,report_image,recovered_archive1/31/rep_1901031.jpg.jpg,rep_1901031.jpg.jpg,82055,ee0fb99e4cf9bd554a4f75a28de32e94d34d920ba8f90b75a09b6ae399d5fc68,,,,,False,ee0fb99e4cf9bd554a4f75a28de32e94d34d920ba8f90b75a09b6ae399d5fc68,False,False,test
recovered_archive1/31,recovered_archive1,31,report_image,recovered_archive1/31/rep_左手.jpg.jpg,rep_左手.jpg.jpg,82055,ee0fb99e4cf9bd554a4f75a28de32e94d34d920ba8f90b75a09b6ae399d5fc68,,,,,False,ee0fb99e4cf9bd554a4f75a28de32e94d34d920ba8f90b75a09b6ae399d5fc68,False,False,test
recovered_archive1/32,recovered_archive1,32,cap_image,recovered_archive1/32/CAPorg1.jpg,CAPorg1.jpg,12917,749a8efc155a7020938f4cce12a79e06e26c0435082b998dd21c0492d02f11a1,1024,768,0.0,0.0,True,749a8efc155a7020938f4cce12a79e06e26c0435082b998dd21c0492d02f11a1,False,True,test
recovered_archive1/32,recovered_archive1,32,cap_image,recovered_archive1/32/CAPorg2.jpg,CAPorg2.jpg,544995,13a8447e8e95f7086f3eba74b6206482362ac2dad5a4d0aff2b902cf3fb69148,1024,768,174.643944,65.589987,False,13a8447e8e95f7086f3eba74b6206482362ac2dad5a4d0aff2b902cf3fb69148,False,True,test
recovered_archive1/32,recovered_archive1,32,cap_image,recovered_archive1/32/CAPorg3.jpg,CAPorg3.jpg,495267,e4d2bd346e92195ac424e5b5761945c3f60c1a4bf8eb5458bdf5e2059ac66a27,1024,768,209.015697,41.956253,False,e4d2bd346e92195ac424e5b5761945c3f60c1a4bf8eb5458bdf5e2059ac66a27,False,True,test
recovered_archive1/32,recovered_archive1,32,cap_image,recovered_archive1/32/CAPorg4.jpg,CAPorg4.jpg,585869,7e92e99d5fc4982ba0f7ed6ec9606030c73a99cea01d066f67cc14faf1d14d39,1024,768,126.883118,67.791013,False,7e92e99d5fc4982ba0f7ed6ec9606030c73a99cea01d066f67cc14faf1d14d39,False,True,test
recovered_archive1/32,recovered_archive1,32,cap_image,recovered_archive1/32/CAPorg5.jpg,CAPorg5.jpg,558774,44879ab010cac39d700395f49f05de9c62cf8eb02c03c0e2d603f30c1f3ca061,1024,768,68.949214,46.53005,False,44879ab010cac39d700395f49f05de9c62cf8eb02c03c0e2d603f30c1f3ca061,False,True,test
recovered_archive1/32,recovered_archive1,32,cap_image,recovered_archive1/32/CAPorg6.jpg,CAPorg6.jpg,599395,f47bb681983428925f54f51cae57d14bc90c7fd9d4b8a46bc7ced21e69efe917,1024,768,94.91377,35.512902,False,f47bb681983428925f54f51cae57d14bc90c7fd9d4b8a46bc7ced21e69efe917,False,True,test
recovered_archive1/32,recovered_archive1,32,cap_image,recovered_archive1/32/CAPorg7.jpg,CAPorg7.jpg,570001,4dd56412da6fdc9d34906c89fcb18ef331aaac2c25f4eff0a4d513717ac7b0d3,1024,768,90.804984,61.558944,False,4dd56412da6fdc9d34906c89fcb18ef331aaac2c25f4eff0a4d513717ac7b0d3,False,True,test
recovered_archive1/32,recovered_archive1,32,cap_image,recovered_archive1/32/CAPorg8.jpg,CAPorg8.jpg,588205,68aee835bf114eaa1544d8c85a3f9be0ff13efbb30e1d943147a2f365acd7e8b,1024,768,127.110364,67.51924,False,68aee835bf114eaa1544d8c85a3f9be0ff13efbb30e1d943147a2f365acd7e8b,False,True,test
recovered_archive1/32,recovered_archive1,32,report_image,recovered_archive1/32/rep.jpg.jpg,rep.jpg.jpg,80527,6e6310d229172bf745a93bf34e56589a76dd9195f5ee399b004502876670a0fe,,,,,False,6e6310d229172bf745a93bf34e56589a76dd9195f5ee399b004502876670a0fe,False,False,test
recovered_archive1/32,recovered_archive1,32,report_image,recovered_archive1/32/rep_1904090.jpg.jpg,rep_1904090.jpg.jpg,79571,02c0ae8371e2bf424883666d7ff68c3b1f4ce9d0a35545c31402813c5987dce6,,,,,False,02c0ae8371e2bf424883666d7ff68c3b1f4ce9d0a35545c31402813c5987dce6,False,False,test
recovered_archive1/32,recovered_archive1,32,report_image,recovered_archive1/32/rep_1904091.jpg.jpg,rep_1904091.jpg.jpg,80527,6e6310d229172bf745a93bf34e56589a76dd9195f5ee399b004502876670a0fe,,,,,False,6e6310d229172bf745a93bf34e56589a76dd9195f5ee399b004502876670a0fe,False,False,test
recovered_archive1/32,recovered_archive1,32,report_image,recovered_archive1/32/rep_左手.jpg.jpg,rep_左手.jpg.jpg,80527,6e6310d229172bf745a93bf34e56589a76dd9195f5ee399b004502876670a0fe,,,,,False,6e6310d229172bf745a93bf34e56589a76dd9195f5ee399b004502876670a0fe,False,False,test
recovered_archive1/33,recovered_archive1,33,cap_image,recovered_archive1/33/CAPorg1.jpg,CAPorg1.jpg,604265,aa332bc196bba74d850434fc67a5c2009e12da8bd928b2ca4848fcc66092b166,1024,768,49.469922,23.400682,False,aa332bc196bba74d850434fc67a5c2009e12da8bd928b2ca4848fcc66092b166,False,True,train
recovered_archive1/33,recovered_archive1,33,cap_image,recovered_archive1/33/CAPorg2.jpg,CAPorg2.jpg,594865,e3bc3e47d0228329aa7f77d69f1ceb12d6ef71a287c4f8552227d5f9812d1442,1024,768,67.297384,47.892405,False,e3bc3e47d0228329aa7f77d69f1ceb12d6ef71a287c4f8552227d5f9812d1442,False,True,train
recovered_archive1/33,recovered_archive1,33,cap_image,recovered_archive1/33/CAPorg3.jpg,CAPorg3.jpg,606191,7b3d9146409ebf10ee103dd99f857b1f34341020a3a683f931e503b0e512a5f4,1024,768,72.164658,44.23553,False,7b3d9146409ebf10ee103dd99f857b1f34341020a3a683f931e503b0e512a5f4,False,True,train
recovered_archive1/33,recovered_archive1,33,cap_image,recovered_archive1/33/CAPorg4.jpg,CAPorg4.jpg,640230,e860c8a5a0c500ee9eb01f39f4c0f4ce72377ed86c8bf92ee6bf1f18089f0f3e,1024,768,106.621543,34.114602,False,e860c8a5a0c500ee9eb01f39f4c0f4ce72377ed86c8bf92ee6bf1f18089f0f3e,False,True,train
recovered_archive1/33,recovered_archive1,33,cap_image,recovered_archive1/33/CAPorg5.jpg,CAPorg5.jpg,583512,ba96b6a943eda610503a242e67a7f33d28851e31661b5e35fd7d6f8fe854d237,1024,768,60.314996,36.917203,False,ba96b6a943eda610503a242e67a7f33d28851e31661b5e35fd7d6f8fe854d237,False,True,train
recovered_archive1/33,recovered_archive1,33,cap_image,recovered_archive1/33/CAPorg6.jpg,CAPorg6.jpg,630561,a3437e6674fa7c0fdb34f54b9c86fd2fdd1e87f1b1c11dbf0866029bf1b6b241,1024,768,93.113579,38.757673,False,a3437e6674fa7c0fdb34f54b9c86fd2fdd1e87f1b1c11dbf0866029bf1b6b241,False,True,train
recovered_archive1/33,recovered_archive1,33,cap_image,recovered_archive1/33/CAPorg7.jpg,CAPorg7.jpg,639700,41923ddad850cc6abcf8107be1ec19fc3d6122dad2162696156744b855699f06,1024,768,111.8947,35.484954,False,41923ddad850cc6abcf8107be1ec19fc3d6122dad2162696156744b855699f06,False,True,train
recovered_archive1/33,recovered_archive1,33,cap_image,recovered_archive1/33/CAPorg8.jpg,CAPorg8.jpg,640671,46ba104acdb30b343e8150ed1fc7e0c08d1c4f0fb8ad4d9d685564b1147c7ad7,1024,768,113.127683,37.659788,False,46ba104acdb30b343e8150ed1fc7e0c08d1c4f0fb8ad4d9d685564b1147c7ad7,False,True,train
recovered_archive1/33,recovered_archive1,33,report_image,recovered_archive1/33/rep.jpg.jpg,rep.jpg.jpg,72856,144ae592c77cb656ec24f646238d32d11db0d63ebe7c30dc8635282665ce1301,,,,,False,144ae592c77cb656ec24f646238d32d11db0d63ebe7c30dc8635282665ce1301,False,False,train
recovered_archive1/33,recovered_archive1,33,report_image,recovered_archive1/33/rep_1901220.jpg.jpg,rep_1901220.jpg.jpg,72856,144ae592c77cb656ec24f646238d32d11db0d63ebe7c30dc8635282665ce1301,,,,,False,144ae592c77cb656ec24f646238d32d11db0d63ebe7c30dc8635282665ce1301,False,False,train
recovered_archive1/33,recovered_archive1,33,report_image,recovered_archive1/33/rep_1901221.jpg.jpg,rep_1901221.jpg.jpg,72856,144ae592c77cb656ec24f646238d32d11db0d63ebe7c30dc8635282665ce1301,,,,,False,144ae592c77cb656ec24f646238d32d11db0d63ebe7c30dc8635282665ce1301,False,False,train
recovered_archive1/33,recovered_archive1,33,report_image,recovered_archive1/33/rep_左手.jpg.jpg,rep_左手.jpg.jpg,72856,144ae592c77cb656ec24f646238d32d11db0d63ebe7c30dc8635282665ce1301,,,,,False,144ae592c77cb656ec24f646238d32d11db0d63ebe7c30dc8635282665ce1301,False,False,train
recovered_archive1/34,recovered_archive1,34,cap_image,recovered_archive1/34/CAPorg1.jpg,CAPorg1.jpg,613621,ae269a4317f7c2102f4f18dea7cd89f24d2fcfa8066fe247a55366d348d82997,1024,768,64.095557,34.253963,False,ae269a4317f7c2102f4f18dea7cd89f24d2fcfa8066fe247a55366d348d82997,False,True,train
recovered_archive1/34,recovered_archive1,34,cap_image,recovered_archive1/34/CAPorg2.jpg,CAPorg2.jpg,609686,b4d6a7c269409692b2a67f2ae80f158168edd09a1ef55d8044cfa9abca19b879,1024,768,72.48069,46.169865,False,b4d6a7c269409692b2a67f2ae80f158168edd09a1ef55d8044cfa9abca19b879,False,True,train
recovered_archive1/34,recovered_archive1,34,cap_image,recovered_archive1/34/CAPorg3.jpg,CAPorg3.jpg,602047,298ad2e7045c89874a8885d4c925fa7fa50a5930e6537f27ecb9b70b3beb9422,1024,768,67.635529,44.579606,False,298ad2e7045c89874a8885d4c925fa7fa50a5930e6537f27ecb9b70b3beb9422,False,True,train
recovered_archive1/34,recovered_archive1,34,cap_image,recovered_archive1/34/CAPorg4.jpg,CAPorg4.jpg,606821,20f28f7ee4cbf335d9425d095f551b151615b4c0d21d38290e07bdb09e13fe57,1024,768,67.788088,40.704205,False,20f28f7ee4cbf335d9425d095f551b151615b4c0d21d38290e07bdb09e13fe57,False,True,train
recovered_archive1/34,recovered_archive1,34,cap_image,recovered_archive1/34/CAPorg5.jpg,CAPorg5.jpg,606221,80eb5dda31b4cd4ed01daf6d7e4688413cdcc6d99692d7ddf05101a274e6a591,1024,768,70.006955,36.456339,False,80eb5dda31b4cd4ed01daf6d7e4688413cdcc6d99692d7ddf05101a274e6a591,False,True,train
recovered_archive1/34,recovered_archive1,34,cap_image,recovered_archive1/34/CAPorg6.jpg,CAPorg6.jpg,612145,3eb59283550f532fe9de7b05630732f8a12471bd94d7ae8afb06a153addd7e51,1024,768,70.848005,35.786312,False,3eb59283550f532fe9de7b05630732f8a12471bd94d7ae8afb06a153addd7e51,False,True,train
recovered_archive1/34,recovered_archive1,34,cap_image,recovered_archive1/34/CAPorg7.jpg,CAPorg7.jpg,613639,2d51514d0d31a57dd21fd4ca79641e3a8e8b77074edaf8340276a743451789ee,1024,768,72.969796,34.994659,False,2d51514d0d31a57dd21fd4ca79641e3a8e8b77074edaf8340276a743451789ee,False,True,train
recovered_archive1/34,recovered_archive1,34,report_image,recovered_archive1/34/rep.jpg.jpg,rep.jpg.jpg,86995,6aa1078c45787f95651737ed0a9f358e0d2c7b305e1b6e4c8c9dc3992192e3e7,,,,,False,6aa1078c45787f95651737ed0a9f358e0d2c7b305e1b6e4c8c9dc3992192e3e7,False,False,train
recovered_archive1/34,recovered_archive1,34,report_image,recovered_archive1/34/rep_1905070.jpg.jpg,rep_1905070.jpg.jpg,86995,6aa1078c45787f95651737ed0a9f358e0d2c7b305e1b6e4c8c9dc3992192e3e7,,,,,False,6aa1078c45787f95651737ed0a9f358e0d2c7b305e1b6e4c8c9dc3992192e3e7,False,False,train
recovered_archive1/34,recovered_archive1,34,report_image,recovered_archive1/34/rep_1905071.jpg.jpg,rep_1905071.jpg.jpg,86995,6aa1078c45787f95651737ed0a9f358e0d2c7b305e1b6e4c8c9dc3992192e3e7,,,,,False,6aa1078c45787f95651737ed0a9f358e0d2c7b305e1b6e4c8c9dc3992192e3e7,False,False,train
recovered_archive1/34,recovered_archive1,34,report_image,recovered_archive1/34/rep_左手.jpg.jpg,rep_左手.jpg.jpg,86995,6aa1078c45787f95651737ed0a9f358e0d2c7b305e1b6e4c8c9dc3992192e3e7,,,,,False,6aa1078c45787f95651737ed0a9f358e0d2c7b305e1b6e4c8c9dc3992192e3e7,False,False,train
recovered_archive1/34,recovered_archive1,34,video,recovered_archive1/34/wmv0.avi,wmv0.avi,12579840,,,,,,False,,True,False,train
recovered_archive1/35,recovered_archive1,35,cap_image,recovered_archive1/35/CAPorg1.jpg,CAPorg1.jpg,581674,34c2fb5fd1c9aaafe5bf64ac3ad2864ee67ec720466ceca538edf1d54aa61c40,1024,768,61.310294,49.530226,False,34c2fb5fd1c9aaafe5bf64ac3ad2864ee67ec720466ceca538edf1d54aa61c40,False,True,train
recovered_archive1/35,recovered_archive1,35,cap_image,recovered_archive1/35/CAPorg10.jpg,CAPorg10.jpg,639673,c13e147c69f3fd3fa6152c100d18e6403ad12423d134f649098186f3c233f234,1024,768,92.789195,38.913923,False,c13e147c69f3fd3fa6152c100d18e6403ad12423d134f649098186f3c233f234,False,True,train
recovered_archive1/35,recovered_archive1,35,cap_image,recovered_archive1/35/CAPorg11.jpg,CAPorg11.jpg,634531,36939937437ab01b69ead43c1e39fb7e731efc81dcffeec26ba513cc89142efb,1024,768,92.121179,40.794767,False,36939937437ab01b69ead43c1e39fb7e731efc81dcffeec26ba513cc89142efb,False,True,train
recovered_archive1/35,recovered_archive1,35,cap_image,recovered_archive1/35/CAPorg2.jpg,CAPorg2.jpg,497224,8491f7cb63a9f9171df00c1d4d331c627b9e75018d59098beeedcdef1b841801,1024,768,23.116825,31.945991,False,8491f7cb63a9f9171df00c1d4d331c627b9e75018d59098beeedcdef1b841801,False,True,train
recovered_archive1/35,recovered_archive1,35,cap_image,recovered_archive1/35/CAPorg3.jpg,CAPorg3.jpg,525708,d1caaf64801d160eb3244c36b9664fdbfe2becca05615bfc21099e7452e95ef1,1024,768,33.144938,41.527482,False,d1caaf64801d160eb3244c36b9664fdbfe2becca05615bfc21099e7452e95ef1,False,True,train
recovered_archive1/35,recovered_archive1,35,cap_image,recovered_archive1/35/CAPorg4.jpg,CAPorg4.jpg,596615,6b8e0c99eb25a5766f39206e2dfec457d3921fc9f4e2a85992a78e6cbecef40a,1024,768,68.247865,37.506656,False,6b8e0c99eb25a5766f39206e2dfec457d3921fc9f4e2a85992a78e6cbecef40a,False,True,train
recovered_archive1/35,recovered_archive1,35,cap_image,recovered_archive1/35/CAPorg5.jpg,CAPorg5.jpg,596315,0475c4cd5a09471b409e1c621f57622c583e8e5b6999719dd13372c09669930f,1024,768,59.8225,39.956094,False,0475c4cd5a09471b409e1c621f57622c583e8e5b6999719dd13372c09669930f,False,True,train
recovered_archive1/35,recovered_archive1,35,cap_image,recovered_archive1/35/CAPorg6.jpg,CAPorg6.jpg,532307,691aef7f7f5b17c3a800868a63b6b18d8f299540b5211cfc3ac385a22a9758bb,1024,768,48.166116,39.821759,False,691aef7f7f5b17c3a800868a63b6b18d8f299540b5211cfc3ac385a22a9758bb,False,True,train
recovered_archive1/35,recovered_archive1,35,cap_image,recovered_archive1/35/CAPorg7.jpg,CAPorg7.jpg,494209,1efafc62dc5e1b609249231d0b7dd2154b455540ec0b9068f75715f650b4e31a,1024,768,34.073931,33.64269,False,1efafc62dc5e1b609249231d0b7dd2154b455540ec0b9068f75715f650b4e31a,False,True,train
recovered_archive1/35,recovered_archive1,35,cap_image,recovered_archive1/35/CAPorg8.jpg,CAPorg8.jpg,606535,adeaf23fe0c2ae9246e6bda5989deed763377d8422d857518858b9a7f4ce71b5,1024,768,70.478587,42.005775,False,adeaf23fe0c2ae9246e6bda5989deed763377d8422d857518858b9a7f4ce71b5,False,True,train
recovered_archive1/35,recovered_archive1,35,cap_image,recovered_archive1/35/CAPorg9.jpg,CAPorg9.jpg,610313,d91154f461b38bb5f526d00498d897cae12eb2001acddebdfd44f86d89b83c64,1024,768,73.127716,37.694581,False,d91154f461b38bb5f526d00498d897cae12eb2001acddebdfd44f86d89b83c64,False,True,train
recovered_archive1/35,recovered_archive1,35,report_image,recovered_archive1/35/rep.jpg.jpg,rep.jpg.jpg,73529,65a3bd136456f69733a2ec603994f1981e366781127710fa05e3050af0107961,,,,,False,65a3bd136456f69733a2ec603994f1981e366781127710fa05e3050af0107961,False,False,train
recovered_archive1/35,recovered_archive1,35,report_image,recovered_archive1/35/rep_1.jpg.jpg,rep_1.jpg.jpg,73529,65a3bd136456f69733a2ec603994f1981e366781127710fa05e3050af0107961,,,,,False,65a3bd136456f69733a2ec603994f1981e366781127710fa05e3050af0107961,False,False,train
recovered_archive1/35,recovered_archive1,35,report_image,recovered_archive1/35/rep_1812060.jpg.jpg,rep_1812060.jpg.jpg,73529,65a3bd136456f69733a2ec603994f1981e366781127710fa05e3050af0107961,,,,,False,65a3bd136456f69733a2ec603994f1981e366781127710fa05e3050af0107961,False,False,train
recovered_archive1/35,recovered_archive1,35,report_image,recovered_archive1/35/rep_1812061.jpg.jpg,rep_1812061.jpg.jpg,73529,65a3bd136456f69733a2ec603994f1981e366781127710fa05e3050af0107961,,,,,False,65a3bd136456f69733a2ec603994f1981e366781127710fa05e3050af0107961,False,False,train
recovered_archive1/36,recovered_archive1,36,cap_image,recovered_archive1/36/CAPorg1.jpg,CAPorg1.jpg,621383,f20e560a49d88ecfca7f8cbaf5b65a3509be05eca51584768616bb5f0dff0542,1024,768,54.087132,24.207179,False,f20e560a49d88ecfca7f8cbaf5b65a3509be05eca51584768616bb5f0dff0542,False,True,train
recovered_archive1/36,recovered_archive1,36,cap_image,recovered_archive1/36/CAPorg2.jpg,CAPorg2.jpg,640396,eec2aa2f9cf84137c4b43fa5a2e2750aa6e424f84e3b5a9e240a4c83987cb622,1024,768,77.445272,35.291964,False,eec2aa2f9cf84137c4b43fa5a2e2750aa6e424f84e3b5a9e240a4c83987cb622,False,True,train
recovered_archive1/36,recovered_archive1,36,cap_image,recovered_archive1/36/CAPorg3.jpg,CAPorg3.jpg,646632,dc2879102e7d52a4f430f9fc4ade4f200a082b9e87198797cdf852327decb373,1024,768,119.413999,60.463594,False,dc2879102e7d52a4f430f9fc4ade4f200a082b9e87198797cdf852327decb373,False,True,train
recovered_archive1/36,recovered_archive1,36,cap_image,recovered_archive1/36/CAPorg4.jpg,CAPorg4.jpg,598918,a60e32757a6193282b06f77a258b48007361d06f2469b7eed4095135028937d7,1024,768,97.772703,67.700044,False,a60e32757a6193282b06f77a258b48007361d06f2469b7eed4095135028937d7,False,True,train
recovered_archive1/36,recovered_archive1,36,cap_image,recovered_archive1/36/CAPorg5.jpg,CAPorg5.jpg,621217,befd15bf0d5c2dfcf3462c882c338ced23c2e783270f1fdb1961ba46c4ecab4a,1024,768,84.668481,58.118225,False,befd15bf0d5c2dfcf3462c882c338ced23c2e783270f1fdb1961ba46c4ecab4a,False,True,train
recovered_archive1/36,recovered_archive1,36,report_image,recovered_archive1/36/rep.jpg.jpg,rep.jpg.jpg,81580,1a648c5ea1f7751f8b4e766aa0c0b339358f7031a5d20fccc7a8d24992441e2d,,,,,False,1a648c5ea1f7751f8b4e766aa0c0b339358f7031a5d20fccc7a8d24992441e2d,False,False,train
recovered_archive1/36,recovered_archive1,36,report_image,recovered_archive1/36/rep_1901170.jpg.jpg,rep_1901170.jpg.jpg,81657,448dc242e565a0a1d4f3a60c4b775b50e92209c9553230b603e97119dbe53469,,,,,False,448dc242e565a0a1d4f3a60c4b775b50e92209c9553230b603e97119dbe53469,False,False,train
recovered_archive1/36,recovered_archive1,36,report_image,recovered_archive1/36/rep_1901171.jpg.jpg,rep_1901171.jpg.jpg,81580,1a648c5ea1f7751f8b4e766aa0c0b339358f7031a5d20fccc7a8d24992441e2d,,,,,False,1a648c5ea1f7751f8b4e766aa0c0b339358f7031a5d20fccc7a8d24992441e2d,False,False,train
recovered_archive1/36,recovered_archive1,36,report_image,recovered_archive1/36/rep_左手.jpg.jpg,rep_左手.jpg.jpg,81580,1a648c5ea1f7751f8b4e766aa0c0b339358f7031a5d20fccc7a8d24992441e2d,,,,,False,1a648c5ea1f7751f8b4e766aa0c0b339358f7031a5d20fccc7a8d24992441e2d,False,False,train
recovered_archive1/36,recovered_archive1,36,video,recovered_archive1/36/wmv0.avi,wmv0.avi,10105344,,,,,,False,,True,False,train
recovered_archive1/37,recovered_archive1,37,cap_image,recovered_archive1/37/CAPorg1.jpg,CAPorg1.jpg,443380,b81607e4b801031c21851d84799eefe31ed52c12c8b0eab1ec7db7553ab764b1,1024,768,23.410399,33.489854,False,b81607e4b801031c21851d84799eefe31ed52c12c8b0eab1ec7db7553ab764b1,False,True,val
recovered_archive1/37,recovered_archive1,37,cap_image,recovered_archive1/37/CAPorg2.jpg,CAPorg2.jpg,536051,5850a3676f30c1b8892bf76b43fba6873c55195e47492fb05109694187fdf5c9,1024,768,36.795835,42.696634,False,5850a3676f30c1b8892bf76b43fba6873c55195e47492fb05109694187fdf5c9,False,True,val
recovered_archive1/37,recovered_archive1,37,cap_image,recovered_archive1/37/CAPorg3.jpg,CAPorg3.jpg,621015,449d7fadc1e0f99eaea7c03ae74f2b00c385e1b944be41e6b66af04f6a3ee38a,1024,768,94.298587,49.761203,False,449d7fadc1e0f99eaea7c03ae74f2b00c385e1b944be41e6b66af04f6a3ee38a,False,True,val
recovered_archive1/37,recovered_archive1,37,cap_image,recovered_archive1/37/CAPorg4.jpg,CAPorg4.jpg,583923,f0bb10aeeb6aaf36044f2e04031f8e3d9c08f17dec23b2f9c9773b87aebfe917,1024,768,56.090631,34.505844,False,f0bb10aeeb6aaf36044f2e04031f8e3d9c08f17dec23b2f9c9773b87aebfe917,False,True,val
recovered_archive1/37,recovered_archive1,37,cap_image,recovered_archive1/37/CAPorg5.jpg,CAPorg5.jpg,590308,1425d2cb0795292a67c10ae1342825c10e200894328ff160607694498e407997,1024,768,63.905069,43.555882,False,1425d2cb0795292a67c10ae1342825c10e200894328ff160607694498e407997,False,True,val
recovered_archive1/37,recovered_archive1,37,report_image,recovered_archive1/37/rep.jpg.jpg,rep.jpg.jpg,73639,02e47f3d1d71de0828a9d97f4362fee5c9af8a6d46dbc1e97add3ff69cb7d7a5,,,,,False,02e47f3d1d71de0828a9d97f4362fee5c9af8a6d46dbc1e97add3ff69cb7d7a5,False,False,val
recovered_archive1/37,recovered_archive1,37,report_image,recovered_archive1/37/rep_1903260.jpg.jpg,rep_1903260.jpg.jpg,73639,02e47f3d1d71de0828a9d97f4362fee5c9af8a6d46dbc1e97add3ff69cb7d7a5,,,,,False,02e47f3d1d71de0828a9d97f4362fee5c9af8a6d46dbc1e97add3ff69cb7d7a5,False,False,val
recovered_archive1/37,recovered_archive1,37,report_image,recovered_archive1/37/rep_1903261.jpg.jpg,rep_1903261.jpg.jpg,73639,02e47f3d1d71de0828a9d97f4362fee5c9af8a6d46dbc1e97add3ff69cb7d7a5,,,,,False,02e47f3d1d71de0828a9d97f4362fee5c9af8a6d46dbc1e97add3ff69cb7d7a5,False,False,val
recovered_archive1/37,recovered_archive1,37,report_image,recovered_archive1/37/rep_右手.jpg.jpg,rep_右手.jpg.jpg,73639,02e47f3d1d71de0828a9d97f4362fee5c9af8a6d46dbc1e97add3ff69cb7d7a5,,,,,False,02e47f3d1d71de0828a9d97f4362fee5c9af8a6d46dbc1e97add3ff69cb7d7a5,False,False,val
recovered_archive1/38,recovered_archive1,38,cap_image,recovered_archive1/38/CAPorg1.jpg,CAPorg1.jpg,12917,749a8efc155a7020938f4cce12a79e06e26c0435082b998dd21c0492d02f11a1,1024,768,0.0,0.0,True,749a8efc155a7020938f4cce12a79e06e26c0435082b998dd21c0492d02f11a1,False,True,test
recovered_archive1/38,recovered_archive1,38,cap_image,recovered_archive1/38/CAPorg10.jpg,CAPorg10.jpg,476762,6e6be46cfa2dc9a6f9e75087fa094cb7735bd1ed306a3667b92e5216beeab5ec,1024,768,134.793438,86.157294,False,6e6be46cfa2dc9a6f9e75087fa094cb7735bd1ed306a3667b92e5216beeab5ec,False,True,test
recovered_archive1/38,recovered_archive1,38,cap_image,recovered_archive1/38/CAPorg11.jpg,CAPorg11.jpg,564845,df47ef20d1ce28f7c3bdb0b1e7d67ff59e9b88ffd9795681870be4a1193c4024,1024,768,58.566004,51.27763,False,df47ef20d1ce28f7c3bdb0b1e7d67ff59e9b88ffd9795681870be4a1193c4024,False,True,test
recovered_archive1/38,recovered_archive1,38,cap_image,recovered_archive1/38/CAPorg12.jpg,CAPorg12.jpg,580701,a1b5fb8b04fa8436947ebab232632c40aecd27077cb2f643c018c0d12bec18bc,1024,768,85.27493,68.992546,False,a1b5fb8b04fa8436947ebab232632c40aecd27077cb2f643c018c0d12bec18bc,False,True,test
recovered_archive1/38,recovered_archive1,38,cap_image,recovered_archive1/38/CAPorg13.jpg,CAPorg13.jpg,578345,7877707cd4a2d9d327d688abe696cb0139bb873bd8f4d6303a968662902f3d7d,1024,768,47.869143,29.247947,False,7877707cd4a2d9d327d688abe696cb0139bb873bd8f4d6303a968662902f3d7d,False,True,test
recovered_archive1/38,recovered_archive1,38,cap_image,recovered_archive1/38/CAPorg14.jpg,CAPorg14.jpg,544969,d0f5590580cc033e97314d0529a26028a259861892a6608f2d952c9affdd09c9,1024,768,36.257066,25.487644,False,d0f5590580cc033e97314d0529a26028a259861892a6608f2d952c9affdd09c9,False,True,test
recovered_archive1/38,recovered_archive1,38,cap_image,recovered_archive1/38/CAPorg15.jpg,CAPorg15.jpg,548103,9d813c42e87a005b992245841ff0d5425886e78c9522346c0f47d993c1730193,1024,768,28.958626,20.328957,False,9d813c42e87a005b992245841ff0d5425886e78c9522346c0f47d993c1730193,False,True,test
recovered_archive1/38,recovered_archive1,38,cap_image,recovered_archive1/38/CAPorg2.jpg,CAPorg2.jpg,602350,d94ae4b25652894756db94c5d7995dc6d51f21cc36a351602ea0f595974b451e,1024,768,107.890786,65.449246,False,d94ae4b25652894756db94c5d7995dc6d51f21cc36a351602ea0f595974b451e,False,True,test
recovered_archive1/38,recovered_archive1,38,cap_image,recovered_archive1/38/CAPorg3.jpg,CAPorg3.jpg,590004,6c887b00d45af4239e973315fd97118838ea78a1dcac202001722dfe3c0f8d68,1024,768,63.620778,41.303607,False,6c887b00d45af4239e973315fd97118838ea78a1dcac202001722dfe3c0f8d68,False,True,test
recovered_archive1/38,recovered_archive1,38,cap_image,recovered_archive1/38/CAPorg4.jpg,CAPorg4.jpg,540379,aaa586b6a246e928e611654c9b28dd3cc8c5ed575019dfa20f72845a0b5692d8,1024,768,41.175659,34.58103,False,aaa586b6a246e928e611654c9b28dd3cc8c5ed575019dfa20f72845a0b5692d8,False,True,test
recovered_archive1/38,recovered_archive1,38,cap_image,recovered_archive1/38/CAPorg5.jpg,CAPorg5.jpg,546568,101c9fc08568257ab475b5d965712d3f525cd080d71f53c8c6ab125beb83d8cb,1024,768,135.261983,77.377962,False,101c9fc08568257ab475b5d965712d3f525cd080d71f53c8c6ab125beb83d8cb,False,True,test
recovered_archive1/38,recovered_archive1,38,cap_image,recovered_archive1/38/CAPorg6.jpg,CAPorg6.jpg,593876,28b2389709408c6edba6ae95df444e57b5059004a53d6be98a555aaaeb705508,1024,768,54.195836,25.027286,False,28b2389709408c6edba6ae95df444e57b5059004a53d6be98a555aaaeb705508,False,True,test
recovered_archive1/38,recovered_archive1,38,cap_image,recovered_archive1/38/CAPorg7.jpg,CAPorg7.jpg,567148,d96519330a198b156ac78fdf379f0aee421ccb9f27c672e40c8fe961c6c7cc50,1024,768,74.082896,54.499853,False,d96519330a198b156ac78fdf379f0aee421ccb9f27c672e40c8fe961c6c7cc50,False,True,test
recovered_archive1/38,recovered_archive1,38,cap_image,recovered_archive1/38/CAPorg8.jpg,CAPorg8.jpg,565681,00a51aa60416131ee2ce7b0d451573d964d2b7bd6f30bb4a03701a2793418277,1024,768,42.671158,34.986242,False,00a51aa60416131ee2ce7b0d451573d964d2b7bd6f30bb4a03701a2793418277,False,True,test
recovered_archive1/38,recovered_archive1,38,cap_image,recovered_archive1/38/CAPorg9.jpg,CAPorg9.jpg,543089,8252eea627f537d6b0aef2917d15f7ece90b346b45d9922b1376d3f8b5843f1f,1024,768,32.019174,23.807744,False,8252eea627f537d6b0aef2917d15f7ece90b346b45d9922b1376d3f8b5843f1f,False,True,test
recovered_archive1/38,recovered_archive1,38,report_image,recovered_archive1/38/rep.jpg.jpg,rep.jpg.jpg,73656,818ebf91b20b4dcb662cbd59e64159caab1581708adaa834a645c5831c9bd246,,,,,False,818ebf91b20b4dcb662cbd59e64159caab1581708adaa834a645c5831c9bd246,False,False,test
recovered_archive1/38,recovered_archive1,38,report_image,recovered_archive1/38/rep_2103090.jpg.jpg,rep_2103090.jpg.jpg,73656,818ebf91b20b4dcb662cbd59e64159caab1581708adaa834a645c5831c9bd246,,,,,False,818ebf91b20b4dcb662cbd59e64159caab1581708adaa834a645c5831c9bd246,False,False,test
recovered_archive1/38,recovered_archive1,38,report_image,recovered_archive1/38/rep_2103091.jpg.jpg,rep_2103091.jpg.jpg,73656,818ebf91b20b4dcb662cbd59e64159caab1581708adaa834a645c5831c9bd246,,,,,False,818ebf91b20b4dcb662cbd59e64159caab1581708adaa834a645c5831c9bd246,False,False,test
recovered_archive1/38,recovered_archive1,38,report_image,recovered_archive1/38/rep_双无名指.jpg.jpg,rep_双无名指.jpg.jpg,73656,818ebf91b20b4dcb662cbd59e64159caab1581708adaa834a645c5831c9bd246,,,,,False,818ebf91b20b4dcb662cbd59e64159caab1581708adaa834a645c5831c9bd246,False,False,test
recovered_archive1/38,recovered_archive1,38,video,recovered_archive1/38/wmv0.avi,wmv0.avi,519052800,,,,,,False,,True,False,test
recovered_archive1/39,recovered_archive1,39,cap_image,recovered_archive1/39/CAPorg1.jpg,CAPorg1.jpg,391243,d29955f39d830368d94f1443fbf9b452ef6aa18a548d53989bb1e1eacea7ac88,1024,768,218.429073,51.534956,False,d29955f39d830368d94f1443fbf9b452ef6aa18a548d53989bb1e1eacea7ac88,False,True,train
recovered_archive1/39,recovered_archive1,39,cap_image,recovered_archive1/39/CAPorg2.jpg,CAPorg2.jpg,440489,2a3014774de107695823fc9327b65a1c0cc7b3feafc036e83cbf7e38f019be27,1024,768,79.239759,83.489683,False,2a3014774de107695823fc9327b65a1c0cc7b3feafc036e83cbf7e38f019be27,False,True,train
recovered_archive1/39,recovered_archive1,39,cap_image,recovered_archive1/39/CAPorg3.jpg,CAPorg3.jpg,587508,7504982a0f1da39476839f5145ce1974a978d1e67a5250fa79d651fc1a0640de,1024,768,115.733051,83.166909,False,7504982a0f1da39476839f5145ce1974a978d1e67a5250fa79d651fc1a0640de,False,True,train
recovered_archive1/39,recovered_archive1,39,cap_image,recovered_archive1/39/CAPorg4.jpg,CAPorg4.jpg,629413,70b765d317b8ece901fafbff26896fd9d8d2d00d8ddb76a0f141d5e0012ffc53,1024,768,105.498365,45.733636,False,70b765d317b8ece901fafbff26896fd9d8d2d00d8ddb76a0f141d5e0012ffc53,False,True,train
recovered_archive1/39,recovered_archive1,39,cap_image,recovered_archive1/39/CAPorg5.jpg,CAPorg5.jpg,628930,e837fb36c41f34014c3fb7ed12b6ac8a7e08cf29f9f39748ba2267702b8a1664,1024,768,106.500497,44.382248,False,e837fb36c41f34014c3fb7ed12b6ac8a7e08cf29f9f39748ba2267702b8a1664,False,True,train
recovered_archive1/39,recovered_archive1,39,cap_image,recovered_archive1/39/CAPorg6.jpg,CAPorg6.jpg,620672,cd5d1229a6f2f82e5d2025c443e818cfbdfee3469a6db0cba3f5824595b55e4a,1024,768,90.217008,42.434343,False,cd5d1229a6f2f82e5d2025c443e818cfbdfee3469a6db0cba3f5824595b55e4a,False,True,train
recovered_archive1/39,recovered_archive1,39,cap_image,recovered_archive1/39/CAPorg7.jpg,CAPorg7.jpg,645996,8d8741a0c0eff6f0eaa7401e551e3715b334faeed6d0d642c742f95717322d9f,1024,768,132.709741,50.867075,False,8d8741a0c0eff6f0eaa7401e551e3715b334faeed6d0d642c742f95717322d9f,False,True,train
recovered_archive1/39,recovered_archive1,39,cap_image,recovered_archive1/39/CAPorg8.jpg,CAPorg8.jpg,649477,35d69c801fe38f4df8a8f64980cccda071019ed0528f1aece678faa8cc725f39,1024,768,132.835331,43.694635,False,35d69c801fe38f4df8a8f64980cccda071019ed0528f1aece678faa8cc725f39,False,True,train
recovered_archive1/39,recovered_archive1,39,cap_image,recovered_archive1/39/CAPorg9.jpg,CAPorg9.jpg,645157,10b1f20277cec34895feb45b45ae95654b49315ab9c9529ec2a817bc51cbecad,1024,768,122.70377,39.292988,False,10b1f20277cec34895feb45b45ae95654b49315ab9c9529ec2a817bc51cbecad,False,True,train
recovered_archive1/39,recovered_archive1,39,report_image,recovered_archive1/39/rep.jpg.jpg,rep.jpg.jpg,77666,c90f420699126c0c2822308e441b31d17dca9bfc70c9e0198f2ce3f2f9f9bfff,,,,,False,c90f420699126c0c2822308e441b31d17dca9bfc70c9e0198f2ce3f2f9f9bfff,False,False,train
recovered_archive1/39,recovered_archive1,39,report_image,recovered_archive1/39/rep_2010230.jpg.jpg,rep_2010230.jpg.jpg,54244,a62c7ff51f8a2fa2ccb031f67f8dca580f195ae4709be3f0f518cb6ff1db863c,,,,,False,a62c7ff51f8a2fa2ccb031f67f8dca580f195ae4709be3f0f518cb6ff1db863c,False,False,train
recovered_archive1/39,recovered_archive1,39,report_image,recovered_archive1/39/rep_2010231.jpg.jpg,rep_2010231.jpg.jpg,77700,db16884edf34b7ec8d3e65e9a7287a07fc0c747bbeb4cbcdfb1a4a2f04035b30,,,,,False,db16884edf34b7ec8d3e65e9a7287a07fc0c747bbeb4cbcdfb1a4a2f04035b30,False,False,train
recovered_archive1/39,recovered_archive1,39,report_image,recovered_archive1/39/rep_左手.jpg.jpg,rep_左手.jpg.jpg,77666,c90f420699126c0c2822308e441b31d17dca9bfc70c9e0198f2ce3f2f9f9bfff,,,,,False,c90f420699126c0c2822308e441b31d17dca9bfc70c9e0198f2ce3f2f9f9bfff,False,False,train
recovered_archive1/40,recovered_archive1,40,cap_image,recovered_archive1/40/CAPorg1.jpg,CAPorg1.jpg,635105,55f35b879480246f09a75e6826c1795fc3929d82dffdbf71793228615cdef236,1024,768,110.796522,36.678874,False,55f35b879480246f09a75e6826c1795fc3929d82dffdbf71793228615cdef236,False,True,train
recovered_archive1/40,recovered_archive1,40,cap_image,recovered_archive1/40/CAPorg2.jpg,CAPorg2.jpg,634396,2a790599ab5723862fcee3ac5529ed10156277a0f4f47a50759c5b24d1eeb144,1024,768,108.628161,37.773362,False,2a790599ab5723862fcee3ac5529ed10156277a0f4f47a50759c5b24d1eeb144,False,True,train
recovered_archive1/40,recovered_archive1,40,cap_image,recovered_archive1/40/CAPorg3.jpg,CAPorg3.jpg,527942,47980ad1974a65587c509c1f9c5a9c58914e3d76cf3c1aab46c666bb2b35c974,1024,768,135.280006,66.439307,False,47980ad1974a65587c509c1f9c5a9c58914e3d76cf3c1aab46c666bb2b35c974,False,True,train
recovered_archive1/40,recovered_archive1,40,cap_image,recovered_archive1/40/CAPorg4.jpg,CAPorg4.jpg,623554,bceb6d29378fc30a6fd59a4db0f22c1bd7a7d3f700a3e1501e88d42bc42313e1,1024,768,95.999087,37.297534,False,bceb6d29378fc30a6fd59a4db0f22c1bd7a7d3f700a3e1501e88d42bc42313e1,False,True,train
recovered_archive1/40,recovered_archive1,40,cap_image,recovered_archive1/40/CAPorg5.jpg,CAPorg5.jpg,621412,254349d485c831e7990e632e9ed3b73ad8156258c51a8e685e41bade0199669c,1024,768,95.954467,37.891183,False,254349d485c831e7990e632e9ed3b73ad8156258c51a8e685e41bade0199669c,False,True,train
recovered_archive1/40,recovered_archive1,40,cap_image,recovered_archive1/40/CAPorg6.jpg,CAPorg6.jpg,634032,e75c7c08ef949527e64fac19ef0ce106458c85d70c959857f9c2e3ca6c1a88e6,1024,768,108.292956,42.955092,False,e75c7c08ef949527e64fac19ef0ce106458c85d70c959857f9c2e3ca6c1a88e6,False,True,train
recovered_archive1/40,recovered_archive1,40,cap_image,recovered_archive1/40/CAPorg7.jpg,CAPorg7.jpg,597791,be26e2fbddf1bc0ed8ce07b33f952fbc5a18e6f3163dfcf45439ac49e3dce673,1024,768,124.299426,57.288756,False,be26e2fbddf1bc0ed8ce07b33f952fbc5a18e6f3163dfcf45439ac49e3dce673,False,True,train
recovered_archive1/40,recovered_archive1,40,report_image,recovered_archive1/40/rep.jpg.jpg,rep.jpg.jpg,80910,c50083928a30f602a5246bf7d2d9023763823b2a439eac8e49a7eaf47e51cac9,,,,,False,c50083928a30f602a5246bf7d2d9023763823b2a439eac8e49a7eaf47e51cac9,False,False,train
recovered_archive1/40,recovered_archive1,40,report_image,recovered_archive1/40/rep_1901100.jpg.jpg,rep_1901100.jpg.jpg,74250,159898ba5baeb21234c327a520980abc02b4d612d013ef513574a0fdd27ff72f,,,,,False,159898ba5baeb21234c327a520980abc02b4d612d013ef513574a0fdd27ff72f,False,False,train
recovered_archive1/40,recovered_archive1,40,report_image,recovered_archive1/40/rep_1901101.jpg.jpg,rep_1901101.jpg.jpg,80910,c50083928a30f602a5246bf7d2d9023763823b2a439eac8e49a7eaf47e51cac9,,,,,False,c50083928a30f602a5246bf7d2d9023763823b2a439eac8e49a7eaf47e51cac9,False,False,train
recovered_archive1/40,recovered_archive1,40,report_image,recovered_archive1/40/rep_左手.jpg.jpg,rep_左手.jpg.jpg,80910,c50083928a30f602a5246bf7d2d9023763823b2a439eac8e49a7eaf47e51cac9,,,,,False,c50083928a30f602a5246bf7d2d9023763823b2a439eac8e49a7eaf47e51cac9,False,False,train
recovered_archive1/41,recovered_archive1,41,cap_image,recovered_archive1/41/CAPorg1.jpg,CAPorg1.jpg,641816,e69e6789f6e66f5f39067e1b86d47d2d4de2e12a332dd325a98d8c988ee8da10,1024,768,133.057714,61.398183,False,e69e6789f6e66f5f39067e1b86d47d2d4de2e12a332dd325a98d8c988ee8da10,False,True,train
recovered_archive1/41,recovered_archive1,41,cap_image,recovered_archive1/41/CAPorg10.jpg,CAPorg10.jpg,620122,f67354bc1cce242db8b089bcb53e267ff878ef81657767e8318e431f91487781,1024,768,106.09797,52.179695,False,f67354bc1cce242db8b089bcb53e267ff878ef81657767e8318e431f91487781,False,True,train
recovered_archive1/41,recovered_archive1,41,cap_image,recovered_archive1/41/CAPorg11.jpg,CAPorg11.jpg,638827,ff4d06585138d97f303822efea6ac411c2c38bd38074bd6e91fd6d2aaa550194,1024,768,126.644864,49.484101,False,ff4d06585138d97f303822efea6ac411c2c38bd38074bd6e91fd6d2aaa550194,False,True,train
recovered_archive1/41,recovered_archive1,41,cap_image,recovered_archive1/41/CAPorg12.jpg,CAPorg12.jpg,522226,a9f1d625f1f5868292507218d18353a41e387b6f846b3a0c5a8af676bc1ae61e,1024,768,41.574757,31.231091,False,a9f1d625f1f5868292507218d18353a41e387b6f846b3a0c5a8af676bc1ae61e,False,True,train
recovered_archive1/41,recovered_archive1,41,cap_image,recovered_archive1/41/CAPorg13.jpg,CAPorg13.jpg,388636,adc5622ca8fa6d5aaf7c9ec8abc6b77074f7e3d54a53cb4f4d29e585aae5cb32,1024,768,22.460049,26.748468,False,adc5622ca8fa6d5aaf7c9ec8abc6b77074f7e3d54a53cb4f4d29e585aae5cb32,False,True,train
recovered_archive1/41,recovered_archive1,41,cap_image,recovered_archive1/41/CAPorg14.jpg,CAPorg14.jpg,233052,aa9b71043e5758387c43b6cb402d10c8d6dbd93b463dff989c2143d5f19c91bb,1024,768,3.920378,7.335392,False,aa9b71043e5758387c43b6cb402d10c8d6dbd93b463dff989c2143d5f19c91bb,False,True,train
recovered_archive1/41,recovered_archive1,41,cap_image,recovered_archive1/41/CAPorg15.jpg,CAPorg15.jpg,555472,89bd3bbd9eeec8c9aac77002b33eb495cb365ae4c22360769f1a738843afac89,1024,768,38.246728,26.106164,False,89bd3bbd9eeec8c9aac77002b33eb495cb365ae4c22360769f1a738843afac89,False,True,train
recovered_archive1/41,recovered_archive1,41,cap_image,recovered_archive1/41/CAPorg16.jpg,CAPorg16.jpg,582797,d72e89b88354b4f959540d4260ab0a5a543d29521c7728240674d3f2c6b83614,1024,768,53.812895,26.837327,False,d72e89b88354b4f959540d4260ab0a5a543d29521c7728240674d3f2c6b83614,False,True,train
recovered_archive1/41,recovered_archive1,41,cap_image,recovered_archive1/41/CAPorg17.jpg,CAPorg17.jpg,589270,8af6e947a4ff0c57beb5e2f57ec196f166aaf5965bcb4bb6b39fc59a4a5d1df0,1024,768,57.230176,27.205711,False,8af6e947a4ff0c57beb5e2f57ec196f166aaf5965bcb4bb6b39fc59a4a5d1df0,False,True,train
recovered_archive1/41,recovered_archive1,41,cap_image,recovered_archive1/41/CAPorg2.jpg,CAPorg2.jpg,623981,f5b5a8aae57d50c46a517c9516e062f30471b0aa7a93c403321317ab055c2d20,1024,768,142.678811,68.834399,False,f5b5a8aae57d50c46a517c9516e062f30471b0aa7a93c403321317ab055c2d20,False,True,train
recovered_archive1/41,recovered_archive1,41,cap_image,recovered_archive1/41/CAPorg3.jpg,CAPorg3.jpg,643065,28440d3819499d99f90c9c2a845b6d202bae241f196f1bc66a473a8f66e5b40e,1024,768,129.449835,54.733814,False,28440d3819499d99f90c9c2a845b6d202bae241f196f1bc66a473a8f66e5b40e,False,True,train
recovered_archive1/41,recovered_archive1,41,cap_image,recovered_archive1/41/CAPorg4.jpg,CAPorg4.jpg,634958,4b68f22df4a752a8da4eb11562d939009fe4d8750243d697f4236f0173ed4a60,1024,768,117.855578,62.23041,False,4b68f22df4a752a8da4eb11562d939009fe4d8750243d697f4236f0173ed4a60,False,True,train
recovered_archive1/41,recovered_archive1,41,cap_image,recovered_archive1/41/CAPorg5.jpg,CAPorg5.jpg,648519,e41e15087d310725ddc903cdd42653bf57b5d9f2e2a4930961ccc007bef02280,1024,768,133.407032,42.012085,False,e41e15087d310725ddc903cdd42653bf57b5d9f2e2a4930961ccc007bef02280,False,True,train
recovered_archive1/41,recovered_archive1,41,cap_image,recovered_archive1/41/CAPorg6.jpg,CAPorg6.jpg,630244,4bfbecea56bccc0fab9247ac77468f6a32f9f97ebb13dedfc3700c13e4ccfb32,1024,768,97.845796,38.33201,False,4bfbecea56bccc0fab9247ac77468f6a32f9f97ebb13dedfc3700c13e4ccfb32,False,True,train
recovered_archive1/41,recovered_archive1,41,cap_image,recovered_archive1/41/CAPorg7.jpg,CAPorg7.jpg,635045,6ad4fc37eec08a2a7bfc9a2838330de8539f1e7de0ead3394c4673ae4feef08c,1024,768,106.219421,37.706028,False,6ad4fc37eec08a2a7bfc9a2838330de8539f1e7de0ead3394c4673ae4feef08c,False,True,train
recovered_archive1/41,recovered_archive1,41,cap_image,recovered_archive1/41/CAPorg8.jpg,CAPorg8.jpg,633166,a00ddf4d378760881c18139aeeba5f010aebdbaa29e8fbb27cf0f2da85e20cfa,1024,768,113.421903,42.446982,False,a00ddf4d378760881c18139aeeba5f010aebdbaa29e8fbb27cf0f2da85e20cfa,False,True,train
recovered_archive1/41,recovered_archive1,41,cap_image,recovered_archive1/41/CAPorg9.jpg,CAPorg9.jpg,639417,85dc443715007da6ffa3cddc5934da8e40b43c0b2b504f16fc69d9813d61445d,1024,768,126.530885,50.810483,False,85dc443715007da6ffa3cddc5934da8e40b43c0b2b504f16fc69d9813d61445d,False,True,train
recovered_archive1/41,recovered_archive1,41,report_image,recovered_archive1/41/rep.jpg.jpg,rep.jpg.jpg,73003,40ce424179d344559c1c5e9a5368fa5d1e55fd8459704f97bb33449c58e20bd8,,,,,False,40ce424179d344559c1c5e9a5368fa5d1e55fd8459704f97bb33449c58e20bd8,False,False,train
recovered_archive1/41,recovered_archive1,41,report_image,recovered_archive1/41/rep_2004140.jpg.jpg,rep_2004140.jpg.jpg,73003,40ce424179d344559c1c5e9a5368fa5d1e55fd8459704f97bb33449c58e20bd8,,,,,False,40ce424179d344559c1c5e9a5368fa5d1e55fd8459704f97bb33449c58e20bd8,False,False,train
recovered_archive1/41,recovered_archive1,41,report_image,recovered_archive1/41/rep_2004141.jpg.jpg,rep_2004141.jpg.jpg,73003,40ce424179d344559c1c5e9a5368fa5d1e55fd8459704f97bb33449c58e20bd8,,,,,False,40ce424179d344559c1c5e9a5368fa5d1e55fd8459704f97bb33449c58e20bd8,False,False,train
recovered_archive1/41,recovered_archive1,41,report_image,recovered_archive1/41/rep_左手.jpg.jpg,rep_左手.jpg.jpg,73003,40ce424179d344559c1c5e9a5368fa5d1e55fd8459704f97bb33449c58e20bd8,,,,,False,40ce424179d344559c1c5e9a5368fa5d1e55fd8459704f97bb33449c58e20bd8,False,False,train
recovered_archive1/42,recovered_archive1,42,cap_image,recovered_archive1/42/CAPorg1.jpg,CAPorg1.jpg,639161,3827ad713148d5d1159913d9beed37ca52b0410d4a1ed4cbee7063b84fdca6d5,1024,768,90.178569,32.19964,False,3827ad713148d5d1159913d9beed37ca52b0410d4a1ed4cbee7063b84fdca6d5,False,True,train
recovered_archive1/42,recovered_archive1,42,cap_image,recovered_archive1/42/CAPorg2.jpg,CAPorg2.jpg,582002,35af389f8848c89e319102d3ace81dc04ac48202e877f6788d6245e02c8dee7e,1024,768,106.262797,59.987479,False,35af389f8848c89e319102d3ace81dc04ac48202e877f6788d6245e02c8dee7e,False,True,train
recovered_archive1/42,recovered_archive1,42,cap_image,recovered_archive1/42/CAPorg3.jpg,CAPorg3.jpg,621353,1b3fd26fbc93ac5e3ea47a0f381c7ac81b6875b1616bca1bc6e5080581ea45bb,1024,768,77.464963,30.567306,False,1b3fd26fbc93ac5e3ea47a0f381c7ac81b6875b1616bca1bc6e5080581ea45bb,False,True,train
recovered_archive1/42,recovered_archive1,42,cap_image,recovered_archive1/42/CAPorg4.jpg,CAPorg4.jpg,613792,9f2f8c62e276216481902417216ee9f46008d125dc82d6264fab685424505dca,1024,768,70.49877,28.324977,False,9f2f8c62e276216481902417216ee9f46008d125dc82d6264fab685424505dca,False,True,train
recovered_archive1/42,recovered_archive1,42,cap_image,recovered_archive1/42/CAPorg5.jpg,CAPorg5.jpg,585736,398fe04d51a007bd7cc9dff2e4f8d1bac1be3b57e1c039fe98b28dbe92f2bb47,1024,768,80.547732,52.228944,False,398fe04d51a007bd7cc9dff2e4f8d1bac1be3b57e1c039fe98b28dbe92f2bb47,False,True,train
recovered_archive1/42,recovered_archive1,42,cap_image,recovered_archive1/42/CAPorg6.jpg,CAPorg6.jpg,656053,01358a5bbdfb5c571032155f4dadc2a5e2cfc6e577d318ee119d5341962e55bb,1024,768,149.557074,42.065429,False,01358a5bbdfb5c571032155f4dadc2a5e2cfc6e577d318ee119d5341962e55bb,False,True,train
recovered_archive1/42,recovered_archive1,42,cap_image,recovered_archive1/42/CAPorg7.jpg,CAPorg7.jpg,656730,15a2b9505f9fcd9e2dd23b239d88a6195fe04eda0ab12a8534623beb2c949100,1024,768,141.633512,38.518307,False,15a2b9505f9fcd9e2dd23b239d88a6195fe04eda0ab12a8534623beb2c949100,False,True,train
recovered_archive1/42,recovered_archive1,42,cap_image,recovered_archive1/42/CAPorg8.jpg,CAPorg8.jpg,655006,287479c84201ff406b98fb6587c8629e1de98e6affb740e465625c213d91ae4c,1024,768,146.630613,44.362046,False,287479c84201ff406b98fb6587c8629e1de98e6affb740e465625c213d91ae4c,False,True,train
recovered_archive1/42,recovered_archive1,42,cap_image,recovered_archive1/42/CAPorg9.jpg,CAPorg9.jpg,655537,65e1c4436801abef2b7413656c1d6ec432370c372fa2877f431364d8baf3bd65,1024,768,132.758962,43.9891,False,65e1c4436801abef2b7413656c1d6ec432370c372fa2877f431364d8baf3bd65,False,True,train
recovered_archive1/42,recovered_archive1,42,report_image,recovered_archive1/42/rep.jpg.jpg,rep.jpg.jpg,73562,89bf1053b538d991b6c3853f266885327f2261b03b4a71bd028f050bad7bef51,,,,,False,89bf1053b538d991b6c3853f266885327f2261b03b4a71bd028f050bad7bef51,False,False,train
recovered_archive1/42,recovered_archive1,42,report_image,recovered_archive1/42/rep_1912030.jpg.jpg,rep_1912030.jpg.jpg,73562,89bf1053b538d991b6c3853f266885327f2261b03b4a71bd028f050bad7bef51,,,,,False,89bf1053b538d991b6c3853f266885327f2261b03b4a71bd028f050bad7bef51,False,False,train
recovered_archive1/42,recovered_archive1,42,report_image,recovered_archive1/42/rep_1912031.jpg.jpg,rep_1912031.jpg.jpg,73562,89bf1053b538d991b6c3853f266885327f2261b03b4a71bd028f050bad7bef51,,,,,False,89bf1053b538d991b6c3853f266885327f2261b03b4a71bd028f050bad7bef51,False,False,train
recovered_archive1/42,recovered_archive1,42,report_image,recovered_archive1/42/rep_左手.jpg.jpg,rep_左手.jpg.jpg,73562,89bf1053b538d991b6c3853f266885327f2261b03b4a71bd028f050bad7bef51,,,,,False,89bf1053b538d991b6c3853f266885327f2261b03b4a71bd028f050bad7bef51,False,False,train
recovered_archive1/43,recovered_archive1,43,cap_image,recovered_archive1/43/CAPorg1.jpg,CAPorg1.jpg,504449,587a9f7c8e2b0cf76c909eb50558a93ef6e4882aed74c2c735ba6b60f659d712,1024,768,177.005789,72.445719,False,587a9f7c8e2b0cf76c909eb50558a93ef6e4882aed74c2c735ba6b60f659d712,False,True,
recovered_archive1/43,recovered_archive1,43,cap_image,recovered_archive1/43/CAPorg10.jpg,CAPorg10.jpg,568727,b2063ee72bf1a0f6f9f619cc49e34200f78dbc2082b2cd585937690acaaec471,1024,768,64.507034,31.686904,False,b2063ee72bf1a0f6f9f619cc49e34200f78dbc2082b2cd585937690acaaec471,False,True,
recovered_archive1/43,recovered_archive1,43,cap_image,recovered_archive1/43/CAPorg11.jpg,CAPorg11.jpg,12917,749a8efc155a7020938f4cce12a79e06e26c0435082b998dd21c0492d02f11a1,1024,768,0.0,0.0,True,749a8efc155a7020938f4cce12a79e06e26c0435082b998dd21c0492d02f11a1,False,True,
recovered_archive1/43,recovered_archive1,43,cap_image,recovered_archive1/43/CAPorg2.jpg,CAPorg2.jpg,573752,25ce0d1a4f60821bbdcbbcc331b44c74f72d31ef2a1c7ac29041eb54d1c46fe5,1024,768,146.206618,60.475496,False,25ce0d1a4f60821bbdcbbcc331b44c74f72d31ef2a1c7ac29041eb54d1c46fe5,False,True,
recovered_archive1/43,recovered_archive1,43,cap_image,recovered_archive1/43/CAPorg3.jpg,CAPorg3.jpg,599674,cce013af2c75f20d84cad7ab4361bffd77da66058b03251cab5a6bf7b114512b,1024,768,134.485202,57.433126,False,cce013af2c75f20d84cad7ab4361bffd77da66058b03251cab5a6bf7b114512b,False,True,
recovered_archive1/43,recovered_archive1,43,cap_image,recovered_archive1/43/CAPorg4.jpg,CAPorg4.jpg,497931,560ab457e5cc2b7cf1c1b7050f065cbc383435a5be66858e70ea27bc6e5eb7fb,1024,768,184.612495,62.556518,False,560ab457e5cc2b7cf1c1b7050f065cbc383435a5be66858e70ea27bc6e5eb7fb,False,True,
recovered_archive1/43,recovered_archive1,43,cap_image,recovered_archive1/43/CAPorg5.jpg,CAPorg5.jpg,495370,72868914231d0cf2ef13586be805df3af4edc8452d9690f0a4f478bc58b088d5,1024,768,52.652353,55.819955,False,72868914231d0cf2ef13586be805df3af4edc8452d9690f0a4f478bc58b088d5,False,True,
recovered_archive1/43,recovered_archive1,43,cap_image,recovered_archive1/43/CAPorg6.jpg,CAPorg6.jpg,556254,8ce17fa230ddfba83b8668e77384bfe48621f87991d13460ac1a13ae53ec69b0,1024,768,66.160885,45.586698,False,8ce17fa230ddfba83b8668e77384bfe48621f87991d13460ac1a13ae53ec69b0,False,True,
recovered_archive1/43,recovered_archive1,43,cap_image,recovered_archive1/43/CAPorg7.jpg,CAPorg7.jpg,549944,a58f588a4d118f763e139e69290b0abcf1423e81d258c149b94b3b9b8db23092,1024,768,63.675638,46.793785,False,a58f588a4d118f763e139e69290b0abcf1423e81d258c149b94b3b9b8db23092,False,True,
recovered_archive1/43,recovered_archive1,43,cap_image,recovered_archive1/43/CAPorg8.jpg,CAPorg8.jpg,545644,e83f1d52c8c9a44fc9b2737f3889773af3b7079a58742d15ed88ee0f064c7c82,1024,768,83.146964,58.879611,False,e83f1d52c8c9a44fc9b2737f3889773af3b7079a58742d15ed88ee0f064c7c82,False,True,
recovered_archive1/43,recovered_archive1,43,cap_image,recovered_archive1/43/CAPorg9.jpg,CAPorg9.jpg,566777,4b83b0dc3698e2133bd15730369757162ba9e15bb10b468a8a663b7ef60fbafc,1024,768,66.545659,38.147042,False,4b83b0dc3698e2133bd15730369757162ba9e15bb10b468a8a663b7ef60fbafc,False,True,
recovered_archive1/43,recovered_archive1,43,report_image,recovered_archive1/43/rep.jpg.jpg,rep.jpg.jpg,57819,4cd0f572a4bcb3f1c7111f83f3286b0a280c6e8e365417a061f9cf261a9fdd8f,,,,,False,4cd0f572a4bcb3f1c7111f83f3286b0a280c6e8e365417a061f9cf261a9fdd8f,False,False,
recovered_archive1/43,recovered_archive1,43,report_image,recovered_archive1/43/rep_1.jpg.jpg,rep_1.jpg.jpg,57819,4cd0f572a4bcb3f1c7111f83f3286b0a280c6e8e365417a061f9cf261a9fdd8f,,,,,False,4cd0f572a4bcb3f1c7111f83f3286b0a280c6e8e365417a061f9cf261a9fdd8f,False,False,
recovered_archive1/43,recovered_archive1,43,report_image,recovered_archive1/43/rep_1908230.jpg.jpg,rep_1908230.jpg.jpg,57867,994ab9e35e92b05a4f47f06c843b30d51b795e3ae38a567b82f6ae7895eb09f5,,,,,False,994ab9e35e92b05a4f47f06c843b30d51b795e3ae38a567b82f6ae7895eb09f5,False,False,
recovered_archive1/43,recovered_archive1,43,video,recovered_archive1/43/wmv0.avi,wmv0.avi,396367872,,,,,,False,,True,False,
recovered_archive1/44,recovered_archive1,44,cap_image,recovered_archive1/44/CAPorg1.jpg,CAPorg1.jpg,623690,9b8bfee391bb29cbaed0a2f8dc3cb799044953c7da7f223dfcb1890989a9ddf0,1024,768,153.780379,49.67877,False,9b8bfee391bb29cbaed0a2f8dc3cb799044953c7da7f223dfcb1890989a9ddf0,False,True,train
recovered_archive1/44,recovered_archive1,44,cap_image,recovered_archive1/44/CAPorg10.jpg,CAPorg10.jpg,601763,75f44c5f90a4d6668147a7377d7717ecf5a8e88a5ad456500e628e75f2eef277,1024,768,53.735306,27.224793,False,75f44c5f90a4d6668147a7377d7717ecf5a8e88a5ad456500e628e75f2eef277,False,True,train
recovered_archive1/44,recovered_archive1,44,cap_image,recovered_archive1/44/CAPorg11.jpg,CAPorg11.jpg,608620,898fed3372e92870f2d5c53a7dea7bc214a8930dbd4bf95aa17de0fc51ed326f,1024,768,77.754674,39.385914,False,898fed3372e92870f2d5c53a7dea7bc214a8930dbd4bf95aa17de0fc51ed326f,False,True,train
recovered_archive1/44,recovered_archive1,44,cap_image,recovered_archive1/44/CAPorg12.jpg,CAPorg12.jpg,617285,f6a1bc959692d75819ee84af64bd6c0bbc4a8ececadb1ed59c08304ecfb9f4c6,1024,768,70.689161,30.891541,False,f6a1bc959692d75819ee84af64bd6c0bbc4a8ececadb1ed59c08304ecfb9f4c6,False,True,train
recovered_archive1/44,recovered_archive1,44,cap_image,recovered_archive1/44/CAPorg2.jpg,CAPorg2.jpg,618319,07c61615a10258fc836eedbd5a23579fb1f1847af94dd05eae33176ba8a4f7ee,1024,768,98.33805,44.665128,False,07c61615a10258fc836eedbd5a23579fb1f1847af94dd05eae33176ba8a4f7ee,False,True,train
recovered_archive1/44,recovered_archive1,44,cap_image,recovered_archive1/44/CAPorg3.jpg,CAPorg3.jpg,646887,d6857c2bbe394546e2aa07ce6ddb258ca14845dc8dae5bdd0f53dd93c6909ce7,1024,768,129.865163,36.190512,False,d6857c2bbe394546e2aa07ce6ddb258ca14845dc8dae5bdd0f53dd93c6909ce7,False,True,train
recovered_archive1/44,recovered_archive1,44,cap_image,recovered_archive1/44/CAPorg4.jpg,CAPorg4.jpg,630202,a1646628b5f40f5108f3c575bb1aec6cf1b619518fec23e2e734b95ecd13356f,1024,768,167.323283,46.157363,False,a1646628b5f40f5108f3c575bb1aec6cf1b619518fec23e2e734b95ecd13356f,False,True,train
recovered_archive1/44,recovered_archive1,44,cap_image,recovered_archive1/44/CAPorg5.jpg,CAPorg5.jpg,632537,09041acca34f429f42c8fd0615141f512cda72e9506e85f973b809a10eccdd90,1024,768,105.610448,47.377817,False,09041acca34f429f42c8fd0615141f512cda72e9506e85f973b809a10eccdd90,False,True,train
recovered_archive1/44,recovered_archive1,44,cap_image,recovered_archive1/44/CAPorg6.jpg,CAPorg6.jpg,632497,a6fe9a5934094f242ba578b31feff54f0819aebe5b19435b437170b055c55186,1024,768,127.357413,47.904887,False,a6fe9a5934094f242ba578b31feff54f0819aebe5b19435b437170b055c55186,False,True,train
recovered_archive1/44,recovered_archive1,44,cap_image,recovered_archive1/44/CAPorg7.jpg,CAPorg7.jpg,614578,10000dc69a682d08e28dc3a105d4c138b080c4c4fdb2632daafe2ab22b9e682b,1024,768,73.066317,33.680118,False,10000dc69a682d08e28dc3a105d4c138b080c4c4fdb2632daafe2ab22b9e682b,False,True,train
recovered_archive1/44,recovered_archive1,44,cap_image,recovered_archive1/44/CAPorg8.jpg,CAPorg8.jpg,613275,5408efaaab804660170d3237e8da4d55e8c8574f6e379c3e5d0948a440cbf6bf,1024,768,72.993229,33.807277,False,5408efaaab804660170d3237e8da4d55e8c8574f6e379c3e5d0948a440cbf6bf,False,True,train
recovered_archive1/44,recovered_archive1,44,cap_image,recovered_archive1/44/CAPorg9.jpg,CAPorg9.jpg,613222,4473c8cfdc08453e7fe82465fb2cdd48c7e320bf98119ccb68bd4bc8b92282de,1024,768,65.072477,32.952442,False,4473c8cfdc08453e7fe82465fb2cdd48c7e320bf98119ccb68bd4bc8b92282de,False,True,train
recovered_archive1/44,recovered_archive1,44,report_image,recovered_archive1/44/rep.jpg.jpg,rep.jpg.jpg,81109,795eac25f527064d8ed9b1bcf601a9a7785803839ce192a587cac42ec66d9a09,,,,,False,795eac25f527064d8ed9b1bcf601a9a7785803839ce192a587cac42ec66d9a09,False,False,train
recovered_archive1/44,recovered_archive1,44,report_image,recovered_archive1/44/rep_1912120.jpg.jpg,rep_1912120.jpg.jpg,81109,795eac25f527064d8ed9b1bcf601a9a7785803839ce192a587cac42ec66d9a09,,,,,False,795eac25f527064d8ed9b1bcf601a9a7785803839ce192a587cac42ec66d9a09,False,False,train
recovered_archive1/44,recovered_archive1,44,report_image,recovered_archive1/44/rep_1912121.jpg.jpg,rep_1912121.jpg.jpg,81109,795eac25f527064d8ed9b1bcf601a9a7785803839ce192a587cac42ec66d9a09,,,,,False,795eac25f527064d8ed9b1bcf601a9a7785803839ce192a587cac42ec66d9a09,False,False,train
recovered_archive1/44,recovered_archive1,44,report_image,recovered_archive1/44/rep_左手.jpg.jpg,rep_左手.jpg.jpg,81109,795eac25f527064d8ed9b1bcf601a9a7785803839ce192a587cac42ec66d9a09,,,,,False,795eac25f527064d8ed9b1bcf601a9a7785803839ce192a587cac42ec66d9a09,False,False,train
recovered_archive1/44,recovered_archive1,44,video,recovered_archive1/44/wmv0.avi,wmv0.avi,396367872,,,,,,False,,True,False,train
recovered_archive1/45,recovered_archive1,45,cap_image,recovered_archive1/45/CAPorg1.jpg,CAPorg1.jpg,561255,3a4d9e2de7223ddf866703db02e161ea27442425fd54f0b713b39eb462872b39,1024,768,42.538821,27.513155,False,3a4d9e2de7223ddf866703db02e161ea27442425fd54f0b713b39eb462872b39,False,True,train
recovered_archive1/45,recovered_archive1,45,cap_image,recovered_archive1/45/CAPorg10.jpg,CAPorg10.jpg,479377,a9659ba381a8ff7c0b620ac9345c1e4c726bff2c1657ecee51e46f8997757949,1024,768,13.850431,12.131612,False,a9659ba381a8ff7c0b620ac9345c1e4c726bff2c1657ecee51e46f8997757949,False,True,train
recovered_archive1/45,recovered_archive1,45,cap_image,recovered_archive1/45/CAPorg11.jpg,CAPorg11.jpg,468586,82cd276a13cf337643d9b87203da9513ed94f09a7ce05232778fd8ff831648a5,1024,768,11.905252,11.559749,False,82cd276a13cf337643d9b87203da9513ed94f09a7ce05232778fd8ff831648a5,False,True,train
recovered_archive1/45,recovered_archive1,45,cap_image,recovered_archive1/45/CAPorg12.jpg,CAPorg12.jpg,452754,18b27009bd52eaba3174cac4225cee1a8017492a5d0ce46fd6dc1cc0e1a83747,1024,768,15.660266,13.382873,False,18b27009bd52eaba3174cac4225cee1a8017492a5d0ce46fd6dc1cc0e1a83747,False,True,train
recovered_archive1/45,recovered_archive1,45,cap_image,recovered_archive1/45/CAPorg13.jpg,CAPorg13.jpg,493469,38d5a3fefb8240dab71ecbe225dea1b55a631ef364930606ee7bf9bb7ed8c6ef,1024,768,23.701448,18.039882,False,38d5a3fefb8240dab71ecbe225dea1b55a631ef364930606ee7bf9bb7ed8c6ef,False,True,train
recovered_archive1/45,recovered_archive1,45,cap_image,recovered_archive1/45/CAPorg14.jpg,CAPorg14.jpg,556854,8f7021380a176cbbc63313ef3119e9e3be8a65ddf0924974197d20270e02646e,1024,768,33.347057,20.329766,False,8f7021380a176cbbc63313ef3119e9e3be8a65ddf0924974197d20270e02646e,False,True,train
recovered_archive1/45,recovered_archive1,45,cap_image,recovered_archive1/45/CAPorg15.jpg,CAPorg15.jpg,561855,f8245bd062feedc95afff9665a7290ff8e81eebed9d16e0c41b21430e37a18a8,1024,768,33.780112,20.423591,False,f8245bd062feedc95afff9665a7290ff8e81eebed9d16e0c41b21430e37a18a8,False,True,train
recovered_archive1/45,recovered_archive1,45,cap_image,recovered_archive1/45/CAPorg2.jpg,CAPorg2.jpg,579316,bcbc8c095db8b0aff4bf6a22d6cd0d67853e1684d85945ffa9a1195cc9ec097e,1024,768,48.559817,29.199504,False,bcbc8c095db8b0aff4bf6a22d6cd0d67853e1684d85945ffa9a1195cc9ec097e,False,True,train
recovered_archive1/45,recovered_archive1,45,cap_image,recovered_archive1/45/CAPorg3.jpg,CAPorg3.jpg,580304,e8894421025c73e06de520089401a41371c43b495b63cddf054558991e3ea16c,1024,768,58.598745,36.698903,False,e8894421025c73e06de520089401a41371c43b495b63cddf054558991e3ea16c,False,True,train
recovered_archive1/45,recovered_archive1,45,cap_image,recovered_archive1/45/CAPorg4.jpg,CAPorg4.jpg,628030,57f85d130b12fa44628c0c18063f7e307520bec9fb62a044ffe3758e89793dd0,1024,768,118.71467,74.94843,False,57f85d130b12fa44628c0c18063f7e307520bec9fb62a044ffe3758e89793dd0,False,True,train
recovered_archive1/45,recovered_archive1,45,cap_image,recovered_archive1/45/CAPorg5.jpg,CAPorg5.jpg,528956,fd28a18b390efde63c621a582e45745fe04b5a961b915acab0b14663475ade1a,1024,768,30.837658,25.444467,False,fd28a18b390efde63c621a582e45745fe04b5a961b915acab0b14663475ade1a,False,True,train
recovered_archive1/45,recovered_archive1,45,cap_image,recovered_archive1/45/CAPorg6.jpg,CAPorg6.jpg,457415,2b301f123351b7f9d25d8a6c86e529e57e02edf764a7f2d624be762bc2aeae23,1024,768,17.945901,15.742747,False,2b301f123351b7f9d25d8a6c86e529e57e02edf764a7f2d624be762bc2aeae23,False,True,train
recovered_archive1/45,recovered_archive1,45,cap_image,recovered_archive1/45/CAPorg7.jpg,CAPorg7.jpg,331011,f5c159d5fc991e6258a75d2baf3bbe130acbb57c47ec0c0c2afa9458ec3336bc,1024,768,7.285193,8.778111,False,f5c159d5fc991e6258a75d2baf3bbe130acbb57c47ec0c0c2afa9458ec3336bc,False,True,train
recovered_archive1/45,recovered_archive1,45,cap_image,recovered_archive1/45/CAPorg8.jpg,CAPorg8.jpg,492611,b837b455bd7799d376ddf8e86d187c303f60ea7c61c070bed1efefcc8055533e,1024,768,24.692537,19.891483,False,b837b455bd7799d376ddf8e86d187c303f60ea7c61c070bed1efefcc8055533e,False,True,train
recovered_archive1/45,recovered_archive1,45,cap_image,recovered_archive1/45/CAPorg9.jpg,CAPorg9.jpg,459604,f30804274313ad27c7bd98f8990e72475db482c9006b8ffc87847987fb0f2a9b,1024,768,17.751849,15.110463,False,f30804274313ad27c7bd98f8990e72475db482c9006b8ffc87847987fb0f2a9b,False,True,train
recovered_archive1/45,recovered_archive1,45,report_image,recovered_archive1/45/rep.jpg.jpg,rep.jpg.jpg,81036,1973a904992590feab7daaef63084642fb034ede41802ec59a6b1ee0fce408d1,,,,,False,1973a904992590feab7daaef63084642fb034ede41802ec59a6b1ee0fce408d1,False,False,train
recovered_archive1/45,recovered_archive1,45,report_image,recovered_archive1/45/rep_1908200.jpg.jpg,rep_1908200.jpg.jpg,79036,6a0baf68aeaa2d8b5e4bf0643c3a1d36c5949fcd00241f214a4f760a1f19858c,,,,,False,6a0baf68aeaa2d8b5e4bf0643c3a1d36c5949fcd00241f214a4f760a1f19858c,False,False,train
recovered_archive1/45,recovered_archive1,45,report_image,recovered_archive1/45/rep_1908201.jpg.jpg,rep_1908201.jpg.jpg,81036,1973a904992590feab7daaef63084642fb034ede41802ec59a6b1ee0fce408d1,,,,,False,1973a904992590feab7daaef63084642fb034ede41802ec59a6b1ee0fce408d1,False,False,train
recovered_archive1/45,recovered_archive1,45,report_image,recovered_archive1/45/rep_左手.jpg.jpg,rep_左手.jpg.jpg,81036,1973a904992590feab7daaef63084642fb034ede41802ec59a6b1ee0fce408d1,,,,,False,1973a904992590feab7daaef63084642fb034ede41802ec59a6b1ee0fce408d1,False,False,train
recovered_archive1/46,recovered_archive1,46,cap_image,recovered_archive1/46/CAPorg1.jpg,CAPorg1.jpg,636659,efaefb89d065182c6bcc709a4a8abf9f263323e7367986fde5c3cf019a8f22d9,1024,768,105.000159,34.910449,False,efaefb89d065182c6bcc709a4a8abf9f263323e7367986fde5c3cf019a8f22d9,False,True,test
recovered_archive1/46,recovered_archive1,46,cap_image,recovered_archive1/46/CAPorg10.jpg,CAPorg10.jpg,618177,cfb2e947fd0b1dbca712a604324d766fc80fecf3052684e1edb00d589aaffffa,1024,768,103.789068,48.036038,False,cfb2e947fd0b1dbca712a604324d766fc80fecf3052684e1edb00d589aaffffa,False,True,test
recovered_archive1/46,recovered_archive1,46,cap_image,recovered_archive1/46/CAPorg11.jpg,CAPorg11.jpg,544000,a7fc00108d66004a9e44888dd97b3baed30adf557f9ad778151d9b5a63fcf1ef,1024,768,30.952736,22.35925,False,a7fc00108d66004a9e44888dd97b3baed30adf557f9ad778151d9b5a63fcf1ef,False,True,test
recovered_archive1/46,recovered_archive1,46,cap_image,recovered_archive1/46/CAPorg12.jpg,CAPorg12.jpg,512246,855a7bd77d6486143d01530aee238283d90811b5d0d0e828ab94d743f438a7f6,1024,768,21.974075,18.702578,False,855a7bd77d6486143d01530aee238283d90811b5d0d0e828ab94d743f438a7f6,False,True,test
recovered_archive1/46,recovered_archive1,46,cap_image,recovered_archive1/46/CAPorg2.jpg,CAPorg2.jpg,642007,8d4f20f7c5c4c663550789eecf2ed72e36e641e89c6c81e94d9b48766057df03,1024,768,119.840933,37.998716,False,8d4f20f7c5c4c663550789eecf2ed72e36e641e89c6c81e94d9b48766057df03,False,True,test
recovered_archive1/46,recovered_archive1,46,cap_image,recovered_archive1/46/CAPorg3.jpg,CAPorg3.jpg,563407,41b79e67001e0dfe265fe5fab81a676d79f5f303590e076edb4fdb91b9c35c44,1024,768,178.567333,51.736951,False,41b79e67001e0dfe265fe5fab81a676d79f5f303590e076edb4fdb91b9c35c44,False,True,test
recovered_archive1/46,recovered_archive1,46,cap_image,recovered_archive1/46/CAPorg4.jpg,CAPorg4.jpg,533300,9f499f7e298342eeac448ce09d8a9c8cdb96df067407f0e7cd6326506b43bbd2,1024,768,177.770936,55.944268,False,9f499f7e298342eeac448ce09d8a9c8cdb96df067407f0e7cd6326506b43bbd2,False,True,test
recovered_archive1/46,recovered_archive1,46,cap_image,recovered_archive1/46/CAPorg5.jpg,CAPorg5.jpg,574848,b19eb08bb9b47c6ddb13b81738948cfa83397f9fa91b50ea6550f46209aedcd7,1024,768,51.368299,37.777292,False,b19eb08bb9b47c6ddb13b81738948cfa83397f9fa91b50ea6550f46209aedcd7,False,True,test
recovered_archive1/46,recovered_archive1,46,cap_image,recovered_archive1/46/CAPorg6.jpg,CAPorg6.jpg,603719,d7bd22aa1b1062bcdb7362abac7d8f4b0d416d8f0abd17f5d5ac2301f4fd0975,1024,768,59.775461,26.560219,False,d7bd22aa1b1062bcdb7362abac7d8f4b0d416d8f0abd17f5d5ac2301f4fd0975,False,True,test
recovered_archive1/46,recovered_archive1,46,cap_image,recovered_archive1/46/CAPorg7.jpg,CAPorg7.jpg,617553,86983804337170811ca0ae5c693e0077f26228db762f57fffba87aeb69eee5c9,1024,768,71.080463,21.920208,False,86983804337170811ca0ae5c693e0077f26228db762f57fffba87aeb69eee5c9,False,True,test
recovered_archive1/46,recovered_archive1,46,cap_image,recovered_archive1/46/CAPorg8.jpg,CAPorg8.jpg,596219,e528d7aea2295fcb522f0f5701e526aef4ce8c43d9738b02a40130d2963ab383,1024,768,49.319341,16.569355,False,e528d7aea2295fcb522f0f5701e526aef4ce8c43d9738b02a40130d2963ab383,False,True,test
recovered_archive1/46,recovered_archive1,46,cap_image,recovered_archive1/46/CAPorg9.jpg,CAPorg9.jpg,606180,0613c07a35dd243a70bc80a1c42d0e6a21ebcc609ca4e1ce5d03f0dc211a3dcd,1024,768,121.459414,50.161015,False,0613c07a35dd243a70bc80a1c42d0e6a21ebcc609ca4e1ce5d03f0dc211a3dcd,False,True,test
recovered_archive1/46,recovered_archive1,46,report_image,recovered_archive1/46/rep.jpg.jpg,rep.jpg.jpg,81396,21f8fe8d7b30a33a4171fbdb3a60ecc7ba4442852865e57eb427ed397ecb5af5,,,,,False,21f8fe8d7b30a33a4171fbdb3a60ecc7ba4442852865e57eb427ed397ecb5af5,False,False,test
recovered_archive1/46,recovered_archive1,46,report_image,recovered_archive1/46/rep_2103160.jpg.jpg,rep_2103160.jpg.jpg,71162,4ee0b31291ce2e34bea7b2125f648e697ad07688e64214d6c60f1103aef7197d,,,,,False,4ee0b31291ce2e34bea7b2125f648e697ad07688e64214d6c60f1103aef7197d,False,False,test
recovered_archive1/46,recovered_archive1,46,report_image,recovered_archive1/46/rep_2103161.jpg.jpg,rep_2103161.jpg.jpg,71162,4ee0b31291ce2e34bea7b2125f648e697ad07688e64214d6c60f1103aef7197d,,,,,False,4ee0b31291ce2e34bea7b2125f648e697ad07688e64214d6c60f1103aef7197d,False,False,test
recovered_archive1/46,recovered_archive1,46,report_image,recovered_archive1/46/rep_2103162.jpg.jpg,rep_2103162.jpg.jpg,81396,21f8fe8d7b30a33a4171fbdb3a60ecc7ba4442852865e57eb427ed397ecb5af5,,,,,False,21f8fe8d7b30a33a4171fbdb3a60ecc7ba4442852865e57eb427ed397ecb5af5,False,False,test
recovered_archive1/46,recovered_archive1,46,report_image,recovered_archive1/46/rep_双无名指.jpg.jpg,rep_双无名指.jpg.jpg,81396,21f8fe8d7b30a33a4171fbdb3a60ecc7ba4442852865e57eb427ed397ecb5af5,,,,,False,21f8fe8d7b30a33a4171fbdb3a60ecc7ba4442852865e57eb427ed397ecb5af5,False,False,test
recovered_archive1/46,recovered_archive1,46,video,recovered_archive1/46/wmv0.avi,wmv0.avi,516693504,,,,,,False,,True,False,test
recovered_archive1/46,recovered_archive1,46,video,recovered_archive1/46/wmv1.avi,wmv1.avi,391649280,,,,,,False,,True,False,test
recovered_archive1/47,recovered_archive1,47,cap_image,recovered_archive1/47/CAPorg1.jpg,CAPorg1.jpg,627789,fac7725cc2d63ca91cab935c2b082d5609a70f35ce517772426a677da7d98669,1024,768,109.698048,37.729625,False,fac7725cc2d63ca91cab935c2b082d5609a70f35ce517772426a677da7d98669,False,True,train
recovered_archive1/47,recovered_archive1,47,cap_image,recovered_archive1/47/CAPorg2.jpg,CAPorg2.jpg,654855,b7d20fbeb68efda84965e522f0da4504a6c3001e9643f2eb6245eea38e0f27ae,1024,768,126.191129,31.7844,False,b7d20fbeb68efda84965e522f0da4504a6c3001e9643f2eb6245eea38e0f27ae,False,True,train
recovered_archive1/47,recovered_archive1,47,cap_image,recovered_archive1/47/CAPorg3.jpg,CAPorg3.jpg,655110,2817dce05f1b5977655f06623fead6e32d1340329bb0df9da48e80c3c702df7a,1024,768,138.248347,43.168944,False,2817dce05f1b5977655f06623fead6e32d1340329bb0df9da48e80c3c702df7a,False,True,train
recovered_archive1/47,recovered_archive1,47,cap_image,recovered_archive1/47/CAPorg4.jpg,CAPorg4.jpg,646659,d6cb3cadd589a62eee3f18ae7e0a6879dd062be6a3e41c1e3b08089b6907bb41,1024,768,118.495588,33.658017,False,d6cb3cadd589a62eee3f18ae7e0a6879dd062be6a3e41c1e3b08089b6907bb41,False,True,train
recovered_archive1/47,recovered_archive1,47,cap_image,recovered_archive1/47/CAPorg5.jpg,CAPorg5.jpg,657347,3e48121eaee4be1999c76e302cc615b6ac6b7daff4a88db7a6ffe400a8790a66,1024,768,135.446612,34.110233,False,3e48121eaee4be1999c76e302cc615b6ac6b7daff4a88db7a6ffe400a8790a66,False,True,train
recovered_archive1/47,recovered_archive1,47,report_image,recovered_archive1/47/rep.jpg.jpg,rep.jpg.jpg,77644,5add5331c089d815c24df0af89e4e067dd80fe59328b11e18642ca66920bdaeb,,,,,False,5add5331c089d815c24df0af89e4e067dd80fe59328b11e18642ca66920bdaeb,False,False,train
recovered_archive1/47,recovered_archive1,47,report_image,recovered_archive1/47/rep_1901100.jpg.jpg,rep_1901100.jpg.jpg,57309,d221bafa5709f510bc6fce887b6b67de238c1b82adffe18c5473c193dbb62587,,,,,False,d221bafa5709f510bc6fce887b6b67de238c1b82adffe18c5473c193dbb62587,False,False,train
recovered_archive1/47,recovered_archive1,47,report_image,recovered_archive1/47/rep_1901101.jpg.jpg,rep_1901101.jpg.jpg,77644,5add5331c089d815c24df0af89e4e067dd80fe59328b11e18642ca66920bdaeb,,,,,False,5add5331c089d815c24df0af89e4e067dd80fe59328b11e18642ca66920bdaeb,False,False,train
recovered_archive1/47,recovered_archive1,47,report_image,recovered_archive1/47/rep_左手.jpg.jpg,rep_左手.jpg.jpg,77644,5add5331c089d815c24df0af89e4e067dd80fe59328b11e18642ca66920bdaeb,,,,,False,5add5331c089d815c24df0af89e4e067dd80fe59328b11e18642ca66920bdaeb,False,False,train
recovered_archive1/48,recovered_archive1,48,cap_image,recovered_archive1/48/CAPorg1.jpg,CAPorg1.jpg,495071,295126bd8452ee2a35e9bc257d7dced61c1797926daa51ba6f481e15561bb0c0,1024,768,54.40338,72.923058,False,295126bd8452ee2a35e9bc257d7dced61c1797926daa51ba6f481e15561bb0c0,False,True,train
recovered_archive1/48,recovered_archive1,48,cap_image,recovered_archive1/48/CAPorg2.jpg,CAPorg2.jpg,506821,ac097ee76bed8a419a068b16369f4707e319bd9ff3230b0584bc68a5635a0b71,1024,768,85.097343,90.659136,False,ac097ee76bed8a419a068b16369f4707e319bd9ff3230b0584bc68a5635a0b71,False,True,train
recovered_archive1/48,recovered_archive1,48,cap_image,recovered_archive1/48/CAPorg3.jpg,CAPorg3.jpg,514525,68cadbb4d27e58e1691d188f4a7063f1a6f56dc50678e8a290cd46bbd97843ba,1024,768,73.261676,84.593424,False,68cadbb4d27e58e1691d188f4a7063f1a6f56dc50678e8a290cd46bbd97843ba,False,True,train
recovered_archive1/48,recovered_archive1,48,cap_image,recovered_archive1/48/CAPorg4.jpg,CAPorg4.jpg,495818,88ae4345019e7a042e8990faac56ebcc6c121cf4c2666dd962256e8e91e4faad,1024,768,81.487946,88.996398,False,88ae4345019e7a042e8990faac56ebcc6c121cf4c2666dd962256e8e91e4faad,False,True,train
recovered_archive1/48,recovered_archive1,48,cap_image,recovered_archive1/48/CAPorg5.jpg,CAPorg5.jpg,521998,f93af973432eb51e7f2df9978285487984deab1cb9477fbc7d67074abcf37a60,1024,768,22.523993,32.100333,False,f93af973432eb51e7f2df9978285487984deab1cb9477fbc7d67074abcf37a60,False,True,train
recovered_archive1/48,recovered_archive1,48,cap_image,recovered_archive1/48/CAPorg6.jpg,CAPorg6.jpg,470005,dc30888573c6a94cc177fff320fe101e1ee344db6b655a9ecea9f3136a6ef748,1024,768,96.983523,97.838964,False,dc30888573c6a94cc177fff320fe101e1ee344db6b655a9ecea9f3136a6ef748,False,True,train
recovered_archive1/48,recovered_archive1,48,report_image,recovered_archive1/48/rep.jpg.jpg,rep.jpg.jpg,92771,47c301a669b2401c2947a9cad4344810648d67169c5a81f6c6a78a06fbecc055,,,,,False,47c301a669b2401c2947a9cad4344810648d67169c5a81f6c6a78a06fbecc055,False,False,train
recovered_archive1/48,recovered_archive1,48,report_image,recovered_archive1/48/rep_1901100.jpg.jpg,rep_1901100.jpg.jpg,72948,08908c1585641c8a1bc3c986d5d96f260b6959521c662656e9a472b9b2743c3c,,,,,False,08908c1585641c8a1bc3c986d5d96f260b6959521c662656e9a472b9b2743c3c,False,False,train
recovered_archive1/48,recovered_archive1,48,report_image,recovered_archive1/48/rep_1901101.jpg.jpg,rep_1901101.jpg.jpg,92771,47c301a669b2401c2947a9cad4344810648d67169c5a81f6c6a78a06fbecc055,,,,,False,47c301a669b2401c2947a9cad4344810648d67169c5a81f6c6a78a06fbecc055,False,False,train
recovered_archive1/48,recovered_archive1,48,report_image,recovered_archive1/48/rep_左手.jpg.jpg,rep_左手.jpg.jpg,92771,47c301a669b2401c2947a9cad4344810648d67169c5a81f6c6a78a06fbecc055,,,,,False,47c301a669b2401c2947a9cad4344810648d67169c5a81f6c6a78a06fbecc055,False,False,train
recovered_archive1/49,recovered_archive1,49,cap_image,recovered_archive1/49/CAPorg1.jpg,CAPorg1.jpg,554609,4722b716320dcd038c96df15d6a6acc8210add35a1337977316043fda17dac26,1024,768,178.178282,60.796368,False,4722b716320dcd038c96df15d6a6acc8210add35a1337977316043fda17dac26,False,True,train
recovered_archive1/49,recovered_archive1,49,cap_image,recovered_archive1/49/CAPorg2.jpg,CAPorg2.jpg,576985,abbd51656df6f7bda9eaa9d604cf0bad6aa9511d765c87c44581191035a266ad,1024,768,88.567535,61.671846,False,abbd51656df6f7bda9eaa9d604cf0bad6aa9511d765c87c44581191035a266ad,False,True,train
recovered_archive1/49,recovered_archive1,49,cap_image,recovered_archive1/49/CAPorg3.jpg,CAPorg3.jpg,577330,16b217c5768325de305a328a23de96c1e428690baceec1b9487580b15793aec9,1024,768,89.048389,61.943001,False,16b217c5768325de305a328a23de96c1e428690baceec1b9487580b15793aec9,False,True,train
recovered_archive1/49,recovered_archive1,49,cap_image,recovered_archive1/49/CAPorg4.jpg,CAPorg4.jpg,597263,405ade7eca7fa95623ae0f3f52cce110dbaabdf656d25ee62e8653994f83f561,1024,768,77.793653,50.737741,False,405ade7eca7fa95623ae0f3f52cce110dbaabdf656d25ee62e8653994f83f561,False,True,train
recovered_archive1/49,recovered_archive1,49,cap_image,recovered_archive1/49/CAPorg5.jpg,CAPorg5.jpg,602152,f2bf85083e098acce1a4b76a142bee5daa9a2ac1d469818a31c53ea074a06b84,1024,768,66.688962,40.430556,False,f2bf85083e098acce1a4b76a142bee5daa9a2ac1d469818a31c53ea074a06b84,False,True,train
recovered_archive1/49,recovered_archive1,49,cap_image,recovered_archive1/49/CAPorg6.jpg,CAPorg6.jpg,604191,282575bad4293f79054c364be4774f90b884bac0befd9c1d0759ad1bdc497f75,1024,768,66.409241,37.325782,False,282575bad4293f79054c364be4774f90b884bac0befd9c1d0759ad1bdc497f75,False,True,train
recovered_archive1/49,recovered_archive1,49,cap_image,recovered_archive1/49/CAPorg7.jpg,CAPorg7.jpg,591786,e087fc53466f3cb60b8f09769603dd8d13882a6395294c7c42fc2ddafaa1c94a,1024,768,74.920288,55.893045,False,e087fc53466f3cb60b8f09769603dd8d13882a6395294c7c42fc2ddafaa1c94a,False,True,train
recovered_archive1/49,recovered_archive1,49,cap_image,recovered_archive1/49/CAPorg8.jpg,CAPorg8.jpg,567142,c2f414ae3bae262417c799f0c5a2ba1d5b55d6ad1e07f202fc4e449a6d376c82,1024,768,108.225812,71.021647,False,c2f414ae3bae262417c799f0c5a2ba1d5b55d6ad1e07f202fc4e449a6d376c82,False,True,train
recovered_archive1/49,recovered_archive1,49,report_image,recovered_archive1/49/rep.jpg.jpg,rep.jpg.jpg,74598,5d443a7833833f663399622f336e0629a8e143369bce846d1aac6ec933a8142c,,,,,False,5d443a7833833f663399622f336e0629a8e143369bce846d1aac6ec933a8142c,False,False,train
recovered_archive1/49,recovered_archive1,49,report_image,recovered_archive1/49/rep_1902120.jpg.jpg,rep_1902120.jpg.jpg,57866,57f749a80926f87c0f244e25676407bb22cb30ed2ab5bb5510e15f60a75b7b4d,,,,,False,57f749a80926f87c0f244e25676407bb22cb30ed2ab5bb5510e15f60a75b7b4d,False,False,train
recovered_archive1/49,recovered_archive1,49,report_image,recovered_archive1/49/rep_1902121.jpg.jpg,rep_1902121.jpg.jpg,74598,5d443a7833833f663399622f336e0629a8e143369bce846d1aac6ec933a8142c,,,,,False,5d443a7833833f663399622f336e0629a8e143369bce846d1aac6ec933a8142c,False,False,train
recovered_archive1/49,recovered_archive1,49,report_image,recovered_archive1/49/rep_左手.jpg.jpg,rep_左手.jpg.jpg,74598,5d443a7833833f663399622f336e0629a8e143369bce846d1aac6ec933a8142c,,,,,False,5d443a7833833f663399622f336e0629a8e143369bce846d1aac6ec933a8142c,False,False,train
recovered_archive1/49,recovered_archive1,49,video,recovered_archive1/49/wmv0.avi,wmv0.avi,10191360,,,,,,False,,True,False,train
recovered_archive1/50,recovered_archive1,50,cap_image,recovered_archive1/50/CAPorg1.jpg,CAPorg1.jpg,614911,2603ddb64a79fde99171767d82f2d277706606e6b6eddbb792ad55388a24e30b,1024,768,66.988049,32.619887,False,2603ddb64a79fde99171767d82f2d277706606e6b6eddbb792ad55388a24e30b,False,True,
recovered_archive1/50,recovered_archive1,50,cap_image,recovered_archive1/50/CAPorg10.jpg,CAPorg10.jpg,626199,34adfad5c2fb8a89b2e3dd24d1fb30cb02f09f5ca0d79259ece48c9c70559f0b,1024,768,171.270943,62.382115,False,34adfad5c2fb8a89b2e3dd24d1fb30cb02f09f5ca0d79259ece48c9c70559f0b,False,True,
recovered_archive1/50,recovered_archive1,50,cap_image,recovered_archive1/50/CAPorg11.jpg,CAPorg11.jpg,647510,1cfb8e36f6b1b0af3cf46a123b23dfe7a479e6747b59fdb0c620260ae8da4a81,1024,768,109.918884,43.169263,False,1cfb8e36f6b1b0af3cf46a123b23dfe7a479e6747b59fdb0c620260ae8da4a81,False,True,
recovered_archive1/50,recovered_archive1,50,cap_image,recovered_archive1/50/CAPorg12.jpg,CAPorg12.jpg,521860,ddd49ff3cd96a3fed65fe0a4ca00790e4a42e2f66d3d5203241fb15dc31776d3,1024,768,45.346797,37.606035,False,ddd49ff3cd96a3fed65fe0a4ca00790e4a42e2f66d3d5203241fb15dc31776d3,False,True,
recovered_archive1/50,recovered_archive1,50,cap_image,recovered_archive1/50/CAPorg13.jpg,CAPorg13.jpg,605185,d4eb2fdba0216be66de6ea019d018d8b5aac8aaa2fa957808b70700cd79b33c8,1024,768,62.124518,19.479063,False,d4eb2fdba0216be66de6ea019d018d8b5aac8aaa2fa957808b70700cd79b33c8,False,True,
recovered_archive1/50,recovered_archive1,50,cap_image,recovered_archive1/50/CAPorg14.jpg,CAPorg14.jpg,602544,6022df70a79a0c9f5214dd7afceaac91c24b151af59bdb8197b5a97371449cf8,1024,768,59.412724,18.683491,False,6022df70a79a0c9f5214dd7afceaac91c24b151af59bdb8197b5a97371449cf8,False,True,
recovered_archive1/50,recovered_archive1,50,cap_image,recovered_archive1/50/CAPorg2.jpg,CAPorg2.jpg,596192,0a8b3cd8d7465c0e9a137821aeb5d667e31a7c7aa7464733016c0076d2eff144,1024,768,62.619067,34.697029,False,0a8b3cd8d7465c0e9a137821aeb5d667e31a7c7aa7464733016c0076d2eff144,False,True,
recovered_archive1/50,recovered_archive1,50,cap_image,recovered_archive1/50/CAPorg3.jpg,CAPorg3.jpg,624013,33ceab110b4cce94762ac97971901440942974038fa20165dbf513dff438977c,1024,768,76.354234,34.125359,False,33ceab110b4cce94762ac97971901440942974038fa20165dbf513dff438977c,False,True,
recovered_archive1/50,recovered_archive1,50,cap_image,recovered_archive1/50/CAPorg4.jpg,CAPorg4.jpg,611801,2047a16c7ef4652e91746796cff3435825d584c94c631c299dde46b4f3beef2e,1024,768,66.139591,34.11628,False,2047a16c7ef4652e91746796cff3435825d584c94c631c299dde46b4f3beef2e,False,True,
recovered_archive1/50,recovered_archive1,50,cap_image,recovered_archive1/50/CAPorg5.jpg,CAPorg5.jpg,613291,3fea69c6478e103de4010ed30d3bca07373ba1d8f7fc495c5f57c970fb83da72,1024,768,67.362994,39.535219,False,3fea69c6478e103de4010ed30d3bca07373ba1d8f7fc495c5f57c970fb83da72,False,True,
recovered_archive1/50,recovered_archive1,50,cap_image,recovered_archive1/50/CAPorg6.jpg,CAPorg6.jpg,621915,948a6d94523b8dc8b3b79b7b38acaafad9897a381d9f4fc9f621da0942729bbe,1024,768,83.179204,44.126376,False,948a6d94523b8dc8b3b79b7b38acaafad9897a381d9f4fc9f621da0942729bbe,False,True,
recovered_archive1/50,recovered_archive1,50,cap_image,recovered_archive1/50/CAPorg7.jpg,CAPorg7.jpg,617967,8a148cd5f6fdb9d7d25b52498a727daa7bf685534b9cd3d2fc10905f179ad9aa,1024,768,82.036263,47.930308,False,8a148cd5f6fdb9d7d25b52498a727daa7bf685534b9cd3d2fc10905f179ad9aa,False,True,
recovered_archive1/50,recovered_archive1,50,cap_image,recovered_archive1/50/CAPorg8.jpg,CAPorg8.jpg,485856,808e8a4b251dca7c5f0175fa8be311d058272c97522bd1eafa25d63fb6fc941c,1024,768,26.221574,29.289904,False,808e8a4b251dca7c5f0175fa8be311d058272c97522bd1eafa25d63fb6fc941c,False,True,
recovered_archive1/50,recovered_archive1,50,cap_image,recovered_archive1/50/CAPorg9.jpg,CAPorg9.jpg,488397,579871ae88894b864e3f21b4e68a1608f07973ce3e55abdc135c67bfedc75814,1024,768,26.398417,29.739766,False,579871ae88894b864e3f21b4e68a1608f07973ce3e55abdc135c67bfedc75814,False,True,
recovered_archive1/50,recovered_archive1,50,report_image,recovered_archive1/50/rep.jpg.jpg,rep.jpg.jpg,64406,b392742e9d7b5ede49c249d9df8de8c647b5e093f8f5de40dc4bd0818c5f9f03,,,,,False,b392742e9d7b5ede49c249d9df8de8c647b5e093f8f5de40dc4bd0818c5f9f03,False,False,
recovered_archive1/50,recovered_archive1,50,report_image,recovered_archive1/50/rep_1908010.jpg.jpg,rep_1908010.jpg.jpg,64406,b392742e9d7b5ede49c249d9df8de8c647b5e093f8f5de40dc4bd0818c5f9f03,,,,,False,b392742e9d7b5ede49c249d9df8de8c647b5e093f8f5de40dc4bd0818c5f9f03,False,False,
recovered_archive1/50,recovered_archive1,50,report_image,recovered_archive1/50/rep_1908011.jpg.jpg,rep_1908011.jpg.jpg,64406,b392742e9d7b5ede49c249d9df8de8c647b5e093f8f5de40dc4bd0818c5f9f03,,,,,False,b392742e9d7b5ede49c249d9df8de8c647b5e093f8f5de40dc4bd0818c5f9f03,False,False,
recovered_archive1/50,recovered_archive1,50,report_image,recovered_archive1/50/rep_左手.jpg.jpg,rep_左手.jpg.jpg,64406,b392742e9d7b5ede49c249d9df8de8c647b5e093f8f5de40dc4bd0818c5f9f03,,,,,False,b392742e9d7b5ede49c249d9df8de8c647b5e093f8f5de40dc4bd0818c5f9f03,False,False,
recovered_archive1/51,recovered_archive1,51,cap_image,recovered_archive1/51/CAPorg1.jpg,CAPorg1.jpg,655643,0fa2efd55331fe106929f61f2b9cbf8e035ceb9337df889fb1df15bc859871fe,1024,768,126.412368,35.843438,False,0fa2efd55331fe106929f61f2b9cbf8e035ceb9337df889fb1df15bc859871fe,False,True,test
recovered_archive1/51,recovered_archive1,51,cap_image,recovered_archive1/51/CAPorg10.jpg,CAPorg10.jpg,651555,3b7ae39183fa1f94a7b7699f1df4ff615aa87ba8f0b70259f2a834cd04c99e07,1024,768,123.639491,36.883783,False,3b7ae39183fa1f94a7b7699f1df4ff615aa87ba8f0b70259f2a834cd04c99e07,False,True,test
recovered_archive1/51,recovered_archive1,51,cap_image,recovered_archive1/51/CAPorg11.jpg,CAPorg11.jpg,12917,749a8efc155a7020938f4cce12a79e06e26c0435082b998dd21c0492d02f11a1,1024,768,0.0,0.0,True,749a8efc155a7020938f4cce12a79e06e26c0435082b998dd21c0492d02f11a1,False,True,test
recovered_archive1/51,recovered_archive1,51,cap_image,recovered_archive1/51/CAPorg2.jpg,CAPorg2.jpg,656986,6806ee2cc4fccf27c526b90fd76013aa50dfeb8d01e9d60693a8720c3e50df33,1024,768,141.372229,37.747229,False,6806ee2cc4fccf27c526b90fd76013aa50dfeb8d01e9d60693a8720c3e50df33,False,True,test
recovered_archive1/51,recovered_archive1,51,cap_image,recovered_archive1/51/CAPorg3.jpg,CAPorg3.jpg,640026,210a0c47d0363fadabf0df02fe1496bf1611cc645098bcc8a41e12d908c1e85b,1024,768,109.185438,38.805828,False,210a0c47d0363fadabf0df02fe1496bf1611cc645098bcc8a41e12d908c1e85b,False,True,test
recovered_archive1/51,recovered_archive1,51,cap_image,recovered_archive1/51/CAPorg4.jpg,CAPorg4.jpg,664048,bde4a0619af49f8e745e7cfb7e8555e49278f83ab4a03f842f108f83201102f9,1024,768,154.061117,39.127191,False,bde4a0619af49f8e745e7cfb7e8555e49278f83ab4a03f842f108f83201102f9,False,True,test
recovered_archive1/51,recovered_archive1,51,cap_image,recovered_archive1/51/CAPorg5.jpg,CAPorg5.jpg,653631,b79ba48465da00dd452b8b2070e616ef372487afea8f350d38718597671afb01,1024,768,178.739436,40.620306,False,b79ba48465da00dd452b8b2070e616ef372487afea8f350d38718597671afb01,False,True,test
recovered_archive1/51,recovered_archive1,51,cap_image,recovered_archive1/51/CAPorg6.jpg,CAPorg6.jpg,658247,dc54bc5853d4c9383432a9ebd7888f688c38ff339d3b958fef4abd2009e9b860,1024,768,143.483673,37.172492,False,dc54bc5853d4c9383432a9ebd7888f688c38ff339d3b958fef4abd2009e9b860,False,True,test
recovered_archive1/51,recovered_archive1,51,cap_image,recovered_archive1/51/CAPorg7.jpg,CAPorg7.jpg,655276,ca76dfe0858242ff7b566a99aff71d49292c36ba2354b1721cd51975c3cd9d76,1024,768,136.530964,37.638628,False,ca76dfe0858242ff7b566a99aff71d49292c36ba2354b1721cd51975c3cd9d76,False,True,test
recovered_archive1/51,recovered_archive1,51,cap_image,recovered_archive1/51/CAPorg8.jpg,CAPorg8.jpg,649436,b6e4cb558cf5b4d14b8d38baf85adacb66cb74f62c5a58d983c48520e6a9e6a7,1024,768,125.539366,37.772787,False,b6e4cb558cf5b4d14b8d38baf85adacb66cb74f62c5a58d983c48520e6a9e6a7,False,True,test
recovered_archive1/51,recovered_archive1,51,cap_image,recovered_archive1/51/CAPorg9.jpg,CAPorg9.jpg,634183,8f971fd1ed90f85b0944260964cfcecb0d32a24ddeb44397ea35ecd6d00c67a3,1024,768,108.180394,41.429354,False,8f971fd1ed90f85b0944260964cfcecb0d32a24ddeb44397ea35ecd6d00c67a3,False,True,test
recovered_archive1/51,recovered_archive1,51,report_image,recovered_archive1/51/rep.jpg.jpg,rep.jpg.jpg,71897,71a0362ca9f1c1b183233e9fd7dcddc66f820d3093dbd5138a3da8695c4b1070,,,,,False,71a0362ca9f1c1b183233e9fd7dcddc66f820d3093dbd5138a3da8695c4b1070,False,False,test
recovered_archive1/51,recovered_archive1,51,report_image,recovered_archive1/51/rep_1912100.jpg.jpg,rep_1912100.jpg.jpg,71897,71a0362ca9f1c1b183233e9fd7dcddc66f820d3093dbd5138a3da8695c4b1070,,,,,False,71a0362ca9f1c1b183233e9fd7dcddc66f820d3093dbd5138a3da8695c4b1070,False,False,test
recovered_archive1/51,recovered_archive1,51,report_image,recovered_archive1/51/rep_1912101.jpg.jpg,rep_1912101.jpg.jpg,71897,71a0362ca9f1c1b183233e9fd7dcddc66f820d3093dbd5138a3da8695c4b1070,,,,,False,71a0362ca9f1c1b183233e9fd7dcddc66f820d3093dbd5138a3da8695c4b1070,False,False,test
recovered_archive1/51,recovered_archive1,51,report_image,recovered_archive1/51/rep_左手.jpg.jpg,rep_左手.jpg.jpg,71897,71a0362ca9f1c1b183233e9fd7dcddc66f820d3093dbd5138a3da8695c4b1070,,,,,False,71a0362ca9f1c1b183233e9fd7dcddc66f820d3093dbd5138a3da8695c4b1070,False,False,test
recovered_archive1/52,recovered_archive1,52,cap_image,recovered_archive1/52/CAPorg1.jpg,CAPorg1.jpg,642199,12da8e2440fc6f8d02a9e7b9f436abd6b1c94256a23ec6097b0536e0a4ec0a92,1024,768,124.023137,51.937163,False,12da8e2440fc6f8d02a9e7b9f436abd6b1c94256a23ec6097b0536e0a4ec0a92,False,True,train
recovered_archive1/52,recovered_archive1,52,cap_image,recovered_archive1/52/CAPorg2.jpg,CAPorg2.jpg,603560,f728ebbc54cf861a45471d4832cf974163b0cbf657cc3ff4e434a6c7f312a3df,1024,768,56.670174,29.42697,False,f728ebbc54cf861a45471d4832cf974163b0cbf657cc3ff4e434a6c7f312a3df,False,True,train
recovered_archive1/52,recovered_archive1,52,cap_image,recovered_archive1/52/CAPorg3.jpg,CAPorg3.jpg,603040,d804b968d55233d934ba92f4aef6ab569f3f2d2b8360f55cf5574d5edfac285c,1024,768,56.854352,26.686572,False,d804b968d55233d934ba92f4aef6ab569f3f2d2b8360f55cf5574d5edfac285c,False,True,train
recovered_archive1/52,recovered_archive1,52,cap_image,recovered_archive1/52/CAPorg4.jpg,CAPorg4.jpg,607719,b094abcd033ae9ce9c40cac41d8aae9c9aacdd72bf161c11ffcc7f79d204c3d1,1024,768,69.335648,38.269491,False,b094abcd033ae9ce9c40cac41d8aae9c9aacdd72bf161c11ffcc7f79d204c3d1,False,True,train
recovered_archive1/52,recovered_archive1,52,cap_image,recovered_archive1/52/CAPorg5.jpg,CAPorg5.jpg,610781,65f14b2dbcde59aedaf5e0e6c5a35856d2ef2a5eebef751cfa0808c4fb078672,1024,768,65.415409,32.086236,False,65f14b2dbcde59aedaf5e0e6c5a35856d2ef2a5eebef751cfa0808c4fb078672,False,True,train
recovered_archive1/52,recovered_archive1,52,cap_image,recovered_archive1/52/CAPorg6.jpg,CAPorg6.jpg,590547,e8865328993815aad3741f27fd8cf650cea796797975f98fbbd4cd0a24f6f329,1024,768,61.274559,47.453655,False,e8865328993815aad3741f27fd8cf650cea796797975f98fbbd4cd0a24f6f329,False,True,train
recovered_archive1/52,recovered_archive1,52,report_image,recovered_archive1/52/rep.jpg.jpg,rep.jpg.jpg,80171,07d9c362790b19b72358f295d4b56583a0a363447fc2e3a89f7f67469d953bec,,,,,False,07d9c362790b19b72358f295d4b56583a0a363447fc2e3a89f7f67469d953bec,False,False,train
recovered_archive1/52,recovered_archive1,52,report_image,recovered_archive1/52/rep_1901170.jpg.jpg,rep_1901170.jpg.jpg,80171,07d9c362790b19b72358f295d4b56583a0a363447fc2e3a89f7f67469d953bec,,,,,False,07d9c362790b19b72358f295d4b56583a0a363447fc2e3a89f7f67469d953bec,False,False,train
recovered_archive1/52,recovered_archive1,52,report_image,recovered_archive1/52/rep_1901171.jpg.jpg,rep_1901171.jpg.jpg,80171,07d9c362790b19b72358f295d4b56583a0a363447fc2e3a89f7f67469d953bec,,,,,False,07d9c362790b19b72358f295d4b56583a0a363447fc2e3a89f7f67469d953bec,False,False,train
recovered_archive1/52,recovered_archive1,52,report_image,recovered_archive1/52/rep_左手.jpg.jpg,rep_左手.jpg.jpg,80171,07d9c362790b19b72358f295d4b56583a0a363447fc2e3a89f7f67469d953bec,,,,,False,07d9c362790b19b72358f295d4b56583a0a363447fc2e3a89f7f67469d953bec,False,False,train
recovered_archive1/53,recovered_archive1,53,cap_image,recovered_archive1/53/CAPorg1.jpg,CAPorg1.jpg,630020,bcedeac72d83f2cbd4c07a5e8ac31543c0afd2b0ed6f561bfcfb392c1890ba4b,1024,768,94.313267,33.897156,False,bcedeac72d83f2cbd4c07a5e8ac31543c0afd2b0ed6f561bfcfb392c1890ba4b,False,True,train
recovered_archive1/53,recovered_archive1,53,cap_image,recovered_archive1/53/CAPorg2.jpg,CAPorg2.jpg,635736,31cd7007312ae68b85d823227086f977b2476a267d41e3726bd531dda0ca39a1,1024,768,119.034686,46.636544,False,31cd7007312ae68b85d823227086f977b2476a267d41e3726bd531dda0ca39a1,False,True,train
recovered_archive1/53,recovered_archive1,53,cap_image,recovered_archive1/53/CAPorg3.jpg,CAPorg3.jpg,618902,905ed34626a5e64fe6d5b7ef609a4a0d844b3e23b43d6fc6213aeb54a90e7f35,1024,768,106.582011,43.605638,False,905ed34626a5e64fe6d5b7ef609a4a0d844b3e23b43d6fc6213aeb54a90e7f35,False,True,train
recovered_archive1/53,recovered_archive1,53,cap_image,recovered_archive1/53/CAPorg4.jpg,CAPorg4.jpg,638670,3d7e57077b0b2a8bbe4fca557ba47986916be9fd1808f41c8f5df0df494b682f,1024,768,125.325637,50.90731,False,3d7e57077b0b2a8bbe4fca557ba47986916be9fd1808f41c8f5df0df494b682f,False,True,train
recovered_archive1/53,recovered_archive1,53,cap_image,recovered_archive1/53/CAPorg5.jpg,CAPorg5.jpg,627900,d05e85a24989c787f6632ff43d6377e9522d5b82db32059728e5afeb22ca8590,1024,768,126.307087,63.557994,False,d05e85a24989c787f6632ff43d6377e9522d5b82db32059728e5afeb22ca8590,False,True,train
recovered_archive1/53,recovered_archive1,53,cap_image,recovered_archive1/53/CAPorg6.jpg,CAPorg6.jpg,647176,7e824791cf31ff30ae7804cfdf25d74bcf2c41adefad021b0f551772a12f144f,1024,768,135.342138,28.369238,False,7e824791cf31ff30ae7804cfdf25d74bcf2c41adefad021b0f551772a12f144f,False,True,train
recovered_archive1/53,recovered_archive1,53,report_image,recovered_archive1/53/rep.jpg.jpg,rep.jpg.jpg,70717,4734410872e11b5a47cee5f0eb65afd21eeefe368d92fb1419d529b814d5c204,,,,,False,4734410872e11b5a47cee5f0eb65afd21eeefe368d92fb1419d529b814d5c204,False,False,train
recovered_archive1/53,recovered_archive1,53,report_image,recovered_archive1/53/rep_1.jpg.jpg,rep_1.jpg.jpg,70717,4734410872e11b5a47cee5f0eb65afd21eeefe368d92fb1419d529b814d5c204,,,,,False,4734410872e11b5a47cee5f0eb65afd21eeefe368d92fb1419d529b814d5c204,False,False,train
recovered_archive1/53,recovered_archive1,53,report_image,recovered_archive1/53/rep_1810170.jpg.jpg,rep_1810170.jpg.jpg,70717,4734410872e11b5a47cee5f0eb65afd21eeefe368d92fb1419d529b814d5c204,,,,,False,4734410872e11b5a47cee5f0eb65afd21eeefe368d92fb1419d529b814d5c204,False,False,train
recovered_archive1/54,recovered_archive1,54,cap_image,recovered_archive1/54/CAPorg1.jpg,CAPorg1.jpg,600059,08d3b5babcd98bf0a01aae6eac130ca68827cc3a8ef8806ae49b9db4afdb0247,1024,768,71.464324,41.104531,False,08d3b5babcd98bf0a01aae6eac130ca68827cc3a8ef8806ae49b9db4afdb0247,False,True,train
recovered_archive1/54,recovered_archive1,54,cap_image,recovered_archive1/54/CAPorg2.jpg,CAPorg2.jpg,611916,814b773c5e752d0b633d1e3a4b9b73557aee206b3c726d21e9112d2f0a7c4d08,1024,768,82.323415,46.307023,False,814b773c5e752d0b633d1e3a4b9b73557aee206b3c726d21e9112d2f0a7c4d08,False,True,train
recovered_archive1/54,recovered_archive1,54,cap_image,recovered_archive1/54/CAPorg3.jpg,CAPorg3.jpg,632782,1f1d8d739c97a480d56126a7500e8b61c01f1398db8ea36982b9d5380497439a,1024,768,102.436647,45.461371,False,1f1d8d739c97a480d56126a7500e8b61c01f1398db8ea36982b9d5380497439a,False,True,train
recovered_archive1/54,recovered_archive1,54,cap_image,recovered_archive1/54/CAPorg4.jpg,CAPorg4.jpg,636717,330ed81e086659cee7ba20f54e7533a83b4f148c828ffa3e07db697889b2ff06,1024,768,106.819995,44.464339,False,330ed81e086659cee7ba20f54e7533a83b4f148c828ffa3e07db697889b2ff06,False,True,train
recovered_archive1/54,recovered_archive1,54,report_image,recovered_archive1/54/rep.jpg.jpg,rep.jpg.jpg,75445,bcffb4b8f2bcad72c4a8d83e340feeaebe69c26fab15095b015be397732f5faf,,,,,False,bcffb4b8f2bcad72c4a8d83e340feeaebe69c26fab15095b015be397732f5faf,False,False,train
recovered_archive1/54,recovered_archive1,54,report_image,recovered_archive1/54/rep_1901220.jpg.jpg,rep_1901220.jpg.jpg,75445,bcffb4b8f2bcad72c4a8d83e340feeaebe69c26fab15095b015be397732f5faf,,,,,False,bcffb4b8f2bcad72c4a8d83e340feeaebe69c26fab15095b015be397732f5faf,False,False,train
recovered_archive1/54,recovered_archive1,54,report_image,recovered_archive1/54/rep_1901221.jpg.jpg,rep_1901221.jpg.jpg,75445,bcffb4b8f2bcad72c4a8d83e340feeaebe69c26fab15095b015be397732f5faf,,,,,False,bcffb4b8f2bcad72c4a8d83e340feeaebe69c26fab15095b015be397732f5faf,False,False,train
recovered_archive1/54,recovered_archive1,54,report_image,recovered_archive1/54/rep_左手.jpg.jpg,rep_左手.jpg.jpg,75445,bcffb4b8f2bcad72c4a8d83e340feeaebe69c26fab15095b015be397732f5faf,,,,,False,bcffb4b8f2bcad72c4a8d83e340feeaebe69c26fab15095b015be397732f5faf,False,False,train
recovered_archive1/55,recovered_archive1,55,cap_image,recovered_archive1/55/CAPorg1.jpg,CAPorg1.jpg,655335,82c0d078ab7738cbf7f4b7224c72c624f3d3d11015cb0a5e0797522046e30e28,1024,768,137.50816,38.713888,False,82c0d078ab7738cbf7f4b7224c72c624f3d3d11015cb0a5e0797522046e30e28,False,True,train
recovered_archive1/55,recovered_archive1,55,cap_image,recovered_archive1/55/CAPorg2.jpg,CAPorg2.jpg,639262,7d6067595b2a8febc555f6ecc7111c48f993d80c1ec079c279063ac359bb8223,1024,768,130.076918,56.994795,False,7d6067595b2a8febc555f6ecc7111c48f993d80c1ec079c279063ac359bb8223,False,True,train
recovered_archive1/55,recovered_archive1,55,cap_image,recovered_archive1/55/CAPorg3.jpg,CAPorg3.jpg,615708,8285f3fceba30d48fc67de6405b47420b989aeffbb0bac8db70b331c3a5fc0f3,1024,768,72.973577,15.173915,False,8285f3fceba30d48fc67de6405b47420b989aeffbb0bac8db70b331c3a5fc0f3,False,True,train
recovered_archive1/55,recovered_archive1,55,cap_image,recovered_archive1/55/CAPorg4.jpg,CAPorg4.jpg,636010,ab2453cb05cc4d25b622993ca8fd7b6ff79ae21473bddb1e9ef885e46150f412,1024,768,104.308033,23.310026,False,ab2453cb05cc4d25b622993ca8fd7b6ff79ae21473bddb1e9ef885e46150f412,False,True,train
recovered_archive1/55,recovered_archive1,55,cap_image,recovered_archive1/55/CAPorg5.jpg,CAPorg5.jpg,632973,791ba5b1733235879d82aec3abb1acb0ca2a8b0d004f556f33b22ee18e588aa9,1024,768,102.399222,25.813079,False,791ba5b1733235879d82aec3abb1acb0ca2a8b0d004f556f33b22ee18e588aa9,False,True,train
recovered_archive1/55,recovered_archive1,55,cap_image,recovered_archive1/55/CAPorg6.jpg,CAPorg6.jpg,631877,0c461c4f1e346db1adf736a65907db4467dd5a40637fb9c5af84cdbad65689d0,1024,768,101.374687,27.056701,False,0c461c4f1e346db1adf736a65907db4467dd5a40637fb9c5af84cdbad65689d0,False,True,train
recovered_archive1/55,recovered_archive1,55,cap_image,recovered_archive1/55/CAPorg7.jpg,CAPorg7.jpg,611471,e522d73e4c565153f496e7cf93ffafd76ec8c829b1e5a9f4c3beebde17d73b7a,1024,768,85.6805,39.311551,False,e522d73e4c565153f496e7cf93ffafd76ec8c829b1e5a9f4c3beebde17d73b7a,False,True,train
recovered_archive1/55,recovered_archive1,55,cap_image,recovered_archive1/55/CAPorg8.jpg,CAPorg8.jpg,626568,8917cf9353df8f35a24003522c04c4f3f6b9fd20633bc0d2ad7dd9badfc86b7d,1024,768,89.72044,29.432886,False,8917cf9353df8f35a24003522c04c4f3f6b9fd20633bc0d2ad7dd9badfc86b7d,False,True,train
recovered_archive1/55,recovered_archive1,55,report_image,recovered_archive1/55/rep.jpg.jpg,rep.jpg.jpg,80417,8d0e24978d21de875037ac7af21dc68fd544496dae44c6c7a31bea3b056985f4,,,,,False,8d0e24978d21de875037ac7af21dc68fd544496dae44c6c7a31bea3b056985f4,False,False,train
recovered_archive1/55,recovered_archive1,55,report_image,recovered_archive1/55/rep_1903210.jpg.jpg,rep_1903210.jpg.jpg,80417,8d0e24978d21de875037ac7af21dc68fd544496dae44c6c7a31bea3b056985f4,,,,,False,8d0e24978d21de875037ac7af21dc68fd544496dae44c6c7a31bea3b056985f4,False,False,train
recovered_archive1/55,recovered_archive1,55,report_image,recovered_archive1/55/rep_1903211.jpg.jpg,rep_1903211.jpg.jpg,80417,8d0e24978d21de875037ac7af21dc68fd544496dae44c6c7a31bea3b056985f4,,,,,False,8d0e24978d21de875037ac7af21dc68fd544496dae44c6c7a31bea3b056985f4,False,False,train
recovered_archive1/55,recovered_archive1,55,report_image,recovered_archive1/55/rep_左手.jpg.jpg,rep_左手.jpg.jpg,80417,8d0e24978d21de875037ac7af21dc68fd544496dae44c6c7a31bea3b056985f4,,,,,False,8d0e24978d21de875037ac7af21dc68fd544496dae44c6c7a31bea3b056985f4,False,False,train
recovered_archive1/55,recovered_archive1,55,video,recovered_archive1/55/wmv0.avi,wmv0.avi,10133504,,,,,,False,,True,False,train
recovered_archive1/56,recovered_archive1,56,cap_image,recovered_archive1/56/CAPorg1.jpg,CAPorg1.jpg,655650,9080110374e0ef1555e6c95541ec43e099908fe066820b2275daa09bf68b13e8,1024,768,153.020069,46.477015,False,9080110374e0ef1555e6c95541ec43e099908fe066820b2275daa09bf68b13e8,False,True,
recovered_archive1/56,recovered_archive1,56,cap_image,recovered_archive1/56/CAPorg2.jpg,CAPorg2.jpg,654627,4d96236d56cc3a81c9c73f23bc5ede52f064353950c7702dbf72b775ac37f408,1024,768,153.162717,54.32154,False,4d96236d56cc3a81c9c73f23bc5ede52f064353950c7702dbf72b775ac37f408,False,True,
recovered_archive1/56,recovered_archive1,56,cap_image,recovered_archive1/56/CAPorg3.jpg,CAPorg3.jpg,612456,f7ebcbde4f496ee4e37d456a3c5cb9235d2993e07255678a9e23ba15242734e5,1024,768,162.504419,58.820716,False,f7ebcbde4f496ee4e37d456a3c5cb9235d2993e07255678a9e23ba15242734e5,False,True,
recovered_archive1/56,recovered_archive1,56,cap_image,recovered_archive1/56/CAPorg4.jpg,CAPorg4.jpg,646437,e88e62a49b0c86956d60d68e7da802497c987e117b79e4d38f639c93f886cc2a,1024,768,148.950503,59.915301,False,e88e62a49b0c86956d60d68e7da802497c987e117b79e4d38f639c93f886cc2a,False,True,
recovered_archive1/57,recovered_archive1,57,cap_image,recovered_archive1/57/CAPorg1.jpg,CAPorg1.jpg,666598,e2497fa154917070ce8fea006992bad7378500346ce6528365d22a5692b8f069,1024,768,142.952043,30.698612,False,e2497fa154917070ce8fea006992bad7378500346ce6528365d22a5692b8f069,False,True,train
recovered_archive1/57,recovered_archive1,57,cap_image,recovered_archive1/57/CAPorg2.jpg,CAPorg2.jpg,639551,76ba97c630acbc0d16bdff7e138b9dfd7490ab0bf26122a21152ae89ade2e98d,1024,768,95.960782,29.603749,False,76ba97c630acbc0d16bdff7e138b9dfd7490ab0bf26122a21152ae89ade2e98d,False,True,train
recovered_archive1/57,recovered_archive1,57,cap_image,recovered_archive1/57/CAPorg3.jpg,CAPorg3.jpg,633531,08421a7aa9377647593cc6b335e9bf4900f5a9882a550baf4c731083efd74273,1024,768,86.348582,28.293069,False,08421a7aa9377647593cc6b335e9bf4900f5a9882a550baf4c731083efd74273,False,True,train
recovered_archive1/57,recovered_archive1,57,cap_image,recovered_archive1/57/CAPorg4.jpg,CAPorg4.jpg,639534,5f4873de450e0eecc5096e3ab74010fd38de1b845f13bd8fa6ce93945fefece4,1024,768,112.16434,42.730455,False,5f4873de450e0eecc5096e3ab74010fd38de1b845f13bd8fa6ce93945fefece4,False,True,train
recovered_archive1/57,recovered_archive1,57,cap_image,recovered_archive1/57/CAPorg5.jpg,CAPorg5.jpg,607954,21758068ba86a67c12687d2538d1f42e7630f3c7675eceab9c78f447a7da902c,1024,768,75.198541,41.764883,False,21758068ba86a67c12687d2538d1f42e7630f3c7675eceab9c78f447a7da902c,False,True,train
recovered_archive1/57,recovered_archive1,57,cap_image,recovered_archive1/57/CAPorg6.jpg,CAPorg6.jpg,642891,217c07f3ec8e80153498f873092a566426c40835a142a6a18574baf0b2813955,1024,768,130.748311,57.183393,False,217c07f3ec8e80153498f873092a566426c40835a142a6a18574baf0b2813955,False,True,train
recovered_archive1/57,recovered_archive1,57,report_image,recovered_archive1/57/rep.jpg.jpg,rep.jpg.jpg,71267,81f1f8ff733f3ae3513154eb21af09b1c4c6fdd819565c811f474689fe74fa02,,,,,False,81f1f8ff733f3ae3513154eb21af09b1c4c6fdd819565c811f474689fe74fa02,False,False,train
recovered_archive1/57,recovered_archive1,57,report_image,recovered_archive1/57/rep_1901080.jpg.jpg,rep_1901080.jpg.jpg,71267,81f1f8ff733f3ae3513154eb21af09b1c4c6fdd819565c811f474689fe74fa02,,,,,False,81f1f8ff733f3ae3513154eb21af09b1c4c6fdd819565c811f474689fe74fa02,False,False,train
recovered_archive1/57,recovered_archive1,57,report_image,recovered_archive1/57/rep_1901081.jpg.jpg,rep_1901081.jpg.jpg,71267,81f1f8ff733f3ae3513154eb21af09b1c4c6fdd819565c811f474689fe74fa02,,,,,False,81f1f8ff733f3ae3513154eb21af09b1c4c6fdd819565c811f474689fe74fa02,False,False,train
recovered_archive1/57,recovered_archive1,57,report_image,recovered_archive1/57/rep_左手.jpg.jpg,rep_左手.jpg.jpg,71267,81f1f8ff733f3ae3513154eb21af09b1c4c6fdd819565c811f474689fe74fa02,,,,,False,81f1f8ff733f3ae3513154eb21af09b1c4c6fdd819565c811f474689fe74fa02,False,False,train
recovered_archive1/59,recovered_archive1,59,cap_image,recovered_archive1/59/CAPorg1.jpg,CAPorg1.jpg,583187,fdc2584cba80fe310ae696313d89ddbbd1c2fde5d15173961d96ea34aa4067a7,1024,768,62.302251,39.638267,False,fdc2584cba80fe310ae696313d89ddbbd1c2fde5d15173961d96ea34aa4067a7,False,True,train
recovered_archive1/59,recovered_archive1,59,cap_image,recovered_archive1/59/CAPorg2.jpg,CAPorg2.jpg,566277,9009a734cb47a34c3a6bb5cc8f24ef90dd344cacc328f4d3bc8f58fcda7330ba,1024,768,42.729546,23.699449,False,9009a734cb47a34c3a6bb5cc8f24ef90dd344cacc328f4d3bc8f58fcda7330ba,False,True,train
recovered_archive1/59,recovered_archive1,59,cap_image,recovered_archive1/59/CAPorg3.jpg,CAPorg3.jpg,585393,2c97cec406a7ab9ddece145bf0b6081a9cdaa086cd58696291901e8e4114e650,1024,768,44.391841,24.29536,False,2c97cec406a7ab9ddece145bf0b6081a9cdaa086cd58696291901e8e4114e650,False,True,train
recovered_archive1/59,recovered_archive1,59,cap_image,recovered_archive1/59/CAPorg4.jpg,CAPorg4.jpg,603249,0f5723452b54ce0963221c3f60025fc237fadacb3db612e1dc041efdb313c5f8,1024,768,72.501086,33.53655,False,0f5723452b54ce0963221c3f60025fc237fadacb3db612e1dc041efdb313c5f8,False,True,train
recovered_archive1/59,recovered_archive1,59,cap_image,recovered_archive1/59/CAPorg5.jpg,CAPorg5.jpg,585505,51b9252ef504c68331618eeadedbf76ae4dc01786ccbface5cf878e764c6ba98,1024,768,48.709073,20.231092,False,51b9252ef504c68331618eeadedbf76ae4dc01786ccbface5cf878e764c6ba98,False,True,train
recovered_archive1/59,recovered_archive1,59,cap_image,recovered_archive1/59/CAPorg6.jpg,CAPorg6.jpg,577049,9c68c4da96b4d4276886d4cfce9cdc31222961df4b839745d9663b0c9cdd7bf7,1024,768,38.897869,17.750787,False,9c68c4da96b4d4276886d4cfce9cdc31222961df4b839745d9663b0c9cdd7bf7,False,True,train
recovered_archive1/59,recovered_archive1,59,cap_image,recovered_archive1/59/CAPorg7.jpg,CAPorg7.jpg,550814,a32781138805aa855c14ea85beac8c77abdde47d7062735122f87aef170a1151,1024,768,26.69698,14.36841,False,a32781138805aa855c14ea85beac8c77abdde47d7062735122f87aef170a1151,False,True,train
recovered_archive1/59,recovered_archive1,59,cap_image,recovered_archive1/59/CAPorg8.jpg,CAPorg8.jpg,551444,438b45b813a0d7f01aa542b4f368405c89f6bc388c2775cd9d0a05b48d144482,1024,768,25.220777,13.691768,False,438b45b813a0d7f01aa542b4f368405c89f6bc388c2775cd9d0a05b48d144482,False,True,train
recovered_archive1/59,recovered_archive1,59,cap_image,recovered_archive1/59/CAPorg9.jpg,CAPorg9.jpg,521521,e53eea7874d3503e7e3dbb80e39e7c7ba540f45ef30e651dc17d09d05f1ef005,1024,768,16.685155,10.139567,False,e53eea7874d3503e7e3dbb80e39e7c7ba540f45ef30e651dc17d09d05f1ef005,False,True,train
recovered_archive1/59,recovered_archive1,59,report_image,recovered_archive1/59/rep.jpg.jpg,rep.jpg.jpg,76978,b1b725bccd1532fc01d0a85282b23e368a864483ff72896adc59352732c1b96b,,,,,False,b1b725bccd1532fc01d0a85282b23e368a864483ff72896adc59352732c1b96b,False,False,train
recovered_archive1/59,recovered_archive1,59,report_image,recovered_archive1/59/rep_2001070.jpg.jpg,rep_2001070.jpg.jpg,76978,b1b725bccd1532fc01d0a85282b23e368a864483ff72896adc59352732c1b96b,,,,,False,b1b725bccd1532fc01d0a85282b23e368a864483ff72896adc59352732c1b96b,False,False,train
recovered_archive1/59,recovered_archive1,59,report_image,recovered_archive1/59/rep_2001071.jpg.jpg,rep_2001071.jpg.jpg,76978,b1b725bccd1532fc01d0a85282b23e368a864483ff72896adc59352732c1b96b,,,,,False,b1b725bccd1532fc01d0a85282b23e368a864483ff72896adc59352732c1b96b,False,False,train
recovered_archive1/59,recovered_archive1,59,report_image,recovered_archive1/59/rep_左手.jpg.jpg,rep_左手.jpg.jpg,76978,b1b725bccd1532fc01d0a85282b23e368a864483ff72896adc59352732c1b96b,,,,,False,b1b725bccd1532fc01d0a85282b23e368a864483ff72896adc59352732c1b96b,False,False,train
recovered_archive1/59,recovered_archive1,59,video,recovered_archive1/59/wmv0.avi,wmv0.avi,318510592,,,,,,False,,True,False,train
recovered_archive1/60,recovered_archive1,60,cap_image,recovered_archive1/60/CAPorg1.jpg,CAPorg1.jpg,444999,4260b61e1ebeee51fc6e39e35cf68d2fb260d018557c45ac33bf0ab25c28e4cd,1024,768,222.565679,40.121352,False,4260b61e1ebeee51fc6e39e35cf68d2fb260d018557c45ac33bf0ab25c28e4cd,False,True,train
recovered_archive1/60,recovered_archive1,60,cap_image,recovered_archive1/60/CAPorg10.jpg,CAPorg10.jpg,621954,5859320a0296da4a89c4c48615650fb3db628a2abb023f8733ecbce4d263135e,1024,768,93.039823,36.211175,False,5859320a0296da4a89c4c48615650fb3db628a2abb023f8733ecbce4d263135e,False,True,train
recovered_archive1/60,recovered_archive1,60,cap_image,recovered_archive1/60/CAPorg2.jpg,CAPorg2.jpg,585332,608ec94af91e6f061c43d43208635773766d8fe8d7543a9480feff887578ee1b,1024,768,57.522831,35.390919,False,608ec94af91e6f061c43d43208635773766d8fe8d7543a9480feff887578ee1b,False,True,train
recovered_archive1/60,recovered_archive1,60,cap_image,recovered_archive1/60/CAPorg3.jpg,CAPorg3.jpg,549723,1be9bab25d238641fea7f4343b8776549973e0ef5462edbdd81aa6c1850d8052,1024,768,34.894775,23.422681,False,1be9bab25d238641fea7f4343b8776549973e0ef5462edbdd81aa6c1850d8052,False,True,train
recovered_archive1/60,recovered_archive1,60,cap_image,recovered_archive1/60/CAPorg4.jpg,CAPorg4.jpg,603791,fcc315aeadcdbafcac60ad5287b6492d1589ff901d357f9e4cf303eb2ad26c15,1024,768,73.747749,30.834475,False,fcc315aeadcdbafcac60ad5287b6492d1589ff901d357f9e4cf303eb2ad26c15,False,True,train
recovered_archive1/60,recovered_archive1,60,cap_image,recovered_archive1/60/CAPorg5.jpg,CAPorg5.jpg,609730,901be972a8b1ad45ca285bd9c882c3d70f735a9a474590697e8844f393684eb7,1024,768,77.604104,32.881291,False,901be972a8b1ad45ca285bd9c882c3d70f735a9a474590697e8844f393684eb7,False,True,train
recovered_archive1/60,recovered_archive1,60,cap_image,recovered_archive1/60/CAPorg6.jpg,CAPorg6.jpg,603565,6ef6e51742eb7920e1c8960d29dea7fcc81f2f3a2802e10d1c03f1ba1537bb39,1024,768,72.947863,34.550504,False,6ef6e51742eb7920e1c8960d29dea7fcc81f2f3a2802e10d1c03f1ba1537bb39,False,True,train
recovered_archive1/60,recovered_archive1,60,cap_image,recovered_archive1/60/CAPorg7.jpg,CAPorg7.jpg,609101,9556de57a0d71505b15283251ae4ba2b79fc712ad1496ba23035102e09d9ea13,1024,768,77.475185,35.885342,False,9556de57a0d71505b15283251ae4ba2b79fc712ad1496ba23035102e09d9ea13,False,True,train
recovered_archive1/60,recovered_archive1,60,cap_image,recovered_archive1/60/CAPorg8.jpg,CAPorg8.jpg,634239,f4561a067d19483b971ab9df404292108ce84557b504219a98d1ff8a3c98bdf1,1024,768,114.490026,42.602367,False,f4561a067d19483b971ab9df404292108ce84557b504219a98d1ff8a3c98bdf1,False,True,train
recovered_archive1/60,recovered_archive1,60,cap_image,recovered_archive1/60/CAPorg9.jpg,CAPorg9.jpg,629434,70ec4dd31c8e1b77d9e23b4afe18a81b6f72b1a24a3dafb510f0b28879960749,1024,768,109.581276,41.172813,False,70ec4dd31c8e1b77d9e23b4afe18a81b6f72b1a24a3dafb510f0b28879960749,False,True,train
recovered_archive1/60,recovered_archive1,60,report_image,recovered_archive1/60/rep.jpg.jpg,rep.jpg.jpg,70285,d1d1c9bcb76d192677ccad9aee9a102d59ed65858c7582794b2cdd1574ad2693,,,,,False,d1d1c9bcb76d192677ccad9aee9a102d59ed65858c7582794b2cdd1574ad2693,False,False,train
recovered_archive1/60,recovered_archive1,60,report_image,recovered_archive1/60/rep_2004140.jpg.jpg,rep_2004140.jpg.jpg,69820,34bfa03b6f05a597ec4125391a469e266237de743c4811e3b7a4dfefdbeeb298,,,,,False,34bfa03b6f05a597ec4125391a469e266237de743c4811e3b7a4dfefdbeeb298,False,False,train
recovered_archive1/60,recovered_archive1,60,report_image,recovered_archive1/60/rep_2004141.jpg.jpg,rep_2004141.jpg.jpg,70285,d1d1c9bcb76d192677ccad9aee9a102d59ed65858c7582794b2cdd1574ad2693,,,,,False,d1d1c9bcb76d192677ccad9aee9a102d59ed65858c7582794b2cdd1574ad2693,False,False,train
recovered_archive1/60,recovered_archive1,60,report_image,recovered_archive1/60/rep_左手.jpg.jpg,rep_左手.jpg.jpg,70285,d1d1c9bcb76d192677ccad9aee9a102d59ed65858c7582794b2cdd1574ad2693,,,,,False,d1d1c9bcb76d192677ccad9aee9a102d59ed65858c7582794b2cdd1574ad2693,False,False,train
recovered_archive1/60,recovered_archive1,60,video,recovered_archive1/60/wmv0.avi,wmv0.avi,443554304,,,,,,False,,True,False,train
recovered_archive1/60,recovered_archive1,60,video,recovered_archive1/60/wmv1.avi,wmv1.avi,377493504,,,,,,False,,True,False,train
recovered_archive1/61,recovered_archive1,61,cap_image,recovered_archive1/61/CAPorg1.jpg,CAPorg1.jpg,12917,749a8efc155a7020938f4cce12a79e06e26c0435082b998dd21c0492d02f11a1,1024,768,0.0,0.0,True,749a8efc155a7020938f4cce12a79e06e26c0435082b998dd21c0492d02f11a1,False,True,test
recovered_archive1/61,recovered_archive1,61,cap_image,recovered_archive1/61/CAPorg10.jpg,CAPorg10.jpg,464832,8e6939404f1d46d4fa0062e44779cde18fdc82e5bf000184efc48fd62824db0b,1024,768,9.394168,9.563169,False,8e6939404f1d46d4fa0062e44779cde18fdc82e5bf000184efc48fd62824db0b,False,True,test
recovered_archive1/61,recovered_archive1,61,cap_image,recovered_archive1/61/CAPorg2.jpg,CAPorg2.jpg,630529,f0fd1eeb64d93ecaddff201f3d40d83aa1f6d5c9e536530c5566f3af56883629,1024,768,122.009037,71.13973,False,f0fd1eeb64d93ecaddff201f3d40d83aa1f6d5c9e536530c5566f3af56883629,False,True,test
recovered_archive1/61,recovered_archive1,61,cap_image,recovered_archive1/61/CAPorg3.jpg,CAPorg3.jpg,600886,43ff3c75f30f1eb75a0273cf3f37c6726a1d4214ceb6f69e7fdc842865955d4e,1024,768,86.41315,61.89968,False,43ff3c75f30f1eb75a0273cf3f37c6726a1d4214ceb6f69e7fdc842865955d4e,False,True,test
recovered_archive1/61,recovered_archive1,61,cap_image,recovered_archive1/61/CAPorg4.jpg,CAPorg4.jpg,631833,127be187c103800bbf4e92456a4fd52d2df17246c92a7c8fb091e6d1139c70e2,1024,768,127.957565,63.740764,False,127be187c103800bbf4e92456a4fd52d2df17246c92a7c8fb091e6d1139c70e2,False,True,test
recovered_archive1/61,recovered_archive1,61,cap_image,recovered_archive1/61/CAPorg5.jpg,CAPorg5.jpg,516073,229404d5406ca748086339aaf27dfe37e8f246fae5a1ccdae7db7530cd9e96c2,1024,768,54.207174,50.870582,False,229404d5406ca748086339aaf27dfe37e8f246fae5a1ccdae7db7530cd9e96c2,False,True,test
recovered_archive1/61,recovered_archive1,61,cap_image,recovered_archive1/61/CAPorg6.jpg,CAPorg6.jpg,597593,fd58e0fb451a7ccac52aefbe984d73b7bed693de0faccd668acff3bf51dc45b3,1024,768,106.265416,74.715818,False,fd58e0fb451a7ccac52aefbe984d73b7bed693de0faccd668acff3bf51dc45b3,False,True,test
recovered_archive1/61,recovered_archive1,61,cap_image,recovered_archive1/61/CAPorg7.jpg,CAPorg7.jpg,366499,098be21263b55a0f5d8f617606f566c5cb4fc42130c36dca1f40efe3288d137c,1024,768,24.626443,41.586132,False,098be21263b55a0f5d8f617606f566c5cb4fc42130c36dca1f40efe3288d137c,False,True,test
recovered_archive1/61,recovered_archive1,61,cap_image,recovered_archive1/61/CAPorg8.jpg,CAPorg8.jpg,550083,7c85cc4022a4b69f1eeec21d83f3ffcbd277edef3043667d5af7bfb599d13ee8,1024,768,24.164009,17.248631,False,7c85cc4022a4b69f1eeec21d83f3ffcbd277edef3043667d5af7bfb599d13ee8,False,True,test
recovered_archive1/61,recovered_archive1,61,cap_image,recovered_archive1/61/CAPorg9.jpg,CAPorg9.jpg,552658,9febdc51a0dac6039c0c54b3fd56fb3a7dc4ff55b82d47730be80104c1105a8b,1024,768,26.503026,24.251809,False,9febdc51a0dac6039c0c54b3fd56fb3a7dc4ff55b82d47730be80104c1105a8b,False,True,test
recovered_archive1/61,recovered_archive1,61,report_image,recovered_archive1/61/rep.jpg.jpg,rep.jpg.jpg,70431,2e1e4409c97932777ad391291e1a014d6d84c62ca80b4bdfc3c87669fd03f956,,,,,False,2e1e4409c97932777ad391291e1a014d6d84c62ca80b4bdfc3c87669fd03f956,False,False,test
recovered_archive1/61,recovered_archive1,61,report_image,recovered_archive1/61/rep_1.jpg.jpg,rep_1.jpg.jpg,70431,2e1e4409c97932777ad391291e1a014d6d84c62ca80b4bdfc3c87669fd03f956,,,,,False,2e1e4409c97932777ad391291e1a014d6d84c62ca80b4bdfc3c87669fd03f956,False,False,test
recovered_archive1/61,recovered_archive1,61,report_image,recovered_archive1/61/rep_1812070.jpg.jpg,rep_1812070.jpg.jpg,68683,6058de5968664d00f8c25f98a2219ff4298b2d9bdc5fda346ece8dc8674625ee,,,,,False,6058de5968664d00f8c25f98a2219ff4298b2d9bdc5fda346ece8dc8674625ee,False,False,test
recovered_archive1/61,recovered_archive1,61,report_image,recovered_archive1/61/rep_1812071.jpg.jpg,rep_1812071.jpg.jpg,68683,6058de5968664d00f8c25f98a2219ff4298b2d9bdc5fda346ece8dc8674625ee,,,,,False,6058de5968664d00f8c25f98a2219ff4298b2d9bdc5fda346ece8dc8674625ee,False,False,test
recovered_archive1/61,recovered_archive1,61,report_image,recovered_archive1/61/rep_1812072.jpg.jpg,rep_1812072.jpg.jpg,70431,2e1e4409c97932777ad391291e1a014d6d84c62ca80b4bdfc3c87669fd03f956,,,,,False,2e1e4409c97932777ad391291e1a014d6d84c62ca80b4bdfc3c87669fd03f956,False,False,test
recovered_archive1/62,recovered_archive1,62,cap_image,recovered_archive1/62/CAPorg1.jpg,CAPorg1.jpg,558200,5eb2269dd19977095df6eae186026b14b73628b1314b1abb9933c5c56bb93ebe,1024,768,168.553549,62.319987,False,5eb2269dd19977095df6eae186026b14b73628b1314b1abb9933c5c56bb93ebe,False,True,test
recovered_archive1/62,recovered_archive1,62,cap_image,recovered_archive1/62/CAPorg10.jpg,CAPorg10.jpg,604545,1f718d70d8e8f320ad38df2029f0b544fcfcf1ccf761e5c756d8fc8c3971478d,1024,768,99.182813,53.113583,False,1f718d70d8e8f320ad38df2029f0b544fcfcf1ccf761e5c756d8fc8c3971478d,False,True,test
recovered_archive1/62,recovered_archive1,62,cap_image,recovered_archive1/62/CAPorg11.jpg,CAPorg11.jpg,12917,749a8efc155a7020938f4cce12a79e06e26c0435082b998dd21c0492d02f11a1,1024,768,0.0,0.0,True,749a8efc155a7020938f4cce12a79e06e26c0435082b998dd21c0492d02f11a1,False,True,test
recovered_archive1/62,recovered_archive1,62,cap_image,recovered_archive1/62/CAPorg2.jpg,CAPorg2.jpg,634133,c151731e9b30e761d870f2c31b39ace728fb8afeabbe5b4c13a10331979c4c88,1024,768,106.696587,45.017983,False,c151731e9b30e761d870f2c31b39ace728fb8afeabbe5b4c13a10331979c4c88,False,True,test
recovered_archive1/62,recovered_archive1,62,cap_image,recovered_archive1/62/CAPorg3.jpg,CAPorg3.jpg,568099,247ea38f758571fabd15d945805ba922033c738b678e382209bdefef101f511d,1024,768,159.426412,80.295053,False,247ea38f758571fabd15d945805ba922033c738b678e382209bdefef101f511d,False,True,test
recovered_archive1/62,recovered_archive1,62,cap_image,recovered_archive1/62/CAPorg4.jpg,CAPorg4.jpg,624806,048b293c22bb3e6bdbc47b955a7c480ab0278ab88179bef77f3f5ce10513c6ed,1024,768,96.291682,51.480231,False,048b293c22bb3e6bdbc47b955a7c480ab0278ab88179bef77f3f5ce10513c6ed,False,True,test
recovered_archive1/62,recovered_archive1,62,cap_image,recovered_archive1/62/CAPorg5.jpg,CAPorg5.jpg,620493,671c2ccaa58a176f806d9a63c75ada2fc153a29642dfce71ad03d98f83fc8155,1024,768,83.573523,41.623881,False,671c2ccaa58a176f806d9a63c75ada2fc153a29642dfce71ad03d98f83fc8155,False,True,test
recovered_archive1/62,recovered_archive1,62,cap_image,recovered_archive1/62/CAPorg6.jpg,CAPorg6.jpg,619444,4ab4088156e4238ab836e5aaa12116e080365838be96df0139e81099490c7901,1024,768,94.876848,50.698573,False,4ab4088156e4238ab836e5aaa12116e080365838be96df0139e81099490c7901,False,True,test
recovered_archive1/62,recovered_archive1,62,cap_image,recovered_archive1/62/CAPorg7.jpg,CAPorg7.jpg,624734,ae218e4ceda39f8d54968f15b97b24466efe09acf0a017202207535c7d0a5298,1024,768,84.778378,42.18335,False,ae218e4ceda39f8d54968f15b97b24466efe09acf0a017202207535c7d0a5298,False,True,test
recovered_archive1/62,recovered_archive1,62,cap_image,recovered_archive1/62/CAPorg8.jpg,CAPorg8.jpg,625220,17d8d86a698866944dd73d0468b0f6629dbbcd59f064115126069593dabbcbce,1024,768,93.036785,51.604574,False,17d8d86a698866944dd73d0468b0f6629dbbcd59f064115126069593dabbcbce,False,True,test
recovered_archive1/62,recovered_archive1,62,cap_image,recovered_archive1/62/CAPorg9.jpg,CAPorg9.jpg,616521,51ff6f66222232c066b5b54c4accbfdecc9d50049cf443700704dd48f5752f66,1024,768,81.146275,43.957639,False,51ff6f66222232c066b5b54c4accbfdecc9d50049cf443700704dd48f5752f66,False,True,test
recovered_archive1/62,recovered_archive1,62,report_image,recovered_archive1/62/rep.jpg.jpg,rep.jpg.jpg,76109,4d284de956fcf7a76eb1fa12788cad40063e43217d6e01ea94a90923cb01ff8a,,,,,False,4d284de956fcf7a76eb1fa12788cad40063e43217d6e01ea94a90923cb01ff8a,False,False,test
recovered_archive1/62,recovered_archive1,62,report_image,recovered_archive1/62/rep_1912240.jpg.jpg,rep_1912240.jpg.jpg,76068,e40cb3b8f01c0e92ced470d34ba42f5e8aa7ce77916533c5c825cd9b3916026e,,,,,False,e40cb3b8f01c0e92ced470d34ba42f5e8aa7ce77916533c5c825cd9b3916026e,False,False,test
recovered_archive1/62,recovered_archive1,62,report_image,recovered_archive1/62/rep_1912241.jpg.jpg,rep_1912241.jpg.jpg,76109,4d284de956fcf7a76eb1fa12788cad40063e43217d6e01ea94a90923cb01ff8a,,,,,False,4d284de956fcf7a76eb1fa12788cad40063e43217d6e01ea94a90923cb01ff8a,False,False,test
recovered_archive1/62,recovered_archive1,62,report_image,recovered_archive1/62/rep_左手.jpg.jpg,rep_左手.jpg.jpg,76109,4d284de956fcf7a76eb1fa12788cad40063e43217d6e01ea94a90923cb01ff8a,,,,,False,4d284de956fcf7a76eb1fa12788cad40063e43217d6e01ea94a90923cb01ff8a,False,False,test
recovered_archive1/62,recovered_archive1,62,video,recovered_archive1/62/wmv0.avi,wmv0.avi,356259840,,,,,,False,,True,False,test
recovered_archive1/63,recovered_archive1,63,cap_image,recovered_archive1/63/CAPorg1.jpg,CAPorg1.jpg,582232,45a76e45c8bb7f6935a1c5dd457c614d1ab345d21ddee8f26465567b3ed6bb22,1024,768,97.402714,61.141395,False,45a76e45c8bb7f6935a1c5dd457c614d1ab345d21ddee8f26465567b3ed6bb22,False,True,train
recovered_archive1/63,recovered_archive1,63,cap_image,recovered_archive1/63/CAPorg2.jpg,CAPorg2.jpg,511643,9c941da3b4b3601e091af83750f96c6ddb7babf4557c3383059217b7daa8f262,1024,768,189.208639,59.209912,False,9c941da3b4b3601e091af83750f96c6ddb7babf4557c3383059217b7daa8f262,False,True,train
recovered_archive1/63,recovered_archive1,63,cap_image,recovered_archive1/63/CAPorg3.jpg,CAPorg3.jpg,567146,f7343aa42708739e89cb430974d44efeb6c2a64d81eb5f892322c8b97144e20f,1024,768,61.661433,35.764113,False,f7343aa42708739e89cb430974d44efeb6c2a64d81eb5f892322c8b97144e20f,False,True,train
recovered_archive1/63,recovered_archive1,63,cap_image,recovered_archive1/63/CAPorg4.jpg,CAPorg4.jpg,554592,66a72ba69bbaa64a9e57929bdd8870b1c89c5f85dd99ddcf995d5d5e5e42367d,1024,768,90.068359,60.203217,False,66a72ba69bbaa64a9e57929bdd8870b1c89c5f85dd99ddcf995d5d5e5e42367d,False,True,train
recovered_archive1/63,recovered_archive1,63,cap_image,recovered_archive1/63/CAPorg5.jpg,CAPorg5.jpg,599551,95ee35f1ad1194e70c083c27f83c62af0dd05e3f2c8eaf3502bcea00fd9608ca,1024,768,125.259082,60.901438,False,95ee35f1ad1194e70c083c27f83c62af0dd05e3f2c8eaf3502bcea00fd9608ca,False,True,train
recovered_archive1/63,recovered_archive1,63,cap_image,recovered_archive1/63/CAPorg6.jpg,CAPorg6.jpg,610260,30a81b75e0c63fba53606634033dce0d30ecc3620fec12c46731910468026689,1024,768,158.812085,51.477146,False,30a81b75e0c63fba53606634033dce0d30ecc3620fec12c46731910468026689,False,True,train
recovered_archive1/63,recovered_archive1,63,cap_image,recovered_archive1/63/CAPorg7.jpg,CAPorg7.jpg,593422,db381ed2f9214552e99d6fc39cf1ca833ca8e35eb6922010dd9ce42b194317ce,1024,768,166.181704,59.115594,False,db381ed2f9214552e99d6fc39cf1ca833ca8e35eb6922010dd9ce42b194317ce,False,True,train
recovered_archive1/63,recovered_archive1,63,report_image,recovered_archive1/63/rep.jpg.jpg,rep.jpg.jpg,89972,c43e73ce18c18719403053e41e5fa14b6575c6b81e2191a61b8108f4a8d135cd,,,,,False,c43e73ce18c18719403053e41e5fa14b6575c6b81e2191a61b8108f4a8d135cd,False,False,train
recovered_archive1/63,recovered_archive1,63,report_image,recovered_archive1/63/rep_1.jpg.jpg,rep_1.jpg.jpg,60162,4937f4ec4b0a0a62c01e4b396046c20be63186b5066926b90eaf438096bb2cb2,,,,,False,4937f4ec4b0a0a62c01e4b396046c20be63186b5066926b90eaf438096bb2cb2,False,False,train
recovered_archive1/63,recovered_archive1,63,report_image,recovered_archive1/63/rep_1904090.jpg.jpg,rep_1904090.jpg.jpg,60162,4937f4ec4b0a0a62c01e4b396046c20be63186b5066926b90eaf438096bb2cb2,,,,,False,4937f4ec4b0a0a62c01e4b396046c20be63186b5066926b90eaf438096bb2cb2,False,False,train
recovered_archive1/63,recovered_archive1,63,report_image,recovered_archive1/63/rep_1904091.jpg.jpg,rep_1904091.jpg.jpg,89972,c43e73ce18c18719403053e41e5fa14b6575c6b81e2191a61b8108f4a8d135cd,,,,,False,c43e73ce18c18719403053e41e5fa14b6575c6b81e2191a61b8108f4a8d135cd,False,False,train
recovered_archive1/63,recovered_archive1,63,report_image,recovered_archive1/63/rep_右手.jpg.jpg,rep_右手.jpg.jpg,89972,c43e73ce18c18719403053e41e5fa14b6575c6b81e2191a61b8108f4a8d135cd,,,,,False,c43e73ce18c18719403053e41e5fa14b6575c6b81e2191a61b8108f4a8d135cd,False,False,train
recovered_archive1/63,recovered_archive1,63,video,recovered_archive1/63/wmv0.avi,wmv0.avi,12658176,,,,,,False,,True,False,train
recovered_archive1/63,recovered_archive1,63,video,recovered_archive1/63/wmv1.avi,wmv1.avi,12361216,,,,,,False,,True,False,train
recovered_archive1/63,recovered_archive1,63,video,recovered_archive1/63/wmv2.avi,wmv2.avi,12266496,,,,,,False,,True,False,train
recovered_archive1/64,recovered_archive1,64,cap_image,recovered_archive1/64/CAPorg1.jpg,CAPorg1.jpg,603312,cfb8c2f44b8c5a4c5300a9877d774e02281a5d8b4866e04f194b137ad46e9814,1024,768,214.166707,39.076626,False,cfb8c2f44b8c5a4c5300a9877d774e02281a5d8b4866e04f194b137ad46e9814,False,True,train
recovered_archive1/64,recovered_archive1,64,cap_image,recovered_archive1/64/CAPorg10.jpg,CAPorg10.jpg,626204,09d17a377b82225751f923c3140ad9fe42d4a25307dd603eb758ed36d558e461,1024,768,92.549999,39.350145,False,09d17a377b82225751f923c3140ad9fe42d4a25307dd603eb758ed36d558e461,False,True,train
recovered_archive1/64,recovered_archive1,64,cap_image,recovered_archive1/64/CAPorg11.jpg,CAPorg11.jpg,629884,594e562586e861ebef8a455419603dcbdf3c0986c50ccb9226f9589661663b84,1024,768,103.504739,48.22901,False,594e562586e861ebef8a455419603dcbdf3c0986c50ccb9226f9589661663b84,False,True,train
recovered_archive1/64,recovered_archive1,64,cap_image,recovered_archive1/64/CAPorg12.jpg,CAPorg12.jpg,649212,883e40bce95016744b7ab82077cfa36d1c63bc170d76b36bc83fe8a20c1c75fa,1024,768,118.32217,43.466441,False,883e40bce95016744b7ab82077cfa36d1c63bc170d76b36bc83fe8a20c1c75fa,False,True,train
recovered_archive1/64,recovered_archive1,64,cap_image,recovered_archive1/64/CAPorg13.jpg,CAPorg13.jpg,614415,6cf75a303db14b63849941abdcca693857f83f97acb237b0787df199b8da9e9d,1024,768,146.775874,58.02973,False,6cf75a303db14b63849941abdcca693857f83f97acb237b0787df199b8da9e9d,False,True,train
recovered_archive1/64,recovered_archive1,64,cap_image,recovered_archive1/64/CAPorg14.jpg,CAPorg14.jpg,618676,48dd4cc219888e80bfdb76aafa889a82735a1448875752250cf790ad73da903c,1024,768,152.594231,56.962332,False,48dd4cc219888e80bfdb76aafa889a82735a1448875752250cf790ad73da903c,False,True,train
recovered_archive1/64,recovered_archive1,64,cap_image,recovered_archive1/64/CAPorg15.jpg,CAPorg15.jpg,638392,26bbe4dfa512cc361efcc530de9e2615d42a87db54ef03d79c2887fa4e7d53a8,1024,768,108.677853,44.178912,False,26bbe4dfa512cc361efcc530de9e2615d42a87db54ef03d79c2887fa4e7d53a8,False,True,train
recovered_archive1/64,recovered_archive1,64,cap_image,recovered_archive1/64/CAPorg16.jpg,CAPorg16.jpg,623143,c6a40d63dd8e22b0520ab00b36986f19914a2f60b6c5d51b5e47a1bc82090e4b,1024,768,87.850572,46.504236,False,c6a40d63dd8e22b0520ab00b36986f19914a2f60b6c5d51b5e47a1bc82090e4b,False,True,train
recovered_archive1/64,recovered_archive1,64,cap_image,recovered_archive1/64/CAPorg2.jpg,CAPorg2.jpg,641688,8b8916c58928eee0eae70b1ae364d6ec4d6dcaddf8f3a3ce2f3e6037784a93d7,1024,768,196.353753,42.097347,False,8b8916c58928eee0eae70b1ae364d6ec4d6dcaddf8f3a3ce2f3e6037784a93d7,False,True,train
recovered_archive1/64,recovered_archive1,64,cap_image,recovered_archive1/64/CAPorg3.jpg,CAPorg3.jpg,554909,bbde8f86ff0eacdeb3c52a1dacac9cd30a394919f7190b90cb07710d4dbca6f2,1024,768,190.972908,63.803783,False,bbde8f86ff0eacdeb3c52a1dacac9cd30a394919f7190b90cb07710d4dbca6f2,False,True,train
recovered_archive1/64,recovered_archive1,64,cap_image,recovered_archive1/64/CAPorg4.jpg,CAPorg4.jpg,660233,2a9e0925b5a4ee1bfc5be118b147b97096bde9e10912a29539849f1f2f63cd04,1024,768,149.900626,61.612485,False,2a9e0925b5a4ee1bfc5be118b147b97096bde9e10912a29539849f1f2f63cd04,False,True,train
recovered_archive1/64,recovered_archive1,64,cap_image,recovered_archive1/64/CAPorg5.jpg,CAPorg5.jpg,640353,5fdc843424f9f73bd0c33a7edcd6183a97aad594deac6b7b556537d7e8933ed1,1024,768,119.062731,58.311572,False,5fdc843424f9f73bd0c33a7edcd6183a97aad594deac6b7b556537d7e8933ed1,False,True,train
recovered_archive1/64,recovered_archive1,64,cap_image,recovered_archive1/64/CAPorg6.jpg,CAPorg6.jpg,599986,0e7bc3bfbbbc1dc59c041df201fca6298a6d5e549953edd67254bf173afc738a,1024,768,83.986507,49.933971,False,0e7bc3bfbbbc1dc59c041df201fca6298a6d5e549953edd67254bf173afc738a,False,True,train
recovered_archive1/64,recovered_archive1,64,cap_image,recovered_archive1/64/CAPorg7.jpg,CAPorg7.jpg,554174,a20c3bedb508cf19c93bc548adeb453635620ac8eec6ce5c8151025677ef50fc,1024,768,52.990018,36.959629,False,a20c3bedb508cf19c93bc548adeb453635620ac8eec6ce5c8151025677ef50fc,False,True,train
recovered_archive1/64,recovered_archive1,64,cap_image,recovered_archive1/64/CAPorg8.jpg,CAPorg8.jpg,603990,fd1850ff0c49eba76758e97473a65de94dbcd560a7baa106f5747ed334fb9dba,1024,768,68.917552,38.107196,False,fd1850ff0c49eba76758e97473a65de94dbcd560a7baa106f5747ed334fb9dba,False,True,train
recovered_archive1/64,recovered_archive1,64,cap_image,recovered_archive1/64/CAPorg9.jpg,CAPorg9.jpg,619356,b22256752cb80ae8ed3f3e287c99f5ee25dd9adfd683503f4f4821d3139ccd89,1024,768,83.637651,38.478382,False,b22256752cb80ae8ed3f3e287c99f5ee25dd9adfd683503f4f4821d3139ccd89,False,True,train
recovered_archive1/64,recovered_archive1,64,report_image,recovered_archive1/64/rep.jpg.jpg,rep.jpg.jpg,79300,8d6e08641de004fa74d3a0465632d07aa999c3e3a4b4596eab4ec2b09636da7f,,,,,False,8d6e08641de004fa74d3a0465632d07aa999c3e3a4b4596eab4ec2b09636da7f,False,False,train
recovered_archive1/64,recovered_archive1,64,report_image,recovered_archive1/64/rep_1910100.jpg.jpg,rep_1910100.jpg.jpg,79300,8d6e08641de004fa74d3a0465632d07aa999c3e3a4b4596eab4ec2b09636da7f,,,,,False,8d6e08641de004fa74d3a0465632d07aa999c3e3a4b4596eab4ec2b09636da7f,False,False,train
recovered_archive1/64,recovered_archive1,64,report_image,recovered_archive1/64/rep_1910101.jpg.jpg,rep_1910101.jpg.jpg,79300,8d6e08641de004fa74d3a0465632d07aa999c3e3a4b4596eab4ec2b09636da7f,,,,,False,8d6e08641de004fa74d3a0465632d07aa999c3e3a4b4596eab4ec2b09636da7f,False,False,train
recovered_archive1/64,recovered_archive1,64,report_image,recovered_archive1/64/rep_左手.jpg.jpg,rep_左手.jpg.jpg,79300,8d6e08641de004fa74d3a0465632d07aa999c3e3a4b4596eab4ec2b09636da7f,,,,,False,8d6e08641de004fa74d3a0465632d07aa999c3e3a4b4596eab4ec2b09636da7f,False,False,train
recovered_archive1/65,recovered_archive1,65,cap_image,recovered_archive1/65/CAPorg1.jpg,CAPorg1.jpg,631514,1db4bab32af5cfd0ef203fd0824cc2be66609777fe2c086bf1c4bf790a1c084e,1024,768,94.424294,31.173191,False,1db4bab32af5cfd0ef203fd0824cc2be66609777fe2c086bf1c4bf790a1c084e,False,True,val
recovered_archive1/65,recovered_archive1,65,cap_image,recovered_archive1/65/CAPorg10.jpg,CAPorg10.jpg,613785,f005eafa2261a36511e71683a2a3d985185bbd8b8c0f1420af6eef272d502999,1024,768,147.520828,69.489598,False,f005eafa2261a36511e71683a2a3d985185bbd8b8c0f1420af6eef272d502999,False,True,val
recovered_archive1/65,recovered_archive1,65,cap_image,recovered_archive1/65/CAPorg11.jpg,CAPorg11.jpg,587198,a40f88bd074dea28492be31df729a72388995ab2a20996f04b85f7a652fb11e2,1024,768,163.984917,68.019043,False,a40f88bd074dea28492be31df729a72388995ab2a20996f04b85f7a652fb11e2,False,True,val
recovered_archive1/65,recovered_archive1,65,cap_image,recovered_archive1/65/CAPorg12.jpg,CAPorg12.jpg,609055,21db2f4e273771da59ac46a55eaa50270b8e1738bf934b91c76a03d5fcc4cc92,1024,768,111.609554,69.268215,False,21db2f4e273771da59ac46a55eaa50270b8e1738bf934b91c76a03d5fcc4cc92,False,True,val
recovered_archive1/65,recovered_archive1,65,cap_image,recovered_archive1/65/CAPorg13.jpg,CAPorg13.jpg,627273,e203cfcab9042b5240f4ce991a99c639d28ccc7ec4673fe5d004adc7ad809329,1024,768,188.825076,53.740471,False,e203cfcab9042b5240f4ce991a99c639d28ccc7ec4673fe5d004adc7ad809329,False,True,val
recovered_archive1/65,recovered_archive1,65,cap_image,recovered_archive1/65/CAPorg14.jpg,CAPorg14.jpg,646789,681e0d7c5353b8b0b4d9607761629f12c9de3314175a00166347a0b816b4ccc0,1024,768,153.303701,43.292141,False,681e0d7c5353b8b0b4d9607761629f12c9de3314175a00166347a0b816b4ccc0,False,True,val
recovered_archive1/65,recovered_archive1,65,cap_image,recovered_archive1/65/CAPorg15.jpg,CAPorg15.jpg,637033,948069cf2b89ffd1cc7570758b8eaa67bca23591fdfa67acb3de8185a4f52438,1024,768,171.431807,46.127719,False,948069cf2b89ffd1cc7570758b8eaa67bca23591fdfa67acb3de8185a4f52438,False,True,val
recovered_archive1/65,recovered_archive1,65,cap_image,recovered_archive1/65/CAPorg16.jpg,CAPorg16.jpg,556964,c47b495142c54bfa8b22f10a4eb578ed83fec36ccdefc0ac9d8563fec616cc6f,1024,768,31.020794,25.610201,False,c47b495142c54bfa8b22f10a4eb578ed83fec36ccdefc0ac9d8563fec616cc6f,False,True,val
recovered_archive1/65,recovered_archive1,65,cap_image,recovered_archive1/65/CAPorg17.jpg,CAPorg17.jpg,537142,c0c93c994666f1c6dc10fcff42ced590812b735abc97bc51f31707da5f9c4b18,1024,768,42.875415,44.627845,False,c0c93c994666f1c6dc10fcff42ced590812b735abc97bc51f31707da5f9c4b18,False,True,val
recovered_archive1/65,recovered_archive1,65,cap_image,recovered_archive1/65/CAPorg18.jpg,CAPorg18.jpg,538753,3bbc834bb088e47f0f8549a6a6412bdb04c150c77ef0c22454b81aab3bc68258,1024,768,41.448226,41.726752,False,3bbc834bb088e47f0f8549a6a6412bdb04c150c77ef0c22454b81aab3bc68258,False,True,val
recovered_archive1/65,recovered_archive1,65,cap_image,recovered_archive1/65/CAPorg19.jpg,CAPorg19.jpg,583857,edc723e7cfebfd499875380b113ce015213c2b146b8e0d96a0cb82780bbf6943,1024,768,73.918883,56.617213,False,edc723e7cfebfd499875380b113ce015213c2b146b8e0d96a0cb82780bbf6943,False,True,val
recovered_archive1/65,recovered_archive1,65,cap_image,recovered_archive1/65/CAPorg2.jpg,CAPorg2.jpg,612445,399a3fd5f53de4c8b343c6af613b3c38932ae82d8770bf8a6e5a677c4e825ddc,1024,768,68.109051,19.052533,False,399a3fd5f53de4c8b343c6af613b3c38932ae82d8770bf8a6e5a677c4e825ddc,False,True,val
recovered_archive1/65,recovered_archive1,65,cap_image,recovered_archive1/65/CAPorg20.jpg,CAPorg20.jpg,544197,989cd92b018d4639d310f7f0198fa1d4c1817ff7fba389ed1daa956557ad293c,1024,768,93.838627,73.356164,False,989cd92b018d4639d310f7f0198fa1d4c1817ff7fba389ed1daa956557ad293c,False,True,val
recovered_archive1/65,recovered_archive1,65,cap_image,recovered_archive1/65/CAPorg3.jpg,CAPorg3.jpg,598443,07f5b703cfd3e06991013b4a0bfeb3f9582a7921e774af89fbb43ff6a6285103,1024,768,70.183146,42.645201,False,07f5b703cfd3e06991013b4a0bfeb3f9582a7921e774af89fbb43ff6a6285103,False,True,val
recovered_archive1/65,recovered_archive1,65,cap_image,recovered_archive1/65/CAPorg4.jpg,CAPorg4.jpg,569190,8b8f2e44b74592b723330a1178d3171ba4cc304932c896af0b6945b55dc786d1,1024,768,45.643148,30.191887,False,8b8f2e44b74592b723330a1178d3171ba4cc304932c896af0b6945b55dc786d1,False,True,val
recovered_archive1/65,recovered_archive1,65,cap_image,recovered_archive1/65/CAPorg5.jpg,CAPorg5.jpg,562345,eb69d0e4c7b451de1b01e09262749ad74a6a4835dc365953e10a278210ecf075,1024,768,43.462928,31.269322,False,eb69d0e4c7b451de1b01e09262749ad74a6a4835dc365953e10a278210ecf075,False,True,val
recovered_archive1/65,recovered_archive1,65,cap_image,recovered_archive1/65/CAPorg6.jpg,CAPorg6.jpg,612870,662cc9b301bbda528425aec75d42385280ba422e921a9b635f71220104ed4f9e,1024,768,78.156053,39.153651,False,662cc9b301bbda528425aec75d42385280ba422e921a9b635f71220104ed4f9e,False,True,val
recovered_archive1/65,recovered_archive1,65,cap_image,recovered_archive1/65/CAPorg7.jpg,CAPorg7.jpg,593530,49d3ccc147994cb76efd33750b458cc35668fcaed74c1f2abb915c3e77b64026,1024,768,63.350023,38.322321,False,49d3ccc147994cb76efd33750b458cc35668fcaed74c1f2abb915c3e77b64026,False,True,val
recovered_archive1/65,recovered_archive1,65,cap_image,recovered_archive1/65/CAPorg8.jpg,CAPorg8.jpg,593377,c3312a1bc5a98c09bcc431f733a441389b3adbc6666b2fed8cbb160c377b5c6e,1024,768,62.921382,38.464012,False,c3312a1bc5a98c09bcc431f733a441389b3adbc6666b2fed8cbb160c377b5c6e,False,True,val
recovered_archive1/65,recovered_archive1,65,cap_image,recovered_archive1/65/CAPorg9.jpg,CAPorg9.jpg,555894,7b02f5e28df36bbdb1a7855ee2472126a4a485e07cfe145b1a4d7a97f681d854,1024,768,60.065446,47.398115,False,7b02f5e28df36bbdb1a7855ee2472126a4a485e07cfe145b1a4d7a97f681d854,False,True,val
recovered_archive1/65,recovered_archive1,65,report_image,recovered_archive1/65/rep.jpg.jpg,rep.jpg.jpg,78552,19602300173a208c97b1122bb4b9903f0a44513e851c7f2db2cc4b5a3d8119ac,,,,,False,19602300173a208c97b1122bb4b9903f0a44513e851c7f2db2cc4b5a3d8119ac,False,False,val
recovered_archive1/65,recovered_archive1,65,report_image,recovered_archive1/65/rep_2009240.jpg.jpg,rep_2009240.jpg.jpg,77072,3754ed0f887ffdbc46f7fbcc8e70e84fa08cfd562ab84be6c31da78cd03173d4,,,,,False,3754ed0f887ffdbc46f7fbcc8e70e84fa08cfd562ab84be6c31da78cd03173d4,False,False,val
recovered_archive1/65,recovered_archive1,65,report_image,recovered_archive1/65/rep_2009241.jpg.jpg,rep_2009241.jpg.jpg,78552,19602300173a208c97b1122bb4b9903f0a44513e851c7f2db2cc4b5a3d8119ac,,,,,False,19602300173a208c97b1122bb4b9903f0a44513e851c7f2db2cc4b5a3d8119ac,False,False,val
recovered_archive1/65,recovered_archive1,65,report_image,recovered_archive1/65/rep_双手.jpg.jpg,rep_双手.jpg.jpg,78552,19602300173a208c97b1122bb4b9903f0a44513e851c7f2db2cc4b5a3d8119ac,,,,,False,19602300173a208c97b1122bb4b9903f0a44513e851c7f2db2cc4b5a3d8119ac,False,False,val
recovered_archive1/65,recovered_archive1,65,video,recovered_archive1/65/wmv0.avi,wmv0.avi,394008576,,,,,,False,,True,False,val
recovered_archive1/65,recovered_archive1,65,video,recovered_archive1/65/wmv1.avi,wmv1.avi,608707072,,,,,,False,,True,False,val
recovered_archive1/66,recovered_archive1,66,cap_image,recovered_archive1/66/CAPorg1.jpg,CAPorg1.jpg,533137,2c3d4adb16c5ea09097a0c566f08f3eb20d3baaf5d2eb7d9dfe58bc9a29143a3,1024,768,76.521286,70.256502,False,2c3d4adb16c5ea09097a0c566f08f3eb20d3baaf5d2eb7d9dfe58bc9a29143a3,False,True,train
recovered_archive1/66,recovered_archive1,66,cap_image,recovered_archive1/66/CAPorg10.jpg,CAPorg10.jpg,615133,0abd5b30c278efb77021540c9be45a48991f6d008df31b896b97e26f3ed019ec,1024,768,103.22518,56.468199,False,0abd5b30c278efb77021540c9be45a48991f6d008df31b896b97e26f3ed019ec,False,True,train
recovered_archive1/66,recovered_archive1,66,cap_image,recovered_archive1/66/CAPorg2.jpg,CAPorg2.jpg,551955,2fb38a5b9328cd40c0b1e35eaad73b113f5cd8ac9294237dca0c8fb43dd9820f,1024,768,64.380174,46.492522,False,2fb38a5b9328cd40c0b1e35eaad73b113f5cd8ac9294237dca0c8fb43dd9820f,False,True,train
recovered_archive1/66,recovered_archive1,66,cap_image,recovered_archive1/66/CAPorg3.jpg,CAPorg3.jpg,483480,5eb7dbd7bd2dd6e228d1661784347254f1375ad004889b7baaf2ddb6c9e6dbb3,1024,768,47.155652,42.993891,False,5eb7dbd7bd2dd6e228d1661784347254f1375ad004889b7baaf2ddb6c9e6dbb3,False,True,train
recovered_archive1/66,recovered_archive1,66,cap_image,recovered_archive1/66/CAPorg4.jpg,CAPorg4.jpg,512387,c0b4f037073f5332e56cc282c361f8d8fbe649823eadca79e86b0a4b70d8cbef,1024,768,95.782839,76.262535,False,c0b4f037073f5332e56cc282c361f8d8fbe649823eadca79e86b0a4b70d8cbef,False,True,train
recovered_archive1/66,recovered_archive1,66,cap_image,recovered_archive1/66/CAPorg5.jpg,CAPorg5.jpg,596307,846f3e06079744e1409649abfdcd2c0c9be67a5aae5ecf160eb4d398d3b9ba3f,1024,768,94.495499,62.361997,False,846f3e06079744e1409649abfdcd2c0c9be67a5aae5ecf160eb4d398d3b9ba3f,False,True,train
recovered_archive1/66,recovered_archive1,66,cap_image,recovered_archive1/66/CAPorg6.jpg,CAPorg6.jpg,602837,f0457a2ccef873399783eb2d04d61a6e9630a7048d07a05470096c0010abdc4a,1024,768,105.523572,66.739704,False,f0457a2ccef873399783eb2d04d61a6e9630a7048d07a05470096c0010abdc4a,False,True,train
recovered_archive1/66,recovered_archive1,66,cap_image,recovered_archive1/66/CAPorg7.jpg,CAPorg7.jpg,601591,28f4e761042feb1aaf514f9890eff19766c950b30af06126df177b3d06a759a0,1024,768,96.700359,64.435905,False,28f4e761042feb1aaf514f9890eff19766c950b30af06126df177b3d06a759a0,False,True,train
recovered_archive1/66,recovered_archive1,66,cap_image,recovered_archive1/66/CAPorg8.jpg,CAPorg8.jpg,609874,a03175114e2f1c214ec7c23a2b1b35df158679aa25a844513ad88c4c10a2791b,1024,768,100.524993,63.944415,False,a03175114e2f1c214ec7c23a2b1b35df158679aa25a844513ad88c4c10a2791b,False,True,train
recovered_archive1/66,recovered_archive1,66,cap_image,recovered_archive1/66/CAPorg9.jpg,CAPorg9.jpg,611905,efd0c8b90a0c6baf09e8a82d1e43adc8f6c2f7899b43f631897a12510b6608e7,1024,768,101.976907,58.570278,False,efd0c8b90a0c6baf09e8a82d1e43adc8f6c2f7899b43f631897a12510b6608e7,False,True,train
recovered_archive1/66,recovered_archive1,66,report_image,recovered_archive1/66/rep.jpg.jpg,rep.jpg.jpg,81159,b704b46db705882d6137dd963e7db0bee12dbeca3625d49ab7ed615d4d7cbffd,,,,,False,b704b46db705882d6137dd963e7db0bee12dbeca3625d49ab7ed615d4d7cbffd,False,False,train
recovered_archive1/66,recovered_archive1,66,report_image,recovered_archive1/66/rep_1906060.jpg.jpg,rep_1906060.jpg.jpg,81159,b704b46db705882d6137dd963e7db0bee12dbeca3625d49ab7ed615d4d7cbffd,,,,,False,b704b46db705882d6137dd963e7db0bee12dbeca3625d49ab7ed615d4d7cbffd,False,False,train
recovered_archive1/66,recovered_archive1,66,report_image,recovered_archive1/66/rep_1906061.jpg.jpg,rep_1906061.jpg.jpg,81159,b704b46db705882d6137dd963e7db0bee12dbeca3625d49ab7ed615d4d7cbffd,,,,,False,b704b46db705882d6137dd963e7db0bee12dbeca3625d49ab7ed615d4d7cbffd,False,False,train
recovered_archive1/66,recovered_archive1,66,report_image,recovered_archive1/66/rep_左手.jpg.jpg,rep_左手.jpg.jpg,81159,b704b46db705882d6137dd963e7db0bee12dbeca3625d49ab7ed615d4d7cbffd,,,,,False,b704b46db705882d6137dd963e7db0bee12dbeca3625d49ab7ed615d4d7cbffd,False,False,train
recovered_archive1/66,recovered_archive1,66,video,recovered_archive1/66/wmv0.avi,wmv0.avi,346822144,,,,,,False,,True,False,train
recovered_archive1/66,recovered_archive1,66,video,recovered_archive1/66/wmv1.avi,wmv1.avi,379852800,,,,,,False,,True,False,train
recovered_archive1/66,recovered_archive1,66,video,recovered_archive1/66/wmv2.avi,wmv2.avi,278402048,,,,,,False,,True,False,train
recovered_archive1/66,recovered_archive1,66,video,recovered_archive1/66/wmv3.avi,wmv3.avi,467147776,,,,,,False,,True,False,train
recovered_archive1/67,recovered_archive1,67,cap_image,recovered_archive1/67/CAPorg1.jpg,CAPorg1.jpg,600422,53f5bbd052ce86a8c378fde825171ee197e1f3274b028ad8d25b2de558bd1bd5,1024,768,60.989367,31.527834,False,53f5bbd052ce86a8c378fde825171ee197e1f3274b028ad8d25b2de558bd1bd5,False,True,train
recovered_archive1/67,recovered_archive1,67,cap_image,recovered_archive1/67/CAPorg10.jpg,CAPorg10.jpg,536782,6667a72291a1d214a122c09eb21024919178e4cbdbb9de55c56b40b432e2437d,1024,768,123.06219,66.547915,False,6667a72291a1d214a122c09eb21024919178e4cbdbb9de55c56b40b432e2437d,False,True,train
recovered_archive1/67,recovered_archive1,67,cap_image,recovered_archive1/67/CAPorg11.jpg,CAPorg11.jpg,511824,ec869365d5502846707641a2c6e7f97d0f934589b53f07b4a9ececa03d64613d,1024,768,127.94995,74.103865,False,ec869365d5502846707641a2c6e7f97d0f934589b53f07b4a9ececa03d64613d,False,True,train
recovered_archive1/67,recovered_archive1,67,cap_image,recovered_archive1/67/CAPorg12.jpg,CAPorg12.jpg,494678,91227ebaaf5c3e05d4c778ae9d4da286370e4d8711ebb345725f69da8a69daf5,1024,768,138.389317,74.66892,False,91227ebaaf5c3e05d4c778ae9d4da286370e4d8711ebb345725f69da8a69daf5,False,True,train
recovered_archive1/67,recovered_archive1,67,cap_image,recovered_archive1/67/CAPorg2.jpg,CAPorg2.jpg,479099,4f646d3de77967a21b7cf68014812fd739999f6142727b4a8e65618fab5874ed,1024,768,136.923709,82.806013,False,4f646d3de77967a21b7cf68014812fd739999f6142727b4a8e65618fab5874ed,False,True,train
recovered_archive1/67,recovered_archive1,67,cap_image,recovered_archive1/67/CAPorg3.jpg,CAPorg3.jpg,456615,f1073b49757d5877dcf6100b6422bbca48fba62e6b3cd4f9852d9a5b8010a21a,1024,768,140.650725,89.457771,False,f1073b49757d5877dcf6100b6422bbca48fba62e6b3cd4f9852d9a5b8010a21a,False,True,train
recovered_archive1/67,recovered_archive1,67,cap_image,recovered_archive1/67/CAPorg4.jpg,CAPorg4.jpg,511612,7e97e68de3a2d42d2231ef53542b831fb54c71dff79a20177e75a422552aaf78,1024,768,114.247768,87.007801,False,7e97e68de3a2d42d2231ef53542b831fb54c71dff79a20177e75a422552aaf78,False,True,train
recovered_archive1/67,recovered_archive1,67,cap_image,recovered_archive1/67/CAPorg5.jpg,CAPorg5.jpg,436109,ac0febffe3e2ca8da64ba3aa4c1aba4dfae5efe39e9347e5d8a1aeef66df271b,1024,768,146.746273,84.473705,False,ac0febffe3e2ca8da64ba3aa4c1aba4dfae5efe39e9347e5d8a1aeef66df271b,False,True,train
recovered_archive1/67,recovered_archive1,67,cap_image,recovered_archive1/67/CAPorg6.jpg,CAPorg6.jpg,610309,1d1250d0a753c5b992cb1c4fd3b32282dfa0699590432dc2765db3c98898a57b,1024,768,82.443506,42.32926,False,1d1250d0a753c5b992cb1c4fd3b32282dfa0699590432dc2765db3c98898a57b,False,True,train
recovered_archive1/67,recovered_archive1,67,cap_image,recovered_archive1/67/CAPorg7.jpg,CAPorg7.jpg,611268,b2cb2908e3d2fe95d77278b3e61da0053c5e6e90d62aecb56155cd9b56b5fabc,1024,768,74.358504,36.717251,False,b2cb2908e3d2fe95d77278b3e61da0053c5e6e90d62aecb56155cd9b56b5fabc,False,True,train
recovered_archive1/67,recovered_archive1,67,cap_image,recovered_archive1/67/CAPorg8.jpg,CAPorg8.jpg,615472,32e67a162a44f0d96befd12222f0d37f39f1c171eb2a1217f684cd07208a26ce,1024,768,76.084811,32.721404,False,32e67a162a44f0d96befd12222f0d37f39f1c171eb2a1217f684cd07208a26ce,False,True,train
recovered_archive1/67,recovered_archive1,67,cap_image,recovered_archive1/67/CAPorg9.jpg,CAPorg9.jpg,569480,487cd25fdf301c86d731d26fa41617e84e2a015d6f5f4e086643e733e94b7a07,1024,768,111.517189,58.14657,False,487cd25fdf301c86d731d26fa41617e84e2a015d6f5f4e086643e733e94b7a07,False,True,train
recovered_archive1/67,recovered_archive1,67,report_image,recovered_archive1/67/rep.jpg.jpg,rep.jpg.jpg,77314,e81d66cf3cd6046ffb754d12ce3b53624de83fe01f628a6a96dc13aea6f068ac,,,,,False,e81d66cf3cd6046ffb754d12ce3b53624de83fe01f628a6a96dc13aea6f068ac,False,False,train
recovered_archive1/67,recovered_archive1,67,report_image,recovered_archive1/67/rep_2001140.jpg.jpg,rep_2001140.jpg.jpg,77314,e81d66cf3cd6046ffb754d12ce3b53624de83fe01f628a6a96dc13aea6f068ac,,,,,False,e81d66cf3cd6046ffb754d12ce3b53624de83fe01f628a6a96dc13aea6f068ac,False,False,train
recovered_archive1/67,recovered_archive1,67,report_image,recovered_archive1/67/rep_2001141.jpg.jpg,rep_2001141.jpg.jpg,77314,e81d66cf3cd6046ffb754d12ce3b53624de83fe01f628a6a96dc13aea6f068ac,,,,,False,e81d66cf3cd6046ffb754d12ce3b53624de83fe01f628a6a96dc13aea6f068ac,False,False,train
recovered_archive1/67,recovered_archive1,67,report_image,recovered_archive1/67/rep_左手.jpg.jpg,rep_左手.jpg.jpg,77314,e81d66cf3cd6046ffb754d12ce3b53624de83fe01f628a6a96dc13aea6f068ac,,,,,False,e81d66cf3cd6046ffb754d12ce3b53624de83fe01f628a6a96dc13aea6f068ac,False,False,train
recovered_archive1/68,recovered_archive1,68,cap_image,recovered_archive1/68/CAPorg1.jpg,CAPorg1.jpg,626133,928cc8e16630e396fec1b2d7091ae95838727c3aefadf890f0365d609c2584c5,1024,768,78.392003,38.280893,False,928cc8e16630e396fec1b2d7091ae95838727c3aefadf890f0365d609c2584c5,False,True,train
recovered_archive1/68,recovered_archive1,68,cap_image,recovered_archive1/68/CAPorg2.jpg,CAPorg2.jpg,536666,d17ba268bcf63df0b2dd7c5e1c6d3dd5c4667b142b2c21958a64d6bd2fb232c3,1024,768,22.220131,15.02527,False,d17ba268bcf63df0b2dd7c5e1c6d3dd5c4667b142b2c21958a64d6bd2fb232c3,False,True,train
recovered_archive1/68,recovered_archive1,68,cap_image,recovered_archive1/68/CAPorg3.jpg,CAPorg3.jpg,480726,d52f25e57ac7ab5f1918af2d27f565950d19df624cd1f94cbc784c8e4b92933b,1024,768,16.896861,18.263032,False,d52f25e57ac7ab5f1918af2d27f565950d19df624cd1f94cbc784c8e4b92933b,False,True,train
recovered_archive1/68,recovered_archive1,68,cap_image,recovered_archive1/68/CAPorg4.jpg,CAPorg4.jpg,495208,fbf735016a59173e6bd9e8a4e87cbfbb1f4f8ec1673b9295f2e4a0252c36c190,1024,768,20.248358,35.273261,False,fbf735016a59173e6bd9e8a4e87cbfbb1f4f8ec1673b9295f2e4a0252c36c190,False,True,train
recovered_archive1/68,recovered_archive1,68,cap_image,recovered_archive1/68/CAPorg5.jpg,CAPorg5.jpg,531597,4ed991bed18a547e620ed17f362e7c88582dc90ab3619cff8ef2a3dd82bb7603,1024,768,25.377113,27.538668,False,4ed991bed18a547e620ed17f362e7c88582dc90ab3619cff8ef2a3dd82bb7603,False,True,train
recovered_archive1/68,recovered_archive1,68,cap_image,recovered_archive1/68/CAPorg6.jpg,CAPorg6.jpg,521244,c5b5d3dd7ce9f44bd6ca42efe64335fab45b1c5591d3554b5d7f29b09e564553,1024,768,21.43449,24.659785,False,c5b5d3dd7ce9f44bd6ca42efe64335fab45b1c5591d3554b5d7f29b09e564553,False,True,train
recovered_archive1/68,recovered_archive1,68,report_image,recovered_archive1/68/rep.jpg.jpg,rep.jpg.jpg,85462,c67ba7428443d10ccce167ee529edbfd2099e4db8611be39d0a6ca2067c53119,,,,,False,c67ba7428443d10ccce167ee529edbfd2099e4db8611be39d0a6ca2067c53119,False,False,train
recovered_archive1/68,recovered_archive1,68,report_image,recovered_archive1/68/rep_1901170.jpg.jpg,rep_1901170.jpg.jpg,85462,c67ba7428443d10ccce167ee529edbfd2099e4db8611be39d0a6ca2067c53119,,,,,False,c67ba7428443d10ccce167ee529edbfd2099e4db8611be39d0a6ca2067c53119,False,False,train
recovered_archive1/68,recovered_archive1,68,report_image,recovered_archive1/68/rep_1901171.jpg.jpg,rep_1901171.jpg.jpg,85462,c67ba7428443d10ccce167ee529edbfd2099e4db8611be39d0a6ca2067c53119,,,,,False,c67ba7428443d10ccce167ee529edbfd2099e4db8611be39d0a6ca2067c53119,False,False,train
recovered_archive1/68,recovered_archive1,68,report_image,recovered_archive1/68/rep_左手.jpg.jpg,rep_左手.jpg.jpg,85462,c67ba7428443d10ccce167ee529edbfd2099e4db8611be39d0a6ca2067c53119,,,,,False,c67ba7428443d10ccce167ee529edbfd2099e4db8611be39d0a6ca2067c53119,False,False,train
recovered_archive1/68,recovered_archive1,68,video,recovered_archive1/68/wmv0.avi,wmv0.avi,9985536,,,,,,False,,True,False,train
recovered_archive1/69,recovered_archive1,69,cap_image,recovered_archive1/69/CAPorg1.jpg,CAPorg1.jpg,506711,ef762e76e373b843991e7b36d4b8e9d17da11413afc1e41d1e47ae63dd9bb62e,1024,768,28.455592,42.273205,False,ef762e76e373b843991e7b36d4b8e9d17da11413afc1e41d1e47ae63dd9bb62e,False,True,train
recovered_archive1/69,recovered_archive1,69,cap_image,recovered_archive1/69/CAPorg2.jpg,CAPorg2.jpg,508121,a54683e742cdb728e8d88cb471a420ca75ced6a6958a06e15f098f361e8456c0,1024,768,18.392982,14.233124,False,a54683e742cdb728e8d88cb471a420ca75ced6a6958a06e15f098f361e8456c0,False,True,train
recovered_archive1/69,recovered_archive1,69,cap_image,recovered_archive1/69/CAPorg3.jpg,CAPorg3.jpg,479185,ff31834651367659f30633ccb8d9eb996e3a13415207645417196e5d261d2f67,1024,768,11.595114,8.348234,False,ff31834651367659f30633ccb8d9eb996e3a13415207645417196e5d261d2f67,False,True,train
recovered_archive1/69,recovered_archive1,69,cap_image,recovered_archive1/69/CAPorg4.jpg,CAPorg4.jpg,481640,2b42ef67046fff5c95017b5d2064d5fc6c024873af7db0b86b79842cc36dc1b8,1024,768,15.609361,26.746979,False,2b42ef67046fff5c95017b5d2064d5fc6c024873af7db0b86b79842cc36dc1b8,False,True,train
recovered_archive1/69,recovered_archive1,69,report_image,recovered_archive1/69/rep.jpg.jpg,rep.jpg.jpg,70001,8fbc5c3d0d60a9c9b6cac3c97f2575d5c5ae997baa083e5ef0bc4dbc94f0c9a2,,,,,False,8fbc5c3d0d60a9c9b6cac3c97f2575d5c5ae997baa083e5ef0bc4dbc94f0c9a2,False,False,train
recovered_archive1/69,recovered_archive1,69,report_image,recovered_archive1/69/rep_1903050.jpg.jpg,rep_1903050.jpg.jpg,70001,8fbc5c3d0d60a9c9b6cac3c97f2575d5c5ae997baa083e5ef0bc4dbc94f0c9a2,,,,,False,8fbc5c3d0d60a9c9b6cac3c97f2575d5c5ae997baa083e5ef0bc4dbc94f0c9a2,False,False,train
recovered_archive1/69,recovered_archive1,69,report_image,recovered_archive1/69/rep_1903051.jpg.jpg,rep_1903051.jpg.jpg,70001,8fbc5c3d0d60a9c9b6cac3c97f2575d5c5ae997baa083e5ef0bc4dbc94f0c9a2,,,,,False,8fbc5c3d0d60a9c9b6cac3c97f2575d5c5ae997baa083e5ef0bc4dbc94f0c9a2,False,False,train
recovered_archive1/69,recovered_archive1,69,report_image,recovered_archive1/69/rep_右手.jpg.jpg,rep_右手.jpg.jpg,70001,8fbc5c3d0d60a9c9b6cac3c97f2575d5c5ae997baa083e5ef0bc4dbc94f0c9a2,,,,,False,8fbc5c3d0d60a9c9b6cac3c97f2575d5c5ae997baa083e5ef0bc4dbc94f0c9a2,False,False,train
recovered_archive1/70,recovered_archive1,70,cap_image,recovered_archive1/70/CAPorg1.jpg,CAPorg1.jpg,645299,43921fadbfd5be57b75b376f98dfc5284ee4fed7ec74eb91682cf3b909485f78,1024,768,121.329871,54.274862,False,43921fadbfd5be57b75b376f98dfc5284ee4fed7ec74eb91682cf3b909485f78,False,True,train
recovered_archive1/70,recovered_archive1,70,cap_image,recovered_archive1/70/CAPorg2.jpg,CAPorg2.jpg,650249,ca0eb9e3c201348b6fc0504b3f1685aef5b3286df0ee577bb3df89e688ca1d72,1024,768,143.844102,51.437398,False,ca0eb9e3c201348b6fc0504b3f1685aef5b3286df0ee577bb3df89e688ca1d72,False,True,train
recovered_archive1/70,recovered_archive1,70,cap_image,recovered_archive1/70/CAPorg3.jpg,CAPorg3.jpg,654863,d11a1a96a2da0e68d3f204a95d193d7211739bc602eba211c23c05d40b8be204,1024,768,162.757903,51.720723,False,d11a1a96a2da0e68d3f204a95d193d7211739bc602eba211c23c05d40b8be204,False,True,train
recovered_archive1/70,recovered_archive1,70,cap_image,recovered_archive1/70/CAPorg4.jpg,CAPorg4.jpg,648260,87d730a3dab0eecedacafc8f0f81a9bab2b6e5a286d8e3b0607ab8f3b2d3fa06,1024,768,176.635418,43.167079,False,87d730a3dab0eecedacafc8f0f81a9bab2b6e5a286d8e3b0607ab8f3b2d3fa06,False,True,train
recovered_archive1/70,recovered_archive1,70,report_image,recovered_archive1/70/rep.jpg.jpg,rep.jpg.jpg,78243,9abd6d078ef83f78e43d5d59bba2e79423c19ca189f265909c3a9eb1293fff09,,,,,False,9abd6d078ef83f78e43d5d59bba2e79423c19ca189f265909c3a9eb1293fff09,False,False,train
recovered_archive1/70,recovered_archive1,70,report_image,recovered_archive1/70/rep_1901220.jpg.jpg,rep_1901220.jpg.jpg,79394,3d9fc5fe5dd4e3f4ba53bfa33a2785d93c36f823f2c92fcbac633c6a85074062,,,,,False,3d9fc5fe5dd4e3f4ba53bfa33a2785d93c36f823f2c92fcbac633c6a85074062,False,False,train
recovered_archive1/70,recovered_archive1,70,report_image,recovered_archive1/70/rep_1901221.jpg.jpg,rep_1901221.jpg.jpg,78243,9abd6d078ef83f78e43d5d59bba2e79423c19ca189f265909c3a9eb1293fff09,,,,,False,9abd6d078ef83f78e43d5d59bba2e79423c19ca189f265909c3a9eb1293fff09,False,False,train
recovered_archive1/70,recovered_archive1,70,report_image,recovered_archive1/70/rep_左手.jpg.jpg,rep_左手.jpg.jpg,78243,9abd6d078ef83f78e43d5d59bba2e79423c19ca189f265909c3a9eb1293fff09,,,,,False,9abd6d078ef83f78e43d5d59bba2e79423c19ca189f265909c3a9eb1293fff09,False,False,train
recovered_archive1/71,recovered_archive1,71,cap_image,recovered_archive1/71/CAPorg1.jpg,CAPorg1.jpg,666430,379e4a5bc61f48f51e8b33aa417561de8e59b983096f9c65edd8910e9d41d47a,1024,768,162.025828,39.363015,False,379e4a5bc61f48f51e8b33aa417561de8e59b983096f9c65edd8910e9d41d47a,False,True,train
recovered_archive1/71,recovered_archive1,71,cap_image,recovered_archive1/71/CAPorg2.jpg,CAPorg2.jpg,651576,c16c39dd5519c3f86c09062b3d34e743e4c8672a3d14ce9715aa338597ec5d0f,1024,768,135.305367,63.975768,False,c16c39dd5519c3f86c09062b3d34e743e4c8672a3d14ce9715aa338597ec5d0f,False,True,train
recovered_archive1/71,recovered_archive1,71,cap_image,recovered_archive1/71/CAPorg3.jpg,CAPorg3.jpg,620600,e03fd561915906ec8910dac069c96426dd862537d35b1896210ab28676015c83,1024,768,76.830916,36.52937,False,e03fd561915906ec8910dac069c96426dd862537d35b1896210ab28676015c83,False,True,train
recovered_archive1/71,recovered_archive1,71,cap_image,recovered_archive1/71/CAPorg4.jpg,CAPorg4.jpg,607856,406801d888e545fda62b426c6b22356975d2614647062d555eca476c03c12a23,1024,768,76.184485,49.729015,False,406801d888e545fda62b426c6b22356975d2614647062d555eca476c03c12a23,False,True,train
recovered_archive1/71,recovered_archive1,71,cap_image,recovered_archive1/71/CAPorg5.jpg,CAPorg5.jpg,620071,89d3c37ef60a2f87add3a66ef89fb273823bcdd412aae1c5c91af72c1f0587f9,1024,768,95.377165,52.260611,False,89d3c37ef60a2f87add3a66ef89fb273823bcdd412aae1c5c91af72c1f0587f9,False,True,train
recovered_archive1/71,recovered_archive1,71,cap_image,recovered_archive1/71/CAPorg6.jpg,CAPorg6.jpg,616934,d6eec685d454c90e856b4c14b78068351eb19a86373e638697aff43a98b5c6a4,1024,768,66.948865,22.929339,False,d6eec685d454c90e856b4c14b78068351eb19a86373e638697aff43a98b5c6a4,False,True,train
recovered_archive1/71,recovered_archive1,71,cap_image,recovered_archive1/71/CAPorg7.jpg,CAPorg7.jpg,618157,6453c09f8e02b68530dfbfb06c0123b4bb320afd351afc06b3f1b3371aa119c3,1024,768,72.466333,19.650066,False,6453c09f8e02b68530dfbfb06c0123b4bb320afd351afc06b3f1b3371aa119c3,False,True,train
recovered_archive1/71,recovered_archive1,71,report_image,recovered_archive1/71/rep.jpg.jpg,rep.jpg.jpg,78271,8ae3911a4f7b9ccc9de57551d656721d0a8e30cb5d84b5ec27234c192ddcac75,,,,,False,8ae3911a4f7b9ccc9de57551d656721d0a8e30cb5d84b5ec27234c192ddcac75,False,False,train
recovered_archive1/71,recovered_archive1,71,report_image,recovered_archive1/71/rep_1903050.jpg.jpg,rep_1903050.jpg.jpg,78271,8ae3911a4f7b9ccc9de57551d656721d0a8e30cb5d84b5ec27234c192ddcac75,,,,,False,8ae3911a4f7b9ccc9de57551d656721d0a8e30cb5d84b5ec27234c192ddcac75,False,False,train
recovered_archive1/71,recovered_archive1,71,report_image,recovered_archive1/71/rep_1903051.jpg.jpg,rep_1903051.jpg.jpg,78271,8ae3911a4f7b9ccc9de57551d656721d0a8e30cb5d84b5ec27234c192ddcac75,,,,,False,8ae3911a4f7b9ccc9de57551d656721d0a8e30cb5d84b5ec27234c192ddcac75,False,False,train
recovered_archive1/71,recovered_archive1,71,report_image,recovered_archive1/71/rep_左手.jpg.jpg,rep_左手.jpg.jpg,78271,8ae3911a4f7b9ccc9de57551d656721d0a8e30cb5d84b5ec27234c192ddcac75,,,,,False,8ae3911a4f7b9ccc9de57551d656721d0a8e30cb5d84b5ec27234c192ddcac75,False,False,train
recovered_archive1/71,recovered_archive1,71,video,recovered_archive1/71/wmv0.avi,wmv0.avi,10095616,,,,,,False,,True,False,train
recovered_archive1/71,recovered_archive1,71,video,recovered_archive1/71/wmv1.avi,wmv1.avi,10191360,,,,,,False,,True,False,train
recovered_archive1/71,recovered_archive1,71,video,recovered_archive1/71/wmv2.avi,wmv2.avi,10282496,,,,,,False,,True,False,train
recovered_archive1/71,recovered_archive1,71,video,recovered_archive1/71/wmv3.avi,wmv3.avi,10366976,,,,,,False,,True,False,train
recovered_archive1/72,recovered_archive1,72,cap_image,recovered_archive1/72/CAPorg1.jpg,CAPorg1.jpg,484646,6078c1ac3dfedcf33f193681d8958cc8f412d7ea95fc7192711daaf75665e6db,1024,768,206.196793,52.524679,False,6078c1ac3dfedcf33f193681d8958cc8f412d7ea95fc7192711daaf75665e6db,False,True,train
recovered_archive1/72,recovered_archive1,72,cap_image,recovered_archive1/72/CAPorg2.jpg,CAPorg2.jpg,579838,665b95aabb6fbbb79db4b659f8a9290fd9a72f6b8499326ef21c3375c17c2a44,1024,768,156.156049,70.262259,False,665b95aabb6fbbb79db4b659f8a9290fd9a72f6b8499326ef21c3375c17c2a44,False,True,train
recovered_archive1/72,recovered_archive1,72,cap_image,recovered_archive1/72/CAPorg3.jpg,CAPorg3.jpg,575700,b696418d120dfb57554089abef61794ef14c69005c81ed9f73b5031961ce0c8a,1024,768,55.237799,38.911997,False,b696418d120dfb57554089abef61794ef14c69005c81ed9f73b5031961ce0c8a,False,True,train
recovered_archive1/72,recovered_archive1,72,cap_image,recovered_archive1/72/CAPorg4.jpg,CAPorg4.jpg,602623,c9028585c34271a56bc1a06a322d8630d1808f75b930d227c60242ecc36ba9a1,1024,768,69.31035,40.687547,False,c9028585c34271a56bc1a06a322d8630d1808f75b930d227c60242ecc36ba9a1,False,True,train
recovered_archive1/72,recovered_archive1,72,cap_image,recovered_archive1/72/CAPorg5.jpg,CAPorg5.jpg,596704,6ad66f59dd11026ce998f1a5ad136fea41d0c3927f83429e0c09579663105ab0,1024,768,63.919409,36.947177,False,6ad66f59dd11026ce998f1a5ad136fea41d0c3927f83429e0c09579663105ab0,False,True,train
recovered_archive1/72,recovered_archive1,72,cap_image,recovered_archive1/72/CAPorg6.jpg,CAPorg6.jpg,585737,4730adba526779427c754d90c7ed2583fdb66ff55f13a64d4db6a31a64958665,1024,768,62.301474,41.008698,False,4730adba526779427c754d90c7ed2583fdb66ff55f13a64d4db6a31a64958665,False,True,train
recovered_archive1/72,recovered_archive1,72,cap_image,recovered_archive1/72/CAPorg7.jpg,CAPorg7.jpg,595640,ca597cf7bdbe4ddd48f6ed190519098b360b3b5802e7d12f2dfc81c6ade76e89,1024,768,90.841564,59.496206,False,ca597cf7bdbe4ddd48f6ed190519098b360b3b5802e7d12f2dfc81c6ade76e89,False,True,train
recovered_archive1/72,recovered_archive1,72,cap_image,recovered_archive1/72/CAPorg8.jpg,CAPorg8.jpg,589880,db296d1d323cc31472d89b185936ee9d2ee95ef335ef426936a3ba506b40a453,1024,768,100.350108,64.226934,False,db296d1d323cc31472d89b185936ee9d2ee95ef335ef426936a3ba506b40a453,False,True,train
recovered_archive1/72,recovered_archive1,72,cap_image,recovered_archive1/72/CAPorg9.jpg,CAPorg9.jpg,583748,a405e1d744aa1ab9351eab15025be576559d58e309fd71bb5b157f73b0fb01d4,1024,768,63.836562,46.467956,False,a405e1d744aa1ab9351eab15025be576559d58e309fd71bb5b157f73b0fb01d4,False,True,train
recovered_archive1/72,recovered_archive1,72,report_image,recovered_archive1/72/rep.jpg.jpg,rep.jpg.jpg,76439,b3fd15f0b90e81d1d287df32376890dd5205cd5340c26583c89d8e03227524fe,,,,,False,b3fd15f0b90e81d1d287df32376890dd5205cd5340c26583c89d8e03227524fe,False,False,train
recovered_archive1/72,recovered_archive1,72,report_image,recovered_archive1/72/rep_2006230.jpg.jpg,rep_2006230.jpg.jpg,76439,b3fd15f0b90e81d1d287df32376890dd5205cd5340c26583c89d8e03227524fe,,,,,False,b3fd15f0b90e81d1d287df32376890dd5205cd5340c26583c89d8e03227524fe,False,False,train
recovered_archive1/72,recovered_archive1,72,report_image,recovered_archive1/72/rep_2006231.jpg.jpg,rep_2006231.jpg.jpg,76439,b3fd15f0b90e81d1d287df32376890dd5205cd5340c26583c89d8e03227524fe,,,,,False,b3fd15f0b90e81d1d287df32376890dd5205cd5340c26583c89d8e03227524fe,False,False,train
recovered_archive1/72,recovered_archive1,72,report_image,recovered_archive1/72/rep_右手.jpg.jpg,rep_右手.jpg.jpg,76439,b3fd15f0b90e81d1d287df32376890dd5205cd5340c26583c89d8e03227524fe,,,,,False,b3fd15f0b90e81d1d287df32376890dd5205cd5340c26583c89d8e03227524fe,False,False,train
recovered_archive1/72,recovered_archive1,72,video,recovered_archive1/72/wmv0.avi,wmv0.avi,431757824,,,,,,False,,True,False,train
recovered_archive1/73,recovered_archive1,73,cap_image,recovered_archive1/73/CAPorg1.jpg,CAPorg1.jpg,649385,e99599df23673cb2209d87cc244981167ab98335e38a907d7abcc33b4f5bbeed,1024,768,134.675382,61.277583,False,e99599df23673cb2209d87cc244981167ab98335e38a907d7abcc33b4f5bbeed,False,True,train
recovered_archive1/73,recovered_archive1,73,cap_image,recovered_archive1/73/CAPorg10.jpg,CAPorg10.jpg,637184,24ea89cf2cd99961fbbd1f8ffb92e6ee563894f0a487602bc37894a59f488efa,1024,768,114.35096,21.9612,False,24ea89cf2cd99961fbbd1f8ffb92e6ee563894f0a487602bc37894a59f488efa,False,True,train
recovered_archive1/73,recovered_archive1,73,cap_image,recovered_archive1/73/CAPorg2.jpg,CAPorg2.jpg,617359,4c542bc7511ad0452154f483679a7d6f3a6918cb82098682fb5b405d0069eeef,1024,768,108.163757,52.663072,False,4c542bc7511ad0452154f483679a7d6f3a6918cb82098682fb5b405d0069eeef,False,True,train
recovered_archive1/73,recovered_archive1,73,cap_image,recovered_archive1/73/CAPorg3.jpg,CAPorg3.jpg,638216,9090969bac4fa7457795fa126bb7209c6f7740ecbf55918a7cf5b1f8a80c39cb,1024,768,113.182226,49.04572,False,9090969bac4fa7457795fa126bb7209c6f7740ecbf55918a7cf5b1f8a80c39cb,False,True,train
recovered_archive1/73,recovered_archive1,73,cap_image,recovered_archive1/73/CAPorg4.jpg,CAPorg4.jpg,662960,b8bfe2605adb84ff7894fe1478ae5bca13800e25671561e2cd0691074bef3219,1024,768,168.089902,30.559609,False,b8bfe2605adb84ff7894fe1478ae5bca13800e25671561e2cd0691074bef3219,False,True,train
recovered_archive1/73,recovered_archive1,73,cap_image,recovered_archive1/73/CAPorg5.jpg,CAPorg5.jpg,598470,b44b79ec1b9ac158f8429cfd28ffa29ba0a804561dcf9962d22db853897af7df,1024,768,53.27246,20.206796,False,b44b79ec1b9ac158f8429cfd28ffa29ba0a804561dcf9962d22db853897af7df,False,True,train
recovered_archive1/73,recovered_archive1,73,cap_image,recovered_archive1/73/CAPorg6.jpg,CAPorg6.jpg,622856,94329085e586075d8ca8845dc77c4a89f98fc59ad2fdf1b6bf7b5318558bf8a3,1024,768,77.559171,20.855376,False,94329085e586075d8ca8845dc77c4a89f98fc59ad2fdf1b6bf7b5318558bf8a3,False,True,train
recovered_archive1/73,recovered_archive1,73,cap_image,recovered_archive1/73/CAPorg7.jpg,CAPorg7.jpg,630171,296fb04a9ccc71e58a3e7e1b2697bbd79dc36f53f514a260f496063dbea36db1,1024,768,94.30254,20.761512,False,296fb04a9ccc71e58a3e7e1b2697bbd79dc36f53f514a260f496063dbea36db1,False,True,train
recovered_archive1/73,recovered_archive1,73,cap_image,recovered_archive1/73/CAPorg8.jpg,CAPorg8.jpg,624629,d3ad06000b0dc8feed02b9d1e1639f9c49f72b5971f928ca744c36658d8bdbb7,1024,768,83.306376,22.718688,False,d3ad06000b0dc8feed02b9d1e1639f9c49f72b5971f928ca744c36658d8bdbb7,False,True,train
recovered_archive1/73,recovered_archive1,73,cap_image,recovered_archive1/73/CAPorg9.jpg,CAPorg9.jpg,649441,f640546c000c3041a76f0cd3d56d5bd39da67fd9df9a7b8fdb479526a22d9512,1024,768,136.875835,23.716332,False,f640546c000c3041a76f0cd3d56d5bd39da67fd9df9a7b8fdb479526a22d9512,False,True,train
recovered_archive1/73,recovered_archive1,73,report_image,recovered_archive1/73/rep.jpg.jpg,rep.jpg.jpg,73626,691962180873049eb0d6084d0ec5192a612ba7a526dcdf33d69fdc6762db61d0,,,,,False,691962180873049eb0d6084d0ec5192a612ba7a526dcdf33d69fdc6762db61d0,False,False,train
recovered_archive1/73,recovered_archive1,73,report_image,recovered_archive1/73/rep_2012170.jpg.jpg,rep_2012170.jpg.jpg,73626,691962180873049eb0d6084d0ec5192a612ba7a526dcdf33d69fdc6762db61d0,,,,,False,691962180873049eb0d6084d0ec5192a612ba7a526dcdf33d69fdc6762db61d0,False,False,train
recovered_archive1/73,recovered_archive1,73,report_image,recovered_archive1/73/rep_2012171.jpg.jpg,rep_2012171.jpg.jpg,73626,691962180873049eb0d6084d0ec5192a612ba7a526dcdf33d69fdc6762db61d0,,,,,False,691962180873049eb0d6084d0ec5192a612ba7a526dcdf33d69fdc6762db61d0,False,False,train
recovered_archive1/73,recovered_archive1,73,report_image,recovered_archive1/73/rep_双手无名指.jpg.jpg,rep_双手无名指.jpg.jpg,73626,691962180873049eb0d6084d0ec5192a612ba7a526dcdf33d69fdc6762db61d0,,,,,False,691962180873049eb0d6084d0ec5192a612ba7a526dcdf33d69fdc6762db61d0,False,False,train
recovered_archive1/73,recovered_archive1,73,video,recovered_archive1/73/wmv0.avi,wmv0.avi,495459328,,,,,,False,,True,False,train
recovered_archive1/74,recovered_archive1,74,cap_image,recovered_archive1/74/CAPorg1.jpg,CAPorg1.jpg,597680,c635f0ae9f9a7c33745431fb502b1d8a13d3987cc1de72b94192bfe344156a91,1024,768,50.50938,27.28807,False,c635f0ae9f9a7c33745431fb502b1d8a13d3987cc1de72b94192bfe344156a91,False,True,train
recovered_archive1/74,recovered_archive1,74,cap_image,recovered_archive1/74/CAPorg2.jpg,CAPorg2.jpg,504500,2fb91c33fc4a80b7ba274da0d30c54aab0dc593cf1970ecd579c0fa2ee4b944c,1024,768,38.268909,64.538003,False,2fb91c33fc4a80b7ba274da0d30c54aab0dc593cf1970ecd579c0fa2ee4b944c,False,True,train
recovered_archive1/74,recovered_archive1,74,cap_image,recovered_archive1/74/CAPorg3.jpg,CAPorg3.jpg,466929,a631f71a254342b6ceac9e1b42b23280568b94dfd2c1ee719484f92e70c0a4ca,1024,768,62.963848,88.989057,False,a631f71a254342b6ceac9e1b42b23280568b94dfd2c1ee719484f92e70c0a4ca,False,True,train
recovered_archive1/74,recovered_archive1,74,cap_image,recovered_archive1/74/CAPorg4.jpg,CAPorg4.jpg,498885,cf794e235dbc9f5f93fdc8a611a486318f8c481d6acb53b545ffceb100bbb7e5,1024,768,63.200963,77.412403,False,cf794e235dbc9f5f93fdc8a611a486318f8c481d6acb53b545ffceb100bbb7e5,False,True,train
recovered_archive1/74,recovered_archive1,74,cap_image,recovered_archive1/74/CAPorg5.jpg,CAPorg5.jpg,473842,c4d645b4b78617628d5ebf9f1ed8d17f0ed0ba2365c0e2a607a6decba28bd8e5,1024,768,61.386158,81.675457,False,c4d645b4b78617628d5ebf9f1ed8d17f0ed0ba2365c0e2a607a6decba28bd8e5,False,True,train
recovered_archive1/74,recovered_archive1,74,cap_image,recovered_archive1/74/CAPorg6.jpg,CAPorg6.jpg,469801,1e26ef0934253944dde1a9ed882feb10e3a2c4cadf119b4f3c52ce2d80e68a84,1024,768,61.17195,84.166149,False,1e26ef0934253944dde1a9ed882feb10e3a2c4cadf119b4f3c52ce2d80e68a84,False,True,train
recovered_archive1/74,recovered_archive1,74,report_image,recovered_archive1/74/rep.jpg.jpg,rep.jpg.jpg,73980,7ba13e0168750720f3e3eee91a26edc2bd2300096beea24d9328a46c04508719,,,,,False,7ba13e0168750720f3e3eee91a26edc2bd2300096beea24d9328a46c04508719,False,False,train
recovered_archive1/74,recovered_archive1,74,report_image,recovered_archive1/74/rep_1812070.jpg.jpg,rep_1812070.jpg.jpg,73980,7ba13e0168750720f3e3eee91a26edc2bd2300096beea24d9328a46c04508719,,,,,False,7ba13e0168750720f3e3eee91a26edc2bd2300096beea24d9328a46c04508719,False,False,train
recovered_archive1/74,recovered_archive1,74,report_image,recovered_archive1/74/rep_1812071.jpg.jpg,rep_1812071.jpg.jpg,73980,7ba13e0168750720f3e3eee91a26edc2bd2300096beea24d9328a46c04508719,,,,,False,7ba13e0168750720f3e3eee91a26edc2bd2300096beea24d9328a46c04508719,False,False,train
recovered_archive1/74,recovered_archive1,74,report_image,recovered_archive1/74/rep_左手.jpg.jpg,rep_左手.jpg.jpg,73980,7ba13e0168750720f3e3eee91a26edc2bd2300096beea24d9328a46c04508719,,,,,False,7ba13e0168750720f3e3eee91a26edc2bd2300096beea24d9328a46c04508719,False,False,train
recovered_archive1/75,recovered_archive1,75,cap_image,recovered_archive1/75/CAPorg1.jpg,CAPorg1.jpg,586906,bfecf0db3bd77e720a2c7bc3665f48109056b85adbed6b98f87d30e3401293ad,1024,768,93.72943,79.576096,False,bfecf0db3bd77e720a2c7bc3665f48109056b85adbed6b98f87d30e3401293ad,False,True,val
recovered_archive1/75,recovered_archive1,75,cap_image,recovered_archive1/75/CAPorg2.jpg,CAPorg2.jpg,594592,ecd7abedd6badc6d57800600295f1629e3c267c11f2e0d29f6d37e1fddbaab12,1024,768,68.261761,44.95576,False,ecd7abedd6badc6d57800600295f1629e3c267c11f2e0d29f6d37e1fddbaab12,False,True,val
recovered_archive1/75,recovered_archive1,75,cap_image,recovered_archive1/75/CAPorg3.jpg,CAPorg3.jpg,590195,9550bccdfd3682d03773441a84aaa4808a01326c08d1eecdb2ea66a0fa17fa3a,1024,768,67.785461,44.070066,False,9550bccdfd3682d03773441a84aaa4808a01326c08d1eecdb2ea66a0fa17fa3a,False,True,val
recovered_archive1/75,recovered_archive1,75,cap_image,recovered_archive1/75/CAPorg4.jpg,CAPorg4.jpg,600621,c49d344f41effce96f1eb69a2f9c27158f052fa3f930554c0b5cce7a2dc1c3fc,1024,768,74.597115,44.851413,False,c49d344f41effce96f1eb69a2f9c27158f052fa3f930554c0b5cce7a2dc1c3fc,False,True,val
recovered_archive1/75,recovered_archive1,75,cap_image,recovered_archive1/75/CAPorg5.jpg,CAPorg5.jpg,597411,223db8d3c207197dcb8aef04aa960ccfaca84c105b3a6afbc1051713aac388af,1024,768,70.142117,41.059449,False,223db8d3c207197dcb8aef04aa960ccfaca84c105b3a6afbc1051713aac388af,False,True,val
recovered_archive1/75,recovered_archive1,75,cap_image,recovered_archive1/75/CAPorg6.jpg,CAPorg6.jpg,599894,e4c7ed9c0d40eda34d5139e66abbf9c98879c4df16684427fb9beeded75689df,1024,768,69.610722,39.417372,False,e4c7ed9c0d40eda34d5139e66abbf9c98879c4df16684427fb9beeded75689df,False,True,val
recovered_archive1/75,recovered_archive1,75,cap_image,recovered_archive1/75/CAPorg7.jpg,CAPorg7.jpg,601062,b4a876d0a119945a964b549c7b6ab7e900a010571284986dd1c4b77b19576810,1024,768,70.732792,40.917209,False,b4a876d0a119945a964b549c7b6ab7e900a010571284986dd1c4b77b19576810,False,True,val
recovered_archive1/75,recovered_archive1,75,cap_image,recovered_archive1/75/CAPorg8.jpg,CAPorg8.jpg,609352,5a14d9cb0c1d660869b378e3f8f0dceda1c6f3967f28ce6768d11734e528eb8a,1024,768,78.005175,43.896359,False,5a14d9cb0c1d660869b378e3f8f0dceda1c6f3967f28ce6768d11734e528eb8a,False,True,val
recovered_archive1/75,recovered_archive1,75,cap_image,recovered_archive1/75/CAPorg9.jpg,CAPorg9.jpg,608520,a6e94ff8e2cc7d53349ee9c2b7ee168d8fae1d5da8f3fdcbc74126d8f81b3de1,1024,768,80.346307,44.747115,False,a6e94ff8e2cc7d53349ee9c2b7ee168d8fae1d5da8f3fdcbc74126d8f81b3de1,False,True,val
recovered_archive1/75,recovered_archive1,75,report_image,recovered_archive1/75/rep.jpg.jpg,rep.jpg.jpg,80394,c961c78c23e8bd1e59d6ec30945ba706c701c57ef5f493fd2ea735fde940c2a0,,,,,False,c961c78c23e8bd1e59d6ec30945ba706c701c57ef5f493fd2ea735fde940c2a0,False,False,val
recovered_archive1/75,recovered_archive1,75,report_image,recovered_archive1/75/rep_2008110.jpg.jpg,rep_2008110.jpg.jpg,80394,c961c78c23e8bd1e59d6ec30945ba706c701c57ef5f493fd2ea735fde940c2a0,,,,,False,c961c78c23e8bd1e59d6ec30945ba706c701c57ef5f493fd2ea735fde940c2a0,False,False,val
recovered_archive1/75,recovered_archive1,75,report_image,recovered_archive1/75/rep_2008111.jpg.jpg,rep_2008111.jpg.jpg,80394,c961c78c23e8bd1e59d6ec30945ba706c701c57ef5f493fd2ea735fde940c2a0,,,,,False,c961c78c23e8bd1e59d6ec30945ba706c701c57ef5f493fd2ea735fde940c2a0,False,False,val
recovered_archive1/75,recovered_archive1,75,report_image,recovered_archive1/75/rep_右手.jpg.jpg,rep_右手.jpg.jpg,80394,c961c78c23e8bd1e59d6ec30945ba706c701c57ef5f493fd2ea735fde940c2a0,,,,,False,c961c78c23e8bd1e59d6ec30945ba706c701c57ef5f493fd2ea735fde940c2a0,False,False,val
recovered_archive1/75,recovered_archive1,75,video,recovered_archive1/75/wmv0.avi,wmv0.avi,323229184,,,,,,False,,True,False,val
recovered_archive1/75,recovered_archive1,75,video,recovered_archive1/75/wmv1.avi,wmv1.avi,386930688,,,,,,False,,True,False,val
recovered_archive1/75,recovered_archive1,75,video,recovered_archive1/75/wmv2.avi,wmv2.avi,507256320,,,,,,False,,True,False,val
recovered_archive1/76,recovered_archive1,76,cap_image,recovered_archive1/76/CAPorg1.jpg,CAPorg1.jpg,641587,d361a126bd430dcfba60ab351c8c0af6d030e01391b540618fb34f59de85e695,1024,768,127.511511,53.543849,False,d361a126bd430dcfba60ab351c8c0af6d030e01391b540618fb34f59de85e695,False,True,train
recovered_archive1/76,recovered_archive1,76,cap_image,recovered_archive1/76/CAPorg10.jpg,CAPorg10.jpg,610640,dda75cbc691ab00d10c95c73effd2712c1f36d63f1fa6390f9361e1a48e28035,1024,768,71.070151,32.177026,False,dda75cbc691ab00d10c95c73effd2712c1f36d63f1fa6390f9361e1a48e28035,False,True,train
recovered_archive1/76,recovered_archive1,76,cap_image,recovered_archive1/76/CAPorg11.jpg,CAPorg11.jpg,617496,86aead91e48b88b5fc5deea51ac272d1e15292f87c5fcbeb1187e9f441245f76,1024,768,86.287773,37.665156,False,86aead91e48b88b5fc5deea51ac272d1e15292f87c5fcbeb1187e9f441245f76,False,True,train
recovered_archive1/76,recovered_archive1,76,cap_image,recovered_archive1/76/CAPorg12.jpg,CAPorg12.jpg,628965,5e5ac5feae44acf480baa3c67fc60921331bbace074ebbe986d7a60397782dfe,1024,768,108.662069,46.899145,False,5e5ac5feae44acf480baa3c67fc60921331bbace074ebbe986d7a60397782dfe,False,True,train
recovered_archive1/76,recovered_archive1,76,cap_image,recovered_archive1/76/CAPorg13.jpg,CAPorg13.jpg,607493,8dc29fa44cbb7e182ea1db4e7d0fc27d6b6c6c9c1a88b17ff4cdf7ffa58f25fb,1024,768,114.428931,53.891153,False,8dc29fa44cbb7e182ea1db4e7d0fc27d6b6c6c9c1a88b17ff4cdf7ffa58f25fb,False,True,train
recovered_archive1/76,recovered_archive1,76,cap_image,recovered_archive1/76/CAPorg2.jpg,CAPorg2.jpg,570997,35bbe078476c66abda00d62657bafef9d4aeba4106deeba411bba98a31bd4f03,1024,768,39.126766,27.252572,False,35bbe078476c66abda00d62657bafef9d4aeba4106deeba411bba98a31bd4f03,False,True,train
recovered_archive1/76,recovered_archive1,76,cap_image,recovered_archive1/76/CAPorg3.jpg,CAPorg3.jpg,543212,89d86d48ea1ff2c698e63e8e6223261913594d1b9d8abb4b226d095d7277a0ce,1024,768,28.738267,22.072094,False,89d86d48ea1ff2c698e63e8e6223261913594d1b9d8abb4b226d095d7277a0ce,False,True,train
recovered_archive1/76,recovered_archive1,76,cap_image,recovered_archive1/76/CAPorg4.jpg,CAPorg4.jpg,548965,8c462fcdcbe4cce5e7c07c0ee3a0efd134786c90ca24881a250c6a396108f693,1024,768,24.29975,12.737952,False,8c462fcdcbe4cce5e7c07c0ee3a0efd134786c90ca24881a250c6a396108f693,False,True,train
recovered_archive1/76,recovered_archive1,76,cap_image,recovered_archive1/76/CAPorg5.jpg,CAPorg5.jpg,482744,301b87f43f433b1e2b1e70cc85120ef6755a06db4d2da407cd3cb3a66727660a,1024,768,14.579104,12.228023,False,301b87f43f433b1e2b1e70cc85120ef6755a06db4d2da407cd3cb3a66727660a,False,True,train
recovered_archive1/76,recovered_archive1,76,cap_image,recovered_archive1/76/CAPorg6.jpg,CAPorg6.jpg,598067,a7b5c6042a81b81f6c3d8df2077bcf1d7d42e9dca2333f31799759784bc40d75,1024,768,46.291438,24.812442,False,a7b5c6042a81b81f6c3d8df2077bcf1d7d42e9dca2333f31799759784bc40d75,False,True,train
recovered_archive1/76,recovered_archive1,76,cap_image,recovered_archive1/76/CAPorg7.jpg,CAPorg7.jpg,549899,7690e1cfc7f3bc3cb173733ae03c460f1068bd576cdd7e06ed911b3e15a258f7,1024,768,30.251427,23.786776,False,7690e1cfc7f3bc3cb173733ae03c460f1068bd576cdd7e06ed911b3e15a258f7,False,True,train
recovered_archive1/76,recovered_archive1,76,cap_image,recovered_archive1/76/CAPorg8.jpg,CAPorg8.jpg,578324,ac0354abda7ef536f20d5c4a29299190cfe52f2684855a34cd4e36a62241aa12,1024,768,46.025871,28.537188,False,ac0354abda7ef536f20d5c4a29299190cfe52f2684855a34cd4e36a62241aa12,False,True,train
recovered_archive1/76,recovered_archive1,76,cap_image,recovered_archive1/76/CAPorg9.jpg,CAPorg9.jpg,597432,eec1d1d45dc5834cea2e54c44a68c294c438bb9a27bed90b7ea0ff5fe9301792,1024,768,61.09723,30.143759,False,eec1d1d45dc5834cea2e54c44a68c294c438bb9a27bed90b7ea0ff5fe9301792,False,True,train
recovered_archive1/76,recovered_archive1,76,report_image,recovered_archive1/76/rep.jpg.jpg,rep.jpg.jpg,82833,49f947d75936d16329440b09a711bb3190d325cd952e63436e75b24cb047d800,,,,,False,49f947d75936d16329440b09a711bb3190d325cd952e63436e75b24cb047d800,False,False,train
recovered_archive1/76,recovered_archive1,76,report_image,recovered_archive1/76/rep_1902120.jpg.jpg,rep_1902120.jpg.jpg,82928,36fd01c4741a1e0e4dfc6cb7b1302de747fdf34068c592c6347d0cf747825971,,,,,False,36fd01c4741a1e0e4dfc6cb7b1302de747fdf34068c592c6347d0cf747825971,False,False,train
recovered_archive1/76,recovered_archive1,76,report_image,recovered_archive1/76/rep_1902121.jpg.jpg,rep_1902121.jpg.jpg,82833,49f947d75936d16329440b09a711bb3190d325cd952e63436e75b24cb047d800,,,,,False,49f947d75936d16329440b09a711bb3190d325cd952e63436e75b24cb047d800,False,False,train
recovered_archive1/76,recovered_archive1,76,report_image,recovered_archive1/76/rep_左手.jpg.jpg,rep_左手.jpg.jpg,82833,49f947d75936d16329440b09a711bb3190d325cd952e63436e75b24cb047d800,,,,,False,49f947d75936d16329440b09a711bb3190d325cd952e63436e75b24cb047d800,False,False,train
recovered_archive1/76,recovered_archive1,76,video,recovered_archive1/76/wmv0.avi,wmv0.avi,10250240,,,,,,False,,True,False,train
recovered_archive1/77,recovered_archive1,77,cap_image,recovered_archive1/77/CAPorg1.jpg,CAPorg1.jpg,614933,01e424fe1ba5badb5ba40de6d1eff91ebc18764fd5d7faf88ea27b22b763c919,1024,768,101.152812,69.134567,False,01e424fe1ba5badb5ba40de6d1eff91ebc18764fd5d7faf88ea27b22b763c919,False,True,test
recovered_archive1/77,recovered_archive1,77,cap_image,recovered_archive1/77/CAPorg2.jpg,CAPorg2.jpg,559467,325bd14273197db9482281491ba93ab8a7cd88733c0fc503de1cc690aa555837,1024,768,65.553735,51.16443,False,325bd14273197db9482281491ba93ab8a7cd88733c0fc503de1cc690aa555837,False,True,test
recovered_archive1/77,recovered_archive1,77,cap_image,recovered_archive1/77/CAPorg3.jpg,CAPorg3.jpg,594675,607d62d90d1d3e79ec96ff8b8b09973e7276552cea3f888fa89c831b69399839,1024,768,70.505306,40.738329,False,607d62d90d1d3e79ec96ff8b8b09973e7276552cea3f888fa89c831b69399839,False,True,test
recovered_archive1/77,recovered_archive1,77,cap_image,recovered_archive1/77/CAPorg4.jpg,CAPorg4.jpg,601251,cbd5eed6252635901d77eafe2abfa5e21d93ff9dd585108faf5be0ee246b401e,1024,768,66.707844,35.466987,False,cbd5eed6252635901d77eafe2abfa5e21d93ff9dd585108faf5be0ee246b401e,False,True,test
recovered_archive1/77,recovered_archive1,77,cap_image,recovered_archive1/77/CAPorg5.jpg,CAPorg5.jpg,586337,31f201b70664c00097ea7a110288879d77c6b59129451027d68067e2a51053b9,1024,768,59.38636,34.183677,False,31f201b70664c00097ea7a110288879d77c6b59129451027d68067e2a51053b9,False,True,test
recovered_archive1/77,recovered_archive1,77,cap_image,recovered_archive1/77/CAPorg6.jpg,CAPorg6.jpg,570554,f17c191c03cf8185867ea7397844213781dad5a2c626e8d798c20bf8cf278206,1024,768,51.81539,35.765077,False,f17c191c03cf8185867ea7397844213781dad5a2c626e8d798c20bf8cf278206,False,True,test
recovered_archive1/77,recovered_archive1,77,report_image,recovered_archive1/77/rep.jpg.jpg,rep.jpg.jpg,85063,f7111f107bfe4c8ca4277da64bb3c72b32c1edfe9d9588704cce252f54114935,,,,,False,f7111f107bfe4c8ca4277da64bb3c72b32c1edfe9d9588704cce252f54114935,False,False,test
recovered_archive1/77,recovered_archive1,77,report_image,recovered_archive1/77/rep_1905090.jpg.jpg,rep_1905090.jpg.jpg,84345,51e8b4006c7fda809f38e1743228e220dfc1882587c6051b51138760e39335e2,,,,,False,51e8b4006c7fda809f38e1743228e220dfc1882587c6051b51138760e39335e2,False,False,test
recovered_archive1/77,recovered_archive1,77,report_image,recovered_archive1/77/rep_1905091.jpg.jpg,rep_1905091.jpg.jpg,85063,f7111f107bfe4c8ca4277da64bb3c72b32c1edfe9d9588704cce252f54114935,,,,,False,f7111f107bfe4c8ca4277da64bb3c72b32c1edfe9d9588704cce252f54114935,False,False,test
recovered_archive1/77,recovered_archive1,77,report_image,recovered_archive1/77/rep_左手.jpg.jpg,rep_左手.jpg.jpg,85063,f7111f107bfe4c8ca4277da64bb3c72b32c1edfe9d9588704cce252f54114935,,,,,False,f7111f107bfe4c8ca4277da64bb3c72b32c1edfe9d9588704cce252f54114935,False,False,test
recovered_archive1/77,recovered_archive1,77,video,recovered_archive1/77/wmv0.avi,wmv0.avi,415242752,,,,,,False,,True,False,test
recovered_archive1/77,recovered_archive1,77,video,recovered_archive1/77/wmv1.avi,wmv1.avi,358619136,,,,,,False,,True,False,test
recovered_archive1/77,recovered_archive1,77,video,recovered_archive1/77/wmv2.avi,wmv2.avi,405805568,,,,,,False,,True,False,test
recovered_archive1/78,recovered_archive1,78,cap_image,recovered_archive1/78/CAPorg1.jpg,CAPorg1.jpg,660326,9e6e5bb048aaa32c0cb5fb29d053967d0d1a175ce7e210f6b236d38118f0b3e0,1024,768,186.542479,41.828732,False,9e6e5bb048aaa32c0cb5fb29d053967d0d1a175ce7e210f6b236d38118f0b3e0,False,True,val
recovered_archive1/78,recovered_archive1,78,cap_image,recovered_archive1/78/CAPorg10.jpg,CAPorg10.jpg,628892,c45add2b573019bf006bbea3edb13d97b0bc1a550a461f64b1f0f7bc9add5828,1024,768,99.774731,47.369852,False,c45add2b573019bf006bbea3edb13d97b0bc1a550a461f64b1f0f7bc9add5828,False,True,val
recovered_archive1/78,recovered_archive1,78,cap_image,recovered_archive1/78/CAPorg2.jpg,CAPorg2.jpg,637864,ff19f053b7dbb800e7f1176ad110a828ada44fd585f593649a3770ca5f7698e7,1024,768,155.172152,37.671909,False,ff19f053b7dbb800e7f1176ad110a828ada44fd585f593649a3770ca5f7698e7,False,True,val
recovered_archive1/78,recovered_archive1,78,cap_image,recovered_archive1/78/CAPorg3.jpg,CAPorg3.jpg,656557,ddcfaa678cc82c6fb0a425e522b081cc9f94ab8611f3c4929a2b9cbebfb25c96,1024,768,140.231313,27.640942,False,ddcfaa678cc82c6fb0a425e522b081cc9f94ab8611f3c4929a2b9cbebfb25c96,False,True,val
recovered_archive1/78,recovered_archive1,78,cap_image,recovered_archive1/78/CAPorg4.jpg,CAPorg4.jpg,649711,be58ae7ea328e1ea4e8b6dff775bb86abb8b03937f195e2bbcb108df0555c604,1024,768,127.742676,22.57028,False,be58ae7ea328e1ea4e8b6dff775bb86abb8b03937f195e2bbcb108df0555c604,False,True,val
recovered_archive1/78,recovered_archive1,78,cap_image,recovered_archive1/78/CAPorg5.jpg,CAPorg5.jpg,619216,8542699a051ca0665cbd25308d5d88f5404e086a761c4ae385bc69ecddf2cfe2,1024,768,87.98476,47.530628,False,8542699a051ca0665cbd25308d5d88f5404e086a761c4ae385bc69ecddf2cfe2,False,True,val
recovered_archive1/78,recovered_archive1,78,cap_image,recovered_archive1/78/CAPorg6.jpg,CAPorg6.jpg,607443,1bc8169b2a04e1dc2a0e80af35de74bb517dae866933442c82b630574c805fd8,1024,768,69.104233,40.831841,False,1bc8169b2a04e1dc2a0e80af35de74bb517dae866933442c82b630574c805fd8,False,True,val
recovered_archive1/78,recovered_archive1,78,cap_image,recovered_archive1/78/CAPorg7.jpg,CAPorg7.jpg,589678,187b87efc59fcef7c092dab345b37a98dda1395dd9e4e8901c961882106ceffb,1024,768,54.113707,33.529034,False,187b87efc59fcef7c092dab345b37a98dda1395dd9e4e8901c961882106ceffb,False,True,val
recovered_archive1/78,recovered_archive1,78,cap_image,recovered_archive1/78/CAPorg8.jpg,CAPorg8.jpg,623282,062cddf3f5a1427572998dbc0a204c30e30c9b6d483ef79ff2682305ed0e834c,1024,768,101.262496,42.848641,False,062cddf3f5a1427572998dbc0a204c30e30c9b6d483ef79ff2682305ed0e834c,False,True,val
recovered_archive1/78,recovered_archive1,78,cap_image,recovered_archive1/78/CAPorg9.jpg,CAPorg9.jpg,624149,d291e198d2fc214f0359bbd91646c0e54e5275b1f29d4bfae1693f288947d90f,1024,768,97.970131,47.725069,False,d291e198d2fc214f0359bbd91646c0e54e5275b1f29d4bfae1693f288947d90f,False,True,val
recovered_archive1/78,recovered_archive1,78,report_image,recovered_archive1/78/rep.jpg.jpg,rep.jpg.jpg,78003,32c274b02cae385d0223033f9a2d867c51156e1b5c755ef1ea282994a059ab07,,,,,False,32c274b02cae385d0223033f9a2d867c51156e1b5c755ef1ea282994a059ab07,False,False,val
recovered_archive1/78,recovered_archive1,78,report_image,recovered_archive1/78/rep_1902260.jpg.jpg,rep_1902260.jpg.jpg,78003,32c274b02cae385d0223033f9a2d867c51156e1b5c755ef1ea282994a059ab07,,,,,False,32c274b02cae385d0223033f9a2d867c51156e1b5c755ef1ea282994a059ab07,False,False,val
recovered_archive1/78,recovered_archive1,78,report_image,recovered_archive1/78/rep_1902261.jpg.jpg,rep_1902261.jpg.jpg,78003,32c274b02cae385d0223033f9a2d867c51156e1b5c755ef1ea282994a059ab07,,,,,False,32c274b02cae385d0223033f9a2d867c51156e1b5c755ef1ea282994a059ab07,False,False,val
recovered_archive1/78,recovered_archive1,78,report_image,recovered_archive1/78/rep_左手.jpg.jpg,rep_左手.jpg.jpg,78003,32c274b02cae385d0223033f9a2d867c51156e1b5c755ef1ea282994a059ab07,,,,,False,32c274b02cae385d0223033f9a2d867c51156e1b5c755ef1ea282994a059ab07,False,False,val
recovered_archive1/79,recovered_archive1,79,cap_image,recovered_archive1/79/CAPorg1.jpg,CAPorg1.jpg,581440,7c9ba93e94cbefa0e0d991ea7b6f6931c8226db93aae8a21ba35a2e87cf397d5,1024,768,176.69972,59.96266,False,7c9ba93e94cbefa0e0d991ea7b6f6931c8226db93aae8a21ba35a2e87cf397d5,False,True,train
recovered_archive1/79,recovered_archive1,79,cap_image,recovered_archive1/79/CAPorg2.jpg,CAPorg2.jpg,644190,ce2e4e178da341df636597c502de0db58fa1501509adc118d6161bd530610f35,1024,768,143.68272,56.156344,False,ce2e4e178da341df636597c502de0db58fa1501509adc118d6161bd530610f35,False,True,train
recovered_archive1/79,recovered_archive1,79,cap_image,recovered_archive1/79/CAPorg3.jpg,CAPorg3.jpg,633005,f950830d52ad4a88cf79782f546beeed3a3edcef3a2bf6e1427648ed9da43981,1024,768,151.920448,49.315335,False,f950830d52ad4a88cf79782f546beeed3a3edcef3a2bf6e1427648ed9da43981,False,True,train
recovered_archive1/79,recovered_archive1,79,cap_image,recovered_archive1/79/CAPorg4.jpg,CAPorg4.jpg,637484,53ea8410f1ab7903626ba4c320d9b80faeb757708e3524d906d2a910aef72f40,1024,768,148.718114,51.470036,False,53ea8410f1ab7903626ba4c320d9b80faeb757708e3524d906d2a910aef72f40,False,True,train
recovered_archive1/79,recovered_archive1,79,cap_image,recovered_archive1/79/CAPorg5.jpg,CAPorg5.jpg,639034,54b46281825445334185bb5a899807cce81aab9f38b4acd1bc1b5a33cfc3165d,1024,768,121.261935,52.468464,False,54b46281825445334185bb5a899807cce81aab9f38b4acd1bc1b5a33cfc3165d,False,True,train
recovered_archive1/79,recovered_archive1,79,cap_image,recovered_archive1/79/CAPorg6.jpg,CAPorg6.jpg,631928,cd3060eaae4b2fd893365c53c7cfbfd996a7ff445112793c86f187dd3ea431f7,1024,768,104.781569,44.248421,False,cd3060eaae4b2fd893365c53c7cfbfd996a7ff445112793c86f187dd3ea431f7,False,True,train
recovered_archive1/79,recovered_archive1,79,cap_image,recovered_archive1/79/CAPorg7.jpg,CAPorg7.jpg,639759,a16f8e42f6f55e3876a007e6465825cb625fcb57a8bee8680c28f9fdfadd32fe,1024,768,119.284964,50.646583,False,a16f8e42f6f55e3876a007e6465825cb625fcb57a8bee8680c28f9fdfadd32fe,False,True,train
recovered_archive1/79,recovered_archive1,79,cap_image,recovered_archive1/79/CAPorg8.jpg,CAPorg8.jpg,520960,06b577cd2b0859b1dd7ef1c9264067491a2d0b3fb612241a81af74d6c86dfccc,1024,768,172.491316,55.119668,False,06b577cd2b0859b1dd7ef1c9264067491a2d0b3fb612241a81af74d6c86dfccc,False,True,train
recovered_archive1/79,recovered_archive1,79,cap_image,recovered_archive1/79/CAPorg9.jpg,CAPorg9.jpg,516472,c7444326319dd070472eb7640a38ab2b557c9cb3b8ea9b27aef9ff15272c14cf,1024,768,158.589068,60.199447,False,c7444326319dd070472eb7640a38ab2b557c9cb3b8ea9b27aef9ff15272c14cf,False,True,train
recovered_archive1/79,recovered_archive1,79,report_image,recovered_archive1/79/rep.jpg.jpg,rep.jpg.jpg,74082,44527f751149349847c8c761ca0ae7bc1378dbc1c64560ddac74679708f475fb,,,,,False,44527f751149349847c8c761ca0ae7bc1378dbc1c64560ddac74679708f475fb,False,False,train
recovered_archive1/79,recovered_archive1,79,report_image,recovered_archive1/79/rep_1902210.jpg.jpg,rep_1902210.jpg.jpg,74082,44527f751149349847c8c761ca0ae7bc1378dbc1c64560ddac74679708f475fb,,,,,False,44527f751149349847c8c761ca0ae7bc1378dbc1c64560ddac74679708f475fb,False,False,train
recovered_archive1/79,recovered_archive1,79,report_image,recovered_archive1/79/rep_1902211.jpg.jpg,rep_1902211.jpg.jpg,74082,44527f751149349847c8c761ca0ae7bc1378dbc1c64560ddac74679708f475fb,,,,,False,44527f751149349847c8c761ca0ae7bc1378dbc1c64560ddac74679708f475fb,False,False,train
recovered_archive1/79,recovered_archive1,79,report_image,recovered_archive1/79/rep_左手.jpg.jpg,rep_左手.jpg.jpg,74082,44527f751149349847c8c761ca0ae7bc1378dbc1c64560ddac74679708f475fb,,,,,False,44527f751149349847c8c761ca0ae7bc1378dbc1c64560ddac74679708f475fb,False,False,train
recovered_archive1/80,recovered_archive1,80,cap_image,recovered_archive1/80/CAPorg1.jpg,CAPorg1.jpg,623952,c215ca5e08bf61f735eff147ce42086635f4dfecfde574bfbaeb09abc63e7dfe,1024,768,94.802595,26.977907,False,c215ca5e08bf61f735eff147ce42086635f4dfecfde574bfbaeb09abc63e7dfe,False,True,train
recovered_archive1/80,recovered_archive1,80,cap_image,recovered_archive1/80/CAPorg2.jpg,CAPorg2.jpg,626956,d0c3733190517e7f069bd1ef6b185b39ce66c8239f7b569a3310fb656f3cfc05,1024,768,100.074821,28.243777,False,d0c3733190517e7f069bd1ef6b185b39ce66c8239f7b569a3310fb656f3cfc05,False,True,train
recovered_archive1/80,recovered_archive1,80,cap_image,recovered_archive1/80/CAPorg3.jpg,CAPorg3.jpg,648105,207dd71e2b41dbdb85318df13964fc37a2e69d01296bf751fe4ea6adc5ecf059,1024,768,150.311105,35.263519,False,207dd71e2b41dbdb85318df13964fc37a2e69d01296bf751fe4ea6adc5ecf059,False,True,train
recovered_archive1/80,recovered_archive1,80,cap_image,recovered_archive1/80/CAPorg4.jpg,CAPorg4.jpg,639372,24f7da01fa2791bffb89fe4a5d5e36a2e7b1d5ad9e31f292904ddbf03e304d38,1024,768,128.657221,29.450447,False,24f7da01fa2791bffb89fe4a5d5e36a2e7b1d5ad9e31f292904ddbf03e304d38,False,True,train
recovered_archive1/80,recovered_archive1,80,cap_image,recovered_archive1/80/CAPorg5.jpg,CAPorg5.jpg,632737,fd0285c1efd82f758ebe0ec643649a7a8f1fa76469a64fc442c8eeb01107c0c2,1024,768,119.122593,27.876534,False,fd0285c1efd82f758ebe0ec643649a7a8f1fa76469a64fc442c8eeb01107c0c2,False,True,train
recovered_archive1/80,recovered_archive1,80,cap_image,recovered_archive1/80/CAPorg6.jpg,CAPorg6.jpg,654325,64414865f2b9a8f3684129b59c15eb21819b42cf447183635a8746455ae19664,1024,768,174.63157,32.466882,False,64414865f2b9a8f3684129b59c15eb21819b42cf447183635a8746455ae19664,False,True,train
recovered_archive1/80,recovered_archive1,80,cap_image,recovered_archive1/80/CAPorg7.jpg,CAPorg7.jpg,653925,0cc51bd6eb9a79d1228e01eb0efa608102f207a769aa9ad96286eacf961b527b,1024,768,176.191861,33.762743,False,0cc51bd6eb9a79d1228e01eb0efa608102f207a769aa9ad96286eacf961b527b,False,True,train
recovered_archive1/80,recovered_archive1,80,report_image,recovered_archive1/80/rep.jpg.jpg,rep.jpg.jpg,82183,53834d51ac2a425a3d662b9f4c70ac80ea685b0662cb4f261885685e5fa75e32,,,,,False,53834d51ac2a425a3d662b9f4c70ac80ea685b0662cb4f261885685e5fa75e32,False,False,train
recovered_archive1/80,recovered_archive1,80,report_image,recovered_archive1/80/rep_1905210.jpg.jpg,rep_1905210.jpg.jpg,56425,70921c03cfbee1da81c8e71189b6126d5e82504cc93d3a400565a76ac7028834,,,,,False,70921c03cfbee1da81c8e71189b6126d5e82504cc93d3a400565a76ac7028834,False,False,train
recovered_archive1/80,recovered_archive1,80,report_image,recovered_archive1/80/rep_1905211.jpg.jpg,rep_1905211.jpg.jpg,82183,53834d51ac2a425a3d662b9f4c70ac80ea685b0662cb4f261885685e5fa75e32,,,,,False,53834d51ac2a425a3d662b9f4c70ac80ea685b0662cb4f261885685e5fa75e32,False,False,train
recovered_archive1/80,recovered_archive1,80,report_image,recovered_archive1/80/rep_左手.jpg.jpg,rep_左手.jpg.jpg,82183,53834d51ac2a425a3d662b9f4c70ac80ea685b0662cb4f261885685e5fa75e32,,,,,False,53834d51ac2a425a3d662b9f4c70ac80ea685b0662cb4f261885685e5fa75e32,False,False,train
recovered_archive1/81,recovered_archive1,81,cap_image,recovered_archive1/81/CAPorg1.jpg,CAPorg1.jpg,611770,20c2a37cc7cfcf1c911fdd033146b18293b9508e537120b34aefa85838befd5a,1024,768,76.830115,47.433916,False,20c2a37cc7cfcf1c911fdd033146b18293b9508e537120b34aefa85838befd5a,False,True,train
recovered_archive1/81,recovered_archive1,81,cap_image,recovered_archive1/81/CAPorg10.jpg,CAPorg10.jpg,588192,da877340ac379e96d15a0c512e940f42f76256807914d81f3d160d91fc0369de,1024,768,80.904953,52.871641,False,da877340ac379e96d15a0c512e940f42f76256807914d81f3d160d91fc0369de,False,True,train
recovered_archive1/81,recovered_archive1,81,cap_image,recovered_archive1/81/CAPorg11.jpg,CAPorg11.jpg,612645,f7ed71170be092a6661aec0c5d08587ceff76fa5f9550b161508cccb246a4621,1024,768,82.460745,35.399263,False,f7ed71170be092a6661aec0c5d08587ceff76fa5f9550b161508cccb246a4621,False,True,train
recovered_archive1/81,recovered_archive1,81,cap_image,recovered_archive1/81/CAPorg12.jpg,CAPorg12.jpg,597758,7a5c71d00abe183ae8163f696ee82bec7971dbc699485b08b317fe12b7cedbf1,1024,768,69.346226,38.113954,False,7a5c71d00abe183ae8163f696ee82bec7971dbc699485b08b317fe12b7cedbf1,False,True,train
recovered_archive1/81,recovered_archive1,81,cap_image,recovered_archive1/81/CAPorg13.jpg,CAPorg13.jpg,609491,a378197aac162d265ad610aca19d87c5ebb0cc0c621e71d42086a8880d1c934c,1024,768,69.76893,36.611581,False,a378197aac162d265ad610aca19d87c5ebb0cc0c621e71d42086a8880d1c934c,False,True,train
recovered_archive1/81,recovered_archive1,81,cap_image,recovered_archive1/81/CAPorg14.jpg,CAPorg14.jpg,599454,25564449cec2dc56f76be72a32d111022ed2f7aaf12d578c0ce88465c8c7fdac,1024,768,63.810502,35.191926,False,25564449cec2dc56f76be72a32d111022ed2f7aaf12d578c0ce88465c8c7fdac,False,True,train
recovered_archive1/81,recovered_archive1,81,cap_image,recovered_archive1/81/CAPorg15.jpg,CAPorg15.jpg,609817,c85b2547c328bd5e65d9c39bb189429cdce98eff60733d7c392b71c4f26f2e88,1024,768,68.114361,32.772472,False,c85b2547c328bd5e65d9c39bb189429cdce98eff60733d7c392b71c4f26f2e88,False,True,train
recovered_archive1/81,recovered_archive1,81,cap_image,recovered_archive1/81/CAPorg16.jpg,CAPorg16.jpg,611187,07825aa689d2dc4f0a09c18ed3d2a56456ca0a329cc73ef44a513c48fd574588,1024,768,84.314798,38.338073,False,07825aa689d2dc4f0a09c18ed3d2a56456ca0a329cc73ef44a513c48fd574588,False,True,train
recovered_archive1/81,recovered_archive1,81,cap_image,recovered_archive1/81/CAPorg2.jpg,CAPorg2.jpg,578565,ca3ff5018023dc5f7d7622a707041d51015622ad9db96138601479bde1baed90,1024,768,104.042334,65.282063,False,ca3ff5018023dc5f7d7622a707041d51015622ad9db96138601479bde1baed90,False,True,train
recovered_archive1/81,recovered_archive1,81,cap_image,recovered_archive1/81/CAPorg3.jpg,CAPorg3.jpg,602328,eb284890de4245afa518666cb414c34ec85286daa8cda60c8b45d46552526d93,1024,768,87.52039,53.77321,False,eb284890de4245afa518666cb414c34ec85286daa8cda60c8b45d46552526d93,False,True,train
recovered_archive1/81,recovered_archive1,81,cap_image,recovered_archive1/81/CAPorg4.jpg,CAPorg4.jpg,630823,057ac07eb887c536c670cb774599c4fe3b6111419b2b31c318ae8f1ae701b099,1024,768,113.861319,48.385814,False,057ac07eb887c536c670cb774599c4fe3b6111419b2b31c318ae8f1ae701b099,False,True,train
recovered_archive1/81,recovered_archive1,81,cap_image,recovered_archive1/81/CAPorg5.jpg,CAPorg5.jpg,573861,bacf5b4fc7acd52e3aea5f01449cb030eea801af8c3bcb9e4394abcc06538b82,1024,768,97.370879,58.419771,False,bacf5b4fc7acd52e3aea5f01449cb030eea801af8c3bcb9e4394abcc06538b82,False,True,train
recovered_archive1/81,recovered_archive1,81,cap_image,recovered_archive1/81/CAPorg6.jpg,CAPorg6.jpg,569403,354e95c3650bfa6a809c3cfbdbf1d8fa8a37c7efdbfc82230a7031d155d31e94,1024,768,95.374392,62.785911,False,354e95c3650bfa6a809c3cfbdbf1d8fa8a37c7efdbfc82230a7031d155d31e94,False,True,train
recovered_archive1/81,recovered_archive1,81,cap_image,recovered_archive1/81/CAPorg7.jpg,CAPorg7.jpg,589927,551b46e56b7c1cad0be6603446f6321f92f999179d8c3c8c01bf7a7486300978,1024,768,84.378165,56.052537,False,551b46e56b7c1cad0be6603446f6321f92f999179d8c3c8c01bf7a7486300978,False,True,train
recovered_archive1/81,recovered_archive1,81,cap_image,recovered_archive1/81/CAPorg8.jpg,CAPorg8.jpg,576398,b534c8fafef3198a98cefdb3ae34c1c173ac07d793b9d16120b872318deba466,1024,768,60.955402,49.252476,False,b534c8fafef3198a98cefdb3ae34c1c173ac07d793b9d16120b872318deba466,False,True,train
recovered_archive1/81,recovered_archive1,81,cap_image,recovered_archive1/81/CAPorg9.jpg,CAPorg9.jpg,581315,671c6741b6e48973a42671b46eb7a184cf85cad60eafdc296f0dd356cd5d0f6e,1024,768,49.082458,35.281548,False,671c6741b6e48973a42671b46eb7a184cf85cad60eafdc296f0dd356cd5d0f6e,False,True,train
recovered_archive1/81,recovered_archive1,81,report_image,recovered_archive1/81/rep.jpg.jpg,rep.jpg.jpg,72915,c598c23739dc0938262e7110415cb55529c0fd539759b3463c6ee46d527f275e,,,,,False,c598c23739dc0938262e7110415cb55529c0fd539759b3463c6ee46d527f275e,False,False,train
recovered_archive1/81,recovered_archive1,81,report_image,recovered_archive1/81/rep_2012030.jpg.jpg,rep_2012030.jpg.jpg,72915,c598c23739dc0938262e7110415cb55529c0fd539759b3463c6ee46d527f275e,,,,,False,c598c23739dc0938262e7110415cb55529c0fd539759b3463c6ee46d527f275e,False,False,train
recovered_archive1/81,recovered_archive1,81,report_image,recovered_archive1/81/rep_2012031.jpg.jpg,rep_2012031.jpg.jpg,72915,c598c23739dc0938262e7110415cb55529c0fd539759b3463c6ee46d527f275e,,,,,False,c598c23739dc0938262e7110415cb55529c0fd539759b3463c6ee46d527f275e,False,False,train
recovered_archive1/81,recovered_archive1,81,report_image,recovered_archive1/81/rep_双手无名指.jpg.jpg,rep_双手无名指.jpg.jpg,72915,c598c23739dc0938262e7110415cb55529c0fd539759b3463c6ee46d527f275e,,,,,False,c598c23739dc0938262e7110415cb55529c0fd539759b3463c6ee46d527f275e,False,False,train
recovered_archive1/81,recovered_archive1,81,video,recovered_archive1/81/wmv0.avi,wmv0.avi,504897024,,,,,,False,,True,False,train
recovered_archive1/82,recovered_archive1,82,cap_image,recovered_archive1/82/CAPorg1.jpg,CAPorg1.jpg,590788,6eb1c94ef910b1820cd40c7eeb8e03d6877b983c96ee0177cb867ec853007730,1024,768,44.537534,15.990081,False,6eb1c94ef910b1820cd40c7eeb8e03d6877b983c96ee0177cb867ec853007730,False,True,train
recovered_archive1/82,recovered_archive1,82,cap_image,recovered_archive1/82/CAPorg2.jpg,CAPorg2.jpg,579200,a0a12ab94ae4ff83d3844bf5fa5a64de868dc8e1501314b80ee8f7eee82a0c03,1024,768,67.755859,46.515715,False,a0a12ab94ae4ff83d3844bf5fa5a64de868dc8e1501314b80ee8f7eee82a0c03,False,True,train
recovered_archive1/82,recovered_archive1,82,cap_image,recovered_archive1/82/CAPorg3.jpg,CAPorg3.jpg,564543,7d7d98f3dbe71b932038ec70d461beb2d1ecc140e2d594a34258a7932b4eb019,1024,768,64.277111,54.891651,False,7d7d98f3dbe71b932038ec70d461beb2d1ecc140e2d594a34258a7932b4eb019,False,True,train
recovered_archive1/82,recovered_archive1,82,cap_image,recovered_archive1/82/CAPorg4.jpg,CAPorg4.jpg,584822,17a071d2b8b2e7aefdef7e909f22e129ac9e863c6457f542d1ac25183932a5cc,1024,768,53.920498,37.44405,False,17a071d2b8b2e7aefdef7e909f22e129ac9e863c6457f542d1ac25183932a5cc,False,True,train
recovered_archive1/82,recovered_archive1,82,cap_image,recovered_archive1/82/CAPorg5.jpg,CAPorg5.jpg,582822,0a9f5d449deb3d5072a009bf2bd4d3286dead2b2d177ade1987a294afe096172,1024,768,47.706441,34.852038,False,0a9f5d449deb3d5072a009bf2bd4d3286dead2b2d177ade1987a294afe096172,False,True,train
recovered_archive1/82,recovered_archive1,82,cap_image,recovered_archive1/82/CAPorg6.jpg,CAPorg6.jpg,587576,bb3ecbbf4732f48ab4d5a3a8ecd5f4034b4a3439e928befb88e2475305e84326,1024,768,57.183913,37.135343,False,bb3ecbbf4732f48ab4d5a3a8ecd5f4034b4a3439e928befb88e2475305e84326,False,True,train
recovered_archive1/82,recovered_archive1,82,cap_image,recovered_archive1/82/CAPorg7.jpg,CAPorg7.jpg,581566,145d46cd32a20116cf5f3527447151abe1f4d23453cf65038fd97c9453d16220,1024,768,36.44193,13.887601,False,145d46cd32a20116cf5f3527447151abe1f4d23453cf65038fd97c9453d16220,False,True,train
recovered_archive1/82,recovered_archive1,82,report_image,recovered_archive1/82/rep.jpg.jpg,rep.jpg.jpg,69811,0b4789c995807bf1010909e617d3c1ea842af54bbd4b0dfa0f02a1a971561204,,,,,False,0b4789c995807bf1010909e617d3c1ea842af54bbd4b0dfa0f02a1a971561204,False,False,train
recovered_archive1/82,recovered_archive1,82,report_image,recovered_archive1/82/rep_1902210.jpg.jpg,rep_1902210.jpg.jpg,69811,0b4789c995807bf1010909e617d3c1ea842af54bbd4b0dfa0f02a1a971561204,,,,,False,0b4789c995807bf1010909e617d3c1ea842af54bbd4b0dfa0f02a1a971561204,False,False,train
recovered_archive1/82,recovered_archive1,82,report_image,recovered_archive1/82/rep_1902211.jpg.jpg,rep_1902211.jpg.jpg,69811,0b4789c995807bf1010909e617d3c1ea842af54bbd4b0dfa0f02a1a971561204,,,,,False,0b4789c995807bf1010909e617d3c1ea842af54bbd4b0dfa0f02a1a971561204,False,False,train
recovered_archive1/82,recovered_archive1,82,report_image,recovered_archive1/82/rep_左手.jpg.jpg,rep_左手.jpg.jpg,69811,0b4789c995807bf1010909e617d3c1ea842af54bbd4b0dfa0f02a1a971561204,,,,,False,0b4789c995807bf1010909e617d3c1ea842af54bbd4b0dfa0f02a1a971561204,False,False,train
recovered_archive1/83,recovered_archive1,83,cap_image,recovered_archive1/83/CAPorg1.jpg,CAPorg1.jpg,559546,5cd4f7318f5f3d342f9aff9f045cd0288bef8239a7f00ac6a72f8996094e277c,1024,768,106.774124,42.93321,False,5cd4f7318f5f3d342f9aff9f045cd0288bef8239a7f00ac6a72f8996094e277c,False,True,train
recovered_archive1/83,recovered_archive1,83,cap_image,recovered_archive1/83/CAPorg2.jpg,CAPorg2.jpg,571859,e284f702bc3d3341c03736efe6a763e5c52c433d4f9cc2616c0efcb09ef0bbe4,1024,768,168.799919,49.9015,False,e284f702bc3d3341c03736efe6a763e5c52c433d4f9cc2616c0efcb09ef0bbe4,False,True,train
recovered_archive1/83,recovered_archive1,83,cap_image,recovered_archive1/83/CAPorg3.jpg,CAPorg3.jpg,568530,d1805a55f0fa0636229e5eb5501e49714d28d7d1aa876262f4d2a63eeaf63eb2,1024,768,171.908296,54.830698,False,d1805a55f0fa0636229e5eb5501e49714d28d7d1aa876262f4d2a63eeaf63eb2,False,True,train
recovered_archive1/83,recovered_archive1,83,cap_image,recovered_archive1/83/CAPorg4.jpg,CAPorg4.jpg,559966,0780e9caa01aa629e1942c38ab179d1f67aaad75e80bcce5ee01af29d4aa47f9,1024,768,162.503986,61.179219,False,0780e9caa01aa629e1942c38ab179d1f67aaad75e80bcce5ee01af29d4aa47f9,False,True,train
recovered_archive1/83,recovered_archive1,83,cap_image,recovered_archive1/83/CAPorg5.jpg,CAPorg5.jpg,528290,bd708de13ddde0019901bd058b5aacd837a933236a8ce334c39b23fb1caaf44b,1024,768,171.140418,66.074535,False,bd708de13ddde0019901bd058b5aacd837a933236a8ce334c39b23fb1caaf44b,False,True,train
recovered_archive1/83,recovered_archive1,83,cap_image,recovered_archive1/83/CAPorg6.jpg,CAPorg6.jpg,549951,0c75ac9f01f5f527ca408de360b647be53bbe60f015f2de5af70f0a158925d02,1024,768,85.543677,42.082642,False,0c75ac9f01f5f527ca408de360b647be53bbe60f015f2de5af70f0a158925d02,False,True,train
recovered_archive1/83,recovered_archive1,83,cap_image,recovered_archive1/83/CAPorg7.jpg,CAPorg7.jpg,561993,b5e58beaa129de80d37f07f5c03161d4a1501c20f86099a509d91712b34f6599,1024,768,176.94791,44.921397,False,b5e58beaa129de80d37f07f5c03161d4a1501c20f86099a509d91712b34f6599,False,True,train
recovered_archive1/83,recovered_archive1,83,cap_image,recovered_archive1/83/CAPorg8.jpg,CAPorg8.jpg,574510,64c03d2faea539c5d185f170ead3a5838199301455a41a2fadde093825a46b2e,1024,768,166.695726,47.346781,False,64c03d2faea539c5d185f170ead3a5838199301455a41a2fadde093825a46b2e,False,True,train
recovered_archive1/83,recovered_archive1,83,cap_image,recovered_archive1/83/CAPorg9.jpg,CAPorg9.jpg,567983,098a22e8bb1a14dd7fb906796e143bb6687702935ad8ee7de4f5a6806d2b78e6,1024,768,190.892232,39.204957,False,098a22e8bb1a14dd7fb906796e143bb6687702935ad8ee7de4f5a6806d2b78e6,False,True,train
recovered_archive1/83,recovered_archive1,83,report_image,recovered_archive1/83/rep.jpg.jpg,rep.jpg.jpg,83398,70c99486e87198cd00de1e866d297f6316691671715e06ba67154a6faaf0e7db,,,,,False,70c99486e87198cd00de1e866d297f6316691671715e06ba67154a6faaf0e7db,False,False,train
recovered_archive1/83,recovered_archive1,83,report_image,recovered_archive1/83/rep_1812200.jpg.jpg,rep_1812200.jpg.jpg,83327,0a8a31e32268a6009c4d96ba4e84fd54bccc6a6af346c3a63cac9c7106ab7f58,,,,,False,0a8a31e32268a6009c4d96ba4e84fd54bccc6a6af346c3a63cac9c7106ab7f58,False,False,train
recovered_archive1/83,recovered_archive1,83,report_image,recovered_archive1/83/rep_1812201.jpg.jpg,rep_1812201.jpg.jpg,83458,739c78376df7a894c2340b22d953883ddb3774c29557121279895dad5b15d453,,,,,False,739c78376df7a894c2340b22d953883ddb3774c29557121279895dad5b15d453,False,False,train
recovered_archive1/83,recovered_archive1,83,report_image,recovered_archive1/83/rep_左手.jpg.jpg,rep_左手.jpg.jpg,83398,70c99486e87198cd00de1e866d297f6316691671715e06ba67154a6faaf0e7db,,,,,False,70c99486e87198cd00de1e866d297f6316691671715e06ba67154a6faaf0e7db,False,False,train
recovered_archive1/84,recovered_archive1,84,cap_image,recovered_archive1/84/CAPorg1.jpg,CAPorg1.jpg,626385,88da4daf565823f23cda1fdf54895fd4ce2423bc2dc9fb848b649071ed402486,1024,768,82.325906,57.28354,False,88da4daf565823f23cda1fdf54895fd4ce2423bc2dc9fb848b649071ed402486,False,True,train
recovered_archive1/84,recovered_archive1,84,cap_image,recovered_archive1/84/CAPorg2.jpg,CAPorg2.jpg,595670,8164a3da581e3efd88213b3c0f40cae27e3d3b339540d53427ea17db76a5abf1,1024,768,70.419648,46.168926,False,8164a3da581e3efd88213b3c0f40cae27e3d3b339540d53427ea17db76a5abf1,False,True,train
recovered_archive1/84,recovered_archive1,84,cap_image,recovered_archive1/84/CAPorg3.jpg,CAPorg3.jpg,578741,ee86b76e31bf830de97078dd12f0955244d570e573cbcc2bdc42cc285bfb69d0,1024,768,46.924732,29.179495,False,ee86b76e31bf830de97078dd12f0955244d570e573cbcc2bdc42cc285bfb69d0,False,True,train
recovered_archive1/84,recovered_archive1,84,cap_image,recovered_archive1/84/CAPorg4.jpg,CAPorg4.jpg,615828,46a0e73b1212eb940260a2b1c4fafcdafa3247bf1fbd0eafe771d38dd0bdc353,1024,768,100.128034,55.535715,False,46a0e73b1212eb940260a2b1c4fafcdafa3247bf1fbd0eafe771d38dd0bdc353,False,True,train
recovered_archive1/84,recovered_archive1,84,cap_image,recovered_archive1/84/CAPorg5.jpg,CAPorg5.jpg,599850,5bdd3d5ee86f80b04cc0340f4e2bc00de2187904a687c92e4578cc714f8ae3d3,1024,768,75.301126,50.957074,False,5bdd3d5ee86f80b04cc0340f4e2bc00de2187904a687c92e4578cc714f8ae3d3,False,True,train
recovered_archive1/84,recovered_archive1,84,cap_image,recovered_archive1/84/CAPorg6.jpg,CAPorg6.jpg,601766,f3ca253af3e7de2f6aeb7fec8cdcaf40905369b601f34d4a860d9a699d0fbafa,1024,768,72.56149,52.171343,False,f3ca253af3e7de2f6aeb7fec8cdcaf40905369b601f34d4a860d9a699d0fbafa,False,True,train
recovered_archive1/84,recovered_archive1,84,cap_image,recovered_archive1/84/CAPorg7.jpg,CAPorg7.jpg,613995,80deefc6b78ff53c1e8c5699944bffc31bf2754a1d21953188baf54e9630adc0,1024,768,83.978427,57.946283,False,80deefc6b78ff53c1e8c5699944bffc31bf2754a1d21953188baf54e9630adc0,False,True,train
recovered_archive1/84,recovered_archive1,84,cap_image,recovered_archive1/84/CAPorg8.jpg,CAPorg8.jpg,569519,e0943af42fe1fd4992e3a4d83633aeb1ee0de1d1d0dc7c4a02dadb0a5d0b9556,1024,768,63.753819,58.586414,False,e0943af42fe1fd4992e3a4d83633aeb1ee0de1d1d0dc7c4a02dadb0a5d0b9556,False,True,train
recovered_archive1/84,recovered_archive1,84,cap_image,recovered_archive1/84/CAPorg9.jpg,CAPorg9.jpg,563757,aa74fed712b417368946d2064ff33c771142ae1a59f9f676cba1543f892d8f57,1024,768,58.079196,53.644659,False,aa74fed712b417368946d2064ff33c771142ae1a59f9f676cba1543f892d8f57,False,True,train
recovered_archive1/84,recovered_archive1,84,report_image,recovered_archive1/84/rep.jpg.jpg,rep.jpg.jpg,83820,e25106e8d3fd132f4359bf6ed84c32ae6f0c0f5a4eda86044e448525c5c5cc1e,,,,,False,e25106e8d3fd132f4359bf6ed84c32ae6f0c0f5a4eda86044e448525c5c5cc1e,False,False,train
recovered_archive1/84,recovered_archive1,84,report_image,recovered_archive1/84/rep_1902120.jpg.jpg,rep_1902120.jpg.jpg,83293,ba9e4116b7ca1d4b2e32bb79cb04e2db20fa477a48d3e40b3dae09a01d89fd0f,,,,,False,ba9e4116b7ca1d4b2e32bb79cb04e2db20fa477a48d3e40b3dae09a01d89fd0f,False,False,train
recovered_archive1/84,recovered_archive1,84,report_image,recovered_archive1/84/rep_1902121.jpg.jpg,rep_1902121.jpg.jpg,83820,e25106e8d3fd132f4359bf6ed84c32ae6f0c0f5a4eda86044e448525c5c5cc1e,,,,,False,e25106e8d3fd132f4359bf6ed84c32ae6f0c0f5a4eda86044e448525c5c5cc1e,False,False,train
recovered_archive1/84,recovered_archive1,84,report_image,recovered_archive1/84/rep_1902122.jpg.jpg,rep_1902122.jpg.jpg,83820,e25106e8d3fd132f4359bf6ed84c32ae6f0c0f5a4eda86044e448525c5c5cc1e,,,,,False,e25106e8d3fd132f4359bf6ed84c32ae6f0c0f5a4eda86044e448525c5c5cc1e,False,False,train
recovered_archive1/84,recovered_archive1,84,report_image,recovered_archive1/84/rep_左手.jpg.jpg,rep_左手.jpg.jpg,83820,e25106e8d3fd132f4359bf6ed84c32ae6f0c0f5a4eda86044e448525c5c5cc1e,,,,,False,e25106e8d3fd132f4359bf6ed84c32ae6f0c0f5a4eda86044e448525c5c5cc1e,False,False,train
recovered_archive1/84,recovered_archive1,84,video,recovered_archive1/84/wmv0.avi,wmv0.avi,10288640,,,,,,False,,True,False,train
recovered_archive1/84,recovered_archive1,84,video,recovered_archive1/84/wmv1.avi,wmv1.avi,10229760,,,,,,False,,True,False,train
recovered_archive1/85,recovered_archive1,85,cap_image,recovered_archive1/85/CAPorg1.jpg,CAPorg1.jpg,653107,56e1ad4c7f9bed80eeef160a6713db52389c2b891012f246021bf7671f92d894,1024,768,149.015378,58.89276,False,56e1ad4c7f9bed80eeef160a6713db52389c2b891012f246021bf7671f92d894,False,True,train
recovered_archive1/85,recovered_archive1,85,cap_image,recovered_archive1/85/CAPorg10.jpg,CAPorg10.jpg,622521,ae517ee2d313e0db530314c13fcc1fab4b719b549b820c773584e55208e58b90,1024,768,86.973958,34.891031,False,ae517ee2d313e0db530314c13fcc1fab4b719b549b820c773584e55208e58b90,False,True,train
recovered_archive1/85,recovered_archive1,85,cap_image,recovered_archive1/85/CAPorg11.jpg,CAPorg11.jpg,619041,20949ec6316e4fa8378ad76479a9294f5e5b350b11c883c0884a098313a5567e,1024,768,83.968747,36.534363,False,20949ec6316e4fa8378ad76479a9294f5e5b350b11c883c0884a098313a5567e,False,True,train
recovered_archive1/85,recovered_archive1,85,cap_image,recovered_archive1/85/CAPorg12.jpg,CAPorg12.jpg,611713,5b3fea9160902962a8deea7c98ec5be227a7f4c6fb22b88a835eea6bc8f5c2bc,1024,768,82.737932,39.028613,False,5b3fea9160902962a8deea7c98ec5be227a7f4c6fb22b88a835eea6bc8f5c2bc,False,True,train
recovered_archive1/85,recovered_archive1,85,cap_image,recovered_archive1/85/CAPorg13.jpg,CAPorg13.jpg,604219,72f52077a75bacea67f7bf25e725792cb33354f5edeb47619c3f75afb96b02c5,1024,768,70.239484,40.027487,False,72f52077a75bacea67f7bf25e725792cb33354f5edeb47619c3f75afb96b02c5,False,True,train
recovered_archive1/85,recovered_archive1,85,cap_image,recovered_archive1/85/CAPorg2.jpg,CAPorg2.jpg,616130,dc1184513eb9a1979e3397c64c6f48e27416a83403d91918eaaff588f3a248f4,1024,768,79.593581,38.914023,False,dc1184513eb9a1979e3397c64c6f48e27416a83403d91918eaaff588f3a248f4,False,True,train
recovered_archive1/85,recovered_archive1,85,cap_image,recovered_archive1/85/CAPorg3.jpg,CAPorg3.jpg,615250,43a4735164afccfa52f79ae922ea70fb191811daa99176b93fdeb6b0ca66a6b0,1024,768,78.58564,38.345997,False,43a4735164afccfa52f79ae922ea70fb191811daa99176b93fdeb6b0ca66a6b0,False,True,train
recovered_archive1/85,recovered_archive1,85,cap_image,recovered_archive1/85/CAPorg4.jpg,CAPorg4.jpg,619193,3b169e91e50daede64407d7960d40887e45685f59797be4b30bb8a1c9e5d6e38,1024,768,89.522079,39.903012,False,3b169e91e50daede64407d7960d40887e45685f59797be4b30bb8a1c9e5d6e38,False,True,train
recovered_archive1/85,recovered_archive1,85,cap_image,recovered_archive1/85/CAPorg5.jpg,CAPorg5.jpg,621452,bf146b92ead6a4130adf286184a9b3952e682d1441bab0a40bcea5656cf36cb6,1024,768,91.472978,37.795077,False,bf146b92ead6a4130adf286184a9b3952e682d1441bab0a40bcea5656cf36cb6,False,True,train
recovered_archive1/85,recovered_archive1,85,cap_image,recovered_archive1/85/CAPorg6.jpg,CAPorg6.jpg,615666,d7880c9be739b3a017cd6408518b90d654ab78d2dc91a777296b2ace2a1fea90,1024,768,79.325948,35.030185,False,d7880c9be739b3a017cd6408518b90d654ab78d2dc91a777296b2ace2a1fea90,False,True,train
recovered_archive1/85,recovered_archive1,85,cap_image,recovered_archive1/85/CAPorg7.jpg,CAPorg7.jpg,621861,26ed024cab0ec2200a6231488289546b35fdc3c905e1afdd9c61ae40d8af1469,1024,768,85.712724,37.285166,False,26ed024cab0ec2200a6231488289546b35fdc3c905e1afdd9c61ae40d8af1469,False,True,train
recovered_archive1/85,recovered_archive1,85,cap_image,recovered_archive1/85/CAPorg8.jpg,CAPorg8.jpg,617367,35e0b1d22a2d7425f5f8ca6cde8af3c2d6dc2f0bee5831f8da53b9d0db59dd7f,1024,768,84.356865,37.637026,False,35e0b1d22a2d7425f5f8ca6cde8af3c2d6dc2f0bee5831f8da53b9d0db59dd7f,False,True,train
recovered_archive1/85,recovered_archive1,85,cap_image,recovered_archive1/85/CAPorg9.jpg,CAPorg9.jpg,617731,945ac28d5149c41ba5e5b73fd9347d18919153e23dcb0949d3c9f07a91338393,1024,768,83.706051,36.773455,False,945ac28d5149c41ba5e5b73fd9347d18919153e23dcb0949d3c9f07a91338393,False,True,train
recovered_archive1/85,recovered_archive1,85,report_image,recovered_archive1/85/rep.jpg.jpg,rep.jpg.jpg,79932,ca7e02b0b93ce8378ae95dedff71fef70de07e1fde7fe7834cc75045830000e6,,,,,False,ca7e02b0b93ce8378ae95dedff71fef70de07e1fde7fe7834cc75045830000e6,False,False,train
recovered_archive1/85,recovered_archive1,85,report_image,recovered_archive1/85/rep_1912030.jpg.jpg,rep_1912030.jpg.jpg,79932,ca7e02b0b93ce8378ae95dedff71fef70de07e1fde7fe7834cc75045830000e6,,,,,False,ca7e02b0b93ce8378ae95dedff71fef70de07e1fde7fe7834cc75045830000e6,False,False,train
recovered_archive1/85,recovered_archive1,85,report_image,recovered_archive1/85/rep_1912031.jpg.jpg,rep_1912031.jpg.jpg,79932,ca7e02b0b93ce8378ae95dedff71fef70de07e1fde7fe7834cc75045830000e6,,,,,False,ca7e02b0b93ce8378ae95dedff71fef70de07e1fde7fe7834cc75045830000e6,False,False,train
recovered_archive1/85,recovered_archive1,85,report_image,recovered_archive1/85/rep_左手.jpg.jpg,rep_左手.jpg.jpg,79932,ca7e02b0b93ce8378ae95dedff71fef70de07e1fde7fe7834cc75045830000e6,,,,,False,ca7e02b0b93ce8378ae95dedff71fef70de07e1fde7fe7834cc75045830000e6,False,False,train
recovered_archive1/85,recovered_archive1,85,video,recovered_archive1/85/wmv0.avi,wmv0.avi,497818624,,,,,,False,,True,False,train
recovered_archive1/85,recovered_archive1,85,video,recovered_archive1/85/wmv1.avi,wmv1.avi,386930688,,,,,,False,,True,False,train
recovered_archive1/86,recovered_archive1,86,cap_image,recovered_archive1/86/CAPorg1.jpg,CAPorg1.jpg,627394,34b104349c7bf11120ec82a00c0c61db18425d6a83b3294558e1fbea2e2448b5,1024,768,103.644887,55.036167,False,34b104349c7bf11120ec82a00c0c61db18425d6a83b3294558e1fbea2e2448b5,False,True,test
recovered_archive1/86,recovered_archive1,86,cap_image,recovered_archive1/86/CAPorg2.jpg,CAPorg2.jpg,651864,4aefd8e46934fbfa74a2d42cfdd9bd85ea3554d0d164ce83365502b96a2ae07f,1024,768,127.046895,43.594724,False,4aefd8e46934fbfa74a2d42cfdd9bd85ea3554d0d164ce83365502b96a2ae07f,False,True,test
recovered_archive1/86,recovered_archive1,86,cap_image,recovered_archive1/86/CAPorg3.jpg,CAPorg3.jpg,630006,cbf08993bbd2245429d419da463ed76f01d392a5b2291311b153abb997ad561b,1024,768,145.626194,55.287533,False,cbf08993bbd2245429d419da463ed76f01d392a5b2291311b153abb997ad561b,False,True,test
recovered_archive1/86,recovered_archive1,86,cap_image,recovered_archive1/86/CAPorg4.jpg,CAPorg4.jpg,644121,aec64c8faf88a09f4ca7781e02c7ad4f6277aadb240b1daece35c2658498504f,1024,768,125.086211,44.435316,False,aec64c8faf88a09f4ca7781e02c7ad4f6277aadb240b1daece35c2658498504f,False,True,test
recovered_archive1/86,recovered_archive1,86,cap_image,recovered_archive1/86/CAPorg5.jpg,CAPorg5.jpg,609747,84607a39af9610e100e3c787f421fec8980b3baa39d841f7e4e99a3e9dcad989,1024,768,86.375641,53.235311,False,84607a39af9610e100e3c787f421fec8980b3baa39d841f7e4e99a3e9dcad989,False,True,test
recovered_archive1/86,recovered_archive1,86,report_image,recovered_archive1/86/rep.jpg.jpg,rep.jpg.jpg,77850,80d1ac98eb5bdd2f5e5ee129fc779ecc579ecb91b12fe73db8b6c189ab3fa839,,,,,False,80d1ac98eb5bdd2f5e5ee129fc779ecc579ecb91b12fe73db8b6c189ab3fa839,False,False,test
recovered_archive1/86,recovered_archive1,86,report_image,recovered_archive1/86/rep_1901220.jpg.jpg,rep_1901220.jpg.jpg,77850,80d1ac98eb5bdd2f5e5ee129fc779ecc579ecb91b12fe73db8b6c189ab3fa839,,,,,False,80d1ac98eb5bdd2f5e5ee129fc779ecc579ecb91b12fe73db8b6c189ab3fa839,False,False,test
recovered_archive1/86,recovered_archive1,86,report_image,recovered_archive1/86/rep_1901221.jpg.jpg,rep_1901221.jpg.jpg,77850,80d1ac98eb5bdd2f5e5ee129fc779ecc579ecb91b12fe73db8b6c189ab3fa839,,,,,False,80d1ac98eb5bdd2f5e5ee129fc779ecc579ecb91b12fe73db8b6c189ab3fa839,False,False,test
recovered_archive1/86,recovered_archive1,86,report_image,recovered_archive1/86/rep_1901222.jpg.jpg,rep_1901222.jpg.jpg,77850,80d1ac98eb5bdd2f5e5ee129fc779ecc579ecb91b12fe73db8b6c189ab3fa839,,,,,False,80d1ac98eb5bdd2f5e5ee129fc779ecc579ecb91b12fe73db8b6c189ab3fa839,False,False,test
recovered_archive1/86,recovered_archive1,86,report_image,recovered_archive1/86/rep_左手.jpg.jpg,rep_左手.jpg.jpg,77850,80d1ac98eb5bdd2f5e5ee129fc779ecc579ecb91b12fe73db8b6c189ab3fa839,,,,,False,80d1ac98eb5bdd2f5e5ee129fc779ecc579ecb91b12fe73db8b6c189ab3fa839,False,False,test
recovered_archive1/87,recovered_archive1,87,cap_image,recovered_archive1/87/CAPorg1.jpg,CAPorg1.jpg,581948,9160f0d42be64891ce7b1c51ba3270f0e396ba5ea8df5d5b1564f94a448fb9e5,1024,768,141.425288,58.947453,False,9160f0d42be64891ce7b1c51ba3270f0e396ba5ea8df5d5b1564f94a448fb9e5,False,True,
recovered_archive1/87,recovered_archive1,87,cap_image,recovered_archive1/87/CAPorg2.jpg,CAPorg2.jpg,654401,927198ba71f583b70764076fe73523676f3de05ead313e35ca38503b5ee76dc0,1024,768,137.865453,44.95216,False,927198ba71f583b70764076fe73523676f3de05ead313e35ca38503b5ee76dc0,False,True,
recovered_archive1/87,recovered_archive1,87,cap_image,recovered_archive1/87/CAPorg3.jpg,CAPorg3.jpg,653926,0408174a460e3e7890587a1645b1fb795e5352b5ea6b763fe6eeee0ff61e87a3,1024,768,137.834811,45.138234,False,0408174a460e3e7890587a1645b1fb795e5352b5ea6b763fe6eeee0ff61e87a3,False,True,
recovered_archive1/87,recovered_archive1,87,cap_image,recovered_archive1/87/CAPorg4.jpg,CAPorg4.jpg,653281,4141b0e05e19a9a38ec8b4f1e3de06da1dbac2edb153be9b2fc47ec6bd0538bf,1024,768,129.857568,49.394379,False,4141b0e05e19a9a38ec8b4f1e3de06da1dbac2edb153be9b2fc47ec6bd0538bf,False,True,
recovered_archive1/87,recovered_archive1,87,cap_image,recovered_archive1/87/CAPorg5.jpg,CAPorg5.jpg,644428,0fe5133987287b7b6912c9744853785aed80c9bc627addf19384868c8db88fca,1024,768,126.232056,61.307612,False,0fe5133987287b7b6912c9744853785aed80c9bc627addf19384868c8db88fca,False,True,
recovered_archive1/88,recovered_archive1,88,cap_image,recovered_archive1/88/CAPorg1.jpg,CAPorg1.jpg,557729,6c24a98e6fc211ee79ebd52d5f181377e7f78425564dcb79ac3249117fb5853e,1024,768,26.893555,14.417911,False,6c24a98e6fc211ee79ebd52d5f181377e7f78425564dcb79ac3249117fb5853e,False,True,val
recovered_archive1/88,recovered_archive1,88,cap_image,recovered_archive1/88/CAPorg2.jpg,CAPorg2.jpg,589773,6d0ac8c58567887a015a5b1f4e4dcc32a3bfecb98dab9a70b4e93f8a9d84dbc2,1024,768,58.473044,24.870827,False,6d0ac8c58567887a015a5b1f4e4dcc32a3bfecb98dab9a70b4e93f8a9d84dbc2,False,True,val
recovered_archive1/88,recovered_archive1,88,cap_image,recovered_archive1/88/CAPorg3.jpg,CAPorg3.jpg,604778,b8be5ed58ec9bf5912d143f7a1f66bc11806a21569839dfeed139c8b66b1d2a9,1024,768,79.190276,34.312317,False,b8be5ed58ec9bf5912d143f7a1f66bc11806a21569839dfeed139c8b66b1d2a9,False,True,val
recovered_archive1/88,recovered_archive1,88,cap_image,recovered_archive1/88/CAPorg4.jpg,CAPorg4.jpg,544835,53c380d8d68cb41b45d0ce639d2b4d463e5d43fe5767de9a969ce98d7fc72325,1024,768,24.865681,15.514265,False,53c380d8d68cb41b45d0ce639d2b4d463e5d43fe5767de9a969ce98d7fc72325,False,True,val
recovered_archive1/88,recovered_archive1,88,cap_image,recovered_archive1/88/CAPorg5.jpg,CAPorg5.jpg,575273,20dfa14893f847efeea9e936dc6616cde4f5411bbf37acf7c32ff4a179588a96,1024,768,39.610203,20.130164,False,20dfa14893f847efeea9e936dc6616cde4f5411bbf37acf7c32ff4a179588a96,False,True,val
recovered_archive1/88,recovered_archive1,88,report_image,recovered_archive1/88/rep.jpg.jpg,rep.jpg.jpg,67201,f7796dd849352edb02353c41c0154a136c34f3b461439413e94652974ea5b9c6,,,,,False,f7796dd849352edb02353c41c0154a136c34f3b461439413e94652974ea5b9c6,False,False,val
recovered_archive1/88,recovered_archive1,88,report_image,recovered_archive1/88/rep_1903050.jpg.jpg,rep_1903050.jpg.jpg,67201,f7796dd849352edb02353c41c0154a136c34f3b461439413e94652974ea5b9c6,,,,,False,f7796dd849352edb02353c41c0154a136c34f3b461439413e94652974ea5b9c6,False,False,val
recovered_archive1/88,recovered_archive1,88,report_image,recovered_archive1/88/rep_1903051.jpg.jpg,rep_1903051.jpg.jpg,67201,f7796dd849352edb02353c41c0154a136c34f3b461439413e94652974ea5b9c6,,,,,False,f7796dd849352edb02353c41c0154a136c34f3b461439413e94652974ea5b9c6,False,False,val
recovered_archive1/88,recovered_archive1,88,report_image,recovered_archive1/88/rep_左手.jpg.jpg,rep_左手.jpg.jpg,67201,f7796dd849352edb02353c41c0154a136c34f3b461439413e94652974ea5b9c6,,,,,False,f7796dd849352edb02353c41c0154a136c34f3b461439413e94652974ea5b9c6,False,False,val
recovered_archive1/89,recovered_archive1,89,cap_image,recovered_archive1/89/CAPorg1.jpg,CAPorg1.jpg,595867,0d62b4fcaad980c35cfa13d7e634f18eeca63acaac2f8e140c186241840256c8,1024,768,47.849892,22.286851,False,0d62b4fcaad980c35cfa13d7e634f18eeca63acaac2f8e140c186241840256c8,False,True,train
recovered_archive1/89,recovered_archive1,89,cap_image,recovered_archive1/89/CAPorg2.jpg,CAPorg2.jpg,593283,30254d9f5a6c3d2e13e5187c4bf1c54164320480c36639665859d110fb8ff45f,1024,768,47.194843,26.914414,False,30254d9f5a6c3d2e13e5187c4bf1c54164320480c36639665859d110fb8ff45f,False,True,train
recovered_archive1/89,recovered_archive1,89,cap_image,recovered_archive1/89/CAPorg3.jpg,CAPorg3.jpg,574204,31f326ac4efbea96b9f8f81746dee473088057cfbd9f063c5e8de0a932a17aa8,1024,768,35.171794,28.696736,False,31f326ac4efbea96b9f8f81746dee473088057cfbd9f063c5e8de0a932a17aa8,False,True,train
recovered_archive1/89,recovered_archive1,89,cap_image,recovered_archive1/89/CAPorg4.jpg,CAPorg4.jpg,593434,4d70b02869f4b7d8f323f6ddbf1e8f51a5447f180d3654b6ae326add318ff34c,1024,768,72.237616,51.85952,False,4d70b02869f4b7d8f323f6ddbf1e8f51a5447f180d3654b6ae326add318ff34c,False,True,train
recovered_archive1/89,recovered_archive1,89,cap_image,recovered_archive1/89/CAPorg5.jpg,CAPorg5.jpg,572104,a21e8187bd3023148e0f9808ae591b2f3a9d87b47451f3af46c5e072040420e3,1024,768,41.372208,35.861083,False,a21e8187bd3023148e0f9808ae591b2f3a9d87b47451f3af46c5e072040420e3,False,True,train
recovered_archive1/89,recovered_archive1,89,report_image,recovered_archive1/89/rep.jpg.jpg,rep.jpg.jpg,81443,b74ac4eeb5dbf5bc201f9c668234dcf73159c58026bd433be1f83982c7f8b8e4,,,,,False,b74ac4eeb5dbf5bc201f9c668234dcf73159c58026bd433be1f83982c7f8b8e4,False,False,train
recovered_archive1/89,recovered_archive1,89,report_image,recovered_archive1/89/rep_1902120.jpg.jpg,rep_1902120.jpg.jpg,81443,b74ac4eeb5dbf5bc201f9c668234dcf73159c58026bd433be1f83982c7f8b8e4,,,,,False,b74ac4eeb5dbf5bc201f9c668234dcf73159c58026bd433be1f83982c7f8b8e4,False,False,train
recovered_archive1/89,recovered_archive1,89,report_image,recovered_archive1/89/rep_1902121.jpg.jpg,rep_1902121.jpg.jpg,81443,b74ac4eeb5dbf5bc201f9c668234dcf73159c58026bd433be1f83982c7f8b8e4,,,,,False,b74ac4eeb5dbf5bc201f9c668234dcf73159c58026bd433be1f83982c7f8b8e4,False,False,train
recovered_archive1/89,recovered_archive1,89,report_image,recovered_archive1/89/rep_1902122.jpg.jpg,rep_1902122.jpg.jpg,81443,b74ac4eeb5dbf5bc201f9c668234dcf73159c58026bd433be1f83982c7f8b8e4,,,,,False,b74ac4eeb5dbf5bc201f9c668234dcf73159c58026bd433be1f83982c7f8b8e4,False,False,train
recovered_archive1/89,recovered_archive1,89,report_image,recovered_archive1/89/rep_左手.jpg.jpg,rep_左手.jpg.jpg,81443,b74ac4eeb5dbf5bc201f9c668234dcf73159c58026bd433be1f83982c7f8b8e4,,,,,False,b74ac4eeb5dbf5bc201f9c668234dcf73159c58026bd433be1f83982c7f8b8e4,False,False,train
recovered_archive1/89,recovered_archive1,89,video,recovered_archive1/89/wmv0.avi,wmv0.avi,10168832,,,,,,False,,True,False,train
recovered_archive1/89,recovered_archive1,89,video,recovered_archive1/89/wmv1.avi,wmv1.avi,10227712,,,,,,False,,True,False,train
recovered_archive1/90,recovered_archive1,90,cap_image,recovered_archive1/90/CAPorg1.jpg,CAPorg1.jpg,12917,749a8efc155a7020938f4cce12a79e06e26c0435082b998dd21c0492d02f11a1,1024,768,0.0,0.0,True,749a8efc155a7020938f4cce12a79e06e26c0435082b998dd21c0492d02f11a1,False,True,test
recovered_archive1/90,recovered_archive1,90,cap_image,recovered_archive1/90/CAPorg2.jpg,CAPorg2.jpg,625092,c73b282befd685d4796ead35373c617b83830d2b44ae3e4daf933c7a184f6430,1024,768,82.01101,25.88347,False,c73b282befd685d4796ead35373c617b83830d2b44ae3e4daf933c7a184f6430,False,True,test
recovered_archive1/90,recovered_archive1,90,cap_image,recovered_archive1/90/CAPorg3.jpg,CAPorg3.jpg,585418,18b7c40bfc28c1c0965ca55766591c86a71d245f6ce76f63b4e471bbda30d247,1024,768,39.278257,14.681985,False,18b7c40bfc28c1c0965ca55766591c86a71d245f6ce76f63b4e471bbda30d247,False,True,test
recovered_archive1/90,recovered_archive1,90,cap_image,recovered_archive1/90/CAPorg4.jpg,CAPorg4.jpg,592783,31abbd0c8fcc8dfec3934b500ae28743f23049dce63d8de4a8ef4bb77c84a199,1024,768,44.724792,15.18809,False,31abbd0c8fcc8dfec3934b500ae28743f23049dce63d8de4a8ef4bb77c84a199,False,True,test
recovered_archive1/90,recovered_archive1,90,cap_image,recovered_archive1/90/CAPorg5.jpg,CAPorg5.jpg,592288,c4c28d9342f5ce61b52763e7249d9f5c09b072d53c66db7f4cfb08d567d3ca81,1024,768,55.541672,29.963815,False,c4c28d9342f5ce61b52763e7249d9f5c09b072d53c66db7f4cfb08d567d3ca81,False,True,test
recovered_archive1/90,recovered_archive1,90,cap_image,recovered_archive1/90/CAPorg6.jpg,CAPorg6.jpg,586388,a6ee9fc144256d4fb5e241301c6ed799c8560021395f1da8abde706f358814e2,1024,768,64.568452,42.812029,False,a6ee9fc144256d4fb5e241301c6ed799c8560021395f1da8abde706f358814e2,False,True,test
recovered_archive1/90,recovered_archive1,90,cap_image,recovered_archive1/90/CAPorg7.jpg,CAPorg7.jpg,589897,a41c2fb94bcad0e258b01288c28f54fc3b5732c03bdaba1eda9b12cc4a3fb839,1024,768,42.920801,16.100723,False,a41c2fb94bcad0e258b01288c28f54fc3b5732c03bdaba1eda9b12cc4a3fb839,False,True,test
recovered_archive1/90,recovered_archive1,90,cap_image,recovered_archive1/90/CAPorg8.jpg,CAPorg8.jpg,568484,92a2f4b387a38faf7aec695156adc95cb25cd202dc5c6df541809b5eba0e1ce2,1024,768,27.973066,15.762802,False,92a2f4b387a38faf7aec695156adc95cb25cd202dc5c6df541809b5eba0e1ce2,False,True,test
recovered_archive1/90,recovered_archive1,90,cap_image,recovered_archive1/90/CAPorg9.jpg,CAPorg9.jpg,574536,2324d4d7549d893b8e8db0d6d6c80c975c9565c20307ab5d8ae4857a3950b883,1024,768,33.173449,24.775127,False,2324d4d7549d893b8e8db0d6d6c80c975c9565c20307ab5d8ae4857a3950b883,False,True,test
recovered_archive1/90,recovered_archive1,90,report_image,recovered_archive1/90/rep.jpg.jpg,rep.jpg.jpg,83905,769448a7bd7d329ce47132dc7fe2aef446e67debfc7d2a29cc78f7ddf2a88fbd,,,,,False,769448a7bd7d329ce47132dc7fe2aef446e67debfc7d2a29cc78f7ddf2a88fbd,False,False,test
recovered_archive1/90,recovered_archive1,90,report_image,recovered_archive1/90/rep_1912120.jpg.jpg,rep_1912120.jpg.jpg,83905,769448a7bd7d329ce47132dc7fe2aef446e67debfc7d2a29cc78f7ddf2a88fbd,,,,,False,769448a7bd7d329ce47132dc7fe2aef446e67debfc7d2a29cc78f7ddf2a88fbd,False,False,test
recovered_archive1/90,recovered_archive1,90,report_image,recovered_archive1/90/rep_1912121.jpg.jpg,rep_1912121.jpg.jpg,83905,769448a7bd7d329ce47132dc7fe2aef446e67debfc7d2a29cc78f7ddf2a88fbd,,,,,False,769448a7bd7d329ce47132dc7fe2aef446e67debfc7d2a29cc78f7ddf2a88fbd,False,False,test
recovered_archive1/90,recovered_archive1,90,report_image,recovered_archive1/90/rep_1912122.jpg.jpg,rep_1912122.jpg.jpg,83905,769448a7bd7d329ce47132dc7fe2aef446e67debfc7d2a29cc78f7ddf2a88fbd,,,,,False,769448a7bd7d329ce47132dc7fe2aef446e67debfc7d2a29cc78f7ddf2a88fbd,False,False,test
recovered_archive1/90,recovered_archive1,90,report_image,recovered_archive1/90/rep_左手.jpg.jpg,rep_左手.jpg.jpg,83905,769448a7bd7d329ce47132dc7fe2aef446e67debfc7d2a29cc78f7ddf2a88fbd,,,,,False,769448a7bd7d329ce47132dc7fe2aef446e67debfc7d2a29cc78f7ddf2a88fbd,False,False,test
recovered_archive1/90,recovered_archive1,90,video,recovered_archive1/90/wmv0.avi,wmv0.avi,445913600,,,,,,False,,True,False,test
recovered_archive1/90,recovered_archive1,90,video,recovered_archive1/90/wmv1.avi,wmv1.avi,483662848,,,,,,False,,True,False,test
recovered_archive1/90,recovered_archive1,90,video,recovered_archive1/90/wmv2.avi,wmv2.avi,540286464,,,,,,False,,True,False,test
recovered_archive1/91,recovered_archive1,91,cap_image,recovered_archive1/91/CAPorg1.jpg,CAPorg1.jpg,382662,b370c185b2a1737dd7ede98d8363dac50d922c1027985d6d9e08abe528e15f7c,1024,768,219.954225,48.631519,False,b370c185b2a1737dd7ede98d8363dac50d922c1027985d6d9e08abe528e15f7c,False,True,train
recovered_archive1/91,recovered_archive1,91,cap_image,recovered_archive1/91/CAPorg2.jpg,CAPorg2.jpg,624358,1b069a22f87157ee6aba090e762211eec49f2c113cfb30a4b3f82d85f58776c1,1024,768,94.13155,37.660958,False,1b069a22f87157ee6aba090e762211eec49f2c113cfb30a4b3f82d85f58776c1,False,True,train
recovered_archive1/91,recovered_archive1,91,cap_image,recovered_archive1/91/CAPorg3.jpg,CAPorg3.jpg,617850,e23e11408604e441a064ab6e1f4bb06fd917aceeaeee5dc0b6763efaf2b637f9,1024,768,90.750893,41.632742,False,e23e11408604e441a064ab6e1f4bb06fd917aceeaeee5dc0b6763efaf2b637f9,False,True,train
recovered_archive1/91,recovered_archive1,91,cap_image,recovered_archive1/91/CAPorg4.jpg,CAPorg4.jpg,634215,d53b1bd97b8bb35a1fcb0155156219eafdfcee3d4c40fbdaec92609da2f8f645,1024,768,123.113979,45.951034,False,d53b1bd97b8bb35a1fcb0155156219eafdfcee3d4c40fbdaec92609da2f8f645,False,True,train
recovered_archive1/91,recovered_archive1,91,cap_image,recovered_archive1/91/CAPorg5.jpg,CAPorg5.jpg,584405,13adc09720c84b2ac2443565e4fd5f84ec63d8cbe0521dea47cb4ecd9f67c9d8,1024,768,63.844401,42.281555,False,13adc09720c84b2ac2443565e4fd5f84ec63d8cbe0521dea47cb4ecd9f67c9d8,False,True,train
recovered_archive1/91,recovered_archive1,91,cap_image,recovered_archive1/91/CAPorg6.jpg,CAPorg6.jpg,606699,ebda0455dd9858b99259ffd934f1cc59efcbfa422f91daab83704f40680b9cd1,1024,768,83.570493,54.8019,False,ebda0455dd9858b99259ffd934f1cc59efcbfa422f91daab83704f40680b9cd1,False,True,train
recovered_archive1/91,recovered_archive1,91,cap_image,recovered_archive1/91/CAPorg7.jpg,CAPorg7.jpg,603247,bb96fe8b9f42e04f26e11287cfa60203075ad063a379ab50b95e3983d5d40cb0,1024,768,117.693537,61.116285,False,bb96fe8b9f42e04f26e11287cfa60203075ad063a379ab50b95e3983d5d40cb0,False,True,train
recovered_archive1/91,recovered_archive1,91,report_image,recovered_archive1/91/rep.jpg.jpg,rep.jpg.jpg,80073,92a7f2e8b4f2702400d3366aa17fb3f78da0bec4a51af93f7a75e7463e9f87a6,,,,,False,92a7f2e8b4f2702400d3366aa17fb3f78da0bec4a51af93f7a75e7463e9f87a6,False,False,train
recovered_archive1/91,recovered_archive1,91,report_image,recovered_archive1/91/rep_1910170.jpg.jpg,rep_1910170.jpg.jpg,80073,92a7f2e8b4f2702400d3366aa17fb3f78da0bec4a51af93f7a75e7463e9f87a6,,,,,False,92a7f2e8b4f2702400d3366aa17fb3f78da0bec4a51af93f7a75e7463e9f87a6,False,False,train
recovered_archive1/91,recovered_archive1,91,report_image,recovered_archive1/91/rep_1910171.jpg.jpg,rep_1910171.jpg.jpg,80073,92a7f2e8b4f2702400d3366aa17fb3f78da0bec4a51af93f7a75e7463e9f87a6,,,,,False,92a7f2e8b4f2702400d3366aa17fb3f78da0bec4a51af93f7a75e7463e9f87a6,False,False,train
recovered_archive1/91,recovered_archive1,91,report_image,recovered_archive1/91/rep_左手.jpg.jpg,rep_左手.jpg.jpg,80073,92a7f2e8b4f2702400d3366aa17fb3f78da0bec4a51af93f7a75e7463e9f87a6,,,,,False,92a7f2e8b4f2702400d3366aa17fb3f78da0bec4a51af93f7a75e7463e9f87a6,False,False,train
recovered_archive1/91,recovered_archive1,91,video,recovered_archive1/91/wmv0.avi,wmv0.avi,339744256,,,,,,False,,True,False,train
recovered_archive1/91,recovered_archive1,91,video,recovered_archive1/91/wmv1.avi,wmv1.avi,382212096,,,,,,False,,True,False,train
recovered_archive1/92,recovered_archive1,92,cap_image,recovered_archive1/92/CAPorg1.jpg,CAPorg1.jpg,625869,47d93777309ed668accb527c77c955ba1ef5a84a8e46fe7ee4626f3f4aba59ba,1024,768,151.663546,31.630746,False,47d93777309ed668accb527c77c955ba1ef5a84a8e46fe7ee4626f3f4aba59ba,False,True,train
recovered_archive1/92,recovered_archive1,92,cap_image,recovered_archive1/92/CAPorg2.jpg,CAPorg2.jpg,620309,ec55ad3e8efefb1e2f8e96ad0839e11e977f2e1227b9052a62e27263c1a419aa,1024,768,166.886271,40.663743,False,ec55ad3e8efefb1e2f8e96ad0839e11e977f2e1227b9052a62e27263c1a419aa,False,True,train
recovered_archive1/92,recovered_archive1,92,cap_image,recovered_archive1/92/CAPorg3.jpg,CAPorg3.jpg,620332,de54db098cbdb17cb9d4c1fbe497f170dd6a9304763d3fd9227c33e96d421f7c,1024,768,153.271693,44.626228,False,de54db098cbdb17cb9d4c1fbe497f170dd6a9304763d3fd9227c33e96d421f7c,False,True,train
recovered_archive1/92,recovered_archive1,92,cap_image,recovered_archive1/92/CAPorg4.jpg,CAPorg4.jpg,609908,68d3310196b7ebfb576c67fe87038a666e257e864e0b40f5cb91adf1c5dc3834,1024,768,142.04414,51.990573,False,68d3310196b7ebfb576c67fe87038a666e257e864e0b40f5cb91adf1c5dc3834,False,True,train
recovered_archive1/92,recovered_archive1,92,report_image,recovered_archive1/92/rep.jpg.jpg,rep.jpg.jpg,75801,e27a7876c826fadeddfee725c498c6daa72f4fc2bd545457bb3f94c51418a37b,,,,,False,e27a7876c826fadeddfee725c498c6daa72f4fc2bd545457bb3f94c51418a37b,False,False,train
recovered_archive1/92,recovered_archive1,92,report_image,recovered_archive1/92/rep_1901030.jpg.jpg,rep_1901030.jpg.jpg,75801,e27a7876c826fadeddfee725c498c6daa72f4fc2bd545457bb3f94c51418a37b,,,,,False,e27a7876c826fadeddfee725c498c6daa72f4fc2bd545457bb3f94c51418a37b,False,False,train
recovered_archive1/92,recovered_archive1,92,report_image,recovered_archive1/92/rep_1901031.jpg.jpg,rep_1901031.jpg.jpg,75801,e27a7876c826fadeddfee725c498c6daa72f4fc2bd545457bb3f94c51418a37b,,,,,False,e27a7876c826fadeddfee725c498c6daa72f4fc2bd545457bb3f94c51418a37b,False,False,train
recovered_archive1/92,recovered_archive1,92,report_image,recovered_archive1/92/rep_左手.jpg.jpg,rep_左手.jpg.jpg,75801,e27a7876c826fadeddfee725c498c6daa72f4fc2bd545457bb3f94c51418a37b,,,,,False,e27a7876c826fadeddfee725c498c6daa72f4fc2bd545457bb3f94c51418a37b,False,False,train
recovered_archive1/93,recovered_archive1,93,cap_image,recovered_archive1/93/CAPorg1.jpg,CAPorg1.jpg,624468,a5533c1e2ddf1bf9471b274517817ef53287ccf25aa3b17083fda0c9ee4c5d57,1024,768,78.279242,30.511272,False,a5533c1e2ddf1bf9471b274517817ef53287ccf25aa3b17083fda0c9ee4c5d57,False,True,train
recovered_archive1/93,recovered_archive1,93,cap_image,recovered_archive1/93/CAPorg2.jpg,CAPorg2.jpg,636154,1d9030390d07e212155d65d987d500bbab4dd26a46100fab3c14667c0e33fbc0,1024,768,75.913255,21.423177,False,1d9030390d07e212155d65d987d500bbab4dd26a46100fab3c14667c0e33fbc0,False,True,train
recovered_archive1/93,recovered_archive1,93,cap_image,recovered_archive1/93/CAPorg3.jpg,CAPorg3.jpg,482648,8999882cd6cd1b915d6c703ca8d950ceac61ddbed7b1062e1e9ca1390bf9b339,1024,768,149.617246,70.992962,False,8999882cd6cd1b915d6c703ca8d950ceac61ddbed7b1062e1e9ca1390bf9b339,False,True,train
recovered_archive1/93,recovered_archive1,93,cap_image,recovered_archive1/93/CAPorg4.jpg,CAPorg4.jpg,610914,c8ec27f0f13c1b21f6d43ed98f80285f721eeb48cb9d68b8e1fcca0c5263ac11,1024,768,61.846455,27.846717,False,c8ec27f0f13c1b21f6d43ed98f80285f721eeb48cb9d68b8e1fcca0c5263ac11,False,True,train
recovered_archive1/93,recovered_archive1,93,cap_image,recovered_archive1/93/CAPorg5.jpg,CAPorg5.jpg,610786,58c9b08ea2b17bcb32981341ed947be9eed20eb97f2386b7c7be1b668f36629a,1024,768,62.148928,28.631195,False,58c9b08ea2b17bcb32981341ed947be9eed20eb97f2386b7c7be1b668f36629a,False,True,train
recovered_archive1/93,recovered_archive1,93,cap_image,recovered_archive1/93/CAPorg6.jpg,CAPorg6.jpg,614106,ddd1d6f3212d163bb45435c490a54ad41aefb873fb73949b1df3a48ba13c030f,1024,768,76.289803,33.573958,False,ddd1d6f3212d163bb45435c490a54ad41aefb873fb73949b1df3a48ba13c030f,False,True,train
recovered_archive1/93,recovered_archive1,93,report_image,recovered_archive1/93/rep.jpg.jpg,rep.jpg.jpg,72135,78e50fb1ff5865e6a7951eb42738779eb10cde9abad06aad836b54f72555906b,,,,,False,78e50fb1ff5865e6a7951eb42738779eb10cde9abad06aad836b54f72555906b,False,False,train
recovered_archive1/93,recovered_archive1,93,report_image,recovered_archive1/93/rep_2007070.jpg.jpg,rep_2007070.jpg.jpg,70035,9b2770c77253ba139418e00df2540844842e04170eb9cf006f0364f673cde6a3,,,,,False,9b2770c77253ba139418e00df2540844842e04170eb9cf006f0364f673cde6a3,False,False,train
recovered_archive1/93,recovered_archive1,93,report_image,recovered_archive1/93/rep_2007071.jpg.jpg,rep_2007071.jpg.jpg,72135,78e50fb1ff5865e6a7951eb42738779eb10cde9abad06aad836b54f72555906b,,,,,False,78e50fb1ff5865e6a7951eb42738779eb10cde9abad06aad836b54f72555906b,False,False,train
recovered_archive1/93,recovered_archive1,93,report_image,recovered_archive1/93/rep_左手.jpg.jpg,rep_左手.jpg.jpg,72135,78e50fb1ff5865e6a7951eb42738779eb10cde9abad06aad836b54f72555906b,,,,,False,78e50fb1ff5865e6a7951eb42738779eb10cde9abad06aad836b54f72555906b,False,False,train
recovered_archive1/94,recovered_archive1,94,cap_image,recovered_archive1/94/CAPorg1.jpg,CAPorg1.jpg,538494,bac10b685341ea1e321baadcf2b688f0d7fe845f54604a03ad6bd772c11d4575,1024,768,27.448165,20.486224,False,bac10b685341ea1e321baadcf2b688f0d7fe845f54604a03ad6bd772c11d4575,False,True,train
recovered_archive1/94,recovered_archive1,94,cap_image,recovered_archive1/94/CAPorg10.jpg,CAPorg10.jpg,604624,66f33bb6f9745ac98df07b96c129fa204fe0f0dfbbc706830c608a9f1a7665c5,1024,768,77.591179,48.524053,False,66f33bb6f9745ac98df07b96c129fa204fe0f0dfbbc706830c608a9f1a7665c5,False,True,train
recovered_archive1/94,recovered_archive1,94,cap_image,recovered_archive1/94/CAPorg11.jpg,CAPorg11.jpg,598390,6249efb323dce8d324fe095f5ffb8a93c1f86ead2dfc4cfeb9c2c0c61fd2ca79,1024,768,73.993727,49.591715,False,6249efb323dce8d324fe095f5ffb8a93c1f86ead2dfc4cfeb9c2c0c61fd2ca79,False,True,train
recovered_archive1/94,recovered_archive1,94,cap_image,recovered_archive1/94/CAPorg12.jpg,CAPorg12.jpg,602536,0e3a6d1cc539bd6c3b08b57d0d46ddabce95195f0307aa0404b579604697330b,1024,768,79.546687,50.278577,False,0e3a6d1cc539bd6c3b08b57d0d46ddabce95195f0307aa0404b579604697330b,False,True,train
recovered_archive1/94,recovered_archive1,94,cap_image,recovered_archive1/94/CAPorg13.jpg,CAPorg13.jpg,604851,80ef89e48d5907593d7471c9fe3053a866ddb0942e0cf35a6004adf6c56cb145,1024,768,82.201725,49.758469,False,80ef89e48d5907593d7471c9fe3053a866ddb0942e0cf35a6004adf6c56cb145,False,True,train
recovered_archive1/94,recovered_archive1,94,cap_image,recovered_archive1/94/CAPorg2.jpg,CAPorg2.jpg,571977,9ddc8861135a5e035d9eba06b67cc3b5fc1fce3a73de4d3d61ca7af261f0bd93,1024,768,46.408349,33.137869,False,9ddc8861135a5e035d9eba06b67cc3b5fc1fce3a73de4d3d61ca7af261f0bd93,False,True,train
recovered_archive1/94,recovered_archive1,94,cap_image,recovered_archive1/94/CAPorg3.jpg,CAPorg3.jpg,535598,aabac860130b1503472e28dd395da8528a40f52d03d23089f981938fcad4a504,1024,768,49.9798,39.371032,False,aabac860130b1503472e28dd395da8528a40f52d03d23089f981938fcad4a504,False,True,train
recovered_archive1/94,recovered_archive1,94,cap_image,recovered_archive1/94/CAPorg4.jpg,CAPorg4.jpg,533540,ed5a166b0474d92c1c4ce876aff014b3dde36cbec50b8c0e8a721c3512aa4e5a,1024,768,40.473227,30.007499,False,ed5a166b0474d92c1c4ce876aff014b3dde36cbec50b8c0e8a721c3512aa4e5a,False,True,train
recovered_archive1/94,recovered_archive1,94,cap_image,recovered_archive1/94/CAPorg5.jpg,CAPorg5.jpg,570385,eb8cd728f36d42a9e800386b303e47ae6c5b09857a6f5d4305060791d6891364,1024,768,46.493656,32.083689,False,eb8cd728f36d42a9e800386b303e47ae6c5b09857a6f5d4305060791d6891364,False,True,train
recovered_archive1/94,recovered_archive1,94,cap_image,recovered_archive1/94/CAPorg6.jpg,CAPorg6.jpg,583164,1c7d4c06b430c77c77bdceb960c88fd813905cf635059aedf6a1756f9232b3ea,1024,768,81.055013,64.955303,False,1c7d4c06b430c77c77bdceb960c88fd813905cf635059aedf6a1756f9232b3ea,False,True,train
recovered_archive1/94,recovered_archive1,94,cap_image,recovered_archive1/94/CAPorg7.jpg,CAPorg7.jpg,576346,b588b78d7fea397bcd1c9d77dd752ed09031dd88892934343c1449211df94986,1024,768,114.86367,74.478883,False,b588b78d7fea397bcd1c9d77dd752ed09031dd88892934343c1449211df94986,False,True,train
recovered_archive1/94,recovered_archive1,94,cap_image,recovered_archive1/94/CAPorg8.jpg,CAPorg8.jpg,592721,2ae9ee0458075aa7fd5871c55b87e7a0ced4a7642b7ce0d6efaee8fd4dcd7ef2,1024,768,96.976016,61.216374,False,2ae9ee0458075aa7fd5871c55b87e7a0ced4a7642b7ce0d6efaee8fd4dcd7ef2,False,True,train
recovered_archive1/94,recovered_archive1,94,cap_image,recovered_archive1/94/CAPorg9.jpg,CAPorg9.jpg,626232,b5e25dfad2ef6d17613cbe2a19df00cff5b28f31205ac7cd47d6900cc853f182,1024,768,110.430393,59.301852,False,b5e25dfad2ef6d17613cbe2a19df00cff5b28f31205ac7cd47d6900cc853f182,False,True,train
recovered_archive1/94,recovered_archive1,94,report_image,recovered_archive1/94/rep.jpg.jpg,rep.jpg.jpg,76937,d730e6f9831dfe4fee7fc7e6e7b687597bc60adc03369a4940bc0a76cebd820a,,,,,False,d730e6f9831dfe4fee7fc7e6e7b687597bc60adc03369a4940bc0a76cebd820a,False,False,train
recovered_archive1/94,recovered_archive1,94,report_image,recovered_archive1/94/rep_1812200.jpg.jpg,rep_1812200.jpg.jpg,73274,c085bd6514418029fb142451fed179c7a3a0f832a47f1cc8e1e7a42a4a855897,,,,,False,c085bd6514418029fb142451fed179c7a3a0f832a47f1cc8e1e7a42a4a855897,False,False,train
recovered_archive1/94,recovered_archive1,94,report_image,recovered_archive1/94/rep_1812201.jpg.jpg,rep_1812201.jpg.jpg,73274,c085bd6514418029fb142451fed179c7a3a0f832a47f1cc8e1e7a42a4a855897,,,,,False,c085bd6514418029fb142451fed179c7a3a0f832a47f1cc8e1e7a42a4a855897,False,False,train
recovered_archive1/94,recovered_archive1,94,report_image,recovered_archive1/94/rep_右手.jpg.jpg,rep_右手.jpg.jpg,76937,d730e6f9831dfe4fee7fc7e6e7b687597bc60adc03369a4940bc0a76cebd820a,,,,,False,d730e6f9831dfe4fee7fc7e6e7b687597bc60adc03369a4940bc0a76cebd820a,False,False,train
recovered_archive1/95,recovered_archive1,95,cap_image,recovered_archive1/95/CAPorg1.jpg,CAPorg1.jpg,584085,156126df2f68916a0cbd2b570c320258bf559f7b92dd369b1ee4943a04ad5e82,1024,768,55.842222,38.440024,False,156126df2f68916a0cbd2b570c320258bf559f7b92dd369b1ee4943a04ad5e82,False,True,val
recovered_archive1/95,recovered_archive1,95,cap_image,recovered_archive1/95/CAPorg2.jpg,CAPorg2.jpg,563101,b973ab2d4559bfbf7839691535d80120df65315e2a8f7de38b95c3c3877c1f41,1024,768,72.613956,60.699253,False,b973ab2d4559bfbf7839691535d80120df65315e2a8f7de38b95c3c3877c1f41,False,True,val
recovered_archive1/95,recovered_archive1,95,cap_image,recovered_archive1/95/CAPorg3.jpg,CAPorg3.jpg,590635,c7d858b409d6225125b6ac443b9c0eda44676cfffd2a5acf2e68c366451705d6,1024,768,50.700601,37.477697,False,c7d858b409d6225125b6ac443b9c0eda44676cfffd2a5acf2e68c366451705d6,False,True,val
recovered_archive1/95,recovered_archive1,95,cap_image,recovered_archive1/95/CAPorg4.jpg,CAPorg4.jpg,581561,4b9f5ca467091ae97cae52162a00f30138114135c69aec5f31f22abcb1209d97,1024,768,48.546927,33.357711,False,4b9f5ca467091ae97cae52162a00f30138114135c69aec5f31f22abcb1209d97,False,True,val
recovered_archive1/95,recovered_archive1,95,cap_image,recovered_archive1/95/CAPorg5.jpg,CAPorg5.jpg,539965,f2091a2250010fc96a049c0d2d819fd38a1c0bd2bf458239d23c03d768035b51,1024,768,37.006617,30.702036,False,f2091a2250010fc96a049c0d2d819fd38a1c0bd2bf458239d23c03d768035b51,False,True,val
recovered_archive1/95,recovered_archive1,95,cap_image,recovered_archive1/95/CAPorg6.jpg,CAPorg6.jpg,570238,41da938382ec9dbfd060b666452aff666332f674d7fe24f5b1990edee29e1932,1024,768,64.348719,52.101638,False,41da938382ec9dbfd060b666452aff666332f674d7fe24f5b1990edee29e1932,False,True,val
recovered_archive1/95,recovered_archive1,95,report_image,recovered_archive1/95/rep.jpg.jpg,rep.jpg.jpg,74633,57e051e1e7dc2aded28d813ba97dd2ec9dbfc72db88a75f4fa1108073d8ea827,,,,,False,57e051e1e7dc2aded28d813ba97dd2ec9dbfc72db88a75f4fa1108073d8ea827,False,False,val
recovered_archive1/95,recovered_archive1,95,report_image,recovered_archive1/95/rep_1901080.jpg.jpg,rep_1901080.jpg.jpg,74633,57e051e1e7dc2aded28d813ba97dd2ec9dbfc72db88a75f4fa1108073d8ea827,,,,,False,57e051e1e7dc2aded28d813ba97dd2ec9dbfc72db88a75f4fa1108073d8ea827,False,False,val
recovered_archive1/95,recovered_archive1,95,report_image,recovered_archive1/95/rep_1901081.jpg.jpg,rep_1901081.jpg.jpg,74633,57e051e1e7dc2aded28d813ba97dd2ec9dbfc72db88a75f4fa1108073d8ea827,,,,,False,57e051e1e7dc2aded28d813ba97dd2ec9dbfc72db88a75f4fa1108073d8ea827,False,False,val
recovered_archive1/95,recovered_archive1,95,report_image,recovered_archive1/95/rep_左手.jpg.jpg,rep_左手.jpg.jpg,74633,57e051e1e7dc2aded28d813ba97dd2ec9dbfc72db88a75f4fa1108073d8ea827,,,,,False,57e051e1e7dc2aded28d813ba97dd2ec9dbfc72db88a75f4fa1108073d8ea827,False,False,val
recovered_archive1/96,recovered_archive1,96,cap_image,recovered_archive1/96/CAPorg1.jpg,CAPorg1.jpg,617714,e1a24361ed868253231027980f19579a0ab831e740ecf9644d8546db90465bac,1024,768,75.97112,34.98976,False,e1a24361ed868253231027980f19579a0ab831e740ecf9644d8546db90465bac,False,True,train
recovered_archive1/96,recovered_archive1,96,cap_image,recovered_archive1/96/CAPorg2.jpg,CAPorg2.jpg,615186,5ff3128c2d5ee7cfec5b2a3a5280aef3e8aab322ecd245e329dc407dd95a4f42,1024,768,79.104284,39.041806,False,5ff3128c2d5ee7cfec5b2a3a5280aef3e8aab322ecd245e329dc407dd95a4f42,False,True,train
recovered_archive1/96,recovered_archive1,96,cap_image,recovered_archive1/96/CAPorg3.jpg,CAPorg3.jpg,596783,ae30ecd9b0ce50fadbf003f7314ccb465876864fb25274c87676ce590c4d0a16,1024,768,65.05027,39.295235,False,ae30ecd9b0ce50fadbf003f7314ccb465876864fb25274c87676ce590c4d0a16,False,True,train
recovered_archive1/96,recovered_archive1,96,cap_image,recovered_archive1/96/CAPorg4.jpg,CAPorg4.jpg,625990,96078da755c14b9adfbed070f74310dd09b5e20a0372b0c4ad67cabca7ec0d9e,1024,768,84.186492,37.034677,False,96078da755c14b9adfbed070f74310dd09b5e20a0372b0c4ad67cabca7ec0d9e,False,True,train
recovered_archive1/96,recovered_archive1,96,report_image,recovered_archive1/96/rep.jpg.jpg,rep.jpg.jpg,71205,0706b72192998a72d6879d382e01a4b8fed971eb8dffd56f8f57d8e6d9b704ab,,,,,False,0706b72192998a72d6879d382e01a4b8fed971eb8dffd56f8f57d8e6d9b704ab,False,False,train
recovered_archive1/96,recovered_archive1,96,report_image,recovered_archive1/96/rep_1812180.jpg.jpg,rep_1812180.jpg.jpg,71205,0706b72192998a72d6879d382e01a4b8fed971eb8dffd56f8f57d8e6d9b704ab,,,,,False,0706b72192998a72d6879d382e01a4b8fed971eb8dffd56f8f57d8e6d9b704ab,False,False,train
recovered_archive1/97,recovered_archive1,97,cap_image,recovered_archive1/97/CAPorg1.jpg,CAPorg1.jpg,610629,e4c5085a2c3f1b6e2a20fe12ae9e465b9dca801f6ce29ad82b2b78cb824f9bf6,1024,768,124.402075,53.834907,False,e4c5085a2c3f1b6e2a20fe12ae9e465b9dca801f6ce29ad82b2b78cb824f9bf6,False,True,train
recovered_archive1/97,recovered_archive1,97,cap_image,recovered_archive1/97/CAPorg2.jpg,CAPorg2.jpg,535777,6fca27261f2e0f4bebf50a196e14a08ac07039bf84deeee9925e5ac3ab29068d,1024,768,41.865033,37.891983,False,6fca27261f2e0f4bebf50a196e14a08ac07039bf84deeee9925e5ac3ab29068d,False,True,train
recovered_archive1/97,recovered_archive1,97,cap_image,recovered_archive1/97/CAPorg3.jpg,CAPorg3.jpg,537868,53de2257588d0b20718fee89600f6b800f4b128104448ed5f6754d78b7f5df55,1024,768,69.90546,56.86346,False,53de2257588d0b20718fee89600f6b800f4b128104448ed5f6754d78b7f5df55,False,True,train
recovered_archive1/97,recovered_archive1,97,cap_image,recovered_archive1/97/CAPorg4.jpg,CAPorg4.jpg,542240,0db85fb0c5c0af87203da4b1bef93c81aba9c6e06ef32cf623d843f52ddb7a69,1024,768,98.998988,60.413254,False,0db85fb0c5c0af87203da4b1bef93c81aba9c6e06ef32cf623d843f52ddb7a69,False,True,train
recovered_archive1/97,recovered_archive1,97,cap_image,recovered_archive1/97/CAPorg5.jpg,CAPorg5.jpg,574563,0f4ebf22864c4780a121b311aa95a49b2d22252cd65557b4e49bd9bd28fed849,1024,768,93.223807,47.388369,False,0f4ebf22864c4780a121b311aa95a49b2d22252cd65557b4e49bd9bd28fed849,False,True,train
recovered_archive1/97,recovered_archive1,97,cap_image,recovered_archive1/97/CAPorg6.jpg,CAPorg6.jpg,576744,04026cc97902eb1a4cae676b510f8ade56339285301638502adca48485b09b5a,1024,768,96.238524,43.158339,False,04026cc97902eb1a4cae676b510f8ade56339285301638502adca48485b09b5a,False,True,train
recovered_archive1/97,recovered_archive1,97,cap_image,recovered_archive1/97/CAPorg7.jpg,CAPorg7.jpg,523434,5d673e17f22ed971300af37165ef38eac926784b8e92a932cea3b3387caf3c03,1024,768,29.145224,18.491198,False,5d673e17f22ed971300af37165ef38eac926784b8e92a932cea3b3387caf3c03,False,True,train
recovered_archive1/97,recovered_archive1,97,report_image,recovered_archive1/97/rep.jpg.jpg,rep.jpg.jpg,73821,05a47a9f362d2e7f2ac6512a675143441e5f360460cabd3393342119a5720af8,,,,,False,05a47a9f362d2e7f2ac6512a675143441e5f360460cabd3393342119a5720af8,False,False,train
recovered_archive1/97,recovered_archive1,97,report_image,recovered_archive1/97/rep_1811060.jpg.jpg,rep_1811060.jpg.jpg,68382,e57bf4b2cc650f25ecaad7053a5175c61f3554404f65cc280439c8c9e2f5cb11,,,,,False,e57bf4b2cc650f25ecaad7053a5175c61f3554404f65cc280439c8c9e2f5cb11,False,False,train
recovered_archive1/97,recovered_archive1,97,report_image,recovered_archive1/97/rep_1811061.jpg.jpg,rep_1811061.jpg.jpg,68382,e57bf4b2cc650f25ecaad7053a5175c61f3554404f65cc280439c8c9e2f5cb11,,,,,False,e57bf4b2cc650f25ecaad7053a5175c61f3554404f65cc280439c8c9e2f5cb11,False,False,train
recovered_archive1/97,recovered_archive1,97,report_image,recovered_archive1/97/rep_1811080.jpg.jpg,rep_1811080.jpg.jpg,73821,05a47a9f362d2e7f2ac6512a675143441e5f360460cabd3393342119a5720af8,,,,,False,05a47a9f362d2e7f2ac6512a675143441e5f360460cabd3393342119a5720af8,False,False,train
recovered_archive1/97,recovered_archive1,97,report_image,recovered_archive1/97/rep_右手.jpg.jpg,rep_右手.jpg.jpg,73821,05a47a9f362d2e7f2ac6512a675143441e5f360460cabd3393342119a5720af8,,,,,False,05a47a9f362d2e7f2ac6512a675143441e5f360460cabd3393342119a5720af8,False,False,train
recovered_archive1/98,recovered_archive1,98,cap_image,recovered_archive1/98/CAPorg1.jpg,CAPorg1.jpg,496603,ad86b4dfdacdecd6b77f44da5a12a7de336c748dc9fb6cdae5cbf5dbaf0ec970,1024,768,26.386171,24.24941,False,ad86b4dfdacdecd6b77f44da5a12a7de336c748dc9fb6cdae5cbf5dbaf0ec970,False,True,train
recovered_archive1/98,recovered_archive1,98,cap_image,recovered_archive1/98/CAPorg2.jpg,CAPorg2.jpg,543258,9470a175295bcaa85a81a6b477f97c89bafcd930ca152bb6ca4250112c7adb48,1024,768,37.477893,28.681935,False,9470a175295bcaa85a81a6b477f97c89bafcd930ca152bb6ca4250112c7adb48,False,True,train
recovered_archive1/98,recovered_archive1,98,cap_image,recovered_archive1/98/CAPorg3.jpg,CAPorg3.jpg,572103,77e365da548f44707aefdb45074d44da97d0263a1f9eff6f35a8b10afbb54d61,1024,768,44.451923,31.589939,False,77e365da548f44707aefdb45074d44da97d0263a1f9eff6f35a8b10afbb54d61,False,True,train
recovered_archive1/98,recovered_archive1,98,cap_image,recovered_archive1/98/CAPorg4.jpg,CAPorg4.jpg,577265,bc4a2ab4ced4138e4fbc2297d67fb2a5df1056ac6332e3e3cb89e87bdeab07d9,1024,768,56.349396,44.735637,False,bc4a2ab4ced4138e4fbc2297d67fb2a5df1056ac6332e3e3cb89e87bdeab07d9,False,True,train
recovered_archive1/98,recovered_archive1,98,cap_image,recovered_archive1/98/CAPorg5.jpg,CAPorg5.jpg,587366,f8ff98d7e601dae9d987ec272ee2d8ea8b319b069f195a0be2670f2a0257c64c,1024,768,49.13829,27.169214,False,f8ff98d7e601dae9d987ec272ee2d8ea8b319b069f195a0be2670f2a0257c64c,False,True,train
recovered_archive1/98,recovered_archive1,98,cap_image,recovered_archive1/98/CAPorg6.jpg,CAPorg6.jpg,555855,00df7cfdf10819f0c411537d24c7cbf463fe62ba41bc25c64e9208382d018a56,1024,768,38.827633,29.072399,False,00df7cfdf10819f0c411537d24c7cbf463fe62ba41bc25c64e9208382d018a56,False,True,train
recovered_archive1/98,recovered_archive1,98,report_image,recovered_archive1/98/rep.jpg.jpg,rep.jpg.jpg,75300,c13a614271a820efb0afd00d598112696dc7901bea088eb83192aafef3ff185f,,,,,False,c13a614271a820efb0afd00d598112696dc7901bea088eb83192aafef3ff185f,False,False,train
recovered_archive1/98,recovered_archive1,98,report_image,recovered_archive1/98/rep_1.jpg.jpg,rep_1.jpg.jpg,75300,c13a614271a820efb0afd00d598112696dc7901bea088eb83192aafef3ff185f,,,,,False,c13a614271a820efb0afd00d598112696dc7901bea088eb83192aafef3ff185f,False,False,train
recovered_archive1/98,recovered_archive1,98,report_image,recovered_archive1/98/rep_1811080.jpg.jpg,rep_1811080.jpg.jpg,68763,f8e7f46399acf9d000002c345dbac452ce6ec9537485eb20e44a678e755d6b1c,,,,,False,f8e7f46399acf9d000002c345dbac452ce6ec9537485eb20e44a678e755d6b1c,False,False,train
recovered_archive1/98,recovered_archive1,98,report_image,recovered_archive1/98/rep_1811081.jpg.jpg,rep_1811081.jpg.jpg,75300,c13a614271a820efb0afd00d598112696dc7901bea088eb83192aafef3ff185f,,,,,False,c13a614271a820efb0afd00d598112696dc7901bea088eb83192aafef3ff185f,False,False,train
recovered_archive1/99,recovered_archive1,99,cap_image,recovered_archive1/99/CAPorg1.jpg,CAPorg1.jpg,412242,fa2ac44967d4d3af7a9075733eb8655833dfbfa7050cc09e079314027e0efdf1,1024,768,54.557246,75.712707,False,fa2ac44967d4d3af7a9075733eb8655833dfbfa7050cc09e079314027e0efdf1,False,True,test
recovered_archive1/99,recovered_archive1,99,cap_image,recovered_archive1/99/CAPorg10.jpg,CAPorg10.jpg,595851,db95284f05bec11fdf72c35ef132304921fdeb79140ec82d0c31998c8acb0b82,1024,768,60.807316,45.642358,False,db95284f05bec11fdf72c35ef132304921fdeb79140ec82d0c31998c8acb0b82,False,True,test
recovered_archive1/99,recovered_archive1,99,cap_image,recovered_archive1/99/CAPorg11.jpg,CAPorg11.jpg,593833,1db0dd4517810d764b157ed11a0e1e8060bec47bb6ddc72e1c933eebbf58cd3b,1024,768,65.708214,49.491452,False,1db0dd4517810d764b157ed11a0e1e8060bec47bb6ddc72e1c933eebbf58cd3b,False,True,test
recovered_archive1/99,recovered_archive1,99,cap_image,recovered_archive1/99/CAPorg12.jpg,CAPorg12.jpg,582083,f78f5b3425af0939d81f102b43598d5913ce5b8ea1fb69a5139de6f864b5e65b,1024,768,64.028549,51.611271,False,f78f5b3425af0939d81f102b43598d5913ce5b8ea1fb69a5139de6f864b5e65b,False,True,test
recovered_archive1/99,recovered_archive1,99,cap_image,recovered_archive1/99/CAPorg13.jpg,CAPorg13.jpg,12917,749a8efc155a7020938f4cce12a79e06e26c0435082b998dd21c0492d02f11a1,1024,768,0.0,0.0,True,749a8efc155a7020938f4cce12a79e06e26c0435082b998dd21c0492d02f11a1,False,True,test
recovered_archive1/99,recovered_archive1,99,cap_image,recovered_archive1/99/CAPorg2.jpg,CAPorg2.jpg,365473,751fa685a127e002a56be8326ade63b4c4551a73970cc9d500c222ad82e06673,1024,768,18.738543,26.917651,False,751fa685a127e002a56be8326ade63b4c4551a73970cc9d500c222ad82e06673,False,True,test
recovered_archive1/99,recovered_archive1,99,cap_image,recovered_archive1/99/CAPorg3.jpg,CAPorg3.jpg,457338,3c37106345d7b60e672dc3b330ca28918f8cf6bb30cbe81f344b3a834c561bf6,1024,768,33.269,39.298141,False,3c37106345d7b60e672dc3b330ca28918f8cf6bb30cbe81f344b3a834c561bf6,False,True,test
recovered_archive1/99,recovered_archive1,99,cap_image,recovered_archive1/99/CAPorg4.jpg,CAPorg4.jpg,335025,62fd75512f53eb2738970a7f75e7477f5b062bdac783b2a1ab21a835e15de666,1024,768,28.720441,41.832295,False,62fd75512f53eb2738970a7f75e7477f5b062bdac783b2a1ab21a835e15de666,False,True,test
recovered_archive1/99,recovered_archive1,99,cap_image,recovered_archive1/99/CAPorg5.jpg,CAPorg5.jpg,548448,1954227fdec3f96893ce2a3aaa8b283df5e9ec2e10acf63aa90faed15196acb1,1024,768,60.602187,48.772901,False,1954227fdec3f96893ce2a3aaa8b283df5e9ec2e10acf63aa90faed15196acb1,False,True,test
recovered_archive1/99,recovered_archive1,99,cap_image,recovered_archive1/99/CAPorg6.jpg,CAPorg6.jpg,531221,d8ee7029dc20e821cfb82521c24f8c09c5c1aabd5f86d214e8c2e23c8d317a64,1024,768,59.968402,52.339983,False,d8ee7029dc20e821cfb82521c24f8c09c5c1aabd5f86d214e8c2e23c8d317a64,False,True,test
recovered_archive1/99,recovered_archive1,99,cap_image,recovered_archive1/99/CAPorg7.jpg,CAPorg7.jpg,574565,4f9fe749ed46ee87a82e2bfd6bda88b2710be34ee1f087be77b1397590b9447c,1024,768,57.927008,49.773244,False,4f9fe749ed46ee87a82e2bfd6bda88b2710be34ee1f087be77b1397590b9447c,False,True,test
recovered_archive1/99,recovered_archive1,99,cap_image,recovered_archive1/99/CAPorg8.jpg,CAPorg8.jpg,574804,4738e3cfa7ed2b3770a92c507ddf344aca16c307826d43e73b0a4d7d3a68acdb,1024,768,63.292746,50.684002,False,4738e3cfa7ed2b3770a92c507ddf344aca16c307826d43e73b0a4d7d3a68acdb,False,True,test
recovered_archive1/99,recovered_archive1,99,cap_image,recovered_archive1/99/CAPorg9.jpg,CAPorg9.jpg,578001,43e676190448afa69f41048bb6945cbb59baf7092778c27042582f4480b9b2b6,1024,768,60.644516,45.983226,False,43e676190448afa69f41048bb6945cbb59baf7092778c27042582f4480b9b2b6,False,True,test
recovered_archive1/99,recovered_archive1,99,report_image,recovered_archive1/99/rep.jpg.jpg,rep.jpg.jpg,76696,f47a269402c447f8eb9a969e46dff866d4dec985e2e7049521cbdb176719f4dc,,,,,False,f47a269402c447f8eb9a969e46dff866d4dec985e2e7049521cbdb176719f4dc,False,False,test
recovered_archive1/99,recovered_archive1,99,report_image,recovered_archive1/99/rep_1910170.jpg.jpg,rep_1910170.jpg.jpg,76696,f47a269402c447f8eb9a969e46dff866d4dec985e2e7049521cbdb176719f4dc,,,,,False,f47a269402c447f8eb9a969e46dff866d4dec985e2e7049521cbdb176719f4dc,False,False,test
recovered_archive1/99,recovered_archive1,99,report_image,recovered_archive1/99/rep_1910171.jpg.jpg,rep_1910171.jpg.jpg,76696,f47a269402c447f8eb9a969e46dff866d4dec985e2e7049521cbdb176719f4dc,,,,,False,f47a269402c447f8eb9a969e46dff866d4dec985e2e7049521cbdb176719f4dc,False,False,test
recovered_archive1/99,recovered_archive1,99,report_image,recovered_archive1/99/rep_左手.jpg.jpg,rep_左手.jpg.jpg,76696,f47a269402c447f8eb9a969e46dff866d4dec985e2e7049521cbdb176719f4dc,,,,,False,f47a269402c447f8eb9a969e46dff866d4dec985e2e7049521cbdb176719f4dc,False,False,test
recovered_archive1/99,recovered_archive1,99,video,recovered_archive1/99/wmv0.avi,wmv0.avi,344462848,,,,,,False,,True,False,test
recovered_archive1/99,recovered_archive1,99,video,recovered_archive1/99/wmv1.avi,wmv1.avi,320869888,,,,,,False,,True,False,test
recovered_archive1/100,recovered_archive1,100,cap_image,recovered_archive1/100/CAPorg1.jpg,CAPorg1.jpg,597608,11f38716e021d34a75f5591b6260cbb65984a157d4d7b9e8a1cdbfb3c224ae84,1024,768,133.913722,74.995251,False,11f38716e021d34a75f5591b6260cbb65984a157d4d7b9e8a1cdbfb3c224ae84,False,True,train
recovered_archive1/100,recovered_archive1,100,cap_image,recovered_archive1/100/CAPorg2.jpg,CAPorg2.jpg,527186,88fd0d8bbb54cf7894c392f80278512d1ce9e247ed921a0b16d1f3d05c75c7bc,1024,768,160.548023,77.577387,False,88fd0d8bbb54cf7894c392f80278512d1ce9e247ed921a0b16d1f3d05c75c7bc,False,True,train
recovered_archive1/100,recovered_archive1,100,cap_image,recovered_archive1/100/CAPorg3.jpg,CAPorg3.jpg,572960,614d39ce2d29d81189f1c8fe5d8f2d2b22851372cc567ae78e7a6a30ff1fa282,1024,768,137.588708,81.256789,False,614d39ce2d29d81189f1c8fe5d8f2d2b22851372cc567ae78e7a6a30ff1fa282,False,True,train
recovered_archive1/100,recovered_archive1,100,cap_image,recovered_archive1/100/CAPorg4.jpg,CAPorg4.jpg,603033,082de9176843aac3842436bfdf57b3e1cc4f6e363f51e2c1e20d46b5c5777e99,1024,768,126.314714,80.360436,False,082de9176843aac3842436bfdf57b3e1cc4f6e363f51e2c1e20d46b5c5777e99,False,True,train
recovered_archive1/100,recovered_archive1,100,cap_image,recovered_archive1/100/CAPorg5.jpg,CAPorg5.jpg,520474,da7e390d520c97718c04960ef6393e88622d7239ae260a11be2e2085fa8463b2,1024,768,91.050981,77.993744,False,da7e390d520c97718c04960ef6393e88622d7239ae260a11be2e2085fa8463b2,False,True,train
recovered_archive1/100,recovered_archive1,100,cap_image,recovered_archive1/100/CAPorg6.jpg,CAPorg6.jpg,603675,46f9444036398058647fd126e31e63601fa6cf8f454377d4305e8f2195b6df3f,1024,768,76.328128,49.187933,False,46f9444036398058647fd126e31e63601fa6cf8f454377d4305e8f2195b6df3f,False,True,train
recovered_archive1/100,recovered_archive1,100,cap_image,recovered_archive1/100/CAPorg7.jpg,CAPorg7.jpg,517885,31778d222eb82dcc63781220b391e0c50b0f28cc0e2f517866d0638b34beff07,1024,768,30.486506,32.983414,False,31778d222eb82dcc63781220b391e0c50b0f28cc0e2f517866d0638b34beff07,False,True,train
recovered_archive1/100,recovered_archive1,100,cap_image,recovered_archive1/100/CAPorg8.jpg,CAPorg8.jpg,581515,917b3fa10ef6dd617e2796a2b12642a94f957700334ef07ddc2ed4042344d3b5,1024,768,60.68235,44.575897,False,917b3fa10ef6dd617e2796a2b12642a94f957700334ef07ddc2ed4042344d3b5,False,True,train
recovered_archive1/100,recovered_archive1,100,cap_image,recovered_archive1/100/CAPorg9.jpg,CAPorg9.jpg,577878,45e6882aabe2607cdb88795f9328a4d04e415947410712bfa2fec641dab02734,1024,768,58.299774,40.948057,False,45e6882aabe2607cdb88795f9328a4d04e415947410712bfa2fec641dab02734,False,True,train
recovered_archive1/100,recovered_archive1,100,report_image,recovered_archive1/100/rep.jpg.jpg,rep.jpg.jpg,72844,57d86f019ca2dded068f66e8ab56ae0d09167bcf65c404a1361d1bc98f96d012,,,,,False,57d86f019ca2dded068f66e8ab56ae0d09167bcf65c404a1361d1bc98f96d012,False,False,train
recovered_archive1/100,recovered_archive1,100,report_image,recovered_archive1/100/rep_1905280.jpg.jpg,rep_1905280.jpg.jpg,72844,57d86f019ca2dded068f66e8ab56ae0d09167bcf65c404a1361d1bc98f96d012,,,,,False,57d86f019ca2dded068f66e8ab56ae0d09167bcf65c404a1361d1bc98f96d012,False,False,train
recovered_archive1/100,recovered_archive1,100,report_image,recovered_archive1/100/rep_1905281.jpg.jpg,rep_1905281.jpg.jpg,72844,57d86f019ca2dded068f66e8ab56ae0d09167bcf65c404a1361d1bc98f96d012,,,,,False,57d86f019ca2dded068f66e8ab56ae0d09167bcf65c404a1361d1bc98f96d012,False,False,train
recovered_archive1/100,recovered_archive1,100,report_image,recovered_archive1/100/rep_右手.jpg.jpg,rep_右手.jpg.jpg,72844,57d86f019ca2dded068f66e8ab56ae0d09167bcf65c404a1361d1bc98f96d012,,,,,False,57d86f019ca2dded068f66e8ab56ae0d09167bcf65c404a1361d1bc98f96d012,False,False,train
recovered_archive2/101,recovered_archive2,101,cap_image,recovered_archive2/101/CAPorg1.jpg,CAPorg1.jpg,509292,8b9fbf994d92ec6c0f051a2469f7272854990401bed0281392faca534b87372f,1024,768,203.020968,52.226893,False,8b9fbf994d92ec6c0f051a2469f7272854990401bed0281392faca534b87372f,False,True,train
recovered_archive2/101,recovered_archive2,101,cap_image,recovered_archive2/101/CAPorg2.jpg,CAPorg2.jpg,342279,1053612c8f76149bd7d70c46da114f2ddf8d7d4b5023429c3e499d656cee462a,1024,768,239.119588,23.693917,False,1053612c8f76149bd7d70c46da114f2ddf8d7d4b5023429c3e499d656cee462a,False,True,train
recovered_archive2/101,recovered_archive2,101,cap_image,recovered_archive2/101/CAPorg3.jpg,CAPorg3.jpg,581508,272343a34f1afeeb8ebf6a534562cdcf87d16107036ef64a661f4e813c12e30d,1024,768,173.799526,48.472853,False,272343a34f1afeeb8ebf6a534562cdcf87d16107036ef64a661f4e813c12e30d,False,True,train
recovered_archive2/101,recovered_archive2,101,cap_image,recovered_archive2/101/CAPorg4.jpg,CAPorg4.jpg,634580,07e78ebbefd76636629ae7b6b3dd64794267d6759370e2b48b8e08dbb711c3a3,1024,768,122.942317,53.861025,False,07e78ebbefd76636629ae7b6b3dd64794267d6759370e2b48b8e08dbb711c3a3,False,True,train
recovered_archive2/101,recovered_archive2,101,cap_image,recovered_archive2/101/CAPorg5.jpg,CAPorg5.jpg,632964,10d6b059230a33d8c5c72bafa1ccfaa289904ecf9cce88cf0d82e0ffad4ba353,1024,768,106.805075,50.516213,False,10d6b059230a33d8c5c72bafa1ccfaa289904ecf9cce88cf0d82e0ffad4ba353,False,True,train
recovered_archive2/101,recovered_archive2,101,cap_image,recovered_archive2/101/CAPorg6.jpg,CAPorg6.jpg,626592,9b96eca133bd6c3e13e7da917dde15107bebfe06ec0416068962a3cfb9cf53ca,1024,768,97.259689,49.997789,False,9b96eca133bd6c3e13e7da917dde15107bebfe06ec0416068962a3cfb9cf53ca,False,True,train
recovered_archive2/101,recovered_archive2,101,report_image,recovered_archive2/101/rep.jpg.jpg,rep.jpg.jpg,73162,60a6024ff8c89e52a69223af16461104856355b484f18090eb598e146aca3940,,,,,False,60a6024ff8c89e52a69223af16461104856355b484f18090eb598e146aca3940,False,False,train
recovered_archive2/101,recovered_archive2,101,report_image,recovered_archive2/101/rep_1902210.jpg.jpg,rep_1902210.jpg.jpg,70882,85fcff1cd6d66be019ec044adde97ee3fdfa1fd0e7408dfe0d6910bbcaefdd7a,,,,,False,85fcff1cd6d66be019ec044adde97ee3fdfa1fd0e7408dfe0d6910bbcaefdd7a,False,False,train
recovered_archive2/101,recovered_archive2,101,report_image,recovered_archive2/101/rep_1902211.jpg.jpg,rep_1902211.jpg.jpg,73162,60a6024ff8c89e52a69223af16461104856355b484f18090eb598e146aca3940,,,,,False,60a6024ff8c89e52a69223af16461104856355b484f18090eb598e146aca3940,False,False,train
recovered_archive2/101,recovered_archive2,101,report_image,recovered_archive2/101/rep_左手.jpg.jpg,rep_左手.jpg.jpg,73162,60a6024ff8c89e52a69223af16461104856355b484f18090eb598e146aca3940,,,,,False,60a6024ff8c89e52a69223af16461104856355b484f18090eb598e146aca3940,False,False,train
recovered_archive2/102,recovered_archive2,102,cap_image,recovered_archive2/102/CAPorg1.jpg,CAPorg1.jpg,561924,958f05f7034834f72d5d4768f73a1b03446133d0b6b117ef55c35b36bb247b66,1024,768,145.348714,69.779898,False,958f05f7034834f72d5d4768f73a1b03446133d0b6b117ef55c35b36bb247b66,False,True,val
recovered_archive2/102,recovered_archive2,102,cap_image,recovered_archive2/102/CAPorg2.jpg,CAPorg2.jpg,628712,c5e9d2bcbbc699bbdac6548b827015538d9ff117a94a40edc3d47c11ed97d85c,1024,768,100.160583,21.908869,False,c5e9d2bcbbc699bbdac6548b827015538d9ff117a94a40edc3d47c11ed97d85c,False,True,val
recovered_archive2/102,recovered_archive2,102,cap_image,recovered_archive2/102/CAPorg3.jpg,CAPorg3.jpg,628680,241ba1ee82eb8a7312d1c7781e9e80daa46e0fd0383a5adecedaa11931feda0a,1024,768,100.144858,25.080142,False,241ba1ee82eb8a7312d1c7781e9e80daa46e0fd0383a5adecedaa11931feda0a,False,True,val
recovered_archive2/102,recovered_archive2,102,cap_image,recovered_archive2/102/CAPorg4.jpg,CAPorg4.jpg,630574,18cee4ae51d1a47279580793f79eff46372fc69c85275651372634c31e66b989,1024,768,106.406466,24.555678,False,18cee4ae51d1a47279580793f79eff46372fc69c85275651372634c31e66b989,False,True,val
recovered_archive2/102,recovered_archive2,102,cap_image,recovered_archive2/102/CAPorg5.jpg,CAPorg5.jpg,631524,6ab40860434b884af282ae8d4e1bc9e12d5f3db1e567b26bd7dc2983501afa89,1024,768,105.613042,24.571112,False,6ab40860434b884af282ae8d4e1bc9e12d5f3db1e567b26bd7dc2983501afa89,False,True,val
recovered_archive2/102,recovered_archive2,102,cap_image,recovered_archive2/102/CAPorg6.jpg,CAPorg6.jpg,637170,e2c281954e6cd2116c12decec32e544e249fe4ec099ebbd5ad0023191f66c107,1024,768,117.010287,28.853392,False,e2c281954e6cd2116c12decec32e544e249fe4ec099ebbd5ad0023191f66c107,False,True,val
recovered_archive2/102,recovered_archive2,102,cap_image,recovered_archive2/102/CAPorg7.jpg,CAPorg7.jpg,634645,debb2180cd238d841a3fdc5c051b0b5f0f7e21990b9babdc08c485a72ac428e4,1024,768,113.028912,28.625588,False,debb2180cd238d841a3fdc5c051b0b5f0f7e21990b9babdc08c485a72ac428e4,False,True,val
recovered_archive2/102,recovered_archive2,102,cap_image,recovered_archive2/102/CAPorg8.jpg,CAPorg8.jpg,643229,c6831237220a472847802ced0f97b0f754ccc61c9993f36ccd38f5375e3f6dc9,1024,768,129.721107,30.939692,False,c6831237220a472847802ced0f97b0f754ccc61c9993f36ccd38f5375e3f6dc9,False,True,val
recovered_archive2/102,recovered_archive2,102,report_image,recovered_archive2/102/rep.jpg.jpg,rep.jpg.jpg,82961,e0353724d2c2a1b2e3d5639daa1126123d3667225042da1ab52501c29efc8e98,,,,,False,e0353724d2c2a1b2e3d5639daa1126123d3667225042da1ab52501c29efc8e98,False,False,val
recovered_archive2/102,recovered_archive2,102,report_image,recovered_archive2/102/rep_2004020.jpg.jpg,rep_2004020.jpg.jpg,82961,e0353724d2c2a1b2e3d5639daa1126123d3667225042da1ab52501c29efc8e98,,,,,False,e0353724d2c2a1b2e3d5639daa1126123d3667225042da1ab52501c29efc8e98,False,False,val
recovered_archive2/102,recovered_archive2,102,report_image,recovered_archive2/102/rep_2004021.jpg.jpg,rep_2004021.jpg.jpg,82961,e0353724d2c2a1b2e3d5639daa1126123d3667225042da1ab52501c29efc8e98,,,,,False,e0353724d2c2a1b2e3d5639daa1126123d3667225042da1ab52501c29efc8e98,False,False,val
recovered_archive2/102,recovered_archive2,102,report_image,recovered_archive2/102/rep_左手.jpg.jpg,rep_左手.jpg.jpg,82961,e0353724d2c2a1b2e3d5639daa1126123d3667225042da1ab52501c29efc8e98,,,,,False,e0353724d2c2a1b2e3d5639daa1126123d3667225042da1ab52501c29efc8e98,False,False,val
recovered_archive2/102,recovered_archive2,102,video,recovered_archive2/102/wmv0.avi,wmv0.avi,452992000,,,,,,False,,True,False,val
recovered_archive2/103,recovered_archive2,103,cap_image,recovered_archive2/103/CAPorg1.jpg,CAPorg1.jpg,480679,ca091933fdf3db91ded3f38241ce342be45da66eb1d56f4fab72e5e6e45c0991,1024,768,133.304689,79.384519,False,ca091933fdf3db91ded3f38241ce342be45da66eb1d56f4fab72e5e6e45c0991,False,True,train
recovered_archive2/103,recovered_archive2,103,cap_image,recovered_archive2/103/CAPorg2.jpg,CAPorg2.jpg,550379,2e68e60c58aa2b54fcad22f507d6f67811c833bee69a0e4740b3ea6cfd69c491,1024,768,50.889965,58.86337,False,2e68e60c58aa2b54fcad22f507d6f67811c833bee69a0e4740b3ea6cfd69c491,False,True,train
recovered_archive2/103,recovered_archive2,103,cap_image,recovered_archive2/103/CAPorg3.jpg,CAPorg3.jpg,539206,94081bac5fc4780584e9771ea28171602de2aac8aef2dbf20ac0c01f5ea738ad,1024,768,26.969767,33.353899,False,94081bac5fc4780584e9771ea28171602de2aac8aef2dbf20ac0c01f5ea738ad,False,True,train
recovered_archive2/103,recovered_archive2,103,cap_image,recovered_archive2/103/CAPorg4.jpg,CAPorg4.jpg,486018,99a5bee16be0634b4ec19bf87fcb5cc3c080aa8928b56b6d28e16665e1dd2118,1024,768,12.927634,14.658293,False,99a5bee16be0634b4ec19bf87fcb5cc3c080aa8928b56b6d28e16665e1dd2118,False,True,train
recovered_archive2/103,recovered_archive2,103,cap_image,recovered_archive2/103/CAPorg5.jpg,CAPorg5.jpg,484741,43d1a7b3bb46175834d4fc03b91acfcbe928a68e302f7294dfba708127093893,1024,768,106.073652,95.085886,False,43d1a7b3bb46175834d4fc03b91acfcbe928a68e302f7294dfba708127093893,False,True,train
recovered_archive2/103,recovered_archive2,103,cap_image,recovered_archive2/103/CAPorg6.jpg,CAPorg6.jpg,548168,f071c4697ba30b0ad17abcac48636ea321139d729f1e26a461bad06505f1cb82,1024,768,26.094551,25.257619,False,f071c4697ba30b0ad17abcac48636ea321139d729f1e26a461bad06505f1cb82,False,True,train
recovered_archive2/103,recovered_archive2,103,cap_image,recovered_archive2/103/CAPorg7.jpg,CAPorg7.jpg,559621,1ec6ded123e77b8ce1868c6684abfadd29cd6a0dbc790206d74372d3955d3d51,1024,768,40.922251,45.458648,False,1ec6ded123e77b8ce1868c6684abfadd29cd6a0dbc790206d74372d3955d3d51,False,True,train
recovered_archive2/103,recovered_archive2,103,cap_image,recovered_archive2/103/CAPorg8.jpg,CAPorg8.jpg,559517,8d2245cea6498f527ff83e04ce2d0995404926abab4bc3f740b1f054e970fe4f,1024,768,41.930949,46.89943,False,8d2245cea6498f527ff83e04ce2d0995404926abab4bc3f740b1f054e970fe4f,False,True,train
recovered_archive2/103,recovered_archive2,103,report_image,recovered_archive2/103/rep.jpg.jpg,rep.jpg.jpg,78450,cfee23d168d4dd32456be516d131f9ad757a551d95254ab637a5905169d9c574,,,,,False,cfee23d168d4dd32456be516d131f9ad757a551d95254ab637a5905169d9c574,False,False,train
recovered_archive2/103,recovered_archive2,103,report_image,recovered_archive2/103/rep_1903190.jpg.jpg,rep_1903190.jpg.jpg,78450,cfee23d168d4dd32456be516d131f9ad757a551d95254ab637a5905169d9c574,,,,,False,cfee23d168d4dd32456be516d131f9ad757a551d95254ab637a5905169d9c574,False,False,train
recovered_archive2/103,recovered_archive2,103,report_image,recovered_archive2/103/rep_1903191.jpg.jpg,rep_1903191.jpg.jpg,78450,cfee23d168d4dd32456be516d131f9ad757a551d95254ab637a5905169d9c574,,,,,False,cfee23d168d4dd32456be516d131f9ad757a551d95254ab637a5905169d9c574,False,False,train
recovered_archive2/103,recovered_archive2,103,report_image,recovered_archive2/103/rep_左手.jpg.jpg,rep_左手.jpg.jpg,78450,cfee23d168d4dd32456be516d131f9ad757a551d95254ab637a5905169d9c574,,,,,False,cfee23d168d4dd32456be516d131f9ad757a551d95254ab637a5905169d9c574,False,False,train
recovered_archive2/103,recovered_archive2,103,video,recovered_archive2/103/wmv0.avi,wmv0.avi,10370048,,,,,,False,,True,False,train
recovered_archive2/104,recovered_archive2,104,cap_image,recovered_archive2/104/CAPorg1.jpg,CAPorg1.jpg,649267,e503bf5dd4e18917d79a0a11fff8f3a5ef3fd6acee00bdc6ccaf6fc84b38e7d2,1024,768,187.43906,46.754881,False,e503bf5dd4e18917d79a0a11fff8f3a5ef3fd6acee00bdc6ccaf6fc84b38e7d2,False,True,train
recovered_archive2/104,recovered_archive2,104,cap_image,recovered_archive2/104/CAPorg10.jpg,CAPorg10.jpg,682162,7f3eb96457841fe6aa77796c9c022c7c6af86ccef868edd749ae9265f56be5e1,1024,768,165.690779,36.25172,False,7f3eb96457841fe6aa77796c9c022c7c6af86ccef868edd749ae9265f56be5e1,False,True,train
recovered_archive2/104,recovered_archive2,104,cap_image,recovered_archive2/104/CAPorg11.jpg,CAPorg11.jpg,663279,f7af18c2e20fcaed1203c04420cf86f218721e2d019aea68b45ef0dfcec16b54,1024,768,155.432265,39.546278,False,f7af18c2e20fcaed1203c04420cf86f218721e2d019aea68b45ef0dfcec16b54,False,True,train
recovered_archive2/104,recovered_archive2,104,cap_image,recovered_archive2/104/CAPorg2.jpg,CAPorg2.jpg,684808,4685aad6ad5e8a1863c9f81a1d536b2d933ebf9daa91dc36ca054a5251871b7a,1024,768,166.203936,36.42241,False,4685aad6ad5e8a1863c9f81a1d536b2d933ebf9daa91dc36ca054a5251871b7a,False,True,train
recovered_archive2/104,recovered_archive2,104,cap_image,recovered_archive2/104/CAPorg3.jpg,CAPorg3.jpg,638802,1761892f122d25600ab05aa23c46a94bc991e287263607acb79122f021efeb1c,1024,768,81.858438,29.284994,False,1761892f122d25600ab05aa23c46a94bc991e287263607acb79122f021efeb1c,False,True,train
recovered_archive2/104,recovered_archive2,104,cap_image,recovered_archive2/104/CAPorg4.jpg,CAPorg4.jpg,647251,6a6305909b22a4ce4b0f4361f4321d9071caadb576646e5096911b457cc9b50c,1024,768,108.610096,27.24409,False,6a6305909b22a4ce4b0f4361f4321d9071caadb576646e5096911b457cc9b50c,False,True,train
recovered_archive2/104,recovered_archive2,104,cap_image,recovered_archive2/104/CAPorg5.jpg,CAPorg5.jpg,645710,9393cd91f95f80d2f8c38d59008994058c90ec3d0fd7bf0de04f13ee16425cb5,1024,768,103.879721,26.344487,False,9393cd91f95f80d2f8c38d59008994058c90ec3d0fd7bf0de04f13ee16425cb5,False,True,train
recovered_archive2/104,recovered_archive2,104,cap_image,recovered_archive2/104/CAPorg6.jpg,CAPorg6.jpg,671141,140e1f0cf3f84132e4b89a9c15f79768d9cab12490e0b21348d5b7acf3a4a5cc,1024,768,188.117575,37.633958,False,140e1f0cf3f84132e4b89a9c15f79768d9cab12490e0b21348d5b7acf3a4a5cc,False,True,train
recovered_archive2/104,recovered_archive2,104,cap_image,recovered_archive2/104/CAPorg7.jpg,CAPorg7.jpg,550857,aeb19ff3ca17770df24e2accd552283ae354b34bfdb75b86b858154c221fe458,1024,768,210.525487,38.307744,False,aeb19ff3ca17770df24e2accd552283ae354b34bfdb75b86b858154c221fe458,False,True,train
recovered_archive2/104,recovered_archive2,104,cap_image,recovered_archive2/104/CAPorg8.jpg,CAPorg8.jpg,670247,38d8c231c24730f0210d3cae9ab284377ef3f2936274357db52f01b20e82fb16,1024,768,165.968433,41.707402,False,38d8c231c24730f0210d3cae9ab284377ef3f2936274357db52f01b20e82fb16,False,True,train
recovered_archive2/104,recovered_archive2,104,cap_image,recovered_archive2/104/CAPorg9.jpg,CAPorg9.jpg,648720,68365e0d9a4301461e1efbe695667500132857d2eb6934fee2eaf5cf89313550,1024,768,188.432679,41.114393,False,68365e0d9a4301461e1efbe695667500132857d2eb6934fee2eaf5cf89313550,False,True,train
recovered_archive2/104,recovered_archive2,104,report_image,recovered_archive2/104/rep.jpg.jpg,rep.jpg.jpg,80711,66e73a073d6376dfe4d52d3d3a5f2022d643202b28cc4fa0d690376e1083271d,,,,,False,66e73a073d6376dfe4d52d3d3a5f2022d643202b28cc4fa0d690376e1083271d,False,False,train
recovered_archive2/104,recovered_archive2,104,report_image,recovered_archive2/104/rep_1812270.jpg.jpg,rep_1812270.jpg.jpg,80711,66e73a073d6376dfe4d52d3d3a5f2022d643202b28cc4fa0d690376e1083271d,,,,,False,66e73a073d6376dfe4d52d3d3a5f2022d643202b28cc4fa0d690376e1083271d,False,False,train
recovered_archive2/104,recovered_archive2,104,report_image,recovered_archive2/104/rep_1812271.jpg.jpg,rep_1812271.jpg.jpg,80711,66e73a073d6376dfe4d52d3d3a5f2022d643202b28cc4fa0d690376e1083271d,,,,,False,66e73a073d6376dfe4d52d3d3a5f2022d643202b28cc4fa0d690376e1083271d,False,False,train
recovered_archive2/104,recovered_archive2,104,report_image,recovered_archive2/104/rep_左手.jpg.jpg,rep_左手.jpg.jpg,80711,66e73a073d6376dfe4d52d3d3a5f2022d643202b28cc4fa0d690376e1083271d,,,,,False,66e73a073d6376dfe4d52d3d3a5f2022d643202b28cc4fa0d690376e1083271d,False,False,train
recovered_archive2/105,recovered_archive2,105,cap_image,recovered_archive2/105/CAPorg1.jpg,CAPorg1.jpg,543182,55ba5457407b8e17fd1947b25593887a96600b3f198358f90e1f8ee61c3f29f4,1024,768,70.291626,64.339678,False,55ba5457407b8e17fd1947b25593887a96600b3f198358f90e1f8ee61c3f29f4,False,True,train
recovered_archive2/105,recovered_archive2,105,cap_image,recovered_archive2/105/CAPorg10.jpg,CAPorg10.jpg,648662,975fff109aaf05e0489968be720df248b6c0571c28f46ab616f8a9222b060cea,1024,768,121.702672,43.585679,False,975fff109aaf05e0489968be720df248b6c0571c28f46ab616f8a9222b060cea,False,True,train
recovered_archive2/105,recovered_archive2,105,cap_image,recovered_archive2/105/CAPorg11.jpg,CAPorg11.jpg,652567,b5d87d434dfa7e5b41d85240e443c18aadc49b220c5a6a41579e6b135964cfbb,1024,768,131.33359,38.731746,False,b5d87d434dfa7e5b41d85240e443c18aadc49b220c5a6a41579e6b135964cfbb,False,True,train
recovered_archive2/105,recovered_archive2,105,cap_image,recovered_archive2/105/CAPorg12.jpg,CAPorg12.jpg,636698,90aeb4bf08f15a7ea2dccef56f3a742e954b423eb2db404e3414ecce05f60e43,1024,768,160.224569,37.810334,False,90aeb4bf08f15a7ea2dccef56f3a742e954b423eb2db404e3414ecce05f60e43,False,True,train
recovered_archive2/105,recovered_archive2,105,cap_image,recovered_archive2/105/CAPorg2.jpg,CAPorg2.jpg,520257,2f011086dfcf96b58622bc1d79a6fcfe81bea06f564c22639232d5f6b7df7d15,1024,768,59.692643,58.339671,False,2f011086dfcf96b58622bc1d79a6fcfe81bea06f564c22639232d5f6b7df7d15,False,True,train
recovered_archive2/105,recovered_archive2,105,cap_image,recovered_archive2/105/CAPorg3.jpg,CAPorg3.jpg,529559,768de27d8fc98266f4a316e54ebea1b717a7c7ae308aa39c0d039f662e1f8630,1024,768,111.897766,91.638647,False,768de27d8fc98266f4a316e54ebea1b717a7c7ae308aa39c0d039f662e1f8630,False,True,train
recovered_archive2/105,recovered_archive2,105,cap_image,recovered_archive2/105/CAPorg4.jpg,CAPorg4.jpg,644691,6bf4b206686c25320cae225619d539018cf46704a2e48af4c2b35c9cd65577cd,1024,768,111.548786,45.862783,False,6bf4b206686c25320cae225619d539018cf46704a2e48af4c2b35c9cd65577cd,False,True,train
recovered_archive2/105,recovered_archive2,105,cap_image,recovered_archive2/105/CAPorg5.jpg,CAPorg5.jpg,652581,32ac4a70c1b0de42c43e2179faf0a4b6463831706fd246a01f39903391e336d8,1024,768,126.303825,45.437068,False,32ac4a70c1b0de42c43e2179faf0a4b6463831706fd246a01f39903391e336d8,False,True,train
recovered_archive2/105,recovered_archive2,105,cap_image,recovered_archive2/105/CAPorg6.jpg,CAPorg6.jpg,624878,228612dc8b94ef11415c9e8031182173875d3da83473a825beb7e2be12e9fcf1,1024,768,86.100019,46.317517,False,228612dc8b94ef11415c9e8031182173875d3da83473a825beb7e2be12e9fcf1,False,True,train
recovered_archive2/105,recovered_archive2,105,cap_image,recovered_archive2/105/CAPorg7.jpg,CAPorg7.jpg,631233,23cb8b04d73c6e5a52a44ad6331a65af36c2b5b7932a86291dc429e92a12a4f4,1024,768,99.095509,50.081543,False,23cb8b04d73c6e5a52a44ad6331a65af36c2b5b7932a86291dc429e92a12a4f4,False,True,train
recovered_archive2/105,recovered_archive2,105,cap_image,recovered_archive2/105/CAPorg8.jpg,CAPorg8.jpg,639676,8f20c26731835de56058030f3e4527592466f93e403bf806fa967063b6eb1dcc,1024,768,113.009464,44.162183,False,8f20c26731835de56058030f3e4527592466f93e403bf806fa967063b6eb1dcc,False,True,train
recovered_archive2/105,recovered_archive2,105,cap_image,recovered_archive2/105/CAPorg9.jpg,CAPorg9.jpg,648528,d997bb1414117e60a5413897dab9b353e56675160ec6ae57e8f15eefa524ed7e,1024,768,117.653914,45.291187,False,d997bb1414117e60a5413897dab9b353e56675160ec6ae57e8f15eefa524ed7e,False,True,train
recovered_archive2/105,recovered_archive2,105,report_image,recovered_archive2/105/rep.jpg.jpg,rep.jpg.jpg,85390,51a84b4f086c11c673c50ee4e399f15ccbfd0a8a700e4e42647d04b6f28ec59d,,,,,False,51a84b4f086c11c673c50ee4e399f15ccbfd0a8a700e4e42647d04b6f28ec59d,False,False,train
recovered_archive2/105,recovered_archive2,105,report_image,recovered_archive2/105/rep_2004230.jpg.jpg,rep_2004230.jpg.jpg,58440,080ccc560a9183ecb2d0c923488192ded061d08b521f9a808077be382da9d448,,,,,False,080ccc560a9183ecb2d0c923488192ded061d08b521f9a808077be382da9d448,False,False,train
recovered_archive2/105,recovered_archive2,105,report_image,recovered_archive2/105/rep_2004231.jpg.jpg,rep_2004231.jpg.jpg,85390,51a84b4f086c11c673c50ee4e399f15ccbfd0a8a700e4e42647d04b6f28ec59d,,,,,False,51a84b4f086c11c673c50ee4e399f15ccbfd0a8a700e4e42647d04b6f28ec59d,False,False,train
recovered_archive2/105,recovered_archive2,105,report_image,recovered_archive2/105/rep_左手.jpg.jpg,rep_左手.jpg.jpg,85390,51a84b4f086c11c673c50ee4e399f15ccbfd0a8a700e4e42647d04b6f28ec59d,,,,,False,51a84b4f086c11c673c50ee4e399f15ccbfd0a8a700e4e42647d04b6f28ec59d,False,False,train
recovered_archive2/105,recovered_archive2,105,video,recovered_archive2/105/wmv0.avi,wmv0.avi,344462848,,,,,,False,,True,False,train
recovered_archive2/106,recovered_archive2,106,cap_image,recovered_archive2/106/CAPorg1.jpg,CAPorg1.jpg,654632,985bfb02a976721f1b745b523083c5aed9c3556c130a29a2ac3641e495c0d160,1024,768,134.309797,66.414366,False,985bfb02a976721f1b745b523083c5aed9c3556c130a29a2ac3641e495c0d160,False,True,train
recovered_archive2/106,recovered_archive2,106,cap_image,recovered_archive2/106/CAPorg2.jpg,CAPorg2.jpg,571472,4578825fc7f5d1bbb075b5bfa8460620f6c3eea3065324f72e42c354a57ad547,1024,768,148.348525,83.429121,False,4578825fc7f5d1bbb075b5bfa8460620f6c3eea3065324f72e42c354a57ad547,False,True,train
recovered_archive2/106,recovered_archive2,106,cap_image,recovered_archive2/106/CAPorg3.jpg,CAPorg3.jpg,622281,3163603382bb2714f2b61362f021c1e09fac6d2ed4b839df9308d4532fba2164,1024,768,80.057077,35.250433,False,3163603382bb2714f2b61362f021c1e09fac6d2ed4b839df9308d4532fba2164,False,True,train
recovered_archive2/106,recovered_archive2,106,cap_image,recovered_archive2/106/CAPorg4.jpg,CAPorg4.jpg,611504,17108f5a68c9671934dae64c67581d7bf5c289a7955ca5a6c43e9fc9ceda5db1,1024,768,84.799065,49.5067,False,17108f5a68c9671934dae64c67581d7bf5c289a7955ca5a6c43e9fc9ceda5db1,False,True,train
recovered_archive2/106,recovered_archive2,106,cap_image,recovered_archive2/106/CAPorg5.jpg,CAPorg5.jpg,572377,a6e7ee3899dbf8b6d889d226cdcb60bf37daccabcd08eeea3e18113e209a6289,1024,768,67.405055,50.7131,False,a6e7ee3899dbf8b6d889d226cdcb60bf37daccabcd08eeea3e18113e209a6289,False,True,train
recovered_archive2/106,recovered_archive2,106,cap_image,recovered_archive2/106/CAPorg6.jpg,CAPorg6.jpg,631901,f4915693219e18af78f71ecb2cb577fcc9a74bfc1178196a8b7aa7cd10222a66,1024,768,92.157382,41.048876,False,f4915693219e18af78f71ecb2cb577fcc9a74bfc1178196a8b7aa7cd10222a66,False,True,train
recovered_archive2/106,recovered_archive2,106,cap_image,recovered_archive2/106/CAPorg7.jpg,CAPorg7.jpg,623354,737c1897e5cacb88309b378aef18d835955efe816fa733e79853dd54ed7622b4,1024,768,86.686029,35.375187,False,737c1897e5cacb88309b378aef18d835955efe816fa733e79853dd54ed7622b4,False,True,train
recovered_archive2/106,recovered_archive2,106,cap_image,recovered_archive2/106/CAPorg8.jpg,CAPorg8.jpg,625150,8f227586cc67a9c7ca4e30c05710cb170540c1031d55a69de27e500cdef1860c,1024,768,88.841085,37.539976,False,8f227586cc67a9c7ca4e30c05710cb170540c1031d55a69de27e500cdef1860c,False,True,train
recovered_archive2/106,recovered_archive2,106,report_image,recovered_archive2/106/rep.jpg.jpg,rep.jpg.jpg,75038,b478192c428254908c507bcb6d37b2e67ad13731c4d7d14749396452ef40028c,,,,,False,b478192c428254908c507bcb6d37b2e67ad13731c4d7d14749396452ef40028c,False,False,train
recovered_archive2/106,recovered_archive2,106,report_image,recovered_archive2/106/rep_1902190.jpg.jpg,rep_1902190.jpg.jpg,75038,b478192c428254908c507bcb6d37b2e67ad13731c4d7d14749396452ef40028c,,,,,False,b478192c428254908c507bcb6d37b2e67ad13731c4d7d14749396452ef40028c,False,False,train
recovered_archive2/106,recovered_archive2,106,report_image,recovered_archive2/106/rep_1902191.jpg.jpg,rep_1902191.jpg.jpg,75038,b478192c428254908c507bcb6d37b2e67ad13731c4d7d14749396452ef40028c,,,,,False,b478192c428254908c507bcb6d37b2e67ad13731c4d7d14749396452ef40028c,False,False,train
recovered_archive2/106,recovered_archive2,106,report_image,recovered_archive2/106/rep_右手.jpg.jpg,rep_右手.jpg.jpg,75038,b478192c428254908c507bcb6d37b2e67ad13731c4d7d14749396452ef40028c,,,,,False,b478192c428254908c507bcb6d37b2e67ad13731c4d7d14749396452ef40028c,False,False,train
recovered_archive2/106,recovered_archive2,106,video,recovered_archive2/106/wmv0.avi,wmv0.avi,10223104,,,,,,False,,True,False,train
recovered_archive2/107,recovered_archive2,107,cap_image,recovered_archive2/107/CAPorg1.jpg,CAPorg1.jpg,561485,afa305a5a78d2de4850441dbc26fdb16f95d6a70c3466b2384ed02d37952a084,1024,768,119.058048,75.024821,False,afa305a5a78d2de4850441dbc26fdb16f95d6a70c3466b2384ed02d37952a084,False,True,train
recovered_archive2/107,recovered_archive2,107,cap_image,recovered_archive2/107/CAPorg10.jpg,CAPorg10.jpg,573752,aff86b45931ddb31864130708b49a437eaad835531f4a9644bda983d12504b83,1024,768,83.373318,45.004042,False,aff86b45931ddb31864130708b49a437eaad835531f4a9644bda983d12504b83,False,True,train
recovered_archive2/107,recovered_archive2,107,cap_image,recovered_archive2/107/CAPorg2.jpg,CAPorg2.jpg,548638,d8dbb815a87ee514749616f6ab20d1ca4a137c5f7fe6f0a4ca7cedfa1f3af458,1024,768,43.588483,23.966339,False,d8dbb815a87ee514749616f6ab20d1ca4a137c5f7fe6f0a4ca7cedfa1f3af458,False,True,train
recovered_archive2/107,recovered_archive2,107,cap_image,recovered_archive2/107/CAPorg3.jpg,CAPorg3.jpg,553826,cc4b0482633acc43b42a957aee68dc74ed3db1c60aad8a1d92e115c213b3315e,1024,768,54.897559,30.663288,False,cc4b0482633acc43b42a957aee68dc74ed3db1c60aad8a1d92e115c213b3315e,False,True,train
recovered_archive2/107,recovered_archive2,107,cap_image,recovered_archive2/107/CAPorg4.jpg,CAPorg4.jpg,534656,63a1d9630ea7be6d4e5a2c37e96c04dc8411ba2434d6a7e14d7a3f116ddc461d,1024,768,48.642658,33.370655,False,63a1d9630ea7be6d4e5a2c37e96c04dc8411ba2434d6a7e14d7a3f116ddc461d,False,True,train
recovered_archive2/107,recovered_archive2,107,cap_image,recovered_archive2/107/CAPorg5.jpg,CAPorg5.jpg,526938,805b1d917ba45263b48c7c2852ce3864c0fe6a994b32e63a9708716a24b9e58c,1024,768,46.334506,32.53682,False,805b1d917ba45263b48c7c2852ce3864c0fe6a994b32e63a9708716a24b9e58c,False,True,train
recovered_archive2/107,recovered_archive2,107,cap_image,recovered_archive2/107/CAPorg6.jpg,CAPorg6.jpg,527356,291baceecd690bfec1bea0cc368473532470e3d582402f2faf95312b9036c1d8,1024,768,47.121283,32.867586,False,291baceecd690bfec1bea0cc368473532470e3d582402f2faf95312b9036c1d8,False,True,train
recovered_archive2/107,recovered_archive2,107,cap_image,recovered_archive2/107/CAPorg7.jpg,CAPorg7.jpg,583289,8e504ac17073b292990d5efc2d7c5ad06ed7c8ce42af1adb694707de36055fb8,1024,768,96.976446,45.419621,False,8e504ac17073b292990d5efc2d7c5ad06ed7c8ce42af1adb694707de36055fb8,False,True,train
recovered_archive2/107,recovered_archive2,107,cap_image,recovered_archive2/107/CAPorg8.jpg,CAPorg8.jpg,590970,fc7bf3602f35288c16481b476c691fbb6439b968eb050f0d34f32236795be130,1024,768,114.96828,50.198284,False,fc7bf3602f35288c16481b476c691fbb6439b968eb050f0d34f32236795be130,False,True,train
recovered_archive2/107,recovered_archive2,107,cap_image,recovered_archive2/107/CAPorg9.jpg,CAPorg9.jpg,585478,983b439b132f162cb8deb3db2eb5be5afd5aa2101fe61e165a41486f4cbd69fe,1024,768,129.760062,52.549453,False,983b439b132f162cb8deb3db2eb5be5afd5aa2101fe61e165a41486f4cbd69fe,False,True,train
recovered_archive2/107,recovered_archive2,107,report_image,recovered_archive2/107/rep.jpg.jpg,rep.jpg.jpg,71222,ccb6e232bd287e2f5d7d932c9377b66f2220ac37f161e6ab1d0ed137e6dbb9d2,,,,,False,ccb6e232bd287e2f5d7d932c9377b66f2220ac37f161e6ab1d0ed137e6dbb9d2,False,False,train
recovered_archive2/107,recovered_archive2,107,report_image,recovered_archive2/107/rep_1904160.jpg.jpg,rep_1904160.jpg.jpg,68635,f0cbc5d515b23e66cb9395161f9b05b1c3edafe8333cbeefffd66babf4affdfb,,,,,False,f0cbc5d515b23e66cb9395161f9b05b1c3edafe8333cbeefffd66babf4affdfb,False,False,train
recovered_archive2/107,recovered_archive2,107,report_image,recovered_archive2/107/rep_1904161.jpg.jpg,rep_1904161.jpg.jpg,71249,0a182d6f00483bf4fce457d941dcbc177efa44240514cc55f84e0f718cf2f9cf,,,,,False,0a182d6f00483bf4fce457d941dcbc177efa44240514cc55f84e0f718cf2f9cf,False,False,train
recovered_archive2/107,recovered_archive2,107,report_image,recovered_archive2/107/rep_左手.jpg.jpg,rep_左手.jpg.jpg,71222,ccb6e232bd287e2f5d7d932c9377b66f2220ac37f161e6ab1d0ed137e6dbb9d2,,,,,False,ccb6e232bd287e2f5d7d932c9377b66f2220ac37f161e6ab1d0ed137e6dbb9d2,False,False,train
recovered_archive2/108,recovered_archive2,108,cap_image,recovered_archive2/108/CAPorg1.jpg,CAPorg1.jpg,639980,0f99cd059aa4df595653df2dcceaa1baa758c6cddea099bce521073aeab6f710,1024,768,113.813611,38.359366,False,0f99cd059aa4df595653df2dcceaa1baa758c6cddea099bce521073aeab6f710,False,True,train
recovered_archive2/108,recovered_archive2,108,cap_image,recovered_archive2/108/CAPorg2.jpg,CAPorg2.jpg,521253,84560062890de40a038bbe9e5ed9cfcfd5d07fb7b2214619fdd0a6a890426799,1024,768,28.693278,24.457596,False,84560062890de40a038bbe9e5ed9cfcfd5d07fb7b2214619fdd0a6a890426799,False,True,train
recovered_archive2/108,recovered_archive2,108,cap_image,recovered_archive2/108/CAPorg3.jpg,CAPorg3.jpg,586638,38c67be143fb15d42e61943eb5dcbeeb76904a81815ca328fd02f079bc92956f,1024,768,49.735984,28.395838,False,38c67be143fb15d42e61943eb5dcbeeb76904a81815ca328fd02f079bc92956f,False,True,train
recovered_archive2/108,recovered_archive2,108,cap_image,recovered_archive2/108/CAPorg4.jpg,CAPorg4.jpg,613600,2464843a0c6b1f71cdfea0e80730ca639e8f21f19cb4a097c6da6e883927449f,1024,768,78.534428,35.722896,False,2464843a0c6b1f71cdfea0e80730ca639e8f21f19cb4a097c6da6e883927449f,False,True,train
recovered_archive2/108,recovered_archive2,108,cap_image,recovered_archive2/108/CAPorg5.jpg,CAPorg5.jpg,623488,4d3e968a9b5207216b13859a288f07b5d39f4cb2fb5c2cd914e46fce16aa6800,1024,768,108.249282,39.194778,False,4d3e968a9b5207216b13859a288f07b5d39f4cb2fb5c2cd914e46fce16aa6800,False,True,train
recovered_archive2/108,recovered_archive2,108,cap_image,recovered_archive2/108/CAPorg6.jpg,CAPorg6.jpg,540261,a946e919bbff97a15fa31ba4f68551a838d0c189bc573f85d8f5342445c45c86,1024,768,33.620783,26.952399,False,a946e919bbff97a15fa31ba4f68551a838d0c189bc573f85d8f5342445c45c86,False,True,train
recovered_archive2/108,recovered_archive2,108,report_image,recovered_archive2/108/rep.jpg.jpg,rep.jpg.jpg,80006,dfe8c56b7c1d5b222f72cf4789f781866a6aeb7fdff3c1deb3267ad4de138d35,,,,,False,dfe8c56b7c1d5b222f72cf4789f781866a6aeb7fdff3c1deb3267ad4de138d35,False,False,train
recovered_archive2/108,recovered_archive2,108,report_image,recovered_archive2/108/rep_1901310.jpg.jpg,rep_1901310.jpg.jpg,80006,dfe8c56b7c1d5b222f72cf4789f781866a6aeb7fdff3c1deb3267ad4de138d35,,,,,False,dfe8c56b7c1d5b222f72cf4789f781866a6aeb7fdff3c1deb3267ad4de138d35,False,False,train
recovered_archive2/108,recovered_archive2,108,report_image,recovered_archive2/108/rep_1901311.jpg.jpg,rep_1901311.jpg.jpg,80006,dfe8c56b7c1d5b222f72cf4789f781866a6aeb7fdff3c1deb3267ad4de138d35,,,,,False,dfe8c56b7c1d5b222f72cf4789f781866a6aeb7fdff3c1deb3267ad4de138d35,False,False,train
recovered_archive2/108,recovered_archive2,108,report_image,recovered_archive2/108/rep_左手.jpg.jpg,rep_左手.jpg.jpg,80006,dfe8c56b7c1d5b222f72cf4789f781866a6aeb7fdff3c1deb3267ad4de138d35,,,,,False,dfe8c56b7c1d5b222f72cf4789f781866a6aeb7fdff3c1deb3267ad4de138d35,False,False,train
recovered_archive2/108,recovered_archive2,108,video,recovered_archive2/108/wmv0.avi,wmv0.avi,10229248,,,,,,False,,True,False,train
recovered_archive2/108,recovered_archive2,108,video,recovered_archive2/108/wmv1.avi,wmv1.avi,10263552,,,,,,False,,True,False,train
recovered_archive2/108,recovered_archive2,108,video,recovered_archive2/108/wmv2.avi,wmv2.avi,10170368,,,,,,False,,True,False,train
recovered_archive2/109,recovered_archive2,109,cap_image,recovered_archive2/109/CAPorg1.jpg,CAPorg1.jpg,609235,ff1b1c52639ade7875c30758516300093000b230ca1c05960026839f12df9994,1024,768,202.97636,44.64458,False,ff1b1c52639ade7875c30758516300093000b230ca1c05960026839f12df9994,False,True,train
recovered_archive2/109,recovered_archive2,109,cap_image,recovered_archive2/109/CAPorg10.jpg,CAPorg10.jpg,601812,06aba876cac15acd741064d906fa0980ecff0f6bfaca28383b286ad92ff24751,1024,768,57.709142,21.136393,False,06aba876cac15acd741064d906fa0980ecff0f6bfaca28383b286ad92ff24751,False,True,train
recovered_archive2/109,recovered_archive2,109,cap_image,recovered_archive2/109/CAPorg11.jpg,CAPorg11.jpg,617241,1afec752c780e63cbcca8b5e59a4be12fef111e1b0e22198b92289803eb6c89b,1024,768,85.764414,27.404338,False,1afec752c780e63cbcca8b5e59a4be12fef111e1b0e22198b92289803eb6c89b,False,True,train
recovered_archive2/109,recovered_archive2,109,cap_image,recovered_archive2/109/CAPorg12.jpg,CAPorg12.jpg,622411,4743a51d94a7c80280ec300a255b49cb25f647bfc146ce40248d932f2a88d409,1024,768,86.861362,28.627323,False,4743a51d94a7c80280ec300a255b49cb25f647bfc146ce40248d932f2a88d409,False,True,train
recovered_archive2/109,recovered_archive2,109,cap_image,recovered_archive2/109/CAPorg13.jpg,CAPorg13.jpg,626781,a3ebb31f483cc8b4c8340b8507106c261a49fd38f36bb46fd82914a90cf5068d,1024,768,94.684862,34.449931,False,a3ebb31f483cc8b4c8340b8507106c261a49fd38f36bb46fd82914a90cf5068d,False,True,train
recovered_archive2/109,recovered_archive2,109,cap_image,recovered_archive2/109/CAPorg2.jpg,CAPorg2.jpg,664987,792340c37438573f0c9498e957e8e9a9234742f5b1fb94b14172ba3bc17118a9,1024,768,163.7457,36.736385,False,792340c37438573f0c9498e957e8e9a9234742f5b1fb94b14172ba3bc17118a9,False,True,train
recovered_archive2/109,recovered_archive2,109,cap_image,recovered_archive2/109/CAPorg3.jpg,CAPorg3.jpg,658621,61cae8e3dc595e114218d59789a2fa4e1e53d12c5a76e900896f8384f18ca8ee,1024,768,176.175775,36.61607,False,61cae8e3dc595e114218d59789a2fa4e1e53d12c5a76e900896f8384f18ca8ee,False,True,train
recovered_archive2/109,recovered_archive2,109,cap_image,recovered_archive2/109/CAPorg4.jpg,CAPorg4.jpg,621106,db07e85cfb06486c3e9566edc9c42d59f06f181d62c12034beb53ad7808b468c,1024,768,116.680452,43.539928,False,db07e85cfb06486c3e9566edc9c42d59f06f181d62c12034beb53ad7808b468c,False,True,train
recovered_archive2/109,recovered_archive2,109,cap_image,recovered_archive2/109/CAPorg5.jpg,CAPorg5.jpg,610916,6c18545c8aa2409e9f6c237d8ff94e1a0663390385b978a3769096aa5d60acac,1024,768,131.790644,50.689269,False,6c18545c8aa2409e9f6c237d8ff94e1a0663390385b978a3769096aa5d60acac,False,True,train
recovered_archive2/109,recovered_archive2,109,cap_image,recovered_archive2/109/CAPorg6.jpg,CAPorg6.jpg,624705,2cb76f7af1f66d624c9c19ff1117eeb174c37e337194387957f1672bc14ca9ad,1024,768,99.342157,30.308267,False,2cb76f7af1f66d624c9c19ff1117eeb174c37e337194387957f1672bc14ca9ad,False,True,train
recovered_archive2/109,recovered_archive2,109,cap_image,recovered_archive2/109/CAPorg7.jpg,CAPorg7.jpg,620625,65971d0543fd223b2f12533946415d3771b68574e34ea71e3eaffb915ee64ef1,1024,768,83.357938,22.186923,False,65971d0543fd223b2f12533946415d3771b68574e34ea71e3eaffb915ee64ef1,False,True,train
recovered_archive2/109,recovered_archive2,109,cap_image,recovered_archive2/109/CAPorg8.jpg,CAPorg8.jpg,615771,b55915592c5ae7f4c92de235229f733ca7fdeaf0edb91f3032f5cf247ab933bc,1024,768,74.828225,24.177722,False,b55915592c5ae7f4c92de235229f733ca7fdeaf0edb91f3032f5cf247ab933bc,False,True,train
recovered_archive2/109,recovered_archive2,109,cap_image,recovered_archive2/109/CAPorg9.jpg,CAPorg9.jpg,606409,4aad2a9dca134f2606a0256bd7978869c750aeee2eb26dfc13ce410d396b1463,1024,768,65.715547,23.192831,False,4aad2a9dca134f2606a0256bd7978869c750aeee2eb26dfc13ce410d396b1463,False,True,train
recovered_archive2/109,recovered_archive2,109,report_image,recovered_archive2/109/rep.jpg.jpg,rep.jpg.jpg,80865,3d1598aa79d0d1f4b05e78fd27fafa88ebe18234969093b777ad529415c14454,,,,,False,3d1598aa79d0d1f4b05e78fd27fafa88ebe18234969093b777ad529415c14454,False,False,train
recovered_archive2/109,recovered_archive2,109,report_image,recovered_archive2/109/rep_2007280.jpg.jpg,rep_2007280.jpg.jpg,80865,3d1598aa79d0d1f4b05e78fd27fafa88ebe18234969093b777ad529415c14454,,,,,False,3d1598aa79d0d1f4b05e78fd27fafa88ebe18234969093b777ad529415c14454,False,False,train
recovered_archive2/109,recovered_archive2,109,report_image,recovered_archive2/109/rep_2007281.jpg.jpg,rep_2007281.jpg.jpg,80865,3d1598aa79d0d1f4b05e78fd27fafa88ebe18234969093b777ad529415c14454,,,,,False,3d1598aa79d0d1f4b05e78fd27fafa88ebe18234969093b777ad529415c14454,False,False,train
recovered_archive2/109,recovered_archive2,109,report_image,recovered_archive2/109/rep_左手.jpg.jpg,rep_左手.jpg.jpg,80865,3d1598aa79d0d1f4b05e78fd27fafa88ebe18234969093b777ad529415c14454,,,,,False,3d1598aa79d0d1f4b05e78fd27fafa88ebe18234969093b777ad529415c14454,False,False,train
recovered_archive2/109,recovered_archive2,109,video,recovered_archive2/109/wmv0.avi,wmv0.avi,351540736,,,,,,False,,True,False,train
recovered_archive2/109,recovered_archive2,109,video,recovered_archive2/109/wmv1.avi,wmv1.avi,372774912,,,,,,False,,True,False,train
recovered_archive2/110,recovered_archive2,110,cap_image,recovered_archive2/110/CAPorg1.jpg,CAPorg1.jpg,556802,8f04679ea606862e51bb018a3d5e6acbd06e9472cacc2b3b8fa0bbcc94036a30,1024,768,46.142677,43.247791,False,8f04679ea606862e51bb018a3d5e6acbd06e9472cacc2b3b8fa0bbcc94036a30,False,True,train
recovered_archive2/110,recovered_archive2,110,cap_image,recovered_archive2/110/CAPorg10.jpg,CAPorg10.jpg,549260,c6d18b2efab8a36ec1e80dd944df74eabee7fc726f99aaabdf8011a7891a69b6,1024,768,31.580205,37.102996,False,c6d18b2efab8a36ec1e80dd944df74eabee7fc726f99aaabdf8011a7891a69b6,False,True,train
recovered_archive2/110,recovered_archive2,110,cap_image,recovered_archive2/110/CAPorg2.jpg,CAPorg2.jpg,434866,da188cd6d671cd8a35a3f7dd4f0859fd470da4f7e3ecc4941b2788f3b7fb8040,1024,768,9.549141,12.771356,False,da188cd6d671cd8a35a3f7dd4f0859fd470da4f7e3ecc4941b2788f3b7fb8040,False,True,train
recovered_archive2/110,recovered_archive2,110,cap_image,recovered_archive2/110/CAPorg3.jpg,CAPorg3.jpg,505258,73487d2c5aee715981d447c6af89f5c47c342e27d83da15e4e4035fc842454e5,1024,768,68.595081,79.31948,False,73487d2c5aee715981d447c6af89f5c47c342e27d83da15e4e4035fc842454e5,False,True,train
recovered_archive2/110,recovered_archive2,110,cap_image,recovered_archive2/110/CAPorg4.jpg,CAPorg4.jpg,537433,6e6462e685d5508ca50e04c22625c563c2b19d781ea2e78be8ddfae6fba7fbb9,1024,768,74.978032,75.770649,False,6e6462e685d5508ca50e04c22625c563c2b19d781ea2e78be8ddfae6fba7fbb9,False,True,train
recovered_archive2/110,recovered_archive2,110,cap_image,recovered_archive2/110/CAPorg5.jpg,CAPorg5.jpg,507274,b2aeaa1c1fc6df10f1e537051f1245f7ca1eb0ed9f22f616282d50b99b364209,1024,768,80.293695,81.166227,False,b2aeaa1c1fc6df10f1e537051f1245f7ca1eb0ed9f22f616282d50b99b364209,False,True,train
recovered_archive2/110,recovered_archive2,110,cap_image,recovered_archive2/110/CAPorg6.jpg,CAPorg6.jpg,346240,11cda40cc97a381652e7cf6a2463ae58e40ff8e4105318018967e4eba9b22320,1024,768,17.523468,43.368105,False,11cda40cc97a381652e7cf6a2463ae58e40ff8e4105318018967e4eba9b22320,False,True,train
recovered_archive2/110,recovered_archive2,110,cap_image,recovered_archive2/110/CAPorg7.jpg,CAPorg7.jpg,384125,8c9507b6aea4df1085eb5bfa6afc35cfbf962dbaf59767d6e2e962e0d0ba8f98,1024,768,106.637887,105.387182,False,8c9507b6aea4df1085eb5bfa6afc35cfbf962dbaf59767d6e2e962e0d0ba8f98,False,True,train
recovered_archive2/110,recovered_archive2,110,cap_image,recovered_archive2/110/CAPorg8.jpg,CAPorg8.jpg,426896,eb98d1c0bb4950855e96afd7b0297f965957f8a212e789ddfe1caac62fc0aa38,1024,768,91.890016,99.459498,False,eb98d1c0bb4950855e96afd7b0297f965957f8a212e789ddfe1caac62fc0aa38,False,True,train
recovered_archive2/110,recovered_archive2,110,cap_image,recovered_archive2/110/CAPorg9.jpg,CAPorg9.jpg,526235,b2e0ad3ae09de953140cb0fd2442d15d5ca368419c6907a06da8a990da7ad537,1024,768,59.650405,70.825239,False,b2e0ad3ae09de953140cb0fd2442d15d5ca368419c6907a06da8a990da7ad537,False,True,train
recovered_archive2/110,recovered_archive2,110,report_image,recovered_archive2/110/rep.jpg.jpg,rep.jpg.jpg,83263,25b1813882194988082178c7d5432f7d9c74809fa5809ea6c3af179809b6bdcc,,,,,False,25b1813882194988082178c7d5432f7d9c74809fa5809ea6c3af179809b6bdcc,False,False,train
recovered_archive2/110,recovered_archive2,110,report_image,recovered_archive2/110/rep_1903120.jpg.jpg,rep_1903120.jpg.jpg,83362,53f3f4df2b6f5c4576c5db80cfa9580f567f82e306c1919847c901d78eb68f29,,,,,False,53f3f4df2b6f5c4576c5db80cfa9580f567f82e306c1919847c901d78eb68f29,False,False,train
recovered_archive2/110,recovered_archive2,110,report_image,recovered_archive2/110/rep_1903121.jpg.jpg,rep_1903121.jpg.jpg,83263,25b1813882194988082178c7d5432f7d9c74809fa5809ea6c3af179809b6bdcc,,,,,False,25b1813882194988082178c7d5432f7d9c74809fa5809ea6c3af179809b6bdcc,False,False,train
recovered_archive2/110,recovered_archive2,110,report_image,recovered_archive2/110/rep_1903122.jpg.jpg,rep_1903122.jpg.jpg,83263,25b1813882194988082178c7d5432f7d9c74809fa5809ea6c3af179809b6bdcc,,,,,False,25b1813882194988082178c7d5432f7d9c74809fa5809ea6c3af179809b6bdcc,False,False,train
recovered_archive2/110,recovered_archive2,110,report_image,recovered_archive2/110/rep_左手.jpg.jpg,rep_左手.jpg.jpg,83263,25b1813882194988082178c7d5432f7d9c74809fa5809ea6c3af179809b6bdcc,,,,,False,25b1813882194988082178c7d5432f7d9c74809fa5809ea6c3af179809b6bdcc,False,False,train
recovered_archive2/111,recovered_archive2,111,cap_image,recovered_archive2/111/CAPorg1.jpg,CAPorg1.jpg,630294,9ba676257c8cd175234874da184eae8a29ad75f69f091eab4459a2091b6ff096,1024,768,100.866573,44.975052,False,9ba676257c8cd175234874da184eae8a29ad75f69f091eab4459a2091b6ff096,False,True,train
recovered_archive2/111,recovered_archive2,111,cap_image,recovered_archive2/111/CAPorg2.jpg,CAPorg2.jpg,649435,b75014e7a74ab9d9d0d6adb97069bb543099d3d7969a82c5d238df085ea49f7c,1024,768,128.673401,39.310214,False,b75014e7a74ab9d9d0d6adb97069bb543099d3d7969a82c5d238df085ea49f7c,False,True,train
recovered_archive2/111,recovered_archive2,111,cap_image,recovered_archive2/111/CAPorg3.jpg,CAPorg3.jpg,656464,f43e42ab95e958031327a1a87df50851ddef5360fe25a301f8884c1a46a9b3dc,1024,768,141.081997,35.727769,False,f43e42ab95e958031327a1a87df50851ddef5360fe25a301f8884c1a46a9b3dc,False,True,train
recovered_archive2/111,recovered_archive2,111,cap_image,recovered_archive2/111/CAPorg4.jpg,CAPorg4.jpg,656421,259e35e7f6b1960152ec5c601725f536bb5222a8c749e8dd7d431584e984c430,1024,768,146.827808,38.407061,False,259e35e7f6b1960152ec5c601725f536bb5222a8c749e8dd7d431584e984c430,False,True,train
recovered_archive2/111,recovered_archive2,111,cap_image,recovered_archive2/111/CAPorg5.jpg,CAPorg5.jpg,658929,1a76c1a4376a5c13542b993f2032f1e7b085e9236486374b42442ae278a65064,1024,768,153.099261,31.836415,False,1a76c1a4376a5c13542b993f2032f1e7b085e9236486374b42442ae278a65064,False,True,train
recovered_archive2/111,recovered_archive2,111,report_image,recovered_archive2/111/rep.jpg.jpg,rep.jpg.jpg,75623,1683d75c7c05ad4c9719e233073e96cbd9d5e349d956960daef4c2354857124f,,,,,False,1683d75c7c05ad4c9719e233073e96cbd9d5e349d956960daef4c2354857124f,False,False,train
recovered_archive2/111,recovered_archive2,111,report_image,recovered_archive2/111/rep_1901220.jpg.jpg,rep_1901220.jpg.jpg,75623,1683d75c7c05ad4c9719e233073e96cbd9d5e349d956960daef4c2354857124f,,,,,False,1683d75c7c05ad4c9719e233073e96cbd9d5e349d956960daef4c2354857124f,False,False,train
recovered_archive2/111,recovered_archive2,111,report_image,recovered_archive2/111/rep_1901221.jpg.jpg,rep_1901221.jpg.jpg,75623,1683d75c7c05ad4c9719e233073e96cbd9d5e349d956960daef4c2354857124f,,,,,False,1683d75c7c05ad4c9719e233073e96cbd9d5e349d956960daef4c2354857124f,False,False,train
recovered_archive2/111,recovered_archive2,111,report_image,recovered_archive2/111/rep_左手.jpg.jpg,rep_左手.jpg.jpg,75623,1683d75c7c05ad4c9719e233073e96cbd9d5e349d956960daef4c2354857124f,,,,,False,1683d75c7c05ad4c9719e233073e96cbd9d5e349d956960daef4c2354857124f,False,False,train
recovered_archive2/112,recovered_archive2,112,cap_image,recovered_archive2/112/CAPorg1.jpg,CAPorg1.jpg,590866,09af519304110a8c30142d17b81279ee4cf5cf2a02879aff0b9bda26c0b8c328,1024,768,111.78627,42.415141,False,09af519304110a8c30142d17b81279ee4cf5cf2a02879aff0b9bda26c0b8c328,False,True,train
recovered_archive2/112,recovered_archive2,112,cap_image,recovered_archive2/112/CAPorg2.jpg,CAPorg2.jpg,582719,dd76cbb23ac9fae05e5d7fbf331047bed08c8d2c1624ee27f8b8a9cdf5dfd87e,1024,768,141.609506,58.251779,False,dd76cbb23ac9fae05e5d7fbf331047bed08c8d2c1624ee27f8b8a9cdf5dfd87e,False,True,train
recovered_archive2/112,recovered_archive2,112,cap_image,recovered_archive2/112/CAPorg3.jpg,CAPorg3.jpg,363935,bad99b777bf56ce4e883a813a12c692a2f2bc7e060eea7fbc8b1867418b2fa86,1024,768,19.356364,23.032194,False,bad99b777bf56ce4e883a813a12c692a2f2bc7e060eea7fbc8b1867418b2fa86,False,True,train
recovered_archive2/112,recovered_archive2,112,cap_image,recovered_archive2/112/CAPorg4.jpg,CAPorg4.jpg,548424,49f05f9fdee53d455988d90ab07608f41d79099437439a49f08148b35893f92c,1024,768,164.292608,70.907888,False,49f05f9fdee53d455988d90ab07608f41d79099437439a49f08148b35893f92c,False,True,train
recovered_archive2/112,recovered_archive2,112,cap_image,recovered_archive2/112/CAPorg5.jpg,CAPorg5.jpg,493168,7cd1fb3b345dcdccc83c4e04f2caf152ce30ae81a444187b14f0a11213d04c7f,1024,768,183.466317,70.71587,False,7cd1fb3b345dcdccc83c4e04f2caf152ce30ae81a444187b14f0a11213d04c7f,False,True,train
recovered_archive2/112,recovered_archive2,112,cap_image,recovered_archive2/112/CAPorg6.jpg,CAPorg6.jpg,587335,41f8c169bd27b698f8d04dcc28be43d22d5e4f03676bc46f48bb277d4f85f445,1024,768,125.116885,67.147141,False,41f8c169bd27b698f8d04dcc28be43d22d5e4f03676bc46f48bb277d4f85f445,False,True,train
recovered_archive2/112,recovered_archive2,112,cap_image,recovered_archive2/112/CAPorg7.jpg,CAPorg7.jpg,479157,cbba6d8620ec8f88a1e4c53fcff0e92b9302bb9fff1790a8bdc3f269671274f6,1024,768,172.773156,72.875267,False,cbba6d8620ec8f88a1e4c53fcff0e92b9302bb9fff1790a8bdc3f269671274f6,False,True,train
recovered_archive2/112,recovered_archive2,112,cap_image,recovered_archive2/112/CAPorg8.jpg,CAPorg8.jpg,493366,f55dc833dc335636b5d1bde21f8359405de6a204959f068ba82b437c42b8992f,1024,768,166.984753,73.600943,False,f55dc833dc335636b5d1bde21f8359405de6a204959f068ba82b437c42b8992f,False,True,train
recovered_archive2/112,recovered_archive2,112,cap_image,recovered_archive2/112/CAPorg9.jpg,CAPorg9.jpg,494466,d0aec387ba8f2607f1ab4fe5127fc718f5bd350c1afba5a7d226dad98649e7b4,1024,768,175.311968,78.07056,False,d0aec387ba8f2607f1ab4fe5127fc718f5bd350c1afba5a7d226dad98649e7b4,False,True,train
recovered_archive2/112,recovered_archive2,112,report_image,recovered_archive2/112/rep.jpg.jpg,rep.jpg.jpg,73129,de8e4c6ac71db51e8625918e0f24c36d7fce6239fcc4cc4d82b9362cccd5b701,,,,,False,de8e4c6ac71db51e8625918e0f24c36d7fce6239fcc4cc4d82b9362cccd5b701,False,False,train
recovered_archive2/112,recovered_archive2,112,report_image,recovered_archive2/112/rep_1.jpg.jpg,rep_1.jpg.jpg,73129,de8e4c6ac71db51e8625918e0f24c36d7fce6239fcc4cc4d82b9362cccd5b701,,,,,False,de8e4c6ac71db51e8625918e0f24c36d7fce6239fcc4cc4d82b9362cccd5b701,False,False,train
recovered_archive2/112,recovered_archive2,112,report_image,recovered_archive2/112/rep_2004020.jpg.jpg,rep_2004020.jpg.jpg,73156,2391bf4b5374d7c85db5ea2bbf0e44a924ab7783a8bdc2033f859af364509424,,,,,False,2391bf4b5374d7c85db5ea2bbf0e44a924ab7783a8bdc2033f859af364509424,False,False,train
recovered_archive2/112,recovered_archive2,112,report_image,recovered_archive2/112/rep_2004021.jpg.jpg,rep_2004021.jpg.jpg,73156,2391bf4b5374d7c85db5ea2bbf0e44a924ab7783a8bdc2033f859af364509424,,,,,False,2391bf4b5374d7c85db5ea2bbf0e44a924ab7783a8bdc2033f859af364509424,False,False,train
recovered_archive2/112,recovered_archive2,112,video,recovered_archive2/112/wmv0.avi,wmv0.avi,332666368,,,,,,False,,True,False,train
recovered_archive2/112,recovered_archive2,112,video,recovered_archive2/112/wmv1.avi,wmv1.avi,410524160,,,,,,False,,True,False,train
recovered_archive2/112,recovered_archive2,112,video,recovered_archive2/112/wmv2.avi,wmv2.avi,377493504,,,,,,False,,True,False,train
recovered_archive2/113,recovered_archive2,113,cap_image,recovered_archive2/113/CAPorg1.jpg,CAPorg1.jpg,627815,beb0f54d0c1ba13d5d3fe2323889edb5edccf85f2a03fa8b97c857253cd30483,1024,768,121.710705,58.006234,False,beb0f54d0c1ba13d5d3fe2323889edb5edccf85f2a03fa8b97c857253cd30483,False,True,test
recovered_archive2/113,recovered_archive2,113,cap_image,recovered_archive2/113/CAPorg2.jpg,CAPorg2.jpg,629588,9245d94f9cd1121708fb39977bde44ca5ee404278fa3b11e0b0cf29ed4ff1bc9,1024,768,100.236081,56.382526,False,9245d94f9cd1121708fb39977bde44ca5ee404278fa3b11e0b0cf29ed4ff1bc9,False,True,test
recovered_archive2/113,recovered_archive2,113,cap_image,recovered_archive2/113/CAPorg3.jpg,CAPorg3.jpg,641543,e2b076830a843ac879d03a308e1d831d4dfdfeaeed1530fbd0417da457119b03,1024,768,104.067022,50.991334,False,e2b076830a843ac879d03a308e1d831d4dfdfeaeed1530fbd0417da457119b03,False,True,test
recovered_archive2/113,recovered_archive2,113,cap_image,recovered_archive2/113/CAPorg4.jpg,CAPorg4.jpg,605713,29523d8e6af42033be00fb2895cc9ab6e2fa2ea5f77610492c5884a25ea2de03,1024,768,103.170535,58.526656,False,29523d8e6af42033be00fb2895cc9ab6e2fa2ea5f77610492c5884a25ea2de03,False,True,test
recovered_archive2/113,recovered_archive2,113,cap_image,recovered_archive2/113/CAPorg5.jpg,CAPorg5.jpg,537408,5fcb0a406332c7a1de3f34ba08506d0176e15f760f7f654532a64dc4e8f223a5,1024,768,70.784007,70.051052,False,5fcb0a406332c7a1de3f34ba08506d0176e15f760f7f654532a64dc4e8f223a5,False,True,test
recovered_archive2/113,recovered_archive2,113,cap_image,recovered_archive2/113/CAPorg6.jpg,CAPorg6.jpg,627210,30da6dfd213ba8621733279e6fdf5e58c728dee69f5c16816cc208dbe34356e5,1024,768,89.407304,43.732264,False,30da6dfd213ba8621733279e6fdf5e58c728dee69f5c16816cc208dbe34356e5,False,True,test
recovered_archive2/113,recovered_archive2,113,cap_image,recovered_archive2/113/CAPorg7.jpg,CAPorg7.jpg,590051,a70bf1dfe9600d84220cd35350935a77c3f86743e19343bc7e36d381a58b944f,1024,768,165.38249,65.648495,False,a70bf1dfe9600d84220cd35350935a77c3f86743e19343bc7e36d381a58b944f,False,True,test
recovered_archive2/113,recovered_archive2,113,cap_image,recovered_archive2/113/CAPorg8.jpg,CAPorg8.jpg,12917,749a8efc155a7020938f4cce12a79e06e26c0435082b998dd21c0492d02f11a1,1024,768,0.0,0.0,True,749a8efc155a7020938f4cce12a79e06e26c0435082b998dd21c0492d02f11a1,False,True,test
recovered_archive2/113,recovered_archive2,113,report_image,recovered_archive2/113/rep.jpg.jpg,rep.jpg.jpg,81072,3efe1822b09bebea2f2ca0ee0dbb4a90b92ae67ca0d30044e2f12f5ec7915c7c,,,,,False,3efe1822b09bebea2f2ca0ee0dbb4a90b92ae67ca0d30044e2f12f5ec7915c7c,False,False,test
recovered_archive2/113,recovered_archive2,113,report_image,recovered_archive2/113/rep_1812130.jpg.jpg,rep_1812130.jpg.jpg,57925,fb0c4fcbb33958a4bc8a2f9e0d0f9f034fb6b6991b619d07033ac6592bbc2ea1,,,,,False,fb0c4fcbb33958a4bc8a2f9e0d0f9f034fb6b6991b619d07033ac6592bbc2ea1,False,False,test
recovered_archive2/113,recovered_archive2,113,report_image,recovered_archive2/113/rep_1812131.jpg.jpg,rep_1812131.jpg.jpg,81072,3efe1822b09bebea2f2ca0ee0dbb4a90b92ae67ca0d30044e2f12f5ec7915c7c,,,,,False,3efe1822b09bebea2f2ca0ee0dbb4a90b92ae67ca0d30044e2f12f5ec7915c7c,False,False,test
recovered_archive2/113,recovered_archive2,113,report_image,recovered_archive2/113/rep_左手.jpg.jpg,rep_左手.jpg.jpg,81072,3efe1822b09bebea2f2ca0ee0dbb4a90b92ae67ca0d30044e2f12f5ec7915c7c,,,,,False,3efe1822b09bebea2f2ca0ee0dbb4a90b92ae67ca0d30044e2f12f5ec7915c7c,False,False,test
recovered_archive2/113,recovered_archive2,113,video,recovered_archive2/113/wmv0.avi,wmv0.avi,10222080,,,,,,False,,True,False,test
recovered_archive2/113,recovered_archive2,113,video,recovered_archive2/113/wmv1.avi,wmv1.avi,9968640,,,,,,False,,True,False,test
recovered_archive2/114,recovered_archive2,114,cap_image,recovered_archive2/114/CAPorg1.jpg,CAPorg1.jpg,661191,d82298bbae0210a6ee5095572e7301caf991dd83806b8d79776b0cd9fd3938b2,1024,768,142.493734,28.684077,False,d82298bbae0210a6ee5095572e7301caf991dd83806b8d79776b0cd9fd3938b2,False,True,val
recovered_archive2/114,recovered_archive2,114,cap_image,recovered_archive2/114/CAPorg2.jpg,CAPorg2.jpg,619762,c9c2f7c8c1c9d60f10128ac941fefb24f885bf613ef3be3b0dcb2bc00a1dcc13,1024,768,70.451832,24.645769,False,c9c2f7c8c1c9d60f10128ac941fefb24f885bf613ef3be3b0dcb2bc00a1dcc13,False,True,val
recovered_archive2/114,recovered_archive2,114,cap_image,recovered_archive2/114/CAPorg3.jpg,CAPorg3.jpg,612873,2b5940433fa45cdda97af372ad013844827be98284d8638f706dd464ca334191,1024,768,62.945307,25.093304,False,2b5940433fa45cdda97af372ad013844827be98284d8638f706dd464ca334191,False,True,val
recovered_archive2/114,recovered_archive2,114,cap_image,recovered_archive2/114/CAPorg4.jpg,CAPorg4.jpg,608951,7ff13433d7d5f407f0bdbe9c4fa9cef100dcf16734cc5706dbfdc3fcee3e480b,1024,768,62.012343,23.902689,False,7ff13433d7d5f407f0bdbe9c4fa9cef100dcf16734cc5706dbfdc3fcee3e480b,False,True,val
recovered_archive2/114,recovered_archive2,114,cap_image,recovered_archive2/114/CAPorg5.jpg,CAPorg5.jpg,619181,a6a3aec57aacc22d9306f099356971fb3862bb33ce7b9bbc9fdc8d6e2fcd5692,1024,768,74.910725,16.948526,False,a6a3aec57aacc22d9306f099356971fb3862bb33ce7b9bbc9fdc8d6e2fcd5692,False,True,val
recovered_archive2/114,recovered_archive2,114,cap_image,recovered_archive2/114/CAPorg6.jpg,CAPorg6.jpg,626823,596cdf8a86d5419aed5afa99b811519790674577985d6815d20918524b36cc35,1024,768,77.11025,23.464794,False,596cdf8a86d5419aed5afa99b811519790674577985d6815d20918524b36cc35,False,True,val
recovered_archive2/114,recovered_archive2,114,cap_image,recovered_archive2/114/CAPorg7.jpg,CAPorg7.jpg,620907,8e148176ee754b41f5a6a89c349b67c2a2ab5cf830a2b2f5597060cb4ad29fc5,1024,768,79.338759,20.549485,False,8e148176ee754b41f5a6a89c349b67c2a2ab5cf830a2b2f5597060cb4ad29fc5,False,True,val
recovered_archive2/114,recovered_archive2,114,report_image,recovered_archive2/114/rep.jpg.jpg,rep.jpg.jpg,79333,8d470a99c11be35e53215488b322550eb95e6b936d245ce16bf76a6f872927a7,,,,,False,8d470a99c11be35e53215488b322550eb95e6b936d245ce16bf76a6f872927a7,False,False,val
recovered_archive2/114,recovered_archive2,114,report_image,recovered_archive2/114/rep_1903070.jpg.jpg,rep_1903070.jpg.jpg,79844,fe5df1f68354a5bff107921e5db3a8e369d8a98b9b11df04d55113a6b422942a,,,,,False,fe5df1f68354a5bff107921e5db3a8e369d8a98b9b11df04d55113a6b422942a,False,False,val
recovered_archive2/114,recovered_archive2,114,report_image,recovered_archive2/114/rep_1903071.jpg.jpg,rep_1903071.jpg.jpg,79333,8d470a99c11be35e53215488b322550eb95e6b936d245ce16bf76a6f872927a7,,,,,False,8d470a99c11be35e53215488b322550eb95e6b936d245ce16bf76a6f872927a7,False,False,val
recovered_archive2/114,recovered_archive2,114,report_image,recovered_archive2/114/rep_左手.jpg.jpg,rep_左手.jpg.jpg,79333,8d470a99c11be35e53215488b322550eb95e6b936d245ce16bf76a6f872927a7,,,,,False,8d470a99c11be35e53215488b322550eb95e6b936d245ce16bf76a6f872927a7,False,False,val
recovered_archive2/114,recovered_archive2,114,video,recovered_archive2/114/wmv0.avi,wmv0.avi,10219008,,,,,,False,,True,False,val
recovered_archive2/114,recovered_archive2,114,video,recovered_archive2/114/wmv1.avi,wmv1.avi,10152960,,,,,,False,,True,False,val
recovered_archive2/115,recovered_archive2,115,cap_image,recovered_archive2/115/CAPorg1.jpg,CAPorg1.jpg,577207,447e71ae897bccc003eef87a1e9d4c94b683b86a117fefe65aef33c823827372,1024,768,65.845626,52.437497,False,447e71ae897bccc003eef87a1e9d4c94b683b86a117fefe65aef33c823827372,False,True,val
recovered_archive2/115,recovered_archive2,115,cap_image,recovered_archive2/115/CAPorg10.jpg,CAPorg10.jpg,556013,a9a6c34998f733fbb56e413b81b0e8c61e72f77be329a9536673b7f2abd7cfab,1024,768,160.191864,75.017564,False,a9a6c34998f733fbb56e413b81b0e8c61e72f77be329a9536673b7f2abd7cfab,False,True,val
recovered_archive2/115,recovered_archive2,115,cap_image,recovered_archive2/115/CAPorg11.jpg,CAPorg11.jpg,618676,5395c5b3a9b0fea66b6b35aeee06b38fe9f3fa7dafbe751c7c014e2e99e78401,1024,768,80.437537,31.844475,False,5395c5b3a9b0fea66b6b35aeee06b38fe9f3fa7dafbe751c7c014e2e99e78401,False,True,val
recovered_archive2/115,recovered_archive2,115,cap_image,recovered_archive2/115/CAPorg2.jpg,CAPorg2.jpg,610767,d1f504880da1bd765b5809286891f21be2e4665ee9796235a39b8f11382b0c77,1024,768,85.010365,56.609559,False,d1f504880da1bd765b5809286891f21be2e4665ee9796235a39b8f11382b0c77,False,True,val
recovered_archive2/115,recovered_archive2,115,cap_image,recovered_archive2/115/CAPorg3.jpg,CAPorg3.jpg,592916,8e806a97430c9295c8250a0355a39f6ee6088d8f11cb17de438e5b149b4db26c,1024,768,76.490498,56.441528,False,8e806a97430c9295c8250a0355a39f6ee6088d8f11cb17de438e5b149b4db26c,False,True,val
recovered_archive2/115,recovered_archive2,115,cap_image,recovered_archive2/115/CAPorg4.jpg,CAPorg4.jpg,458608,824681f0921c13eb15afa12d7ad2448618a85ecf9b48d04bcd5e73f62fc45147,1024,768,25.476537,39.884508,False,824681f0921c13eb15afa12d7ad2448618a85ecf9b48d04bcd5e73f62fc45147,False,True,val
recovered_archive2/115,recovered_archive2,115,cap_image,recovered_archive2/115/CAPorg5.jpg,CAPorg5.jpg,562349,37f95550d0db4b5bd2a2c7a29c2286070eb57ab0e8732b8a8a5c52680f2dfa56,1024,768,67.177752,56.490414,False,37f95550d0db4b5bd2a2c7a29c2286070eb57ab0e8732b8a8a5c52680f2dfa56,False,True,val
recovered_archive2/115,recovered_archive2,115,cap_image,recovered_archive2/115/CAPorg6.jpg,CAPorg6.jpg,622288,fae4ffe5b9a45efb5fb3150ad44e5b74a6fce4cced8481d2e3e6a6f44719216d,1024,768,91.713931,42.593804,False,fae4ffe5b9a45efb5fb3150ad44e5b74a6fce4cced8481d2e3e6a6f44719216d,False,True,val
recovered_archive2/115,recovered_archive2,115,cap_image,recovered_archive2/115/CAPorg7.jpg,CAPorg7.jpg,671450,237838d28c123d47c1911f1d74c692149ba123769f442fae8a7ec6111d606113,1024,768,172.331998,50.216022,False,237838d28c123d47c1911f1d74c692149ba123769f442fae8a7ec6111d606113,False,True,val
recovered_archive2/115,recovered_archive2,115,cap_image,recovered_archive2/115/CAPorg8.jpg,CAPorg8.jpg,632780,82ad489e281b850d5aba037ba42f95ca011da29ceffd59fc74a59d88a235de69,1024,768,192.888557,52.657908,False,82ad489e281b850d5aba037ba42f95ca011da29ceffd59fc74a59d88a235de69,False,True,val
recovered_archive2/115,recovered_archive2,115,cap_image,recovered_archive2/115/CAPorg9.jpg,CAPorg9.jpg,547069,bc005c7bd920bf7f9ec9110a1b71c6ec97390cd4dbb7a5b14583574a6a231165,1024,768,169.785751,64.688505,False,bc005c7bd920bf7f9ec9110a1b71c6ec97390cd4dbb7a5b14583574a6a231165,False,True,val
recovered_archive2/115,recovered_archive2,115,report_image,recovered_archive2/115/rep.jpg.jpg,rep.jpg.jpg,86156,f04d401dfad3423adae49bc3eb39a4ad3390399535f0f74f8d9cd7e455efbbb3,,,,,False,f04d401dfad3423adae49bc3eb39a4ad3390399535f0f74f8d9cd7e455efbbb3,False,False,val
recovered_archive2/115,recovered_archive2,115,report_image,recovered_archive2/115/rep_2012100.jpg.jpg,rep_2012100.jpg.jpg,86156,f04d401dfad3423adae49bc3eb39a4ad3390399535f0f74f8d9cd7e455efbbb3,,,,,False,f04d401dfad3423adae49bc3eb39a4ad3390399535f0f74f8d9cd7e455efbbb3,False,False,val
recovered_archive2/115,recovered_archive2,115,report_image,recovered_archive2/115/rep_2012101.jpg.jpg,rep_2012101.jpg.jpg,86156,f04d401dfad3423adae49bc3eb39a4ad3390399535f0f74f8d9cd7e455efbbb3,,,,,False,f04d401dfad3423adae49bc3eb39a4ad3390399535f0f74f8d9cd7e455efbbb3,False,False,val
recovered_archive2/115,recovered_archive2,115,report_image,recovered_archive2/115/rep_双手无名指.jpg.jpg,rep_双手无名指.jpg.jpg,86156,f04d401dfad3423adae49bc3eb39a4ad3390399535f0f74f8d9cd7e455efbbb3,,,,,False,f04d401dfad3423adae49bc3eb39a4ad3390399535f0f74f8d9cd7e455efbbb3,False,False,val
recovered_archive2/115,recovered_archive2,115,video,recovered_archive2/115/wmv0.avi,wmv0.avi,424679936,,,,,,False,,True,False,val
recovered_archive2/115,recovered_archive2,115,video,recovered_archive2/115/wmv1.avi,wmv1.avi,507256320,,,,,,False,,True,False,val
recovered_archive2/115,recovered_archive2,115,video,recovered_archive2/115/wmv2.avi,wmv2.avi,483662848,,,,,,False,,True,False,val
recovered_archive2/116,recovered_archive2,116,cap_image,recovered_archive2/116/CAPorg1.jpg,CAPorg1.jpg,556503,1df82e74482accdc280455c526aec1517dab6d16f60b6dc16073b08b94c69bea,1024,768,42.490484,34.235042,False,1df82e74482accdc280455c526aec1517dab6d16f60b6dc16073b08b94c69bea,False,True,train
recovered_archive2/116,recovered_archive2,116,cap_image,recovered_archive2/116/CAPorg2.jpg,CAPorg2.jpg,602775,1e8eb4257c355126287c1aae5c9e0df57862d8d43eebe26362a8f0a92f5a5390,1024,768,88.2169,52.432481,False,1e8eb4257c355126287c1aae5c9e0df57862d8d43eebe26362a8f0a92f5a5390,False,True,train
recovered_archive2/116,recovered_archive2,116,cap_image,recovered_archive2/116/CAPorg3.jpg,CAPorg3.jpg,610938,04e41e15418448c92528a63247d1dfc1ac4111538aaa9fd736ec5743f25d8959,1024,768,78.908498,40.864478,False,04e41e15418448c92528a63247d1dfc1ac4111538aaa9fd736ec5743f25d8959,False,True,train
recovered_archive2/116,recovered_archive2,116,cap_image,recovered_archive2/116/CAPorg4.jpg,CAPorg4.jpg,633265,5a9198ab9d8f7cad024e9e1f646dd557ae471faf7b46c4f21c22d39830183fb8,1024,768,110.227417,43.185213,False,5a9198ab9d8f7cad024e9e1f646dd557ae471faf7b46c4f21c22d39830183fb8,False,True,train
recovered_archive2/116,recovered_archive2,116,cap_image,recovered_archive2/116/CAPorg5.jpg,CAPorg5.jpg,639816,a3bdd39b56d1bfb88ecbec72b747bec5821f79a5a011e760a723d278ae012f7c,1024,768,126.546996,48.114141,False,a3bdd39b56d1bfb88ecbec72b747bec5821f79a5a011e760a723d278ae012f7c,False,True,train
recovered_archive2/116,recovered_archive2,116,cap_image,recovered_archive2/116/CAPorg6.jpg,CAPorg6.jpg,628661,fadd32ba9b9f8514e644d3050d9073dfe370f40b91caa8901556457664afe4e2,1024,768,96.241647,41.334679,False,fadd32ba9b9f8514e644d3050d9073dfe370f40b91caa8901556457664afe4e2,False,True,train
recovered_archive2/116,recovered_archive2,116,report_image,recovered_archive2/116/rep.jpg.jpg,rep.jpg.jpg,77841,d759d218d3ccb90dd4ecee43c110a7f92eaa2b106988c65c176e7780ae07ae5b,,,,,False,d759d218d3ccb90dd4ecee43c110a7f92eaa2b106988c65c176e7780ae07ae5b,False,False,train
recovered_archive2/116,recovered_archive2,116,report_image,recovered_archive2/116/rep_1903280.jpg.jpg,rep_1903280.jpg.jpg,77841,d759d218d3ccb90dd4ecee43c110a7f92eaa2b106988c65c176e7780ae07ae5b,,,,,False,d759d218d3ccb90dd4ecee43c110a7f92eaa2b106988c65c176e7780ae07ae5b,False,False,train
recovered_archive2/116,recovered_archive2,116,report_image,recovered_archive2/116/rep_1903281.jpg.jpg,rep_1903281.jpg.jpg,77841,d759d218d3ccb90dd4ecee43c110a7f92eaa2b106988c65c176e7780ae07ae5b,,,,,False,d759d218d3ccb90dd4ecee43c110a7f92eaa2b106988c65c176e7780ae07ae5b,False,False,train
recovered_archive2/116,recovered_archive2,116,report_image,recovered_archive2/116/rep_右手.jpg.jpg,rep_右手.jpg.jpg,77841,d759d218d3ccb90dd4ecee43c110a7f92eaa2b106988c65c176e7780ae07ae5b,,,,,False,d759d218d3ccb90dd4ecee43c110a7f92eaa2b106988c65c176e7780ae07ae5b,False,False,train
recovered_archive2/117,recovered_archive2,117,cap_image,recovered_archive2/117/CAPorg1.jpg,CAPorg1.jpg,598483,c6ce3eda602bccd6650285d3af1e779065100474dab4ee6af7bcdc47e9b730c5,1024,768,52.414415,20.920768,False,c6ce3eda602bccd6650285d3af1e779065100474dab4ee6af7bcdc47e9b730c5,False,True,train
recovered_archive2/117,recovered_archive2,117,cap_image,recovered_archive2/117/CAPorg2.jpg,CAPorg2.jpg,616248,6f35c9097cf198a5cdbb665ac7837fbffc2da7dfef35f29be66b28ff921a43b8,1024,768,74.998845,25.865805,False,6f35c9097cf198a5cdbb665ac7837fbffc2da7dfef35f29be66b28ff921a43b8,False,True,train
recovered_archive2/117,recovered_archive2,117,cap_image,recovered_archive2/117/CAPorg3.jpg,CAPorg3.jpg,612579,e5cce9b1d31748aa25a145a208e2a90fcc4daf8310641fd5712d77f272546bb3,1024,768,70.855357,22.328929,False,e5cce9b1d31748aa25a145a208e2a90fcc4daf8310641fd5712d77f272546bb3,False,True,train
recovered_archive2/117,recovered_archive2,117,cap_image,recovered_archive2/117/CAPorg4.jpg,CAPorg4.jpg,620141,95ac0dcc684367ce58a2e69751f5140cff776b9028ca2925190406a9c1b8a5ac,1024,768,89.661153,39.141232,False,95ac0dcc684367ce58a2e69751f5140cff776b9028ca2925190406a9c1b8a5ac,False,True,train
recovered_archive2/117,recovered_archive2,117,cap_image,recovered_archive2/117/CAPorg5.jpg,CAPorg5.jpg,624700,c70a5af2ee793ed027fd81b66ec59bd26b5e1d0429dcec6da6599380d9ff3220,1024,768,90.672488,33.275516,False,c70a5af2ee793ed027fd81b66ec59bd26b5e1d0429dcec6da6599380d9ff3220,False,True,train
recovered_archive2/117,recovered_archive2,117,cap_image,recovered_archive2/117/CAPorg6.jpg,CAPorg6.jpg,625317,567facb0ce9a552e40af5d83ad1c9be3bf2ead5c1073466588867814bacdf1a7,1024,768,97.31837,34.544699,False,567facb0ce9a552e40af5d83ad1c9be3bf2ead5c1073466588867814bacdf1a7,False,True,train
recovered_archive2/117,recovered_archive2,117,cap_image,recovered_archive2/117/CAPorg7.jpg,CAPorg7.jpg,621573,f39c9855d12d4625db8edd2ddcb98e601e872f2a945b1703c89f0139e29080f4,1024,768,90.530056,34.444357,False,f39c9855d12d4625db8edd2ddcb98e601e872f2a945b1703c89f0139e29080f4,False,True,train
recovered_archive2/117,recovered_archive2,117,cap_image,recovered_archive2/117/CAPorg8.jpg,CAPorg8.jpg,626119,26667376a2d27b507fe53be18d3606058ed3f0b4f183d6e2b41037d8e50c8313,1024,768,98.747758,35.720378,False,26667376a2d27b507fe53be18d3606058ed3f0b4f183d6e2b41037d8e50c8313,False,True,train
recovered_archive2/117,recovered_archive2,117,report_image,recovered_archive2/117/rep.jpg.jpg,rep.jpg.jpg,63026,9c4ed26e751427a5a02aeda6f6ae275ae69afed61ab518fc97343383f955bbb6,,,,,False,9c4ed26e751427a5a02aeda6f6ae275ae69afed61ab518fc97343383f955bbb6,False,False,train
recovered_archive2/117,recovered_archive2,117,report_image,recovered_archive2/117/rep_1.jpg.jpg,rep_1.jpg.jpg,63026,9c4ed26e751427a5a02aeda6f6ae275ae69afed61ab518fc97343383f955bbb6,,,,,False,9c4ed26e751427a5a02aeda6f6ae275ae69afed61ab518fc97343383f955bbb6,False,False,train
recovered_archive2/117,recovered_archive2,117,report_image,recovered_archive2/117/rep_1811060.jpg.jpg,rep_1811060.jpg.jpg,63026,9c4ed26e751427a5a02aeda6f6ae275ae69afed61ab518fc97343383f955bbb6,,,,,False,9c4ed26e751427a5a02aeda6f6ae275ae69afed61ab518fc97343383f955bbb6,False,False,train
recovered_archive2/118,recovered_archive2,118,cap_image,recovered_archive2/118/CAPorg1.jpg,CAPorg1.jpg,644596,65505d383e34b86a5042f1089966ee5b2fa15b6a824add67350752edcc8d2d2f,1024,768,194.659033,41.431886,False,65505d383e34b86a5042f1089966ee5b2fa15b6a824add67350752edcc8d2d2f,False,True,train
recovered_archive2/118,recovered_archive2,118,cap_image,recovered_archive2/118/CAPorg10.jpg,CAPorg10.jpg,557573,5ce160ed798198c7b73696948bc989c261c2cdf242ff397fc332be2347f41b9e,1024,768,193.147563,53.79657,False,5ce160ed798198c7b73696948bc989c261c2cdf242ff397fc332be2347f41b9e,False,True,train
recovered_archive2/118,recovered_archive2,118,cap_image,recovered_archive2/118/CAPorg11.jpg,CAPorg11.jpg,614180,11ca88ff4fd5939a8217bf94261f71ac89f47cf814b1cef0a1c44831d0aca4c1,1024,768,86.757067,52.104655,False,11ca88ff4fd5939a8217bf94261f71ac89f47cf814b1cef0a1c44831d0aca4c1,False,True,train
recovered_archive2/118,recovered_archive2,118,cap_image,recovered_archive2/118/CAPorg12.jpg,CAPorg12.jpg,594477,6ec28ff8b2f36a6786f56d62930a4f547df6eb246d1b0a73a9c8b68757bd81e0,1024,768,44.795593,14.222179,False,6ec28ff8b2f36a6786f56d62930a4f547df6eb246d1b0a73a9c8b68757bd81e0,False,True,train
recovered_archive2/118,recovered_archive2,118,cap_image,recovered_archive2/118/CAPorg13.jpg,CAPorg13.jpg,594479,b2d80f68ea0b0967d85f3f7eacd732eb23a3a1fb9a7c38b422d54c9c2fa87912,1024,768,50.708579,15.825361,False,b2d80f68ea0b0967d85f3f7eacd732eb23a3a1fb9a7c38b422d54c9c2fa87912,False,True,train
recovered_archive2/118,recovered_archive2,118,cap_image,recovered_archive2/118/CAPorg14.jpg,CAPorg14.jpg,596384,d69840185a6cfd0904354f0803084698a2bec498e1937916522261968e4e301b,1024,768,49.731021,14.42503,False,d69840185a6cfd0904354f0803084698a2bec498e1937916522261968e4e301b,False,True,train
recovered_archive2/118,recovered_archive2,118,cap_image,recovered_archive2/118/CAPorg15.jpg,CAPorg15.jpg,592736,8704c486875628f549e7f17ae4c11fcd34f79990ef02a4ede710461d3ef794a1,1024,768,46.033452,13.710403,False,8704c486875628f549e7f17ae4c11fcd34f79990ef02a4ede710461d3ef794a1,False,True,train
recovered_archive2/118,recovered_archive2,118,cap_image,recovered_archive2/118/CAPorg16.jpg,CAPorg16.jpg,592097,e7abc8a25faf558158748b5353313291cf41d008f55fe118a45e3395d078f3db,1024,768,50.763153,22.539534,False,e7abc8a25faf558158748b5353313291cf41d008f55fe118a45e3395d078f3db,False,True,train
recovered_archive2/118,recovered_archive2,118,cap_image,recovered_archive2/118/CAPorg2.jpg,CAPorg2.jpg,542018,3b2a50dd3d3e3f805cdede732be7b8d7d46152e18b1ee1f1eab7dd5c3bb51f16,1024,768,168.095788,73.723728,False,3b2a50dd3d3e3f805cdede732be7b8d7d46152e18b1ee1f1eab7dd5c3bb51f16,False,True,train
recovered_archive2/118,recovered_archive2,118,cap_image,recovered_archive2/118/CAPorg3.jpg,CAPorg3.jpg,635998,5640d12ad5225c5017848b4e0addcff85a488b90cc9e13b4a161c63b9c9c6c73,1024,768,117.914996,51.447635,False,5640d12ad5225c5017848b4e0addcff85a488b90cc9e13b4a161c63b9c9c6c73,False,True,train
recovered_archive2/118,recovered_archive2,118,cap_image,recovered_archive2/118/CAPorg4.jpg,CAPorg4.jpg,604753,35be5f6e53af712a8c5853d645a7f5650dd280a9cd93957d5ff4dc003c8ea730,1024,768,71.282533,33.811044,False,35be5f6e53af712a8c5853d645a7f5650dd280a9cd93957d5ff4dc003c8ea730,False,True,train
recovered_archive2/118,recovered_archive2,118,cap_image,recovered_archive2/118/CAPorg5.jpg,CAPorg5.jpg,585717,0c557073da465eb40a4690e0435fd2ba31b483bc2d14bea6c45bf3caff73d0b7,1024,768,57.283855,35.291667,False,0c557073da465eb40a4690e0435fd2ba31b483bc2d14bea6c45bf3caff73d0b7,False,True,train
recovered_archive2/118,recovered_archive2,118,cap_image,recovered_archive2/118/CAPorg6.jpg,CAPorg6.jpg,635691,cf7aa606b91c561189abaf214193dc053d8e981fb936f0627a87a8e70bb01cbf,1024,768,98.444754,38.276546,False,cf7aa606b91c561189abaf214193dc053d8e981fb936f0627a87a8e70bb01cbf,False,True,train
recovered_archive2/118,recovered_archive2,118,cap_image,recovered_archive2/118/CAPorg7.jpg,CAPorg7.jpg,651481,32983c8197d332c2d53fd4bc9c9e6b9eb245ffcba2518307e05bdda977ce5f94,1024,768,137.964993,39.672137,False,32983c8197d332c2d53fd4bc9c9e6b9eb245ffcba2518307e05bdda977ce5f94,False,True,train
recovered_archive2/118,recovered_archive2,118,cap_image,recovered_archive2/118/CAPorg8.jpg,CAPorg8.jpg,663811,e357c1d7e8220ff1d7b935b312a81f02a0fc73c31d4e9e9b205f3b3ac7a537bc,1024,768,175.087133,48.15029,False,e357c1d7e8220ff1d7b935b312a81f02a0fc73c31d4e9e9b205f3b3ac7a537bc,False,True,train
recovered_archive2/118,recovered_archive2,118,cap_image,recovered_archive2/118/CAPorg9.jpg,CAPorg9.jpg,603344,942993e3d0e86b24d4a8b506dc4001540bc83692d5d04e8c2a348bd03e7d6f7a,1024,768,188.822975,54.945363,False,942993e3d0e86b24d4a8b506dc4001540bc83692d5d04e8c2a348bd03e7d6f7a,False,True,train
recovered_archive2/118,recovered_archive2,118,report_image,recovered_archive2/118/rep.jpg.jpg,rep.jpg.jpg,76195,7927b1a6276272c02590a0597750c0ee9296f636ce22e3a2de7e217fdafbacef,,,,,False,7927b1a6276272c02590a0597750c0ee9296f636ce22e3a2de7e217fdafbacef,False,False,train
recovered_archive2/118,recovered_archive2,118,report_image,recovered_archive2/118/rep_2101040.jpg.jpg,rep_2101040.jpg.jpg,73060,d2ee45869da7923272daeba97e708b5f6666d2cc98663c268c53608d9bef4087,,,,,False,d2ee45869da7923272daeba97e708b5f6666d2cc98663c268c53608d9bef4087,False,False,train
recovered_archive2/118,recovered_archive2,118,report_image,recovered_archive2/118/rep_2101041.jpg.jpg,rep_2101041.jpg.jpg,76195,7927b1a6276272c02590a0597750c0ee9296f636ce22e3a2de7e217fdafbacef,,,,,False,7927b1a6276272c02590a0597750c0ee9296f636ce22e3a2de7e217fdafbacef,False,False,train
recovered_archive2/118,recovered_archive2,118,report_image,recovered_archive2/118/rep_双手无名指.jpg.jpg,rep_双手无名指.jpg.jpg,76195,7927b1a6276272c02590a0597750c0ee9296f636ce22e3a2de7e217fdafbacef,,,,,False,7927b1a6276272c02590a0597750c0ee9296f636ce22e3a2de7e217fdafbacef,False,False,train
recovered_archive2/118,recovered_archive2,118,video,recovered_archive2/118/wmv0.avi,wmv0.avi,342103552,,,,,,False,,True,False,train
recovered_archive2/118,recovered_archive2,118,video,recovered_archive2/118/wmv1.avi,wmv1.avi,438835712,,,,,,False,,True,False,train
recovered_archive2/119,recovered_archive2,119,cap_image,recovered_archive2/119/CAPorg1.jpg,CAPorg1.jpg,635323,f5e7640b4c1ea4705944e2b1dbce0074d485512b72593f513f38a276f19cb9d2,1024,768,115.720236,53.333471,False,f5e7640b4c1ea4705944e2b1dbce0074d485512b72593f513f38a276f19cb9d2,False,True,train
recovered_archive2/119,recovered_archive2,119,cap_image,recovered_archive2/119/CAPorg10.jpg,CAPorg10.jpg,639541,41c5d2ae4c92499c2ae9ca10479bb5ebb0fc44a04cd81d4adec65a4f6bb306f5,1024,768,172.397811,51.390881,False,41c5d2ae4c92499c2ae9ca10479bb5ebb0fc44a04cd81d4adec65a4f6bb306f5,False,True,train
recovered_archive2/119,recovered_archive2,119,cap_image,recovered_archive2/119/CAPorg11.jpg,CAPorg11.jpg,653518,bb4a54bb4a234d406100155ee61d6122c43889e1979f611ce6dafdcdc7c7ed62,1024,768,182.278254,38.373126,False,bb4a54bb4a234d406100155ee61d6122c43889e1979f611ce6dafdcdc7c7ed62,False,True,train
recovered_archive2/119,recovered_archive2,119,cap_image,recovered_archive2/119/CAPorg2.jpg,CAPorg2.jpg,572881,0403ae4fba34d3bda592239d532234508e9979543800cfdcdfb76c5e9d5ec377,1024,768,69.034122,48.489211,False,0403ae4fba34d3bda592239d532234508e9979543800cfdcdfb76c5e9d5ec377,False,True,train
recovered_archive2/119,recovered_archive2,119,cap_image,recovered_archive2/119/CAPorg3.jpg,CAPorg3.jpg,534349,eb7e4a3e533a2d9ce5d70f57b6b77131e96a67816347f43a593194fe09c94f9b,1024,768,51.45386,43.261013,False,eb7e4a3e533a2d9ce5d70f57b6b77131e96a67816347f43a593194fe09c94f9b,False,True,train
recovered_archive2/119,recovered_archive2,119,cap_image,recovered_archive2/119/CAPorg4.jpg,CAPorg4.jpg,624330,20dd856730a9f3c737634e8d6874a79c4ac2271c9e99c12464d923b93a4e462d,1024,768,98.068017,54.675201,False,20dd856730a9f3c737634e8d6874a79c4ac2271c9e99c12464d923b93a4e462d,False,True,train
recovered_archive2/119,recovered_archive2,119,cap_image,recovered_archive2/119/CAPorg5.jpg,CAPorg5.jpg,327994,9bbf8ef84e68e02747693fbac7123f22422e24247c7680a6afed1050f638d968,1024,768,232.234989,35.21188,False,9bbf8ef84e68e02747693fbac7123f22422e24247c7680a6afed1050f638d968,False,True,train
recovered_archive2/119,recovered_archive2,119,cap_image,recovered_archive2/119/CAPorg6.jpg,CAPorg6.jpg,666831,e5f82092be2b0b8c449c7c752d176db0b3e6d8bae0e88b491c81a9d67b3d83d1,1024,768,205.275284,21.660038,False,e5f82092be2b0b8c449c7c752d176db0b3e6d8bae0e88b491c81a9d67b3d83d1,False,True,train
recovered_archive2/119,recovered_archive2,119,cap_image,recovered_archive2/119/CAPorg7.jpg,CAPorg7.jpg,645705,8df2d43b396ae3d24a6f7596373d5a6bc8aecaee8c0e56f65ebcb6e9bea1e6d5,1024,768,121.415836,28.103502,False,8df2d43b396ae3d24a6f7596373d5a6bc8aecaee8c0e56f65ebcb6e9bea1e6d5,False,True,train
recovered_archive2/119,recovered_archive2,119,cap_image,recovered_archive2/119/CAPorg8.jpg,CAPorg8.jpg,581943,54a8c670bb859cf2f09155189588062450378bd6e77f51229d92e19b479dc04d,1024,768,70.19768,47.892264,False,54a8c670bb859cf2f09155189588062450378bd6e77f51229d92e19b479dc04d,False,True,train
recovered_archive2/119,recovered_archive2,119,cap_image,recovered_archive2/119/CAPorg9.jpg,CAPorg9.jpg,636398,463e6653792716a54fe02afe2f0879a5720534dbe58152dee210cc5ff30015e5,1024,768,116.247,49.482346,False,463e6653792716a54fe02afe2f0879a5720534dbe58152dee210cc5ff30015e5,False,True,train
recovered_archive2/119,recovered_archive2,119,report_image,recovered_archive2/119/rep.jpg.jpg,rep.jpg.jpg,68198,3d37f46a10e1057b2a34ce20ca2ecd17be4866d5953c9730656bef9ce61ce41f,,,,,False,3d37f46a10e1057b2a34ce20ca2ecd17be4866d5953c9730656bef9ce61ce41f,False,False,train
recovered_archive2/119,recovered_archive2,119,report_image,recovered_archive2/119/rep_1901080.jpg.jpg,rep_1901080.jpg.jpg,68198,3d37f46a10e1057b2a34ce20ca2ecd17be4866d5953c9730656bef9ce61ce41f,,,,,False,3d37f46a10e1057b2a34ce20ca2ecd17be4866d5953c9730656bef9ce61ce41f,False,False,train
recovered_archive2/119,recovered_archive2,119,report_image,recovered_archive2/119/rep_1901081.jpg.jpg,rep_1901081.jpg.jpg,68198,3d37f46a10e1057b2a34ce20ca2ecd17be4866d5953c9730656bef9ce61ce41f,,,,,False,3d37f46a10e1057b2a34ce20ca2ecd17be4866d5953c9730656bef9ce61ce41f,False,False,train
recovered_archive2/119,recovered_archive2,119,report_image,recovered_archive2/119/rep_左手.jpg.jpg,rep_左手.jpg.jpg,68198,3d37f46a10e1057b2a34ce20ca2ecd17be4866d5953c9730656bef9ce61ce41f,,,,,False,3d37f46a10e1057b2a34ce20ca2ecd17be4866d5953c9730656bef9ce61ce41f,False,False,train
recovered_archive2/120,recovered_archive2,120,cap_image,recovered_archive2/120/CAPorg1.jpg,CAPorg1.jpg,642847,5be4b7421fb51f53a493078c17d2dccdf3df2375f33affc940072f4fa598ba33,1024,768,140.454636,38.187332,False,5be4b7421fb51f53a493078c17d2dccdf3df2375f33affc940072f4fa598ba33,False,True,train
recovered_archive2/120,recovered_archive2,120,cap_image,recovered_archive2/120/CAPorg2.jpg,CAPorg2.jpg,640576,e11e4b43480d897d238d837e04618b063ed75ecdecd7ca30f835039e43868000,1024,768,119.717242,34.342704,False,e11e4b43480d897d238d837e04618b063ed75ecdecd7ca30f835039e43868000,False,True,train
recovered_archive2/120,recovered_archive2,120,cap_image,recovered_archive2/120/CAPorg3.jpg,CAPorg3.jpg,632564,3a563c1326ea6c4197f20556bed3c6fe35989d90ff46f58c356df0bb466d4819,1024,768,107.202194,41.538764,False,3a563c1326ea6c4197f20556bed3c6fe35989d90ff46f58c356df0bb466d4819,False,True,train
recovered_archive2/120,recovered_archive2,120,cap_image,recovered_archive2/120/CAPorg4.jpg,CAPorg4.jpg,571263,f348e5520dc461030f4d4dc50781340654fcfba6ab6b2243bb7dd06293b15cc0,1024,768,50.810544,34.695876,False,f348e5520dc461030f4d4dc50781340654fcfba6ab6b2243bb7dd06293b15cc0,False,True,train
recovered_archive2/120,recovered_archive2,120,cap_image,recovered_archive2/120/CAPorg5.jpg,CAPorg5.jpg,592047,6b13dc6ab9a993ab6c692f7f5a60abc36a9acd92d4defe3d4274c1759a149213,1024,768,61.842634,37.715752,False,6b13dc6ab9a993ab6c692f7f5a60abc36a9acd92d4defe3d4274c1759a149213,False,True,train
recovered_archive2/120,recovered_archive2,120,report_image,recovered_archive2/120/rep.jpg.jpg,rep.jpg.jpg,73467,fef37e424533995755839aeb8bfdaeaeea54abf9801614fd849ffd7395e3dd6a,,,,,False,fef37e424533995755839aeb8bfdaeaeea54abf9801614fd849ffd7395e3dd6a,False,False,train
recovered_archive2/120,recovered_archive2,120,report_image,recovered_archive2/120/rep_1902120.jpg.jpg,rep_1902120.jpg.jpg,73467,fef37e424533995755839aeb8bfdaeaeea54abf9801614fd849ffd7395e3dd6a,,,,,False,fef37e424533995755839aeb8bfdaeaeea54abf9801614fd849ffd7395e3dd6a,False,False,train
recovered_archive2/120,recovered_archive2,120,report_image,recovered_archive2/120/rep_1902121.jpg.jpg,rep_1902121.jpg.jpg,73467,fef37e424533995755839aeb8bfdaeaeea54abf9801614fd849ffd7395e3dd6a,,,,,False,fef37e424533995755839aeb8bfdaeaeea54abf9801614fd849ffd7395e3dd6a,False,False,train
recovered_archive2/120,recovered_archive2,120,report_image,recovered_archive2/120/rep_左手.jpg.jpg,rep_左手.jpg.jpg,73467,fef37e424533995755839aeb8bfdaeaeea54abf9801614fd849ffd7395e3dd6a,,,,,False,fef37e424533995755839aeb8bfdaeaeea54abf9801614fd849ffd7395e3dd6a,False,False,train
recovered_archive2/121,recovered_archive2,121,cap_image,recovered_archive2/121/CAPorg1.jpg,CAPorg1.jpg,607004,6f6736a160fe831c1b2659be4db61d3b7b0662859a7af4aa71aeac9c31aaa499,1024,768,68.734903,40.747062,False,6f6736a160fe831c1b2659be4db61d3b7b0662859a7af4aa71aeac9c31aaa499,False,True,train
recovered_archive2/121,recovered_archive2,121,cap_image,recovered_archive2/121/CAPorg2.jpg,CAPorg2.jpg,594695,cbe052c64ea4fe1bacfee33cf8ca519bb74049ec7443792f6acbf1676f5afa66,1024,768,61.81015,44.916823,False,cbe052c64ea4fe1bacfee33cf8ca519bb74049ec7443792f6acbf1676f5afa66,False,True,train
recovered_archive2/121,recovered_archive2,121,cap_image,recovered_archive2/121/CAPorg3.jpg,CAPorg3.jpg,552058,9d5d9bbf67d75c71fd78ac262f3242d5498ffe853caa48facf8a9c9696d0d1d9,1024,768,55.007619,43.220433,False,9d5d9bbf67d75c71fd78ac262f3242d5498ffe853caa48facf8a9c9696d0d1d9,False,True,train
recovered_archive2/121,recovered_archive2,121,cap_image,recovered_archive2/121/CAPorg4.jpg,CAPorg4.jpg,572862,3fbc45413a4dc336d49c1ad1dd5eed915b7fef0fd65e4762d97891a478fdc521,1024,768,62.754641,44.284412,False,3fbc45413a4dc336d49c1ad1dd5eed915b7fef0fd65e4762d97891a478fdc521,False,True,train
recovered_archive2/121,recovered_archive2,121,cap_image,recovered_archive2/121/CAPorg5.jpg,CAPorg5.jpg,592104,fcee7cd02543fea55e91f19abfda544e17cafa21a2a8602250840425763e623c,1024,768,67.359388,42.897081,False,fcee7cd02543fea55e91f19abfda544e17cafa21a2a8602250840425763e623c,False,True,train
recovered_archive2/121,recovered_archive2,121,cap_image,recovered_archive2/121/CAPorg6.jpg,CAPorg6.jpg,623948,04144049ffd65b58a158151db3ca8bd092822ead953d1347bbd4c20872f282db,1024,768,96.271141,51.237602,False,04144049ffd65b58a158151db3ca8bd092822ead953d1347bbd4c20872f282db,False,True,train
recovered_archive2/121,recovered_archive2,121,cap_image,recovered_archive2/121/CAPorg7.jpg,CAPorg7.jpg,632399,694a8b19b24dd00cf669555717613adb1cae0af489c8f8ffbb8ec43938309b11,1024,768,108.846794,57.705574,False,694a8b19b24dd00cf669555717613adb1cae0af489c8f8ffbb8ec43938309b11,False,True,train
recovered_archive2/121,recovered_archive2,121,cap_image,recovered_archive2/121/CAPorg8.jpg,CAPorg8.jpg,624074,e807aa0138a91f3743075f80f8d55eae71e317dec7984b0d2413019f1a877bce,1024,768,111.253122,58.289037,False,e807aa0138a91f3743075f80f8d55eae71e317dec7984b0d2413019f1a877bce,False,True,train
recovered_archive2/121,recovered_archive2,121,cap_image,recovered_archive2/121/CAPorg9.jpg,CAPorg9.jpg,634585,a165d5251572e2f4bdd74186718518a200a572a21096019b06c6973b4e689cbb,1024,768,111.774695,56.244042,False,a165d5251572e2f4bdd74186718518a200a572a21096019b06c6973b4e689cbb,False,True,train
recovered_archive2/121,recovered_archive2,121,report_image,recovered_archive2/121/rep.jpg.jpg,rep.jpg.jpg,80275,1cb084f1abc4bb026bd10d29128f631a67aaf266d5a1566fe5af1c432b50e2f6,,,,,False,1cb084f1abc4bb026bd10d29128f631a67aaf266d5a1566fe5af1c432b50e2f6,False,False,train
recovered_archive2/121,recovered_archive2,121,report_image,recovered_archive2/121/rep_1901150.jpg.jpg,rep_1901150.jpg.jpg,80275,1cb084f1abc4bb026bd10d29128f631a67aaf266d5a1566fe5af1c432b50e2f6,,,,,False,1cb084f1abc4bb026bd10d29128f631a67aaf266d5a1566fe5af1c432b50e2f6,False,False,train
recovered_archive2/121,recovered_archive2,121,report_image,recovered_archive2/121/rep_1901151.jpg.jpg,rep_1901151.jpg.jpg,80275,1cb084f1abc4bb026bd10d29128f631a67aaf266d5a1566fe5af1c432b50e2f6,,,,,False,1cb084f1abc4bb026bd10d29128f631a67aaf266d5a1566fe5af1c432b50e2f6,False,False,train
recovered_archive2/121,recovered_archive2,121,report_image,recovered_archive2/121/rep_右手.jpg.jpg,rep_右手.jpg.jpg,80275,1cb084f1abc4bb026bd10d29128f631a67aaf266d5a1566fe5af1c432b50e2f6,,,,,False,1cb084f1abc4bb026bd10d29128f631a67aaf266d5a1566fe5af1c432b50e2f6,False,False,train
recovered_archive2/122,recovered_archive2,122,cap_image,recovered_archive2/122/CAPorg1.jpg,CAPorg1.jpg,642417,ad83277d0725ed8a6a41f962062cc7f8bbd48aec3dae8776d072f73dc3ad071b,1024,768,157.196397,55.754378,False,ad83277d0725ed8a6a41f962062cc7f8bbd48aec3dae8776d072f73dc3ad071b,False,True,train
recovered_archive2/122,recovered_archive2,122,cap_image,recovered_archive2/122/CAPorg10.jpg,CAPorg10.jpg,637085,a04c8257fe7e98293090da009e54fa3ee7bb3df785a60a13751d5ab88b749055,1024,768,113.231703,37.047499,False,a04c8257fe7e98293090da009e54fa3ee7bb3df785a60a13751d5ab88b749055,False,True,train
recovered_archive2/122,recovered_archive2,122,cap_image,recovered_archive2/122/CAPorg11.jpg,CAPorg11.jpg,632429,f5c192d8b28fc295f0197ff560f719781c7e5bb27843706bb0a642c2a21bf565,1024,768,102.828134,36.430299,False,f5c192d8b28fc295f0197ff560f719781c7e5bb27843706bb0a642c2a21bf565,False,True,train
recovered_archive2/122,recovered_archive2,122,cap_image,recovered_archive2/122/CAPorg12.jpg,CAPorg12.jpg,632373,9b401e49115bf1549499193fa410956fec2ba35acf6678d3bb2d46219f8f0de2,1024,768,104.207862,37.381352,False,9b401e49115bf1549499193fa410956fec2ba35acf6678d3bb2d46219f8f0de2,False,True,train
recovered_archive2/122,recovered_archive2,122,cap_image,recovered_archive2/122/CAPorg2.jpg,CAPorg2.jpg,610286,22465e3e21179345b4ee9f70a48a6c44eac6bf4dff814b4b8f3b7f795addd175,1024,768,70.86659,27.767617,False,22465e3e21179345b4ee9f70a48a6c44eac6bf4dff814b4b8f3b7f795addd175,False,True,train
recovered_archive2/122,recovered_archive2,122,cap_image,recovered_archive2/122/CAPorg3.jpg,CAPorg3.jpg,604264,565141f1b116dda80fa5417f974b8236d60fd19d4f685661d2798f585c42c402,1024,768,66.350929,25.954554,False,565141f1b116dda80fa5417f974b8236d60fd19d4f685661d2798f585c42c402,False,True,train
recovered_archive2/122,recovered_archive2,122,cap_image,recovered_archive2/122/CAPorg4.jpg,CAPorg4.jpg,619989,e170419f260bfd67997a4f33858090c03fb00dd1925ae964f0a7458b78f83af2,1024,768,88.701808,36.513549,False,e170419f260bfd67997a4f33858090c03fb00dd1925ae964f0a7458b78f83af2,False,True,train
recovered_archive2/122,recovered_archive2,122,cap_image,recovered_archive2/122/CAPorg5.jpg,CAPorg5.jpg,621693,7aec75b5afc4a479677818ca5b1f81f93c8ae4ef682f2d3bc486ca6f9fae8eda,1024,768,94.292327,38.718037,False,7aec75b5afc4a479677818ca5b1f81f93c8ae4ef682f2d3bc486ca6f9fae8eda,False,True,train
recovered_archive2/122,recovered_archive2,122,cap_image,recovered_archive2/122/CAPorg6.jpg,CAPorg6.jpg,623559,8de691fafbb74363e8cca7fa54c1fa58d48ba71dd6e7bc58705fe694c62649e0,1024,768,94.782384,38.360529,False,8de691fafbb74363e8cca7fa54c1fa58d48ba71dd6e7bc58705fe694c62649e0,False,True,train
recovered_archive2/122,recovered_archive2,122,cap_image,recovered_archive2/122/CAPorg7.jpg,CAPorg7.jpg,628868,13312d7439a4e6e85013aed94fdb7d397549a3f2c98207e51597b9a8cb0af09f,1024,768,98.861546,32.722589,False,13312d7439a4e6e85013aed94fdb7d397549a3f2c98207e51597b9a8cb0af09f,False,True,train
recovered_archive2/122,recovered_archive2,122,cap_image,recovered_archive2/122/CAPorg8.jpg,CAPorg8.jpg,636431,65971d7b90da61d44d990034a2136414e8c7d36cdb1881e4d533469a271d42e9,1024,768,108.368093,31.893694,False,65971d7b90da61d44d990034a2136414e8c7d36cdb1881e4d533469a271d42e9,False,True,train
recovered_archive2/122,recovered_archive2,122,cap_image,recovered_archive2/122/CAPorg9.jpg,CAPorg9.jpg,637200,98f9268649a2fabd4fb8d5bdd8bc09c511be8f05b164d6999b81a1de1329d2a3,1024,768,108.832835,37.678885,False,98f9268649a2fabd4fb8d5bdd8bc09c511be8f05b164d6999b81a1de1329d2a3,False,True,train
recovered_archive2/122,recovered_archive2,122,report_image,recovered_archive2/122/rep.jpg.jpg,rep.jpg.jpg,71616,d6950528f1119581ed734bace5192f05999e379e8fffae77ba2e6852fe75a7d5,,,,,False,d6950528f1119581ed734bace5192f05999e379e8fffae77ba2e6852fe75a7d5,False,False,train
recovered_archive2/122,recovered_archive2,122,report_image,recovered_archive2/122/rep_1908080.jpg.jpg,rep_1908080.jpg.jpg,71616,d6950528f1119581ed734bace5192f05999e379e8fffae77ba2e6852fe75a7d5,,,,,False,d6950528f1119581ed734bace5192f05999e379e8fffae77ba2e6852fe75a7d5,False,False,train
recovered_archive2/122,recovered_archive2,122,report_image,recovered_archive2/122/rep_1908081.jpg.jpg,rep_1908081.jpg.jpg,71616,d6950528f1119581ed734bace5192f05999e379e8fffae77ba2e6852fe75a7d5,,,,,False,d6950528f1119581ed734bace5192f05999e379e8fffae77ba2e6852fe75a7d5,False,False,train
recovered_archive2/122,recovered_archive2,122,report_image,recovered_archive2/122/rep_左手.jpg.jpg,rep_左手.jpg.jpg,71616,d6950528f1119581ed734bace5192f05999e379e8fffae77ba2e6852fe75a7d5,,,,,False,d6950528f1119581ed734bace5192f05999e379e8fffae77ba2e6852fe75a7d5,False,False,train
recovered_archive2/123,recovered_archive2,123,cap_image,recovered_archive2/123/CAPorg1.jpg,CAPorg1.jpg,558797,d9516a12589aa16444660f547acff9ef91344426931f444c29bacba0262e125d,1024,768,91.250095,54.840547,False,d9516a12589aa16444660f547acff9ef91344426931f444c29bacba0262e125d,False,True,val
recovered_archive2/123,recovered_archive2,123,cap_image,recovered_archive2/123/CAPorg2.jpg,CAPorg2.jpg,501998,18cf7230627071d44d62198934126fdbd27499a844999e9c523be5e669e9c4d9,1024,768,49.806469,44.06018,False,18cf7230627071d44d62198934126fdbd27499a844999e9c523be5e669e9c4d9,False,True,val
recovered_archive2/123,recovered_archive2,123,cap_image,recovered_archive2/123/CAPorg3.jpg,CAPorg3.jpg,536660,4981ec8b2ffe129b63ab4fd55a19e5b10f31b76deddf617353057252dd498150,1024,768,59.631399,32.669588,False,4981ec8b2ffe129b63ab4fd55a19e5b10f31b76deddf617353057252dd498150,False,True,val
recovered_archive2/123,recovered_archive2,123,cap_image,recovered_archive2/123/CAPorg4.jpg,CAPorg4.jpg,587482,6fa3ed8a6b96b4ce67aee0d700d34168e296566da14687bd34ec5d5079132227,1024,768,155.737677,43.045216,False,6fa3ed8a6b96b4ce67aee0d700d34168e296566da14687bd34ec5d5079132227,False,True,val
recovered_archive2/123,recovered_archive2,123,cap_image,recovered_archive2/123/CAPorg5.jpg,CAPorg5.jpg,588423,0c5f57352d59adad01ad5b67ddb335d672110657f9b063d82604ce92bf144b9d,1024,768,182.501973,39.825271,False,0c5f57352d59adad01ad5b67ddb335d672110657f9b063d82604ce92bf144b9d,False,True,val
recovered_archive2/123,recovered_archive2,123,cap_image,recovered_archive2/123/CAPorg6.jpg,CAPorg6.jpg,588695,7df37eb1e101d5fd2e4f4bf4ca164b91ab61680b8890688d3de72d3a79f4443a,1024,768,154.532902,39.848057,False,7df37eb1e101d5fd2e4f4bf4ca164b91ab61680b8890688d3de72d3a79f4443a,False,True,val
recovered_archive2/123,recovered_archive2,123,cap_image,recovered_archive2/123/CAPorg7.jpg,CAPorg7.jpg,567434,562da4427b77bc227c99dd672f7d097c23971bf19ec207681686cd802743f0f3,1024,768,104.202451,35.599235,False,562da4427b77bc227c99dd672f7d097c23971bf19ec207681686cd802743f0f3,False,True,val
recovered_archive2/123,recovered_archive2,123,report_image,recovered_archive2/123/rep.jpg.jpg,rep.jpg.jpg,86355,0bf146f9275941ad4d9bf9a77ded60008f8c74cebac92961fc8204286cee8a79,,,,,False,0bf146f9275941ad4d9bf9a77ded60008f8c74cebac92961fc8204286cee8a79,False,False,val
recovered_archive2/123,recovered_archive2,123,report_image,recovered_archive2/123/rep_1904090.jpg.jpg,rep_1904090.jpg.jpg,55901,50fb2f7017f77344b9771d142db68db0157c98c8de68a921c95c6afd0499fdfa,,,,,False,50fb2f7017f77344b9771d142db68db0157c98c8de68a921c95c6afd0499fdfa,False,False,val
recovered_archive2/123,recovered_archive2,123,report_image,recovered_archive2/123/rep_1904091.jpg.jpg,rep_1904091.jpg.jpg,84477,d494e2b67affe7b0466bee41e16d11e20ba5a61927354ed5998b7974c6b1243d,,,,,False,d494e2b67affe7b0466bee41e16d11e20ba5a61927354ed5998b7974c6b1243d,False,False,val
recovered_archive2/123,recovered_archive2,123,report_image,recovered_archive2/123/rep_左手.jpg.jpg,rep_左手.jpg.jpg,86355,0bf146f9275941ad4d9bf9a77ded60008f8c74cebac92961fc8204286cee8a79,,,,,False,0bf146f9275941ad4d9bf9a77ded60008f8c74cebac92961fc8204286cee8a79,False,False,val
recovered_archive2/123,recovered_archive2,123,video,recovered_archive2/123/wmv0.avi,wmv0.avi,12605440,,,,,,False,,True,False,val
recovered_archive2/123,recovered_archive2,123,video,recovered_archive2/123/wmv1.avi,wmv1.avi,12686336,,,,,,False,,True,False,val
recovered_archive2/123,recovered_archive2,123,video,recovered_archive2/123/wmv2.avi,wmv2.avi,12382720,,,,,,False,,True,False,val
recovered_archive2/123,recovered_archive2,123,video,recovered_archive2/123/wmv3.avi,wmv3.avi,12463104,,,,,,False,,True,False,val
recovered_archive2/123,recovered_archive2,123,video,recovered_archive2/123/wmv4.avi,wmv4.avi,12406272,,,,,,False,,True,False,val
recovered_archive2/123,recovered_archive2,123,video,recovered_archive2/123/wmv5.avi,wmv5.avi,12484096,,,,,,False,,True,False,val
recovered_archive2/124,recovered_archive2,124,cap_image,recovered_archive2/124/CAPorg1.jpg,CAPorg1.jpg,589021,492f8ba7a4c0942d3714bdda9e0e421022732249072d83e59102d666281c0fff,1024,768,51.391261,30.815451,False,492f8ba7a4c0942d3714bdda9e0e421022732249072d83e59102d666281c0fff,False,True,test
recovered_archive2/124,recovered_archive2,124,cap_image,recovered_archive2/124/CAPorg2.jpg,CAPorg2.jpg,604594,32a9ac49fb79013b39ea39ca7075f0a1ac88ef89a4db55ab94d4662b21e85f0c,1024,768,56.385569,26.119003,False,32a9ac49fb79013b39ea39ca7075f0a1ac88ef89a4db55ab94d4662b21e85f0c,False,True,test
recovered_archive2/124,recovered_archive2,124,cap_image,recovered_archive2/124/CAPorg3.jpg,CAPorg3.jpg,583193,dc550ebf580c4d5882ce1aec2c0511e985368ad138ed035a53999dca36ddbf9b,1024,768,66.633414,49.386036,False,dc550ebf580c4d5882ce1aec2c0511e985368ad138ed035a53999dca36ddbf9b,False,True,test
recovered_archive2/124,recovered_archive2,124,cap_image,recovered_archive2/124/CAPorg4.jpg,CAPorg4.jpg,551280,f477d981030da0703f522bbf9f617b8fb5c99f62d632d7db85be60a67261a719,1024,768,81.58294,69.559606,False,f477d981030da0703f522bbf9f617b8fb5c99f62d632d7db85be60a67261a719,False,True,test
recovered_archive2/124,recovered_archive2,124,cap_image,recovered_archive2/124/CAPorg5.jpg,CAPorg5.jpg,595885,675b8aeb72cb9e23e105d85d034bfae628b10dd11713c4d8b5c2329582b02adc,1024,768,53.303624,28.810013,False,675b8aeb72cb9e23e105d85d034bfae628b10dd11713c4d8b5c2329582b02adc,False,True,test
recovered_archive2/124,recovered_archive2,124,cap_image,recovered_archive2/124/CAPorg6.jpg,CAPorg6.jpg,557727,51e935193cea878f61d148befc1ce996f861d57d24d2248523e157eb92a74fef,1024,768,32.844859,23.78091,False,51e935193cea878f61d148befc1ce996f861d57d24d2248523e157eb92a74fef,False,True,test
recovered_archive2/124,recovered_archive2,124,cap_image,recovered_archive2/124/CAPorg7.jpg,CAPorg7.jpg,581698,a26b42f4c74a3d654c62f836b530e2894de05458cf6797fb3a1a5bf96af9a45c,1024,768,46.975755,27.601288,False,a26b42f4c74a3d654c62f836b530e2894de05458cf6797fb3a1a5bf96af9a45c,False,True,test
recovered_archive2/124,recovered_archive2,124,cap_image,recovered_archive2/124/CAPorg8.jpg,CAPorg8.jpg,12917,749a8efc155a7020938f4cce12a79e06e26c0435082b998dd21c0492d02f11a1,1024,768,0.0,0.0,True,749a8efc155a7020938f4cce12a79e06e26c0435082b998dd21c0492d02f11a1,False,True,test
recovered_archive2/124,recovered_archive2,124,report_image,recovered_archive2/124/rep.jpg.jpg,rep.jpg.jpg,78219,e8e51de8eacf0ccc0d7582c3045a8f39bb598430bd642e496d7d5289d142e19f,,,,,False,e8e51de8eacf0ccc0d7582c3045a8f39bb598430bd642e496d7d5289d142e19f,False,False,test
recovered_archive2/124,recovered_archive2,124,report_image,recovered_archive2/124/rep_1901080.jpg.jpg,rep_1901080.jpg.jpg,78219,e8e51de8eacf0ccc0d7582c3045a8f39bb598430bd642e496d7d5289d142e19f,,,,,False,e8e51de8eacf0ccc0d7582c3045a8f39bb598430bd642e496d7d5289d142e19f,False,False,test
recovered_archive2/124,recovered_archive2,124,report_image,recovered_archive2/124/rep_1901081.jpg.jpg,rep_1901081.jpg.jpg,78219,e8e51de8eacf0ccc0d7582c3045a8f39bb598430bd642e496d7d5289d142e19f,,,,,False,e8e51de8eacf0ccc0d7582c3045a8f39bb598430bd642e496d7d5289d142e19f,False,False,test
recovered_archive2/124,recovered_archive2,124,report_image,recovered_archive2/124/rep_左手.jpg.jpg,rep_左手.jpg.jpg,78219,e8e51de8eacf0ccc0d7582c3045a8f39bb598430bd642e496d7d5289d142e19f,,,,,False,e8e51de8eacf0ccc0d7582c3045a8f39bb598430bd642e496d7d5289d142e19f,False,False,test
recovered_archive2/125,recovered_archive2,125,cap_image,recovered_archive2/125/CAPorg1.jpg,CAPorg1.jpg,345659,99ebf8fd2b303d70c4dfd4c2e97ccd13ccb019dac202eb0303b99db59dc1b884,1024,768,226.215978,42.284781,False,99ebf8fd2b303d70c4dfd4c2e97ccd13ccb019dac202eb0303b99db59dc1b884,False,True,train
recovered_archive2/125,recovered_archive2,125,cap_image,recovered_archive2/125/CAPorg2.jpg,CAPorg2.jpg,560306,31b745dbfbd239721c87b849fb27491e5c07a015bb2374f51ea8b6f429353e58,1024,768,169.512285,56.623855,False,31b745dbfbd239721c87b849fb27491e5c07a015bb2374f51ea8b6f429353e58,False,True,train
recovered_archive2/125,recovered_archive2,125,cap_image,recovered_archive2/125/CAPorg3.jpg,CAPorg3.jpg,654389,cb51630047bcb3c4f58098b22b434c947e12a2074f0fe0a7a5f347858b700870,1024,768,186.015995,41.753315,False,cb51630047bcb3c4f58098b22b434c947e12a2074f0fe0a7a5f347858b700870,False,True,train
recovered_archive2/125,recovered_archive2,125,cap_image,recovered_archive2/125/CAPorg4.jpg,CAPorg4.jpg,672178,1b87fbca1d4f3b1765e42f221e7747c17eedd9271d0b3e8b6ed769fc9e674d2d,1024,768,160.838365,42.424548,False,1b87fbca1d4f3b1765e42f221e7747c17eedd9271d0b3e8b6ed769fc9e674d2d,False,True,train
recovered_archive2/125,recovered_archive2,125,cap_image,recovered_archive2/125/CAPorg5.jpg,CAPorg5.jpg,666784,b908adbaebb7c5dc5979ae9287fa10a6af2a3cbca8adcc1ed7b8e589354c7633,1024,768,179.481865,38.596132,False,b908adbaebb7c5dc5979ae9287fa10a6af2a3cbca8adcc1ed7b8e589354c7633,False,True,train
recovered_archive2/125,recovered_archive2,125,cap_image,recovered_archive2/125/CAPorg6.jpg,CAPorg6.jpg,656856,424f3792d8ad7e15c8e333413e5a1ab6643667ba3e54d6d83e3bbcd376771bd8,1024,768,149.213875,59.050437,False,424f3792d8ad7e15c8e333413e5a1ab6643667ba3e54d6d83e3bbcd376771bd8,False,True,train
recovered_archive2/125,recovered_archive2,125,cap_image,recovered_archive2/125/CAPorg7.jpg,CAPorg7.jpg,653967,0f86b994bc818139d5c4761c74298cbbd4a39ffbc3b6a03fc5be1fea230b718b,1024,768,129.822623,48.520294,False,0f86b994bc818139d5c4761c74298cbbd4a39ffbc3b6a03fc5be1fea230b718b,False,True,train
recovered_archive2/125,recovered_archive2,125,cap_image,recovered_archive2/125/CAPorg8.jpg,CAPorg8.jpg,654157,dc35ca9703c403d15d45fa125bb9738a466d29abde3a4aacdba6989448870d5f,1024,768,126.207879,50.830335,False,dc35ca9703c403d15d45fa125bb9738a466d29abde3a4aacdba6989448870d5f,False,True,train
recovered_archive2/125,recovered_archive2,125,report_image,recovered_archive2/125/rep.jpg.jpg,rep.jpg.jpg,76543,6c60c945ffd83f248aac7261a7f58dd9e9cd24b21e5b1c15b47308645e5233a9,,,,,False,6c60c945ffd83f248aac7261a7f58dd9e9cd24b21e5b1c15b47308645e5233a9,False,False,train
recovered_archive2/125,recovered_archive2,125,report_image,recovered_archive2/125/rep_1812110.jpg.jpg,rep_1812110.jpg.jpg,76543,6c60c945ffd83f248aac7261a7f58dd9e9cd24b21e5b1c15b47308645e5233a9,,,,,False,6c60c945ffd83f248aac7261a7f58dd9e9cd24b21e5b1c15b47308645e5233a9,False,False,train
recovered_archive2/125,recovered_archive2,125,report_image,recovered_archive2/125/rep_1812111.jpg.jpg,rep_1812111.jpg.jpg,76543,6c60c945ffd83f248aac7261a7f58dd9e9cd24b21e5b1c15b47308645e5233a9,,,,,False,6c60c945ffd83f248aac7261a7f58dd9e9cd24b21e5b1c15b47308645e5233a9,False,False,train
recovered_archive2/125,recovered_archive2,125,report_image,recovered_archive2/125/rep_左手.jpg.jpg,rep_左手.jpg.jpg,76543,6c60c945ffd83f248aac7261a7f58dd9e9cd24b21e5b1c15b47308645e5233a9,,,,,False,6c60c945ffd83f248aac7261a7f58dd9e9cd24b21e5b1c15b47308645e5233a9,False,False,train
recovered_archive2/125,recovered_archive2,125,video,recovered_archive2/125/wmv0.avi,wmv0.avi,10046464,,,,,,False,,True,False,train
recovered_archive2/125,recovered_archive2,125,video,recovered_archive2/125/wmv1.avi,wmv1.avi,10225152,,,,,,False,,True,False,train
recovered_archive2/126,recovered_archive2,126,cap_image,recovered_archive2/126/CAPorg1.jpg,CAPorg1.jpg,569053,33ce3749205386cc28cec3681ce6ca350da7636500821665b4d78b608b4491b5,1024,768,85.879593,44.446929,False,33ce3749205386cc28cec3681ce6ca350da7636500821665b4d78b608b4491b5,False,True,train
recovered_archive2/126,recovered_archive2,126,cap_image,recovered_archive2/126/CAPorg2.jpg,CAPorg2.jpg,583221,b346884571d831f8717851b10a332728dbcc42534e07058475301da6d98276be,1024,768,93.832762,33.22107,False,b346884571d831f8717851b10a332728dbcc42534e07058475301da6d98276be,False,True,train
recovered_archive2/126,recovered_archive2,126,cap_image,recovered_archive2/126/CAPorg3.jpg,CAPorg3.jpg,540189,7112991cedb57848afd2bb8419a09a7d5ed733feb780c85dfb729f09699510ae,1024,768,113.529814,57.298411,False,7112991cedb57848afd2bb8419a09a7d5ed733feb780c85dfb729f09699510ae,False,True,train
recovered_archive2/126,recovered_archive2,126,cap_image,recovered_archive2/126/CAPorg4.jpg,CAPorg4.jpg,583149,7886cd86ee68fb192f36b8afc7dfb601752673ad6a1ea01f9d1a4b9806229d53,1024,768,85.768576,43.239538,False,7886cd86ee68fb192f36b8afc7dfb601752673ad6a1ea01f9d1a4b9806229d53,False,True,train
recovered_archive2/126,recovered_archive2,126,cap_image,recovered_archive2/126/CAPorg5.jpg,CAPorg5.jpg,578541,5b88b8f1c6d6cd7f78cefbedadac47724c28256e898b3990fa3ea0107c33fcdb,1024,768,81.152964,29.111224,False,5b88b8f1c6d6cd7f78cefbedadac47724c28256e898b3990fa3ea0107c33fcdb,False,True,train
recovered_archive2/126,recovered_archive2,126,cap_image,recovered_archive2/126/CAPorg6.jpg,CAPorg6.jpg,574126,d90791ef97327a7104832d833e61b1dc285a5204f640ba26488aec91f41300be,1024,768,77.917882,30.709377,False,d90791ef97327a7104832d833e61b1dc285a5204f640ba26488aec91f41300be,False,True,train
recovered_archive2/126,recovered_archive2,126,report_image,recovered_archive2/126/rep.jpg.jpg,rep.jpg.jpg,71474,247d43dfb0b3a75b73aa0b4fba520c4a60f890d6d47c79085a425c045896db4e,,,,,False,247d43dfb0b3a75b73aa0b4fba520c4a60f890d6d47c79085a425c045896db4e,False,False,train
recovered_archive2/126,recovered_archive2,126,report_image,recovered_archive2/126/rep_1901080.jpg.jpg,rep_1901080.jpg.jpg,69698,c3b606ca48c018c0e959db04849742bbaa392697bdcdaef6bb8bfce05baa09c8,,,,,False,c3b606ca48c018c0e959db04849742bbaa392697bdcdaef6bb8bfce05baa09c8,False,False,train
recovered_archive2/126,recovered_archive2,126,report_image,recovered_archive2/126/rep_1901081.jpg.jpg,rep_1901081.jpg.jpg,71474,247d43dfb0b3a75b73aa0b4fba520c4a60f890d6d47c79085a425c045896db4e,,,,,False,247d43dfb0b3a75b73aa0b4fba520c4a60f890d6d47c79085a425c045896db4e,False,False,train
recovered_archive2/126,recovered_archive2,126,report_image,recovered_archive2/126/rep_左手.jpg.jpg,rep_左手.jpg.jpg,71474,247d43dfb0b3a75b73aa0b4fba520c4a60f890d6d47c79085a425c045896db4e,,,,,False,247d43dfb0b3a75b73aa0b4fba520c4a60f890d6d47c79085a425c045896db4e,False,False,train
recovered_archive2/127,recovered_archive2,127,cap_image,recovered_archive2/127/CAPorg1.jpg,CAPorg1.jpg,627796,d2d33074299e012ef249102a849efb019e0b4daab258d4b3730252d86d6f9aeb,1024,768,158.847322,72.360201,False,d2d33074299e012ef249102a849efb019e0b4daab258d4b3730252d86d6f9aeb,False,True,test
recovered_archive2/127,recovered_archive2,127,cap_image,recovered_archive2/127/CAPorg10.jpg,CAPorg10.jpg,588850,2772f06f031965a0fdfece341eb05a845b03fe5559599fb9bad603b062b74d3f,1024,768,65.542332,41.099716,False,2772f06f031965a0fdfece341eb05a845b03fe5559599fb9bad603b062b74d3f,False,True,test
recovered_archive2/127,recovered_archive2,127,cap_image,recovered_archive2/127/CAPorg11.jpg,CAPorg11.jpg,599797,e875b7a396743432e92b210a004fac7025b68a3ee79d1eea0a8c67d5bfd35046,1024,768,78.436629,42.44069,False,e875b7a396743432e92b210a004fac7025b68a3ee79d1eea0a8c67d5bfd35046,False,True,test
recovered_archive2/127,recovered_archive2,127,cap_image,recovered_archive2/127/CAPorg2.jpg,CAPorg2.jpg,641910,dc971e271d2a309b40fbcd0d3360f859bb701f6a6d67bb06fe21c8498a626fdd,1024,768,140.118066,58.115333,False,dc971e271d2a309b40fbcd0d3360f859bb701f6a6d67bb06fe21c8498a626fdd,False,True,test
recovered_archive2/127,recovered_archive2,127,cap_image,recovered_archive2/127/CAPorg3.jpg,CAPorg3.jpg,623871,8a3abbb16a101b6ae5b558075f97eb9bd156cb4da8b538bdd73a65a64a11efff,1024,768,103.609937,44.853587,False,8a3abbb16a101b6ae5b558075f97eb9bd156cb4da8b538bdd73a65a64a11efff,False,True,test
recovered_archive2/127,recovered_archive2,127,cap_image,recovered_archive2/127/CAPorg4.jpg,CAPorg4.jpg,581292,3233beb5aa3a5990bef80c5653d5e010c24e9a70a2c48040a661efd6cbdd9622,1024,768,55.21692,38.527455,False,3233beb5aa3a5990bef80c5653d5e010c24e9a70a2c48040a661efd6cbdd9622,False,True,test
recovered_archive2/127,recovered_archive2,127,cap_image,recovered_archive2/127/CAPorg5.jpg,CAPorg5.jpg,610165,37eb04c13f545ad864d145e03efffc03fdf298351dc6e6a0918912204e2b625d,1024,768,95.017343,47.200476,False,37eb04c13f545ad864d145e03efffc03fdf298351dc6e6a0918912204e2b625d,False,True,test
recovered_archive2/127,recovered_archive2,127,cap_image,recovered_archive2/127/CAPorg6.jpg,CAPorg6.jpg,611829,7835c25f2234ea05c6151f706877ef7488fc438e5407f44ac02b61f6332543ce,1024,768,109.281555,54.151548,False,7835c25f2234ea05c6151f706877ef7488fc438e5407f44ac02b61f6332543ce,False,True,test
recovered_archive2/127,recovered_archive2,127,cap_image,recovered_archive2/127/CAPorg7.jpg,CAPorg7.jpg,603960,2d172ffd869425ec8be22025b0be146b0c25fcb2d6585676be135cc54f4bf3d3,1024,768,90.494094,47.903752,False,2d172ffd869425ec8be22025b0be146b0c25fcb2d6585676be135cc54f4bf3d3,False,True,test
recovered_archive2/127,recovered_archive2,127,cap_image,recovered_archive2/127/CAPorg8.jpg,CAPorg8.jpg,598973,bca1fdc74bcfdd96df5ef0a6f736ab19f56648532eb690921a87d7fb65cfea52,1024,768,93.84921,52.403358,False,bca1fdc74bcfdd96df5ef0a6f736ab19f56648532eb690921a87d7fb65cfea52,False,True,test
recovered_archive2/127,recovered_archive2,127,cap_image,recovered_archive2/127/CAPorg9.jpg,CAPorg9.jpg,564727,10f3ad79cf5f32f816f80614f0fa920ebe7b89fd4fa5643b1f15d46a42ddb7f1,1024,768,47.404322,35.513085,False,10f3ad79cf5f32f816f80614f0fa920ebe7b89fd4fa5643b1f15d46a42ddb7f1,False,True,test
recovered_archive2/127,recovered_archive2,127,report_image,recovered_archive2/127/rep.jpg.jpg,rep.jpg.jpg,67251,d60a793fe074c840e5b4ef6e9d30260691f264ac3acd40342ce6790b9304a357,,,,,False,d60a793fe074c840e5b4ef6e9d30260691f264ac3acd40342ce6790b9304a357,False,False,test
recovered_archive2/127,recovered_archive2,127,report_image,recovered_archive2/127/rep_1908220.jpg.jpg,rep_1908220.jpg.jpg,67251,d60a793fe074c840e5b4ef6e9d30260691f264ac3acd40342ce6790b9304a357,,,,,False,d60a793fe074c840e5b4ef6e9d30260691f264ac3acd40342ce6790b9304a357,False,False,test
recovered_archive2/127,recovered_archive2,127,report_image,recovered_archive2/127/rep_1908221.jpg.jpg,rep_1908221.jpg.jpg,67251,d60a793fe074c840e5b4ef6e9d30260691f264ac3acd40342ce6790b9304a357,,,,,False,d60a793fe074c840e5b4ef6e9d30260691f264ac3acd40342ce6790b9304a357,False,False,test
recovered_archive2/127,recovered_archive2,127,report_image,recovered_archive2/127/rep_左手.jpg.jpg,rep_左手.jpg.jpg,67251,d60a793fe074c840e5b4ef6e9d30260691f264ac3acd40342ce6790b9304a357,,,,,False,d60a793fe074c840e5b4ef6e9d30260691f264ac3acd40342ce6790b9304a357,False,False,test
recovered_archive2/128,recovered_archive2,128,cap_image,recovered_archive2/128/CAPorg1.jpg,CAPorg1.jpg,498838,d9b7d5a970930bad7717d8abbb5f8e461a3aae0f20e92ae29d850dd3601776d3,1024,768,159.804068,68.972711,False,d9b7d5a970930bad7717d8abbb5f8e461a3aae0f20e92ae29d850dd3601776d3,False,True,val
recovered_archive2/128,recovered_archive2,128,cap_image,recovered_archive2/128/CAPorg2.jpg,CAPorg2.jpg,502298,4b4fcc279bf003d30f155ac85750035264a94ba4a039e0281ca0bd7a97c2e5b3,1024,768,57.616174,33.928298,False,4b4fcc279bf003d30f155ac85750035264a94ba4a039e0281ca0bd7a97c2e5b3,False,True,val
recovered_archive2/128,recovered_archive2,128,cap_image,recovered_archive2/128/CAPorg3.jpg,CAPorg3.jpg,515074,2195f2038b6fba5c7614a3cf63f76dc555fb6d2ab35fc050f1af757ab1bb8fca,1024,768,71.812941,37.537694,False,2195f2038b6fba5c7614a3cf63f76dc555fb6d2ab35fc050f1af757ab1bb8fca,False,True,val
recovered_archive2/128,recovered_archive2,128,cap_image,recovered_archive2/128/CAPorg4.jpg,CAPorg4.jpg,513823,5dfc22e4aabf18846510e471c54de5d5a8060c4e152d56b351f20bf96f612046,1024,768,66.181117,36.753964,False,5dfc22e4aabf18846510e471c54de5d5a8060c4e152d56b351f20bf96f612046,False,True,val
recovered_archive2/128,recovered_archive2,128,cap_image,recovered_archive2/128/CAPorg5.jpg,CAPorg5.jpg,512848,b8eff3bbf5049bc5ec4f8da55f3457b7cc6f0c5a96cc2d23386b527202d967c6,1024,768,65.63088,36.841586,False,b8eff3bbf5049bc5ec4f8da55f3457b7cc6f0c5a96cc2d23386b527202d967c6,False,True,val
recovered_archive2/128,recovered_archive2,128,cap_image,recovered_archive2/128/CAPorg6.jpg,CAPorg6.jpg,514326,139de5dc4b031b4e7d0c474bc7988d3c9766f1361a1df0f3d715f0c16d15b9e2,1024,768,61.499097,35.457084,False,139de5dc4b031b4e7d0c474bc7988d3c9766f1361a1df0f3d715f0c16d15b9e2,False,True,val
recovered_archive2/128,recovered_archive2,128,report_image,recovered_archive2/128/rep.jpg.jpg,rep.jpg.jpg,72231,0df034fd3ba2313d4f45b3706477c729c7e596e07256c1569a92c3157066b51a,,,,,False,0df034fd3ba2313d4f45b3706477c729c7e596e07256c1569a92c3157066b51a,False,False,val
recovered_archive2/128,recovered_archive2,128,report_image,recovered_archive2/128/rep_1901240.jpg.jpg,rep_1901240.jpg.jpg,75815,db322372ece140d552b02f2030858abaca793f1be3d621288986a5d619c618bd,,,,,False,db322372ece140d552b02f2030858abaca793f1be3d621288986a5d619c618bd,False,False,val
recovered_archive2/128,recovered_archive2,128,report_image,recovered_archive2/128/rep_1901241.jpg.jpg,rep_1901241.jpg.jpg,75815,db322372ece140d552b02f2030858abaca793f1be3d621288986a5d619c618bd,,,,,False,db322372ece140d552b02f2030858abaca793f1be3d621288986a5d619c618bd,False,False,val
recovered_archive2/128,recovered_archive2,128,report_image,recovered_archive2/128/rep_1901242.jpg.jpg,rep_1901242.jpg.jpg,72231,0df034fd3ba2313d4f45b3706477c729c7e596e07256c1569a92c3157066b51a,,,,,False,0df034fd3ba2313d4f45b3706477c729c7e596e07256c1569a92c3157066b51a,False,False,val
recovered_archive2/128,recovered_archive2,128,report_image,recovered_archive2/128/rep_左手.jpg.jpg,rep_左手.jpg.jpg,72231,0df034fd3ba2313d4f45b3706477c729c7e596e07256c1569a92c3157066b51a,,,,,False,0df034fd3ba2313d4f45b3706477c729c7e596e07256c1569a92c3157066b51a,False,False,val
recovered_archive2/128,recovered_archive2,128,video,recovered_archive2/128/wmv0.avi,wmv0.avi,10223104,,,,,,False,,True,False,val
recovered_archive2/128,recovered_archive2,128,video,recovered_archive2/128/wmv1.avi,wmv1.avi,10071040,,,,,,False,,True,False,val
recovered_archive2/128,recovered_archive2,128,video,recovered_archive2/128/wmv2.avi,wmv2.avi,10138112,,,,,,False,,True,False,val
recovered_archive2/128,recovered_archive2,128,video,recovered_archive2/128/wmv3.avi,wmv3.avi,10174976,,,,,,False,,True,False,val
recovered_archive2/129,recovered_archive2,129,cap_image,recovered_archive2/129/CAPorg1.jpg,CAPorg1.jpg,626413,d3bd1b43d28143cf444612090a08a0945ada2214f1eb12d13ecbdebd08ca40f0,1024,768,84.950759,39.762694,False,d3bd1b43d28143cf444612090a08a0945ada2214f1eb12d13ecbdebd08ca40f0,False,True,train
recovered_archive2/129,recovered_archive2,129,cap_image,recovered_archive2/129/CAPorg2.jpg,CAPorg2.jpg,553453,4c5e4180026286eba3edc3e391f0b5a311bd10605bb9f263358eb879758bac24,1024,768,29.993782,22.384127,False,4c5e4180026286eba3edc3e391f0b5a311bd10605bb9f263358eb879758bac24,False,True,train
recovered_archive2/129,recovered_archive2,129,cap_image,recovered_archive2/129/CAPorg3.jpg,CAPorg3.jpg,565197,7d341a2cb9a7b4c954dda564fc8452310a97489ddf8f816565584fa6fa6dfe83,1024,768,38.769002,34.172198,False,7d341a2cb9a7b4c954dda564fc8452310a97489ddf8f816565584fa6fa6dfe83,False,True,train
recovered_archive2/129,recovered_archive2,129,cap_image,recovered_archive2/129/CAPorg4.jpg,CAPorg4.jpg,550212,dbd773ed135dd0efe416ae2045d0ade94b84b54344461b2975e0068a6acf1eda,1024,768,30.785311,24.497331,False,dbd773ed135dd0efe416ae2045d0ade94b84b54344461b2975e0068a6acf1eda,False,True,train
recovered_archive2/129,recovered_archive2,129,cap_image,recovered_archive2/129/CAPorg5.jpg,CAPorg5.jpg,511266,ffeb309f074243650f4239ca9faaeb056dd6c42b611ea37ff13b853b049678fd,1024,768,27.433372,24.990217,False,ffeb309f074243650f4239ca9faaeb056dd6c42b611ea37ff13b853b049678fd,False,True,train
recovered_archive2/129,recovered_archive2,129,cap_image,recovered_archive2/129/CAPorg6.jpg,CAPorg6.jpg,573016,88414ae67c6c1a37314f73b875996bb02f66f49fe63265f9910a1477de70bf5b,1024,768,37.516052,25.612673,False,88414ae67c6c1a37314f73b875996bb02f66f49fe63265f9910a1477de70bf5b,False,True,train
recovered_archive2/129,recovered_archive2,129,cap_image,recovered_archive2/129/CAPorg7.jpg,CAPorg7.jpg,572389,d7b2972605af2e7713117a09864cb562e9deac53214a97bf5671b7b2cebd9a15,1024,768,40.119935,31.222936,False,d7b2972605af2e7713117a09864cb562e9deac53214a97bf5671b7b2cebd9a15,False,True,train
recovered_archive2/129,recovered_archive2,129,cap_image,recovered_archive2/129/CAPorg8.jpg,CAPorg8.jpg,530752,0ff0efaeb0dd8c559869af34d0cd0a41da0ebb96f8446037875135816c53d32a,1024,768,72.143227,73.469552,False,0ff0efaeb0dd8c559869af34d0cd0a41da0ebb96f8446037875135816c53d32a,False,True,train
recovered_archive2/129,recovered_archive2,129,report_image,recovered_archive2/129/rep.jpg.jpg,rep.jpg.jpg,78997,7389cd5b5f943b760771726a3c994a404d9ba0d0ea488f3fea852f914add006a,,,,,False,7389cd5b5f943b760771726a3c994a404d9ba0d0ea488f3fea852f914add006a,False,False,train
recovered_archive2/129,recovered_archive2,129,report_image,recovered_archive2/129/rep_1902260.jpg.jpg,rep_1902260.jpg.jpg,78997,7389cd5b5f943b760771726a3c994a404d9ba0d0ea488f3fea852f914add006a,,,,,False,7389cd5b5f943b760771726a3c994a404d9ba0d0ea488f3fea852f914add006a,False,False,train
recovered_archive2/129,recovered_archive2,129,report_image,recovered_archive2/129/rep_1902261.jpg.jpg,rep_1902261.jpg.jpg,78997,7389cd5b5f943b760771726a3c994a404d9ba0d0ea488f3fea852f914add006a,,,,,False,7389cd5b5f943b760771726a3c994a404d9ba0d0ea488f3fea852f914add006a,False,False,train
recovered_archive2/129,recovered_archive2,129,report_image,recovered_archive2/129/rep_左手.jpg.jpg,rep_左手.jpg.jpg,78997,7389cd5b5f943b760771726a3c994a404d9ba0d0ea488f3fea852f914add006a,,,,,False,7389cd5b5f943b760771726a3c994a404d9ba0d0ea488f3fea852f914add006a,False,False,train
recovered_archive2/130,recovered_archive2,130,cap_image,recovered_archive2/130/CAPorg1.jpg,CAPorg1.jpg,539962,d9ed91f979d7b1ac578578de02e9765caec50c1ab527db72265bdf679952fbdc,1024,768,52.333396,43.312768,False,d9ed91f979d7b1ac578578de02e9765caec50c1ab527db72265bdf679952fbdc,False,True,train
recovered_archive2/130,recovered_archive2,130,cap_image,recovered_archive2/130/CAPorg10.jpg,CAPorg10.jpg,562989,289020f37797be4e606b442e0317921a799dcf553d62a3f3e12bd4971fc01757,1024,768,154.673721,78.355419,False,289020f37797be4e606b442e0317921a799dcf553d62a3f3e12bd4971fc01757,False,True,train
recovered_archive2/130,recovered_archive2,130,cap_image,recovered_archive2/130/CAPorg11.jpg,CAPorg11.jpg,613449,42b60a8b7421bf93ad5e372699da08f2e3dc2afdb03029721aa7bbac871891b9,1024,768,117.969284,75.712356,False,42b60a8b7421bf93ad5e372699da08f2e3dc2afdb03029721aa7bbac871891b9,False,True,train
recovered_archive2/130,recovered_archive2,130,cap_image,recovered_archive2/130/CAPorg12.jpg,CAPorg12.jpg,612327,32611f3aec2e608249456e9d5f858afe5c15ece60ebc8d80e9bad28d5dcd7529,1024,768,116.975438,75.007597,False,32611f3aec2e608249456e9d5f858afe5c15ece60ebc8d80e9bad28d5dcd7529,False,True,train
recovered_archive2/130,recovered_archive2,130,cap_image,recovered_archive2/130/CAPorg13.jpg,CAPorg13.jpg,624119,437e3ff2b734618fd1438e0ae9386f0c33693abdf189caf4cbc98a28ab22b444,1024,768,107.061047,69.691255,False,437e3ff2b734618fd1438e0ae9386f0c33693abdf189caf4cbc98a28ab22b444,False,True,train
recovered_archive2/130,recovered_archive2,130,cap_image,recovered_archive2/130/CAPorg14.jpg,CAPorg14.jpg,504531,e645f3c861ce54d2012602135d72b0d09f3b022ed232f09efca53646e9e83f0c,1024,768,184.685262,65.412817,False,e645f3c861ce54d2012602135d72b0d09f3b022ed232f09efca53646e9e83f0c,False,True,train
recovered_archive2/130,recovered_archive2,130,cap_image,recovered_archive2/130/CAPorg15.jpg,CAPorg15.jpg,434871,d41b1121e51a438bbeedb42602ec35cd6035176dc4d8eb9cd95eaee2bee79099,1024,768,201.289646,59.706392,False,d41b1121e51a438bbeedb42602ec35cd6035176dc4d8eb9cd95eaee2bee79099,False,True,train
recovered_archive2/130,recovered_archive2,130,cap_image,recovered_archive2/130/CAPorg16.jpg,CAPorg16.jpg,457299,b1604fca1f6b92f6211146171dfa487caa8a92896f725a3438d880be7dc4c55e,1024,768,202.574033,57.840027,False,b1604fca1f6b92f6211146171dfa487caa8a92896f725a3438d880be7dc4c55e,False,True,train
recovered_archive2/130,recovered_archive2,130,cap_image,recovered_archive2/130/CAPorg2.jpg,CAPorg2.jpg,590553,662dd9f1793dec2019d551916ed2c4abb269055162cf8e69859d4fcfda79e5a7,1024,768,84.985517,56.624994,False,662dd9f1793dec2019d551916ed2c4abb269055162cf8e69859d4fcfda79e5a7,False,True,train
recovered_archive2/130,recovered_archive2,130,cap_image,recovered_archive2/130/CAPorg3.jpg,CAPorg3.jpg,620287,dcc8874189092faa11ddcb1cbb36eebb1fad25fc383ee735f8c71ec3c73050bf,1024,768,115.148299,68.082973,False,dcc8874189092faa11ddcb1cbb36eebb1fad25fc383ee735f8c71ec3c73050bf,False,True,train
recovered_archive2/130,recovered_archive2,130,cap_image,recovered_archive2/130/CAPorg4.jpg,CAPorg4.jpg,620267,cec28e9d554ce7100e5526a0d5b3e72e578296719285bd9ce92745048316041f,1024,768,143.196882,74.549501,False,cec28e9d554ce7100e5526a0d5b3e72e578296719285bd9ce92745048316041f,False,True,train
recovered_archive2/130,recovered_archive2,130,cap_image,recovered_archive2/130/CAPorg5.jpg,CAPorg5.jpg,594480,c2c049a16ba776e35de62662af6233d6b16a699af79022634e10b7b8937eb5fb,1024,768,134.558784,78.497446,False,c2c049a16ba776e35de62662af6233d6b16a699af79022634e10b7b8937eb5fb,False,True,train
recovered_archive2/130,recovered_archive2,130,cap_image,recovered_archive2/130/CAPorg6.jpg,CAPorg6.jpg,619915,d5e49b5d5dea905f8bf62cd728ab2c45f253432a04c2a6c91869a221405111be,1024,768,149.602276,70.530331,False,d5e49b5d5dea905f8bf62cd728ab2c45f253432a04c2a6c91869a221405111be,False,True,train
recovered_archive2/130,recovered_archive2,130,cap_image,recovered_archive2/130/CAPorg7.jpg,CAPorg7.jpg,561016,c2b70dac3347cb31ed87099a2657f820cb445ec2141d332282c95417b70c7b88,1024,768,166.866456,71.353601,False,c2b70dac3347cb31ed87099a2657f820cb445ec2141d332282c95417b70c7b88,False,True,train
recovered_archive2/130,recovered_archive2,130,cap_image,recovered_archive2/130/CAPorg8.jpg,CAPorg8.jpg,644606,faaa41a21309527891eee020c830263d3695b3c571714772fc7f40f37b9c2c87,1024,768,133.770599,64.411614,False,faaa41a21309527891eee020c830263d3695b3c571714772fc7f40f37b9c2c87,False,True,train
recovered_archive2/130,recovered_archive2,130,cap_image,recovered_archive2/130/CAPorg9.jpg,CAPorg9.jpg,620458,5168755c1533832ab7ac18d4f65bb92e515e928a7960072bb0428928d8699fbe,1024,768,99.577831,55.051361,False,5168755c1533832ab7ac18d4f65bb92e515e928a7960072bb0428928d8699fbe,False,True,train
recovered_archive2/130,recovered_archive2,130,report_image,recovered_archive2/130/rep.jpg.jpg,rep.jpg.jpg,79218,a0bee87d56a597010629516fe016df8599b7dd4215a6b116b33a6b14e8d70d69,,,,,False,a0bee87d56a597010629516fe016df8599b7dd4215a6b116b33a6b14e8d70d69,False,False,train
recovered_archive2/130,recovered_archive2,130,report_image,recovered_archive2/130/rep_1.jpg.jpg,rep_1.jpg.jpg,79218,a0bee87d56a597010629516fe016df8599b7dd4215a6b116b33a6b14e8d70d69,,,,,False,a0bee87d56a597010629516fe016df8599b7dd4215a6b116b33a6b14e8d70d69,False,False,train
recovered_archive2/130,recovered_archive2,130,report_image,recovered_archive2/130/rep_1907250.jpg.jpg,rep_1907250.jpg.jpg,79218,a0bee87d56a597010629516fe016df8599b7dd4215a6b116b33a6b14e8d70d69,,,,,False,a0bee87d56a597010629516fe016df8599b7dd4215a6b116b33a6b14e8d70d69,False,False,train
recovered_archive2/130,recovered_archive2,130,report_image,recovered_archive2/130/rep_1907251.jpg.jpg,rep_1907251.jpg.jpg,79218,a0bee87d56a597010629516fe016df8599b7dd4215a6b116b33a6b14e8d70d69,,,,,False,a0bee87d56a597010629516fe016df8599b7dd4215a6b116b33a6b14e8d70d69,False,False,train
recovered_archive2/130,recovered_archive2,130,video,recovered_archive2/130/wmv0.avi,wmv0.avi,450632192,,,,,,False,,True,False,train
recovered_archive2/130,recovered_archive2,130,video,recovered_archive2/130/wmv1.avi,wmv1.avi,448272896,,,,,,False,,True,False,train
recovered_archive2/131,recovered_archive2,131,cap_image,recovered_archive2/131/CAPorg1.jpg,CAPorg1.jpg,616632,693e31930fc0ce55bf127f090fbc14e80fe99ea03a8ceae5867f0f3b5f8375bc,1024,768,222.487115,24.673767,False,693e31930fc0ce55bf127f090fbc14e80fe99ea03a8ceae5867f0f3b5f8375bc,False,True,test
recovered_archive2/131,recovered_archive2,131,cap_image,recovered_archive2/131/CAPorg2.jpg,CAPorg2.jpg,661208,7e16d0243378d4fb8019dc146f4958219dc44d9200fef283e7786c70606f7412,1024,768,163.024108,23.736258,False,7e16d0243378d4fb8019dc146f4958219dc44d9200fef283e7786c70606f7412,False,True,test
recovered_archive2/131,recovered_archive2,131,cap_image,recovered_archive2/131/CAPorg3.jpg,CAPorg3.jpg,658678,e31a1fd7634e117390c9b02be7fe7d2f00decd0cb64e9a13c29c5e0d67895885,1024,768,149.425724,23.519115,False,e31a1fd7634e117390c9b02be7fe7d2f00decd0cb64e9a13c29c5e0d67895885,False,True,test
recovered_archive2/131,recovered_archive2,131,cap_image,recovered_archive2/131/CAPorg4.jpg,CAPorg4.jpg,660875,aeb98182c0483e5f46432c2cb0ede10a7d5fb582398b6c677de2693f4eac6c2e,1024,768,168.673077,23.677625,False,aeb98182c0483e5f46432c2cb0ede10a7d5fb582398b6c677de2693f4eac6c2e,False,True,test
recovered_archive2/131,recovered_archive2,131,cap_image,recovered_archive2/131/CAPorg5.jpg,CAPorg5.jpg,657029,7338b8cc50bde3befd50256b25bc9f6534fc89af4c5a45841dddc0e929b62181,1024,768,178.937706,29.296777,False,7338b8cc50bde3befd50256b25bc9f6534fc89af4c5a45841dddc0e929b62181,False,True,test
recovered_archive2/131,recovered_archive2,131,cap_image,recovered_archive2/131/CAPorg6.jpg,CAPorg6.jpg,662573,4b2ce8e6784220670e25299545352678f4589ef911a48364443c42a431d0496c,1024,768,164.448292,23.314521,False,4b2ce8e6784220670e25299545352678f4589ef911a48364443c42a431d0496c,False,True,test
recovered_archive2/131,recovered_archive2,131,cap_image,recovered_archive2/131/CAPorg7.jpg,CAPorg7.jpg,662953,6ecc171dbe28a39da14d083a26973f2e5f6fe041d3457a4a1d81aa8d5380999c,1024,768,172.86712,23.509064,False,6ecc171dbe28a39da14d083a26973f2e5f6fe041d3457a4a1d81aa8d5380999c,False,True,test
recovered_archive2/131,recovered_archive2,131,cap_image,recovered_archive2/131/CAPorg8.jpg,CAPorg8.jpg,651836,8ff8c8c74595b921ed0e4fed064bb33b488f37e575361a356ab908c27c7f4bd9,1024,768,134.638093,19.337692,False,8ff8c8c74595b921ed0e4fed064bb33b488f37e575361a356ab908c27c7f4bd9,False,True,test
recovered_archive2/131,recovered_archive2,131,cap_image,recovered_archive2/131/CAPorg9.jpg,CAPorg9.jpg,650529,9563dd715058eaa6efe1a846bf58b9e23673accb0bd7f22797a775e42ca33292,1024,768,133.294187,21.638472,False,9563dd715058eaa6efe1a846bf58b9e23673accb0bd7f22797a775e42ca33292,False,True,test
recovered_archive2/131,recovered_archive2,131,report_image,recovered_archive2/131/rep.jpg.jpg,rep.jpg.jpg,81524,0c80687eb3ba13e5ee781c07a67749a2cdac667d9d54d17a7d25dafc8e599d0b,,,,,False,0c80687eb3ba13e5ee781c07a67749a2cdac667d9d54d17a7d25dafc8e599d0b,False,False,test
recovered_archive2/131,recovered_archive2,131,report_image,recovered_archive2/131/rep_1912050.jpg.jpg,rep_1912050.jpg.jpg,81524,0c80687eb3ba13e5ee781c07a67749a2cdac667d9d54d17a7d25dafc8e599d0b,,,,,False,0c80687eb3ba13e5ee781c07a67749a2cdac667d9d54d17a7d25dafc8e599d0b,False,False,test
recovered_archive2/131,recovered_archive2,131,report_image,recovered_archive2/131/rep_1912051.jpg.jpg,rep_1912051.jpg.jpg,81524,0c80687eb3ba13e5ee781c07a67749a2cdac667d9d54d17a7d25dafc8e599d0b,,,,,False,0c80687eb3ba13e5ee781c07a67749a2cdac667d9d54d17a7d25dafc8e599d0b,False,False,test
recovered_archive2/131,recovered_archive2,131,report_image,recovered_archive2/131/rep_左手.jpg.jpg,rep_左手.jpg.jpg,81524,0c80687eb3ba13e5ee781c07a67749a2cdac667d9d54d17a7d25dafc8e599d0b,,,,,False,0c80687eb3ba13e5ee781c07a67749a2cdac667d9d54d17a7d25dafc8e599d0b,False,False,test
recovered_archive2/131,recovered_archive2,131,video,recovered_archive2/131/wmv0.avi,wmv0.avi,431757824,,,,,,False,,True,False,test
recovered_archive2/132,recovered_archive2,132,cap_image,recovered_archive2/132/CAPorg1.jpg,CAPorg1.jpg,535433,8fa6c053c249a5d6bce67a87fb148f609f765bd1120a4175f00a38e2e98704f5,1024,768,194.169662,59.358411,False,8fa6c053c249a5d6bce67a87fb148f609f765bd1120a4175f00a38e2e98704f5,False,True,train
recovered_archive2/132,recovered_archive2,132,cap_image,recovered_archive2/132/CAPorg10.jpg,CAPorg10.jpg,645940,6d740534f79872f2d6908b33063241b8f19f18b7ecc0727abbaa041c6fe37b46,1024,768,134.066957,45.508577,False,6d740534f79872f2d6908b33063241b8f19f18b7ecc0727abbaa041c6fe37b46,False,True,train
recovered_archive2/132,recovered_archive2,132,cap_image,recovered_archive2/132/CAPorg11.jpg,CAPorg11.jpg,616271,d4f0394fa94783b4ec68952b80f8605be3be8bc287eedeee0d5b41135510fff1,1024,768,164.515147,49.438047,False,d4f0394fa94783b4ec68952b80f8605be3be8bc287eedeee0d5b41135510fff1,False,True,train
recovered_archive2/132,recovered_archive2,132,cap_image,recovered_archive2/132/CAPorg12.jpg,CAPorg12.jpg,646262,d1d4ece854e829cda22a5041920f501f9a5fac361c202a07078c50248d6aeb2d,1024,768,142.512678,50.875419,False,d1d4ece854e829cda22a5041920f501f9a5fac361c202a07078c50248d6aeb2d,False,True,train
recovered_archive2/132,recovered_archive2,132,cap_image,recovered_archive2/132/CAPorg13.jpg,CAPorg13.jpg,639446,34bef69d8772de5344c81ee6e5addc0b7f5f27dd10c8be538a29248b008906bb,1024,768,155.434087,49.191146,False,34bef69d8772de5344c81ee6e5addc0b7f5f27dd10c8be538a29248b008906bb,False,True,train
recovered_archive2/132,recovered_archive2,132,cap_image,recovered_archive2/132/CAPorg14.jpg,CAPorg14.jpg,635527,61fe54b86aa6e2fc8b9dbb055755a4bd00134994cdf3dd453de8db16223eb9f3,1024,768,118.246361,50.150778,False,61fe54b86aa6e2fc8b9dbb055755a4bd00134994cdf3dd453de8db16223eb9f3,False,True,train
recovered_archive2/132,recovered_archive2,132,cap_image,recovered_archive2/132/CAPorg2.jpg,CAPorg2.jpg,518226,ee99ef28ba20cb0f738852e52ec7510d9071f85704c2c15542ba5074d95d9dfb,1024,768,209.647288,44.188972,False,ee99ef28ba20cb0f738852e52ec7510d9071f85704c2c15542ba5074d95d9dfb,False,True,train
recovered_archive2/132,recovered_archive2,132,cap_image,recovered_archive2/132/CAPorg3.jpg,CAPorg3.jpg,541543,a8d6cad28a2ef190a0110abe4898ce9f2a4e8f163224897dff702d6eddd4130b,1024,768,201.392956,47.298006,False,a8d6cad28a2ef190a0110abe4898ce9f2a4e8f163224897dff702d6eddd4130b,False,True,train
recovered_archive2/132,recovered_archive2,132,cap_image,recovered_archive2/132/CAPorg4.jpg,CAPorg4.jpg,594077,e094b9e70d011cc3c848be87d77ad5861ad914b5553543ff3b4d22a23bc05a58,1024,768,180.355035,46.715713,False,e094b9e70d011cc3c848be87d77ad5861ad914b5553543ff3b4d22a23bc05a58,False,True,train
recovered_archive2/132,recovered_archive2,132,cap_image,recovered_archive2/132/CAPorg5.jpg,CAPorg5.jpg,622456,74c864edcce624b9b5104c9ad3aee4a13e83235da72330111ab0b65a687fa94e,1024,768,91.346587,53.136194,False,74c864edcce624b9b5104c9ad3aee4a13e83235da72330111ab0b65a687fa94e,False,True,train
recovered_archive2/132,recovered_archive2,132,cap_image,recovered_archive2/132/CAPorg6.jpg,CAPorg6.jpg,559640,f9dd9b5428e80bab80f2a38c632466a46329adc2e03efac680610d82ca664c53,1024,768,44.065272,33.442475,False,f9dd9b5428e80bab80f2a38c632466a46329adc2e03efac680610d82ca664c53,False,True,train
recovered_archive2/132,recovered_archive2,132,cap_image,recovered_archive2/132/CAPorg7.jpg,CAPorg7.jpg,608036,9c6354d5a0bd4bb42b560a9a1d22f9a87df4a967f81cdb7c5f010132672a54a3,1024,768,71.399368,32.586418,False,9c6354d5a0bd4bb42b560a9a1d22f9a87df4a967f81cdb7c5f010132672a54a3,False,True,train
recovered_archive2/132,recovered_archive2,132,cap_image,recovered_archive2/132/CAPorg8.jpg,CAPorg8.jpg,609503,19b8c629c38aa0e7d1d1b895aac0bbf1a549270632edc0cc94a3e5fd5f7adf5e,1024,768,72.500982,33.727657,False,19b8c629c38aa0e7d1d1b895aac0bbf1a549270632edc0cc94a3e5fd5f7adf5e,False,True,train
recovered_archive2/132,recovered_archive2,132,cap_image,recovered_archive2/132/CAPorg9.jpg,CAPorg9.jpg,641125,18c893678fc305f99006d866e2da4a08ef38b2094c662c65bd7e072bd88801a5,1024,768,116.363163,37.647629,False,18c893678fc305f99006d866e2da4a08ef38b2094c662c65bd7e072bd88801a5,False,True,train
recovered_archive2/132,recovered_archive2,132,report_image,recovered_archive2/132/rep.jpg.jpg,rep.jpg.jpg,83288,b767fbb6a065edd7ff88875795ef67b0b7a5c63a080edc41790494f750825b72,,,,,False,b767fbb6a065edd7ff88875795ef67b0b7a5c63a080edc41790494f750825b72,False,False,train
recovered_archive2/132,recovered_archive2,132,report_image,recovered_archive2/132/rep_1907230.jpg.jpg,rep_1907230.jpg.jpg,83288,b767fbb6a065edd7ff88875795ef67b0b7a5c63a080edc41790494f750825b72,,,,,False,b767fbb6a065edd7ff88875795ef67b0b7a5c63a080edc41790494f750825b72,False,False,train
recovered_archive2/132,recovered_archive2,132,report_image,recovered_archive2/132/rep_1907231.jpg.jpg,rep_1907231.jpg.jpg,83288,b767fbb6a065edd7ff88875795ef67b0b7a5c63a080edc41790494f750825b72,,,,,False,b767fbb6a065edd7ff88875795ef67b0b7a5c63a080edc41790494f750825b72,False,False,train
recovered_archive2/132,recovered_archive2,132,report_image,recovered_archive2/132/rep_左手.jpg.jpg,rep_左手.jpg.jpg,83288,b767fbb6a065edd7ff88875795ef67b0b7a5c63a080edc41790494f750825b72,,,,,False,b767fbb6a065edd7ff88875795ef67b0b7a5c63a080edc41790494f750825b72,False,False,train
recovered_archive2/132,recovered_archive2,132,video,recovered_archive2/132/wmv0.avi,wmv0.avi,422320640,,,,,,False,,True,False,train
recovered_archive2/132,recovered_archive2,132,video,recovered_archive2/132/wmv1.avi,wmv1.avi,320869888,,,,,,False,,True,False,train
recovered_archive2/133,recovered_archive2,133,cap_image,recovered_archive2/133/CAPorg1.jpg,CAPorg1.jpg,13125,e11240bc5d3b0cc5f64dd9cfa2454bd9b2fa7275a8bbcf9cdfb63aec86dd00aa,1024,768,0.000322,0.027458,True,e11240bc5d3b0cc5f64dd9cfa2454bd9b2fa7275a8bbcf9cdfb63aec86dd00aa,False,True,
recovered_archive2/134,recovered_archive2,134,cap_image,recovered_archive2/134/CAPorg1.jpg,CAPorg1.jpg,584743,d359bb7a0dd476bc4560ef348d1dcb7001e05b1b9ec19ac2cc293a83eecb8b96,1024,768,47.307691,21.060837,False,d359bb7a0dd476bc4560ef348d1dcb7001e05b1b9ec19ac2cc293a83eecb8b96,False,True,train
recovered_archive2/134,recovered_archive2,134,cap_image,recovered_archive2/134/CAPorg2.jpg,CAPorg2.jpg,556698,59917478e6ec349a8a86ef68c7286f0b96ba89cd9cd6158ec788cd115c32c88b,1024,768,34.947254,19.23089,False,59917478e6ec349a8a86ef68c7286f0b96ba89cd9cd6158ec788cd115c32c88b,False,True,train
recovered_archive2/134,recovered_archive2,134,cap_image,recovered_archive2/134/CAPorg3.jpg,CAPorg3.jpg,595516,f99b9476fad83dab01845964fc4689e28b5345975276351cfdee343ffe186900,1024,768,52.903447,19.966952,False,f99b9476fad83dab01845964fc4689e28b5345975276351cfdee343ffe186900,False,True,train
recovered_archive2/134,recovered_archive2,134,cap_image,recovered_archive2/134/CAPorg4.jpg,CAPorg4.jpg,596476,9868bf387b776867f203906fc6f792741b5a3d2f1b99ce53957e73adf8b55ce6,1024,768,56.539227,21.20727,False,9868bf387b776867f203906fc6f792741b5a3d2f1b99ce53957e73adf8b55ce6,False,True,train
recovered_archive2/134,recovered_archive2,134,cap_image,recovered_archive2/134/CAPorg5.jpg,CAPorg5.jpg,626357,b365960f53851db4cbce3221126724ab95d5b59d788e95b198f075afb490457b,1024,768,97.247519,23.448085,False,b365960f53851db4cbce3221126724ab95d5b59d788e95b198f075afb490457b,False,True,train
recovered_archive2/134,recovered_archive2,134,cap_image,recovered_archive2/134/CAPorg6.jpg,CAPorg6.jpg,616129,1bda16bf5bfe4be9b3e22961d488c05a29ada7d685b01a0c770a7370cb8cb6bb,1024,768,76.948976,20.484144,False,1bda16bf5bfe4be9b3e22961d488c05a29ada7d685b01a0c770a7370cb8cb6bb,False,True,train
recovered_archive2/134,recovered_archive2,134,cap_image,recovered_archive2/134/CAPorg7.jpg,CAPorg7.jpg,625556,1894f84bcd1bfbcdd0a48cfcb62c4fcea2de2b8b42d0ae2c44b53747e29eb21d,1024,768,96.072098,26.55128,False,1894f84bcd1bfbcdd0a48cfcb62c4fcea2de2b8b42d0ae2c44b53747e29eb21d,False,True,train
recovered_archive2/134,recovered_archive2,134,report_image,recovered_archive2/134/rep.jpg.jpg,rep.jpg.jpg,70391,e181abe39ad823a9d27b76b9892ff11fb253471bca9e995700d3b2d57cb21048,,,,,False,e181abe39ad823a9d27b76b9892ff11fb253471bca9e995700d3b2d57cb21048,False,False,train
recovered_archive2/134,recovered_archive2,134,report_image,recovered_archive2/134/rep_1903260.jpg.jpg,rep_1903260.jpg.jpg,68797,61c9c64813d3980521f92abc4f3e1ad085813c04b6b341e894a16adc8a733e1b,,,,,False,61c9c64813d3980521f92abc4f3e1ad085813c04b6b341e894a16adc8a733e1b,False,False,train
recovered_archive2/134,recovered_archive2,134,report_image,recovered_archive2/134/rep_1903261.jpg.jpg,rep_1903261.jpg.jpg,68797,61c9c64813d3980521f92abc4f3e1ad085813c04b6b341e894a16adc8a733e1b,,,,,False,61c9c64813d3980521f92abc4f3e1ad085813c04b6b341e894a16adc8a733e1b,False,False,train
recovered_archive2/134,recovered_archive2,134,report_image,recovered_archive2/134/rep_1903262.jpg.jpg,rep_1903262.jpg.jpg,70391,e181abe39ad823a9d27b76b9892ff11fb253471bca9e995700d3b2d57cb21048,,,,,False,e181abe39ad823a9d27b76b9892ff11fb253471bca9e995700d3b2d57cb21048,False,False,train
recovered_archive2/134,recovered_archive2,134,report_image,recovered_archive2/134/rep_左手.jpg.jpg,rep_左手.jpg.jpg,70391,e181abe39ad823a9d27b76b9892ff11fb253471bca9e995700d3b2d57cb21048,,,,,False,e181abe39ad823a9d27b76b9892ff11fb253471bca9e995700d3b2d57cb21048,False,False,train
recovered_archive2/135,recovered_archive2,135,cap_image,recovered_archive2/135/CAPorg1.jpg,CAPorg1.jpg,576257,123385949e8d6c4c80290f39e434b40e4a99f877ae87ab48ca5bf320b2db335e,1024,768,38.792222,23.573664,False,123385949e8d6c4c80290f39e434b40e4a99f877ae87ab48ca5bf320b2db335e,False,True,val
recovered_archive2/135,recovered_archive2,135,cap_image,recovered_archive2/135/CAPorg2.jpg,CAPorg2.jpg,582159,e566ba4434bbbe5294994f967d8fa5ef10a143ab5d5097909b62039f622226a7,1024,768,43.080958,22.452777,False,e566ba4434bbbe5294994f967d8fa5ef10a143ab5d5097909b62039f622226a7,False,True,val
recovered_archive2/135,recovered_archive2,135,cap_image,recovered_archive2/135/CAPorg3.jpg,CAPorg3.jpg,549058,79c95437a0d4f6ae8a8ccdd3a6d6afbbb49f5dd783da18ba9512d2a6966e3259,1024,768,29.342063,16.533613,False,79c95437a0d4f6ae8a8ccdd3a6d6afbbb49f5dd783da18ba9512d2a6966e3259,False,True,val
recovered_archive2/135,recovered_archive2,135,cap_image,recovered_archive2/135/CAPorg4.jpg,CAPorg4.jpg,546493,a81289f2815191c74a4a3e1580bff653110888826d7de7a4a074ab778441d2ed,1024,768,26.236396,14.724497,False,a81289f2815191c74a4a3e1580bff653110888826d7de7a4a074ab778441d2ed,False,True,val
recovered_archive2/135,recovered_archive2,135,cap_image,recovered_archive2/135/CAPorg5.jpg,CAPorg5.jpg,555968,af9c79afaa89e7ab77c1b4fb71323f97c6c15bc74ce98157bde3f36507604263,1024,768,28.354631,13.346463,False,af9c79afaa89e7ab77c1b4fb71323f97c6c15bc74ce98157bde3f36507604263,False,True,val
recovered_archive2/135,recovered_archive2,135,cap_image,recovered_archive2/135/CAPorg6.jpg,CAPorg6.jpg,551201,d400345b39eae7472719e6a5c12ce4efd9b9b3db63934ca23fa1ff33ef7ce9f1,1024,768,26.226237,13.268432,False,d400345b39eae7472719e6a5c12ce4efd9b9b3db63934ca23fa1ff33ef7ce9f1,False,True,val
recovered_archive2/135,recovered_archive2,135,cap_image,recovered_archive2/135/CAPorg7.jpg,CAPorg7.jpg,551055,945e14f0d30904c98fb51dd0eaa2f35d0342b84ee8e0d605073324e3a216b09e,1024,768,24.733583,11.186599,False,945e14f0d30904c98fb51dd0eaa2f35d0342b84ee8e0d605073324e3a216b09e,False,True,val
recovered_archive2/135,recovered_archive2,135,cap_image,recovered_archive2/135/CAPorg8.jpg,CAPorg8.jpg,579852,3f771c9f50ba520e5f327623cdb5afa391231e6a5eff26e4bdcd0ae4e5233165,1024,768,37.7033,20.225705,False,3f771c9f50ba520e5f327623cdb5afa391231e6a5eff26e4bdcd0ae4e5233165,False,True,val
recovered_archive2/135,recovered_archive2,135,report_image,recovered_archive2/135/rep.jpg.jpg,rep.jpg.jpg,84207,ca2bdd5ea3a4df083c6f3a3ab2c0b776340a3afc5ecab25cad62087a61014e1c,,,,,False,ca2bdd5ea3a4df083c6f3a3ab2c0b776340a3afc5ecab25cad62087a61014e1c,False,False,val
recovered_archive2/135,recovered_archive2,135,report_image,recovered_archive2/135/rep_1901150.jpg.jpg,rep_1901150.jpg.jpg,84207,ca2bdd5ea3a4df083c6f3a3ab2c0b776340a3afc5ecab25cad62087a61014e1c,,,,,False,ca2bdd5ea3a4df083c6f3a3ab2c0b776340a3afc5ecab25cad62087a61014e1c,False,False,val
recovered_archive2/135,recovered_archive2,135,report_image,recovered_archive2/135/rep_1901151.jpg.jpg,rep_1901151.jpg.jpg,84207,ca2bdd5ea3a4df083c6f3a3ab2c0b776340a3afc5ecab25cad62087a61014e1c,,,,,False,ca2bdd5ea3a4df083c6f3a3ab2c0b776340a3afc5ecab25cad62087a61014e1c,False,False,val
recovered_archive2/135,recovered_archive2,135,report_image,recovered_archive2/135/rep_左手.jpg.jpg,rep_左手.jpg.jpg,84207,ca2bdd5ea3a4df083c6f3a3ab2c0b776340a3afc5ecab25cad62087a61014e1c,,,,,False,ca2bdd5ea3a4df083c6f3a3ab2c0b776340a3afc5ecab25cad62087a61014e1c,False,False,val
recovered_archive2/135,recovered_archive2,135,video,recovered_archive2/135/wmv0.avi,wmv0.avi,10087424,,,,,,False,,True,False,val
recovered_archive2/135,recovered_archive2,135,video,recovered_archive2/135/wmv1.avi,wmv1.avi,5513216,,,,,,False,,True,False,val
recovered_archive2/136,recovered_archive2,136,cap_image,recovered_archive2/136/CAPorg1.jpg,CAPorg1.jpg,472564,d88070f734ce628e6794725f7a2d4135c9da8af61f0ca1a1dd766704913db700,1024,768,205.217809,64.114088,False,d88070f734ce628e6794725f7a2d4135c9da8af61f0ca1a1dd766704913db700,False,True,train
recovered_archive2/136,recovered_archive2,136,cap_image,recovered_archive2/136/CAPorg10.jpg,CAPorg10.jpg,598275,ac8a69bb1903c1dccc1b665e41a940fc497eac97df11df13eab72251f227f093,1024,768,46.683469,29.225691,False,ac8a69bb1903c1dccc1b665e41a940fc497eac97df11df13eab72251f227f093,False,True,train
recovered_archive2/136,recovered_archive2,136,cap_image,recovered_archive2/136/CAPorg11.jpg,CAPorg11.jpg,592500,34068b3d9db93a2d7b3f6841f7518d7bbbec02aac426c964a1e79258d61d5ee9,1024,768,41.939162,22.293048,False,34068b3d9db93a2d7b3f6841f7518d7bbbec02aac426c964a1e79258d61d5ee9,False,True,train
recovered_archive2/136,recovered_archive2,136,cap_image,recovered_archive2/136/CAPorg12.jpg,CAPorg12.jpg,586154,1189cbfd43b80809fd419539d94e49b5750bdce3eb89c64d893d7942cd5904d7,1024,768,41.481215,19.879362,False,1189cbfd43b80809fd419539d94e49b5750bdce3eb89c64d893d7942cd5904d7,False,True,train
recovered_archive2/136,recovered_archive2,136,cap_image,recovered_archive2/136/CAPorg13.jpg,CAPorg13.jpg,576781,3dd49461694f72b03af50082514eb8acfe25acf483b2dc345ac5089fe7ad8364,1024,768,36.16804,18.34564,False,3dd49461694f72b03af50082514eb8acfe25acf483b2dc345ac5089fe7ad8364,False,True,train
recovered_archive2/136,recovered_archive2,136,cap_image,recovered_archive2/136/CAPorg14.jpg,CAPorg14.jpg,564788,d6a0dd4e94d2d2cd175013a13378a891b4f6c743468d326b1a89655645b3d449,1024,768,31.878351,17.884708,False,d6a0dd4e94d2d2cd175013a13378a891b4f6c743468d326b1a89655645b3d449,False,True,train
recovered_archive2/136,recovered_archive2,136,cap_image,recovered_archive2/136/CAPorg2.jpg,CAPorg2.jpg,625674,b48cce85ca2c08d709b6a47fb92a4857d761a8eb75568e7468aa1708e292770a,1024,768,89.601243,52.305356,False,b48cce85ca2c08d709b6a47fb92a4857d761a8eb75568e7468aa1708e292770a,False,True,train
recovered_archive2/136,recovered_archive2,136,cap_image,recovered_archive2/136/CAPorg3.jpg,CAPorg3.jpg,637220,810e32a1e9c8847e241c9704d05f6ca6c7a7a589fcaa969653d9420354edb768,1024,768,106.185953,48.745521,False,810e32a1e9c8847e241c9704d05f6ca6c7a7a589fcaa969653d9420354edb768,False,True,train
recovered_archive2/136,recovered_archive2,136,cap_image,recovered_archive2/136/CAPorg4.jpg,CAPorg4.jpg,635457,045aa6ed18f0be310cf11efe91fa7cfed153bd30a6481f803b1d8c9591cab545,1024,768,107.695295,64.75759,False,045aa6ed18f0be310cf11efe91fa7cfed153bd30a6481f803b1d8c9591cab545,False,True,train
recovered_archive2/136,recovered_archive2,136,cap_image,recovered_archive2/136/CAPorg5.jpg,CAPorg5.jpg,597307,96d97d3eb17c10a8dca61763b477f639ef3451850826143a7317970282bf273d,1024,768,56.945199,35.341519,False,96d97d3eb17c10a8dca61763b477f639ef3451850826143a7317970282bf273d,False,True,train
recovered_archive2/136,recovered_archive2,136,cap_image,recovered_archive2/136/CAPorg6.jpg,CAPorg6.jpg,626375,18d8860a31603d3802e9f48e50b2c75cc11c9dfc662f6ebd03731fda27f67982,1024,768,80.582413,36.089555,False,18d8860a31603d3802e9f48e50b2c75cc11c9dfc662f6ebd03731fda27f67982,False,True,train
recovered_archive2/136,recovered_archive2,136,cap_image,recovered_archive2/136/CAPorg7.jpg,CAPorg7.jpg,616305,20bf6a8a6c04dfb638af7c87c86d5c07be06e465c592f0f8e7700b64d10eeae1,1024,768,67.715898,36.524488,False,20bf6a8a6c04dfb638af7c87c86d5c07be06e465c592f0f8e7700b64d10eeae1,False,True,train
recovered_archive2/136,recovered_archive2,136,cap_image,recovered_archive2/136/CAPorg8.jpg,CAPorg8.jpg,632253,43eb7a976595de86a17b0d2167628ce37457c22340301388b5427646c82c4edc,1024,768,77.160057,37.459315,False,43eb7a976595de86a17b0d2167628ce37457c22340301388b5427646c82c4edc,False,True,train
recovered_archive2/136,recovered_archive2,136,cap_image,recovered_archive2/136/CAPorg9.jpg,CAPorg9.jpg,572585,ac7bd5341db2f92ceb6df5e80f5241e25fd33768447d0a465f250c7e161e54dd,1024,768,34.369322,27.322151,False,ac7bd5341db2f92ceb6df5e80f5241e25fd33768447d0a465f250c7e161e54dd,False,True,train
recovered_archive2/136,recovered_archive2,136,report_image,recovered_archive2/136/rep.jpg.jpg,rep.jpg.jpg,81648,4df633fa598aa22a5889fc18fdcbc912f9f80525294d8914a6bbae7c4f9006c8,,,,,False,4df633fa598aa22a5889fc18fdcbc912f9f80525294d8914a6bbae7c4f9006c8,False,False,train
recovered_archive2/136,recovered_archive2,136,report_image,recovered_archive2/136/rep_2012170.jpg.jpg,rep_2012170.jpg.jpg,81648,4df633fa598aa22a5889fc18fdcbc912f9f80525294d8914a6bbae7c4f9006c8,,,,,False,4df633fa598aa22a5889fc18fdcbc912f9f80525294d8914a6bbae7c4f9006c8,False,False,train
recovered_archive2/136,recovered_archive2,136,report_image,recovered_archive2/136/rep_2012171.jpg.jpg,rep_2012171.jpg.jpg,81648,4df633fa598aa22a5889fc18fdcbc912f9f80525294d8914a6bbae7c4f9006c8,,,,,False,4df633fa598aa22a5889fc18fdcbc912f9f80525294d8914a6bbae7c4f9006c8,False,False,train
recovered_archive2/136,recovered_archive2,136,report_image,recovered_archive2/136/rep_无名指.jpg.jpg,rep_无名指.jpg.jpg,81648,4df633fa598aa22a5889fc18fdcbc912f9f80525294d8914a6bbae7c4f9006c8,,,,,False,4df633fa598aa22a5889fc18fdcbc912f9f80525294d8914a6bbae7c4f9006c8,False,False,train
recovered_archive2/136,recovered_archive2,136,video,recovered_archive2/136/wmv0.avi,wmv0.avi,353900544,,,,,,False,,True,False,train
recovered_archive2/136,recovered_archive2,136,video,recovered_archive2/136/wmv1.avi,wmv1.avi,585113600,,,,,,False,,True,False,train
recovered_archive2/137,recovered_archive2,137,cap_image,recovered_archive2/137/CAPorg1.jpg,CAPorg1.jpg,565605,f6a26b5fa8adadf14e33758546a09392d7269a281604a42109d2fd20e2a9ff22,1024,768,64.092599,51.662161,False,f6a26b5fa8adadf14e33758546a09392d7269a281604a42109d2fd20e2a9ff22,False,True,train
recovered_archive2/137,recovered_archive2,137,cap_image,recovered_archive2/137/CAPorg2.jpg,CAPorg2.jpg,531747,420221a4710f824a4618605c5addb68b153652c55713e4cca828b6a257444797,1024,768,48.753208,43.443589,False,420221a4710f824a4618605c5addb68b153652c55713e4cca828b6a257444797,False,True,train
recovered_archive2/137,recovered_archive2,137,cap_image,recovered_archive2/137/CAPorg3.jpg,CAPorg3.jpg,537807,9a8203502644dc8da334f8a7eb8764c1f5678d9cdd49afc1bb3f68e264ba5df3,1024,768,100.530296,86.768905,False,9a8203502644dc8da334f8a7eb8764c1f5678d9cdd49afc1bb3f68e264ba5df3,False,True,train
recovered_archive2/137,recovered_archive2,137,cap_image,recovered_archive2/137/CAPorg4.jpg,CAPorg4.jpg,494011,ab281409b2ddcc33336764831fde74d1dbada6c633a3bacd2458cbf7b5a8157c,1024,768,58.190244,59.842518,False,ab281409b2ddcc33336764831fde74d1dbada6c633a3bacd2458cbf7b5a8157c,False,True,train
recovered_archive2/137,recovered_archive2,137,cap_image,recovered_archive2/137/CAPorg5.jpg,CAPorg5.jpg,408435,62ac69794120be0702453d33f06afb21412141d12d291474e62be6f00ceecc4f,1024,768,32.531896,38.81768,False,62ac69794120be0702453d33f06afb21412141d12d291474e62be6f00ceecc4f,False,True,train
recovered_archive2/137,recovered_archive2,137,report_image,recovered_archive2/137/rep.jpg.jpg,rep.jpg.jpg,67286,ee8858ec6b53dfd73c74ea268785bceaea03b9ae9575058399a68c799ba90e18,,,,,False,ee8858ec6b53dfd73c74ea268785bceaea03b9ae9575058399a68c799ba90e18,False,False,train
recovered_archive2/137,recovered_archive2,137,report_image,recovered_archive2/137/rep_1905140.jpg.jpg,rep_1905140.jpg.jpg,67286,ee8858ec6b53dfd73c74ea268785bceaea03b9ae9575058399a68c799ba90e18,,,,,False,ee8858ec6b53dfd73c74ea268785bceaea03b9ae9575058399a68c799ba90e18,False,False,train
recovered_archive2/137,recovered_archive2,137,report_image,recovered_archive2/137/rep_1905141.jpg.jpg,rep_1905141.jpg.jpg,67286,ee8858ec6b53dfd73c74ea268785bceaea03b9ae9575058399a68c799ba90e18,,,,,False,ee8858ec6b53dfd73c74ea268785bceaea03b9ae9575058399a68c799ba90e18,False,False,train
recovered_archive2/137,recovered_archive2,137,report_image,recovered_archive2/137/rep_左手.jpg.jpg,rep_左手.jpg.jpg,67286,ee8858ec6b53dfd73c74ea268785bceaea03b9ae9575058399a68c799ba90e18,,,,,False,ee8858ec6b53dfd73c74ea268785bceaea03b9ae9575058399a68c799ba90e18,False,False,train
recovered_archive2/138,recovered_archive2,138,cap_image,recovered_archive2/138/CAPorg1.jpg,CAPorg1.jpg,526595,0b8065e68009a376168d526901b35435505827fd2f193890b16c030b5ad09e28,1024,768,66.190174,29.909196,False,0b8065e68009a376168d526901b35435505827fd2f193890b16c030b5ad09e28,False,True,train
recovered_archive2/138,recovered_archive2,138,cap_image,recovered_archive2/138/CAPorg2.jpg,CAPorg2.jpg,512195,3d58f1becb0cf5b343ea7fdf95b8a0d6b85bc8cce2d1b11bd1548dde2681eddd,1024,768,57.139088,29.669209,False,3d58f1becb0cf5b343ea7fdf95b8a0d6b85bc8cce2d1b11bd1548dde2681eddd,False,True,train
recovered_archive2/138,recovered_archive2,138,cap_image,recovered_archive2/138/CAPorg3.jpg,CAPorg3.jpg,517946,12f50fc2da8f8d6248882cfc4d407f38ed0c661776256b87fff6c11280ecbb26,1024,768,63.203819,33.992463,False,12f50fc2da8f8d6248882cfc4d407f38ed0c661776256b87fff6c11280ecbb26,False,True,train
recovered_archive2/138,recovered_archive2,138,cap_image,recovered_archive2/138/CAPorg4.jpg,CAPorg4.jpg,535438,7db203ed1e34f47cbe239e992d80a079522fabfa04f759852d5562c6ae98868d,1024,768,81.306409,37.592059,False,7db203ed1e34f47cbe239e992d80a079522fabfa04f759852d5562c6ae98868d,False,True,train
recovered_archive2/138,recovered_archive2,138,cap_image,recovered_archive2/138/CAPorg5.jpg,CAPorg5.jpg,523137,0f2e4ae426fc80ddc4c65aa5b9d3029400a5d608ec402fb6e60392b3f8cb1e5b,1024,768,49.068054,21.107284,False,0f2e4ae426fc80ddc4c65aa5b9d3029400a5d608ec402fb6e60392b3f8cb1e5b,False,True,train
recovered_archive2/138,recovered_archive2,138,report_image,recovered_archive2/138/rep.jpg.jpg,rep.jpg.jpg,86067,1e6579833d1fcbca095e1fa3b99387eac7373e98123f81c6935b304abfbaf202,,,,,False,1e6579833d1fcbca095e1fa3b99387eac7373e98123f81c6935b304abfbaf202,False,False,train
recovered_archive2/138,recovered_archive2,138,report_image,recovered_archive2/138/rep_1902110.jpg.jpg,rep_1902110.jpg.jpg,87955,1e44a3b7c9fab632efc6c08bd4487502cba2daec2df3eb5302e340a4cc812a3e,,,,,False,1e44a3b7c9fab632efc6c08bd4487502cba2daec2df3eb5302e340a4cc812a3e,False,False,train
recovered_archive2/138,recovered_archive2,138,report_image,recovered_archive2/138/rep_1902111.jpg.jpg,rep_1902111.jpg.jpg,86080,2980b790ebaf86a23c7785aa3f042c04e99d56165fd508217b81370cf6bfde55,,,,,False,2980b790ebaf86a23c7785aa3f042c04e99d56165fd508217b81370cf6bfde55,False,False,train
recovered_archive2/138,recovered_archive2,138,report_image,recovered_archive2/138/rep_1902261.jpg.jpg,rep_1902261.jpg.jpg,86067,1e6579833d1fcbca095e1fa3b99387eac7373e98123f81c6935b304abfbaf202,,,,,False,1e6579833d1fcbca095e1fa3b99387eac7373e98123f81c6935b304abfbaf202,False,False,train
recovered_archive2/138,recovered_archive2,138,report_image,recovered_archive2/138/rep_左手.jpg.jpg,rep_左手.jpg.jpg,86067,1e6579833d1fcbca095e1fa3b99387eac7373e98123f81c6935b304abfbaf202,,,,,False,1e6579833d1fcbca095e1fa3b99387eac7373e98123f81c6935b304abfbaf202,False,False,train
recovered_archive2/138,recovered_archive2,138,video,recovered_archive2/138/wmv0.avi,wmv0.avi,10295808,,,,,,False,,True,False,train
recovered_archive2/138,recovered_archive2,138,video,recovered_archive2/138/wmv1.avi,wmv1.avi,10090496,,,,,,False,,True,False,train
recovered_archive2/139,recovered_archive2,139,cap_image,recovered_archive2/139/CAPorg1.jpg,CAPorg1.jpg,610323,506da2d502ec3296fb633aa28beab867220756c7d37e669089661d43ebae554b,1024,768,79.734149,45.281343,False,506da2d502ec3296fb633aa28beab867220756c7d37e669089661d43ebae554b,False,True,train
recovered_archive2/139,recovered_archive2,139,cap_image,recovered_archive2/139/CAPorg2.jpg,CAPorg2.jpg,574061,1123ca1fc53c46f5e576d95722b1cc04483691c09ee9a77ebd57bec1605d7de1,1024,768,41.376659,39.755977,False,1123ca1fc53c46f5e576d95722b1cc04483691c09ee9a77ebd57bec1605d7de1,False,True,train
recovered_archive2/139,recovered_archive2,139,cap_image,recovered_archive2/139/CAPorg3.jpg,CAPorg3.jpg,522768,efdddf51f594f11fb8a3b212db49eb22b255a10288a8b51ec8491924fbc767b4,1024,768,29.187518,43.650339,False,efdddf51f594f11fb8a3b212db49eb22b255a10288a8b51ec8491924fbc767b4,False,True,train
recovered_archive2/139,recovered_archive2,139,cap_image,recovered_archive2/139/CAPorg4.jpg,CAPorg4.jpg,529811,df6da4465e7370eba030e236dab21c2cc20ffe820ff11a52c811ec75fd1fb2c5,1024,768,30.047395,40.108211,False,df6da4465e7370eba030e236dab21c2cc20ffe820ff11a52c811ec75fd1fb2c5,False,True,train
recovered_archive2/139,recovered_archive2,139,cap_image,recovered_archive2/139/CAPorg5.jpg,CAPorg5.jpg,585229,20e77cbb145d17250025829c0295464eae6ea54e1c442e8da20731e55eafbf43,1024,768,41.093764,20.700187,False,20e77cbb145d17250025829c0295464eae6ea54e1c442e8da20731e55eafbf43,False,True,train
recovered_archive2/139,recovered_archive2,139,cap_image,recovered_archive2/139/CAPorg6.jpg,CAPorg6.jpg,379162,caa8f60422af916106582f46300e46d7a78d46ddf5eb5da6c7f4a0bd7e21d693,1024,768,8.611182,16.920986,False,caa8f60422af916106582f46300e46d7a78d46ddf5eb5da6c7f4a0bd7e21d693,False,True,train
recovered_archive2/139,recovered_archive2,139,cap_image,recovered_archive2/139/CAPorg7.jpg,CAPorg7.jpg,507147,02c7a952eb21e35f819ed3254e033fefd3057281410784ad309c66646d320fd5,1024,768,14.07564,11.10408,False,02c7a952eb21e35f819ed3254e033fefd3057281410784ad309c66646d320fd5,False,True,train
recovered_archive2/139,recovered_archive2,139,report_image,recovered_archive2/139/rep.jpg.jpg,rep.jpg.jpg,85091,beb2893026710662e9906853acace757cfe68cca6b578adc9e49e2b6427fd756,,,,,False,beb2893026710662e9906853acace757cfe68cca6b578adc9e49e2b6427fd756,False,False,train
recovered_archive2/139,recovered_archive2,139,report_image,recovered_archive2/139/rep_1903190.jpg.jpg,rep_1903190.jpg.jpg,85091,beb2893026710662e9906853acace757cfe68cca6b578adc9e49e2b6427fd756,,,,,False,beb2893026710662e9906853acace757cfe68cca6b578adc9e49e2b6427fd756,False,False,train
recovered_archive2/139,recovered_archive2,139,report_image,recovered_archive2/139/rep_1903191.jpg.jpg,rep_1903191.jpg.jpg,85091,beb2893026710662e9906853acace757cfe68cca6b578adc9e49e2b6427fd756,,,,,False,beb2893026710662e9906853acace757cfe68cca6b578adc9e49e2b6427fd756,False,False,train
recovered_archive2/139,recovered_archive2,139,report_image,recovered_archive2/139/rep_左手.jpg.jpg,rep_左手.jpg.jpg,85091,beb2893026710662e9906853acace757cfe68cca6b578adc9e49e2b6427fd756,,,,,False,beb2893026710662e9906853acace757cfe68cca6b578adc9e49e2b6427fd756,False,False,train
recovered_archive2/139,recovered_archive2,139,video,recovered_archive2/139/wmv0.avi,wmv0.avi,10180608,,,,,,False,,True,False,train
recovered_archive2/140,recovered_archive2,140,cap_image,recovered_archive2/140/CAPorg1.jpg,CAPorg1.jpg,523736,f58105344f404c35edfc2b8fdab6d6562736d26924fbbac213d54ba1f2f17c83,1024,768,134.58753,87.737113,False,f58105344f404c35edfc2b8fdab6d6562736d26924fbbac213d54ba1f2f17c83,False,True,test
recovered_archive2/140,recovered_archive2,140,cap_image,recovered_archive2/140/CAPorg10.jpg,CAPorg10.jpg,611395,686fe8ce935096238a7bce23129739b735a15467511131a1206c2d879433dfac,1024,768,102.241976,68.635395,False,686fe8ce935096238a7bce23129739b735a15467511131a1206c2d879433dfac,False,True,test
recovered_archive2/140,recovered_archive2,140,cap_image,recovered_archive2/140/CAPorg11.jpg,CAPorg11.jpg,611583,e722b765ca339351cea56edaa8a616a4b0fc1c8ee79687c5d0e846a482410866,1024,768,110.921284,71.229945,False,e722b765ca339351cea56edaa8a616a4b0fc1c8ee79687c5d0e846a482410866,False,True,test
recovered_archive2/140,recovered_archive2,140,cap_image,recovered_archive2/140/CAPorg12.jpg,CAPorg12.jpg,632439,803beab51b66d1286d0ea875d244dc2f26a8218a8c678895845152ec67eaa62f,1024,768,132.785013,63.014799,False,803beab51b66d1286d0ea875d244dc2f26a8218a8c678895845152ec67eaa62f,False,True,test
recovered_archive2/140,recovered_archive2,140,cap_image,recovered_archive2/140/CAPorg13.jpg,CAPorg13.jpg,630906,27c7dac03f20a68bc6b6778a864d64a1bdb530cdcd89543b6cb19208f1ef1e56,1024,768,127.753872,63.50366,False,27c7dac03f20a68bc6b6778a864d64a1bdb530cdcd89543b6cb19208f1ef1e56,False,True,test
recovered_archive2/140,recovered_archive2,140,cap_image,recovered_archive2/140/CAPorg14.jpg,CAPorg14.jpg,617518,c1ac3c0123822ac4ad5c22aff9f5dff4b320a1091366d4b29d586495c4a1086c,1024,768,127.512653,68.190739,False,c1ac3c0123822ac4ad5c22aff9f5dff4b320a1091366d4b29d586495c4a1086c,False,True,test
recovered_archive2/140,recovered_archive2,140,cap_image,recovered_archive2/140/CAPorg2.jpg,CAPorg2.jpg,523545,c57d3cfa54b52a4cb4a5c0bb698af5cbeeeb55f909337d6f45645538c7fba9bd,1024,768,133.719472,88.679079,False,c57d3cfa54b52a4cb4a5c0bb698af5cbeeeb55f909337d6f45645538c7fba9bd,False,True,test
recovered_archive2/140,recovered_archive2,140,cap_image,recovered_archive2/140/CAPorg3.jpg,CAPorg3.jpg,635373,f83dfe48c14ae2022ec94c0c0601ef647efe006a8c476e6e2a9b4cd2c5d2ca49,1024,768,122.571278,63.603695,False,f83dfe48c14ae2022ec94c0c0601ef647efe006a8c476e6e2a9b4cd2c5d2ca49,False,True,test
recovered_archive2/140,recovered_archive2,140,cap_image,recovered_archive2/140/CAPorg4.jpg,CAPorg4.jpg,635094,28ae816e98e9ab6ba908d2e07d593b059c672a5a518d97a8294ba5afa8a40171,1024,768,134.342365,62.280655,False,28ae816e98e9ab6ba908d2e07d593b059c672a5a518d97a8294ba5afa8a40171,False,True,test
recovered_archive2/140,recovered_archive2,140,cap_image,recovered_archive2/140/CAPorg5.jpg,CAPorg5.jpg,644377,5c1c8d0b8eb664ae4f4df59e8faaddaaa104473e97a738970ed52915c3b9377d,1024,768,142.977202,49.425267,False,5c1c8d0b8eb664ae4f4df59e8faaddaaa104473e97a738970ed52915c3b9377d,False,True,test
recovered_archive2/140,recovered_archive2,140,cap_image,recovered_archive2/140/CAPorg6.jpg,CAPorg6.jpg,632044,f936c08ed53680b3bb5eedcd32fcb16bd6bcb512df279c0133d82389bd6f43cb,1024,768,97.360158,46.712866,False,f936c08ed53680b3bb5eedcd32fcb16bd6bcb512df279c0133d82389bd6f43cb,False,True,test
recovered_archive2/140,recovered_archive2,140,cap_image,recovered_archive2/140/CAPorg7.jpg,CAPorg7.jpg,611571,0d8c73fa2228ad01e501f35a1d3994fa342a9884480b101c212bdcfb6bc4f99e,1024,768,89.891304,59.711267,False,0d8c73fa2228ad01e501f35a1d3994fa342a9884480b101c212bdcfb6bc4f99e,False,True,test
recovered_archive2/140,recovered_archive2,140,cap_image,recovered_archive2/140/CAPorg8.jpg,CAPorg8.jpg,585936,370f6ae3c3b87a0405f685e0c7503a361fd3002d73a17505476392f66ee48e4e,1024,768,72.859745,55.813223,False,370f6ae3c3b87a0405f685e0c7503a361fd3002d73a17505476392f66ee48e4e,False,True,test
recovered_archive2/140,recovered_archive2,140,cap_image,recovered_archive2/140/CAPorg9.jpg,CAPorg9.jpg,619650,362fd50f5b8aa311554955f2efbcc36fb96ef200719421f132aca7778d0e91d0,1024,768,94.083318,56.541788,False,362fd50f5b8aa311554955f2efbcc36fb96ef200719421f132aca7778d0e91d0,False,True,test
recovered_archive2/140,recovered_archive2,140,report_image,recovered_archive2/140/rep.jpg.jpg,rep.jpg.jpg,80462,53368a490cb3dc17d941c0eb6e19aee7c297ba303cda022df5a95ec2dc0043a0,,,,,False,53368a490cb3dc17d941c0eb6e19aee7c297ba303cda022df5a95ec2dc0043a0,False,False,test
recovered_archive2/140,recovered_archive2,140,report_image,recovered_archive2/140/rep_1907250.jpg.jpg,rep_1907250.jpg.jpg,80462,53368a490cb3dc17d941c0eb6e19aee7c297ba303cda022df5a95ec2dc0043a0,,,,,False,53368a490cb3dc17d941c0eb6e19aee7c297ba303cda022df5a95ec2dc0043a0,False,False,test
recovered_archive2/140,recovered_archive2,140,report_image,recovered_archive2/140/rep_1907251.jpg.jpg,rep_1907251.jpg.jpg,80462,53368a490cb3dc17d941c0eb6e19aee7c297ba303cda022df5a95ec2dc0043a0,,,,,False,53368a490cb3dc17d941c0eb6e19aee7c297ba303cda022df5a95ec2dc0043a0,False,False,test
recovered_archive2/140,recovered_archive2,140,report_image,recovered_archive2/140/rep_左手.jpg.jpg,rep_左手.jpg.jpg,80462,53368a490cb3dc17d941c0eb6e19aee7c297ba303cda022df5a95ec2dc0043a0,,,,,False,53368a490cb3dc17d941c0eb6e19aee7c297ba303cda022df5a95ec2dc0043a0,False,False,test
recovered_archive2/140,recovered_archive2,140,video,recovered_archive2/140/wmv0.avi,wmv0.avi,405805568,,,,,,False,,True,False,test
recovered_archive2/141,recovered_archive2,141,cap_image,recovered_archive2/141/CAPorg1.jpg,CAPorg1.jpg,605974,e65a92d4c6a3222048fd9bf19a078bce22df2942e60cf2ffc81c27bad9000317,1024,768,88.537024,55.103545,False,e65a92d4c6a3222048fd9bf19a078bce22df2942e60cf2ffc81c27bad9000317,False,True,train
recovered_archive2/141,recovered_archive2,141,cap_image,recovered_archive2/141/CAPorg10.jpg,CAPorg10.jpg,612958,4b1cb4919acfbf7d426cfa716e7a363a6c9bdd90f28a5b4fe639ff5134693200,1024,768,83.703803,45.81022,False,4b1cb4919acfbf7d426cfa716e7a363a6c9bdd90f28a5b4fe639ff5134693200,False,True,train
recovered_archive2/141,recovered_archive2,141,cap_image,recovered_archive2/141/CAPorg11.jpg,CAPorg11.jpg,604231,bdb9f6b3c3077a9d43dfc959ef62a602d66abeb05d7a9fcdcfad7b1e0840d5f7,1024,768,77.570357,51.404614,False,bdb9f6b3c3077a9d43dfc959ef62a602d66abeb05d7a9fcdcfad7b1e0840d5f7,False,True,train
recovered_archive2/141,recovered_archive2,141,cap_image,recovered_archive2/141/CAPorg12.jpg,CAPorg12.jpg,587686,e5fa22e7be57657e6007f96d733eecd51c42d2776e8d62c04f81d11f7bd5ecdc,1024,768,75.13203,55.474093,False,e5fa22e7be57657e6007f96d733eecd51c42d2776e8d62c04f81d11f7bd5ecdc,False,True,train
recovered_archive2/141,recovered_archive2,141,cap_image,recovered_archive2/141/CAPorg2.jpg,CAPorg2.jpg,611025,2c589850d0c036025ae492ed78eb85957a273b5d3967fa382f0c4c991836fc32,1024,768,81.694144,50.115857,False,2c589850d0c036025ae492ed78eb85957a273b5d3967fa382f0c4c991836fc32,False,True,train
recovered_archive2/141,recovered_archive2,141,cap_image,recovered_archive2/141/CAPorg3.jpg,CAPorg3.jpg,620760,ef25f287dd2a94e060e5b3dd5b3177d34c36827173f4909c0880b400f899520e,1024,768,84.259734,49.087455,False,ef25f287dd2a94e060e5b3dd5b3177d34c36827173f4909c0880b400f899520e,False,True,train
recovered_archive2/141,recovered_archive2,141,cap_image,recovered_archive2/141/CAPorg4.jpg,CAPorg4.jpg,616687,4446309aefa8d1bd2fe7ffdd4c607a462e290912614f05c1c8df035a00eaece7,1024,768,90.248433,44.350842,False,4446309aefa8d1bd2fe7ffdd4c607a462e290912614f05c1c8df035a00eaece7,False,True,train
recovered_archive2/141,recovered_archive2,141,cap_image,recovered_archive2/141/CAPorg5.jpg,CAPorg5.jpg,616742,38f0d912f09a40a2f448b3ee03afbc9846f03986460838cd54f9c86f4f47ad44,1024,768,86.516383,42.503643,False,38f0d912f09a40a2f448b3ee03afbc9846f03986460838cd54f9c86f4f47ad44,False,True,train
recovered_archive2/141,recovered_archive2,141,cap_image,recovered_archive2/141/CAPorg6.jpg,CAPorg6.jpg,607526,dbafc95bc03c94fc200cd592a4c9776a10f05f197708937d95dc8e8b5c03bc81,1024,768,82.828191,50.077521,False,dbafc95bc03c94fc200cd592a4c9776a10f05f197708937d95dc8e8b5c03bc81,False,True,train
recovered_archive2/141,recovered_archive2,141,cap_image,recovered_archive2/141/CAPorg7.jpg,CAPorg7.jpg,595614,cbc472a2b9c742d124adc0444ab9d85460f132c6071f148bed558a3a269dfdff,1024,768,75.020081,53.359325,False,cbc472a2b9c742d124adc0444ab9d85460f132c6071f148bed558a3a269dfdff,False,True,train
recovered_archive2/141,recovered_archive2,141,cap_image,recovered_archive2/141/CAPorg8.jpg,CAPorg8.jpg,610041,ec21b176c4f96f5a22680b7f6fe9d711ec64259283a63a52c8a4b949206b488d,1024,768,80.68358,42.381791,False,ec21b176c4f96f5a22680b7f6fe9d711ec64259283a63a52c8a4b949206b488d,False,True,train
recovered_archive2/141,recovered_archive2,141,cap_image,recovered_archive2/141/CAPorg9.jpg,CAPorg9.jpg,620111,da7b079e52026a441cb776adc9e9a30d25e22c9effaf578999eadb85642cb13c,1024,768,78.924308,40.728706,False,da7b079e52026a441cb776adc9e9a30d25e22c9effaf578999eadb85642cb13c,False,True,train
recovered_archive2/141,recovered_archive2,141,report_image,recovered_archive2/141/rep.jpg.jpg,rep.jpg.jpg,73177,2de8dbecb0b5dc25db1e4e4a15ff7c5ed33855a9322edf9550e7350e6f38cba9,,,,,False,2de8dbecb0b5dc25db1e4e4a15ff7c5ed33855a9322edf9550e7350e6f38cba9,False,False,train
recovered_archive2/141,recovered_archive2,141,report_image,recovered_archive2/141/rep_1908060.jpg.jpg,rep_1908060.jpg.jpg,58826,b72916025acd291d068fdd79cdd989d354f02b08571b4f0036c40e488074a435,,,,,False,b72916025acd291d068fdd79cdd989d354f02b08571b4f0036c40e488074a435,False,False,train
recovered_archive2/141,recovered_archive2,141,report_image,recovered_archive2/141/rep_1908061.jpg.jpg,rep_1908061.jpg.jpg,73177,2de8dbecb0b5dc25db1e4e4a15ff7c5ed33855a9322edf9550e7350e6f38cba9,,,,,False,2de8dbecb0b5dc25db1e4e4a15ff7c5ed33855a9322edf9550e7350e6f38cba9,False,False,train
recovered_archive2/141,recovered_archive2,141,report_image,recovered_archive2/141/rep_1908062.jpg.jpg,rep_1908062.jpg.jpg,73177,2de8dbecb0b5dc25db1e4e4a15ff7c5ed33855a9322edf9550e7350e6f38cba9,,,,,False,2de8dbecb0b5dc25db1e4e4a15ff7c5ed33855a9322edf9550e7350e6f38cba9,False,False,train
recovered_archive2/141,recovered_archive2,141,report_image,recovered_archive2/141/rep_左手.jpg.jpg,rep_左手.jpg.jpg,73177,2de8dbecb0b5dc25db1e4e4a15ff7c5ed33855a9322edf9550e7350e6f38cba9,,,,,False,2de8dbecb0b5dc25db1e4e4a15ff7c5ed33855a9322edf9550e7350e6f38cba9,False,False,train
recovered_archive2/141,recovered_archive2,141,video,recovered_archive2/141/wmv0.avi,wmv0.avi,349181440,,,,,,False,,True,False,train
recovered_archive2/141,recovered_archive2,141,video,recovered_archive2/141/wmv1.avi,wmv1.avi,434117120,,,,,,False,,True,False,train
recovered_archive2/142,recovered_archive2,142,cap_image,recovered_archive2/142/CAPorg1.jpg,CAPorg1.jpg,582534,d2b8e35f02d751e06bec2f6af9fdf9b318cf7fecf75eac7d4fabd9b46dfc6a9b,1024,768,54.247612,39.141883,False,d2b8e35f02d751e06bec2f6af9fdf9b318cf7fecf75eac7d4fabd9b46dfc6a9b,False,True,test
recovered_archive2/142,recovered_archive2,142,cap_image,recovered_archive2/142/CAPorg10.jpg,CAPorg10.jpg,615094,cfb06505f3caf06bb5a9c049448f84dc151da1d61cdee1758a045e65e181dbd2,1024,768,72.909819,31.997853,False,cfb06505f3caf06bb5a9c049448f84dc151da1d61cdee1758a045e65e181dbd2,False,True,test
recovered_archive2/142,recovered_archive2,142,cap_image,recovered_archive2/142/CAPorg11.jpg,CAPorg11.jpg,616444,60ff93a26cc80762c8f4aa96f0ad8fe7b29cae3523accd5fa56284dc7734baff,1024,768,72.54502,31.015303,False,60ff93a26cc80762c8f4aa96f0ad8fe7b29cae3523accd5fa56284dc7734baff,False,True,test
recovered_archive2/142,recovered_archive2,142,cap_image,recovered_archive2/142/CAPorg12.jpg,CAPorg12.jpg,621204,1926303dbdd7e032097113725b36b986226a21d3b1a81da72badf4352f9fcc38,1024,768,78.204141,32.39334,False,1926303dbdd7e032097113725b36b986226a21d3b1a81da72badf4352f9fcc38,False,True,test
recovered_archive2/142,recovered_archive2,142,cap_image,recovered_archive2/142/CAPorg2.jpg,CAPorg2.jpg,633000,4538432b1bd2e077d2a056af4858948432b566bba62b79d673d60fec545c8831,1024,768,90.448287,54.664812,False,4538432b1bd2e077d2a056af4858948432b566bba62b79d673d60fec545c8831,False,True,test
recovered_archive2/142,recovered_archive2,142,cap_image,recovered_archive2/142/CAPorg3.jpg,CAPorg3.jpg,660598,2eb9a652e5258ff128bfcbc0f0c6506f0a247107e40ee3874bb52f2026b48258,1024,768,151.179147,44.974891,False,2eb9a652e5258ff128bfcbc0f0c6506f0a247107e40ee3874bb52f2026b48258,False,True,test
recovered_archive2/142,recovered_archive2,142,cap_image,recovered_archive2/142/CAPorg4.jpg,CAPorg4.jpg,399256,08c82af5b94484187e22ad801dd619682a4864673fc008174532daf5c38c6394,1024,768,226.371902,42.196078,False,08c82af5b94484187e22ad801dd619682a4864673fc008174532daf5c38c6394,False,True,test
recovered_archive2/142,recovered_archive2,142,cap_image,recovered_archive2/142/CAPorg5.jpg,CAPorg5.jpg,610000,eeac759c378509d37158a3f0ae12929b3443d5a0e0d1f8f62edaddf15dba1bd0,1024,768,58.296031,25.948375,False,eeac759c378509d37158a3f0ae12929b3443d5a0e0d1f8f62edaddf15dba1bd0,False,True,test
recovered_archive2/142,recovered_archive2,142,cap_image,recovered_archive2/142/CAPorg6.jpg,CAPorg6.jpg,608555,d7a2e818847463dba82c29674b65a736fb56016632b0639980c48373126103cc,1024,768,64.13873,28.19146,False,d7a2e818847463dba82c29674b65a736fb56016632b0639980c48373126103cc,False,True,test
recovered_archive2/142,recovered_archive2,142,cap_image,recovered_archive2/142/CAPorg7.jpg,CAPorg7.jpg,609663,acc9893370575dba27d71b4c1a02d6fbb923f046f723e7ee3cc1d71436e98660,1024,768,60.546865,26.42244,False,acc9893370575dba27d71b4c1a02d6fbb923f046f723e7ee3cc1d71436e98660,False,True,test
recovered_archive2/142,recovered_archive2,142,cap_image,recovered_archive2/142/CAPorg8.jpg,CAPorg8.jpg,609019,08617f2e76c53fd7f8f831aa720bf36b5daaaeb053d5780276bd6b5863544946,1024,768,64.876555,27.028628,False,08617f2e76c53fd7f8f831aa720bf36b5daaaeb053d5780276bd6b5863544946,False,True,test
recovered_archive2/142,recovered_archive2,142,cap_image,recovered_archive2/142/CAPorg9.jpg,CAPorg9.jpg,614640,d7663d1e54832b474d89055561b052e60aff4868691d1047ab8f7552512d37d3,1024,768,71.81375,30.703641,False,d7663d1e54832b474d89055561b052e60aff4868691d1047ab8f7552512d37d3,False,True,test
recovered_archive2/142,recovered_archive2,142,report_image,recovered_archive2/142/rep.jpg.jpg,rep.jpg.jpg,87342,55c8665278a2cb94cf260026cec25768ad2c22599dcd49a06866eee16318d7aa,,,,,False,55c8665278a2cb94cf260026cec25768ad2c22599dcd49a06866eee16318d7aa,False,False,test
recovered_archive2/142,recovered_archive2,142,report_image,recovered_archive2/142/rep_1912030.jpg.jpg,rep_1912030.jpg.jpg,86424,3c02e449891e3adfe5009251e210bb7f9187bf54de7f550b6cfc466750c713a6,,,,,False,3c02e449891e3adfe5009251e210bb7f9187bf54de7f550b6cfc466750c713a6,False,False,test
recovered_archive2/142,recovered_archive2,142,report_image,recovered_archive2/142/rep_1912031.jpg.jpg,rep_1912031.jpg.jpg,87342,55c8665278a2cb94cf260026cec25768ad2c22599dcd49a06866eee16318d7aa,,,,,False,55c8665278a2cb94cf260026cec25768ad2c22599dcd49a06866eee16318d7aa,False,False,test
recovered_archive2/142,recovered_archive2,142,report_image,recovered_archive2/142/rep_左手.jpg.jpg,rep_左手.jpg.jpg,87342,55c8665278a2cb94cf260026cec25768ad2c22599dcd49a06866eee16318d7aa,,,,,False,55c8665278a2cb94cf260026cec25768ad2c22599dcd49a06866eee16318d7aa,False,False,test
recovered_archive2/142,recovered_archive2,142,video,recovered_archive2/142/wmv0.avi,wmv0.avi,417602048,,,,,,False,,True,False,test
recovered_archive2/142,recovered_archive2,142,video,recovered_archive2/142/wmv1.avi,wmv1.avi,403446272,,,,,,False,,True,False,test
recovered_archive2/143,recovered_archive2,143,cap_image,recovered_archive2/143/CAPorg1.jpg,CAPorg1.jpg,611396,69f6cfa00e232ccfced846dae502d504206ba28b5ad1abb3cc9bd078e23b0b2b,1024,768,190.31539,48.852238,False,69f6cfa00e232ccfced846dae502d504206ba28b5ad1abb3cc9bd078e23b0b2b,False,True,train
recovered_archive2/143,recovered_archive2,143,cap_image,recovered_archive2/143/CAPorg2.jpg,CAPorg2.jpg,620046,2be769f0303b39cf65443158d6878e4b1852a3ee5b5662f86b0749fd26fe597f,1024,768,75.113515,28.069492,False,2be769f0303b39cf65443158d6878e4b1852a3ee5b5662f86b0749fd26fe597f,False,True,train
recovered_archive2/143,recovered_archive2,143,cap_image,recovered_archive2/143/CAPorg3.jpg,CAPorg3.jpg,630407,0c2927be0721139ca3092ebd851316a184f9682a03aa0b0486cbe458dea344b1,1024,768,91.865314,27.195467,False,0c2927be0721139ca3092ebd851316a184f9682a03aa0b0486cbe458dea344b1,False,True,train
recovered_archive2/143,recovered_archive2,143,cap_image,recovered_archive2/143/CAPorg4.jpg,CAPorg4.jpg,641842,5de39f443396f1eb5a7f50f072ab52e1991e656dbfdd1e90ced57dab4df72e8b,1024,768,106.85257,36.241037,False,5de39f443396f1eb5a7f50f072ab52e1991e656dbfdd1e90ced57dab4df72e8b,False,True,train
recovered_archive2/143,recovered_archive2,143,cap_image,recovered_archive2/143/CAPorg5.jpg,CAPorg5.jpg,633025,d28c915e296d708b1e2e25f00316cb13830d64b79a0081b901b1fb659d57fbc7,1024,768,105.716471,37.796908,False,d28c915e296d708b1e2e25f00316cb13830d64b79a0081b901b1fb659d57fbc7,False,True,train
recovered_archive2/143,recovered_archive2,143,cap_image,recovered_archive2/143/CAPorg6.jpg,CAPorg6.jpg,629528,f494f7b6f1e4f6028ad416396b23b6d290033a970c3df1e720da29834c95d802,1024,768,98.135583,43.961246,False,f494f7b6f1e4f6028ad416396b23b6d290033a970c3df1e720da29834c95d802,False,True,train
recovered_archive2/143,recovered_archive2,143,cap_image,recovered_archive2/143/CAPorg7.jpg,CAPorg7.jpg,629606,f4c78b263b0b42a861e564a93fbf8fa1c21f3b778cb9ee0a409e7f83856706de,1024,768,93.937775,35.136475,False,f4c78b263b0b42a861e564a93fbf8fa1c21f3b778cb9ee0a409e7f83856706de,False,True,train
recovered_archive2/143,recovered_archive2,143,report_image,recovered_archive2/143/rep.jpg.jpg,rep.jpg.jpg,74085,14cfc1d5f66cdc40a808314841032973697bbdd4782c39fb600d2e17d6d514cf,,,,,False,14cfc1d5f66cdc40a808314841032973697bbdd4782c39fb600d2e17d6d514cf,False,False,train
recovered_archive2/143,recovered_archive2,143,report_image,recovered_archive2/143/rep_1902140.jpg.jpg,rep_1902140.jpg.jpg,74085,14cfc1d5f66cdc40a808314841032973697bbdd4782c39fb600d2e17d6d514cf,,,,,False,14cfc1d5f66cdc40a808314841032973697bbdd4782c39fb600d2e17d6d514cf,False,False,train
recovered_archive2/143,recovered_archive2,143,report_image,recovered_archive2/143/rep_1902141.jpg.jpg,rep_1902141.jpg.jpg,74085,14cfc1d5f66cdc40a808314841032973697bbdd4782c39fb600d2e17d6d514cf,,,,,False,14cfc1d5f66cdc40a808314841032973697bbdd4782c39fb600d2e17d6d514cf,False,False,train
recovered_archive2/143,recovered_archive2,143,report_image,recovered_archive2/143/rep_左手.jpg.jpg,rep_左手.jpg.jpg,74085,14cfc1d5f66cdc40a808314841032973697bbdd4782c39fb600d2e17d6d514cf,,,,,False,14cfc1d5f66cdc40a808314841032973697bbdd4782c39fb600d2e17d6d514cf,False,False,train
recovered_archive2/144,recovered_archive2,144,cap_image,recovered_archive2/144/CAPorg1.jpg,CAPorg1.jpg,582336,e1d4e61a97daae12c890808fdfbed79aa2fe54953e5dfe457749a4498b007602,1024,768,159.144862,73.816782,False,e1d4e61a97daae12c890808fdfbed79aa2fe54953e5dfe457749a4498b007602,False,True,train
recovered_archive2/144,recovered_archive2,144,cap_image,recovered_archive2/144/CAPorg2.jpg,CAPorg2.jpg,638556,36d505885573f414394b6ee07fd4be6182e9a4c537c7b1bcfe2e49f650743870,1024,768,121.116703,46.507645,False,36d505885573f414394b6ee07fd4be6182e9a4c537c7b1bcfe2e49f650743870,False,True,train
recovered_archive2/144,recovered_archive2,144,cap_image,recovered_archive2/144/CAPorg3.jpg,CAPorg3.jpg,638586,e1b177dca7200e982018e192a93d2f0e62fe64fbc1ce74de92dc6289a2a7869b,1024,768,121.609676,48.999937,False,e1b177dca7200e982018e192a93d2f0e62fe64fbc1ce74de92dc6289a2a7869b,False,True,train
recovered_archive2/144,recovered_archive2,144,cap_image,recovered_archive2/144/CAPorg4.jpg,CAPorg4.jpg,633589,4dbeacf4d201b83e998134dfde3909661acdabeec6a85c8c47e0a8f9de9f5e3e,1024,768,106.629859,51.124493,False,4dbeacf4d201b83e998134dfde3909661acdabeec6a85c8c47e0a8f9de9f5e3e,False,True,train
recovered_archive2/144,recovered_archive2,144,cap_image,recovered_archive2/144/CAPorg5.jpg,CAPorg5.jpg,633283,ac3181c40f918bd966c5522cc05bcf2647b0e4012fc6354f210d3b9c4c0ebad6,1024,768,113.42218,49.763397,False,ac3181c40f918bd966c5522cc05bcf2647b0e4012fc6354f210d3b9c4c0ebad6,False,True,train
recovered_archive2/144,recovered_archive2,144,cap_image,recovered_archive2/144/CAPorg6.jpg,CAPorg6.jpg,630255,75be9a2892d8ea7bbbbe292b0673bb68cba74345b0eb875eab1706f44ad2f5fe,1024,768,107.101254,45.094746,False,75be9a2892d8ea7bbbbe292b0673bb68cba74345b0eb875eab1706f44ad2f5fe,False,True,train
recovered_archive2/144,recovered_archive2,144,report_image,recovered_archive2/144/rep.jpg.jpg,rep.jpg.jpg,81697,c011c2f67b13f369d5cc6e5c4bb38a2672c5a3be624785038de8d70b3d78d461,,,,,False,c011c2f67b13f369d5cc6e5c4bb38a2672c5a3be624785038de8d70b3d78d461,False,False,train
recovered_archive2/144,recovered_archive2,144,report_image,recovered_archive2/144/rep_1812270.jpg.jpg,rep_1812270.jpg.jpg,67793,6d679d26e99e5d2fcfb94a7dc4138e4e7471639ad070873ad6a6fa3ff3594f8d,,,,,False,6d679d26e99e5d2fcfb94a7dc4138e4e7471639ad070873ad6a6fa3ff3594f8d,False,False,train
recovered_archive2/144,recovered_archive2,144,report_image,recovered_archive2/144/rep_1812271.jpg.jpg,rep_1812271.jpg.jpg,81697,c011c2f67b13f369d5cc6e5c4bb38a2672c5a3be624785038de8d70b3d78d461,,,,,False,c011c2f67b13f369d5cc6e5c4bb38a2672c5a3be624785038de8d70b3d78d461,False,False,train
recovered_archive2/144,recovered_archive2,144,report_image,recovered_archive2/144/rep_左手.jpg.jpg,rep_左手.jpg.jpg,81697,c011c2f67b13f369d5cc6e5c4bb38a2672c5a3be624785038de8d70b3d78d461,,,,,False,c011c2f67b13f369d5cc6e5c4bb38a2672c5a3be624785038de8d70b3d78d461,False,False,train
recovered_archive2/145,recovered_archive2,145,cap_image,recovered_archive2/145/CAPorg1.jpg,CAPorg1.jpg,644915,42b887614e446f0f32f36a98d30fb8625cc5289453364cbdc57a677390338225,1024,768,193.95941,41.65357,False,42b887614e446f0f32f36a98d30fb8625cc5289453364cbdc57a677390338225,False,True,train
recovered_archive2/145,recovered_archive2,145,cap_image,recovered_archive2/145/CAPorg2.jpg,CAPorg2.jpg,667735,2bcb7ef1ceb1a84f04fa889ab09c4e7f0a52683d74d13284eacaa58e16fc59d3,1024,768,197.975561,32.847051,False,2bcb7ef1ceb1a84f04fa889ab09c4e7f0a52683d74d13284eacaa58e16fc59d3,False,True,train
recovered_archive2/145,recovered_archive2,145,cap_image,recovered_archive2/145/CAPorg3.jpg,CAPorg3.jpg,433391,11d47637ed0df887f50b98dfa881e4d65eabc1d9683bb5e4aef594546e2dc851,1024,768,215.590226,45.189656,False,11d47637ed0df887f50b98dfa881e4d65eabc1d9683bb5e4aef594546e2dc851,False,True,train
recovered_archive2/145,recovered_archive2,145,cap_image,recovered_archive2/145/CAPorg4.jpg,CAPorg4.jpg,650935,24e78e97a8b32e9cd5dca58cc7bcc34ed1abd4abd08eb3c6d06043487196f14b,1024,768,169.786825,42.213854,False,24e78e97a8b32e9cd5dca58cc7bcc34ed1abd4abd08eb3c6d06043487196f14b,False,True,train
recovered_archive2/145,recovered_archive2,145,cap_image,recovered_archive2/145/CAPorg5.jpg,CAPorg5.jpg,627524,15d4b28c124724a73a798bea53234fea0b0f930a20b2f767b20eedeb3a7e3f65,1024,768,95.246563,42.995744,False,15d4b28c124724a73a798bea53234fea0b0f930a20b2f767b20eedeb3a7e3f65,False,True,train
recovered_archive2/145,recovered_archive2,145,cap_image,recovered_archive2/145/CAPorg6.jpg,CAPorg6.jpg,637599,12fa8ee81f7d0de4d65ed2b3516c4ea9fcad572eb8081a19df3d1218949441bf,1024,768,112.137777,37.099917,False,12fa8ee81f7d0de4d65ed2b3516c4ea9fcad572eb8081a19df3d1218949441bf,False,True,train
recovered_archive2/145,recovered_archive2,145,cap_image,recovered_archive2/145/CAPorg7.jpg,CAPorg7.jpg,649364,f684f16fe73bd92f1900d5f3a4e94df494999db00afa6070c39d78b82f9f069d,1024,768,141.170648,40.422622,False,f684f16fe73bd92f1900d5f3a4e94df494999db00afa6070c39d78b82f9f069d,False,True,train
recovered_archive2/145,recovered_archive2,145,cap_image,recovered_archive2/145/CAPorg8.jpg,CAPorg8.jpg,647970,261c7245c9610f8f43b44bde9b4f15e08133d9578b3d20861587952e70df9d61,1024,768,131.920614,39.158325,False,261c7245c9610f8f43b44bde9b4f15e08133d9578b3d20861587952e70df9d61,False,True,train
recovered_archive2/145,recovered_archive2,145,cap_image,recovered_archive2/145/CAPorg9.jpg,CAPorg9.jpg,647267,5fee7d6af4d9634dd19c7f69092b28e501001b5544dad9eb8751205512215788,1024,768,142.961072,34.075527,False,5fee7d6af4d9634dd19c7f69092b28e501001b5544dad9eb8751205512215788,False,True,train
recovered_archive2/145,recovered_archive2,145,report_image,recovered_archive2/145/rep.jpg.jpg,rep.jpg.jpg,75573,6c2455a9aad904409c4d42c9a0b7b67ef66287f252f74695be947138c97bb0e4,,,,,False,6c2455a9aad904409c4d42c9a0b7b67ef66287f252f74695be947138c97bb0e4,False,False,train
recovered_archive2/145,recovered_archive2,145,report_image,recovered_archive2/145/rep_1902120.jpg.jpg,rep_1902120.jpg.jpg,75573,6c2455a9aad904409c4d42c9a0b7b67ef66287f252f74695be947138c97bb0e4,,,,,False,6c2455a9aad904409c4d42c9a0b7b67ef66287f252f74695be947138c97bb0e4,False,False,train
recovered_archive2/145,recovered_archive2,145,report_image,recovered_archive2/145/rep_1902121.jpg.jpg,rep_1902121.jpg.jpg,75573,6c2455a9aad904409c4d42c9a0b7b67ef66287f252f74695be947138c97bb0e4,,,,,False,6c2455a9aad904409c4d42c9a0b7b67ef66287f252f74695be947138c97bb0e4,False,False,train
recovered_archive2/145,recovered_archive2,145,report_image,recovered_archive2/145/rep_右手.jpg.jpg,rep_右手.jpg.jpg,75573,6c2455a9aad904409c4d42c9a0b7b67ef66287f252f74695be947138c97bb0e4,,,,,False,6c2455a9aad904409c4d42c9a0b7b67ef66287f252f74695be947138c97bb0e4,False,False,train
recovered_archive2/146,recovered_archive2,146,cap_image,recovered_archive2/146/CAPorg1.jpg,CAPorg1.jpg,529508,f1d050522acc2a7250994f72bd878a578e7cc8da502fc2abc60e469e0aff2a85,1024,768,167.345479,74.106654,False,f1d050522acc2a7250994f72bd878a578e7cc8da502fc2abc60e469e0aff2a85,False,True,train
recovered_archive2/146,recovered_archive2,146,cap_image,recovered_archive2/146/CAPorg2.jpg,CAPorg2.jpg,620046,a3ddc10ccd95924b1deb9e8de1404520c7e0642ec11e9666f3ba2b4381cfff62,1024,768,106.335157,66.076203,False,a3ddc10ccd95924b1deb9e8de1404520c7e0642ec11e9666f3ba2b4381cfff62,False,True,train
recovered_archive2/146,recovered_archive2,146,cap_image,recovered_archive2/146/CAPorg3.jpg,CAPorg3.jpg,577045,fbc268bb4111354b8d94298e71fe604d1cb1acb5f4619428b10f1b70ac22fdc4,1024,768,52.336157,41.216943,False,fbc268bb4111354b8d94298e71fe604d1cb1acb5f4619428b10f1b70ac22fdc4,False,True,train
recovered_archive2/146,recovered_archive2,146,cap_image,recovered_archive2/146/CAPorg4.jpg,CAPorg4.jpg,496133,a380fd651d2aed415a2a84d5b9b8fe82ccb8abb21b0481aa10553f98fd0c0ebc,1024,768,22.465501,25.815835,False,a380fd651d2aed415a2a84d5b9b8fe82ccb8abb21b0481aa10553f98fd0c0ebc,False,True,train
recovered_archive2/146,recovered_archive2,146,cap_image,recovered_archive2/146/CAPorg5.jpg,CAPorg5.jpg,551656,4f7b8bd1b426f2a4c8e2632d4dcbb78fd521a80a3928bfa902e271a4b078cb50,1024,768,43.674534,40.358916,False,4f7b8bd1b426f2a4c8e2632d4dcbb78fd521a80a3928bfa902e271a4b078cb50,False,True,train
recovered_archive2/146,recovered_archive2,146,cap_image,recovered_archive2/146/CAPorg6.jpg,CAPorg6.jpg,598136,46496a3cb0d8fad787f4533c4d8dd6563915476d830e0f4e71c1bf20bc09583d,1024,768,76.266187,52.998997,False,46496a3cb0d8fad787f4533c4d8dd6563915476d830e0f4e71c1bf20bc09583d,False,True,train
recovered_archive2/146,recovered_archive2,146,cap_image,recovered_archive2/146/CAPorg7.jpg,CAPorg7.jpg,612981,7940da8be99d5353855f72568a65cf3ef2f493de8943680e3c839bcd9a66b306,1024,768,78.178994,40.84441,False,7940da8be99d5353855f72568a65cf3ef2f493de8943680e3c839bcd9a66b306,False,True,train
recovered_archive2/146,recovered_archive2,146,cap_image,recovered_archive2/146/CAPorg8.jpg,CAPorg8.jpg,613209,1b8133283ffa696555ee8a56bf6c825428f3522af0de2a3c1495d4848af02841,1024,768,95.567073,51.005702,False,1b8133283ffa696555ee8a56bf6c825428f3522af0de2a3c1495d4848af02841,False,True,train
recovered_archive2/146,recovered_archive2,146,cap_image,recovered_archive2/146/CAPorg9.jpg,CAPorg9.jpg,605437,30a2f17fd7ab614c002525a3b207f144e60ba825b941a1a811d9bc8ea4af9e09,1024,768,107.004901,52.345612,False,30a2f17fd7ab614c002525a3b207f144e60ba825b941a1a811d9bc8ea4af9e09,False,True,train
recovered_archive2/146,recovered_archive2,146,report_image,recovered_archive2/146/rep.jpg.jpg,rep.jpg.jpg,77837,944c1a6572b0706504a57d965e6ac11f80cb04682084c9d444660655a3f26992,,,,,False,944c1a6572b0706504a57d965e6ac11f80cb04682084c9d444660655a3f26992,False,False,train
recovered_archive2/146,recovered_archive2,146,report_image,recovered_archive2/146/rep_1908200.jpg.jpg,rep_1908200.jpg.jpg,77837,944c1a6572b0706504a57d965e6ac11f80cb04682084c9d444660655a3f26992,,,,,False,944c1a6572b0706504a57d965e6ac11f80cb04682084c9d444660655a3f26992,False,False,train
recovered_archive2/146,recovered_archive2,146,report_image,recovered_archive2/146/rep_1908201.jpg.jpg,rep_1908201.jpg.jpg,77837,944c1a6572b0706504a57d965e6ac11f80cb04682084c9d444660655a3f26992,,,,,False,944c1a6572b0706504a57d965e6ac11f80cb04682084c9d444660655a3f26992,False,False,train
recovered_archive2/146,recovered_archive2,146,report_image,recovered_archive2/146/rep_左手.jpg.jpg,rep_左手.jpg.jpg,77837,944c1a6572b0706504a57d965e6ac11f80cb04682084c9d444660655a3f26992,,,,,False,944c1a6572b0706504a57d965e6ac11f80cb04682084c9d444660655a3f26992,False,False,train
recovered_archive2/146,recovered_archive2,146,video,recovered_archive2/146/wmv0.avi,wmv0.avi,436476416,,,,,,False,,True,False,train
recovered_archive2/146,recovered_archive2,146,video,recovered_archive2/146/wmv1.avi,wmv1.avi,410524160,,,,,,False,,True,False,train
recovered_archive2/147,recovered_archive2,147,cap_image,recovered_archive2/147/CAPorg1.jpg,CAPorg1.jpg,555189,9d3b1b9db6e1691384b5ee753c0904243b6b7fc77a38519b67aefa339dafb14d,1024,768,26.716228,13.259882,False,9d3b1b9db6e1691384b5ee753c0904243b6b7fc77a38519b67aefa339dafb14d,False,True,val
recovered_archive2/147,recovered_archive2,147,cap_image,recovered_archive2/147/CAPorg2.jpg,CAPorg2.jpg,561487,08193e515297156a04b26c116dc0ef5bc7f0c5d5f14ba9376570a0ea80ae677f,1024,768,27.41065,12.067134,False,08193e515297156a04b26c116dc0ef5bc7f0c5d5f14ba9376570a0ea80ae677f,False,True,val
recovered_archive2/147,recovered_archive2,147,cap_image,recovered_archive2/147/CAPorg3.jpg,CAPorg3.jpg,588803,a565120c11d6e0b846ed142c2a97b0cb28b3f2aad05e2165b219e920463fd76a,1024,768,39.344601,14.138985,False,a565120c11d6e0b846ed142c2a97b0cb28b3f2aad05e2165b219e920463fd76a,False,True,val
recovered_archive2/147,recovered_archive2,147,cap_image,recovered_archive2/147/CAPorg4.jpg,CAPorg4.jpg,600112,09a85c779e094c99dacf7d606a40d52261ea42cd77974b9f99234f5197e760b1,1024,768,49.693815,16.02254,False,09a85c779e094c99dacf7d606a40d52261ea42cd77974b9f99234f5197e760b1,False,True,val
recovered_archive2/147,recovered_archive2,147,cap_image,recovered_archive2/147/CAPorg5.jpg,CAPorg5.jpg,554012,053101fd0e8b420c39ef1efc4fe4878cdb761d563e55c70193eff627c87f2009,1024,768,29.252613,17.478091,False,053101fd0e8b420c39ef1efc4fe4878cdb761d563e55c70193eff627c87f2009,False,True,val
recovered_archive2/147,recovered_archive2,147,cap_image,recovered_archive2/147/CAPorg6.jpg,CAPorg6.jpg,570469,f577d251334acb4e4d8f3ef5eb342d2c3a0ea9bdf59bd68a187d20f448946110,1024,768,41.802928,23.832459,False,f577d251334acb4e4d8f3ef5eb342d2c3a0ea9bdf59bd68a187d20f448946110,False,True,val
recovered_archive2/147,recovered_archive2,147,cap_image,recovered_archive2/147/CAPorg7.jpg,CAPorg7.jpg,559798,cf9d33796069b039d399adf2db776bbb6cfb01f9b6ba119e36847f6dde78360e,1024,768,31.655373,19.151042,False,cf9d33796069b039d399adf2db776bbb6cfb01f9b6ba119e36847f6dde78360e,False,True,val
recovered_archive2/147,recovered_archive2,147,report_image,recovered_archive2/147/rep.jpg.jpg,rep.jpg.jpg,82563,05ec69b26a37d580835e4327222fad7d078f3137774f7ce3003c5c7dfe6098ae,,,,,False,05ec69b26a37d580835e4327222fad7d078f3137774f7ce3003c5c7dfe6098ae,False,False,val
recovered_archive2/147,recovered_archive2,147,report_image,recovered_archive2/147/rep_1903050.jpg.jpg,rep_1903050.jpg.jpg,82563,05ec69b26a37d580835e4327222fad7d078f3137774f7ce3003c5c7dfe6098ae,,,,,False,05ec69b26a37d580835e4327222fad7d078f3137774f7ce3003c5c7dfe6098ae,False,False,val
recovered_archive2/147,recovered_archive2,147,report_image,recovered_archive2/147/rep_1903051.jpg.jpg,rep_1903051.jpg.jpg,82563,05ec69b26a37d580835e4327222fad7d078f3137774f7ce3003c5c7dfe6098ae,,,,,False,05ec69b26a37d580835e4327222fad7d078f3137774f7ce3003c5c7dfe6098ae,False,False,val
recovered_archive2/147,recovered_archive2,147,report_image,recovered_archive2/147/rep_左手.jpg.jpg,rep_左手.jpg.jpg,82563,05ec69b26a37d580835e4327222fad7d078f3137774f7ce3003c5c7dfe6098ae,,,,,False,05ec69b26a37d580835e4327222fad7d078f3137774f7ce3003c5c7dfe6098ae,False,False,val
recovered_archive2/147,recovered_archive2,147,video,recovered_archive2/147/wmv0.avi,wmv0.avi,10287616,,,,,,False,,True,False,val
recovered_archive2/148,recovered_archive2,148,cap_image,recovered_archive2/148/CAPorg1.jpg,CAPorg1.jpg,451560,2e8cc01718244402ea2515709e1c329f4af9982e275904633b0971808d8851ef,1024,768,216.670039,47.746219,False,2e8cc01718244402ea2515709e1c329f4af9982e275904633b0971808d8851ef,False,True,train
recovered_archive2/148,recovered_archive2,148,cap_image,recovered_archive2/148/CAPorg10.jpg,CAPorg10.jpg,635150,cba6013fadfbd605c3c78cf0a32975b6d419b28b308e41f1d7181749cdf9da4c,1024,768,118.664405,42.80112,False,cba6013fadfbd605c3c78cf0a32975b6d419b28b308e41f1d7181749cdf9da4c,False,True,train
recovered_archive2/148,recovered_archive2,148,cap_image,recovered_archive2/148/CAPorg11.jpg,CAPorg11.jpg,638894,9b79890eef8e0880ff6602ed422731249e7b1dc797c18c88343c7038ab46f9ec,1024,768,121.823306,38.854223,False,9b79890eef8e0880ff6602ed422731249e7b1dc797c18c88343c7038ab46f9ec,False,True,train
recovered_archive2/148,recovered_archive2,148,cap_image,recovered_archive2/148/CAPorg12.jpg,CAPorg12.jpg,637823,e1adedf1406265cc817a0433a3f15e060419947e9923237ba37b4dc45bc3d0e8,1024,768,117.048322,37.629776,False,e1adedf1406265cc817a0433a3f15e060419947e9923237ba37b4dc45bc3d0e8,False,True,train
recovered_archive2/148,recovered_archive2,148,cap_image,recovered_archive2/148/CAPorg2.jpg,CAPorg2.jpg,478150,f6a5500b9e6b47d6a74c87c6ef8695b81cffeba8c1a2953db312a45abd28cd88,1024,768,215.922668,52.014677,False,f6a5500b9e6b47d6a74c87c6ef8695b81cffeba8c1a2953db312a45abd28cd88,False,True,train
recovered_archive2/148,recovered_archive2,148,cap_image,recovered_archive2/148/CAPorg3.jpg,CAPorg3.jpg,661740,43ba3caed82357623d22e0cd04a7dd1ba44cfdd4fbf02c3aaddbe790924eb1a5,1024,768,192.125333,43.425172,False,43ba3caed82357623d22e0cd04a7dd1ba44cfdd4fbf02c3aaddbe790924eb1a5,False,True,train
recovered_archive2/148,recovered_archive2,148,cap_image,recovered_archive2/148/CAPorg4.jpg,CAPorg4.jpg,632667,6410b60955700d53128b67b95ef862e53354805f280b93d0a665088e146f4d0d,1024,768,116.0182,41.783317,False,6410b60955700d53128b67b95ef862e53354805f280b93d0a665088e146f4d0d,False,True,train
recovered_archive2/148,recovered_archive2,148,cap_image,recovered_archive2/148/CAPorg5.jpg,CAPorg5.jpg,634766,294bf698176b2c37caf4c95be141615c00a44214bedd3733cb9d020e31c4f242,1024,768,118.93021,38.304581,False,294bf698176b2c37caf4c95be141615c00a44214bedd3733cb9d020e31c4f242,False,True,train
recovered_archive2/148,recovered_archive2,148,cap_image,recovered_archive2/148/CAPorg6.jpg,CAPorg6.jpg,639529,17b65c466a4574775a0c0e57a179aa20042eb333c8c44fe0442969b046f2bb3d,1024,768,116.554078,38.283127,False,17b65c466a4574775a0c0e57a179aa20042eb333c8c44fe0442969b046f2bb3d,False,True,train
recovered_archive2/148,recovered_archive2,148,cap_image,recovered_archive2/148/CAPorg7.jpg,CAPorg7.jpg,639396,50017b3600f4a83d976dfaac73fb77cbf7a78fd16eaa93b8e0bbc58ba2e1870d,1024,768,116.442027,36.663171,False,50017b3600f4a83d976dfaac73fb77cbf7a78fd16eaa93b8e0bbc58ba2e1870d,False,True,train
recovered_archive2/148,recovered_archive2,148,cap_image,recovered_archive2/148/CAPorg8.jpg,CAPorg8.jpg,633730,f01920829dfa9e542453d3a2863669efbe4c6f1197fcc30e98e3341971edf455,1024,768,120.910872,40.170257,False,f01920829dfa9e542453d3a2863669efbe4c6f1197fcc30e98e3341971edf455,False,True,train
recovered_archive2/148,recovered_archive2,148,cap_image,recovered_archive2/148/CAPorg9.jpg,CAPorg9.jpg,637739,82ed7ccfbf531fd577ce31941ccf2ded8d02f42b3b5753d1bb087406c2708857,1024,768,118.614329,41.698427,False,82ed7ccfbf531fd577ce31941ccf2ded8d02f42b3b5753d1bb087406c2708857,False,True,train
recovered_archive2/148,recovered_archive2,148,report_image,recovered_archive2/148/rep.jpg.jpg,rep.jpg.jpg,76246,40939faf8a3a961305dafe32255824f7990995f0aa815f59b22071a068f19249,,,,,False,40939faf8a3a961305dafe32255824f7990995f0aa815f59b22071a068f19249,False,False,train
recovered_archive2/148,recovered_archive2,148,report_image,recovered_archive2/148/rep_1910220.jpg.jpg,rep_1910220.jpg.jpg,76246,40939faf8a3a961305dafe32255824f7990995f0aa815f59b22071a068f19249,,,,,False,40939faf8a3a961305dafe32255824f7990995f0aa815f59b22071a068f19249,False,False,train
recovered_archive2/148,recovered_archive2,148,report_image,recovered_archive2/148/rep_1910221.jpg.jpg,rep_1910221.jpg.jpg,76246,40939faf8a3a961305dafe32255824f7990995f0aa815f59b22071a068f19249,,,,,False,40939faf8a3a961305dafe32255824f7990995f0aa815f59b22071a068f19249,False,False,train
recovered_archive2/148,recovered_archive2,148,report_image,recovered_archive2/148/rep_左手.jpg.jpg,rep_左手.jpg.jpg,76246,40939faf8a3a961305dafe32255824f7990995f0aa815f59b22071a068f19249,,,,,False,40939faf8a3a961305dafe32255824f7990995f0aa815f59b22071a068f19249,False,False,train
recovered_archive2/148,recovered_archive2,148,video,recovered_archive2/148/wmv0.avi,wmv0.avi,417602048,,,,,,False,,True,False,train
recovered_archive2/148,recovered_archive2,148,video,recovered_archive2/148/wmv1.avi,wmv1.avi,431757824,,,,,,False,,True,False,train
recovered_archive2/148,recovered_archive2,148,video,recovered_archive2/148/wmv2.avi,wmv2.avi,351540736,,,,,,False,,True,False,train
recovered_archive2/148,recovered_archive2,148,video,recovered_archive2/148/wmv3.avi,wmv3.avi,379852800,,,,,,False,,True,False,train
recovered_archive2/148,recovered_archive2,148,video,recovered_archive2/148/wmv4.avi,wmv4.avi,389289984,,,,,,False,,True,False,train
recovered_archive2/149,recovered_archive2,149,cap_image,recovered_archive2/149/CAPorg1.jpg,CAPorg1.jpg,606869,5a10bb013946ab28d10257737288367f88a3b8b102ec6ec84a16ba0f7121b904,1024,768,81.021554,50.434025,False,5a10bb013946ab28d10257737288367f88a3b8b102ec6ec84a16ba0f7121b904,False,True,val
recovered_archive2/149,recovered_archive2,149,cap_image,recovered_archive2/149/CAPorg2.jpg,CAPorg2.jpg,563787,a49bfc638b21b157e919428a15fea150783bd08c6284f5db4bdfeedecc962e52,1024,768,144.553548,74.145293,False,a49bfc638b21b157e919428a15fea150783bd08c6284f5db4bdfeedecc962e52,False,True,val
recovered_archive2/149,recovered_archive2,149,cap_image,recovered_archive2/149/CAPorg3.jpg,CAPorg3.jpg,525992,2a13b6a394282939bdcda5e6555d9adfb81354cfe7626b801ccdbaffc571e3fb,1024,768,32.293217,26.229284,False,2a13b6a394282939bdcda5e6555d9adfb81354cfe7626b801ccdbaffc571e3fb,False,True,val
recovered_archive2/149,recovered_archive2,149,cap_image,recovered_archive2/149/CAPorg4.jpg,CAPorg4.jpg,561214,d8978bc9af6a528c911e72f893d179e5986fa28f4a1575b859ee3a8bb14fcf48,1024,768,52.411021,38.363162,False,d8978bc9af6a528c911e72f893d179e5986fa28f4a1575b859ee3a8bb14fcf48,False,True,val
recovered_archive2/149,recovered_archive2,149,cap_image,recovered_archive2/149/CAPorg5.jpg,CAPorg5.jpg,551599,ae8d5e6321715e070b87ec66355b19ea7f2ccb31e93b039ede3e0c05c3217f38,1024,768,47.337502,36.047872,False,ae8d5e6321715e070b87ec66355b19ea7f2ccb31e93b039ede3e0c05c3217f38,False,True,val
recovered_archive2/149,recovered_archive2,149,cap_image,recovered_archive2/149/CAPorg6.jpg,CAPorg6.jpg,565726,2f3f5ce80b85633b8072f72bdfd17d2f9f8885b507a5aa65020aa00075fafaad,1024,768,55.775322,39.426713,False,2f3f5ce80b85633b8072f72bdfd17d2f9f8885b507a5aa65020aa00075fafaad,False,True,val
recovered_archive2/149,recovered_archive2,149,cap_image,recovered_archive2/149/CAPorg7.jpg,CAPorg7.jpg,565750,27db88f4c24248ea8a27344494488133bf1d1aa3436d7ca84b79110dcd18af84,1024,768,56.324126,39.535661,False,27db88f4c24248ea8a27344494488133bf1d1aa3436d7ca84b79110dcd18af84,False,True,val
recovered_archive2/149,recovered_archive2,149,cap_image,recovered_archive2/149/CAPorg8.jpg,CAPorg8.jpg,574975,a21716f3464978fe2e10235395d6f4140ba461e9464b1cf50c9bd67c61300152,1024,768,60.912743,39.834164,False,a21716f3464978fe2e10235395d6f4140ba461e9464b1cf50c9bd67c61300152,False,True,val
recovered_archive2/149,recovered_archive2,149,cap_image,recovered_archive2/149/CAPorg9.jpg,CAPorg9.jpg,519086,2b8e3d42a293111be42daad269a56cb17f851922734f256e240f37f477cfb85e,1024,768,30.495644,24.377182,False,2b8e3d42a293111be42daad269a56cb17f851922734f256e240f37f477cfb85e,False,True,val
recovered_archive2/149,recovered_archive2,149,report_image,recovered_archive2/149/rep.jpg.jpg,rep.jpg.jpg,84553,d14ad6dc854e8a1fab1da7f06851753bc87af4e6d58942cba3c696ecf98ecae9,,,,,False,d14ad6dc854e8a1fab1da7f06851753bc87af4e6d58942cba3c696ecf98ecae9,False,False,val
recovered_archive2/149,recovered_archive2,149,report_image,recovered_archive2/149/rep_1907180.jpg.jpg,rep_1907180.jpg.jpg,83947,e4c582b35df492cdc02e23354f0cb017e92414406c7c9d51f75f183b4a81d824,,,,,False,e4c582b35df492cdc02e23354f0cb017e92414406c7c9d51f75f183b4a81d824,False,False,val
recovered_archive2/149,recovered_archive2,149,report_image,recovered_archive2/149/rep_1907181.jpg.jpg,rep_1907181.jpg.jpg,84553,d14ad6dc854e8a1fab1da7f06851753bc87af4e6d58942cba3c696ecf98ecae9,,,,,False,d14ad6dc854e8a1fab1da7f06851753bc87af4e6d58942cba3c696ecf98ecae9,False,False,val
recovered_archive2/149,recovered_archive2,149,report_image,recovered_archive2/149/rep_左手.jpg.jpg,rep_左手.jpg.jpg,84553,d14ad6dc854e8a1fab1da7f06851753bc87af4e6d58942cba3c696ecf98ecae9,,,,,False,d14ad6dc854e8a1fab1da7f06851753bc87af4e6d58942cba3c696ecf98ecae9,False,False,val
recovered_archive2/149,recovered_archive2,149,video,recovered_archive2/149/wmv0.avi,wmv0.avi,379852800,,,,,,False,,True,False,val
recovered_archive2/150,recovered_archive2,150,cap_image,recovered_archive2/150/CAPorg1.jpg,CAPorg1.jpg,637344,d543775b9a70c1f0288ee5f60d35b28c9fc457669ade588c7b557c638114fc4f,1024,768,84.85866,31.160703,False,d543775b9a70c1f0288ee5f60d35b28c9fc457669ade588c7b557c638114fc4f,False,True,train
recovered_archive2/150,recovered_archive2,150,cap_image,recovered_archive2/150/CAPorg10.jpg,CAPorg10.jpg,522601,099b5876b30a6f31a09194efda02f891b2dbf04d42dbda068a3da1cb9fdb1384,1024,768,26.948924,23.536649,False,099b5876b30a6f31a09194efda02f891b2dbf04d42dbda068a3da1cb9fdb1384,False,True,train
recovered_archive2/150,recovered_archive2,150,cap_image,recovered_archive2/150/CAPorg2.jpg,CAPorg2.jpg,586397,945b3647a3887220a4b9483e8603dbb9e5c520811918d219bb0ff6b17b926c8f,1024,768,73.128721,45.663772,False,945b3647a3887220a4b9483e8603dbb9e5c520811918d219bb0ff6b17b926c8f,False,True,train
recovered_archive2/150,recovered_archive2,150,cap_image,recovered_archive2/150/CAPorg3.jpg,CAPorg3.jpg,608612,e91ff44bc83f4c6bda2bb6beed2fcaaa43b7f3176b63b715efcfcb76bf630a73,1024,768,95.160819,55.897964,False,e91ff44bc83f4c6bda2bb6beed2fcaaa43b7f3176b63b715efcfcb76bf630a73,False,True,train
recovered_archive2/150,recovered_archive2,150,cap_image,recovered_archive2/150/CAPorg4.jpg,CAPorg4.jpg,534671,26122ae8eca6f39a243fec4be4647dfc555e72fbb55e150b0ceba3ad49a6f671,1024,768,30.650225,23.329848,False,26122ae8eca6f39a243fec4be4647dfc555e72fbb55e150b0ceba3ad49a6f671,False,True,train
recovered_archive2/150,recovered_archive2,150,cap_image,recovered_archive2/150/CAPorg5.jpg,CAPorg5.jpg,459180,1ee0665e8b2b358a7fda2f7370225cfe1bbdc392448d8d0ab6bf6e64ead2d740,1024,768,15.611128,15.736914,False,1ee0665e8b2b358a7fda2f7370225cfe1bbdc392448d8d0ab6bf6e64ead2d740,False,True,train
recovered_archive2/150,recovered_archive2,150,cap_image,recovered_archive2/150/CAPorg6.jpg,CAPorg6.jpg,496729,89a4ee0875d573f42565b49b7376753ba63a3eb747ad99a055e3d98039058e18,1024,768,20.285961,18.027762,False,89a4ee0875d573f42565b49b7376753ba63a3eb747ad99a055e3d98039058e18,False,True,train
recovered_archive2/150,recovered_archive2,150,cap_image,recovered_archive2/150/CAPorg7.jpg,CAPorg7.jpg,469843,7b254368a632ddafaa21fdc62a1e9eb075dce1b7b2c9efa3f69a3ec4ab0bbdec,1024,768,16.731218,16.205726,False,7b254368a632ddafaa21fdc62a1e9eb075dce1b7b2c9efa3f69a3ec4ab0bbdec,False,True,train
recovered_archive2/150,recovered_archive2,150,cap_image,recovered_archive2/150/CAPorg8.jpg,CAPorg8.jpg,558808,ca02f4b04b45d54423ca20863089290b94f585cadc53cf4361ffb72c58988936,1024,768,29.0493,19.366939,False,ca02f4b04b45d54423ca20863089290b94f585cadc53cf4361ffb72c58988936,False,True,train
recovered_archive2/150,recovered_archive2,150,cap_image,recovered_archive2/150/CAPorg9.jpg,CAPorg9.jpg,575357,175adb6b8949b102aecaa8198f9ce63d17f7f6f0f24c4e854916515f0d3a8225,1024,768,36.81938,27.385188,False,175adb6b8949b102aecaa8198f9ce63d17f7f6f0f24c4e854916515f0d3a8225,False,True,train
recovered_archive2/150,recovered_archive2,150,report_image,recovered_archive2/150/rep.jpg.jpg,rep.jpg.jpg,76213,158889dfdb8fee05f2b63cccddd7d588851c67e00a8ceab099bceef1ec4a6ebf,,,,,False,158889dfdb8fee05f2b63cccddd7d588851c67e00a8ceab099bceef1ec4a6ebf,False,False,train
recovered_archive2/150,recovered_archive2,150,report_image,recovered_archive2/150/rep_1.jpg.jpg,rep_1.jpg.jpg,76213,158889dfdb8fee05f2b63cccddd7d588851c67e00a8ceab099bceef1ec4a6ebf,,,,,False,158889dfdb8fee05f2b63cccddd7d588851c67e00a8ceab099bceef1ec4a6ebf,False,False,train
recovered_archive2/150,recovered_archive2,150,report_image,recovered_archive2/150/rep_1901240.jpg.jpg,rep_1901240.jpg.jpg,76213,158889dfdb8fee05f2b63cccddd7d588851c67e00a8ceab099bceef1ec4a6ebf,,,,,False,158889dfdb8fee05f2b63cccddd7d588851c67e00a8ceab099bceef1ec4a6ebf,False,False,train
recovered_archive2/150,recovered_archive2,150,report_image,recovered_archive2/150/rep_1901241.jpg.jpg,rep_1901241.jpg.jpg,76213,158889dfdb8fee05f2b63cccddd7d588851c67e00a8ceab099bceef1ec4a6ebf,,,,,False,158889dfdb8fee05f2b63cccddd7d588851c67e00a8ceab099bceef1ec4a6ebf,False,False,train
recovered_archive2/150,recovered_archive2,150,video,recovered_archive2/150/wmv0.avi,wmv0.avi,10042880,,,,,,False,,True,False,train
recovered_archive2/151,recovered_archive2,151,cap_image,recovered_archive2/151/CAPorg1.jpg,CAPorg1.jpg,641289,b3533f812a8d9a87dff2c2b0be0d2a0f2c02208b8b935674a9c28424b63d6645,1024,768,141.564531,33.705522,False,b3533f812a8d9a87dff2c2b0be0d2a0f2c02208b8b935674a9c28424b63d6645,False,True,train
recovered_archive2/151,recovered_archive2,151,cap_image,recovered_archive2/151/CAPorg2.jpg,CAPorg2.jpg,651589,b2efc5435a870db65099d9021459b6e8f861b43d392f8c6f7d873d6efe80b319,1024,768,150.160875,33.734396,False,b2efc5435a870db65099d9021459b6e8f861b43d392f8c6f7d873d6efe80b319,False,True,train
recovered_archive2/151,recovered_archive2,151,cap_image,recovered_archive2/151/CAPorg3.jpg,CAPorg3.jpg,615872,759343b4664d88deb1a2406e166fc41cf417798516306eb277d6809cc51db333,1024,768,63.559316,21.765257,False,759343b4664d88deb1a2406e166fc41cf417798516306eb277d6809cc51db333,False,True,train
recovered_archive2/151,recovered_archive2,151,cap_image,recovered_archive2/151/CAPorg4.jpg,CAPorg4.jpg,606393,9319aa2a84e5f80ad1980c6faecff19e2a22baf1fa58082f497117272827bbc5,1024,768,57.229862,20.171512,False,9319aa2a84e5f80ad1980c6faecff19e2a22baf1fa58082f497117272827bbc5,False,True,train
recovered_archive2/151,recovered_archive2,151,cap_image,recovered_archive2/151/CAPorg5.jpg,CAPorg5.jpg,611516,06c4d2c096a796ccaca2a99be15f7cd9beb8c5a66d5018feaec5f35c14c419b2,1024,768,91.101552,40.243804,False,06c4d2c096a796ccaca2a99be15f7cd9beb8c5a66d5018feaec5f35c14c419b2,False,True,train
recovered_archive2/151,recovered_archive2,151,cap_image,recovered_archive2/151/CAPorg6.jpg,CAPorg6.jpg,556025,b7a3de18b5579da76f866b9938dbef9675c34750eaa111861f480d9575310fec,1024,768,110.089545,62.505947,False,b7a3de18b5579da76f866b9938dbef9675c34750eaa111861f480d9575310fec,False,True,train
recovered_archive2/151,recovered_archive2,151,cap_image,recovered_archive2/151/CAPorg7.jpg,CAPorg7.jpg,537260,3001c5642b1c0e556e5b9b7da7741ab9c9d355dd630eac5ef97bccde274e857f,1024,768,128.69895,67.257861,False,3001c5642b1c0e556e5b9b7da7741ab9c9d355dd630eac5ef97bccde274e857f,False,True,train
recovered_archive2/151,recovered_archive2,151,cap_image,recovered_archive2/151/CAPorg8.jpg,CAPorg8.jpg,501341,6abccc48df395acf86a19572103056963d9985934c83d2f4835ccf2485000e71,1024,768,139.761677,73.495335,False,6abccc48df395acf86a19572103056963d9985934c83d2f4835ccf2485000e71,False,True,train
recovered_archive2/151,recovered_archive2,151,cap_image,recovered_archive2/151/CAPorg9.jpg,CAPorg9.jpg,604152,39ba1f259e8d705fdeea0562a5c1f7180c202af13e5714dd4892432e2142abb4,1024,768,52.350908,18.217239,False,39ba1f259e8d705fdeea0562a5c1f7180c202af13e5714dd4892432e2142abb4,False,True,train
recovered_archive2/151,recovered_archive2,151,report_image,recovered_archive2/151/rep.jpg.jpg,rep.jpg.jpg,70310,a5377f5475f66c05db968e7588ed8d8cc8dcafa491d0f2ff0a6ca40103b70395,,,,,False,a5377f5475f66c05db968e7588ed8d8cc8dcafa491d0f2ff0a6ca40103b70395,False,False,train
recovered_archive2/151,recovered_archive2,151,report_image,recovered_archive2/151/rep_1903210.jpg.jpg,rep_1903210.jpg.jpg,69584,10defa4e9ac1e47e8e5ee7bb88db611ab518d047b35766fb58e6dd05468d5296,,,,,False,10defa4e9ac1e47e8e5ee7bb88db611ab518d047b35766fb58e6dd05468d5296,False,False,train
recovered_archive2/151,recovered_archive2,151,report_image,recovered_archive2/151/rep_1903211.jpg.jpg,rep_1903211.jpg.jpg,70310,a5377f5475f66c05db968e7588ed8d8cc8dcafa491d0f2ff0a6ca40103b70395,,,,,False,a5377f5475f66c05db968e7588ed8d8cc8dcafa491d0f2ff0a6ca40103b70395,False,False,train
recovered_archive2/151,recovered_archive2,151,report_image,recovered_archive2/151/rep_左手.jpg.jpg,rep_左手.jpg.jpg,70310,a5377f5475f66c05db968e7588ed8d8cc8dcafa491d0f2ff0a6ca40103b70395,,,,,False,a5377f5475f66c05db968e7588ed8d8cc8dcafa491d0f2ff0a6ca40103b70395,False,False,train
recovered_archive2/152,recovered_archive2,152,cap_image,recovered_archive2/152/CAPorg1.jpg,CAPorg1.jpg,630538,0d57d72e9edeef5a15722687c57afcddb2912a0016609bc8cadb0ba17d30e1d7,1024,768,116.859277,68.658394,False,0d57d72e9edeef5a15722687c57afcddb2912a0016609bc8cadb0ba17d30e1d7,False,True,train
recovered_archive2/152,recovered_archive2,152,cap_image,recovered_archive2/152/CAPorg10.jpg,CAPorg10.jpg,487777,0d25c52b3ccd0b3f0079317d545e3e7a9c2925e358a851765c424ccea1ad6012,1024,768,185.80438,76.428009,False,0d25c52b3ccd0b3f0079317d545e3e7a9c2925e358a851765c424ccea1ad6012,False,True,train
recovered_archive2/152,recovered_archive2,152,cap_image,recovered_archive2/152/CAPorg11.jpg,CAPorg11.jpg,623258,f5cf4b99d0f86030139be3bc959ab3d7539120977392088a01820b1958d687f3,1024,768,106.177666,53.923984,False,f5cf4b99d0f86030139be3bc959ab3d7539120977392088a01820b1958d687f3,False,True,train
recovered_archive2/152,recovered_archive2,152,cap_image,recovered_archive2/152/CAPorg12.jpg,CAPorg12.jpg,627324,bc66e4b41e69996d30c7ae1e10bc70fb57e3b7524dc091d544317053a1df46e6,1024,768,106.323035,51.335879,False,bc66e4b41e69996d30c7ae1e10bc70fb57e3b7524dc091d544317053a1df46e6,False,True,train
recovered_archive2/152,recovered_archive2,152,cap_image,recovered_archive2/152/CAPorg13.jpg,CAPorg13.jpg,622188,380d327fcccb16aac5fc47955693bf5d71a0188ef25a18199e6967c31ca67950,1024,768,105.398713,58.133848,False,380d327fcccb16aac5fc47955693bf5d71a0188ef25a18199e6967c31ca67950,False,True,train
recovered_archive2/152,recovered_archive2,152,cap_image,recovered_archive2/152/CAPorg2.jpg,CAPorg2.jpg,628846,338889bb7112e732b10f5d02e8dcbafecc62831b4294448537c226f7c9b5f4a2,1024,768,149.848311,82.316397,False,338889bb7112e732b10f5d02e8dcbafecc62831b4294448537c226f7c9b5f4a2,False,True,train
recovered_archive2/152,recovered_archive2,152,cap_image,recovered_archive2/152/CAPorg3.jpg,CAPorg3.jpg,588450,3b4816a65780399b3a67c05112dc1af5ac8f56a49c67834fc38f48d1bc3da2e5,1024,768,165.151535,89.145213,False,3b4816a65780399b3a67c05112dc1af5ac8f56a49c67834fc38f48d1bc3da2e5,False,True,train
recovered_archive2/152,recovered_archive2,152,cap_image,recovered_archive2/152/CAPorg4.jpg,CAPorg4.jpg,608406,b106dcd2f97daf7074e8f8296fedc391a64704afbb903abf0d947f6a185649ea,1024,768,92.427639,48.552902,False,b106dcd2f97daf7074e8f8296fedc391a64704afbb903abf0d947f6a185649ea,False,True,train
recovered_archive2/152,recovered_archive2,152,cap_image,recovered_archive2/152/CAPorg5.jpg,CAPorg5.jpg,601370,8c474787842cd39b78ed52f3d47f7850d23c6fd2327e460937341bd1db8914d7,1024,768,90.5076,53.450568,False,8c474787842cd39b78ed52f3d47f7850d23c6fd2327e460937341bd1db8914d7,False,True,train
recovered_archive2/152,recovered_archive2,152,cap_image,recovered_archive2/152/CAPorg6.jpg,CAPorg6.jpg,599660,f8cbb01b02735591d2326246f0f3150639204bcf63230b1f027ab8abef677fd7,1024,768,89.012828,56.588637,False,f8cbb01b02735591d2326246f0f3150639204bcf63230b1f027ab8abef677fd7,False,True,train
recovered_archive2/152,recovered_archive2,152,cap_image,recovered_archive2/152/CAPorg7.jpg,CAPorg7.jpg,609559,28b13a087b4b12e430e1b0389eb275e99d9ee4ccc8830599cc7a463056810594,1024,768,95.102909,55.017012,False,28b13a087b4b12e430e1b0389eb275e99d9ee4ccc8830599cc7a463056810594,False,True,train
recovered_archive2/152,recovered_archive2,152,cap_image,recovered_archive2/152/CAPorg8.jpg,CAPorg8.jpg,618644,4c6c82c09ffcf7db218f3681116f1777e8ad3354f5ca0bcf0685b828ffe47383,1024,768,97.940014,57.976805,False,4c6c82c09ffcf7db218f3681116f1777e8ad3354f5ca0bcf0685b828ffe47383,False,True,train
recovered_archive2/152,recovered_archive2,152,cap_image,recovered_archive2/152/CAPorg9.jpg,CAPorg9.jpg,618554,23f9e0c9e84d731784358eeef50d97192ccc6c97c0a5cc0153b6d641049f2f38,1024,768,96.324872,56.820543,False,23f9e0c9e84d731784358eeef50d97192ccc6c97c0a5cc0153b6d641049f2f38,False,True,train
recovered_archive2/152,recovered_archive2,152,report_image,recovered_archive2/152/rep.jpg.jpg,rep.jpg.jpg,78941,f993046216a35d7b530b705790ad41a51c41fa9223dedf9c94bdfd80c720416b,,,,,False,f993046216a35d7b530b705790ad41a51c41fa9223dedf9c94bdfd80c720416b,False,False,train
recovered_archive2/152,recovered_archive2,152,report_image,recovered_archive2/152/rep_1910290.jpg.jpg,rep_1910290.jpg.jpg,78987,327e43e5a7e567c55c465fc8a6ed92154a7594f796bbce248ffab59b7c429241,,,,,False,327e43e5a7e567c55c465fc8a6ed92154a7594f796bbce248ffab59b7c429241,False,False,train
recovered_archive2/152,recovered_archive2,152,report_image,recovered_archive2/152/rep_1910291.jpg.jpg,rep_1910291.jpg.jpg,78987,327e43e5a7e567c55c465fc8a6ed92154a7594f796bbce248ffab59b7c429241,,,,,False,327e43e5a7e567c55c465fc8a6ed92154a7594f796bbce248ffab59b7c429241,False,False,train
recovered_archive2/152,recovered_archive2,152,report_image,recovered_archive2/152/rep_左手.jpg.jpg,rep_左手.jpg.jpg,78941,f993046216a35d7b530b705790ad41a51c41fa9223dedf9c94bdfd80c720416b,,,,,False,f993046216a35d7b530b705790ad41a51c41fa9223dedf9c94bdfd80c720416b,False,False,train
recovered_archive2/152,recovered_archive2,152,video,recovered_archive2/152/wmv0.avi,wmv0.avi,429398528,,,,,,False,,True,False,train
recovered_archive2/152,recovered_archive2,152,video,recovered_archive2/152/wmv1.avi,wmv1.avi,306714112,,,,,,False,,True,False,train
recovered_archive2/153,recovered_archive2,153,cap_image,recovered_archive2/153/CAPorg1.jpg,CAPorg1.jpg,575373,c87afa8a2aad15bb73afd829d181602c82e213b545ce1961f49a36b43564ebb7,1024,768,41.889903,21.256198,False,c87afa8a2aad15bb73afd829d181602c82e213b545ce1961f49a36b43564ebb7,False,True,train
recovered_archive2/153,recovered_archive2,153,cap_image,recovered_archive2/153/CAPorg2.jpg,CAPorg2.jpg,602899,6922c88c33e6a52193eba42faf18ddabf8547ca86c3b184a28e9df0505978afb,1024,768,65.370756,22.507467,False,6922c88c33e6a52193eba42faf18ddabf8547ca86c3b184a28e9df0505978afb,False,True,train
recovered_archive2/153,recovered_archive2,153,cap_image,recovered_archive2/153/CAPorg3.jpg,CAPorg3.jpg,613011,e6f4f07c0147cfef132592cd5e9c61327329ddbd83e4aa2d9c2b68e38b0d65b8,1024,768,76.112325,22.583729,False,e6f4f07c0147cfef132592cd5e9c61327329ddbd83e4aa2d9c2b68e38b0d65b8,False,True,train
recovered_archive2/153,recovered_archive2,153,cap_image,recovered_archive2/153/CAPorg4.jpg,CAPorg4.jpg,614189,dc1b11c8fce663e3c9c137069884b25a7670ad58d70510d609047678da0fac37,1024,768,77.947035,18.711973,False,dc1b11c8fce663e3c9c137069884b25a7670ad58d70510d609047678da0fac37,False,True,train
recovered_archive2/153,recovered_archive2,153,cap_image,recovered_archive2/153/CAPorg5.jpg,CAPorg5.jpg,636601,9c782cfb73696256383b437e9bf8bad322b9f2a2e1af80da5040574e54794377,1024,768,135.64429,33.74423,False,9c782cfb73696256383b437e9bf8bad322b9f2a2e1af80da5040574e54794377,False,True,train
recovered_archive2/153,recovered_archive2,153,cap_image,recovered_archive2/153/CAPorg6.jpg,CAPorg6.jpg,625025,a0b72b4d5c6ed20e29e1291b9f6c337e6fd32fe789baf7ae8a609db16f9b6731,1024,768,100.148322,37.481462,False,a0b72b4d5c6ed20e29e1291b9f6c337e6fd32fe789baf7ae8a609db16f9b6731,False,True,train
recovered_archive2/153,recovered_archive2,153,report_image,recovered_archive2/153/rep.jpg.jpg,rep.jpg.jpg,82045,619f6e9315f01b5dadf1ea5cd873de9a1a988594a03c69e5c562809f8ad2d07b,,,,,False,619f6e9315f01b5dadf1ea5cd873de9a1a988594a03c69e5c562809f8ad2d07b,False,False,train
recovered_archive2/153,recovered_archive2,153,report_image,recovered_archive2/153/rep_1905070.jpg.jpg,rep_1905070.jpg.jpg,82045,619f6e9315f01b5dadf1ea5cd873de9a1a988594a03c69e5c562809f8ad2d07b,,,,,False,619f6e9315f01b5dadf1ea5cd873de9a1a988594a03c69e5c562809f8ad2d07b,False,False,train
recovered_archive2/153,recovered_archive2,153,report_image,recovered_archive2/153/rep_1905071.jpg.jpg,rep_1905071.jpg.jpg,82045,619f6e9315f01b5dadf1ea5cd873de9a1a988594a03c69e5c562809f8ad2d07b,,,,,False,619f6e9315f01b5dadf1ea5cd873de9a1a988594a03c69e5c562809f8ad2d07b,False,False,train
recovered_archive2/153,recovered_archive2,153,report_image,recovered_archive2/153/rep_左手.jpg.jpg,rep_左手.jpg.jpg,82045,619f6e9315f01b5dadf1ea5cd873de9a1a988594a03c69e5c562809f8ad2d07b,,,,,False,619f6e9315f01b5dadf1ea5cd873de9a1a988594a03c69e5c562809f8ad2d07b,False,False,train
recovered_archive2/154,recovered_archive2,154,cap_image,recovered_archive2/154/CAPorg1.jpg,CAPorg1.jpg,644009,81551df167370ab3c89be3bcd09649db64ad74dfd04d2cffd0e199d3972cbfbb,1024,768,84.876297,30.451071,False,81551df167370ab3c89be3bcd09649db64ad74dfd04d2cffd0e199d3972cbfbb,False,True,train
recovered_archive2/154,recovered_archive2,154,cap_image,recovered_archive2/154/CAPorg2.jpg,CAPorg2.jpg,597699,b5359da6257cf8b668135443df4a53840386320854608e9fb74425d688837f27,1024,768,51.13776,26.227846,False,b5359da6257cf8b668135443df4a53840386320854608e9fb74425d688837f27,False,True,train
recovered_archive2/154,recovered_archive2,154,cap_image,recovered_archive2/154/CAPorg3.jpg,CAPorg3.jpg,609092,c919bd434cb7ef6eb3fa6d05a8267c77d987a8990007127c41ba6d1d42fd02fe,1024,768,61.971255,37.210225,False,c919bd434cb7ef6eb3fa6d05a8267c77d987a8990007127c41ba6d1d42fd02fe,False,True,train
recovered_archive2/154,recovered_archive2,154,cap_image,recovered_archive2/154/CAPorg4.jpg,CAPorg4.jpg,575082,a02ef98796b48da0070856a67ad598b7303335a4c7ea76286142a98b48a8dad7,1024,768,57.311595,45.808077,False,a02ef98796b48da0070856a67ad598b7303335a4c7ea76286142a98b48a8dad7,False,True,train
recovered_archive2/154,recovered_archive2,154,cap_image,recovered_archive2/154/CAPorg5.jpg,CAPorg5.jpg,603279,545b6b6acd8fae93aab3869b49bea13cafb67b78c5c94f7bf929c50385c0fc02,1024,768,56.376456,35.035297,False,545b6b6acd8fae93aab3869b49bea13cafb67b78c5c94f7bf929c50385c0fc02,False,True,train
recovered_archive2/154,recovered_archive2,154,cap_image,recovered_archive2/154/CAPorg6.jpg,CAPorg6.jpg,577793,05ab03441e552a240ad1aa8477d26c03801ae79331d8b9a624a82af935407352,1024,768,46.780179,36.112472,False,05ab03441e552a240ad1aa8477d26c03801ae79331d8b9a624a82af935407352,False,True,train
recovered_archive2/154,recovered_archive2,154,report_image,recovered_archive2/154/rep.jpg.jpg,rep.jpg.jpg,85860,f9cba18ebb6e960532a1f5dd5dfdde5766fd602ea8bc5eb2386e13348fbb91ee,,,,,False,f9cba18ebb6e960532a1f5dd5dfdde5766fd602ea8bc5eb2386e13348fbb91ee,False,False,train
recovered_archive2/154,recovered_archive2,154,report_image,recovered_archive2/154/rep_1.jpg.jpg,rep_1.jpg.jpg,85860,f9cba18ebb6e960532a1f5dd5dfdde5766fd602ea8bc5eb2386e13348fbb91ee,,,,,False,f9cba18ebb6e960532a1f5dd5dfdde5766fd602ea8bc5eb2386e13348fbb91ee,False,False,train
recovered_archive2/154,recovered_archive2,154,report_image,recovered_archive2/154/rep_1901170.jpg.jpg,rep_1901170.jpg.jpg,85860,f9cba18ebb6e960532a1f5dd5dfdde5766fd602ea8bc5eb2386e13348fbb91ee,,,,,False,f9cba18ebb6e960532a1f5dd5dfdde5766fd602ea8bc5eb2386e13348fbb91ee,False,False,train
recovered_archive2/154,recovered_archive2,154,report_image,recovered_archive2/154/rep_1901171.jpg.jpg,rep_1901171.jpg.jpg,85860,f9cba18ebb6e960532a1f5dd5dfdde5766fd602ea8bc5eb2386e13348fbb91ee,,,,,False,f9cba18ebb6e960532a1f5dd5dfdde5766fd602ea8bc5eb2386e13348fbb91ee,False,False,train
recovered_archive2/154,recovered_archive2,154,video,recovered_archive2/154/wmv0.avi,wmv0.avi,10101248,,,,,,False,,True,False,train
recovered_archive2/155,recovered_archive2,155,cap_image,recovered_archive2/155/CAPorg1.jpg,CAPorg1.jpg,651390,fb15e37e9653a4ab83ccb5eab155105ff50471212e1e70744d288479dddfb15a,1024,768,116.819127,42.562765,False,fb15e37e9653a4ab83ccb5eab155105ff50471212e1e70744d288479dddfb15a,False,True,val
recovered_archive2/155,recovered_archive2,155,cap_image,recovered_archive2/155/CAPorg2.jpg,CAPorg2.jpg,572352,8a79b7c4a7f23faabf6c0e9f40097ea0afaca56084a23418eb2d9ed3b2ab3154,1024,768,60.282117,40.531578,False,8a79b7c4a7f23faabf6c0e9f40097ea0afaca56084a23418eb2d9ed3b2ab3154,False,True,val
recovered_archive2/155,recovered_archive2,155,cap_image,recovered_archive2/155/CAPorg3.jpg,CAPorg3.jpg,582312,99ca92c0b4ecba6e90c600ee9e214c9c745d0681c6c13c032e3b4239457939f5,1024,768,56.203009,44.801762,False,99ca92c0b4ecba6e90c600ee9e214c9c745d0681c6c13c032e3b4239457939f5,False,True,val
recovered_archive2/155,recovered_archive2,155,cap_image,recovered_archive2/155/CAPorg4.jpg,CAPorg4.jpg,585677,d2d4c7a07279bd1d4b211e64a8cf4aa400a3902912a01999a6de3bdbafd3321d,1024,768,48.885049,34.524959,False,d2d4c7a07279bd1d4b211e64a8cf4aa400a3902912a01999a6de3bdbafd3321d,False,True,val
recovered_archive2/155,recovered_archive2,155,cap_image,recovered_archive2/155/CAPorg5.jpg,CAPorg5.jpg,589890,62e64851db8b38b0dbe3e08b8e7222fd084680bacc17ad1412b83ccbc0f5473c,1024,768,63.358824,47.531845,False,62e64851db8b38b0dbe3e08b8e7222fd084680bacc17ad1412b83ccbc0f5473c,False,True,val
recovered_archive2/155,recovered_archive2,155,cap_image,recovered_archive2/155/CAPorg6.jpg,CAPorg6.jpg,591262,aca24a95b28d547f6ebd95c49d1b99e97937d5b6593534bae0c3207dd8df24cf,1024,768,49.687038,27.975151,False,aca24a95b28d547f6ebd95c49d1b99e97937d5b6593534bae0c3207dd8df24cf,False,True,val
recovered_archive2/155,recovered_archive2,155,report_image,recovered_archive2/155/rep.jpg.jpg,rep.jpg.jpg,81667,70351e7b4e8aa7bef1f7fad9532af648af21d43ebf974901d22f2d808df5c80e,,,,,False,70351e7b4e8aa7bef1f7fad9532af648af21d43ebf974901d22f2d808df5c80e,False,False,val
recovered_archive2/155,recovered_archive2,155,report_image,recovered_archive2/155/rep_1901100.jpg.jpg,rep_1901100.jpg.jpg,81667,70351e7b4e8aa7bef1f7fad9532af648af21d43ebf974901d22f2d808df5c80e,,,,,False,70351e7b4e8aa7bef1f7fad9532af648af21d43ebf974901d22f2d808df5c80e,False,False,val
recovered_archive2/155,recovered_archive2,155,report_image,recovered_archive2/155/rep_1901101.jpg.jpg,rep_1901101.jpg.jpg,81667,70351e7b4e8aa7bef1f7fad9532af648af21d43ebf974901d22f2d808df5c80e,,,,,False,70351e7b4e8aa7bef1f7fad9532af648af21d43ebf974901d22f2d808df5c80e,False,False,val
recovered_archive2/155,recovered_archive2,155,report_image,recovered_archive2/155/rep_左手.jpg.jpg,rep_左手.jpg.jpg,81667,70351e7b4e8aa7bef1f7fad9532af648af21d43ebf974901d22f2d808df5c80e,,,,,False,70351e7b4e8aa7bef1f7fad9532af648af21d43ebf974901d22f2d808df5c80e,False,False,val
recovered_archive2/156,recovered_archive2,156,cap_image,recovered_archive2/156/CAPorg1.jpg,CAPorg1.jpg,588576,6cf6ac016c4e3a416115b5add01607871b272195d7dcc4ec7fe785c9b9def8b8,1024,768,51.573519,22.629206,False,6cf6ac016c4e3a416115b5add01607871b272195d7dcc4ec7fe785c9b9def8b8,False,True,train
recovered_archive2/156,recovered_archive2,156,cap_image,recovered_archive2/156/CAPorg2.jpg,CAPorg2.jpg,552198,31a86e8d65ebab1f09e2e78599c39d3a197d6500b3421caa0ec2eb27c550a486,1024,768,39.547056,24.275322,False,31a86e8d65ebab1f09e2e78599c39d3a197d6500b3421caa0ec2eb27c550a486,False,True,train
recovered_archive2/156,recovered_archive2,156,cap_image,recovered_archive2/156/CAPorg3.jpg,CAPorg3.jpg,608937,ff4d476100dd73511fd325d046e13fe56c8981015cb6ecdbce1fc95b1a9229ef,1024,768,79.136478,32.49893,False,ff4d476100dd73511fd325d046e13fe56c8981015cb6ecdbce1fc95b1a9229ef,False,True,train
recovered_archive2/156,recovered_archive2,156,cap_image,recovered_archive2/156/CAPorg4.jpg,CAPorg4.jpg,569652,11754b81d21c15379c9ce197d159145959ae5620fb9fcdbeaf44a26c4745fbd0,1024,768,56.855178,35.266272,False,11754b81d21c15379c9ce197d159145959ae5620fb9fcdbeaf44a26c4745fbd0,False,True,train
recovered_archive2/156,recovered_archive2,156,cap_image,recovered_archive2/156/CAPorg5.jpg,CAPorg5.jpg,598280,bf343d24a164b2a091c11674f53356a7cf9847e9a8fa023ba31069731d445d75,1024,768,86.532728,42.630093,False,bf343d24a164b2a091c11674f53356a7cf9847e9a8fa023ba31069731d445d75,False,True,train
recovered_archive2/156,recovered_archive2,156,report_image,recovered_archive2/156/rep.jpg.jpg,rep.jpg.jpg,69952,f134ae634150a7f80ee8a13801a5c920e1ae05a04a76cb2fd63864aea13363e4,,,,,False,f134ae634150a7f80ee8a13801a5c920e1ae05a04a76cb2fd63864aea13363e4,False,False,train
recovered_archive2/156,recovered_archive2,156,report_image,recovered_archive2/156/rep_1904090.jpg.jpg,rep_1904090.jpg.jpg,69952,f134ae634150a7f80ee8a13801a5c920e1ae05a04a76cb2fd63864aea13363e4,,,,,False,f134ae634150a7f80ee8a13801a5c920e1ae05a04a76cb2fd63864aea13363e4,False,False,train
recovered_archive2/156,recovered_archive2,156,report_image,recovered_archive2/156/rep_1904091.jpg.jpg,rep_1904091.jpg.jpg,69952,f134ae634150a7f80ee8a13801a5c920e1ae05a04a76cb2fd63864aea13363e4,,,,,False,f134ae634150a7f80ee8a13801a5c920e1ae05a04a76cb2fd63864aea13363e4,False,False,train
recovered_archive2/156,recovered_archive2,156,report_image,recovered_archive2/156/rep_左手.jpg.jpg,rep_左手.jpg.jpg,69952,f134ae634150a7f80ee8a13801a5c920e1ae05a04a76cb2fd63864aea13363e4,,,,,False,f134ae634150a7f80ee8a13801a5c920e1ae05a04a76cb2fd63864aea13363e4,False,False,train
recovered_archive2/157,recovered_archive2,157,cap_image,recovered_archive2/157/CAPorg1.jpg,CAPorg1.jpg,665903,ff86ba6b6fd54ceb518c92e20fb230aec6f4abda46241cd6fa9d5a7cab5b6a00,1024,768,187.863223,36.77016,False,ff86ba6b6fd54ceb518c92e20fb230aec6f4abda46241cd6fa9d5a7cab5b6a00,False,True,train
recovered_archive2/157,recovered_archive2,157,cap_image,recovered_archive2/157/CAPorg2.jpg,CAPorg2.jpg,636003,b6e8622938bc3290bd00826e0f99b4eb0d36130940303f679a3812de3f42491b,1024,768,106.984861,25.046828,False,b6e8622938bc3290bd00826e0f99b4eb0d36130940303f679a3812de3f42491b,False,True,train
recovered_archive2/157,recovered_archive2,157,cap_image,recovered_archive2/157/CAPorg3.jpg,CAPorg3.jpg,640525,d035dfd5a62c5714eb336d50d07574fe095a12cf9e27b760b796e0a8c40534e8,1024,768,117.736249,27.875345,False,d035dfd5a62c5714eb336d50d07574fe095a12cf9e27b760b796e0a8c40534e8,False,True,train
recovered_archive2/157,recovered_archive2,157,cap_image,recovered_archive2/157/CAPorg4.jpg,CAPorg4.jpg,641818,5ed9ec61ff116ad3fedf615207f22ba30c2253329799f6269d216fc204be3865,1024,768,120.232906,29.614879,False,5ed9ec61ff116ad3fedf615207f22ba30c2253329799f6269d216fc204be3865,False,True,train
recovered_archive2/157,recovered_archive2,157,cap_image,recovered_archive2/157/CAPorg5.jpg,CAPorg5.jpg,641087,82cdfd4a9f67fc9413cec7331c0f3fa5af4e92468aa9eba97c6a351325359cf6,1024,768,122.338412,31.205789,False,82cdfd4a9f67fc9413cec7331c0f3fa5af4e92468aa9eba97c6a351325359cf6,False,True,train
recovered_archive2/157,recovered_archive2,157,cap_image,recovered_archive2/157/CAPorg6.jpg,CAPorg6.jpg,641673,7614b5c5d5c76f2a47950e7d7f84a2591d538891270c7636cf5f60928134111f,1024,768,125.418362,35.899208,False,7614b5c5d5c76f2a47950e7d7f84a2591d538891270c7636cf5f60928134111f,False,True,train
recovered_archive2/157,recovered_archive2,157,cap_image,recovered_archive2/157/CAPorg7.jpg,CAPorg7.jpg,642109,9b395847434c66401c0a45ca3abd668db2463ee3487e0384e8ac2b630b2b7de0,1024,768,126.61381,38.939815,False,9b395847434c66401c0a45ca3abd668db2463ee3487e0384e8ac2b630b2b7de0,False,True,train
recovered_archive2/157,recovered_archive2,157,cap_image,recovered_archive2/157/CAPorg8.jpg,CAPorg8.jpg,640849,5d34bedea738b7c03802e1ec81dff2bdee901e133cf7995a6a15880e49c2d9c1,1024,768,123.801211,35.917549,False,5d34bedea738b7c03802e1ec81dff2bdee901e133cf7995a6a15880e49c2d9c1,False,True,train
recovered_archive2/157,recovered_archive2,157,cap_image,recovered_archive2/157/CAPorg9.jpg,CAPorg9.jpg,633942,94bad6efa55517068991040bc85ae96e7d35b9f012e9c000fbf3852c5c146ba9,1024,768,104.334665,23.176575,False,94bad6efa55517068991040bc85ae96e7d35b9f012e9c000fbf3852c5c146ba9,False,True,train
recovered_archive2/157,recovered_archive2,157,report_image,recovered_archive2/157/rep.jpg.jpg,rep.jpg.jpg,79443,169833cf35e72c29f1732f713ce00aa4c9fa7ced80d104b494b3c9ae5a2dc15d,,,,,False,169833cf35e72c29f1732f713ce00aa4c9fa7ced80d104b494b3c9ae5a2dc15d,False,False,train
recovered_archive2/157,recovered_archive2,157,report_image,recovered_archive2/157/rep_1912240.jpg.jpg,rep_1912240.jpg.jpg,79443,169833cf35e72c29f1732f713ce00aa4c9fa7ced80d104b494b3c9ae5a2dc15d,,,,,False,169833cf35e72c29f1732f713ce00aa4c9fa7ced80d104b494b3c9ae5a2dc15d,False,False,train
recovered_archive2/157,recovered_archive2,157,report_image,recovered_archive2/157/rep_1912241.jpg.jpg,rep_1912241.jpg.jpg,79443,169833cf35e72c29f1732f713ce00aa4c9fa7ced80d104b494b3c9ae5a2dc15d,,,,,False,169833cf35e72c29f1732f713ce00aa4c9fa7ced80d104b494b3c9ae5a2dc15d,False,False,train
recovered_archive2/157,recovered_archive2,157,report_image,recovered_archive2/157/rep_左手.jpg.jpg,rep_左手.jpg.jpg,79443,169833cf35e72c29f1732f713ce00aa4c9fa7ced80d104b494b3c9ae5a2dc15d,,,,,False,169833cf35e72c29f1732f713ce00aa4c9fa7ced80d104b494b3c9ae5a2dc15d,False,False,train
recovered_archive2/157,recovered_archive2,157,video,recovered_archive2/157/wmv0.avi,wmv0.avi,375134208,,,,,,False,,True,False,train
recovered_archive2/158,recovered_archive2,158,cap_image,recovered_archive2/158/CAPorg1.jpg,CAPorg1.jpg,533944,4c84e75cf786de559b1ff2cde97765f7ccc90dd1f0c1791084b8974f674185fd,1024,768,155.97944,87.381383,False,4c84e75cf786de559b1ff2cde97765f7ccc90dd1f0c1791084b8974f674185fd,False,True,train
recovered_archive2/158,recovered_archive2,158,cap_image,recovered_archive2/158/CAPorg10.jpg,CAPorg10.jpg,652322,10590c3cebc5e7a3bd7034dced1bf0baa509ca00bbc953f9e7b9b7dbeb32bd0c,1024,768,145.203327,59.75599,False,10590c3cebc5e7a3bd7034dced1bf0baa509ca00bbc953f9e7b9b7dbeb32bd0c,False,True,train
recovered_archive2/158,recovered_archive2,158,cap_image,recovered_archive2/158/CAPorg11.jpg,CAPorg11.jpg,634482,82ba9a78852936aacb45fdf206adce1937a41db66882127be05752e0d79c3bd1,1024,768,164.328735,61.970781,False,82ba9a78852936aacb45fdf206adce1937a41db66882127be05752e0d79c3bd1,False,True,train
recovered_archive2/158,recovered_archive2,158,cap_image,recovered_archive2/158/CAPorg12.jpg,CAPorg12.jpg,653460,6893463ebbbe6764c62df42d792d3c8462912cbf84e45004f9e71c15de4e3661,1024,768,147.770242,59.003954,False,6893463ebbbe6764c62df42d792d3c8462912cbf84e45004f9e71c15de4e3661,False,True,train
recovered_archive2/158,recovered_archive2,158,cap_image,recovered_archive2/158/CAPorg2.jpg,CAPorg2.jpg,622073,ef228b46e70522ae5d7a264e61af0f28b3dc2ed29684597b97f70c64bb40dd29,1024,768,122.268224,80.714856,False,ef228b46e70522ae5d7a264e61af0f28b3dc2ed29684597b97f70c64bb40dd29,False,True,train
recovered_archive2/158,recovered_archive2,158,cap_image,recovered_archive2/158/CAPorg3.jpg,CAPorg3.jpg,616858,b23d0122c6620c9c715439d1c12f07076b90da096d4f65d645b3431ed18e2aad,1024,768,63.080914,15.254181,False,b23d0122c6620c9c715439d1c12f07076b90da096d4f65d645b3431ed18e2aad,False,True,train
recovered_archive2/158,recovered_archive2,158,cap_image,recovered_archive2/158/CAPorg4.jpg,CAPorg4.jpg,652999,2a4f49d6f634ae8ae06706cea22e18255df72ca6010ed800e99831d425b3cde0,1024,768,118.53161,25.139423,False,2a4f49d6f634ae8ae06706cea22e18255df72ca6010ed800e99831d425b3cde0,False,True,train
recovered_archive2/158,recovered_archive2,158,cap_image,recovered_archive2/158/CAPorg5.jpg,CAPorg5.jpg,503857,7e094b22b4599542afb7f61f82075c2bcb282e567a02f721cc1b51f84a1ce128,1024,768,225.681653,32.248626,False,7e094b22b4599542afb7f61f82075c2bcb282e567a02f721cc1b51f84a1ce128,False,True,train
recovered_archive2/158,recovered_archive2,158,cap_image,recovered_archive2/158/CAPorg6.jpg,CAPorg6.jpg,655645,cef17328d2582690967d5146cd1a308e194b8431d858d31ad0856cb1bb26ef6b,1024,768,158.352997,49.163699,False,cef17328d2582690967d5146cd1a308e194b8431d858d31ad0856cb1bb26ef6b,False,True,train
recovered_archive2/158,recovered_archive2,158,cap_image,recovered_archive2/158/CAPorg7.jpg,CAPorg7.jpg,654722,ce6f1517c35d4177037f1c20b90b0a089b34f6e4f4a46df5ad138ac4d2e49e7b,1024,768,145.289268,54.308354,False,ce6f1517c35d4177037f1c20b90b0a089b34f6e4f4a46df5ad138ac4d2e49e7b,False,True,train
recovered_archive2/158,recovered_archive2,158,cap_image,recovered_archive2/158/CAPorg8.jpg,CAPorg8.jpg,626876,2ccd1b0ea73c93e0af66309990e7e08c6e69ddc958d3335b841442f4f6aad469,1024,768,99.005529,50.409253,False,2ccd1b0ea73c93e0af66309990e7e08c6e69ddc958d3335b841442f4f6aad469,False,True,train
recovered_archive2/158,recovered_archive2,158,cap_image,recovered_archive2/158/CAPorg9.jpg,CAPorg9.jpg,645411,0fc50f4e018a8c621407a4d33335b14b627b253a661c0559556506013b2f4c6a,1024,768,172.609622,55.287451,False,0fc50f4e018a8c621407a4d33335b14b627b253a661c0559556506013b2f4c6a,False,True,train
recovered_archive2/158,recovered_archive2,158,report_image,recovered_archive2/158/rep.jpg.jpg,rep.jpg.jpg,77069,7ac4352d3a049dda87a93b86a429f2d49768b89d0b3a50b199a86756d9e7aa4b,,,,,False,7ac4352d3a049dda87a93b86a429f2d49768b89d0b3a50b199a86756d9e7aa4b,False,False,train
recovered_archive2/158,recovered_archive2,158,report_image,recovered_archive2/158/rep_1912030.jpg.jpg,rep_1912030.jpg.jpg,76667,59395a942c061c60d60517ef91d4c3cc67afd8b6495f9a5e76d65ffe4c43f11d,,,,,False,59395a942c061c60d60517ef91d4c3cc67afd8b6495f9a5e76d65ffe4c43f11d,False,False,train
recovered_archive2/158,recovered_archive2,158,report_image,recovered_archive2/158/rep_1912031.jpg.jpg,rep_1912031.jpg.jpg,77069,7ac4352d3a049dda87a93b86a429f2d49768b89d0b3a50b199a86756d9e7aa4b,,,,,False,7ac4352d3a049dda87a93b86a429f2d49768b89d0b3a50b199a86756d9e7aa4b,False,False,train
recovered_archive2/158,recovered_archive2,158,report_image,recovered_archive2/158/rep_左手.jpg.jpg,rep_左手.jpg.jpg,77069,7ac4352d3a049dda87a93b86a429f2d49768b89d0b3a50b199a86756d9e7aa4b,,,,,False,7ac4352d3a049dda87a93b86a429f2d49768b89d0b3a50b199a86756d9e7aa4b,False,False,train
recovered_archive2/158,recovered_archive2,158,video,recovered_archive2/158/wmv0.avi,wmv0.avi,351540736,,,,,,False,,True,False,train
recovered_archive2/159,recovered_archive2,159,cap_image,recovered_archive2/159/CAPorg1.jpg,CAPorg1.jpg,580559,6e1c7f608fae39f5f444549a1c9c346a1cfb73844bb394cfdbe5473d51829618,1024,768,175.6789,66.379045,False,6e1c7f608fae39f5f444549a1c9c346a1cfb73844bb394cfdbe5473d51829618,False,True,test
recovered_archive2/159,recovered_archive2,159,cap_image,recovered_archive2/159/CAPorg2.jpg,CAPorg2.jpg,636400,c3d925f01f63d1a14ced3746ce9dcc8d04ce4f8d94029f33bc5a7c0c9c8adf1e,1024,768,132.124125,56.835469,False,c3d925f01f63d1a14ced3746ce9dcc8d04ce4f8d94029f33bc5a7c0c9c8adf1e,False,True,test
recovered_archive2/159,recovered_archive2,159,cap_image,recovered_archive2/159/CAPorg3.jpg,CAPorg3.jpg,595998,42f33be642d3e7e4e46caf6055830cdba749dfdad34a07d5484a5f0c031e5511,1024,768,61.489251,32.659688,False,42f33be642d3e7e4e46caf6055830cdba749dfdad34a07d5484a5f0c031e5511,False,True,test
recovered_archive2/159,recovered_archive2,159,cap_image,recovered_archive2/159/CAPorg4.jpg,CAPorg4.jpg,596426,8ae2f33b479b52829a03258ae3d11c4f85c873c65ed7347d4be07c264646346f,1024,768,61.21106,31.955562,False,8ae2f33b479b52829a03258ae3d11c4f85c873c65ed7347d4be07c264646346f,False,True,test
recovered_archive2/159,recovered_archive2,159,cap_image,recovered_archive2/159/CAPorg5.jpg,CAPorg5.jpg,567008,a53d2187625f7ae303e7a84d0bde4f1a81388a1410b488d6d8f5fe2b515be29e,1024,768,45.061183,26.64726,False,a53d2187625f7ae303e7a84d0bde4f1a81388a1410b488d6d8f5fe2b515be29e,False,True,test
recovered_archive2/159,recovered_archive2,159,cap_image,recovered_archive2/159/CAPorg6.jpg,CAPorg6.jpg,538810,7d2c9680328ab5ab955ffbae13375eb332d47b23c7cdf9229875d06dfda6a53a,1024,768,39.316147,25.9852,False,7d2c9680328ab5ab955ffbae13375eb332d47b23c7cdf9229875d06dfda6a53a,False,True,test
recovered_archive2/159,recovered_archive2,159,cap_image,recovered_archive2/159/CAPorg7.jpg,CAPorg7.jpg,595413,c6da7299d7c700fbe3c3782145f6a533b8ea5181b945923446388a60d0ca3e3c,1024,768,58.359423,27.966261,False,c6da7299d7c700fbe3c3782145f6a533b8ea5181b945923446388a60d0ca3e3c,False,True,test
recovered_archive2/159,recovered_archive2,159,report_image,recovered_archive2/159/rep.jpg.jpg,rep.jpg.jpg,80970,b8f8dfd6fac1c31dff8de04c08c0a319089717c7a2cd5d8f39f6be259647fd5a,,,,,False,b8f8dfd6fac1c31dff8de04c08c0a319089717c7a2cd5d8f39f6be259647fd5a,False,False,test
recovered_archive2/159,recovered_archive2,159,report_image,recovered_archive2/159/rep_1902210.jpg.jpg,rep_1902210.jpg.jpg,81893,233706fc137899d0f34e5ee4efcd740e24188beb96ae1edd42dc0be12b89ec4a,,,,,False,233706fc137899d0f34e5ee4efcd740e24188beb96ae1edd42dc0be12b89ec4a,False,False,test
recovered_archive2/159,recovered_archive2,159,report_image,recovered_archive2/159/rep_1902211.jpg.jpg,rep_1902211.jpg.jpg,81893,233706fc137899d0f34e5ee4efcd740e24188beb96ae1edd42dc0be12b89ec4a,,,,,False,233706fc137899d0f34e5ee4efcd740e24188beb96ae1edd42dc0be12b89ec4a,False,False,test
recovered_archive2/159,recovered_archive2,159,report_image,recovered_archive2/159/rep_1902212.jpg.jpg,rep_1902212.jpg.jpg,80970,b8f8dfd6fac1c31dff8de04c08c0a319089717c7a2cd5d8f39f6be259647fd5a,,,,,False,b8f8dfd6fac1c31dff8de04c08c0a319089717c7a2cd5d8f39f6be259647fd5a,False,False,test
recovered_archive2/159,recovered_archive2,159,report_image,recovered_archive2/159/rep_右手.jpg.jpg,rep_右手.jpg.jpg,80970,b8f8dfd6fac1c31dff8de04c08c0a319089717c7a2cd5d8f39f6be259647fd5a,,,,,False,b8f8dfd6fac1c31dff8de04c08c0a319089717c7a2cd5d8f39f6be259647fd5a,False,False,test
recovered_archive2/161,recovered_archive2,161,cap_image,recovered_archive2/161/CAPorg1.jpg,CAPorg1.jpg,310604,a0d35a210e465938abe900003b882879b0e75a078f95b418f8ee7b99f40d5c5b,1024,768,234.983222,31.061774,False,a0d35a210e465938abe900003b882879b0e75a078f95b418f8ee7b99f40d5c5b,False,True,train
recovered_archive2/161,recovered_archive2,161,cap_image,recovered_archive2/161/CAPorg2.jpg,CAPorg2.jpg,559471,33b9d67356ba5e0deca0bee69cb3441c28b3f61544a7b05a8f95cac25c7bb3f2,1024,768,122.967803,69.213402,False,33b9d67356ba5e0deca0bee69cb3441c28b3f61544a7b05a8f95cac25c7bb3f2,False,True,train
recovered_archive2/161,recovered_archive2,161,cap_image,recovered_archive2/161/CAPorg3.jpg,CAPorg3.jpg,550088,ceb8dc5a3ed83a475821fd2f6a950f2f5d7f649e0d68b33f4f66b5e2a5f0bee6,1024,768,112.749666,63.794374,False,ceb8dc5a3ed83a475821fd2f6a950f2f5d7f649e0d68b33f4f66b5e2a5f0bee6,False,True,train
recovered_archive2/161,recovered_archive2,161,cap_image,recovered_archive2/161/CAPorg4.jpg,CAPorg4.jpg,568855,e128468dea58362368a7ce9cff678b9982593b36bce1b924a273039c0b7339a7,1024,768,99.244858,59.219845,False,e128468dea58362368a7ce9cff678b9982593b36bce1b924a273039c0b7339a7,False,True,train
recovered_archive2/161,recovered_archive2,161,cap_image,recovered_archive2/161/CAPorg5.jpg,CAPorg5.jpg,586194,4223545a25b370abbfb403ed640e26061a673586da44ea886d28f3210fc4e401,1024,768,85.779229,54.655794,False,4223545a25b370abbfb403ed640e26061a673586da44ea886d28f3210fc4e401,False,True,train
recovered_archive2/161,recovered_archive2,161,cap_image,recovered_archive2/161/CAPorg6.jpg,CAPorg6.jpg,599368,7505f3e9b2826e4b1d3fe9f59a215a9f24e6e428e0ab000661692835e41ddc31,1024,768,68.471982,42.212073,False,7505f3e9b2826e4b1d3fe9f59a215a9f24e6e428e0ab000661692835e41ddc31,False,True,train
recovered_archive2/161,recovered_archive2,161,cap_image,recovered_archive2/161/CAPorg7.jpg,CAPorg7.jpg,575049,fa634ae42ea60eada783df8a8ace12660bf2e08b0917220cb233d9cbc1015207,1024,768,50.074078,32.763703,False,fa634ae42ea60eada783df8a8ace12660bf2e08b0917220cb233d9cbc1015207,False,True,train
recovered_archive2/161,recovered_archive2,161,cap_image,recovered_archive2/161/CAPorg8.jpg,CAPorg8.jpg,584564,a5888ea597960e3de671a8bed47ebc6e190007b48a712e3c56ee60bce51f3764,1024,768,57.024832,35.120415,False,a5888ea597960e3de671a8bed47ebc6e190007b48a712e3c56ee60bce51f3764,False,True,train
recovered_archive2/161,recovered_archive2,161,cap_image,recovered_archive2/161/CAPorg9.jpg,CAPorg9.jpg,558348,747b646b94848e92be3a56e8504d9b1686c9de33632bd7171bcf01b6e3aa8911,1024,768,45.698297,31.182337,False,747b646b94848e92be3a56e8504d9b1686c9de33632bd7171bcf01b6e3aa8911,False,True,train
recovered_archive2/161,recovered_archive2,161,report_image,recovered_archive2/161/rep.jpg.jpg,rep.jpg.jpg,87967,5a4922f9ddf1a6c80d8ff63e54ce1ab8811f3ba3de8ed8ff2e23552e343bfa10,,,,,False,5a4922f9ddf1a6c80d8ff63e54ce1ab8811f3ba3de8ed8ff2e23552e343bfa10,False,False,train
recovered_archive2/161,recovered_archive2,161,report_image,recovered_archive2/161/rep_1912050.jpg.jpg,rep_1912050.jpg.jpg,87967,5a4922f9ddf1a6c80d8ff63e54ce1ab8811f3ba3de8ed8ff2e23552e343bfa10,,,,,False,5a4922f9ddf1a6c80d8ff63e54ce1ab8811f3ba3de8ed8ff2e23552e343bfa10,False,False,train
recovered_archive2/161,recovered_archive2,161,report_image,recovered_archive2/161/rep_1912051.jpg.jpg,rep_1912051.jpg.jpg,87967,5a4922f9ddf1a6c80d8ff63e54ce1ab8811f3ba3de8ed8ff2e23552e343bfa10,,,,,False,5a4922f9ddf1a6c80d8ff63e54ce1ab8811f3ba3de8ed8ff2e23552e343bfa10,False,False,train
recovered_archive2/161,recovered_archive2,161,report_image,recovered_archive2/161/rep_左手.jpg.jpg,rep_左手.jpg.jpg,87967,5a4922f9ddf1a6c80d8ff63e54ce1ab8811f3ba3de8ed8ff2e23552e343bfa10,,,,,False,5a4922f9ddf1a6c80d8ff63e54ce1ab8811f3ba3de8ed8ff2e23552e343bfa10,False,False,train
recovered_archive2/161,recovered_archive2,161,video,recovered_archive2/161/wmv0.avi,wmv0.avi,445913600,,,,,,False,,True,False,train
recovered_archive2/161,recovered_archive2,161,video,recovered_archive2/161/wmv1.avi,wmv1.avi,398727168,,,,,,False,,True,False,train
recovered_archive2/162,recovered_archive2,162,cap_image,recovered_archive2/162/CAPorg1.jpg,CAPorg1.jpg,586740,a03f8d25fcd491e8f765484acb4ed783feccc58c25bae3f4a5778f8b67e7fea8,1024,768,153.218304,74.85866,False,a03f8d25fcd491e8f765484acb4ed783feccc58c25bae3f4a5778f8b67e7fea8,False,True,train
recovered_archive2/162,recovered_archive2,162,cap_image,recovered_archive2/162/CAPorg10.jpg,CAPorg10.jpg,501253,479b83ee3acc99a80f6b5a122360440326f71d16e62f8e47b62f5d601ffa6fc9,1024,768,181.280197,68.370341,False,479b83ee3acc99a80f6b5a122360440326f71d16e62f8e47b62f5d601ffa6fc9,False,True,train
recovered_archive2/162,recovered_archive2,162,cap_image,recovered_archive2/162/CAPorg11.jpg,CAPorg11.jpg,521477,53b73e3862d575c1fe4e2d9ee982a3651061abcc8b5c313c0a6a5eb437be1efb,1024,768,36.526067,36.751861,False,53b73e3862d575c1fe4e2d9ee982a3651061abcc8b5c313c0a6a5eb437be1efb,False,True,train
recovered_archive2/162,recovered_archive2,162,cap_image,recovered_archive2/162/CAPorg12.jpg,CAPorg12.jpg,605926,dc831b6f7bced01726d05f28d03af66c37812af51de33a16733fe7e3e8e3fd40,1024,768,75.807977,48.674954,False,dc831b6f7bced01726d05f28d03af66c37812af51de33a16733fe7e3e8e3fd40,False,True,train
recovered_archive2/162,recovered_archive2,162,cap_image,recovered_archive2/162/CAPorg13.jpg,CAPorg13.jpg,523477,b0840ae9f987631eacb053d682b5b7c6ea4f93f456ccbb470e0466e6e651c48d,1024,768,32.793521,26.410913,False,b0840ae9f987631eacb053d682b5b7c6ea4f93f456ccbb470e0466e6e651c48d,False,True,train
recovered_archive2/162,recovered_archive2,162,cap_image,recovered_archive2/162/CAPorg14.jpg,CAPorg14.jpg,645503,26471f802328a04cc637189333fae307dca43461681759c66041ed47345e7c97,1024,768,136.887932,61.242821,False,26471f802328a04cc637189333fae307dca43461681759c66041ed47345e7c97,False,True,train
recovered_archive2/162,recovered_archive2,162,cap_image,recovered_archive2/162/CAPorg15.jpg,CAPorg15.jpg,568427,26667081599edb1316d55f861f34def995f644a8de622ba40623dfd02a2876bb,1024,768,191.860635,56.680365,False,26667081599edb1316d55f861f34def995f644a8de622ba40623dfd02a2876bb,False,True,train
recovered_archive2/162,recovered_archive2,162,cap_image,recovered_archive2/162/CAPorg16.jpg,CAPorg16.jpg,563309,93ee0e269effc205e80a925506396c3fd4f99594d19c3a382d9f37bcac013a1f,1024,768,191.459089,57.126688,False,93ee0e269effc205e80a925506396c3fd4f99594d19c3a382d9f37bcac013a1f,False,True,train
recovered_archive2/162,recovered_archive2,162,cap_image,recovered_archive2/162/CAPorg17.jpg,CAPorg17.jpg,628789,1e5a4b8e9fcd1100a99b3c30148ff97106b250445e9df50b2c8c3b5ad38a2cee,1024,768,146.966695,50.450652,False,1e5a4b8e9fcd1100a99b3c30148ff97106b250445e9df50b2c8c3b5ad38a2cee,False,True,train
recovered_archive2/162,recovered_archive2,162,cap_image,recovered_archive2/162/CAPorg18.jpg,CAPorg18.jpg,579643,489786d8957504bd95e518c4685ef8c637badc1b67ce32c5e159ef7d66f43c72,1024,768,56.389968,39.708159,False,489786d8957504bd95e518c4685ef8c637badc1b67ce32c5e159ef7d66f43c72,False,True,train
recovered_archive2/162,recovered_archive2,162,cap_image,recovered_archive2/162/CAPorg19.jpg,CAPorg19.jpg,575302,40447da462a6a39019df71eef5a4c310e2afd237faaa5f37ad2502f66b3a3e6c,1024,768,56.055303,41.912565,False,40447da462a6a39019df71eef5a4c310e2afd237faaa5f37ad2502f66b3a3e6c,False,True,train
recovered_archive2/162,recovered_archive2,162,cap_image,recovered_archive2/162/CAPorg2.jpg,CAPorg2.jpg,615243,2ab74c340afbd7ead45c6db2440fa59055caed04fa092542b63a462d9c3fae83,1024,768,113.920761,69.125969,False,2ab74c340afbd7ead45c6db2440fa59055caed04fa092542b63a462d9c3fae83,False,True,train
recovered_archive2/162,recovered_archive2,162,cap_image,recovered_archive2/162/CAPorg3.jpg,CAPorg3.jpg,488094,f9727d12f972d682d168faa80f9c9b6ffae38e262e386be55df0eaba6d6c559b,1024,768,46.831067,47.317544,False,f9727d12f972d682d168faa80f9c9b6ffae38e262e386be55df0eaba6d6c559b,False,True,train
recovered_archive2/162,recovered_archive2,162,cap_image,recovered_archive2/162/CAPorg4.jpg,CAPorg4.jpg,535349,3793582d23b6392329474faffd2455893334f1c0c7374ee135748fed6f91798c,1024,768,49.297236,43.545945,False,3793582d23b6392329474faffd2455893334f1c0c7374ee135748fed6f91798c,False,True,train
recovered_archive2/162,recovered_archive2,162,cap_image,recovered_archive2/162/CAPorg5.jpg,CAPorg5.jpg,488021,7ad7f29bed5c7ce01214a8fbb3a099b1c1f8ecc7b7f336240de9a6099f874f89,1024,768,176.195656,71.725813,False,7ad7f29bed5c7ce01214a8fbb3a099b1c1f8ecc7b7f336240de9a6099f874f89,False,True,train
recovered_archive2/162,recovered_archive2,162,cap_image,recovered_archive2/162/CAPorg6.jpg,CAPorg6.jpg,480169,3177a2dc497e6f1f1296cf8a14179b7a003f76fd8a0cced3cae62d638d515dca,1024,768,181.14986,65.980103,False,3177a2dc497e6f1f1296cf8a14179b7a003f76fd8a0cced3cae62d638d515dca,False,True,train
recovered_archive2/162,recovered_archive2,162,cap_image,recovered_archive2/162/CAPorg7.jpg,CAPorg7.jpg,547601,ada2e2b9b112cc664a36e3d046879bb0fce0cbbbae97f2934715ac00aba35fc0,1024,768,161.080456,64.475016,False,ada2e2b9b112cc664a36e3d046879bb0fce0cbbbae97f2934715ac00aba35fc0,False,True,train
recovered_archive2/162,recovered_archive2,162,cap_image,recovered_archive2/162/CAPorg8.jpg,CAPorg8.jpg,627427,fb4fecaabb41e935a04afd6f8d3eaee4236a5edc7175ef465c928863b4cf6c5b,1024,768,119.456815,54.205715,False,fb4fecaabb41e935a04afd6f8d3eaee4236a5edc7175ef465c928863b4cf6c5b,False,True,train
recovered_archive2/162,recovered_archive2,162,cap_image,recovered_archive2/162/CAPorg9.jpg,CAPorg9.jpg,509139,543b4be598034510b9d184b40168501c2b825f6c7fba211cbac86a80ac246a87,1024,768,25.813395,22.241425,False,543b4be598034510b9d184b40168501c2b825f6c7fba211cbac86a80ac246a87,False,True,train
recovered_archive2/162,recovered_archive2,162,report_image,recovered_archive2/162/rep.jpg.jpg,rep.jpg.jpg,77589,11709580c536842228d10e19c2671c9f543fc9d8131440e6dc9f14ac2b83e545,,,,,False,11709580c536842228d10e19c2671c9f543fc9d8131440e6dc9f14ac2b83e545,False,False,train
recovered_archive2/162,recovered_archive2,162,report_image,recovered_archive2/162/rep_2103020.jpg.jpg,rep_2103020.jpg.jpg,70413,f0240c2b00c1d09e526a059fb73daa45f2cf6fae6b9c8176a91af74202165014,,,,,False,f0240c2b00c1d09e526a059fb73daa45f2cf6fae6b9c8176a91af74202165014,False,False,train
recovered_archive2/162,recovered_archive2,162,report_image,recovered_archive2/162/rep_2103021.jpg.jpg,rep_2103021.jpg.jpg,70413,f0240c2b00c1d09e526a059fb73daa45f2cf6fae6b9c8176a91af74202165014,,,,,False,f0240c2b00c1d09e526a059fb73daa45f2cf6fae6b9c8176a91af74202165014,False,False,train
recovered_archive2/162,recovered_archive2,162,report_image,recovered_archive2/162/rep_2103022.jpg.jpg,rep_2103022.jpg.jpg,77589,11709580c536842228d10e19c2671c9f543fc9d8131440e6dc9f14ac2b83e545,,,,,False,11709580c536842228d10e19c2671c9f543fc9d8131440e6dc9f14ac2b83e545,False,False,train
recovered_archive2/162,recovered_archive2,162,report_image,recovered_archive2/162/rep_双手无名指.jpg.jpg,rep_双手无名指.jpg.jpg,77589,11709580c536842228d10e19c2671c9f543fc9d8131440e6dc9f14ac2b83e545,,,,,False,11709580c536842228d10e19c2671c9f543fc9d8131440e6dc9f14ac2b83e545,False,False,train
recovered_archive2/162,recovered_archive2,162,video,recovered_archive2/162/wmv0.avi,wmv0.avi,427039232,,,,,,False,,True,False,train
recovered_archive2/162,recovered_archive2,162,video,recovered_archive2/162/wmv1.avi,wmv1.avi,625222144,,,,,,False,,True,False,train
recovered_archive2/162,recovered_archive2,162,video,recovered_archive2/162/wmv2.avi,wmv2.avi,493100032,,,,,,False,,True,False,train
recovered_archive2/163,recovered_archive2,163,cap_image,recovered_archive2/163/CAPorg1.jpg,CAPorg1.jpg,550492,29a54ad984af7327a19d806214f172079f2e801f62d400961a2656a20b1df632,1024,768,66.725388,68.368243,False,29a54ad984af7327a19d806214f172079f2e801f62d400961a2656a20b1df632,False,True,train
recovered_archive2/163,recovered_archive2,163,cap_image,recovered_archive2/163/CAPorg2.jpg,CAPorg2.jpg,556497,6058afa52b927643aaceb24ab7270bd3680515763654934bea6e32ecf50e1814,1024,768,27.23322,20.02901,False,6058afa52b927643aaceb24ab7270bd3680515763654934bea6e32ecf50e1814,False,True,train
recovered_archive2/163,recovered_archive2,163,cap_image,recovered_archive2/163/CAPorg3.jpg,CAPorg3.jpg,410751,8b48900dc556e02dcb98137000291729169df0948f13e93103fcda7b6d6acc2e,1024,768,21.243609,53.352752,False,8b48900dc556e02dcb98137000291729169df0948f13e93103fcda7b6d6acc2e,False,True,train
recovered_archive2/163,recovered_archive2,163,cap_image,recovered_archive2/163/CAPorg4.jpg,CAPorg4.jpg,431296,0506565ff645e847e773d2ae3f50c3c0254a3e17bfc36a5634b4a84f3e346044,1024,768,16.19868,39.949582,False,0506565ff645e847e773d2ae3f50c3c0254a3e17bfc36a5634b4a84f3e346044,False,True,train
recovered_archive2/163,recovered_archive2,163,cap_image,recovered_archive2/163/CAPorg5.jpg,CAPorg5.jpg,387934,04bc93ed8f6133c0e13a3180703e1254366fc55450cf71db2ba601ec070178ea,1024,768,8.742966,21.285213,False,04bc93ed8f6133c0e13a3180703e1254366fc55450cf71db2ba601ec070178ea,False,True,train
recovered_archive2/163,recovered_archive2,163,cap_image,recovered_archive2/163/CAPorg6.jpg,CAPorg6.jpg,365597,acd2041b08b59c9f296013567fec5dacdf24ccbbc278d6a3780dc1ff6fa0a442,1024,768,18.268326,50.084334,False,acd2041b08b59c9f296013567fec5dacdf24ccbbc278d6a3780dc1ff6fa0a442,False,True,train
recovered_archive2/163,recovered_archive2,163,cap_image,recovered_archive2/163/CAPorg7.jpg,CAPorg7.jpg,272932,40cfba01006aef8a083d647bf7ee0b17726a235a6c69b4539dc8e0cba9b3e8c9,1024,768,15.08365,50.358091,False,40cfba01006aef8a083d647bf7ee0b17726a235a6c69b4539dc8e0cba9b3e8c9,False,True,train
recovered_archive2/163,recovered_archive2,163,cap_image,recovered_archive2/163/CAPorg8.jpg,CAPorg8.jpg,321932,9dda63fb0b773ad1dd9e71060f7cb72f4330f119307e5eba8c4365101d40ee8e,1024,768,67.9849,102.069974,False,9dda63fb0b773ad1dd9e71060f7cb72f4330f119307e5eba8c4365101d40ee8e,False,True,train
recovered_archive2/163,recovered_archive2,163,report_image,recovered_archive2/163/rep.jpg.jpg,rep.jpg.jpg,82562,3427d8d51676cfb53d18dde2f9a996af3eb6914acee5952e35bf5528caeb44aa,,,,,False,3427d8d51676cfb53d18dde2f9a996af3eb6914acee5952e35bf5528caeb44aa,False,False,train
recovered_archive2/163,recovered_archive2,163,report_image,recovered_archive2/163/rep_1903190.jpg.jpg,rep_1903190.jpg.jpg,80855,dd0f4197a746ec088b99cf826695e04a4d6810f38c0e6ed06600dcdbdbd33c88,,,,,False,dd0f4197a746ec088b99cf826695e04a4d6810f38c0e6ed06600dcdbdbd33c88,False,False,train
recovered_archive2/163,recovered_archive2,163,report_image,recovered_archive2/163/rep_1903191.jpg.jpg,rep_1903191.jpg.jpg,80855,dd0f4197a746ec088b99cf826695e04a4d6810f38c0e6ed06600dcdbdbd33c88,,,,,False,dd0f4197a746ec088b99cf826695e04a4d6810f38c0e6ed06600dcdbdbd33c88,False,False,train
recovered_archive2/163,recovered_archive2,163,report_image,recovered_archive2/163/rep_1903192.jpg.jpg,rep_1903192.jpg.jpg,80855,dd0f4197a746ec088b99cf826695e04a4d6810f38c0e6ed06600dcdbdbd33c88,,,,,False,dd0f4197a746ec088b99cf826695e04a4d6810f38c0e6ed06600dcdbdbd33c88,False,False,train
recovered_archive2/163,recovered_archive2,163,report_image,recovered_archive2/163/rep_左手.jpg.jpg,rep_左手.jpg.jpg,82562,3427d8d51676cfb53d18dde2f9a996af3eb6914acee5952e35bf5528caeb44aa,,,,,False,3427d8d51676cfb53d18dde2f9a996af3eb6914acee5952e35bf5528caeb44aa,False,False,train
recovered_archive2/163,recovered_archive2,163,video,recovered_archive2/163/wmv0.avi,wmv0.avi,6575616,,,,,,False,,True,False,train
recovered_archive2/164,recovered_archive2,164,cap_image,recovered_archive2/164/CAPorg1.jpg,CAPorg1.jpg,12917,749a8efc155a7020938f4cce12a79e06e26c0435082b998dd21c0492d02f11a1,1024,768,0.0,0.0,True,749a8efc155a7020938f4cce12a79e06e26c0435082b998dd21c0492d02f11a1,False,True,test
recovered_archive2/164,recovered_archive2,164,cap_image,recovered_archive2/164/CAPorg10.jpg,CAPorg10.jpg,611415,7afc25d635fcb33682bf957bb84fc8bec8ede9fa11f440063d2b0cecd5e4bb32,1024,768,61.285631,33.932612,False,7afc25d635fcb33682bf957bb84fc8bec8ede9fa11f440063d2b0cecd5e4bb32,False,True,test
recovered_archive2/164,recovered_archive2,164,cap_image,recovered_archive2/164/CAPorg11.jpg,CAPorg11.jpg,582215,b2efcc2d32e431b456a31da85e8bfb61b108055e9c8ce0fe22b707ae0af4a9aa,1024,768,57.108751,41.008903,False,b2efcc2d32e431b456a31da85e8bfb61b108055e9c8ce0fe22b707ae0af4a9aa,False,True,test
recovered_archive2/164,recovered_archive2,164,cap_image,recovered_archive2/164/CAPorg12.jpg,CAPorg12.jpg,523196,9f45ac7c339cfb7e32f5a9b00568394a2b52fe7947e6f1c3383d185e1f16d373,1024,768,40.99516,35.803745,False,9f45ac7c339cfb7e32f5a9b00568394a2b52fe7947e6f1c3383d185e1f16d373,False,True,test
recovered_archive2/164,recovered_archive2,164,cap_image,recovered_archive2/164/CAPorg13.jpg,CAPorg13.jpg,638088,b6d5911569c3ca055f5de0f8d3fb4cc5085aa225ca439b0d86360fa05fa56d76,1024,768,87.787593,30.349484,False,b6d5911569c3ca055f5de0f8d3fb4cc5085aa225ca439b0d86360fa05fa56d76,False,True,test
recovered_archive2/164,recovered_archive2,164,cap_image,recovered_archive2/164/CAPorg14.jpg,CAPorg14.jpg,616165,56eb835934d1beb7f96316ecca9ddd60553a5b5a45d1cbdd39841b661ce5bb81,1024,768,113.054066,47.976805,False,56eb835934d1beb7f96316ecca9ddd60553a5b5a45d1cbdd39841b661ce5bb81,False,True,test
recovered_archive2/164,recovered_archive2,164,cap_image,recovered_archive2/164/CAPorg15.jpg,CAPorg15.jpg,626297,f0e5e3af31290f4e7c63b08657941f16bfa28d51981a01b25c51893f3973f19c,1024,768,95.408192,38.786435,False,f0e5e3af31290f4e7c63b08657941f16bfa28d51981a01b25c51893f3973f19c,False,True,test
recovered_archive2/164,recovered_archive2,164,cap_image,recovered_archive2/164/CAPorg16.jpg,CAPorg16.jpg,630075,10fc131089838eb76e13546963d159a1b4c4db53f76d8f9907a175c029a257c8,1024,768,104.503139,40.571342,False,10fc131089838eb76e13546963d159a1b4c4db53f76d8f9907a175c029a257c8,False,True,test
recovered_archive2/164,recovered_archive2,164,cap_image,recovered_archive2/164/CAPorg2.jpg,CAPorg2.jpg,634416,ab572a1f11d8ca6423f520ef54e0da9ec84af5cfb2411864f255cd61d6c4d506,1024,768,101.279986,42.422814,False,ab572a1f11d8ca6423f520ef54e0da9ec84af5cfb2411864f255cd61d6c4d506,False,True,test
recovered_archive2/164,recovered_archive2,164,cap_image,recovered_archive2/164/CAPorg3.jpg,CAPorg3.jpg,641969,f4bcfe7361ce81529cc02fd3602df19453505ae88e754523f8ff5fdf3bc50722,1024,768,108.451642,42.231675,False,f4bcfe7361ce81529cc02fd3602df19453505ae88e754523f8ff5fdf3bc50722,False,True,test
recovered_archive2/164,recovered_archive2,164,cap_image,recovered_archive2/164/CAPorg4.jpg,CAPorg4.jpg,639905,299e2a355d1dc4e673ceca04ad61d4024025d4d5f33f6f3f2626eeb25f181acf,1024,768,106.727081,40.78637,False,299e2a355d1dc4e673ceca04ad61d4024025d4d5f33f6f3f2626eeb25f181acf,False,True,test
recovered_archive2/164,recovered_archive2,164,cap_image,recovered_archive2/164/CAPorg5.jpg,CAPorg5.jpg,642671,5043615a346f541e8544dd01abb8d6cdec9546c9c511a3206580742127873bd4,1024,768,112.79587,35.522125,False,5043615a346f541e8544dd01abb8d6cdec9546c9c511a3206580742127873bd4,False,True,test
recovered_archive2/164,recovered_archive2,164,cap_image,recovered_archive2/164/CAPorg6.jpg,CAPorg6.jpg,623557,f563528cacd646d2a0356a51bd394b7a96297db5bb312b8c16ad2724ed2fbe53,1024,768,94.254628,43.340904,False,f563528cacd646d2a0356a51bd394b7a96297db5bb312b8c16ad2724ed2fbe53,False,True,test
recovered_archive2/164,recovered_archive2,164,cap_image,recovered_archive2/164/CAPorg7.jpg,CAPorg7.jpg,613714,1631c5cad0547bb9a799de9fc31f13a1626250448c0e4c5c8b0aff658a5973cc,1024,768,95.797878,47.13772,False,1631c5cad0547bb9a799de9fc31f13a1626250448c0e4c5c8b0aff658a5973cc,False,True,test
recovered_archive2/164,recovered_archive2,164,cap_image,recovered_archive2/164/CAPorg8.jpg,CAPorg8.jpg,603845,8f6ebcd9d8abf8f64668bb34c16087062fa1f1d181c1ff65cc3e507b610a9bc0,1024,768,76.191873,47.592348,False,8f6ebcd9d8abf8f64668bb34c16087062fa1f1d181c1ff65cc3e507b610a9bc0,False,True,test
recovered_archive2/164,recovered_archive2,164,cap_image,recovered_archive2/164/CAPorg9.jpg,CAPorg9.jpg,600011,45ed472abe0dd1b48cbff43c19f479da48ac79e823186cd3bc6be3657dcfcf5d,1024,768,63.234634,41.598725,False,45ed472abe0dd1b48cbff43c19f479da48ac79e823186cd3bc6be3657dcfcf5d,False,True,test
recovered_archive2/164,recovered_archive2,164,report_image,recovered_archive2/164/rep.jpg.jpg,rep.jpg.jpg,75602,cca5821c5df0f4130bbd8ed119311400e97e82f0dedf4101a6c4652e73d9dab6,,,,,False,cca5821c5df0f4130bbd8ed119311400e97e82f0dedf4101a6c4652e73d9dab6,False,False,test
recovered_archive2/164,recovered_archive2,164,report_image,recovered_archive2/164/rep_1.jpg.jpg,rep_1.jpg.jpg,75602,cca5821c5df0f4130bbd8ed119311400e97e82f0dedf4101a6c4652e73d9dab6,,,,,False,cca5821c5df0f4130bbd8ed119311400e97e82f0dedf4101a6c4652e73d9dab6,False,False,test
recovered_archive2/164,recovered_archive2,164,report_image,recovered_archive2/164/rep_1812060.jpg.jpg,rep_1812060.jpg.jpg,73342,1ebf824d2e1691e71406591e7f46413f9f8e94d549ef847ab9357ffe2b0dc008,,,,,False,1ebf824d2e1691e71406591e7f46413f9f8e94d549ef847ab9357ffe2b0dc008,False,False,test
recovered_archive2/164,recovered_archive2,164,report_image,recovered_archive2/164/rep_1812061.jpg.jpg,rep_1812061.jpg.jpg,75602,cca5821c5df0f4130bbd8ed119311400e97e82f0dedf4101a6c4652e73d9dab6,,,,,False,cca5821c5df0f4130bbd8ed119311400e97e82f0dedf4101a6c4652e73d9dab6,False,False,test
recovered_archive2/165,recovered_archive2,165,cap_image,recovered_archive2/165/CAPorg1.jpg,CAPorg1.jpg,654047,6d7a792ce75d2e0788e1969c58cf6f0d1e31205bb8e52ceec19302f6fd60319f,1024,768,150.510549,52.273188,False,6d7a792ce75d2e0788e1969c58cf6f0d1e31205bb8e52ceec19302f6fd60319f,False,True,train
recovered_archive2/165,recovered_archive2,165,cap_image,recovered_archive2/165/CAPorg2.jpg,CAPorg2.jpg,623652,1c1e6c837d4f738e4e31ab36b08bf6550da49038a92ac504ac7c45ec4728bad6,1024,768,95.618009,21.499035,False,1c1e6c837d4f738e4e31ab36b08bf6550da49038a92ac504ac7c45ec4728bad6,False,True,train
recovered_archive2/165,recovered_archive2,165,cap_image,recovered_archive2/165/CAPorg3.jpg,CAPorg3.jpg,631850,3ae78db27076698ab4543b9d802c6bd967f1c29ff8f9c8f1b038f762946811de,1024,768,107.002182,23.916126,False,3ae78db27076698ab4543b9d802c6bd967f1c29ff8f9c8f1b038f762946811de,False,True,train
recovered_archive2/165,recovered_archive2,165,cap_image,recovered_archive2/165/CAPorg4.jpg,CAPorg4.jpg,632652,100d09bf8d4d21f2af2211a28137c351c72cf1d99ee791ce84fc03f1a78a896f,1024,768,112.97909,25.78182,False,100d09bf8d4d21f2af2211a28137c351c72cf1d99ee791ce84fc03f1a78a896f,False,True,train
recovered_archive2/165,recovered_archive2,165,cap_image,recovered_archive2/165/CAPorg5.jpg,CAPorg5.jpg,623385,41d7ce10eaaf67dbf45fef2351e7fcc8cdd0341e3124ce2091986d242fc85df8,1024,768,97.373183,27.941836,False,41d7ce10eaaf67dbf45fef2351e7fcc8cdd0341e3124ce2091986d242fc85df8,False,True,train
recovered_archive2/165,recovered_archive2,165,cap_image,recovered_archive2/165/CAPorg6.jpg,CAPorg6.jpg,623682,8391f80ef3755146fb2452741b1576b772988468473962e8a527c9ae1207dc13,1024,768,96.830496,28.335761,False,8391f80ef3755146fb2452741b1576b772988468473962e8a527c9ae1207dc13,False,True,train
recovered_archive2/165,recovered_archive2,165,cap_image,recovered_archive2/165/CAPorg7.jpg,CAPorg7.jpg,631495,8a6f177093f91ee43f6214951807ea3dc7e0150219d37f031e5efcb7d26a2d0e,1024,768,108.764488,24.12395,False,8a6f177093f91ee43f6214951807ea3dc7e0150219d37f031e5efcb7d26a2d0e,False,True,train
recovered_archive2/165,recovered_archive2,165,cap_image,recovered_archive2/165/CAPorg8.jpg,CAPorg8.jpg,635271,fe21ec415c407e7e32b177f2479255248f2c05d788235466f3865094d67a7f99,1024,768,120.434865,23.218097,False,fe21ec415c407e7e32b177f2479255248f2c05d788235466f3865094d67a7f99,False,True,train
recovered_archive2/165,recovered_archive2,165,report_image,recovered_archive2/165/rep.jpg.jpg,rep.jpg.jpg,84343,d3fa0c10f8f087b5fea7d0d6a92107afc441cb6392d5c60f58b9d8cc9dc81af4,,,,,False,d3fa0c10f8f087b5fea7d0d6a92107afc441cb6392d5c60f58b9d8cc9dc81af4,False,False,train
recovered_archive2/165,recovered_archive2,165,report_image,recovered_archive2/165/rep_2005190.jpg.jpg,rep_2005190.jpg.jpg,84343,d3fa0c10f8f087b5fea7d0d6a92107afc441cb6392d5c60f58b9d8cc9dc81af4,,,,,False,d3fa0c10f8f087b5fea7d0d6a92107afc441cb6392d5c60f58b9d8cc9dc81af4,False,False,train
recovered_archive2/165,recovered_archive2,165,report_image,recovered_archive2/165/rep_2005191.jpg.jpg,rep_2005191.jpg.jpg,84343,d3fa0c10f8f087b5fea7d0d6a92107afc441cb6392d5c60f58b9d8cc9dc81af4,,,,,False,d3fa0c10f8f087b5fea7d0d6a92107afc441cb6392d5c60f58b9d8cc9dc81af4,False,False,train
recovered_archive2/165,recovered_archive2,165,report_image,recovered_archive2/165/rep_左手.jpg.jpg,rep_左手.jpg.jpg,84343,d3fa0c10f8f087b5fea7d0d6a92107afc441cb6392d5c60f58b9d8cc9dc81af4,,,,,False,d3fa0c10f8f087b5fea7d0d6a92107afc441cb6392d5c60f58b9d8cc9dc81af4,False,False,train
recovered_archive2/165,recovered_archive2,165,video,recovered_archive2/165/wmv0.avi,wmv0.avi,533208576,,,,,,False,,True,False,train
recovered_archive2/166,recovered_archive2,166,cap_image,recovered_archive2/166/CAPorg1.jpg,CAPorg1.jpg,393260,e524f51b20b6ead580f136f00dc0a36859baafc5decbeb291b50b13eca601ce8,1024,768,26.026953,37.136674,False,e524f51b20b6ead580f136f00dc0a36859baafc5decbeb291b50b13eca601ce8,False,True,test
recovered_archive2/166,recovered_archive2,166,cap_image,recovered_archive2/166/CAPorg10.jpg,CAPorg10.jpg,611199,58b8e0f1a2cdf0c5c947b71061862b1a2688b6728eefc1c29ac14685411c3f8c,1024,768,73.825314,54.753225,False,58b8e0f1a2cdf0c5c947b71061862b1a2688b6728eefc1c29ac14685411c3f8c,False,True,test
recovered_archive2/166,recovered_archive2,166,cap_image,recovered_archive2/166/CAPorg11.jpg,CAPorg11.jpg,637707,4c35b449be52aeae1e8cc9a7c7cdad4b97d5ed13a4f61392310abda53c6e9b6b,1024,768,98.797752,50.805717,False,4c35b449be52aeae1e8cc9a7c7cdad4b97d5ed13a4f61392310abda53c6e9b6b,False,True,test
recovered_archive2/166,recovered_archive2,166,cap_image,recovered_archive2/166/CAPorg12.jpg,CAPorg12.jpg,607769,33d93c8b3d5bba87af7f19e6c32f618b47d60e91de0ad80f5d7f2f5a87725cd6,1024,768,77.270088,49.661642,False,33d93c8b3d5bba87af7f19e6c32f618b47d60e91de0ad80f5d7f2f5a87725cd6,False,True,test
recovered_archive2/166,recovered_archive2,166,cap_image,recovered_archive2/166/CAPorg13.jpg,CAPorg13.jpg,602688,0fdcba8e584df31680c5ace3a5fb2c4d2d5dcbf86bb4651ce2d6c13d869b1308,1024,768,71.391448,46.751032,False,0fdcba8e584df31680c5ace3a5fb2c4d2d5dcbf86bb4651ce2d6c13d869b1308,False,True,test
recovered_archive2/166,recovered_archive2,166,cap_image,recovered_archive2/166/CAPorg14.jpg,CAPorg14.jpg,595113,61bf6fd72f0d894795076db8c5dc9c0e8ac189e3cba2f5de850d921e33539fbf,1024,768,61.958163,40.915577,False,61bf6fd72f0d894795076db8c5dc9c0e8ac189e3cba2f5de850d921e33539fbf,False,True,test
recovered_archive2/166,recovered_archive2,166,cap_image,recovered_archive2/166/CAPorg15.jpg,CAPorg15.jpg,591953,20b22aad3d208c87ce79324f1ceb27ba1a5b2fe1003c9dd72245c30f0c723e29,1024,768,60.81634,38.66057,False,20b22aad3d208c87ce79324f1ceb27ba1a5b2fe1003c9dd72245c30f0c723e29,False,True,test
recovered_archive2/166,recovered_archive2,166,cap_image,recovered_archive2/166/CAPorg16.jpg,CAPorg16.jpg,628196,fe142671bdbd9ff95ce36cc151ee84e442d8524eca7103e8d2cba353ccf1ffea,1024,768,95.608298,54.478337,False,fe142671bdbd9ff95ce36cc151ee84e442d8524eca7103e8d2cba353ccf1ffea,False,True,test
recovered_archive2/166,recovered_archive2,166,cap_image,recovered_archive2/166/CAPorg17.jpg,CAPorg17.jpg,636414,e3d17e26bf44559b00f24983ec94fa96500ff70a3857051dfd80c95fe48d4192,1024,768,110.942966,51.888615,False,e3d17e26bf44559b00f24983ec94fa96500ff70a3857051dfd80c95fe48d4192,False,True,test
recovered_archive2/166,recovered_archive2,166,cap_image,recovered_archive2/166/CAPorg18.jpg,CAPorg18.jpg,561386,3a2700ef79993116048bc5e927106c9671d8140b34de1e9681f8f4f4b0215aa2,1024,768,47.877347,43.976784,False,3a2700ef79993116048bc5e927106c9671d8140b34de1e9681f8f4f4b0215aa2,False,True,test
recovered_archive2/166,recovered_archive2,166,cap_image,recovered_archive2/166/CAPorg19.jpg,CAPorg19.jpg,610032,348b58ff7423fe4aeca8dae676c400ab1477614877005af1c5e0e9350471f9e3,1024,768,77.484008,50.910549,False,348b58ff7423fe4aeca8dae676c400ab1477614877005af1c5e0e9350471f9e3,False,True,test
recovered_archive2/166,recovered_archive2,166,cap_image,recovered_archive2/166/CAPorg2.jpg,CAPorg2.jpg,547568,576bc73886f632665fd9a56b1bf842da59a1ecd86d68714dea15fefcb828692a,1024,768,48.702134,33.652687,False,576bc73886f632665fd9a56b1bf842da59a1ecd86d68714dea15fefcb828692a,False,True,test
recovered_archive2/166,recovered_archive2,166,cap_image,recovered_archive2/166/CAPorg3.jpg,CAPorg3.jpg,578660,a9b6905d9ed7c184b026ad2e953591dbea1f1ad9f60e5c70a0331d80783ace51,1024,768,50.436717,27.968365,False,a9b6905d9ed7c184b026ad2e953591dbea1f1ad9f60e5c70a0331d80783ace51,False,True,test
recovered_archive2/166,recovered_archive2,166,cap_image,recovered_archive2/166/CAPorg4.jpg,CAPorg4.jpg,580489,3d6fac8f3c65877565986afc28b6e04760059e168bc31f1e29418a0692cbc60c,1024,768,47.196753,24.368473,False,3d6fac8f3c65877565986afc28b6e04760059e168bc31f1e29418a0692cbc60c,False,True,test
recovered_archive2/166,recovered_archive2,166,cap_image,recovered_archive2/166/CAPorg5.jpg,CAPorg5.jpg,607379,7e55dd8ad429036d922abe81b1f21c72f6216e5e561680360fca44827fba4629,1024,768,74.344749,50.248911,False,7e55dd8ad429036d922abe81b1f21c72f6216e5e561680360fca44827fba4629,False,True,test
recovered_archive2/166,recovered_archive2,166,cap_image,recovered_archive2/166/CAPorg6.jpg,CAPorg6.jpg,601440,3ace587c5a12cd57f8d766ef11bc5c4fd2cade7bd3e8284b69521d8b3c7e8397,1024,768,67.848649,48.233148,False,3ace587c5a12cd57f8d766ef11bc5c4fd2cade7bd3e8284b69521d8b3c7e8397,False,True,test
recovered_archive2/166,recovered_archive2,166,cap_image,recovered_archive2/166/CAPorg7.jpg,CAPorg7.jpg,581411,00369555b22458546f983cf5972512b67bbf477c0b818aad4e6eca1f0ee25fd1,1024,768,65.538525,47.472722,False,00369555b22458546f983cf5972512b67bbf477c0b818aad4e6eca1f0ee25fd1,False,True,test
recovered_archive2/166,recovered_archive2,166,cap_image,recovered_archive2/166/CAPorg8.jpg,CAPorg8.jpg,604849,3e2836e678dbae51f2d0eb04c8bb44b0273b34db81859b82fba73bdd46e5092d,1024,768,73.644224,50.406162,False,3e2836e678dbae51f2d0eb04c8bb44b0273b34db81859b82fba73bdd46e5092d,False,True,test
recovered_archive2/166,recovered_archive2,166,cap_image,recovered_archive2/166/CAPorg9.jpg,CAPorg9.jpg,603604,738d2f56386f5ca61601a29230d7a7449c5427a8034704977fa8ae0618eb23fa,1024,768,71.233665,51.775935,False,738d2f56386f5ca61601a29230d7a7449c5427a8034704977fa8ae0618eb23fa,False,True,test
recovered_archive2/166,recovered_archive2,166,report_image,recovered_archive2/166/rep.jpg.jpg,rep.jpg.jpg,81513,b5dd0937b623ccb729e2eba05d916c82d1a7771d81039fc7e44517b3337ddcce,,,,,False,b5dd0937b623ccb729e2eba05d916c82d1a7771d81039fc7e44517b3337ddcce,False,False,test
recovered_archive2/166,recovered_archive2,166,report_image,recovered_archive2/166/rep_1910100.jpg.jpg,rep_1910100.jpg.jpg,82588,a2d8ee0aeb50842e1a470de2aee3218bc7eb3678e3060bbc7e9f30bc15a3e7c2,,,,,False,a2d8ee0aeb50842e1a470de2aee3218bc7eb3678e3060bbc7e9f30bc15a3e7c2,False,False,test
recovered_archive2/166,recovered_archive2,166,report_image,recovered_archive2/166/rep_1910101.jpg.jpg,rep_1910101.jpg.jpg,81513,b5dd0937b623ccb729e2eba05d916c82d1a7771d81039fc7e44517b3337ddcce,,,,,False,b5dd0937b623ccb729e2eba05d916c82d1a7771d81039fc7e44517b3337ddcce,False,False,test
recovered_archive2/166,recovered_archive2,166,report_image,recovered_archive2/166/rep_右手.jpg.jpg,rep_右手.jpg.jpg,81513,b5dd0937b623ccb729e2eba05d916c82d1a7771d81039fc7e44517b3337ddcce,,,,,False,b5dd0937b623ccb729e2eba05d916c82d1a7771d81039fc7e44517b3337ddcce,False,False,test
recovered_archive2/167,recovered_archive2,167,cap_image,recovered_archive2/167/CAPorg1.jpg,CAPorg1.jpg,622967,80f44a01b1bdf1700921850c2df590839e0d2e30c2f919413e324cfd01a15a30,1024,768,74.24895,35.287904,False,80f44a01b1bdf1700921850c2df590839e0d2e30c2f919413e324cfd01a15a30,False,True,train
recovered_archive2/167,recovered_archive2,167,cap_image,recovered_archive2/167/CAPorg2.jpg,CAPorg2.jpg,625674,c0151753e62f2a000a594ae6461ba2fcf3819a1ee118c8698a0386d8db90a0ad,1024,768,79.871315,31.584596,False,c0151753e62f2a000a594ae6461ba2fcf3819a1ee118c8698a0386d8db90a0ad,False,True,train
recovered_archive2/167,recovered_archive2,167,cap_image,recovered_archive2/167/CAPorg3.jpg,CAPorg3.jpg,623136,56719391defa444b2d381dfe38943d2b44f6a9b254bea3de4f2bcffdbcf5d095,1024,768,80.1167,23.915174,False,56719391defa444b2d381dfe38943d2b44f6a9b254bea3de4f2bcffdbcf5d095,False,True,train
recovered_archive2/167,recovered_archive2,167,cap_image,recovered_archive2/167/CAPorg4.jpg,CAPorg4.jpg,627578,4e5d6ac21bb1cf203de221dea9c196b9acb164db685634050db210ba7e385aa4,1024,768,74.625121,18.928056,False,4e5d6ac21bb1cf203de221dea9c196b9acb164db685634050db210ba7e385aa4,False,True,train
recovered_archive2/167,recovered_archive2,167,report_image,recovered_archive2/167/rep.jpg.jpg,rep.jpg.jpg,79658,50b9ab1605500d04631e14c76d9744bdb03d70f7450c337b2d0271c1ad8d2f59,,,,,False,50b9ab1605500d04631e14c76d9744bdb03d70f7450c337b2d0271c1ad8d2f59,False,False,train
recovered_archive2/167,recovered_archive2,167,report_image,recovered_archive2/167/rep_1901030.jpg.jpg,rep_1901030.jpg.jpg,79658,50b9ab1605500d04631e14c76d9744bdb03d70f7450c337b2d0271c1ad8d2f59,,,,,False,50b9ab1605500d04631e14c76d9744bdb03d70f7450c337b2d0271c1ad8d2f59,False,False,train
recovered_archive2/167,recovered_archive2,167,report_image,recovered_archive2/167/rep_1901031.jpg.jpg,rep_1901031.jpg.jpg,79658,50b9ab1605500d04631e14c76d9744bdb03d70f7450c337b2d0271c1ad8d2f59,,,,,False,50b9ab1605500d04631e14c76d9744bdb03d70f7450c337b2d0271c1ad8d2f59,False,False,train
recovered_archive2/167,recovered_archive2,167,report_image,recovered_archive2/167/rep_左手.jpg.jpg,rep_左手.jpg.jpg,79658,50b9ab1605500d04631e14c76d9744bdb03d70f7450c337b2d0271c1ad8d2f59,,,,,False,50b9ab1605500d04631e14c76d9744bdb03d70f7450c337b2d0271c1ad8d2f59,False,False,train
recovered_archive2/168,recovered_archive2,168,cap_image,recovered_archive2/168/CAPorg1.jpg,CAPorg1.jpg,539199,da6648c8a2fa5328a00d530afae000d266d0dd14dbf7aeafa35b67d78038259a,1024,768,204.865388,48.45118,False,da6648c8a2fa5328a00d530afae000d266d0dd14dbf7aeafa35b67d78038259a,False,True,test
recovered_archive2/168,recovered_archive2,168,cap_image,recovered_archive2/168/CAPorg2.jpg,CAPorg2.jpg,621996,6e617f968a5bd6fca5d5dccb5c3ebb26c17ab65af9dd0532558ed5dab46569e3,1024,768,86.647418,24.609077,False,6e617f968a5bd6fca5d5dccb5c3ebb26c17ab65af9dd0532558ed5dab46569e3,False,True,test
recovered_archive2/168,recovered_archive2,168,cap_image,recovered_archive2/168/CAPorg3.jpg,CAPorg3.jpg,626889,e4f0eb1aa404303a6df097ae3a082c688dde00820ba72e174671f4c6ea310d4a,1024,768,85.751219,25.914223,False,e4f0eb1aa404303a6df097ae3a082c688dde00820ba72e174671f4c6ea310d4a,False,True,test
recovered_archive2/168,recovered_archive2,168,cap_image,recovered_archive2/168/CAPorg4.jpg,CAPorg4.jpg,633056,257f78e746476eef73339b77dbab94cfe9a31ba7fe44993aefe5f43a48bcb65f,1024,768,99.223391,38.693216,False,257f78e746476eef73339b77dbab94cfe9a31ba7fe44993aefe5f43a48bcb65f,False,True,test
recovered_archive2/168,recovered_archive2,168,cap_image,recovered_archive2/168/CAPorg5.jpg,CAPorg5.jpg,637612,139a90910eb7855af0af192dcb7399b042a629751baace4c690a63d97fb02245,1024,768,104.3007,35.463887,False,139a90910eb7855af0af192dcb7399b042a629751baace4c690a63d97fb02245,False,True,test
recovered_archive2/168,recovered_archive2,168,cap_image,recovered_archive2/168/CAPorg6.jpg,CAPorg6.jpg,647639,64f026d7b8d86a679ef2db2c87afa7a0b4c21c8410689dc0fdb1b7598800e20d,1024,768,121.807069,41.152243,False,64f026d7b8d86a679ef2db2c87afa7a0b4c21c8410689dc0fdb1b7598800e20d,False,True,test
recovered_archive2/168,recovered_archive2,168,cap_image,recovered_archive2/168/CAPorg7.jpg,CAPorg7.jpg,660960,682cf5384ea1c31d28c63ec4cd30bf87fa3f3fd4246e4d9f92c5752cf0bdeee4,1024,768,149.077719,45.682549,False,682cf5384ea1c31d28c63ec4cd30bf87fa3f3fd4246e4d9f92c5752cf0bdeee4,False,True,test
recovered_archive2/168,recovered_archive2,168,cap_image,recovered_archive2/168/CAPorg8.jpg,CAPorg8.jpg,655282,fba28ef8ab67c0ec3b7274a859c01731b1f9308323a3041e6e69b52fe8c3b2dd,1024,768,167.902524,49.854784,False,fba28ef8ab67c0ec3b7274a859c01731b1f9308323a3041e6e69b52fe8c3b2dd,False,True,test
recovered_archive2/168,recovered_archive2,168,cap_image,recovered_archive2/168/CAPorg9.jpg,CAPorg9.jpg,12917,749a8efc155a7020938f4cce12a79e06e26c0435082b998dd21c0492d02f11a1,1024,768,0.0,0.0,True,749a8efc155a7020938f4cce12a79e06e26c0435082b998dd21c0492d02f11a1,False,True,test
recovered_archive2/168,recovered_archive2,168,report_image,recovered_archive2/168/rep.jpg.jpg,rep.jpg.jpg,82530,d45462e8554dbd82986444114727a1f9669acf25117f8689e26d6ab32a9749cd,,,,,False,d45462e8554dbd82986444114727a1f9669acf25117f8689e26d6ab32a9749cd,False,False,test
recovered_archive2/168,recovered_archive2,168,report_image,recovered_archive2/168/rep_1910220.jpg.jpg,rep_1910220.jpg.jpg,81015,3bc6e8fa1aeab9dd43b67ee51c2db01708f84a6a8d827d9fea156862cf77f7cf,,,,,False,3bc6e8fa1aeab9dd43b67ee51c2db01708f84a6a8d827d9fea156862cf77f7cf,False,False,test
recovered_archive2/168,recovered_archive2,168,report_image,recovered_archive2/168/rep_1910221.jpg.jpg,rep_1910221.jpg.jpg,82530,d45462e8554dbd82986444114727a1f9669acf25117f8689e26d6ab32a9749cd,,,,,False,d45462e8554dbd82986444114727a1f9669acf25117f8689e26d6ab32a9749cd,False,False,test
recovered_archive2/168,recovered_archive2,168,report_image,recovered_archive2/168/rep_左手.jpg.jpg,rep_左手.jpg.jpg,82530,d45462e8554dbd82986444114727a1f9669acf25117f8689e26d6ab32a9749cd,,,,,False,d45462e8554dbd82986444114727a1f9669acf25117f8689e26d6ab32a9749cd,False,False,test
recovered_archive2/168,recovered_archive2,168,video,recovered_archive2/168/wmv0.avi,wmv0.avi,323229184,,,,,,False,,True,False,test
recovered_archive2/168,recovered_archive2,168,video,recovered_archive2/168/wmv1.avi,wmv1.avi,422320640,,,,,,False,,True,False,test
recovered_archive2/169,recovered_archive2,169,cap_image,recovered_archive2/169/CAPorg1.jpg,CAPorg1.jpg,631996,1a1193ad9362a84b592ca0329507934d39662315a5a9553a4e54b1e96a6249d2,1024,768,95.908245,19.056592,False,1a1193ad9362a84b592ca0329507934d39662315a5a9553a4e54b1e96a6249d2,False,True,val
recovered_archive2/169,recovered_archive2,169,cap_image,recovered_archive2/169/CAPorg2.jpg,CAPorg2.jpg,631698,34a88d39637bd0ddc6ada1e5905598ecae35e3831416738cf5a276600247332f,1024,768,92.948825,16.95335,False,34a88d39637bd0ddc6ada1e5905598ecae35e3831416738cf5a276600247332f,False,True,val
recovered_archive2/169,recovered_archive2,169,cap_image,recovered_archive2/169/CAPorg3.jpg,CAPorg3.jpg,625499,c57a5c601b592c70a771d226bd875ed1aff34f5c5d2688300bb60dc5d8cb72bb,1024,768,89.465869,25.340164,False,c57a5c601b592c70a771d226bd875ed1aff34f5c5d2688300bb60dc5d8cb72bb,False,True,val
recovered_archive2/169,recovered_archive2,169,cap_image,recovered_archive2/169/CAPorg4.jpg,CAPorg4.jpg,603268,4786e64e0b1bbd13bb1c2875884e08c2961529669f03ce49a47ec7eef11badec,1024,768,58.551727,17.071949,False,4786e64e0b1bbd13bb1c2875884e08c2961529669f03ce49a47ec7eef11badec,False,True,val
recovered_archive2/169,recovered_archive2,169,cap_image,recovered_archive2/169/CAPorg5.jpg,CAPorg5.jpg,580561,96fb54a10a62238fcdf0fbc24ad1b07e26607a206262666baf816cc9c439a335,1024,768,50.123222,27.038011,False,96fb54a10a62238fcdf0fbc24ad1b07e26607a206262666baf816cc9c439a335,False,True,val
recovered_archive2/169,recovered_archive2,169,report_image,recovered_archive2/169/rep.jpg.jpg,rep.jpg.jpg,85070,459d1752473c34707d948a955ad4f2cc864d9ace60a341f383a797b0f21cd4f6,,,,,False,459d1752473c34707d948a955ad4f2cc864d9ace60a341f383a797b0f21cd4f6,False,False,val
recovered_archive2/169,recovered_archive2,169,report_image,recovered_archive2/169/rep_1.jpg.jpg,rep_1.jpg.jpg,65239,40a906b3d58ab5de1657a3a4a7533b411ae5bbac0239d5f90e3dbb3b7c5a2502,,,,,False,40a906b3d58ab5de1657a3a4a7533b411ae5bbac0239d5f90e3dbb3b7c5a2502,False,False,val
recovered_archive2/169,recovered_archive2,169,report_image,recovered_archive2/169/rep_1903050.jpg.jpg,rep_1903050.jpg.jpg,55318,844eb58100b90405ced75ebeccfb40e59843d951aafe06e36e16e8acffc8cb48,,,,,False,844eb58100b90405ced75ebeccfb40e59843d951aafe06e36e16e8acffc8cb48,False,False,val
recovered_archive2/169,recovered_archive2,169,report_image,recovered_archive2/169/rep_1903051.jpg.jpg,rep_1903051.jpg.jpg,85070,459d1752473c34707d948a955ad4f2cc864d9ace60a341f383a797b0f21cd4f6,,,,,False,459d1752473c34707d948a955ad4f2cc864d9ace60a341f383a797b0f21cd4f6,False,False,val
recovered_archive2/169,recovered_archive2,169,report_image,recovered_archive2/169/rep_右手.jpg.jpg,rep_右手.jpg.jpg,85070,459d1752473c34707d948a955ad4f2cc864d9ace60a341f383a797b0f21cd4f6,,,,,False,459d1752473c34707d948a955ad4f2cc864d9ace60a341f383a797b0f21cd4f6,False,False,val
recovered_archive2/169,recovered_archive2,169,video,recovered_archive2/169/wmv0.avi,wmv0.avi,10168832,,,,,,False,,True,False,val
recovered_archive2/170,recovered_archive2,170,cap_image,recovered_archive2/170/CAPorg1.jpg,CAPorg1.jpg,550966,605fa1e9bab6fb784e08640c10912a5ada33dc029268f004f29b91869b990513,1024,768,201.469855,50.766699,False,605fa1e9bab6fb784e08640c10912a5ada33dc029268f004f29b91869b990513,False,True,val
recovered_archive2/170,recovered_archive2,170,cap_image,recovered_archive2/170/CAPorg2.jpg,CAPorg2.jpg,642959,0781e56c7bd5c44d960c86ff8d9b06c085c66d626b2d662310c9666f17e1d81d,1024,768,156.130117,40.208519,False,0781e56c7bd5c44d960c86ff8d9b06c085c66d626b2d662310c9666f17e1d81d,False,True,val
recovered_archive2/170,recovered_archive2,170,cap_image,recovered_archive2/170/CAPorg3.jpg,CAPorg3.jpg,643988,d706a13e4154984edfb179e28acfb41e7c66fdedcdd0f514bcbd6e18f076fee7,1024,768,128.843224,39.918832,False,d706a13e4154984edfb179e28acfb41e7c66fdedcdd0f514bcbd6e18f076fee7,False,True,val
recovered_archive2/170,recovered_archive2,170,cap_image,recovered_archive2/170/CAPorg4.jpg,CAPorg4.jpg,649788,064f0e016a367b2d5dda479861deec1e76791efdc380f147a91c9f63d4cd0746,1024,768,135.154147,39.266798,False,064f0e016a367b2d5dda479861deec1e76791efdc380f147a91c9f63d4cd0746,False,True,val
recovered_archive2/170,recovered_archive2,170,cap_image,recovered_archive2/170/CAPorg5.jpg,CAPorg5.jpg,645935,a951a0cf7419f4e2e2c43bb291460402911c013af716017e4390d9826a5263ee,1024,768,133.790007,45.18047,False,a951a0cf7419f4e2e2c43bb291460402911c013af716017e4390d9826a5263ee,False,True,val
recovered_archive2/170,recovered_archive2,170,cap_image,recovered_archive2/170/CAPorg6.jpg,CAPorg6.jpg,643216,6e743f8b041d5283fd704b874360eaa9ce928cbceb9ac2abcfba340b3559054e,1024,768,133.491596,46.71605,False,6e743f8b041d5283fd704b874360eaa9ce928cbceb9ac2abcfba340b3559054e,False,True,val
recovered_archive2/170,recovered_archive2,170,cap_image,recovered_archive2/170/CAPorg7.jpg,CAPorg7.jpg,644330,2dcbc6803eeede3ae977cb699a4c4d25578502acf73fd9f9da3da39daaf542af,1024,768,133.382821,47.950381,False,2dcbc6803eeede3ae977cb699a4c4d25578502acf73fd9f9da3da39daaf542af,False,True,val
recovered_archive2/170,recovered_archive2,170,cap_image,recovered_archive2/170/CAPorg8.jpg,CAPorg8.jpg,650041,c6cbedf4cf171d9b3854ebec770630affe631fa663db4bc1270840b482d6eb3f,1024,768,139.818434,39.852738,False,c6cbedf4cf171d9b3854ebec770630affe631fa663db4bc1270840b482d6eb3f,False,True,val
recovered_archive2/170,recovered_archive2,170,cap_image,recovered_archive2/170/CAPorg9.jpg,CAPorg9.jpg,647124,b456bcb6f7b8cb01dde35551b6530eb655d62403bcb29a4582b835d6639d373e,1024,768,146.285789,39.147377,False,b456bcb6f7b8cb01dde35551b6530eb655d62403bcb29a4582b835d6639d373e,False,True,val
recovered_archive2/170,recovered_archive2,170,report_image,recovered_archive2/170/rep.jpg.jpg,rep.jpg.jpg,77034,584bf4ba35e5ffd01608d44b3e9a8893be848a5df73c492c90c2468d12a5387b,,,,,False,584bf4ba35e5ffd01608d44b3e9a8893be848a5df73c492c90c2468d12a5387b,False,False,val
recovered_archive2/170,recovered_archive2,170,report_image,recovered_archive2/170/rep_2004140.jpg.jpg,rep_2004140.jpg.jpg,77034,584bf4ba35e5ffd01608d44b3e9a8893be848a5df73c492c90c2468d12a5387b,,,,,False,584bf4ba35e5ffd01608d44b3e9a8893be848a5df73c492c90c2468d12a5387b,False,False,val
recovered_archive2/170,recovered_archive2,170,report_image,recovered_archive2/170/rep_2004141.jpg.jpg,rep_2004141.jpg.jpg,77034,584bf4ba35e5ffd01608d44b3e9a8893be848a5df73c492c90c2468d12a5387b,,,,,False,584bf4ba35e5ffd01608d44b3e9a8893be848a5df73c492c90c2468d12a5387b,False,False,val
recovered_archive2/170,recovered_archive2,170,report_image,recovered_archive2/170/rep_左手.jpg.jpg,rep_左手.jpg.jpg,77034,584bf4ba35e5ffd01608d44b3e9a8893be848a5df73c492c90c2468d12a5387b,,,,,False,584bf4ba35e5ffd01608d44b3e9a8893be848a5df73c492c90c2468d12a5387b,False,False,val
recovered_archive2/170,recovered_archive2,170,video,recovered_archive2/170/wmv0.avi,wmv0.avi,429398528,,,,,,False,,True,False,val
recovered_archive2/170,recovered_archive2,170,video,recovered_archive2/170/wmv1.avi,wmv1.avi,372774912,,,,,,False,,True,False,val
recovered_archive2/171,recovered_archive2,171,cap_image,recovered_archive2/171/CAPorg1.jpg,CAPorg1.jpg,597818,363a4f4cb6d6bc51bb51ddaef65ce9271bcb5a6f97eb1b1a607a38a17f7b4d9a,1024,768,54.490589,18.08868,False,363a4f4cb6d6bc51bb51ddaef65ce9271bcb5a6f97eb1b1a607a38a17f7b4d9a,False,True,val
recovered_archive2/171,recovered_archive2,171,cap_image,recovered_archive2/171/CAPorg2.jpg,CAPorg2.jpg,626114,f68c446415286f56c57b9e6db51e3527f398acc9afb65b7bea6910e1a26c4d14,1024,768,93.368439,27.170788,False,f68c446415286f56c57b9e6db51e3527f398acc9afb65b7bea6910e1a26c4d14,False,True,val
recovered_archive2/171,recovered_archive2,171,cap_image,recovered_archive2/171/CAPorg3.jpg,CAPorg3.jpg,642622,1ad7877b835c00c3e06439361d54da7152adeb627175498a85b9c9ed4d851b2a,1024,768,126.400752,36.158537,False,1ad7877b835c00c3e06439361d54da7152adeb627175498a85b9c9ed4d851b2a,False,True,val
recovered_archive2/171,recovered_archive2,171,cap_image,recovered_archive2/171/CAPorg4.jpg,CAPorg4.jpg,666384,6cf2c8db02142ef7c6fc300870a334d38ee1faf36cb67951420db386f9d2ab4b,1024,768,150.452339,38.708291,False,6cf2c8db02142ef7c6fc300870a334d38ee1faf36cb67951420db386f9d2ab4b,False,True,val
recovered_archive2/171,recovered_archive2,171,cap_image,recovered_archive2/171/CAPorg5.jpg,CAPorg5.jpg,651216,49d1974e6b8deeefca8e9f7522ba102cc7fb656b08db021a624710f52fe827bf,1024,768,184.364686,47.03562,False,49d1974e6b8deeefca8e9f7522ba102cc7fb656b08db021a624710f52fe827bf,False,True,val
recovered_archive2/171,recovered_archive2,171,report_image,recovered_archive2/171/rep.jpg.jpg,rep.jpg.jpg,63970,f7c7162c5f29ddf170f68ce9db226b7be07a1c3d12a65f15e92afa962086120a,,,,,False,f7c7162c5f29ddf170f68ce9db226b7be07a1c3d12a65f15e92afa962086120a,False,False,val
recovered_archive2/171,recovered_archive2,171,report_image,recovered_archive2/171/rep_1810170.jpg.jpg,rep_1810170.jpg.jpg,63970,f7c7162c5f29ddf170f68ce9db226b7be07a1c3d12a65f15e92afa962086120a,,,,,False,f7c7162c5f29ddf170f68ce9db226b7be07a1c3d12a65f15e92afa962086120a,False,False,val
recovered_archive2/172,recovered_archive2,172,cap_image,recovered_archive2/172/CAPorg1.jpg,CAPorg1.jpg,480958,7044f14c962fdfba289a63932bcda5d43b94141705cb65b231be23fa1ca111c9,1024,768,75.966611,74.997277,False,7044f14c962fdfba289a63932bcda5d43b94141705cb65b231be23fa1ca111c9,False,True,train
recovered_archive2/172,recovered_archive2,172,cap_image,recovered_archive2/172/CAPorg10.jpg,CAPorg10.jpg,636478,0b78625001ec6c85aba55bb87890af40036f8ffd662614b97ffdfe1e3e62d3d4,1024,768,119.482268,53.1873,False,0b78625001ec6c85aba55bb87890af40036f8ffd662614b97ffdfe1e3e62d3d4,False,True,train
recovered_archive2/172,recovered_archive2,172,cap_image,recovered_archive2/172/CAPorg11.jpg,CAPorg11.jpg,589420,186217528b8bd7aaaacf712370f4206b4773b6a919de25634884ee9cb0a93af0,1024,768,80.045561,52.529831,False,186217528b8bd7aaaacf712370f4206b4773b6a919de25634884ee9cb0a93af0,False,True,train
recovered_archive2/172,recovered_archive2,172,cap_image,recovered_archive2/172/CAPorg12.jpg,CAPorg12.jpg,634865,7ab26427366434be82de78909830d2db8f5112a53fc29108a7d061df90643a99,1024,768,161.379327,53.831571,False,7ab26427366434be82de78909830d2db8f5112a53fc29108a7d061df90643a99,False,True,train
recovered_archive2/172,recovered_archive2,172,cap_image,recovered_archive2/172/CAPorg2.jpg,CAPorg2.jpg,444093,2704d09378c2f3352e6be4d1ad58929e81d748de2463d807f142ca5582f38784,1024,768,28.69375,37.599337,False,2704d09378c2f3352e6be4d1ad58929e81d748de2463d807f142ca5582f38784,False,True,train
recovered_archive2/172,recovered_archive2,172,cap_image,recovered_archive2/172/CAPorg3.jpg,CAPorg3.jpg,539408,38f9716457ce9bff41c67069c9a37302a81035d4bdec0f02525ec89854d3266b,1024,768,48.885253,31.568742,False,38f9716457ce9bff41c67069c9a37302a81035d4bdec0f02525ec89854d3266b,False,True,train
recovered_archive2/172,recovered_archive2,172,cap_image,recovered_archive2/172/CAPorg4.jpg,CAPorg4.jpg,599169,196e2c8259957b669e7211259ea9882b421d84a9937a622d4dbe9ec3e7c27790,1024,768,68.396633,37.966791,False,196e2c8259957b669e7211259ea9882b421d84a9937a622d4dbe9ec3e7c27790,False,True,train
recovered_archive2/172,recovered_archive2,172,cap_image,recovered_archive2/172/CAPorg5.jpg,CAPorg5.jpg,594151,6db587ff31c9a748446089d3069a1d887e53468021d1113177662c445bd73b8a,1024,768,64.471981,42.663799,False,6db587ff31c9a748446089d3069a1d887e53468021d1113177662c445bd73b8a,False,True,train
recovered_archive2/172,recovered_archive2,172,cap_image,recovered_archive2/172/CAPorg6.jpg,CAPorg6.jpg,588796,b3b541b4a036208a9a16c263176bec9a9ea540e4ccd81b43b5483ae6b4b67999,1024,768,56.563456,32.126777,False,b3b541b4a036208a9a16c263176bec9a9ea540e4ccd81b43b5483ae6b4b67999,False,True,train
recovered_archive2/172,recovered_archive2,172,cap_image,recovered_archive2/172/CAPorg7.jpg,CAPorg7.jpg,573150,3606c6e2d17e20028b56855fdfdcc240c821899feddbf22fb8a8fac2f33781ab,1024,768,50.033488,30.874667,False,3606c6e2d17e20028b56855fdfdcc240c821899feddbf22fb8a8fac2f33781ab,False,True,train
recovered_archive2/172,recovered_archive2,172,cap_image,recovered_archive2/172/CAPorg8.jpg,CAPorg8.jpg,559053,e08b04785cf3ce171ff9c87ee0ed619d85f661f4fd25589af23894394f1df54b,1024,768,43.050484,28.499935,False,e08b04785cf3ce171ff9c87ee0ed619d85f661f4fd25589af23894394f1df54b,False,True,train
recovered_archive2/172,recovered_archive2,172,cap_image,recovered_archive2/172/CAPorg9.jpg,CAPorg9.jpg,533621,1beeefe8b93e2a1b3293415fc524b2337bfe5dfd1d3c5edc68301851d19abb77,1024,768,40.317941,30.279279,False,1beeefe8b93e2a1b3293415fc524b2337bfe5dfd1d3c5edc68301851d19abb77,False,True,train
recovered_archive2/172,recovered_archive2,172,report_image,recovered_archive2/172/rep.jpg.jpg,rep.jpg.jpg,71750,51bf9aa511e5b7f76fd39b461f07f3c077977a287a3630885532b2164f17fbfd,,,,,False,51bf9aa511e5b7f76fd39b461f07f3c077977a287a3630885532b2164f17fbfd,False,False,train
recovered_archive2/172,recovered_archive2,172,report_image,recovered_archive2/172/rep_2005190.jpg.jpg,rep_2005190.jpg.jpg,74519,fdf6b9e2cb4fbc281025955c2d30581912c2ea506746df65dd30f45de1533b21,,,,,False,fdf6b9e2cb4fbc281025955c2d30581912c2ea506746df65dd30f45de1533b21,False,False,train
recovered_archive2/172,recovered_archive2,172,report_image,recovered_archive2/172/rep_2005191.jpg.jpg,rep_2005191.jpg.jpg,74519,fdf6b9e2cb4fbc281025955c2d30581912c2ea506746df65dd30f45de1533b21,,,,,False,fdf6b9e2cb4fbc281025955c2d30581912c2ea506746df65dd30f45de1533b21,False,False,train
recovered_archive2/172,recovered_archive2,172,report_image,recovered_archive2/172/rep_2005192.jpg.jpg,rep_2005192.jpg.jpg,71750,51bf9aa511e5b7f76fd39b461f07f3c077977a287a3630885532b2164f17fbfd,,,,,False,51bf9aa511e5b7f76fd39b461f07f3c077977a287a3630885532b2164f17fbfd,False,False,train
recovered_archive2/172,recovered_archive2,172,report_image,recovered_archive2/172/rep_左手.jpg.jpg,rep_左手.jpg.jpg,71750,51bf9aa511e5b7f76fd39b461f07f3c077977a287a3630885532b2164f17fbfd,,,,,False,51bf9aa511e5b7f76fd39b461f07f3c077977a287a3630885532b2164f17fbfd,False,False,train
recovered_archive2/173,recovered_archive2,173,cap_image,recovered_archive2/173/CAPorg1.jpg,CAPorg1.jpg,434586,b28471ce75c03926baea11af30150bf2fc4c50a3530411c2cde6695b2c641218,1024,768,217.797681,43.219331,False,b28471ce75c03926baea11af30150bf2fc4c50a3530411c2cde6695b2c641218,False,True,test
recovered_archive2/173,recovered_archive2,173,cap_image,recovered_archive2/173/CAPorg2.jpg,CAPorg2.jpg,480612,ddfb1f96823fef61729c57635ad9dd676c9728a8655cca023648d8bc9be8ce78,1024,768,210.797181,40.111633,False,ddfb1f96823fef61729c57635ad9dd676c9728a8655cca023648d8bc9be8ce78,False,True,test
recovered_archive2/173,recovered_archive2,173,cap_image,recovered_archive2/173/CAPorg3.jpg,CAPorg3.jpg,591822,8ccb9c3433b99d47aff38efeb8266821f6393452e9c5e1ed84bbb1a6f672170b,1024,768,144.287023,61.608571,False,8ccb9c3433b99d47aff38efeb8266821f6393452e9c5e1ed84bbb1a6f672170b,False,True,test
recovered_archive2/173,recovered_archive2,173,cap_image,recovered_archive2/173/CAPorg4.jpg,CAPorg4.jpg,550023,a229941c9a2c1a3b745fb48a29aad9f79f27fa2f395c2faa639c8c350ccbd48a,1024,768,50.461891,24.488907,False,a229941c9a2c1a3b745fb48a29aad9f79f27fa2f395c2faa639c8c350ccbd48a,False,True,test
recovered_archive2/173,recovered_archive2,173,cap_image,recovered_archive2/173/CAPorg5.jpg,CAPorg5.jpg,612561,140a88e40c08f2e735c27e5165c381e8fe05545890b4b0863689a0ea3cf46f0a,1024,768,145.203205,26.722363,False,140a88e40c08f2e735c27e5165c381e8fe05545890b4b0863689a0ea3cf46f0a,False,True,test
recovered_archive2/173,recovered_archive2,173,cap_image,recovered_archive2/173/CAPorg6.jpg,CAPorg6.jpg,612208,3c9c8a88a9ede3cd14fceb1fa763d98d32ddbbdea0bd0135384d92131e535117,1024,768,187.565188,34.230561,False,3c9c8a88a9ede3cd14fceb1fa763d98d32ddbbdea0bd0135384d92131e535117,False,True,test
recovered_archive2/173,recovered_archive2,173,cap_image,recovered_archive2/173/CAPorg7.jpg,CAPorg7.jpg,621435,7aac88813eff9a9d6309613a194156ac036cd8976a6dd8f3b11401f1f2dccd5a,1024,768,175.799218,29.908481,False,7aac88813eff9a9d6309613a194156ac036cd8976a6dd8f3b11401f1f2dccd5a,False,True,test
recovered_archive2/173,recovered_archive2,173,cap_image,recovered_archive2/173/CAPorg8.jpg,CAPorg8.jpg,611358,b8d6b48a01811bd4d277e5457e65b0c5fc9e1e19255c596ac8980b3802139060,1024,768,197.096202,32.241873,False,b8d6b48a01811bd4d277e5457e65b0c5fc9e1e19255c596ac8980b3802139060,False,True,test
recovered_archive2/173,recovered_archive2,173,report_image,recovered_archive2/173/rep.jpg.jpg,rep.jpg.jpg,89916,dd70bec3b658285c2c3ae3b1af3064da77926bafc4d39d94c4a045182eccd079,,,,,False,dd70bec3b658285c2c3ae3b1af3064da77926bafc4d39d94c4a045182eccd079,False,False,test
recovered_archive2/173,recovered_archive2,173,report_image,recovered_archive2/173/rep_1901290.jpg.jpg,rep_1901290.jpg.jpg,89953,82188be7e508d2232f1686a8e102ff8893e3e8452a1c29df18f77255ad6dbca0,,,,,False,82188be7e508d2232f1686a8e102ff8893e3e8452a1c29df18f77255ad6dbca0,False,False,test
recovered_archive2/173,recovered_archive2,173,report_image,recovered_archive2/173/rep_1901291.jpg.jpg,rep_1901291.jpg.jpg,89916,dd70bec3b658285c2c3ae3b1af3064da77926bafc4d39d94c4a045182eccd079,,,,,False,dd70bec3b658285c2c3ae3b1af3064da77926bafc4d39d94c4a045182eccd079,False,False,test
recovered_archive2/173,recovered_archive2,173,report_image,recovered_archive2/173/rep_1901292.jpg.jpg,rep_1901292.jpg.jpg,89916,dd70bec3b658285c2c3ae3b1af3064da77926bafc4d39d94c4a045182eccd079,,,,,False,dd70bec3b658285c2c3ae3b1af3064da77926bafc4d39d94c4a045182eccd079,False,False,test
recovered_archive2/173,recovered_archive2,173,report_image,recovered_archive2/173/rep_左手.jpg.jpg,rep_左手.jpg.jpg,89916,dd70bec3b658285c2c3ae3b1af3064da77926bafc4d39d94c4a045182eccd079,,,,,False,dd70bec3b658285c2c3ae3b1af3064da77926bafc4d39d94c4a045182eccd079,False,False,test
recovered_archive2/173,recovered_archive2,173,video,recovered_archive2/173/wmv0.avi,wmv0.avi,10141696,,,,,,False,,True,False,test
recovered_archive2/173,recovered_archive2,173,video,recovered_archive2/173/wmv1.avi,wmv1.avi,10165760,,,,,,False,,True,False,test
recovered_archive2/174,recovered_archive2,174,cap_image,recovered_archive2/174/CAPorg1.jpg,CAPorg1.jpg,645791,d4c6e772c0a805b2731dbc53f5a9f064060f0539a90e474cb68ef7eec3ec43d8,1024,768,141.315646,39.720254,False,d4c6e772c0a805b2731dbc53f5a9f064060f0539a90e474cb68ef7eec3ec43d8,False,True,train
recovered_archive2/174,recovered_archive2,174,cap_image,recovered_archive2/174/CAPorg2.jpg,CAPorg2.jpg,570893,0879026bed3aeb1f89bc52f70e3339fc0865033e79331183ff25d37be75df346,1024,768,187.764703,43.278503,False,0879026bed3aeb1f89bc52f70e3339fc0865033e79331183ff25d37be75df346,False,True,train
recovered_archive2/174,recovered_archive2,174,cap_image,recovered_archive2/174/CAPorg3.jpg,CAPorg3.jpg,644682,0bfb7a9ba45ef1efd1ed226e7f599a11d4f2e536f82255b5abe92a847aa945ee,1024,768,164.432406,45.521894,False,0bfb7a9ba45ef1efd1ed226e7f599a11d4f2e536f82255b5abe92a847aa945ee,False,True,train
recovered_archive2/174,recovered_archive2,174,cap_image,recovered_archive2/174/CAPorg4.jpg,CAPorg4.jpg,645332,461ea6abb7c18af22dcb94391823c3ae1ef924815eae739954485b6336e51891,1024,768,138.150177,46.79743,False,461ea6abb7c18af22dcb94391823c3ae1ef924815eae739954485b6336e51891,False,True,train
recovered_archive2/174,recovered_archive2,174,cap_image,recovered_archive2/174/CAPorg5.jpg,CAPorg5.jpg,642073,cafb98be932ebd8cf4216a68e064a28697f0424d7330ffc09ff8f2522a1fff8f,1024,768,125.708907,40.339289,False,cafb98be932ebd8cf4216a68e064a28697f0424d7330ffc09ff8f2522a1fff8f,False,True,train
recovered_archive2/174,recovered_archive2,174,cap_image,recovered_archive2/174/CAPorg6.jpg,CAPorg6.jpg,640023,67867689a8b349efb2ad7036fdcb373ebddc49fcd49f0f1f45d5f35c806643d0,1024,768,168.400461,46.956146,False,67867689a8b349efb2ad7036fdcb373ebddc49fcd49f0f1f45d5f35c806643d0,False,True,train
recovered_archive2/174,recovered_archive2,174,cap_image,recovered_archive2/174/CAPorg7.jpg,CAPorg7.jpg,621781,a510d52191e765451716b8cc5bc5cf660fda0cc1b103ff3a48a0298b6373be8b,1024,768,165.679454,56.640957,False,a510d52191e765451716b8cc5bc5cf660fda0cc1b103ff3a48a0298b6373be8b,False,True,train
recovered_archive2/174,recovered_archive2,174,cap_image,recovered_archive2/174/CAPorg8.jpg,CAPorg8.jpg,633148,8352af00c013f82e102a3591646186b199beaa65131ecb28591c4454c3b763d1,1024,768,172.080013,49.657731,False,8352af00c013f82e102a3591646186b199beaa65131ecb28591c4454c3b763d1,False,True,train
recovered_archive2/174,recovered_archive2,174,report_image,recovered_archive2/174/rep.jpg.jpg,rep.jpg.jpg,71290,b97450e899f1427bc328753c96cf744a0865ecdffc7541527cb53849744ed1db,,,,,False,b97450e899f1427bc328753c96cf744a0865ecdffc7541527cb53849744ed1db,False,False,train
recovered_archive2/174,recovered_archive2,174,report_image,recovered_archive2/174/rep_1812210.jpg.jpg,rep_1812210.jpg.jpg,70999,f1ac1801848e68b64186a344da5106ca0574b0e6161e5a0a40686218bef90eeb,,,,,False,f1ac1801848e68b64186a344da5106ca0574b0e6161e5a0a40686218bef90eeb,False,False,train
recovered_archive2/174,recovered_archive2,174,report_image,recovered_archive2/174/rep_1812211.jpg.jpg,rep_1812211.jpg.jpg,71290,b97450e899f1427bc328753c96cf744a0865ecdffc7541527cb53849744ed1db,,,,,False,b97450e899f1427bc328753c96cf744a0865ecdffc7541527cb53849744ed1db,False,False,train
recovered_archive2/174,recovered_archive2,174,report_image,recovered_archive2/174/rep_左手.jpg.jpg,rep_左手.jpg.jpg,71290,b97450e899f1427bc328753c96cf744a0865ecdffc7541527cb53849744ed1db,,,,,False,b97450e899f1427bc328753c96cf744a0865ecdffc7541527cb53849744ed1db,False,False,train
recovered_archive2/175,recovered_archive2,175,cap_image,recovered_archive2/175/CAPorg1.jpg,CAPorg1.jpg,630785,bb5335820ff93c6a5e8a4b193fb33ccf9c54f9aab2b24e9743a0693ade188572,1024,768,135.890663,66.998113,False,bb5335820ff93c6a5e8a4b193fb33ccf9c54f9aab2b24e9743a0693ade188572,False,True,train
recovered_archive2/175,recovered_archive2,175,cap_image,recovered_archive2/175/CAPorg10.jpg,CAPorg10.jpg,604364,9b27720510f7e7b4b713b43f4bb0d897cc617b58cab1afa23b102e011e4d7041,1024,768,62.671324,31.785795,False,9b27720510f7e7b4b713b43f4bb0d897cc617b58cab1afa23b102e011e4d7041,False,True,train
recovered_archive2/175,recovered_archive2,175,cap_image,recovered_archive2/175/CAPorg11.jpg,CAPorg11.jpg,600785,0b00df3edcc335a72102591e672b1442818858eb808ac247e94c3c5f02786739,1024,768,61.471686,37.588719,False,0b00df3edcc335a72102591e672b1442818858eb808ac247e94c3c5f02786739,False,True,train
recovered_archive2/175,recovered_archive2,175,cap_image,recovered_archive2/175/CAPorg12.jpg,CAPorg12.jpg,601134,39bce015f39bee9b3d06c43b4caa8ab847d3e55aec5292ee7e78c87ba8a2c29c,1024,768,63.539286,38.344723,False,39bce015f39bee9b3d06c43b4caa8ab847d3e55aec5292ee7e78c87ba8a2c29c,False,True,train
recovered_archive2/175,recovered_archive2,175,cap_image,recovered_archive2/175/CAPorg2.jpg,CAPorg2.jpg,630047,a197d14c99717b82a8de1eca6a26f0535c688830466b86d6ca92a32703d4f411,1024,768,131.893358,61.573483,False,a197d14c99717b82a8de1eca6a26f0535c688830466b86d6ca92a32703d4f411,False,True,train
recovered_archive2/175,recovered_archive2,175,cap_image,recovered_archive2/175/CAPorg3.jpg,CAPorg3.jpg,595332,645a91d4661e9723e6aca2289a7be4af1b64e9f868f0a3e54e959db10404026e,1024,768,131.951806,77.085993,False,645a91d4661e9723e6aca2289a7be4af1b64e9f868f0a3e54e959db10404026e,False,True,train
recovered_archive2/175,recovered_archive2,175,cap_image,recovered_archive2/175/CAPorg4.jpg,CAPorg4.jpg,595568,0488abd604c30207ae0f4ce088b1e4b477bfb6ef9e2853e226c6856f266934ee,1024,768,132.228832,77.100477,False,0488abd604c30207ae0f4ce088b1e4b477bfb6ef9e2853e226c6856f266934ee,False,True,train
recovered_archive2/175,recovered_archive2,175,cap_image,recovered_archive2/175/CAPorg5.jpg,CAPorg5.jpg,646008,6aa72e896b610b1062cfae9d6d83024252bc699dd769f34b74181424b44b4cab,1024,768,178.142119,46.247305,False,6aa72e896b610b1062cfae9d6d83024252bc699dd769f34b74181424b44b4cab,False,True,train
recovered_archive2/175,recovered_archive2,175,cap_image,recovered_archive2/175/CAPorg6.jpg,CAPorg6.jpg,618224,a5a7ed7819e166b051c53a14398cfb37a6ada3abe8f17b62f86300ec980ecfcd,1024,768,177.978303,58.063715,False,a5a7ed7819e166b051c53a14398cfb37a6ada3abe8f17b62f86300ec980ecfcd,False,True,train
recovered_archive2/175,recovered_archive2,175,cap_image,recovered_archive2/175/CAPorg7.jpg,CAPorg7.jpg,649309,6ee88b99242b5d936c338d54a5d3324f636751c9da6491a148de20e440dacecc,1024,768,139.943577,63.968409,False,6ee88b99242b5d936c338d54a5d3324f636751c9da6491a148de20e440dacecc,False,True,train
recovered_archive2/175,recovered_archive2,175,cap_image,recovered_archive2/175/CAPorg8.jpg,CAPorg8.jpg,654504,3ac080e63fc4fa1bbb6f7641e6be15b595ac3ae8186a828061de4ba20d504db3,1024,768,149.168823,61.629639,False,3ac080e63fc4fa1bbb6f7641e6be15b595ac3ae8186a828061de4ba20d504db3,False,True,train
recovered_archive2/175,recovered_archive2,175,cap_image,recovered_archive2/175/CAPorg9.jpg,CAPorg9.jpg,607183,24e305ad87c8534219a25319bdeaa4a6bb89acac8392e9302d5bc5bad3a725d7,1024,768,65.494783,32.006786,False,24e305ad87c8534219a25319bdeaa4a6bb89acac8392e9302d5bc5bad3a725d7,False,True,train
recovered_archive2/175,recovered_archive2,175,report_image,recovered_archive2/175/rep.jpg.jpg,rep.jpg.jpg,79237,4afd3803ee4ee9ca517049f7c3e299c2d7c33b110c82508fa366f253b112733b,,,,,False,4afd3803ee4ee9ca517049f7c3e299c2d7c33b110c82508fa366f253b112733b,False,False,train
recovered_archive2/175,recovered_archive2,175,report_image,recovered_archive2/175/rep_2010270.jpg.jpg,rep_2010270.jpg.jpg,80747,099d3eeae1e3eda6c377c0929df3a1b763f82c04700f5959c51764a03e134b10,,,,,False,099d3eeae1e3eda6c377c0929df3a1b763f82c04700f5959c51764a03e134b10,False,False,train
recovered_archive2/175,recovered_archive2,175,report_image,recovered_archive2/175/rep_2010271.jpg.jpg,rep_2010271.jpg.jpg,79237,4afd3803ee4ee9ca517049f7c3e299c2d7c33b110c82508fa366f253b112733b,,,,,False,4afd3803ee4ee9ca517049f7c3e299c2d7c33b110c82508fa366f253b112733b,False,False,train
recovered_archive2/175,recovered_archive2,175,report_image,recovered_archive2/175/rep_左手.jpg.jpg,rep_左手.jpg.jpg,79237,4afd3803ee4ee9ca517049f7c3e299c2d7c33b110c82508fa366f253b112733b,,,,,False,4afd3803ee4ee9ca517049f7c3e299c2d7c33b110c82508fa366f253b112733b,False,False,train
recovered_archive2/175,recovered_archive2,175,video,recovered_archive2/175/wmv0.avi,wmv0.avi,335025664,,,,,,False,,True,False,train
recovered_archive2/176,recovered_archive2,176,cap_image,recovered_archive2/176/CAPorg1.jpg,CAPorg1.jpg,12917,749a8efc155a7020938f4cce12a79e06e26c0435082b998dd21c0492d02f11a1,1024,768,0.0,0.0,True,749a8efc155a7020938f4cce12a79e06e26c0435082b998dd21c0492d02f11a1,False,True,test
recovered_archive2/176,recovered_archive2,176,cap_image,recovered_archive2/176/CAPorg10.jpg,CAPorg10.jpg,621477,4d0ec4e3ebc4423d4d7052e4151a98dc9212cf477b89385a5bfb399ab2b0ac70,1024,768,79.385548,30.987323,False,4d0ec4e3ebc4423d4d7052e4151a98dc9212cf477b89385a5bfb399ab2b0ac70,False,True,test
recovered_archive2/176,recovered_archive2,176,cap_image,recovered_archive2/176/CAPorg11.jpg,CAPorg11.jpg,620790,36e1d464b64e36c8d133f251920edc49089ba1a5f1d874f27368c63b6903aefb,1024,768,80.281441,33.093222,False,36e1d464b64e36c8d133f251920edc49089ba1a5f1d874f27368c63b6903aefb,False,True,test
recovered_archive2/176,recovered_archive2,176,cap_image,recovered_archive2/176/CAPorg12.jpg,CAPorg12.jpg,630299,c394490cdffad6aec273ad94b32a15c7f80b1b4eea791ac009691c4a892276b5,1024,768,88.627741,35.772313,False,c394490cdffad6aec273ad94b32a15c7f80b1b4eea791ac009691c4a892276b5,False,True,test
recovered_archive2/176,recovered_archive2,176,cap_image,recovered_archive2/176/CAPorg13.jpg,CAPorg13.jpg,623856,26c5f4ce819e54a6bdbec864015a990af7968dbcb9c2a1c25da9a8f814f6abf0,1024,768,94.528109,39.988251,False,26c5f4ce819e54a6bdbec864015a990af7968dbcb9c2a1c25da9a8f814f6abf0,False,True,test
recovered_archive2/176,recovered_archive2,176,cap_image,recovered_archive2/176/CAPorg14.jpg,CAPorg14.jpg,626586,0afa220d3401015c62242ec33bb7637bd134b5129368d21d6e1fe8237c22759d,1024,768,91.30139,41.345976,False,0afa220d3401015c62242ec33bb7637bd134b5129368d21d6e1fe8237c22759d,False,True,test
recovered_archive2/176,recovered_archive2,176,cap_image,recovered_archive2/176/CAPorg15.jpg,CAPorg15.jpg,615980,2cdbb2383fe842eda95fa367f8d5cd8a404488a2870af82a3dbb14ca7db7d31f,1024,768,79.543958,44.605165,False,2cdbb2383fe842eda95fa367f8d5cd8a404488a2870af82a3dbb14ca7db7d31f,False,True,test
recovered_archive2/176,recovered_archive2,176,cap_image,recovered_archive2/176/CAPorg2.jpg,CAPorg2.jpg,648097,10b7d75ab453e03ef47c8cf8762c07eb1e3be089673e9debb67f7cfbda2e09bf,1024,768,146.438662,66.186104,False,10b7d75ab453e03ef47c8cf8762c07eb1e3be089673e9debb67f7cfbda2e09bf,False,True,test
recovered_archive2/176,recovered_archive2,176,cap_image,recovered_archive2/176/CAPorg3.jpg,CAPorg3.jpg,637776,7939ee5bcf3eea8c736e684fc408974c01b6fdf1f795b4f17f44551de3e0dcc4,1024,768,124.364504,73.217272,False,7939ee5bcf3eea8c736e684fc408974c01b6fdf1f795b4f17f44551de3e0dcc4,False,True,test
recovered_archive2/176,recovered_archive2,176,cap_image,recovered_archive2/176/CAPorg4.jpg,CAPorg4.jpg,539232,82bb786dc5c8202dad37107f576199375fbfe8fdc8004515e2fc56d25bed6fcc,1024,768,155.139835,80.151535,False,82bb786dc5c8202dad37107f576199375fbfe8fdc8004515e2fc56d25bed6fcc,False,True,test
recovered_archive2/176,recovered_archive2,176,cap_image,recovered_archive2/176/CAPorg5.jpg,CAPorg5.jpg,626608,6ad46249df9ec12f1af3ca19a003709bc60045ccb164a06b2a0a17c4d4bd14fe,1024,768,86.891477,35.132957,False,6ad46249df9ec12f1af3ca19a003709bc60045ccb164a06b2a0a17c4d4bd14fe,False,True,test
recovered_archive2/176,recovered_archive2,176,cap_image,recovered_archive2/176/CAPorg6.jpg,CAPorg6.jpg,670858,5b2dae27531c0bc66de0a36b53ee7dab90fdcc927a6042938a9850bbdcc21ea1,1024,768,154.188227,48.014881,False,5b2dae27531c0bc66de0a36b53ee7dab90fdcc927a6042938a9850bbdcc21ea1,False,True,test
recovered_archive2/176,recovered_archive2,176,cap_image,recovered_archive2/176/CAPorg7.jpg,CAPorg7.jpg,593377,5dd4ae7cace869e281caf319c4f074e698f75eb05f91913eeaa1f9152b5038f8,1024,768,177.55345,62.226228,False,5dd4ae7cace869e281caf319c4f074e698f75eb05f91913eeaa1f9152b5038f8,False,True,test
recovered_archive2/176,recovered_archive2,176,cap_image,recovered_archive2/176/CAPorg8.jpg,CAPorg8.jpg,555252,d04a14bdea6b55051f8c65f07a63d9909be88f35249e26049a3adb3bfb4ac4f7,1024,768,165.8804,68.632706,False,d04a14bdea6b55051f8c65f07a63d9909be88f35249e26049a3adb3bfb4ac4f7,False,True,test
recovered_archive2/176,recovered_archive2,176,cap_image,recovered_archive2/176/CAPorg9.jpg,CAPorg9.jpg,571643,a927a06d3978551ab81c10380e4a941deb845faa658891360f3c119eaddf9730,1024,768,149.013292,76.873586,False,a927a06d3978551ab81c10380e4a941deb845faa658891360f3c119eaddf9730,False,True,test
recovered_archive2/176,recovered_archive2,176,report_image,recovered_archive2/176/rep.jpg.jpg,rep.jpg.jpg,80003,2fdfdedc7b62b498766bcce7fe56ab6242dec77c76081c27d587c3450a1b330d,,,,,False,2fdfdedc7b62b498766bcce7fe56ab6242dec77c76081c27d587c3450a1b330d,False,False,test
recovered_archive2/176,recovered_archive2,176,report_image,recovered_archive2/176/rep_2012100.jpg.jpg,rep_2012100.jpg.jpg,80042,ded22b603cd7c76c50be694afa9226b44e25b77663d486ef60c06200c78346a6,,,,,False,ded22b603cd7c76c50be694afa9226b44e25b77663d486ef60c06200c78346a6,False,False,test
recovered_archive2/176,recovered_archive2,176,report_image,recovered_archive2/176/rep_2012101.jpg.jpg,rep_2012101.jpg.jpg,80042,ded22b603cd7c76c50be694afa9226b44e25b77663d486ef60c06200c78346a6,,,,,False,ded22b603cd7c76c50be694afa9226b44e25b77663d486ef60c06200c78346a6,False,False,test
recovered_archive2/176,recovered_archive2,176,report_image,recovered_archive2/176/rep_双手无名指.jpg.jpg,rep_双手无名指.jpg.jpg,80003,2fdfdedc7b62b498766bcce7fe56ab6242dec77c76081c27d587c3450a1b330d,,,,,False,2fdfdedc7b62b498766bcce7fe56ab6242dec77c76081c27d587c3450a1b330d,False,False,test
recovered_archive2/176,recovered_archive2,176,video,recovered_archive2/176/wmv0.avi,wmv0.avi,483662848,,,,,,False,,True,False,test
recovered_archive2/176,recovered_archive2,176,video,recovered_archive2/176/wmv1.avi,wmv1.avi,474225664,,,,,,False,,True,False,test
recovered_archive2/176,recovered_archive2,176,video,recovered_archive2/176/wmv2.avi,wmv2.avi,497818624,,,,,,False,,True,False,test
recovered_archive2/177,recovered_archive2,177,cap_image,recovered_archive2/177/CAPorg1.jpg,CAPorg1.jpg,598975,ee424a293bfa448484ac529b232603c9766d42d8780e97e798c62a0c9f3936f3,1024,768,68.203518,32.250226,False,ee424a293bfa448484ac529b232603c9766d42d8780e97e798c62a0c9f3936f3,False,True,train
recovered_archive2/177,recovered_archive2,177,cap_image,recovered_archive2/177/CAPorg2.jpg,CAPorg2.jpg,613105,cf89ffd0e8563d858d53b4fac9a404f49437645ed9fb5c1c4ce087ef918261eb,1024,768,90.862916,50.245831,False,cf89ffd0e8563d858d53b4fac9a404f49437645ed9fb5c1c4ce087ef918261eb,False,True,train
recovered_archive2/177,recovered_archive2,177,cap_image,recovered_archive2/177/CAPorg3.jpg,CAPorg3.jpg,630289,b07ee4005b3d117046cf6cc094aa493c7f2dc8706c722018707804719192e7cc,1024,768,112.144316,42.680695,False,b07ee4005b3d117046cf6cc094aa493c7f2dc8706c722018707804719192e7cc,False,True,train
recovered_archive2/177,recovered_archive2,177,cap_image,recovered_archive2/177/CAPorg4.jpg,CAPorg4.jpg,635107,c48db107b7d7dd8665d4fc66476dcbdfc0710cc774ae3d284d9ec9588683bd9b,1024,768,109.732855,37.537738,False,c48db107b7d7dd8665d4fc66476dcbdfc0710cc774ae3d284d9ec9588683bd9b,False,True,train
recovered_archive2/177,recovered_archive2,177,cap_image,recovered_archive2/177/CAPorg5.jpg,CAPorg5.jpg,616512,f50b17b6c19c35ea542368825b01c8f42b90f8f403beab4080233a8afe0f49ba,1024,768,79.920793,24.917607,False,f50b17b6c19c35ea542368825b01c8f42b90f8f403beab4080233a8afe0f49ba,False,True,train
recovered_archive2/177,recovered_archive2,177,report_image,recovered_archive2/177/rep.jpg.jpg,rep.jpg.jpg,85242,83f89ddd091877023647cd5621fdd667cbd8a035c076fa634df40f739ff0071e,,,,,False,83f89ddd091877023647cd5621fdd667cbd8a035c076fa634df40f739ff0071e,False,False,train
recovered_archive2/177,recovered_archive2,177,report_image,recovered_archive2/177/rep_1905070.jpg.jpg,rep_1905070.jpg.jpg,83802,cb49d826ea18489c54909dde9a44a40a7c97875c61bb960df41c2ec697c974d8,,,,,False,cb49d826ea18489c54909dde9a44a40a7c97875c61bb960df41c2ec697c974d8,False,False,train
recovered_archive2/177,recovered_archive2,177,report_image,recovered_archive2/177/rep_1905071.jpg.jpg,rep_1905071.jpg.jpg,85242,83f89ddd091877023647cd5621fdd667cbd8a035c076fa634df40f739ff0071e,,,,,False,83f89ddd091877023647cd5621fdd667cbd8a035c076fa634df40f739ff0071e,False,False,train
recovered_archive2/177,recovered_archive2,177,report_image,recovered_archive2/177/rep_左手.jpg.jpg,rep_左手.jpg.jpg,85242,83f89ddd091877023647cd5621fdd667cbd8a035c076fa634df40f739ff0071e,,,,,False,83f89ddd091877023647cd5621fdd667cbd8a035c076fa634df40f739ff0071e,False,False,train
recovered_archive2/177,recovered_archive2,177,video,recovered_archive2/177/wmv0.avi,wmv0.avi,12571136,,,,,,False,,True,False,train
recovered_archive2/178,recovered_archive2,178,cap_image,recovered_archive2/178/CAPorg1.jpg,CAPorg1.jpg,503106,97d0682924b70947f41abb3545d8fa4ca432239f4ebcb8c9b3e04ef36297d065,1024,768,26.099543,15.858907,False,97d0682924b70947f41abb3545d8fa4ca432239f4ebcb8c9b3e04ef36297d065,False,True,train
recovered_archive2/178,recovered_archive2,178,cap_image,recovered_archive2/178/CAPorg2.jpg,CAPorg2.jpg,530823,8b6ebb200611e38f923cce78c786ac2f8716ab6178e0ae1eb93069b898bb2092,1024,768,30.152509,19.889952,False,8b6ebb200611e38f923cce78c786ac2f8716ab6178e0ae1eb93069b898bb2092,False,True,train
recovered_archive2/178,recovered_archive2,178,cap_image,recovered_archive2/178/CAPorg3.jpg,CAPorg3.jpg,560204,2019f0f92ed5fb522fe749f26cb820f8b31f93cb4a138abd1a0252547ebecb48,1024,768,52.224894,20.192739,False,2019f0f92ed5fb522fe749f26cb820f8b31f93cb4a138abd1a0252547ebecb48,False,True,train
recovered_archive2/178,recovered_archive2,178,cap_image,recovered_archive2/178/CAPorg4.jpg,CAPorg4.jpg,570284,ecb7932d675c0f393437158f8973c727b65a6c5a7e25217671dfd460c7f3f217,1024,768,73.157668,35.824628,False,ecb7932d675c0f393437158f8973c727b65a6c5a7e25217671dfd460c7f3f217,False,True,train
recovered_archive2/178,recovered_archive2,178,cap_image,recovered_archive2/178/CAPorg5.jpg,CAPorg5.jpg,544364,205b5d0bcd6e65a67b2832e9cfa8e706fab425d1fee15987432b8840adef4223,1024,768,43.870698,30.779823,False,205b5d0bcd6e65a67b2832e9cfa8e706fab425d1fee15987432b8840adef4223,False,True,train
recovered_archive2/178,recovered_archive2,178,report_image,recovered_archive2/178/rep.jpg.jpg,rep.jpg.jpg,81383,0bb4e61f18905b48ab258028b631896403209dbd61dc4fbd84411ceb1db13978,,,,,False,0bb4e61f18905b48ab258028b631896403209dbd61dc4fbd84411ceb1db13978,False,False,train
recovered_archive2/178,recovered_archive2,178,report_image,recovered_archive2/178/rep_1903050.jpg.jpg,rep_1903050.jpg.jpg,81420,c9441a64fbefe3e45d33ce94c93a4a76f50bf9e11aea23210bd8043160c8cf71,,,,,False,c9441a64fbefe3e45d33ce94c93a4a76f50bf9e11aea23210bd8043160c8cf71,False,False,train
recovered_archive2/178,recovered_archive2,178,report_image,recovered_archive2/178/rep_1903051.jpg.jpg,rep_1903051.jpg.jpg,81420,c9441a64fbefe3e45d33ce94c93a4a76f50bf9e11aea23210bd8043160c8cf71,,,,,False,c9441a64fbefe3e45d33ce94c93a4a76f50bf9e11aea23210bd8043160c8cf71,False,False,train
recovered_archive2/178,recovered_archive2,178,report_image,recovered_archive2/178/rep_1903120.jpg.jpg,rep_1903120.jpg.jpg,81383,0bb4e61f18905b48ab258028b631896403209dbd61dc4fbd84411ceb1db13978,,,,,False,0bb4e61f18905b48ab258028b631896403209dbd61dc4fbd84411ceb1db13978,False,False,train
recovered_archive2/178,recovered_archive2,178,report_image,recovered_archive2/178/rep_左手.jpg.jpg,rep_左手.jpg.jpg,81383,0bb4e61f18905b48ab258028b631896403209dbd61dc4fbd84411ceb1db13978,,,,,False,0bb4e61f18905b48ab258028b631896403209dbd61dc4fbd84411ceb1db13978,False,False,train
recovered_archive2/178,recovered_archive2,178,video,recovered_archive2/178/wmv0.avi,wmv0.avi,10248704,,,,,,False,,True,False,train
recovered_archive2/178,recovered_archive2,178,video,recovered_archive2/178/wmv1.avi,wmv1.avi,10135552,,,,,,False,,True,False,train
recovered_archive2/178,recovered_archive2,178,video,recovered_archive2/178/wmv2.avi,wmv2.avi,10248704,,,,,,False,,True,False,train
recovered_archive2/178,recovered_archive2,178,video,recovered_archive2/178/wmv3.avi,wmv3.avi,10223104,,,,,,False,,True,False,train
recovered_archive2/179,recovered_archive2,179,cap_image,recovered_archive2/179/CAPorg1.jpg,CAPorg1.jpg,510680,5ede7add71a98fe3f198a9ba6fff1c6ad4103fc98ce051ca5dc4745e5e7e9393,1024,768,29.295726,31.608815,False,5ede7add71a98fe3f198a9ba6fff1c6ad4103fc98ce051ca5dc4745e5e7e9393,False,True,val
recovered_archive2/179,recovered_archive2,179,cap_image,recovered_archive2/179/CAPorg2.jpg,CAPorg2.jpg,526165,a19ee988365be571b9d6d95bae0e35926f77a063081658b1f5dd927ea0667691,1024,768,34.901035,35.609942,False,a19ee988365be571b9d6d95bae0e35926f77a063081658b1f5dd927ea0667691,False,True,val
recovered_archive2/179,recovered_archive2,179,cap_image,recovered_archive2/179/CAPorg3.jpg,CAPorg3.jpg,506910,c73c303fba081458d10a0c26c30a2f77147e5d9d4e7ff80b96d3d371627c8a47,1024,768,24.10225,19.366956,False,c73c303fba081458d10a0c26c30a2f77147e5d9d4e7ff80b96d3d371627c8a47,False,True,val
recovered_archive2/179,recovered_archive2,179,cap_image,recovered_archive2/179/CAPorg4.jpg,CAPorg4.jpg,535780,7489d69e8233d77857272470f8c6f504a0c56aaf99949d833c1433225a843d40,1024,768,37.098492,33.038982,False,7489d69e8233d77857272470f8c6f504a0c56aaf99949d833c1433225a843d40,False,True,val
recovered_archive2/179,recovered_archive2,179,report_image,recovered_archive2/179/rep.jpg.jpg,rep.jpg.jpg,71882,aab04553c5b0ba5c8479613920e70f560fa1e0a6b3ebafcc6e4ed4f4de8aeb39,,,,,False,aab04553c5b0ba5c8479613920e70f560fa1e0a6b3ebafcc6e4ed4f4de8aeb39,False,False,val
recovered_archive2/179,recovered_archive2,179,report_image,recovered_archive2/179/rep_1903120.jpg.jpg,rep_1903120.jpg.jpg,69261,203a1cd898790a93515d65d613beb3184127ed9bfdabeb80fb0ab823e2318dea,,,,,False,203a1cd898790a93515d65d613beb3184127ed9bfdabeb80fb0ab823e2318dea,False,False,val
recovered_archive2/179,recovered_archive2,179,report_image,recovered_archive2/179/rep_1903121.jpg.jpg,rep_1903121.jpg.jpg,71882,aab04553c5b0ba5c8479613920e70f560fa1e0a6b3ebafcc6e4ed4f4de8aeb39,,,,,False,aab04553c5b0ba5c8479613920e70f560fa1e0a6b3ebafcc6e4ed4f4de8aeb39,False,False,val
recovered_archive2/179,recovered_archive2,179,report_image,recovered_archive2/179/rep_左手.jpg.jpg,rep_左手.jpg.jpg,71882,aab04553c5b0ba5c8479613920e70f560fa1e0a6b3ebafcc6e4ed4f4de8aeb39,,,,,False,aab04553c5b0ba5c8479613920e70f560fa1e0a6b3ebafcc6e4ed4f4de8aeb39,False,False,val
recovered_archive2/180,recovered_archive2,180,cap_image,recovered_archive2/180/CAPorg1.jpg,CAPorg1.jpg,613962,b5a3aca5bdf6e5301ac3c54fd77b0b6991f571d138353a6a9230c3c539c6a760,1024,768,150.687494,60.811006,False,b5a3aca5bdf6e5301ac3c54fd77b0b6991f571d138353a6a9230c3c539c6a760,False,True,val
recovered_archive2/180,recovered_archive2,180,cap_image,recovered_archive2/180/CAPorg10.jpg,CAPorg10.jpg,637842,a7fdc0e383442c55345f0270c78713cc71ddaaecac9e7452b419a800881ea183,1024,768,122.673935,36.348866,False,a7fdc0e383442c55345f0270c78713cc71ddaaecac9e7452b419a800881ea183,False,True,val
recovered_archive2/180,recovered_archive2,180,cap_image,recovered_archive2/180/CAPorg11.jpg,CAPorg11.jpg,629006,22232558a84ba8176ca125f8d60c58074aa4e5a9fb39332646d1469ea212781b,1024,768,103.030699,29.789191,False,22232558a84ba8176ca125f8d60c58074aa4e5a9fb39332646d1469ea212781b,False,True,val
recovered_archive2/180,recovered_archive2,180,cap_image,recovered_archive2/180/CAPorg12.jpg,CAPorg12.jpg,629392,94a385e819ff5dd0cb2709d115e955743f4dd38a9ee2fe013ffa8e4764970bd4,1024,768,93.188519,27.925503,False,94a385e819ff5dd0cb2709d115e955743f4dd38a9ee2fe013ffa8e4764970bd4,False,True,val
recovered_archive2/180,recovered_archive2,180,cap_image,recovered_archive2/180/CAPorg2.jpg,CAPorg2.jpg,536364,2bab49ca051143406af2e08500dde489b33fbe22adbb98ef916d184379fc7381,1024,768,186.44007,57.872975,False,2bab49ca051143406af2e08500dde489b33fbe22adbb98ef916d184379fc7381,False,True,val
recovered_archive2/180,recovered_archive2,180,cap_image,recovered_archive2/180/CAPorg3.jpg,CAPorg3.jpg,480159,995250177c33261f25ff167676e9840fac672ce45216781f483cc0c6be40c574,1024,768,201.789183,57.221424,False,995250177c33261f25ff167676e9840fac672ce45216781f483cc0c6be40c574,False,True,val
recovered_archive2/180,recovered_archive2,180,cap_image,recovered_archive2/180/CAPorg4.jpg,CAPorg4.jpg,618382,ba585cdee21a894afaca3e4c05cc2c6c17a8a267d86c6d9001f6d9ca55a80f91,1024,768,142.08157,65.982429,False,ba585cdee21a894afaca3e4c05cc2c6c17a8a267d86c6d9001f6d9ca55a80f91,False,True,val
recovered_archive2/180,recovered_archive2,180,cap_image,recovered_archive2/180/CAPorg5.jpg,CAPorg5.jpg,597867,ce3a401b985c97881f091a69df299ab25744cc259d1b7b43369402c1f43a045c,1024,768,58.751535,30.398013,False,ce3a401b985c97881f091a69df299ab25744cc259d1b7b43369402c1f43a045c,False,True,val
recovered_archive2/180,recovered_archive2,180,cap_image,recovered_archive2/180/CAPorg6.jpg,CAPorg6.jpg,610554,c142019c576b8c978b0759bb915898a7114091afc071dbaf83b5787f8b3da84e,1024,768,78.563636,49.977592,False,c142019c576b8c978b0759bb915898a7114091afc071dbaf83b5787f8b3da84e,False,True,val
recovered_archive2/180,recovered_archive2,180,cap_image,recovered_archive2/180/CAPorg7.jpg,CAPorg7.jpg,409738,56624d2450bcf28906623bac4a1652905dae4a617850130e4836913dd06c07b5,1024,768,229.833043,34.055432,False,56624d2450bcf28906623bac4a1652905dae4a617850130e4836913dd06c07b5,False,True,val
recovered_archive2/180,recovered_archive2,180,cap_image,recovered_archive2/180/CAPorg8.jpg,CAPorg8.jpg,606294,e367aaa364a16df8ee69f1fe9064e57c87e8eff037bc8e50384b6ebee97e4c88,1024,768,159.26453,51.744666,False,e367aaa364a16df8ee69f1fe9064e57c87e8eff037bc8e50384b6ebee97e4c88,False,True,val
recovered_archive2/180,recovered_archive2,180,cap_image,recovered_archive2/180/CAPorg9.jpg,CAPorg9.jpg,643452,1f4ccb9be7c461ec3681c47bb22f8d441dd700460b6cc2e70c892f632abb488a,1024,768,151.311225,47.694506,False,1f4ccb9be7c461ec3681c47bb22f8d441dd700460b6cc2e70c892f632abb488a,False,True,val
recovered_archive2/180,recovered_archive2,180,report_image,recovered_archive2/180/rep.jpg.jpg,rep.jpg.jpg,79714,c7dd64e7ba48d42d00f611c6aa2cbf75bd62d3d84e0eafbb9358abaceeaf4a9a,,,,,False,c7dd64e7ba48d42d00f611c6aa2cbf75bd62d3d84e0eafbb9358abaceeaf4a9a,False,False,val
recovered_archive2/180,recovered_archive2,180,report_image,recovered_archive2/180/rep_1904280.jpg.jpg,rep_1904280.jpg.jpg,74050,3d5a4bcf4b7486e0b00378529a77cd3c159f5bac57a4d5f4554d1ae5a3a82405,,,,,False,3d5a4bcf4b7486e0b00378529a77cd3c159f5bac57a4d5f4554d1ae5a3a82405,False,False,val
recovered_archive2/180,recovered_archive2,180,report_image,recovered_archive2/180/rep_右手.jpg.jpg,rep_右手.jpg.jpg,79714,c7dd64e7ba48d42d00f611c6aa2cbf75bd62d3d84e0eafbb9358abaceeaf4a9a,,,,,False,c7dd64e7ba48d42d00f611c6aa2cbf75bd62d3d84e0eafbb9358abaceeaf4a9a,False,False,val
recovered_archive2/180,recovered_archive2,180,video,recovered_archive2/180/wmv0.avi,wmv0.avi,12684288,,,,,,False,,True,False,val
recovered_archive2/181,recovered_archive2,181,cap_image,recovered_archive2/181/CAPorg1.jpg,CAPorg1.jpg,624380,17232db51487903b58ca4811a635625fa0e8d599036a23b4446c3e35078881ba,1024,768,82.191134,43.033677,False,17232db51487903b58ca4811a635625fa0e8d599036a23b4446c3e35078881ba,False,True,val
recovered_archive2/181,recovered_archive2,181,cap_image,recovered_archive2/181/CAPorg2.jpg,CAPorg2.jpg,650299,bc68ff79bdfe36f7a81cec646a98cb5f176fb356664a5067c0a9b0723e0e8540,1024,768,123.25854,44.127769,False,bc68ff79bdfe36f7a81cec646a98cb5f176fb356664a5067c0a9b0723e0e8540,False,True,val
recovered_archive2/181,recovered_archive2,181,cap_image,recovered_archive2/181/CAPorg3.jpg,CAPorg3.jpg,661150,5f9d9619b48a34bedc1646fe39da15c474ecb854fc6a4d03ea9fd0595125eb94,1024,768,159.329146,38.871796,False,5f9d9619b48a34bedc1646fe39da15c474ecb854fc6a4d03ea9fd0595125eb94,False,True,val
recovered_archive2/181,recovered_archive2,181,cap_image,recovered_archive2/181/CAPorg4.jpg,CAPorg4.jpg,661091,8724786a55b46cb402ac57dd1fc135d4d59727a02358c4419daaa5d9b398517e,1024,768,156.765205,33.884851,False,8724786a55b46cb402ac57dd1fc135d4d59727a02358c4419daaa5d9b398517e,False,True,val
recovered_archive2/181,recovered_archive2,181,cap_image,recovered_archive2/181/CAPorg5.jpg,CAPorg5.jpg,661741,1a9c0aab0fea77d7385f4e5e6d5f1c949221147460898fe123cde8da0e0aa6af,1024,768,157.132923,39.921444,False,1a9c0aab0fea77d7385f4e5e6d5f1c949221147460898fe123cde8da0e0aa6af,False,True,val
recovered_archive2/181,recovered_archive2,181,report_image,recovered_archive2/181/rep.jpg.jpg,rep.jpg.jpg,85660,6eb609d628398671b02eaaf77e4ab5dd4faa640bc6fa3c562012e7ec58c33fe8,,,,,False,6eb609d628398671b02eaaf77e4ab5dd4faa640bc6fa3c562012e7ec58c33fe8,False,False,val
recovered_archive2/181,recovered_archive2,181,report_image,recovered_archive2/181/rep_1901220.jpg.jpg,rep_1901220.jpg.jpg,79183,faed81c1139cb39400ad1f8906b9a19dc97a244371905671028b27aa9214661e,,,,,False,faed81c1139cb39400ad1f8906b9a19dc97a244371905671028b27aa9214661e,False,False,val
recovered_archive2/181,recovered_archive2,181,report_image,recovered_archive2/181/rep_1901221.jpg.jpg,rep_1901221.jpg.jpg,85660,6eb609d628398671b02eaaf77e4ab5dd4faa640bc6fa3c562012e7ec58c33fe8,,,,,False,6eb609d628398671b02eaaf77e4ab5dd4faa640bc6fa3c562012e7ec58c33fe8,False,False,val
recovered_archive2/181,recovered_archive2,181,report_image,recovered_archive2/181/rep_左手.jpg.jpg,rep_左手.jpg.jpg,85660,6eb609d628398671b02eaaf77e4ab5dd4faa640bc6fa3c562012e7ec58c33fe8,,,,,False,6eb609d628398671b02eaaf77e4ab5dd4faa640bc6fa3c562012e7ec58c33fe8,False,False,val
recovered_archive2/182,recovered_archive2,182,cap_image,recovered_archive2/182/CAPorg1.jpg,CAPorg1.jpg,527429,49b222ef18441ff0eef26a9751489ddd8d769a5fedf2e83da101c0b70812b896,1024,768,33.012527,31.409775,False,49b222ef18441ff0eef26a9751489ddd8d769a5fedf2e83da101c0b70812b896,False,True,train
recovered_archive2/182,recovered_archive2,182,cap_image,recovered_archive2/182/CAPorg2.jpg,CAPorg2.jpg,467198,88b309e7c243b314a7de4596d6ffb9bd8314b23348b25cd2b1ae6211f9a3fe83,1024,768,43.081832,46.781849,False,88b309e7c243b314a7de4596d6ffb9bd8314b23348b25cd2b1ae6211f9a3fe83,False,True,train
recovered_archive2/182,recovered_archive2,182,cap_image,recovered_archive2/182/CAPorg3.jpg,CAPorg3.jpg,407970,724f20408e57ddb08856da99da990de1872909b647eeb95c545fb16f7f8dd08e,1024,768,12.668938,14.71788,False,724f20408e57ddb08856da99da990de1872909b647eeb95c545fb16f7f8dd08e,False,True,train
recovered_archive2/182,recovered_archive2,182,cap_image,recovered_archive2/182/CAPorg4.jpg,CAPorg4.jpg,405694,44e4322a3058d28835f2f40fd9f7e1e8ab1e4a46f1a8ac890228937ea8c88e71,1024,768,9.059537,9.914502,False,44e4322a3058d28835f2f40fd9f7e1e8ab1e4a46f1a8ac890228937ea8c88e71,False,True,train
recovered_archive2/182,recovered_archive2,182,cap_image,recovered_archive2/182/CAPorg5.jpg,CAPorg5.jpg,451313,82b991bb0a80110d545d6047bbbeaad24f32d8eff1b27f4fb7f255001e6c9f9b,1024,768,11.091908,11.255032,False,82b991bb0a80110d545d6047bbbeaad24f32d8eff1b27f4fb7f255001e6c9f9b,False,True,train
recovered_archive2/182,recovered_archive2,182,cap_image,recovered_archive2/182/CAPorg6.jpg,CAPorg6.jpg,510644,15196dfd642a43971068c9102f5f33aac429205eb88309577dd4a47677ea3a97,1024,768,20.099038,26.279508,False,15196dfd642a43971068c9102f5f33aac429205eb88309577dd4a47677ea3a97,False,True,train
recovered_archive2/182,recovered_archive2,182,cap_image,recovered_archive2/182/CAPorg7.jpg,CAPorg7.jpg,519036,a48fa77fdfb56e554c17224a70e2cb35cee8d18adbba674c11d6dc273c1e9958,1024,768,22.481168,31.850807,False,a48fa77fdfb56e554c17224a70e2cb35cee8d18adbba674c11d6dc273c1e9958,False,True,train
recovered_archive2/182,recovered_archive2,182,report_image,recovered_archive2/182/rep.jpg.jpg,rep.jpg.jpg,74623,c1d290b53b0593d4e69f8e531edef9624cfc5948326bf05d5a46762cff20bacd,,,,,False,c1d290b53b0593d4e69f8e531edef9624cfc5948326bf05d5a46762cff20bacd,False,False,train
recovered_archive2/182,recovered_archive2,182,report_image,recovered_archive2/182/rep_1812070.jpg.jpg,rep_1812070.jpg.jpg,43559,1aa0a6511ad71c35f690da0adbcd4e67cb137827618560e74a7d4b536b5684e6,,,,,False,1aa0a6511ad71c35f690da0adbcd4e67cb137827618560e74a7d4b536b5684e6,False,False,train
recovered_archive2/182,recovered_archive2,182,report_image,recovered_archive2/182/rep_1812071.jpg.jpg,rep_1812071.jpg.jpg,73899,0df0500ef672bc5c6f0d0835dd72273a9dbfbc8a843a89346fae37073be4609f,,,,,False,0df0500ef672bc5c6f0d0835dd72273a9dbfbc8a843a89346fae37073be4609f,False,False,train
recovered_archive2/182,recovered_archive2,182,report_image,recovered_archive2/182/rep_1812072.jpg.jpg,rep_1812072.jpg.jpg,74623,c1d290b53b0593d4e69f8e531edef9624cfc5948326bf05d5a46762cff20bacd,,,,,False,c1d290b53b0593d4e69f8e531edef9624cfc5948326bf05d5a46762cff20bacd,False,False,train
recovered_archive2/182,recovered_archive2,182,report_image,recovered_archive2/182/rep_左手.jpg.jpg,rep_左手.jpg.jpg,74623,c1d290b53b0593d4e69f8e531edef9624cfc5948326bf05d5a46762cff20bacd,,,,,False,c1d290b53b0593d4e69f8e531edef9624cfc5948326bf05d5a46762cff20bacd,False,False,train
recovered_archive2/183,recovered_archive2,183,cap_image,recovered_archive2/183/CAPorg1.jpg,CAPorg1.jpg,615321,09149c14120199bb0b9b0e3d69b1489339cbe7ccdf9dab907ad0071a78ba57df,1024,768,80.787189,37.028488,False,09149c14120199bb0b9b0e3d69b1489339cbe7ccdf9dab907ad0071a78ba57df,False,True,train
recovered_archive2/183,recovered_archive2,183,cap_image,recovered_archive2/183/CAPorg10.jpg,CAPorg10.jpg,611710,4304eb0662ca68bacca108ef87631406eaa3ece48fe57c1ddf6abd5bb4d30ff1,1024,768,84.000662,47.446395,False,4304eb0662ca68bacca108ef87631406eaa3ece48fe57c1ddf6abd5bb4d30ff1,False,True,train
recovered_archive2/183,recovered_archive2,183,cap_image,recovered_archive2/183/CAPorg11.jpg,CAPorg11.jpg,594721,d0e0b3a966cc9acf58e1b76a386c8615196ac28b770b730b3d9e0891d323a6d5,1024,768,98.447989,59.24882,False,d0e0b3a966cc9acf58e1b76a386c8615196ac28b770b730b3d9e0891d323a6d5,False,True,train
recovered_archive2/183,recovered_archive2,183,cap_image,recovered_archive2/183/CAPorg12.jpg,CAPorg12.jpg,519499,b0683a614bdd3767fb54328d01cde4903e2ed4cf43769fd0b84f36886b01e954,1024,768,27.960101,22.870944,False,b0683a614bdd3767fb54328d01cde4903e2ed4cf43769fd0b84f36886b01e954,False,True,train
recovered_archive2/183,recovered_archive2,183,cap_image,recovered_archive2/183/CAPorg13.jpg,CAPorg13.jpg,536598,4f7eccea529bf0c3c3a85850a50799734db47777c2e5cde7b641e7bc0f826fc9,1024,768,20.512074,21.457788,False,4f7eccea529bf0c3c3a85850a50799734db47777c2e5cde7b641e7bc0f826fc9,False,True,train
recovered_archive2/183,recovered_archive2,183,cap_image,recovered_archive2/183/CAPorg14.jpg,CAPorg14.jpg,597720,c2e5a0949d4d634aab763c71ac04303036185ed2e12fa14ecaecfb9e515e7351,1024,768,54.215204,24.712797,False,c2e5a0949d4d634aab763c71ac04303036185ed2e12fa14ecaecfb9e515e7351,False,True,train
recovered_archive2/183,recovered_archive2,183,cap_image,recovered_archive2/183/CAPorg15.jpg,CAPorg15.jpg,602961,0ac1be23231c43ffb6db5223c818589a3707c95afbfe767b22f60fb8e2070073,1024,768,60.992304,16.123691,False,0ac1be23231c43ffb6db5223c818589a3707c95afbfe767b22f60fb8e2070073,False,True,train
recovered_archive2/183,recovered_archive2,183,cap_image,recovered_archive2/183/CAPorg16.jpg,CAPorg16.jpg,602287,fc4aa15d9440c323c806d2e2237edc4b443dfeef62873a78d49e24cbfb74541e,1024,768,58.060825,18.319594,False,fc4aa15d9440c323c806d2e2237edc4b443dfeef62873a78d49e24cbfb74541e,False,True,train
recovered_archive2/183,recovered_archive2,183,cap_image,recovered_archive2/183/CAPorg17.jpg,CAPorg17.jpg,610609,0faf52b7069f0cc90b3ec483358431f8b6b1b4d87fa15246d086d4ca7641c620,1024,768,68.24839,22.167161,False,0faf52b7069f0cc90b3ec483358431f8b6b1b4d87fa15246d086d4ca7641c620,False,True,train
recovered_archive2/183,recovered_archive2,183,cap_image,recovered_archive2/183/CAPorg18.jpg,CAPorg18.jpg,622799,2b16d75304c323ca026c2f867fb10aec59ec641420d132db75849642196dbe39,1024,768,87.829703,25.925724,False,2b16d75304c323ca026c2f867fb10aec59ec641420d132db75849642196dbe39,False,True,train
recovered_archive2/183,recovered_archive2,183,cap_image,recovered_archive2/183/CAPorg19.jpg,CAPorg19.jpg,622464,1aba5242481df21b5d8a49fb495118c33ea4f2ae1b2c1379dfbbdbf8d4a1129c,1024,768,87.706202,26.3098,False,1aba5242481df21b5d8a49fb495118c33ea4f2ae1b2c1379dfbbdbf8d4a1129c,False,True,train
recovered_archive2/183,recovered_archive2,183,cap_image,recovered_archive2/183/CAPorg2.jpg,CAPorg2.jpg,598074,70489924d79fc1d15c443ad63a1c7ed140f31edde4a0a27d184b45eb23cabc05,1024,768,64.899502,37.792964,False,70489924d79fc1d15c443ad63a1c7ed140f31edde4a0a27d184b45eb23cabc05,False,True,train
recovered_archive2/183,recovered_archive2,183,cap_image,recovered_archive2/183/CAPorg3.jpg,CAPorg3.jpg,599099,1808f260498afe723175bed38d1369a2f85acc1791d4e950b3547ef9a04d9aad,1024,768,83.26287,51.327346,False,1808f260498afe723175bed38d1369a2f85acc1791d4e950b3547ef9a04d9aad,False,True,train
recovered_archive2/183,recovered_archive2,183,cap_image,recovered_archive2/183/CAPorg4.jpg,CAPorg4.jpg,611438,743741a69e28dd5ba8a5de5106f0fbfdbcebb88cbde640b2ddac7f9852534ba7,1024,768,76.350741,37.986998,False,743741a69e28dd5ba8a5de5106f0fbfdbcebb88cbde640b2ddac7f9852534ba7,False,True,train
recovered_archive2/183,recovered_archive2,183,cap_image,recovered_archive2/183/CAPorg5.jpg,CAPorg5.jpg,587844,bfbd929766eaede0ff8223d2b9035468e04980967641fda56c2f6fdf8f508c19,1024,768,59.422949,39.849017,False,bfbd929766eaede0ff8223d2b9035468e04980967641fda56c2f6fdf8f508c19,False,True,train
recovered_archive2/183,recovered_archive2,183,cap_image,recovered_archive2/183/CAPorg6.jpg,CAPorg6.jpg,549233,2a8963da165e965194ff490b642dcb908bba4991e9ba50823147e81e20a9493e,1024,768,65.643332,62.610981,False,2a8963da165e965194ff490b642dcb908bba4991e9ba50823147e81e20a9493e,False,True,train
recovered_archive2/183,recovered_archive2,183,cap_image,recovered_archive2/183/CAPorg7.jpg,CAPorg7.jpg,578833,fc9ce81789437911f2ed44a0f037a656cd41caa0ce247710aacca887e1cec39d,1024,768,59.739045,45.779564,False,fc9ce81789437911f2ed44a0f037a656cd41caa0ce247710aacca887e1cec39d,False,True,train
recovered_archive2/183,recovered_archive2,183,cap_image,recovered_archive2/183/CAPorg8.jpg,CAPorg8.jpg,548603,b0b72bc3f5fa68f60b169801e12420416072f7f94eef2ee864af06ac140a6869,1024,768,53.30844,47.286918,False,b0b72bc3f5fa68f60b169801e12420416072f7f94eef2ee864af06ac140a6869,False,True,train
recovered_archive2/183,recovered_archive2,183,cap_image,recovered_archive2/183/CAPorg9.jpg,CAPorg9.jpg,529556,beea485bc808079cdb6671018eb1df4a543b1c6b3f85c04a7c194ab8423d9fe9,1024,768,44.130737,34.901118,False,beea485bc808079cdb6671018eb1df4a543b1c6b3f85c04a7c194ab8423d9fe9,False,True,train
recovered_archive2/183,recovered_archive2,183,report_image,recovered_archive2/183/rep.jpg.jpg,rep.jpg.jpg,79693,ba326dbfaec75c432d5af1c7c9a56271161b43388e532a7236c4356fa9eec236,,,,,False,ba326dbfaec75c432d5af1c7c9a56271161b43388e532a7236c4356fa9eec236,False,False,train
recovered_archive2/183,recovered_archive2,183,report_image,recovered_archive2/183/rep_2012220.jpg.jpg,rep_2012220.jpg.jpg,79693,ba326dbfaec75c432d5af1c7c9a56271161b43388e532a7236c4356fa9eec236,,,,,False,ba326dbfaec75c432d5af1c7c9a56271161b43388e532a7236c4356fa9eec236,False,False,train
recovered_archive2/183,recovered_archive2,183,report_image,recovered_archive2/183/rep_2012221.jpg.jpg,rep_2012221.jpg.jpg,79693,ba326dbfaec75c432d5af1c7c9a56271161b43388e532a7236c4356fa9eec236,,,,,False,ba326dbfaec75c432d5af1c7c9a56271161b43388e532a7236c4356fa9eec236,False,False,train
recovered_archive2/183,recovered_archive2,183,report_image,recovered_archive2/183/rep_双手无名指.jpg.jpg,rep_双手无名指.jpg.jpg,79693,ba326dbfaec75c432d5af1c7c9a56271161b43388e532a7236c4356fa9eec236,,,,,False,ba326dbfaec75c432d5af1c7c9a56271161b43388e532a7236c4356fa9eec236,False,False,train
recovered_archive2/183,recovered_archive2,183,video,recovered_archive2/183/wmv0.avi,wmv0.avi,360978432,,,,,,False,,True,False,train
recovered_archive2/183,recovered_archive2,183,video,recovered_archive2/183/wmv1.avi,wmv1.avi,545005056,,,,,,False,,True,False,train
recovered_archive2/184,recovered_archive2,184,cap_image,recovered_archive2/184/CAPorg1.jpg,CAPorg1.jpg,612607,a043489d4d1f88501dbf7d280a96cf1867b4dd322bba2ae5eaaaec4e5015c8d8,1024,768,76.159842,30.808185,False,a043489d4d1f88501dbf7d280a96cf1867b4dd322bba2ae5eaaaec4e5015c8d8,False,True,val
recovered_archive2/184,recovered_archive2,184,cap_image,recovered_archive2/184/CAPorg2.jpg,CAPorg2.jpg,562776,54c10193f7a3a9b05924441a0a8fd2060380ad8e2b98d94980f099e1fdef1e42,1024,768,61.949071,63.052076,False,54c10193f7a3a9b05924441a0a8fd2060380ad8e2b98d94980f099e1fdef1e42,False,True,val
recovered_archive2/184,recovered_archive2,184,cap_image,recovered_archive2/184/CAPorg3.jpg,CAPorg3.jpg,567556,80f24ef3a0262b2be0f6d992ab8d9de3c9dcf6fb3353cd4f9aa159e3df855fd5,1024,768,49.504756,44.920344,False,80f24ef3a0262b2be0f6d992ab8d9de3c9dcf6fb3353cd4f9aa159e3df855fd5,False,True,val
recovered_archive2/184,recovered_archive2,184,cap_image,recovered_archive2/184/CAPorg4.jpg,CAPorg4.jpg,583193,00d6604dafecf95d0a0740e29362c53b51de907a48dac6abd616ee50b90a0086,1024,768,57.281452,49.489307,False,00d6604dafecf95d0a0740e29362c53b51de907a48dac6abd616ee50b90a0086,False,True,val
recovered_archive2/184,recovered_archive2,184,cap_image,recovered_archive2/184/CAPorg5.jpg,CAPorg5.jpg,576194,664268d12214804a7b8896f739b33f4c6efcc8c6718e67b8860eff1b2d62b688,1024,768,60.390594,52.023862,False,664268d12214804a7b8896f739b33f4c6efcc8c6718e67b8860eff1b2d62b688,False,True,val
recovered_archive2/184,recovered_archive2,184,cap_image,recovered_archive2/184/CAPorg6.jpg,CAPorg6.jpg,565584,506d91e85f704b89edd4fdf52a5daeec45f7dcfaf2c25caae7324d18f3b50521,1024,768,42.690923,35.698011,False,506d91e85f704b89edd4fdf52a5daeec45f7dcfaf2c25caae7324d18f3b50521,False,True,val
recovered_archive2/184,recovered_archive2,184,cap_image,recovered_archive2/184/CAPorg7.jpg,CAPorg7.jpg,559216,270e5e289901c5544a0424775e8b6fd2d564123aac72e99fc9f7e39cd61cbf93,1024,768,39.901792,35.616606,False,270e5e289901c5544a0424775e8b6fd2d564123aac72e99fc9f7e39cd61cbf93,False,True,val
recovered_archive2/184,recovered_archive2,184,report_image,recovered_archive2/184/rep.jpg.jpg,rep.jpg.jpg,75950,5888cf6dff7a3965f1988982870693c607cd18bf8a49da771e2737fb1cc79b5b,,,,,False,5888cf6dff7a3965f1988982870693c607cd18bf8a49da771e2737fb1cc79b5b,False,False,val
recovered_archive2/184,recovered_archive2,184,report_image,recovered_archive2/184/rep_1903070.jpg.jpg,rep_1903070.jpg.jpg,75987,f72100aa78099ed971e89426c4f5d36b7684170f7dd1f4357717fb31616fe31a,,,,,False,f72100aa78099ed971e89426c4f5d36b7684170f7dd1f4357717fb31616fe31a,False,False,val
recovered_archive2/184,recovered_archive2,184,report_image,recovered_archive2/184/rep_1903071.jpg.jpg,rep_1903071.jpg.jpg,75987,f72100aa78099ed971e89426c4f5d36b7684170f7dd1f4357717fb31616fe31a,,,,,False,f72100aa78099ed971e89426c4f5d36b7684170f7dd1f4357717fb31616fe31a,False,False,val
recovered_archive2/184,recovered_archive2,184,report_image,recovered_archive2/184/rep_1903072.jpg.jpg,rep_1903072.jpg.jpg,75950,5888cf6dff7a3965f1988982870693c607cd18bf8a49da771e2737fb1cc79b5b,,,,,False,5888cf6dff7a3965f1988982870693c607cd18bf8a49da771e2737fb1cc79b5b,False,False,val
recovered_archive2/184,recovered_archive2,184,report_image,recovered_archive2/184/rep_左手.jpg.jpg,rep_左手.jpg.jpg,75950,5888cf6dff7a3965f1988982870693c607cd18bf8a49da771e2737fb1cc79b5b,,,,,False,5888cf6dff7a3965f1988982870693c607cd18bf8a49da771e2737fb1cc79b5b,False,False,val
recovered_archive2/185,recovered_archive2,185,cap_image,recovered_archive2/185/CAPorg1.jpg,CAPorg1.jpg,630486,4305649f414f0cfaf4071ce537d02d18ca144c73e33610c56c907595bba990ec,1024,768,117.193614,68.18572,False,4305649f414f0cfaf4071ce537d02d18ca144c73e33610c56c907595bba990ec,False,True,train
recovered_archive2/185,recovered_archive2,185,cap_image,recovered_archive2/185/CAPorg10.jpg,CAPorg10.jpg,562998,a3251ac166824fb4f25f323d4c10dd78a31a4fd42304fcce41b8884c55f4ef00,1024,768,62.361617,50.261108,False,a3251ac166824fb4f25f323d4c10dd78a31a4fd42304fcce41b8884c55f4ef00,False,True,train
recovered_archive2/185,recovered_archive2,185,cap_image,recovered_archive2/185/CAPorg2.jpg,CAPorg2.jpg,615462,4d24bffd675475a13e3332ab2330f47cc7f19e94c68598456e9d1d1db9553823,1024,768,142.638109,70.676821,False,4d24bffd675475a13e3332ab2330f47cc7f19e94c68598456e9d1d1db9553823,False,True,train
recovered_archive2/185,recovered_archive2,185,cap_image,recovered_archive2/185/CAPorg3.jpg,CAPorg3.jpg,543822,ad5de11ce23abc87deeac546f04e96006c6e4d8cb84c1da0e93443c824311645,1024,768,47.708177,34.06011,False,ad5de11ce23abc87deeac546f04e96006c6e4d8cb84c1da0e93443c824311645,False,True,train
recovered_archive2/185,recovered_archive2,185,cap_image,recovered_archive2/185/CAPorg4.jpg,CAPorg4.jpg,552687,360bf01e74d8076f7fa23f7d3192ef0885548e36de7bd008ec791032d6eff6f3,1024,768,52.172985,37.815333,False,360bf01e74d8076f7fa23f7d3192ef0885548e36de7bd008ec791032d6eff6f3,False,True,train
recovered_archive2/185,recovered_archive2,185,cap_image,recovered_archive2/185/CAPorg5.jpg,CAPorg5.jpg,553360,a0efa90ede46627deb912bee9b048ebbcd7b1403f69a09a0a146090d124b885f,1024,768,51.718277,39.55895,False,a0efa90ede46627deb912bee9b048ebbcd7b1403f69a09a0a146090d124b885f,False,True,train
recovered_archive2/185,recovered_archive2,185,cap_image,recovered_archive2/185/CAPorg6.jpg,CAPorg6.jpg,554890,e90db4c8428ed3b717fb827c36ad909f02f47bade20f550c7619f00ab97f2467,1024,768,50.180005,38.955186,False,e90db4c8428ed3b717fb827c36ad909f02f47bade20f550c7619f00ab97f2467,False,True,train
recovered_archive2/185,recovered_archive2,185,cap_image,recovered_archive2/185/CAPorg7.jpg,CAPorg7.jpg,544997,18456b1f08367582507cfef4f88b1c4f17b67d5e6cbb61336f42c83f6692fd61,1024,768,50.899394,36.81029,False,18456b1f08367582507cfef4f88b1c4f17b67d5e6cbb61336f42c83f6692fd61,False,True,train
recovered_archive2/185,recovered_archive2,185,cap_image,recovered_archive2/185/CAPorg8.jpg,CAPorg8.jpg,530455,33685a01dea8a833c2c583806680ebfbed9d65d0cee43bf1a0f9ea3579ae24b9,1024,768,50.675391,43.425728,False,33685a01dea8a833c2c583806680ebfbed9d65d0cee43bf1a0f9ea3579ae24b9,False,True,train
recovered_archive2/185,recovered_archive2,185,cap_image,recovered_archive2/185/CAPorg9.jpg,CAPorg9.jpg,548386,ddee35e47ad393a3879fc851361c006d4a0902cc3b229548c7e297b1e507848a,1024,768,52.483332,44.917411,False,ddee35e47ad393a3879fc851361c006d4a0902cc3b229548c7e297b1e507848a,False,True,train
recovered_archive2/185,recovered_archive2,185,report_image,recovered_archive2/185/rep.jpg.jpg,rep.jpg.jpg,83992,7a6b92cdd8c1b764995622135bccb6ee7bb3bf061c02e34ff73f20007f7ca288,,,,,False,7a6b92cdd8c1b764995622135bccb6ee7bb3bf061c02e34ff73f20007f7ca288,False,False,train
recovered_archive2/185,recovered_archive2,185,report_image,recovered_archive2/185/rep_1908080.jpg.jpg,rep_1908080.jpg.jpg,83992,7a6b92cdd8c1b764995622135bccb6ee7bb3bf061c02e34ff73f20007f7ca288,,,,,False,7a6b92cdd8c1b764995622135bccb6ee7bb3bf061c02e34ff73f20007f7ca288,False,False,train
recovered_archive2/185,recovered_archive2,185,report_image,recovered_archive2/185/rep_1908081.jpg.jpg,rep_1908081.jpg.jpg,83992,7a6b92cdd8c1b764995622135bccb6ee7bb3bf061c02e34ff73f20007f7ca288,,,,,False,7a6b92cdd8c1b764995622135bccb6ee7bb3bf061c02e34ff73f20007f7ca288,False,False,train
recovered_archive2/185,recovered_archive2,185,report_image,recovered_archive2/185/rep_左手.jpg.jpg,rep_左手.jpg.jpg,83992,7a6b92cdd8c1b764995622135bccb6ee7bb3bf061c02e34ff73f20007f7ca288,,,,,False,7a6b92cdd8c1b764995622135bccb6ee7bb3bf061c02e34ff73f20007f7ca288,False,False,train
recovered_archive2/185,recovered_archive2,185,video,recovered_archive2/185/wmv0.avi,wmv0.avi,457710592,,,,,,False,,True,False,train
recovered_archive2/186,recovered_archive2,186,cap_image,recovered_archive2/186/CAPorg1.jpg,CAPorg1.jpg,636241,70857548d6c7f6443f7ca15768eee57658c3aa05efbd2f08f1fa14e1cba4e30f,1024,768,148.939629,66.553422,False,70857548d6c7f6443f7ca15768eee57658c3aa05efbd2f08f1fa14e1cba4e30f,False,True,train
recovered_archive2/186,recovered_archive2,186,cap_image,recovered_archive2/186/CAPorg2.jpg,CAPorg2.jpg,582342,1be245679d2a733131af093251f1481e693f03cadb7323dc5b85e37ca21cfd74,1024,768,47.869783,25.67802,False,1be245679d2a733131af093251f1481e693f03cadb7323dc5b85e37ca21cfd74,False,True,train
recovered_archive2/186,recovered_archive2,186,cap_image,recovered_archive2/186/CAPorg3.jpg,CAPorg3.jpg,623438,39a03cb3c99fcff49fb29c7e25f28c6920ebd81d8e40cb761cd866439f595994,1024,768,84.463554,34.950996,False,39a03cb3c99fcff49fb29c7e25f28c6920ebd81d8e40cb761cd866439f595994,False,True,train
recovered_archive2/186,recovered_archive2,186,cap_image,recovered_archive2/186/CAPorg4.jpg,CAPorg4.jpg,621143,caf03d1c1396205ead2f6cce4922f23f2f5e4ae70ea2e8d308cfb979c593be05,1024,768,85.382156,37.04986,False,caf03d1c1396205ead2f6cce4922f23f2f5e4ae70ea2e8d308cfb979c593be05,False,True,train
recovered_archive2/186,recovered_archive2,186,cap_image,recovered_archive2/186/CAPorg5.jpg,CAPorg5.jpg,611197,8d35fadc6b25e75e1cf800626385dd3a50e1d73324e4be43efbf4ec591947444,1024,768,74.488813,37.661287,False,8d35fadc6b25e75e1cf800626385dd3a50e1d73324e4be43efbf4ec591947444,False,True,train
recovered_archive2/186,recovered_archive2,186,cap_image,recovered_archive2/186/CAPorg6.jpg,CAPorg6.jpg,602808,814b7ea613efb50fac6d81b93cafc5f883893028c8bbbd25c581cb8fea7b1f6b,1024,768,67.902508,38.612639,False,814b7ea613efb50fac6d81b93cafc5f883893028c8bbbd25c581cb8fea7b1f6b,False,True,train
recovered_archive2/186,recovered_archive2,186,cap_image,recovered_archive2/186/CAPorg7.jpg,CAPorg7.jpg,602548,792d9899041140da6715f301493ca5e2128e5f4fcbf0acd4bd2eca1e9d089c2e,1024,768,64.018345,35.811682,False,792d9899041140da6715f301493ca5e2128e5f4fcbf0acd4bd2eca1e9d089c2e,False,True,train
recovered_archive2/186,recovered_archive2,186,cap_image,recovered_archive2/186/CAPorg8.jpg,CAPorg8.jpg,588631,9705f5a2564ba91990e4baa46fb2da908c0e520dcf1d6bb368fceafba89a2f81,1024,768,53.66466,31.778218,False,9705f5a2564ba91990e4baa46fb2da908c0e520dcf1d6bb368fceafba89a2f81,False,True,train
recovered_archive2/186,recovered_archive2,186,cap_image,recovered_archive2/186/CAPorg9.jpg,CAPorg9.jpg,613081,9113f63e5cba5a6b176e7849a0bb6eb0bfce22243f187421a4b0777a518ab770,1024,768,67.369514,34.399307,False,9113f63e5cba5a6b176e7849a0bb6eb0bfce22243f187421a4b0777a518ab770,False,True,train
recovered_archive2/186,recovered_archive2,186,report_image,recovered_archive2/186/rep.jpg.jpg,rep.jpg.jpg,81879,544fe1f6ee37ebedb068a55fc8cb70eebec041e207aa4257222c370690b4fcf5,,,,,False,544fe1f6ee37ebedb068a55fc8cb70eebec041e207aa4257222c370690b4fcf5,False,False,train
recovered_archive2/186,recovered_archive2,186,report_image,recovered_archive2/186/rep_1912100.jpg.jpg,rep_1912100.jpg.jpg,81879,544fe1f6ee37ebedb068a55fc8cb70eebec041e207aa4257222c370690b4fcf5,,,,,False,544fe1f6ee37ebedb068a55fc8cb70eebec041e207aa4257222c370690b4fcf5,False,False,train
recovered_archive2/186,recovered_archive2,186,report_image,recovered_archive2/186/rep_1912101.jpg.jpg,rep_1912101.jpg.jpg,81879,544fe1f6ee37ebedb068a55fc8cb70eebec041e207aa4257222c370690b4fcf5,,,,,False,544fe1f6ee37ebedb068a55fc8cb70eebec041e207aa4257222c370690b4fcf5,False,False,train
recovered_archive2/186,recovered_archive2,186,report_image,recovered_archive2/186/rep_左手.jpg.jpg,rep_左手.jpg.jpg,81879,544fe1f6ee37ebedb068a55fc8cb70eebec041e207aa4257222c370690b4fcf5,,,,,False,544fe1f6ee37ebedb068a55fc8cb70eebec041e207aa4257222c370690b4fcf5,False,False,train
recovered_archive2/186,recovered_archive2,186,video,recovered_archive2/186/wmv0.avi,wmv0.avi,592191488,,,,,,False,,True,False,train
recovered_archive2/186,recovered_archive2,186,video,recovered_archive2/186/wmv1.avi,wmv1.avi,455351296,,,,,,False,,True,False,train
recovered_archive2/186,recovered_archive2,186,video,recovered_archive2/186/wmv2.avi,wmv2.avi,372774912,,,,,,False,,True,False,train
recovered_archive2/187,recovered_archive2,187,cap_image,recovered_archive2/187/CAPorg1.jpg,CAPorg1.jpg,555345,1902bc31e16f1cbfc2bccabc85b7f5f4af2e8a626dd735b718cc81a5d1566097,1024,768,34.989057,33.30983,False,1902bc31e16f1cbfc2bccabc85b7f5f4af2e8a626dd735b718cc81a5d1566097,False,True,train
recovered_archive2/187,recovered_archive2,187,cap_image,recovered_archive2/187/CAPorg2.jpg,CAPorg2.jpg,593376,cff5a193aa1d2c59f4e06741bc4c4166136c1549790f44633ef076272ee2a767,1024,768,64.325091,46.06815,False,cff5a193aa1d2c59f4e06741bc4c4166136c1549790f44633ef076272ee2a767,False,True,train
recovered_archive2/187,recovered_archive2,187,cap_image,recovered_archive2/187/CAPorg3.jpg,CAPorg3.jpg,583792,edee93e9f8d75e585592e339541d50dd6aaf99af9e76003b96a13c8f9c4d22ab,1024,768,56.692327,48.291767,False,edee93e9f8d75e585592e339541d50dd6aaf99af9e76003b96a13c8f9c4d22ab,False,True,train
recovered_archive2/187,recovered_archive2,187,cap_image,recovered_archive2/187/CAPorg4.jpg,CAPorg4.jpg,533371,03649afc0b35069686153a7f3bfb3ff5afca471380775bc152167d2695e8d34e,1024,768,23.931657,26.142603,False,03649afc0b35069686153a7f3bfb3ff5afca471380775bc152167d2695e8d34e,False,True,train
recovered_archive2/187,recovered_archive2,187,cap_image,recovered_archive2/187/CAPorg5.jpg,CAPorg5.jpg,505376,9fe33f2699e67d87055ab0f4b0d9a5cd0ca2d66bea9a1e193ac826cdeb6803c5,1024,768,19.036935,25.388082,False,9fe33f2699e67d87055ab0f4b0d9a5cd0ca2d66bea9a1e193ac826cdeb6803c5,False,True,train
recovered_archive2/187,recovered_archive2,187,cap_image,recovered_archive2/187/CAPorg6.jpg,CAPorg6.jpg,482549,1df388ed7b0613bca1a2faa14747d7ebd6883784dedadb8895e09db9ce41a1d6,1024,768,16.182849,23.565246,False,1df388ed7b0613bca1a2faa14747d7ebd6883784dedadb8895e09db9ce41a1d6,False,True,train
recovered_archive2/187,recovered_archive2,187,cap_image,recovered_archive2/187/CAPorg7.jpg,CAPorg7.jpg,478534,3e3edca7ba84605c24c2f607d22c98bb97e41489f2f5e216d62142a52759f541,1024,768,14.875144,20.873794,False,3e3edca7ba84605c24c2f607d22c98bb97e41489f2f5e216d62142a52759f541,False,True,train
recovered_archive2/187,recovered_archive2,187,cap_image,recovered_archive2/187/CAPorg8.jpg,CAPorg8.jpg,507145,beef00542eca504e12a1649c757599a81a3a61f6634770ef26b91074b89cb68c,1024,768,22.216087,31.527419,False,beef00542eca504e12a1649c757599a81a3a61f6634770ef26b91074b89cb68c,False,True,train
recovered_archive2/187,recovered_archive2,187,cap_image,recovered_archive2/187/CAPorg9.jpg,CAPorg9.jpg,522282,66816bff6ee42f301ec6d6ff78a348b926abf1f4268c41bb1618fed867cdaa49,1024,768,28.469405,35.939489,False,66816bff6ee42f301ec6d6ff78a348b926abf1f4268c41bb1618fed867cdaa49,False,True,train
recovered_archive2/187,recovered_archive2,187,report_image,recovered_archive2/187/rep.jpg.jpg,rep.jpg.jpg,86273,6f310fc31447dda95a23e4b0f400687dc2e5f760160fd27309ae4955b829d804,,,,,False,6f310fc31447dda95a23e4b0f400687dc2e5f760160fd27309ae4955b829d804,False,False,train
recovered_archive2/187,recovered_archive2,187,report_image,recovered_archive2/187/rep_1903140.jpg.jpg,rep_1903140.jpg.jpg,77798,09bc7c79b4a74fab650bcc730bb95463746d712f5ce8170e5c27bb190e87e5d8,,,,,False,09bc7c79b4a74fab650bcc730bb95463746d712f5ce8170e5c27bb190e87e5d8,False,False,train
recovered_archive2/187,recovered_archive2,187,report_image,recovered_archive2/187/rep_1903141.jpg.jpg,rep_1903141.jpg.jpg,86273,6f310fc31447dda95a23e4b0f400687dc2e5f760160fd27309ae4955b829d804,,,,,False,6f310fc31447dda95a23e4b0f400687dc2e5f760160fd27309ae4955b829d804,False,False,train
recovered_archive2/187,recovered_archive2,187,report_image,recovered_archive2/187/rep_左手.jpg.jpg,rep_左手.jpg.jpg,86273,6f310fc31447dda95a23e4b0f400687dc2e5f760160fd27309ae4955b829d804,,,,,False,6f310fc31447dda95a23e4b0f400687dc2e5f760160fd27309ae4955b829d804,False,False,train
recovered_archive2/187,recovered_archive2,187,video,recovered_archive2/187/wmv0.avi,wmv0.avi,10071040,,,,,,False,,True,False,train
recovered_archive2/188,recovered_archive2,188,cap_image,recovered_archive2/188/CAPorg1.jpg,CAPorg1.jpg,566592,345ca7fd95135d44141cfbdc0a778495d7b8a228620d30ca5d14e42a83534e92,1024,768,29.401113,11.337683,False,345ca7fd95135d44141cfbdc0a778495d7b8a228620d30ca5d14e42a83534e92,False,True,train
recovered_archive2/188,recovered_archive2,188,cap_image,recovered_archive2/188/CAPorg2.jpg,CAPorg2.jpg,572827,4539ef21b8b7bee5e65e9328d70da426ae3603dbdfab472a375ea6c0ab3d2f58,1024,768,35.699295,17.084912,False,4539ef21b8b7bee5e65e9328d70da426ae3603dbdfab472a375ea6c0ab3d2f58,False,True,train
recovered_archive2/188,recovered_archive2,188,cap_image,recovered_archive2/188/CAPorg3.jpg,CAPorg3.jpg,610279,7adf39359c2cdda695b453d0bfcba624b19408d8fa63a4974e9ef69f3223b007,1024,768,77.129264,19.201828,False,7adf39359c2cdda695b453d0bfcba624b19408d8fa63a4974e9ef69f3223b007,False,True,train
recovered_archive2/188,recovered_archive2,188,cap_image,recovered_archive2/188/CAPorg4.jpg,CAPorg4.jpg,621580,643137e6479ffc4e5a8dc8f2505c2271868d0673ad0323db30090ac8115e7271,1024,768,97.607559,23.744841,False,643137e6479ffc4e5a8dc8f2505c2271868d0673ad0323db30090ac8115e7271,False,True,train
recovered_archive2/188,recovered_archive2,188,cap_image,recovered_archive2/188/CAPorg5.jpg,CAPorg5.jpg,617751,c4608b33cb45715220f66461f137e27586e77f4a36d83a66711597ac773e022b,1024,768,102.790431,41.128189,False,c4608b33cb45715220f66461f137e27586e77f4a36d83a66711597ac773e022b,False,True,train
recovered_archive2/188,recovered_archive2,188,cap_image,recovered_archive2/188/CAPorg6.jpg,CAPorg6.jpg,634292,fbbac860b6646e782a679326e26bc997db2a86a4029ca058f965c3ff68b10970,1024,768,107.024681,23.307014,False,fbbac860b6646e782a679326e26bc997db2a86a4029ca058f965c3ff68b10970,False,True,train
recovered_archive2/188,recovered_archive2,188,cap_image,recovered_archive2/188/CAPorg7.jpg,CAPorg7.jpg,608657,7217a6f759f1e78fb7c81381d0f265ba6416f6d0fe074b357e59d775fbca121f,1024,768,78.14586,41.665319,False,7217a6f759f1e78fb7c81381d0f265ba6416f6d0fe074b357e59d775fbca121f,False,True,train
recovered_archive2/188,recovered_archive2,188,report_image,recovered_archive2/188/rep.jpg.jpg,rep.jpg.jpg,69895,5030e0ac87e4eed5f3331970276f93609336dcb8ffa2df9d13ca06c0bd9fd438,,,,,False,5030e0ac87e4eed5f3331970276f93609336dcb8ffa2df9d13ca06c0bd9fd438,False,False,train
recovered_archive2/188,recovered_archive2,188,report_image,recovered_archive2/188/rep_1903260.jpg.jpg,rep_1903260.jpg.jpg,70118,e6f965316a3d0ff3efa8c8296b28f2eea55b99883bd972941d0bd9be8d347f00,,,,,False,e6f965316a3d0ff3efa8c8296b28f2eea55b99883bd972941d0bd9be8d347f00,False,False,train
recovered_archive2/188,recovered_archive2,188,report_image,recovered_archive2/188/rep_1903261.jpg.jpg,rep_1903261.jpg.jpg,70118,e6f965316a3d0ff3efa8c8296b28f2eea55b99883bd972941d0bd9be8d347f00,,,,,False,e6f965316a3d0ff3efa8c8296b28f2eea55b99883bd972941d0bd9be8d347f00,False,False,train
recovered_archive2/188,recovered_archive2,188,report_image,recovered_archive2/188/rep_左手.jpg.jpg,rep_左手.jpg.jpg,69895,5030e0ac87e4eed5f3331970276f93609336dcb8ffa2df9d13ca06c0bd9fd438,,,,,False,5030e0ac87e4eed5f3331970276f93609336dcb8ffa2df9d13ca06c0bd9fd438,False,False,train
recovered_archive2/189,recovered_archive2,189,cap_image,recovered_archive2/189/CAPorg1.jpg,CAPorg1.jpg,13026,314164fb75dfd194e7dd1495aedb03ae918840a75637be1ea861921b2286eecb,1024,768,0.000155,0.021981,True,314164fb75dfd194e7dd1495aedb03ae918840a75637be1ea861921b2286eecb,False,True,train
recovered_archive2/189,recovered_archive2,189,cap_image,recovered_archive2/189/CAPorg2.jpg,CAPorg2.jpg,615993,5f97423cff30aa5ff9f4bbc884bf5735de7782297e51540ada410b66378e5d3e,1024,768,78.54541,39.727777,False,5f97423cff30aa5ff9f4bbc884bf5735de7782297e51540ada410b66378e5d3e,False,True,train
recovered_archive2/189,recovered_archive2,189,cap_image,recovered_archive2/189/CAPorg3.jpg,CAPorg3.jpg,620744,44a17853278d8a25a07b047e2c9c813eaf89bc93debffa79a762d1f89575acf3,1024,768,92.324983,53.870538,False,44a17853278d8a25a07b047e2c9c813eaf89bc93debffa79a762d1f89575acf3,False,True,train
recovered_archive2/189,recovered_archive2,189,cap_image,recovered_archive2/189/CAPorg4.jpg,CAPorg4.jpg,625239,f515f80415a445a910a6f1667ffecd91b23c2f00ff9e2809790dd84a5a87f99e,1024,768,99.183421,48.882563,False,f515f80415a445a910a6f1667ffecd91b23c2f00ff9e2809790dd84a5a87f99e,False,True,train
recovered_archive2/189,recovered_archive2,189,cap_image,recovered_archive2/189/CAPorg5.jpg,CAPorg5.jpg,575728,a86b259b361ba7ba55479983062eabd9d902c83ad02ddf7ef482a8d2f51611de,1024,768,41.391112,21.448049,False,a86b259b361ba7ba55479983062eabd9d902c83ad02ddf7ef482a8d2f51611de,False,True,train
recovered_archive2/189,recovered_archive2,189,cap_image,recovered_archive2/189/CAPorg6.jpg,CAPorg6.jpg,573434,e917faa34270bf166e7bcab6da020edf4d3743bd4f592024d83b061ab86fe364,1024,768,39.831716,22.440672,False,e917faa34270bf166e7bcab6da020edf4d3743bd4f592024d83b061ab86fe364,False,True,train
recovered_archive2/189,recovered_archive2,189,cap_image,recovered_archive2/189/CAPorg7.jpg,CAPorg7.jpg,545732,ce5dafd5431b665fd0018620097d994d604e45e6af92fef8c8f7df2eaee144ed,1024,768,43.819008,33.511798,False,ce5dafd5431b665fd0018620097d994d604e45e6af92fef8c8f7df2eaee144ed,False,True,train
recovered_archive2/189,recovered_archive2,189,cap_image,recovered_archive2/189/CAPorg8.jpg,CAPorg8.jpg,604505,e240a0d7d65ecd89a1205a98c03e1aae7b277ea19d0c229a3fd11da40ab855e7,1024,768,68.127514,30.993627,False,e240a0d7d65ecd89a1205a98c03e1aae7b277ea19d0c229a3fd11da40ab855e7,False,True,train
recovered_archive2/189,recovered_archive2,189,report_image,recovered_archive2/189/rep.jpg.jpg,rep.jpg.jpg,75345,4b2fedc63cf632a36100290e46aea390a1e34d3fde639126f28ca7523260f164,,,,,False,4b2fedc63cf632a36100290e46aea390a1e34d3fde639126f28ca7523260f164,False,False,train
recovered_archive2/189,recovered_archive2,189,report_image,recovered_archive2/189/rep_1905300.jpg.jpg,rep_1905300.jpg.jpg,75345,4b2fedc63cf632a36100290e46aea390a1e34d3fde639126f28ca7523260f164,,,,,False,4b2fedc63cf632a36100290e46aea390a1e34d3fde639126f28ca7523260f164,False,False,train
recovered_archive2/189,recovered_archive2,189,report_image,recovered_archive2/189/rep_1905301.jpg.jpg,rep_1905301.jpg.jpg,75345,4b2fedc63cf632a36100290e46aea390a1e34d3fde639126f28ca7523260f164,,,,,False,4b2fedc63cf632a36100290e46aea390a1e34d3fde639126f28ca7523260f164,False,False,train
recovered_archive2/189,recovered_archive2,189,report_image,recovered_archive2/189/rep_左手.jpg.jpg,rep_左手.jpg.jpg,75345,4b2fedc63cf632a36100290e46aea390a1e34d3fde639126f28ca7523260f164,,,,,False,4b2fedc63cf632a36100290e46aea390a1e34d3fde639126f28ca7523260f164,False,False,train
recovered_archive2/190,recovered_archive2,190,cap_image,recovered_archive2/190/CAPorg1.jpg,CAPorg1.jpg,630949,67cd922e4d0a2f1807198efaaf9331a691ccffe2aaf98052e2a6b78cf149cab5,1024,768,111.276029,72.756112,False,67cd922e4d0a2f1807198efaaf9331a691ccffe2aaf98052e2a6b78cf149cab5,False,True,val
recovered_archive2/190,recovered_archive2,190,cap_image,recovered_archive2/190/CAPorg2.jpg,CAPorg2.jpg,615695,5b175cfc4f2f16b9bfa5ccc4c65bbfdd2de9e0a664cf2c1c7dcea8d7b20d3d0f,1024,768,102.700057,70.775703,False,5b175cfc4f2f16b9bfa5ccc4c65bbfdd2de9e0a664cf2c1c7dcea8d7b20d3d0f,False,True,val
recovered_archive2/190,recovered_archive2,190,cap_image,recovered_archive2/190/CAPorg3.jpg,CAPorg3.jpg,613216,1f0c4c5ee9d597b8ed3b09393363705b2a1d685caf6435de7703999a6fc6f44e,1024,768,68.898965,42.783142,False,1f0c4c5ee9d597b8ed3b09393363705b2a1d685caf6435de7703999a6fc6f44e,False,True,val
recovered_archive2/190,recovered_archive2,190,cap_image,recovered_archive2/190/CAPorg4.jpg,CAPorg4.jpg,598954,215c4ecc39d3fb8041aca635ee54bf72da5b3ce1f1299a26441c531cff037fbc,1024,768,61.144548,33.989545,False,215c4ecc39d3fb8041aca635ee54bf72da5b3ce1f1299a26441c531cff037fbc,False,True,val
recovered_archive2/190,recovered_archive2,190,cap_image,recovered_archive2/190/CAPorg5.jpg,CAPorg5.jpg,553504,2efc99d92d98c5e9cdab7d53172a559d6e3c3f1a0df34b675cb11ddbc097f1c7,1024,768,41.952548,31.148196,False,2efc99d92d98c5e9cdab7d53172a559d6e3c3f1a0df34b675cb11ddbc097f1c7,False,True,val
recovered_archive2/190,recovered_archive2,190,cap_image,recovered_archive2/190/CAPorg6.jpg,CAPorg6.jpg,619436,fba5ee73c022e4d8bfe490119633a7a7dc66e9f450c4fce9e50cfc751e91e0fb,1024,768,94.331764,58.485763,False,fba5ee73c022e4d8bfe490119633a7a7dc66e9f450c4fce9e50cfc751e91e0fb,False,True,val
recovered_archive2/190,recovered_archive2,190,report_image,recovered_archive2/190/rep.jpg.jpg,rep.jpg.jpg,78871,daa4eba219042e9d19053fe8a3c0c80648e72159fd796d2d83e4acb4a2294ce9,,,,,False,daa4eba219042e9d19053fe8a3c0c80648e72159fd796d2d83e4acb4a2294ce9,False,False,val
recovered_archive2/190,recovered_archive2,190,report_image,recovered_archive2/190/rep_1904110.jpg.jpg,rep_1904110.jpg.jpg,67154,6eb472bb1c50217603aa5f98890df623c3f902b19f8064c7027a42681902e7c5,,,,,False,6eb472bb1c50217603aa5f98890df623c3f902b19f8064c7027a42681902e7c5,False,False,val
recovered_archive2/190,recovered_archive2,190,report_image,recovered_archive2/190/rep_1904111.jpg.jpg,rep_1904111.jpg.jpg,78871,daa4eba219042e9d19053fe8a3c0c80648e72159fd796d2d83e4acb4a2294ce9,,,,,False,daa4eba219042e9d19053fe8a3c0c80648e72159fd796d2d83e4acb4a2294ce9,False,False,val
recovered_archive2/190,recovered_archive2,190,report_image,recovered_archive2/190/rep_左手.jpg.jpg,rep_左手.jpg.jpg,78871,daa4eba219042e9d19053fe8a3c0c80648e72159fd796d2d83e4acb4a2294ce9,,,,,False,daa4eba219042e9d19053fe8a3c0c80648e72159fd796d2d83e4acb4a2294ce9,False,False,val
recovered_archive2/191,recovered_archive2,191,cap_image,recovered_archive2/191/CAPorg1.jpg,CAPorg1.jpg,662785,7d4f2303510c96b224a5b4f8a4ef9eea7b6a6e3e91a7776e0b4220451c6cc69e,1024,768,148.088327,34.881062,False,7d4f2303510c96b224a5b4f8a4ef9eea7b6a6e3e91a7776e0b4220451c6cc69e,False,True,test
recovered_archive2/191,recovered_archive2,191,cap_image,recovered_archive2/191/CAPorg2.jpg,CAPorg2.jpg,638521,62f337e631da5b9b42a4ea1fb2c6345cd6ecd687cea8f30ce57d7c26236e26fa,1024,768,102.0697,27.976229,False,62f337e631da5b9b42a4ea1fb2c6345cd6ecd687cea8f30ce57d7c26236e26fa,False,True,test
recovered_archive2/191,recovered_archive2,191,cap_image,recovered_archive2/191/CAPorg3.jpg,CAPorg3.jpg,645416,14d7c8fc3ecf5a1a480de032ff9066118474a05ea87f623e4c888e760d3a28fd,1024,768,112.966015,30.669425,False,14d7c8fc3ecf5a1a480de032ff9066118474a05ea87f623e4c888e760d3a28fd,False,True,test
recovered_archive2/191,recovered_archive2,191,cap_image,recovered_archive2/191/CAPorg4.jpg,CAPorg4.jpg,627972,567312ed80be5e8529c5a031988a3a262ececd6ac76f5e9de04f2061aa754fab,1024,768,82.695442,25.513439,False,567312ed80be5e8529c5a031988a3a262ececd6ac76f5e9de04f2061aa754fab,False,True,test
recovered_archive2/191,recovered_archive2,191,cap_image,recovered_archive2/191/CAPorg5.jpg,CAPorg5.jpg,663550,4a2c58a8f604581f6b7684bff923c423291907df386f904fc6f4620399735e44,1024,768,152.996071,37.273977,False,4a2c58a8f604581f6b7684bff923c423291907df386f904fc6f4620399735e44,False,True,test
recovered_archive2/191,recovered_archive2,191,cap_image,recovered_archive2/191/CAPorg6.jpg,CAPorg6.jpg,649401,0e8f0da80a2ce678e7f0ee3d23720f7bc4f194bec0109010d27590d6d70fcc25,1024,768,151.499884,45.913214,False,0e8f0da80a2ce678e7f0ee3d23720f7bc4f194bec0109010d27590d6d70fcc25,False,True,test
recovered_archive2/191,recovered_archive2,191,cap_image,recovered_archive2/191/CAPorg7.jpg,CAPorg7.jpg,648151,02c765fbcbdf598d5110d65776627de3bfbb2a21632b82031884790ea86cdebb,1024,768,126.964153,41.965853,False,02c765fbcbdf598d5110d65776627de3bfbb2a21632b82031884790ea86cdebb,False,True,test
recovered_archive2/191,recovered_archive2,191,cap_image,recovered_archive2/191/CAPorg8.jpg,CAPorg8.jpg,12917,749a8efc155a7020938f4cce12a79e06e26c0435082b998dd21c0492d02f11a1,1024,768,0.0,0.0,True,749a8efc155a7020938f4cce12a79e06e26c0435082b998dd21c0492d02f11a1,False,True,test
recovered_archive2/191,recovered_archive2,191,report_image,recovered_archive2/191/rep.jpg.jpg,rep.jpg.jpg,74224,6112f4c3d6daaa0cd36faad7517e15911445172932bd01cc4225d5377a2a013f,,,,,False,6112f4c3d6daaa0cd36faad7517e15911445172932bd01cc4225d5377a2a013f,False,False,test
recovered_archive2/191,recovered_archive2,191,report_image,recovered_archive2/191/rep_1901150.jpg.jpg,rep_1901150.jpg.jpg,74224,6112f4c3d6daaa0cd36faad7517e15911445172932bd01cc4225d5377a2a013f,,,,,False,6112f4c3d6daaa0cd36faad7517e15911445172932bd01cc4225d5377a2a013f,False,False,test
recovered_archive2/191,recovered_archive2,191,report_image,recovered_archive2/191/rep_1901151.jpg.jpg,rep_1901151.jpg.jpg,74224,6112f4c3d6daaa0cd36faad7517e15911445172932bd01cc4225d5377a2a013f,,,,,False,6112f4c3d6daaa0cd36faad7517e15911445172932bd01cc4225d5377a2a013f,False,False,test
recovered_archive2/191,recovered_archive2,191,report_image,recovered_archive2/191/rep_右手.jpg.jpg,rep_右手.jpg.jpg,74224,6112f4c3d6daaa0cd36faad7517e15911445172932bd01cc4225d5377a2a013f,,,,,False,6112f4c3d6daaa0cd36faad7517e15911445172932bd01cc4225d5377a2a013f,False,False,test
recovered_archive2/192,recovered_archive2,192,cap_image,recovered_archive2/192/CAPorg1.jpg,CAPorg1.jpg,647268,75fd8a72bb45f73d6b28c3dda5a224dd6284dafc0e9ab56c44630b0cec62a7e5,1024,768,137.483597,42.530192,False,75fd8a72bb45f73d6b28c3dda5a224dd6284dafc0e9ab56c44630b0cec62a7e5,False,True,test
recovered_archive2/192,recovered_archive2,192,cap_image,recovered_archive2/192/CAPorg10.jpg,CAPorg10.jpg,613867,63525a015e7ae621e6fd86993f2110d8b4867a8587fa3e25c32ed15028a1b1d8,1024,768,75.906002,37.373015,False,63525a015e7ae621e6fd86993f2110d8b4867a8587fa3e25c32ed15028a1b1d8,False,True,test
recovered_archive2/192,recovered_archive2,192,cap_image,recovered_archive2/192/CAPorg11.jpg,CAPorg11.jpg,636113,74af5c01a47c1c1d289adf3c4b7d7ca83b8f53750225ac37be84d335d949a0ba,1024,768,111.397474,44.629472,False,74af5c01a47c1c1d289adf3c4b7d7ca83b8f53750225ac37be84d335d949a0ba,False,True,test
recovered_archive2/192,recovered_archive2,192,cap_image,recovered_archive2/192/CAPorg12.jpg,CAPorg12.jpg,629830,1f7966e324db2bb8282f05fda8c3e9e6ad821ce20c501c477df268edaabe2a5b,1024,768,90.858849,34.330114,False,1f7966e324db2bb8282f05fda8c3e9e6ad821ce20c501c477df268edaabe2a5b,False,True,test
recovered_archive2/192,recovered_archive2,192,cap_image,recovered_archive2/192/CAPorg2.jpg,CAPorg2.jpg,649751,35731f2294aa0f0d3f66ea70069adbc6fbd4824aa1e3be542a40073e20ac1923,1024,768,134.299585,42.21722,False,35731f2294aa0f0d3f66ea70069adbc6fbd4824aa1e3be542a40073e20ac1923,False,True,test
recovered_archive2/192,recovered_archive2,192,cap_image,recovered_archive2/192/CAPorg3.jpg,CAPorg3.jpg,618924,ff5288198ae128de7c8e52b7a21f5c49a6c16a4caeddda34f4f84fb771989f91,1024,768,134.04865,63.001542,False,ff5288198ae128de7c8e52b7a21f5c49a6c16a4caeddda34f4f84fb771989f91,False,True,test
recovered_archive2/192,recovered_archive2,192,cap_image,recovered_archive2/192/CAPorg4.jpg,CAPorg4.jpg,568974,03cd649bc7137c93bc8eeb9c6285bc1a5b583dd6dedd76996ddb942a3466a10e,1024,768,65.39274,46.63843,False,03cd649bc7137c93bc8eeb9c6285bc1a5b583dd6dedd76996ddb942a3466a10e,False,True,test
recovered_archive2/192,recovered_archive2,192,cap_image,recovered_archive2/192/CAPorg5.jpg,CAPorg5.jpg,598270,0c9d3a89e706c077ccf83d30beedf3b02c7a62ef32276004e6bc004f957aecb8,1024,768,77.774054,46.252995,False,0c9d3a89e706c077ccf83d30beedf3b02c7a62ef32276004e6bc004f957aecb8,False,True,test
recovered_archive2/192,recovered_archive2,192,cap_image,recovered_archive2/192/CAPorg6.jpg,CAPorg6.jpg,613721,4fa655afece2a9398f0ea4705296b8d64f60606feafc2b9c5129c4e9ed7ae23b,1024,768,88.156099,48.856669,False,4fa655afece2a9398f0ea4705296b8d64f60606feafc2b9c5129c4e9ed7ae23b,False,True,test
recovered_archive2/192,recovered_archive2,192,cap_image,recovered_archive2/192/CAPorg7.jpg,CAPorg7.jpg,580961,88e9ff2dc4535240cb4e4996d1796eb859bfa44b3dc782776769ce739a55fc59,1024,768,64.131982,42.593609,False,88e9ff2dc4535240cb4e4996d1796eb859bfa44b3dc782776769ce739a55fc59,False,True,test
recovered_archive2/192,recovered_archive2,192,cap_image,recovered_archive2/192/CAPorg8.jpg,CAPorg8.jpg,630978,a817171719052c19a10aeb4dc87ead0418a25d565b078fc85e49783f3daa9b16,1024,768,97.648315,39.297587,False,a817171719052c19a10aeb4dc87ead0418a25d565b078fc85e49783f3daa9b16,False,True,test
recovered_archive2/192,recovered_archive2,192,cap_image,recovered_archive2/192/CAPorg9.jpg,CAPorg9.jpg,619765,2dc87535a888efaab72acd04342695b13f068057db5a3b51e919877c11dfb06d,1024,768,80.176346,38.809771,False,2dc87535a888efaab72acd04342695b13f068057db5a3b51e919877c11dfb06d,False,True,test
recovered_archive2/192,recovered_archive2,192,report_image,recovered_archive2/192/rep.jpg.jpg,rep.jpg.jpg,85727,11d6aae8f8c1a37d5986800b318c74175f1eaebe64aab6d2ffbbf55bab530435,,,,,False,11d6aae8f8c1a37d5986800b318c74175f1eaebe64aab6d2ffbbf55bab530435,False,False,test
recovered_archive2/192,recovered_archive2,192,report_image,recovered_archive2/192/rep_1902210.jpg.jpg,rep_1902210.jpg.jpg,87317,7ac42542ffcbb7bbcd3b204ad89f04af405858354e3c0067615d3544008aa304,,,,,False,7ac42542ffcbb7bbcd3b204ad89f04af405858354e3c0067615d3544008aa304,False,False,test
recovered_archive2/192,recovered_archive2,192,report_image,recovered_archive2/192/rep_1902211.jpg.jpg,rep_1902211.jpg.jpg,87317,7ac42542ffcbb7bbcd3b204ad89f04af405858354e3c0067615d3544008aa304,,,,,False,7ac42542ffcbb7bbcd3b204ad89f04af405858354e3c0067615d3544008aa304,False,False,test
recovered_archive2/192,recovered_archive2,192,report_image,recovered_archive2/192/rep_1902212.jpg.jpg,rep_1902212.jpg.jpg,85727,11d6aae8f8c1a37d5986800b318c74175f1eaebe64aab6d2ffbbf55bab530435,,,,,False,11d6aae8f8c1a37d5986800b318c74175f1eaebe64aab6d2ffbbf55bab530435,False,False,test
recovered_archive2/192,recovered_archive2,192,report_image,recovered_archive2/192/rep_左手.jpg.jpg,rep_左手.jpg.jpg,85727,11d6aae8f8c1a37d5986800b318c74175f1eaebe64aab6d2ffbbf55bab530435,,,,,False,11d6aae8f8c1a37d5986800b318c74175f1eaebe64aab6d2ffbbf55bab530435,False,False,test
recovered_archive2/192,recovered_archive2,192,video,recovered_archive2/192/wmv0.avi,wmv0.avi,9990144,,,,,,False,,True,False,test
recovered_archive2/192,recovered_archive2,192,video,recovered_archive2/192/wmv1.avi,wmv1.avi,10174976,,,,,,False,,True,False,test
recovered_archive2/192,recovered_archive2,192,video,recovered_archive2/192/wmv2.avi,wmv2.avi,10276864,,,,,,False,,True,False,test
recovered_archive2/193,recovered_archive2,193,cap_image,recovered_archive2/193/CAPorg1.jpg,CAPorg1.jpg,664388,748ebaeb816c82eb27d304a05ee4b60bf610c897f62de9e2fea47b50b4ecd048,1024,768,126.975266,49.73638,False,748ebaeb816c82eb27d304a05ee4b60bf610c897f62de9e2fea47b50b4ecd048,False,True,train
recovered_archive2/193,recovered_archive2,193,cap_image,recovered_archive2/193/CAPorg10.jpg,CAPorg10.jpg,606223,f3975bc68a44fadd99f00b642e471a05fb129eb4c73be29786c05fb26d1a2f28,1024,768,55.528965,27.750901,False,f3975bc68a44fadd99f00b642e471a05fb129eb4c73be29786c05fb26d1a2f28,False,True,train
recovered_archive2/193,recovered_archive2,193,cap_image,recovered_archive2/193/CAPorg11.jpg,CAPorg11.jpg,543143,53d421e76c2eb2e8b80b9ccd4ea6c9e32288b0d1b0ac9ab06eb97c6d75a95565,1024,768,26.923506,18.916045,False,53d421e76c2eb2e8b80b9ccd4ea6c9e32288b0d1b0ac9ab06eb97c6d75a95565,False,True,train
recovered_archive2/193,recovered_archive2,193,cap_image,recovered_archive2/193/CAPorg2.jpg,CAPorg2.jpg,577956,873640fb024547eb2228a4723f554979163aec8701ae27c15df91f4476f0709b,1024,768,40.553627,25.964081,False,873640fb024547eb2228a4723f554979163aec8701ae27c15df91f4476f0709b,False,True,train
recovered_archive2/193,recovered_archive2,193,cap_image,recovered_archive2/193/CAPorg3.jpg,CAPorg3.jpg,598553,6db4c53cec4243a8dc5b7df91b38bd47cc06b64347b031c0ee8e9f9319dec35c,1024,768,47.405608,23.882462,False,6db4c53cec4243a8dc5b7df91b38bd47cc06b64347b031c0ee8e9f9319dec35c,False,True,train
recovered_archive2/193,recovered_archive2,193,cap_image,recovered_archive2/193/CAPorg4.jpg,CAPorg4.jpg,589508,1c3fb698b9ef4cf6be8340d1c743ba160bc38c2c3aa72f986d0858dab07b752d,1024,768,43.807611,23.940667,False,1c3fb698b9ef4cf6be8340d1c743ba160bc38c2c3aa72f986d0858dab07b752d,False,True,train
recovered_archive2/193,recovered_archive2,193,cap_image,recovered_archive2/193/CAPorg5.jpg,CAPorg5.jpg,570775,d0d454ecacf86f17cb4bff7b626d7265085e7a25b973524ff26f027d02c755b6,1024,768,32.282407,18.587625,False,d0d454ecacf86f17cb4bff7b626d7265085e7a25b973524ff26f027d02c755b6,False,True,train
recovered_archive2/193,recovered_archive2,193,cap_image,recovered_archive2/193/CAPorg6.jpg,CAPorg6.jpg,550537,53af2784f4f88589d54bf36a453654a44a3991eb466ff7347e980d2a9be9508b,1024,768,28.820868,17.68344,False,53af2784f4f88589d54bf36a453654a44a3991eb466ff7347e980d2a9be9508b,False,True,train
recovered_archive2/193,recovered_archive2,193,cap_image,recovered_archive2/193/CAPorg7.jpg,CAPorg7.jpg,538910,f7d6b7cd7857120f2417f71b46e4d7af03c236ec6629cacae96b2a873139ca89,1024,768,24.624933,16.44611,False,f7d6b7cd7857120f2417f71b46e4d7af03c236ec6629cacae96b2a873139ca89,False,True,train
recovered_archive2/193,recovered_archive2,193,cap_image,recovered_archive2/193/CAPorg8.jpg,CAPorg8.jpg,526577,8274a15b413cc8ebbd19a4533fa97c9cfeb71a814bf8a7c1b51856d44631bda5,1024,768,22.235294,15.795765,False,8274a15b413cc8ebbd19a4533fa97c9cfeb71a814bf8a7c1b51856d44631bda5,False,True,train
recovered_archive2/193,recovered_archive2,193,cap_image,recovered_archive2/193/CAPorg9.jpg,CAPorg9.jpg,588060,e07bc2af4553e6968c9d34fa15276a4c13ce0f1488880e9d2974a64603e1a9ca,1024,768,44.807275,22.493462,False,e07bc2af4553e6968c9d34fa15276a4c13ce0f1488880e9d2974a64603e1a9ca,False,True,train
recovered_archive2/193,recovered_archive2,193,report_image,recovered_archive2/193/rep.jpg.jpg,rep.jpg.jpg,78442,6ffbd29ede226c22001f9eeb47b978e0d05e1c50152673b97d807f5163885bf0,,,,,False,6ffbd29ede226c22001f9eeb47b978e0d05e1c50152673b97d807f5163885bf0,False,False,train
recovered_archive2/193,recovered_archive2,193,report_image,recovered_archive2/193/rep_1907250.jpg.jpg,rep_1907250.jpg.jpg,78442,6ffbd29ede226c22001f9eeb47b978e0d05e1c50152673b97d807f5163885bf0,,,,,False,6ffbd29ede226c22001f9eeb47b978e0d05e1c50152673b97d807f5163885bf0,False,False,train
recovered_archive2/193,recovered_archive2,193,report_image,recovered_archive2/193/rep_1907251.jpg.jpg,rep_1907251.jpg.jpg,78442,6ffbd29ede226c22001f9eeb47b978e0d05e1c50152673b97d807f5163885bf0,,,,,False,6ffbd29ede226c22001f9eeb47b978e0d05e1c50152673b97d807f5163885bf0,False,False,train
recovered_archive2/193,recovered_archive2,193,report_image,recovered_archive2/193/rep_左手.jpg.jpg,rep_左手.jpg.jpg,78442,6ffbd29ede226c22001f9eeb47b978e0d05e1c50152673b97d807f5163885bf0,,,,,False,6ffbd29ede226c22001f9eeb47b978e0d05e1c50152673b97d807f5163885bf0,False,False,train
recovered_archive2/193,recovered_archive2,193,video,recovered_archive2/193/wmv0.avi,wmv0.avi,509615616,,,,,,False,,True,False,train
recovered_archive2/194,recovered_archive2,194,cap_image,recovered_archive2/194/CAPorg1.jpg,CAPorg1.jpg,595318,8da122d9648dae57fb82e4c4c247ddeea6002fc0d7c410f91d7acc41509cab6e,1024,768,62.965682,29.778632,False,8da122d9648dae57fb82e4c4c247ddeea6002fc0d7c410f91d7acc41509cab6e,False,True,train
recovered_archive2/194,recovered_archive2,194,cap_image,recovered_archive2/194/CAPorg2.jpg,CAPorg2.jpg,593380,5a16b474e21867161cd048174240993d61f825deb1f6da026a7a9ab0d3ccd8d6,1024,768,49.250936,20.036594,False,5a16b474e21867161cd048174240993d61f825deb1f6da026a7a9ab0d3ccd8d6,False,True,train
recovered_archive2/194,recovered_archive2,194,cap_image,recovered_archive2/194/CAPorg3.jpg,CAPorg3.jpg,605211,f15c4bf683dca88d12cbba2b40debcd668fd012de6e0ffc2eae61c6b5f2cc3f6,1024,768,56.708885,19.959711,False,f15c4bf683dca88d12cbba2b40debcd668fd012de6e0ffc2eae61c6b5f2cc3f6,False,True,train
recovered_archive2/194,recovered_archive2,194,cap_image,recovered_archive2/194/CAPorg4.jpg,CAPorg4.jpg,601817,a707d08b9746b17fd3f093d793e2edd5e1f09ab24755e6eef7d6a29044267980,1024,768,45.729281,18.859444,False,a707d08b9746b17fd3f093d793e2edd5e1f09ab24755e6eef7d6a29044267980,False,True,train
recovered_archive2/194,recovered_archive2,194,cap_image,recovered_archive2/194/CAPorg5.jpg,CAPorg5.jpg,570753,b4663543b8f78ca1e9c9a144575ca870f28598214762f12601261f05deed0ad5,1024,768,28.587382,13.650432,False,b4663543b8f78ca1e9c9a144575ca870f28598214762f12601261f05deed0ad5,False,True,train
recovered_archive2/194,recovered_archive2,194,report_image,recovered_archive2/194/rep.jpg.jpg,rep.jpg.jpg,78322,9402663ce65c3033f3c2a2963f928dcca02a89bdb10b75d563c5a07e790739cd,,,,,False,9402663ce65c3033f3c2a2963f928dcca02a89bdb10b75d563c5a07e790739cd,False,False,train
recovered_archive2/194,recovered_archive2,194,report_image,recovered_archive2/194/rep_1903260.jpg.jpg,rep_1903260.jpg.jpg,78322,9402663ce65c3033f3c2a2963f928dcca02a89bdb10b75d563c5a07e790739cd,,,,,False,9402663ce65c3033f3c2a2963f928dcca02a89bdb10b75d563c5a07e790739cd,False,False,train
recovered_archive2/194,recovered_archive2,194,report_image,recovered_archive2/194/rep_1903261.jpg.jpg,rep_1903261.jpg.jpg,78322,9402663ce65c3033f3c2a2963f928dcca02a89bdb10b75d563c5a07e790739cd,,,,,False,9402663ce65c3033f3c2a2963f928dcca02a89bdb10b75d563c5a07e790739cd,False,False,train
recovered_archive2/194,recovered_archive2,194,report_image,recovered_archive2/194/rep_左手.jpg.jpg,rep_左手.jpg.jpg,78322,9402663ce65c3033f3c2a2963f928dcca02a89bdb10b75d563c5a07e790739cd,,,,,False,9402663ce65c3033f3c2a2963f928dcca02a89bdb10b75d563c5a07e790739cd,False,False,train
recovered_archive2/195,recovered_archive2,195,cap_image,recovered_archive2/195/CAPorg1.jpg,CAPorg1.jpg,634585,5cb9d80c1936843090a9739b3f8adb8215d8e65508275e6ada456eb0c4d08846,1024,768,93.060729,30.373385,False,5cb9d80c1936843090a9739b3f8adb8215d8e65508275e6ada456eb0c4d08846,False,True,train
recovered_archive2/195,recovered_archive2,195,cap_image,recovered_archive2/195/CAPorg2.jpg,CAPorg2.jpg,639611,daa66323ab3cad401659b222f62481021b0ce645803d13d30f3240c25e811b33,1024,768,103.895935,29.718196,False,daa66323ab3cad401659b222f62481021b0ce645803d13d30f3240c25e811b33,False,True,train
recovered_archive2/195,recovered_archive2,195,cap_image,recovered_archive2/195/CAPorg3.jpg,CAPorg3.jpg,636897,342f2273d573a74c782d64284919895e45b2d3155cc37dcab4f2c90c37585ba1,1024,768,100.654526,29.304885,False,342f2273d573a74c782d64284919895e45b2d3155cc37dcab4f2c90c37585ba1,False,True,train
recovered_archive2/195,recovered_archive2,195,cap_image,recovered_archive2/195/CAPorg4.jpg,CAPorg4.jpg,641164,8d1fa524a4fd42a4eb4744d4daadcc2a2493360270f90b1e8833725a5f87985d,1024,768,102.840052,34.315495,False,8d1fa524a4fd42a4eb4744d4daadcc2a2493360270f90b1e8833725a5f87985d,False,True,train
recovered_archive2/195,recovered_archive2,195,cap_image,recovered_archive2/195/CAPorg5.jpg,CAPorg5.jpg,639225,c978b42a96a425567270885eae3be29bc9262d3b512e0ae08ca74396a66e0b89,1024,768,97.405824,33.475191,False,c978b42a96a425567270885eae3be29bc9262d3b512e0ae08ca74396a66e0b89,False,True,train
recovered_archive2/195,recovered_archive2,195,cap_image,recovered_archive2/195/CAPorg6.jpg,CAPorg6.jpg,632894,b8d33169aad6a278c169f3e8431b3c13c0bb6556af3da4d1eff243c6671dbddb,1024,768,94.143064,37.943976,False,b8d33169aad6a278c169f3e8431b3c13c0bb6556af3da4d1eff243c6671dbddb,False,True,train
recovered_archive2/195,recovered_archive2,195,cap_image,recovered_archive2/195/CAPorg7.jpg,CAPorg7.jpg,630421,0d431b8573f7457225fada6e6db358800860c94b2f45724556d2a8485dbaeca1,1024,768,96.572048,40.94664,False,0d431b8573f7457225fada6e6db358800860c94b2f45724556d2a8485dbaeca1,False,True,train
recovered_archive2/195,recovered_archive2,195,report_image,recovered_archive2/195/rep.jpg.jpg,rep.jpg.jpg,82231,624dd9e60b7ef788f716d2eb4dc93ec8a5b0f2f6a9c16393f658354bb3904b54,,,,,False,624dd9e60b7ef788f716d2eb4dc93ec8a5b0f2f6a9c16393f658354bb3904b54,False,False,train
recovered_archive2/195,recovered_archive2,195,report_image,recovered_archive2/195/rep_1902120.jpg.jpg,rep_1902120.jpg.jpg,81158,f3e39537f5478583359d435779d293ce941a3358ee449c06eb9f34977a947e62,,,,,False,f3e39537f5478583359d435779d293ce941a3358ee449c06eb9f34977a947e62,False,False,train
recovered_archive2/195,recovered_archive2,195,report_image,recovered_archive2/195/rep_1902121.jpg.jpg,rep_1902121.jpg.jpg,82231,624dd9e60b7ef788f716d2eb4dc93ec8a5b0f2f6a9c16393f658354bb3904b54,,,,,False,624dd9e60b7ef788f716d2eb4dc93ec8a5b0f2f6a9c16393f658354bb3904b54,False,False,train
recovered_archive2/195,recovered_archive2,195,report_image,recovered_archive2/195/rep_左手.jpg.jpg,rep_左手.jpg.jpg,82231,624dd9e60b7ef788f716d2eb4dc93ec8a5b0f2f6a9c16393f658354bb3904b54,,,,,False,624dd9e60b7ef788f716d2eb4dc93ec8a5b0f2f6a9c16393f658354bb3904b54,False,False,train
recovered_archive2/196,recovered_archive2,196,cap_image,recovered_archive2/196/CAPorg1.jpg,CAPorg1.jpg,578042,72fca49525831ee01abb50fdac9e7df69c8541041ff92e2e7c070b4ea944c8b6,1024,768,150.308445,78.351021,False,72fca49525831ee01abb50fdac9e7df69c8541041ff92e2e7c070b4ea944c8b6,False,True,train
recovered_archive2/196,recovered_archive2,196,cap_image,recovered_archive2/196/CAPorg10.jpg,CAPorg10.jpg,601750,eb1125b54f35b1af6e7a3441bf11769d9627984eae300552c16cba039d426ec0,1024,768,65.689515,29.135197,False,eb1125b54f35b1af6e7a3441bf11769d9627984eae300552c16cba039d426ec0,False,True,train
recovered_archive2/196,recovered_archive2,196,cap_image,recovered_archive2/196/CAPorg11.jpg,CAPorg11.jpg,594345,2741a0eff763aed4746349464c46c469189bddf58c5feed000714bca257395d9,1024,768,65.713411,34.353868,False,2741a0eff763aed4746349464c46c469189bddf58c5feed000714bca257395d9,False,True,train
recovered_archive2/196,recovered_archive2,196,cap_image,recovered_archive2/196/CAPorg12.jpg,CAPorg12.jpg,605630,f35364f12a64a08430e82e488b330689dde46b81e2c69ff04f03bbcb9e496e8d,1024,768,79.024808,42.914322,False,f35364f12a64a08430e82e488b330689dde46b81e2c69ff04f03bbcb9e496e8d,False,True,train
recovered_archive2/196,recovered_archive2,196,cap_image,recovered_archive2/196/CAPorg13.jpg,CAPorg13.jpg,598410,d8eac015d03204194fd08d39cef87ba5d18c79a59e47c0bd34ae8149dd48caec,1024,768,78.493735,43.92217,False,d8eac015d03204194fd08d39cef87ba5d18c79a59e47c0bd34ae8149dd48caec,False,True,train
recovered_archive2/196,recovered_archive2,196,cap_image,recovered_archive2/196/CAPorg14.jpg,CAPorg14.jpg,563396,fd54ca804b8950c85e26661b89ddbf36a081c489cb3ea095580593698c36756a,1024,768,57.823285,44.092763,False,fd54ca804b8950c85e26661b89ddbf36a081c489cb3ea095580593698c36756a,False,True,train
recovered_archive2/196,recovered_archive2,196,cap_image,recovered_archive2/196/CAPorg15.jpg,CAPorg15.jpg,562399,80f515cdf1858002098068dfd42ca6561dc04bb61e167e28072bbb1f977ef9a0,1024,768,66.530782,56.805942,False,80f515cdf1858002098068dfd42ca6561dc04bb61e167e28072bbb1f977ef9a0,False,True,train
recovered_archive2/196,recovered_archive2,196,cap_image,recovered_archive2/196/CAPorg16.jpg,CAPorg16.jpg,545676,164d2bde178d5fdb6bf80dfa44009a7927f6e5e053d9cb654211b007ade2b928,1024,768,44.851835,36.296442,False,164d2bde178d5fdb6bf80dfa44009a7927f6e5e053d9cb654211b007ade2b928,False,True,train
recovered_archive2/196,recovered_archive2,196,cap_image,recovered_archive2/196/CAPorg2.jpg,CAPorg2.jpg,414551,3c9de7abfc2915ec45d91a832e0ef7237d6540a933afb9e1e0d5229818c6b391,1024,768,224.531156,37.241404,False,3c9de7abfc2915ec45d91a832e0ef7237d6540a933afb9e1e0d5229818c6b391,False,True,train
recovered_archive2/196,recovered_archive2,196,cap_image,recovered_archive2/196/CAPorg3.jpg,CAPorg3.jpg,616783,23ec1ba11f60db0c7001f35651fc4c9b2617ce2501375ab07e1f89bb236357c6,1024,768,109.604415,74.138312,False,23ec1ba11f60db0c7001f35651fc4c9b2617ce2501375ab07e1f89bb236357c6,False,True,train
recovered_archive2/196,recovered_archive2,196,cap_image,recovered_archive2/196/CAPorg4.jpg,CAPorg4.jpg,540876,5342b6c31a22b7838bf6985b447f9b288b4199b70b84a04298602b739dcf6282,1024,768,65.008907,59.404103,False,5342b6c31a22b7838bf6985b447f9b288b4199b70b84a04298602b739dcf6282,False,True,train
recovered_archive2/196,recovered_archive2,196,cap_image,recovered_archive2/196/CAPorg5.jpg,CAPorg5.jpg,578649,ae36bfcbd02c90e24bdd8eb0f80b7a2b1e7e50292857cba8e5fce5dcd2e718e5,1024,768,186.719153,64.715853,False,ae36bfcbd02c90e24bdd8eb0f80b7a2b1e7e50292857cba8e5fce5dcd2e718e5,False,True,train
recovered_archive2/196,recovered_archive2,196,cap_image,recovered_archive2/196/CAPorg6.jpg,CAPorg6.jpg,591351,9410b4cf8bf74b9c8480aedc33852b194b6b1be0a804490b0006a2cca995b094,1024,768,120.126811,78.078212,False,9410b4cf8bf74b9c8480aedc33852b194b6b1be0a804490b0006a2cca995b094,False,True,train
recovered_archive2/196,recovered_archive2,196,cap_image,recovered_archive2/196/CAPorg7.jpg,CAPorg7.jpg,599216,6a36e8c5e8eeae80c4270915c825978ac712e7cfc16e8c268f3b6564f5c5f808,1024,768,73.952887,55.576228,False,6a36e8c5e8eeae80c4270915c825978ac712e7cfc16e8c268f3b6564f5c5f808,False,True,train
recovered_archive2/196,recovered_archive2,196,cap_image,recovered_archive2/196/CAPorg8.jpg,CAPorg8.jpg,523935,b8ba5fa157cd144c1f80c7057ef8156f808a064274a27d16bca061dfa37bfa2a,1024,768,41.808867,38.675564,False,b8ba5fa157cd144c1f80c7057ef8156f808a064274a27d16bca061dfa37bfa2a,False,True,train
recovered_archive2/196,recovered_archive2,196,cap_image,recovered_archive2/196/CAPorg9.jpg,CAPorg9.jpg,605029,2a59a08df18ec68d757dc8ef18ac33efb17582eb8650c34727283fec0d1e5d11,1024,768,74.319164,38.335702,False,2a59a08df18ec68d757dc8ef18ac33efb17582eb8650c34727283fec0d1e5d11,False,True,train
recovered_archive2/196,recovered_archive2,196,report_image,recovered_archive2/196/rep.jpg.jpg,rep.jpg.jpg,75820,84f2eca5f73f10426f43eb5f56e75138134aa80f28801a5542b404d85a7c3a99,,,,,False,84f2eca5f73f10426f43eb5f56e75138134aa80f28801a5542b404d85a7c3a99,False,False,train
recovered_archive2/196,recovered_archive2,196,report_image,recovered_archive2/196/rep_2012150.jpg.jpg,rep_2012150.jpg.jpg,75820,84f2eca5f73f10426f43eb5f56e75138134aa80f28801a5542b404d85a7c3a99,,,,,False,84f2eca5f73f10426f43eb5f56e75138134aa80f28801a5542b404d85a7c3a99,False,False,train
recovered_archive2/196,recovered_archive2,196,report_image,recovered_archive2/196/rep_2012151.jpg.jpg,rep_2012151.jpg.jpg,75820,84f2eca5f73f10426f43eb5f56e75138134aa80f28801a5542b404d85a7c3a99,,,,,False,84f2eca5f73f10426f43eb5f56e75138134aa80f28801a5542b404d85a7c3a99,False,False,train
recovered_archive2/196,recovered_archive2,196,report_image,recovered_archive2/196/rep_双手无名指.jpg.jpg,rep_双手无名指.jpg.jpg,75820,84f2eca5f73f10426f43eb5f56e75138134aa80f28801a5542b404d85a7c3a99,,,,,False,84f2eca5f73f10426f43eb5f56e75138134aa80f28801a5542b404d85a7c3a99,False,False,train
recovered_archive2/196,recovered_archive2,196,video,recovered_archive2/196/wmv0.avi,wmv0.avi,575676416,,,,,,False,,True,False,train
recovered_archive2/197,recovered_archive2,197,cap_image,recovered_archive2/197/CAPorg1.jpg,CAPorg1.jpg,452161,ed1f247aed923bb29077feab7af1dcba3dbabc7121377d36ca51255881f3726e,1024,768,103.230217,92.469826,False,ed1f247aed923bb29077feab7af1dcba3dbabc7121377d36ca51255881f3726e,False,True,train
recovered_archive2/197,recovered_archive2,197,cap_image,recovered_archive2/197/CAPorg2.jpg,CAPorg2.jpg,449604,f4524b326c3b6ff6a99daa09aad334a5686eb8a1f94c41478e713a1ace3397a7,1024,768,105.80239,96.573439,False,f4524b326c3b6ff6a99daa09aad334a5686eb8a1f94c41478e713a1ace3397a7,False,True,train
recovered_archive2/197,recovered_archive2,197,cap_image,recovered_archive2/197/CAPorg3.jpg,CAPorg3.jpg,499211,3445fa236242d9ff241e75478a7f6f55e91fe71f18a70e455b4cb00613208901,1024,768,73.195449,82.918509,False,3445fa236242d9ff241e75478a7f6f55e91fe71f18a70e455b4cb00613208901,False,True,train
recovered_archive2/197,recovered_archive2,197,cap_image,recovered_archive2/197/CAPorg4.jpg,CAPorg4.jpg,462063,310441a2f94d8121d0d90fab877ead91360288d78e0be061fa59ed8bf7212845,1024,768,107.908838,91.432395,False,310441a2f94d8121d0d90fab877ead91360288d78e0be061fa59ed8bf7212845,False,True,train
recovered_archive2/197,recovered_archive2,197,cap_image,recovered_archive2/197/CAPorg5.jpg,CAPorg5.jpg,545436,3bb4e2bb3b5702dd9438469e4ab30529c2a4a3cd2fb084685954925f15271ef5,1024,768,62.879367,67.247732,False,3bb4e2bb3b5702dd9438469e4ab30529c2a4a3cd2fb084685954925f15271ef5,False,True,train
recovered_archive2/197,recovered_archive2,197,cap_image,recovered_archive2/197/CAPorg6.jpg,CAPorg6.jpg,520640,a737016334722ec04be36bc376b3132d3613bcd40e4d7ba67ba9145de9acbac8,1024,768,49.158442,64.28217,False,a737016334722ec04be36bc376b3132d3613bcd40e4d7ba67ba9145de9acbac8,False,True,train
recovered_archive2/197,recovered_archive2,197,cap_image,recovered_archive2/197/CAPorg7.jpg,CAPorg7.jpg,467203,9c9ca190a89ebf90801ba85ffd8a935f70be51ad82dcf4db96d38151b2a379e0,1024,768,101.82357,93.479884,False,9c9ca190a89ebf90801ba85ffd8a935f70be51ad82dcf4db96d38151b2a379e0,False,True,train
recovered_archive2/197,recovered_archive2,197,cap_image,recovered_archive2/197/CAPorg8.jpg,CAPorg8.jpg,495893,c20c431e07b70e94f3ed35914eafdb3ee1d283f7474f3b6ca406abdc44b27494,1024,768,35.934879,50.088843,False,c20c431e07b70e94f3ed35914eafdb3ee1d283f7474f3b6ca406abdc44b27494,False,True,train
recovered_archive2/197,recovered_archive2,197,report_image,recovered_archive2/197/rep.jpg.jpg,rep.jpg.jpg,70681,437a2cfc067663416f175de8d8522db9b51c5c8a31b6586ee442d8d7e57769b2,,,,,False,437a2cfc067663416f175de8d8522db9b51c5c8a31b6586ee442d8d7e57769b2,False,False,train
recovered_archive2/197,recovered_archive2,197,report_image,recovered_archive2/197/rep_1903190.jpg.jpg,rep_1903190.jpg.jpg,70681,437a2cfc067663416f175de8d8522db9b51c5c8a31b6586ee442d8d7e57769b2,,,,,False,437a2cfc067663416f175de8d8522db9b51c5c8a31b6586ee442d8d7e57769b2,False,False,train
recovered_archive2/197,recovered_archive2,197,report_image,recovered_archive2/197/rep_1903191.jpg.jpg,rep_1903191.jpg.jpg,70681,437a2cfc067663416f175de8d8522db9b51c5c8a31b6586ee442d8d7e57769b2,,,,,False,437a2cfc067663416f175de8d8522db9b51c5c8a31b6586ee442d8d7e57769b2,False,False,train
recovered_archive2/197,recovered_archive2,197,report_image,recovered_archive2/197/rep_左手.jpg.jpg,rep_左手.jpg.jpg,70681,437a2cfc067663416f175de8d8522db9b51c5c8a31b6586ee442d8d7e57769b2,,,,,False,437a2cfc067663416f175de8d8522db9b51c5c8a31b6586ee442d8d7e57769b2,False,False,train
recovered_archive2/198,recovered_archive2,198,cap_image,recovered_archive2/198/CAPorg1.jpg,CAPorg1.jpg,620663,e0ce0efe124989206e5386f76d65034099a97e464c00a42e07099f1de7669716,1024,768,156.514886,65.963782,False,e0ce0efe124989206e5386f76d65034099a97e464c00a42e07099f1de7669716,False,True,train
recovered_archive2/198,recovered_archive2,198,cap_image,recovered_archive2/198/CAPorg2.jpg,CAPorg2.jpg,556205,0a65bb6effddc515aad5bc7f69479cb0ad1865b7b944d41d1e9244332109a990,1024,768,180.388261,61.723391,False,0a65bb6effddc515aad5bc7f69479cb0ad1865b7b944d41d1e9244332109a990,False,True,train
recovered_archive2/198,recovered_archive2,198,cap_image,recovered_archive2/198/CAPorg3.jpg,CAPorg3.jpg,474972,dd05b69561066f1758759376d389f197cd0bbe61c86894b2748d62e24e9bf6bd,1024,768,199.484214,56.885435,False,dd05b69561066f1758759376d389f197cd0bbe61c86894b2748d62e24e9bf6bd,False,True,train
recovered_archive2/198,recovered_archive2,198,cap_image,recovered_archive2/198/CAPorg4.jpg,CAPorg4.jpg,568864,1dc7a5463fc1df43422c8324428cf725606014f7a74baf8661b4e0937fb95bb5,1024,768,43.793657,41.387667,False,1dc7a5463fc1df43422c8324428cf725606014f7a74baf8661b4e0937fb95bb5,False,True,train
recovered_archive2/198,recovered_archive2,198,cap_image,recovered_archive2/198/CAPorg5.jpg,CAPorg5.jpg,567905,1b4bac2027e620b585283be9ab2d023b67e4febc55e39fcdc5d81a46b77b0cc7,1024,768,36.933503,35.540369,False,1b4bac2027e620b585283be9ab2d023b67e4febc55e39fcdc5d81a46b77b0cc7,False,True,train
recovered_archive2/198,recovered_archive2,198,cap_image,recovered_archive2/198/CAPorg6.jpg,CAPorg6.jpg,570356,964afa48b30eb99c4f608758c496cb90ab5ac39f7c0ef0c022e52bd4e8570e48,1024,768,38.559227,35.764712,False,964afa48b30eb99c4f608758c496cb90ab5ac39f7c0ef0c022e52bd4e8570e48,False,True,train
recovered_archive2/198,recovered_archive2,198,cap_image,recovered_archive2/198/CAPorg7.jpg,CAPorg7.jpg,580519,530b7c567c4ebc5ef92a48a84683bf8730dbf7c224214041016981dbf27e1ce3,1024,768,36.542072,26.934329,False,530b7c567c4ebc5ef92a48a84683bf8730dbf7c224214041016981dbf27e1ce3,False,True,train
recovered_archive2/198,recovered_archive2,198,cap_image,recovered_archive2/198/CAPorg8.jpg,CAPorg8.jpg,596699,40f37d21b8ad058bcf3aa4f353a2f53c1c8dc0ab42cde7a90c6437ad5e867fb4,1024,768,50.649138,30.377975,False,40f37d21b8ad058bcf3aa4f353a2f53c1c8dc0ab42cde7a90c6437ad5e867fb4,False,True,train
recovered_archive2/198,recovered_archive2,198,cap_image,recovered_archive2/198/CAPorg9.jpg,CAPorg9.jpg,607457,cfd5821227b43765bfcd5dfa90130daef7d9103ea4828b4ddec3bf8bc06fcaee,1024,768,66.476748,29.209589,False,cfd5821227b43765bfcd5dfa90130daef7d9103ea4828b4ddec3bf8bc06fcaee,False,True,train
recovered_archive2/198,recovered_archive2,198,report_image,recovered_archive2/198/rep.jpg.jpg,rep.jpg.jpg,85760,455ae133ac31ae16f0669a8f474e9bcf0ed1ce26e51f250a1bef2b19a2a10adf,,,,,False,455ae133ac31ae16f0669a8f474e9bcf0ed1ce26e51f250a1bef2b19a2a10adf,False,False,train
recovered_archive2/198,recovered_archive2,198,report_image,recovered_archive2/198/rep_1906130.jpg.jpg,rep_1906130.jpg.jpg,85753,a116c0721d36f87e2d617a2d32773bbe5165e627c32dcc551c0f3bf259e0bc24,,,,,False,a116c0721d36f87e2d617a2d32773bbe5165e627c32dcc551c0f3bf259e0bc24,False,False,train
recovered_archive2/198,recovered_archive2,198,report_image,recovered_archive2/198/rep_1906131.jpg.jpg,rep_1906131.jpg.jpg,85760,455ae133ac31ae16f0669a8f474e9bcf0ed1ce26e51f250a1bef2b19a2a10adf,,,,,False,455ae133ac31ae16f0669a8f474e9bcf0ed1ce26e51f250a1bef2b19a2a10adf,False,False,train
recovered_archive2/198,recovered_archive2,198,report_image,recovered_archive2/198/rep_左手.jpg.jpg,rep_左手.jpg.jpg,85760,455ae133ac31ae16f0669a8f474e9bcf0ed1ce26e51f250a1bef2b19a2a10adf,,,,,False,455ae133ac31ae16f0669a8f474e9bcf0ed1ce26e51f250a1bef2b19a2a10adf,False,False,train
recovered_archive2/198,recovered_archive2,198,video,recovered_archive2/198/wmv0.avi,wmv0.avi,320869888,,,,,,False,,True,False,train
recovered_archive2/199,recovered_archive2,199,cap_image,recovered_archive2/199/CAPorg1.jpg,CAPorg1.jpg,650683,6373e9a69158cf3317b106e708da6995e8eef2d89f935db371893418d2be9eb9,1024,768,127.176018,52.574741,False,6373e9a69158cf3317b106e708da6995e8eef2d89f935db371893418d2be9eb9,False,True,train
recovered_archive2/199,recovered_archive2,199,cap_image,recovered_archive2/199/CAPorg2.jpg,CAPorg2.jpg,631400,6edcbc6f8c2230115e3e94bece7afb5062aef0a8f66b349f1719bf1e222aceb6,1024,768,173.090857,48.237335,False,6edcbc6f8c2230115e3e94bece7afb5062aef0a8f66b349f1719bf1e222aceb6,False,True,train
recovered_archive2/199,recovered_archive2,199,cap_image,recovered_archive2/199/CAPorg3.jpg,CAPorg3.jpg,622200,d115fea7208c383bee14e80e2a3c28e434e070e2821fd73a1e14f926a2eb77d7,1024,768,84.274403,36.71773,False,d115fea7208c383bee14e80e2a3c28e434e070e2821fd73a1e14f926a2eb77d7,False,True,train
recovered_archive2/199,recovered_archive2,199,cap_image,recovered_archive2/199/CAPorg4.jpg,CAPorg4.jpg,627446,298f16e48f5650a09ea05e56a853569728d56f7ab9747a63ccc4f33cdc912eea,1024,768,88.028479,23.643009,False,298f16e48f5650a09ea05e56a853569728d56f7ab9747a63ccc4f33cdc912eea,False,True,train
recovered_archive2/199,recovered_archive2,199,cap_image,recovered_archive2/199/CAPorg5.jpg,CAPorg5.jpg,624596,9d4e35743c965054f862949c78989556b00b9ea53d825e00525405752d9de193,1024,768,94.013046,35.433255,False,9d4e35743c965054f862949c78989556b00b9ea53d825e00525405752d9de193,False,True,train
recovered_archive2/199,recovered_archive2,199,cap_image,recovered_archive2/199/CAPorg6.jpg,CAPorg6.jpg,637827,23ab8d3d1f02496be8e4ab6316adee2d6b19ac09e5abb1d15323ea9e554d229b,1024,768,117.201294,38.026554,False,23ab8d3d1f02496be8e4ab6316adee2d6b19ac09e5abb1d15323ea9e554d229b,False,True,train
recovered_archive2/199,recovered_archive2,199,cap_image,recovered_archive2/199/CAPorg7.jpg,CAPorg7.jpg,636968,0f425ca464fd857108922dcff4a212f2c00bd1b51f321ff1cad0ed7723ecfbc1,1024,768,114.206182,36.911482,False,0f425ca464fd857108922dcff4a212f2c00bd1b51f321ff1cad0ed7723ecfbc1,False,True,train
recovered_archive2/199,recovered_archive2,199,cap_image,recovered_archive2/199/CAPorg8.jpg,CAPorg8.jpg,633107,fb88575612d97739056a71d3e111efd22b7c35c0f77a19fe9909288e3d704f6f,1024,768,113.150897,36.163228,False,fb88575612d97739056a71d3e111efd22b7c35c0f77a19fe9909288e3d704f6f,False,True,train
recovered_archive2/199,recovered_archive2,199,cap_image,recovered_archive2/199/CAPorg9.jpg,CAPorg9.jpg,636117,282c12a287743446925230c46db2e5b417d9decb829b4a25d4b4b5c94dd7f40b,1024,768,114.108257,38.422994,False,282c12a287743446925230c46db2e5b417d9decb829b4a25d4b4b5c94dd7f40b,False,True,train
recovered_archive2/199,recovered_archive2,199,report_image,recovered_archive2/199/rep.jpg.jpg,rep.jpg.jpg,84577,d358f81a1f0b021aaa33c4403ad7de74ec271dec9ff21850ca5f6f75b18b8d6d,,,,,False,d358f81a1f0b021aaa33c4403ad7de74ec271dec9ff21850ca5f6f75b18b8d6d,False,False,train
recovered_archive2/199,recovered_archive2,199,report_image,recovered_archive2/199/rep_2005210.jpg.jpg,rep_2005210.jpg.jpg,84577,d358f81a1f0b021aaa33c4403ad7de74ec271dec9ff21850ca5f6f75b18b8d6d,,,,,False,d358f81a1f0b021aaa33c4403ad7de74ec271dec9ff21850ca5f6f75b18b8d6d,False,False,train
recovered_archive2/199,recovered_archive2,199,report_image,recovered_archive2/199/rep_2005211.jpg.jpg,rep_2005211.jpg.jpg,84577,d358f81a1f0b021aaa33c4403ad7de74ec271dec9ff21850ca5f6f75b18b8d6d,,,,,False,d358f81a1f0b021aaa33c4403ad7de74ec271dec9ff21850ca5f6f75b18b8d6d,False,False,train
recovered_archive2/199,recovered_archive2,199,report_image,recovered_archive2/199/rep_左手.jpg.jpg,rep_左手.jpg.jpg,84577,d358f81a1f0b021aaa33c4403ad7de74ec271dec9ff21850ca5f6f75b18b8d6d,,,,,False,d358f81a1f0b021aaa33c4403ad7de74ec271dec9ff21850ca5f6f75b18b8d6d,False,False,train
recovered_archive2/199,recovered_archive2,199,video,recovered_archive2/199/wmv0.avi,wmv0.avi,427039232,,,,,,False,,True,False,train
recovered_archive2/199,recovered_archive2,199,video,recovered_archive2/199/wmv1.avi,wmv1.avi,495459328,,,,,,False,,True,False,train
recovered_archive2/200,recovered_archive2,200,cap_image,recovered_archive2/200/CAPorg1.jpg,CAPorg1.jpg,580376,67cad5bca38a7910222c2e22123734c9efa16024316c2675315c2ab40f7de84d,1024,768,73.208394,63.098825,False,67cad5bca38a7910222c2e22123734c9efa16024316c2675315c2ab40f7de84d,False,True,test
recovered_archive2/200,recovered_archive2,200,cap_image,recovered_archive2/200/CAPorg10.jpg,CAPorg10.jpg,450199,20b9da9762552a032e3896ccee45b86bc8bac9a7a2e8fdade9ac85ac714e6324,1024,768,12.836217,14.635409,False,20b9da9762552a032e3896ccee45b86bc8bac9a7a2e8fdade9ac85ac714e6324,False,True,test
recovered_archive2/200,recovered_archive2,200,cap_image,recovered_archive2/200/CAPorg2.jpg,CAPorg2.jpg,576147,331fa4e317d80e2a91a1c9ba6be286e363c971d731c24955cc936b031cbfc984,1024,768,140.730732,74.168805,False,331fa4e317d80e2a91a1c9ba6be286e363c971d731c24955cc936b031cbfc984,False,True,test
recovered_archive2/200,recovered_archive2,200,cap_image,recovered_archive2/200/CAPorg3.jpg,CAPorg3.jpg,546755,589d33bdc04dc1d3487dbc603000bdcb7fd0593f5afa498e1133209779e75a29,1024,768,37.191914,30.253932,False,589d33bdc04dc1d3487dbc603000bdcb7fd0593f5afa498e1133209779e75a29,False,True,test
recovered_archive2/200,recovered_archive2,200,cap_image,recovered_archive2/200/CAPorg4.jpg,CAPorg4.jpg,565094,6003f63407c1e5c1e6f5c39995ea752c10469d5611bdfdb214628f18b2aad405,1024,768,39.824704,27.845461,False,6003f63407c1e5c1e6f5c39995ea752c10469d5611bdfdb214628f18b2aad405,False,True,test
recovered_archive2/200,recovered_archive2,200,cap_image,recovered_archive2/200/CAPorg5.jpg,CAPorg5.jpg,615358,277af862a2a6b6810f4b3ce055fe9783efce2bd879b0b83c7b709e735fa3c059,1024,768,86.189503,40.511722,False,277af862a2a6b6810f4b3ce055fe9783efce2bd879b0b83c7b709e735fa3c059,False,True,test
recovered_archive2/200,recovered_archive2,200,cap_image,recovered_archive2/200/CAPorg6.jpg,CAPorg6.jpg,614743,cc6a0c9ef6af26552d9dca91bd306adde65692982d340d3cf1e75df007414c8a,1024,768,86.804331,47.667537,False,cc6a0c9ef6af26552d9dca91bd306adde65692982d340d3cf1e75df007414c8a,False,True,test
recovered_archive2/200,recovered_archive2,200,cap_image,recovered_archive2/200/CAPorg7.jpg,CAPorg7.jpg,595134,c94d69f9795ab58d2d22279f04b04f041bd96bf265a4c90ce901cea5b6594e0c,1024,768,69.934048,44.55225,False,c94d69f9795ab58d2d22279f04b04f041bd96bf265a4c90ce901cea5b6594e0c,False,True,test
recovered_archive2/200,recovered_archive2,200,cap_image,recovered_archive2/200/CAPorg8.jpg,CAPorg8.jpg,571764,aa4f2f2dab2b54c3503e5f2461a400823698da3cf9da7efce280dfe0ff342860,1024,768,51.491876,37.052618,False,aa4f2f2dab2b54c3503e5f2461a400823698da3cf9da7efce280dfe0ff342860,False,True,test
recovered_archive2/200,recovered_archive2,200,cap_image,recovered_archive2/200/CAPorg9.jpg,CAPorg9.jpg,493040,13e82ed5dc3e28517f31d4be8a1ccd34e154f3e65500fd3a9e26839ff941dd0f,1024,768,20.546277,19.163649,False,13e82ed5dc3e28517f31d4be8a1ccd34e154f3e65500fd3a9e26839ff941dd0f,False,True,test
recovered_archive2/200,recovered_archive2,200,report_image,recovered_archive2/200/rep.jpg.jpg,rep.jpg.jpg,77499,172f2a3474d2a29aeab6df43ed40441a1972b72cad73de68781a11f3a80b66b0,,,,,False,172f2a3474d2a29aeab6df43ed40441a1972b72cad73de68781a11f3a80b66b0,False,False,test
recovered_archive2/200,recovered_archive2,200,report_image,recovered_archive2/200/rep_1902120.jpg.jpg,rep_1902120.jpg.jpg,77499,172f2a3474d2a29aeab6df43ed40441a1972b72cad73de68781a11f3a80b66b0,,,,,False,172f2a3474d2a29aeab6df43ed40441a1972b72cad73de68781a11f3a80b66b0,False,False,test
recovered_archive2/200,recovered_archive2,200,report_image,recovered_archive2/200/rep_1902121.jpg.jpg,rep_1902121.jpg.jpg,77499,172f2a3474d2a29aeab6df43ed40441a1972b72cad73de68781a11f3a80b66b0,,,,,False,172f2a3474d2a29aeab6df43ed40441a1972b72cad73de68781a11f3a80b66b0,False,False,test
recovered_archive2/200,recovered_archive2,200,report_image,recovered_archive2/200/rep_左手.jpg.jpg,rep_左手.jpg.jpg,77499,172f2a3474d2a29aeab6df43ed40441a1972b72cad73de68781a11f3a80b66b0,,,,,False,172f2a3474d2a29aeab6df43ed40441a1972b72cad73de68781a11f3a80b66b0,False,False,test
recovered_archive3/201,recovered_archive3,201,cap_image,recovered_archive3/201/CAPorg1.jpg,CAPorg1.jpg,592975,a5d1b4d0866baad7c70ef64efae7dbde34eda7ac58df7ffdda1f58f26992cf34,1024,768,55.922024,31.769869,False,a5d1b4d0866baad7c70ef64efae7dbde34eda7ac58df7ffdda1f58f26992cf34,False,True,train
recovered_archive3/201,recovered_archive3,201,cap_image,recovered_archive3/201/CAPorg2.jpg,CAPorg2.jpg,632844,ecf7ad224be554e4b9f6f78c4e9c71dd8c689aa5c98c120df65ae9cbe903bf5a,1024,768,111.320374,41.745759,False,ecf7ad224be554e4b9f6f78c4e9c71dd8c689aa5c98c120df65ae9cbe903bf5a,False,True,train
recovered_archive3/201,recovered_archive3,201,cap_image,recovered_archive3/201/CAPorg3.jpg,CAPorg3.jpg,644768,9d193119621ab419556551646c75a101d92799783b7616fc67e8a6cbb485f7c4,1024,768,143.428576,48.804035,False,9d193119621ab419556551646c75a101d92799783b7616fc67e8a6cbb485f7c4,False,True,train
recovered_archive3/201,recovered_archive3,201,cap_image,recovered_archive3/201/CAPorg4.jpg,CAPorg4.jpg,589446,907359429adda49e459f5d2a8d11c1e3ba139f565938a150a581e20978936696,1024,768,50.466582,28.553657,False,907359429adda49e459f5d2a8d11c1e3ba139f565938a150a581e20978936696,False,True,train
recovered_archive3/201,recovered_archive3,201,cap_image,recovered_archive3/201/CAPorg5.jpg,CAPorg5.jpg,560843,d7cee94ad4ba0f17cded7a762ac29e5bc6a61c6f5f0b3f71c3f1a1b582f0bf65,1024,768,35.783573,24.27799,False,d7cee94ad4ba0f17cded7a762ac29e5bc6a61c6f5f0b3f71c3f1a1b582f0bf65,False,True,train
recovered_archive3/201,recovered_archive3,201,cap_image,recovered_archive3/201/CAPorg6.jpg,CAPorg6.jpg,576045,ae61cb4f69164a8f9362e3f99d41bfeff7c74e9a4d03bc7f0c0d2f0c972d6472,1024,768,44.391289,25.988724,False,ae61cb4f69164a8f9362e3f99d41bfeff7c74e9a4d03bc7f0c0d2f0c972d6472,False,True,train
recovered_archive3/201,recovered_archive3,201,cap_image,recovered_archive3/201/CAPorg7.jpg,CAPorg7.jpg,607043,9e9ca706bb25f5baa8a9a1779951e573a9108894818fd61c29a263ad4a0f255f,1024,768,79.202465,35.164375,False,9e9ca706bb25f5baa8a9a1779951e573a9108894818fd61c29a263ad4a0f255f,False,True,train
recovered_archive3/201,recovered_archive3,201,cap_image,recovered_archive3/201/CAPorg8.jpg,CAPorg8.jpg,611019,dc9579f7c13abe56656e65ebcbab281c55dc40c2232cc15710553194d8f10c32,1024,768,74.316845,34.889575,False,dc9579f7c13abe56656e65ebcbab281c55dc40c2232cc15710553194d8f10c32,False,True,train
recovered_archive3/201,recovered_archive3,201,report_image,recovered_archive3/201/rep.jpg.jpg,rep.jpg.jpg,80544,4453411239a9c04bd2f3999ed0ecf915b52bdf4331dc6319165b3d160f527e89,,,,,False,4453411239a9c04bd2f3999ed0ecf915b52bdf4331dc6319165b3d160f527e89,False,False,train
recovered_archive3/201,recovered_archive3,201,report_image,recovered_archive3/201/rep_1901240.jpg.jpg,rep_1901240.jpg.jpg,88830,5eb1806f44e48328293bf01a0e3c182f70ce888c22e31831f869aa7383711c6f,,,,,False,5eb1806f44e48328293bf01a0e3c182f70ce888c22e31831f869aa7383711c6f,False,False,train
recovered_archive3/201,recovered_archive3,201,report_image,recovered_archive3/201/rep_1901241.jpg.jpg,rep_1901241.jpg.jpg,88830,5eb1806f44e48328293bf01a0e3c182f70ce888c22e31831f869aa7383711c6f,,,,,False,5eb1806f44e48328293bf01a0e3c182f70ce888c22e31831f869aa7383711c6f,False,False,train
recovered_archive3/201,recovered_archive3,201,report_image,recovered_archive3/201/rep_1901242.jpg.jpg,rep_1901242.jpg.jpg,80544,4453411239a9c04bd2f3999ed0ecf915b52bdf4331dc6319165b3d160f527e89,,,,,False,4453411239a9c04bd2f3999ed0ecf915b52bdf4331dc6319165b3d160f527e89,False,False,train
recovered_archive3/201,recovered_archive3,201,report_image,recovered_archive3/201/rep_左手.jpg.jpg,rep_左手.jpg.jpg,80544,4453411239a9c04bd2f3999ed0ecf915b52bdf4331dc6319165b3d160f527e89,,,,,False,4453411239a9c04bd2f3999ed0ecf915b52bdf4331dc6319165b3d160f527e89,False,False,train
recovered_archive3/202,recovered_archive3,202,cap_image,recovered_archive3/202/CAPorg1.jpg,CAPorg1.jpg,631291,427e2df98400dbacaf396760379db37dc736e7142932dba247f69d06e63bf2fd,1024,768,70.991892,32.578434,False,427e2df98400dbacaf396760379db37dc736e7142932dba247f69d06e63bf2fd,False,True,val
recovered_archive3/202,recovered_archive3,202,cap_image,recovered_archive3/202/CAPorg10.jpg,CAPorg10.jpg,540023,204779a6c01f2c57e0fc1a7e04ce17217d05b04445d83e6f2e3e6b4706a84115,1024,768,212.114384,35.958353,False,204779a6c01f2c57e0fc1a7e04ce17217d05b04445d83e6f2e3e6b4706a84115,False,True,val
recovered_archive3/202,recovered_archive3,202,cap_image,recovered_archive3/202/CAPorg11.jpg,CAPorg11.jpg,583336,4d490cd4dcab32fec40c6ce2bee444b7a6b4f431e749ec9fdf9148472a4406eb,1024,768,186.338711,55.640137,False,4d490cd4dcab32fec40c6ce2bee444b7a6b4f431e749ec9fdf9148472a4406eb,False,True,val
recovered_archive3/202,recovered_archive3,202,cap_image,recovered_archive3/202/CAPorg12.jpg,CAPorg12.jpg,588702,1f59598b2a52387f544ce8bf8167c14608e2f19004615585c3c94563f94efff1,1024,768,186.997382,51.704929,False,1f59598b2a52387f544ce8bf8167c14608e2f19004615585c3c94563f94efff1,False,True,val
recovered_archive3/202,recovered_archive3,202,cap_image,recovered_archive3/202/CAPorg13.jpg,CAPorg13.jpg,616653,e558d15748a5c1a494d01582f256b04e4f7116a8b68f1a29163c7a840b9e7f3d,1024,768,177.220867,53.739281,False,e558d15748a5c1a494d01582f256b04e4f7116a8b68f1a29163c7a840b9e7f3d,False,True,val
recovered_archive3/202,recovered_archive3,202,cap_image,recovered_archive3/202/CAPorg14.jpg,CAPorg14.jpg,641166,7b93bb8ffe523c7b8a9c8d38894eb35184a017ba8ac5a663bc6d521ae8947c57,1024,768,170.622931,59.928086,False,7b93bb8ffe523c7b8a9c8d38894eb35184a017ba8ac5a663bc6d521ae8947c57,False,True,val
recovered_archive3/202,recovered_archive3,202,cap_image,recovered_archive3/202/CAPorg15.jpg,CAPorg15.jpg,555719,d03aebe87ce57a00db345ac393003ab493d8f6d54b6f62f040d7e431c3c09c92,1024,768,189.735414,53.702323,False,d03aebe87ce57a00db345ac393003ab493d8f6d54b6f62f040d7e431c3c09c92,False,True,val
recovered_archive3/202,recovered_archive3,202,cap_image,recovered_archive3/202/CAPorg16.jpg,CAPorg16.jpg,454903,0a114ab77e9f3f33d102373c6b8a0ee9a844f6d140a84fe85ac265c1852680d9,1024,768,203.600731,57.704081,False,0a114ab77e9f3f33d102373c6b8a0ee9a844f6d140a84fe85ac265c1852680d9,False,True,val
recovered_archive3/202,recovered_archive3,202,cap_image,recovered_archive3/202/CAPorg2.jpg,CAPorg2.jpg,648558,9e3feff7d7f9ece3b388c810c1853a2dfbc4a362eb4b43f463efdc06dd301a23,1024,768,88.317065,32.251751,False,9e3feff7d7f9ece3b388c810c1853a2dfbc4a362eb4b43f463efdc06dd301a23,False,True,val
recovered_archive3/202,recovered_archive3,202,cap_image,recovered_archive3/202/CAPorg3.jpg,CAPorg3.jpg,643689,786848fcc084d2ee5419d4ff87843c7df7e58bff8704186f561b1616d09e8f02,1024,768,83.905811,28.049385,False,786848fcc084d2ee5419d4ff87843c7df7e58bff8704186f561b1616d09e8f02,False,True,val
recovered_archive3/202,recovered_archive3,202,cap_image,recovered_archive3/202/CAPorg4.jpg,CAPorg4.jpg,659545,ca7f912ccefab1e741aa384176c3731010968e124c66e51cc4eb542e5eeeb39f,1024,768,99.504618,43.86177,False,ca7f912ccefab1e741aa384176c3731010968e124c66e51cc4eb542e5eeeb39f,False,True,val
recovered_archive3/202,recovered_archive3,202,cap_image,recovered_archive3/202/CAPorg5.jpg,CAPorg5.jpg,639815,86a3334125d19fddd2ce547e71f1a6cef9333e5bf20b0e8a4880532d9b0ff91c,1024,768,77.705786,23.028615,False,86a3334125d19fddd2ce547e71f1a6cef9333e5bf20b0e8a4880532d9b0ff91c,False,True,val
recovered_archive3/202,recovered_archive3,202,cap_image,recovered_archive3/202/CAPorg6.jpg,CAPorg6.jpg,583108,f51be31bd6d78c5336f3522b453b4759c70119c8645fd46e47e2b962ae9edf7e,1024,768,33.478208,17.274865,False,f51be31bd6d78c5336f3522b453b4759c70119c8645fd46e47e2b962ae9edf7e,False,True,val
recovered_archive3/202,recovered_archive3,202,cap_image,recovered_archive3/202/CAPorg7.jpg,CAPorg7.jpg,599648,68d9956296b687d8ffe87399ec48f40aef01bed3aaa59b372f4a641d538d41bd,1024,768,40.553243,17.805171,False,68d9956296b687d8ffe87399ec48f40aef01bed3aaa59b372f4a641d538d41bd,False,True,val
recovered_archive3/202,recovered_archive3,202,cap_image,recovered_archive3/202/CAPorg8.jpg,CAPorg8.jpg,661268,f0fae864e4dda2afe81cd2ebbeecd25858a95bed3a4953c4adcb03518ee52238,1024,768,96.263173,27.82863,False,f0fae864e4dda2afe81cd2ebbeecd25858a95bed3a4953c4adcb03518ee52238,False,True,val
recovered_archive3/202,recovered_archive3,202,cap_image,recovered_archive3/202/CAPorg9.jpg,CAPorg9.jpg,646457,0d5fd7325a0742ddbecd2653736eabcb141056860293e6cc45af543df3ad07ab,1024,768,181.480461,37.505036,False,0d5fd7325a0742ddbecd2653736eabcb141056860293e6cc45af543df3ad07ab,False,True,val
recovered_archive3/202,recovered_archive3,202,report_image,recovered_archive3/202/rep.jpg.jpg,rep.jpg.jpg,83459,b9c99a18c17ca8e74fb834b9ded820ff45e51b56c7fe4fc294df6ac67e682e09,,,,,False,b9c99a18c17ca8e74fb834b9ded820ff45e51b56c7fe4fc294df6ac67e682e09,False,False,val
recovered_archive3/202,recovered_archive3,202,report_image,recovered_archive3/202/rep_1812110.jpg.jpg,rep_1812110.jpg.jpg,83459,b9c99a18c17ca8e74fb834b9ded820ff45e51b56c7fe4fc294df6ac67e682e09,,,,,False,b9c99a18c17ca8e74fb834b9ded820ff45e51b56c7fe4fc294df6ac67e682e09,False,False,val
recovered_archive3/202,recovered_archive3,202,report_image,recovered_archive3/202/rep_1812111.jpg.jpg,rep_1812111.jpg.jpg,83459,b9c99a18c17ca8e74fb834b9ded820ff45e51b56c7fe4fc294df6ac67e682e09,,,,,False,b9c99a18c17ca8e74fb834b9ded820ff45e51b56c7fe4fc294df6ac67e682e09,False,False,val
recovered_archive3/202,recovered_archive3,202,report_image,recovered_archive3/202/rep_左手.jpg.jpg,rep_左手.jpg.jpg,83459,b9c99a18c17ca8e74fb834b9ded820ff45e51b56c7fe4fc294df6ac67e682e09,,,,,False,b9c99a18c17ca8e74fb834b9ded820ff45e51b56c7fe4fc294df6ac67e682e09,False,False,val
recovered_archive3/203,recovered_archive3,203,cap_image,recovered_archive3/203/CAPorg1.jpg,CAPorg1.jpg,633443,c8aebb97086e09c55b4c7608aece4cfa468ce06a3d88cc5a966d4f67f10c3c09,1024,768,117.271196,58.269506,False,c8aebb97086e09c55b4c7608aece4cfa468ce06a3d88cc5a966d4f67f10c3c09,False,True,train
recovered_archive3/203,recovered_archive3,203,cap_image,recovered_archive3/203/CAPorg10.jpg,CAPorg10.jpg,593170,025bbaa935c52bfc29990b3ba5c79e3cd101d1ff1206a7223f83c54f4fff5819,1024,768,60.595524,32.354622,False,025bbaa935c52bfc29990b3ba5c79e3cd101d1ff1206a7223f83c54f4fff5819,False,True,train
recovered_archive3/203,recovered_archive3,203,cap_image,recovered_archive3/203/CAPorg11.jpg,CAPorg11.jpg,609905,ce22cb5db1c00eaaace21737bd5c1979685258df93b98904c3e4a32f8c381640,1024,768,75.163896,33.884491,False,ce22cb5db1c00eaaace21737bd5c1979685258df93b98904c3e4a32f8c381640,False,True,train
recovered_archive3/203,recovered_archive3,203,cap_image,recovered_archive3/203/CAPorg12.jpg,CAPorg12.jpg,609810,75d3433d8fb12bebe64c4717e1e92f20d069dc59d187dac271aec298d1389d81,1024,768,71.373904,34.128098,False,75d3433d8fb12bebe64c4717e1e92f20d069dc59d187dac271aec298d1389d81,False,True,train
recovered_archive3/203,recovered_archive3,203,cap_image,recovered_archive3/203/CAPorg13.jpg,CAPorg13.jpg,605660,4cc19acaff84cd165924dc1c3f55394f78923b7b714e935c85f844d2cd30db8b,1024,768,67.211862,33.43386,False,4cc19acaff84cd165924dc1c3f55394f78923b7b714e935c85f844d2cd30db8b,False,True,train
recovered_archive3/203,recovered_archive3,203,cap_image,recovered_archive3/203/CAPorg14.jpg,CAPorg14.jpg,605159,a08e55465608352b1fe5b2d445e1ff3ca23a6d68f3b1b47682c84ae51d247842,1024,768,65.374402,33.046201,False,a08e55465608352b1fe5b2d445e1ff3ca23a6d68f3b1b47682c84ae51d247842,False,True,train
recovered_archive3/203,recovered_archive3,203,cap_image,recovered_archive3/203/CAPorg15.jpg,CAPorg15.jpg,597697,c12d379644cc9bb4ca464b2fc6ccc36f6e4fe1b9ac2f7f340d07e2f6de40e94d,1024,768,70.582815,39.693076,False,c12d379644cc9bb4ca464b2fc6ccc36f6e4fe1b9ac2f7f340d07e2f6de40e94d,False,True,train
recovered_archive3/203,recovered_archive3,203,cap_image,recovered_archive3/203/CAPorg2.jpg,CAPorg2.jpg,629339,26826f94adbbde804e05dce99287d41fc34d44b7f9b5456726c4cc67946f1915,1024,768,142.534974,57.026392,False,26826f94adbbde804e05dce99287d41fc34d44b7f9b5456726c4cc67946f1915,False,True,train
recovered_archive3/203,recovered_archive3,203,cap_image,recovered_archive3/203/CAPorg3.jpg,CAPorg3.jpg,643674,9efc0c6aa69b9824f9f7732e2593d97d9b3dbeba0aa48bcaa3f34b097cba4481,1024,768,143.543986,37.77721,False,9efc0c6aa69b9824f9f7732e2593d97d9b3dbeba0aa48bcaa3f34b097cba4481,False,True,train
recovered_archive3/203,recovered_archive3,203,cap_image,recovered_archive3/203/CAPorg4.jpg,CAPorg4.jpg,645888,f4454efb22b7a06353f5a733322f3377ea00750f5f1af069be8b0b4107771a86,1024,768,149.660867,41.075737,False,f4454efb22b7a06353f5a733322f3377ea00750f5f1af069be8b0b4107771a86,False,True,train
recovered_archive3/203,recovered_archive3,203,cap_image,recovered_archive3/203/CAPorg5.jpg,CAPorg5.jpg,588351,fe059f1d03d4a54f13644e47ef852835975572a4287272156271a55f53a6bd46,1024,768,68.975343,38.299986,False,fe059f1d03d4a54f13644e47ef852835975572a4287272156271a55f53a6bd46,False,True,train
recovered_archive3/203,recovered_archive3,203,cap_image,recovered_archive3/203/CAPorg6.jpg,CAPorg6.jpg,644235,23754c20f2ebe9dd47db6a0bcb5f7e5e8629e1587825e8940765593f7bb07642,1024,768,150.263569,34.312984,False,23754c20f2ebe9dd47db6a0bcb5f7e5e8629e1587825e8940765593f7bb07642,False,True,train
recovered_archive3/203,recovered_archive3,203,cap_image,recovered_archive3/203/CAPorg7.jpg,CAPorg7.jpg,594637,6e9387ecde8fb621ef1ec044f7a1a50691391c4a4f4700f821b318d1e4ee4256,1024,768,154.295658,59.578326,False,6e9387ecde8fb621ef1ec044f7a1a50691391c4a4f4700f821b318d1e4ee4256,False,True,train
recovered_archive3/203,recovered_archive3,203,cap_image,recovered_archive3/203/CAPorg8.jpg,CAPorg8.jpg,618303,95836abdc9d1cd146a63f1e023127c675d92c95208240c1b222ea3f247a174c0,1024,768,133.523626,57.06301,False,95836abdc9d1cd146a63f1e023127c675d92c95208240c1b222ea3f247a174c0,False,True,train
recovered_archive3/203,recovered_archive3,203,cap_image,recovered_archive3/203/CAPorg9.jpg,CAPorg9.jpg,632464,aca64c6f20bc17ef0a0f3a44d9e5372d5c70b43795e767ddcde72aaf3864aa2b,1024,768,117.29132,58.962364,False,aca64c6f20bc17ef0a0f3a44d9e5372d5c70b43795e767ddcde72aaf3864aa2b,False,True,train
recovered_archive3/203,recovered_archive3,203,report_image,recovered_archive3/203/rep.jpg.jpg,rep.jpg.jpg,81877,5c7d988ea0e27ef429100bf26b9d60b6264f854e9b4d2b245598b97e7ca1a9d0,,,,,False,5c7d988ea0e27ef429100bf26b9d60b6264f854e9b4d2b245598b97e7ca1a9d0,False,False,train
recovered_archive3/203,recovered_archive3,203,report_image,recovered_archive3/203/rep_2009240.jpg.jpg,rep_2009240.jpg.jpg,54867,a23de16068d1def37490afd2404c50d4b1d2550d5f55083e7e7383f726df37be,,,,,False,a23de16068d1def37490afd2404c50d4b1d2550d5f55083e7e7383f726df37be,False,False,train
recovered_archive3/203,recovered_archive3,203,report_image,recovered_archive3/203/rep_2009241.jpg.jpg,rep_2009241.jpg.jpg,81877,5c7d988ea0e27ef429100bf26b9d60b6264f854e9b4d2b245598b97e7ca1a9d0,,,,,False,5c7d988ea0e27ef429100bf26b9d60b6264f854e9b4d2b245598b97e7ca1a9d0,False,False,train
recovered_archive3/203,recovered_archive3,203,report_image,recovered_archive3/203/rep_双手 .jpg.jpg,rep_双手 .jpg.jpg,81877,5c7d988ea0e27ef429100bf26b9d60b6264f854e9b4d2b245598b97e7ca1a9d0,,,,,False,5c7d988ea0e27ef429100bf26b9d60b6264f854e9b4d2b245598b97e7ca1a9d0,False,False,train
recovered_archive3/203,recovered_archive3,203,report_image,recovered_archive3/203/rep_左手.jpg.jpg,rep_左手.jpg.jpg,60995,b12e957c39454041839608f90605ab0bacc66788aa2b178e2f0fca63dc9ff18c,,,,,False,b12e957c39454041839608f90605ab0bacc66788aa2b178e2f0fca63dc9ff18c,False,False,train
recovered_archive3/203,recovered_archive3,203,video,recovered_archive3/203/wmv0.avi,wmv0.avi,467147776,,,,,,False,,True,False,train
recovered_archive3/204,recovered_archive3,204,cap_image,recovered_archive3/204/CAPorg1.jpg,CAPorg1.jpg,650821,96a338ecc43145f84dbda55448f7408d35e569e2e4a570e4178c7f3b4ff96281,1024,768,197.541364,39.150724,False,96a338ecc43145f84dbda55448f7408d35e569e2e4a570e4178c7f3b4ff96281,False,True,train
recovered_archive3/204,recovered_archive3,204,cap_image,recovered_archive3/204/CAPorg2.jpg,CAPorg2.jpg,633795,6e9c69fc477a7ccf86af4ebdd00b01ca387766ae9640fe765db2757d686d6a06,1024,768,90.368811,27.38157,False,6e9c69fc477a7ccf86af4ebdd00b01ca387766ae9640fe765db2757d686d6a06,False,True,train
recovered_archive3/204,recovered_archive3,204,cap_image,recovered_archive3/204/CAPorg3.jpg,CAPorg3.jpg,633228,a83087b2148464872057ab55d52eee9952d7b5ded04068ed3058b2821d6177b3,1024,768,88.614496,26.388309,False,a83087b2148464872057ab55d52eee9952d7b5ded04068ed3058b2821d6177b3,False,True,train
recovered_archive3/204,recovered_archive3,204,cap_image,recovered_archive3/204/CAPorg4.jpg,CAPorg4.jpg,630624,04d40ee7dc817bb695ca636d358b85fd2503f4a5589c3d6c7ab297c3663ceab0,1024,768,87.86559,25.728203,False,04d40ee7dc817bb695ca636d358b85fd2503f4a5589c3d6c7ab297c3663ceab0,False,True,train
recovered_archive3/204,recovered_archive3,204,cap_image,recovered_archive3/204/CAPorg5.jpg,CAPorg5.jpg,631799,6026594f32d3ff0a282d992d4f0c308fd59451acded9248dd4c601c43e46955c,1024,768,97.419137,29.277973,False,6026594f32d3ff0a282d992d4f0c308fd59451acded9248dd4c601c43e46955c,False,True,train
recovered_archive3/204,recovered_archive3,204,cap_image,recovered_archive3/204/CAPorg6.jpg,CAPorg6.jpg,640604,3da2430422a9d53d45843217ad4bd47443e19d67cb4c67caca94be46759daf4e,1024,768,105.777437,30.871802,False,3da2430422a9d53d45843217ad4bd47443e19d67cb4c67caca94be46759daf4e,False,True,train
recovered_archive3/204,recovered_archive3,204,cap_image,recovered_archive3/204/CAPorg7.jpg,CAPorg7.jpg,639629,dd6fe90b275ca612f8a371ae2c4fe0ef2c06098791587dd9d6d22f628fcfe9d8,1024,768,104.092261,34.675959,False,dd6fe90b275ca612f8a371ae2c4fe0ef2c06098791587dd9d6d22f628fcfe9d8,False,True,train
recovered_archive3/204,recovered_archive3,204,cap_image,recovered_archive3/204/CAPorg8.jpg,CAPorg8.jpg,646555,7a65e5bb224c17dac756fcec44b5ec6061a4ffc58a282c7eac2288a8249ce40c,1024,768,121.157324,36.411566,False,7a65e5bb224c17dac756fcec44b5ec6061a4ffc58a282c7eac2288a8249ce40c,False,True,train
recovered_archive3/204,recovered_archive3,204,cap_image,recovered_archive3/204/CAPorg9.jpg,CAPorg9.jpg,641184,9e331df30e9759a8f4e5256d8b2ef78f5c91a68cd85789b046dcf0b8601893ba,1024,768,117.240557,44.114178,False,9e331df30e9759a8f4e5256d8b2ef78f5c91a68cd85789b046dcf0b8601893ba,False,True,train
recovered_archive3/204,recovered_archive3,204,report_image,recovered_archive3/204/rep.jpg.jpg,rep.jpg.jpg,81813,9a294302fbdc589667c76b82fa867d252a594acb960814ac316dba28af36ab65,,,,,False,9a294302fbdc589667c76b82fa867d252a594acb960814ac316dba28af36ab65,False,False,train
recovered_archive3/204,recovered_archive3,204,report_image,recovered_archive3/204/rep_1912050.jpg.jpg,rep_1912050.jpg.jpg,81144,cb6db35e8bf5a8e18e2b23314587cbfbcd510ab873795a3e448e0d7d3626aa3a,,,,,False,cb6db35e8bf5a8e18e2b23314587cbfbcd510ab873795a3e448e0d7d3626aa3a,False,False,train
recovered_archive3/204,recovered_archive3,204,report_image,recovered_archive3/204/rep_1912051.jpg.jpg,rep_1912051.jpg.jpg,81813,9a294302fbdc589667c76b82fa867d252a594acb960814ac316dba28af36ab65,,,,,False,9a294302fbdc589667c76b82fa867d252a594acb960814ac316dba28af36ab65,False,False,train
recovered_archive3/204,recovered_archive3,204,report_image,recovered_archive3/204/rep_左手.jpg.jpg,rep_左手.jpg.jpg,81813,9a294302fbdc589667c76b82fa867d252a594acb960814ac316dba28af36ab65,,,,,False,9a294302fbdc589667c76b82fa867d252a594acb960814ac316dba28af36ab65,False,False,train
recovered_archive3/204,recovered_archive3,204,video,recovered_archive3/204/wmv0.avi,wmv0.avi,427039232,,,,,,False,,True,False,train
recovered_archive3/204,recovered_archive3,204,video,recovered_archive3/204/wmv1.avi,wmv1.avi,434117120,,,,,,False,,True,False,train
recovered_archive3/205,recovered_archive3,205,cap_image,recovered_archive3/205/CAPorg1.jpg,CAPorg1.jpg,626126,d147c1a991e677c64cb0ab4b22eeb77d9e4ab90b038b08e694105d444ed9a3c8,1024,768,110.702803,67.922503,False,d147c1a991e677c64cb0ab4b22eeb77d9e4ab90b038b08e694105d444ed9a3c8,False,True,train
recovered_archive3/205,recovered_archive3,205,cap_image,recovered_archive3/205/CAPorg2.jpg,CAPorg2.jpg,670568,788012f53789f2e1a4a07fff4d64f42041508e7e618afb8b6f027198883af613,1024,768,153.739146,41.418906,False,788012f53789f2e1a4a07fff4d64f42041508e7e618afb8b6f027198883af613,False,True,train
recovered_archive3/205,recovered_archive3,205,cap_image,recovered_archive3/205/CAPorg3.jpg,CAPorg3.jpg,633395,5a307232a1b57d8f4e8dcadb49911469d2e03df27701e509e21590c13cf6ae1f,1024,768,126.8333,60.647007,False,5a307232a1b57d8f4e8dcadb49911469d2e03df27701e509e21590c13cf6ae1f,False,True,train
recovered_archive3/205,recovered_archive3,205,cap_image,recovered_archive3/205/CAPorg4.jpg,CAPorg4.jpg,642753,e162abbf97afd9b1768e1d7b61e8d324db076ff1cb29ac8ff7d074faf188ab44,1024,768,141.237935,58.792172,False,e162abbf97afd9b1768e1d7b61e8d324db076ff1cb29ac8ff7d074faf188ab44,False,True,train
recovered_archive3/205,recovered_archive3,205,cap_image,recovered_archive3/205/CAPorg5.jpg,CAPorg5.jpg,643157,0edd8302ece380059c22db74d64e2a0bc3ca8a88d017a667eb9bc71997d02a22,1024,768,120.24941,52.38174,False,0edd8302ece380059c22db74d64e2a0bc3ca8a88d017a667eb9bc71997d02a22,False,True,train
recovered_archive3/205,recovered_archive3,205,cap_image,recovered_archive3/205/CAPorg6.jpg,CAPorg6.jpg,642568,4b55c934004dd99ccaf40d7159da9f5707a2a53bc002b10240199835734cd9e4,1024,768,128.312492,54.910751,False,4b55c934004dd99ccaf40d7159da9f5707a2a53bc002b10240199835734cd9e4,False,True,train
recovered_archive3/205,recovered_archive3,205,cap_image,recovered_archive3/205/CAPorg7.jpg,CAPorg7.jpg,646799,e487b11708b1f0a93154335f31fc369020d938b9ab12b8e23c523f3999145a6c,1024,768,139.699946,54.167242,False,e487b11708b1f0a93154335f31fc369020d938b9ab12b8e23c523f3999145a6c,False,True,train
recovered_archive3/205,recovered_archive3,205,report_image,recovered_archive3/205/rep.jpg.jpg,rep.jpg.jpg,72728,8f559677d596370ab00ccb1a042937ce1629db2fa08e3e7eaef8db95fe1e8cea,,,,,False,8f559677d596370ab00ccb1a042937ce1629db2fa08e3e7eaef8db95fe1e8cea,False,False,train
recovered_archive3/205,recovered_archive3,205,report_image,recovered_archive3/205/rep_1902190.jpg.jpg,rep_1902190.jpg.jpg,72371,f90de7d06d4e1570535f3338e8ec7b339e6061e2a65165216fcd5ed68b6a2718,,,,,False,f90de7d06d4e1570535f3338e8ec7b339e6061e2a65165216fcd5ed68b6a2718,False,False,train
recovered_archive3/205,recovered_archive3,205,report_image,recovered_archive3/205/rep_1902191.jpg.jpg,rep_1902191.jpg.jpg,72728,8f559677d596370ab00ccb1a042937ce1629db2fa08e3e7eaef8db95fe1e8cea,,,,,False,8f559677d596370ab00ccb1a042937ce1629db2fa08e3e7eaef8db95fe1e8cea,False,False,train
recovered_archive3/205,recovered_archive3,205,report_image,recovered_archive3/205/rep_1902192.jpg.jpg,rep_1902192.jpg.jpg,72728,8f559677d596370ab00ccb1a042937ce1629db2fa08e3e7eaef8db95fe1e8cea,,,,,False,8f559677d596370ab00ccb1a042937ce1629db2fa08e3e7eaef8db95fe1e8cea,False,False,train
recovered_archive3/205,recovered_archive3,205,report_image,recovered_archive3/205/rep_左手.jpg.jpg,rep_左手.jpg.jpg,72728,8f559677d596370ab00ccb1a042937ce1629db2fa08e3e7eaef8db95fe1e8cea,,,,,False,8f559677d596370ab00ccb1a042937ce1629db2fa08e3e7eaef8db95fe1e8cea,False,False,train
recovered_archive3/205,recovered_archive3,205,video,recovered_archive3/205/wmv0.avi,wmv0.avi,10114560,,,,,,False,,True,False,train
recovered_archive3/206,recovered_archive3,206,cap_image,recovered_archive3/206/CAPorg1.jpg,CAPorg1.jpg,625811,8c0880a9a37362e981a689ba2493433769c1a4c95b08b33ddbbdff01698e3e2b,1024,768,100.68863,61.470872,False,8c0880a9a37362e981a689ba2493433769c1a4c95b08b33ddbbdff01698e3e2b,False,True,train
recovered_archive3/206,recovered_archive3,206,cap_image,recovered_archive3/206/CAPorg2.jpg,CAPorg2.jpg,593343,df514825f103d597d6334e97e18b0cc88d18a18624d5db4f39eedda6dcae02d5,1024,768,127.467003,74.569128,False,df514825f103d597d6334e97e18b0cc88d18a18624d5db4f39eedda6dcae02d5,False,True,train
recovered_archive3/206,recovered_archive3,206,cap_image,recovered_archive3/206/CAPorg3.jpg,CAPorg3.jpg,453944,321384f946a78592b5bde01ae444747f2cf7cf45a121e427a1c2f56eba4d2630,1024,768,189.247639,64.912586,False,321384f946a78592b5bde01ae444747f2cf7cf45a121e427a1c2f56eba4d2630,False,True,train
recovered_archive3/206,recovered_archive3,206,cap_image,recovered_archive3/206/CAPorg4.jpg,CAPorg4.jpg,582952,470ca748a8791406d6b4938d1dd316683453c237fb5cbaa7e4819bfa0c6e90c6,1024,768,63.401151,47.927896,False,470ca748a8791406d6b4938d1dd316683453c237fb5cbaa7e4819bfa0c6e90c6,False,True,train
recovered_archive3/206,recovered_archive3,206,cap_image,recovered_archive3/206/CAPorg5.jpg,CAPorg5.jpg,604566,236e6a0507ae6dabdccd8504cbea617c07e10db47e9992f03696cbe3d91878b7,1024,768,67.634635,31.375503,False,236e6a0507ae6dabdccd8504cbea617c07e10db47e9992f03696cbe3d91878b7,False,True,train
recovered_archive3/206,recovered_archive3,206,cap_image,recovered_archive3/206/CAPorg6.jpg,CAPorg6.jpg,580957,3038f4fbd9e25a57c9ecccc5386c53fddcf442ffdacf9727b955a7d9362bfcb5,1024,768,55.047535,35.210149,False,3038f4fbd9e25a57c9ecccc5386c53fddcf442ffdacf9727b955a7d9362bfcb5,False,True,train
recovered_archive3/206,recovered_archive3,206,cap_image,recovered_archive3/206/CAPorg7.jpg,CAPorg7.jpg,609305,fabeaa808f5def103ff99856039fa85aeec8dd8de1c474b0658ca7f4eb98a27e,1024,768,64.970357,25.949142,False,fabeaa808f5def103ff99856039fa85aeec8dd8de1c474b0658ca7f4eb98a27e,False,True,train
recovered_archive3/206,recovered_archive3,206,cap_image,recovered_archive3/206/CAPorg8.jpg,CAPorg8.jpg,535444,c8c7cd4edc3724805cbefca1ac18088f8df75f50145f5bc4294069d8884311d3,1024,768,33.716778,28.416884,False,c8c7cd4edc3724805cbefca1ac18088f8df75f50145f5bc4294069d8884311d3,False,True,train
recovered_archive3/206,recovered_archive3,206,cap_image,recovered_archive3/206/CAPorg9.jpg,CAPorg9.jpg,524059,909b1352c4ca674c839c38645e2a061c2ab684794efd30473b74d7e793302429,1024,768,39.237661,32.12783,False,909b1352c4ca674c839c38645e2a061c2ab684794efd30473b74d7e793302429,False,True,train
recovered_archive3/206,recovered_archive3,206,report_image,recovered_archive3/206/rep.jpg.jpg,rep.jpg.jpg,88304,5c9b4d1ab070787450ab201587483ae5f952a7d0f8da54f88e25b3a8a047e159,,,,,False,5c9b4d1ab070787450ab201587483ae5f952a7d0f8da54f88e25b3a8a047e159,False,False,train
recovered_archive3/206,recovered_archive3,206,report_image,recovered_archive3/206/rep_2007280.jpg.jpg,rep_2007280.jpg.jpg,87083,07469f87d2b15db425e9b75e71ef3eae94b143e55f779331ec05fe987b50b4dd,,,,,False,07469f87d2b15db425e9b75e71ef3eae94b143e55f779331ec05fe987b50b4dd,False,False,train
recovered_archive3/206,recovered_archive3,206,report_image,recovered_archive3/206/rep_2007281.jpg.jpg,rep_2007281.jpg.jpg,87083,07469f87d2b15db425e9b75e71ef3eae94b143e55f779331ec05fe987b50b4dd,,,,,False,07469f87d2b15db425e9b75e71ef3eae94b143e55f779331ec05fe987b50b4dd,False,False,train
recovered_archive3/206,recovered_archive3,206,report_image,recovered_archive3/206/rep_2007282.jpg.jpg,rep_2007282.jpg.jpg,88304,5c9b4d1ab070787450ab201587483ae5f952a7d0f8da54f88e25b3a8a047e159,,,,,False,5c9b4d1ab070787450ab201587483ae5f952a7d0f8da54f88e25b3a8a047e159,False,False,train
recovered_archive3/206,recovered_archive3,206,report_image,recovered_archive3/206/rep_左手.jpg.jpg,rep_左手.jpg.jpg,88304,5c9b4d1ab070787450ab201587483ae5f952a7d0f8da54f88e25b3a8a047e159,,,,,False,5c9b4d1ab070787450ab201587483ae5f952a7d0f8da54f88e25b3a8a047e159,False,False,train
recovered_archive3/206,recovered_archive3,206,video,recovered_archive3/206/wmv0.avi,wmv0.avi,549723648,,,,,,False,,True,False,train
recovered_archive3/206,recovered_archive3,206,video,recovered_archive3/206/wmv1.avi,wmv1.avi,634659328,,,,,,False,,True,False,train
recovered_archive3/206,recovered_archive3,206,video,recovered_archive3/206/wmv2.avi,wmv2.avi,552082944,,,,,,False,,True,False,train
recovered_archive3/207,recovered_archive3,207,cap_image,recovered_archive3/207/CAPorg1.jpg,CAPorg1.jpg,660434,2af43e450c54e1cdc1da61477ff16794f37439622f7ef0f9bf122d2b7aad2824,1024,768,151.845633,58.202817,False,2af43e450c54e1cdc1da61477ff16794f37439622f7ef0f9bf122d2b7aad2824,False,True,train
recovered_archive3/207,recovered_archive3,207,cap_image,recovered_archive3/207/CAPorg2.jpg,CAPorg2.jpg,635711,2ce322925cb6de3a26e43c89f84f42a16b4f9aa8a6131bc292e468ec40ce545c,1024,768,89.127951,34.689939,False,2ce322925cb6de3a26e43c89f84f42a16b4f9aa8a6131bc292e468ec40ce545c,False,True,train
recovered_archive3/207,recovered_archive3,207,cap_image,recovered_archive3/207/CAPorg3.jpg,CAPorg3.jpg,616823,a45b4b28c3ef43bd1e7728c9a057489fd14545d06e375fcc17e42818053f870d,1024,768,72.095793,35.045307,False,a45b4b28c3ef43bd1e7728c9a057489fd14545d06e375fcc17e42818053f870d,False,True,train
recovered_archive3/207,recovered_archive3,207,cap_image,recovered_archive3/207/CAPorg4.jpg,CAPorg4.jpg,608784,0e9e94f5ba315fd082c648283173f42f943190818f7f554c61efd460f8392f1e,1024,768,74.247857,39.896181,False,0e9e94f5ba315fd082c648283173f42f943190818f7f554c61efd460f8392f1e,False,True,train
recovered_archive3/207,recovered_archive3,207,cap_image,recovered_archive3/207/CAPorg5.jpg,CAPorg5.jpg,585191,a5fd68631c0ffbf2cf1be644b016515f16e9a1416a160a3dc3f46fed24e84145,1024,768,58.043331,37.216738,False,a5fd68631c0ffbf2cf1be644b016515f16e9a1416a160a3dc3f46fed24e84145,False,True,train
recovered_archive3/207,recovered_archive3,207,cap_image,recovered_archive3/207/CAPorg6.jpg,CAPorg6.jpg,565492,e9a56b206ff09ea476a23360ad66bd64ead5dbd6286190c788cc2ee030373360,1024,768,49.595634,35.559798,False,e9a56b206ff09ea476a23360ad66bd64ead5dbd6286190c788cc2ee030373360,False,True,train
recovered_archive3/207,recovered_archive3,207,cap_image,recovered_archive3/207/CAPorg7.jpg,CAPorg7.jpg,612162,75021ebf143c74038e4322ad6073013aab31b367794cabfd162afd32aae9720a,1024,768,79.466484,41.4045,False,75021ebf143c74038e4322ad6073013aab31b367794cabfd162afd32aae9720a,False,True,train
recovered_archive3/207,recovered_archive3,207,report_image,recovered_archive3/207/rep.jpg.jpg,rep.jpg.jpg,87772,274fd868e10471766bea97f0584b34b14b766b76675921267e95afed346bedd8,,,,,False,274fd868e10471766bea97f0584b34b14b766b76675921267e95afed346bedd8,False,False,train
recovered_archive3/207,recovered_archive3,207,report_image,recovered_archive3/207/rep_1901150.jpg.jpg,rep_1901150.jpg.jpg,87772,274fd868e10471766bea97f0584b34b14b766b76675921267e95afed346bedd8,,,,,False,274fd868e10471766bea97f0584b34b14b766b76675921267e95afed346bedd8,False,False,train
recovered_archive3/207,recovered_archive3,207,report_image,recovered_archive3/207/rep_1901151.jpg.jpg,rep_1901151.jpg.jpg,87772,274fd868e10471766bea97f0584b34b14b766b76675921267e95afed346bedd8,,,,,False,274fd868e10471766bea97f0584b34b14b766b76675921267e95afed346bedd8,False,False,train
recovered_archive3/207,recovered_archive3,207,report_image,recovered_archive3/207/rep_左手.jpg.jpg,rep_左手.jpg.jpg,87772,274fd868e10471766bea97f0584b34b14b766b76675921267e95afed346bedd8,,,,,False,274fd868e10471766bea97f0584b34b14b766b76675921267e95afed346bedd8,False,False,train
recovered_archive3/207,recovered_archive3,207,video,recovered_archive3/207/wmv0.avi,wmv0.avi,10112512,,,,,,False,,True,False,train
recovered_archive3/207,recovered_archive3,207,video,recovered_archive3/207/wmv1.avi,wmv1.avi,10210816,,,,,,False,,True,False,train
recovered_archive3/207,recovered_archive3,207,video,recovered_archive3/207/wmv2.avi,wmv2.avi,10347520,,,,,,False,,True,False,train
recovered_archive3/208,recovered_archive3,208,cap_image,recovered_archive3/208/CAPorg1.jpg,CAPorg1.jpg,648422,2c7c71696818921be3b1c397c8e5f73c38611e4e0d45a64bf88548bdfb2ea072,1024,768,145.241903,65.84243,False,2c7c71696818921be3b1c397c8e5f73c38611e4e0d45a64bf88548bdfb2ea072,False,True,train
recovered_archive3/208,recovered_archive3,208,cap_image,recovered_archive3/208/CAPorg2.jpg,CAPorg2.jpg,639843,ea6755c91b6e6a7220057255a327e48260bab9e2856202af1dfa2c2fa217e7e9,1024,768,205.343875,36.10846,False,ea6755c91b6e6a7220057255a327e48260bab9e2856202af1dfa2c2fa217e7e9,False,True,train
recovered_archive3/208,recovered_archive3,208,cap_image,recovered_archive3/208/CAPorg3.jpg,CAPorg3.jpg,493177,1840572756656cf3ef150d688a4eaa7b24aa1d5951b291019ffce35babc556a4,1024,768,237.159705,20.951235,False,1840572756656cf3ef150d688a4eaa7b24aa1d5951b291019ffce35babc556a4,False,True,train
recovered_archive3/208,recovered_archive3,208,cap_image,recovered_archive3/208/CAPorg4.jpg,CAPorg4.jpg,653555,10791eb51eb199b4f02a2dfce8a9558d8e43ec9672c211df79aa3ebce28357cb,1024,768,149.425543,28.93262,False,10791eb51eb199b4f02a2dfce8a9558d8e43ec9672c211df79aa3ebce28357cb,False,True,train
recovered_archive3/208,recovered_archive3,208,cap_image,recovered_archive3/208/CAPorg5.jpg,CAPorg5.jpg,652582,80689002683a28549ce9c64e6e2f4decc8c720363a3e29e4a11bd7e9a6180c60,1024,768,149.740335,33.912493,False,80689002683a28549ce9c64e6e2f4decc8c720363a3e29e4a11bd7e9a6180c60,False,True,train
recovered_archive3/208,recovered_archive3,208,cap_image,recovered_archive3/208/CAPorg6.jpg,CAPorg6.jpg,658918,e73e12b96e84896bc0dc0a0b6209fdfbb2d7571135c027fb9e03aee9e4a02787,1024,768,156.472158,35.790765,False,e73e12b96e84896bc0dc0a0b6209fdfbb2d7571135c027fb9e03aee9e4a02787,False,True,train
recovered_archive3/208,recovered_archive3,208,cap_image,recovered_archive3/208/CAPorg7.jpg,CAPorg7.jpg,651165,af10741a267229524c4d2e02e6e82c6feb7d583b2d8d9f19c3aec1075bea7688,1024,768,166.495157,41.188374,False,af10741a267229524c4d2e02e6e82c6feb7d583b2d8d9f19c3aec1075bea7688,False,True,train
recovered_archive3/208,recovered_archive3,208,cap_image,recovered_archive3/208/CAPorg8.jpg,CAPorg8.jpg,655362,87478ca1c2ca3efd28b9fa1e5afec83ffae950dc967b96f73bbebd5bc775ddb1,1024,768,157.126904,38.947883,False,87478ca1c2ca3efd28b9fa1e5afec83ffae950dc967b96f73bbebd5bc775ddb1,False,True,train
recovered_archive3/208,recovered_archive3,208,cap_image,recovered_archive3/208/CAPorg9.jpg,CAPorg9.jpg,655668,e6cb23a8ca31994fbfab0734defc036cc495bc95197e6f45a82e1d0952a0b326,1024,768,141.634267,39.984872,False,e6cb23a8ca31994fbfab0734defc036cc495bc95197e6f45a82e1d0952a0b326,False,True,train
recovered_archive3/208,recovered_archive3,208,report_image,recovered_archive3/208/rep.jpg.jpg,rep.jpg.jpg,74268,c700d179f4c450214dcf95babc686b24b20c8bcb61de11f624d2d8a549a32d96,,,,,False,c700d179f4c450214dcf95babc686b24b20c8bcb61de11f624d2d8a549a32d96,False,False,train
recovered_archive3/208,recovered_archive3,208,report_image,recovered_archive3/208/rep_1902190.jpg.jpg,rep_1902190.jpg.jpg,74268,c700d179f4c450214dcf95babc686b24b20c8bcb61de11f624d2d8a549a32d96,,,,,False,c700d179f4c450214dcf95babc686b24b20c8bcb61de11f624d2d8a549a32d96,False,False,train
recovered_archive3/208,recovered_archive3,208,report_image,recovered_archive3/208/rep_1902191.jpg.jpg,rep_1902191.jpg.jpg,74268,c700d179f4c450214dcf95babc686b24b20c8bcb61de11f624d2d8a549a32d96,,,,,False,c700d179f4c450214dcf95babc686b24b20c8bcb61de11f624d2d8a549a32d96,False,False,train
recovered_archive3/208,recovered_archive3,208,report_image,recovered_archive3/208/rep_左手.jpg.jpg,rep_左手.jpg.jpg,74268,c700d179f4c450214dcf95babc686b24b20c8bcb61de11f624d2d8a549a32d96,,,,,False,c700d179f4c450214dcf95babc686b24b20c8bcb61de11f624d2d8a549a32d96,False,False,train
recovered_archive3/209,recovered_archive3,209,cap_image,recovered_archive3/209/CAPorg1.jpg,CAPorg1.jpg,12917,749a8efc155a7020938f4cce12a79e06e26c0435082b998dd21c0492d02f11a1,1024,768,0.0,0.0,True,749a8efc155a7020938f4cce12a79e06e26c0435082b998dd21c0492d02f11a1,False,True,test
recovered_archive3/209,recovered_archive3,209,cap_image,recovered_archive3/209/CAPorg2.jpg,CAPorg2.jpg,585172,31273e559316a1bf880962f6fa4374dc9e218cde063f126437a1c429a95725c4,1024,768,79.989276,59.325354,False,31273e559316a1bf880962f6fa4374dc9e218cde063f126437a1c429a95725c4,False,True,test
recovered_archive3/209,recovered_archive3,209,cap_image,recovered_archive3/209/CAPorg3.jpg,CAPorg3.jpg,620401,14f11e9f623e328c8bfdb65349b72b3066ebf6b43bbe9706d1a79e81344ceca8,1024,768,81.876469,42.230557,False,14f11e9f623e328c8bfdb65349b72b3066ebf6b43bbe9706d1a79e81344ceca8,False,True,test
recovered_archive3/209,recovered_archive3,209,cap_image,recovered_archive3/209/CAPorg4.jpg,CAPorg4.jpg,597422,7858b7298cc7410810076eb1e734c7bc142943d7f21019a36b5d99bbdb977741,1024,768,49.087142,36.479678,False,7858b7298cc7410810076eb1e734c7bc142943d7f21019a36b5d99bbdb977741,False,True,test
recovered_archive3/209,recovered_archive3,209,cap_image,recovered_archive3/209/CAPorg5.jpg,CAPorg5.jpg,634644,8640c619bd254ce76be6fbcad499e4a73732731a444a40d6fea8d48dde618cd4,1024,768,96.999423,53.95679,False,8640c619bd254ce76be6fbcad499e4a73732731a444a40d6fea8d48dde618cd4,False,True,test
recovered_archive3/209,recovered_archive3,209,report_image,recovered_archive3/209/rep.jpg.jpg,rep.jpg.jpg,71250,57b6a61b678e46895ab97ac0c7b665ac8eab267d3691929d0c8c04cfcda1273e,,,,,False,57b6a61b678e46895ab97ac0c7b665ac8eab267d3691929d0c8c04cfcda1273e,False,False,test
recovered_archive3/209,recovered_archive3,209,report_image,recovered_archive3/209/rep_1904090.jpg.jpg,rep_1904090.jpg.jpg,71250,57b6a61b678e46895ab97ac0c7b665ac8eab267d3691929d0c8c04cfcda1273e,,,,,False,57b6a61b678e46895ab97ac0c7b665ac8eab267d3691929d0c8c04cfcda1273e,False,False,test
recovered_archive3/209,recovered_archive3,209,report_image,recovered_archive3/209/rep_1904091.jpg.jpg,rep_1904091.jpg.jpg,71250,57b6a61b678e46895ab97ac0c7b665ac8eab267d3691929d0c8c04cfcda1273e,,,,,False,57b6a61b678e46895ab97ac0c7b665ac8eab267d3691929d0c8c04cfcda1273e,False,False,test
recovered_archive3/209,recovered_archive3,209,report_image,recovered_archive3/209/rep_左手.jpg.jpg,rep_左手.jpg.jpg,71250,57b6a61b678e46895ab97ac0c7b665ac8eab267d3691929d0c8c04cfcda1273e,,,,,False,57b6a61b678e46895ab97ac0c7b665ac8eab267d3691929d0c8c04cfcda1273e,False,False,test
recovered_archive3/210,recovered_archive3,210,cap_image,recovered_archive3/210/CAPorg1.jpg,CAPorg1.jpg,603843,14d03534768db1b5abc43b953746b5cb7b005db9cd0ea0581e7928b415b553d0,1024,768,71.370932,50.263643,False,14d03534768db1b5abc43b953746b5cb7b005db9cd0ea0581e7928b415b553d0,False,True,train
recovered_archive3/210,recovered_archive3,210,cap_image,recovered_archive3/210/CAPorg10.jpg,CAPorg10.jpg,507323,4cf7d8d8f5b8aa41ae6917283db57d717b064196d8695d7a844ac642612f497a,1024,768,23.793538,20.749957,False,4cf7d8d8f5b8aa41ae6917283db57d717b064196d8695d7a844ac642612f497a,False,True,train
recovered_archive3/210,recovered_archive3,210,cap_image,recovered_archive3/210/CAPorg11.jpg,CAPorg11.jpg,543314,a5f8d6077cb0949d4da90835a686a76ca95aac739dd4936bb3fdd60a0c849706,1024,768,30.212474,19.465501,False,a5f8d6077cb0949d4da90835a686a76ca95aac739dd4936bb3fdd60a0c849706,False,True,train
recovered_archive3/210,recovered_archive3,210,cap_image,recovered_archive3/210/CAPorg12.jpg,CAPorg12.jpg,631768,46845f0cc5399425f442c6387e6f6b4ac54d7ec969b61085d451f84b9d9207b7,1024,768,102.867228,36.02347,False,46845f0cc5399425f442c6387e6f6b4ac54d7ec969b61085d451f84b9d9207b7,False,True,train
recovered_archive3/210,recovered_archive3,210,cap_image,recovered_archive3/210/CAPorg13.jpg,CAPorg13.jpg,644071,887a51e180cd95cd538f096faa77e84fa0ba8057625fb02b4b73b6c495633c04,1024,768,146.380085,48.616961,False,887a51e180cd95cd538f096faa77e84fa0ba8057625fb02b4b73b6c495633c04,False,True,train
recovered_archive3/210,recovered_archive3,210,cap_image,recovered_archive3/210/CAPorg14.jpg,CAPorg14.jpg,577527,6cf3cc3cd73b1116fa2c286c9b05f74ea0bdff6ea5c400e490768135a944021b,1024,768,182.661677,57.214905,False,6cf3cc3cd73b1116fa2c286c9b05f74ea0bdff6ea5c400e490768135a944021b,False,True,train
recovered_archive3/210,recovered_archive3,210,cap_image,recovered_archive3/210/CAPorg15.jpg,CAPorg15.jpg,585855,085ba594d0003a10c28ed16a477dc459769d409c3d19be13a1cd025d8994fba2,1024,768,153.181049,67.934207,False,085ba594d0003a10c28ed16a477dc459769d409c3d19be13a1cd025d8994fba2,False,True,train
recovered_archive3/210,recovered_archive3,210,cap_image,recovered_archive3/210/CAPorg16.jpg,CAPorg16.jpg,632438,84519a9b689687425295e1f62fdabe033aca2a405dacd45a9a5c94b6a4b765da,1024,768,140.859948,65.864537,False,84519a9b689687425295e1f62fdabe033aca2a405dacd45a9a5c94b6a4b765da,False,True,train
recovered_archive3/210,recovered_archive3,210,cap_image,recovered_archive3/210/CAPorg2.jpg,CAPorg2.jpg,590684,1c4c6681d43b17da086c14050c0183c30c049d751c7744c90fe403b7720c06fc,1024,768,50.176236,29.611842,False,1c4c6681d43b17da086c14050c0183c30c049d751c7744c90fe403b7720c06fc,False,True,train
recovered_archive3/210,recovered_archive3,210,cap_image,recovered_archive3/210/CAPorg3.jpg,CAPorg3.jpg,573855,5678ddc474e87f152cbe6e4d9f2dd16ee09a03ca4d7e3647968de13bff2945fb,1024,768,44.501789,32.95011,False,5678ddc474e87f152cbe6e4d9f2dd16ee09a03ca4d7e3647968de13bff2945fb,False,True,train
recovered_archive3/210,recovered_archive3,210,cap_image,recovered_archive3/210/CAPorg4.jpg,CAPorg4.jpg,571107,a60e22481265af30b7053f011da36c2d06864e176f69196f5354cda938bdd261,1024,768,53.614817,39.476243,False,a60e22481265af30b7053f011da36c2d06864e176f69196f5354cda938bdd261,False,True,train
recovered_archive3/210,recovered_archive3,210,cap_image,recovered_archive3/210/CAPorg5.jpg,CAPorg5.jpg,578439,8653ed641af4ee4b1146bb2c118bd9f209fdf7c500e7d33bbe69a4070f44f4e0,1024,768,47.698878,24.753258,False,8653ed641af4ee4b1146bb2c118bd9f209fdf7c500e7d33bbe69a4070f44f4e0,False,True,train
recovered_archive3/210,recovered_archive3,210,cap_image,recovered_archive3/210/CAPorg6.jpg,CAPorg6.jpg,588582,bf0d021ba3cc502a2a741ef96bc5848adda933db326df095669817a67e493dfc,1024,768,42.51615,17.018835,False,bf0d021ba3cc502a2a741ef96bc5848adda933db326df095669817a67e493dfc,False,True,train
recovered_archive3/210,recovered_archive3,210,cap_image,recovered_archive3/210/CAPorg7.jpg,CAPorg7.jpg,565199,3b4cd3b6f4d909bc224d7b06ec0de92ff16fc6eda4359e18c078b597d894ce3f,1024,768,37.766619,22.935229,False,3b4cd3b6f4d909bc224d7b06ec0de92ff16fc6eda4359e18c078b597d894ce3f,False,True,train
recovered_archive3/210,recovered_archive3,210,cap_image,recovered_archive3/210/CAPorg8.jpg,CAPorg8.jpg,544723,51e78664eee2ca3d6abac645189d08047642edb5784711a208a4246e4fa3cfd9,1024,768,27.446566,20.359573,False,51e78664eee2ca3d6abac645189d08047642edb5784711a208a4246e4fa3cfd9,False,True,train
recovered_archive3/210,recovered_archive3,210,cap_image,recovered_archive3/210/CAPorg9.jpg,CAPorg9.jpg,467044,85bf6d48c69a4aceae3127588d78bd1a83113df80948b6ca4ce7132be1d47c41,1024,768,20.113108,20.531375,False,85bf6d48c69a4aceae3127588d78bd1a83113df80948b6ca4ce7132be1d47c41,False,True,train
recovered_archive3/210,recovered_archive3,210,report_image,recovered_archive3/210/rep.jpg.jpg,rep.jpg.jpg,68882,d3cddbefac2ab3d3a9f01d7bd67e327ef08f793ef086d6b87b92e53eb3ffb4ce,,,,,False,d3cddbefac2ab3d3a9f01d7bd67e327ef08f793ef086d6b87b92e53eb3ffb4ce,False,False,train
recovered_archive3/210,recovered_archive3,210,report_image,recovered_archive3/210/rep_1.jpg.jpg,rep_1.jpg.jpg,68882,d3cddbefac2ab3d3a9f01d7bd67e327ef08f793ef086d6b87b92e53eb3ffb4ce,,,,,False,d3cddbefac2ab3d3a9f01d7bd67e327ef08f793ef086d6b87b92e53eb3ffb4ce,False,False,train
recovered_archive3/210,recovered_archive3,210,report_image,recovered_archive3/210/rep_1812060.jpg.jpg,rep_1812060.jpg.jpg,67853,eb33ddcc362255d565bb76372d3a67062211efd79249e9d3e35a33670c8580bd,,,,,False,eb33ddcc362255d565bb76372d3a67062211efd79249e9d3e35a33670c8580bd,False,False,train
recovered_archive3/210,recovered_archive3,210,report_image,recovered_archive3/210/rep_1812061.jpg.jpg,rep_1812061.jpg.jpg,67853,eb33ddcc362255d565bb76372d3a67062211efd79249e9d3e35a33670c8580bd,,,,,False,eb33ddcc362255d565bb76372d3a67062211efd79249e9d3e35a33670c8580bd,False,False,train
recovered_archive3/210,recovered_archive3,210,report_image,recovered_archive3/210/rep_1812062.jpg.jpg,rep_1812062.jpg.jpg,68882,d3cddbefac2ab3d3a9f01d7bd67e327ef08f793ef086d6b87b92e53eb3ffb4ce,,,,,False,d3cddbefac2ab3d3a9f01d7bd67e327ef08f793ef086d6b87b92e53eb3ffb4ce,False,False,train
recovered_archive3/211,recovered_archive3,211,cap_image,recovered_archive3/211/CAPorg1.jpg,CAPorg1.jpg,621775,8d4a541c500f943b6c9882ade15db3559fea62d1fdd8be49420610e84988094e,1024,768,73.854567,30.93823,False,8d4a541c500f943b6c9882ade15db3559fea62d1fdd8be49420610e84988094e,False,True,train
recovered_archive3/211,recovered_archive3,211,cap_image,recovered_archive3/211/CAPorg2.jpg,CAPorg2.jpg,601376,4caa75bdc91cced3b93a3e39731fae2e58c8f592a14f2eb214bb5d932d12017f,1024,768,50.167858,21.741899,False,4caa75bdc91cced3b93a3e39731fae2e58c8f592a14f2eb214bb5d932d12017f,False,True,train
recovered_archive3/211,recovered_archive3,211,cap_image,recovered_archive3/211/CAPorg3.jpg,CAPorg3.jpg,607969,391156b7262c21325473746b38eff8b76340d086c1ad7c1fa66cc2a18ae07dce,1024,768,50.108299,15.039719,False,391156b7262c21325473746b38eff8b76340d086c1ad7c1fa66cc2a18ae07dce,False,True,train
recovered_archive3/211,recovered_archive3,211,cap_image,recovered_archive3/211/CAPorg4.jpg,CAPorg4.jpg,601594,8c343ac23f6d7fee82ef3059149bb071460e41fb6fab874d62f2022e06c864f0,1024,768,53.454425,22.11603,False,8c343ac23f6d7fee82ef3059149bb071460e41fb6fab874d62f2022e06c864f0,False,True,train
recovered_archive3/211,recovered_archive3,211,cap_image,recovered_archive3/211/CAPorg5.jpg,CAPorg5.jpg,620006,08318db5e8ab6b186ca1b430633ae5538d3d3c4403bea472459f9fd0c8d73ff0,1024,768,73.245611,28.291644,False,08318db5e8ab6b186ca1b430633ae5538d3d3c4403bea472459f9fd0c8d73ff0,False,True,train
recovered_archive3/211,recovered_archive3,211,report_image,recovered_archive3/211/rep.jpg.jpg,rep.jpg.jpg,75111,9e0231b0cfb82d58c0729639a773a1863cfc296cd8ef97cd160ba83eed74818a,,,,,False,9e0231b0cfb82d58c0729639a773a1863cfc296cd8ef97cd160ba83eed74818a,False,False,train
recovered_archive3/211,recovered_archive3,211,report_image,recovered_archive3/211/rep_1901080.jpg.jpg,rep_1901080.jpg.jpg,75186,c1e2def62d66ad2eff3d25d9c1c01c438c53a0a9e4fe27d8e8c0b67ecb84db11,,,,,False,c1e2def62d66ad2eff3d25d9c1c01c438c53a0a9e4fe27d8e8c0b67ecb84db11,False,False,train
recovered_archive3/211,recovered_archive3,211,report_image,recovered_archive3/211/rep_1901081.jpg.jpg,rep_1901081.jpg.jpg,75111,9e0231b0cfb82d58c0729639a773a1863cfc296cd8ef97cd160ba83eed74818a,,,,,False,9e0231b0cfb82d58c0729639a773a1863cfc296cd8ef97cd160ba83eed74818a,False,False,train
recovered_archive3/211,recovered_archive3,211,report_image,recovered_archive3/211/rep_左手.jpg.jpg,rep_左手.jpg.jpg,75111,9e0231b0cfb82d58c0729639a773a1863cfc296cd8ef97cd160ba83eed74818a,,,,,False,9e0231b0cfb82d58c0729639a773a1863cfc296cd8ef97cd160ba83eed74818a,False,False,train
recovered_archive3/212,recovered_archive3,212,cap_image,recovered_archive3/212/CAPorg1.jpg,CAPorg1.jpg,623827,d6bec7f84c3172475560801828c1041d29b9a7e16ec77f21233cb0217b22ab22,1024,768,184.75075,52.253946,False,d6bec7f84c3172475560801828c1041d29b9a7e16ec77f21233cb0217b22ab22,False,True,train
recovered_archive3/212,recovered_archive3,212,cap_image,recovered_archive3/212/CAPorg2.jpg,CAPorg2.jpg,642795,a33529bea0c3786a1c85d34204f1894f04b82948beb7ff216f2eb35a0540697f,1024,768,104.986833,34.505645,False,a33529bea0c3786a1c85d34204f1894f04b82948beb7ff216f2eb35a0540697f,False,True,train
recovered_archive3/212,recovered_archive3,212,cap_image,recovered_archive3/212/CAPorg3.jpg,CAPorg3.jpg,659831,f4aaedaa6671ee38f63091fce9568957278aa448959f6e78caabdef121b41422,1024,768,161.03182,54.665621,False,f4aaedaa6671ee38f63091fce9568957278aa448959f6e78caabdef121b41422,False,True,train
recovered_archive3/212,recovered_archive3,212,cap_image,recovered_archive3/212/CAPorg4.jpg,CAPorg4.jpg,588054,2d13c371efb7c44de16768786feb9ffc6b86d16f75ced969494eeb4ade890305,1024,768,166.63762,74.591933,False,2d13c371efb7c44de16768786feb9ffc6b86d16f75ced969494eeb4ade890305,False,True,train
recovered_archive3/212,recovered_archive3,212,cap_image,recovered_archive3/212/CAPorg5.jpg,CAPorg5.jpg,605435,acb2e11724bd97b0cc53a1379fb3387979671843f333584e340ac1ec411f47df,1024,768,87.264778,51.101055,False,acb2e11724bd97b0cc53a1379fb3387979671843f333584e340ac1ec411f47df,False,True,train
recovered_archive3/212,recovered_archive3,212,cap_image,recovered_archive3/212/CAPorg6.jpg,CAPorg6.jpg,610910,b64eb0bd75992279a799d84345cea22081a29e04b4fa0dd8e522306ee8b46315,1024,768,72.124247,33.935235,False,b64eb0bd75992279a799d84345cea22081a29e04b4fa0dd8e522306ee8b46315,False,True,train
recovered_archive3/212,recovered_archive3,212,cap_image,recovered_archive3/212/CAPorg7.jpg,CAPorg7.jpg,618257,502b5cf5991e508a3fc45e55d8c6436fa7e1ae5aa168b6e96bf7ecbcaa8390bb,1024,768,83.926111,46.117542,False,502b5cf5991e508a3fc45e55d8c6436fa7e1ae5aa168b6e96bf7ecbcaa8390bb,False,True,train
recovered_archive3/212,recovered_archive3,212,cap_image,recovered_archive3/212/CAPorg8.jpg,CAPorg8.jpg,624483,00cb093f31141f3db3269c51b88cff7cf4d5404a7f07ce4e3eef588d0a3805d0,1024,768,86.502454,28.732102,False,00cb093f31141f3db3269c51b88cff7cf4d5404a7f07ce4e3eef588d0a3805d0,False,True,train
recovered_archive3/212,recovered_archive3,212,report_image,recovered_archive3/212/rep.jpg.jpg,rep.jpg.jpg,77721,d169c1a50c602773558dc63484d47c8631b69c2ddb105cd5c301fa04a45992aa,,,,,False,d169c1a50c602773558dc63484d47c8631b69c2ddb105cd5c301fa04a45992aa,False,False,train
recovered_archive3/212,recovered_archive3,212,report_image,recovered_archive3/212/rep_2008110.jpg.jpg,rep_2008110.jpg.jpg,77721,d169c1a50c602773558dc63484d47c8631b69c2ddb105cd5c301fa04a45992aa,,,,,False,d169c1a50c602773558dc63484d47c8631b69c2ddb105cd5c301fa04a45992aa,False,False,train
recovered_archive3/212,recovered_archive3,212,report_image,recovered_archive3/212/rep_2008111.jpg.jpg,rep_2008111.jpg.jpg,77721,d169c1a50c602773558dc63484d47c8631b69c2ddb105cd5c301fa04a45992aa,,,,,False,d169c1a50c602773558dc63484d47c8631b69c2ddb105cd5c301fa04a45992aa,False,False,train
recovered_archive3/212,recovered_archive3,212,report_image,recovered_archive3/212/rep_左手.jpg.jpg,rep_左手.jpg.jpg,77721,d169c1a50c602773558dc63484d47c8631b69c2ddb105cd5c301fa04a45992aa,,,,,False,d169c1a50c602773558dc63484d47c8631b69c2ddb105cd5c301fa04a45992aa,False,False,train
recovered_archive3/212,recovered_archive3,212,video,recovered_archive3/212/wmv0.avi,wmv0.avi,429398528,,,,,,False,,True,False,train
recovered_archive3/213,recovered_archive3,213,cap_image,recovered_archive3/213/CAPorg1.jpg,CAPorg1.jpg,12917,749a8efc155a7020938f4cce12a79e06e26c0435082b998dd21c0492d02f11a1,1024,768,0.0,0.0,True,749a8efc155a7020938f4cce12a79e06e26c0435082b998dd21c0492d02f11a1,False,True,test
recovered_archive3/213,recovered_archive3,213,cap_image,recovered_archive3/213/CAPorg10.jpg,CAPorg10.jpg,572068,98df52b49976548351678d4ea0674cb1c0b540365671dc252f2ef84d1c081345,1024,768,40.586057,20.314705,False,98df52b49976548351678d4ea0674cb1c0b540365671dc252f2ef84d1c081345,False,True,test
recovered_archive3/213,recovered_archive3,213,cap_image,recovered_archive3/213/CAPorg2.jpg,CAPorg2.jpg,535410,2dc692cc72fa6f233f4c754d9b4c7531e622c7e0923fcb6a0bdd511e311c77b1,1024,768,187.065567,59.349095,False,2dc692cc72fa6f233f4c754d9b4c7531e622c7e0923fcb6a0bdd511e311c77b1,False,True,test
recovered_archive3/213,recovered_archive3,213,cap_image,recovered_archive3/213/CAPorg3.jpg,CAPorg3.jpg,613606,7586269f4fb84110c9669e9521205afbea3bf68d4191e8aee98b249917d68996,1024,768,99.765692,60.158105,False,7586269f4fb84110c9669e9521205afbea3bf68d4191e8aee98b249917d68996,False,True,test
recovered_archive3/213,recovered_archive3,213,cap_image,recovered_archive3/213/CAPorg4.jpg,CAPorg4.jpg,572784,adf0c08a031f2a38ea11be0554111e0822251f07f75c7f59d94aa138921a695a,1024,768,81.139102,59.659127,False,adf0c08a031f2a38ea11be0554111e0822251f07f75c7f59d94aa138921a695a,False,True,test
recovered_archive3/213,recovered_archive3,213,cap_image,recovered_archive3/213/CAPorg5.jpg,CAPorg5.jpg,481645,1aedd9580313322933d1f69b86438b09b5aa9a0a66555fc012fb4bbdde942a46,1024,768,78.251508,88.028205,False,1aedd9580313322933d1f69b86438b09b5aa9a0a66555fc012fb4bbdde942a46,False,True,test
recovered_archive3/213,recovered_archive3,213,cap_image,recovered_archive3/213/CAPorg6.jpg,CAPorg6.jpg,560735,7bdd8c7f322024d8adb8aa35a47d7fd0641e07a6850b3717be145ba438e1f6bc,1024,768,52.319365,36.237988,False,7bdd8c7f322024d8adb8aa35a47d7fd0641e07a6850b3717be145ba438e1f6bc,False,True,test
recovered_archive3/213,recovered_archive3,213,cap_image,recovered_archive3/213/CAPorg7.jpg,CAPorg7.jpg,636617,80f42f11bb539cf8c658a75c6bacc892bfdac81c677d563a1c2c3fa48757945b,1024,768,120.385999,45.229851,False,80f42f11bb539cf8c658a75c6bacc892bfdac81c677d563a1c2c3fa48757945b,False,True,test
recovered_archive3/213,recovered_archive3,213,cap_image,recovered_archive3/213/CAPorg8.jpg,CAPorg8.jpg,542021,2a5e1a8f976109978bef83371958ee704878ec7ad8c131d243ee599d7686c52d,1024,768,48.359099,39.104646,False,2a5e1a8f976109978bef83371958ee704878ec7ad8c131d243ee599d7686c52d,False,True,test
recovered_archive3/213,recovered_archive3,213,cap_image,recovered_archive3/213/CAPorg9.jpg,CAPorg9.jpg,586211,c68ebbd83ecaf899e1156023b8af87cf0685a575a1838a9c7b91b21e770107e3,1024,768,50.46168,24.163282,False,c68ebbd83ecaf899e1156023b8af87cf0685a575a1838a9c7b91b21e770107e3,False,True,test
recovered_archive3/213,recovered_archive3,213,report_image,recovered_archive3/213/rep.jpg.jpg,rep.jpg.jpg,79949,72aa169f3cb81dfc0e3ec165bea364b236969ca0d3b7fd14563ecce55c550dce,,,,,False,72aa169f3cb81dfc0e3ec165bea364b236969ca0d3b7fd14563ecce55c550dce,False,False,test
recovered_archive3/213,recovered_archive3,213,report_image,recovered_archive3/213/rep_2102230.jpg.jpg,rep_2102230.jpg.jpg,78253,0be84a7fce00236eef1e5e579f62030dd0bc44cb1b8f8e752754a19b8d0689c6,,,,,False,0be84a7fce00236eef1e5e579f62030dd0bc44cb1b8f8e752754a19b8d0689c6,False,False,test
recovered_archive3/213,recovered_archive3,213,report_image,recovered_archive3/213/rep_2102231.jpg.jpg,rep_2102231.jpg.jpg,79949,72aa169f3cb81dfc0e3ec165bea364b236969ca0d3b7fd14563ecce55c550dce,,,,,False,72aa169f3cb81dfc0e3ec165bea364b236969ca0d3b7fd14563ecce55c550dce,False,False,test
recovered_archive3/213,recovered_archive3,213,report_image,recovered_archive3/213/rep_双手拇指.jpg.jpg,rep_双手拇指.jpg.jpg,78253,0be84a7fce00236eef1e5e579f62030dd0bc44cb1b8f8e752754a19b8d0689c6,,,,,False,0be84a7fce00236eef1e5e579f62030dd0bc44cb1b8f8e752754a19b8d0689c6,False,False,test
recovered_archive3/213,recovered_archive3,213,report_image,recovered_archive3/213/rep_右手无名指左手小指.jpg.jpg,rep_右手无名指左手小指.jpg.jpg,79949,72aa169f3cb81dfc0e3ec165bea364b236969ca0d3b7fd14563ecce55c550dce,,,,,False,72aa169f3cb81dfc0e3ec165bea364b236969ca0d3b7fd14563ecce55c550dce,False,False,test
recovered_archive3/213,recovered_archive3,213,video,recovered_archive3/213/wmv0.avi,wmv0.avi,474225664,,,,,,False,,True,False,test
recovered_archive3/213,recovered_archive3,213,video,recovered_archive3/213/wmv1.avi,wmv1.avi,556802048,,,,,,False,,True,False,test
recovered_archive3/213,recovered_archive3,213,video,recovered_archive3/213/wmv2.avi,wmv2.avi,504897024,,,,,,False,,True,False,test
recovered_archive3/213,recovered_archive3,213,video,recovered_archive3/213/wmv3.avi,wmv3.avi,603988480,,,,,,False,,True,False,test
recovered_archive3/214,recovered_archive3,214,cap_image,recovered_archive3/214/CAPorg1.jpg,CAPorg1.jpg,551698,3ba910e54a995996cd18ef349446a69f8770fb397223b06d9aeb45840d820004,1024,768,58.369886,52.149667,False,3ba910e54a995996cd18ef349446a69f8770fb397223b06d9aeb45840d820004,False,True,train
recovered_archive3/214,recovered_archive3,214,cap_image,recovered_archive3/214/CAPorg10.jpg,CAPorg10.jpg,606180,3bd6afb88dfdaed8f8845d4c7b8cdd0432f532e9b7bcb786c2ec286ba0c9b805,1024,768,82.527073,59.184692,False,3bd6afb88dfdaed8f8845d4c7b8cdd0432f532e9b7bcb786c2ec286ba0c9b805,False,True,train
recovered_archive3/214,recovered_archive3,214,cap_image,recovered_archive3/214/CAPorg11.jpg,CAPorg11.jpg,595814,ed345f95d83b4c0256491ac82d4aac2cb33f2731217341204a058f0a81ddb169,1024,768,65.479547,50.285193,False,ed345f95d83b4c0256491ac82d4aac2cb33f2731217341204a058f0a81ddb169,False,True,train
recovered_archive3/214,recovered_archive3,214,cap_image,recovered_archive3/214/CAPorg12.jpg,CAPorg12.jpg,610187,b234fa47852774b26ea154211afc1a72ad6970df542d22190bca6a3dd38ce916,1024,768,72.097146,49.665628,False,b234fa47852774b26ea154211afc1a72ad6970df542d22190bca6a3dd38ce916,False,True,train
recovered_archive3/214,recovered_archive3,214,cap_image,recovered_archive3/214/CAPorg13.jpg,CAPorg13.jpg,609787,ae04711343902a9d5268f76cb8344d2ba40dd2ad90817ff0751f4b8e5d514ecb,1024,768,71.396337,51.055285,False,ae04711343902a9d5268f76cb8344d2ba40dd2ad90817ff0751f4b8e5d514ecb,False,True,train
recovered_archive3/214,recovered_archive3,214,cap_image,recovered_archive3/214/CAPorg14.jpg,CAPorg14.jpg,599288,5ab339c53ca54db8aedd1aca93d1ed6b5bfca4f5af345e95292ba80daf5d4b98,1024,768,96.129155,63.021546,False,5ab339c53ca54db8aedd1aca93d1ed6b5bfca4f5af345e95292ba80daf5d4b98,False,True,train
recovered_archive3/214,recovered_archive3,214,cap_image,recovered_archive3/214/CAPorg15.jpg,CAPorg15.jpg,623712,601e1b40b336d31081560164768162adc62dc93111d72881eb0698377321aec5,1024,768,137.847847,71.394284,False,601e1b40b336d31081560164768162adc62dc93111d72881eb0698377321aec5,False,True,train
recovered_archive3/214,recovered_archive3,214,cap_image,recovered_archive3/214/CAPorg16.jpg,CAPorg16.jpg,641091,82941452b539666317c0c4f38dfdb6196f744fcbc10f546a0441d3943b5e9d2e,1024,768,121.725217,65.357645,False,82941452b539666317c0c4f38dfdb6196f744fcbc10f546a0441d3943b5e9d2e,False,True,train
recovered_archive3/214,recovered_archive3,214,cap_image,recovered_archive3/214/CAPorg17.jpg,CAPorg17.jpg,621308,09018096d3978d24709cd16623a1e31d76abfa4f472859388997fe7fb6e0ed40,1024,768,169.597768,62.04475,False,09018096d3978d24709cd16623a1e31d76abfa4f472859388997fe7fb6e0ed40,False,True,train
recovered_archive3/214,recovered_archive3,214,cap_image,recovered_archive3/214/CAPorg18.jpg,CAPorg18.jpg,639257,e3a050de6050f23ba2676b36528b5c6bd0d612e23d2539204f9ca2d87a4850f5,1024,768,163.236963,58.434142,False,e3a050de6050f23ba2676b36528b5c6bd0d612e23d2539204f9ca2d87a4850f5,False,True,train
recovered_archive3/214,recovered_archive3,214,cap_image,recovered_archive3/214/CAPorg19.jpg,CAPorg19.jpg,621012,c87409f250e315e9a8cd5e8dbf6c905f99a7a42ecb3169e2478ebf9ee7e6c253,1024,768,167.051203,65.343298,False,c87409f250e315e9a8cd5e8dbf6c905f99a7a42ecb3169e2478ebf9ee7e6c253,False,True,train
recovered_archive3/214,recovered_archive3,214,cap_image,recovered_archive3/214/CAPorg2.jpg,CAPorg2.jpg,553920,9ac877ef2a7adc6b55d1b82f4578eb3fd8c9df47f6f0c6dfd8dab6d86b73b031,1024,768,72.909459,68.388692,False,9ac877ef2a7adc6b55d1b82f4578eb3fd8c9df47f6f0c6dfd8dab6d86b73b031,False,True,train
recovered_archive3/214,recovered_archive3,214,cap_image,recovered_archive3/214/CAPorg20.jpg,CAPorg20.jpg,567851,29f2c76e8006f5469d5dd754918c13ee589b7711b888340ebf13fda415e2ab6d,1024,768,145.677975,78.142852,False,29f2c76e8006f5469d5dd754918c13ee589b7711b888340ebf13fda415e2ab6d,False,True,train
recovered_archive3/214,recovered_archive3,214,cap_image,recovered_archive3/214/CAPorg21.jpg,CAPorg21.jpg,652146,97aa25747fe9e2c1eecb013a31d19a212cbf59dc783433890d3933ef0d85fba1,1024,768,142.494394,49.600546,False,97aa25747fe9e2c1eecb013a31d19a212cbf59dc783433890d3933ef0d85fba1,False,True,train
recovered_archive3/214,recovered_archive3,214,cap_image,recovered_archive3/214/CAPorg22.jpg,CAPorg22.jpg,636449,830383b253027505a5a4866dcd92fe13456e5488ca113e14a545fced2d2e634b,1024,768,178.930785,58.389003,False,830383b253027505a5a4866dcd92fe13456e5488ca113e14a545fced2d2e634b,False,True,train
recovered_archive3/214,recovered_archive3,214,cap_image,recovered_archive3/214/CAPorg23.jpg,CAPorg23.jpg,640556,329ec81279b629cf743edebc763362a337ac04c3a14d96b3e7042bcedce61c78,1024,768,161.711365,56.075306,False,329ec81279b629cf743edebc763362a337ac04c3a14d96b3e7042bcedce61c78,False,True,train
recovered_archive3/214,recovered_archive3,214,cap_image,recovered_archive3/214/CAPorg3.jpg,CAPorg3.jpg,524379,fc1eb5e777a7cc5d9381135babdac7671ba39f83784434f2d4a7fda7e1f8c8d2,1024,768,94.862853,81.71293,False,fc1eb5e777a7cc5d9381135babdac7671ba39f83784434f2d4a7fda7e1f8c8d2,False,True,train
recovered_archive3/214,recovered_archive3,214,cap_image,recovered_archive3/214/CAPorg4.jpg,CAPorg4.jpg,602176,b7da53cfb838c3d34cf2bb87b6ef51ecff2ca3e63c865f851ea7ed7324c8cd7a,1024,768,55.686295,39.364353,False,b7da53cfb838c3d34cf2bb87b6ef51ecff2ca3e63c865f851ea7ed7324c8cd7a,False,True,train
recovered_archive3/214,recovered_archive3,214,cap_image,recovered_archive3/214/CAPorg5.jpg,CAPorg5.jpg,577311,9be926fa69d530da21ff315b1c0a7cf0b5d1e7abed4de78f7e60d3b966238168,1024,768,46.168975,43.035266,False,9be926fa69d530da21ff315b1c0a7cf0b5d1e7abed4de78f7e60d3b966238168,False,True,train
recovered_archive3/214,recovered_archive3,214,cap_image,recovered_archive3/214/CAPorg6.jpg,CAPorg6.jpg,539315,6abe14a2eb38689fb7e4be579cccdbf3db15f5cd6b89dc6ae5abb1a894008e57,1024,768,33.574711,42.305229,False,6abe14a2eb38689fb7e4be579cccdbf3db15f5cd6b89dc6ae5abb1a894008e57,False,True,train
recovered_archive3/214,recovered_archive3,214,cap_image,recovered_archive3/214/CAPorg7.jpg,CAPorg7.jpg,522502,1a209fb9637e8bde929ff097cce93a2b2a0454df53712c3bf07d379d264d24d0,1024,768,31.354755,39.417328,False,1a209fb9637e8bde929ff097cce93a2b2a0454df53712c3bf07d379d264d24d0,False,True,train
recovered_archive3/214,recovered_archive3,214,cap_image,recovered_archive3/214/CAPorg8.jpg,CAPorg8.jpg,562204,1f6800e51808c23f5216de9ecf85700d8405871451636fc9eef94c9ba88a54d5,1024,768,61.646708,53.041905,False,1f6800e51808c23f5216de9ecf85700d8405871451636fc9eef94c9ba88a54d5,False,True,train
recovered_archive3/214,recovered_archive3,214,cap_image,recovered_archive3/214/CAPorg9.jpg,CAPorg9.jpg,563390,5ea2ef3b6b75c1ac7fc92900248a4cf0f5dffecd708d8b73b477f7d50facbb67,1024,768,70.592068,65.054659,False,5ea2ef3b6b75c1ac7fc92900248a4cf0f5dffecd708d8b73b477f7d50facbb67,False,True,train
recovered_archive3/214,recovered_archive3,214,report_image,recovered_archive3/214/rep.jpg.jpg,rep.jpg.jpg,88432,7ee070d4cc79fadc8fcc2776aef67b538f8ab50324bf7d855fdede1ef64e4cdd,,,,,False,7ee070d4cc79fadc8fcc2776aef67b538f8ab50324bf7d855fdede1ef64e4cdd,False,False,train
recovered_archive3/214,recovered_archive3,214,report_image,recovered_archive3/214/rep_2001160.jpg.jpg,rep_2001160.jpg.jpg,89863,74067a9ee370911a583949594b0abd36bf279a700d3d4e30fc25a178b1192c91,,,,,False,74067a9ee370911a583949594b0abd36bf279a700d3d4e30fc25a178b1192c91,False,False,train
recovered_archive3/214,recovered_archive3,214,report_image,recovered_archive3/214/rep_2001161.jpg.jpg,rep_2001161.jpg.jpg,89862,224c29a001b0db526d64954341e9f926dc7af37438d6eb695152b77f16253050,,,,,False,224c29a001b0db526d64954341e9f926dc7af37438d6eb695152b77f16253050,False,False,train
recovered_archive3/214,recovered_archive3,214,report_image,recovered_archive3/214/rep_2001162.jpg.jpg,rep_2001162.jpg.jpg,88432,7ee070d4cc79fadc8fcc2776aef67b538f8ab50324bf7d855fdede1ef64e4cdd,,,,,False,7ee070d4cc79fadc8fcc2776aef67b538f8ab50324bf7d855fdede1ef64e4cdd,False,False,train
recovered_archive3/214,recovered_archive3,214,report_image,recovered_archive3/214/rep_左手.jpg.jpg,rep_左手.jpg.jpg,88432,7ee070d4cc79fadc8fcc2776aef67b538f8ab50324bf7d855fdede1ef64e4cdd,,,,,False,7ee070d4cc79fadc8fcc2776aef67b538f8ab50324bf7d855fdede1ef64e4cdd,False,False,train
recovered_archive3/214,recovered_archive3,214,video,recovered_archive3/214/wmv0.avi,wmv0.avi,415242752,,,,,,False,,True,False,train
recovered_archive3/214,recovered_archive3,214,video,recovered_archive3/214/wmv1.avi,wmv1.avi,266605568,,,,,,False,,True,False,train
recovered_archive3/215,recovered_archive3,215,cap_image,recovered_archive3/215/CAPorg1.jpg,CAPorg1.jpg,651597,479114f05c26538568b4b975d98e1ee5378e67660244d641db43232f21465556,1024,768,130.364019,29.564963,False,479114f05c26538568b4b975d98e1ee5378e67660244d641db43232f21465556,False,True,train
recovered_archive3/215,recovered_archive3,215,cap_image,recovered_archive3/215/CAPorg2.jpg,CAPorg2.jpg,664893,0f86fee2ec78a34a70c2902dbaaefc27dabfc2d1f0e6ee104d93d1ca68b92482,1024,768,169.211395,38.903161,False,0f86fee2ec78a34a70c2902dbaaefc27dabfc2d1f0e6ee104d93d1ca68b92482,False,True,train
recovered_archive3/215,recovered_archive3,215,cap_image,recovered_archive3/215/CAPorg3.jpg,CAPorg3.jpg,618468,7c20724e9cb8a62b35440114458eb5351598bccff6879e7aefc906b0de23c4b2,1024,768,77.00264,22.13318,False,7c20724e9cb8a62b35440114458eb5351598bccff6879e7aefc906b0de23c4b2,False,True,train
recovered_archive3/215,recovered_archive3,215,cap_image,recovered_archive3/215/CAPorg4.jpg,CAPorg4.jpg,597451,925f580a23ed667e41d54cb3a68711567196456c1d1cb92a5e264911d4fa0706,1024,768,51.545517,15.978141,False,925f580a23ed667e41d54cb3a68711567196456c1d1cb92a5e264911d4fa0706,False,True,train
recovered_archive3/215,recovered_archive3,215,cap_image,recovered_archive3/215/CAPorg5.jpg,CAPorg5.jpg,596288,b3b7f61a295a96aab8e6c6e29b3338dab7b019dcc1213227b0d2b1739ba9dbfb,1024,768,60.563869,30.045571,False,b3b7f61a295a96aab8e6c6e29b3338dab7b019dcc1213227b0d2b1739ba9dbfb,False,True,train
recovered_archive3/215,recovered_archive3,215,cap_image,recovered_archive3/215/CAPorg6.jpg,CAPorg6.jpg,590056,77606d3cadda52be1582b0c250a7c53bebc809fdd33540f38e833495583d2ccf,1024,768,50.296112,24.971825,False,77606d3cadda52be1582b0c250a7c53bebc809fdd33540f38e833495583d2ccf,False,True,train
recovered_archive3/215,recovered_archive3,215,cap_image,recovered_archive3/215/CAPorg7.jpg,CAPorg7.jpg,596880,115bf6c4992509b2147218db1ffa9b709483331d20109b21ac96f820c422123a,1024,768,55.804985,26.03436,False,115bf6c4992509b2147218db1ffa9b709483331d20109b21ac96f820c422123a,False,True,train
recovered_archive3/215,recovered_archive3,215,cap_image,recovered_archive3/215/CAPorg8.jpg,CAPorg8.jpg,604727,67472e44d6a9dfa573e9a6aa31e8710405d29189284b40e8ff76d36ce8777e88,1024,768,62.297874,29.973889,False,67472e44d6a9dfa573e9a6aa31e8710405d29189284b40e8ff76d36ce8777e88,False,True,train
recovered_archive3/215,recovered_archive3,215,cap_image,recovered_archive3/215/CAPorg9.jpg,CAPorg9.jpg,604586,cc9205a39a40369d1bd433d1ef7418f697cbafe7ddfe735dd2eb38e7247a7476,1024,768,64.85608,28.711899,False,cc9205a39a40369d1bd433d1ef7418f697cbafe7ddfe735dd2eb38e7247a7476,False,True,train
recovered_archive3/215,recovered_archive3,215,report_image,recovered_archive3/215/rep.jpg.jpg,rep.jpg.jpg,82090,3b33972bda44b361efafe71f1db09e049f40206db09d3d57fdc1b3eb868f466c,,,,,False,3b33972bda44b361efafe71f1db09e049f40206db09d3d57fdc1b3eb868f466c,False,False,train
recovered_archive3/215,recovered_archive3,215,report_image,recovered_archive3/215/rep_1912120.jpg.jpg,rep_1912120.jpg.jpg,82090,3b33972bda44b361efafe71f1db09e049f40206db09d3d57fdc1b3eb868f466c,,,,,False,3b33972bda44b361efafe71f1db09e049f40206db09d3d57fdc1b3eb868f466c,False,False,train
recovered_archive3/215,recovered_archive3,215,report_image,recovered_archive3/215/rep_1912121.jpg.jpg,rep_1912121.jpg.jpg,82090,3b33972bda44b361efafe71f1db09e049f40206db09d3d57fdc1b3eb868f466c,,,,,False,3b33972bda44b361efafe71f1db09e049f40206db09d3d57fdc1b3eb868f466c,False,False,train
recovered_archive3/215,recovered_archive3,215,report_image,recovered_archive3/215/rep_左手.jpg.jpg,rep_左手.jpg.jpg,82090,3b33972bda44b361efafe71f1db09e049f40206db09d3d57fdc1b3eb868f466c,,,,,False,3b33972bda44b361efafe71f1db09e049f40206db09d3d57fdc1b3eb868f466c,False,False,train
recovered_archive3/215,recovered_archive3,215,video,recovered_archive3/215/wmv0.avi,wmv0.avi,441195008,,,,,,False,,True,False,train
recovered_archive3/216,recovered_archive3,216,cap_image,recovered_archive3/216/CAPorg1.jpg,CAPorg1.jpg,658259,01c345f962c0eec212cd7f51f112bf7e93bb8d9dd3e0d78724275551b607c912,1024,768,135.378085,37.200192,False,01c345f962c0eec212cd7f51f112bf7e93bb8d9dd3e0d78724275551b607c912,False,True,train
recovered_archive3/216,recovered_archive3,216,cap_image,recovered_archive3/216/CAPorg2.jpg,CAPorg2.jpg,569287,36e4e1220ac07dbc15aa94faac5a16ade3524715c3f94e6d9ac31279765a390c,1024,768,69.907234,63.087485,False,36e4e1220ac07dbc15aa94faac5a16ade3524715c3f94e6d9ac31279765a390c,False,True,train
recovered_archive3/216,recovered_archive3,216,cap_image,recovered_archive3/216/CAPorg3.jpg,CAPorg3.jpg,616460,5b9285334497db29c2638689953554f54ecdba644963b34b75de53204ca5df53,1024,768,78.847721,32.251003,False,5b9285334497db29c2638689953554f54ecdba644963b34b75de53204ca5df53,False,True,train
recovered_archive3/216,recovered_archive3,216,cap_image,recovered_archive3/216/CAPorg4.jpg,CAPorg4.jpg,593391,b71e02105629f84e8ef20d6c8aa89302c79c89ef7a75d85112410648b1ba05d2,1024,768,47.18556,22.049479,False,b71e02105629f84e8ef20d6c8aa89302c79c89ef7a75d85112410648b1ba05d2,False,True,train
recovered_archive3/216,recovered_archive3,216,cap_image,recovered_archive3/216/CAPorg5.jpg,CAPorg5.jpg,597831,4b4a92e5857f53a16b9a0c38474498321a84c328c62a985dd30bf16523fd5275,1024,768,52.567008,19.248583,False,4b4a92e5857f53a16b9a0c38474498321a84c328c62a985dd30bf16523fd5275,False,True,train
recovered_archive3/216,recovered_archive3,216,cap_image,recovered_archive3/216/CAPorg6.jpg,CAPorg6.jpg,580087,5487264aa75618242a7769e8cb9ce02c0c01b6a69f2ed94f1c9461b7c5533159,1024,768,43.388481,20.197531,False,5487264aa75618242a7769e8cb9ce02c0c01b6a69f2ed94f1c9461b7c5533159,False,True,train
recovered_archive3/216,recovered_archive3,216,report_image,recovered_archive3/216/rep.jpg.jpg,rep.jpg.jpg,69845,0f4e58487a6486c6c7e0693ecd963f35f4bdc088149ab2d68290492a60f26a73,,,,,False,0f4e58487a6486c6c7e0693ecd963f35f4bdc088149ab2d68290492a60f26a73,False,False,train
recovered_archive3/216,recovered_archive3,216,report_image,recovered_archive3/216/rep_2007070.jpg.jpg,rep_2007070.jpg.jpg,69845,0f4e58487a6486c6c7e0693ecd963f35f4bdc088149ab2d68290492a60f26a73,,,,,False,0f4e58487a6486c6c7e0693ecd963f35f4bdc088149ab2d68290492a60f26a73,False,False,train
recovered_archive3/216,recovered_archive3,216,report_image,recovered_archive3/216/rep_2007071.jpg.jpg,rep_2007071.jpg.jpg,69845,0f4e58487a6486c6c7e0693ecd963f35f4bdc088149ab2d68290492a60f26a73,,,,,False,0f4e58487a6486c6c7e0693ecd963f35f4bdc088149ab2d68290492a60f26a73,False,False,train
recovered_archive3/216,recovered_archive3,216,report_image,recovered_archive3/216/rep_右手.jpg.jpg,rep_右手.jpg.jpg,69845,0f4e58487a6486c6c7e0693ecd963f35f4bdc088149ab2d68290492a60f26a73,,,,,False,0f4e58487a6486c6c7e0693ecd963f35f4bdc088149ab2d68290492a60f26a73,False,False,train
recovered_archive3/217,recovered_archive3,217,cap_image,recovered_archive3/217/CAPorg1.jpg,CAPorg1.jpg,641277,adfd2edda067453d87df17bfbc07c3030af4d9cd358d12c640cd1765a1dd11c4,1024,768,107.12451,30.386559,False,adfd2edda067453d87df17bfbc07c3030af4d9cd358d12c640cd1765a1dd11c4,False,True,train
recovered_archive3/217,recovered_archive3,217,cap_image,recovered_archive3/217/CAPorg2.jpg,CAPorg2.jpg,657752,36a1fbca903201382d05f5971f58ef2d47a288b095cad2f37376363682776839,1024,768,136.666363,30.242451,False,36a1fbca903201382d05f5971f58ef2d47a288b095cad2f37376363682776839,False,True,train
recovered_archive3/217,recovered_archive3,217,cap_image,recovered_archive3/217/CAPorg3.jpg,CAPorg3.jpg,629589,0709ba06a9215aa260f168594b4e5b39914c54eb81e0edb355fa926203b82171,1024,768,181.300112,39.562183,False,0709ba06a9215aa260f168594b4e5b39914c54eb81e0edb355fa926203b82171,False,True,train
recovered_archive3/217,recovered_archive3,217,cap_image,recovered_archive3/217/CAPorg4.jpg,CAPorg4.jpg,648694,19de0bad7b5aa87693c7a34aa579e7ab5a7c053b27e885f267f7d19ccc642162,1024,768,167.578135,43.195711,False,19de0bad7b5aa87693c7a34aa579e7ab5a7c053b27e885f267f7d19ccc642162,False,True,train
recovered_archive3/217,recovered_archive3,217,report_image,recovered_archive3/217/rep.jpg.jpg,rep.jpg.jpg,71232,61209797e79c431832fef4dab442b12c8b57cb20b85f640fd7eb0db981ab2796,,,,,False,61209797e79c431832fef4dab442b12c8b57cb20b85f640fd7eb0db981ab2796,False,False,train
recovered_archive3/217,recovered_archive3,217,report_image,recovered_archive3/217/rep_1.jpg.jpg,rep_1.jpg.jpg,71232,61209797e79c431832fef4dab442b12c8b57cb20b85f640fd7eb0db981ab2796,,,,,False,61209797e79c431832fef4dab442b12c8b57cb20b85f640fd7eb0db981ab2796,False,False,train
recovered_archive3/217,recovered_archive3,217,report_image,recovered_archive3/217/rep_1810170.jpg.jpg,rep_1810170.jpg.jpg,71232,61209797e79c431832fef4dab442b12c8b57cb20b85f640fd7eb0db981ab2796,,,,,False,61209797e79c431832fef4dab442b12c8b57cb20b85f640fd7eb0db981ab2796,False,False,train
recovered_archive3/218,recovered_archive3,218,cap_image,recovered_archive3/218/CAPorg1.jpg,CAPorg1.jpg,621349,28710a12044cd8546713ceec971a5243028176357a7e8b3c6718e8354b5e05db,1024,768,189.188577,43.942362,False,28710a12044cd8546713ceec971a5243028176357a7e8b3c6718e8354b5e05db,False,True,train
recovered_archive3/218,recovered_archive3,218,cap_image,recovered_archive3/218/CAPorg10.jpg,CAPorg10.jpg,627601,b15a9be9d73c79531dcf0de5284371d82648aa968341d950e53287de96ed493d,1024,768,102.186874,22.919686,False,b15a9be9d73c79531dcf0de5284371d82648aa968341d950e53287de96ed493d,False,True,train
recovered_archive3/218,recovered_archive3,218,cap_image,recovered_archive3/218/CAPorg2.jpg,CAPorg2.jpg,603066,c2203a5c0cec1667b9efc8948a7c932db1197d8cc2f1fde148c810b099fe7fc5,1024,768,58.219949,28.055374,False,c2203a5c0cec1667b9efc8948a7c932db1197d8cc2f1fde148c810b099fe7fc5,False,True,train
recovered_archive3/218,recovered_archive3,218,cap_image,recovered_archive3/218/CAPorg3.jpg,CAPorg3.jpg,594850,adc4ee349d23d1e088925b3187962febe85f58c69c119c09aa2488974fc87495,1024,768,46.737881,13.325639,False,adc4ee349d23d1e088925b3187962febe85f58c69c119c09aa2488974fc87495,False,True,train
recovered_archive3/218,recovered_archive3,218,cap_image,recovered_archive3/218/CAPorg4.jpg,CAPorg4.jpg,601468,90b494080fc6347d4527881fa41d9e5a42119adf826dfbee2808b0d2bd27b07b,1024,768,53.856176,13.755724,False,90b494080fc6347d4527881fa41d9e5a42119adf826dfbee2808b0d2bd27b07b,False,True,train
recovered_archive3/218,recovered_archive3,218,cap_image,recovered_archive3/218/CAPorg5.jpg,CAPorg5.jpg,605525,3d8c63371d1d0a90a03343caf8e68a06eeee6ccdab8a5a36d7fb8005fcaa23fd,1024,768,59.620455,15.133918,False,3d8c63371d1d0a90a03343caf8e68a06eeee6ccdab8a5a36d7fb8005fcaa23fd,False,True,train
recovered_archive3/218,recovered_archive3,218,cap_image,recovered_archive3/218/CAPorg6.jpg,CAPorg6.jpg,615264,2e6c9a13ba0e40d6638a7d8eb765916182e965d1be8599289567d4dea13d6332,1024,768,75.79358,21.185533,False,2e6c9a13ba0e40d6638a7d8eb765916182e965d1be8599289567d4dea13d6332,False,True,train
recovered_archive3/218,recovered_archive3,218,cap_image,recovered_archive3/218/CAPorg7.jpg,CAPorg7.jpg,620538,e7b926aa2be910a4e451ab9af342eaacac2ce062707526748e554e62c5887cdc,1024,768,83.940056,22.448527,False,e7b926aa2be910a4e451ab9af342eaacac2ce062707526748e554e62c5887cdc,False,True,train
recovered_archive3/218,recovered_archive3,218,cap_image,recovered_archive3/218/CAPorg8.jpg,CAPorg8.jpg,628208,825966886dd9d0888b1ca5aa05f29f163a3b8304edec7954af95e8c68a28108c,1024,768,101.12344,27.17227,False,825966886dd9d0888b1ca5aa05f29f163a3b8304edec7954af95e8c68a28108c,False,True,train
recovered_archive3/218,recovered_archive3,218,cap_image,recovered_archive3/218/CAPorg9.jpg,CAPorg9.jpg,630083,3c7b8d1e4273fa8fd8b77075359a8994233bc5b68dc36f958c989835eba32d69,1024,768,100.941004,29.167925,False,3c7b8d1e4273fa8fd8b77075359a8994233bc5b68dc36f958c989835eba32d69,False,True,train
recovered_archive3/218,recovered_archive3,218,report_image,recovered_archive3/218/rep.jpg.jpg,rep.jpg.jpg,80644,3c8b4ff7e1129003f812d26eec544b82a8dce975cbbab198cdf02becd9bbac7e,,,,,False,3c8b4ff7e1129003f812d26eec544b82a8dce975cbbab198cdf02becd9bbac7e,False,False,train
recovered_archive3/218,recovered_archive3,218,report_image,recovered_archive3/218/rep_2001090.jpg.jpg,rep_2001090.jpg.jpg,80659,96e47cdbfbb00947ade767de4f14896b962ab0fe85e50943fee1c2bcfefc66e0,,,,,False,96e47cdbfbb00947ade767de4f14896b962ab0fe85e50943fee1c2bcfefc66e0,False,False,train
recovered_archive3/218,recovered_archive3,218,report_image,recovered_archive3/218/rep_2001091.jpg.jpg,rep_2001091.jpg.jpg,80659,96e47cdbfbb00947ade767de4f14896b962ab0fe85e50943fee1c2bcfefc66e0,,,,,False,96e47cdbfbb00947ade767de4f14896b962ab0fe85e50943fee1c2bcfefc66e0,False,False,train
recovered_archive3/218,recovered_archive3,218,report_image,recovered_archive3/218/rep_左手.jpg.jpg,rep_左手.jpg.jpg,80644,3c8b4ff7e1129003f812d26eec544b82a8dce975cbbab198cdf02becd9bbac7e,,,,,False,3c8b4ff7e1129003f812d26eec544b82a8dce975cbbab198cdf02becd9bbac7e,False,False,train
recovered_archive3/218,recovered_archive3,218,video,recovered_archive3/218/wmv0.avi,wmv0.avi,464788480,,,,,,False,,True,False,train
recovered_archive3/218,recovered_archive3,218,video,recovered_archive3/218/wmv1.avi,wmv1.avi,434117120,,,,,,False,,True,False,train
recovered_archive3/219,recovered_archive3,219,cap_image,recovered_archive3/219/CAPorg1.jpg,CAPorg1.jpg,656304,7c50b5d7896e1f9717539e348e2450c6359706cbd5d24adf8fc7829edcbffc27,1024,768,174.732661,38.544532,False,7c50b5d7896e1f9717539e348e2450c6359706cbd5d24adf8fc7829edcbffc27,False,True,train
recovered_archive3/219,recovered_archive3,219,cap_image,recovered_archive3/219/CAPorg10.jpg,CAPorg10.jpg,585249,8896c4b4871aec9c1580d066737b8a922e21767f7dea8a82a7c878e3990ec570,1024,768,64.820952,39.124444,False,8896c4b4871aec9c1580d066737b8a922e21767f7dea8a82a7c878e3990ec570,False,True,train
recovered_archive3/219,recovered_archive3,219,cap_image,recovered_archive3/219/CAPorg11.jpg,CAPorg11.jpg,535049,d65fdd544d6a736cf1899d5c9e2712cffd1e5078d156c3bd90e67eb879d40032,1024,768,41.41603,34.377793,False,d65fdd544d6a736cf1899d5c9e2712cffd1e5078d156c3bd90e67eb879d40032,False,True,train
recovered_archive3/219,recovered_archive3,219,cap_image,recovered_archive3/219/CAPorg12.jpg,CAPorg12.jpg,599851,36aea0c43731203906fbda40e8ad6cabd3df33780a8993d0918f2baa380ed57a,1024,768,63.01062,34.931856,False,36aea0c43731203906fbda40e8ad6cabd3df33780a8993d0918f2baa380ed57a,False,True,train
recovered_archive3/219,recovered_archive3,219,cap_image,recovered_archive3/219/CAPorg2.jpg,CAPorg2.jpg,578651,519f93cd2be8f2ad299c83750c813bf0c6f68dca2c4ee7a11aceb2e00fdfa735,1024,768,41.598199,21.625036,False,519f93cd2be8f2ad299c83750c813bf0c6f68dca2c4ee7a11aceb2e00fdfa735,False,True,train
recovered_archive3/219,recovered_archive3,219,cap_image,recovered_archive3/219/CAPorg3.jpg,CAPorg3.jpg,557252,1ad52c7d6db72476fed250e0cecdb5dc6ff6c0899c8ff6914bad5305d3d2444b,1024,768,31.120001,18.596325,False,1ad52c7d6db72476fed250e0cecdb5dc6ff6c0899c8ff6914bad5305d3d2444b,False,True,train
recovered_archive3/219,recovered_archive3,219,cap_image,recovered_archive3/219/CAPorg4.jpg,CAPorg4.jpg,612431,7c36e59283870716b692e27f7c38e7f6fb978c1a19dfcb494f252e4e2b86c7cf,1024,768,80.077829,40.000864,False,7c36e59283870716b692e27f7c38e7f6fb978c1a19dfcb494f252e4e2b86c7cf,False,True,train
recovered_archive3/219,recovered_archive3,219,cap_image,recovered_archive3/219/CAPorg5.jpg,CAPorg5.jpg,612124,19183beaec37e4d1b887a4eb26800f1b0508e184a624cb7d7477117fe9035cd8,1024,768,79.442176,40.301554,False,19183beaec37e4d1b887a4eb26800f1b0508e184a624cb7d7477117fe9035cd8,False,True,train
recovered_archive3/219,recovered_archive3,219,cap_image,recovered_archive3/219/CAPorg6.jpg,CAPorg6.jpg,589733,02bf9e5dd215cfe0b64e74e547d96b9b82d5e1745deeb6411679f11d9031c617,1024,768,61.480909,40.015614,False,02bf9e5dd215cfe0b64e74e547d96b9b82d5e1745deeb6411679f11d9031c617,False,True,train
recovered_archive3/219,recovered_archive3,219,cap_image,recovered_archive3/219/CAPorg7.jpg,CAPorg7.jpg,568420,cb5165dd9861ee656c5ca55dcf08359bce61412e156e6bf8639bc6942275e2e4,1024,768,56.410931,44.14416,False,cb5165dd9861ee656c5ca55dcf08359bce61412e156e6bf8639bc6942275e2e4,False,True,train
recovered_archive3/219,recovered_archive3,219,cap_image,recovered_archive3/219/CAPorg8.jpg,CAPorg8.jpg,582563,44d6446f31cafaecffe25258e6eb4052879405b9a55c8b97c2d03cb374a6d75f,1024,768,121.136115,77.981808,False,44d6446f31cafaecffe25258e6eb4052879405b9a55c8b97c2d03cb374a6d75f,False,True,train
recovered_archive3/219,recovered_archive3,219,cap_image,recovered_archive3/219/CAPorg9.jpg,CAPorg9.jpg,600423,daa4cb679f755bdb435e392d200406d0d940d88dedcd289c5a3a3db2ee7e6c0c,1024,768,161.130774,61.416521,False,daa4cb679f755bdb435e392d200406d0d940d88dedcd289c5a3a3db2ee7e6c0c,False,True,train
recovered_archive3/219,recovered_archive3,219,report_image,recovered_archive3/219/rep.jpg.jpg,rep.jpg.jpg,77287,0804ba4c7cd2a3b73c54c86b54aca90e76e8d24231b5c0f0d3a00d16ccb05c17,,,,,False,0804ba4c7cd2a3b73c54c86b54aca90e76e8d24231b5c0f0d3a00d16ccb05c17,False,False,train
recovered_archive3/219,recovered_archive3,219,report_image,recovered_archive3/219/rep_2012290.jpg.jpg,rep_2012290.jpg.jpg,77287,0804ba4c7cd2a3b73c54c86b54aca90e76e8d24231b5c0f0d3a00d16ccb05c17,,,,,False,0804ba4c7cd2a3b73c54c86b54aca90e76e8d24231b5c0f0d3a00d16ccb05c17,False,False,train
recovered_archive3/219,recovered_archive3,219,report_image,recovered_archive3/219/rep_2012291.jpg.jpg,rep_2012291.jpg.jpg,77287,0804ba4c7cd2a3b73c54c86b54aca90e76e8d24231b5c0f0d3a00d16ccb05c17,,,,,False,0804ba4c7cd2a3b73c54c86b54aca90e76e8d24231b5c0f0d3a00d16ccb05c17,False,False,train
recovered_archive3/219,recovered_archive3,219,report_image,recovered_archive3/219/rep_双无名指.jpg.jpg,rep_双无名指.jpg.jpg,77287,0804ba4c7cd2a3b73c54c86b54aca90e76e8d24231b5c0f0d3a00d16ccb05c17,,,,,False,0804ba4c7cd2a3b73c54c86b54aca90e76e8d24231b5c0f0d3a00d16ccb05c17,False,False,train
recovered_archive3/219,recovered_archive3,219,video,recovered_archive3/219/wmv0.avi,wmv0.avi,304354816,,,,,,False,,True,False,train
recovered_archive3/219,recovered_archive3,219,video,recovered_archive3/219/wmv1.avi,wmv1.avi,429398528,,,,,,False,,True,False,train
recovered_archive3/219,recovered_archive3,219,video,recovered_archive3/219/wmv2.avi,wmv2.avi,386930688,,,,,,False,,True,False,train
recovered_archive3/219,recovered_archive3,219,video,recovered_archive3/219/wmv3.avi,wmv3.avi,403446272,,,,,,False,,True,False,train
recovered_archive3/220,recovered_archive3,220,cap_image,recovered_archive3/220/CAPorg1.jpg,CAPorg1.jpg,561984,5a8904a20293ddc062e87e1ed300395683e30c0aae74c1ff9c0ca9738dce8761,1024,768,68.916327,40.35494,False,5a8904a20293ddc062e87e1ed300395683e30c0aae74c1ff9c0ca9738dce8761,False,True,val
recovered_archive3/220,recovered_archive3,220,cap_image,recovered_archive3/220/CAPorg10.jpg,CAPorg10.jpg,571221,967246682cc513f43535f388972511f8a73bb7dd51bc73aa369c8b4de172ca38,1024,768,69.018332,23.047997,False,967246682cc513f43535f388972511f8a73bb7dd51bc73aa369c8b4de172ca38,False,True,val
recovered_archive3/220,recovered_archive3,220,cap_image,recovered_archive3/220/CAPorg11.jpg,CAPorg11.jpg,582952,5a77f6a62624f1b15c4b5c96a36b37ea572181e0912a912700ae69eaeada104d,1024,768,82.195304,27.584733,False,5a77f6a62624f1b15c4b5c96a36b37ea572181e0912a912700ae69eaeada104d,False,True,val
recovered_archive3/220,recovered_archive3,220,cap_image,recovered_archive3/220/CAPorg12.jpg,CAPorg12.jpg,583518,f258ffb241b8badfbfe51c465ee2902cd0a2c015c92ef2c90bb9940c60e81b35,1024,768,88.349004,31.519624,False,f258ffb241b8badfbfe51c465ee2902cd0a2c015c92ef2c90bb9940c60e81b35,False,True,val
recovered_archive3/220,recovered_archive3,220,cap_image,recovered_archive3/220/CAPorg2.jpg,CAPorg2.jpg,558173,ca1266683023ea143c08506de70149fafe546992b9dcb7c2a46087e9102f224a,1024,768,61.016261,39.802413,False,ca1266683023ea143c08506de70149fafe546992b9dcb7c2a46087e9102f224a,False,True,val
recovered_archive3/220,recovered_archive3,220,cap_image,recovered_archive3/220/CAPorg3.jpg,CAPorg3.jpg,436373,55053996d8e1ef98d64b6ef33b71a872f757233788be5edea0d9f59fda957894,1024,768,28.522311,26.761424,False,55053996d8e1ef98d64b6ef33b71a872f757233788be5edea0d9f59fda957894,False,True,val
recovered_archive3/220,recovered_archive3,220,cap_image,recovered_archive3/220/CAPorg4.jpg,CAPorg4.jpg,456494,b749a63a3ee357c730195602d4b1ca9db1c746521e6f0a0bf940682448c7278a,1024,768,130.915952,83.929306,False,b749a63a3ee357c730195602d4b1ca9db1c746521e6f0a0bf940682448c7278a,False,True,val
recovered_archive3/220,recovered_archive3,220,cap_image,recovered_archive3/220/CAPorg5.jpg,CAPorg5.jpg,593239,cb69eac85ba3b9f1756f5309d00182dd112d8506a4730a6f06adccae53d8ad83,1024,768,97.947308,39.383766,False,cb69eac85ba3b9f1756f5309d00182dd112d8506a4730a6f06adccae53d8ad83,False,True,val
recovered_archive3/220,recovered_archive3,220,cap_image,recovered_archive3/220/CAPorg6.jpg,CAPorg6.jpg,588423,8dbbb09fd25bcd65dbeea2123061ca72ca95c29d253ff2be8af39859d63f371d,1024,768,91.570942,26.487053,False,8dbbb09fd25bcd65dbeea2123061ca72ca95c29d253ff2be8af39859d63f371d,False,True,val
recovered_archive3/220,recovered_archive3,220,cap_image,recovered_archive3/220/CAPorg7.jpg,CAPorg7.jpg,592986,79a8da2aa93403417af30c9d3782aec8194a670e7464320f0053532ae3f88df7,1024,768,104.957948,30.877042,False,79a8da2aa93403417af30c9d3782aec8194a670e7464320f0053532ae3f88df7,False,True,val
recovered_archive3/220,recovered_archive3,220,cap_image,recovered_archive3/220/CAPorg8.jpg,CAPorg8.jpg,580103,0acba73e0dea0c75b825e6564b0d29ec98e563956a85ee764c69c01ab3693175,1024,768,112.539176,39.768605,False,0acba73e0dea0c75b825e6564b0d29ec98e563956a85ee764c69c01ab3693175,False,True,val
recovered_archive3/220,recovered_archive3,220,cap_image,recovered_archive3/220/CAPorg9.jpg,CAPorg9.jpg,567582,b2c05f2248ca8582b6d173426a7246d7834f2a4f02bea06e9b42de10d422f2f7,1024,768,121.776344,45.682079,False,b2c05f2248ca8582b6d173426a7246d7834f2a4f02bea06e9b42de10d422f2f7,False,True,val
recovered_archive3/220,recovered_archive3,220,report_image,recovered_archive3/220/rep.jpg.jpg,rep.jpg.jpg,84573,29eec49495af8ef337640a35941fcc916977c75294a28e12bd5dd163e579e4b6,,,,,False,29eec49495af8ef337640a35941fcc916977c75294a28e12bd5dd163e579e4b6,False,False,val
recovered_archive3/220,recovered_archive3,220,report_image,recovered_archive3/220/rep_1912100.jpg.jpg,rep_1912100.jpg.jpg,84585,c02f8a0dd37c4a7526a257b84a454394442f193d376277acbe4ea8a3779e316c,,,,,False,c02f8a0dd37c4a7526a257b84a454394442f193d376277acbe4ea8a3779e316c,False,False,val
recovered_archive3/220,recovered_archive3,220,report_image,recovered_archive3/220/rep_1912101.jpg.jpg,rep_1912101.jpg.jpg,84585,c02f8a0dd37c4a7526a257b84a454394442f193d376277acbe4ea8a3779e316c,,,,,False,c02f8a0dd37c4a7526a257b84a454394442f193d376277acbe4ea8a3779e316c,False,False,val
recovered_archive3/220,recovered_archive3,220,report_image,recovered_archive3/220/rep_1912120.jpg.jpg,rep_1912120.jpg.jpg,84573,29eec49495af8ef337640a35941fcc916977c75294a28e12bd5dd163e579e4b6,,,,,False,29eec49495af8ef337640a35941fcc916977c75294a28e12bd5dd163e579e4b6,False,False,val
recovered_archive3/220,recovered_archive3,220,report_image,recovered_archive3/220/rep_左手.jpg.jpg,rep_左手.jpg.jpg,84573,29eec49495af8ef337640a35941fcc916977c75294a28e12bd5dd163e579e4b6,,,,,False,29eec49495af8ef337640a35941fcc916977c75294a28e12bd5dd163e579e4b6,False,False,val
recovered_archive3/220,recovered_archive3,220,video,recovered_archive3/220/wmv0.avi,wmv0.avi,332666368,,,,,,False,,True,False,val
recovered_archive3/221,recovered_archive3,221,cap_image,recovered_archive3/221/CAPorg1.jpg,CAPorg1.jpg,12917,749a8efc155a7020938f4cce12a79e06e26c0435082b998dd21c0492d02f11a1,1024,768,0.0,0.0,True,749a8efc155a7020938f4cce12a79e06e26c0435082b998dd21c0492d02f11a1,False,True,test
recovered_archive3/221,recovered_archive3,221,cap_image,recovered_archive3/221/CAPorg2.jpg,CAPorg2.jpg,571462,7f480f06f66809e63878b4629347f6f2f4b3805da189d7914045a369bdffced6,1024,768,31.799616,31.227506,False,7f480f06f66809e63878b4629347f6f2f4b3805da189d7914045a369bdffced6,False,True,test
recovered_archive3/221,recovered_archive3,221,cap_image,recovered_archive3/221/CAPorg3.jpg,CAPorg3.jpg,569580,42106469aed0c246362e812e58cf24e84d9703846b667830ba13f6edd4b0b6b8,1024,768,42.039473,45.684442,False,42106469aed0c246362e812e58cf24e84d9703846b667830ba13f6edd4b0b6b8,False,True,test
recovered_archive3/221,recovered_archive3,221,cap_image,recovered_archive3/221/CAPorg4.jpg,CAPorg4.jpg,556804,27bc6da163d36d840243ce38476775e69da2ef36b4fa1b885497bd5920f2f696,1024,768,28.757309,28.63654,False,27bc6da163d36d840243ce38476775e69da2ef36b4fa1b885497bd5920f2f696,False,True,test
recovered_archive3/221,recovered_archive3,221,cap_image,recovered_archive3/221/CAPorg5.jpg,CAPorg5.jpg,555863,373a76d2bac633ac3e3989d8ed88db141c1b5f8137ef590cb57253c8cbf217f0,1024,768,25.720599,18.897495,False,373a76d2bac633ac3e3989d8ed88db141c1b5f8137ef590cb57253c8cbf217f0,False,True,test
recovered_archive3/221,recovered_archive3,221,report_image,recovered_archive3/221/rep.jpg.jpg,rep.jpg.jpg,78553,33cc01b18d7736b5a2fe9e695db2af0277b040df9d3d2f1d4d60a7cfe734fcbd,,,,,False,33cc01b18d7736b5a2fe9e695db2af0277b040df9d3d2f1d4d60a7cfe734fcbd,False,False,test
recovered_archive3/221,recovered_archive3,221,report_image,recovered_archive3/221/rep_1903120.jpg.jpg,rep_1903120.jpg.jpg,76514,743cf8764f0712c9777b4c0816dec3a078e883648940d4c1e04089c9ed764743,,,,,False,743cf8764f0712c9777b4c0816dec3a078e883648940d4c1e04089c9ed764743,False,False,test
recovered_archive3/221,recovered_archive3,221,report_image,recovered_archive3/221/rep_1903121.jpg.jpg,rep_1903121.jpg.jpg,76514,743cf8764f0712c9777b4c0816dec3a078e883648940d4c1e04089c9ed764743,,,,,False,743cf8764f0712c9777b4c0816dec3a078e883648940d4c1e04089c9ed764743,False,False,test
recovered_archive3/221,recovered_archive3,221,report_image,recovered_archive3/221/rep_1903122.jpg.jpg,rep_1903122.jpg.jpg,78553,33cc01b18d7736b5a2fe9e695db2af0277b040df9d3d2f1d4d60a7cfe734fcbd,,,,,False,33cc01b18d7736b5a2fe9e695db2af0277b040df9d3d2f1d4d60a7cfe734fcbd,False,False,test
recovered_archive3/221,recovered_archive3,221,report_image,recovered_archive3/221/rep_左手.jpg.jpg,rep_左手.jpg.jpg,78553,33cc01b18d7736b5a2fe9e695db2af0277b040df9d3d2f1d4d60a7cfe734fcbd,,,,,False,33cc01b18d7736b5a2fe9e695db2af0277b040df9d3d2f1d4d60a7cfe734fcbd,False,False,test
recovered_archive3/222,recovered_archive3,222,cap_image,recovered_archive3/222/CAPorg1.jpg,CAPorg1.jpg,483779,5e46de28703dfab2333cd03244933610092a717b0496ac413919475d485b01de,1024,768,185.200336,64.216079,False,5e46de28703dfab2333cd03244933610092a717b0496ac413919475d485b01de,False,True,train
recovered_archive3/222,recovered_archive3,222,cap_image,recovered_archive3/222/CAPorg2.jpg,CAPorg2.jpg,495903,1632729717f72e40604e3c421a574ce28b32d01692e169c118601366cb05c879,1024,768,204.543612,68.469184,False,1632729717f72e40604e3c421a574ce28b32d01692e169c118601366cb05c879,False,True,train
recovered_archive3/222,recovered_archive3,222,cap_image,recovered_archive3/222/CAPorg3.jpg,CAPorg3.jpg,595663,aa126bd098bb49f926e9c13124308ebc0714f082a3f6a05a14d9f18336f051dd,1024,768,84.81884,52.908198,False,aa126bd098bb49f926e9c13124308ebc0714f082a3f6a05a14d9f18336f051dd,False,True,train
recovered_archive3/222,recovered_archive3,222,cap_image,recovered_archive3/222/CAPorg4.jpg,CAPorg4.jpg,610130,8275924c038d7842b7704e68f8e89cc8d8b58156fb72eb07891623400ddee794,1024,768,82.180335,44.978898,False,8275924c038d7842b7704e68f8e89cc8d8b58156fb72eb07891623400ddee794,False,True,train
recovered_archive3/222,recovered_archive3,222,cap_image,recovered_archive3/222/CAPorg5.jpg,CAPorg5.jpg,628864,2bfc1d5cf5b2a5f8427c88296f5aff8f788f1c3fe6e523d41846f89ea47a53f5,1024,768,101.552466,51.350701,False,2bfc1d5cf5b2a5f8427c88296f5aff8f788f1c3fe6e523d41846f89ea47a53f5,False,True,train
recovered_archive3/222,recovered_archive3,222,cap_image,recovered_archive3/222/CAPorg6.jpg,CAPorg6.jpg,610815,d7f21407b9c7f83a446adeb1ad617fc12cbf4bb05d4ffef1ee96296eb268004a,1024,768,72.273612,40.658363,False,d7f21407b9c7f83a446adeb1ad617fc12cbf4bb05d4ffef1ee96296eb268004a,False,True,train
recovered_archive3/222,recovered_archive3,222,cap_image,recovered_archive3/222/CAPorg7.jpg,CAPorg7.jpg,594938,a3a0cf9ebbcb3206ab6241fc22025fac8a53ea4dba4f5c5508af93812531ef18,1024,768,63.327089,41.128291,False,a3a0cf9ebbcb3206ab6241fc22025fac8a53ea4dba4f5c5508af93812531ef18,False,True,train
recovered_archive3/222,recovered_archive3,222,cap_image,recovered_archive3/222/CAPorg8.jpg,CAPorg8.jpg,519748,772c50bd6fa2b31fbfb2623bb9bed53ae9d2d5a3bd1b20589fcf03f9522778b2,1024,768,45.804863,44.01731,False,772c50bd6fa2b31fbfb2623bb9bed53ae9d2d5a3bd1b20589fcf03f9522778b2,False,True,train
recovered_archive3/222,recovered_archive3,222,cap_image,recovered_archive3/222/CAPorg9.jpg,CAPorg9.jpg,506962,ee1eb659caeb400a10010a07043df5a04c12cd5c52b561deb5cb0f8397bb3475,1024,768,44.352839,44.107311,False,ee1eb659caeb400a10010a07043df5a04c12cd5c52b561deb5cb0f8397bb3475,False,True,train
recovered_archive3/222,recovered_archive3,222,report_image,recovered_archive3/222/rep.jpg.jpg,rep.jpg.jpg,74218,d82a40f2c9e9f33e1682c9f15fe0d1282986d7072c41f25c56a89d8d7e4d9139,,,,,False,d82a40f2c9e9f33e1682c9f15fe0d1282986d7072c41f25c56a89d8d7e4d9139,False,False,train
recovered_archive3/222,recovered_archive3,222,report_image,recovered_archive3/222/rep_1910290.jpg.jpg,rep_1910290.jpg.jpg,74218,d82a40f2c9e9f33e1682c9f15fe0d1282986d7072c41f25c56a89d8d7e4d9139,,,,,False,d82a40f2c9e9f33e1682c9f15fe0d1282986d7072c41f25c56a89d8d7e4d9139,False,False,train
recovered_archive3/222,recovered_archive3,222,report_image,recovered_archive3/222/rep_1910291.jpg.jpg,rep_1910291.jpg.jpg,74218,d82a40f2c9e9f33e1682c9f15fe0d1282986d7072c41f25c56a89d8d7e4d9139,,,,,False,d82a40f2c9e9f33e1682c9f15fe0d1282986d7072c41f25c56a89d8d7e4d9139,False,False,train
recovered_archive3/222,recovered_archive3,222,report_image,recovered_archive3/222/rep_左手.jpg.jpg,rep_左手.jpg.jpg,74218,d82a40f2c9e9f33e1682c9f15fe0d1282986d7072c41f25c56a89d8d7e4d9139,,,,,False,d82a40f2c9e9f33e1682c9f15fe0d1282986d7072c41f25c56a89d8d7e4d9139,False,False,train
recovered_archive3/222,recovered_archive3,222,video,recovered_archive3/222/wmv0.avi,wmv0.avi,566239232,,,,,,False,,True,False,train
recovered_archive3/222,recovered_archive3,222,video,recovered_archive3/222/wmv1.avi,wmv1.avi,401086464,,,,,,False,,True,False,train
recovered_archive3/223,recovered_archive3,223,cap_image,recovered_archive3/223/CAPorg1.jpg,CAPorg1.jpg,519038,9f09651a9f376da14b9be810b4aa8621df54758d37960fd8e7ba58b7244b933c,1024,768,214.419741,45.306689,False,9f09651a9f376da14b9be810b4aa8621df54758d37960fd8e7ba58b7244b933c,False,True,test
recovered_archive3/223,recovered_archive3,223,cap_image,recovered_archive3/223/CAPorg10.jpg,CAPorg10.jpg,12917,749a8efc155a7020938f4cce12a79e06e26c0435082b998dd21c0492d02f11a1,1024,768,0.0,0.0,True,749a8efc155a7020938f4cce12a79e06e26c0435082b998dd21c0492d02f11a1,False,True,test
recovered_archive3/223,recovered_archive3,223,cap_image,recovered_archive3/223/CAPorg2.jpg,CAPorg2.jpg,487472,a8eaca771ed33300283d834f3c312d18c74ced950e30c2e4ea4f71ca8b123540,1024,768,211.807994,53.339987,False,a8eaca771ed33300283d834f3c312d18c74ced950e30c2e4ea4f71ca8b123540,False,True,test
recovered_archive3/223,recovered_archive3,223,cap_image,recovered_archive3/223/CAPorg3.jpg,CAPorg3.jpg,498392,541112f981ea2acc48124e75cd228963d0ca3a886dc91c836e46dd5654fb1b59,1024,768,197.968849,60.700291,False,541112f981ea2acc48124e75cd228963d0ca3a886dc91c836e46dd5654fb1b59,False,True,test
recovered_archive3/223,recovered_archive3,223,cap_image,recovered_archive3/223/CAPorg4.jpg,CAPorg4.jpg,514416,30c3dc2a45ddb07b58f1e7b5be18edc8c282f815a12406a5828bd809d39a68e1,1024,768,173.97506,71.729744,False,30c3dc2a45ddb07b58f1e7b5be18edc8c282f815a12406a5828bd809d39a68e1,False,True,test
recovered_archive3/223,recovered_archive3,223,cap_image,recovered_archive3/223/CAPorg5.jpg,CAPorg5.jpg,519889,ec221ab8a8e771368e9eaddd4bb7805659c3b20eeafcce5849c0f52cb5405b7f,1024,768,165.20804,77.490398,False,ec221ab8a8e771368e9eaddd4bb7805659c3b20eeafcce5849c0f52cb5405b7f,False,True,test
recovered_archive3/223,recovered_archive3,223,cap_image,recovered_archive3/223/CAPorg6.jpg,CAPorg6.jpg,644218,77e83f490f5290003bfed3167b3c8868fbf65c7335718e69d82c4eb8934e6d30,1024,768,123.372172,50.660841,False,77e83f490f5290003bfed3167b3c8868fbf65c7335718e69d82c4eb8934e6d30,False,True,test
recovered_archive3/223,recovered_archive3,223,cap_image,recovered_archive3/223/CAPorg7.jpg,CAPorg7.jpg,642009,006f817fcdcefb51272d2945b1d8073b7a43e58b6cde65952d64f6ff816a6e60,1024,768,128.716009,54.065658,False,006f817fcdcefb51272d2945b1d8073b7a43e58b6cde65952d64f6ff816a6e60,False,True,test
recovered_archive3/223,recovered_archive3,223,cap_image,recovered_archive3/223/CAPorg8.jpg,CAPorg8.jpg,634363,5db517a68e43f0a0bb7af40d2f07310043e33e43040ef97e1f51014bfda97b63,1024,768,106.753611,51.738869,False,5db517a68e43f0a0bb7af40d2f07310043e33e43040ef97e1f51014bfda97b63,False,True,test
recovered_archive3/223,recovered_archive3,223,cap_image,recovered_archive3/223/CAPorg9.jpg,CAPorg9.jpg,638229,89a84a32360cc5eac3b00b31ea16811d225497d859522bfda73c5be5cec3f70b,1024,768,93.101925,36.02806,False,89a84a32360cc5eac3b00b31ea16811d225497d859522bfda73c5be5cec3f70b,False,True,test
recovered_archive3/223,recovered_archive3,223,report_image,recovered_archive3/223/rep.jpg.jpg,rep.jpg.jpg,83346,a83ba6512102f376b30b4658e55823077e776fa95ee824cf78ba514c0fd971e9,,,,,False,a83ba6512102f376b30b4658e55823077e776fa95ee824cf78ba514c0fd971e9,False,False,test
recovered_archive3/223,recovered_archive3,223,report_image,recovered_archive3/223/rep_2001070.jpg.jpg,rep_2001070.jpg.jpg,83346,a83ba6512102f376b30b4658e55823077e776fa95ee824cf78ba514c0fd971e9,,,,,False,a83ba6512102f376b30b4658e55823077e776fa95ee824cf78ba514c0fd971e9,False,False,test
recovered_archive3/223,recovered_archive3,223,report_image,recovered_archive3/223/rep_2001071.jpg.jpg,rep_2001071.jpg.jpg,83346,a83ba6512102f376b30b4658e55823077e776fa95ee824cf78ba514c0fd971e9,,,,,False,a83ba6512102f376b30b4658e55823077e776fa95ee824cf78ba514c0fd971e9,False,False,test
recovered_archive3/223,recovered_archive3,223,report_image,recovered_archive3/223/rep_左手.jpg.jpg,rep_左手.jpg.jpg,83346,a83ba6512102f376b30b4658e55823077e776fa95ee824cf78ba514c0fd971e9,,,,,False,a83ba6512102f376b30b4658e55823077e776fa95ee824cf78ba514c0fd971e9,False,False,test
recovered_archive3/223,recovered_archive3,223,video,recovered_archive3/223/wmv0.avi,wmv0.avi,502537216,,,,,,False,,True,False,test
recovered_archive3/223,recovered_archive3,223,video,recovered_archive3/223/wmv1.avi,wmv1.avi,382212096,,,,,,False,,True,False,test
recovered_archive3/224,recovered_archive3,224,cap_image,recovered_archive3/224/CAPorg1.jpg,CAPorg1.jpg,335810,e6ce87def0e04e574fc37e526d1cd5cab361e6c344f64fbcc4e1a85b60b9a634,1024,768,225.613004,44.741439,False,e6ce87def0e04e574fc37e526d1cd5cab361e6c344f64fbcc4e1a85b60b9a634,False,True,train
recovered_archive3/224,recovered_archive3,224,cap_image,recovered_archive3/224/CAPorg10.jpg,CAPorg10.jpg,617765,21c3f2dcc855750974d2700c73db62a003276a44fd919e651e5fb1a15eb19ffa,1024,768,84.216016,49.976174,False,21c3f2dcc855750974d2700c73db62a003276a44fd919e651e5fb1a15eb19ffa,False,True,train
recovered_archive3/224,recovered_archive3,224,cap_image,recovered_archive3/224/CAPorg11.jpg,CAPorg11.jpg,510766,3e7752b467ad2481194d2ecc642965aa220f241fb1e97235da213a515f1eeb59,1024,768,163.963702,80.214288,False,3e7752b467ad2481194d2ecc642965aa220f241fb1e97235da213a515f1eeb59,False,True,train
recovered_archive3/224,recovered_archive3,224,cap_image,recovered_archive3/224/CAPorg12.jpg,CAPorg12.jpg,556776,d6dff4baddacd34fa7d8ed32fab8cd37cbeb81e9b10fd2bdab35970c164f59fa,1024,768,143.925584,75.197636,False,d6dff4baddacd34fa7d8ed32fab8cd37cbeb81e9b10fd2bdab35970c164f59fa,False,True,train
recovered_archive3/224,recovered_archive3,224,cap_image,recovered_archive3/224/CAPorg13.jpg,CAPorg13.jpg,555560,c3b301e473b611a1930f80db6d0771781bf6c8946c30377e4baa108926ecb408,1024,768,170.003916,70.353909,False,c3b301e473b611a1930f80db6d0771781bf6c8946c30377e4baa108926ecb408,False,True,train
recovered_archive3/224,recovered_archive3,224,cap_image,recovered_archive3/224/CAPorg2.jpg,CAPorg2.jpg,415815,c7169744eb0005deb4a47d18c8dc318be16bf4de0dd53960b888012a7df0e48b,1024,768,201.640547,61.702813,False,c7169744eb0005deb4a47d18c8dc318be16bf4de0dd53960b888012a7df0e48b,False,True,train
recovered_archive3/224,recovered_archive3,224,cap_image,recovered_archive3/224/CAPorg3.jpg,CAPorg3.jpg,457339,fbd59dc92b8f5909c5c856992d446a65f14354d738226eefd4d8ffb9a73065f8,1024,768,194.805745,62.48909,False,fbd59dc92b8f5909c5c856992d446a65f14354d738226eefd4d8ffb9a73065f8,False,True,train
recovered_archive3/224,recovered_archive3,224,cap_image,recovered_archive3/224/CAPorg4.jpg,CAPorg4.jpg,472006,b25fa76818631cb26dac212f551b2b6c5d46cbe9eb8df8a12aebbd3335229f3b,1024,768,170.101032,82.147292,False,b25fa76818631cb26dac212f551b2b6c5d46cbe9eb8df8a12aebbd3335229f3b,False,True,train
recovered_archive3/224,recovered_archive3,224,cap_image,recovered_archive3/224/CAPorg5.jpg,CAPorg5.jpg,462380,6c42b6450cdb73538202cd0a8c99566dc3d82869c7cc4ee5b3789935ddb9fb7f,1024,768,185.781821,67.964157,False,6c42b6450cdb73538202cd0a8c99566dc3d82869c7cc4ee5b3789935ddb9fb7f,False,True,train
recovered_archive3/224,recovered_archive3,224,cap_image,recovered_archive3/224/CAPorg6.jpg,CAPorg6.jpg,431904,aeb5ec049bd844f36f20dfc1a61592600d9b7698f81458ec654bf58ec538a778,1024,768,207.719218,54.069143,False,aeb5ec049bd844f36f20dfc1a61592600d9b7698f81458ec654bf58ec538a778,False,True,train
recovered_archive3/224,recovered_archive3,224,cap_image,recovered_archive3/224/CAPorg7.jpg,CAPorg7.jpg,604355,47210bb40e89d02ee70cab599780d51e366f5735f1885c5a2fc675b4f87ace80,1024,768,98.329906,65.53213,False,47210bb40e89d02ee70cab599780d51e366f5735f1885c5a2fc675b4f87ace80,False,True,train
recovered_archive3/224,recovered_archive3,224,cap_image,recovered_archive3/224/CAPorg8.jpg,CAPorg8.jpg,631615,bed61e832ea2ee12ac66247ef0c6e0d55bc76a36d1567b1a1a9a7f39251c4562,1024,768,125.126227,62.27019,False,bed61e832ea2ee12ac66247ef0c6e0d55bc76a36d1567b1a1a9a7f39251c4562,False,True,train
recovered_archive3/224,recovered_archive3,224,cap_image,recovered_archive3/224/CAPorg9.jpg,CAPorg9.jpg,607097,7ff5ff5f528403125710b6269ac097c42920e14bbfe7f6e3252e26565eee2dd6,1024,768,65.971986,38.570967,False,7ff5ff5f528403125710b6269ac097c42920e14bbfe7f6e3252e26565eee2dd6,False,True,train
recovered_archive3/224,recovered_archive3,224,report_image,recovered_archive3/224/rep.jpg.jpg,rep.jpg.jpg,82080,151ccec4c7b919ddb837314a3a4323572876265b16c76f9b970bcf72e2ea5682,,,,,False,151ccec4c7b919ddb837314a3a4323572876265b16c76f9b970bcf72e2ea5682,False,False,train
recovered_archive3/224,recovered_archive3,224,report_image,recovered_archive3/224/rep_1906040.jpg.jpg,rep_1906040.jpg.jpg,81924,db6f515256a0780edd9d6a51c4d6ac517592587220fbcd6da264e998f4a076c8,,,,,False,db6f515256a0780edd9d6a51c4d6ac517592587220fbcd6da264e998f4a076c8,False,False,train
recovered_archive3/224,recovered_archive3,224,report_image,recovered_archive3/224/rep_1906041.jpg.jpg,rep_1906041.jpg.jpg,82080,151ccec4c7b919ddb837314a3a4323572876265b16c76f9b970bcf72e2ea5682,,,,,False,151ccec4c7b919ddb837314a3a4323572876265b16c76f9b970bcf72e2ea5682,False,False,train
recovered_archive3/224,recovered_archive3,224,report_image,recovered_archive3/224/rep_右手.jpg.jpg,rep_右手.jpg.jpg,82080,151ccec4c7b919ddb837314a3a4323572876265b16c76f9b970bcf72e2ea5682,,,,,False,151ccec4c7b919ddb837314a3a4323572876265b16c76f9b970bcf72e2ea5682,False,False,train
recovered_archive3/224,recovered_archive3,224,video,recovered_archive3/224/wmv0.avi,wmv0.avi,394008576,,,,,,False,,True,False,train
recovered_archive3/225,recovered_archive3,225,cap_image,recovered_archive3/225/CAPorg1.jpg,CAPorg1.jpg,644627,7e802b070eb30fe32c9acb80a634b5813c032bd35238f13bc7260120d3665540,1024,768,93.587042,27.377959,False,7e802b070eb30fe32c9acb80a634b5813c032bd35238f13bc7260120d3665540,False,True,val
recovered_archive3/225,recovered_archive3,225,cap_image,recovered_archive3/225/CAPorg2.jpg,CAPorg2.jpg,642995,7789fc3f3b87b9c5aa80c1559c305316165e2e2da5ad0a9e1f877c2185050e04,1024,768,84.230942,24.588109,False,7789fc3f3b87b9c5aa80c1559c305316165e2e2da5ad0a9e1f877c2185050e04,False,True,val
recovered_archive3/225,recovered_archive3,225,cap_image,recovered_archive3/225/CAPorg3.jpg,CAPorg3.jpg,642205,ea1f50c1218e8196cd89e78098de75405626277293c57e0cf51321f1aa42825c,1024,768,90.118463,31.558914,False,ea1f50c1218e8196cd89e78098de75405626277293c57e0cf51321f1aa42825c,False,True,val
recovered_archive3/225,recovered_archive3,225,cap_image,recovered_archive3/225/CAPorg4.jpg,CAPorg4.jpg,648728,a8db65c5a41d36a051094b096a88635a5b99a2d1ff69437bd5caef648993bab8,1024,768,100.292144,43.041701,False,a8db65c5a41d36a051094b096a88635a5b99a2d1ff69437bd5caef648993bab8,False,True,val
recovered_archive3/225,recovered_archive3,225,cap_image,recovered_archive3/225/CAPorg5.jpg,CAPorg5.jpg,560461,25f0afc09e441f1462c8fd214677ba83df301ddf041450f15b26822c0bc2dfd5,1024,768,36.133965,28.184981,False,25f0afc09e441f1462c8fd214677ba83df301ddf041450f15b26822c0bc2dfd5,False,True,val
recovered_archive3/225,recovered_archive3,225,cap_image,recovered_archive3/225/CAPorg6.jpg,CAPorg6.jpg,557191,ff59dd4d9ff8abe02e1279067c9ed8ef2d3862b244375090e926ac6563fa4e2a,1024,768,28.986163,23.075871,False,ff59dd4d9ff8abe02e1279067c9ed8ef2d3862b244375090e926ac6563fa4e2a,False,True,val
recovered_archive3/225,recovered_archive3,225,cap_image,recovered_archive3/225/CAPorg7.jpg,CAPorg7.jpg,565258,0f04fedfa15eb17ad99a16a5265368bda96e5e0e2de9257658e25295e0cb3128,1024,768,31.624668,23.209119,False,0f04fedfa15eb17ad99a16a5265368bda96e5e0e2de9257658e25295e0cb3128,False,True,val
recovered_archive3/225,recovered_archive3,225,cap_image,recovered_archive3/225/CAPorg8.jpg,CAPorg8.jpg,510160,4d53b5354ff3c2d35ac07e7d2133db0f7b4cc73cd2e44b6adf5904a666d8b64d,1024,768,25.778992,21.796429,False,4d53b5354ff3c2d35ac07e7d2133db0f7b4cc73cd2e44b6adf5904a666d8b64d,False,True,val
recovered_archive3/225,recovered_archive3,225,report_image,recovered_archive3/225/rep.jpg.jpg,rep.jpg.jpg,79012,f32faf36018a779579f23b749d88b6f61931502dfff50ab1d22b717b78bea0f4,,,,,False,f32faf36018a779579f23b749d88b6f61931502dfff50ab1d22b717b78bea0f4,False,False,val
recovered_archive3/225,recovered_archive3,225,report_image,recovered_archive3/225/rep_2006230.jpg.jpg,rep_2006230.jpg.jpg,79012,f32faf36018a779579f23b749d88b6f61931502dfff50ab1d22b717b78bea0f4,,,,,False,f32faf36018a779579f23b749d88b6f61931502dfff50ab1d22b717b78bea0f4,False,False,val
recovered_archive3/225,recovered_archive3,225,report_image,recovered_archive3/225/rep_2006231.jpg.jpg,rep_2006231.jpg.jpg,79012,f32faf36018a779579f23b749d88b6f61931502dfff50ab1d22b717b78bea0f4,,,,,False,f32faf36018a779579f23b749d88b6f61931502dfff50ab1d22b717b78bea0f4,False,False,val
recovered_archive3/225,recovered_archive3,225,report_image,recovered_archive3/225/rep_左手.jpg.jpg,rep_左手.jpg.jpg,79012,f32faf36018a779579f23b749d88b6f61931502dfff50ab1d22b717b78bea0f4,,,,,False,f32faf36018a779579f23b749d88b6f61931502dfff50ab1d22b717b78bea0f4,False,False,val
recovered_archive3/225,recovered_archive3,225,video,recovered_archive3/225/wmv0.avi,wmv0.avi,379852800,,,,,,False,,True,False,val
recovered_archive3/226,recovered_archive3,226,cap_image,recovered_archive3/226/CAPorg1.jpg,CAPorg1.jpg,558718,751951e149a9930d23c05198f013aae185d5a3264a5eded55b2f8a8ce28a96d7,1024,768,106.957781,74.252188,False,751951e149a9930d23c05198f013aae185d5a3264a5eded55b2f8a8ce28a96d7,False,True,val
recovered_archive3/226,recovered_archive3,226,cap_image,recovered_archive3/226/CAPorg2.jpg,CAPorg2.jpg,567245,cd5df0fa4063c6f1ffc2c89b638249229e588646ed9c1da5d22546b4347a71b5,1024,768,90.289655,71.188763,False,cd5df0fa4063c6f1ffc2c89b638249229e588646ed9c1da5d22546b4347a71b5,False,True,val
recovered_archive3/226,recovered_archive3,226,cap_image,recovered_archive3/226/CAPorg3.jpg,CAPorg3.jpg,595328,0b4cc2d6dfb1bdfb98e403b5d872c6cf6b7d6708af1b0479579bc813201f23eb,1024,768,81.683164,49.442485,False,0b4cc2d6dfb1bdfb98e403b5d872c6cf6b7d6708af1b0479579bc813201f23eb,False,True,val
recovered_archive3/226,recovered_archive3,226,cap_image,recovered_archive3/226/CAPorg4.jpg,CAPorg4.jpg,600916,b6c493e0c6f823e74955a07da0f03c328d4229a82081627bf63a3bee7ddee551,1024,768,66.43239,35.159263,False,b6c493e0c6f823e74955a07da0f03c328d4229a82081627bf63a3bee7ddee551,False,True,val
recovered_archive3/226,recovered_archive3,226,cap_image,recovered_archive3/226/CAPorg5.jpg,CAPorg5.jpg,574284,4610a41faeee1cb5f763201a187c8088d844ef59aea0eecd1a477ccceee3e094,1024,768,38.228355,24.515814,False,4610a41faeee1cb5f763201a187c8088d844ef59aea0eecd1a477ccceee3e094,False,True,val
recovered_archive3/226,recovered_archive3,226,cap_image,recovered_archive3/226/CAPorg6.jpg,CAPorg6.jpg,550645,24929e301fec9f707a5ca1b3fc01e5ad78f1cbd4a6f8e8802cb7f41b462bd606,1024,768,29.732817,25.558365,False,24929e301fec9f707a5ca1b3fc01e5ad78f1cbd4a6f8e8802cb7f41b462bd606,False,True,val
recovered_archive3/226,recovered_archive3,226,cap_image,recovered_archive3/226/CAPorg7.jpg,CAPorg7.jpg,581254,3bd0863e363d1e2d02a2688c7e676a5dfcf832c6f09c17f310e6de3f17ab69d4,1024,768,47.407859,33.602358,False,3bd0863e363d1e2d02a2688c7e676a5dfcf832c6f09c17f310e6de3f17ab69d4,False,True,val
recovered_archive3/226,recovered_archive3,226,report_image,recovered_archive3/226/rep.jpg.jpg,rep.jpg.jpg,85428,a186260ff19d5b9ec620033d96420b866af85b80bfbb36c362c84107ae81d4fd,,,,,False,a186260ff19d5b9ec620033d96420b866af85b80bfbb36c362c84107ae81d4fd,False,False,val
recovered_archive3/226,recovered_archive3,226,report_image,recovered_archive3/226/rep_2103020.jpg.jpg,rep_2103020.jpg.jpg,85428,a186260ff19d5b9ec620033d96420b866af85b80bfbb36c362c84107ae81d4fd,,,,,False,a186260ff19d5b9ec620033d96420b866af85b80bfbb36c362c84107ae81d4fd,False,False,val
recovered_archive3/226,recovered_archive3,226,report_image,recovered_archive3/226/rep_2103021.jpg.jpg,rep_2103021.jpg.jpg,85428,a186260ff19d5b9ec620033d96420b866af85b80bfbb36c362c84107ae81d4fd,,,,,False,a186260ff19d5b9ec620033d96420b866af85b80bfbb36c362c84107ae81d4fd,False,False,val
recovered_archive3/226,recovered_archive3,226,report_image,recovered_archive3/226/rep_双无名指.jpg.jpg,rep_双无名指.jpg.jpg,85428,a186260ff19d5b9ec620033d96420b866af85b80bfbb36c362c84107ae81d4fd,,,,,False,a186260ff19d5b9ec620033d96420b866af85b80bfbb36c362c84107ae81d4fd,False,False,val
recovered_archive3/226,recovered_archive3,226,video,recovered_archive3/226/wmv0.avi,wmv0.avi,471866368,,,,,,False,,True,False,val
recovered_archive3/226,recovered_archive3,226,video,recovered_archive3/226/wmv1.avi,wmv1.avi,448272896,,,,,,False,,True,False,val
recovered_archive3/226,recovered_archive3,226,video,recovered_archive3/226/wmv2.avi,wmv2.avi,424679936,,,,,,False,,True,False,val
recovered_archive3/226,recovered_archive3,226,video,recovered_archive3/226/wmv3.avi,wmv3.avi,391649280,,,,,,False,,True,False,val
recovered_archive3/226,recovered_archive3,226,video,recovered_archive3/226/wmv4.avi,wmv4.avi,559161344,,,,,,False,,True,False,val
recovered_archive3/226,recovered_archive3,226,video,recovered_archive3/226/wmv5.avi,wmv5.avi,585113600,,,,,,False,,True,False,val
recovered_archive3/226,recovered_archive3,226,video,recovered_archive3/226/wmv6.avi,wmv6.avi,412883456,,,,,,False,,True,False,val
recovered_archive3/226,recovered_archive3,226,video,recovered_archive3/226/wmv7.avi,wmv7.avi,474225664,,,,,,False,,True,False,val
recovered_archive3/226,recovered_archive3,226,video,recovered_archive3/226/wmv8.avi,wmv8.avi,556802048,,,,,,False,,True,False,val
recovered_archive3/227,recovered_archive3,227,cap_image,recovered_archive3/227/CAPorg1.jpg,CAPorg1.jpg,649601,0b7a25781df21d987a19a5c662e90bfbfb6e2d58af42fd4ee4caa8c807126207,1024,768,146.124836,37.807106,False,0b7a25781df21d987a19a5c662e90bfbfb6e2d58af42fd4ee4caa8c807126207,False,True,train
recovered_archive3/227,recovered_archive3,227,cap_image,recovered_archive3/227/CAPorg10.jpg,CAPorg10.jpg,528452,0718771e4993f134da774f7937713a09ceed9e61467e5f1df65dfb292a6217b7,1024,768,187.257779,58.996023,False,0718771e4993f134da774f7937713a09ceed9e61467e5f1df65dfb292a6217b7,False,True,train
recovered_archive3/227,recovered_archive3,227,cap_image,recovered_archive3/227/CAPorg11.jpg,CAPorg11.jpg,640959,f5317dd96c315c1e8c57cf89ce566f43cee2139a2281cced230797b8fadfab43,1024,768,162.433694,52.835714,False,f5317dd96c315c1e8c57cf89ce566f43cee2139a2281cced230797b8fadfab43,False,True,train
recovered_archive3/227,recovered_archive3,227,cap_image,recovered_archive3/227/CAPorg2.jpg,CAPorg2.jpg,652590,cd61a0ea865a62e08fd79f8b2b0f1647ced2ef3c817ac1d72c08279fcd9dd591,1024,768,157.75692,38.328624,False,cd61a0ea865a62e08fd79f8b2b0f1647ced2ef3c817ac1d72c08279fcd9dd591,False,True,train
recovered_archive3/227,recovered_archive3,227,cap_image,recovered_archive3/227/CAPorg3.jpg,CAPorg3.jpg,639513,ee808d98faeddacef2a5f48de3df36d922b046d831e504465903d0ce77a07294,1024,768,181.970145,38.918524,False,ee808d98faeddacef2a5f48de3df36d922b046d831e504465903d0ce77a07294,False,True,train
recovered_archive3/227,recovered_archive3,227,cap_image,recovered_archive3/227/CAPorg4.jpg,CAPorg4.jpg,569011,47994660994d4d432e9e9a4d503dc8a1b3a09c9002c4a30a6b15649e946dc61e,1024,768,198.181431,42.211676,False,47994660994d4d432e9e9a4d503dc8a1b3a09c9002c4a30a6b15649e946dc61e,False,True,train
recovered_archive3/227,recovered_archive3,227,cap_image,recovered_archive3/227/CAPorg5.jpg,CAPorg5.jpg,589164,7269300538fff9f64d1b79763d525f28d8a6f5a0670625182919b67a42a131bc,1024,768,112.938574,74.31826,False,7269300538fff9f64d1b79763d525f28d8a6f5a0670625182919b67a42a131bc,False,True,train
recovered_archive3/227,recovered_archive3,227,cap_image,recovered_archive3/227/CAPorg6.jpg,CAPorg6.jpg,602683,500d6ab1f846de154a4a66c68f2a923ae46d95a3b950a9b799caec394d2b7bd0,1024,768,143.105104,72.511399,False,500d6ab1f846de154a4a66c68f2a923ae46d95a3b950a9b799caec394d2b7bd0,False,True,train
recovered_archive3/227,recovered_archive3,227,cap_image,recovered_archive3/227/CAPorg7.jpg,CAPorg7.jpg,609320,a30af890c2bdaa1030c94afc9baa51b8f2b05e123836b51d589a3b1b38fbc745,1024,768,97.379144,53.74559,False,a30af890c2bdaa1030c94afc9baa51b8f2b05e123836b51d589a3b1b38fbc745,False,True,train
recovered_archive3/227,recovered_archive3,227,cap_image,recovered_archive3/227/CAPorg8.jpg,CAPorg8.jpg,620131,dbe8b9c973b276a0061e18e87dc90b2b016b1638d7068b3525e6be724647734d,1024,768,98.860748,43.702549,False,dbe8b9c973b276a0061e18e87dc90b2b016b1638d7068b3525e6be724647734d,False,True,train
recovered_archive3/227,recovered_archive3,227,cap_image,recovered_archive3/227/CAPorg9.jpg,CAPorg9.jpg,627188,89e356e79406d109b32c390d00660844116552249daf9f09b5d6a0ef253e6f53,1024,768,117.509172,56.103509,False,89e356e79406d109b32c390d00660844116552249daf9f09b5d6a0ef253e6f53,False,True,train
recovered_archive3/227,recovered_archive3,227,report_image,recovered_archive3/227/rep.jpg.jpg,rep.jpg.jpg,71406,08471b057c9b9d75885254d9213d5d06edc84791cf9b7aa60477ad1c17c36704,,,,,False,08471b057c9b9d75885254d9213d5d06edc84791cf9b7aa60477ad1c17c36704,False,False,train
recovered_archive3/227,recovered_archive3,227,report_image,recovered_archive3/227/rep_2010270.jpg.jpg,rep_2010270.jpg.jpg,71406,08471b057c9b9d75885254d9213d5d06edc84791cf9b7aa60477ad1c17c36704,,,,,False,08471b057c9b9d75885254d9213d5d06edc84791cf9b7aa60477ad1c17c36704,False,False,train
recovered_archive3/227,recovered_archive3,227,report_image,recovered_archive3/227/rep_2010271.jpg.jpg,rep_2010271.jpg.jpg,71406,08471b057c9b9d75885254d9213d5d06edc84791cf9b7aa60477ad1c17c36704,,,,,False,08471b057c9b9d75885254d9213d5d06edc84791cf9b7aa60477ad1c17c36704,False,False,train
recovered_archive3/227,recovered_archive3,227,report_image,recovered_archive3/227/rep_左手.jpg.jpg,rep_左手.jpg.jpg,71406,08471b057c9b9d75885254d9213d5d06edc84791cf9b7aa60477ad1c17c36704,,,,,False,08471b057c9b9d75885254d9213d5d06edc84791cf9b7aa60477ad1c17c36704,False,False,train
recovered_archive3/227,recovered_archive3,227,video,recovered_archive3/227/wmv0.avi,wmv0.avi,396367872,,,,,,False,,True,False,train
recovered_archive3/228,recovered_archive3,228,cap_image,recovered_archive3/228/CAPorg1.jpg,CAPorg1.jpg,606016,a138fb8a0d0d7b29ec15e355a3b3643dda80ea66a5788ddc872845bb0e7d0161,1024,768,161.232478,49.541141,False,a138fb8a0d0d7b29ec15e355a3b3643dda80ea66a5788ddc872845bb0e7d0161,False,True,train
recovered_archive3/228,recovered_archive3,228,cap_image,recovered_archive3/228/CAPorg2.jpg,CAPorg2.jpg,655332,aa5e8b6bd998e880ea7f785c0750d942745363ee73562eb85f3b29b2ea4a5878,1024,768,170.88365,35.328038,False,aa5e8b6bd998e880ea7f785c0750d942745363ee73562eb85f3b29b2ea4a5878,False,True,train
recovered_archive3/228,recovered_archive3,228,cap_image,recovered_archive3/228/CAPorg3.jpg,CAPorg3.jpg,615164,1bc038750e53088937fad2f50895efbd7748b45f4fcf5300880965fcf5b684c2,1024,768,62.824266,36.036635,False,1bc038750e53088937fad2f50895efbd7748b45f4fcf5300880965fcf5b684c2,False,True,train
recovered_archive3/228,recovered_archive3,228,cap_image,recovered_archive3/228/CAPorg4.jpg,CAPorg4.jpg,606907,3a75711cd1114efac457d42a77b2c3a3f1bd478686655c435fba4d918efc734a,1024,768,54.807704,24.135173,False,3a75711cd1114efac457d42a77b2c3a3f1bd478686655c435fba4d918efc734a,False,True,train
recovered_archive3/228,recovered_archive3,228,cap_image,recovered_archive3/228/CAPorg5.jpg,CAPorg5.jpg,621550,9479b3e8296e8bf1b287ee7c3d7438e7d425fbfc15b24c8ef491ace5279acfdc,1024,768,67.229271,23.249151,False,9479b3e8296e8bf1b287ee7c3d7438e7d425fbfc15b24c8ef491ace5279acfdc,False,True,train
recovered_archive3/228,recovered_archive3,228,cap_image,recovered_archive3/228/CAPorg6.jpg,CAPorg6.jpg,618045,57f2fce608d62183a4835be3a178fc3679fa030c7923241d1c13042f0e0435e5,1024,768,70.095676,30.257177,False,57f2fce608d62183a4835be3a178fc3679fa030c7923241d1c13042f0e0435e5,False,True,train
recovered_archive3/228,recovered_archive3,228,cap_image,recovered_archive3/228/CAPorg7.jpg,CAPorg7.jpg,613301,b0493ae4849a4e809cb054c10d652609fb10ef5e4230ca5ce3120d3b2bdc1441,1024,768,68.743145,34.120103,False,b0493ae4849a4e809cb054c10d652609fb10ef5e4230ca5ce3120d3b2bdc1441,False,True,train
recovered_archive3/228,recovered_archive3,228,report_image,recovered_archive3/228/rep.jpg.jpg,rep.jpg.jpg,73125,0be68bb7f9d1be5a97a88e822eacff27e75c5f3bef72bec17686ef7679e2fd51,,,,,False,0be68bb7f9d1be5a97a88e822eacff27e75c5f3bef72bec17686ef7679e2fd51,False,False,train
recovered_archive3/228,recovered_archive3,228,report_image,recovered_archive3/228/rep_1901170.jpg.jpg,rep_1901170.jpg.jpg,73125,0be68bb7f9d1be5a97a88e822eacff27e75c5f3bef72bec17686ef7679e2fd51,,,,,False,0be68bb7f9d1be5a97a88e822eacff27e75c5f3bef72bec17686ef7679e2fd51,False,False,train
recovered_archive3/228,recovered_archive3,228,report_image,recovered_archive3/228/rep_1901171.jpg.jpg,rep_1901171.jpg.jpg,73125,0be68bb7f9d1be5a97a88e822eacff27e75c5f3bef72bec17686ef7679e2fd51,,,,,False,0be68bb7f9d1be5a97a88e822eacff27e75c5f3bef72bec17686ef7679e2fd51,False,False,train
recovered_archive3/228,recovered_archive3,228,report_image,recovered_archive3/228/rep_左手.jpg.jpg,rep_左手.jpg.jpg,73125,0be68bb7f9d1be5a97a88e822eacff27e75c5f3bef72bec17686ef7679e2fd51,,,,,False,0be68bb7f9d1be5a97a88e822eacff27e75c5f3bef72bec17686ef7679e2fd51,False,False,train
recovered_archive3/229,recovered_archive3,229,cap_image,recovered_archive3/229/CAPorg1.jpg,CAPorg1.jpg,643201,5c0be757fd441031927958c0dda1107534e7407ec471899ec4192a6848a909a8,1024,768,93.095272,29.733418,False,5c0be757fd441031927958c0dda1107534e7407ec471899ec4192a6848a909a8,False,True,val
recovered_archive3/229,recovered_archive3,229,cap_image,recovered_archive3/229/CAPorg10.jpg,CAPorg10.jpg,588741,2658206b62b0d3ff2b7983f137aaca83c8b640125884c43f20198ab893c75be4,1024,768,60.395775,37.60709,False,2658206b62b0d3ff2b7983f137aaca83c8b640125884c43f20198ab893c75be4,False,True,val
recovered_archive3/229,recovered_archive3,229,cap_image,recovered_archive3/229/CAPorg11.jpg,CAPorg11.jpg,598465,f58ea4a0d0e1eed1ded3866a33dd27d76172c8410a430da25031961565301333,1024,768,55.835162,22.139525,False,f58ea4a0d0e1eed1ded3866a33dd27d76172c8410a430da25031961565301333,False,True,val
recovered_archive3/229,recovered_archive3,229,cap_image,recovered_archive3/229/CAPorg12.jpg,CAPorg12.jpg,591911,32e1d373d8beecc9d80c4e8c4ffbe9200840bae783c37f9d326ce1e120afb082,1024,768,43.90515,16.485708,False,32e1d373d8beecc9d80c4e8c4ffbe9200840bae783c37f9d326ce1e120afb082,False,True,val
recovered_archive3/229,recovered_archive3,229,cap_image,recovered_archive3/229/CAPorg13.jpg,CAPorg13.jpg,608798,27521f663dcfe42b3bef958b6649e11240a3e3c8b121bd00011719f0ce399f10,1024,768,64.032611,19.895191,False,27521f663dcfe42b3bef958b6649e11240a3e3c8b121bd00011719f0ce399f10,False,True,val
recovered_archive3/229,recovered_archive3,229,cap_image,recovered_archive3/229/CAPorg14.jpg,CAPorg14.jpg,609892,cbbf8cd3b0a43ae9f93504225b23dd801849590eaf2fc35e8bfb98fd682af91e,1024,768,66.715027,24.005402,False,cbbf8cd3b0a43ae9f93504225b23dd801849590eaf2fc35e8bfb98fd682af91e,False,True,val
recovered_archive3/229,recovered_archive3,229,cap_image,recovered_archive3/229/CAPorg2.jpg,CAPorg2.jpg,653400,a07e1d33bc96f7c0e7e7333fd4b818b97d1495592b35ba8c78c5a5b3202d8b68,1024,768,126.027253,36.726786,False,a07e1d33bc96f7c0e7e7333fd4b818b97d1495592b35ba8c78c5a5b3202d8b68,False,True,val
recovered_archive3/229,recovered_archive3,229,cap_image,recovered_archive3/229/CAPorg3.jpg,CAPorg3.jpg,650325,ca6b9bf63840499fae152f3147a6598823ba7782ef42508414c7789e3953c5d5,1024,768,160.327923,45.159149,False,ca6b9bf63840499fae152f3147a6598823ba7782ef42508414c7789e3953c5d5,False,True,val
recovered_archive3/229,recovered_archive3,229,cap_image,recovered_archive3/229/CAPorg4.jpg,CAPorg4.jpg,644973,47d50d630a5775fa7be2d908248bb6541570ae2cd06d15dc2ffacdcc3c95090f,1024,768,166.632589,57.925036,False,47d50d630a5775fa7be2d908248bb6541570ae2cd06d15dc2ffacdcc3c95090f,False,True,val
recovered_archive3/229,recovered_archive3,229,cap_image,recovered_archive3/229/CAPorg5.jpg,CAPorg5.jpg,640570,571aba2fdb5645d9956f6a6e10cb5eed62ee03030fe99c86f48ae6c31992e996,1024,768,167.496323,58.576992,False,571aba2fdb5645d9956f6a6e10cb5eed62ee03030fe99c86f48ae6c31992e996,False,True,val
recovered_archive3/229,recovered_archive3,229,cap_image,recovered_archive3/229/CAPorg6.jpg,CAPorg6.jpg,570594,14940717ded131d1a457afbfbfc81386f547024b8b6b434787cdf51631e3c5be,1024,768,180.200078,64.00297,False,14940717ded131d1a457afbfbfc81386f547024b8b6b434787cdf51631e3c5be,False,True,val
recovered_archive3/229,recovered_archive3,229,cap_image,recovered_archive3/229/CAPorg7.jpg,CAPorg7.jpg,541874,30ce50e09f06cf1f366dc744f91b73069c1b25cb9543272cc3ac9f5794bc71eb,1024,768,184.147312,64.40374,False,30ce50e09f06cf1f366dc744f91b73069c1b25cb9543272cc3ac9f5794bc71eb,False,True,val
recovered_archive3/229,recovered_archive3,229,cap_image,recovered_archive3/229/CAPorg8.jpg,CAPorg8.jpg,525743,8e0c8146be2039f7f3b4a4309b9f0c832f8899df701efff1d6b2af792fc15c7a,1024,768,177.265451,73.059465,False,8e0c8146be2039f7f3b4a4309b9f0c832f8899df701efff1d6b2af792fc15c7a,False,True,val
recovered_archive3/229,recovered_archive3,229,cap_image,recovered_archive3/229/CAPorg9.jpg,CAPorg9.jpg,632326,cebea7d3bd792ad16ee78060faaab3d5a101cbc8e98371b35968dc360bf26788,1024,768,88.008579,30.068177,False,cebea7d3bd792ad16ee78060faaab3d5a101cbc8e98371b35968dc360bf26788,False,True,val
recovered_archive3/229,recovered_archive3,229,report_image,recovered_archive3/229/rep.jpg.jpg,rep.jpg.jpg,77109,eab005d5177ac14814092a20775829bc6da78e4c2f965da59f0a3c64c036f7a7,,,,,False,eab005d5177ac14814092a20775829bc6da78e4c2f965da59f0a3c64c036f7a7,False,False,val
recovered_archive3/229,recovered_archive3,229,report_image,recovered_archive3/229/rep_2012100.jpg.jpg,rep_2012100.jpg.jpg,77080,42c7ca9a39b8acab3957a74a2c925725ef91a7ee68f602b54183ff2105b4a4e8,,,,,False,42c7ca9a39b8acab3957a74a2c925725ef91a7ee68f602b54183ff2105b4a4e8,False,False,val
recovered_archive3/229,recovered_archive3,229,report_image,recovered_archive3/229/rep_2012101.jpg.jpg,rep_2012101.jpg.jpg,77080,42c7ca9a39b8acab3957a74a2c925725ef91a7ee68f602b54183ff2105b4a4e8,,,,,False,42c7ca9a39b8acab3957a74a2c925725ef91a7ee68f602b54183ff2105b4a4e8,False,False,val
recovered_archive3/229,recovered_archive3,229,report_image,recovered_archive3/229/rep_双手无名指.jpg.jpg,rep_双手无名指.jpg.jpg,77109,eab005d5177ac14814092a20775829bc6da78e4c2f965da59f0a3c64c036f7a7,,,,,False,eab005d5177ac14814092a20775829bc6da78e4c2f965da59f0a3c64c036f7a7,False,False,val
recovered_archive3/229,recovered_archive3,229,video,recovered_archive3/229/wmv0.avi,wmv0.avi,490740736,,,,,,False,,True,False,val
recovered_archive3/230,recovered_archive3,230,cap_image,recovered_archive3/230/CAPorg1.jpg,CAPorg1.jpg,595090,a6d9861a64e9b1306a33824c95a1e25ad62126e9d61b04385524511b9f887f11,1024,768,53.353366,27.501296,False,a6d9861a64e9b1306a33824c95a1e25ad62126e9d61b04385524511b9f887f11,False,True,train
recovered_archive3/230,recovered_archive3,230,cap_image,recovered_archive3/230/CAPorg2.jpg,CAPorg2.jpg,611054,66bd5d8f7d521dda8b47a7013cbf64851846db66f6b2c836b07c1e7b698f2967,1024,768,67.498035,25.174904,False,66bd5d8f7d521dda8b47a7013cbf64851846db66f6b2c836b07c1e7b698f2967,False,True,train
recovered_archive3/230,recovered_archive3,230,cap_image,recovered_archive3/230/CAPorg3.jpg,CAPorg3.jpg,615704,8ca8217c4e22f690c8f061e5ab7275aa84a857c56d5a40f053277a879d8d9eba,1024,768,72.38613,20.648909,False,8ca8217c4e22f690c8f061e5ab7275aa84a857c56d5a40f053277a879d8d9eba,False,True,train
recovered_archive3/230,recovered_archive3,230,cap_image,recovered_archive3/230/CAPorg4.jpg,CAPorg4.jpg,608724,98f76f51c50ade17015e450f10a5d669ff11071c7a6e974dbe5149be059e487a,1024,768,69.556161,33.482008,False,98f76f51c50ade17015e450f10a5d669ff11071c7a6e974dbe5149be059e487a,False,True,train
recovered_archive3/230,recovered_archive3,230,cap_image,recovered_archive3/230/CAPorg5.jpg,CAPorg5.jpg,604675,8ebe8b62cb3eb18e28d18a31041d2e3a2e0f05328d768f4ea4c4f7d5ab7f7655,1024,768,63.332755,27.581431,False,8ebe8b62cb3eb18e28d18a31041d2e3a2e0f05328d768f4ea4c4f7d5ab7f7655,False,True,train
recovered_archive3/230,recovered_archive3,230,cap_image,recovered_archive3/230/CAPorg6.jpg,CAPorg6.jpg,607760,bc905e9b976ad121a3dcc5ea41aae904691c3c1c9f89b04f8d5445142b1ad434,1024,768,65.394862,20.827805,False,bc905e9b976ad121a3dcc5ea41aae904691c3c1c9f89b04f8d5445142b1ad434,False,True,train
recovered_archive3/230,recovered_archive3,230,cap_image,recovered_archive3/230/CAPorg7.jpg,CAPorg7.jpg,613898,3fbb6a7c130a87c9814d5e9980a6a2302c7cb6a41ad796989f81931f4a83ebcf,1024,768,73.327441,20.306327,False,3fbb6a7c130a87c9814d5e9980a6a2302c7cb6a41ad796989f81931f4a83ebcf,False,True,train
recovered_archive3/230,recovered_archive3,230,report_image,recovered_archive3/230/rep.jpg.jpg,rep.jpg.jpg,69764,4607b206be295b3fd3b2280341dbc2317dcc51d2023810b656cca6d9333f43a5,,,,,False,4607b206be295b3fd3b2280341dbc2317dcc51d2023810b656cca6d9333f43a5,False,False,train
recovered_archive3/230,recovered_archive3,230,report_image,recovered_archive3/230/rep_1901030.jpg.jpg,rep_1901030.jpg.jpg,70111,d6f81e876e1bdec4417ff9939beaa7abd4d111c86af2ef9be5dd36073220e37f,,,,,False,d6f81e876e1bdec4417ff9939beaa7abd4d111c86af2ef9be5dd36073220e37f,False,False,train
recovered_archive3/230,recovered_archive3,230,report_image,recovered_archive3/230/rep_1901031.jpg.jpg,rep_1901031.jpg.jpg,70111,d6f81e876e1bdec4417ff9939beaa7abd4d111c86af2ef9be5dd36073220e37f,,,,,False,d6f81e876e1bdec4417ff9939beaa7abd4d111c86af2ef9be5dd36073220e37f,False,False,train
recovered_archive3/230,recovered_archive3,230,report_image,recovered_archive3/230/rep_1901032.jpg.jpg,rep_1901032.jpg.jpg,69764,4607b206be295b3fd3b2280341dbc2317dcc51d2023810b656cca6d9333f43a5,,,,,False,4607b206be295b3fd3b2280341dbc2317dcc51d2023810b656cca6d9333f43a5,False,False,train
recovered_archive3/230,recovered_archive3,230,report_image,recovered_archive3/230/rep_左手.jpg.jpg,rep_左手.jpg.jpg,69764,4607b206be295b3fd3b2280341dbc2317dcc51d2023810b656cca6d9333f43a5,,,,,False,4607b206be295b3fd3b2280341dbc2317dcc51d2023810b656cca6d9333f43a5,False,False,train
recovered_archive3/231,recovered_archive3,231,cap_image,recovered_archive3/231/CAPorg1.jpg,CAPorg1.jpg,437996,b0072e5eeb0b7705d3f225f2aba790d11c2165d4e43c7517b2f9cd6bc08f758f,1024,768,32.716993,37.076261,False,b0072e5eeb0b7705d3f225f2aba790d11c2165d4e43c7517b2f9cd6bc08f758f,False,True,train
recovered_archive3/231,recovered_archive3,231,cap_image,recovered_archive3/231/CAPorg10.jpg,CAPorg10.jpg,532675,f144c43066ba294c86bd2db27557fc958c1c60f6797b77231ff2096303ec4d33,1024,768,39.087265,30.350369,False,f144c43066ba294c86bd2db27557fc958c1c60f6797b77231ff2096303ec4d33,False,True,train
recovered_archive3/231,recovered_archive3,231,cap_image,recovered_archive3/231/CAPorg2.jpg,CAPorg2.jpg,462073,4a09ba208dbca11a4029fc1106140b8e15f10e7d338053b201400e80ce0510f0,1024,768,45.774413,54.397771,False,4a09ba208dbca11a4029fc1106140b8e15f10e7d338053b201400e80ce0510f0,False,True,train
recovered_archive3/231,recovered_archive3,231,cap_image,recovered_archive3/231/CAPorg3.jpg,CAPorg3.jpg,545628,a885928ba16a3db3fd7a0fb125661f27d13ce56240c288f42b12fb929830c936,1024,768,38.493276,30.183668,False,a885928ba16a3db3fd7a0fb125661f27d13ce56240c288f42b12fb929830c936,False,True,train
recovered_archive3/231,recovered_archive3,231,cap_image,recovered_archive3/231/CAPorg4.jpg,CAPorg4.jpg,557960,e2569f118dfc9000b3e9eec5172d8b7b12a1337056874616b4001c00557b39b4,1024,768,51.10019,37.1756,False,e2569f118dfc9000b3e9eec5172d8b7b12a1337056874616b4001c00557b39b4,False,True,train
recovered_archive3/231,recovered_archive3,231,cap_image,recovered_archive3/231/CAPorg5.jpg,CAPorg5.jpg,590892,fef6663f4bd124270c4526a98dfbd70fc2ba34ad82c8688e812a0efba47d7cb9,1024,768,69.727969,44.846946,False,fef6663f4bd124270c4526a98dfbd70fc2ba34ad82c8688e812a0efba47d7cb9,False,True,train
recovered_archive3/231,recovered_archive3,231,cap_image,recovered_archive3/231/CAPorg6.jpg,CAPorg6.jpg,551545,322199b2d9c467f402e74715ffeb44c9de1c96ec08cfb7cb9b6a7d730747421a,1024,768,45.591824,33.975671,False,322199b2d9c467f402e74715ffeb44c9de1c96ec08cfb7cb9b6a7d730747421a,False,True,train
recovered_archive3/231,recovered_archive3,231,cap_image,recovered_archive3/231/CAPorg7.jpg,CAPorg7.jpg,499929,6e482d0b8b11c9d543501a10b581cc9c04b702e86e2932e7723309e197e6c862,1024,768,34.537083,31.48407,False,6e482d0b8b11c9d543501a10b581cc9c04b702e86e2932e7723309e197e6c862,False,True,train
recovered_archive3/231,recovered_archive3,231,cap_image,recovered_archive3/231/CAPorg8.jpg,CAPorg8.jpg,502383,8b23721cf1e5ecf47d591c225290d1541346e63952f70d9e48da3d52df135acb,1024,768,34.274846,30.298775,False,8b23721cf1e5ecf47d591c225290d1541346e63952f70d9e48da3d52df135acb,False,True,train
recovered_archive3/231,recovered_archive3,231,cap_image,recovered_archive3/231/CAPorg9.jpg,CAPorg9.jpg,465026,052d11eb201737004a653b4cabddf2be92e48ee91b369874a1fe9edc16991c87,1024,768,23.601817,24.113331,False,052d11eb201737004a653b4cabddf2be92e48ee91b369874a1fe9edc16991c87,False,True,train
recovered_archive3/231,recovered_archive3,231,report_image,recovered_archive3/231/rep.jpg.jpg,rep.jpg.jpg,79498,1935a494fbe54adc712edced7cc8ea6f4668ffe2653962f2fab55f6b0f208aa0,,,,,False,1935a494fbe54adc712edced7cc8ea6f4668ffe2653962f2fab55f6b0f208aa0,False,False,train
recovered_archive3/231,recovered_archive3,231,report_image,recovered_archive3/231/rep_1912100.jpg.jpg,rep_1912100.jpg.jpg,80951,1ca6777fe86328711c7c2b1755fefd0412b1db499ad5ac32af1e6bfdeb90ee3b,,,,,False,1ca6777fe86328711c7c2b1755fefd0412b1db499ad5ac32af1e6bfdeb90ee3b,False,False,train
recovered_archive3/231,recovered_archive3,231,report_image,recovered_archive3/231/rep_1912101.jpg.jpg,rep_1912101.jpg.jpg,79498,1935a494fbe54adc712edced7cc8ea6f4668ffe2653962f2fab55f6b0f208aa0,,,,,False,1935a494fbe54adc712edced7cc8ea6f4668ffe2653962f2fab55f6b0f208aa0,False,False,train
recovered_archive3/231,recovered_archive3,231,report_image,recovered_archive3/231/rep_左手.jpg.jpg,rep_左手.jpg.jpg,79498,1935a494fbe54adc712edced7cc8ea6f4668ffe2653962f2fab55f6b0f208aa0,,,,,False,1935a494fbe54adc712edced7cc8ea6f4668ffe2653962f2fab55f6b0f208aa0,False,False,train
recovered_archive3/231,recovered_archive3,231,video,recovered_archive3/231/wmv0.avi,wmv0.avi,417602048,,,,,,False,,True,False,train
recovered_archive3/231,recovered_archive3,231,video,recovered_archive3/231/wmv1.avi,wmv1.avi,540286464,,,,,,False,,True,False,train
recovered_archive3/232,recovered_archive3,232,cap_image,recovered_archive3/232/CAPorg1.jpg,CAPorg1.jpg,594391,9999c2dde2744f4317a7c9fda2cd4972545cda4afe084730dc5f316d5339bb19,1024,768,175.748843,47.895053,False,9999c2dde2744f4317a7c9fda2cd4972545cda4afe084730dc5f316d5339bb19,False,True,train
recovered_archive3/232,recovered_archive3,232,cap_image,recovered_archive3/232/CAPorg2.jpg,CAPorg2.jpg,583730,39ab1505ffde9a2db824f36446fbf37b29090e4a3042b4fe2f4d657a95375a38,1024,768,89.563739,23.827615,False,39ab1505ffde9a2db824f36446fbf37b29090e4a3042b4fe2f4d657a95375a38,False,True,train
recovered_archive3/232,recovered_archive3,232,cap_image,recovered_archive3/232/CAPorg3.jpg,CAPorg3.jpg,590502,af43d021a83a2f1b90c3d8b77d979b21056f253d87560653b007650e6cef72d0,1024,768,103.199443,26.761303,False,af43d021a83a2f1b90c3d8b77d979b21056f253d87560653b007650e6cef72d0,False,True,train
recovered_archive3/232,recovered_archive3,232,cap_image,recovered_archive3/232/CAPorg4.jpg,CAPorg4.jpg,586592,0293e26557a0121fe3bd295adad1cff959a5e34fe2bedb347095d3d20000409a,1024,768,92.064393,25.216883,False,0293e26557a0121fe3bd295adad1cff959a5e34fe2bedb347095d3d20000409a,False,True,train
recovered_archive3/232,recovered_archive3,232,cap_image,recovered_archive3/232/CAPorg5.jpg,CAPorg5.jpg,589202,15054ddbf86f2e2cdfbc04a1b4dc8b264364a5bbf09932ac3e512fbdbfa4c05f,1024,768,101.571154,26.414481,False,15054ddbf86f2e2cdfbc04a1b4dc8b264364a5bbf09932ac3e512fbdbfa4c05f,False,True,train
recovered_archive3/232,recovered_archive3,232,report_image,recovered_archive3/232/rep.jpg.jpg,rep.jpg.jpg,80827,3320052e62c96b090f507939e063fb484688480e86a01b027c38f49e62978fc1,,,,,False,3320052e62c96b090f507939e063fb484688480e86a01b027c38f49e62978fc1,False,False,train
recovered_archive3/232,recovered_archive3,232,report_image,recovered_archive3/232/rep_1901170.jpg.jpg,rep_1901170.jpg.jpg,80827,3320052e62c96b090f507939e063fb484688480e86a01b027c38f49e62978fc1,,,,,False,3320052e62c96b090f507939e063fb484688480e86a01b027c38f49e62978fc1,False,False,train
recovered_archive3/232,recovered_archive3,232,report_image,recovered_archive3/232/rep_1901171.jpg.jpg,rep_1901171.jpg.jpg,80827,3320052e62c96b090f507939e063fb484688480e86a01b027c38f49e62978fc1,,,,,False,3320052e62c96b090f507939e063fb484688480e86a01b027c38f49e62978fc1,False,False,train
recovered_archive3/232,recovered_archive3,232,report_image,recovered_archive3/232/rep_左手.jpg.jpg,rep_左手.jpg.jpg,80827,3320052e62c96b090f507939e063fb484688480e86a01b027c38f49e62978fc1,,,,,False,3320052e62c96b090f507939e063fb484688480e86a01b027c38f49e62978fc1,False,False,train
recovered_archive3/232,recovered_archive3,232,video,recovered_archive3/232/wmv0.avi,wmv0.avi,10112512,,,,,,False,,True,False,train
recovered_archive3/232,recovered_archive3,232,video,recovered_archive3/232/wmv1.avi,wmv1.avi,10221056,,,,,,False,,True,False,train
recovered_archive3/232,recovered_archive3,232,video,recovered_archive3/232/wmv2.avi,wmv2.avi,10083328,,,,,,False,,True,False,train
recovered_archive3/233,recovered_archive3,233,cap_image,recovered_archive3/233/CAPorg1.jpg,CAPorg1.jpg,657088,c718fd9dcb01bc06b6c67f9911556849e75e680a1e3782f04036d2fb148764dc,1024,768,156.373908,49.885246,False,c718fd9dcb01bc06b6c67f9911556849e75e680a1e3782f04036d2fb148764dc,False,True,train
recovered_archive3/233,recovered_archive3,233,cap_image,recovered_archive3/233/CAPorg10.jpg,CAPorg10.jpg,635140,0f1022474ec1d38e5d4f097332ee1da55d514f722aec72d4e1a798087fcbb0d5,1024,768,72.700359,29.722871,False,0f1022474ec1d38e5d4f097332ee1da55d514f722aec72d4e1a798087fcbb0d5,False,True,train
recovered_archive3/233,recovered_archive3,233,cap_image,recovered_archive3/233/CAPorg11.jpg,CAPorg11.jpg,626370,218bf541a3e04f3046dd3d13a4690cc7562a15d278a8b0748213425f1f4c3d7e,1024,768,59.298855,19.336209,False,218bf541a3e04f3046dd3d13a4690cc7562a15d278a8b0748213425f1f4c3d7e,False,True,train
recovered_archive3/233,recovered_archive3,233,cap_image,recovered_archive3/233/CAPorg12.jpg,CAPorg12.jpg,628133,d67d9241cb63a81e10a61b7fab3d8e9975bb166bd263b5d5f94dc001af8a061f,1024,768,60.908452,22.481633,False,d67d9241cb63a81e10a61b7fab3d8e9975bb166bd263b5d5f94dc001af8a061f,False,True,train
recovered_archive3/233,recovered_archive3,233,cap_image,recovered_archive3/233/CAPorg2.jpg,CAPorg2.jpg,667727,acf461a0091440c42bf9919e78d5a7efe72a44e77ea2b51ed999f467d4ee1034,1024,768,130.761868,34.508471,False,acf461a0091440c42bf9919e78d5a7efe72a44e77ea2b51ed999f467d4ee1034,False,True,train
recovered_archive3/233,recovered_archive3,233,cap_image,recovered_archive3/233/CAPorg3.jpg,CAPorg3.jpg,663667,26287d2f7dcc5b5774bc147ad2a13168813ad1ba04e42707261c7ed0178f29d5,1024,768,126.40066,43.62339,False,26287d2f7dcc5b5774bc147ad2a13168813ad1ba04e42707261c7ed0178f29d5,False,True,train
recovered_archive3/233,recovered_archive3,233,cap_image,recovered_archive3/233/CAPorg4.jpg,CAPorg4.jpg,645921,e24846cbc5d5d8f01a17a779e25587cffa7dab4b3e79159a77803b95fe8f5fe4,1024,768,137.22686,55.697471,False,e24846cbc5d5d8f01a17a779e25587cffa7dab4b3e79159a77803b95fe8f5fe4,False,True,train
recovered_archive3/233,recovered_archive3,233,cap_image,recovered_archive3/233/CAPorg5.jpg,CAPorg5.jpg,611302,14dd03acb680f26fe96d566501a7929235aa672fefefb0ebb184163334b8e45b,1024,768,56.361518,29.970074,False,14dd03acb680f26fe96d566501a7929235aa672fefefb0ebb184163334b8e45b,False,True,train
recovered_archive3/233,recovered_archive3,233,cap_image,recovered_archive3/233/CAPorg6.jpg,CAPorg6.jpg,621076,8bec55f6ebac0c588ae8ee2a6efbd33b83bdba47e5ae479e5ceb5ab6c0e434ff,1024,768,55.914913,24.205515,False,8bec55f6ebac0c588ae8ee2a6efbd33b83bdba47e5ae479e5ceb5ab6c0e434ff,False,True,train
recovered_archive3/233,recovered_archive3,233,cap_image,recovered_archive3/233/CAPorg7.jpg,CAPorg7.jpg,627050,5d611ee08d9ad76d5c958349261f71ffc9796df967cb508d198f69fc5b6b835c,1024,768,58.997471,17.666139,False,5d611ee08d9ad76d5c958349261f71ffc9796df967cb508d198f69fc5b6b835c,False,True,train
recovered_archive3/233,recovered_archive3,233,cap_image,recovered_archive3/233/CAPorg8.jpg,CAPorg8.jpg,627219,3d6dfb71d75c8f87da040e93df94b5a465aeb5eb1df1265036f20746c425df9a,1024,768,56.349645,20.348511,False,3d6dfb71d75c8f87da040e93df94b5a465aeb5eb1df1265036f20746c425df9a,False,True,train
recovered_archive3/233,recovered_archive3,233,cap_image,recovered_archive3/233/CAPorg9.jpg,CAPorg9.jpg,624977,455d484e4f343192eea1176c162211e2af71059b94a99189fb49b2669b3c1884,1024,768,61.647872,24.415014,False,455d484e4f343192eea1176c162211e2af71059b94a99189fb49b2669b3c1884,False,True,train
recovered_archive3/233,recovered_archive3,233,report_image,recovered_archive3/233/rep.jpg.jpg,rep.jpg.jpg,75593,0b9ae4befc437ca4f057224af3c458830f1ced45c11877cd552b2e8305b9241f,,,,,False,0b9ae4befc437ca4f057224af3c458830f1ced45c11877cd552b2e8305b9241f,False,False,train
recovered_archive3/233,recovered_archive3,233,report_image,recovered_archive3/233/rep_2001070.jpg.jpg,rep_2001070.jpg.jpg,74638,38172929f3320126f44f29d4dccf25c573a9ec7809c538e01eba15dbe9e3435f,,,,,False,38172929f3320126f44f29d4dccf25c573a9ec7809c538e01eba15dbe9e3435f,False,False,train
recovered_archive3/233,recovered_archive3,233,report_image,recovered_archive3/233/rep_2001071.jpg.jpg,rep_2001071.jpg.jpg,74638,38172929f3320126f44f29d4dccf25c573a9ec7809c538e01eba15dbe9e3435f,,,,,False,38172929f3320126f44f29d4dccf25c573a9ec7809c538e01eba15dbe9e3435f,False,False,train
recovered_archive3/233,recovered_archive3,233,report_image,recovered_archive3/233/rep_2001072.jpg.jpg,rep_2001072.jpg.jpg,75593,0b9ae4befc437ca4f057224af3c458830f1ced45c11877cd552b2e8305b9241f,,,,,False,0b9ae4befc437ca4f057224af3c458830f1ced45c11877cd552b2e8305b9241f,False,False,train
recovered_archive3/233,recovered_archive3,233,report_image,recovered_archive3/233/rep_左手.jpg.jpg,rep_左手.jpg.jpg,75593,0b9ae4befc437ca4f057224af3c458830f1ced45c11877cd552b2e8305b9241f,,,,,False,0b9ae4befc437ca4f057224af3c458830f1ced45c11877cd552b2e8305b9241f,False,False,train
recovered_archive3/234,recovered_archive3,234,cap_image,recovered_archive3/234/CAPorg1.jpg,CAPorg1.jpg,576342,c537d66976299ef1700181e0b2375b5ab74163324ffe7a088581fc1b882bd5ac,1024,768,197.949607,51.852058,False,c537d66976299ef1700181e0b2375b5ab74163324ffe7a088581fc1b882bd5ac,False,True,train
recovered_archive3/234,recovered_archive3,234,cap_image,recovered_archive3/234/CAPorg10.jpg,CAPorg10.jpg,558927,2aac6c2300b116a0538256a1bd17e88569aaa5b3030fbef81c146e3245368b98,1024,768,33.646294,19.769516,False,2aac6c2300b116a0538256a1bd17e88569aaa5b3030fbef81c146e3245368b98,False,True,train
recovered_archive3/234,recovered_archive3,234,cap_image,recovered_archive3/234/CAPorg11.jpg,CAPorg11.jpg,572850,de7e0eeea50a7df12fe43ed7ddc07a0b05bba39eeb858848de8e80dd1c89fa8d,1024,768,41.311122,22.541989,False,de7e0eeea50a7df12fe43ed7ddc07a0b05bba39eeb858848de8e80dd1c89fa8d,False,True,train
recovered_archive3/234,recovered_archive3,234,cap_image,recovered_archive3/234/CAPorg12.jpg,CAPorg12.jpg,641921,588c182b614de09f38bcf6e25b5f28175725ad99767afc6ffd7c2ff45a1fd849,1024,768,123.588123,29.746613,False,588c182b614de09f38bcf6e25b5f28175725ad99767afc6ffd7c2ff45a1fd849,False,True,train
recovered_archive3/234,recovered_archive3,234,cap_image,recovered_archive3/234/CAPorg13.jpg,CAPorg13.jpg,628366,f045d02d4374b9450cb8d2b010e3e85f7c4d17eaecc291e149b21415faea24bc,1024,768,100.628832,37.275837,False,f045d02d4374b9450cb8d2b010e3e85f7c4d17eaecc291e149b21415faea24bc,False,True,train
recovered_archive3/234,recovered_archive3,234,cap_image,recovered_archive3/234/CAPorg14.jpg,CAPorg14.jpg,641727,019db25f179cd44d5f04b318fc00498915aab57be28acc337a296fdc225a2bf7,1024,768,117.409473,39.624858,False,019db25f179cd44d5f04b318fc00498915aab57be28acc337a296fdc225a2bf7,False,True,train
recovered_archive3/234,recovered_archive3,234,cap_image,recovered_archive3/234/CAPorg15.jpg,CAPorg15.jpg,632523,25fad58acf8a4aae5def4382f94883bdcf7d7594cbc234dabbfe78e31442de92,1024,768,100.932195,44.200413,False,25fad58acf8a4aae5def4382f94883bdcf7d7594cbc234dabbfe78e31442de92,False,True,train
recovered_archive3/234,recovered_archive3,234,cap_image,recovered_archive3/234/CAPorg2.jpg,CAPorg2.jpg,601146,51de0f10c79c181ab9b8c32288a5e589e5483163221dc5ebefcbb3bd7703858d,1024,768,186.578276,54.467829,False,51de0f10c79c181ab9b8c32288a5e589e5483163221dc5ebefcbb3bd7703858d,False,True,train
recovered_archive3/234,recovered_archive3,234,cap_image,recovered_archive3/234/CAPorg3.jpg,CAPorg3.jpg,604232,e32a00fab32ed4f2b900c70e6e395ece84ef9c6cc8bd9803d88bc204ef7f031f,1024,768,154.084689,72.869773,False,e32a00fab32ed4f2b900c70e6e395ece84ef9c6cc8bd9803d88bc204ef7f031f,False,True,train
recovered_archive3/234,recovered_archive3,234,cap_image,recovered_archive3/234/CAPorg4.jpg,CAPorg4.jpg,668473,b652ef7b1b26a90eb60154971936927c2cfdd49677ef3ac221f796445459eb00,1024,768,152.679674,52.708324,False,b652ef7b1b26a90eb60154971936927c2cfdd49677ef3ac221f796445459eb00,False,True,train
recovered_archive3/234,recovered_archive3,234,cap_image,recovered_archive3/234/CAPorg5.jpg,CAPorg5.jpg,653900,0c986ea3f3863a1f3fe83a8fb7e8e6c1c7fbe0bfa064f8d8ca8efe2cd84d5e7e,1024,768,146.015127,49.566699,False,0c986ea3f3863a1f3fe83a8fb7e8e6c1c7fbe0bfa064f8d8ca8efe2cd84d5e7e,False,True,train
recovered_archive3/234,recovered_archive3,234,cap_image,recovered_archive3/234/CAPorg6.jpg,CAPorg6.jpg,647466,9386ccfc27e9aed64055f56a3f2ecfe39d6114c1dcdc5df377e745c0f60dd179,1024,768,158.787609,52.208704,False,9386ccfc27e9aed64055f56a3f2ecfe39d6114c1dcdc5df377e745c0f60dd179,False,True,train
recovered_archive3/234,recovered_archive3,234,cap_image,recovered_archive3/234/CAPorg7.jpg,CAPorg7.jpg,614224,4f9490cee7f22280d833ac350eb6ab0e54f12ec41707ecce6322254ee40ef0ac,1024,768,74.862342,28.727892,False,4f9490cee7f22280d833ac350eb6ab0e54f12ec41707ecce6322254ee40ef0ac,False,True,train
recovered_archive3/234,recovered_archive3,234,cap_image,recovered_archive3/234/CAPorg8.jpg,CAPorg8.jpg,610743,489bca06116feae53377956786be945a3325adf9715e398f6d93b1e1e595f98d,1024,768,72.205924,30.226472,False,489bca06116feae53377956786be945a3325adf9715e398f6d93b1e1e595f98d,False,True,train
recovered_archive3/234,recovered_archive3,234,cap_image,recovered_archive3/234/CAPorg9.jpg,CAPorg9.jpg,578925,a340b64407254f21e694ddc17c00dd0633774e1bd5bac79bfd98fba5b90ecfa7,1024,768,46.871424,24.489585,False,a340b64407254f21e694ddc17c00dd0633774e1bd5bac79bfd98fba5b90ecfa7,False,True,train
recovered_archive3/234,recovered_archive3,234,report_image,recovered_archive3/234/rep.jpg.jpg,rep.jpg.jpg,78160,cca3cebe1c49a50ac63856bb4f6a3b85eb491f2a3dae8b97e016c477c2831843,,,,,False,cca3cebe1c49a50ac63856bb4f6a3b85eb491f2a3dae8b97e016c477c2831843,False,False,train
recovered_archive3/234,recovered_archive3,234,report_image,recovered_archive3/234/rep_2006040.jpg.jpg,rep_2006040.jpg.jpg,78160,cca3cebe1c49a50ac63856bb4f6a3b85eb491f2a3dae8b97e016c477c2831843,,,,,False,cca3cebe1c49a50ac63856bb4f6a3b85eb491f2a3dae8b97e016c477c2831843,False,False,train
recovered_archive3/234,recovered_archive3,234,report_image,recovered_archive3/234/rep_2006041.jpg.jpg,rep_2006041.jpg.jpg,78160,cca3cebe1c49a50ac63856bb4f6a3b85eb491f2a3dae8b97e016c477c2831843,,,,,False,cca3cebe1c49a50ac63856bb4f6a3b85eb491f2a3dae8b97e016c477c2831843,False,False,train
recovered_archive3/234,recovered_archive3,234,report_image,recovered_archive3/234/rep_左手.jpg.jpg,rep_左手.jpg.jpg,78160,cca3cebe1c49a50ac63856bb4f6a3b85eb491f2a3dae8b97e016c477c2831843,,,,,False,cca3cebe1c49a50ac63856bb4f6a3b85eb491f2a3dae8b97e016c477c2831843,False,False,train
recovered_archive3/235,recovered_archive3,235,cap_image,recovered_archive3/235/CAPorg1.jpg,CAPorg1.jpg,585707,52ed8824d0e274b15fbbcacff51eccbf427925f90f8b81af8a5a4d56e7453e75,1024,768,164.600725,78.068784,False,52ed8824d0e274b15fbbcacff51eccbf427925f90f8b81af8a5a4d56e7453e75,False,True,train
recovered_archive3/235,recovered_archive3,235,cap_image,recovered_archive3/235/CAPorg2.jpg,CAPorg2.jpg,611249,c41f4289f2a82b1371e847fcc99e48d2403da4cd8d4bb0507c7e4490b979f07d,1024,768,60.580682,21.96711,False,c41f4289f2a82b1371e847fcc99e48d2403da4cd8d4bb0507c7e4490b979f07d,False,True,train
recovered_archive3/235,recovered_archive3,235,cap_image,recovered_archive3/235/CAPorg3.jpg,CAPorg3.jpg,648363,09ef12ed0e02590bab45985dd251f8d42615a7157dda55606598aa54dc5af3f4,1024,768,133.618952,32.674715,False,09ef12ed0e02590bab45985dd251f8d42615a7157dda55606598aa54dc5af3f4,False,True,train
recovered_archive3/235,recovered_archive3,235,cap_image,recovered_archive3/235/CAPorg4.jpg,CAPorg4.jpg,651221,2ea42b3808572a4630e8a21d57be3e71e5288f425922efc715263607a8bd8ea9,1024,768,141.834204,52.446484,False,2ea42b3808572a4630e8a21d57be3e71e5288f425922efc715263607a8bd8ea9,False,True,train
recovered_archive3/235,recovered_archive3,235,cap_image,recovered_archive3/235/CAPorg5.jpg,CAPorg5.jpg,651689,a4da2c23a7ba0d7f98458d2eb61a70887866cdb707a7829865fc209d44e268cf,1024,768,144.058711,50.682986,False,a4da2c23a7ba0d7f98458d2eb61a70887866cdb707a7829865fc209d44e268cf,False,True,train
recovered_archive3/235,recovered_archive3,235,cap_image,recovered_archive3/235/CAPorg6.jpg,CAPorg6.jpg,646706,e0c0f728a5bb6895ce12cfa8d071fd29741cf826cb15f5a2dd57903c1b1cf852,1024,768,143.682504,46.012352,False,e0c0f728a5bb6895ce12cfa8d071fd29741cf826cb15f5a2dd57903c1b1cf852,False,True,train
recovered_archive3/235,recovered_archive3,235,cap_image,recovered_archive3/235/CAPorg7.jpg,CAPorg7.jpg,650742,f714cd5bd9d6d153760d0ee41feb626d03a476884d523eae91553a2291a88e1b,1024,768,152.482146,42.930215,False,f714cd5bd9d6d153760d0ee41feb626d03a476884d523eae91553a2291a88e1b,False,True,train
recovered_archive3/235,recovered_archive3,235,cap_image,recovered_archive3/235/CAPorg8.jpg,CAPorg8.jpg,648333,eaeb108f97ec574af62f6717aa5aae1fc67a7a39d7f46b7db64860285a380a43,1024,768,142.803149,40.289119,False,eaeb108f97ec574af62f6717aa5aae1fc67a7a39d7f46b7db64860285a380a43,False,True,train
recovered_archive3/235,recovered_archive3,235,cap_image,recovered_archive3/235/CAPorg9.jpg,CAPorg9.jpg,652044,06a77e6ab262c71a3b43c75b8dbb3089cba1cad55b55db40491a5456d47a57b2,1024,768,146.176901,37.788358,False,06a77e6ab262c71a3b43c75b8dbb3089cba1cad55b55db40491a5456d47a57b2,False,True,train
recovered_archive3/235,recovered_archive3,235,report_image,recovered_archive3/235/rep.jpg.jpg,rep.jpg.jpg,84804,458f4eb73cbad2b4c7ab11e81c9113100b86f08bb2d230531290eace7a743564,,,,,False,458f4eb73cbad2b4c7ab11e81c9113100b86f08bb2d230531290eace7a743564,False,False,train
recovered_archive3/235,recovered_archive3,235,report_image,recovered_archive3/235/rep_1912050.jpg.jpg,rep_1912050.jpg.jpg,83805,25f50fff26ad013d836f47fdd30b38ee1146091d4135e76e05229403d766b857,,,,,False,25f50fff26ad013d836f47fdd30b38ee1146091d4135e76e05229403d766b857,False,False,train
recovered_archive3/235,recovered_archive3,235,report_image,recovered_archive3/235/rep_1912051.jpg.jpg,rep_1912051.jpg.jpg,84804,458f4eb73cbad2b4c7ab11e81c9113100b86f08bb2d230531290eace7a743564,,,,,False,458f4eb73cbad2b4c7ab11e81c9113100b86f08bb2d230531290eace7a743564,False,False,train
recovered_archive3/235,recovered_archive3,235,report_image,recovered_archive3/235/rep_左手.jpg.jpg,rep_左手.jpg.jpg,84804,458f4eb73cbad2b4c7ab11e81c9113100b86f08bb2d230531290eace7a743564,,,,,False,458f4eb73cbad2b4c7ab11e81c9113100b86f08bb2d230531290eace7a743564,False,False,train
recovered_archive3/235,recovered_archive3,235,video,recovered_archive3/235/wmv0.avi,wmv0.avi,483662848,,,,,,False,,True,False,train
recovered_archive3/235,recovered_archive3,235,video,recovered_archive3/235/wmv1.avi,wmv1.avi,410524160,,,,,,False,,True,False,train
recovered_archive3/235,recovered_archive3,235,video,recovered_archive3/235/wmv2.avi,wmv2.avi,363337728,,,,,,False,,True,False,train
recovered_archive3/236,recovered_archive3,236,cap_image,recovered_archive3/236/CAPorg1.jpg,CAPorg1.jpg,612431,1a4b7b68c00dc16a48eb4b43d6b416a4699d0a67c6b47fc0ad8618c1c12ef05d,1024,768,67.399481,17.985201,False,1a4b7b68c00dc16a48eb4b43d6b416a4699d0a67c6b47fc0ad8618c1c12ef05d,False,True,train
recovered_archive3/236,recovered_archive3,236,cap_image,recovered_archive3/236/CAPorg2.jpg,CAPorg2.jpg,622789,017962c574fa4424d8cb8f17e2b3d47db5446ad2b3a27a6497a039562194c8af,1024,768,85.530361,17.54851,False,017962c574fa4424d8cb8f17e2b3d47db5446ad2b3a27a6497a039562194c8af,False,True,train
recovered_archive3/236,recovered_archive3,236,cap_image,recovered_archive3/236/CAPorg3.jpg,CAPorg3.jpg,632535,f203ea317878966384395275aacd5f24bfe5606fac8cf8717fc38f52da565f3e,1024,768,102.35369,22.912835,False,f203ea317878966384395275aacd5f24bfe5606fac8cf8717fc38f52da565f3e,False,True,train
recovered_archive3/236,recovered_archive3,236,cap_image,recovered_archive3/236/CAPorg4.jpg,CAPorg4.jpg,619906,a57af22554d581eb4a0516f7df62c05f50d60ce6582ff4ec78e7f20e882e220e,1024,768,85.956632,22.67384,False,a57af22554d581eb4a0516f7df62c05f50d60ce6582ff4ec78e7f20e882e220e,False,True,train
recovered_archive3/236,recovered_archive3,236,cap_image,recovered_archive3/236/CAPorg5.jpg,CAPorg5.jpg,642491,a57898fe2841c877d62531a5ad2ee9ae266f672546b415bfb06cf7137386bbfb,1024,768,121.189444,28.803927,False,a57898fe2841c877d62531a5ad2ee9ae266f672546b415bfb06cf7137386bbfb,False,True,train
recovered_archive3/236,recovered_archive3,236,report_image,recovered_archive3/236/rep.jpg.jpg,rep.jpg.jpg,85590,c763f2852666caf8e3851c27b9102881280303382145634d6486dec058bdb411,,,,,False,c763f2852666caf8e3851c27b9102881280303382145634d6486dec058bdb411,False,False,train
recovered_archive3/236,recovered_archive3,236,report_image,recovered_archive3/236/rep_1903050.jpg.jpg,rep_1903050.jpg.jpg,85590,c763f2852666caf8e3851c27b9102881280303382145634d6486dec058bdb411,,,,,False,c763f2852666caf8e3851c27b9102881280303382145634d6486dec058bdb411,False,False,train
recovered_archive3/236,recovered_archive3,236,report_image,recovered_archive3/236/rep_1903051.jpg.jpg,rep_1903051.jpg.jpg,85590,c763f2852666caf8e3851c27b9102881280303382145634d6486dec058bdb411,,,,,False,c763f2852666caf8e3851c27b9102881280303382145634d6486dec058bdb411,False,False,train
recovered_archive3/236,recovered_archive3,236,report_image,recovered_archive3/236/rep_左手.jpg.jpg,rep_左手.jpg.jpg,85590,c763f2852666caf8e3851c27b9102881280303382145634d6486dec058bdb411,,,,,False,c763f2852666caf8e3851c27b9102881280303382145634d6486dec058bdb411,False,False,train
recovered_archive3/236,recovered_archive3,236,video,recovered_archive3/236/wmv0.avi,wmv0.avi,9938432,,,,,,False,,True,False,train
recovered_archive3/236,recovered_archive3,236,video,recovered_archive3/236/wmv1.avi,wmv1.avi,7565824,,,,,,False,,True,False,train
recovered_archive3/237,recovered_archive3,237,cap_image,recovered_archive3/237/CAPorg1.jpg,CAPorg1.jpg,633749,c7f510952f38e35dd0dae1876000aa38bf65fc59cb25f3e3a0768562f8b13d95,1024,768,103.54334,48.835723,False,c7f510952f38e35dd0dae1876000aa38bf65fc59cb25f3e3a0768562f8b13d95,False,True,train
recovered_archive3/237,recovered_archive3,237,cap_image,recovered_archive3/237/CAPorg2.jpg,CAPorg2.jpg,639542,9a31bb159efb3e475a3fe92dff674f498fcca7e8dc9bfeba5be1fc6f92611690,1024,768,124.068548,61.972514,False,9a31bb159efb3e475a3fe92dff674f498fcca7e8dc9bfeba5be1fc6f92611690,False,True,train
recovered_archive3/237,recovered_archive3,237,cap_image,recovered_archive3/237/CAPorg3.jpg,CAPorg3.jpg,648464,2e84007ab4120b50e9a254e81d2a856b17b84fe9f79ba6b1553aa1e1d6791ab9,1024,768,131.700661,54.369399,False,2e84007ab4120b50e9a254e81d2a856b17b84fe9f79ba6b1553aa1e1d6791ab9,False,True,train
recovered_archive3/237,recovered_archive3,237,cap_image,recovered_archive3/237/CAPorg4.jpg,CAPorg4.jpg,637361,f5849351864fed6c86c71490d7ddfca7288fc31716b976926118164894ff89cc,1024,768,162.687621,58.865512,False,f5849351864fed6c86c71490d7ddfca7288fc31716b976926118164894ff89cc,False,True,train
recovered_archive3/237,recovered_archive3,237,cap_image,recovered_archive3/237/CAPorg5.jpg,CAPorg5.jpg,643153,d996a8e496fe7c2d84b5ec13f70531293e8a2c619ac2d675e919934a9a041bc4,1024,768,126.939465,54.489683,False,d996a8e496fe7c2d84b5ec13f70531293e8a2c619ac2d675e919934a9a041bc4,False,True,train
recovered_archive3/237,recovered_archive3,237,report_image,recovered_archive3/237/rep.jpg.jpg,rep.jpg.jpg,76225,db97ba233f2c684009bd825af29a2f1a23a7e88edcb0712144fcd5b054bca4cd,,,,,False,db97ba233f2c684009bd825af29a2f1a23a7e88edcb0712144fcd5b054bca4cd,False,False,train
recovered_archive3/237,recovered_archive3,237,report_image,recovered_archive3/237/rep_1.jpg.jpg,rep_1.jpg.jpg,66058,0c094ac68044a548aba86d6d226c187812b502d8e7b20b2682c369b75620d2b1,,,,,False,0c094ac68044a548aba86d6d226c187812b502d8e7b20b2682c369b75620d2b1,False,False,train
recovered_archive3/237,recovered_archive3,237,report_image,recovered_archive3/237/rep_1812130.jpg.jpg,rep_1812130.jpg.jpg,56295,021661b8bb20b766933fbb98290bd236e0318316d66751bd4b287318f5ae2441,,,,,False,021661b8bb20b766933fbb98290bd236e0318316d66751bd4b287318f5ae2441,False,False,train
recovered_archive3/237,recovered_archive3,237,report_image,recovered_archive3/237/rep_1812131.jpg.jpg,rep_1812131.jpg.jpg,76225,db97ba233f2c684009bd825af29a2f1a23a7e88edcb0712144fcd5b054bca4cd,,,,,False,db97ba233f2c684009bd825af29a2f1a23a7e88edcb0712144fcd5b054bca4cd,False,False,train
recovered_archive3/237,recovered_archive3,237,report_image,recovered_archive3/237/rep_左手.jpg.jpg,rep_左手.jpg.jpg,76225,db97ba233f2c684009bd825af29a2f1a23a7e88edcb0712144fcd5b054bca4cd,,,,,False,db97ba233f2c684009bd825af29a2f1a23a7e88edcb0712144fcd5b054bca4cd,False,False,train
recovered_archive3/238,recovered_archive3,238,cap_image,recovered_archive3/238/CAPorg1.jpg,CAPorg1.jpg,548872,f5b20c8dc841ce8f7ee03a46e2711518576b4dbe5e3212a0033aa1b61b7b83a3,1024,768,45.306288,36.77993,False,f5b20c8dc841ce8f7ee03a46e2711518576b4dbe5e3212a0033aa1b61b7b83a3,False,True,
recovered_archive3/238,recovered_archive3,238,cap_image,recovered_archive3/238/CAPorg2.jpg,CAPorg2.jpg,598596,51aa3389355b11e5b37adc6d3d3d60b3af3298d731a61021030c79168efe24b4,1024,768,65.896676,46.136093,False,51aa3389355b11e5b37adc6d3d3d60b3af3298d731a61021030c79168efe24b4,False,True,
recovered_archive3/238,recovered_archive3,238,cap_image,recovered_archive3/238/CAPorg3.jpg,CAPorg3.jpg,556432,6fef95995ce049b669ef74f82d20d197876a9b45c6b92780c3d804522800c374,1024,768,51.50397,41.447563,False,6fef95995ce049b669ef74f82d20d197876a9b45c6b92780c3d804522800c374,False,True,
recovered_archive3/238,recovered_archive3,238,cap_image,recovered_archive3/238/CAPorg4.jpg,CAPorg4.jpg,533507,3d2eacf5be21abb4a2d87d4638ecf13fb21270ad0dbb753196ae7f3e3e5dac5c,1024,768,82.865822,76.604225,False,3d2eacf5be21abb4a2d87d4638ecf13fb21270ad0dbb753196ae7f3e3e5dac5c,False,True,
recovered_archive3/238,recovered_archive3,238,cap_image,recovered_archive3/238/CAPorg5.jpg,CAPorg5.jpg,575070,5963a79f120da862b3f94d5d4f23c7dc552a65dae373749138f7970e4d77d6e8,1024,768,45.001319,33.320683,False,5963a79f120da862b3f94d5d4f23c7dc552a65dae373749138f7970e4d77d6e8,False,True,
recovered_archive3/238,recovered_archive3,238,cap_image,recovered_archive3/238/CAPorg6.jpg,CAPorg6.jpg,617530,0c89586f7b88a3d0ef4c6ff7bd43c59a69fe9b4f3c3ae7f9cc4840acfe449e69,1024,768,72.099247,37.876449,False,0c89586f7b88a3d0ef4c6ff7bd43c59a69fe9b4f3c3ae7f9cc4840acfe449e69,False,True,
recovered_archive3/239,recovered_archive3,239,cap_image,recovered_archive3/239/CAPorg1.jpg,CAPorg1.jpg,571133,85adbaed9f706d7f1b233be0b3db411be3dc6e8d5e401a8d1fe2f29be1e52d23,1024,768,207.371563,36.8559,False,85adbaed9f706d7f1b233be0b3db411be3dc6e8d5e401a8d1fe2f29be1e52d23,False,True,
recovered_archive3/239,recovered_archive3,239,cap_image,recovered_archive3/239/CAPorg2.jpg,CAPorg2.jpg,635750,3d220bf28efc77772721030295cd134d8067edf2b31c063377daaa3e65fb7336,1024,768,114.04024,45.215062,False,3d220bf28efc77772721030295cd134d8067edf2b31c063377daaa3e65fb7336,False,True,
recovered_archive3/239,recovered_archive3,239,cap_image,recovered_archive3/239/CAPorg3.jpg,CAPorg3.jpg,627046,115d77e146517b75bf5e810cc6faf336e11e3ccdfbd3d58e32f69109154877eb,1024,768,103.857512,52.47228,False,115d77e146517b75bf5e810cc6faf336e11e3ccdfbd3d58e32f69109154877eb,False,True,
recovered_archive3/239,recovered_archive3,239,cap_image,recovered_archive3/239/CAPorg4.jpg,CAPorg4.jpg,658712,947218f2a0ace45ded965e994822f48f099dce4272f609bbc99410d58f400ca2,1024,768,147.772696,41.735907,False,947218f2a0ace45ded965e994822f48f099dce4272f609bbc99410d58f400ca2,False,True,
recovered_archive3/239,recovered_archive3,239,cap_image,recovered_archive3/239/CAPorg5.jpg,CAPorg5.jpg,597589,5174163c3565a69a6ea4f12489a8deaf7b32d0197fc6583c4b846f149318ef0f,1024,768,50.048831,21.64501,False,5174163c3565a69a6ea4f12489a8deaf7b32d0197fc6583c4b846f149318ef0f,False,True,
recovered_archive3/240,recovered_archive3,240,cap_image,recovered_archive3/240/CAPorg1.jpg,CAPorg1.jpg,534417,81d1f8fceac072cff004521938fea2412b4ea2f8c7bf3c9face36eed8320c34b,1024,768,156.061448,82.186449,False,81d1f8fceac072cff004521938fea2412b4ea2f8c7bf3c9face36eed8320c34b,False,True,
recovered_archive3/240,recovered_archive3,240,cap_image,recovered_archive3/240/CAPorg2.jpg,CAPorg2.jpg,619163,4da087b9d210ba22958504c4374794a1ab7426501b2e86e2d55e48c474ece61d,1024,768,97.319753,53.619614,False,4da087b9d210ba22958504c4374794a1ab7426501b2e86e2d55e48c474ece61d,False,True,
recovered_archive3/240,recovered_archive3,240,cap_image,recovered_archive3/240/CAPorg3.jpg,CAPorg3.jpg,622384,8da468df76401db8b1985b707aba6689f2b05cc8368ff1d39ff8b47b1cabbbb1,1024,768,98.502242,51.051799,False,8da468df76401db8b1985b707aba6689f2b05cc8368ff1d39ff8b47b1cabbbb1,False,True,
recovered_archive3/240,recovered_archive3,240,cap_image,recovered_archive3/240/CAPorg4.jpg,CAPorg4.jpg,619589,a3da40ec0793f47a172a8cf3931bcf2517cdb507e5bec5698d9df39bd0400667,1024,768,96.064168,49.120644,False,a3da40ec0793f47a172a8cf3931bcf2517cdb507e5bec5698d9df39bd0400667,False,True,
recovered_archive3/240,recovered_archive3,240,cap_image,recovered_archive3/240/CAPorg5.jpg,CAPorg5.jpg,611362,2d9fabdaf814a5bd2885f475622349e92878f624c04de1feecdd2ff5daf1ed76,1024,768,84.631505,48.418834,False,2d9fabdaf814a5bd2885f475622349e92878f624c04de1feecdd2ff5daf1ed76,False,True,
recovered_archive3/240,recovered_archive3,240,cap_image,recovered_archive3/240/CAPorg6.jpg,CAPorg6.jpg,623124,49ebd4dc96da05c90a19196e2eb0a45bd43fe57bf08c9b69a203363e0afa4fd9,1024,768,107.174356,54.082586,False,49ebd4dc96da05c90a19196e2eb0a45bd43fe57bf08c9b69a203363e0afa4fd9,False,True,
recovered_archive3/240,recovered_archive3,240,report_image,recovered_archive3/240/rep.jpg.jpg,rep.jpg.jpg,55168,d13bd4419bf0dc5e480e7f1e9471d7aa6000870e268430ef8d5b37740a2ef469,,,,,False,d13bd4419bf0dc5e480e7f1e9471d7aa6000870e268430ef8d5b37740a2ef469,False,False,
recovered_archive3/240,recovered_archive3,240,report_image,recovered_archive3/240/rep_1.jpg.jpg,rep_1.jpg.jpg,55168,d13bd4419bf0dc5e480e7f1e9471d7aa6000870e268430ef8d5b37740a2ef469,,,,,False,d13bd4419bf0dc5e480e7f1e9471d7aa6000870e268430ef8d5b37740a2ef469,False,False,
recovered_archive3/240,recovered_archive3,240,report_image,recovered_archive3/240/rep_1810160.jpg.jpg,rep_1810160.jpg.jpg,55148,33e926560df559e5d7018ce51642c8565bf0a745a6b7e736419f73de5a77957c,,,,,False,33e926560df559e5d7018ce51642c8565bf0a745a6b7e736419f73de5a77957c,False,False,
recovered_archive3/241,recovered_archive3,241,cap_image,recovered_archive3/241/CAPorg1.jpg,CAPorg1.jpg,630343,b16b6d99f994a9677bdb9d654ffc4a2b26885c51a3f53145ca08e0495e4eb56d,1024,768,110.923817,61.726008,False,b16b6d99f994a9677bdb9d654ffc4a2b26885c51a3f53145ca08e0495e4eb56d,False,True,val
recovered_archive3/241,recovered_archive3,241,cap_image,recovered_archive3/241/CAPorg10.jpg,CAPorg10.jpg,598985,188e8c997b501968240a6cd0b4f4df1e7526054a87fddf18ca236e5a248f4ac1,1024,768,52.679888,17.623779,False,188e8c997b501968240a6cd0b4f4df1e7526054a87fddf18ca236e5a248f4ac1,False,True,val
recovered_archive3/241,recovered_archive3,241,cap_image,recovered_archive3/241/CAPorg11.jpg,CAPorg11.jpg,580141,f6d73de4128ffcb6afca3152ab45302ba410157ea05cddcffb537b73bf3e398c,1024,768,37.997602,15.591274,False,f6d73de4128ffcb6afca3152ab45302ba410157ea05cddcffb537b73bf3e398c,False,True,val
recovered_archive3/241,recovered_archive3,241,cap_image,recovered_archive3/241/CAPorg12.jpg,CAPorg12.jpg,608859,8ff5e05049dc69f07edc3029e02d64fe37cea668e785da7537aa4ab2725125c3,1024,768,62.976446,17.391481,False,8ff5e05049dc69f07edc3029e02d64fe37cea668e785da7537aa4ab2725125c3,False,True,val
recovered_archive3/241,recovered_archive3,241,cap_image,recovered_archive3/241/CAPorg13.jpg,CAPorg13.jpg,633590,4f8ad541b4a3d3bb99f739a4cfa94fa478a5d63cabd727fb7ceb3223b308d0fd,1024,768,162.638133,56.036482,False,4f8ad541b4a3d3bb99f739a4cfa94fa478a5d63cabd727fb7ceb3223b308d0fd,False,True,val
recovered_archive3/241,recovered_archive3,241,cap_image,recovered_archive3/241/CAPorg2.jpg,CAPorg2.jpg,575971,eaca1c4783839283046847556e8d88b56937bc1564e7e5857ab38386a8d6d230,1024,768,37.16453,20.565757,False,eaca1c4783839283046847556e8d88b56937bc1564e7e5857ab38386a8d6d230,False,True,val
recovered_archive3/241,recovered_archive3,241,cap_image,recovered_archive3/241/CAPorg3.jpg,CAPorg3.jpg,585045,1529750bc789c7e0208627960db65f6a5ca0ecf7e8af5dce22b7c70eec1e592d,1024,768,39.813269,15.681546,False,1529750bc789c7e0208627960db65f6a5ca0ecf7e8af5dce22b7c70eec1e592d,False,True,val
recovered_archive3/241,recovered_archive3,241,cap_image,recovered_archive3/241/CAPorg4.jpg,CAPorg4.jpg,581435,7b5ccc38fd28e95b9f83a2b70515f19e4b141d3681dc9653ef95408735ff03d5,1024,768,37.283848,16.114994,False,7b5ccc38fd28e95b9f83a2b70515f19e4b141d3681dc9653ef95408735ff03d5,False,True,val
recovered_archive3/241,recovered_archive3,241,cap_image,recovered_archive3/241/CAPorg5.jpg,CAPorg5.jpg,625704,3fe9daf7dbf8f469d218fe61028f7fd02b5584d35df6e8053e3526fd859fe25b,1024,768,84.066026,22.429966,False,3fe9daf7dbf8f469d218fe61028f7fd02b5584d35df6e8053e3526fd859fe25b,False,True,val
recovered_archive3/241,recovered_archive3,241,cap_image,recovered_archive3/241/CAPorg6.jpg,CAPorg6.jpg,631000,8a0bc7313e1daea67363713ae3b4d4a9738a51ed03e279907b92be2c7de19747,1024,768,95.112213,25.712709,False,8a0bc7313e1daea67363713ae3b4d4a9738a51ed03e279907b92be2c7de19747,False,True,val
recovered_archive3/241,recovered_archive3,241,cap_image,recovered_archive3/241/CAPorg7.jpg,CAPorg7.jpg,619675,085843028016e047b9a8e89bc9c61e380c2bd698fa8304126fffdf7062fcc280,1024,768,75.31935,20.021806,False,085843028016e047b9a8e89bc9c61e380c2bd698fa8304126fffdf7062fcc280,False,True,val
recovered_archive3/241,recovered_archive3,241,cap_image,recovered_archive3/241/CAPorg8.jpg,CAPorg8.jpg,611943,70a2b696487df27cad0a045d598884a28dc2d22ac63ee0734b4a5e09e1cec8fe,1024,768,66.748371,19.174785,False,70a2b696487df27cad0a045d598884a28dc2d22ac63ee0734b4a5e09e1cec8fe,False,True,val
recovered_archive3/241,recovered_archive3,241,cap_image,recovered_archive3/241/CAPorg9.jpg,CAPorg9.jpg,606308,751546d8f91c77165f37f3f38f7bb12f5a6c12608c584b39155f948f721ff98f,1024,768,60.887224,17.962778,False,751546d8f91c77165f37f3f38f7bb12f5a6c12608c584b39155f948f721ff98f,False,True,val
recovered_archive3/241,recovered_archive3,241,report_image,recovered_archive3/241/rep.jpg.jpg,rep.jpg.jpg,84473,a53be7153c5e289fa6f59b16f1d7ae2d97cf9193f52bb44327b1ca9e0c52db83,,,,,False,a53be7153c5e289fa6f59b16f1d7ae2d97cf9193f52bb44327b1ca9e0c52db83,False,False,val
recovered_archive3/241,recovered_archive3,241,report_image,recovered_archive3/241/rep_1910310.jpg.jpg,rep_1910310.jpg.jpg,83789,78a31a09697f812fa9d8042ccc6447186c30dbbc923b7b43720e8f2b146362fb,,,,,False,78a31a09697f812fa9d8042ccc6447186c30dbbc923b7b43720e8f2b146362fb,False,False,val
recovered_archive3/241,recovered_archive3,241,report_image,recovered_archive3/241/rep_1910311.jpg.jpg,rep_1910311.jpg.jpg,84473,a53be7153c5e289fa6f59b16f1d7ae2d97cf9193f52bb44327b1ca9e0c52db83,,,,,False,a53be7153c5e289fa6f59b16f1d7ae2d97cf9193f52bb44327b1ca9e0c52db83,False,False,val
recovered_archive3/241,recovered_archive3,241,report_image,recovered_archive3/241/rep_左手.jpg.jpg,rep_左手.jpg.jpg,84473,a53be7153c5e289fa6f59b16f1d7ae2d97cf9193f52bb44327b1ca9e0c52db83,,,,,False,a53be7153c5e289fa6f59b16f1d7ae2d97cf9193f52bb44327b1ca9e0c52db83,False,False,val
recovered_archive3/241,recovered_archive3,241,video,recovered_archive3/241/wmv0.avi,wmv0.avi,306714112,,,,,,False,,True,False,val
recovered_archive3/241,recovered_archive3,241,video,recovered_archive3/241/wmv1.avi,wmv1.avi,349181440,,,,,,False,,True,False,val
recovered_archive3/241,recovered_archive3,241,video,recovered_archive3/241/wmv2.avi,wmv2.avi,273683456,,,,,,False,,True,False,val
recovered_archive3/242,recovered_archive3,242,cap_image,recovered_archive3/242/CAPorg1.jpg,CAPorg1.jpg,12917,749a8efc155a7020938f4cce12a79e06e26c0435082b998dd21c0492d02f11a1,1024,768,0.0,0.0,True,749a8efc155a7020938f4cce12a79e06e26c0435082b998dd21c0492d02f11a1,False,True,test
recovered_archive3/242,recovered_archive3,242,cap_image,recovered_archive3/242/CAPorg2.jpg,CAPorg2.jpg,598261,ed593a3fe8f22a8882218647be6b4e6cd1117231a7dfd76bd51579b56728f999,1024,768,73.55581,44.864715,False,ed593a3fe8f22a8882218647be6b4e6cd1117231a7dfd76bd51579b56728f999,False,True,test
recovered_archive3/242,recovered_archive3,242,cap_image,recovered_archive3/242/CAPorg3.jpg,CAPorg3.jpg,636482,c8f176f1df9405c77ea99b92dc47c5c839b5afa1b9b3970915e6f49606ef9012,1024,768,103.070906,37.268751,False,c8f176f1df9405c77ea99b92dc47c5c839b5afa1b9b3970915e6f49606ef9012,False,True,test
recovered_archive3/242,recovered_archive3,242,cap_image,recovered_archive3/242/CAPorg4.jpg,CAPorg4.jpg,638169,7bf9f3e542fd32ad5797e81445561dd40c47c46f64d14d55cfcc7ccb7cbb29c8,1024,768,116.506555,31.886433,False,7bf9f3e542fd32ad5797e81445561dd40c47c46f64d14d55cfcc7ccb7cbb29c8,False,True,test
recovered_archive3/242,recovered_archive3,242,cap_image,recovered_archive3/242/CAPorg5.jpg,CAPorg5.jpg,588006,ecf29b82c69f93d5a04f7ef125f6b363c6c7a2f4d16dcd95e7e3371def1f9ba9,1024,768,67.887844,48.705646,False,ecf29b82c69f93d5a04f7ef125f6b363c6c7a2f4d16dcd95e7e3371def1f9ba9,False,True,test
recovered_archive3/242,recovered_archive3,242,report_image,recovered_archive3/242/rep.jpg.jpg,rep.jpg.jpg,73530,054b949baf26578feca9e74315b8f45c5c23fde3681611a3c0752c79eda3fb77,,,,,False,054b949baf26578feca9e74315b8f45c5c23fde3681611a3c0752c79eda3fb77,False,False,test
recovered_archive3/242,recovered_archive3,242,report_image,recovered_archive3/242/rep_1904120.jpg.jpg,rep_1904120.jpg.jpg,73530,054b949baf26578feca9e74315b8f45c5c23fde3681611a3c0752c79eda3fb77,,,,,False,054b949baf26578feca9e74315b8f45c5c23fde3681611a3c0752c79eda3fb77,False,False,test
recovered_archive3/242,recovered_archive3,242,report_image,recovered_archive3/242/rep_1904121.jpg.jpg,rep_1904121.jpg.jpg,73530,054b949baf26578feca9e74315b8f45c5c23fde3681611a3c0752c79eda3fb77,,,,,False,054b949baf26578feca9e74315b8f45c5c23fde3681611a3c0752c79eda3fb77,False,False,test
recovered_archive3/242,recovered_archive3,242,report_image,recovered_archive3/242/rep_右手.jpg.jpg,rep_右手.jpg.jpg,73530,054b949baf26578feca9e74315b8f45c5c23fde3681611a3c0752c79eda3fb77,,,,,False,054b949baf26578feca9e74315b8f45c5c23fde3681611a3c0752c79eda3fb77,False,False,test
recovered_archive3/243,recovered_archive3,243,cap_image,recovered_archive3/243/CAPorg1.jpg,CAPorg1.jpg,627287,5e7c767f7aa2960d1afa5b2ab1de6e8b5a3ce269ee1a5795b3202169aa752a6b,1024,768,121.328417,54.819849,False,5e7c767f7aa2960d1afa5b2ab1de6e8b5a3ce269ee1a5795b3202169aa752a6b,False,True,train
recovered_archive3/243,recovered_archive3,243,cap_image,recovered_archive3/243/CAPorg2.jpg,CAPorg2.jpg,561811,8f8a62b3a1327e1742472f74ad682b497ce55d579a5ea64cba064f1bee9af7bb,1024,768,28.821089,17.321837,False,8f8a62b3a1327e1742472f74ad682b497ce55d579a5ea64cba064f1bee9af7bb,False,True,train
recovered_archive3/243,recovered_archive3,243,cap_image,recovered_archive3/243/CAPorg3.jpg,CAPorg3.jpg,456673,fc29957c9c7002b4208b0924373062f8a3659128a669c8c55ee5847434d9f19e,1024,768,102.131105,93.558276,False,fc29957c9c7002b4208b0924373062f8a3659128a669c8c55ee5847434d9f19e,False,True,train
recovered_archive3/243,recovered_archive3,243,cap_image,recovered_archive3/243/CAPorg4.jpg,CAPorg4.jpg,614145,fdb172a7df7f1ddae4ba434ae16ac536f988bf15404cd688c838cf8c1ce80781,1024,768,83.578726,43.945047,False,fdb172a7df7f1ddae4ba434ae16ac536f988bf15404cd688c838cf8c1ce80781,False,True,train
recovered_archive3/243,recovered_archive3,243,cap_image,recovered_archive3/243/CAPorg5.jpg,CAPorg5.jpg,617119,2131419b153f0581f13a3aeefca9bf7036f26178b6f1499d2cbe6cf36b235d67,1024,768,80.846287,34.514816,False,2131419b153f0581f13a3aeefca9bf7036f26178b6f1499d2cbe6cf36b235d67,False,True,train
recovered_archive3/243,recovered_archive3,243,cap_image,recovered_archive3/243/CAPorg6.jpg,CAPorg6.jpg,621367,392926ec7758c3c560e985744b4deeec1d38ffeb2d2f78ae98b06c553fba268c,1024,768,94.019166,45.651748,False,392926ec7758c3c560e985744b4deeec1d38ffeb2d2f78ae98b06c553fba268c,False,True,train
recovered_archive3/243,recovered_archive3,243,cap_image,recovered_archive3/243/CAPorg7.jpg,CAPorg7.jpg,578364,bfef8ef64ac7b0153c8cdb1d5caeb3eafb77757b26391e101d7acdb64e270d55,1024,768,95.246438,57.430516,False,bfef8ef64ac7b0153c8cdb1d5caeb3eafb77757b26391e101d7acdb64e270d55,False,True,train
recovered_archive3/243,recovered_archive3,243,cap_image,recovered_archive3/243/CAPorg8.jpg,CAPorg8.jpg,569255,8772fcf819e1ab83ee2eb42de1b118bd598916c245578137989f1bc25bdcbdb2,1024,768,93.538246,59.48433,False,8772fcf819e1ab83ee2eb42de1b118bd598916c245578137989f1bc25bdcbdb2,False,True,train
recovered_archive3/243,recovered_archive3,243,report_image,recovered_archive3/243/rep.jpg.jpg,rep.jpg.jpg,73139,e7fdca9410d94c76e987aeef165c0c7f5480c81fd7916e15ef5048ee21ad9d77,,,,,False,e7fdca9410d94c76e987aeef165c0c7f5480c81fd7916e15ef5048ee21ad9d77,False,False,train
recovered_archive3/243,recovered_archive3,243,report_image,recovered_archive3/243/rep_1902210.jpg.jpg,rep_1902210.jpg.jpg,73221,b276736e98408da8d63a4552980999a125eef5185cc9a72d37e16d3010188d4a,,,,,False,b276736e98408da8d63a4552980999a125eef5185cc9a72d37e16d3010188d4a,False,False,train
recovered_archive3/243,recovered_archive3,243,report_image,recovered_archive3/243/rep_1902211.jpg.jpg,rep_1902211.jpg.jpg,73139,e7fdca9410d94c76e987aeef165c0c7f5480c81fd7916e15ef5048ee21ad9d77,,,,,False,e7fdca9410d94c76e987aeef165c0c7f5480c81fd7916e15ef5048ee21ad9d77,False,False,train
recovered_archive3/243,recovered_archive3,243,report_image,recovered_archive3/243/rep_右手.jpg.jpg,rep_右手.jpg.jpg,73139,e7fdca9410d94c76e987aeef165c0c7f5480c81fd7916e15ef5048ee21ad9d77,,,,,False,e7fdca9410d94c76e987aeef165c0c7f5480c81fd7916e15ef5048ee21ad9d77,False,False,train
recovered_archive3/244,recovered_archive3,244,cap_image,recovered_archive3/244/CAPorg1.jpg,CAPorg1.jpg,608968,ec06465ecd0a9c19e5442f2415b975f5f6c5a79a54c2229d7aa92761e29e7711,1024,768,122.985751,80.495544,False,ec06465ecd0a9c19e5442f2415b975f5f6c5a79a54c2229d7aa92761e29e7711,False,True,train
recovered_archive3/244,recovered_archive3,244,cap_image,recovered_archive3/244/CAPorg10.jpg,CAPorg10.jpg,583123,39b84d3d612906b449f90103b1c94bd96bb04858fff5da63c113d9230405dffc,1024,768,50.396718,32.834812,False,39b84d3d612906b449f90103b1c94bd96bb04858fff5da63c113d9230405dffc,False,True,train
recovered_archive3/244,recovered_archive3,244,cap_image,recovered_archive3/244/CAPorg2.jpg,CAPorg2.jpg,633078,cb042c81e4a0d637e548563ac5ae5faa776d534d85e5b3fb6d08873fd4031e95,1024,768,103.307068,47.639525,False,cb042c81e4a0d637e548563ac5ae5faa776d534d85e5b3fb6d08873fd4031e95,False,True,train
recovered_archive3/244,recovered_archive3,244,cap_image,recovered_archive3/244/CAPorg3.jpg,CAPorg3.jpg,583433,222efdbcfec5f87a65b4b7b2ada221a83ead8af094f557b2eb3f329254fd18d4,1024,768,51.131023,31.265047,False,222efdbcfec5f87a65b4b7b2ada221a83ead8af094f557b2eb3f329254fd18d4,False,True,train
recovered_archive3/244,recovered_archive3,244,cap_image,recovered_archive3/244/CAPorg4.jpg,CAPorg4.jpg,571629,00adbcee1a9ffdc2c0641986ca30125c1e740eb09faef9b755f79a71154a32b9,1024,768,48.845048,33.086052,False,00adbcee1a9ffdc2c0641986ca30125c1e740eb09faef9b755f79a71154a32b9,False,True,train
recovered_archive3/244,recovered_archive3,244,cap_image,recovered_archive3/244/CAPorg5.jpg,CAPorg5.jpg,565907,8d2f4cde58790b7e6825e00c30ef51ce4d166ddd4a12840c8e0a21352a3e1353,1024,768,44.970927,33.993801,False,8d2f4cde58790b7e6825e00c30ef51ce4d166ddd4a12840c8e0a21352a3e1353,False,True,train
recovered_archive3/244,recovered_archive3,244,cap_image,recovered_archive3/244/CAPorg6.jpg,CAPorg6.jpg,586232,5511d4bf53c595b52ce9a5fbe60f1594254031638008854e14fca70fc30d67d5,1024,768,51.257783,31.431681,False,5511d4bf53c595b52ce9a5fbe60f1594254031638008854e14fca70fc30d67d5,False,True,train
recovered_archive3/244,recovered_archive3,244,cap_image,recovered_archive3/244/CAPorg7.jpg,CAPorg7.jpg,598166,3b32706cfd5ce55408848c85880d1c6db34ee6d73affa40f78cda6fab6177f1c,1024,768,55.378311,26.489629,False,3b32706cfd5ce55408848c85880d1c6db34ee6d73affa40f78cda6fab6177f1c,False,True,train
recovered_archive3/244,recovered_archive3,244,cap_image,recovered_archive3/244/CAPorg8.jpg,CAPorg8.jpg,591935,fd41de96c0b5113d92513147b389bd37a029cb84333a39762dd607fb0aa94e2a,1024,768,51.404908,30.454055,False,fd41de96c0b5113d92513147b389bd37a029cb84333a39762dd607fb0aa94e2a,False,True,train
recovered_archive3/244,recovered_archive3,244,cap_image,recovered_archive3/244/CAPorg9.jpg,CAPorg9.jpg,587365,dd8ac8be14362815789d314ea667ff96029812e45ecbad5c450b6d851b4e02aa,1024,768,47.997798,28.333133,False,dd8ac8be14362815789d314ea667ff96029812e45ecbad5c450b6d851b4e02aa,False,True,train
recovered_archive3/244,recovered_archive3,244,report_image,recovered_archive3/244/rep.jpg.jpg,rep.jpg.jpg,70687,5e20bb28e0da710a0a3fcdc04ae6504f590f002ac734609cf92d878d7f5161c5,,,,,False,5e20bb28e0da710a0a3fcdc04ae6504f590f002ac734609cf92d878d7f5161c5,False,False,train
recovered_archive3/244,recovered_archive3,244,report_image,recovered_archive3/244/rep_1907300.jpg.jpg,rep_1907300.jpg.jpg,70029,d8baff4d9effb364b64b122845468c679a9e836954f02cca7137802f8530b3bb,,,,,False,d8baff4d9effb364b64b122845468c679a9e836954f02cca7137802f8530b3bb,False,False,train
recovered_archive3/244,recovered_archive3,244,report_image,recovered_archive3/244/rep_1907301.jpg.jpg,rep_1907301.jpg.jpg,70687,5e20bb28e0da710a0a3fcdc04ae6504f590f002ac734609cf92d878d7f5161c5,,,,,False,5e20bb28e0da710a0a3fcdc04ae6504f590f002ac734609cf92d878d7f5161c5,False,False,train
recovered_archive3/244,recovered_archive3,244,report_image,recovered_archive3/244/rep_左手.jpg.jpg,rep_左手.jpg.jpg,70687,5e20bb28e0da710a0a3fcdc04ae6504f590f002ac734609cf92d878d7f5161c5,,,,,False,5e20bb28e0da710a0a3fcdc04ae6504f590f002ac734609cf92d878d7f5161c5,False,False,train
recovered_archive3/245,recovered_archive3,245,report_image,recovered_archive3/245/rep_左手.jpg.jpg,rep_左手.jpg.jpg,74076,d49b4447bbfffce0b9e4ed0386d5e040c0e2ab73e585ef23bbe697ea079f8e57,,,,,False,d49b4447bbfffce0b9e4ed0386d5e040c0e2ab73e585ef23bbe697ea079f8e57,False,False,
recovered_archive3/246,recovered_archive3,246,cap_image,recovered_archive3/246/CAPorg1.jpg,CAPorg1.jpg,12917,749a8efc155a7020938f4cce12a79e06e26c0435082b998dd21c0492d02f11a1,1024,768,0.0,0.0,True,749a8efc155a7020938f4cce12a79e06e26c0435082b998dd21c0492d02f11a1,False,True,test
recovered_archive3/246,recovered_archive3,246,cap_image,recovered_archive3/246/CAPorg2.jpg,CAPorg2.jpg,546811,7b6fef0d1f1923fff32d29d6bef22d078657307e061929424b2c3c5165186184,1024,768,26.76896,17.289156,False,7b6fef0d1f1923fff32d29d6bef22d078657307e061929424b2c3c5165186184,False,True,test
recovered_archive3/246,recovered_archive3,246,cap_image,recovered_archive3/246/CAPorg3.jpg,CAPorg3.jpg,554326,b3eb2dc543312cefa30576f1889b79d1a39debfb8210608ed137f18817b4c7f7,1024,768,29.237626,18.398109,False,b3eb2dc543312cefa30576f1889b79d1a39debfb8210608ed137f18817b4c7f7,False,True,test
recovered_archive3/246,recovered_archive3,246,cap_image,recovered_archive3/246/CAPorg4.jpg,CAPorg4.jpg,581224,c052f14e7ca31ee922dc8e5b4fe77a2ffdd806c21ea11a3816b53f362e8f912a,1024,768,42.637339,25.083183,False,c052f14e7ca31ee922dc8e5b4fe77a2ffdd806c21ea11a3816b53f362e8f912a,False,True,test
recovered_archive3/246,recovered_archive3,246,cap_image,recovered_archive3/246/CAPorg5.jpg,CAPorg5.jpg,594356,2d2c169fb99ccc5f0cbfd059349b0842ff07354b9e822af7e6a2c8f4231d8ddc,1024,768,52.013337,22.569958,False,2d2c169fb99ccc5f0cbfd059349b0842ff07354b9e822af7e6a2c8f4231d8ddc,False,True,test
recovered_archive3/246,recovered_archive3,246,cap_image,recovered_archive3/246/CAPorg6.jpg,CAPorg6.jpg,582313,ce2c9e1801c11e34a3cbbe4cd188ead84bb08677e2a8df778016d348ff1367b3,1024,768,51.611951,23.630583,False,ce2c9e1801c11e34a3cbbe4cd188ead84bb08677e2a8df778016d348ff1367b3,False,True,test
recovered_archive3/246,recovered_archive3,246,report_image,recovered_archive3/246/rep.jpg.jpg,rep.jpg.jpg,84621,e5d5359c82320f0d5cea6ee83e4eee67b3591f1d51a222da21bb1ea56e17ba44,,,,,False,e5d5359c82320f0d5cea6ee83e4eee67b3591f1d51a222da21bb1ea56e17ba44,False,False,test
recovered_archive3/246,recovered_archive3,246,report_image,recovered_archive3/246/rep_1903050.jpg.jpg,rep_1903050.jpg.jpg,84621,e5d5359c82320f0d5cea6ee83e4eee67b3591f1d51a222da21bb1ea56e17ba44,,,,,False,e5d5359c82320f0d5cea6ee83e4eee67b3591f1d51a222da21bb1ea56e17ba44,False,False,test
recovered_archive3/246,recovered_archive3,246,report_image,recovered_archive3/246/rep_1903051.jpg.jpg,rep_1903051.jpg.jpg,84621,e5d5359c82320f0d5cea6ee83e4eee67b3591f1d51a222da21bb1ea56e17ba44,,,,,False,e5d5359c82320f0d5cea6ee83e4eee67b3591f1d51a222da21bb1ea56e17ba44,False,False,test
recovered_archive3/246,recovered_archive3,246,report_image,recovered_archive3/246/rep_左手.jpg.jpg,rep_左手.jpg.jpg,84621,e5d5359c82320f0d5cea6ee83e4eee67b3591f1d51a222da21bb1ea56e17ba44,,,,,False,e5d5359c82320f0d5cea6ee83e4eee67b3591f1d51a222da21bb1ea56e17ba44,False,False,test
recovered_archive3/246,recovered_archive3,246,video,recovered_archive3/246/wmv0.avi,wmv0.avi,10249216,,,,,,False,,True,False,test
recovered_archive3/247,recovered_archive3,247,cap_image,recovered_archive3/247/CAPorg1.jpg,CAPorg1.jpg,321551,705390e6564126bef4f5f7a5a4cac4efc7c025cdd447b84a0275a9b062ce0a62,1024,768,232.765645,35.541347,False,705390e6564126bef4f5f7a5a4cac4efc7c025cdd447b84a0275a9b062ce0a62,False,True,train
recovered_archive3/247,recovered_archive3,247,cap_image,recovered_archive3/247/CAPorg2.jpg,CAPorg2.jpg,281645,c6aafe4a2b340e0ad12f10ebacd12e33e33b0778cbb3670677e98c239dcbce10,1024,768,237.178089,27.542171,False,c6aafe4a2b340e0ad12f10ebacd12e33e33b0778cbb3670677e98c239dcbce10,False,True,train
recovered_archive3/247,recovered_archive3,247,cap_image,recovered_archive3/247/CAPorg3.jpg,CAPorg3.jpg,434781,3340d9f2b4dd1f83e3b8a15bd8ac835cc711f4c902f86b457805129b5d5f876a,1024,768,198.032509,62.874604,False,3340d9f2b4dd1f83e3b8a15bd8ac835cc711f4c902f86b457805129b5d5f876a,False,True,train
recovered_archive3/247,recovered_archive3,247,cap_image,recovered_archive3/247/CAPorg4.jpg,CAPorg4.jpg,539574,3c20f1321c00c4e3cdace4fbb05c36b18e214f56757e096023df71bf3e6a12d8,1024,768,206.034239,46.870583,False,3c20f1321c00c4e3cdace4fbb05c36b18e214f56757e096023df71bf3e6a12d8,False,True,train
recovered_archive3/247,recovered_archive3,247,cap_image,recovered_archive3/247/CAPorg5.jpg,CAPorg5.jpg,648420,4a4d9cfd4ae29e1e644dce7f7170706e4b330327e66903c0ebb1190a827174db,1024,768,136.831757,51.686358,False,4a4d9cfd4ae29e1e644dce7f7170706e4b330327e66903c0ebb1190a827174db,False,True,train
recovered_archive3/247,recovered_archive3,247,cap_image,recovered_archive3/247/CAPorg6.jpg,CAPorg6.jpg,641501,16e41ec89a672cda41e9f30672a876160172f7c6a696fc665373a8d87e91692f,1024,768,114.681875,36.625226,False,16e41ec89a672cda41e9f30672a876160172f7c6a696fc665373a8d87e91692f,False,True,train
recovered_archive3/247,recovered_archive3,247,cap_image,recovered_archive3/247/CAPorg7.jpg,CAPorg7.jpg,619072,d19016facc1fc49b59a964c8897202f56855a5da19e32134c2f6125ed9fa6cfb,1024,768,82.99913,40.29328,False,d19016facc1fc49b59a964c8897202f56855a5da19e32134c2f6125ed9fa6cfb,False,True,train
recovered_archive3/247,recovered_archive3,247,cap_image,recovered_archive3/247/CAPorg8.jpg,CAPorg8.jpg,646528,67fb61ebdd95d2669746e8cee995b3547048d46c79deeb3ad1b839b0b1dc24f8,1024,768,147.271698,39.905469,False,67fb61ebdd95d2669746e8cee995b3547048d46c79deeb3ad1b839b0b1dc24f8,False,True,train
recovered_archive3/247,recovered_archive3,247,report_image,recovered_archive3/247/rep.jpg.jpg,rep.jpg.jpg,77618,2aa0e136fd8506227f85dc43186f0b789a55a9610ea7f48832f839a4a13866be,,,,,False,2aa0e136fd8506227f85dc43186f0b789a55a9610ea7f48832f839a4a13866be,False,False,train
recovered_archive3/247,recovered_archive3,247,report_image,recovered_archive3/247/rep_2012150.jpg.jpg,rep_2012150.jpg.jpg,77618,2aa0e136fd8506227f85dc43186f0b789a55a9610ea7f48832f839a4a13866be,,,,,False,2aa0e136fd8506227f85dc43186f0b789a55a9610ea7f48832f839a4a13866be,False,False,train
recovered_archive3/247,recovered_archive3,247,report_image,recovered_archive3/247/rep_2012151.jpg.jpg,rep_2012151.jpg.jpg,77618,2aa0e136fd8506227f85dc43186f0b789a55a9610ea7f48832f839a4a13866be,,,,,False,2aa0e136fd8506227f85dc43186f0b789a55a9610ea7f48832f839a4a13866be,False,False,train
recovered_archive3/247,recovered_archive3,247,report_image,recovered_archive3/247/rep_双手无名指.jpg.jpg,rep_双手无名指.jpg.jpg,77618,2aa0e136fd8506227f85dc43186f0b789a55a9610ea7f48832f839a4a13866be,,,,,False,2aa0e136fd8506227f85dc43186f0b789a55a9610ea7f48832f839a4a13866be,False,False,train
recovered_archive3/247,recovered_archive3,247,video,recovered_archive3/247/wmv0.avi,wmv0.avi,542645760,,,,,,False,,True,False,train
recovered_archive3/247,recovered_archive3,247,video,recovered_archive3/247/wmv1.avi,wmv1.avi,575676416,,,,,,False,,True,False,train
recovered_archive3/248,recovered_archive3,248,cap_image,recovered_archive3/248/CAPorg1.jpg,CAPorg1.jpg,628276,11a9d1e61daa835404dab0716b2bbcdb84eefdfc11ce10e9ef043ac20a123b01,1024,768,189.474828,51.22979,False,11a9d1e61daa835404dab0716b2bbcdb84eefdfc11ce10e9ef043ac20a123b01,False,True,train
recovered_archive3/248,recovered_archive3,248,cap_image,recovered_archive3/248/CAPorg2.jpg,CAPorg2.jpg,603793,04c83c9bec1dbd422ea1500274f548bdb94e6e8d895ca17fc3b7c5f8cb6968fd,1024,768,58.491553,17.916131,False,04c83c9bec1dbd422ea1500274f548bdb94e6e8d895ca17fc3b7c5f8cb6968fd,False,True,train
recovered_archive3/248,recovered_archive3,248,cap_image,recovered_archive3/248/CAPorg3.jpg,CAPorg3.jpg,603588,980ad352ffe24611fd033e8cc68d4687175899da53a6b0b04e36c0ba0902b75f,1024,768,62.919618,24.39399,False,980ad352ffe24611fd033e8cc68d4687175899da53a6b0b04e36c0ba0902b75f,False,True,train
recovered_archive3/248,recovered_archive3,248,cap_image,recovered_archive3/248/CAPorg4.jpg,CAPorg4.jpg,627594,3c215cbf6e08a8375bd6945a357744889b45f1dfda3d9fa5beab02175999c899,1024,768,91.85209,31.843159,False,3c215cbf6e08a8375bd6945a357744889b45f1dfda3d9fa5beab02175999c899,False,True,train
recovered_archive3/248,recovered_archive3,248,cap_image,recovered_archive3/248/CAPorg5.jpg,CAPorg5.jpg,595457,d7ce762b6b8ea891c07e0ad98d6dd9cd7f9623c1eed229352f4b0ffb99dd5787,1024,768,53.033576,23.509277,False,d7ce762b6b8ea891c07e0ad98d6dd9cd7f9623c1eed229352f4b0ffb99dd5787,False,True,train
recovered_archive3/248,recovered_archive3,248,cap_image,recovered_archive3/248/CAPorg6.jpg,CAPorg6.jpg,575316,fa2025bfd1df23d5c5fc61580db6c061c55eb5e08c278e2a58c22dc33d891cc8,1024,768,35.150009,23.590105,False,fa2025bfd1df23d5c5fc61580db6c061c55eb5e08c278e2a58c22dc33d891cc8,False,True,train
recovered_archive3/248,recovered_archive3,248,cap_image,recovered_archive3/248/CAPorg7.jpg,CAPorg7.jpg,629460,965a7b6878b93d7f520fb1575723aae020d413c23b3b27734e1c89319a6d17c4,1024,768,106.838507,47.961013,False,965a7b6878b93d7f520fb1575723aae020d413c23b3b27734e1c89319a6d17c4,False,True,train
recovered_archive3/248,recovered_archive3,248,report_image,recovered_archive3/248/rep.jpg.jpg,rep.jpg.jpg,82077,051769f0f7c442268f6024c900d8a5d9748b8d40f3ef5135223789f7c87574e2,,,,,False,051769f0f7c442268f6024c900d8a5d9748b8d40f3ef5135223789f7c87574e2,False,False,train
recovered_archive3/248,recovered_archive3,248,report_image,recovered_archive3/248/rep_1902190.jpg.jpg,rep_1902190.jpg.jpg,82077,051769f0f7c442268f6024c900d8a5d9748b8d40f3ef5135223789f7c87574e2,,,,,False,051769f0f7c442268f6024c900d8a5d9748b8d40f3ef5135223789f7c87574e2,False,False,train
recovered_archive3/248,recovered_archive3,248,report_image,recovered_archive3/248/rep_1902191.jpg.jpg,rep_1902191.jpg.jpg,82077,051769f0f7c442268f6024c900d8a5d9748b8d40f3ef5135223789f7c87574e2,,,,,False,051769f0f7c442268f6024c900d8a5d9748b8d40f3ef5135223789f7c87574e2,False,False,train
recovered_archive3/248,recovered_archive3,248,report_image,recovered_archive3/248/rep_1902192.jpg.jpg,rep_1902192.jpg.jpg,82077,051769f0f7c442268f6024c900d8a5d9748b8d40f3ef5135223789f7c87574e2,,,,,False,051769f0f7c442268f6024c900d8a5d9748b8d40f3ef5135223789f7c87574e2,False,False,train
recovered_archive3/248,recovered_archive3,248,report_image,recovered_archive3/248/rep_左手.jpg.jpg,rep_左手.jpg.jpg,82077,051769f0f7c442268f6024c900d8a5d9748b8d40f3ef5135223789f7c87574e2,,,,,False,051769f0f7c442268f6024c900d8a5d9748b8d40f3ef5135223789f7c87574e2,False,False,train
recovered_archive3/248,recovered_archive3,248,video,recovered_archive3/248/wmv0.avi,wmv0.avi,10074112,,,,,,False,,True,False,train
recovered_archive3/248,recovered_archive3,248,video,recovered_archive3/248/wmv1.avi,wmv1.avi,10053632,,,,,,False,,True,False,train
recovered_archive3/249,recovered_archive3,249,cap_image,recovered_archive3/249/CAPorg1.jpg,CAPorg1.jpg,608907,045d184b38064255db84b7ff93cee6680a32e58dad1af04f12d567bb962a6351,1024,768,139.689746,71.9836,False,045d184b38064255db84b7ff93cee6680a32e58dad1af04f12d567bb962a6351,False,True,train
recovered_archive3/249,recovered_archive3,249,cap_image,recovered_archive3/249/CAPorg10.jpg,CAPorg10.jpg,456769,cf02e15e9424edd5dd83d2b936c500f12c50721a27e7df607e64c5d7c9d218de,1024,768,126.536015,89.702572,False,cf02e15e9424edd5dd83d2b936c500f12c50721a27e7df607e64c5d7c9d218de,False,True,train
recovered_archive3/249,recovered_archive3,249,cap_image,recovered_archive3/249/CAPorg11.jpg,CAPorg11.jpg,523038,568cad4ccf503db48ccccf640b9fc3719f1527ecc8c42ff71bc7ee3a60585443,1024,768,113.411213,75.11671,False,568cad4ccf503db48ccccf640b9fc3719f1527ecc8c42ff71bc7ee3a60585443,False,True,train
recovered_archive3/249,recovered_archive3,249,cap_image,recovered_archive3/249/CAPorg2.jpg,CAPorg2.jpg,607060,52b2bfbf40022d0b396884abcbdbf6624ea4c0e69f18d14ba2665d8e5fba31a1,1024,768,95.269992,66.354098,False,52b2bfbf40022d0b396884abcbdbf6624ea4c0e69f18d14ba2665d8e5fba31a1,False,True,train
recovered_archive3/249,recovered_archive3,249,cap_image,recovered_archive3/249/CAPorg3.jpg,CAPorg3.jpg,643365,4ab9c1646206bdea4e53394076f462d212970273248f03d5d68140f6439acb64,1024,768,112.965079,64.729373,False,4ab9c1646206bdea4e53394076f462d212970273248f03d5d68140f6439acb64,False,True,train
recovered_archive3/249,recovered_archive3,249,cap_image,recovered_archive3/249/CAPorg4.jpg,CAPorg4.jpg,621429,e72efe1839bf487acaff592bed60f35c1f481075cf8d43a8e8377671d4c7c288,1024,768,132.051071,46.225138,False,e72efe1839bf487acaff592bed60f35c1f481075cf8d43a8e8377671d4c7c288,False,True,train
recovered_archive3/249,recovered_archive3,249,cap_image,recovered_archive3/249/CAPorg5.jpg,CAPorg5.jpg,619969,70f58237d9fcf2729c65f484bfea164b28e59b5c21d778a5437407b724914e06,1024,768,135.226357,46.323385,False,70f58237d9fcf2729c65f484bfea164b28e59b5c21d778a5437407b724914e06,False,True,train
recovered_archive3/249,recovered_archive3,249,cap_image,recovered_archive3/249/CAPorg6.jpg,CAPorg6.jpg,440892,e3bb7165e33ac935e7284a7dfcb78bbb435ac77a89f1f1ccd36fabc785f43974,1024,768,126.298346,91.99771,False,e3bb7165e33ac935e7284a7dfcb78bbb435ac77a89f1f1ccd36fabc785f43974,False,True,train
recovered_archive3/249,recovered_archive3,249,cap_image,recovered_archive3/249/CAPorg7.jpg,CAPorg7.jpg,478346,76bb152ce5f0e2a0cb8919c93adff17fca6e879b1857b0c680c577397e18f1d1,1024,768,105.83815,90.82579,False,76bb152ce5f0e2a0cb8919c93adff17fca6e879b1857b0c680c577397e18f1d1,False,True,train
recovered_archive3/249,recovered_archive3,249,cap_image,recovered_archive3/249/CAPorg8.jpg,CAPorg8.jpg,561485,2dd980ee19cbec2dd9647aa36da8c2cc929dd4f0019b07c7db5f5e09699f9b3d,1024,768,49.318434,46.622478,False,2dd980ee19cbec2dd9647aa36da8c2cc929dd4f0019b07c7db5f5e09699f9b3d,False,True,train
recovered_archive3/249,recovered_archive3,249,cap_image,recovered_archive3/249/CAPorg9.jpg,CAPorg9.jpg,537784,6d7e8b5d8502d7d8a86b9ba14f356fec456ec6cb9919eb88795fae0e11468449,1024,768,37.237309,37.735952,False,6d7e8b5d8502d7d8a86b9ba14f356fec456ec6cb9919eb88795fae0e11468449,False,True,train
recovered_archive3/249,recovered_archive3,249,report_image,recovered_archive3/249/rep.jpg.jpg,rep.jpg.jpg,81363,e324b615798bb06490337b31e89018aaf10035b38104e65f0197279ecb7ce31f,,,,,False,e324b615798bb06490337b31e89018aaf10035b38104e65f0197279ecb7ce31f,False,False,train
recovered_archive3/249,recovered_archive3,249,report_image,recovered_archive3/249/rep_2003310.jpg.jpg,rep_2003310.jpg.jpg,81363,e324b615798bb06490337b31e89018aaf10035b38104e65f0197279ecb7ce31f,,,,,False,e324b615798bb06490337b31e89018aaf10035b38104e65f0197279ecb7ce31f,False,False,train
recovered_archive3/249,recovered_archive3,249,report_image,recovered_archive3/249/rep_2003311.jpg.jpg,rep_2003311.jpg.jpg,81363,e324b615798bb06490337b31e89018aaf10035b38104e65f0197279ecb7ce31f,,,,,False,e324b615798bb06490337b31e89018aaf10035b38104e65f0197279ecb7ce31f,False,False,train
recovered_archive3/249,recovered_archive3,249,report_image,recovered_archive3/249/rep_左手.jpg.jpg,rep_左手.jpg.jpg,81363,e324b615798bb06490337b31e89018aaf10035b38104e65f0197279ecb7ce31f,,,,,False,e324b615798bb06490337b31e89018aaf10035b38104e65f0197279ecb7ce31f,False,False,train
recovered_archive3/249,recovered_archive3,249,video,recovered_archive3/249/wmv0.avi,wmv0.avi,455351296,,,,,,False,,True,False,train
recovered_archive3/250,recovered_archive3,250,cap_image,recovered_archive3/250/CAPorg1.jpg,CAPorg1.jpg,615444,7fb8b1c0f492bed1888105e6408b825d3e2b9f284db0e2ce3aab1719ea43d2de,1024,768,98.861928,62.765803,False,7fb8b1c0f492bed1888105e6408b825d3e2b9f284db0e2ce3aab1719ea43d2de,False,True,train
recovered_archive3/250,recovered_archive3,250,cap_image,recovered_archive3/250/CAPorg10.jpg,CAPorg10.jpg,538246,6e7acd08375a9ca29af4e0e4308d67e3883c15a8205720595597a0547052755c,1024,768,75.505285,66.356635,False,6e7acd08375a9ca29af4e0e4308d67e3883c15a8205720595597a0547052755c,False,True,train
recovered_archive3/250,recovered_archive3,250,cap_image,recovered_archive3/250/CAPorg2.jpg,CAPorg2.jpg,602445,fd44550b28f570588a73a09324df76f76963c8880968752e18c8ae1b276a9f08,1024,768,101.255355,73.870175,False,fd44550b28f570588a73a09324df76f76963c8880968752e18c8ae1b276a9f08,False,True,train
recovered_archive3/250,recovered_archive3,250,cap_image,recovered_archive3/250/CAPorg3.jpg,CAPorg3.jpg,633782,9d69ff099e8244abfe946070087300a4c6fd6fdea9332d58cabd1909d735edd0,1024,768,114.133307,61.172981,False,9d69ff099e8244abfe946070087300a4c6fd6fdea9332d58cabd1909d735edd0,False,True,train
recovered_archive3/250,recovered_archive3,250,cap_image,recovered_archive3/250/CAPorg4.jpg,CAPorg4.jpg,568109,fe987cc492e7b4856920d9eabcd6be720aeafc753f3e5f26e227b2ae140dd499,1024,768,40.668262,21.337523,False,fe987cc492e7b4856920d9eabcd6be720aeafc753f3e5f26e227b2ae140dd499,False,True,train
recovered_archive3/250,recovered_archive3,250,cap_image,recovered_archive3/250/CAPorg5.jpg,CAPorg5.jpg,585898,99f09783b19e7ee31a5638d5d3fbead087d33eb0abb26a9b9740944ed2987c8c,1024,768,50.409879,24.099871,False,99f09783b19e7ee31a5638d5d3fbead087d33eb0abb26a9b9740944ed2987c8c,False,True,train
recovered_archive3/250,recovered_archive3,250,cap_image,recovered_archive3/250/CAPorg6.jpg,CAPorg6.jpg,605140,c426f13734d57d50992f2e5e3eb1f9950dca32d9541cade8119d43dc77732807,1024,768,66.761773,29.761817,False,c426f13734d57d50992f2e5e3eb1f9950dca32d9541cade8119d43dc77732807,False,True,train
recovered_archive3/250,recovered_archive3,250,cap_image,recovered_archive3/250/CAPorg7.jpg,CAPorg7.jpg,534472,5220a73facd94ecec9545706c4dd9e88c70df123780740ee4cd32520eabb0e35,1024,768,36.771783,24.789282,False,5220a73facd94ecec9545706c4dd9e88c70df123780740ee4cd32520eabb0e35,False,True,train
recovered_archive3/250,recovered_archive3,250,cap_image,recovered_archive3/250/CAPorg8.jpg,CAPorg8.jpg,569185,eeddf45d0fe2ac67feecfa2a0e15558b1cbe42178e9b2bab64a1c4b343c7c6ed,1024,768,48.227877,28.580016,False,eeddf45d0fe2ac67feecfa2a0e15558b1cbe42178e9b2bab64a1c4b343c7c6ed,False,True,train
recovered_archive3/250,recovered_archive3,250,cap_image,recovered_archive3/250/CAPorg9.jpg,CAPorg9.jpg,568718,b04f0a70ae4912391d57de3e046c5621f9887879a754c32d969f3e599ff08911,1024,768,53.888959,40.111292,False,b04f0a70ae4912391d57de3e046c5621f9887879a754c32d969f3e599ff08911,False,True,train
recovered_archive3/250,recovered_archive3,250,report_image,recovered_archive3/250/rep.jpg.jpg,rep.jpg.jpg,81207,dea98ee24a5964b256012ef80663c721da9ef1e5946b68763007d1e26a5535d0,,,,,False,dea98ee24a5964b256012ef80663c721da9ef1e5946b68763007d1e26a5535d0,False,False,train
recovered_archive3/250,recovered_archive3,250,report_image,recovered_archive3/250/rep_1.jpg.jpg,rep_1.jpg.jpg,81207,dea98ee24a5964b256012ef80663c721da9ef1e5946b68763007d1e26a5535d0,,,,,False,dea98ee24a5964b256012ef80663c721da9ef1e5946b68763007d1e26a5535d0,False,False,train
recovered_archive3/250,recovered_archive3,250,report_image,recovered_archive3/250/rep_1908220.jpg.jpg,rep_1908220.jpg.jpg,81207,dea98ee24a5964b256012ef80663c721da9ef1e5946b68763007d1e26a5535d0,,,,,False,dea98ee24a5964b256012ef80663c721da9ef1e5946b68763007d1e26a5535d0,False,False,train
recovered_archive3/250,recovered_archive3,250,report_image,recovered_archive3/250/rep_1908221.jpg.jpg,rep_1908221.jpg.jpg,81207,dea98ee24a5964b256012ef80663c721da9ef1e5946b68763007d1e26a5535d0,,,,,False,dea98ee24a5964b256012ef80663c721da9ef1e5946b68763007d1e26a5535d0,False,False,train
recovered_archive3/250,recovered_archive3,250,video,recovered_archive3/250/wmv0.avi,wmv0.avi,349181440,,,,,,False,,True,False,train
recovered_archive3/250,recovered_archive3,250,video,recovered_archive3/250/wmv1.avi,wmv1.avi,471866368,,,,,,False,,True,False,train
recovered_archive3/251,recovered_archive3,251,cap_image,recovered_archive3/251/CAPorg1.jpg,CAPorg1.jpg,669567,2c3eb7412abd8d8c496bb9bb279219fbf3418431d3af9dcd32fd592f3cb237f0,1024,768,159.94274,47.583184,False,2c3eb7412abd8d8c496bb9bb279219fbf3418431d3af9dcd32fd592f3cb237f0,False,True,test
recovered_archive3/251,recovered_archive3,251,cap_image,recovered_archive3/251/CAPorg10.jpg,CAPorg10.jpg,585670,b693171aea2ef50563798ea7f598a66e20b53de25c8c68dbcbaa23073af6cb54,1024,768,54.560368,34.123674,False,b693171aea2ef50563798ea7f598a66e20b53de25c8c68dbcbaa23073af6cb54,False,True,test
recovered_archive3/251,recovered_archive3,251,cap_image,recovered_archive3/251/CAPorg2.jpg,CAPorg2.jpg,636621,a927f35a8826ae7b6564409387e64c33a09b82d2a008cff74ff1583e128abbc7,1024,768,104.251812,39.300043,False,a927f35a8826ae7b6564409387e64c33a09b82d2a008cff74ff1583e128abbc7,False,True,test
recovered_archive3/251,recovered_archive3,251,cap_image,recovered_archive3/251/CAPorg3.jpg,CAPorg3.jpg,634281,049e4b00a9da9579053ce83e5b4933b9db1164ae50105ff5e9425089402f893b,1024,768,181.520222,45.446247,False,049e4b00a9da9579053ce83e5b4933b9db1164ae50105ff5e9425089402f893b,False,True,test
recovered_archive3/251,recovered_archive3,251,cap_image,recovered_archive3/251/CAPorg4.jpg,CAPorg4.jpg,657290,75162d9c59ae9c6c2b6f8d202897fa03164ad02325fd644eb8acf22e4f03bc7a,1024,768,154.011382,52.615272,False,75162d9c59ae9c6c2b6f8d202897fa03164ad02325fd644eb8acf22e4f03bc7a,False,True,test
recovered_archive3/251,recovered_archive3,251,cap_image,recovered_archive3/251/CAPorg5.jpg,CAPorg5.jpg,591503,aa23326160cea4cd1e0639e12f3b23423b6d17f0778e7e1c857e240ab76af125,1024,768,46.688779,26.995764,False,aa23326160cea4cd1e0639e12f3b23423b6d17f0778e7e1c857e240ab76af125,False,True,test
recovered_archive3/251,recovered_archive3,251,cap_image,recovered_archive3/251/CAPorg6.jpg,CAPorg6.jpg,623968,87fe9578536483f2d2e4e6964f9d37899f64453a4882e2143e08f672dafcf309,1024,768,169.044336,58.88609,False,87fe9578536483f2d2e4e6964f9d37899f64453a4882e2143e08f672dafcf309,False,True,test
recovered_archive3/251,recovered_archive3,251,cap_image,recovered_archive3/251/CAPorg7.jpg,CAPorg7.jpg,637766,6ca766b734387fee016aa1a39918a16f0eb48b070688c430dac1b3c6ab3cd5cc,1024,768,158.403194,55.858897,False,6ca766b734387fee016aa1a39918a16f0eb48b070688c430dac1b3c6ab3cd5cc,False,True,test
recovered_archive3/251,recovered_archive3,251,cap_image,recovered_archive3/251/CAPorg8.jpg,CAPorg8.jpg,648796,c7bdcabe495b44d21445e8e5b496264d996c2860e8e1cdf5458ec6abdd3425a4,1024,768,152.404798,54.067865,False,c7bdcabe495b44d21445e8e5b496264d996c2860e8e1cdf5458ec6abdd3425a4,False,True,test
recovered_archive3/251,recovered_archive3,251,cap_image,recovered_archive3/251/CAPorg9.jpg,CAPorg9.jpg,623225,bc78d2a7769257c100f8f89816b89ad7c99a3e4f12742cafe9ac39e2bbf7a92b,1024,768,146.7052,55.016752,False,bc78d2a7769257c100f8f89816b89ad7c99a3e4f12742cafe9ac39e2bbf7a92b,False,True,test
recovered_archive3/251,recovered_archive3,251,report_image,recovered_archive3/251/rep.jpg.jpg,rep.jpg.jpg,75799,9493c342608bccfc1b890c685d6c7e48e90856e7ec4efd2a5c23973ee5deef95,,,,,False,9493c342608bccfc1b890c685d6c7e48e90856e7ec4efd2a5c23973ee5deef95,False,False,test
recovered_archive3/251,recovered_archive3,251,report_image,recovered_archive3/251/rep_1912030.jpg.jpg,rep_1912030.jpg.jpg,75799,9493c342608bccfc1b890c685d6c7e48e90856e7ec4efd2a5c23973ee5deef95,,,,,False,9493c342608bccfc1b890c685d6c7e48e90856e7ec4efd2a5c23973ee5deef95,False,False,test
recovered_archive3/251,recovered_archive3,251,report_image,recovered_archive3/251/rep_1912031.jpg.jpg,rep_1912031.jpg.jpg,75799,9493c342608bccfc1b890c685d6c7e48e90856e7ec4efd2a5c23973ee5deef95,,,,,False,9493c342608bccfc1b890c685d6c7e48e90856e7ec4efd2a5c23973ee5deef95,False,False,test
recovered_archive3/251,recovered_archive3,251,report_image,recovered_archive3/251/rep_左手.jpg.jpg,rep_左手.jpg.jpg,75799,9493c342608bccfc1b890c685d6c7e48e90856e7ec4efd2a5c23973ee5deef95,,,,,False,9493c342608bccfc1b890c685d6c7e48e90856e7ec4efd2a5c23973ee5deef95,False,False,test
recovered_archive3/251,recovered_archive3,251,video,recovered_archive3/251/wmv0.avi,wmv0.avi,434117120,,,,,,False,,True,False,test
recovered_archive3/252,recovered_archive3,252,cap_image,recovered_archive3/252/CAPorg1.jpg,CAPorg1.jpg,667998,a2971514094320972c278813e5005cae9a76c7791b1bf78206aafdb313013c86,1024,768,159.65646,28.680994,False,a2971514094320972c278813e5005cae9a76c7791b1bf78206aafdb313013c86,False,True,train
recovered_archive3/252,recovered_archive3,252,cap_image,recovered_archive3/252/CAPorg10.jpg,CAPorg10.jpg,589553,ab2e40f3db20b8f9ee1fd14804ceb8175f98290818761e945c111e0f6cb2cf8f,1024,768,46.674113,21.033631,False,ab2e40f3db20b8f9ee1fd14804ceb8175f98290818761e945c111e0f6cb2cf8f,False,True,train
recovered_archive3/252,recovered_archive3,252,cap_image,recovered_archive3/252/CAPorg11.jpg,CAPorg11.jpg,592623,76874264a23584b55fce5af4e2661935dbe467227beefaf1ba52888a914c2fd6,1024,768,53.091384,21.958404,False,76874264a23584b55fce5af4e2661935dbe467227beefaf1ba52888a914c2fd6,False,True,train
recovered_archive3/252,recovered_archive3,252,cap_image,recovered_archive3/252/CAPorg12.jpg,CAPorg12.jpg,590433,35adfaf0f6d12c6f6e8ed9b5a6732c4d5f54ec217d36e508ac19b3c2c2f2fcf1,1024,768,49.639259,19.251251,False,35adfaf0f6d12c6f6e8ed9b5a6732c4d5f54ec217d36e508ac19b3c2c2f2fcf1,False,True,train
recovered_archive3/252,recovered_archive3,252,cap_image,recovered_archive3/252/CAPorg13.jpg,CAPorg13.jpg,597022,20b0b5685674e712b1fcdc1af5d5fa58be79a9e87a682a9e4ea8e5c5f7e81176,1024,768,51.368593,19.098832,False,20b0b5685674e712b1fcdc1af5d5fa58be79a9e87a682a9e4ea8e5c5f7e81176,False,True,train
recovered_archive3/252,recovered_archive3,252,cap_image,recovered_archive3/252/CAPorg14.jpg,CAPorg14.jpg,590066,6e0999272a8a7eb6187d1aaf033c03e72e3a98d46df83df93fb21041bf1433c0,1024,768,55.776669,25.342423,False,6e0999272a8a7eb6187d1aaf033c03e72e3a98d46df83df93fb21041bf1433c0,False,True,train
recovered_archive3/252,recovered_archive3,252,cap_image,recovered_archive3/252/CAPorg15.jpg,CAPorg15.jpg,591593,16345f41b1743db1e33e57806fd5334c583e6577043b788b18bbad581ad4ad13,1024,768,52.030443,24.208608,False,16345f41b1743db1e33e57806fd5334c583e6577043b788b18bbad581ad4ad13,False,True,train
recovered_archive3/252,recovered_archive3,252,cap_image,recovered_archive3/252/CAPorg16.jpg,CAPorg16.jpg,564086,b08339409f805e40bd4c509c203f9ee992f573d0e74f138c30402f5f9a166d2e,1024,768,91.945822,72.914098,False,b08339409f805e40bd4c509c203f9ee992f573d0e74f138c30402f5f9a166d2e,False,True,train
recovered_archive3/252,recovered_archive3,252,cap_image,recovered_archive3/252/CAPorg17.jpg,CAPorg17.jpg,645916,329bdf3af525c170f9d0c619aef08d3b056026dcf0b2e703e0231f8d4d7583bd,1024,768,162.963947,52.029892,False,329bdf3af525c170f9d0c619aef08d3b056026dcf0b2e703e0231f8d4d7583bd,False,True,train
recovered_archive3/252,recovered_archive3,252,cap_image,recovered_archive3/252/CAPorg2.jpg,CAPorg2.jpg,597938,7056234fd2e8ab20bdb5b7d28816eb818a679682d82b86f15a72c8087a41f6ef,1024,768,65.289068,33.623838,False,7056234fd2e8ab20bdb5b7d28816eb818a679682d82b86f15a72c8087a41f6ef,False,True,train
recovered_archive3/252,recovered_archive3,252,cap_image,recovered_archive3/252/CAPorg3.jpg,CAPorg3.jpg,626084,b0eb7bdaf1216e98f67a5ef93d767b47784c5fe8852829542751c6a5338e9034,1024,768,82.359142,26.618349,False,b0eb7bdaf1216e98f67a5ef93d767b47784c5fe8852829542751c6a5338e9034,False,True,train
recovered_archive3/252,recovered_archive3,252,cap_image,recovered_archive3/252/CAPorg4.jpg,CAPorg4.jpg,543932,1ac13ab8330023e50c2039fbc18cf9a030e18523f09ef8fd9eb6c6a09515c640,1024,768,30.651048,20.153495,False,1ac13ab8330023e50c2039fbc18cf9a030e18523f09ef8fd9eb6c6a09515c640,False,True,train
recovered_archive3/252,recovered_archive3,252,cap_image,recovered_archive3/252/CAPorg5.jpg,CAPorg5.jpg,588651,7a7dd99de0c956fa54f8ed26a0002b06526dddb2b2adba04c0d5f3cdd5a4b11e,1024,768,43.754186,15.68867,False,7a7dd99de0c956fa54f8ed26a0002b06526dddb2b2adba04c0d5f3cdd5a4b11e,False,True,train
recovered_archive3/252,recovered_archive3,252,cap_image,recovered_archive3/252/CAPorg6.jpg,CAPorg6.jpg,599794,d96f8efa87075f8bc03dfbbeabfdf0deb5511a9e91bf0cc8204a4bedeb75fd2a,1024,768,53.850751,17.176331,False,d96f8efa87075f8bc03dfbbeabfdf0deb5511a9e91bf0cc8204a4bedeb75fd2a,False,True,train
recovered_archive3/252,recovered_archive3,252,cap_image,recovered_archive3/252/CAPorg7.jpg,CAPorg7.jpg,600115,f7dd5cbe13abe135fcee04fa320b1ff53a46f68682aefd68bd51904107a50941,1024,768,52.954084,16.821685,False,f7dd5cbe13abe135fcee04fa320b1ff53a46f68682aefd68bd51904107a50941,False,True,train
recovered_archive3/252,recovered_archive3,252,cap_image,recovered_archive3/252/CAPorg8.jpg,CAPorg8.jpg,601919,3b05be3e367e62da75c545840ba08a2caba42d5dfd9988fa7467577ab2f4f2e8,1024,768,56.216176,20.481288,False,3b05be3e367e62da75c545840ba08a2caba42d5dfd9988fa7467577ab2f4f2e8,False,True,train
recovered_archive3/252,recovered_archive3,252,cap_image,recovered_archive3/252/CAPorg9.jpg,CAPorg9.jpg,600709,6ae9ea4bf9ae8a7303e80f19a163750e6ae83d38c1bb3844f94924d67e07fcdb,1024,768,54.615445,18.852924,False,6ae9ea4bf9ae8a7303e80f19a163750e6ae83d38c1bb3844f94924d67e07fcdb,False,True,train
recovered_archive3/252,recovered_archive3,252,report_image,recovered_archive3/252/rep.jpg.jpg,rep.jpg.jpg,73094,e315ffa7a3fc647f53139960635732295018e2ccef9a2207226ae1fd12bfc0fd,,,,,False,e315ffa7a3fc647f53139960635732295018e2ccef9a2207226ae1fd12bfc0fd,False,False,train
recovered_archive3/252,recovered_archive3,252,report_image,recovered_archive3/252/rep_2103180.jpg.jpg,rep_2103180.jpg.jpg,55184,fa99783c99e08d081b345d3670b9bad8ea1187b88893e0441fb671229c18da58,,,,,False,fa99783c99e08d081b345d3670b9bad8ea1187b88893e0441fb671229c18da58,False,False,train
recovered_archive3/252,recovered_archive3,252,report_image,recovered_archive3/252/rep_2103181.jpg.jpg,rep_2103181.jpg.jpg,73094,e315ffa7a3fc647f53139960635732295018e2ccef9a2207226ae1fd12bfc0fd,,,,,False,e315ffa7a3fc647f53139960635732295018e2ccef9a2207226ae1fd12bfc0fd,False,False,train
recovered_archive3/252,recovered_archive3,252,report_image,recovered_archive3/252/rep_双无名指.jpg.jpg,rep_双无名指.jpg.jpg,73094,e315ffa7a3fc647f53139960635732295018e2ccef9a2207226ae1fd12bfc0fd,,,,,False,e315ffa7a3fc647f53139960635732295018e2ccef9a2207226ae1fd12bfc0fd,False,False,train
recovered_archive3/252,recovered_archive3,252,video,recovered_archive3/252/wmv0.avi,wmv0.avi,346822144,,,,,,False,,True,False,train
recovered_archive3/252,recovered_archive3,252,video,recovered_archive3/252/wmv1.avi,wmv1.avi,351540736,,,,,,False,,True,False,train
recovered_archive3/252,recovered_archive3,252,video,recovered_archive3/252/wmv2.avi,wmv2.avi,268964864,,,,,,False,,True,False,train
recovered_archive3/252,recovered_archive3,252,video,recovered_archive3/252/wmv3.avi,wmv3.avi,264246272,,,,,,False,,True,False,train
recovered_archive3/253,recovered_archive3,253,cap_image,recovered_archive3/253/CAPorg1.jpg,CAPorg1.jpg,538782,9c8ffde6ba79a9bd533129e51297c5b6bd93170f020cd96be0e9e9719b29c685,1024,768,45.37399,30.942184,False,9c8ffde6ba79a9bd533129e51297c5b6bd93170f020cd96be0e9e9719b29c685,False,True,test
recovered_archive3/253,recovered_archive3,253,cap_image,recovered_archive3/253/CAPorg2.jpg,CAPorg2.jpg,540073,32087f8865ad846cc44e2c5610d283624c83866b622c8b72164ee1de97f1ed74,1024,768,41.48532,29.107815,False,32087f8865ad846cc44e2c5610d283624c83866b622c8b72164ee1de97f1ed74,False,True,test
recovered_archive3/253,recovered_archive3,253,cap_image,recovered_archive3/253/CAPorg3.jpg,CAPorg3.jpg,529898,988897d576a1720759293c3e3b592a19de01afac1be132e63234fb4259588482,1024,768,51.274896,39.913652,False,988897d576a1720759293c3e3b592a19de01afac1be132e63234fb4259588482,False,True,test
recovered_archive3/253,recovered_archive3,253,cap_image,recovered_archive3/253/CAPorg4.jpg,CAPorg4.jpg,554253,5604cf7761d0bdbf584a07bfbdf43d8eba3897db160b81b151e54de88cace838,1024,768,62.290356,39.004768,False,5604cf7761d0bdbf584a07bfbdf43d8eba3897db160b81b151e54de88cace838,False,True,test
recovered_archive3/253,recovered_archive3,253,cap_image,recovered_archive3/253/CAPorg5.jpg,CAPorg5.jpg,512404,a808cb917ce36e6dea7920e4380456d060ada8975b154b039a0b95e8b6447b93,1024,768,30.094632,20.34156,False,a808cb917ce36e6dea7920e4380456d060ada8975b154b039a0b95e8b6447b93,False,True,test
recovered_archive3/253,recovered_archive3,253,report_image,recovered_archive3/253/rep.jpg.jpg,rep.jpg.jpg,69729,a26709eed33bd9761d6f541f98493b8e346ee78757b9ac7930897627913d1e48,,,,,False,a26709eed33bd9761d6f541f98493b8e346ee78757b9ac7930897627913d1e48,False,False,test
recovered_archive3/253,recovered_archive3,253,report_image,recovered_archive3/253/rep_1906120.jpg.jpg,rep_1906120.jpg.jpg,70776,a3315fc0a322d6baefacdd1bce89d4a3e4df625e6f551eb9e7356b1069b91600,,,,,False,a3315fc0a322d6baefacdd1bce89d4a3e4df625e6f551eb9e7356b1069b91600,False,False,test
recovered_archive3/253,recovered_archive3,253,report_image,recovered_archive3/253/rep_1906121.jpg.jpg,rep_1906121.jpg.jpg,70776,a3315fc0a322d6baefacdd1bce89d4a3e4df625e6f551eb9e7356b1069b91600,,,,,False,a3315fc0a322d6baefacdd1bce89d4a3e4df625e6f551eb9e7356b1069b91600,False,False,test
recovered_archive3/253,recovered_archive3,253,report_image,recovered_archive3/253/rep_左手.jpg.jpg,rep_左手.jpg.jpg,69729,a26709eed33bd9761d6f541f98493b8e346ee78757b9ac7930897627913d1e48,,,,,False,a26709eed33bd9761d6f541f98493b8e346ee78757b9ac7930897627913d1e48,False,False,test
recovered_archive3/254,recovered_archive3,254,cap_image,recovered_archive3/254/CAPorg1.jpg,CAPorg1.jpg,629961,304af3158c49ff42a344a65db321f510859565be204d052b71638e3d03723844,1024,768,111.529442,37.094697,False,304af3158c49ff42a344a65db321f510859565be204d052b71638e3d03723844,False,True,train
recovered_archive3/254,recovered_archive3,254,cap_image,recovered_archive3/254/CAPorg2.jpg,CAPorg2.jpg,614327,75684e7da93cda5c087acd23aac96cb9c1fcc4b1a6192cf98e35d2987ce91903,1024,768,77.066717,23.258315,False,75684e7da93cda5c087acd23aac96cb9c1fcc4b1a6192cf98e35d2987ce91903,False,True,train
recovered_archive3/254,recovered_archive3,254,cap_image,recovered_archive3/254/CAPorg3.jpg,CAPorg3.jpg,612746,0b9df9baa543d92c78053ba314f415562037815d8cecd2dfd064159d6b2fb816,1024,768,85.357166,41.188173,False,0b9df9baa543d92c78053ba314f415562037815d8cecd2dfd064159d6b2fb816,False,True,train
recovered_archive3/254,recovered_archive3,254,cap_image,recovered_archive3/254/CAPorg4.jpg,CAPorg4.jpg,620971,64ace7e54a79359a097c8348bc5df6a7fb9686a709f5d31ad436aa4a5cfae7f9,1024,768,116.822158,42.613748,False,64ace7e54a79359a097c8348bc5df6a7fb9686a709f5d31ad436aa4a5cfae7f9,False,True,train
recovered_archive3/254,recovered_archive3,254,cap_image,recovered_archive3/254/CAPorg5.jpg,CAPorg5.jpg,618511,725b9cef004927ed871f5e9e00cdd9d22436da22d5dacaf36bf8af75e3bcf62f,1024,768,82.365061,27.474296,False,725b9cef004927ed871f5e9e00cdd9d22436da22d5dacaf36bf8af75e3bcf62f,False,True,train
recovered_archive3/254,recovered_archive3,254,cap_image,recovered_archive3/254/CAPorg6.jpg,CAPorg6.jpg,622785,e6463453e2ed4a041fa6ac5f8b4194985488d9cc72d7edde793c4235ebf3fa10,1024,768,92.732183,31.811,False,e6463453e2ed4a041fa6ac5f8b4194985488d9cc72d7edde793c4235ebf3fa10,False,True,train
recovered_archive3/254,recovered_archive3,254,cap_image,recovered_archive3/254/CAPorg7.jpg,CAPorg7.jpg,632138,564789e952cf82d4f854173f146dbf1d180419f6f48bb2c14a9e1b69e374198a,1024,768,107.927563,25.732787,False,564789e952cf82d4f854173f146dbf1d180419f6f48bb2c14a9e1b69e374198a,False,True,train
recovered_archive3/254,recovered_archive3,254,cap_image,recovered_archive3/254/CAPorg8.jpg,CAPorg8.jpg,636099,70ba27385000204419459f669727136985667f7c2df0eeded3fa1e3bd9e87004,1024,768,129.168905,36.809438,False,70ba27385000204419459f669727136985667f7c2df0eeded3fa1e3bd9e87004,False,True,train
recovered_archive3/254,recovered_archive3,254,report_image,recovered_archive3/254/rep.jpg.jpg,rep.jpg.jpg,82557,f87605af61db8a39f3bc74514a52b903f6aaa564a3db5be1cb0c568173dfd07d,,,,,False,f87605af61db8a39f3bc74514a52b903f6aaa564a3db5be1cb0c568173dfd07d,False,False,train
recovered_archive3/254,recovered_archive3,254,report_image,recovered_archive3/254/rep_1912240.jpg.jpg,rep_1912240.jpg.jpg,82557,f87605af61db8a39f3bc74514a52b903f6aaa564a3db5be1cb0c568173dfd07d,,,,,False,f87605af61db8a39f3bc74514a52b903f6aaa564a3db5be1cb0c568173dfd07d,False,False,train
recovered_archive3/254,recovered_archive3,254,report_image,recovered_archive3/254/rep_1912241.jpg.jpg,rep_1912241.jpg.jpg,82557,f87605af61db8a39f3bc74514a52b903f6aaa564a3db5be1cb0c568173dfd07d,,,,,False,f87605af61db8a39f3bc74514a52b903f6aaa564a3db5be1cb0c568173dfd07d,False,False,train
recovered_archive3/254,recovered_archive3,254,report_image,recovered_archive3/254/rep_左手.jpg.jpg,rep_左手.jpg.jpg,82557,f87605af61db8a39f3bc74514a52b903f6aaa564a3db5be1cb0c568173dfd07d,,,,,False,f87605af61db8a39f3bc74514a52b903f6aaa564a3db5be1cb0c568173dfd07d,False,False,train
recovered_archive3/254,recovered_archive3,254,video,recovered_archive3/254/wmv0.avi,wmv0.avi,528489984,,,,,,False,,True,False,train
recovered_archive3/255,recovered_archive3,255,cap_image,recovered_archive3/255/CAPorg1.jpg,CAPorg1.jpg,620513,9a02962036ae679d7ff3d97b97aadfe24198a042174ea50130e9769fd469a38b,1024,768,146.05987,67.710938,False,9a02962036ae679d7ff3d97b97aadfe24198a042174ea50130e9769fd469a38b,False,True,val
recovered_archive3/255,recovered_archive3,255,cap_image,recovered_archive3/255/CAPorg2.jpg,CAPorg2.jpg,422635,b446be6575abbec2adf7f41498361adbc5712fc1f8bcbedb503576bbc36ffba1,1024,768,221.707026,39.082535,False,b446be6575abbec2adf7f41498361adbc5712fc1f8bcbedb503576bbc36ffba1,False,True,val
recovered_archive3/255,recovered_archive3,255,cap_image,recovered_archive3/255/CAPorg3.jpg,CAPorg3.jpg,524557,1a4cf1d1f4dd2123e7651d87a861b7c440bea231ecd16e42c3a88a0945cc53d8,1024,768,138.184996,91.765735,False,1a4cf1d1f4dd2123e7651d87a861b7c440bea231ecd16e42c3a88a0945cc53d8,False,True,val
recovered_archive3/255,recovered_archive3,255,cap_image,recovered_archive3/255/CAPorg4.jpg,CAPorg4.jpg,546761,8f9763ba14db993e3868da0ba3c2fcee861c187608837a11b3bd7621ac07d305,1024,768,203.26127,49.262913,False,8f9763ba14db993e3868da0ba3c2fcee861c187608837a11b3bd7621ac07d305,False,True,val
recovered_archive3/255,recovered_archive3,255,cap_image,recovered_archive3/255/CAPorg5.jpg,CAPorg5.jpg,641289,312278df810c42c1e1db70a6ae02d6873c102f5ccd0742d1ac6c7a1bf04b8884,1024,768,127.910689,58.141174,False,312278df810c42c1e1db70a6ae02d6873c102f5ccd0742d1ac6c7a1bf04b8884,False,True,val
recovered_archive3/255,recovered_archive3,255,cap_image,recovered_archive3/255/CAPorg6.jpg,CAPorg6.jpg,631125,ec3659a0ebc0f081139d585e5df17bc1beac89589d16e34975db436f0b00a363,1024,768,109.97013,58.719507,False,ec3659a0ebc0f081139d585e5df17bc1beac89589d16e34975db436f0b00a363,False,True,val
recovered_archive3/255,recovered_archive3,255,cap_image,recovered_archive3/255/CAPorg7.jpg,CAPorg7.jpg,628265,72f72977b4c986495ba327989c99e0e497951a0aee06846f150f025996c636b9,1024,768,105.658838,57.091764,False,72f72977b4c986495ba327989c99e0e497951a0aee06846f150f025996c636b9,False,True,val
recovered_archive3/255,recovered_archive3,255,cap_image,recovered_archive3/255/CAPorg8.jpg,CAPorg8.jpg,616485,f2dc73fcd571d45aeaa43c1800bd79cdb50d9990c0fd15085bcab2c4cd0e5f3a,1024,768,93.797248,55.233442,False,f2dc73fcd571d45aeaa43c1800bd79cdb50d9990c0fd15085bcab2c4cd0e5f3a,False,True,val
recovered_archive3/255,recovered_archive3,255,report_image,recovered_archive3/255/rep.jpg.jpg,rep.jpg.jpg,78506,2433b4f7a393535b4a43a1da7ac3dbcb130c0db13dc98cf93ab982f17bb86f2d,,,,,False,2433b4f7a393535b4a43a1da7ac3dbcb130c0db13dc98cf93ab982f17bb86f2d,False,False,val
recovered_archive3/255,recovered_archive3,255,report_image,recovered_archive3/255/rep_1906040.jpg.jpg,rep_1906040.jpg.jpg,78506,2433b4f7a393535b4a43a1da7ac3dbcb130c0db13dc98cf93ab982f17bb86f2d,,,,,False,2433b4f7a393535b4a43a1da7ac3dbcb130c0db13dc98cf93ab982f17bb86f2d,False,False,val
recovered_archive3/255,recovered_archive3,255,report_image,recovered_archive3/255/rep_1906041.jpg.jpg,rep_1906041.jpg.jpg,78506,2433b4f7a393535b4a43a1da7ac3dbcb130c0db13dc98cf93ab982f17bb86f2d,,,,,False,2433b4f7a393535b4a43a1da7ac3dbcb130c0db13dc98cf93ab982f17bb86f2d,False,False,val
recovered_archive3/255,recovered_archive3,255,report_image,recovered_archive3/255/rep_左手.jpg.jpg,rep_左手.jpg.jpg,78506,2433b4f7a393535b4a43a1da7ac3dbcb130c0db13dc98cf93ab982f17bb86f2d,,,,,False,2433b4f7a393535b4a43a1da7ac3dbcb130c0db13dc98cf93ab982f17bb86f2d,False,False,val
recovered_archive3/255,recovered_archive3,255,video,recovered_archive3/255/wmv0.avi,wmv0.avi,313792000,,,,,,False,,True,False,val
recovered_archive3/255,recovered_archive3,255,video,recovered_archive3/255/wmv1.avi,wmv1.avi,368056320,,,,,,False,,True,False,val
recovered_archive3/255,recovered_archive3,255,video,recovered_archive3/255/wmv2.avi,wmv2.avi,261886976,,,,,,False,,True,False,val
recovered_archive3/256,recovered_archive3,256,cap_image,recovered_archive3/256/CAPorg1.jpg,CAPorg1.jpg,656434,5cd47eda359d59978c231b5b15b451bed4125687709eb10445cfc0bd1d919a7d,1024,768,142.346006,35.029461,False,5cd47eda359d59978c231b5b15b451bed4125687709eb10445cfc0bd1d919a7d,False,True,train
recovered_archive3/256,recovered_archive3,256,cap_image,recovered_archive3/256/CAPorg10.jpg,CAPorg10.jpg,618064,62285b3deb49cd83ace41933fde6d63cfd7f2a5ef0fc11b15c0bde9bf35036ae,1024,768,98.628934,38.903771,False,62285b3deb49cd83ace41933fde6d63cfd7f2a5ef0fc11b15c0bde9bf35036ae,False,True,train
recovered_archive3/256,recovered_archive3,256,cap_image,recovered_archive3/256/CAPorg11.jpg,CAPorg11.jpg,598870,c98900b30c142eac40069b7edfe2533080872a30045b0f153fb293de9ddf668d,1024,768,58.126935,24.218155,False,c98900b30c142eac40069b7edfe2533080872a30045b0f153fb293de9ddf668d,False,True,train
recovered_archive3/256,recovered_archive3,256,cap_image,recovered_archive3/256/CAPorg12.jpg,CAPorg12.jpg,602453,64a8ea1571aa380aaad0efe3c472cd408814a4eb213776d5dfbc0f97368da50c,1024,768,61.267848,24.672344,False,64a8ea1571aa380aaad0efe3c472cd408814a4eb213776d5dfbc0f97368da50c,False,True,train
recovered_archive3/256,recovered_archive3,256,cap_image,recovered_archive3/256/CAPorg13.jpg,CAPorg13.jpg,589103,0005041451089e2ca6972e123903015ab9e917fbbe4ab9062020ca0bdaf31b44,1024,768,49.764186,22.002049,False,0005041451089e2ca6972e123903015ab9e917fbbe4ab9062020ca0bdaf31b44,False,True,train
recovered_archive3/256,recovered_archive3,256,cap_image,recovered_archive3/256/CAPorg2.jpg,CAPorg2.jpg,623259,abdc275e7054400c051bbce5f8d6e158c45e92e191266ca1c1b61105fcaea776,1024,768,194.785788,43.741301,False,abdc275e7054400c051bbce5f8d6e158c45e92e191266ca1c1b61105fcaea776,False,True,train
recovered_archive3/256,recovered_archive3,256,cap_image,recovered_archive3/256/CAPorg3.jpg,CAPorg3.jpg,581637,f993e07fe358392118d67033c4b3478c67bd8a0d86f755be8335a6de6e44eb75,1024,768,208.427737,36.33106,False,f993e07fe358392118d67033c4b3478c67bd8a0d86f755be8335a6de6e44eb75,False,True,train
recovered_archive3/256,recovered_archive3,256,cap_image,recovered_archive3/256/CAPorg4.jpg,CAPorg4.jpg,587211,d2ef4917e838b615469826d10fa51b8d9893cf93b92d33cba444661e7141213c,1024,768,200.553202,40.534057,False,d2ef4917e838b615469826d10fa51b8d9893cf93b92d33cba444661e7141213c,False,True,train
recovered_archive3/256,recovered_archive3,256,cap_image,recovered_archive3/256/CAPorg5.jpg,CAPorg5.jpg,575135,dc098dd87d2c0f5966b08df6ca82032ab8f80fcaca6fbee52eae4b8a631a2347,1024,768,211.674847,38.556971,False,dc098dd87d2c0f5966b08df6ca82032ab8f80fcaca6fbee52eae4b8a631a2347,False,True,train
recovered_archive3/256,recovered_archive3,256,cap_image,recovered_archive3/256/CAPorg6.jpg,CAPorg6.jpg,573344,cf9e125f115b4af244f8a7389935ccfb3a370e160a1f40906ce20219ea4e9507,1024,768,50.896196,31.843969,False,cf9e125f115b4af244f8a7389935ccfb3a370e160a1f40906ce20219ea4e9507,False,True,train
recovered_archive3/256,recovered_archive3,256,cap_image,recovered_archive3/256/CAPorg7.jpg,CAPorg7.jpg,575244,ab63364a2479049ac9aac06c9dce62da3664d09c340e8f495c3df97e965cd994,1024,768,98.26859,58.814232,False,ab63364a2479049ac9aac06c9dce62da3664d09c340e8f495c3df97e965cd994,False,True,train
recovered_archive3/256,recovered_archive3,256,cap_image,recovered_archive3/256/CAPorg8.jpg,CAPorg8.jpg,557892,740809e71bf46d21a6cbffe13bb96751f96b6bf6ad80fd154bbba90e0b76f2bb,1024,768,87.572625,62.295197,False,740809e71bf46d21a6cbffe13bb96751f96b6bf6ad80fd154bbba90e0b76f2bb,False,True,train
recovered_archive3/256,recovered_archive3,256,cap_image,recovered_archive3/256/CAPorg9.jpg,CAPorg9.jpg,537596,b5357cd004b0099484363a965a074d5973faed799c6c21ff3e6f47e12cea26fc,1024,768,98.50517,69.731851,False,b5357cd004b0099484363a965a074d5973faed799c6c21ff3e6f47e12cea26fc,False,True,train
recovered_archive3/256,recovered_archive3,256,report_image,recovered_archive3/256/rep.jpg.jpg,rep.jpg.jpg,75429,422882442abf209001660f3c4d6709c4e2776500451f8c9cdca0090f5e52f012,,,,,False,422882442abf209001660f3c4d6709c4e2776500451f8c9cdca0090f5e52f012,False,False,train
recovered_archive3/256,recovered_archive3,256,report_image,recovered_archive3/256/rep_2012220.jpg.jpg,rep_2012220.jpg.jpg,75429,422882442abf209001660f3c4d6709c4e2776500451f8c9cdca0090f5e52f012,,,,,False,422882442abf209001660f3c4d6709c4e2776500451f8c9cdca0090f5e52f012,False,False,train
recovered_archive3/256,recovered_archive3,256,report_image,recovered_archive3/256/rep_2012221.jpg.jpg,rep_2012221.jpg.jpg,75429,422882442abf209001660f3c4d6709c4e2776500451f8c9cdca0090f5e52f012,,,,,False,422882442abf209001660f3c4d6709c4e2776500451f8c9cdca0090f5e52f012,False,False,train
recovered_archive3/256,recovered_archive3,256,report_image,recovered_archive3/256/rep_无名指.jpg.jpg,rep_无名指.jpg.jpg,75429,422882442abf209001660f3c4d6709c4e2776500451f8c9cdca0090f5e52f012,,,,,False,422882442abf209001660f3c4d6709c4e2776500451f8c9cdca0090f5e52f012,False,False,train
recovered_archive3/256,recovered_archive3,256,video,recovered_archive3/256/wmv0.avi,wmv0.avi,382212096,,,,,,False,,True,False,train
recovered_archive3/256,recovered_archive3,256,video,recovered_archive3/256/wmv1.avi,wmv1.avi,377493504,,,,,,False,,True,False,train
recovered_archive3/257,recovered_archive3,257,cap_image,recovered_archive3/257/CAPorg1.jpg,CAPorg1.jpg,544449,c3f2c642c980579f22e612078d1f6e8e38b5202a5ac4b444aca466f4328f179d,1024,768,113.362077,85.275432,False,c3f2c642c980579f22e612078d1f6e8e38b5202a5ac4b444aca466f4328f179d,False,True,val
recovered_archive3/257,recovered_archive3,257,cap_image,recovered_archive3/257/CAPorg10.jpg,CAPorg10.jpg,532920,640263c2685c9b7ac147bc1940dd4f4d7a5d25084eaca8fb8231588ecb264dcd,1024,768,64.86996,61.228942,False,640263c2685c9b7ac147bc1940dd4f4d7a5d25084eaca8fb8231588ecb264dcd,False,True,val
recovered_archive3/257,recovered_archive3,257,cap_image,recovered_archive3/257/CAPorg11.jpg,CAPorg11.jpg,557151,db271c760283cd33dca57b515124af72a7524cd270079fd36ff2b99214bf879e,1024,768,57.16077,45.615641,False,db271c760283cd33dca57b515124af72a7524cd270079fd36ff2b99214bf879e,False,True,val
recovered_archive3/257,recovered_archive3,257,cap_image,recovered_archive3/257/CAPorg12.jpg,CAPorg12.jpg,600937,86a5e2d6f1ff0ded93ae962bed3212bb79f401ed29bc70942a158d5d0c3761b4,1024,768,75.932294,45.481435,False,86a5e2d6f1ff0ded93ae962bed3212bb79f401ed29bc70942a158d5d0c3761b4,False,True,val
recovered_archive3/257,recovered_archive3,257,cap_image,recovered_archive3/257/CAPorg13.jpg,CAPorg13.jpg,581837,c2e09f6d94c298bbc05484a043edc2674b76ba171f6a927c476e6705198fc7fd,1024,768,62.232067,40.749086,False,c2e09f6d94c298bbc05484a043edc2674b76ba171f6a927c476e6705198fc7fd,False,True,val
recovered_archive3/257,recovered_archive3,257,cap_image,recovered_archive3/257/CAPorg14.jpg,CAPorg14.jpg,581417,35e31872d36b920466d682b4bc73e06d71975251d89c4efe75c5bc63d1e86f91,1024,768,72.199415,52.105614,False,35e31872d36b920466d682b4bc73e06d71975251d89c4efe75c5bc63d1e86f91,False,True,val
recovered_archive3/257,recovered_archive3,257,cap_image,recovered_archive3/257/CAPorg15.jpg,CAPorg15.jpg,539981,1eac35091d9b365e5790a1906ea46ab7241bfcc4cdd24d0d397dfab89497ddff,1024,768,48.633474,41.620489,False,1eac35091d9b365e5790a1906ea46ab7241bfcc4cdd24d0d397dfab89497ddff,False,True,val
recovered_archive3/257,recovered_archive3,257,cap_image,recovered_archive3/257/CAPorg16.jpg,CAPorg16.jpg,504631,e66abe032d2571b0cb4450e0ba406f973bfb2384325b2f3ee936d088cc90821c,1024,768,31.079548,28.025648,False,e66abe032d2571b0cb4450e0ba406f973bfb2384325b2f3ee936d088cc90821c,False,True,val
recovered_archive3/257,recovered_archive3,257,cap_image,recovered_archive3/257/CAPorg17.jpg,CAPorg17.jpg,599815,53dd211d28f86c44a1152cedf9f624d8ee2d129ec3a2d867527d68795f3e46e8,1024,768,99.821964,62.112317,False,53dd211d28f86c44a1152cedf9f624d8ee2d129ec3a2d867527d68795f3e46e8,False,True,val
recovered_archive3/257,recovered_archive3,257,cap_image,recovered_archive3/257/CAPorg2.jpg,CAPorg2.jpg,534174,dcc8ba7d5fcf7057ca6b5005038690e30c9733e9e68be472faf584c448f62163,1024,768,108.050294,84.501514,False,dcc8ba7d5fcf7057ca6b5005038690e30c9733e9e68be472faf584c448f62163,False,True,val
recovered_archive3/257,recovered_archive3,257,cap_image,recovered_archive3/257/CAPorg3.jpg,CAPorg3.jpg,529718,1acbda66df18c56e0e01620b9c03d850746f232af0e9a29d781e7c3d9c00fca8,1024,768,142.607641,86.406656,False,1acbda66df18c56e0e01620b9c03d850746f232af0e9a29d781e7c3d9c00fca8,False,True,val
recovered_archive3/257,recovered_archive3,257,cap_image,recovered_archive3/257/CAPorg4.jpg,CAPorg4.jpg,589800,fd070d8926c6c6e56d5b6f25ef09d9112d4fa1199b9ae9b777590c34bccd08aa,1024,768,122.786617,77.662059,False,fd070d8926c6c6e56d5b6f25ef09d9112d4fa1199b9ae9b777590c34bccd08aa,False,True,val
recovered_archive3/257,recovered_archive3,257,cap_image,recovered_archive3/257/CAPorg5.jpg,CAPorg5.jpg,595831,614b33feeb796cedf1adbb9d1206e935bc038411c903eb67766c080eb3221db0,1024,768,136.332752,70.083855,False,614b33feeb796cedf1adbb9d1206e935bc038411c903eb67766c080eb3221db0,False,True,val
recovered_archive3/257,recovered_archive3,257,cap_image,recovered_archive3/257/CAPorg6.jpg,CAPorg6.jpg,564022,2706848a402d256860c895242f0885d728f49a441c21cd82d53a7b41a1470bad,1024,768,60.784299,44.602521,False,2706848a402d256860c895242f0885d728f49a441c21cd82d53a7b41a1470bad,False,True,val
recovered_archive3/257,recovered_archive3,257,cap_image,recovered_archive3/257/CAPorg7.jpg,CAPorg7.jpg,482587,fce03bebdfabc33fb28c5d96b0ba4409187a576be4a520538a2506ff65017e17,1024,768,34.166543,34.807277,False,fce03bebdfabc33fb28c5d96b0ba4409187a576be4a520538a2506ff65017e17,False,True,val
recovered_archive3/257,recovered_archive3,257,cap_image,recovered_archive3/257/CAPorg8.jpg,CAPorg8.jpg,494272,7044fb625630689aaee0e33e2e4ef55d9498b00ca4ef1119cda031e511fabf15,1024,768,38.243413,36.56992,False,7044fb625630689aaee0e33e2e4ef55d9498b00ca4ef1119cda031e511fabf15,False,True,val
recovered_archive3/257,recovered_archive3,257,cap_image,recovered_archive3/257/CAPorg9.jpg,CAPorg9.jpg,564080,1f3ef29d2a5dc1adacaee427789426abe7f10f2ff40024d5033da5372da3f9a3,1024,768,62.392668,46.652317,False,1f3ef29d2a5dc1adacaee427789426abe7f10f2ff40024d5033da5372da3f9a3,False,True,val
recovered_archive3/257,recovered_archive3,257,report_image,recovered_archive3/257/rep.jpg.jpg,rep.jpg.jpg,84342,731cfc9798df3730c95a9c452045c7d53bfb66375f96f8ab143fb0ab3601006f,,,,,False,731cfc9798df3730c95a9c452045c7d53bfb66375f96f8ab143fb0ab3601006f,False,False,val
recovered_archive3/257,recovered_archive3,257,report_image,recovered_archive3/257/rep_1907230.jpg.jpg,rep_1907230.jpg.jpg,82811,6197964ba7695a978d26d6c19b599366823bcd2835e4549d95267869da049b55,,,,,False,6197964ba7695a978d26d6c19b599366823bcd2835e4549d95267869da049b55,False,False,val
recovered_archive3/257,recovered_archive3,257,report_image,recovered_archive3/257/rep_1907231.jpg.jpg,rep_1907231.jpg.jpg,84342,731cfc9798df3730c95a9c452045c7d53bfb66375f96f8ab143fb0ab3601006f,,,,,False,731cfc9798df3730c95a9c452045c7d53bfb66375f96f8ab143fb0ab3601006f,False,False,val
recovered_archive3/257,recovered_archive3,257,report_image,recovered_archive3/257/rep_左手.jpg.jpg,rep_左手.jpg.jpg,84342,731cfc9798df3730c95a9c452045c7d53bfb66375f96f8ab143fb0ab3601006f,,,,,False,731cfc9798df3730c95a9c452045c7d53bfb66375f96f8ab143fb0ab3601006f,False,False,val
recovered_archive3/257,recovered_archive3,257,video,recovered_archive3/257/wmv0.avi,wmv0.avi,486022144,,,,,,False,,True,False,val
recovered_archive3/258,recovered_archive3,258,cap_image,recovered_archive3/258/CAPorg1.jpg,CAPorg1.jpg,536607,b60f5b9679da9b1848a33d2a9dfefbaa64fe33c44de22a789fdccea385b2de16,1024,768,189.618776,58.875568,False,b60f5b9679da9b1848a33d2a9dfefbaa64fe33c44de22a789fdccea385b2de16,False,True,train
recovered_archive3/258,recovered_archive3,258,cap_image,recovered_archive3/258/CAPorg2.jpg,CAPorg2.jpg,437393,6ce23655c3c06590835a7ae57d4f82cf47e0b9b7f55ab2d1e6204374f0f24368,1024,768,211.104459,52.079132,False,6ce23655c3c06590835a7ae57d4f82cf47e0b9b7f55ab2d1e6204374f0f24368,False,True,train
recovered_archive3/258,recovered_archive3,258,cap_image,recovered_archive3/258/CAPorg3.jpg,CAPorg3.jpg,525407,501057393b94f4501cbf00da32ef5401d02ad7446c414594e541730ff32d5c54,1024,768,209.693396,44.182224,False,501057393b94f4501cbf00da32ef5401d02ad7446c414594e541730ff32d5c54,False,True,train
recovered_archive3/258,recovered_archive3,258,cap_image,recovered_archive3/258/CAPorg4.jpg,CAPorg4.jpg,596932,106ea4dda8584c36f5a2a409922fb81c60653d9727d1c0b31e0f10badf80f43f,1024,768,178.541013,54.494536,False,106ea4dda8584c36f5a2a409922fb81c60653d9727d1c0b31e0f10badf80f43f,False,True,train
recovered_archive3/258,recovered_archive3,258,cap_image,recovered_archive3/258/CAPorg5.jpg,CAPorg5.jpg,615588,431869922c3afafc2908c43df61768536cb0847c196f4d80796dbc8d6882f28c,1024,768,82.94485,31.952601,False,431869922c3afafc2908c43df61768536cb0847c196f4d80796dbc8d6882f28c,False,True,train
recovered_archive3/258,recovered_archive3,258,cap_image,recovered_archive3/258/CAPorg6.jpg,CAPorg6.jpg,612109,656071328fb9d344d090bc4c20af25b6fdb4cefd816cc3a87b47c03d33f2bc23,1024,768,82.328621,32.348673,False,656071328fb9d344d090bc4c20af25b6fdb4cefd816cc3a87b47c03d33f2bc23,False,True,train
recovered_archive3/258,recovered_archive3,258,cap_image,recovered_archive3/258/CAPorg7.jpg,CAPorg7.jpg,630354,adadfe3c592e377712cae987069ac0549b1d48cce8a994a640c13d2d0c7c06e0,1024,768,108.586859,41.563433,False,adadfe3c592e377712cae987069ac0549b1d48cce8a994a640c13d2d0c7c06e0,False,True,train
recovered_archive3/258,recovered_archive3,258,cap_image,recovered_archive3/258/CAPorg8.jpg,CAPorg8.jpg,646346,27cea9b399941212476827e50f1d11ad3f9a99c37a637157598a024b9c94e8fe,1024,768,166.616689,47.485605,False,27cea9b399941212476827e50f1d11ad3f9a99c37a637157598a024b9c94e8fe,False,True,train
recovered_archive3/258,recovered_archive3,258,cap_image,recovered_archive3/258/CAPorg9.jpg,CAPorg9.jpg,617988,438bd530e9e0d5b8e3f586ecc399c6e9e8990c26d5251945cf1d62f135e79216,1024,768,180.440175,47.003743,False,438bd530e9e0d5b8e3f586ecc399c6e9e8990c26d5251945cf1d62f135e79216,False,True,train
recovered_archive3/258,recovered_archive3,258,report_image,recovered_archive3/258/rep.jpg.jpg,rep.jpg.jpg,74952,590b67eebd16d5d09f54e4aca4748a0b66498e38ef7a7a02470f8861baa1a498,,,,,False,590b67eebd16d5d09f54e4aca4748a0b66498e38ef7a7a02470f8861baa1a498,False,False,train
recovered_archive3/258,recovered_archive3,258,report_image,recovered_archive3/258/rep_1904180.jpg.jpg,rep_1904180.jpg.jpg,73301,51fe8836c057587180a98730ded3f7e6546bdd6d6f0826e5140536ffbfe46bd0,,,,,False,51fe8836c057587180a98730ded3f7e6546bdd6d6f0826e5140536ffbfe46bd0,False,False,train
recovered_archive3/258,recovered_archive3,258,report_image,recovered_archive3/258/rep_1904181.jpg.jpg,rep_1904181.jpg.jpg,73301,51fe8836c057587180a98730ded3f7e6546bdd6d6f0826e5140536ffbfe46bd0,,,,,False,51fe8836c057587180a98730ded3f7e6546bdd6d6f0826e5140536ffbfe46bd0,False,False,train
recovered_archive3/258,recovered_archive3,258,report_image,recovered_archive3/258/rep_1904182.jpg.jpg,rep_1904182.jpg.jpg,74952,590b67eebd16d5d09f54e4aca4748a0b66498e38ef7a7a02470f8861baa1a498,,,,,False,590b67eebd16d5d09f54e4aca4748a0b66498e38ef7a7a02470f8861baa1a498,False,False,train
recovered_archive3/258,recovered_archive3,258,report_image,recovered_archive3/258/rep_左手.jpg.jpg,rep_左手.jpg.jpg,74952,590b67eebd16d5d09f54e4aca4748a0b66498e38ef7a7a02470f8861baa1a498,,,,,False,590b67eebd16d5d09f54e4aca4748a0b66498e38ef7a7a02470f8861baa1a498,False,False,train
recovered_archive3/258,recovered_archive3,258,video,recovered_archive3/258/wmv0.avi,wmv0.avi,11606016,,,,,,False,,True,False,train
recovered_archive3/259,recovered_archive3,259,cap_image,recovered_archive3/259/CAPorg1.jpg,CAPorg1.jpg,629011,b1d38f4a1e9a225eb48f9de7600e48c971cf2776cddf9bb0909d4af4ed69a800,1024,768,91.662568,28.114932,False,b1d38f4a1e9a225eb48f9de7600e48c971cf2776cddf9bb0909d4af4ed69a800,False,True,val
recovered_archive3/259,recovered_archive3,259,cap_image,recovered_archive3/259/CAPorg2.jpg,CAPorg2.jpg,645077,21127ca9a3b2b1a6f7762f00897a8eefc2cf2d999ccbde883a18e04269d39510,1024,768,116.154584,31.686146,False,21127ca9a3b2b1a6f7762f00897a8eefc2cf2d999ccbde883a18e04269d39510,False,True,val
recovered_archive3/259,recovered_archive3,259,cap_image,recovered_archive3/259/CAPorg3.jpg,CAPorg3.jpg,650129,53cec3c05570a570045d9a0128865d2c2d936a7dd6cfd8395965518e6908bf69,1024,768,127.482947,38.469689,False,53cec3c05570a570045d9a0128865d2c2d936a7dd6cfd8395965518e6908bf69,False,True,val
recovered_archive3/259,recovered_archive3,259,cap_image,recovered_archive3/259/CAPorg4.jpg,CAPorg4.jpg,647518,8014a4b66755547afca5ffdc1c3752906d8814d1ae4903f8b3a43fac329e0a3c,1024,768,125.507533,33.7855,False,8014a4b66755547afca5ffdc1c3752906d8814d1ae4903f8b3a43fac329e0a3c,False,True,val
recovered_archive3/259,recovered_archive3,259,cap_image,recovered_archive3/259/CAPorg5.jpg,CAPorg5.jpg,658175,819150e0581fe9437321f9c37e011764f0e5c982508daacf3410eccc3ad31580,1024,768,155.685253,45.048959,False,819150e0581fe9437321f9c37e011764f0e5c982508daacf3410eccc3ad31580,False,True,val
recovered_archive3/259,recovered_archive3,259,cap_image,recovered_archive3/259/CAPorg6.jpg,CAPorg6.jpg,653012,15961736d562cfccac7c931ad788fc6c2546086c085b8aa103c8e720ee9052c9,1024,768,156.795991,53.87123,False,15961736d562cfccac7c931ad788fc6c2546086c085b8aa103c8e720ee9052c9,False,True,val
recovered_archive3/259,recovered_archive3,259,report_image,recovered_archive3/259/rep.jpg.jpg,rep.jpg.jpg,74675,14e62b1561606b0749be3dae8b24c7be77799b2a09d2d5d744569828c4eb2a45,,,,,False,14e62b1561606b0749be3dae8b24c7be77799b2a09d2d5d744569828c4eb2a45,False,False,val
recovered_archive3/259,recovered_archive3,259,report_image,recovered_archive3/259/rep_1901080.jpg.jpg,rep_1901080.jpg.jpg,74628,517be254ee41b09e35217ec7dc13ea72b534f227dc639b1b952f13c5a8d46c6b,,,,,False,517be254ee41b09e35217ec7dc13ea72b534f227dc639b1b952f13c5a8d46c6b,False,False,val
recovered_archive3/259,recovered_archive3,259,report_image,recovered_archive3/259/rep_1901081.jpg.jpg,rep_1901081.jpg.jpg,74675,14e62b1561606b0749be3dae8b24c7be77799b2a09d2d5d744569828c4eb2a45,,,,,False,14e62b1561606b0749be3dae8b24c7be77799b2a09d2d5d744569828c4eb2a45,False,False,val
recovered_archive3/259,recovered_archive3,259,report_image,recovered_archive3/259/rep_左手.jpg.jpg,rep_左手.jpg.jpg,74675,14e62b1561606b0749be3dae8b24c7be77799b2a09d2d5d744569828c4eb2a45,,,,,False,14e62b1561606b0749be3dae8b24c7be77799b2a09d2d5d744569828c4eb2a45,False,False,val
recovered_archive3/260,recovered_archive3,260,cap_image,recovered_archive3/260/CAPorg1.jpg,CAPorg1.jpg,634992,4dfa5a504141177863eaefb2556f31bb2adb1a3580a4edcce0af6a5e7742e9e0,1024,768,87.157832,46.568523,False,4dfa5a504141177863eaefb2556f31bb2adb1a3580a4edcce0af6a5e7742e9e0,False,True,train
recovered_archive3/260,recovered_archive3,260,cap_image,recovered_archive3/260/CAPorg10.jpg,CAPorg10.jpg,581431,5d42284e2673f44aa29301044fff26788583b8de5a363fcb6c7263d45fb2062b,1024,768,42.967969,18.707186,False,5d42284e2673f44aa29301044fff26788583b8de5a363fcb6c7263d45fb2062b,False,True,train
recovered_archive3/260,recovered_archive3,260,cap_image,recovered_archive3/260/CAPorg11.jpg,CAPorg11.jpg,567999,dbaf12e5538355b8ca38a69c700b40283946292e1b3274b7e79a77e87a1a323e,1024,768,34.909435,18.988273,False,dbaf12e5538355b8ca38a69c700b40283946292e1b3274b7e79a77e87a1a323e,False,True,train
recovered_archive3/260,recovered_archive3,260,cap_image,recovered_archive3/260/CAPorg12.jpg,CAPorg12.jpg,566067,c428c8491d3c61afa0160e5405bd0b18013e917ce73c7eb0cbf913eacc23eec9,1024,768,33.352398,15.539463,False,c428c8491d3c61afa0160e5405bd0b18013e917ce73c7eb0cbf913eacc23eec9,False,True,train
recovered_archive3/260,recovered_archive3,260,cap_image,recovered_archive3/260/CAPorg2.jpg,CAPorg2.jpg,604286,f5dde2a0e650b26c31c4f77ab8d645ebd2595fb0d3853a9b0c92c8385ada2552,1024,768,57.47259,33.378918,False,f5dde2a0e650b26c31c4f77ab8d645ebd2595fb0d3853a9b0c92c8385ada2552,False,True,train
recovered_archive3/260,recovered_archive3,260,cap_image,recovered_archive3/260/CAPorg3.jpg,CAPorg3.jpg,548092,7da5d164f53b1f61109c1bc32b5e50e5a734aeade7320d69c6931a7393997be0,1024,768,38.084199,28.351306,False,7da5d164f53b1f61109c1bc32b5e50e5a734aeade7320d69c6931a7393997be0,False,True,train
recovered_archive3/260,recovered_archive3,260,cap_image,recovered_archive3/260/CAPorg4.jpg,CAPorg4.jpg,608164,c17954dd4d008fc0db4bd03dd9ffea095f943e9610015a2595f6b89e961916ed,1024,768,59.89909,29.022382,False,c17954dd4d008fc0db4bd03dd9ffea095f943e9610015a2595f6b89e961916ed,False,True,train
recovered_archive3/260,recovered_archive3,260,cap_image,recovered_archive3/260/CAPorg5.jpg,CAPorg5.jpg,481038,ae54bd01e873c138702ddf5e3b722a6f3b71fbf5e79d095c64d298dcca969889,1024,768,20.342823,17.340425,False,ae54bd01e873c138702ddf5e3b722a6f3b71fbf5e79d095c64d298dcca969889,False,True,train
recovered_archive3/260,recovered_archive3,260,cap_image,recovered_archive3/260/CAPorg6.jpg,CAPorg6.jpg,574697,2a1afddaa110ba328b0bc6f7f747947e83c5bcaf8f57c8d61a048806431d1676,1024,768,131.387347,63.769573,False,2a1afddaa110ba328b0bc6f7f747947e83c5bcaf8f57c8d61a048806431d1676,False,True,train
recovered_archive3/260,recovered_archive3,260,cap_image,recovered_archive3/260/CAPorg7.jpg,CAPorg7.jpg,623274,068266be61ad41673d40853b20dbac49f2bd1ea6e9a2ea906a7ca4d73d9c0802,1024,768,79.183042,47.364635,False,068266be61ad41673d40853b20dbac49f2bd1ea6e9a2ea906a7ca4d73d9c0802,False,True,train
recovered_archive3/260,recovered_archive3,260,cap_image,recovered_archive3/260/CAPorg8.jpg,CAPorg8.jpg,597876,5fe60b88a940e4a6dea7db1324b04356b5352c2b05cd7ed77cc9e360e26c4865,1024,768,71.170102,44.348392,False,5fe60b88a940e4a6dea7db1324b04356b5352c2b05cd7ed77cc9e360e26c4865,False,True,train
recovered_archive3/260,recovered_archive3,260,cap_image,recovered_archive3/260/CAPorg9.jpg,CAPorg9.jpg,597314,97bb784e50481a70a6be3f88631789a8be9df67688f442aea0dd63009b39a99b,1024,768,55.430509,20.200931,False,97bb784e50481a70a6be3f88631789a8be9df67688f442aea0dd63009b39a99b,False,True,train
recovered_archive3/260,recovered_archive3,260,report_image,recovered_archive3/260/rep.jpg.jpg,rep.jpg.jpg,77906,2a3dbf240c98a7a4bd3491977952ef7caa90264ed10c0ac36c89a119d31bf09b,,,,,False,2a3dbf240c98a7a4bd3491977952ef7caa90264ed10c0ac36c89a119d31bf09b,False,False,train
recovered_archive3/260,recovered_archive3,260,report_image,recovered_archive3/260/rep_1912120.jpg.jpg,rep_1912120.jpg.jpg,77906,2a3dbf240c98a7a4bd3491977952ef7caa90264ed10c0ac36c89a119d31bf09b,,,,,False,2a3dbf240c98a7a4bd3491977952ef7caa90264ed10c0ac36c89a119d31bf09b,False,False,train
recovered_archive3/260,recovered_archive3,260,report_image,recovered_archive3/260/rep_左手.jpg.jpg,rep_左手.jpg.jpg,77906,2a3dbf240c98a7a4bd3491977952ef7caa90264ed10c0ac36c89a119d31bf09b,,,,,False,2a3dbf240c98a7a4bd3491977952ef7caa90264ed10c0ac36c89a119d31bf09b,False,False,train
recovered_archive3/260,recovered_archive3,260,video,recovered_archive3/260/wmv0.avi,wmv0.avi,427039232,,,,,,False,,True,False,train
recovered_archive3/260,recovered_archive3,260,video,recovered_archive3/260/wmv1.avi,wmv1.avi,478944256,,,,,,False,,True,False,train
recovered_archive3/261,recovered_archive3,261,cap_image,recovered_archive3/261/CAPorg1.jpg,CAPorg1.jpg,619697,d9c03036b6d44983d81ac1f2e99169c47eca388ec722aec5017ea80a3ce97836,1024,768,159.813849,63.311232,False,d9c03036b6d44983d81ac1f2e99169c47eca388ec722aec5017ea80a3ce97836,False,True,val
recovered_archive3/261,recovered_archive3,261,cap_image,recovered_archive3/261/CAPorg10.jpg,CAPorg10.jpg,577580,4da37f34277fe5f5a26e5b1a87b82a842df54a2402dcd8db16b283b5dc956cec,1024,768,131.933919,66.030123,False,4da37f34277fe5f5a26e5b1a87b82a842df54a2402dcd8db16b283b5dc956cec,False,True,val
recovered_archive3/261,recovered_archive3,261,cap_image,recovered_archive3/261/CAPorg11.jpg,CAPorg11.jpg,658658,19672b8c4138be7ab62f0749e977ae96c782e07ce06284acfeaf4a3f91528d64,1024,768,122.229893,39.692802,False,19672b8c4138be7ab62f0749e977ae96c782e07ce06284acfeaf4a3f91528d64,False,True,val
recovered_archive3/261,recovered_archive3,261,cap_image,recovered_archive3/261/CAPorg12.jpg,CAPorg12.jpg,644713,ebe61f02b6406e5abeddc652a65c314aea465b01812c8dcd40d9e0d6ecdacdda,1024,768,155.39283,57.369167,False,ebe61f02b6406e5abeddc652a65c314aea465b01812c8dcd40d9e0d6ecdacdda,False,True,val
recovered_archive3/261,recovered_archive3,261,cap_image,recovered_archive3/261/CAPorg13.jpg,CAPorg13.jpg,656984,5ebc871d93a298087f5c68cc41db574bb9c10f0ff85654526e27272e4706cf00,1024,768,153.669942,55.060268,False,5ebc871d93a298087f5c68cc41db574bb9c10f0ff85654526e27272e4706cf00,False,True,val
recovered_archive3/261,recovered_archive3,261,cap_image,recovered_archive3/261/CAPorg14.jpg,CAPorg14.jpg,657408,1b791336f566fb55a0f54e8512cbfc2d4299e0ef2c17c76c0fac57bcce5e9454,1024,768,159.151081,55.145014,False,1b791336f566fb55a0f54e8512cbfc2d4299e0ef2c17c76c0fac57bcce5e9454,False,True,val
recovered_archive3/261,recovered_archive3,261,cap_image,recovered_archive3/261/CAPorg15.jpg,CAPorg15.jpg,638646,b379bf501abb285249c43a9326587d08194c9f77984e4383d7c7106be393114d,1024,768,174.044563,55.664478,False,b379bf501abb285249c43a9326587d08194c9f77984e4383d7c7106be393114d,False,True,val
recovered_archive3/261,recovered_archive3,261,cap_image,recovered_archive3/261/CAPorg16.jpg,CAPorg16.jpg,537910,c3a0b2a60b694c040ee854e16be477e75f97e19e7d05c64191f804eb3584c1e0,1024,768,189.239674,60.650407,False,c3a0b2a60b694c040ee854e16be477e75f97e19e7d05c64191f804eb3584c1e0,False,True,val
recovered_archive3/261,recovered_archive3,261,cap_image,recovered_archive3/261/CAPorg2.jpg,CAPorg2.jpg,647100,c2bc987d727e6965513487d450efedc241a741eb98339e1cb0d5d8ff066a028a,1024,768,131.034684,53.945417,False,c2bc987d727e6965513487d450efedc241a741eb98339e1cb0d5d8ff066a028a,False,True,val
recovered_archive3/261,recovered_archive3,261,cap_image,recovered_archive3/261/CAPorg3.jpg,CAPorg3.jpg,626363,8b790ea0cda56e4b2bd045ac4f7027397de1bee0ab71dc5250d484a6e333bebb,1024,768,102.864001,42.134681,False,8b790ea0cda56e4b2bd045ac4f7027397de1bee0ab71dc5250d484a6e333bebb,False,True,val
recovered_archive3/261,recovered_archive3,261,cap_image,recovered_archive3/261/CAPorg4.jpg,CAPorg4.jpg,650908,3e85c495316121faec7936af011fc5f037754ef94cdfe69ed22b6680591bb52f,1024,768,119.872429,57.425587,False,3e85c495316121faec7936af011fc5f037754ef94cdfe69ed22b6680591bb52f,False,True,val
recovered_archive3/261,recovered_archive3,261,cap_image,recovered_archive3/261/CAPorg5.jpg,CAPorg5.jpg,667900,dc25b8cb2d17590f9f0d26204a258530bf3e6ff15777ebcec68b4d8a9102df96,1024,768,173.89688,49.673856,False,dc25b8cb2d17590f9f0d26204a258530bf3e6ff15777ebcec68b4d8a9102df96,False,True,val
recovered_archive3/261,recovered_archive3,261,cap_image,recovered_archive3/261/CAPorg6.jpg,CAPorg6.jpg,574875,17418dffad1fc6b40e6c10aa81cb7024a61ff177d456c0c81eb85b53dbda8118,1024,768,172.608522,62.273568,False,17418dffad1fc6b40e6c10aa81cb7024a61ff177d456c0c81eb85b53dbda8118,False,True,val
recovered_archive3/261,recovered_archive3,261,cap_image,recovered_archive3/261/CAPorg7.jpg,CAPorg7.jpg,567295,9871995e7f028bc0867d6a7c5077e57a90e9b851ab52ce487375cb5d4aa28184,1024,768,166.597603,57.346962,False,9871995e7f028bc0867d6a7c5077e57a90e9b851ab52ce487375cb5d4aa28184,False,True,val
recovered_archive3/261,recovered_archive3,261,cap_image,recovered_archive3/261/CAPorg8.jpg,CAPorg8.jpg,558160,6ca2d3a7ed0a4c623101328eb0e9c5107ea655c1a84fb5b85e9b0f5079da129e,1024,768,128.124265,60.731458,False,6ca2d3a7ed0a4c623101328eb0e9c5107ea655c1a84fb5b85e9b0f5079da129e,False,True,val
recovered_archive3/261,recovered_archive3,261,cap_image,recovered_archive3/261/CAPorg9.jpg,CAPorg9.jpg,576527,26ddfff3aadc03e2b0b057333c3f8da5d7232b060bac23e36b1c2e66b4ec47f4,1024,768,126.415274,56.772806,False,26ddfff3aadc03e2b0b057333c3f8da5d7232b060bac23e36b1c2e66b4ec47f4,False,True,val
recovered_archive3/261,recovered_archive3,261,report_image,recovered_archive3/261/rep.jpg.jpg,rep.jpg.jpg,77962,bc715bbe294861201d0f79fa60ee82f6b2c1b0be7b5d8cf21fb7344b21d5f7f5,,,,,False,bc715bbe294861201d0f79fa60ee82f6b2c1b0be7b5d8cf21fb7344b21d5f7f5,False,False,val
recovered_archive3/261,recovered_archive3,261,report_image,recovered_archive3/261/rep_1905070.jpg.jpg,rep_1905070.jpg.jpg,77962,bc715bbe294861201d0f79fa60ee82f6b2c1b0be7b5d8cf21fb7344b21d5f7f5,,,,,False,bc715bbe294861201d0f79fa60ee82f6b2c1b0be7b5d8cf21fb7344b21d5f7f5,False,False,val
recovered_archive3/261,recovered_archive3,261,report_image,recovered_archive3/261/rep_1905071.jpg.jpg,rep_1905071.jpg.jpg,77962,bc715bbe294861201d0f79fa60ee82f6b2c1b0be7b5d8cf21fb7344b21d5f7f5,,,,,False,bc715bbe294861201d0f79fa60ee82f6b2c1b0be7b5d8cf21fb7344b21d5f7f5,False,False,val
recovered_archive3/261,recovered_archive3,261,report_image,recovered_archive3/261/rep_左手.jpg.jpg,rep_左手.jpg.jpg,77962,bc715bbe294861201d0f79fa60ee82f6b2c1b0be7b5d8cf21fb7344b21d5f7f5,,,,,False,bc715bbe294861201d0f79fa60ee82f6b2c1b0be7b5d8cf21fb7344b21d5f7f5,False,False,val
recovered_archive3/262,recovered_archive3,262,cap_image,recovered_archive3/262/CAPorg1.jpg,CAPorg1.jpg,626299,0999273ec9b12613a40c3eb08e6d24bf383b0f8098ea24d387436c57cc9fa1f0,1024,768,92.002894,44.284216,False,0999273ec9b12613a40c3eb08e6d24bf383b0f8098ea24d387436c57cc9fa1f0,False,True,train
recovered_archive3/262,recovered_archive3,262,cap_image,recovered_archive3/262/CAPorg2.jpg,CAPorg2.jpg,617365,a12ccffc1963180a6bb1c8dc629e9bad4879d6d82f513aab3eab98b9dba10c43,1024,768,83.681342,42.437921,False,a12ccffc1963180a6bb1c8dc629e9bad4879d6d82f513aab3eab98b9dba10c43,False,True,train
recovered_archive3/262,recovered_archive3,262,cap_image,recovered_archive3/262/CAPorg3.jpg,CAPorg3.jpg,601503,525e93c21f53de35ba20091643e218c7507d75238fb226f6a02c0f925e64274f,1024,768,73.442683,46.568256,False,525e93c21f53de35ba20091643e218c7507d75238fb226f6a02c0f925e64274f,False,True,train
recovered_archive3/262,recovered_archive3,262,cap_image,recovered_archive3/262/CAPorg4.jpg,CAPorg4.jpg,605193,cedb36ea1c2b784881653e07f9904d96841e8da1948411c1fa2ea906cdbe8392,1024,768,70.851041,39.839017,False,cedb36ea1c2b784881653e07f9904d96841e8da1948411c1fa2ea906cdbe8392,False,True,train
recovered_archive3/262,recovered_archive3,262,cap_image,recovered_archive3/262/CAPorg5.jpg,CAPorg5.jpg,580855,4076cdab051daf6f0f0b3d4b320cd5a0a738045300a20d1c2871d1e7aebf3320,1024,768,57.775789,39.614686,False,4076cdab051daf6f0f0b3d4b320cd5a0a738045300a20d1c2871d1e7aebf3320,False,True,train
recovered_archive3/262,recovered_archive3,262,cap_image,recovered_archive3/262/CAPorg6.jpg,CAPorg6.jpg,569465,d80f58cb24319277a9128b36ccc7e5ad4b900c9adaff781654c47a6994669d39,1024,768,49.073015,35.1529,False,d80f58cb24319277a9128b36ccc7e5ad4b900c9adaff781654c47a6994669d39,False,True,train
recovered_archive3/262,recovered_archive3,262,cap_image,recovered_archive3/262/CAPorg7.jpg,CAPorg7.jpg,613732,68177123763ce87de07de992abedbf390aaa9763477d8f5325f0a92d9daac165,1024,768,79.997779,45.204047,False,68177123763ce87de07de992abedbf390aaa9763477d8f5325f0a92d9daac165,False,True,train
recovered_archive3/262,recovered_archive3,262,report_image,recovered_archive3/262/rep.jpg.jpg,rep.jpg.jpg,84138,6cfed3b30335e37a845c055be6d1f48d5a359ebad5710b607f6cd4a0cd09d444,,,,,False,6cfed3b30335e37a845c055be6d1f48d5a359ebad5710b607f6cd4a0cd09d444,False,False,train
recovered_archive3/262,recovered_archive3,262,report_image,recovered_archive3/262/rep_1.jpg.jpg,rep_1.jpg.jpg,67336,09de94d1c4539c7a9121fe31f1f772fd83290d7b22ffc5fb821a574959e056db,,,,,False,09de94d1c4539c7a9121fe31f1f772fd83290d7b22ffc5fb821a574959e056db,False,False,train
recovered_archive3/262,recovered_archive3,262,report_image,recovered_archive3/262/rep_1905280.jpg.jpg,rep_1905280.jpg.jpg,56927,e2989580f7c9f63a207d00a556e065f106a6ca15e127af75aa6c841de4f6ab73,,,,,False,e2989580f7c9f63a207d00a556e065f106a6ca15e127af75aa6c841de4f6ab73,False,False,train
recovered_archive3/262,recovered_archive3,262,report_image,recovered_archive3/262/rep_1905281.jpg.jpg,rep_1905281.jpg.jpg,84138,6cfed3b30335e37a845c055be6d1f48d5a359ebad5710b607f6cd4a0cd09d444,,,,,False,6cfed3b30335e37a845c055be6d1f48d5a359ebad5710b607f6cd4a0cd09d444,False,False,train
recovered_archive3/262,recovered_archive3,262,report_image,recovered_archive3/262/rep_左手.jpg.jpg,rep_左手.jpg.jpg,84138,6cfed3b30335e37a845c055be6d1f48d5a359ebad5710b607f6cd4a0cd09d444,,,,,False,6cfed3b30335e37a845c055be6d1f48d5a359ebad5710b607f6cd4a0cd09d444,False,False,train
recovered_archive3/263,recovered_archive3,263,cap_image,recovered_archive3/263/CAPorg1.jpg,CAPorg1.jpg,406542,5f62aeca4554e9a0f5d54c3a703ccbbfd6f233b0ef5eb71190b2c6ccdf803417,1024,768,238.494272,17.552739,False,5f62aeca4554e9a0f5d54c3a703ccbbfd6f233b0ef5eb71190b2c6ccdf803417,False,True,train
recovered_archive3/263,recovered_archive3,263,cap_image,recovered_archive3/263/CAPorg10.jpg,CAPorg10.jpg,537707,edf567b7bd71c60a80a30c9ffeea3ce816b2e4e88eb33dfeed694e3ba51c4862,1024,768,190.029961,57.659059,False,edf567b7bd71c60a80a30c9ffeea3ce816b2e4e88eb33dfeed694e3ba51c4862,False,True,train
recovered_archive3/263,recovered_archive3,263,cap_image,recovered_archive3/263/CAPorg2.jpg,CAPorg2.jpg,404330,a23af31c634cbd6a63cdb06e4335e277ab8f5c99c97c06799e76a3f2a5aba7e9,1024,768,239.222672,16.918355,False,a23af31c634cbd6a63cdb06e4335e277ab8f5c99c97c06799e76a3f2a5aba7e9,False,True,train
recovered_archive3/263,recovered_archive3,263,cap_image,recovered_archive3/263/CAPorg3.jpg,CAPorg3.jpg,649630,c2ce49ac59af61dbd7d986dd91c0eb8ebf3b84bb3233633a0e7d8b2e279c087b,1024,768,135.429143,35.997545,False,c2ce49ac59af61dbd7d986dd91c0eb8ebf3b84bb3233633a0e7d8b2e279c087b,False,True,train
recovered_archive3/263,recovered_archive3,263,cap_image,recovered_archive3/263/CAPorg4.jpg,CAPorg4.jpg,515724,4cb9ed408636c986933a872739b555253f02e84b8a4fb82f2b79885179d1cb8e,1024,768,26.189379,18.053733,False,4cb9ed408636c986933a872739b555253f02e84b8a4fb82f2b79885179d1cb8e,False,True,train
recovered_archive3/263,recovered_archive3,263,cap_image,recovered_archive3/263/CAPorg5.jpg,CAPorg5.jpg,634534,200c4b17f6905b2cd02510d30afe38b5bccea389d766a344357ab7b8f396005e,1024,768,110.236937,28.085573,False,200c4b17f6905b2cd02510d30afe38b5bccea389d766a344357ab7b8f396005e,False,True,train
recovered_archive3/263,recovered_archive3,263,cap_image,recovered_archive3/263/CAPorg6.jpg,CAPorg6.jpg,633815,1d87876574d2bea7d11e5993c26df4771266762ee1feba683ec7f6cd9801f0c0,1024,768,117.334312,29.88598,False,1d87876574d2bea7d11e5993c26df4771266762ee1feba683ec7f6cd9801f0c0,False,True,train
recovered_archive3/263,recovered_archive3,263,cap_image,recovered_archive3/263/CAPorg7.jpg,CAPorg7.jpg,644780,b83480d7c77d339e86d67389069a9b90f11b47ee8740c3d0257d90003756e440,1024,768,145.000591,48.374164,False,b83480d7c77d339e86d67389069a9b90f11b47ee8740c3d0257d90003756e440,False,True,train
recovered_archive3/263,recovered_archive3,263,cap_image,recovered_archive3/263/CAPorg8.jpg,CAPorg8.jpg,647646,c684c553aab5819ea4a672c6e8192026746776e6ab1b4b8996ebf82efcc497a8,1024,768,151.738827,53.054362,False,c684c553aab5819ea4a672c6e8192026746776e6ab1b4b8996ebf82efcc497a8,False,True,train
recovered_archive3/263,recovered_archive3,263,cap_image,recovered_archive3/263/CAPorg9.jpg,CAPorg9.jpg,629475,645af27527b2f5b783f23d377f974af73d976128a0678ca4b1778b280d24aab2,1024,768,148.420513,51.083387,False,645af27527b2f5b783f23d377f974af73d976128a0678ca4b1778b280d24aab2,False,True,train
recovered_archive3/263,recovered_archive3,263,report_image,recovered_archive3/263/rep.jpg.jpg,rep.jpg.jpg,80325,1b9407bd7e6f2699d22c80338ea2b5fa9de365aef3d950414a5c125f8f2488f9,,,,,False,1b9407bd7e6f2699d22c80338ea2b5fa9de365aef3d950414a5c125f8f2488f9,False,False,train
recovered_archive3/263,recovered_archive3,263,report_image,recovered_archive3/263/rep_1904250.jpg.jpg,rep_1904250.jpg.jpg,80325,1b9407bd7e6f2699d22c80338ea2b5fa9de365aef3d950414a5c125f8f2488f9,,,,,False,1b9407bd7e6f2699d22c80338ea2b5fa9de365aef3d950414a5c125f8f2488f9,False,False,train
recovered_archive3/263,recovered_archive3,263,report_image,recovered_archive3/263/rep_1904251.jpg.jpg,rep_1904251.jpg.jpg,80325,1b9407bd7e6f2699d22c80338ea2b5fa9de365aef3d950414a5c125f8f2488f9,,,,,False,1b9407bd7e6f2699d22c80338ea2b5fa9de365aef3d950414a5c125f8f2488f9,False,False,train
recovered_archive3/263,recovered_archive3,263,report_image,recovered_archive3/263/rep_1904252.jpg.jpg,rep_1904252.jpg.jpg,80325,1b9407bd7e6f2699d22c80338ea2b5fa9de365aef3d950414a5c125f8f2488f9,,,,,False,1b9407bd7e6f2699d22c80338ea2b5fa9de365aef3d950414a5c125f8f2488f9,False,False,train
recovered_archive3/263,recovered_archive3,263,report_image,recovered_archive3/263/rep_左手.jpg.jpg,rep_左手.jpg.jpg,80325,1b9407bd7e6f2699d22c80338ea2b5fa9de365aef3d950414a5c125f8f2488f9,,,,,False,1b9407bd7e6f2699d22c80338ea2b5fa9de365aef3d950414a5c125f8f2488f9,False,False,train
recovered_archive3/263,recovered_archive3,263,video,recovered_archive3/263/wmv0.avi,wmv0.avi,12015616,,,,,,False,,True,False,train
recovered_archive3/264,recovered_archive3,264,cap_image,recovered_archive3/264/CAPorg1.jpg,CAPorg1.jpg,663026,c50f6429d4e21e8f7bddc520860f1bb8b9a9193619fd0ad09df67bdffd89bf66,1024,768,165.610068,24.309517,False,c50f6429d4e21e8f7bddc520860f1bb8b9a9193619fd0ad09df67bdffd89bf66,False,True,train
recovered_archive3/264,recovered_archive3,264,cap_image,recovered_archive3/264/CAPorg10.jpg,CAPorg10.jpg,640699,6a72060f0f280a334618ad4373df9acb0538068bd99d81266f152c8ae412dfb9,1024,768,123.728241,29.776993,False,6a72060f0f280a334618ad4373df9acb0538068bd99d81266f152c8ae412dfb9,False,True,train
recovered_archive3/264,recovered_archive3,264,cap_image,recovered_archive3/264/CAPorg2.jpg,CAPorg2.jpg,662296,1650a5531571f9f5a906e4d1eb3633c4f8564811d5e56611868d1d9e831e0704,1024,768,178.297279,35.772568,False,1650a5531571f9f5a906e4d1eb3633c4f8564811d5e56611868d1d9e831e0704,False,True,train
recovered_archive3/264,recovered_archive3,264,cap_image,recovered_archive3/264/CAPorg3.jpg,CAPorg3.jpg,576838,3514baa75110b67791b5ef1f54de4ec9cbd29e91f92ad2a34f7425fd3e9ea018,1024,768,185.674093,50.85582,False,3514baa75110b67791b5ef1f54de4ec9cbd29e91f92ad2a34f7425fd3e9ea018,False,True,train
recovered_archive3/264,recovered_archive3,264,cap_image,recovered_archive3/264/CAPorg4.jpg,CAPorg4.jpg,645101,7acab57b04167bc14c0d4ea437d721d21b18295ad513d882d043875adba90a19,1024,768,195.503365,37.790644,False,7acab57b04167bc14c0d4ea437d721d21b18295ad513d882d043875adba90a19,False,True,train
recovered_archive3/264,recovered_archive3,264,cap_image,recovered_archive3/264/CAPorg5.jpg,CAPorg5.jpg,645836,233482dedb1bbdad6a803fd9a84a181622798b05eee156b5d7eb14918d75297f,1024,768,129.145756,25.195768,False,233482dedb1bbdad6a803fd9a84a181622798b05eee156b5d7eb14918d75297f,False,True,train
recovered_archive3/264,recovered_archive3,264,cap_image,recovered_archive3/264/CAPorg6.jpg,CAPorg6.jpg,623260,52a5f067e0a5ca04ce6de78e7f967081a5ba86c47045583e4b7c6bd0c8e405a4,1024,768,89.830451,22.250232,False,52a5f067e0a5ca04ce6de78e7f967081a5ba86c47045583e4b7c6bd0c8e405a4,False,True,train
recovered_archive3/264,recovered_archive3,264,cap_image,recovered_archive3/264/CAPorg7.jpg,CAPorg7.jpg,633625,7ba68334d259851ee3694af407a97093d8d659210e3f4f52741f4f20b8d0ee87,1024,768,111.777645,28.85091,False,7ba68334d259851ee3694af407a97093d8d659210e3f4f52741f4f20b8d0ee87,False,True,train
recovered_archive3/264,recovered_archive3,264,cap_image,recovered_archive3/264/CAPorg8.jpg,CAPorg8.jpg,652113,af61b074c333e0f5d5e046f996e950b832fdffd51c42bbb64fa1db72086d2798,1024,768,152.469636,26.383929,False,af61b074c333e0f5d5e046f996e950b832fdffd51c42bbb64fa1db72086d2798,False,True,train
recovered_archive3/264,recovered_archive3,264,cap_image,recovered_archive3/264/CAPorg9.jpg,CAPorg9.jpg,631177,0fe97e0b7d010b04101185d83b1360df7b212a0bcecdc843771685c2cf4fa9bc,1024,768,100.277097,18.104941,False,0fe97e0b7d010b04101185d83b1360df7b212a0bcecdc843771685c2cf4fa9bc,False,True,train
recovered_archive3/264,recovered_archive3,264,report_image,recovered_archive3/264/rep.jpg.jpg,rep.jpg.jpg,74282,7b452ffc6938c43dd6008b2fd0e9bf7ffd2f19687a555793c36fa5b7b721ceca,,,,,False,7b452ffc6938c43dd6008b2fd0e9bf7ffd2f19687a555793c36fa5b7b721ceca,False,False,train
recovered_archive3/264,recovered_archive3,264,report_image,recovered_archive3/264/rep_2012170.jpg.jpg,rep_2012170.jpg.jpg,74282,7b452ffc6938c43dd6008b2fd0e9bf7ffd2f19687a555793c36fa5b7b721ceca,,,,,False,7b452ffc6938c43dd6008b2fd0e9bf7ffd2f19687a555793c36fa5b7b721ceca,False,False,train
recovered_archive3/264,recovered_archive3,264,report_image,recovered_archive3/264/rep_2012171.jpg.jpg,rep_2012171.jpg.jpg,74282,7b452ffc6938c43dd6008b2fd0e9bf7ffd2f19687a555793c36fa5b7b721ceca,,,,,False,7b452ffc6938c43dd6008b2fd0e9bf7ffd2f19687a555793c36fa5b7b721ceca,False,False,train
recovered_archive3/264,recovered_archive3,264,report_image,recovered_archive3/264/rep_双手无名指.jpg.jpg,rep_双手无名指.jpg.jpg,74282,7b452ffc6938c43dd6008b2fd0e9bf7ffd2f19687a555793c36fa5b7b721ceca,,,,,False,7b452ffc6938c43dd6008b2fd0e9bf7ffd2f19687a555793c36fa5b7b721ceca,False,False,train
recovered_archive3/264,recovered_archive3,264,video,recovered_archive3/264/wmv0.avi,wmv0.avi,401086464,,,,,,False,,True,False,train
recovered_archive3/264,recovered_archive3,264,video,recovered_archive3/264/wmv1.avi,wmv1.avi,372774912,,,,,,False,,True,False,train
recovered_archive3/264,recovered_archive3,264,video,recovered_archive3/264/wmv2.avi,wmv2.avi,450632192,,,,,,False,,True,False,train
recovered_archive3/264,recovered_archive3,264,video,recovered_archive3/264/wmv3.avi,wmv3.avi,545005056,,,,,,False,,True,False,train
recovered_archive3/265,recovered_archive3,265,cap_image,recovered_archive3/265/CAPorg1.jpg,CAPorg1.jpg,653689,f76a8b086215f02aec0974c49e9b0cef6df3638d6382ff3c69e879fa34e6b03c,1024,768,174.596238,41.853765,False,f76a8b086215f02aec0974c49e9b0cef6df3638d6382ff3c69e879fa34e6b03c,False,True,val
recovered_archive3/265,recovered_archive3,265,cap_image,recovered_archive3/265/CAPorg2.jpg,CAPorg2.jpg,640977,d71e9663f6a85cbed2ce3ab9fabf9bf6421e75905b0f712b2abb269b9d469fbe,1024,768,159.481907,54.887041,False,d71e9663f6a85cbed2ce3ab9fabf9bf6421e75905b0f712b2abb269b9d469fbe,False,True,val
recovered_archive3/265,recovered_archive3,265,cap_image,recovered_archive3/265/CAPorg3.jpg,CAPorg3.jpg,644286,e15c4b4f182beff9d65154e851ad05697e23ed38aed25ea42f9b101600578c98,1024,768,125.985723,40.027692,False,e15c4b4f182beff9d65154e851ad05697e23ed38aed25ea42f9b101600578c98,False,True,val
recovered_archive3/265,recovered_archive3,265,cap_image,recovered_archive3/265/CAPorg4.jpg,CAPorg4.jpg,638912,78cd9298fa607282d20156665fea6b87c26b5aded3976596d445720d8ab88623,1024,768,115.370326,36.637678,False,78cd9298fa607282d20156665fea6b87c26b5aded3976596d445720d8ab88623,False,True,val
recovered_archive3/265,recovered_archive3,265,cap_image,recovered_archive3/265/CAPorg5.jpg,CAPorg5.jpg,622110,96a3547b95149ad7f92c508808d5d7e29363bcf49444f1baf3ae3bc036e09576,1024,768,87.103514,37.129436,False,96a3547b95149ad7f92c508808d5d7e29363bcf49444f1baf3ae3bc036e09576,False,True,val
recovered_archive3/265,recovered_archive3,265,cap_image,recovered_archive3/265/CAPorg6.jpg,CAPorg6.jpg,610346,4452f8992d397280ed0ae269468b3b0a879c6271137909ddf3acb8c15cb4bf83,1024,768,167.390862,58.335202,False,4452f8992d397280ed0ae269468b3b0a879c6271137909ddf3acb8c15cb4bf83,False,True,val
recovered_archive3/265,recovered_archive3,265,cap_image,recovered_archive3/265/CAPorg7.jpg,CAPorg7.jpg,632381,1765f954e999132979e1051536d2ea9f585704e916db1927ad4919608f4f9094,1024,768,186.116282,43.14286,False,1765f954e999132979e1051536d2ea9f585704e916db1927ad4919608f4f9094,False,True,val
recovered_archive3/265,recovered_archive3,265,report_image,recovered_archive3/265/rep.jpg.jpg,rep.jpg.jpg,72533,3a079f7ddab3406faf450c80ff033afba453bb6021b8a4d8b594044a9be84700,,,,,False,3a079f7ddab3406faf450c80ff033afba453bb6021b8a4d8b594044a9be84700,False,False,val
recovered_archive3/265,recovered_archive3,265,report_image,recovered_archive3/265/rep_1902190.jpg.jpg,rep_1902190.jpg.jpg,72533,3a079f7ddab3406faf450c80ff033afba453bb6021b8a4d8b594044a9be84700,,,,,False,3a079f7ddab3406faf450c80ff033afba453bb6021b8a4d8b594044a9be84700,False,False,val
recovered_archive3/265,recovered_archive3,265,report_image,recovered_archive3/265/rep_1902191.jpg.jpg,rep_1902191.jpg.jpg,72533,3a079f7ddab3406faf450c80ff033afba453bb6021b8a4d8b594044a9be84700,,,,,False,3a079f7ddab3406faf450c80ff033afba453bb6021b8a4d8b594044a9be84700,False,False,val
recovered_archive3/265,recovered_archive3,265,report_image,recovered_archive3/265/rep_左手.jpg.jpg,rep_左手.jpg.jpg,72533,3a079f7ddab3406faf450c80ff033afba453bb6021b8a4d8b594044a9be84700,,,,,False,3a079f7ddab3406faf450c80ff033afba453bb6021b8a4d8b594044a9be84700,False,False,val
recovered_archive3/266,recovered_archive3,266,cap_image,recovered_archive3/266/CAPorg1.jpg,CAPorg1.jpg,596099,c2624f0a45785d121d475f25e88f3a63647c5fd4005476cd785683de381f5965,1024,768,51.38849,15.67355,False,c2624f0a45785d121d475f25e88f3a63647c5fd4005476cd785683de381f5965,False,True,train
recovered_archive3/266,recovered_archive3,266,cap_image,recovered_archive3/266/CAPorg10.jpg,CAPorg10.jpg,621215,68e266e843b1c065170378f44f96d6ba223ca1e8e73fb6ad001deeb143ff8a6f,1024,768,94.19924,36.633813,False,68e266e843b1c065170378f44f96d6ba223ca1e8e73fb6ad001deeb143ff8a6f,False,True,train
recovered_archive3/266,recovered_archive3,266,cap_image,recovered_archive3/266/CAPorg11.jpg,CAPorg11.jpg,606365,52a052705cc6bb414cc5308e0f6243d9efbb5720962db660cd5d15e9b8db4c66,1024,768,76.123519,37.896878,False,52a052705cc6bb414cc5308e0f6243d9efbb5720962db660cd5d15e9b8db4c66,False,True,train
recovered_archive3/266,recovered_archive3,266,cap_image,recovered_archive3/266/CAPorg2.jpg,CAPorg2.jpg,584426,d49deafed6542e05f24509db31d133d413108112a81a033ea19e575876ce2864,1024,768,58.266121,31.714099,False,d49deafed6542e05f24509db31d133d413108112a81a033ea19e575876ce2864,False,True,train
recovered_archive3/266,recovered_archive3,266,cap_image,recovered_archive3/266/CAPorg3.jpg,CAPorg3.jpg,601654,11bf1444440ee267ec0325d71f4bed8ee143fd2ce7099053a0ce9a7c3846ad42,1024,768,75.056009,40.266442,False,11bf1444440ee267ec0325d71f4bed8ee143fd2ce7099053a0ce9a7c3846ad42,False,True,train
recovered_archive3/266,recovered_archive3,266,cap_image,recovered_archive3/266/CAPorg4.jpg,CAPorg4.jpg,618741,f53b5eb0c4239c150b85ee467a86a3e55a0d10d1759b7614cca0c7578ea03456,1024,768,91.104168,35.277022,False,f53b5eb0c4239c150b85ee467a86a3e55a0d10d1759b7614cca0c7578ea03456,False,True,train
recovered_archive3/266,recovered_archive3,266,cap_image,recovered_archive3/266/CAPorg5.jpg,CAPorg5.jpg,616046,c2fa67d3eaf7a2b928a2bab7de108b2e10d2061238b52282782d5b7fb6967522,1024,768,84.893206,34.256021,False,c2fa67d3eaf7a2b928a2bab7de108b2e10d2061238b52282782d5b7fb6967522,False,True,train
recovered_archive3/266,recovered_archive3,266,cap_image,recovered_archive3/266/CAPorg6.jpg,CAPorg6.jpg,620582,3d524aa59e78ecf3259fec4b8d2b764f8838250d977715bdf64216eb97b36ac6,1024,768,93.032324,37.100815,False,3d524aa59e78ecf3259fec4b8d2b764f8838250d977715bdf64216eb97b36ac6,False,True,train
recovered_archive3/266,recovered_archive3,266,cap_image,recovered_archive3/266/CAPorg7.jpg,CAPorg7.jpg,626642,bbe0559e60065e78b9946e3f8b2501e04c866848ee827c0627dd64432a6a8b2a,1024,768,100.610259,34.977789,False,bbe0559e60065e78b9946e3f8b2501e04c866848ee827c0627dd64432a6a8b2a,False,True,train
recovered_archive3/266,recovered_archive3,266,cap_image,recovered_archive3/266/CAPorg8.jpg,CAPorg8.jpg,630815,ea22f559dbe85e2265cb9ce1ccf5e46abd8e79403eea862158cf316d52b52571,1024,768,103.530141,37.250471,False,ea22f559dbe85e2265cb9ce1ccf5e46abd8e79403eea862158cf316d52b52571,False,True,train
recovered_archive3/266,recovered_archive3,266,cap_image,recovered_archive3/266/CAPorg9.jpg,CAPorg9.jpg,625843,accdb488d29b30a424e72632a705db3d2d00842b17f0a2a777cbdb3d8fadbb9a,1024,768,98.315474,33.828366,False,accdb488d29b30a424e72632a705db3d2d00842b17f0a2a777cbdb3d8fadbb9a,False,True,train
recovered_archive3/266,recovered_archive3,266,report_image,recovered_archive3/266/rep.jpg.jpg,rep.jpg.jpg,87126,bf65d433b937db4443ee51a71dceec2e31bf52a2bd45aa744d6dbec813ac713e,,,,,False,bf65d433b937db4443ee51a71dceec2e31bf52a2bd45aa744d6dbec813ac713e,False,False,train
recovered_archive3/266,recovered_archive3,266,report_image,recovered_archive3/266/rep_1908060.jpg.jpg,rep_1908060.jpg.jpg,87126,bf65d433b937db4443ee51a71dceec2e31bf52a2bd45aa744d6dbec813ac713e,,,,,False,bf65d433b937db4443ee51a71dceec2e31bf52a2bd45aa744d6dbec813ac713e,False,False,train
recovered_archive3/266,recovered_archive3,266,report_image,recovered_archive3/266/rep_1908061.jpg.jpg,rep_1908061.jpg.jpg,87126,bf65d433b937db4443ee51a71dceec2e31bf52a2bd45aa744d6dbec813ac713e,,,,,False,bf65d433b937db4443ee51a71dceec2e31bf52a2bd45aa744d6dbec813ac713e,False,False,train
recovered_archive3/266,recovered_archive3,266,report_image,recovered_archive3/266/rep_左手.jpg.jpg,rep_左手.jpg.jpg,87126,bf65d433b937db4443ee51a71dceec2e31bf52a2bd45aa744d6dbec813ac713e,,,,,False,bf65d433b937db4443ee51a71dceec2e31bf52a2bd45aa744d6dbec813ac713e,False,False,train
recovered_archive3/266,recovered_archive3,266,video,recovered_archive3/266/wmv0.avi,wmv0.avi,412883456,,,,,,False,,True,False,train
recovered_archive3/266,recovered_archive3,266,video,recovered_archive3/266/wmv1.avi,wmv1.avi,410524160,,,,,,False,,True,False,train
recovered_archive3/267,recovered_archive3,267,cap_image,recovered_archive3/267/CAPorg1.jpg,CAPorg1.jpg,12917,749a8efc155a7020938f4cce12a79e06e26c0435082b998dd21c0492d02f11a1,1024,768,0.0,0.0,True,749a8efc155a7020938f4cce12a79e06e26c0435082b998dd21c0492d02f11a1,False,True,test
recovered_archive3/267,recovered_archive3,267,cap_image,recovered_archive3/267/CAPorg2.jpg,CAPorg2.jpg,506321,465e0dc86ed6ff6a38eac626a56eeca14d9e79d1a6c43e7980c24c6fe8c303a6,1024,768,25.698264,21.867703,False,465e0dc86ed6ff6a38eac626a56eeca14d9e79d1a6c43e7980c24c6fe8c303a6,False,True,test
recovered_archive3/267,recovered_archive3,267,cap_image,recovered_archive3/267/CAPorg3.jpg,CAPorg3.jpg,523852,1bc9eddc3d3a0bfde2e85e76d9651d06b784d67cf4b9a3a9db8f32c8f865df01,1024,768,21.82151,16.017249,False,1bc9eddc3d3a0bfde2e85e76d9651d06b784d67cf4b9a3a9db8f32c8f865df01,False,True,test
recovered_archive3/267,recovered_archive3,267,cap_image,recovered_archive3/267/CAPorg4.jpg,CAPorg4.jpg,575438,6be137717a0b7c9f15aea748d9bd5ac711e7a2b7a8529ff0adcfc5547e4d7333,1024,768,38.385845,28.226803,False,6be137717a0b7c9f15aea748d9bd5ac711e7a2b7a8529ff0adcfc5547e4d7333,False,True,test
recovered_archive3/267,recovered_archive3,267,cap_image,recovered_archive3/267/CAPorg5.jpg,CAPorg5.jpg,550409,0baf80ddcffe54cd707139e155f07f41a74fc883f5dfb5478c65a6e0fa47debf,1024,768,33.695618,23.625743,False,0baf80ddcffe54cd707139e155f07f41a74fc883f5dfb5478c65a6e0fa47debf,False,True,test
recovered_archive3/267,recovered_archive3,267,cap_image,recovered_archive3/267/CAPorg6.jpg,CAPorg6.jpg,574327,233ed5b6bb20aecc76e54822af983188452ab434485ef891d21481612ab77d7b,1024,768,50.175849,32.695698,False,233ed5b6bb20aecc76e54822af983188452ab434485ef891d21481612ab77d7b,False,True,test
recovered_archive3/267,recovered_archive3,267,report_image,recovered_archive3/267/rep.jpg.jpg,rep.jpg.jpg,72895,00e7b80609cb18ee6521dd49513ff48a6ae16def40b82a5eac794f5c438cea3f,,,,,False,00e7b80609cb18ee6521dd49513ff48a6ae16def40b82a5eac794f5c438cea3f,False,False,test
recovered_archive3/267,recovered_archive3,267,report_image,recovered_archive3/267/rep_1905070.jpg.jpg,rep_1905070.jpg.jpg,70558,394e696f56be31788997b50cd80276e5f039383078de362f897a1873ab600883,,,,,False,394e696f56be31788997b50cd80276e5f039383078de362f897a1873ab600883,False,False,test
recovered_archive3/267,recovered_archive3,267,report_image,recovered_archive3/267/rep_1905071.jpg.jpg,rep_1905071.jpg.jpg,70558,394e696f56be31788997b50cd80276e5f039383078de362f897a1873ab600883,,,,,False,394e696f56be31788997b50cd80276e5f039383078de362f897a1873ab600883,False,False,test
recovered_archive3/267,recovered_archive3,267,report_image,recovered_archive3/267/rep_1905072.jpg.jpg,rep_1905072.jpg.jpg,72895,00e7b80609cb18ee6521dd49513ff48a6ae16def40b82a5eac794f5c438cea3f,,,,,False,00e7b80609cb18ee6521dd49513ff48a6ae16def40b82a5eac794f5c438cea3f,False,False,test
recovered_archive3/267,recovered_archive3,267,report_image,recovered_archive3/267/rep_左手.jpg.jpg,rep_左手.jpg.jpg,72895,00e7b80609cb18ee6521dd49513ff48a6ae16def40b82a5eac794f5c438cea3f,,,,,False,00e7b80609cb18ee6521dd49513ff48a6ae16def40b82a5eac794f5c438cea3f,False,False,test
