exam_case_id,clarity,clarity__confidence,clarity__status,capillary_count,capillary_count__confidence,capillary_count__status,afferent_diameter,afferent_diameter__confidence,afferent_diameter__status,efferent_diameter,efferent_diameter__confidence,efferent_diameter__status,output_input_ratio,output_input_ratio__confidence,output_input_ratio__status,apex_diameter,apex_diameter__confidence,apex_diameter__status,loop_length,loop_length__confidence,loop_length__status,crossing_ratio,crossing_ratio__confidence,crossing_ratio__status,malformation_ratio,malformation_ratio__confidence,malformation_ratio__status,flow_state,flow_state__confidence,flow_state__status,flow_speed_um_s,flow_speed_um_s__confidence,flow_speed_um_s__status,vasomotion,vasomotion__confidence,vasomotion__status,rbc_aggregation,rbc_aggregation__confidence,rbc_aggregation__status,wbc_count,wbc_count__confidence,wbc_count__status,microthrombus,microthrombus__confidence,microthrombus__status,blood_color,blood_color__confidence,blood_color__status,exudation,exudation__confidence,exudation__status,hemorrhage,hemorrhage__confidence,hemorrhage__status,subpapillary_venous_plexus,subpapillary_venous_plexus__confidence,subpapillary_venous_plexus__status,papilla,papilla__confidence,papilla__status,sweat_duct,sweat_duct__confidence,sweat_duct__status,morphology_score,morphology_score__confidence,morphology_score__status,flow_score,flow_score__confidence,flow_score__status,periloop_score,periloop_score__confidence,periloop_score__status,total_score,total_score__confidence,total_score__status,overall_assessment,overall_assessment__confidence,overall_assessment__status,mean_label_confidence,low_confidence_field_count
recovered_archive1/1,不清,0.989185,high_consensus,>=7,1.0,high_consensus|rtf_semantic_support,10,0.989095,high_consensus,13,0.989043,high_consensus,1.3,1.0,high_consensus|ratio_consistent,22,0.989148,high_consensus,164,0.989031,high_consensus,<=30%,0.987408,high_consensus,<=10%,0.988005,high_consensus,粒线流,0.988996,high_consensus,,0.0,missing,0--1,0.978699,high_consensus,无,0.9891,high_consensus,1--30,0.987678,high_consensus,无,0.989077,high_consensus,浅红,0.989152,high_consensus,无,0.989028,high_consensus,无,0.988989,high_consensus,不见,0.989188,high_consensus,波纹状,0.988644,high_consensus,0--2,0.971051,high_consensus,0.6,1.0,high_consensus|score_additivity_consistent,0.6,1.0,high_consensus|score_additivity_consistent,0.0,1.0,high_consensus|score_additivity_consistent,1.2,1.0,high_consensus|score_additivity_consistent,大致正常,0.989052,high_consensus,0.952291,1
recovered_archive1/100,不清,0.989185,high_consensus,5--6,0.98799,high_consensus,7,0.988228,high_consensus,9,0.989067,high_consensus,1.3,1.0,high_consensus|ratio_consistent,14,0.988999,high_consensus,396,0.989098,high_consensus,30--60%,0.988516,high_consensus,,0.0,missing,粒线流,0.989146,high_consensus,,0.0,missing,0--1,0.978391,high_consensus,轻度,0.989158,high_consensus,1--30,0.987678,high_consensus,无,0.989077,high_consensus,浅红,0.989152,high_consensus,无,0.989028,high_consensus,无,0.988989,high_consensus,可见1排,0.989099,high_consensus,波纹状,0.988663,high_consensus,,0.0,missing,3.5,1.0,high_consensus|score_additivity_consistent,0.8,1.0,high_consensus|score_additivity_consistent,0.1,1.0,high_consensus|score_additivity_consistent,4.4,1.0,high_consensus|score_additivity_consistent,中度异常,0.988981,high_consensus,0.876479,3
recovered_archive1/12,,0.0,missing,,0.0,missing,,0.0,rapid_layout_missing_qwen_only|invalid_non_numeric_removed,,0.0,rapid_layout_missing_qwen_only|invalid_non_numeric_removed,,0.0,missing,,0.0,rapid_layout_missing_qwen_only|invalid_non_numeric_removed,,0.0,rapid_layout_missing_qwen_only|invalid_non_numeric_removed,,0.0,missing,,0.0,missing,,0.0,missing,,0.0,missing,,0.0,missing,,0.0,missing,,0.0,missing,,0.0,missing,,0.0,missing,,0.0,missing,,0.0,missing,,0.0,missing,,0.0,missing,,0.0,missing,,0.0,missing,,0.0,missing,,0.0,missing,,0.0,missing,,0.0,missing,0.0,26
recovered_archive1/19,,0.0,missing,,0.0,missing,,0.0,rapid_layout_missing_qwen_only|invalid_non_numeric_removed,,0.0,rapid_layout_missing_qwen_only|invalid_non_numeric_removed,,0.0,missing,,0.0,rapid_layout_missing_qwen_only|invalid_non_numeric_removed,,0.0,rapid_layout_missing_qwen_only|invalid_non_numeric_removed,,0.0,missing,,0.0,missing,,0.0,missing,,0.0,missing,,0.0,missing,,0.0,missing,,0.0,missing,,0.0,missing,,0.0,missing,,0.0,missing,,0.0,missing,,0.0,missing,,0.0,missing,,0.0,missing,,0.0,missing,,0.0,missing,,0.0,missing,,0.0,missing,,0.0,missing,0.0,26
recovered_archive1/23,清晰,0.989143,high_consensus,>=7,0.987552,high_consensus,10,0.989092,high_consensus,16,0.98907,high_consensus,1.6,1.0,high_consensus|ratio_consistent,16,0.989036,high_consensus,121,0.989084,high_consensus,<=30%,0.987408,high_consensus,<=10%,0.988005,high_consensus,粒流,0.989187,high_consensus,,0.0,rapid_layout_missing_qwen_only|invalid_non_numeric_removed,0--1,0.97773,high_consensus,中度,0.989188,high_consensus,1--30,0.988197,high_consensus,无,0.989068,high_consensus,暗红,0.989149,high_consensus,无,0.988909,high_consensus,无,0.988989,high_consensus,不见,0.989188,high_consensus,浅波纹状,0.988543,high_consensus,0--2,0.974516,high_consensus,0.2,1.0,high_consensus|score_additivity_consistent,2.2,1.0,high_consensus|score_additivity_consistent,0.4,1.0,high_consensus|score_additivity_consistent,2.8,1.0,high_consensus|score_additivity_consistent,轻度异常,0.988823,high_consensus,0.951918,1
recovered_archive1/24,清晰,0.989143,high_consensus,>=7,0.987552,high_consensus,9,0.989047,high_consensus,14,0.988954,high_consensus,1.6,1.0,high_consensus|ratio_consistent,18,0.98906,high_consensus,99,0.989163,high_consensus,<=30%,0.987408,high_consensus,<=10%,0.988008,high_consensus,线流,0.989146,high_consensus,,0.0,missing,0--1,0.978699,high_consensus,无,0.9891,high_consensus,1--30,0.987844,high_consensus,无,0.989063,high_consensus,淡红,0.989146,high_consensus,无,0.989019,high_consensus,无,0.988989,high_consensus,不见,0.989188,high_consensus,波纹状,0.988644,high_consensus,0--2,0.971051,high_consensus,0.4,1.0,high_consensus|score_additivity_consistent,0.0,1.0,high_consensus|score_additivity_consistent,0.0,1.0,high_consensus|score_additivity_consistent,0.4,1.0,high_consensus|score_additivity_consistent,正常,0.98913,high_consensus,0.951821,1
recovered_archive1/25,,0.0,missing,,0.0,missing,,0.0,rapid_layout_missing_qwen_only|invalid_non_numeric_removed,,0.0,rapid_layout_missing_qwen_only|invalid_non_numeric_removed,,0.0,missing,,0.0,rapid_layout_missing_qwen_only|invalid_non_numeric_removed,,0.0,rapid_layout_missing_qwen_only|invalid_non_numeric_removed,,0.0,missing,,0.0,missing,,0.0,missing,,0.0,missing,,0.0,missing,,0.0,missing,,0.0,missing,,0.0,missing,,0.0,missing,,0.0,missing,,0.0,missing,,0.0,missing,,0.0,missing,,0.0,missing,,0.0,missing,,0.0,missing,,0.0,missing,,0.0,missing,,0.0,missing,0.0,26
recovered_archive1/28,清晰,0.989173,high_consensus,>=7,1.0,high_consensus|rtf_semantic_support,6,0.988928,high_consensus,11,0.988915,high_consensus,1.8,1.0,high_consensus|ratio_consistent,13,0.989096,high_consensus,246,0.989103,high_consensus,30--60%,0.988358,high_consensus,30--60%,0.988602,high_consensus,粒线流,0.989129,high_consensus,,0.0,rapid_layout_missing_qwen_only|invalid_non_numeric_removed,0--1,0.979821,high_consensus,无,0.9891,high_consensus,1--30,0.987844,high_consensus,无,0.989077,high_consensus,浅红,0.989152,high_consensus,无,0.989028,high_consensus,无,0.988989,high_consensus,可见1排,0.989099,high_consensus,波纹状,0.988664,high_consensus,0--2,0.971051,high_consensus,1.6,1.0,high_consensus|score_additivity_consistent,0.6,1.0,high_consensus|score_additivity_consistent,0.1,1.0,high_consensus|score_additivity_consistent,2.3,1.0,high_consensus|score_additivity_consistent,轻度异常,0.988824,high_consensus,0.952383,1
recovered_archive1/29,清晰,0.989173,high_consensus,5--6,0.988163,high_consensus,13,0.989108,high_consensus,15,0.989059,high_consensus,1.2,1.0,high_consensus|ratio_consistent,19,0.989092,high_consensus,169,0.988966,high_consensus,<=30%,0.987408,high_consensus,<=10%,0.988005,high_consensus,粒流,0.989196,high_consensus,,0.0,missing,0--1,0.978384,high_consensus,中度,0.989188,high_consensus,1--30,0.988197,high_consensus,无,0.989077,high_consensus,浅红,0.989152,high_consensus,无,0.989028,high_consensus,无,0.988989,high_consensus,可见2排,0.989073,high_consensus,浅波纹状,0.988575,high_consensus,,0.0,missing,0.9,1.0,high_consensus|score_additivity_consistent,2.0,1.0,high_consensus|score_additivity_consistent,0.8,1.0,high_consensus|score_additivity_consistent,3.7,1.0,high_consensus|score_additivity_consistent,轻度异常,0.988824,high_consensus,0.914487,2
recovered_archive1/30,清晰,0.989173,high_consensus,>=7,0.987552,high_consensus,8,0.988626,high_consensus,13,0.989053,high_consensus,1.6,1.0,high_consensus|ratio_consistent,8,0.988508,high_consensus,335,0.989115,high_consensus,30--60%,0.987856,high_consensus,<=10%,0.988005,high_consensus,粒线流,0.98913,high_consensus,,0.0,rapid_layout_missing_qwen_only|invalid_non_numeric_removed,0--1,0.979385,high_consensus,中度,0.989188,high_consensus,1--30,0.988197,high_consensus,1--2,0.986369,high_consensus,浅红,0.989163,high_consensus,+,0.984926,high_consensus,无,0.988991,high_consensus,不见,0.989188,high_consensus,浅波纹状,0.988543,high_consensus,0--2,0.2005,rapid_layout_missing_qwen_only,1.2,1.0,high_consensus|score_additivity_consistent,3.6,1.0,high_consensus|score_additivity_consistent,1.9,1.0,high_consensus|score_additivity_consistent,6.7,1.0,high_consensus|score_additivity_consistent,中度异常,0.988981,high_consensus,0.92194,2
recovered_archive1/31,清晰,0.989173,high_consensus,>=7,1.0,high_consensus|rtf_semantic_support,7,0.988552,high_consensus,11,0.988959,high_consensus,1.6,1.0,high_consensus|ratio_consistent,10,0.98907,high_consensus,205,0.989096,high_consensus,<=30%,0.987408,high_consensus,10--30%,0.988271,high_consensus,线粒流,0.989161,high_consensus,,0.0,missing,0--1,0.979821,high_consensus,无,0.9891,high_consensus,1--30,0.987844,high_consensus,无,0.989077,high_consensus,浅红,0.989152,high_consensus,无,0.989028,high_consensus,无,0.988989,high_consensus,可见2排,0.989091,high_consensus,浅波纹状,0.988575,high_consensus,0--2,0.971051,high_consensus,0.7,1.0,high_consensus|score_additivity_consistent,0.2,1.0,high_consensus|score_additivity_consistent,0.8,1.0,high_consensus|score_additivity_consistent,1.7,1.0,high_consensus|score_additivity_consistent,大致正常,0.989052,high_consensus,0.952326,1
recovered_archive1/32,不清,0.989185,high_consensus,3--4,0.988407,high_consensus,9,0.989028,high_consensus,19,0.989048,high_consensus,2.1,1.0,high_consensus|ratio_consistent,48,0.989104,high_consensus,194,0.98903,high_consensus,,0.0,missing,,0.0,missing,线粒流,0.989125,high_consensus,,0.0,missing,0--1,0.978391,high_consensus,轻度,0.989158,high_consensus,1--30,0.987678,high_consensus,无,0.989068,high_consensus,暗红,0.989135,high_consensus,+,0.987604,high_consensus,1--2,0.986698,high_consensus,不见,0.989187,high_consensus,平坦,0.989031,high_consensus,0--2,0.971051,high_consensus,3.3,1.0,high_consensus|score_additivity_consistent,0.6,1.0,high_consensus|score_additivity_consistent,3.9,1.0,high_consensus|score_additivity_consistent,7.8,1.0,high_consensus|score_additivity_consistent,中度异常,0.988981,high_consensus,0.875727,3
recovered_archive1/33,不清,0.989189,high_consensus,>=7,0.987557,high_consensus,8,0.98892,high_consensus,18,0.989045,high_consensus,2.3,1.0,high_consensus|ratio_consistent,14,0.989025,high_consensus,186,0.989002,high_consensus,<=30%,0.987408,high_consensus,,0.0,missing,粒线流,0.989146,high_consensus,,0.0,missing,0--1,0.979821,high_consensus,无,0.9891,high_consensus,1--30,0.987844,high_consensus,无,0.989077,high_consensus,浅红,0.989152,high_consensus,无,0.989028,high_consensus,无,0.988989,high_consensus,可见1排,0.989071,high_consensus,浅波纹状,0.988571,high_consensus,0--2,0.971051,high_consensus,0.5,1.0,high_consensus|score_additivity_consistent,0.6,1.0,high_consensus|score_additivity_consistent,0.5,1.0,high_consensus|score_additivity_consistent,1.6,1.0,high_consensus|score_additivity_consistent,大致正常,0.989052,high_consensus,0.913848,2
recovered_archive1/34,清晰,0.989143,high_consensus,>=7,0.987552,high_consensus,325,0.01,rapid_layout_missing_qwen_only|invalid_numeric_range,40,0.2005,rapid_layout_missing_qwen_only,0.1,0.09,missing|derived_from_diameters_replacing=None|invalid_numeric_range|ratio_consistent,40,0.653552,engine_conflict,325,0.653576,engine_conflict,<=30%,0.987408,high_consensus,>60%,0.983328,high_consensus,粒流,0.989184,high_consensus,,0.0,rapid_layout_missing_qwen_only|invalid_non_numeric_removed,0--1,0.978391,high_consensus,轻度,0.989158,high_consensus,1--30,0.987844,high_consensus,>2,0.985791,high_consensus,暗红,0.989167,high_consensus,+,0.984915,high_consensus,无,0.989076,high_consensus,可见2排,0.989076,high_consensus,平坦,0.988994,high_consensus,0--2,0.971051,high_consensus,2.6,1.0,high_consensus|score_additivity_consistent,6.2,1.0,high_consensus|score_additivity_consistent,3.5,1.0,high_consensus|score_additivity_consistent,12.3,1.0,high_consensus|score_additivity_consistent,重度异常,0.989046,high_consensus,0.822567,4
recovered_archive1/35,清晰,0.989173,high_consensus,>=7,0.987552,high_consensus,8,0.988786,high_consensus,11,0.988904,high_consensus,1.4,1.0,high_consensus|ratio_consistent,13,0.989096,high_consensus,82,0.988999,high_consensus,<=30%,0.987408,high_consensus,30--60%,0.988602,high_consensus,粒线流,0.989129,high_consensus,,0.0,rapid_layout_missing_qwen_only|invalid_non_numeric_removed,0--1,0.977691,high_consensus,轻度,0.989158,high_consensus,1--30,0.988197,high_consensus,无,0.989077,high_consensus,浅红,0.989152,high_consensus,无,0.989028,high_consensus,无,0.988989,high_consensus,可见1排,0.98904,high_consensus,平坦,0.988927,high_consensus,0--2,0.970164,high_consensus,1.0,1.0,high_consensus|score_additivity_consistent,0.8,1.0,high_consensus|score_additivity_consistent,1.7,1.0,high_consensus|score_additivity_consistent,3.5,1.0,high_consensus|score_additivity_consistent,轻度异常,0.988824,high_consensus,0.951765,1
recovered_archive1/36,不清,0.989189,high_consensus,>=7,0.987557,high_consensus,8,0.98892,high_consensus,9,0.989067,high_consensus,1.1,1.0,high_consensus|ratio_consistent,10,0.98907,high_consensus,70,0.988912,high_consensus,30--60%,0.988346,high_consensus,30--60%,0.988602,high_consensus,粒线流,0.989129,high_consensus,,0.0,missing,0--1,0.978391,high_consensus,轻度,0.989158,high_consensus,1--30,0.987844,high_consensus,无,0.989063,high_consensus,淡红,0.989167,high_consensus,+,0.984943,high_consensus,无,0.988991,high_consensus,可见1排,0.989099,high_consensus,平坦,0.988927,high_consensus,0--2,0.970164,high_consensus,1.6,1.0,high_consensus|score_additivity_consistent,0.6,1.0,high_consensus|score_additivity_consistent,3.2,1.0,high_consensus|score_additivity_consistent,5.4,1.0,high_consensus|score_additivity_consistent,中度异常,0.988981,high_consensus,0.951674,1
recovered_archive1/37,不清,0.989189,high_consensus,>=7,0.987557,high_consensus,,0.0,missing,,0.0,missing,,0.0,missing,,0.0,missing,,0.0,missing,<=30%,0.988398,high_consensus,<=10%,0.2005,rapid_layout_missing_qwen_only,线粒流,0.989161,high_consensus,,0.0,rapid_layout_missing_qwen_only|invalid_non_numeric_removed,0--1,0.979821,high_consensus,无,0.989031,high_consensus,1--30,0.987844,high_consensus,无,0.989077,high_consensus,浅红,0.989152,high_consensus,无,0.989028,high_consensus,无,0.988989,high_consensus,不见,0.989187,high_consensus,平坦,0.989031,high_consensus,0--2,0.971051,high_consensus,0.2,1.0,high_consensus|score_additivity_consistent,0.2,1.0,high_consensus|score_additivity_consistent,1.6,1.0,high_consensus|score_additivity_consistent,2.0,1.0,high_consensus|score_additivity_consistent,大致正常,0.988915,high_consensus,0.730997,7
recovered_archive1/38,不清,0.989189,high_consensus,>=7,0.987557,high_consensus,10,0.989092,high_consensus,8,0.988306,high_consensus,0.8,1.0,high_consensus|ratio_consistent,11,0.988987,high_consensus,218,0.989077,high_consensus,30--60%,0.987965,high_consensus,10--30%,0.988264,high_consensus,粒流,0.989195,high_consensus,,0.0,missing,0--1,0.981866,high_consensus,中度,0.989188,high_consensus,1--30,0.988197,high_consensus,1--2,0.987194,high_consensus,暗红,0.989135,high_consensus,+++,0.964561,high_consensus,无,0.989076,high_consensus,可见2排,0.989076,high_consensus,浅波纹状,0.988575,high_consensus,,0.0,missing,1.1,1.0,high_consensus|score_additivity_consistent,4.2,1.0,high_consensus|score_additivity_consistent,4.4,1.0,high_consensus|score_additivity_consistent,9.7,1.0,high_consensus|score_additivity_consistent,重度异常,0.988946,high_consensus,0.913594,2
recovered_archive1/39,清晰,0.989173,high_consensus,5--6,0.988163,high_consensus,7,0.968469,high_consensus,14,0.969188,high_consensus,2.0,1.0,high_consensus|ratio_consistent,13,0.969278,high_consensus,369,0.969299,high_consensus,<=30%,0.987408,high_consensus,30--60%,0.988602,high_consensus,线粒流,0.989161,high_consensus,,0.0,missing,0--1,0.978391,high_consensus,轻度,0.989158,high_consensus,1--30,0.988197,high_consensus,1--2,0.986369,high_consensus,浅红,0.989156,high_consensus,无,0.989028,high_consensus,无,0.988989,high_consensus,可见2排,0.989091,high_consensus,浅波纹状,0.988575,high_consensus,0--2,0.971051,high_consensus,3.4,1.0,high_consensus|score_additivity_consistent,2.4,1.0,high_consensus|score_additivity_consistent,0.8,1.0,high_consensus|score_additivity_consistent,6.6,1.0,high_consensus|score_additivity_consistent,中度异常,0.989052,high_consensus,0.948685,1
recovered_archive1/4,,0.0,missing,,0.0,missing,,0.0,rapid_layout_missing_qwen_only|invalid_non_numeric_removed,,0.0,rapid_layout_missing_qwen_only|invalid_non_numeric_removed,,0.0,missing,,0.0,rapid_layout_missing_qwen_only|invalid_non_numeric_removed,,0.0,rapid_layout_missing_qwen_only|invalid_non_numeric_removed,,0.0,missing,,0.0,missing,,0.0,missing,,0.0,missing,,0.0,missing,,0.0,missing,,0.0,missing,,0.0,missing,,0.0,missing,,0.0,missing,,0.0,missing,,0.0,missing,,0.0,missing,,0.0,missing,,0.0,missing,,0.0,missing,,0.0,missing,,0.0,missing,,0.0,missing,0.0,26
recovered_archive1/40,不清,0.989189,high_consensus,>=7,0.987557,high_consensus,10,0.989092,high_consensus,15,0.989059,high_consensus,1.5,1.0,high_consensus|ratio_consistent,21,0.989117,high_consensus,143,0.989102,high_consensus,<=30%,0.987408,high_consensus,<=10%,0.988,high_consensus,粒线流,0.988996,high_consensus,,0.0,missing,0--1,0.977691,high_consensus,轻度,0.989158,high_consensus,1--30,0.988197,high_consensus,无,0.989077,high_consensus,浅红,0.989153,high_consensus,+,0.984926,high_consensus,无,0.988991,high_consensus,可见1排,0.98904,high_consensus,平坦,0.988927,high_consensus,0--2,0.970164,high_consensus,0.5,1.0,high_consensus|score_additivity_consistent,0.8,1.0,high_consensus|score_additivity_consistent,3.2,1.0,high_consensus|score_additivity_consistent,4.5,1.0,high_consensus|score_additivity_consistent,中度异常,0.989056,high_consensus,0.951612,1
recovered_archive1/41,清晰,0.989174,high_consensus,3--4,0.987925,high_consensus,7,0.988269,high_consensus,10,0.989084,high_consensus,1.4,1.0,high_consensus|ratio_consistent,8,0.988508,high_consensus,171,0.988192,high_consensus,30--60%,0.987856,high_consensus,<=10%,0.988,high_consensus,粒线流,0.989117,high_consensus,,0.0,missing,0--1,0.979385,high_consensus,中度,0.989188,high_consensus,1--30,0.988197,high_consensus,无,0.989068,high_consensus,暗红,0.989167,high_consensus,+++,0.964561,high_consensus,无,0.989076,high_consensus,可见2排,0.989085,high_consensus,浅波纹状,0.988575,high_consensus,0--2,0.971051,high_consensus,2.9,1.0,high_consensus|score_additivity_consistent,1.8,1.0,high_consensus|score_additivity_consistent,4.4,1.0,high_consensus|score_additivity_consistent,9.1,1.0,high_consensus|score_additivity_consistent,重度异常,0.989046,high_consensus,0.950866,1
recovered_archive1/42,清晰,0.989143,high_consensus,<1,0.987014,high_consensus,,0.0,rapid_layout_missing_qwen_only|invalid_non_numeric_removed,,0.0,rapid_layout_missing_qwen_only|invalid_non_numeric_removed,,0.0,missing,,0.0,rapid_layout_missing_qwen_only|invalid_non_numeric_removed,211,0.989089,high_consensus,,0.0,missing,,0.0,missing,粒线流,0.989146,high_consensus,,0.0,missing,0--1,0.979821,high_consensus,无,0.989031,high_consensus,1--30,0.987844,high_consensus,无,0.989077,high_consensus,浅红,0.989172,high_consensus,+,0.985258,high_consensus,无,0.988991,high_consensus,不见,0.989187,high_consensus,平坦,0.989031,high_consensus,0--2,0.971051,high_consensus,6.0,1.0,high_consensus|score_additivity_consistent,0.6,1.0,high_consensus|score_additivity_consistent,3.1,1.0,high_consensus|score_additivity_consistent,9.7,1.0,high_consensus|score_additivity_consistent,重度异常,0.988946,high_consensus,0.723146,7
recovered_archive1/43,,0.0,missing,,0.0,missing,,0.0,rapid_layout_missing_qwen_only|invalid_non_numeric_removed,,0.0,rapid_layout_missing_qwen_only|invalid_non_numeric_removed,,0.0,missing,,0.0,rapid_layout_missing_qwen_only|invalid_non_numeric_removed,,0.0,rapid_layout_missing_qwen_only|invalid_non_numeric_removed,,0.0,missing,,0.0,missing,,0.0,missing,,0.0,rapid_layout_missing_qwen_only|invalid_non_numeric_removed,,0.0,missing,,0.0,missing,,0.0,missing,,0.0,missing,,0.0,missing,,0.0,missing,,0.0,missing,,0.0,missing,,0.0,missing,,0.0,missing,,0.0,missing,,0.0,missing,,0.0,missing,,0.0,missing,,0.0,missing,0.0,26
recovered_archive1/44,不清,0.989189,high_consensus,>=7,0.987557,high_consensus,,0.0,rapid_layout_missing_qwen_only|invalid_non_numeric_removed,,0.0,rapid_layout_missing_qwen_only|invalid_non_numeric_removed,,0.0,missing,,0.0,rapid_layout_missing_qwen_only|invalid_non_numeric_removed,243,0.989118,high_consensus,<=30%,0.987862,high_consensus,>60%,0.983328,high_consensus,粒流,0.989184,high_consensus,,0.0,missing,0--1,0.979385,high_consensus,中度,0.989188,high_consensus,1--30,0.988197,high_consensus,1--2,0.987194,high_consensus,暗红,0.989135,high_consensus,++,0.944408,high_consensus,无,0.988812,high_consensus,">2排,扩张",0.986028,high_consensus,平坦,0.988898,high_consensus,0--2,0.971051,high_consensus,1.6,1.0,high_consensus|score_additivity_consistent,4.2,1.0,high_consensus|score_additivity_consistent,5.0,1.0,high_consensus|score_additivity_consistent,10.8,1.0,high_consensus|score_additivity_consistent,重度异常,0.989046,high_consensus,0.797215,5
recovered_archive1/45,不清,0.989189,high_consensus,>=7,0.987557,high_consensus,14,0.98903,high_consensus,18,0.989066,high_consensus,1.3,1.0,high_consensus|ratio_consistent,13,0.989096,high_consensus,301,0.989137,high_consensus,<=30%,0.987408,high_consensus,<=10%,0.988005,high_consensus,粒线流,0.989117,high_consensus,,0.0,missing,0--1,0.978384,high_consensus,中度,0.989188,high_consensus,1--30,0.987844,high_consensus,1--2,0.987131,high_consensus,,0.0,missing,无,0.657252,engine_conflict,无,0.988991,high_consensus,不见,0.989187,high_consensus,波纹状,0.988644,high_consensus,0--2,0.971051,high_consensus,0.9,1.0,high_consensus|score_additivity_consistent,3.4,1.0,high_consensus|score_additivity_consistent,3.6,1.0,high_consensus|score_additivity_consistent,7.9,1.0,high_consensus|score_additivity_consistent,中度异常,0.988981,high_consensus,0.900933,2
recovered_archive1/46,清晰,0.989173,high_consensus,>=7,0.987552,high_consensus,11,0.988975,high_consensus,16,0.98907,high_consensus,1.5,1.0,high_consensus|ratio_consistent,28,0.989091,high_consensus,316,0.989068,high_consensus,<=30%,0.987408,high_consensus,30--60%,0.988602,high_consensus,粒缓流,0.989195,high_consensus,,0.0,missing,0--1,0.981808,high_consensus,重度,0.98906,high_consensus,1--30,0.988197,high_consensus,1--2,0.987194,high_consensus,暗红,0.989135,high_consensus,+++,0.964561,high_consensus,无,0.989076,high_consensus,可见1排,0.989099,high_consensus,平坦,0.988927,high_consensus,0--2,0.970164,high_consensus,1.8,1.0,high_consensus|score_additivity_consistent,7.0,1.0,high_consensus|score_additivity_consistent,5.3,1.0,high_consensus|score_additivity_consistent,14.1,1.0,high_consensus|score_additivity_consistent,重度异常,0.989046,high_consensus,0.950939,1
recovered_archive1/47,清晰,0.989173,high_consensus,>=7,0.987552,high_consensus,11,0.969175,high_consensus,13,0.969287,high_consensus,1.2,1.0,high_consensus|ratio_consistent,17,0.96932,high_consensus,281,0.969289,high_consensus,<=30%,0.987408,high_consensus,10--30%,0.988271,high_consensus,粒线流,0.989129,high_consensus,,0.0,missing,0--1,0.978391,high_consensus,轻度,0.989158,high_consensus,1--30,0.987844,high_consensus,无,0.989077,high_consensus,浅红,0.989156,high_consensus,+,0.987177,high_consensus,1--2,0.98705,high_consensus,可见2排,0.9891,high_consensus,浅波纹状,0.988575,high_consensus,0--2,0.971051,high_consensus,0.4,1.0,high_consensus|score_additivity_consistent,0.8,1.0,high_consensus|score_additivity_consistent,3.1,1.0,high_consensus|score_additivity_consistent,4.3,1.0,high_consensus|score_additivity_consistent,中度异常,0.988981,high_consensus,0.948622,1
recovered_archive1/48,模糊,0.987818,high_consensus,3--4,0.988421,high_consensus,17,0.989099,high_consensus,22,0.989146,high_consensus,1.3,1.0,high_consensus|ratio_consistent,33,0.2005,rapid_layout_missing_qwen_only,120,0.989069,high_consensus,30--60%,0.987965,high_consensus,30--60%,0.988602,high_consensus,粒缓流,0.989195,high_consensus,,0.0,missing,0--1,0.979385,high_consensus,中度,0.989188,high_consensus,1--30,0.988197,high_consensus,无,0.989068,high_consensus,暗红,0.989135,high_consensus,+,0.984915,high_consensus,无,0.988991,high_consensus,可见1排,0.989099,high_consensus,平坦,0.988927,high_consensus,0--2,0.970164,high_consensus,5.6,1.0,high_consensus|score_additivity_consistent,3.0,1.0,high_consensus|score_additivity_consistent,3.2,1.0,high_consensus|score_additivity_consistent,11.8,1.0,high_consensus|score_additivity_consistent,重度异常,0.989046,high_consensus,0.921382,2
recovered_archive1/49,清晰,0.989173,high_consensus,>=7,0.987552,high_consensus,8,0.968826,high_consensus,15,0.96923,high_consensus,1.9,1.0,high_consensus|ratio_consistent,12,0.969287,high_consensus,213,0.969288,high_consensus,<=30%,0.987413,high_consensus,<=10%,0.988,high_consensus,粒线流,0.988996,high_consensus,,0.0,rapid_layout_missing_qwen_only|invalid_non_numeric_removed,0--1,0.977691,high_consensus,轻度,0.989158,high_consensus,1--30,0.988197,high_consensus,无,0.989077,high_consensus,浅红,0.989152,high_consensus,无,0.989028,high_consensus,无,0.988989,high_consensus,可见2排,0.989076,high_consensus,波纹状,0.988666,high_consensus,0--2,0.971051,high_consensus,0.2,1.0,high_consensus|score_additivity_consistent,0.8,1.0,high_consensus|score_additivity_consistent,0.4,1.0,high_consensus|score_additivity_consistent,1.4,1.0,high_consensus|score_additivity_consistent,大致正常,0.989052,high_consensus,0.948727,1
recovered_archive1/50,,0.0,missing,,0.0,missing,,0.0,rapid_layout_missing_qwen_only|invalid_non_numeric_removed,,0.0,rapid_layout_missing_qwen_only|invalid_non_numeric_removed,,0.0,missing,,0.0,rapid_layout_missing_qwen_only|invalid_non_numeric_removed,,0.0,rapid_layout_missing_qwen_only|invalid_non_numeric_removed,,0.0,missing,,0.0,missing,,0.0,missing,,0.0,missing,,0.0,missing,,0.0,missing,,0.0,missing,,0.0,missing,,0.0,missing,,0.0,missing,,0.0,missing,,0.0,missing,,0.0,missing,,0.0,missing,,0.0,missing,,0.0,missing,,0.0,missing,,0.0,missing,,0.0,missing,0.0,26
recovered_archive1/51,模糊,0.988809,high_consensus,,0.0,missing,,0.0,rapid_layout_missing_qwen_only|invalid_non_numeric_removed,,0.0,rapid_layout_missing_qwen_only|invalid_non_numeric_removed,,0.0,missing,,0.0,rapid_layout_missing_qwen_only|invalid_non_numeric_removed,,0.0,rapid_layout_missing_qwen_only|invalid_non_numeric_removed,<=30%,0.2005,rapid_layout_missing_qwen_only,<=10%,0.2005,rapid_layout_missing_qwen_only,,0.0,missing,,0.0,rapid_layout_missing_qwen_only|invalid_non_numeric_removed,,0.0,missing,,0.0,missing,,0.0,missing,,0.0,missing,,0.0,missing,,0.0,missing,,0.0,missing,,0.0,missing,,0.0,missing,,0.0,missing,0.6,0.98906,high_consensus,,0.0,missing,,0.0,missing,0.6,0.98899,high_consensus,正常,0.989154,high_consensus,0.167577,22
recovered_archive1/52,不清,0.989189,high_consensus,>=7,0.987557,high_consensus,14,0.98903,high_consensus,21,0.98908,high_consensus,1.5,1.0,high_consensus|ratio_consistent,28,0.989137,high_consensus,131,0.988976,high_consensus,60--80%,0.987632,high_consensus,10--30%,0.988264,high_consensus,粒流,0.989195,high_consensus,,0.0,rapid_layout_missing_qwen_only|invalid_non_numeric_removed,0--1,0.979385,high_consensus,中度,0.989188,high_consensus,1--30,0.988072,high_consensus,无,0.989133,high_consensus,淡红,0.2005,rapid_layout_missing_qwen_only,+,0.985256,high_consensus,无,0.988871,high_consensus,不见,0.989187,high_consensus,平坦,0.989028,high_consensus,0--2,0.976796,high_consensus,2.6,1.0,high_consensus|score_additivity_consistent,1.8,1.0,high_consensus|score_additivity_consistent,3.1,1.0,high_consensus|score_additivity_consistent,7.5,1.0,high_consensus|score_additivity_consistent,中度异常,0.989056,high_consensus,0.921636,2
recovered_archive1/53,清晰,0.989173,high_consensus,5--6,0.98799,high_consensus,8,0.988918,high_consensus,9,0.989067,high_consensus,1.1,1.0,high_consensus|ratio_consistent,10,0.989068,high_consensus,,0.0,missing,<=30%,0.987408,high_consensus,<=10%,0.988008,high_consensus,,0.0,missing,,0.0,rapid_layout_missing_qwen_only|invalid_non_numeric_removed,0--1,0.979821,high_consensus,无,0.989031,high_consensus,1--30,0.987844,high_consensus,无,0.989068,high_consensus,暗红,0.989133,high_consensus,无,0.988909,high_consensus,无,0.988989,high_consensus,不见,0.989188,high_consensus,浅波纹状,0.988543,high_consensus,0--2,0.971051,high_consensus,1.2,1.0,high_consensus|score_additivity_consistent,0.4,1.0,high_consensus|score_additivity_consistent,0.4,1.0,high_consensus|score_additivity_consistent,2.0,1.0,high_consensus|score_additivity_consistent,大致正常,0.989052,high_consensus,0.875779,3
recovered_archive1/54,不清,0.989189,high_consensus,>=7,1.0,high_consensus|rtf_semantic_support,7,0.988552,high_consensus,12,0.989069,high_consensus,1.7,1.0,high_consensus|ratio_consistent,113,0.989079,high_consensus,219,0.98907,high_consensus,60--80%,0.988274,high_consensus,10--30%,0.988271,high_consensus,线粒流,0.989161,high_consensus,,0.0,missing,0--1,0.979821,high_consensus,无,0.9891,high_consensus,1--30,0.987844,high_consensus,无,0.989077,high_consensus,浅红,0.989152,high_consensus,无,0.989028,high_consensus,无,0.988989,high_consensus,可见1排,0.989099,high_consensus,波纹状,0.988664,high_consensus,0--2,0.971051,high_consensus,2.0,1.0,high_consensus|score_additivity_consistent,0.2,1.0,high_consensus|score_additivity_consistent,0.1,1.0,high_consensus|score_additivity_consistent,2.3,1.0,high_consensus|score_additivity_consistent,轻度异常,0.988823,high_consensus,0.952358,1
recovered_archive1/55,清晰,0.989173,high_consensus,5--6,0.988163,high_consensus,10,0.989092,high_consensus,14,0.989034,high_consensus,1.4,1.0,high_consensus|ratio_consistent,22,0.989148,high_consensus,297,0.989025,high_consensus,<=30%,0.987413,high_consensus,<=10%,0.988005,high_consensus,粒线流,0.988996,high_consensus,,0.0,missing,2--4,0.988108,high_consensus,轻度,0.989156,high_consensus,1--30,0.988197,high_consensus,无,0.989077,high_consensus,浅红,0.989152,high_consensus,无,0.989028,high_consensus,无,0.988989,high_consensus,可见1排,0.989099,high_consensus,波纹状,0.988664,high_consensus,0--2,0.971051,high_consensus,1.4,1.0,high_consensus|score_additivity_consistent,0.9,1.0,high_consensus|score_additivity_consistent,0.1,1.0,high_consensus|score_additivity_consistent,2.4,1.0,high_consensus|score_additivity_consistent,轻度异常,0.988824,high_consensus,0.952208,1
recovered_archive1/57,不清,0.989189,high_consensus,>=7,0.987557,high_consensus,26,0.989146,high_consensus,49,0.989107,high_consensus,1.9,1.0,high_consensus|ratio_consistent,40,0.989058,high_consensus,267,0.989083,high_consensus,<=30%,0.987408,high_consensus,,0.0,missing,粒流,0.989191,high_consensus,,0.0,missing,0--1,0.979385,high_consensus,中度,0.989188,high_consensus,1--30,0.987844,high_consensus,无,0.989068,high_consensus,暗红,0.989135,high_consensus,+,0.984915,high_consensus,无,0.988991,high_consensus,不见,0.989188,high_consensus,浅波纹状,0.988543,high_consensus,0--2,0.971051,high_consensus,3.4,1.0,high_consensus|score_additivity_consistent,2.2,1.0,high_consensus|score_additivity_consistent,1.9,1.0,high_consensus|score_additivity_consistent,7.5,1.0,high_consensus|score_additivity_consistent,中度异常,0.988979,high_consensus,0.913693,2
recovered_archive1/59,不清,0.989189,high_consensus,>=7,0.987557,high_consensus,6,0.988928,high_consensus,9,0.988998,high_consensus,1.5,1.0,high_consensus|ratio_consistent,13,0.989096,high_consensus,378,0.989085,high_consensus,<=30%,0.987408,high_consensus,<=10%,0.988,high_consensus,粒线流,0.988996,high_consensus,,0.0,missing,0--1,0.977691,high_consensus,轻度,0.989158,high_consensus,1--30,0.988197,high_consensus,无,0.989068,high_consensus,暗红,0.989052,high_consensus,+,0.984915,high_consensus,无,0.988991,high_consensus,不见,0.989188,high_consensus,浅波纹状,0.988543,high_consensus,0--2,0.971051,high_consensus,3.1,1.0,high_consensus|score_additivity_consistent,1.0,1.0,high_consensus|score_additivity_consistent,1.9,1.0,high_consensus|score_additivity_consistent,6.0,1.0,high_consensus|score_additivity_consistent,中度异常,0.989056,high_consensus,0.951622,1
recovered_archive1/60,清晰,0.989173,high_consensus,>=7,0.987552,high_consensus,13,0.989117,high_consensus,19,0.98905,high_consensus,1.5,1.0,high_consensus|ratio_consistent,11,0.988971,high_consensus,267,0.98905,high_consensus,10--30%,0.2005,rapid_layout_missing_qwen_only,10--30%,0.843882,single_engine,线粒流,0.989161,high_consensus,,0.0,missing,0--1,0.978391,high_consensus,轻度,0.989158,high_consensus,1--30,0.987844,high_consensus,>2,0.978229,high_consensus,淡红,0.989172,high_consensus,,0.0,missing,,0.0,missing,,0.0,missing,,0.0,missing,,0.0,missing,0.6,0.988986,high_consensus,5.0,0.989106,high_consensus,,0.0,missing,5.6,0.989059,high_consensus,中度异常,0.988981,high_consensus,0.686361,8
recovered_archive1/61,清晰,0.989143,high_consensus,>=7,1.0,high_consensus|rtf_semantic_support,14,0.988961,high_consensus,19,0.989042,high_consensus,1.4,1.0,high_consensus|ratio_consistent,19,0.989092,high_consensus,213,0.989099,high_consensus,<=30%,0.987413,high_consensus,<=10%,0.988005,high_consensus,粒流,0.989187,high_consensus,,0.0,rapid_layout_missing_qwen_only|invalid_non_numeric_removed,0--1,0.977691,high_consensus,轻度,0.989158,high_consensus,1--30,0.988197,high_consensus,无,0.989063,high_consensus,淡红,0.989157,high_consensus,无,0.989019,high_consensus,无,0.988989,high_consensus,不见,0.989188,high_consensus,波纹状,0.988644,high_consensus,0--2,0.971051,high_consensus,0.4,1.0,high_consensus|score_additivity_consistent,1.0,1.0,high_consensus|score_additivity_consistent,0.0,1.0,high_consensus|score_additivity_consistent,1.4,1.0,high_consensus|score_additivity_consistent,大致正常,0.989052,high_consensus,0.952275,1
recovered_archive1/62,清晰,0.989173,high_consensus,>=7,0.987552,high_consensus,17,0.989112,high_consensus,16,0.98907,high_consensus,0.9,1.0,high_consensus|ratio_consistent,17,0.98912,high_consensus,300,0.989096,high_consensus,30--60%,0.988491,high_consensus,<=10%,0.988008,high_consensus,线粒流,0.989169,high_consensus,,0.0,rapid_layout_missing_qwen_only|invalid_non_numeric_removed,0--1,0.977691,high_consensus,轻度,0.989158,high_consensus,1--30,0.988197,high_consensus,无,0.989068,high_consensus,暗红,0.989063,high_consensus,++,0.94482,high_consensus,无,0.988991,high_consensus,不见,0.989188,high_consensus,波纹状,0.988644,high_consensus,0--2,0.971051,high_consensus,1.2,1.0,high_consensus|score_additivity_consistent,0.6,1.0,high_consensus|score_additivity_consistent,2.4,1.0,high_consensus|score_additivity_consistent,4.2,1.0,high_consensus|score_additivity_consistent,中度异常,0.988981,high_consensus,0.95014,1
recovered_archive1/63,清晰,0.989173,high_consensus,5--6,0.988163,high_consensus,6,0.957248,high_consensus,19,0.957367,high_consensus,3.2,1.0,high_consensus|ratio_consistent,19,0.957412,high_consensus,155,0.957352,high_consensus,<=30%,0.987408,high_consensus,,0.0,missing,粒缓流,0.989193,high_consensus,,0.0,missing,0--1,0.979385,high_consensus,中度,0.989188,high_consensus,1--30,0.988197,high_consensus,无,0.989068,high_consensus,暗红,0.989059,high_consensus,无,0.988909,high_consensus,无,0.988989,high_consensus,可见1排,0.989099,high_consensus,平坦,0.988927,high_consensus,0--2,0.971051,high_consensus,2.0,1.0,high_consensus|score_additivity_consistent,3.0,1.0,high_consensus|score_additivity_consistent,1.7,1.0,high_consensus|score_additivity_consistent,6.7,1.0,high_consensus|score_additivity_consistent,中度异常,0.988981,high_consensus,0.909007,2
recovered_archive1/64,清晰,0.989143,high_consensus,>=7,0.987552,high_consensus,,0.0,rapid_layout_missing_qwen_only|invalid_non_numeric_removed,,0.0,rapid_layout_missing_qwen_only|invalid_non_numeric_removed,,0.0,missing,18,0.98906,high_consensus,286,0.988905,high_consensus,<=30%,0.987869,high_consensus,>60%,0.983487,high_consensus,粒线流,0.98913,high_consensus,,0.0,rapid_layout_missing_qwen_only|invalid_non_numeric_removed,0--1,0.979821,high_consensus,无,0.9891,high_consensus,1--30,0.987844,high_consensus,无,0.989077,high_consensus,浅红,0.989151,high_consensus,+,0.984926,high_consensus,无,0.98882,high_consensus,">2排,扩张",0.986015,high_consensus,波纹状,0.988663,high_consensus,0--2,0.971051,high_consensus,1.4,1.0,high_consensus|score_additivity_consistent,0.6,1.0,high_consensus|score_additivity_consistent,2.5,1.0,high_consensus|score_additivity_consistent,4.5,1.0,high_consensus|score_additivity_consistent,中度异常,0.988981,high_consensus,0.836869,4
recovered_archive1/65,清晰,0.989173,high_consensus,>=7,0.987552,high_consensus,10,0.989092,high_consensus,13,0.989087,high_consensus,1.3,1.0,high_consensus|ratio_consistent,10,0.98907,high_consensus,230,0.989129,high_consensus,30--60%,0.988516,high_consensus,,0.0,missing,粒线流,0.989146,high_consensus,,0.0,missing,0--1,0.978391,high_consensus,轻度,0.989158,high_consensus,1--30,0.987678,high_consensus,无,0.989077,high_consensus,浅红,0.989163,high_consensus,++,0.947155,high_consensus,无,0.989076,high_consensus,可见1排,0.989071,high_consensus,浅波纹状,0.988571,high_consensus,0--2,0.971051,high_consensus,0.3,1.0,high_consensus|score_additivity_consistent,0.8,1.0,high_consensus|score_additivity_consistent,2.9,1.0,high_consensus|score_additivity_consistent,4.0,1.0,high_consensus|score_additivity_consistent,轻度异常,0.988824,high_consensus,0.91223,2
recovered_archive1/66,模糊,0.987818,high_consensus,5--6,0.988172,high_consensus,7,0.988269,high_consensus,14,0.988988,high_consensus,2.0,1.0,high_consensus|ratio_consistent,21,0.989088,high_consensus,133,0.98902,high_consensus,30--60%,0.987965,high_consensus,30--60%,0.988602,high_consensus,粒缓流,0.989195,high_consensus,,0.0,missing,0--1,0.978337,high_consensus,重度,0.98906,high_consensus,1--30,0.988072,high_consensus,>2,0.985791,high_consensus,暗红,0.989135,high_consensus,++,0.94482,high_consensus,无,0.988991,high_consensus,不见,0.989188,high_consensus,浅波纹状,0.988543,high_consensus,0--2,0.971051,high_consensus,2.5,1.0,high_consensus|score_additivity_consistent,9.8,1.0,high_consensus|score_additivity_consistent,2.8,1.0,high_consensus|score_additivity_consistent,15.1,1.0,high_consensus|score_additivity_consistent,重度异常,0.989046,high_consensus,0.949967,1
recovered_archive1/67,模糊,0.988809,high_consensus,5--6,0.988172,high_consensus,90,0.2005,rapid_layout_missing_qwen_only,,0.0,missing,,0.0,missing,,0.0,missing,90,0.849327,single_engine,30--60%,0.2005,rapid_layout_missing_qwen_only,30--60%,0.846421,single_engine,粒流,0.989195,high_consensus,,0.0,missing,0--1,0.979385,high_consensus,中度,0.989188,high_consensus,1--30,0.987844,high_consensus,无,0.989125,high_consensus,暗红,0.989135,high_consensus,++,0.944408,high_consensus,无,0.988991,high_consensus,不见,0.989188,high_consensus,浅波纹状,0.988543,high_consensus,0--2,0.973025,high_consensus,2.2,1.0,high_consensus|score_additivity_consistent,2.2,1.0,high_consensus|score_additivity_consistent,2.8,1.0,high_consensus|score_additivity_consistent,7.2,1.0,high_consensus|score_additivity_consistent,中度异常,0.988979,high_consensus,0.764259,6
recovered_archive1/68,不清,0.989189,high_consensus,>=7,0.987557,high_consensus,10,0.989092,high_consensus,20,0.989135,high_consensus,2.0,1.0,high_consensus|ratio_consistent,25,0.989121,high_consensus,334,0.989134,high_consensus,<=30%,0.987408,high_consensus,<=10%,0.988005,high_consensus,粒流,0.989187,high_consensus,,0.0,missing,0--1,0.97773,high_consensus,中度,0.989188,high_consensus,1--30,0.988197,high_consensus,无,0.989068,high_consensus,暗红,0.989052,high_consensus,+,0.984915,high_consensus,无,0.988991,high_consensus,不见,0.989188,high_consensus,平坦,0.989028,high_consensus,0--2,0.976796,high_consensus,2.0,1.0,high_consensus|score_additivity_consistent,2.2,1.0,high_consensus|score_additivity_consistent,3.1,1.0,high_consensus|score_additivity_consistent,7.3,1.0,high_consensus|score_additivity_consistent,中度异常,0.989052,high_consensus,0.951886,1
recovered_archive1/69,不清,0.989189,high_consensus,>=7,0.987557,high_consensus,,0.0,rapid_layout_missing_qwen_only|invalid_non_numeric_removed,,0.0,rapid_layout_missing_qwen_only|invalid_non_numeric_removed,,0.0,missing,,0.0,rapid_layout_missing_qwen_only|invalid_non_numeric_removed,169,0.989036,high_consensus,30--60%,0.98857,high_consensus,,0.0,missing,线粒流,0.989161,high_consensus,,0.0,missing,0--1,0.978391,high_consensus,轻度,0.989158,high_consensus,1--30,0.987844,high_consensus,无,0.989068,high_consensus,暗红,0.989133,high_consensus,无,0.988909,high_consensus,无,0.988989,high_consensus,不见,0.989187,high_consensus,平坦,0.989031,high_consensus,0--2,0.971051,high_consensus,0.4,1.0,high_consensus|score_additivity_consistent,0.6,1.0,high_consensus|score_additivity_consistent,1.6,1.0,high_consensus|score_additivity_consistent,2.6,1.0,high_consensus|score_additivity_consistent,轻度异常,0.988824,high_consensus,0.761273,6
recovered_archive1/70,不清,0.989189,high_consensus,>=7,0.987557,high_consensus,5,0.989051,high_consensus,10,0.989084,high_consensus,2.0,1.0,high_consensus|ratio_consistent,11,0.989005,high_consensus,126,0.989057,high_consensus,>80%,0.97573,high_consensus,<=10%,0.988005,high_consensus,粒流,0.989187,high_consensus,,0.0,missing,0--1,0.977691,high_consensus,轻度,0.989158,high_consensus,1--30,0.988197,high_consensus,无,0.989077,high_consensus,浅红,0.989152,high_consensus,无,0.989028,high_consensus,无,0.989078,high_consensus,">2排,扩张",0.986441,high_consensus,浅波纹状,0.988767,high_consensus,0--2,0.971051,high_consensus,2.6,1.0,high_consensus|score_additivity_consistent,1.2,1.0,high_consensus|score_additivity_consistent,1.4,1.0,high_consensus|score_additivity_consistent,5.2,1.0,high_consensus|score_additivity_consistent,中度异常,0.989056,high_consensus,0.951252,1
recovered_archive1/71,清晰,0.989173,high_consensus,5--6,0.988163,high_consensus,10,0.989092,high_consensus,18,0.989067,high_consensus,1.8,1.0,high_consensus|ratio_consistent,14,0.98904,high_consensus,322,0.989093,high_consensus,<=30%,0.987408,high_consensus,<=10%,0.988005,high_consensus,粒流,0.989187,high_consensus,,0.0,missing,2--4,0.988256,high_consensus,中度,0.989182,high_consensus,1--30,0.988197,high_consensus,1--2,0.986369,high_consensus,浅红,0.989156,high_consensus,无,0.989028,high_consensus,无,0.988989,high_consensus,可见2排,0.989076,high_consensus,波纹状,0.988666,high_consensus,0--2,0.971051,high_consensus,1.3,1.0,high_consensus|score_additivity_consistent,4.1,1.0,high_consensus|score_additivity_consistent,0.4,1.0,high_consensus|score_additivity_consistent,5.8,1.0,high_consensus|score_additivity_consistent,中度异常,0.989052,high_consensus,0.952125,1
recovered_archive1/72,清晰,0.989173,high_consensus,>=7,0.987552,high_consensus,10,0.989092,high_consensus,12,0.989083,high_consensus,1.2,1.0,high_consensus|ratio_consistent,12,0.989087,high_consensus,333,0.989139,high_consensus,<=30%,0.987408,high_consensus,10--30%,0.988271,high_consensus,线粒流,0.989161,high_consensus,,0.0,rapid_layout_missing_qwen_only|invalid_non_numeric_removed,0--1,0.978391,high_consensus,轻度,0.989158,high_consensus,1--30,0.987678,high_consensus,>2,0.978229,high_consensus,淡红,0.989171,high_consensus,无,0.989019,high_consensus,无,0.988989,high_consensus,可见1排,0.98904,high_consensus,波纹状,0.988663,high_consensus,0--2,0.2005,rapid_layout_missing_qwen_only,0.6,1.0,high_consensus|score_additivity_consistent,5.0,1.0,high_consensus|score_additivity_consistent,0.1,1.0,high_consensus|score_additivity_consistent,5.7,1.0,high_consensus|score_additivity_consistent,中度异常,0.988981,high_consensus,0.921761,2
recovered_archive1/73,不清,0.989189,high_consensus,>=7,0.987557,high_consensus,14,0.98903,high_consensus,10,0.989085,high_consensus,0.7,1.0,high_consensus|ratio_consistent,14,0.989025,high_consensus,373,0.989001,high_consensus,<=30%,0.987408,high_consensus,>60%,0.983328,high_consensus,粒流,0.989184,high_consensus,,0.0,missing,0--1,0.977691,high_consensus,轻度,0.989158,high_consensus,1--30,0.988072,high_consensus,1--2,0.986369,high_consensus,浅红,0.989152,high_consensus,+,0.984926,high_consensus,无,0.988991,high_consensus,可见1排,0.989099,high_consensus,波纹状,0.988664,high_consensus,0--2,0.971051,high_consensus,3.7,1.0,high_consensus|score_additivity_consistent,3.2,1.0,high_consensus|score_additivity_consistent,1.6,1.0,high_consensus|score_additivity_consistent,8.5,1.0,high_consensus|score_additivity_consistent,重度异常,0.989046,high_consensus,0.951347,1
recovered_archive1/74,清晰,0.989173,high_consensus,>=7,0.987552,high_consensus,9,0.989,high_consensus,15,0.989063,high_consensus,1.7,1.0,high_consensus|ratio_consistent,18,0.98906,high_consensus,223,0.989152,high_consensus,<=30%,0.987408,high_consensus,10--30%,0.988264,high_consensus,粒流,0.989195,high_consensus,,0.0,rapid_layout_missing_qwen_only|invalid_non_numeric_removed,0--1,0.978391,high_consensus,轻度,0.989158,high_consensus,1--30,0.987844,high_consensus,无,0.989133,high_consensus,,0.0,missing,无,0.989015,high_consensus,1--2,0.987041,high_consensus,可见2排,0.989076,high_consensus,波纹状,0.988666,high_consensus,0--2,0.971051,high_consensus,0.2,1.0,high_consensus|score_additivity_consistent,1.0,1.0,high_consensus|score_additivity_consistent,1.2,1.0,high_consensus|score_additivity_consistent,2.4,1.0,high_consensus|score_additivity_consistent,轻度异常,0.988824,high_consensus,0.913695,2
recovered_archive1/75,清晰,0.989173,high_consensus,>=7,0.987552,high_consensus,11,0.988975,high_consensus,17,0.989087,high_consensus,1.5,1.0,high_consensus|ratio_consistent,17,0.98912,high_consensus,343,0.989136,high_consensus,<=30%,0.987408,high_consensus,30--60%,0.988602,high_consensus,粒缓流,0.989195,high_consensus,,0.0,rapid_layout_missing_qwen_only|invalid_non_numeric_removed,0--1,0.979385,high_consensus,中度,0.989188,high_consensus,1--30,0.987844,high_consensus,>2,0.985791,high_consensus,暗红,0.989167,high_consensus,+,0.984915,high_consensus,无,0.988991,high_consensus,可见2排,0.989085,high_consensus,浅波纹状,0.988575,high_consensus,0--2,0.971051,high_consensus,0.8,1.0,high_consensus|score_additivity_consistent,7.8,1.0,high_consensus|score_additivity_consistent,2.3,1.0,high_consensus|score_additivity_consistent,10.9,1.0,high_consensus|score_additivity_consistent,重度异常,0.989046,high_consensus,0.951588,1
recovered_archive1/76,清晰,0.989173,high_consensus,>=7,0.987552,high_consensus,7,0.988269,high_consensus,11,0.988959,high_consensus,1.6,1.0,high_consensus|ratio_consistent,11,0.988987,high_consensus,227,0.988875,high_consensus,<=30%,0.987408,high_consensus,>60%,0.983487,high_consensus,粒线流,0.98913,high_consensus,,0.0,missing,0--1,0.979385,high_consensus,中度,0.989188,high_consensus,1--30,0.988072,high_consensus,1--2,0.987194,high_consensus,暗红,0.989145,high_consensus,无,0.988909,high_consensus,无,0.988989,high_consensus,可见2排,0.989076,high_consensus,平坦,0.988997,high_consensus,,0.0,missing,1.5,1.0,high_consensus|score_additivity_consistent,3.8,1.0,high_consensus|score_additivity_consistent,2.0,1.0,high_consensus|score_additivity_consistent,7.3,1.0,high_consensus|score_additivity_consistent,中度异常,0.988981,high_consensus,0.914222,2
recovered_archive1/77,清晰,0.989173,high_consensus,>=7,0.987552,high_consensus,6,0.988928,high_consensus,18,0.989045,high_consensus,3.0,1.0,high_consensus|ratio_consistent,15,0.989076,high_consensus,228,0.989129,high_consensus,<=30%,0.987408,high_consensus,10--30%,0.988264,high_consensus,粒流,0.989197,high_consensus,,0.0,rapid_layout_missing_qwen_only|invalid_non_numeric_removed,0--1,0.981866,high_consensus,中度,0.989188,high_consensus,1--30,0.988072,high_consensus,1--2,0.986539,high_consensus,暗红,0.989135,high_consensus,+,0.984915,high_consensus,无,0.988991,high_consensus,不见,0.989188,high_consensus,波纹状,0.988644,high_consensus,0--2,0.971051,high_consensus,1.1,1.0,high_consensus|score_additivity_consistent,4.2,1.0,high_consensus|score_additivity_consistent,1.5,1.0,high_consensus|score_additivity_consistent,6.8,1.0,high_consensus|score_additivity_consistent,中度异常,0.989052,high_consensus,0.951708,1
recovered_archive1/78,清晰,0.989173,high_consensus,5--6,0.988163,high_consensus,11,0.988975,high_consensus,25,0.989128,high_consensus,2.3,1.0,high_consensus|ratio_consistent,11,0.989005,high_consensus,365,0.989104,high_consensus,<=30%,0.987408,high_consensus,<=10%,0.988005,high_consensus,粒流,0.989187,high_consensus,,0.0,missing,0--1,0.977691,high_consensus,轻度,0.989158,high_consensus,1--30,0.988197,high_consensus,无,0.989077,high_consensus,浅红,0.989152,high_consensus,无,0.989028,high_consensus,无,0.989078,high_consensus,">2排,扩张",0.986441,high_consensus,浅波纹状,0.988767,high_consensus,0--2,0.971051,high_consensus,3.7,1.0,high_consensus|score_additivity_consistent,1.2,1.0,high_consensus|score_additivity_consistent,1.4,1.0,high_consensus|score_additivity_consistent,6.3,1.0,high_consensus|score_additivity_consistent,中度异常,0.989056,high_consensus,0.951725,1
recovered_archive1/79,不清,0.989185,high_consensus,5--6,0.988649,high_consensus,13,0.989108,high_consensus,11,0.988967,high_consensus,0.8,1.0,high_consensus|ratio_consistent,27,0.989138,high_consensus,225,0.989121,high_consensus,<=30%,0.987408,high_consensus,>60%,0.983914,high_consensus,粒线流,0.988995,high_consensus,,0.0,missing,2--4,0.988108,high_consensus,轻度,0.989156,high_consensus,1--30,0.988197,high_consensus,无,0.989077,high_consensus,浅红,0.989153,high_consensus,+,0.984926,high_consensus,无,0.988991,high_consensus,不见,0.989188,high_consensus,平坦,0.989028,high_consensus,0--2,0.976796,high_consensus,3.2,1.0,high_consensus|score_additivity_consistent,0.9,1.0,high_consensus|score_additivity_consistent,3.1,1.0,high_consensus|score_additivity_consistent,7.2,1.0,high_consensus|score_additivity_consistent,中度异常,0.989056,high_consensus,0.95216,1
recovered_archive1/80,清晰,0.989143,high_consensus,>=7,0.987552,high_consensus,28,0.96933,high_consensus,27,0.969246,high_consensus,1.0,1.0,high_consensus|ratio_consistent,36,0.9693,high_consensus,338,0.969337,high_consensus,<=30%,0.987408,high_consensus,10--30%,0.988264,high_consensus,粒流,0.989197,high_consensus,,0.0,rapid_layout_missing_qwen_only|invalid_non_numeric_removed,0--1,0.979463,high_consensus,中度,0.989188,high_consensus,1--30,0.988197,high_consensus,无,0.989068,high_consensus,暗红,0.989149,high_consensus,无,0.988909,high_consensus,无,0.988989,high_consensus,不见,0.989188,high_consensus,平坦,0.989028,high_consensus,0--2,0.976796,high_consensus,3.6,1.0,high_consensus|score_additivity_consistent,2.2,1.0,high_consensus|score_additivity_consistent,1.6,1.0,high_consensus|score_additivity_consistent,7.4,1.0,high_consensus|score_additivity_consistent,中度异常,0.989052,high_consensus,0.949069,1
recovered_archive1/81,清晰,0.989143,high_consensus,>=7,0.987552,high_consensus,,0.0,rapid_layout_missing_qwen_only|invalid_non_numeric_removed,,0.0,rapid_layout_missing_qwen_only|invalid_non_numeric_removed,,0.0,missing,43,0.98915,high_consensus,238,0.989133,high_consensus,<=30%,0.987408,high_consensus,>60%,0.983328,high_consensus,粒流,0.989184,high_consensus,,0.0,rapid_layout_missing_qwen_only|invalid_non_numeric_removed,0--1,0.978384,high_consensus,中度,0.989188,high_consensus,1--30,0.987844,high_consensus,无,0.989077,high_consensus,浅红,0.989153,high_consensus,+,0.984926,high_consensus,无,0.988991,high_consensus,不见,0.989188,high_consensus,波纹状,0.988644,high_consensus,0--2,0.971051,high_consensus,2.2,1.0,high_consensus|score_additivity_consistent,2.0,1.0,high_consensus|score_additivity_consistent,1.5,1.0,high_consensus|score_additivity_consistent,5.7,1.0,high_consensus|score_additivity_consistent,中度异常,0.988979,high_consensus,0.836936,4
recovered_archive1/82,清晰,0.989143,high_consensus,>=7,1.0,high_consensus|rtf_semantic_support,8,0.988626,high_consensus,13,0.989069,high_consensus,1.6,1.0,high_consensus|ratio_consistent,17,0.98912,high_consensus,278,0.98907,high_consensus,<=30%,0.987413,high_consensus,<=10%,0.988008,high_consensus,线粒流,0.989169,high_consensus,,0.0,rapid_layout_missing_qwen_only|invalid_non_numeric_removed,0--1,0.977691,high_consensus,轻度,0.989158,high_consensus,1--30,0.988197,high_consensus,无,0.989077,high_consensus,浅红,0.989156,high_consensus,无,0.989028,high_consensus,无,0.988989,high_consensus,不见,0.989188,high_consensus,波纹状,0.988644,high_consensus,0--2,0.971051,high_consensus,0.4,1.0,high_consensus|score_additivity_consistent,0.4,1.0,high_consensus|score_additivity_consistent,0.0,1.0,high_consensus|score_additivity_consistent,0.8,1.0,high_consensus|score_additivity_consistent,正常,0.98913,high_consensus,0.952266,1
recovered_archive1/83,不清,0.989189,high_consensus,>=7,0.987557,high_consensus,6,0.988928,high_consensus,10,0.989059,high_consensus,1.7,1.0,high_consensus|ratio_consistent,16,0.989064,high_consensus,270,0.988976,high_consensus,<=30%,0.987413,high_consensus,30--60%,0.988205,high_consensus,粒流,0.989191,high_consensus,,0.0,missing,0--1,0.981866,high_consensus,中度,0.989188,high_consensus,1--30,0.988072,high_consensus,无,0.989068,high_consensus,暗红,0.989063,high_consensus,++,0.94482,high_consensus,无,0.988991,high_consensus,不见,0.989187,high_consensus,平坦,0.989028,high_consensus,0--2,0.976796,high_consensus,1.7,1.0,high_consensus|score_additivity_consistent,2.2,1.0,high_consensus|score_additivity_consistent,4.0,1.0,high_consensus|score_additivity_consistent,7.9,1.0,high_consensus|score_additivity_consistent,中度异常,0.989052,high_consensus,0.950489,1
recovered_archive1/84,清晰,0.989143,high_consensus,3--4,0.988421,high_consensus,11,0.988975,high_consensus,13,0.989087,high_consensus,1.2,1.0,high_consensus|ratio_consistent,21,0.989088,high_consensus,210,0.989056,high_consensus,30--60%,0.988491,high_consensus,<=10%,0.988,high_consensus,粒摆流,0.989184,high_consensus,,0.0,missing,0--1,0.97773,high_consensus,中度,0.989188,high_consensus,1--30,0.988197,high_consensus,无,0.989077,high_consensus,浅红,0.989153,high_consensus,+,0.984926,high_consensus,无,0.988991,high_consensus,不见,0.989188,high_consensus,平坦,0.989028,high_consensus,0--2,0.976796,high_consensus,2.3,1.0,high_consensus|score_additivity_consistent,5.2,1.0,high_consensus|score_additivity_consistent,3.1,1.0,high_consensus|score_additivity_consistent,10.6,1.0,high_consensus|score_additivity_consistent,重度异常,0.989046,high_consensus,0.951953,1
recovered_archive1/85,不清,0.989189,high_consensus,>=7,0.987557,high_consensus,17,0.989112,high_consensus,22,0.989146,high_consensus,1.3,1.0,high_consensus|ratio_consistent,24,0.989132,high_consensus,363,0.989141,high_consensus,30--60%,0.988491,high_consensus,<=10%,0.988005,high_consensus,粒线流,0.98913,high_consensus,,0.0,missing,0--1,0.978391,high_consensus,轻度,0.989156,high_consensus,1--30,0.987844,high_consensus,1--2,0.987131,high_consensus,,0.0,missing,无,0.989136,high_consensus,无,0.988867,high_consensus,可见2排,0.989076,high_consensus,波纹状,0.988666,high_consensus,0--2,0.971051,high_consensus,4.0,1.0,high_consensus|score_additivity_consistent,2.6,1.0,high_consensus|score_additivity_consistent,0.4,1.0,high_consensus|score_additivity_consistent,7.0,1.0,high_consensus|score_additivity_consistent,中度异常,0.988979,high_consensus,0.913738,2
recovered_archive1/86,不清,0.989189,high_consensus,>=7,0.987557,high_consensus,8,0.988718,high_consensus,11,0.988904,high_consensus,1.4,1.0,high_consensus|ratio_consistent,14,0.988999,high_consensus,228,0.98913,high_consensus,30--60%,0.987965,high_consensus,<=10%,0.988005,high_consensus,粒流,0.989192,high_consensus,,0.0,rapid_layout_missing_qwen_only|invalid_non_numeric_removed,0--1,0.977691,high_consensus,轻度,0.989158,high_consensus,1--30,0.988197,high_consensus,无,0.989077,high_consensus,浅红,0.989152,high_consensus,无,0.989028,high_consensus,无,0.989078,high_consensus,">2排,扩张",0.986441,high_consensus,浅波纹状,0.988767,high_consensus,0--2,0.971051,high_consensus,0.6,1.0,high_consensus|score_additivity_consistent,1.2,1.0,high_consensus|score_additivity_consistent,1.4,1.0,high_consensus|score_additivity_consistent,3.2,1.0,high_consensus|score_additivity_consistent,轻度异常,0.988823,high_consensus,0.951697,1
recovered_archive1/88,不清,0.989189,high_consensus,>=7,1.0,high_consensus|rtf_semantic_support,,0.0,rapid_layout_missing_qwen_only|invalid_non_numeric_removed,,0.0,rapid_layout_missing_qwen_only|invalid_non_numeric_removed,1.3,0.2005,rapid_layout_missing_qwen_only,,0.0,rapid_layout_missing_qwen_only|invalid_non_numeric_removed,,0.0,rapid_layout_missing_qwen_only|invalid_non_numeric_removed,30--60%,0.98857,high_consensus,10--30%,0.988271,high_consensus,粒线流,0.989129,high_consensus,,0.0,rapid_layout_missing_qwen_only|invalid_non_numeric_removed,0--1,0.978391,high_consensus,轻度,0.989158,high_consensus,1--30,0.987844,high_consensus,无,0.989063,high_consensus,淡红,0.989146,high_consensus,无,0.989019,high_consensus,无,0.988989,high_consensus,不见,0.989187,high_consensus,波纹状,0.988643,high_consensus,0--2,0.2005,rapid_layout_missing_qwen_only,0.6,1.0,high_consensus|score_additivity_consistent,0.6,1.0,high_consensus|score_additivity_consistent,0.0,1.0,high_consensus|score_additivity_consistent,1.2,1.0,high_consensus|score_additivity_consistent,大致正常,0.989052,high_consensus,0.739794,7
recovered_archive1/89,不清,0.989189,high_consensus,>=7,0.987557,high_consensus,8,0.988626,high_consensus,8,0.988313,high_consensus,1.0,1.0,high_consensus|ratio_consistent,13,0.989096,high_consensus,242,0.989091,high_consensus,>80%,0.98177,high_consensus,10--30%,0.988271,high_consensus,线粒流,0.989161,high_consensus,,0.0,missing,0--1,0.979821,high_consensus,无,0.9891,high_consensus,1--30,0.986728,high_consensus,1--2,0.986369,high_consensus,浅红,0.989152,high_consensus,无,0.989028,high_consensus,无,0.988989,high_consensus,可见2排,0.989091,high_consensus,浅波纹状,0.988575,high_consensus,3--4,0.988456,high_consensus,2.4,1.0,high_consensus|score_additivity_consistent,2.2,1.0,high_consensus|score_additivity_consistent,0.9,1.0,high_consensus|score_additivity_consistent,5.5,1.0,high_consensus|score_additivity_consistent,中度异常,0.989052,high_consensus,0.952132,1
recovered_archive1/9,清晰,0.989143,high_consensus,>=7,0.987552,high_consensus,16,0.989088,high_consensus,21,0.989078,high_consensus,1.3,1.0,high_consensus|ratio_consistent,24,0.989149,high_consensus,364,0.98911,high_consensus,<=30%,0.987408,high_consensus,<=10%,0.988005,high_consensus,粒流,0.989187,high_consensus,,0.0,rapid_layout_missing_qwen_only|invalid_non_numeric_removed,0--1,0.977691,high_consensus,轻度,0.989158,high_consensus,1--30,0.988197,high_consensus,1--2,0.986358,high_consensus,暗红,0.989149,high_consensus,无,0.988909,high_consensus,无,0.988989,high_consensus,可见1排,0.989099,high_consensus,波纹状,0.988664,high_consensus,0--2,0.971051,high_consensus,3.6,1.0,high_consensus|score_additivity_consistent,3.4,1.0,high_consensus|score_additivity_consistent,0.1,1.0,high_consensus|score_additivity_consistent,7.1,1.0,high_consensus|score_additivity_consistent,中度异常,0.989056,high_consensus,0.951694,1
recovered_archive1/90,清晰,0.989173,high_consensus,>=7,0.987552,high_consensus,13,0.989117,high_consensus,14,0.988971,high_consensus,1.1,1.0,high_consensus|ratio_consistent,14,0.988999,high_consensus,578,0.988983,high_consensus,30--60%,0.988491,high_consensus,<=10%,0.988,high_consensus,粒线流,0.989117,high_consensus,,0.0,rapid_layout_missing_qwen_only|invalid_non_numeric_removed,0--1,0.977691,high_consensus,轻度,0.989158,high_consensus,1--30,0.987678,high_consensus,>2,0.985851,high_consensus,淡红,0.989167,high_consensus,+,0.984943,high_consensus,无,0.989078,high_consensus,">2排,扩张",0.986158,high_consensus,波纹状,0.988663,high_consensus,0--2,0.971051,high_consensus,2.2,1.0,high_consensus|score_additivity_consistent,5.4,1.0,high_consensus|score_additivity_consistent,2.5,1.0,high_consensus|score_additivity_consistent,10.1,1.0,high_consensus|score_additivity_consistent,重度异常,0.989046,high_consensus,0.951419,1
recovered_archive1/91,不清,0.989185,high_consensus,5--6,0.988172,high_consensus,10,0.989092,high_consensus,14,0.988971,high_consensus,1.4,1.0,high_consensus|ratio_consistent,19,0.989092,high_consensus,115,0.988833,high_consensus,<=30%,0.987408,high_consensus,<=10%,0.988005,high_consensus,粒流,0.989196,high_consensus,,0.0,missing,0--1,0.978384,high_consensus,中度,0.989188,high_consensus,1--30,0.987844,high_consensus,>2,0.985791,high_consensus,暗红,0.989135,high_consensus,++,0.948995,high_consensus,无,0.988812,high_consensus,">2排,扩张",0.986441,high_consensus,平坦,0.988967,high_consensus,,0.0,missing,1.3,1.0,high_consensus|score_additivity_consistent,7.0,1.0,high_consensus|score_additivity_consistent,5.0,1.0,high_consensus|score_additivity_consistent,13.3,1.0,high_consensus|score_additivity_consistent,重度异常,0.988949,high_consensus,0.91271,2
recovered_archive1/92,清晰,0.989173,high_consensus,>=7,0.987552,high_consensus,14,0.988961,high_consensus,18,0.989066,high_consensus,1.3,1.0,high_consensus|ratio_consistent,14,0.988999,high_consensus,236,0.989094,high_consensus,30--60%,0.988491,high_consensus,<=10%,0.988008,high_consensus,线粒流,0.989155,high_consensus,,0.0,rapid_layout_missing_qwen_only|invalid_non_numeric_removed,0--1,0.979821,high_consensus,无,0.9891,high_consensus,1--30,0.987844,high_consensus,无,0.989077,high_consensus,浅红,0.989152,high_consensus,无,0.989028,high_consensus,无,0.988989,high_consensus,可见2排,0.989076,high_consensus,波纹状,0.988666,high_consensus,0--2,0.971051,high_consensus,0.5,1.0,high_consensus|score_additivity_consistent,0.2,1.0,high_consensus|score_additivity_consistent,0.4,1.0,high_consensus|score_additivity_consistent,1.1,1.0,high_consensus|score_additivity_consistent,大致正常,0.989052,high_consensus,0.951898,1
recovered_archive1/93,清晰,0.989174,high_consensus,3--4,0.988382,high_consensus,7,0.988228,high_consensus,9,0.989067,high_consensus,1.3,1.0,high_consensus|ratio_consistent,10,0.98907,high_consensus,129,0.946802,high_consensus,30--60%,0.988519,high_consensus,,0.0,missing,线粒流,0.989161,high_consensus,,0.0,missing,0--1,0.978391,high_consensus,轻度,0.989156,high_consensus,1--30,0.98762,high_consensus,,0.0,missing,浅红,0.989163,high_consensus,无,0.989028,high_consensus,无,0.988867,high_consensus,不见,0.989188,high_consensus,浅波纹状,0.988543,high_consensus,0--2,0.973025,high_consensus,2.8,1.0,high_consensus|score_additivity_consistent,0.4,1.0,high_consensus|score_additivity_consistent,0.4,1.0,high_consensus|score_additivity_consistent,3.6,1.0,high_consensus|score_additivity_consistent,轻度异常,0.988824,high_consensus,0.874239,3
recovered_archive1/94,不清,0.989185,high_consensus,5--6,0.98799,high_consensus,9,0.989056,high_consensus,11,0.988936,high_consensus,1.2,1.0,high_consensus|ratio_consistent,22,0.989157,high_consensus,120,0.989066,high_consensus,<=30%,0.987408,high_consensus,,0.0,missing,粒线流,0.989146,high_consensus,,0.0,missing,0--1,0.979364,high_consensus,无,0.9891,high_consensus,>30,0.987557,high_consensus,无,0.989069,high_consensus,暗红,0.989059,high_consensus,无,0.988909,high_consensus,无,0.988989,high_consensus,不见,0.989188,high_consensus,浅波纹状,0.988543,high_consensus,0--2,0.971051,high_consensus,1.6,1.0,high_consensus|score_additivity_consistent,1.0,1.0,high_consensus|score_additivity_consistent,0.4,1.0,high_consensus|score_additivity_consistent,3.0,1.0,high_consensus|score_additivity_consistent,轻度异常,0.988824,high_consensus,0.913831,2
recovered_archive1/95,清晰,0.989173,high_consensus,>=7,1.0,high_consensus|rtf_semantic_support,7,0.988552,high_consensus,11,0.988938,high_consensus,1.6,1.0,high_consensus|ratio_consistent,22,0.989148,high_consensus,264,0.989067,high_consensus,<=30%,0.987408,high_consensus,<=10%,0.988,high_consensus,线粒流,0.989169,high_consensus,,0.0,missing,0--1,0.979821,high_consensus,无,0.9891,high_consensus,1--30,0.987678,high_consensus,无,0.989063,high_consensus,淡红,0.989146,high_consensus,无,0.989019,high_consensus,无,0.988989,high_consensus,不见,0.989188,high_consensus,浅波纹状,0.988543,high_consensus,0--2,0.971051,high_consensus,0.8,1.0,high_consensus|score_additivity_consistent,0.0,1.0,high_consensus|score_additivity_consistent,0.4,1.0,high_consensus|score_additivity_consistent,1.2,1.0,high_consensus|score_additivity_consistent,大致正常,0.989052,high_consensus,0.952312,1
recovered_archive1/96,清晰,0.989143,high_consensus,>=7,1.0,high_consensus|rtf_semantic_support,10,0.989095,high_consensus,14,0.989034,high_consensus,1.4,1.0,high_consensus|ratio_consistent,13,0.989096,high_consensus,300,0.98911,high_consensus,<=30%,0.987408,high_consensus,<=10%,0.988008,high_consensus,线流,0.989146,high_consensus,,0.0,rapid_layout_missing_qwen_only|invalid_non_numeric_removed,0--1,0.978699,high_consensus,无,0.9891,high_consensus,1--30,0.987844,high_consensus,无,0.989063,high_consensus,淡红,0.989146,high_consensus,无,0.989019,high_consensus,无,0.988989,high_consensus,不见,0.989188,high_consensus,浅波纹状,0.988543,high_consensus,0--2,0.974516,high_consensus,0.2,1.0,high_consensus|score_additivity_consistent,0.0,1.0,high_consensus|score_additivity_consistent,0.4,1.0,high_consensus|score_additivity_consistent,0.6,1.0,high_consensus|score_additivity_consistent,正常,0.98913,high_consensus,0.952434,1
recovered_archive1/97,清晰,0.989173,high_consensus,5--6,0.988163,high_consensus,5,0.989046,high_consensus,14,0.988951,high_consensus,2.8,1.0,high_consensus|ratio_consistent,25,0.989121,high_consensus,143,0.989102,high_consensus,<=30%,0.987408,high_consensus,<=10%,0.988008,high_consensus,,0.0,missing,,0.0,rapid_layout_missing_qwen_only|invalid_non_numeric_removed,0--1,0.977691,high_consensus,轻度,0.989158,high_consensus,1--30,0.988197,high_consensus,无,0.989068,high_consensus,暗红,0.989149,high_consensus,无,0.988909,high_consensus,无,0.988989,high_consensus,不见,0.989188,high_consensus,波纹状,0.988644,high_consensus,0--2,0.971051,high_consensus,2.8,1.0,high_consensus|score_additivity_consistent,0.6,1.0,high_consensus|score_additivity_consistent,0.0,1.0,high_consensus|score_additivity_consistent,3.4,1.0,high_consensus|score_additivity_consistent,轻度异常,0.988824,high_consensus,0.913763,2
recovered_archive1/98,清晰,0.989173,high_consensus,>=7,0.987552,high_consensus,24,0.989094,high_consensus,24,0.989156,high_consensus,1.0,1.0,high_consensus|ratio_consistent,44,0.988978,high_consensus,280,0.989043,high_consensus,<=30%,0.987408,high_consensus,10--30%,0.988271,high_consensus,,0.0,missing,,0.0,rapid_layout_missing_qwen_only|invalid_non_numeric_removed,0--1,0.978384,high_consensus,中度,0.98919,high_consensus,1--30,0.988197,high_consensus,无,0.989068,high_consensus,暗红,0.989135,high_consensus,+,0.984915,high_consensus,无,0.988991,high_consensus,不见,0.989188,high_consensus,波纹状,0.988644,high_consensus,0--2,0.971051,high_consensus,3.4,1.0,high_consensus|score_additivity_consistent,1.4,1.0,high_consensus|score_additivity_consistent,1.5,1.0,high_consensus|score_additivity_consistent,6.3,1.0,high_consensus|score_additivity_consistent,中度异常,0.989056,high_consensus,0.913634,2
recovered_archive1/99,不清,0.989189,high_consensus,>=7,0.987557,high_consensus,11,0.988975,high_consensus,13,0.989087,high_consensus,1.2,1.0,high_consensus|ratio_consistent,15,0.989076,high_consensus,76,0.989005,high_consensus,<=30%,0.987568,high_consensus,>60%,0.983328,high_consensus,粒流,0.989184,high_consensus,,0.0,missing,0--1,0.979793,high_consensus,重度,0.98906,high_consensus,1--30,0.988197,high_consensus,1--2,0.987194,high_consensus,暗红,0.989135,high_consensus,+++,0.946517,high_consensus,,0.0,missing,不见,0.96793,high_consensus,平坦,0.989031,high_consensus,0--2,0.971051,high_consensus,1.8,1.0,high_consensus|score_additivity_consistent,6.2,1.0,high_consensus|score_additivity_consistent,5.2,1.0,high_consensus|score_additivity_consistent,13.2,1.0,high_consensus|score_additivity_consistent,重度异常,0.989046,high_consensus,0.911151,2
recovered_archive2/101,清晰,0.989173,high_consensus,>=7,1.0,high_consensus|rtf_semantic_support,7,0.988552,high_consensus,12,0.989069,high_consensus,1.7,1.0,high_consensus|ratio_consistent,12,0.989087,high_consensus,164,0.989031,high_consensus,<=30%,0.987408,high_consensus,<=10%,0.988008,high_consensus,线粒流,0.989169,high_consensus,,0.0,missing,0--1,0.977691,high_consensus,轻度,0.989158,high_consensus,1--30,0.988197,high_consensus,无,0.989077,high_consensus,浅红,0.989152,high_consensus,无,0.989028,high_consensus,无,0.988989,high_consensus,不见,0.989188,high_consensus,浅波纹状,0.988543,high_consensus,0--2,0.971051,high_consensus,0.2,1.0,high_consensus|score_additivity_consistent,0.4,1.0,high_consensus|score_additivity_consistent,0.4,1.0,high_consensus|score_additivity_consistent,1.0,1.0,high_consensus|score_additivity_consistent,正常,0.98913,high_consensus,0.952258,1
recovered_archive2/102,清晰,0.989173,high_consensus,>=7,1.0,high_consensus|rtf_semantic_support,8,0.98892,high_consensus,9,0.989067,high_consensus,1.1,1.0,high_consensus|ratio_consistent,13,0.989096,high_consensus,465,0.989125,high_consensus,<=30%,0.987408,high_consensus,<=10%,0.988,high_consensus,粒线流,0.989041,high_consensus,,0.0,rapid_layout_missing_qwen_only|invalid_non_numeric_removed,0--1,0.979385,high_consensus,中度,0.989188,high_consensus,1--30,0.987844,high_consensus,无,0.989077,high_consensus,浅红,0.989153,high_consensus,+,0.984926,high_consensus,无,0.988991,high_consensus,不见,0.989188,high_consensus,浅波纹状,0.988543,high_consensus,0--2,0.2005,rapid_layout_missing_qwen_only,2.3,1.0,high_consensus|score_additivity_consistent,1.6,1.0,high_consensus|score_additivity_consistent,1.9,1.0,high_consensus|score_additivity_consistent,5.8,1.0,high_consensus|score_additivity_consistent,中度异常,0.988981,high_consensus,0.922523,2
recovered_archive2/103,不清,0.989185,high_consensus,5--6,0.988172,high_consensus,,0.0,rapid_layout_missing_qwen_only|invalid_non_numeric_removed,,0.0,rapid_layout_missing_qwen_only|invalid_non_numeric_removed,1.3,0.2005,rapid_layout_missing_qwen_only,,0.0,rapid_layout_missing_qwen_only|invalid_non_numeric_removed,,0.0,rapid_layout_missing_qwen_only|invalid_non_numeric_removed,<=30%,0.2005,rapid_layout_missing_qwen_only,>60%,0.985451,high_consensus,粒线流,0.989146,high_consensus,,0.0,rapid_layout_missing_qwen_only|invalid_non_numeric_removed,0--1,0.979385,high_consensus,中度,0.989188,high_consensus,1--30,0.988197,high_consensus,1--2,0.987027,high_consensus,暗红,0.989133,high_consensus,无,0.988909,high_consensus,无,0.988989,high_consensus,可见2排,0.989085,high_consensus,浅波纹状,0.988759,high_consensus,0--2,0.973025,high_consensus,2.2,1.0,high_consensus|score_additivity_consistent,3.8,1.0,high_consensus|score_additivity_consistent,0.8,1.0,high_consensus|score_additivity_consistent,6.8,1.0,high_consensus|score_additivity_consistent,中度异常,0.988981,high_consensus,0.738601,7
recovered_archive2/104,不清,0.989185,high_consensus,3--4,0.988451,high_consensus,20,0.989123,high_consensus,41,0.989024,high_consensus,2.0,1.0,high_consensus|ratio_consistent,60,0.989026,high_consensus,286,0.988903,high_consensus,<=30%,0.987408,high_consensus,<=10%,0.988005,high_consensus,粒流,0.989196,high_consensus,,0.0,missing,0--1,0.978384,high_consensus,中度,0.989188,high_consensus,1--30,0.988197,high_consensus,无,0.989077,high_consensus,浅红,0.989156,high_consensus,+,0.987177,high_consensus,1--2,0.98705,high_consensus,可见2排,0.989073,high_consensus,平坦,0.988997,high_consensus,,0.0,missing,5.4,1.0,high_consensus|score_additivity_consistent,2.0,1.0,high_consensus|score_additivity_consistent,4.3,1.0,high_consensus|score_additivity_consistent,11.7,1.0,high_consensus|score_additivity_consistent,重度异常,0.988949,high_consensus,0.914368,2
recovered_archive2/105,清晰,0.989173,high_consensus,5--6,0.839939,high_consensus|rtf_semantic_conflict,8,0.969118,high_consensus,13,0.969253,high_consensus,1.6,1.0,high_consensus|ratio_consistent,15,0.969276,high_consensus,204,0.969298,high_consensus,30--60%,0.988348,high_consensus,30--60%,0.988602,high_consensus,线粒流,0.989161,high_consensus,,0.0,missing,0--1,0.978391,high_consensus,轻度,0.989158,high_consensus,1--30,0.987678,high_consensus,无,0.989063,high_consensus,淡红,0.989167,high_consensus,+,0.984943,high_consensus,无,0.989078,high_consensus,">2排,扩张",0.986188,high_consensus,浅波纹状,0.988767,high_consensus,,0.0,missing,1.6,1.0,high_consensus|score_additivity_consistent,0.2,1.0,high_consensus|score_additivity_consistent,2.9,1.0,high_consensus|score_additivity_consistent,4.7,1.0,high_consensus|score_additivity_consistent,中度异常,0.988981,high_consensus,0.905522,2
recovered_archive2/106,清晰,0.989173,high_consensus,5--6,0.988163,high_consensus,10,0.989092,high_consensus,13,0.989087,high_consensus,1.3,1.0,high_consensus|ratio_consistent,15,0.989076,high_consensus,133,0.98902,high_consensus,30--60%,0.987965,high_consensus,30--60%,0.988602,high_consensus,粒线流,0.989129,high_consensus,,0.0,missing,0--1,0.979385,high_consensus,中度,0.989188,high_consensus,1--30,0.988197,high_consensus,无,0.989063,high_consensus,淡红,0.989167,high_consensus,+,0.984943,high_consensus,无,0.988991,high_consensus,可见2排,0.989076,high_consensus,波纹状,0.988666,high_consensus,0--2,0.971051,high_consensus,1.6,1.0,high_consensus|score_additivity_consistent,1.4,1.0,high_consensus|score_additivity_consistent,1.9,1.0,high_consensus|score_additivity_consistent,4.9,1.0,high_consensus|score_additivity_consistent,中度异常,0.989056,high_consensus,0.951773,1
recovered_archive2/107,清晰,0.989143,high_consensus,>=7,0.987552,high_consensus,10,0.989092,high_consensus,14,0.989034,high_consensus,1.4,1.0,high_consensus|ratio_consistent,21,0.989076,high_consensus,96,0.989123,high_consensus,<=30%,0.987408,high_consensus,<=10%,0.988008,high_consensus,线粒流,0.989169,high_consensus,,0.0,missing,0--1,0.977691,high_consensus,轻度,0.989158,high_consensus,1--30,0.988197,high_consensus,无,0.989077,high_consensus,浅红,0.989153,high_consensus,+,0.984926,high_consensus,无,0.988991,high_consensus,不见,0.989188,high_consensus,平坦,0.989028,high_consensus,0--2,0.976796,high_consensus,0.5,1.0,high_consensus|score_additivity_consistent,0.4,1.0,high_consensus|score_additivity_consistent,3.1,1.0,high_consensus|score_additivity_consistent,4.0,1.0,high_consensus|score_additivity_consistent,轻度异常,0.988824,high_consensus,0.95187,1
recovered_archive2/108,模糊,0.988327,high_consensus,>=7,0.986926,high_consensus,7,0.988502,high_consensus,10,0.989057,high_consensus,1.4,1.0,high_consensus|ratio_consistent,10,0.98907,high_consensus,269,0.989062,high_consensus,>80%,0.982023,high_consensus,<=10%,0.988005,high_consensus,粒流,0.989187,high_consensus,,0.0,missing,0--1,0.977691,high_consensus,轻度,0.989158,high_consensus,1--30,0.988197,high_consensus,无,0.989068,high_consensus,暗红,0.989167,high_consensus,+++,0.964561,high_consensus,无,0.988991,high_consensus,不见,0.989187,high_consensus,浅波纹状,0.988543,high_consensus,,0.0,missing,2.4,1.0,high_consensus|score_additivity_consistent,1.4,1.0,high_consensus|score_additivity_consistent,4.0,1.0,high_consensus|score_additivity_consistent,7.8,1.0,high_consensus|score_additivity_consistent,中度异常,0.988981,high_consensus,0.913219,2
recovered_archive2/109,清晰,0.989173,high_consensus,>=7,0.987552,high_consensus,13,0.989117,high_consensus,13,0.989087,high_consensus,1.0,1.0,high_consensus|ratio_consistent,19,0.989092,high_consensus,388,0.989105,high_consensus,<=30%,0.987408,high_consensus,<=10%,0.988005,high_consensus,粒流,0.989187,high_consensus,,0.0,rapid_layout_missing_qwen_only|invalid_non_numeric_removed,0--1,0.977691,high_consensus,轻度,0.989158,high_consensus,1--30,0.988072,high_consensus,>2,0.985283,high_consensus,暗红,0.989133,high_consensus,无,0.988909,high_consensus,无,0.989078,high_consensus,">2排,扩张",0.986158,high_consensus,波纹状,0.988663,high_consensus,0--2,0.971051,high_consensus,2.1,1.0,high_consensus|score_additivity_consistent,6.2,1.0,high_consensus|score_additivity_consistent,1.0,1.0,high_consensus|score_additivity_consistent,9.3,1.0,high_consensus|score_additivity_consistent,重度异常,0.989046,high_consensus,0.951537,1
recovered_archive2/110,不清,0.989185,high_consensus,5--6,0.988172,high_consensus,10,0.989092,high_consensus,13,0.989087,high_consensus,1.3,1.0,high_consensus|ratio_consistent,47,0.989122,high_consensus,186,0.98886,high_consensus,<=30%,0.987408,high_consensus,30--60%,0.988602,high_consensus,粒线流,0.989129,high_consensus,,0.0,missing,0--1,0.979793,high_consensus,重度,0.98906,high_consensus,1--30,0.988072,high_consensus,1--2,0.987194,high_consensus,暗红,0.989135,high_consensus,+,0.984915,high_consensus,无,0.988991,high_consensus,可见1排,0.98904,high_consensus,平坦,0.988927,high_consensus,0--2,0.970164,high_consensus,2.4,1.0,high_consensus|score_additivity_consistent,5.8,1.0,high_consensus|score_additivity_consistent,3.2,1.0,high_consensus|score_additivity_consistent,11.4,1.0,high_consensus|score_additivity_consistent,重度异常,0.989046,high_consensus,0.951654,1
recovered_archive2/111,不清,0.989189,high_consensus,>=7,1.0,high_consensus|rtf_semantic_support,10,0.989092,high_consensus,14,0.988971,high_consensus,1.4,1.0,high_consensus|ratio_consistent,19,0.989092,high_consensus,290,0.989121,high_consensus,<=30%,0.987413,high_consensus,<=10%,0.988,high_consensus,线粒流,0.989155,high_consensus,,0.0,missing,0--1,0.979821,high_consensus,无,0.9891,high_consensus,1--30,0.987844,high_consensus,无,0.989077,high_consensus,浅红,0.989152,high_consensus,无,0.989028,high_consensus,无,0.988989,high_consensus,可见2排,0.989091,high_consensus,浅波纹状,0.988575,high_consensus,0--2,0.971051,high_consensus,0.5,1.0,high_consensus|score_additivity_consistent,0.2,1.0,high_consensus|score_additivity_consistent,0.8,1.0,high_consensus|score_additivity_consistent,1.5,1.0,high_consensus|score_additivity_consistent,大致正常,0.989052,high_consensus,0.952339,1
recovered_archive2/112,清晰,0.989143,high_consensus,3--4,0.988421,high_consensus,67,0.989145,high_consensus,89,0.587996,engine_conflict|redundancy_corrected_from=68,1.3,1.0,high_consensus|ratio_consistent,82,0.98906,high_consensus,439,0.989135,high_consensus,30--60%,0.987965,high_consensus,30--60%,0.988591,high_consensus,全停,0.989141,high_consensus,,0.0,missing,0--1,0.978384,high_consensus,中度,0.989188,high_consensus,1--30,0.988197,high_consensus,无,0.989068,high_consensus,暗红,0.989052,high_consensus,+,0.984915,high_consensus,无,0.988991,high_consensus,不见,0.989188,high_consensus,浅波纹状,0.988543,high_consensus,0--2,0.971051,high_consensus,7.6,1.0,high_consensus|score_additivity_consistent,7.4,1.0,high_consensus|score_additivity_consistent,1.9,1.0,high_consensus|score_additivity_consistent,16.9,1.0,high_consensus|score_additivity_consistent,重度异常,0.989046,high_consensus,0.936316,1
recovered_archive2/113,模糊,0.987818,high_consensus,3--4,0.988421,high_consensus,12,0.96928,high_consensus,21,0.969281,high_consensus,1.8,1.0,high_consensus|ratio_consistent,19,0.969304,high_consensus,330,0.969321,high_consensus,<=30%,0.987408,high_consensus,>60%,0.983914,high_consensus,粒缓流,0.989178,high_consensus,,0.0,missing,0--1,0.97773,high_consensus,中度,0.989188,high_consensus,1--30,0.988197,high_consensus,无,0.989068,high_consensus,暗红,0.989149,high_consensus,无,0.988909,high_consensus,无,0.988989,high_consensus,不见,0.989188,high_consensus,平坦,0.989028,high_consensus,0--2,0.976796,high_consensus,3.7,1.0,high_consensus|score_additivity_consistent,3.0,1.0,high_consensus|score_additivity_consistent,1.6,1.0,high_consensus|score_additivity_consistent,8.3,0.2605,rapid_layout_missing_qwen_only|score_additivity_consistent,重度异常,0.989046,high_consensus,0.920374,2
recovered_archive2/114,不清,0.989185,high_consensus,5--6,0.988172,high_consensus,11,0.988975,high_consensus,18,0.989067,high_consensus,1.6,1.0,high_consensus|ratio_consistent,22,0.989157,high_consensus,104,0.989077,high_consensus,30--60%,0.987965,high_consensus,30--60%,0.988205,high_consensus,粒流,0.989192,high_consensus,,0.0,missing,0--1,0.981866,high_consensus,中度,0.989188,high_consensus,1--30,0.988072,high_consensus,1--2,0.987194,high_consensus,暗红,0.989135,high_consensus,+,0.987183,high_consensus,1--2,0.98705,high_consensus,可见2排,0.989076,high_consensus,平坦,0.988994,high_consensus,0--2,0.970164,high_consensus,2.3,1.0,high_consensus|score_additivity_consistent,4.2,1.0,high_consensus|score_additivity_consistent,4.3,1.0,high_consensus|score_additivity_consistent,10.8,1.0,high_consensus|score_additivity_consistent,重度异常,0.989046,high_consensus,0.951768,1
recovered_archive2/115,清晰,0.989173,high_consensus,>=7,0.987552,high_consensus,8,0.988626,high_consensus,19,0.989047,high_consensus,2.4,1.0,high_consensus|ratio_consistent,15,0.989076,high_consensus,221,0.989158,high_consensus,30--60%,0.987965,high_consensus,30--60%,0.988602,high_consensus,粒线流,0.989129,high_consensus,,0.0,rapid_layout_missing_qwen_only|invalid_non_numeric_removed,0--1,0.979385,high_consensus,中度,0.989188,high_consensus,1--30,0.988197,high_consensus,无,0.989068,high_consensus,暗红,0.989135,high_consensus,++,0.94482,high_consensus,无,0.988991,high_consensus,可见1排,0.989071,high_consensus,浅波纹状,0.988571,high_consensus,0--2,0.971051,high_consensus,0.9,1.0,high_consensus|score_additivity_consistent,1.8,1.0,high_consensus|score_additivity_consistent,2.9,1.0,high_consensus|score_additivity_consistent,5.6,1.0,high_consensus|score_additivity_consistent,中度异常,0.989056,high_consensus,0.950187,1
recovered_archive2/116,不清,0.989189,high_consensus,>=7,0.987557,high_consensus,7,0.988552,high_consensus,10,0.989057,high_consensus,1.4,1.0,high_consensus|ratio_consistent,14,0.98904,high_consensus,319,0.989081,high_consensus,<=30%,0.987408,high_consensus,>60%,0.983487,high_consensus,粒线流,0.98913,high_consensus,,0.0,missing,0--1,0.977691,high_consensus,轻度,0.989158,high_consensus,1--30,0.988197,high_consensus,无,0.989077,high_consensus,浅红,0.989153,high_consensus,++,0.2005,rapid_layout_missing_qwen_only,无,0.988991,high_consensus,不见,0.989188,high_consensus,浅波纹状,0.988543,high_consensus,0--2,0.971051,high_consensus,2.1,1.0,high_consensus|score_additivity_consistent,0.8,1.0,high_consensus|score_additivity_consistent,2.8,1.0,high_consensus|score_additivity_consistent,5.7,1.0,high_consensus|score_additivity_consistent,中度异常,0.988981,high_consensus,0.92127,2
recovered_archive2/117,清晰,0.989173,high_consensus,5--6,0.988163,high_consensus,13,0.989098,high_consensus,20,0.989134,high_consensus,1.5,1.0,high_consensus|ratio_consistent,18,0.98906,high_consensus,121,0.989041,high_consensus,30--60%,0.988348,high_consensus,<=10%,0.988008,high_consensus,,0.0,missing,,0.0,rapid_layout_missing_qwen_only|invalid_non_numeric_removed,0--1,0.979821,high_consensus,无,0.98907,high_consensus,1--30,0.988674,high_consensus,无,0.989106,high_consensus,,0.0,missing,无,0.989136,high_consensus,无,0.988867,high_consensus,不见,0.989187,high_consensus,波纹状,0.988644,high_consensus,0--2,0.971051,high_consensus,1.6,1.0,high_consensus|score_additivity_consistent,0.0,1.0,high_consensus|score_additivity_consistent,0.0,1.0,high_consensus|score_additivity_consistent,1.6,1.0,high_consensus|score_additivity_consistent,大致正常,0.989052,high_consensus,0.875871,3
recovered_archive2/118,清晰,0.989143,high_consensus,>=7,0.987552,high_consensus,14,0.989042,high_consensus,14,0.989032,high_consensus,1.0,1.0,high_consensus|ratio_consistent,22,0.989148,high_consensus,361,0.989117,high_consensus,<=30%,0.987408,high_consensus,>60%,0.983914,high_consensus,粒线流,0.988995,high_consensus,,0.0,missing,0--1,0.977691,high_consensus,轻度,0.989158,high_consensus,1--30,0.988072,high_consensus,无,0.989068,high_consensus,暗红,0.989149,high_consensus,无,0.98891,high_consensus,1--2,0.987543,high_consensus,不见,0.989188,high_consensus,波纹状,0.988644,high_consensus,0--2,0.971051,high_consensus,3.8,0.2605,rapid_layout_missing_qwen_only|score_additivity_consistent,1.0,1.0,high_consensus|score_additivity_consistent,0.8,0.696024,engine_conflict|score_additivity_consistent,5.6,1.0,high_consensus|score_additivity_consistent,中度异常,0.989056,high_consensus,0.911439,2
recovered_archive2/119,不清,0.989189,high_consensus,>=7,0.987557,high_consensus,13,0.989117,high_consensus,13,0.2005,rapid_layout_missing_qwen_only,1.0,0.190275,missing|derived_from_diameters_replacing=None|ratio_consistent,53,0.2005,rapid_layout_missing_qwen_only,53,0.989126,high_consensus,<=30%,0.2005,rapid_layout_missing_qwen_only,<=10%,0.2005,rapid_layout_missing_qwen_only,线粒流,0.989161,high_consensus,,0.0,rapid_layout_missing_qwen_only|invalid_non_numeric_removed,0--1,0.979821,high_consensus,无,0.989031,high_consensus,1--30,0.987844,high_consensus,无,0.989068,high_consensus,暗红,0.989135,high_consensus,+,0.984915,high_consensus,无,0.988991,high_consensus,不见,0.989187,high_consensus,波纹状,0.988644,high_consensus,0--2,0.971051,high_consensus,0.6,1.0,high_consensus|score_additivity_consistent,0.4,1.0,high_consensus|score_additivity_consistent,1.5,1.0,high_consensus|score_additivity_consistent,2.5,1.0,high_consensus|score_additivity_consistent,轻度异常,0.988824,high_consensus,0.799344,6
recovered_archive2/120,不清,0.989189,high_consensus,>=7,1.0,high_consensus|rtf_semantic_support,6,0.988928,high_consensus,10,0.989084,high_consensus,1.7,1.0,high_consensus|ratio_consistent,6,0.988892,high_consensus,293,0.989141,high_consensus,60--80%,0.988274,high_consensus,10--30%,0.988271,high_consensus,线粒流,0.989161,high_consensus,,0.0,missing,0--1,0.979821,high_consensus,无,0.9891,high_consensus,1--30,0.987844,high_consensus,无,0.989077,high_consensus,浅红,0.989153,high_consensus,+,0.984926,high_consensus,无,0.988991,high_consensus,可见1排,0.989099,high_consensus,波纹状,0.988664,high_consensus,0--2,0.971051,high_consensus,2.3,1.0,high_consensus|score_additivity_consistent,0.2,1.0,high_consensus|score_additivity_consistent,1.6,1.0,high_consensus|score_additivity_consistent,4.1,1.0,high_consensus|score_additivity_consistent,中度异常,0.989056,high_consensus,0.95222,1
recovered_archive2/121,不清,0.989189,high_consensus,>=7,0.987557,high_consensus,8,0.988718,high_consensus,11,0.988904,high_consensus,1.4,1.0,high_consensus|ratio_consistent,17,0.98912,high_consensus,388,0.989105,high_consensus,60--80%,0.988274,high_consensus,<=10%,0.988,high_consensus,粒线流,0.988996,high_consensus,,0.0,missing,0--1,0.977691,high_consensus,轻度,0.989158,high_consensus,1--30,0.988197,high_consensus,无,0.989068,high_consensus,暗红,0.989135,high_consensus,+,0.984915,high_consensus,无,0.988991,high_consensus,可见1排,0.989099,high_consensus,平坦,0.988927,high_consensus,0--2,0.970164,high_consensus,2.8,1.0,high_consensus|score_additivity_consistent,1.0,1.0,high_consensus|score_additivity_consistent,3.2,1.0,high_consensus|score_additivity_consistent,7.0,1.0,high_consensus|score_additivity_consistent,中度异常,0.989056,high_consensus,0.951626,1
recovered_archive2/122,清晰,0.989173,high_consensus,>=7,0.987552,high_consensus,14,0.98903,high_consensus,11,0.988967,high_consensus,0.8,1.0,high_consensus|ratio_consistent,21,0.989088,high_consensus,427,0.989097,high_consensus,30--60%,0.987856,high_consensus,<=10%,0.988008,high_consensus,线粒流,0.989155,high_consensus,,0.0,rapid_layout_missing_qwen_only|invalid_non_numeric_removed,0--1,0.978391,high_consensus,轻度,0.989158,high_consensus,1--30,0.988197,high_consensus,无,0.989077,high_consensus,浅红,0.989152,high_consensus,无,0.989028,high_consensus,无,0.988989,high_consensus,不见,0.989188,high_consensus,浅波纹状,0.988543,high_consensus,0--2,0.2005,rapid_layout_missing_qwen_only,2.5,1.0,high_consensus|score_additivity_consistent,0.4,1.0,high_consensus|score_additivity_consistent,0.4,1.0,high_consensus|score_additivity_consistent,3.3,1.0,high_consensus|score_additivity_consistent,轻度异常,0.988824,high_consensus,0.922191,2
recovered_archive2/123,清晰,0.989173,high_consensus,5--6,0.988163,high_consensus,8,0.969118,high_consensus,17,0.969245,high_consensus,2.1,1.0,high_consensus|ratio_consistent,13,0.969296,high_consensus,131,0.969176,high_consensus,60--80%,0.988227,high_consensus,,0.0,missing,粒流,0.989196,high_consensus,,0.0,missing,0--1,0.978391,high_consensus,轻度,0.989156,high_consensus,1--30,0.988197,high_consensus,1--2,0.986515,high_consensus,浅红,0.989163,high_consensus,无,0.989028,high_consensus,无,0.988838,high_consensus,">2排,扩张",0.986346,high_consensus,平坦,0.988898,high_consensus,0--2,0.971051,high_consensus,1.6,1.0,high_consensus|score_additivity_consistent,3.2,1.0,high_consensus|score_additivity_consistent,2.6,1.0,high_consensus|score_additivity_consistent,7.4,1.0,high_consensus|score_additivity_consistent,中度异常,0.988981,high_consensus,0.910622,2
recovered_archive2/124,清晰,0.989173,high_consensus,>=7,1.0,high_consensus|rtf_semantic_support,8,0.988718,high_consensus,11,0.988904,high_consensus,1.4,1.0,high_consensus|ratio_consistent,13,0.989096,high_consensus,271,0.988967,high_consensus,<=30%,0.987413,high_consensus,<=10%,0.988,high_consensus,线粒流,0.989155,high_consensus,,0.0,rapid_layout_missing_qwen_only|invalid_non_numeric_removed,0--1,0.979821,high_consensus,无,0.9891,high_consensus,1--30,0.987844,high_consensus,无,0.989077,high_consensus,浅红,0.989152,high_consensus,无,0.989028,high_consensus,无,0.989078,high_consensus,">2排,扩张",0.986441,high_consensus,浅波纹状,0.988767,high_consensus,0--2,0.971051,high_consensus,0.4,1.0,high_consensus|score_additivity_consistent,0.2,1.0,high_consensus|score_additivity_consistent,1.4,1.0,high_consensus|score_additivity_consistent,2.0,1.0,high_consensus|score_additivity_consistent,大致正常,0.989052,high_consensus,0.952225,1
recovered_archive2/125,清晰,0.989173,high_consensus,5--6,0.988163,high_consensus,10,0.989092,high_consensus,15,0.989059,high_consensus,1.5,1.0,high_consensus|ratio_consistent,18,0.98906,high_consensus,311,0.98909,high_consensus,30--60%,0.987965,high_consensus,30--60%,0.988602,high_consensus,粒缓流,0.989195,high_consensus,,0.0,missing,0--1,0.979385,high_consensus,中度,0.989188,high_consensus,1--30,0.988072,high_consensus,1--2,0.986369,high_consensus,浅红,0.989164,high_consensus,无,0.989028,high_consensus,无,0.988989,high_consensus,可见1排,0.989099,high_consensus,浅波纹状,0.988571,high_consensus,0--2,0.971051,high_consensus,1.8,1.0,high_consensus|score_additivity_consistent,4.8,1.0,high_consensus|score_additivity_consistent,0.5,1.0,high_consensus|score_additivity_consistent,7.1,1.0,high_consensus|score_additivity_consistent,中度异常,0.989052,high_consensus,0.951822,1
recovered_archive2/126,不清,0.989189,high_consensus,>=7,0.987557,high_consensus,8,0.988718,high_consensus,11,0.988904,high_consensus,1.4,1.0,high_consensus|ratio_consistent,12,0.989087,high_consensus,207,0.988981,high_consensus,30--60%,0.988491,high_consensus,<=10%,0.988008,high_consensus,线粒流,0.989155,high_consensus,,0.0,missing,0--1,0.979821,high_consensus,无,0.9891,high_consensus,1--30,0.987844,high_consensus,无,0.989077,high_consensus,浅红,0.989153,high_consensus,+,0.984926,high_consensus,无,0.988991,high_consensus,不见,0.989188,high_consensus,浅波纹状,0.988543,high_consensus,0--2,0.971051,high_consensus,0.6,1.0,high_consensus|score_additivity_consistent,0.2,1.0,high_consensus|score_additivity_consistent,1.9,1.0,high_consensus|score_additivity_consistent,2.7,1.0,high_consensus|score_additivity_consistent,轻度异常,0.988823,high_consensus,0.951716,1
recovered_archive2/127,清晰,0.989173,high_consensus,>=7,0.987552,high_consensus,12,0.98908,high_consensus,13,0.989087,high_consensus,1.1,1.0,high_consensus|ratio_consistent,13,0.989096,high_consensus,165,0.989032,high_consensus,<=30%,0.987408,high_consensus,<=10%,0.988008,high_consensus,线粒流,0.989155,high_consensus,,0.0,rapid_layout_missing_qwen_only|invalid_non_numeric_removed,0--1,0.978364,high_consensus,,0.0,missing,1--30,0.843235,single_engine,无,0.989106,high_consensus,淡红,0.2005,rapid_layout_missing_qwen_only,无,0.989136,high_consensus,无,0.988867,high_consensus,不见,0.989187,high_consensus,平坦,0.989031,high_consensus,0--2,0.971051,high_consensus,0.0,1.0,high_consensus|score_additivity_consistent,0.0,1.0,high_consensus|score_additivity_consistent,1.6,1.0,high_consensus|score_additivity_consistent,1.6,1.0,high_consensus|score_additivity_consistent,大致正常,0.989052,high_consensus,0.877889,3
recovered_archive2/128,不清,0.989185,high_consensus,5--6,0.988172,high_consensus,,0.0,rapid_layout_missing_qwen_only|invalid_non_numeric_removed,,0.0,rapid_layout_missing_qwen_only|invalid_non_numeric_removed,,0.0,missing,46,0.957428,high_consensus,316,0.957388,high_consensus,<=30%,0.987869,high_consensus,>60%,0.983328,high_consensus,粒流,0.989184,high_consensus,,0.0,missing,0--1,0.978384,high_consensus,中度,0.989188,high_consensus,1--30,0.987678,high_consensus,无,0.989068,high_consensus,暗红,0.989135,high_consensus,+,0.984915,high_consensus,无,0.988991,high_consensus,可见2排,0.989076,high_consensus,平坦,0.988994,high_consensus,0--2,0.970164,high_consensus,3.6,1.0,high_consensus|score_additivity_consistent,2.2,1.0,high_consensus|score_additivity_consistent,3.5,1.0,high_consensus|score_additivity_consistent,9.3,1.0,high_consensus|score_additivity_consistent,重度异常,0.989018,high_consensus,0.834506,4
recovered_archive2/129,清晰,0.989173,high_consensus,>=7,0.987552,high_consensus,10,0.989092,high_consensus,17,0.989087,high_consensus,1.7,1.0,high_consensus|ratio_consistent,13,0.989096,high_consensus,228,0.989123,high_consensus,>80%,0.97573,high_consensus,<=10%,0.988005,high_consensus,粒流,0.989187,high_consensus,,0.0,missing,0--1,0.97773,high_consensus,中度,0.989188,high_consensus,1--30,0.988197,high_consensus,无,0.989063,high_consensus,淡红,0.989174,high_consensus,无,0.989019,high_consensus,1--2,0.987041,high_consensus,可见2排,0.989076,high_consensus,浅波纹状,0.988575,high_consensus,0--2,0.971051,high_consensus,1.2,1.0,high_consensus|score_additivity_consistent,1.8,1.0,high_consensus|score_additivity_consistent,1.6,1.0,high_consensus|score_additivity_consistent,4.6,1.0,high_consensus|score_additivity_consistent,中度异常,0.989056,high_consensus,0.951277,1
recovered_archive2/130,清晰,0.989173,high_consensus,>=7,0.987552,high_consensus,13,0.989117,high_consensus,19,0.989039,high_consensus,1.5,1.0,high_consensus|ratio_consistent,26,0.989133,high_consensus,166,0.988995,high_consensus,<=30%,0.987408,high_consensus,<=10%,0.988005,high_consensus,粒流,0.989187,high_consensus,,0.0,rapid_layout_missing_qwen_only|invalid_non_numeric_removed,0--1,0.978665,high_consensus,重度,0.9891,high_consensus,1--30,0.988072,high_consensus,>2,0.985791,high_consensus,暗红,0.989167,high_consensus,+,0.984915,high_consensus,无,0.989078,high_consensus,">2排,扩张",0.986346,high_consensus,平坦,0.988898,high_consensus,0--2,0.971051,high_consensus,1.1,1.0,high_consensus|score_additivity_consistent,9.0,1.0,high_consensus|score_additivity_consistent,4.1,1.0,high_consensus|score_additivity_consistent,14.2,1.0,high_consensus|score_additivity_consistent,重度异常,0.989019,high_consensus,0.95145,1
recovered_archive2/131,模糊,0.987824,high_consensus,>=7,0.987513,high_consensus,19,0.989074,high_consensus,20,0.989135,high_consensus,1.1,1.0,high_consensus|ratio_consistent,17,0.98912,high_consensus,130,0.989062,high_consensus,30--60%,0.987856,high_consensus,<=10%,0.988005,high_consensus,粒流,0.989179,high_consensus,,0.0,rapid_layout_missing_qwen_only|invalid_non_numeric_removed,0--1,0.97773,high_consensus,中度,0.989188,high_consensus,1--30,0.988197,high_consensus,无,0.989077,high_consensus,浅红,0.989153,high_consensus,++,0.2005,rapid_layout_missing_qwen_only,无,0.988991,high_consensus,不见,0.989187,high_consensus,平坦,0.989028,high_consensus,0--2,0.976796,high_consensus,2.6,1.0,high_consensus|score_additivity_consistent,2.0,1.0,high_consensus|score_additivity_consistent,4.0,1.0,high_consensus|score_additivity_consistent,8.6,1.0,high_consensus|score_additivity_consistent,重度异常,0.989019,high_consensus,0.921678,2
recovered_archive2/132,清晰,0.989143,high_consensus,>=7,0.987552,high_consensus,13,0.989117,high_consensus,18,0.989067,high_consensus,1.4,1.0,high_consensus|ratio_consistent,25,0.989121,high_consensus,296,0.989139,high_consensus,<=30%,0.987413,high_consensus,<=10%,0.988005,high_consensus,粒流,0.989187,high_consensus,,0.0,missing,0--1,0.97773,high_consensus,中度,0.989188,high_consensus,1--30,0.988197,high_consensus,1--2,0.986539,high_consensus,暗红,0.989135,high_consensus,++,0.94482,high_consensus,无,0.988991,high_consensus,可见2排,0.989076,high_consensus,平坦,0.988994,high_consensus,0--2,0.976796,high_consensus,1.3,1.0,high_consensus|score_additivity_consistent,4.2,1.0,high_consensus|score_additivity_consistent,4.4,1.0,high_consensus|score_additivity_consistent,9.9,1.0,high_consensus|score_additivity_consistent,重度异常,0.989046,high_consensus,0.950241,1
recovered_archive2/134,清晰,0.989173,high_consensus,>=7,1.0,high_consensus|rtf_semantic_support,11,0.988975,high_consensus,14,0.98897,high_consensus,1.3,1.0,high_consensus|ratio_consistent,14,0.989025,high_consensus,198,0.989119,high_consensus,<=30%,0.987408,high_consensus,10--30%,0.988264,high_consensus,线流,0.989166,high_consensus,,0.0,rapid_layout_missing_qwen_only|invalid_non_numeric_removed,0--1,0.979821,high_consensus,无,0.9891,high_consensus,1--30,0.987844,high_consensus,无,0.989063,high_consensus,淡红,0.989146,high_consensus,无,0.989019,high_consensus,无,0.988989,high_consensus,可见2排,0.989091,high_consensus,浅波纹状,0.988575,high_consensus,0--2,0.971051,high_consensus,0.2,1.0,high_consensus|score_additivity_consistent,0.0,1.0,high_consensus|score_additivity_consistent,0.8,1.0,high_consensus|score_additivity_consistent,1.0,1.0,high_consensus|score_additivity_consistent,正常,0.98913,high_consensus,0.952343,1
recovered_archive2/135,不清,0.989185,high_consensus,5--6,0.988172,high_consensus,11,0.988975,high_consensus,13,0.989087,high_consensus,1.2,1.0,high_consensus|ratio_consistent,21,0.989088,high_consensus,145,0.989064,high_consensus,30--60%,0.987852,high_consensus,<=10%,0.988,high_consensus,粒缓流,0.989193,high_consensus,,0.0,missing,0--1,0.97773,high_consensus,中度,0.989188,high_consensus,1--30,0.988197,high_consensus,无,0.989068,high_consensus,暗红,0.989135,high_consensus,+,0.987183,high_consensus,1--2,0.98705,high_consensus,可见1排,0.989099,high_consensus,平坦,0.988927,high_consensus,0--2,0.971051,high_consensus,1.5,1.0,high_consensus|score_additivity_consistent,3.0,1.0,high_consensus|score_additivity_consistent,4.0,1.0,high_consensus|score_additivity_consistent,8.5,1.0,high_consensus|score_additivity_consistent,重度异常,0.989046,high_consensus,0.951704,1
recovered_archive2/136,不清,0.989189,high_consensus,>=7,0.987557,high_consensus,18,0.989083,high_consensus,15,0.989058,high_consensus,0.8,1.0,high_consensus|ratio_consistent,17,0.98912,high_consensus,292,0.98911,high_consensus,<=30%,0.987413,high_consensus,<=10%,0.988005,high_consensus,粒线流,0.989117,high_consensus,,0.0,missing,0--1,0.978384,high_consensus,中度,0.989188,high_consensus,1--30,0.987678,high_consensus,>2,0.985613,high_consensus,,0.0,missing,+,0.646011,engine_conflict,无,0.988759,high_consensus,可见2排,0.989073,high_consensus,波纹状,0.988666,high_consensus,0--2,0.971051,high_consensus,1.6,1.0,high_consensus|score_additivity_consistent,6.2,1.0,high_consensus|score_additivity_consistent,1.9,1.0,high_consensus|score_additivity_consistent,9.7,1.0,high_consensus|score_additivity_consistent,重度异常,0.989046,high_consensus,0.900428,2
recovered_archive2/137,不清,0.989176,high_consensus,,0.0,missing,,0.0,missing,,0.0,missing,,0.0,missing,,0.0,missing,,0.0,missing,,0.0,missing,,0.0,missing,,0.0,missing,,0.0,missing,,0.0,missing,,0.0,missing,,0.0,missing,,0.0,missing,,0.0,missing,,0.0,missing,,0.0,missing,,0.0,missing,,0.0,missing,,0.0,missing,,0.0,missing,,0.0,missing,,0.0,missing,,0.0,missing,,0.0,missing,0.038045,25
recovered_archive2/138,不清,0.989185,high_consensus,5--6,0.988172,high_consensus,14,0.989009,high_consensus,32,0.989135,high_consensus,2.3,1.0,high_consensus|ratio_consistent,27,0.989103,high_consensus,311,0.989089,high_consensus,<=30%,0.987408,high_consensus,<=10%,0.988005,high_consensus,粒缓流,0.989193,high_consensus,,0.0,missing,0--1,0.977682,high_consensus,中度,0.989188,high_consensus,1--30,0.988197,high_consensus,无,0.955254,high_consensus,暗红,0.989135,high_consensus,++,0.947325,high_consensus,1--2,0.987362,high_consensus,">2排,扩张",0.986028,high_consensus,平坦,0.988898,high_consensus,0--2,0.971051,high_consensus,3.4,1.0,high_consensus|score_additivity_consistent,3.0,1.0,high_consensus|score_additivity_consistent,5.8,1.0,high_consensus|score_additivity_consistent,12.2,1.0,high_consensus|score_additivity_consistent,重度异常,0.989046,high_consensus,0.948749,1
recovered_archive2/139,不清,0.989185,high_consensus,5--6,0.988172,high_consensus,13,0.989108,high_consensus,14,0.988971,high_consensus,1.1,1.0,high_consensus|ratio_consistent,11,0.988987,high_consensus,306,0.989109,high_consensus,<=30%,0.987408,high_consensus,10--30%,0.988264,high_consensus,粒流,0.989197,high_consensus,,0.0,missing,0--1,0.981866,high_consensus,中度,0.989188,high_consensus,1--30,0.988072,high_consensus,1--2,0.987194,high_consensus,暗红,0.989135,high_consensus,+,0.984915,high_consensus,无,0.988991,high_consensus,可见2排,0.989085,high_consensus,浅波纹状,0.988575,high_consensus,0--2,0.971051,high_consensus,1.7,1.0,high_consensus|score_additivity_consistent,4.2,1.0,high_consensus|score_additivity_consistent,2.3,1.0,high_consensus|score_additivity_consistent,8.2,1.0,high_consensus|score_additivity_consistent,重度异常,0.989046,high_consensus,0.951751,1
recovered_archive2/140,清晰,0.989173,high_consensus,>=7,0.987552,high_consensus,17,0.989112,high_consensus,24,0.989133,high_consensus,1.4,1.0,high_consensus|ratio_consistent,25,0.989112,high_consensus,347,0.989101,high_consensus,<=30%,0.987408,high_consensus,10--30%,0.988264,high_consensus,粒流,0.989197,high_consensus,,0.0,rapid_layout_missing_qwen_only|invalid_non_numeric_removed,0--1,0.979385,high_consensus,中度,0.989188,high_consensus,1--30,0.987678,high_consensus,无,0.989068,high_consensus,暗红,0.989135,high_consensus,+,0.984915,high_consensus,无,0.98882,high_consensus,">2排,扩张",0.986015,high_consensus,,0.0,missing,0--2,0.973444,high_consensus,3.2,1.0,high_consensus|score_additivity_consistent,2.2,1.0,high_consensus|score_additivity_consistent,2.5,0.2605,rapid_layout_missing_qwen_only|score_additivity_consistent,7.9,1.0,high_consensus|score_additivity_consistent,中度异常,0.988979,high_consensus,0.885199,3
recovered_archive2/141,清晰,0.989172,high_consensus,5--6,0.988163,high_consensus,15,0.989093,high_consensus,26,0.989143,high_consensus,1.7,1.0,high_consensus|ratio_consistent,19,0.989092,high_consensus,446,0.989119,high_consensus,30--60%,0.987852,high_consensus,<=10%,0.988008,high_consensus,线粒流,0.989155,high_consensus,,0.0,missing,0--1,0.978391,high_consensus,轻度,0.989158,high_consensus,1--30,0.988197,high_consensus,无,0.989077,high_consensus,浅红,0.989152,high_consensus,无,0.989028,high_consensus,无,0.988989,high_consensus,可见1排,0.989099,high_consensus,浅波纹状,0.988571,high_consensus,,0.0,missing,4.1,1.0,high_consensus|score_additivity_consistent,0.4,1.0,high_consensus|score_additivity_consistent,0.5,1.0,high_consensus|score_additivity_consistent,5.0,1.0,high_consensus|score_additivity_consistent,中度异常,0.955185,high_consensus,0.913217,2
recovered_archive2/142,不清,0.989189,high_consensus,>=7,0.987557,high_consensus,13,0.989117,high_consensus,10,0.989084,high_consensus,0.8,1.0,high_consensus|ratio_consistent,19,0.989092,high_consensus,148,0.989092,high_consensus,30--60%,0.987981,high_consensus,<=10%,0.988005,high_consensus,粒流,0.989192,high_consensus,,0.0,missing,0--1,0.979385,high_consensus,中度,0.989188,high_consensus,1--30,0.988197,high_consensus,1--2,0.987194,high_consensus,暗红,0.989135,high_consensus,+,0.984915,high_consensus,无,0.98882,high_consensus,">2排,扩张",0.986441,high_consensus,平坦,0.988967,high_consensus,,0.0,missing,0.8,1.0,high_consensus|score_additivity_consistent,4.2,1.0,high_consensus|score_additivity_consistent,4.1,0.2605,rapid_layout_missing_qwen_only|score_additivity_consistent,9.1,1.0,high_consensus|score_additivity_consistent,重度异常,0.988946,high_consensus,0.885769,3
recovered_archive2/143,清晰,0.989143,high_consensus,>=7,0.987552,high_consensus,7,0.988502,high_consensus,8,0.988303,high_consensus,1.1,1.0,high_consensus|ratio_consistent,10,0.98907,high_consensus,256,0.989127,high_consensus,<=30%,0.987408,high_consensus,<=10%,0.988005,high_consensus,粒线流,0.988996,high_consensus,,0.0,missing,0--1,0.977691,high_consensus,轻度,0.989158,high_consensus,1--30,0.988197,high_consensus,无,0.989077,high_consensus,浅红,0.989152,high_consensus,无,0.989028,high_consensus,无,0.988989,high_consensus,可见2排,0.989091,high_consensus,浅波纹状,0.988575,high_consensus,0--2,0.971051,high_consensus,0.9,1.0,high_consensus|score_additivity_consistent,0.8,1.0,high_consensus|score_additivity_consistent,0.8,1.0,high_consensus|score_additivity_consistent,2.5,1.0,high_consensus|score_additivity_consistent,轻度异常,0.988824,high_consensus,0.951728,1
recovered_archive2/144,清晰,0.989173,high_consensus,>=7,0.987552,high_consensus,11,0.988975,high_consensus,17,0.989087,high_consensus,1.5,1.0,high_consensus|ratio_consistent,19,0.989092,high_consensus,499,0.989159,high_consensus,<=30%,0.987408,high_consensus,<=10%,0.988005,high_consensus,粒缓流,0.989193,high_consensus,,0.0,missing,0--1,0.978384,high_consensus,中度,0.989188,high_consensus,1--30,0.987844,high_consensus,无,0.989133,high_consensus,,0.0,missing,无,0.989136,high_consensus,无,0.988867,high_consensus,不见,0.989188,high_consensus,浅波纹状,0.988543,high_consensus,0--2,0.971051,high_consensus,2.1,1.0,high_consensus|score_additivity_consistent,2.6,1.0,high_consensus|score_additivity_consistent,0.4,1.0,high_consensus|score_additivity_consistent,5.1,1.0,high_consensus|score_additivity_consistent,中度异常,0.988979,high_consensus,0.913768,2
recovered_archive2/145,清晰,0.989173,high_consensus,>=7,0.987552,high_consensus,11,0.988975,high_consensus,24,0.989121,high_consensus,2.2,1.0,high_consensus|ratio_consistent,20,0.989116,high_consensus,315,0.989019,high_consensus,60--80%,0.988274,high_consensus,<=10%,0.988,high_consensus,粒线流,0.988996,high_consensus,,0.0,missing,0--1,0.977492,high_consensus,中度,0.989188,high_consensus,1--30,0.988197,high_consensus,无,0.989077,high_consensus,浅红,0.989152,high_consensus,无,0.989028,high_consensus,无,0.988989,high_consensus,可见2排,0.989076,high_consensus,波纹状,0.988666,high_consensus,0--2,0.971051,high_consensus,1.7,1.0,high_consensus|score_additivity_consistent,1.6,1.0,high_consensus|score_additivity_consistent,0.4,1.0,high_consensus|score_additivity_consistent,3.7,1.0,high_consensus|score_additivity_consistent,轻度异常,0.988824,high_consensus,0.951806,1
recovered_archive2/146,清晰,0.989173,high_consensus,>=7,0.987552,high_consensus,11,0.988975,high_consensus,10,0.989084,high_consensus,0.9,1.0,high_consensus|ratio_consistent,21,0.989088,high_consensus,349,0.989135,high_consensus,<=30%,0.987408,high_consensus,<=10%,0.988005,high_consensus,粒线流,0.989117,high_consensus,,0.0,rapid_layout_missing_qwen_only|invalid_non_numeric_removed,0--1,0.978384,high_consensus,中度,0.989188,high_consensus,1--30,0.987844,high_consensus,1--2,0.987131,high_consensus,,0.0,missing,无,0.989136,high_consensus,无,0.988867,high_consensus,不见,0.989188,high_consensus,浅波纹状,0.988543,high_consensus,0--2,0.971051,high_consensus,0.6,1.0,high_consensus|score_additivity_consistent,3.4,1.0,high_consensus|score_additivity_consistent,0.4,1.0,high_consensus|score_additivity_consistent,4.4,1.0,high_consensus|score_additivity_consistent,中度异常,0.988981,high_consensus,0.913687,2
recovered_archive2/147,不清,0.989185,high_consensus,5--6,0.988172,high_consensus,8,0.988918,high_consensus,15,0.989064,high_consensus,1.9,1.0,high_consensus|ratio_consistent,18,0.98906,high_consensus,264,0.989067,high_consensus,<=30%,0.987568,high_consensus,>60%,0.983328,high_consensus,粒流,0.989184,high_consensus,,0.0,missing,0--1,0.978384,high_consensus,中度,0.989188,high_consensus,1--30,0.988197,high_consensus,1--2,0.987194,high_consensus,暗红,0.989135,high_consensus,+,0.984915,high_consensus,无,0.988991,high_consensus,可见1排,0.989099,high_consensus,波纹状,0.988663,high_consensus,,0.0,missing,2.6,1.0,high_consensus|score_additivity_consistent,4.2,1.0,high_consensus|score_additivity_consistent,1.6,1.0,high_consensus|score_additivity_consistent,8.4,1.0,high_consensus|score_additivity_consistent,重度异常,0.988946,high_consensus,0.914087,2
recovered_archive2/148,清晰,0.989173,high_consensus,>=7,0.987552,high_consensus,13,0.989117,high_consensus,18,0.989067,high_consensus,1.4,1.0,high_consensus|ratio_consistent,21,0.989088,high_consensus,585,0.989068,high_consensus,30--60%,0.988491,high_consensus,<=10%,0.988005,high_consensus,粒流,0.989179,high_consensus,,0.0,rapid_layout_missing_qwen_only|invalid_non_numeric_removed,0--1,0.977492,high_consensus,中度,0.989188,high_consensus,1--30,0.988072,high_consensus,>2,0.986573,high_consensus,浅红,0.989152,high_consensus,无,0.989028,high_consensus,无,0.988989,high_consensus,可见1排,0.989099,high_consensus,浅波纹状,0.988571,high_consensus,0--2,0.971051,high_consensus,2.4,1.0,high_consensus|score_additivity_consistent,6.8,1.0,high_consensus|score_additivity_consistent,0.5,1.0,high_consensus|score_additivity_consistent,9.7,1.0,high_consensus|score_additivity_consistent,重度异常,0.989046,high_consensus,0.951731,1
recovered_archive2/149,,0.0,missing,>=7,0.986631,high_consensus,11,0.989001,high_consensus,14,0.989039,high_consensus,1.3,1.0,high_consensus|ratio_consistent,15,0.989076,high_consensus,224,0.989152,high_consensus,<=30%,0.987408,high_consensus,10--30%,0.988271,high_consensus,粒线流,0.989129,high_consensus,,0.0,missing,0--1,0.978384,high_consensus,中度,0.989188,high_consensus,1--30,0.987678,high_consensus,>2,0.985791,high_consensus,暗红,0.989135,high_consensus,+,0.985287,high_consensus,无,0.989076,high_consensus,可见2排,0.989076,high_consensus,浅波纹状,0.988575,high_consensus,,0.0,missing,0.2,1.0,high_consensus|score_additivity_consistent,6.6,1.0,high_consensus|score_additivity_consistent,2.3,0.2605,rapid_layout_missing_qwen_only|score_additivity_consistent,9.1,1.0,high_consensus|score_additivity_consistent,重度异常,0.988946,high_consensus,0.847667,4
recovered_archive2/150,不清,0.989185,high_consensus,5--6,0.988172,high_consensus,17,0.989104,high_consensus,21,0.98907,high_consensus,1.2,1.0,high_consensus|ratio_consistent,32,0.989139,high_consensus,362,0.989046,high_consensus,30--60%,0.987856,high_consensus,<=10%,0.988005,high_consensus,粒流,0.989179,high_consensus,,0.0,missing,0--1,0.97773,high_consensus,中度,0.989188,high_consensus,1--30,0.988197,high_consensus,无,0.989068,high_consensus,暗红,0.989149,high_consensus,无,0.988909,high_consensus,无,0.988989,high_consensus,不见,0.989188,high_consensus,浅波纹状,0.988543,high_consensus,0--2,0.971051,high_consensus,5.4,1.0,high_consensus|score_additivity_consistent,2.2,1.0,high_consensus|score_additivity_consistent,0.4,1.0,high_consensus|score_additivity_consistent,8.0,1.0,high_consensus|score_additivity_consistent,中度异常,0.989052,high_consensus,0.951839,1
recovered_archive2/151,不清,0.989185,high_consensus,5--6,0.988172,high_consensus,,0.0,rapid_layout_missing_qwen_only|invalid_non_numeric_removed,,0.0,rapid_layout_missing_qwen_only|invalid_non_numeric_removed,1.3,0.2005,rapid_layout_missing_qwen_only,,0.0,rapid_layout_missing_qwen_only|invalid_non_numeric_removed,,0.0,rapid_layout_missing_qwen_only|invalid_non_numeric_removed,30--60%,0.98857,high_consensus,30--60%,0.988602,high_consensus,粒线流,0.989129,high_consensus,,0.0,rapid_layout_missing_qwen_only|invalid_non_numeric_removed,0--1,0.978391,high_consensus,轻度,0.989158,high_consensus,1--30,0.987844,high_consensus,无,0.989068,high_consensus,暗红,0.989167,high_consensus,+,0.984915,high_consensus,无,0.988991,high_consensus,不见,0.989188,high_consensus,平坦,0.989031,high_consensus,0--2,0.974516,high_consensus,1.6,1.0,high_consensus|score_additivity_consistent,1.0,1.0,high_consensus|score_additivity_consistent,3.1,1.0,high_consensus|score_additivity_consistent,5.7,1.0,high_consensus|score_additivity_consistent,中度异常,0.988999,high_consensus,0.768978,6
recovered_archive2/152,不清,0.989189,high_consensus,>=7,0.987557,high_consensus,0,0.01,high_consensus|invalid_numeric_range,16,0.98907,high_consensus,1.1,0.988903,high_consensus,24,0.989132,high_consensus,357,0.989079,high_consensus,30--60%,0.987965,high_consensus,10--30%,0.988271,high_consensus,粒缓流,0.989195,high_consensus,,0.0,missing,0--1,0.979793,high_consensus,重度,0.98906,high_consensus,1--30,0.988072,high_consensus,>2,0.985791,high_consensus,暗红,0.989135,high_consensus,++,0.94482,high_consensus,无,0.988991,high_consensus,可见1排,0.989071,high_consensus,浅波纹状,0.988571,high_consensus,0--2,0.971051,high_consensus,2.6,0.96442,high_consensus|score_additivity_consistent,9.8,1.0,high_consensus|score_additivity_consistent,2.9,1.0,high_consensus|score_additivity_consistent,15.3,0.96455,high_consensus|score_additivity_consistent,重度异常,0.989046,high_consensus,0.909259,2
recovered_archive2/153,模糊,0.988327,high_consensus,>=7,0.987513,high_consensus,8,0.988626,high_consensus,14,0.988951,high_consensus,1.8,1.0,high_consensus|ratio_consistent,17,0.98912,high_consensus,174,0.989075,high_consensus,<=30%,0.987408,high_consensus,10--30%,0.988264,high_consensus,粒流,0.98919,high_consensus,,0.0,rapid_layout_missing_qwen_only|invalid_non_numeric_removed,0--1,0.981866,high_consensus,中度,0.989188,high_consensus,1--30,0.988072,high_consensus,1--2,0.986369,high_consensus,浅红,0.989164,high_consensus,无,0.989028,high_consensus,无,0.988989,high_consensus,可见2排,0.989091,high_consensus,浅波纹状,0.988575,high_consensus,0--2,0.971051,high_consensus,1.0,1.0,high_consensus|score_additivity_consistent,4.0,1.0,high_consensus|score_additivity_consistent,0.5,1.0,high_consensus|score_additivity_consistent,5.5,1.0,high_consensus|score_additivity_consistent,中度异常,0.989052,high_consensus,0.951805,1
recovered_archive2/154,清晰,0.989173,high_consensus,5--6,0.988163,high_consensus,15,0.989098,high_consensus,14,0.988972,high_consensus,0.9,1.0,high_consensus|ratio_consistent,24,0.989132,high_consensus,304,0.989127,high_consensus,30--60%,0.987965,high_consensus,30--60%,0.988205,high_consensus,粒流,0.989192,high_consensus,,0.0,missing,0--1,0.978391,high_consensus,轻度,0.989158,high_consensus,1--30,0.988197,high_consensus,无,0.989077,high_consensus,浅红,0.989153,high_consensus,+,0.984926,high_consensus,无,0.988991,high_consensus,不见,0.989188,high_consensus,浅波纹状,0.988543,high_consensus,0--2,0.971051,high_consensus,2.4,1.0,high_consensus|score_additivity_consistent,1.2,1.0,high_consensus|score_additivity_consistent,1.9,1.0,high_consensus|score_additivity_consistent,5.5,1.0,high_consensus|score_additivity_consistent,中度异常,0.989056,high_consensus,0.951721,1
recovered_archive2/155,清晰,0.989173,high_consensus,>=7,0.987552,high_consensus,10,0.989092,high_consensus,16,0.98907,high_consensus,1.6,1.0,high_consensus|ratio_consistent,21,0.989088,high_consensus,221,0.989074,high_consensus,<=30%,0.987408,high_consensus,<=10%,0.988005,high_consensus,粒线流,0.988996,high_consensus,,0.0,missing,0--1,0.977691,high_consensus,轻度,0.989158,high_consensus,1--30,0.988197,high_consensus,无,0.989077,high_consensus,浅红,0.989153,high_consensus,+,0.984926,high_consensus,无,0.988991,high_consensus,不见,0.989188,high_consensus,波纹状,0.988644,high_consensus,0--2,0.971051,high_consensus,0.1,1.0,high_consensus|score_additivity_consistent,0.8,1.0,high_consensus|score_additivity_consistent,1.5,1.0,high_consensus|score_additivity_consistent,2.4,1.0,high_consensus|score_additivity_consistent,轻度异常,0.988824,high_consensus,0.951629,1
recovered_archive2/156,清晰,0.989173,high_consensus,>=7,0.987552,high_consensus,14,0.98903,high_consensus,19,0.989016,high_consensus,1.4,1.0,high_consensus|ratio_consistent,26,0.989132,high_consensus,353,0.989145,high_consensus,<=30%,0.987408,high_consensus,,0.0,missing,粒线流,0.989146,high_consensus,,0.0,missing,0--1,0.979821,high_consensus,无,0.9891,high_consensus,1--30,0.987844,high_consensus,无,0.989068,high_consensus,暗红,0.989133,high_consensus,无,0.988909,high_consensus,无,0.988989,high_consensus,可见2排,0.989076,high_consensus,波纹状,0.988666,high_consensus,0--2,0.971051,high_consensus,1.7,1.0,high_consensus|score_additivity_consistent,0.8,1.0,high_consensus|score_additivity_consistent,0.4,1.0,high_consensus|score_additivity_consistent,2.9,1.0,high_consensus|score_additivity_consistent,轻度异常,0.988824,high_consensus,0.913849,2
recovered_archive2/157,清晰,0.989173,high_consensus,>=7,0.987552,high_consensus,10,0.989092,high_consensus,10,0.989084,high_consensus,1.0,1.0,high_consensus|ratio_consistent,14,0.989025,high_consensus,242,0.983997,high_consensus,<=30%,0.987413,high_consensus,<=10%,0.988005,high_consensus,粒线流,0.988996,high_consensus,,0.0,missing,0--1,0.977691,high_consensus,轻度,0.989158,high_consensus,1--30,0.988197,high_consensus,无,0.989077,high_consensus,浅红,0.989152,high_consensus,无,0.989028,high_consensus,无,0.988989,high_consensus,不见,0.989188,high_consensus,浅波纹状,0.988543,high_consensus,0--2,0.971051,high_consensus,0.3,1.0,high_consensus|score_additivity_consistent,0.8,1.0,high_consensus|score_additivity_consistent,0.4,1.0,high_consensus|score_additivity_consistent,1.5,1.0,high_consensus|score_additivity_consistent,大致正常,0.989052,high_consensus,0.951595,1
recovered_archive2/158,不清,0.989189,high_consensus,>=7,0.987557,high_consensus,14,0.988961,high_consensus,13,0.989087,high_consensus,0.9,1.0,high_consensus|ratio_consistent,13,0.989096,high_consensus,297,0.989025,high_consensus,<=30%,0.987413,high_consensus,<=10%,0.988,high_consensus,线粒流,0.989169,high_consensus,,0.0,missing,0--1,0.977691,high_consensus,轻度,0.989158,high_consensus,1--30,0.988072,high_consensus,1--2,0.986369,high_consensus,浅红,0.989152,high_consensus,+,0.984926,high_consensus,无,0.988991,high_consensus,可见2排,0.989076,high_consensus,波纹状,0.988666,high_consensus,0--2,0.971051,high_consensus,0.6,1.0,high_consensus|score_additivity_consistent,2.4,1.0,high_consensus|score_additivity_consistent,1.9,1.0,high_consensus|score_additivity_consistent,4.9,1.0,high_consensus|score_additivity_consistent,中度异常,0.989052,high_consensus,0.951527,1
recovered_archive2/159,模糊,0.987818,high_consensus,5--6,0.988172,high_consensus,10,0.989092,high_consensus,14,0.988971,high_consensus,1.4,1.0,high_consensus|ratio_consistent,13,0.989096,high_consensus,175,0.988918,high_consensus,30--60%,0.987965,high_consensus,10--30%,0.988264,high_consensus,粒流,0.989195,high_consensus,,0.0,missing,0--1,0.979385,high_consensus,中度,0.989188,high_consensus,1--30,0.988197,high_consensus,无,0.989068,high_consensus,暗红,0.989063,high_consensus,++,0.94482,high_consensus,无,0.988991,high_consensus,不见,0.989188,high_consensus,浅波纹状,0.988543,high_consensus,0--2,0.971051,high_consensus,1.8,1.0,high_consensus|score_additivity_consistent,2.2,1.0,high_consensus|score_additivity_consistent,2.8,1.0,high_consensus|score_additivity_consistent,6.8,1.0,high_consensus|score_additivity_consistent,中度异常,0.989052,high_consensus,0.950155,1
recovered_archive2/161,清晰,0.989173,high_consensus,>=7,0.987552,high_consensus,8,0.98892,high_consensus,13,0.989053,high_consensus,1.6,1.0,high_consensus|ratio_consistent,17,0.98912,high_consensus,339,0.989131,high_consensus,30--60%,0.987965,high_consensus,10--30%,0.988271,high_consensus,粒线流,0.989129,high_consensus,,0.0,rapid_layout_missing_qwen_only|invalid_non_numeric_removed,0--1,0.979385,high_consensus,中度,0.989188,high_consensus,1--30,0.987844,high_consensus,>2,0.985791,high_consensus,暗红,0.989167,high_consensus,+,0.984915,high_consensus,无,0.988991,high_consensus,可见1排,0.989099,high_consensus,浅波纹状,0.988571,high_consensus,0--2,0.2005,rapid_layout_missing_qwen_only,1.0,1.0,high_consensus|score_additivity_consistent,6.6,1.0,high_consensus|score_additivity_consistent,2.0,1.0,high_consensus|score_additivity_consistent,9.6,1.0,high_consensus|score_additivity_consistent,重度异常,0.988946,high_consensus,0.921951,2
recovered_archive2/162,清晰,0.989173,high_consensus,>=7,0.987552,high_consensus,10,0.989092,high_consensus,11,0.988967,high_consensus,1.1,1.0,high_consensus|ratio_consistent,13,0.989096,high_consensus,228,0.989121,high_consensus,<=30%,0.987408,high_consensus,<=10%,0.988005,high_consensus,粒线流,0.988996,high_consensus,,0.0,missing,0--1,0.977691,high_consensus,轻度,0.989158,high_consensus,1--30,0.988072,high_consensus,1--2,0.986539,high_consensus,暗红,0.989135,high_consensus,++,0.94482,high_consensus,无,0.988991,high_consensus,不见,0.989188,high_consensus,浅波纹状,0.988543,high_consensus,0--2,0.971051,high_consensus,0.0,1.0,high_consensus|score_additivity_consistent,3.0,1.0,high_consensus|score_additivity_consistent,2.8,1.0,high_consensus|score_additivity_consistent,5.8,1.0,high_consensus|score_additivity_consistent,中度异常,0.989056,high_consensus,0.949987,1
recovered_archive2/163,模糊,0.988809,high_consensus,5--6,0.988172,high_consensus,,0.0,rapid_layout_missing_qwen_only|invalid_non_numeric_removed,,0.0,rapid_layout_missing_qwen_only|invalid_non_numeric_removed,1.3,0.2005,rapid_layout_missing_qwen_only,,0.0,rapid_layout_missing_qwen_only|invalid_non_numeric_removed,183,0.988994,high_consensus,30--60%,0.98857,high_consensus,30--60%,0.988395,high_consensus,粒流,0.989192,high_consensus,,0.0,rapid_layout_missing_qwen_only|invalid_non_numeric_removed,0--1,0.981866,high_consensus,中度,0.989188,high_consensus,1--30,0.988197,high_consensus,1--2,0.987194,high_consensus,暗红,0.989135,high_consensus,+,0.985287,high_consensus,无,0.98882,high_consensus,">2排,扩张",0.985756,high_consensus,平坦,0.98905,high_consensus,0--2,0.2005,rapid_layout_missing_qwen_only,2.0,1.0,high_consensus|score_additivity_consistent,4.2,1.0,high_consensus|score_additivity_consistent,4.1,0.2605,rapid_layout_missing_qwen_only|score_additivity_consistent,10.3,1.0,high_consensus|score_additivity_consistent,重度异常,0.988946,high_consensus,0.748733,7
recovered_archive2/164,清晰,0.989173,high_consensus,5--6,0.988163,high_consensus,8,0.988918,high_consensus,10,0.989084,high_consensus,1.3,1.0,high_consensus|ratio_consistent,13,0.989096,high_consensus,154,0.989092,high_consensus,30--60%,0.987965,high_consensus,30--60%,0.988591,high_consensus,粒流,0.989192,high_consensus,,0.0,missing,0--1,0.978364,high_consensus,,0.0,missing,1--30,0.847802,single_engine,无,0.989134,high_consensus,浅红,0.989163,high_consensus,++,0.2005,rapid_layout_missing_qwen_only,无,0.988751,high_consensus,可见1排,0.989099,high_consensus,平坦,0.988931,high_consensus,3--4,0.988456,high_consensus,1.9,1.0,high_consensus|score_additivity_consistent,1.0,1.0,high_consensus|score_additivity_consistent,4.2,0.2605,rapid_layout_missing_qwen_only|score_additivity_consistent,7.1,1.0,high_consensus|score_additivity_consistent,中度异常,0.989056,high_consensus,0.850347,4
recovered_archive2/165,清晰,0.989173,high_consensus,5--6,0.98799,high_consensus,4,0.98752,high_consensus,11,0.988916,high_consensus,2.8,1.0,high_consensus|ratio_consistent,12,0.989087,high_consensus,288,0.98906,high_consensus,<=30%,0.987408,high_consensus,>60%,0.983328,high_consensus,粒流,0.989184,high_consensus,,0.0,missing,2--4,0.988256,high_consensus,中度,0.989182,high_consensus,1--30,0.987844,high_consensus,无,0.989068,high_consensus,暗红,0.989135,high_consensus,+,0.985287,high_consensus,,0.0,missing,不见,0.989187,high_consensus,波纹状,0.988644,high_consensus,0--2,0.971051,high_consensus,3.0,1.0,high_consensus|score_additivity_consistent,2.3,1.0,high_consensus|score_additivity_consistent,1.5,1.0,high_consensus|score_additivity_consistent,6.8,1.0,high_consensus|score_additivity_consistent,中度异常,0.989052,high_consensus,0.913784,2
recovered_archive2/166,不清,0.989185,high_consensus,5--6,0.988172,high_consensus,14,0.989059,high_consensus,14,0.988968,high_consensus,1.0,1.0,high_consensus|ratio_consistent,15,0.989076,high_consensus,144,0.989112,high_consensus,<=30%,0.987408,high_consensus,<=10%,0.988005,high_consensus,粒流,0.989187,high_consensus,,0.0,missing,0--1,0.97773,high_consensus,中度,0.989188,high_consensus,1--30,0.988197,high_consensus,无,0.989068,high_consensus,暗红,0.989052,high_consensus,+++,0.964561,high_consensus,无,0.988991,high_consensus,不见,0.989188,high_consensus,波纹状,0.988644,high_consensus,0--2,0.971051,high_consensus,1.4,1.0,high_consensus|score_additivity_consistent,2.2,1.0,high_consensus|score_additivity_consistent,3.6,1.0,high_consensus|score_additivity_consistent,7.2,1.0,high_consensus|score_additivity_consistent,中度异常,0.989052,high_consensus,0.950881,1
recovered_archive2/167,清晰,0.989173,high_consensus,>=7,1.0,high_consensus|rtf_semantic_support,8,0.988786,high_consensus,11,0.988904,high_consensus,1.4,1.0,high_consensus|ratio_consistent,15,0.989076,high_consensus,189,0.989064,high_consensus,<=30%,0.987408,high_consensus,<=10%,0.988005,high_consensus,粒流,0.989187,high_consensus,,0.0,rapid_layout_missing_qwen_only|invalid_non_numeric_removed,0--1,0.977691,high_consensus,轻度,0.989158,high_consensus,1--30,0.988072,high_consensus,无,0.989077,high_consensus,浅红,0.989152,high_consensus,无,0.989028,high_consensus,无,0.988989,high_consensus,不见,0.989188,high_consensus,浅波纹状,0.988543,high_consensus,0--2,0.971051,high_consensus,0.2,1.0,high_consensus|score_additivity_consistent,1.2,1.0,high_consensus|score_additivity_consistent,0.4,1.0,high_consensus|score_additivity_consistent,1.8,1.0,high_consensus|score_additivity_consistent,大致正常,0.989052,high_consensus,0.952254,1
recovered_archive2/168,清晰,0.989173,high_consensus,>=7,0.987552,high_consensus,9,0.989047,high_consensus,16,0.989038,high_consensus,1.8,1.0,high_consensus|ratio_consistent,15,0.989087,high_consensus,243,0.989139,high_consensus,<=30%,0.987413,high_consensus,<=10%,0.988,high_consensus,线粒流,0.989169,high_consensus,,0.0,missing,0--1,0.977691,high_consensus,轻度,0.989158,high_consensus,1--30,0.988072,high_consensus,>2,0.986573,high_consensus,浅红,0.989152,high_consensus,无,0.989028,high_consensus,无,0.988989,high_consensus,可见2排,0.989073,high_consensus,平坦,0.988994,high_consensus,0--2,0.970164,high_consensus,0.2,1.0,high_consensus|score_additivity_consistent,5.2,1.0,high_consensus|score_additivity_consistent,2.0,1.0,high_consensus|score_additivity_consistent,7.4,1.0,high_consensus|score_additivity_consistent,中度异常,0.989056,high_consensus,0.951676,1
recovered_archive2/169,清晰,0.989173,high_consensus,5--6,0.98799,high_consensus,7,0.972513,high_consensus,17,0.934904,high_consensus,2.4,1.0,high_consensus|ratio_consistent,19,0.973252,high_consensus,128,0.973225,high_consensus,<=30%,0.987408,high_consensus,,0.0,missing,粒流,0.989191,high_consensus,,0.0,missing,0--1,0.978639,high_consensus,轻度,0.946867,high_consensus,1--30,0.988197,high_consensus,1--2,0.986515,high_consensus,浅红,0.989163,high_consensus,无,0.989028,high_consensus,无,0.989078,high_consensus,">2排,扩张",0.986441,high_consensus,平坦,0.988898,high_consensus,0--2,0.971051,high_consensus,1.3,1.0,high_consensus|score_additivity_consistent,4.0,1.0,high_consensus|score_additivity_consistent,2.6,1.0,high_consensus|score_additivity_consistent,7.9,1.0,high_consensus|score_additivity_consistent,中度异常,0.988979,high_consensus,0.908097,2
recovered_archive2/170,清晰,0.989173,high_consensus,>=7,0.987552,high_consensus,13,0.989117,high_consensus,15,0.989059,high_consensus,1.2,1.0,high_consensus|ratio_consistent,13,0.989096,high_consensus,125,0.989061,high_consensus,<=30%,0.987408,high_consensus,10--30%,0.988271,high_consensus,粒线流,0.989129,high_consensus,,0.0,rapid_layout_missing_qwen_only|invalid_non_numeric_removed,0--1,0.978384,high_consensus,中度,0.989188,high_consensus,1--30,0.987844,high_consensus,无,0.989133,high_consensus,,0.0,missing,++,0.94719,high_consensus,无,0.988751,high_consensus,可见1排,0.989099,high_consensus,平坦,0.988927,high_consensus,0--2,0.970164,high_consensus,0.4,1.0,high_consensus|score_additivity_consistent,1.4,1.0,high_consensus|score_additivity_consistent,4.1,1.0,high_consensus|score_additivity_consistent,5.9,1.0,high_consensus|score_additivity_consistent,中度异常,0.989056,high_consensus,0.912139,2
recovered_archive2/171,清晰,0.989173,high_consensus,>=7,0.985811,high_consensus,7,0.988606,high_consensus,11,0.988938,high_consensus,1.6,1.0,high_consensus|ratio_consistent,,0.0,missing,,0.0,missing,,0.0,missing,,0.0,missing,,0.0,missing,,0.0,rapid_layout_missing_qwen_only|invalid_non_numeric_removed,0--1,0.978391,high_consensus,轻度,0.989158,high_consensus,1--30,0.987678,high_consensus,无,0.989063,high_consensus,淡红,0.989146,high_consensus,无,0.989162,high_consensus,无,0.988989,high_consensus,不见,0.98919,high_consensus,,0.0,missing,0--2,0.2005,rapid_layout_missing_qwen_only,0.2,1.0,high_consensus|score_additivity_consistent,0.2,1.0,high_consensus|score_additivity_consistent,0.0,1.0,high_consensus|score_additivity_consistent,0.4,1.0,high_consensus|score_additivity_consistent,正常,0.989122,high_consensus,0.693959,8
recovered_archive2/172,清晰,0.989143,high_consensus,>=7,0.987552,high_consensus,13,0.989117,high_consensus,17,0.989067,high_consensus,1.3,1.0,high_consensus|ratio_consistent,16,0.989064,high_consensus,170,0.988984,high_consensus,<=30%,0.987408,high_consensus,<=10%,0.988005,high_consensus,粒线流,0.988996,high_consensus,,0.0,rapid_layout_missing_qwen_only|invalid_non_numeric_removed,0--1,0.97773,high_consensus,中度,0.989188,high_consensus,1--30,0.988197,high_consensus,无,0.989068,high_consensus,暗红,0.989052,high_consensus,+,0.984915,high_consensus,无,0.988991,high_consensus,不见,0.989188,high_consensus,平坦,0.989028,high_consensus,0--2,0.976796,high_consensus,0.0,1.0,high_consensus|score_additivity_consistent,1.8,1.0,high_consensus|score_additivity_consistent,3.1,1.0,high_consensus|score_additivity_consistent,4.9,1.0,high_consensus|score_additivity_consistent,中度异常,0.989056,high_consensus,0.951867,1
recovered_archive2/173,清晰,0.989173,high_consensus,>=7,0.987552,high_consensus,8,0.988626,high_consensus,14,0.988951,high_consensus,1.8,1.0,high_consensus|ratio_consistent,13,0.989096,high_consensus,242,0.983643,high_consensus,<=30%,0.987413,high_consensus,<=10%,0.988005,high_consensus,粒流,0.989187,high_consensus,,0.0,rapid_layout_missing_qwen_only|invalid_non_numeric_removed,0--1,0.977492,high_consensus,中度,0.989188,high_consensus,1--30,0.988197,high_consensus,1--2,0.986369,high_consensus,浅红,0.989156,high_consensus,无,0.989028,high_consensus,无,0.988989,high_consensus,可见2排,0.989076,high_consensus,波纹状,0.988666,high_consensus,0--2,0.971051,high_consensus,0.4,1.0,high_consensus|score_additivity_consistent,4.0,1.0,high_consensus|score_additivity_consistent,0.4,1.0,high_consensus|score_additivity_consistent,4.8,1.0,high_consensus|score_additivity_consistent,中度异常,0.989052,high_consensus,0.951458,1
recovered_archive2/174,清晰,0.989143,high_consensus,>=7,1.0,high_consensus|rtf_semantic_support,11,0.988975,high_consensus,14,0.989033,high_consensus,1.3,1.0,high_consensus|ratio_consistent,16,0.989064,high_consensus,221,0.989163,high_consensus,<=30%,0.987408,high_consensus,<=10%,0.988008,high_consensus,线粒流,0.989169,high_consensus,,0.0,rapid_layout_missing_qwen_only|invalid_non_numeric_removed,0--1,0.978699,high_consensus,无,0.9891,high_consensus,>30,0.987848,high_consensus,无,0.989078,high_consensus,浅红,0.989152,high_consensus,无,0.989028,high_consensus,无,0.988989,high_consensus,不见,0.989188,high_consensus,浅波纹状,0.988543,high_consensus,0--2,0.974516,high_consensus,0.0,1.0,high_consensus|score_additivity_consistent,0.4,1.0,high_consensus|score_additivity_consistent,0.4,1.0,high_consensus|score_additivity_consistent,0.8,1.0,high_consensus|score_additivity_consistent,正常,0.98913,high_consensus,0.952432,1
recovered_archive2/175,清晰,0.989173,high_consensus,>=7,0.987552,high_consensus,10,0.989092,high_consensus,14,0.989034,high_consensus,1.4,1.0,high_consensus|ratio_consistent,35,0.989034,high_consensus,150,0.989094,high_consensus,<=30%,0.987408,high_consensus,>60%,0.983487,high_consensus,粒线流,0.98913,high_consensus,,0.0,missing,0--1,0.977691,high_consensus,轻度,0.989158,high_consensus,1--30,0.988197,high_consensus,无,0.989077,high_consensus,浅红,0.989153,high_consensus,+,0.984926,high_consensus,无,0.989078,high_consensus,">2排,扩张",0.986188,high_consensus,浅波纹状,0.988767,high_consensus,0--2,0.971051,high_consensus,2.4,1.0,high_consensus|score_additivity_consistent,0.8,1.0,high_consensus|score_additivity_consistent,2.9,1.0,high_consensus|score_additivity_consistent,6.1,1.0,high_consensus|score_additivity_consistent,中度异常,0.988981,high_consensus,0.951357,1
recovered_archive2/176,清晰,0.989173,high_consensus,>=7,0.987552,high_consensus,0,0.01,high_consensus|invalid_numeric_range,17,0.989066,high_consensus,1.5,0.989123,high_consensus,15,0.989087,high_consensus,38,0.989019,high_consensus,30--60%,0.988346,high_consensus,10--30%,0.988264,high_consensus,粒流,0.989195,high_consensus,,0.0,rapid_layout_missing_qwen_only|invalid_non_numeric_removed,0--1,0.981866,high_consensus,中度,0.989188,high_consensus,1--30,0.988197,high_consensus,1--2,0.987194,high_consensus,暗红,0.989145,high_consensus,无,0.988909,high_consensus,无,0.989078,high_consensus,">2排,扩张",0.985551,high_consensus,浅波纹状,0.988767,high_consensus,0--2,0.2005,rapid_layout_missing_qwen_only,3.6,0.964371,high_consensus|score_additivity_consistent,4.2,1.0,high_consensus|score_additivity_consistent,1.4,1.0,high_consensus|score_additivity_consistent,9.2,0.96453,high_consensus|score_additivity_consistent,重度异常,0.904473,high_consensus,0.8781,3
recovered_archive2/177,清晰,0.989173,high_consensus,5--6,0.988163,high_consensus,6,0.988925,high_consensus,9,0.98907,high_consensus,1.5,1.0,high_consensus|ratio_consistent,11,0.989005,high_consensus,184,0.989001,high_consensus,30--60%,0.988516,high_consensus,,0.0,missing,线粒流,0.989161,high_consensus,,0.0,missing,0--1,0.978391,high_consensus,轻度,0.989156,high_consensus,1--30,0.988197,high_consensus,1--2,0.986369,high_consensus,浅红,0.989152,high_consensus,无,0.989028,high_consensus,无,0.988989,high_consensus,可见2排,0.989076,high_consensus,平坦,0.988994,high_consensus,0--2,0.970164,high_consensus,2.0,1.0,high_consensus|score_additivity_consistent,2.4,1.0,high_consensus|score_additivity_consistent,2.0,1.0,high_consensus|score_additivity_consistent,6.4,1.0,high_consensus|score_additivity_consistent,中度异常,0.988979,high_consensus,0.91375,2
recovered_archive2/178,清晰,0.989173,high_consensus,>=7,0.987552,high_consensus,6,0.988928,high_consensus,13,0.989054,high_consensus,2.2,1.0,high_consensus|ratio_consistent,11,0.989005,high_consensus,125,0.98906,high_consensus,,0.0,missing,,0.0,missing,粒流,0.989191,high_consensus,,0.0,missing,0--1,0.979385,high_consensus,中度,0.989188,high_consensus,1--30,0.987844,high_consensus,>2,0.985177,high_consensus,浅红,0.989163,high_consensus,无,0.989028,high_consensus,无,0.988989,high_consensus,可见2排,0.989076,high_consensus,平坦,0.988994,high_consensus,0--2,0.971051,high_consensus,1.1,1.0,high_consensus|score_additivity_consistent,6.8,1.0,high_consensus|score_additivity_consistent,2.0,1.0,high_consensus|score_additivity_consistent,9.9,1.0,high_consensus|score_additivity_consistent,重度异常,0.989046,high_consensus,0.875727,3
recovered_archive2/179,不清,0.989189,high_consensus,>=7,0.987557,high_consensus,6,0.988928,high_consensus,11,0.988915,high_consensus,1.8,1.0,high_consensus|ratio_consistent,14,0.989025,high_consensus,123,0.989081,high_consensus,<=30%,0.987408,high_consensus,,0.0,missing,粒线流,0.989146,high_consensus,,0.0,missing,0--1,0.978391,high_consensus,轻度,0.989158,high_consensus,1--30,0.988166,high_consensus,1--2,0.986563,high_consensus,浅红,0.989155,high_consensus,无,0.946771,high_consensus,无,0.988947,high_consensus,可见2排,0.946807,high_consensus,平坦,0.98897,high_consensus,0--2,0.970386,high_consensus,1.2,1.0,high_consensus|score_additivity_consistent,2.8,1.0,high_consensus|score_additivity_consistent,2.0,1.0,high_consensus|score_additivity_consistent,6.0,1.0,high_consensus|score_additivity_consistent,中度异常,0.946734,high_consensus,0.908819,2
recovered_archive2/180,清晰,0.989143,high_consensus,5--6,0.988163,high_consensus,,0.0,rapid_layout_missing_qwen_only|invalid_non_numeric_removed,,0.0,rapid_layout_missing_qwen_only|invalid_non_numeric_removed,1.3,0.2005,rapid_layout_missing_qwen_only,,0.0,rapid_layout_missing_qwen_only|invalid_non_numeric_removed,174,0.989075,high_consensus,<=30%,0.987568,high_consensus,>60%,0.983487,high_consensus,粒线流,0.98913,high_consensus,,0.0,rapid_layout_missing_qwen_only|invalid_non_numeric_removed,0--1,0.979385,high_consensus,中度,0.989188,high_consensus,1--30,0.987844,high_consensus,无,0.989068,high_consensus,暗红,0.989135,high_consensus,++,0.94482,high_consensus,无,0.988991,high_consensus,不见,0.989187,high_consensus,平坦,0.989031,high_consensus,0--2,0.974516,high_consensus,2.0,1.0,high_consensus|score_additivity_consistent,1.8,1.0,high_consensus|score_additivity_consistent,4.0,1.0,high_consensus|score_additivity_consistent,7.8,1.0,high_consensus|score_additivity_consistent,重度异常,0.989046,high_consensus,0.80528,5
recovered_archive2/181,清晰,0.989173,high_consensus,>=7,0.987552,high_consensus,17,0.989112,high_consensus,26,0.989143,high_consensus,1.5,1.0,high_consensus|ratio_consistent,23,0.989161,high_consensus,288,0.989058,high_consensus,<=30%,0.987408,high_consensus,<=10%,0.988005,high_consensus,粒线流,0.988996,high_consensus,,0.0,missing,0--1,0.977691,high_consensus,轻度,0.989158,high_consensus,1--30,0.988197,high_consensus,无,0.989077,high_consensus,浅红,0.989152,high_consensus,无,0.989028,high_consensus,无,0.989078,high_consensus,">2排,扩张",0.986441,high_consensus,浅波纹状,0.988767,high_consensus,0--2,0.971051,high_consensus,2.2,1.0,high_consensus|score_additivity_consistent,1.8,1.0,high_consensus|score_additivity_consistent,1.4,1.0,high_consensus|score_additivity_consistent,5.4,1.0,high_consensus|score_additivity_consistent,中度异常,0.989056,high_consensus,0.951704,1
recovered_archive2/182,清晰,0.989173,high_consensus,>=7,0.987552,high_consensus,9,0.97316,high_consensus,15,0.973189,high_consensus,1.7,1.0,high_consensus|ratio_consistent,24,0.973309,high_consensus,271,0.973218,high_consensus,<=30%,0.987413,high_consensus,30--60%,0.988205,high_consensus,粒流,0.989191,high_consensus,,0.0,rapid_layout_missing_qwen_only|invalid_non_numeric_removed,2--4,0.98769,high_consensus,中度,0.989182,high_consensus,1--30,0.988197,high_consensus,无,0.989068,high_consensus,暗红,0.989059,high_consensus,无,0.988909,high_consensus,无,0.988989,high_consensus,可见1排,0.989099,high_consensus,波纹状,0.988664,high_consensus,0--2,0.971051,high_consensus,1.0,1.0,high_consensus|score_additivity_consistent,2.3,1.0,high_consensus|score_additivity_consistent,0.1,1.0,high_consensus|score_additivity_consistent,3.4,1.0,high_consensus|score_additivity_consistent,中度异常,0.989052,high_consensus,0.949745,1
recovered_archive2/183,清晰,0.989143,high_consensus,>=7,0.987552,high_consensus,10,0.989092,high_consensus,13,0.989087,high_consensus,1.3,1.0,high_consensus|ratio_consistent,10,0.98907,high_consensus,236,0.989094,high_consensus,<=30%,0.987408,high_consensus,>60%,0.983328,high_consensus,粒流,0.989184,high_consensus,,0.0,rapid_layout_missing_qwen_only|invalid_non_numeric_removed,0--1,0.97773,high_consensus,中度,0.989188,high_consensus,1--30,0.988197,high_consensus,1--2,0.986358,high_consensus,暗红,0.989135,high_consensus,+,0.984915,high_consensus,无,0.988991,high_consensus,不见,0.989188,high_consensus,波纹状,0.988644,high_consensus,0--2,0.971051,high_consensus,1.3,1.0,high_consensus|score_additivity_consistent,4.2,1.0,high_consensus|score_additivity_consistent,1.5,1.0,high_consensus|score_additivity_consistent,7.0,1.0,high_consensus|score_additivity_consistent,中度异常,0.989052,high_consensus,0.951362,1
recovered_archive2/184,不清,0.989189,high_consensus,>=7,0.987557,high_consensus,13,0.989117,high_consensus,15,0.989059,high_consensus,1.2,1.0,high_consensus|ratio_consistent,10,0.98907,high_consensus,209,0.989088,high_consensus,30--60%,0.988348,high_consensus,10--30%,0.988271,high_consensus,线粒流,0.989161,high_consensus,,0.0,missing,0--1,0.97773,high_consensus,中度,0.989188,high_consensus,1--30,0.988197,high_consensus,无,0.989068,high_consensus,暗红,0.989149,high_consensus,无,0.988909,high_consensus,无,0.988989,high_consensus,不见,0.989188,high_consensus,平坦,0.989028,high_consensus,0--2,0.976796,high_consensus,0.7,1.0,high_consensus|score_additivity_consistent,1.4,1.0,high_consensus|score_additivity_consistent,1.6,1.0,high_consensus|score_additivity_consistent,3.7,1.0,high_consensus|score_additivity_consistent,轻度异常,0.988992,high_consensus,0.952081,1
recovered_archive2/185,清晰,0.989173,high_consensus,>=7,0.987552,high_consensus,11,0.988975,high_consensus,14,0.98897,high_consensus,1.3,1.0,high_consensus|ratio_consistent,19,0.989092,high_consensus,303,0.989135,high_consensus,<=30%,0.987408,high_consensus,<=10%,0.988005,high_consensus,粒流,0.989196,high_consensus,,0.0,rapid_layout_missing_qwen_only|invalid_non_numeric_removed,0--1,0.978384,high_consensus,中度,0.989188,high_consensus,1--30,0.987844,high_consensus,无,0.989133,high_consensus,,0.0,missing,无,0.657252,engine_conflict,无,0.988751,high_consensus,可见2排,0.9891,high_consensus,浅波纹状,0.988575,high_consensus,0--2,0.971051,high_consensus,0.5,1.0,high_consensus|score_additivity_consistent,1.8,1.0,high_consensus|score_additivity_consistent,4.4,1.0,high_consensus|score_additivity_consistent,6.7,1.0,high_consensus|score_additivity_consistent,中度异常,0.989056,high_consensus,0.900994,2
recovered_archive2/186,清晰,0.989173,high_consensus,>=7,0.987552,high_consensus,14,0.98903,high_consensus,14,0.988968,high_consensus,1.0,1.0,high_consensus|ratio_consistent,22,0.989157,high_consensus,362,0.989079,high_consensus,<=30%,0.987408,high_consensus,<=10%,0.988005,high_consensus,粒线流,0.989041,high_consensus,,0.0,missing,0--1,0.979385,high_consensus,中度,0.989188,high_consensus,1--30,0.987844,high_consensus,>2,0.978229,high_consensus,淡红,0.989171,high_consensus,无,0.989019,high_consensus,无,0.989078,high_consensus,">2排,扩张",0.985551,high_consensus,浅波纹状,0.988767,high_consensus,,0.0,missing,2.6,1.0,high_consensus|score_additivity_consistent,6.2,1.0,high_consensus|score_additivity_consistent,1.4,1.0,high_consensus|score_additivity_consistent,10.2,1.0,high_consensus|score_additivity_consistent,重度异常,0.988946,high_consensus,0.913946,2
recovered_archive2/187,不清,0.989189,high_consensus,>=7,0.987557,high_consensus,10,0.989092,high_consensus,15,0.989059,high_consensus,1.5,1.0,high_consensus|ratio_consistent,21,0.989129,high_consensus,299,0.989151,high_consensus,<=30%,0.987413,high_consensus,<=10%,0.988005,high_consensus,粒流,0.989187,high_consensus,,0.0,missing,0--1,0.977492,high_consensus,中度,0.989188,high_consensus,1--30,0.988072,high_consensus,1--2,0.987194,high_consensus,暗红,0.989135,high_consensus,+,0.984915,high_consensus,无,0.988991,high_consensus,可见1排,0.989099,high_consensus,浅波纹状,0.988571,high_consensus,0--2,0.971051,high_consensus,0.5,1.0,high_consensus|score_additivity_consistent,4.2,1.0,high_consensus|score_additivity_consistent,2.0,1.0,high_consensus|score_additivity_consistent,6.7,1.0,high_consensus|score_additivity_consistent,中度异常,0.989052,high_consensus,0.951559,1
recovered_archive2/188,不清,0.989177,high_consensus,,0.0,missing,,0.0,missing,,0.0,missing,,0.0,missing,,0.0,missing,,0.0,missing,,0.0,missing,,0.0,missing,,0.0,missing,,0.0,missing,,0.0,missing,,0.0,missing,,0.0,missing,,0.0,missing,,0.0,missing,+,0.985256,high_consensus,无,0.98901,high_consensus,,0.0,missing,平坦,0.989061,high_consensus,,0.0,missing,0.2,0.685552,engine_conflict,,0.0,missing,3.1,0.2005,rapid_layout_missing_qwen_only,3.1,0.904575,high_consensus,轻度异常,0.988992,high_consensus,0.258928,19
recovered_archive2/189,不清,0.989185,high_consensus,5--6,0.988172,high_consensus,,0.0,missing,,0.0,missing,,0.0,missing,42,0.989091,high_consensus,421,0.989146,high_consensus,<=30%,0.987408,high_consensus,>60%,0.983487,high_consensus,粒线流,0.98913,high_consensus,,0.0,missing,0--1,0.978384,high_consensus,中度,0.989188,high_consensus,1--30,0.987844,high_consensus,无,0.989068,high_consensus,暗红,0.989135,high_consensus,++,0.94482,high_consensus,无,0.988991,high_consensus,不见,0.989187,high_consensus,平坦,0.989031,high_consensus,0--2,0.974516,high_consensus,5.2,1.0,high_consensus|score_additivity_consistent,1.8,1.0,high_consensus|score_additivity_consistent,4.0,1.0,high_consensus|score_additivity_consistent,11.0,1.0,high_consensus|score_additivity_consistent,重度异常,0.989046,high_consensus,0.83557,4
recovered_archive2/190,清晰,0.989173,high_consensus,>=7,0.987552,high_consensus,11,0.988975,high_consensus,18,0.989067,high_consensus,1.6,1.0,high_consensus|ratio_consistent,17,0.98912,high_consensus,183,0.946765,high_consensus,30--60%,0.988516,high_consensus,,0.0,missing,粒线流,0.989146,high_consensus,,0.0,missing,0--1,0.978391,high_consensus,轻度,0.989158,high_consensus,1--30,0.987844,high_consensus,无,0.989068,high_consensus,暗红,0.989059,high_consensus,无,0.988909,high_consensus,无,0.988989,high_consensus,可见2排,0.989076,high_consensus,平坦,0.988994,high_consensus,0--2,0.970164,high_consensus,0.3,1.0,high_consensus|score_additivity_consistent,1.0,1.0,high_consensus|score_additivity_consistent,2.0,1.0,high_consensus|score_additivity_consistent,3.3,1.0,high_consensus|score_additivity_consistent,轻度异常,0.988824,high_consensus,0.912184,2
recovered_archive2/191,清晰,0.989173,high_consensus,>=7,0.987552,high_consensus,11,0.988975,high_consensus,11,0.988967,high_consensus,1.0,1.0,high_consensus|ratio_consistent,18,0.98906,high_consensus,288,0.989059,high_consensus,<=30%,0.987408,high_consensus,<=10%,0.988,high_consensus,线粒流,0.989169,high_consensus,,0.0,missing,0--1,0.977691,high_consensus,轻度,0.989158,high_consensus,1--30,0.988197,high_consensus,无,0.989077,high_consensus,浅红,0.989152,high_consensus,+,0.987177,high_consensus,1--2,0.98705,high_consensus,可见1排,0.989099,high_consensus,波纹状,0.988664,high_consensus,0--2,0.971051,high_consensus,0.2,1.0,high_consensus|score_additivity_consistent,0.4,1.0,high_consensus|score_additivity_consistent,2.4,1.0,high_consensus|score_additivity_consistent,3.0,1.0,high_consensus|score_additivity_consistent,轻度异常,0.988824,high_consensus,0.951635,1
recovered_archive2/192,清晰,0.989143,high_consensus,5--6,0.988163,high_consensus,13,0.989108,high_consensus,18,0.989067,high_consensus,1.4,1.0,high_consensus|ratio_consistent,28,0.989137,high_consensus,261,0.989047,high_consensus,<=30%,0.987408,high_consensus,<=10%,0.988005,high_consensus,粒缓流,0.989193,high_consensus,,0.0,missing,2--4,0.988317,high_consensus,轻度,0.989156,high_consensus,>30,0.988063,high_consensus,1--2,0.987548,high_consensus,浅红,0.989152,high_consensus,无,0.989028,high_consensus,无,0.988989,high_consensus,可见2排,0.989091,high_consensus,浅波纹状,0.988575,high_consensus,0--2,0.971051,high_consensus,2.1,1.0,high_consensus|score_additivity_consistent,4.3,1.0,high_consensus|score_additivity_consistent,0.8,1.0,high_consensus|score_additivity_consistent,7.2,1.0,high_consensus|score_additivity_consistent,中度异常,0.989052,high_consensus,0.952165,1
recovered_archive2/193,不清,0.989189,high_consensus,>=7,0.987557,high_consensus,11,0.988975,high_consensus,15,0.989059,high_consensus,1.4,1.0,high_consensus|ratio_consistent,32,0.989139,high_consensus,404,0.989108,high_consensus,<=30%,0.987408,high_consensus,<=10%,0.988005,high_consensus,粒流,0.989187,high_consensus,,0.0,missing,0--1,0.97773,high_consensus,中度,0.989188,high_consensus,1--30,0.988072,high_consensus,>2,0.985791,high_consensus,暗红,0.989167,high_consensus,+,0.984915,high_consensus,无,0.988991,high_consensus,可见1排,0.98904,high_consensus,平坦,0.988927,high_consensus,0--2,0.970164,high_consensus,3.2,1.0,high_consensus|score_additivity_consistent,7.0,1.0,high_consensus|score_additivity_consistent,3.2,1.0,high_consensus|score_additivity_consistent,13.4,1.0,high_consensus|score_additivity_consistent,重度异常,0.989019,high_consensus,0.951486,1
recovered_archive2/194,不清,0.989185,high_consensus,3--4,0.987932,high_consensus,7,0.988606,high_consensus,8,0.988303,high_consensus,1.1,1.0,high_consensus|ratio_consistent,8,0.988508,high_consensus,107,0.989069,high_consensus,30--60%,0.987856,high_consensus,,0.0,missing,线粒流,0.989161,high_consensus,,0.0,missing,0--1,0.979821,high_consensus,无,0.9891,high_consensus,1--30,0.987844,high_consensus,无,0.989077,high_consensus,浅红,0.989151,high_consensus,+,0.984926,high_consensus,无,0.989076,high_consensus,可见1排,0.989099,high_consensus,平坦,0.988927,high_consensus,0--2,0.971051,high_consensus,3.6,1.0,high_consensus|score_additivity_consistent,0.2,1.0,high_consensus|score_additivity_consistent,3.2,1.0,high_consensus|score_additivity_consistent,7.0,1.0,high_consensus|score_additivity_consistent,中度异常,0.988981,high_consensus,0.91368,2
recovered_archive2/195,清晰,0.989173,high_consensus,>=7,0.987552,high_consensus,8,0.988626,high_consensus,18,0.989045,high_consensus,2.3,1.0,high_consensus|ratio_consistent,14,0.989025,high_consensus,459,0.989143,high_consensus,<=30%,0.987408,high_consensus,30--60%,0.988602,high_consensus,粒线流,0.989129,high_consensus,,0.0,rapid_layout_missing_qwen_only|invalid_non_numeric_removed,0--1,0.978391,high_consensus,轻度,0.989158,high_consensus,1--30,0.988072,high_consensus,1--2,0.986369,high_consensus,浅红,0.989152,high_consensus,无,0.989028,high_consensus,无,0.988989,high_consensus,可见1排,0.989099,high_consensus,波纹状,0.988663,high_consensus,0--2,0.2005,rapid_layout_missing_qwen_only,2.7,1.0,high_consensus|score_additivity_consistent,2.8,1.0,high_consensus|score_additivity_consistent,0.1,1.0,high_consensus|score_additivity_consistent,5.6,1.0,high_consensus|score_additivity_consistent,中度异常,0.988979,high_consensus,0.922081,2
recovered_archive2/196,不清,0.989189,high_consensus,>=7,0.987557,high_consensus,,0.0,rapid_layout_missing_qwen_only|invalid_non_numeric_removed,,0.0,rapid_layout_missing_qwen_only|invalid_non_numeric_removed,,0.0,missing,,0.0,rapid_layout_missing_qwen_only|invalid_non_numeric_removed,123,0.989089,high_consensus,<=30%,0.987882,high_consensus,>60%,0.983487,high_consensus,粒线流,0.98913,high_consensus,,0.0,missing,0--1,0.978337,high_consensus,重度,0.989137,high_consensus,1--30,0.988072,high_consensus,无,0.989068,high_consensus,暗红,0.989135,high_consensus,++,0.944408,high_consensus,无,0.988751,high_consensus,可见1排,0.989099,high_consensus,平坦,0.988927,high_consensus,0--2,0.971051,high_consensus,1.6,1.0,high_consensus|score_additivity_consistent,3.8,1.0,high_consensus|score_additivity_consistent,4.1,0.2605,rapid_layout_missing_qwen_only|score_additivity_consistent,9.5,1.0,high_consensus|score_additivity_consistent,重度异常,0.989046,high_consensus,0.768918,6
recovered_archive2/197,不清,0.989189,high_consensus,>=7,0.987557,high_consensus,10,0.989092,high_consensus,13,0.989087,high_consensus,1.3,1.0,high_consensus|ratio_consistent,13,0.989096,high_consensus,185,0.989074,high_consensus,<=30%,0.987408,high_consensus,<=10%,0.988005,high_consensus,粒线流,0.988996,high_consensus,,0.0,missing,0--1,0.977691,high_consensus,轻度,0.989158,high_consensus,1--30,0.988197,high_consensus,无,0.989077,high_consensus,浅红,0.989153,high_consensus,+,0.984926,high_consensus,无,0.988991,high_consensus,不见,0.989188,high_consensus,浅波纹状,0.988543,high_consensus,0--2,0.971051,high_consensus,0.2,1.0,high_consensus|score_additivity_consistent,0.8,1.0,high_consensus|score_additivity_consistent,1.9,1.0,high_consensus|score_additivity_consistent,2.9,1.0,high_consensus|score_additivity_consistent,轻度异常,0.988824,high_consensus,0.951627,1
recovered_archive2/198,不清,0.989185,high_consensus,5--6,0.988172,high_consensus,13,0.989108,high_consensus,17,0.989087,high_consensus,1.3,1.0,high_consensus|ratio_consistent,18,0.98906,high_consensus,195,0.989121,high_consensus,30--60%,0.987965,high_consensus,30--60%,0.988602,high_consensus,粒线流,0.989129,high_consensus,,0.0,missing,0--1,0.979385,high_consensus,中度,0.989188,high_consensus,1--30,0.987678,high_consensus,>2,0.985791,high_consensus,暗红,0.989135,high_consensus,++,0.94482,high_consensus,无,0.988991,high_consensus,可见1排,0.989071,high_consensus,浅波纹状,0.988571,high_consensus,0--2,0.971051,high_consensus,1.6,1.0,high_consensus|score_additivity_consistent,6.6,1.0,high_consensus|score_additivity_consistent,2.9,1.0,high_consensus|score_additivity_consistent,11.1,1.0,high_consensus|score_additivity_consistent,重度异常,0.989046,high_consensus,0.950083,1
recovered_archive2/199,不清,0.989185,high_consensus,5--6,0.988172,high_consensus,,0.0,rapid_layout_missing_qwen_only|invalid_non_numeric_removed,,0.0,rapid_layout_missing_qwen_only|invalid_non_numeric_removed,1.3,0.2005,rapid_layout_missing_qwen_only,,0.0,rapid_layout_missing_qwen_only|invalid_non_numeric_removed,425,0.989107,high_consensus,<=30%,0.987408,high_consensus,<=10%,0.988005,high_consensus,粒线流,0.989117,high_consensus,,0.0,rapid_layout_missing_qwen_only|invalid_non_numeric_removed,0--1,0.979385,high_consensus,中度,0.989188,high_consensus,1--30,0.988197,high_consensus,1--2,0.987027,high_consensus,暗红,0.989133,high_consensus,无,0.988909,high_consensus,无,0.988838,high_consensus,">2排,扩张",0.986158,high_consensus,波纹状,0.988663,high_consensus,0--2,0.971051,high_consensus,3.0,1.0,high_consensus|score_additivity_consistent,3.8,1.0,high_consensus|score_additivity_consistent,1.0,1.0,high_consensus|score_additivity_consistent,7.8,1.0,high_consensus|score_additivity_consistent,中度异常,0.988981,high_consensus,0.806809,5
recovered_archive2/200,不清,0.989189,high_consensus,>=7,0.987557,high_consensus,8,0.988626,high_consensus,14,0.988951,high_consensus,1.8,1.0,high_consensus|ratio_consistent,20,0.989116,high_consensus,234,0.989155,high_consensus,<=30%,0.987408,high_consensus,<=10%,0.988005,high_consensus,粒线流,0.988996,high_consensus,,0.0,missing,0--1,0.977691,high_consensus,轻度,0.989158,high_consensus,1--30,0.988197,high_consensus,1--2,0.986358,high_consensus,暗红,0.989135,high_consensus,+,0.984915,high_consensus,无,0.988991,high_consensus,不见,0.989188,high_consensus,平坦,0.989028,high_consensus,0--2,0.976796,high_consensus,0.5,1.0,high_consensus|score_additivity_consistent,3.0,1.0,high_consensus|score_additivity_consistent,3.1,1.0,high_consensus|score_additivity_consistent,6.6,1.0,high_consensus|score_additivity_consistent,中度异常,0.989056,high_consensus,0.951751,1
recovered_archive3/201,清晰,0.989173,high_consensus,>=7,0.987552,high_consensus,13,0.989117,high_consensus,17,0.989087,high_consensus,1.3,1.0,high_consensus|ratio_consistent,15,0.989076,high_consensus,125,0.989061,high_consensus,<=30%,0.987408,high_consensus,<=10%,0.988005,high_consensus,粒流,0.989196,high_consensus,,0.0,missing,0--1,0.978384,high_consensus,中度,0.989188,high_consensus,1--30,0.988197,high_consensus,无,0.989063,high_consensus,淡红,0.989167,high_consensus,+,0.984943,high_consensus,无,0.98882,high_consensus,">2排,扩张",0.986441,high_consensus,平坦,0.988967,high_consensus,,0.0,missing,0.2,1.0,high_consensus|score_additivity_consistent,1.8,1.0,high_consensus|score_additivity_consistent,4.1,1.0,high_consensus|score_additivity_consistent,6.1,1.0,high_consensus|score_additivity_consistent,中度异常,0.988981,high_consensus,0.914224,2
recovered_archive3/202,清晰,0.989143,high_consensus,3--4,0.988421,high_consensus,13,0.989108,high_consensus,15,0.989059,high_consensus,1.2,1.0,high_consensus|ratio_consistent,22,0.989148,high_consensus,156,0.989077,high_consensus,60--80%,0.988386,high_consensus,>60%,0.983328,high_consensus,粒流,0.989184,high_consensus,,0.0,missing,2--4,0.988256,high_consensus,中度,0.989182,high_consensus,1--30,0.988197,high_consensus,无,0.989077,high_consensus,浅红,0.989156,high_consensus,无,0.989028,high_consensus,无,0.988989,high_consensus,不见,0.989188,high_consensus,平坦,0.989028,high_consensus,0--2,0.976796,high_consensus,4.2,1.0,high_consensus|score_additivity_consistent,2.1,1.0,high_consensus|score_additivity_consistent,1.6,1.0,high_consensus|score_additivity_consistent,7.9,1.0,high_consensus|score_additivity_consistent,中度异常,0.989052,high_consensus,0.952339,1
recovered_archive3/203,不清,0.946892,high_consensus,>=7,0.945668,high_consensus,8,0.957106,high_consensus,11,0.957224,high_consensus,1.4,1.0,high_consensus|ratio_consistent,10,0.95739,high_consensus,322,0.957413,high_consensus,<=30%,0.987655,high_consensus,>60%,0.982836,high_consensus,粒流,0.989191,high_consensus,,0.0,rapid_layout_missing_qwen_only|invalid_non_numeric_removed,0--1,0.97773,high_consensus,中度,0.989188,high_consensus,1--30,0.988197,high_consensus,无,0.989068,high_consensus,暗红,0.969349,high_consensus,无,0.988909,high_consensus,无,0.988989,high_consensus,不见,0.989188,high_consensus,浅波纹状,0.968743,high_consensus,0--2,0.974516,high_consensus,2.1,1.0,high_consensus|score_additivity_consistent,2.2,1.0,high_consensus|score_additivity_consistent,0.4,1.0,high_consensus|score_additivity_consistent,4.7,1.0,high_consensus|score_additivity_consistent,中度异常,0.946789,high_consensus,0.940463,1
recovered_archive3/204,清晰,0.989173,high_consensus,>=7,0.987552,high_consensus,8,0.98892,high_consensus,10,0.989084,high_consensus,1.3,1.0,high_consensus|ratio_consistent,18,0.98906,high_consensus,357,0.989109,high_consensus,>80%,0.982259,high_consensus,,0.0,missing,粒线流,0.989146,high_consensus,,0.0,rapid_layout_missing_qwen_only|invalid_non_numeric_removed,0--1,0.979385,high_consensus,中度,0.989188,high_consensus,1--30,0.987844,high_consensus,>2,0.985177,high_consensus,浅红,0.989163,high_consensus,无,0.989028,high_consensus,无,0.988838,high_consensus,">2排,扩张",0.986158,high_consensus,波纹状,0.988663,high_consensus,0--2,0.971051,high_consensus,1.9,1.0,high_consensus|score_additivity_consistent,6.4,1.0,high_consensus|score_additivity_consistent,1.0,1.0,high_consensus|score_additivity_consistent,9.3,1.0,high_consensus|score_additivity_consistent,重度异常,0.989046,high_consensus,0.913379,2
recovered_archive3/205,清晰,0.989173,high_consensus,5--6,0.988163,high_consensus,18,0.989083,high_consensus,25,0.989123,high_consensus,1.4,1.0,high_consensus|ratio_consistent,32,0.989139,high_consensus,292,0.989086,high_consensus,30--60%,0.988491,high_consensus,<=10%,0.988005,high_consensus,粒流,0.989192,high_consensus,,0.0,missing,0--1,0.981866,high_consensus,中度,0.989188,high_consensus,1--30,0.988072,high_consensus,1--2,0.986534,high_consensus,浅红,0.955331,high_consensus,+,0.984924,high_consensus,无,0.988991,high_consensus,可见2排,0.989085,high_consensus,浅波纹状,0.988575,high_consensus,0--2,0.971051,high_consensus,4.2,1.0,high_consensus|score_additivity_consistent,5.0,1.0,high_consensus|score_additivity_consistent,2.3,1.0,high_consensus|score_additivity_consistent,11.5,1.0,high_consensus|score_additivity_consistent,重度异常,0.989046,high_consensus,0.950466,1
recovered_archive3/206,清晰,0.989173,high_consensus,>=7,0.987552,high_consensus,13,0.989117,high_consensus,15,0.989059,high_consensus,1.2,1.0,high_consensus|ratio_consistent,14,0.988999,high_consensus,294,0.989126,high_consensus,<=30%,0.987413,high_consensus,30--60%,0.988602,high_consensus,粒缓流,0.989195,high_consensus,,0.0,missing,0--1,0.979793,high_consensus,重度,0.9891,high_consensus,1--30,0.988197,high_consensus,>2,0.985283,high_consensus,暗红,0.989133,high_consensus,无,0.988909,high_consensus,无,0.988989,high_consensus,可见2排,0.989085,high_consensus,浅波纹状,0.988575,high_consensus,0--2,0.971051,high_consensus,0.6,1.0,high_consensus|score_additivity_consistent,9.8,1.0,high_consensus|score_additivity_consistent,0.8,1.0,high_consensus|score_additivity_consistent,11.2,1.0,high_consensus|score_additivity_consistent,重度异常,0.989046,high_consensus,0.951746,1
recovered_archive3/207,清晰,0.989173,high_consensus,>=7,0.987552,high_consensus,11,0.988975,high_consensus,18,0.989067,high_consensus,1.6,1.0,high_consensus|ratio_consistent,25,0.989112,high_consensus,294,0.989127,high_consensus,<=30%,0.987413,high_consensus,<=10%,0.988,high_consensus,线粒流,0.989169,high_consensus,,0.0,missing,0--1,0.977691,high_consensus,轻度,0.989158,high_consensus,1--30,0.988072,high_consensus,1--2,0.986507,high_consensus,淡红,0.989172,high_consensus,+,0.984943,high_consensus,无,0.988991,high_consensus,可见2排,0.989085,high_consensus,浅波纹状,0.988575,high_consensus,0--2,0.971051,high_consensus,1.3,1.0,high_consensus|score_additivity_consistent,2.2,1.0,high_consensus|score_additivity_consistent,2.3,1.0,high_consensus|score_additivity_consistent,5.8,1.0,high_consensus|score_additivity_consistent,中度异常,0.989052,high_consensus,0.951534,1
recovered_archive3/208,清晰,0.989173,high_consensus,>=7,0.987552,high_consensus,12,0.98908,high_consensus,16,0.98907,high_consensus,1.3,1.0,high_consensus|ratio_consistent,17,0.98912,high_consensus,449,0.989147,high_consensus,<=30%,0.987408,high_consensus,<=10%,0.988,high_consensus,线粒流,0.989169,high_consensus,,0.0,missing,0--1,0.977691,high_consensus,轻度,0.989158,high_consensus,1--30,0.988197,high_consensus,无,0.989077,high_consensus,浅红,0.989153,high_consensus,+,0.984926,high_consensus,无,0.988991,high_consensus,可见2排,0.989076,high_consensus,波纹状,0.988666,high_consensus,0--2,0.971051,high_consensus,2.0,1.0,high_consensus|score_additivity_consistent,0.4,1.0,high_consensus|score_additivity_consistent,1.9,1.0,high_consensus|score_additivity_consistent,4.3,1.0,high_consensus|score_additivity_consistent,中度异常,0.989056,high_consensus,0.951645,1
recovered_archive3/209,不清,0.989185,high_consensus,5--6,0.98799,high_consensus,7,0.988269,high_consensus,13,0.989054,high_consensus,1.9,1.0,high_consensus|ratio_consistent,10,0.98907,high_consensus,143,0.989134,high_consensus,60--80%,0.988357,high_consensus,,0.0,missing,线粒流,0.989161,high_consensus,,0.0,missing,0--1,0.979821,high_consensus,无,0.9891,high_consensus,1--30,0.987844,high_consensus,无,0.989063,high_consensus,淡红,0.989146,high_consensus,无,0.989019,high_consensus,无,0.988989,high_consensus,不见,0.989188,high_consensus,波纹状,0.988644,high_consensus,0--2,0.971051,high_consensus,1.9,1.0,high_consensus|score_additivity_consistent,0.0,1.0,high_consensus|score_additivity_consistent,0.0,1.0,high_consensus|score_additivity_consistent,1.9,1.0,high_consensus|score_additivity_consistent,大致正常,0.989052,high_consensus,0.91389,2
recovered_archive3/210,清晰,0.989143,high_consensus,5--6,0.988163,high_consensus,8,0.988786,high_consensus,13,0.989069,high_consensus,1.6,1.0,high_consensus|ratio_consistent,25,0.989121,high_consensus,177,0.989036,high_consensus,<=30%,0.987408,high_consensus,>60%,0.983328,high_consensus,粒流,0.989184,high_consensus,,0.0,missing,0--1,0.97773,high_consensus,中度,0.989188,high_consensus,1--30,0.988197,high_consensus,无,0.989077,high_consensus,浅红,0.989153,high_consensus,+,0.984926,high_consensus,无,0.988991,high_consensus,不见,0.989188,high_consensus,波纹状,0.988644,high_consensus,0--2,0.971051,high_consensus,3.2,1.0,high_consensus|score_additivity_consistent,2.0,1.0,high_consensus|score_additivity_consistent,1.5,1.0,high_consensus|score_additivity_consistent,6.7,1.0,high_consensus|score_additivity_consistent,中度异常,0.989052,high_consensus,0.951478,1
recovered_archive3/211,不清,0.989189,high_consensus,>=7,0.987557,high_consensus,10,0.989092,high_consensus,14,0.988971,high_consensus,1.4,1.0,high_consensus|ratio_consistent,14,0.988999,high_consensus,138,0.989026,high_consensus,60--80%,0.987625,high_consensus,10--30%,0.988271,high_consensus,粒线流,0.989129,high_consensus,,0.0,missing,0--1,0.979821,high_consensus,无,0.9891,high_consensus,1--30,0.987844,high_consensus,无,0.989068,high_consensus,暗红,0.989052,high_consensus,+,0.984915,high_consensus,无,0.988991,high_consensus,不见,0.989188,high_consensus,平坦,0.989028,high_consensus,0--2,0.976796,high_consensus,1.0,1.0,high_consensus|score_additivity_consistent,0.8,1.0,high_consensus|score_additivity_consistent,1.6,1.0,high_consensus|score_additivity_consistent,3.4,1.0,high_consensus|score_additivity_consistent,轻度异常,0.988824,high_consensus,0.951942,1
recovered_archive3/212,不清,0.989185,high_consensus,3--4,0.988451,high_consensus,10,0.989092,high_consensus,13,0.989087,high_consensus,1.3,1.0,high_consensus|ratio_consistent,11,0.988987,high_consensus,648,0.989087,high_consensus,<=30%,0.987408,high_consensus,<=10%,0.988005,high_consensus,粒流,0.989196,high_consensus,,0.0,missing,0--1,0.978391,high_consensus,轻度,0.989158,high_consensus,1--30,0.988072,high_consensus,无,0.989068,high_consensus,暗红,0.989167,high_consensus,+,0.984915,high_consensus,无,0.989078,high_consensus,">2排,扩张",0.986188,high_consensus,浅波纹状,0.988767,high_consensus,,0.0,missing,4.3,1.0,high_consensus|score_additivity_consistent,1.4,1.0,high_consensus|score_additivity_consistent,2.9,1.0,high_consensus|score_additivity_consistent,8.6,1.0,high_consensus|score_additivity_consistent,重度异常,0.988946,high_consensus,0.91424,2
recovered_archive3/213,不清,0.989189,high_consensus,>=7,0.987557,high_consensus,7,0.988502,high_consensus,8,0.988303,high_consensus,1.1,1.0,high_consensus|ratio_consistent,14,0.989025,high_consensus,345,0.989127,high_consensus,<=30%,0.987408,high_consensus,<=10%,0.988005,high_consensus,粒流,0.989187,high_consensus,,0.0,missing,0--1,0.977492,high_consensus,中度,0.989188,high_consensus,1--30,0.988072,high_consensus,1--2,0.987194,high_consensus,暗红,0.989135,high_consensus,+,0.984915,high_consensus,无,0.988991,high_consensus,可见1排,0.989099,high_consensus,波纹状,0.988664,high_consensus,0--2,0.971051,high_consensus,1.2,1.0,high_consensus|score_additivity_consistent,4.2,1.0,high_consensus|score_additivity_consistent,1.6,1.0,high_consensus|score_additivity_consistent,7.0,1.0,high_consensus|score_additivity_consistent,中度异常,0.989052,high_consensus,0.951506,1
recovered_archive3/214,不清,0.989185,high_consensus,5--6,0.988172,high_consensus,21,0.989097,high_consensus,24,0.989134,high_consensus,1.1,1.0,high_consensus|ratio_consistent,27,0.989138,high_consensus,239,0.989126,high_consensus,60--80%,0.988274,high_consensus,<=10%,0.988005,high_consensus,粒流,0.989179,high_consensus,,0.0,missing,,0.0,missing,中度,0.849923,single_engine,1--30,0.843235,single_engine,>2,0.834851,single_engine,暗红,0.849854,single_engine,+,0.645331,engine_conflict,无,0.98882,high_consensus,">2排,扩张",0.986028,high_consensus,平坦,0.988898,high_consensus,0--2,0.971051,high_consensus,4.4,1.0,high_consensus|score_additivity_consistent,7.0,1.0,high_consensus|score_additivity_consistent,4.1,1.0,high_consensus|score_additivity_consistent,15.5,1.0,high_consensus|score_additivity_consistent,重度异常,0.989046,high_consensus,0.878706,2
recovered_archive3/215,不清,0.989189,high_consensus,>=7,0.987557,high_consensus,8,0.988626,high_consensus,18,0.989045,high_consensus,2.3,1.0,high_consensus|ratio_consistent,18,0.98906,high_consensus,184,0.989001,high_consensus,30--60%,0.987856,high_consensus,<=10%,0.988,high_consensus,粒线流,0.989117,high_consensus,,0.0,missing,0--1,0.978391,high_consensus,轻度,0.989158,high_consensus,1--30,0.987844,high_consensus,>2,0.985799,high_consensus,浅红,0.989172,high_consensus,+,0.984926,high_consensus,无,0.989078,high_consensus,">2排,扩张",0.986188,high_consensus,浅波纹状,0.988767,high_consensus,0--2,0.971051,high_consensus,0.7,1.0,high_consensus|score_additivity_consistent,5.6,1.0,high_consensus|score_additivity_consistent,2.9,1.0,high_consensus|score_additivity_consistent,9.2,1.0,high_consensus|score_additivity_consistent,重度异常,0.989046,high_consensus,0.951418,1
recovered_archive3/216,不清,0.989185,high_consensus,5--6,0.98799,high_consensus,7,0.988606,high_consensus,7,0.988239,high_consensus,1.0,1.0,high_consensus|ratio_consistent,9,0.989062,high_consensus,181,0.989022,high_consensus,,0.0,missing,,0.0,missing,粒线流,0.989146,high_consensus,,0.0,missing,0--1,0.978391,high_consensus,轻度,0.989156,high_consensus,1--30,0.988197,high_consensus,1--2,0.987194,high_consensus,暗红,0.989135,high_consensus,+,0.984915,high_consensus,无,0.988991,high_consensus,不见,0.989188,high_consensus,浅波纹状,0.988543,high_consensus,0--2,0.971051,high_consensus,1.7,1.0,high_consensus|score_additivity_consistent,3.0,1.0,high_consensus|score_additivity_consistent,1.9,1.0,high_consensus|score_additivity_consistent,6.6,1.0,high_consensus|score_additivity_consistent,中度异常,0.988981,high_consensus,0.875577,3
recovered_archive3/217,清晰,0.989143,high_consensus,>=7,0.987552,high_consensus,7,0.988502,high_consensus,8,0.988303,high_consensus,1.1,1.0,high_consensus|ratio_consistent,14,0.989025,high_consensus,227,0.988879,high_consensus,<=30%,0.987408,high_consensus,10--30%,0.988264,high_consensus,粒流,0.989196,high_consensus,,0.0,rapid_layout_missing_qwen_only|invalid_non_numeric_removed,0--1,0.978732,high_consensus,轻度,0.989158,high_consensus,1--30,0.988197,high_consensus,无,0.989068,high_consensus,暗红,0.989149,high_consensus,无,0.988909,high_consensus,无,0.988989,high_consensus,不见,0.989188,high_consensus,波纹状,0.988644,high_consensus,0--2,0.971051,high_consensus,0.8,1.0,high_consensus|score_additivity_consistent,1.4,1.0,high_consensus|score_additivity_consistent,0.0,1.0,high_consensus|score_additivity_consistent,2.2,1.0,high_consensus|score_additivity_consistent,轻度异常,0.988992,high_consensus,0.951783,1
recovered_archive3/218,清晰,0.989173,high_consensus,5--6,0.988163,high_consensus,6,0.904462,high_consensus,14,0.98898,high_consensus,2.3,0.984541,high_consensus|ratio_consistent,11,0.989005,high_consensus,301,0.989137,high_consensus,30--60%,0.988497,high_consensus,<=10%,0.988005,high_consensus,粒线流,0.98913,high_consensus,,0.0,missing,0--1,0.979385,high_consensus,中度,0.989188,high_consensus,1--30,0.987844,high_consensus,>2,0.985791,high_consensus,暗红,0.989167,high_consensus,+,0.984915,high_consensus,无,0.989078,high_consensus,">2排,扩张",0.986013,high_consensus,浅波纹状,0.988767,high_consensus,0--2,0.971051,high_consensus,2.3,0.964422,high_consensus|score_additivity_consistent,6.6,1.0,high_consensus|score_additivity_consistent,2.9,1.0,high_consensus|score_additivity_consistent,11.8,0.964565,high_consensus|score_additivity_consistent,重度异常,0.989046,high_consensus,0.944936,1
recovered_archive3/219,不清,0.989185,high_consensus,1--2,0.98754,high_consensus,14,0.989009,high_consensus,46,0.989124,high_consensus,3.3,1.0,high_consensus|ratio_consistent,35,0.989034,high_consensus,167,0.989022,high_consensus,<=30%,0.987408,high_consensus,30--60%,0.988602,high_consensus,粒缓流,0.989195,high_consensus,,0.0,missing,0--1,0.978337,high_consensus,重度,0.989159,high_consensus,1--30,0.988197,high_consensus,无,0.989133,high_consensus,,0.0,missing,+,0.646011,engine_conflict,无,0.988871,high_consensus,不见,0.989188,high_consensus,浅波纹状,0.988543,high_consensus,0--2,0.971051,high_consensus,6.6,1.0,high_consensus|score_additivity_consistent,4.6,1.0,high_consensus|score_additivity_consistent,1.9,1.0,high_consensus|score_additivity_consistent,13.1,1.0,high_consensus|score_additivity_consistent,重度异常,0.989046,high_consensus,0.900602,2
recovered_archive3/220,不清,0.989189,high_consensus,>=7,0.987557,high_consensus,13,0.989117,high_consensus,17,0.989087,high_consensus,1.3,1.0,high_consensus|ratio_consistent,18,0.98906,high_consensus,131,0.988967,high_consensus,<=30%,0.987568,high_consensus,<=10%,0.988008,high_consensus,线粒流,0.989155,high_consensus,,0.0,missing,0--1,0.978391,high_consensus,轻度,0.989158,high_consensus,1--30,0.987844,high_consensus,>2,0.985799,high_consensus,浅红,0.989163,high_consensus,++,0.947076,high_consensus,1--2,0.98705,high_consensus,可见1排,0.989099,high_consensus,浅波纹状,0.988571,high_consensus,,0.0,missing,0.4,1.0,high_consensus|score_additivity_consistent,5.2,1.0,high_consensus|score_additivity_consistent,3.7,1.0,high_consensus|score_additivity_consistent,9.3,1.0,high_consensus|score_additivity_consistent,重度异常,0.988946,high_consensus,0.912646,2
recovered_archive3/221,清晰,0.989143,high_consensus,>=7,0.987552,high_consensus,4,0.98752,high_consensus,8,0.988319,high_consensus,2.0,1.0,high_consensus|ratio_consistent,10,0.98907,high_consensus,120,0.989069,high_consensus,60--80%,0.987625,high_consensus,10--30%,0.988271,high_consensus,线粒流,0.989161,high_consensus,,0.0,rapid_layout_missing_qwen_only|invalid_non_numeric_removed,0--1,0.979821,high_consensus,无,0.9891,high_consensus,1--30,0.987678,high_consensus,无,0.989077,high_consensus,浅红,0.989152,high_consensus,无,0.989028,high_consensus,无,0.988989,high_consensus,可见2排,0.989073,high_consensus,平坦,0.988994,high_consensus,0--2,0.970164,high_consensus,2.1,1.0,high_consensus|score_additivity_consistent,0.2,1.0,high_consensus|score_additivity_consistent,2.0,1.0,high_consensus|score_additivity_consistent,4.3,1.0,high_consensus|score_additivity_consistent,中度异常,0.989056,high_consensus,0.951764,1
recovered_archive3/222,不清,0.989189,high_consensus,>=7,0.987557,high_consensus,,0.0,rapid_layout_missing_qwen_only|invalid_non_numeric_removed,,0.0,rapid_layout_missing_qwen_only|invalid_non_numeric_removed,,0.0,missing,21,0.989092,high_consensus,346,0.989135,high_consensus,<=30%,0.987869,high_consensus,>60%,0.983487,high_consensus,粒缓流,0.989195,high_consensus,,0.0,rapid_layout_missing_qwen_only|invalid_non_numeric_removed,0--1,0.979793,high_consensus,重度,0.989137,high_consensus,1--30,0.988197,high_consensus,1--2,0.987194,high_consensus,暗红,0.989135,high_consensus,+,0.984915,high_consensus,无,0.988991,high_consensus,不见,0.989188,high_consensus,平坦,0.989031,high_consensus,0--2,0.974516,high_consensus,1.9,1.0,high_consensus|score_additivity_consistent,7.0,1.0,high_consensus|score_additivity_consistent,3.1,1.0,high_consensus|score_additivity_consistent,12.0,1.0,high_consensus|score_additivity_consistent,重度异常,0.989046,high_consensus,0.837103,4
recovered_archive3/223,不清,0.989177,high_consensus,,0.0,missing,,0.0,missing,,0.0,missing,,0.0,missing,,0.0,missing,,0.0,missing,,0.0,missing,,0.0,missing,粒缓流,0.98919,high_consensus,,0.0,missing,0--1,0.979385,high_consensus,中度,0.989181,high_consensus,1--30,0.987844,high_consensus,1--2,0.987194,high_consensus,暗红,0.989135,high_consensus,+,0.985287,high_consensus,无,0.988991,high_consensus,不见,0.989187,high_consensus,平坦,0.989034,high_consensus,,0.0,missing,0.2,1.0,high_consensus|score_additivity_consistent,5.0,1.0,high_consensus|score_additivity_consistent,3.1,0.2605,rapid_layout_missing_qwen_only|score_additivity_consistent,8.3,1.0,high_consensus|score_additivity_consistent,重度异常,0.988946,high_consensus,0.581271,11
recovered_archive3/224,不清,0.989185,high_consensus,5--6,0.988172,high_consensus,,0.0,rapid_layout_missing_qwen_only|invalid_non_numeric_removed,,0.0,rapid_layout_missing_qwen_only|invalid_non_numeric_removed,1.3,0.2005,rapid_layout_missing_qwen_only,,0.0,rapid_layout_missing_qwen_only|invalid_non_numeric_removed,317,0.989016,high_consensus,<=30%,0.2005,rapid_layout_missing_qwen_only,>60%,0.983347,high_consensus,粒线流,0.989146,high_consensus,,0.0,rapid_layout_missing_qwen_only|invalid_non_numeric_removed,0--1,0.978337,high_consensus,重度,0.989137,high_consensus,1--30,0.987844,high_consensus,无,0.989068,high_consensus,暗红,0.989135,high_consensus,++,0.944408,high_consensus,无,0.988991,high_consensus,不见,0.989188,high_consensus,浅波纹状,0.988543,high_consensus,0--2,0.973025,high_consensus,2.6,1.0,high_consensus|score_additivity_consistent,3.8,1.0,high_consensus|score_additivity_consistent,2.8,1.0,high_consensus|score_additivity_consistent,9.2,1.0,high_consensus|score_additivity_consistent,重度异常,0.988946,high_consensus,0.774865,6
recovered_archive3/225,清晰,0.989173,high_consensus,>=7,0.987552,high_consensus,11,0.988975,high_consensus,15,0.989017,high_consensus,1.4,1.0,high_consensus|ratio_consistent,22,0.989148,high_consensus,428,0.989087,high_consensus,<=30%,0.987408,high_consensus,<=10%,0.988008,high_consensus,线粒流,0.989169,high_consensus,,0.0,missing,0--1,0.977691,high_consensus,轻度,0.989158,high_consensus,1--30,0.988197,high_consensus,1--2,0.986369,high_consensus,浅红,0.989156,high_consensus,无,0.989028,high_consensus,无,0.988989,high_consensus,可见2排,0.989076,high_consensus,波纹状,0.988666,high_consensus,0--2,0.971051,high_consensus,2.4,1.0,high_consensus|score_additivity_consistent,2.4,1.0,high_consensus|score_additivity_consistent,0.4,1.0,high_consensus|score_additivity_consistent,5.2,1.0,high_consensus|score_additivity_consistent,中度异常,0.989052,high_consensus,0.951691,1
recovered_archive3/226,,0.0,missing,>=7,0.986631,high_consensus,10,0.989089,high_consensus,14,0.98904,high_consensus,1.4,1.0,high_consensus|ratio_consistent,12,0.989087,high_consensus,100,0.989051,high_consensus,30--60%,0.987965,high_consensus,30--60%,0.988602,high_consensus,粒缓流,0.989195,high_consensus,,0.0,missing,0--1,0.978337,high_consensus,重度,0.989159,high_consensus,1--30,0.987844,high_consensus,>2,0.985791,high_consensus,暗红,0.989135,high_consensus,++,0.944408,high_consensus,无,0.988812,high_consensus,">2排,扩张",0.986013,high_consensus,浅波纹状,0.988767,high_consensus,,0.0,missing,0.8,1.0,high_consensus|score_additivity_consistent,9.8,1.0,high_consensus|score_additivity_consistent,3.8,1.0,high_consensus|score_additivity_consistent,14.4,1.0,high_consensus|score_additivity_consistent,重度异常,0.988946,high_consensus,0.874457,3
recovered_archive3/227,不清,0.989185,high_consensus,3--4,0.987333,high_consensus,,0.0,rapid_layout_missing_qwen_only|invalid_non_numeric_removed,,0.0,rapid_layout_missing_qwen_only|invalid_non_numeric_removed,1.3,0.2005,rapid_layout_missing_qwen_only,,0.0,rapid_layout_missing_qwen_only|invalid_non_numeric_removed,,0.0,rapid_layout_missing_qwen_only|invalid_non_numeric_removed,<=30%,0.2005,rapid_layout_missing_qwen_only,>60%,0.98402,high_consensus,粒流,0.989196,high_consensus,,0.0,rapid_layout_missing_qwen_only|invalid_non_numeric_removed,0--1,0.978384,high_consensus,中度,0.989188,high_consensus,1--30,0.987844,high_consensus,无,0.989068,high_consensus,暗红,0.989135,high_consensus,+,0.984915,high_consensus,无,0.988991,high_consensus,不见,0.989188,high_consensus,平坦,0.989031,high_consensus,0--2,0.974516,high_consensus,3.4,1.0,high_consensus|score_additivity_consistent,2.2,1.0,high_consensus|score_additivity_consistent,3.1,1.0,high_consensus|score_additivity_consistent,8.7,1.0,high_consensus|score_additivity_consistent,重度异常,0.989046,high_consensus,0.738463,7
recovered_archive3/228,清晰,0.989143,high_consensus,>=7,1.0,high_consensus|rtf_semantic_support,8,0.988626,high_consensus,17,0.989057,high_consensus,2.1,1.0,high_consensus|ratio_consistent,17,0.989116,high_consensus,335,0.989124,high_consensus,<=30%,0.987408,high_consensus,<=10%,0.988008,high_consensus,线粒流,0.989169,high_consensus,,0.0,rapid_layout_missing_qwen_only|invalid_non_numeric_removed,0--1,0.977691,high_consensus,轻度,0.989158,high_consensus,1--30,0.988197,high_consensus,无,0.989077,high_consensus,浅红,0.989152,high_consensus,无,0.989028,high_consensus,无,0.988989,high_consensus,不见,0.989188,high_consensus,波纹状,0.988644,high_consensus,0--2,0.971051,high_consensus,0.6,1.0,high_consensus|score_additivity_consistent,0.4,1.0,high_consensus|score_additivity_consistent,0.0,1.0,high_consensus|score_additivity_consistent,1.0,1.0,high_consensus|score_additivity_consistent,正常,0.98913,high_consensus,0.952268,1
recovered_archive3/229,清晰,0.989158,high_consensus,>=7,0.987552,high_consensus,0,0.01,high_consensus|invalid_numeric_range,18,0.989037,high_consensus,2.3,0.989093,high_consensus,15,0.989088,high_consensus,465,0.98912,high_consensus,<=30%,0.987408,high_consensus,<=10%,0.988005,high_consensus,粒线流,0.988996,high_consensus,,0.0,rapid_layout_missing_qwen_only|invalid_non_numeric_removed,0--1,0.97773,high_consensus,中度,0.989188,high_consensus,1--30,0.988197,high_consensus,>2,0.986676,high_consensus,暗红,0.989059,high_consensus,无,0.988909,high_consensus,无,0.988989,high_consensus,不见,0.989188,high_consensus,波纹状,0.988644,high_consensus,0--2,0.971051,high_consensus,2.3,0.308339,engine_conflict|score_additivity_mismatch=1.00,6.6,0.989039,high_consensus,0.0,0.988982,high_consensus,9.9,0.90455,high_consensus,重度异常,0.989046,high_consensus,0.882502,3
recovered_archive3/230,清晰,0.989173,high_consensus,>=7,1.0,high_consensus|rtf_semantic_support,10,0.2005,rapid_layout_missing_qwen_only,10,0.653512,engine_conflict,1.0,0.190275,rapid_layout_missing_qwen_only|derived_from_diameters_replacing=185|ratio_consistent,14,0.653385,engine_conflict,185,0.65352,engine_conflict,<=30%,0.842034,single_engine,<=10%,0.844687,single_engine,粒线流,0.849633,single_engine,,0.0,missing,0--1,0.808314,single_engine,无,0.849556,single_engine,1--30,0.843972,single_engine,无,0.849455,single_engine,浅红,0.849787,single_engine,无,0.989028,high_consensus,无,0.849062,single_engine,不见,0.989188,high_consensus,波纹状,0.988644,high_consensus,0--2,0.971051,high_consensus,0.1,1.0,high_consensus|score_additivity_consistent,0.2,1.0,high_consensus|score_additivity_consistent,0.0,1.0,high_consensus|score_additivity_consistent,0.3,1.0,high_consensus|score_additivity_consistent,正常,0.989127,high_consensus,0.802073,3
recovered_archive3/231,不清,0.989189,high_consensus,>=7,0.987557,high_consensus,14,0.988961,high_consensus,13,0.989087,high_consensus,0.9,1.0,high_consensus|ratio_consistent,11,0.989005,high_consensus,333,0.989139,high_consensus,30--60%,0.988491,high_consensus,<=10%,0.988005,high_consensus,粒线流,0.988996,high_consensus,,0.0,missing,0--1,0.979385,high_consensus,中度,0.989188,high_consensus,1--30,0.988072,high_consensus,1--2,0.987194,high_consensus,暗红,0.989135,high_consensus,+,0.984915,high_consensus,无,0.989076,high_consensus,可见1排,0.989099,high_consensus,平坦,0.988927,high_consensus,0--2,0.970164,high_consensus,1.1,1.0,high_consensus|score_additivity_consistent,3.8,1.0,high_consensus|score_additivity_consistent,3.2,1.0,high_consensus|score_additivity_consistent,8.1,1.0,high_consensus|score_additivity_consistent,重度异常,0.989046,high_consensus,0.95164,1
recovered_archive3/232,清晰,0.989173,high_consensus,>=7,0.987552,high_consensus,11,0.988975,high_consensus,10,0.989084,high_consensus,0.9,1.0,high_consensus|ratio_consistent,18,0.98906,high_consensus,277,0.989066,high_consensus,<=30%,0.987413,high_consensus,<=10%,0.988005,high_consensus,粒流,0.989187,high_consensus,,0.0,rapid_layout_missing_qwen_only|invalid_non_numeric_removed,0--1,0.977691,high_consensus,轻度,0.989158,high_consensus,1--30,0.988072,high_consensus,1--2,0.986369,high_consensus,浅红,0.989152,high_consensus,+,0.984926,high_consensus,无,0.988991,high_consensus,可见1排,0.989099,high_consensus,波纹状,0.988664,high_consensus,0--2,0.971051,high_consensus,0.3,1.0,high_consensus|score_additivity_consistent,3.2,1.0,high_consensus|score_additivity_consistent,1.6,1.0,high_consensus|score_additivity_consistent,5.1,1.0,high_consensus|score_additivity_consistent,中度异常,0.989056,high_consensus,0.951529,1
recovered_archive3/233,不清,0.989185,high_consensus,3--4,0.988451,high_consensus,14,0.989033,high_consensus,22,0.989146,high_consensus,1.6,1.0,high_consensus|ratio_consistent,26,0.989133,high_consensus,323,0.989147,high_consensus,<=30%,0.987408,high_consensus,<=10%,0.988005,high_consensus,粒流,0.989187,high_consensus,,0.0,missing,0--1,0.97773,high_consensus,中度,0.989188,high_consensus,1--30,0.988197,high_consensus,1--2,0.986358,high_consensus,暗红,0.989135,high_consensus,+,0.984915,high_consensus,无,0.988991,high_consensus,不见,0.989188,high_consensus,平坦,0.989028,high_consensus,0--2,0.976796,high_consensus,4.2,1.0,high_consensus|score_additivity_consistent,4.2,1.0,high_consensus|score_additivity_consistent,3.1,1.0,high_consensus|score_additivity_consistent,11.5,1.0,high_consensus|score_additivity_consistent,重度异常,0.989046,high_consensus,0.951818,1
recovered_archive3/234,不清,0.989185,high_consensus,3--4,0.988451,high_consensus,21,0.989093,high_consensus,35,0.9891,high_consensus,1.7,1.0,high_consensus|ratio_consistent,39,0.989153,high_consensus,241,0.98915,high_consensus,<=30%,0.987413,high_consensus,<=10%,0.988005,high_consensus,粒摆流,0.989162,high_consensus,,0.0,missing,0--1,0.977623,high_consensus,重度,0.98906,high_consensus,1--30,0.988072,high_consensus,无,0.989073,high_consensus,暗紫,0.989159,high_consensus,+,0.984929,high_consensus,无,0.988991,high_consensus,不见,0.989188,high_consensus,平坦,0.989028,high_consensus,0--2,0.976796,high_consensus,5.4,1.0,high_consensus|score_additivity_consistent,7.8,1.0,high_consensus|score_additivity_consistent,3.1,1.0,high_consensus|score_additivity_consistent,16.3,1.0,high_consensus|score_additivity_consistent,重度异常,0.989046,high_consensus,0.951911,1
recovered_archive3/235,清晰,0.989173,high_consensus,>=7,0.987552,high_consensus,15,0.989096,high_consensus,19,0.989051,high_consensus,1.3,1.0,high_consensus|ratio_consistent,19,0.989092,high_consensus,273,0.988971,high_consensus,30--60%,0.988516,high_consensus,,0.0,missing,粒线流,0.989146,high_consensus,,0.0,rapid_layout_missing_qwen_only|invalid_non_numeric_removed,0--1,0.979821,high_consensus,无,0.9891,high_consensus,1--30,0.986728,high_consensus,>2,0.985177,high_consensus,浅红,0.989152,high_consensus,无,0.989028,high_consensus,无,0.988989,high_consensus,不见,0.989188,high_consensus,波纹状,0.988644,high_consensus,0--2,0.971051,high_consensus,0.8,1.0,high_consensus|score_additivity_consistent,5.4,1.0,high_consensus|score_additivity_consistent,0.0,1.0,high_consensus|score_additivity_consistent,6.2,1.0,high_consensus|score_additivity_consistent,中度异常,0.988981,high_consensus,0.91371,2
recovered_archive3/236,清晰,0.989173,high_consensus,5--6,0.98799,high_consensus,9,0.989072,high_consensus,8,0.988286,high_consensus,0.9,1.0,high_consensus|ratio_consistent,13,0.989096,high_consensus,260,0.989058,high_consensus,,0.0,missing,,0.0,missing,粒线流,0.989146,high_consensus,,0.0,missing,0--1,0.978391,high_consensus,轻度,0.989156,high_consensus,1--30,0.988197,high_consensus,1--2,0.987156,high_consensus,淡红,0.989157,high_consensus,无,0.989019,high_consensus,无,0.988989,high_consensus,可见2排,0.989076,high_consensus,波纹状,0.988666,high_consensus,0--2,0.971051,high_consensus,1.4,1.0,high_consensus|score_additivity_consistent,2.6,1.0,high_consensus|score_additivity_consistent,0.4,1.0,high_consensus|score_additivity_consistent,4.4,1.0,high_consensus|score_additivity_consistent,中度异常,0.988979,high_consensus,0.875756,3
recovered_archive3/237,清晰,0.989173,high_consensus,>=7,0.987552,high_consensus,10,0.973252,high_consensus,10,0.973244,high_consensus,1.0,1.0,high_consensus|ratio_consistent,14,0.973185,high_consensus,144,0.973275,high_consensus,<=30%,0.987408,high_consensus,<=10%,0.988004,high_consensus,粒流,0.989187,high_consensus,,0.0,rapid_layout_missing_qwen_only|invalid_non_numeric_removed,0--1,0.977894,high_consensus,中度,0.989189,high_consensus,1--30,0.988103,high_consensus,无,0.989077,high_consensus,浅红,0.989152,high_consensus,无,0.989028,high_consensus,无,0.988989,high_consensus,不见,0.989188,high_consensus,浅波纹状,0.988543,high_consensus,0--2,0.97365,high_consensus,0.3,1.0,high_consensus|score_additivity_consistent,1.6,1.0,high_consensus|score_additivity_consistent,0.4,1.0,high_consensus|score_additivity_consistent,2.3,1.0,high_consensus|score_additivity_consistent,轻度异常,0.946618,high_consensus,0.947835,1
recovered_archive3/240,,0.0,missing,,0.0,missing,,0.0,rapid_layout_missing_qwen_only|invalid_non_numeric_removed,,0.0,rapid_layout_missing_qwen_only|invalid_non_numeric_removed,,0.0,missing,,0.0,rapid_layout_missing_qwen_only|invalid_non_numeric_removed,,0.0,rapid_layout_missing_qwen_only|invalid_non_numeric_removed,,0.0,missing,,0.0,missing,,0.0,missing,,0.0,rapid_layout_missing_qwen_only|invalid_non_numeric_removed,,0.0,missing,,0.0,missing,,0.0,missing,,0.0,missing,,0.0,missing,,0.0,missing,,0.0,missing,,0.0,missing,,0.0,missing,,0.0,missing,,0.0,missing,,0.0,missing,,0.0,missing,,0.0,missing,,0.0,missing,0.0,26
recovered_archive3/241,不清,0.989185,high_consensus,5--6,0.988172,high_consensus,14,0.989009,high_consensus,15,0.989059,high_consensus,1.1,1.0,high_consensus|ratio_consistent,13,0.989096,high_consensus,177,0.989075,high_consensus,60--80%,0.987625,high_consensus,<=10%,0.988005,high_consensus,粒流,0.989192,high_consensus,,0.0,missing,0--1,0.979385,high_consensus,中度,0.989188,high_consensus,1--30,0.988072,high_consensus,>2,0.985791,high_consensus,暗红,0.989167,high_consensus,+,0.984915,high_consensus,无,0.988991,high_consensus,不见,0.989188,high_consensus,波纹状,0.988644,high_consensus,0--2,0.971051,high_consensus,1.6,1.0,high_consensus|score_additivity_consistent,7.0,1.0,high_consensus|score_additivity_consistent,1.5,1.0,high_consensus|score_additivity_consistent,10.1,1.0,high_consensus|score_additivity_consistent,重度异常,0.989046,high_consensus,0.95161,1
recovered_archive3/242,清晰,0.989173,high_consensus,>=7,1.0,high_consensus|rtf_semantic_support,9,0.989,high_consensus,14,0.988954,high_consensus,1.6,1.0,high_consensus|ratio_consistent,19,0.989092,high_consensus,354,0.98915,high_consensus,<=30%,0.987408,high_consensus,,0.0,missing,线粒流,0.989161,high_consensus,,0.0,rapid_layout_missing_qwen_only|invalid_non_numeric_removed,0--1,0.979821,high_consensus,无,0.9891,high_consensus,1--30,0.987844,high_consensus,无,0.989077,high_consensus,浅红,0.989152,high_consensus,无,0.989028,high_consensus,无,0.988989,high_consensus,可见1排,0.989099,high_consensus,波纹状,0.988664,high_consensus,0--2,0.971051,high_consensus,0.5,1.0,high_consensus|score_additivity_consistent,0.2,1.0,high_consensus|score_additivity_consistent,0.1,1.0,high_consensus|score_additivity_consistent,0.8,1.0,high_consensus|score_additivity_consistent,正常,0.989127,high_consensus,0.914342,2
recovered_archive3/243,不清,0.989189,high_consensus,>=7,0.987557,high_consensus,9,0.94675,high_consensus,12,0.989063,high_consensus,1.3,1.0,high_consensus|ratio_consistent,23,0.989161,high_consensus,401,0.989144,high_consensus,<=30%,0.987408,high_consensus,<=10%,0.988005,high_consensus,粒线流,0.989117,high_consensus,,0.0,missing,0--1,0.978384,high_consensus,中度,0.989182,high_consensus,1--30,0.98762,high_consensus,,0.0,missing,,0.0,missing,+,0.987483,high_consensus,1--2,0.986698,high_consensus,不见,0.989187,high_consensus,平坦,0.989034,high_consensus,,0.0,missing,2.6,1.0,high_consensus|score_additivity_consistent,1.4,1.0,high_consensus|score_additivity_consistent,3.9,1.0,high_consensus|score_additivity_consistent,7.9,1.0,high_consensus|score_additivity_consistent,中度异常,0.988981,high_consensus,0.836614,4
recovered_archive3/244,清晰,0.989173,high_consensus,>=7,1.0,high_consensus|rtf_semantic_support,13,0.989117,high_consensus,17,0.989087,high_consensus,1.3,1.0,high_consensus|ratio_consistent,19,0.989092,high_consensus,371,0.989046,high_consensus,<=30%,0.987408,high_consensus,<=10%,0.988008,high_consensus,线流,0.989146,high_consensus,,0.0,missing,0--1,0.977691,high_consensus,轻度,0.989158,high_consensus,1--30,0.988197,high_consensus,无,0.989077,high_consensus,浅红,0.989153,high_consensus,+,0.984926,high_consensus,无,0.988991,high_consensus,可见1排,0.989099,high_consensus,波纹状,0.988664,high_consensus,0--2,0.971051,high_consensus,2.1,1.0,high_consensus|score_additivity_consistent,0.4,1.0,high_consensus|score_additivity_consistent,1.6,1.0,high_consensus|score_additivity_consistent,4.1,1.0,high_consensus|score_additivity_consistent,轻度异常,0.988824,high_consensus,0.952112,1
recovered_archive3/245,清晰,0.989173,high_consensus,>=7,0.987552,high_consensus,6,0.988928,high_consensus,11,0.988915,high_consensus,1.8,1.0,high_consensus|ratio_consistent,13,0.989096,high_consensus,246,0.989103,high_consensus,30--60%,0.988358,high_consensus,30--60%,0.988602,high_consensus,粒线流,0.989129,high_consensus,,0.0,rapid_layout_missing_qwen_only|invalid_non_numeric_removed,0--1,0.979821,high_consensus,无,0.9891,high_consensus,1--30,0.987844,high_consensus,无,0.989077,high_consensus,浅红,0.989152,high_consensus,无,0.989028,high_consensus,无,0.988989,high_consensus,可见1排,0.989099,high_consensus,波纹状,0.988664,high_consensus,0--2,0.971051,high_consensus,1.6,1.0,high_consensus|score_additivity_consistent,0.6,1.0,high_consensus|score_additivity_consistent,0.1,1.0,high_consensus|score_additivity_consistent,2.3,1.0,high_consensus|score_additivity_consistent,轻度异常,0.988824,high_consensus,0.951904,1
recovered_archive3/246,清晰,0.989173,high_consensus,>=7,0.987552,high_consensus,11,0.988975,high_consensus,19,0.98905,high_consensus,1.7,1.0,high_consensus|ratio_consistent,28,0.989137,high_consensus,371,0.988896,high_consensus,30--60%,0.988516,high_consensus,,0.0,missing,粒流,0.989196,high_consensus,,0.0,missing,0--1,0.97987,high_consensus,轻度,0.989156,high_consensus,>30,0.987555,high_consensus,1--2,0.986417,high_consensus,浅红,0.989152,high_consensus,无,0.989028,high_consensus,无,0.988989,high_consensus,可见1排,0.989099,high_consensus,波纹状,0.988664,high_consensus,0--2,0.971051,high_consensus,3.3,1.0,high_consensus|score_additivity_consistent,3.4,1.0,high_consensus|score_additivity_consistent,0.1,1.0,high_consensus|score_additivity_consistent,6.8,1.0,high_consensus|score_additivity_consistent,中度异常,0.988981,high_consensus,0.913787,2
recovered_archive3/247,清晰,0.989173,high_consensus,>=7,0.987552,high_consensus,31,0.989039,high_consensus,44,0.988836,high_consensus,1.4,1.0,high_consensus|ratio_consistent,38,0.647074,engine_conflict,380,0.989108,high_consensus,<=30%,0.987408,high_consensus,>60%,0.983487,high_consensus,粒缓流,0.989178,high_consensus,,0.0,missing,0--1,0.977492,high_consensus,中度,0.989188,high_consensus,1--30,0.988197,high_consensus,无,0.989068,high_consensus,暗红,0.989149,high_consensus,无,0.988909,high_consensus,无,0.988989,high_consensus,可见1排,0.989099,high_consensus,浅波纹状,0.988571,high_consensus,0--2,0.971051,high_consensus,6.2,1.0,high_consensus|score_additivity_consistent,3.0,1.0,high_consensus|score_additivity_consistent,0.5,1.0,high_consensus|score_additivity_consistent,9.7,1.0,high_consensus|score_additivity_consistent,重度异常,0.989046,high_consensus,0.938447,1
recovered_archive3/248,不清,0.989189,high_consensus,>=7,0.987557,high_consensus,13,0.989117,high_consensus,15,0.989059,high_consensus,1.2,1.0,high_consensus|ratio_consistent,19,0.989092,high_consensus,313,0.98906,high_consensus,30--60%,0.987965,high_consensus,10--30%,0.988271,high_consensus,粒线流,0.989129,high_consensus,,0.0,missing,0--1,0.979385,high_consensus,中度,0.989188,high_consensus,1--30,0.987844,high_consensus,>2,0.985177,high_consensus,浅红,0.989163,high_consensus,无,0.989028,high_consensus,无,0.988989,high_consensus,可见2排,0.989073,high_consensus,浅波纹状,0.988575,high_consensus,,0.0,missing,1.1,1.0,high_consensus|score_additivity_consistent,6.4,1.0,high_consensus|score_additivity_consistent,0.8,0.694421,engine_conflict|score_additivity_consistent,8.3,0.2605,rapid_layout_missing_qwen_only|score_additivity_consistent,重度异常,0.988946,high_consensus,0.874182,3
recovered_archive3/249,清晰,0.989173,high_consensus,>=7,0.987552,high_consensus,13,0.989117,high_consensus,11,0.988967,high_consensus,0.8,1.0,high_consensus|ratio_consistent,17,0.98912,high_consensus,143,0.989135,high_consensus,30--60%,0.987981,high_consensus,30--60%,0.988205,high_consensus,粒流,0.989192,high_consensus,,0.0,missing,0--1,0.979385,high_consensus,中度,0.989188,high_consensus,1--30,0.987844,high_consensus,无,0.989068,high_consensus,暗红,0.989135,high_consensus,++,0.948995,high_consensus,无,0.988812,high_consensus,">2排,扩张",0.986441,high_consensus,平坦,0.988967,high_consensus,,0.0,missing,0.8,1.0,high_consensus|score_additivity_consistent,2.2,1.0,high_consensus|score_additivity_consistent,5.0,1.0,high_consensus|score_additivity_consistent,8.0,1.0,high_consensus|score_additivity_consistent,中度异常,0.988979,high_consensus,0.912894,2
recovered_archive3/250,不清,0.989189,high_consensus,>=7,0.987557,high_consensus,4,0.98752,high_consensus,21,0.989076,high_consensus,5.2,0.09,high_consensus|derived_from_diameters_replacing=5.3|invalid_numeric_range|ratio_consistent,13,0.989078,high_consensus,311,0.989089,high_consensus,<=30%,0.987408,high_consensus,>60%,0.983328,high_consensus,粒流,0.989184,high_consensus,,0.0,rapid_layout_missing_qwen_only|invalid_non_numeric_removed,0--1,0.97773,high_consensus,中度,0.989188,high_consensus,1--30,0.988072,high_consensus,>2,0.985791,high_consensus,暗红,0.989135,high_consensus,++,0.94482,high_consensus,无,0.988991,high_consensus,不见,0.989188,high_consensus,浅波纹状,0.988543,high_consensus,0--2,0.971051,high_consensus,3.0,1.0,high_consensus|score_additivity_consistent,7.0,1.0,high_consensus|score_additivity_consistent,2.8,1.0,high_consensus|score_additivity_consistent,12.8,1.0,high_consensus|score_additivity_consistent,重度异常,0.989046,high_consensus,0.91473,2
recovered_archive3/251,清晰,0.989143,high_consensus,>=7,0.987552,high_consensus,13,0.989117,high_consensus,15,0.989059,high_consensus,1.2,1.0,high_consensus|ratio_consistent,20,0.989116,high_consensus,412,0.989052,high_consensus,<=30%,0.987408,high_consensus,<=10%,0.988005,high_consensus,粒线流,0.988996,high_consensus,,0.0,missing,0--1,0.977691,high_consensus,轻度,0.989158,high_consensus,1--30,0.988197,high_consensus,>2,0.986573,high_consensus,浅红,0.989152,high_consensus,无,0.989028,high_consensus,无,0.988989,high_consensus,不见,0.989188,high_consensus,波纹状,0.988644,high_consensus,0--2,0.971051,high_consensus,2.1,1.0,high_consensus|score_additivity_consistent,5.6,1.0,high_consensus|score_additivity_consistent,0.0,1.0,high_consensus|score_additivity_consistent,7.7,1.0,high_consensus|score_additivity_consistent,中度异常,0.989056,high_consensus,0.951699,1
recovered_archive3/252,清晰,0.989173,high_consensus,>=7,0.987552,high_consensus,19,0.969274,high_consensus,25,0.969324,high_consensus,1.3,1.0,high_consensus|ratio_consistent,30,0.96932,high_consensus,355,0.96931,high_consensus,<=30%,0.987408,high_consensus,10--30%,0.988271,high_consensus,粒缓流,0.989195,high_consensus,,0.0,missing,0--1,0.978337,high_consensus,重度,0.9891,high_consensus,1--30,0.988197,high_consensus,无,0.989068,high_consensus,暗红,0.989167,high_consensus,+,0.984915,high_consensus,无,0.988991,high_consensus,可见2排,0.989085,high_consensus,浅波纹状,0.988575,high_consensus,0--2,0.971051,high_consensus,3.6,1.0,high_consensus|score_additivity_consistent,5.0,1.0,high_consensus|score_additivity_consistent,2.3,1.0,high_consensus|score_additivity_consistent,10.9,1.0,high_consensus|score_additivity_consistent,重度异常,0.989046,high_consensus,0.948629,1
recovered_archive3/253,不清,0.989189,high_consensus,>=7,0.987557,high_consensus,7,0.988552,high_consensus,11,0.988959,high_consensus,1.6,1.0,high_consensus|ratio_consistent,11,0.989005,high_consensus,253,0.989139,high_consensus,30--60%,0.987965,high_consensus,10--30%,0.988271,high_consensus,线粒流,0.989161,high_consensus,,0.0,missing,0--1,0.979821,high_consensus,无,0.9891,high_consensus,1--30,0.987678,high_consensus,无,0.989077,high_consensus,浅红,0.989152,high_consensus,无,0.989028,high_consensus,无,0.988989,high_consensus,不见,0.989188,high_consensus,波纹状,0.988644,high_consensus,0--2,0.971051,high_consensus,1.1,1.0,high_consensus|score_additivity_consistent,0.2,1.0,high_consensus|score_additivity_consistent,0.0,1.0,high_consensus|score_additivity_consistent,1.3,1.0,high_consensus|score_additivity_consistent,大致正常,0.989052,high_consensus,0.951868,1
recovered_archive3/254,不清,0.989185,high_consensus,5--6,0.988649,high_consensus,15,0.989098,high_consensus,19,0.989042,high_consensus,1.3,1.0,high_consensus|ratio_consistent,24,0.989149,high_consensus,316,0.989068,high_consensus,<=30%,0.987408,high_consensus,<=10%,0.988005,high_consensus,粒流,0.989187,high_consensus,,0.0,missing,0--1,0.977691,high_consensus,轻度,0.989158,high_consensus,1--30,0.988197,high_consensus,1--2,0.986369,high_consensus,浅红,0.989152,high_consensus,+,0.984926,high_consensus,无,0.988991,high_consensus,不见,0.989188,high_consensus,浅波纹状,0.988543,high_consensus,0--2,0.971051,high_consensus,2.1,1.0,high_consensus|score_additivity_consistent,3.2,1.0,high_consensus|score_additivity_consistent,1.9,1.0,high_consensus|score_additivity_consistent,7.2,1.0,high_consensus|score_additivity_consistent,中度异常,0.989056,high_consensus,0.951581,1
recovered_archive3/255,不清,0.989087,high_consensus,,0.0,missing,,0.0,missing,,0.0,missing,,0.0,missing,,0.0,missing,,0.0,missing,,0.0,missing,,0.0,missing,粒缓流,0.98919,high_consensus,,0.0,missing,0--1,0.978337,high_consensus,重度,0.989137,high_consensus,1--30,0.988197,high_consensus,1--2,0.987194,high_consensus,暗红,0.989135,high_consensus,++,0.944408,high_consensus,无,0.988751,high_consensus,可见2排,0.989076,high_consensus,平坦,0.988994,high_consensus,0--2,0.973025,high_consensus,0.2,1.0,high_consensus|score_additivity_consistent,7.0,1.0,high_consensus|score_additivity_consistent,4.4,0.2605,rapid_layout_missing_qwen_only|score_additivity_consistent,11.6,1.0,high_consensus|score_additivity_consistent,重度异常,0.989046,high_consensus,0.61708,10
recovered_archive3/256,不清,0.989189,high_consensus,>=7,0.987557,high_consensus,10,0.989092,high_consensus,10,0.989084,high_consensus,1.0,1.0,high_consensus|ratio_consistent,8,0.988508,high_consensus,278,0.989021,high_consensus,30--60%,0.987856,high_consensus,<=10%,0.988005,high_consensus,粒缓流,0.989193,high_consensus,,0.0,missing,0--1,0.977623,high_consensus,重度,0.9891,high_consensus,1--30,0.988197,high_consensus,无,0.989068,high_consensus,暗红,0.989063,high_consensus,++,0.2005,rapid_layout_missing_qwen_only,1--2,0.986875,high_consensus,不见,0.989188,high_consensus,波纹状,0.988644,high_consensus,0--2,0.971051,high_consensus,1.1,1.0,high_consensus|score_additivity_consistent,5.0,1.0,high_consensus|score_additivity_consistent,3.2,1.0,high_consensus|score_additivity_consistent,9.3,1.0,high_consensus|score_additivity_consistent,重度异常,0.989046,high_consensus,0.921379,2
recovered_archive3/257,清晰,0.989173,high_consensus,>=7,0.987552,high_consensus,11,0.988975,high_consensus,15,0.989059,high_consensus,1.4,1.0,high_consensus|ratio_consistent,20,0.989116,high_consensus,547,0.989082,high_consensus,30--60%,0.988348,high_consensus,30--60%,0.988602,high_consensus,线粒流,0.989161,high_consensus,,0.0,rapid_layout_missing_qwen_only|invalid_non_numeric_removed,0--1,0.979385,high_consensus,中度,0.989188,high_consensus,1--30,0.988197,high_consensus,1--2,0.987194,high_consensus,暗红,0.989135,high_consensus,++,0.948995,high_consensus,无,0.988812,high_consensus,">2排,扩张",0.986158,high_consensus,波纹状,0.988663,high_consensus,0--2,0.971051,high_consensus,2.7,1.0,high_consensus|score_additivity_consistent,3.4,1.0,high_consensus|score_additivity_consistent,3.4,1.0,high_consensus|score_additivity_consistent,9.5,1.0,high_consensus|score_additivity_consistent,重度异常,0.989046,high_consensus,0.950188,1
recovered_archive3/258,不清,0.989185,high_consensus,3--4,0.987932,high_consensus,11,0.989018,high_consensus,11,0.988961,high_consensus,1.0,1.0,high_consensus|ratio_consistent,16,0.989064,high_consensus,132,0.988983,high_consensus,<=30%,0.987408,high_consensus,<=10%,0.988,high_consensus,粒流,0.989196,high_consensus,,0.0,missing,0--1,0.977691,high_consensus,轻度,0.989156,high_consensus,,0.0,missing,>2,0.832037,single_engine,,0.0,missing,+,0.646011,engine_conflict,无,0.988871,high_consensus,不见,0.989187,high_consensus,平坦,0.989031,high_consensus,0--2,0.971051,high_consensus,2.4,1.0,high_consensus|score_additivity_consistent,5.8,1.0,high_consensus|score_additivity_consistent,3.1,1.0,high_consensus|score_additivity_consistent,11.3,1.0,high_consensus|score_additivity_consistent,重度异常,0.989046,high_consensus,0.856532,3
recovered_archive3/259,不清,0.989189,high_consensus,>=7,0.987557,high_consensus,6,0.988928,high_consensus,11,0.988915,high_consensus,1.8,1.0,high_consensus|ratio_consistent,13,0.989096,high_consensus,246,0.989108,high_consensus,<=30%,0.987413,high_consensus,,0.0,missing,粒线流,0.989146,high_consensus,,0.0,missing,0--1,0.979821,high_consensus,无,0.9891,high_consensus,1--30,0.987844,high_consensus,无,0.989077,high_consensus,浅红,0.989152,high_consensus,无,0.989028,high_consensus,无,0.988838,high_consensus,">2排,扩张",0.985765,high_consensus,浅波纹状,0.988767,high_consensus,0--2,0.971051,high_consensus,1.2,1.0,high_consensus|score_additivity_consistent,0.6,1.0,high_consensus|score_additivity_consistent,1.4,1.0,high_consensus|score_additivity_consistent,3.2,1.0,high_consensus|score_additivity_consistent,轻度异常,0.988824,high_consensus,0.913716,2
recovered_archive3/260,不清,0.989185,high_consensus,5--6,0.988172,high_consensus,36,0.989116,high_consensus,40,0.98911,high_consensus,1.1,1.0,high_consensus|ratio_consistent,42,0.989115,high_consensus,276,0.988914,high_consensus,<=30%,0.987413,high_consensus,<=10%,0.988005,high_consensus,粒流,0.989196,high_consensus,,0.0,missing,0--1,0.979793,high_consensus,重度,0.989137,high_consensus,1--30,0.988072,high_consensus,>2,0.985283,high_consensus,暗红,0.989135,high_consensus,,0.0,missing,,0.0,missing,,0.0,missing,,0.0,missing,,0.0,missing,4.2,0.989094,high_consensus,9.0,0.989062,high_consensus,,0.0,missing,13.2,0.989112,high_consensus,重度异常,0.988946,high_consensus,0.722533,7
recovered_archive3/261,不清,0.989185,high_consensus,3--4,0.988407,high_consensus,,0.0,missing,,0.0,missing,,0.0,missing,33,0.989139,high_consensus,258,0.989123,high_consensus,<=30%,0.987869,high_consensus,>60%,0.983328,high_consensus,粒流,0.989184,high_consensus,,0.0,missing,0--1,0.978384,high_consensus,中度,0.989188,high_consensus,1--30,0.987678,high_consensus,无,0.989068,high_consensus,暗红,0.989135,high_consensus,++,0.948995,high_consensus,无,0.988991,high_consensus,不见,0.989187,high_consensus,浅波纹状,0.988543,high_consensus,,0.0,missing,4.6,1.0,high_consensus|score_additivity_consistent,2.2,1.0,high_consensus|score_additivity_consistent,2.8,0.2605,rapid_layout_missing_qwen_only|score_additivity_consistent,9.6,1.0,high_consensus|score_additivity_consistent,重度异常,0.988946,high_consensus,0.769802,6
recovered_archive3/262,清晰,0.989173,high_consensus,>=7,1.0,high_consensus|rtf_semantic_support,7,0.934534,high_consensus,11,0.934824,high_consensus,1.6,1.0,high_consensus|ratio_consistent,11,0.973147,high_consensus,316,0.973238,high_consensus,<=30%,0.987408,high_consensus,<=10%,0.988,high_consensus,粒线流,0.988996,high_consensus,,0.0,missing,0--1,0.977492,high_consensus,中度,0.989188,high_consensus,1--30,0.988197,high_consensus,1--2,0.986358,high_consensus,暗红,0.989149,high_consensus,无,0.988909,high_consensus,无,0.988989,high_consensus,可见2排,0.989076,high_consensus,波纹状,0.988666,high_consensus,0--2,0.971051,high_consensus,0.7,1.0,high_consensus|score_additivity_consistent,3.8,1.0,high_consensus|score_additivity_consistent,0.4,1.0,high_consensus|score_additivity_consistent,4.9,1.0,high_consensus|score_additivity_consistent,中度异常,0.989056,high_consensus,0.946748,1
recovered_archive3/263,不清,0.989189,high_consensus,>=7,0.987557,high_consensus,13,0.989117,high_consensus,10,0.989084,high_consensus,0.8,1.0,high_consensus|ratio_consistent,14,0.989025,high_consensus,125,0.989063,high_consensus,<=30%,0.987408,high_consensus,>60%,0.983914,high_consensus,粒线流,0.988995,high_consensus,,0.0,missing,0--1,0.97773,high_consensus,中度,0.989188,high_consensus,1--30,0.988072,high_consensus,无,0.989077,high_consensus,浅红,0.989153,high_consensus,++,0.2005,rapid_layout_missing_qwen_only,无,0.988991,high_consensus,不见,0.989187,high_consensus,平坦,0.989028,high_consensus,0--2,0.976796,high_consensus,1.7,1.0,high_consensus|score_additivity_consistent,1.6,1.0,high_consensus|score_additivity_consistent,4.0,1.0,high_consensus|score_additivity_consistent,7.3,1.0,high_consensus|score_additivity_consistent,重度异常,0.989046,high_consensus,0.921543,2
recovered_archive3/264,不清,0.989189,high_consensus,>=7,0.987557,high_consensus,13,0.989117,high_consensus,11,0.988967,high_consensus,0.8,1.0,high_consensus|ratio_consistent,13,0.989096,high_consensus,420,0.989053,high_consensus,<=30%,0.987408,high_consensus,10--30%,0.988264,high_consensus,粒流,0.989196,high_consensus,,0.0,missing,0--1,0.978732,high_consensus,轻度,0.989158,high_consensus,1--30,0.988197,high_consensus,1--2,0.987477,high_consensus,浅红,0.989156,high_consensus,无,0.989028,high_consensus,无,0.988989,high_consensus,不见,0.989188,high_consensus,波纹状,0.988644,high_consensus,0--2,0.971051,high_consensus,2.4,1.0,high_consensus|score_additivity_consistent,3.2,1.0,high_consensus|score_additivity_consistent,0.0,1.0,high_consensus|score_additivity_consistent,5.6,1.0,high_consensus|score_additivity_consistent,中度异常,0.989056,high_consensus,0.951789,1
recovered_archive3/265,清晰,0.989143,high_consensus,>=7,1.0,high_consensus|rtf_semantic_support,15,0.989071,high_consensus,19,0.989042,high_consensus,1.3,1.0,high_consensus|ratio_consistent,21,0.989088,high_consensus,291,0.989154,high_consensus,<=30%,0.987413,high_consensus,<=10%,0.988005,high_consensus,粒线流,0.988996,high_consensus,,0.0,rapid_layout_missing_qwen_only|invalid_non_numeric_removed,0--1,0.97773,high_consensus,中度,0.989188,high_consensus,1--30,0.988197,high_consensus,无,0.989077,high_consensus,浅红,0.989152,high_consensus,无,0.989028,high_consensus,无,0.988989,high_consensus,不见,0.989188,high_consensus,波纹状,0.988644,high_consensus,0--2,0.971051,high_consensus,0.6,1.0,high_consensus|score_additivity_consistent,1.6,1.0,high_consensus|score_additivity_consistent,0.0,1.0,high_consensus|score_additivity_consistent,2.2,1.0,high_consensus|score_additivity_consistent,轻度异常,0.988992,high_consensus,0.952275,1
recovered_archive3/266,清晰,0.989143,high_consensus,>=7,0.987552,high_consensus,15,0.989071,high_consensus,16,0.98907,high_consensus,1.1,1.0,high_consensus|ratio_consistent,24,0.989149,high_consensus,449,0.989162,high_consensus,<=30%,0.987408,high_consensus,<=10%,0.988005,high_consensus,粒流,0.989187,high_consensus,,0.0,rapid_layout_missing_qwen_only|invalid_non_numeric_removed,0--1,0.977691,high_consensus,轻度,0.989158,high_consensus,1--30,0.988072,high_consensus,无,0.989077,high_consensus,浅红,0.989152,high_consensus,无,0.989028,high_consensus,无,0.988989,high_consensus,可见2排,0.989076,high_consensus,波纹状,0.988666,high_consensus,0--2,0.971051,high_consensus,2.6,1.0,high_consensus|score_additivity_consistent,1.2,1.0,high_consensus|score_additivity_consistent,0.4,1.0,high_consensus|score_additivity_consistent,4.2,1.0,high_consensus|score_additivity_consistent,中度异常,0.989056,high_consensus,0.951799,1
recovered_archive3/267,清晰,0.989173,high_consensus,>=7,1.0,high_consensus|rtf_semantic_support,11,0.988975,high_consensus,17,0.989087,high_consensus,1.5,1.0,high_consensus|ratio_consistent,18,0.98906,high_consensus,395,0.989132,high_consensus,<=30%,0.987408,high_consensus,,0.0,missing,线流,0.989183,high_consensus,,0.0,missing,0--1,0.979821,high_consensus,无,0.9891,high_consensus,1--30,0.987844,high_consensus,无,0.989063,high_consensus,淡红,0.989146,high_consensus,无,0.989019,high_consensus,无,0.988989,high_consensus,可见1排,0.98904,high_consensus,浅波纹状,0.988571,high_consensus,,0.0,missing,2.0,1.0,high_consensus|score_additivity_consistent,0.0,1.0,high_consensus|score_additivity_consistent,0.5,1.0,high_consensus|score_additivity_consistent,2.5,1.0,high_consensus|score_additivity_consistent,轻度异常,0.988824,high_consensus,0.876978,3
