report_path,exam_case_id,field,rapidocr,qwen,status,rapidocr_confidence
recovered_archive1/12/rep.jpg.jpg,recovered_archive1/12,flow_state,,[线流、线粒流],qwen_on_rapid_blank,
recovered_archive1/12/rep_1.jpg.jpg,recovered_archive1/12,flow_state,,[线流、线粒流],qwen_on_rapid_blank,
recovered_archive1/12/rep_1812180.jpg.jpg,recovered_archive1/12,flow_state,,[线流、线粒流],qwen_on_rapid_blank,
recovered_archive1/19/rep.jpg.jpg,recovered_archive1/19,flow_state,,[线流、线粒流],qwen_on_rapid_blank,
recovered_archive1/19/rep_1810160.jpg.jpg,recovered_archive1/19,flow_state,,[线流、线粒流],qwen_on_rapid_blank,
recovered_archive1/23/rep.jpg.jpg,recovered_archive1/23,flow_speed_um_s,,>600um/s,qwen_on_rapid_blank,
recovered_archive1/23/rep_1810160.jpg.jpg,recovered_archive1/23,flow_speed_um_s,,>600um/s,qwen_on_rapid_blank,
recovered_archive1/25/rep.jpg.jpg,recovered_archive1/25,flow_state,,[线流、线粒流],qwen_on_rapid_blank,
recovered_archive1/25/rep_1811020.jpg.jpg,recovered_archive1/25,flow_state,,[线流、线粒流],qwen_on_rapid_blank,
recovered_archive1/28/rep.jpg.jpg,recovered_archive1/28,flow_speed_um_s,,>600um/s,qwen_on_rapid_blank,
recovered_archive1/28/rep_1812070.jpg.jpg,recovered_archive1/28,flow_speed_um_s,,>600um/s,qwen_on_rapid_blank,
recovered_archive1/28/rep_1812071.jpg.jpg,recovered_archive1/28,flow_speed_um_s,,>600um/s,qwen_on_rapid_blank,
recovered_archive1/30/rep.jpg.jpg,recovered_archive1/30,flow_speed_um_s,,>600um/s,qwen_on_rapid_blank,
recovered_archive1/30/rep.jpg.jpg,recovered_archive1/30,sweat_duct,,0--2个/一指甲襞,qwen_on_rapid_blank,
recovered_archive1/30/rep_1907020.jpg.jpg,recovered_archive1/30,flow_speed_um_s,,>600um/s,qwen_on_rapid_blank,
recovered_archive1/30/rep_1907020.jpg.jpg,recovered_archive1/30,sweat_duct,,0--2个/一指甲襞,qwen_on_rapid_blank,
recovered_archive1/30/rep_1907021.jpg.jpg,recovered_archive1/30,flow_speed_um_s,,>600um/s,qwen_on_rapid_blank,
recovered_archive1/30/rep_1907021.jpg.jpg,recovered_archive1/30,sweat_duct,,0--2个/一指甲襞,qwen_on_rapid_blank,
recovered_archive1/30/rep_左手.jpg.jpg,recovered_archive1/30,flow_speed_um_s,,>600um/s,qwen_on_rapid_blank,
recovered_archive1/30/rep_左手.jpg.jpg,recovered_archive1/30,sweat_duct,,0--2个/一指甲襞,qwen_on_rapid_blank,
recovered_archive1/34/rep.jpg.jpg,recovered_archive1/34,afferent_diameter,,325,qwen_on_rapid_blank,
recovered_archive1/34/rep.jpg.jpg,recovered_archive1/34,efferent_diameter,,40,qwen_on_rapid_blank,
recovered_archive1/34/rep.jpg.jpg,recovered_archive1/34,output_input_ratio,,[1.3],qwen_on_rapid_blank,
recovered_archive1/34/rep.jpg.jpg,recovered_archive1/34,apex_diameter,40,12--18um,disagreement,0.9987759590148926
recovered_archive1/34/rep.jpg.jpg,recovered_archive1/34,loop_length,325,150--250um,disagreement,0.9989126523335775
recovered_archive1/34/rep.jpg.jpg,recovered_archive1/34,flow_speed_um_s,,>600um/s,qwen_on_rapid_blank,
recovered_archive1/34/rep_1905070.jpg.jpg,recovered_archive1/34,afferent_diameter,,325,qwen_on_rapid_blank,
recovered_archive1/34/rep_1905070.jpg.jpg,recovered_archive1/34,efferent_diameter,,40,qwen_on_rapid_blank,
recovered_archive1/34/rep_1905070.jpg.jpg,recovered_archive1/34,output_input_ratio,,[1.3],qwen_on_rapid_blank,
recovered_archive1/34/rep_1905070.jpg.jpg,recovered_archive1/34,apex_diameter,40,12--18um,disagreement,0.9987759590148926
recovered_archive1/34/rep_1905070.jpg.jpg,recovered_archive1/34,loop_length,325,150--250um,disagreement,0.9989126523335775
recovered_archive1/34/rep_1905070.jpg.jpg,recovered_archive1/34,flow_speed_um_s,,>600um/s,qwen_on_rapid_blank,
recovered_archive1/34/rep_1905071.jpg.jpg,recovered_archive1/34,afferent_diameter,,325,qwen_on_rapid_blank,
recovered_archive1/34/rep_1905071.jpg.jpg,recovered_archive1/34,efferent_diameter,,40,qwen_on_rapid_blank,
recovered_archive1/34/rep_1905071.jpg.jpg,recovered_archive1/34,output_input_ratio,,[1.3],qwen_on_rapid_blank,
recovered_archive1/34/rep_1905071.jpg.jpg,recovered_archive1/34,apex_diameter,40,12--18um,disagreement,0.9987759590148926
recovered_archive1/34/rep_1905071.jpg.jpg,recovered_archive1/34,loop_length,325,150--250um,disagreement,0.9989126523335775
recovered_archive1/34/rep_1905071.jpg.jpg,recovered_archive1/34,flow_speed_um_s,,>600um/s,qwen_on_rapid_blank,
recovered_archive1/34/rep_左手.jpg.jpg,recovered_archive1/34,afferent_diameter,,325,qwen_on_rapid_blank,
recovered_archive1/34/rep_左手.jpg.jpg,recovered_archive1/34,efferent_diameter,,40,qwen_on_rapid_blank,
recovered_archive1/34/rep_左手.jpg.jpg,recovered_archive1/34,output_input_ratio,,[1.3],qwen_on_rapid_blank,
recovered_archive1/34/rep_左手.jpg.jpg,recovered_archive1/34,apex_diameter,40,12--18um,disagreement,0.9987759590148926
recovered_archive1/34/rep_左手.jpg.jpg,recovered_archive1/34,loop_length,325,150--250um,disagreement,0.9989126523335775
recovered_archive1/34/rep_左手.jpg.jpg,recovered_archive1/34,flow_speed_um_s,,>600um/s,qwen_on_rapid_blank,
recovered_archive1/35/rep.jpg.jpg,recovered_archive1/35,flow_speed_um_s,,>600um/s,qwen_on_rapid_blank,
recovered_archive1/35/rep_1.jpg.jpg,recovered_archive1/35,flow_speed_um_s,,>600um/s,qwen_on_rapid_blank,
recovered_archive1/35/rep_1812060.jpg.jpg,recovered_archive1/35,flow_speed_um_s,,>600um/s,qwen_on_rapid_blank,
recovered_archive1/35/rep_1812061.jpg.jpg,recovered_archive1/35,flow_speed_um_s,,>600um/s,qwen_on_rapid_blank,
recovered_archive1/37/rep.jpg.jpg,recovered_archive1/37,afferent_diameter,,[9--13um],qwen_on_rapid_blank,
recovered_archive1/37/rep.jpg.jpg,recovered_archive1/37,efferent_diameter,,[11--17um],qwen_on_rapid_blank,
recovered_archive1/37/rep.jpg.jpg,recovered_archive1/37,output_input_ratio,,[1.3],qwen_on_rapid_blank,
recovered_archive1/37/rep.jpg.jpg,recovered_archive1/37,apex_diameter,,[12--18um],qwen_on_rapid_blank,
recovered_archive1/37/rep.jpg.jpg,recovered_archive1/37,loop_length,,[150--250um],qwen_on_rapid_blank,
recovered_archive1/37/rep.jpg.jpg,recovered_archive1/37,malformation_ratio,,<=10%,qwen_on_rapid_blank,
recovered_archive1/37/rep.jpg.jpg,recovered_archive1/37,flow_speed_um_s,,>600um/s,qwen_on_rapid_blank,
recovered_archive1/37/rep_1903260.jpg.jpg,recovered_archive1/37,afferent_diameter,,[9--13um],qwen_on_rapid_blank,
recovered_archive1/37/rep_1903260.jpg.jpg,recovered_archive1/37,efferent_diameter,,[11--17um],qwen_on_rapid_blank,
recovered_archive1/37/rep_1903260.jpg.jpg,recovered_archive1/37,output_input_ratio,,[1.3],qwen_on_rapid_blank,
recovered_archive1/37/rep_1903260.jpg.jpg,recovered_archive1/37,apex_diameter,,[12--18um],qwen_on_rapid_blank,
recovered_archive1/37/rep_1903260.jpg.jpg,recovered_archive1/37,loop_length,,[150--250um],qwen_on_rapid_blank,
recovered_archive1/37/rep_1903260.jpg.jpg,recovered_archive1/37,malformation_ratio,,<=10%,qwen_on_rapid_blank,
recovered_archive1/37/rep_1903260.jpg.jpg,recovered_archive1/37,flow_speed_um_s,,>600um/s,qwen_on_rapid_blank,
recovered_archive1/37/rep_1903261.jpg.jpg,recovered_archive1/37,afferent_diameter,,[9--13um],qwen_on_rapid_blank,
recovered_archive1/37/rep_1903261.jpg.jpg,recovered_archive1/37,efferent_diameter,,[11--17um],qwen_on_rapid_blank,
recovered_archive1/37/rep_1903261.jpg.jpg,recovered_archive1/37,output_input_ratio,,[1.3],qwen_on_rapid_blank,
recovered_archive1/37/rep_1903261.jpg.jpg,recovered_archive1/37,apex_diameter,,[12--18um],qwen_on_rapid_blank,
recovered_archive1/37/rep_1903261.jpg.jpg,recovered_archive1/37,loop_length,,[150--250um],qwen_on_rapid_blank,
recovered_archive1/37/rep_1903261.jpg.jpg,recovered_archive1/37,malformation_ratio,,<=10%,qwen_on_rapid_blank,
recovered_archive1/37/rep_1903261.jpg.jpg,recovered_archive1/37,flow_speed_um_s,,>600um/s,qwen_on_rapid_blank,
recovered_archive1/37/rep_右手.jpg.jpg,recovered_archive1/37,afferent_diameter,,[9--13um],qwen_on_rapid_blank,
recovered_archive1/37/rep_右手.jpg.jpg,recovered_archive1/37,efferent_diameter,,[11--17um],qwen_on_rapid_blank,
recovered_archive1/37/rep_右手.jpg.jpg,recovered_archive1/37,output_input_ratio,,[1.3],qwen_on_rapid_blank,
recovered_archive1/37/rep_右手.jpg.jpg,recovered_archive1/37,apex_diameter,,[12--18um],qwen_on_rapid_blank,
recovered_archive1/37/rep_右手.jpg.jpg,recovered_archive1/37,loop_length,,[150--250um],qwen_on_rapid_blank,
recovered_archive1/37/rep_右手.jpg.jpg,recovered_archive1/37,malformation_ratio,,<=10%,qwen_on_rapid_blank,
recovered_archive1/37/rep_右手.jpg.jpg,recovered_archive1/37,flow_speed_um_s,,>600um/s,qwen_on_rapid_blank,
recovered_archive1/39/rep_2010230.jpg.jpg,recovered_archive1/39,flow_state,,[线流、线粒流],qwen_on_rapid_blank,
recovered_archive1/4/rep.jpg.jpg,recovered_archive1/4,flow_state,,[线流、线粒流],qwen_on_rapid_blank,
recovered_archive1/4/rep_1902260.jpg.jpg,recovered_archive1/4,flow_state,,[线流、线粒流],qwen_on_rapid_blank,
recovered_archive1/42/rep.jpg.jpg,recovered_archive1/42,output_input_ratio,,[1.3],qwen_on_rapid_blank,
recovered_archive1/42/rep.jpg.jpg,recovered_archive1/42,crossing_ratio,,[<30%],qwen_on_rapid_blank,
recovered_archive1/42/rep.jpg.jpg,recovered_archive1/42,malformation_ratio,,[<10%],qwen_on_rapid_blank,
recovered_archive1/42/rep_1912030.jpg.jpg,recovered_archive1/42,output_input_ratio,,[1.3],qwen_on_rapid_blank,
recovered_archive1/42/rep_1912030.jpg.jpg,recovered_archive1/42,crossing_ratio,,[<30%],qwen_on_rapid_blank,
recovered_archive1/42/rep_1912030.jpg.jpg,recovered_archive1/42,malformation_ratio,,[<10%],qwen_on_rapid_blank,
recovered_archive1/42/rep_1912031.jpg.jpg,recovered_archive1/42,output_input_ratio,,[1.3],qwen_on_rapid_blank,
recovered_archive1/42/rep_1912031.jpg.jpg,recovered_archive1/42,crossing_ratio,,[<30%],qwen_on_rapid_blank,
recovered_archive1/42/rep_1912031.jpg.jpg,recovered_archive1/42,malformation_ratio,,[<10%],qwen_on_rapid_blank,
recovered_archive1/42/rep_左手.jpg.jpg,recovered_archive1/42,output_input_ratio,,[1.3],qwen_on_rapid_blank,
recovered_archive1/42/rep_左手.jpg.jpg,recovered_archive1/42,crossing_ratio,,[<30%],qwen_on_rapid_blank,
recovered_archive1/42/rep_左手.jpg.jpg,recovered_archive1/42,malformation_ratio,,[<10%],qwen_on_rapid_blank,
recovered_archive1/43/rep.jpg.jpg,recovered_archive1/43,flow_state,,[线流、线粒流],qwen_on_rapid_blank,
recovered_archive1/43/rep_1.jpg.jpg,recovered_archive1/43,flow_state,,[线流、线粒流],qwen_on_rapid_blank,
recovered_archive1/43/rep_1908230.jpg.jpg,recovered_archive1/43,output_input_ratio,,[1.3],qwen_on_rapid_blank,
recovered_archive1/43/rep_1908230.jpg.jpg,recovered_archive1/43,crossing_ratio,,[<30%],qwen_on_rapid_blank,
recovered_archive1/43/rep_1908230.jpg.jpg,recovered_archive1/43,malformation_ratio,,[<10%],qwen_on_rapid_blank,
recovered_archive1/43/rep_1908230.jpg.jpg,recovered_archive1/43,flow_state,,[线流、线粒流],qwen_on_rapid_blank,
recovered_archive1/43/rep_1908230.jpg.jpg,recovered_archive1/43,flow_speed_um_s,,>600um/s,qwen_on_rapid_blank,
recovered_archive1/43/rep_1908230.jpg.jpg,recovered_archive1/43,rbc_aggregation,,[无],qwen_on_rapid_blank,
recovered_archive1/43/rep_1908230.jpg.jpg,recovered_archive1/43,blood_color,,[淡红色],qwen_on_rapid_blank,
recovered_archive1/43/rep_1908230.jpg.jpg,recovered_archive1/43,exudation,,[无],qwen_on_rapid_blank,
recovered_archive1/43/rep_1908230.jpg.jpg,recovered_archive1/43,subpapillary_venous_plexus,,[不见],qwen_on_rapid_blank,
recovered_archive1/43/rep_1908230.jpg.jpg,recovered_archive1/43,papilla,,[波纹状],qwen_on_rapid_blank,
recovered_archive1/44/rep.jpg.jpg,recovered_archive1/44,output_input_ratio,,[1.3],qwen_on_rapid_blank,
recovered_archive1/44/rep_1912120.jpg.jpg,recovered_archive1/44,output_input_ratio,,[1.3],qwen_on_rapid_blank,
recovered_archive1/44/rep_1912121.jpg.jpg,recovered_archive1/44,output_input_ratio,,[1.3],qwen_on_rapid_blank,
recovered_archive1/44/rep_左手.jpg.jpg,recovered_archive1/44,output_input_ratio,,[1.3],qwen_on_rapid_blank,
recovered_archive1/45/rep.jpg.jpg,recovered_archive1/45,blood_color,,+++,qwen_on_rapid_blank,
recovered_archive1/45/rep.jpg.jpg,recovered_archive1/45,exudation,+++,无,disagreement,0.5122005343437195
recovered_archive1/45/rep_1908200.jpg.jpg,recovered_archive1/45,blood_color,,+++,qwen_on_rapid_blank,
recovered_archive1/45/rep_1908200.jpg.jpg,recovered_archive1/45,exudation,+++,无,disagreement,0.5122005343437195
recovered_archive1/45/rep_1908201.jpg.jpg,recovered_archive1/45,blood_color,,+++,qwen_on_rapid_blank,
recovered_archive1/45/rep_1908201.jpg.jpg,recovered_archive1/45,exudation,+++,无,disagreement,0.5122005343437195
recovered_archive1/45/rep_左手.jpg.jpg,recovered_archive1/45,blood_color,,+++,qwen_on_rapid_blank,
recovered_archive1/45/rep_左手.jpg.jpg,recovered_archive1/45,exudation,+++,无,disagreement,0.5122005343437195
recovered_archive1/47/rep_1901100.jpg.jpg,recovered_archive1/47,flow_state,,[线流、线粒流],qwen_on_rapid_blank,
recovered_archive1/48/rep.jpg.jpg,recovered_archive1/48,apex_diameter,,33,qwen_on_rapid_blank,
recovered_archive1/48/rep_1901100.jpg.jpg,recovered_archive1/48,apex_diameter,,33,qwen_on_rapid_blank,
recovered_archive1/48/rep_1901101.jpg.jpg,recovered_archive1/48,apex_diameter,,33,qwen_on_rapid_blank,
recovered_archive1/48/rep_左手.jpg.jpg,recovered_archive1/48,apex_diameter,,33,qwen_on_rapid_blank,
recovered_archive1/49/rep.jpg.jpg,recovered_archive1/49,flow_speed_um_s,,>600um/s,qwen_on_rapid_blank,
recovered_archive1/49/rep_1902120.jpg.jpg,recovered_archive1/49,flow_state,,[线流、线粒流],qwen_on_rapid_blank,
recovered_archive1/49/rep_1902121.jpg.jpg,recovered_archive1/49,flow_speed_um_s,,>600um/s,qwen_on_rapid_blank,
recovered_archive1/49/rep_左手.jpg.jpg,recovered_archive1/49,flow_speed_um_s,,>600um/s,qwen_on_rapid_blank,
recovered_archive1/50/rep.jpg.jpg,recovered_archive1/50,flow_state,,[线流、线粒流],qwen_on_rapid_blank,
recovered_archive1/50/rep_1908010.jpg.jpg,recovered_archive1/50,flow_state,,[线流、线粒流],qwen_on_rapid_blank,
recovered_archive1/50/rep_1908011.jpg.jpg,recovered_archive1/50,flow_state,,[线流、线粒流],qwen_on_rapid_blank,
recovered_archive1/50/rep_左手.jpg.jpg,recovered_archive1/50,flow_state,,[线流、线粒流],qwen_on_rapid_blank,
recovered_archive1/51/rep.jpg.jpg,recovered_archive1/51,output_input_ratio,,[1.3],qwen_on_rapid_blank,
recovered_archive1/51/rep.jpg.jpg,recovered_archive1/51,crossing_ratio,,<=30%,qwen_on_rapid_blank,
recovered_archive1/51/rep.jpg.jpg,recovered_archive1/51,malformation_ratio,,<=10%,qwen_on_rapid_blank,
recovered_archive1/51/rep.jpg.jpg,recovered_archive1/51,flow_state,,[线流、线粒流],qwen_on_rapid_blank,
recovered_archive1/51/rep.jpg.jpg,recovered_archive1/51,flow_speed_um_s,,>600um/s,qwen_on_rapid_blank,
recovered_archive1/51/rep.jpg.jpg,recovered_archive1/51,rbc_aggregation,,[无],qwen_on_rapid_blank,
recovered_archive1/51/rep.jpg.jpg,recovered_archive1/51,microthrombus,,[未见],qwen_on_rapid_blank,
recovered_archive1/51/rep.jpg.jpg,recovered_archive1/51,blood_color,,[淡红色],qwen_on_rapid_blank,
recovered_archive1/51/rep.jpg.jpg,recovered_archive1/51,exudation,,[无],qwen_on_rapid_blank,
recovered_archive1/51/rep.jpg.jpg,recovered_archive1/51,subpapillary_venous_plexus,,[不见],qwen_on_rapid_blank,
recovered_archive1/51/rep.jpg.jpg,recovered_archive1/51,papilla,,[波纹状],qwen_on_rapid_blank,
recovered_archive1/51/rep_1912100.jpg.jpg,recovered_archive1/51,output_input_ratio,,[1.3],qwen_on_rapid_blank,
recovered_archive1/51/rep_1912100.jpg.jpg,recovered_archive1/51,crossing_ratio,,<=30%,qwen_on_rapid_blank,
recovered_archive1/51/rep_1912100.jpg.jpg,recovered_archive1/51,malformation_ratio,,<=10%,qwen_on_rapid_blank,
recovered_archive1/51/rep_1912100.jpg.jpg,recovered_archive1/51,flow_state,,[线流、线粒流],qwen_on_rapid_blank,
recovered_archive1/51/rep_1912100.jpg.jpg,recovered_archive1/51,flow_speed_um_s,,>600um/s,qwen_on_rapid_blank,
recovered_archive1/51/rep_1912100.jpg.jpg,recovered_archive1/51,rbc_aggregation,,[无],qwen_on_rapid_blank,
recovered_archive1/51/rep_1912100.jpg.jpg,recovered_archive1/51,microthrombus,,[未见],qwen_on_rapid_blank,
recovered_archive1/51/rep_1912100.jpg.jpg,recovered_archive1/51,blood_color,,[淡红色],qwen_on_rapid_blank,
recovered_archive1/51/rep_1912100.jpg.jpg,recovered_archive1/51,exudation,,[无],qwen_on_rapid_blank,
recovered_archive1/51/rep_1912100.jpg.jpg,recovered_archive1/51,subpapillary_venous_plexus,,[不见],qwen_on_rapid_blank,
recovered_archive1/51/rep_1912100.jpg.jpg,recovered_archive1/51,papilla,,[波纹状],qwen_on_rapid_blank,
recovered_archive1/51/rep_1912101.jpg.jpg,recovered_archive1/51,output_input_ratio,,[1.3],qwen_on_rapid_blank,
recovered_archive1/51/rep_1912101.jpg.jpg,recovered_archive1/51,crossing_ratio,,<=30%,qwen_on_rapid_blank,
recovered_archive1/51/rep_1912101.jpg.jpg,recovered_archive1/51,malformation_ratio,,<=10%,qwen_on_rapid_blank,
recovered_archive1/51/rep_1912101.jpg.jpg,recovered_archive1/51,flow_state,,[线流、线粒流],qwen_on_rapid_blank,
recovered_archive1/51/rep_1912101.jpg.jpg,recovered_archive1/51,flow_speed_um_s,,>600um/s,qwen_on_rapid_blank,
recovered_archive1/51/rep_1912101.jpg.jpg,recovered_archive1/51,rbc_aggregation,,[无],qwen_on_rapid_blank,
recovered_archive1/51/rep_1912101.jpg.jpg,recovered_archive1/51,microthrombus,,[未见],qwen_on_rapid_blank,
recovered_archive1/51/rep_1912101.jpg.jpg,recovered_archive1/51,blood_color,,[淡红色],qwen_on_rapid_blank,
recovered_archive1/51/rep_1912101.jpg.jpg,recovered_archive1/51,exudation,,[无],qwen_on_rapid_blank,
recovered_archive1/51/rep_1912101.jpg.jpg,recovered_archive1/51,subpapillary_venous_plexus,,[不见],qwen_on_rapid_blank,
recovered_archive1/51/rep_1912101.jpg.jpg,recovered_archive1/51,papilla,,[波纹状],qwen_on_rapid_blank,
recovered_archive1/51/rep_左手.jpg.jpg,recovered_archive1/51,output_input_ratio,,[1.3],qwen_on_rapid_blank,
recovered_archive1/51/rep_左手.jpg.jpg,recovered_archive1/51,crossing_ratio,,<=30%,qwen_on_rapid_blank,
recovered_archive1/51/rep_左手.jpg.jpg,recovered_archive1/51,malformation_ratio,,<=10%,qwen_on_rapid_blank,
recovered_archive1/51/rep_左手.jpg.jpg,recovered_archive1/51,flow_state,,[线流、线粒流],qwen_on_rapid_blank,
recovered_archive1/51/rep_左手.jpg.jpg,recovered_archive1/51,flow_speed_um_s,,>600um/s,qwen_on_rapid_blank,
recovered_archive1/51/rep_左手.jpg.jpg,recovered_archive1/51,rbc_aggregation,,[无],qwen_on_rapid_blank,
recovered_archive1/51/rep_左手.jpg.jpg,recovered_archive1/51,microthrombus,,[未见],qwen_on_rapid_blank,
recovered_archive1/51/rep_左手.jpg.jpg,recovered_archive1/51,blood_color,,[淡红色],qwen_on_rapid_blank,
recovered_archive1/51/rep_左手.jpg.jpg,recovered_archive1/51,exudation,,[无],qwen_on_rapid_blank,
recovered_archive1/51/rep_左手.jpg.jpg,recovered_archive1/51,subpapillary_venous_plexus,,[不见],qwen_on_rapid_blank,
recovered_archive1/51/rep_左手.jpg.jpg,recovered_archive1/51,papilla,,[波纹状],qwen_on_rapid_blank,
recovered_archive1/52/rep.jpg.jpg,recovered_archive1/52,flow_speed_um_s,,>600um/s,qwen_on_rapid_blank,
recovered_archive1/52/rep.jpg.jpg,recovered_archive1/52,blood_color,,淡红,qwen_on_rapid_blank,
recovered_archive1/52/rep_1901170.jpg.jpg,recovered_archive1/52,flow_speed_um_s,,>600um/s,qwen_on_rapid_blank,
recovered_archive1/52/rep_1901170.jpg.jpg,recovered_archive1/52,blood_color,,淡红,qwen_on_rapid_blank,
recovered_archive1/52/rep_1901171.jpg.jpg,recovered_archive1/52,flow_speed_um_s,,>600um/s,qwen_on_rapid_blank,
recovered_archive1/52/rep_1901171.jpg.jpg,recovered_archive1/52,blood_color,,淡红,qwen_on_rapid_blank,
recovered_archive1/52/rep_左手.jpg.jpg,recovered_archive1/52,flow_speed_um_s,,>600um/s,qwen_on_rapid_blank,
recovered_archive1/52/rep_左手.jpg.jpg,recovered_archive1/52,blood_color,,淡红,qwen_on_rapid_blank,
recovered_archive1/53/rep.jpg.jpg,recovered_archive1/53,flow_state,,[线流、线粒流],qwen_on_rapid_blank,
recovered_archive1/53/rep.jpg.jpg,recovered_archive1/53,flow_speed_um_s,,>600um/s,qwen_on_rapid_blank,
recovered_archive1/53/rep_1.jpg.jpg,recovered_archive1/53,flow_state,,[线流、线粒流],qwen_on_rapid_blank,
recovered_archive1/53/rep_1.jpg.jpg,recovered_archive1/53,flow_speed_um_s,,>600um/s,qwen_on_rapid_blank,
recovered_archive1/53/rep_1810170.jpg.jpg,recovered_archive1/53,flow_state,,[线流、线粒流],qwen_on_rapid_blank,
recovered_archive1/53/rep_1810170.jpg.jpg,recovered_archive1/53,flow_speed_um_s,,>600um/s,qwen_on_rapid_blank,
recovered_archive1/60/rep.jpg.jpg,recovered_archive1/60,crossing_ratio,,10--30%,qwen_on_rapid_blank,
recovered_archive1/60/rep.jpg.jpg,recovered_archive1/60,subpapillary_venous_plexus,,[不见],qwen_on_rapid_blank,
recovered_archive1/60/rep.jpg.jpg,recovered_archive1/60,papilla,,[波纹状],qwen_on_rapid_blank,
recovered_archive1/60/rep_2004140.jpg.jpg,recovered_archive1/60,crossing_ratio,,10--30%,qwen_on_rapid_blank,
recovered_archive1/60/rep_2004140.jpg.jpg,recovered_archive1/60,subpapillary_venous_plexus,,[不见],qwen_on_rapid_blank,
recovered_archive1/60/rep_2004140.jpg.jpg,recovered_archive1/60,papilla,,[波纹状],qwen_on_rapid_blank,
recovered_archive1/60/rep_2004141.jpg.jpg,recovered_archive1/60,crossing_ratio,,10--30%,qwen_on_rapid_blank,
recovered_archive1/60/rep_2004141.jpg.jpg,recovered_archive1/60,subpapillary_venous_plexus,,[不见],qwen_on_rapid_blank,
recovered_archive1/60/rep_2004141.jpg.jpg,recovered_archive1/60,papilla,,[波纹状],qwen_on_rapid_blank,
recovered_archive1/60/rep_左手.jpg.jpg,recovered_archive1/60,crossing_ratio,,10--30%,qwen_on_rapid_blank,
recovered_archive1/60/rep_左手.jpg.jpg,recovered_archive1/60,subpapillary_venous_plexus,,[不见],qwen_on_rapid_blank,
recovered_archive1/60/rep_左手.jpg.jpg,recovered_archive1/60,papilla,,[波纹状],qwen_on_rapid_blank,
recovered_archive1/61/rep.jpg.jpg,recovered_archive1/61,flow_speed_um_s,,>600um/s,qwen_on_rapid_blank,
recovered_archive1/61/rep_1.jpg.jpg,recovered_archive1/61,flow_speed_um_s,,>600um/s,qwen_on_rapid_blank,
recovered_archive1/61/rep_1812070.jpg.jpg,recovered_archive1/61,flow_speed_um_s,,>600um/s,qwen_on_rapid_blank,
recovered_archive1/61/rep_1812071.jpg.jpg,recovered_archive1/61,flow_speed_um_s,,>600um/s,qwen_on_rapid_blank,
recovered_archive1/61/rep_1812072.jpg.jpg,recovered_archive1/61,flow_speed_um_s,,>600um/s,qwen_on_rapid_blank,
recovered_archive1/62/rep.jpg.jpg,recovered_archive1/62,flow_speed_um_s,,>600um/s,qwen_on_rapid_blank,
recovered_archive1/62/rep_1912240.jpg.jpg,recovered_archive1/62,flow_speed_um_s,,>600um/s,qwen_on_rapid_blank,
recovered_archive1/62/rep_1912241.jpg.jpg,recovered_archive1/62,flow_speed_um_s,,>600um/s,qwen_on_rapid_blank,
recovered_archive1/62/rep_左手.jpg.jpg,recovered_archive1/62,flow_speed_um_s,,>600um/s,qwen_on_rapid_blank,
recovered_archive1/63/rep_1.jpg.jpg,recovered_archive1/63,flow_state,,[线流、线粒流],qwen_on_rapid_blank,
recovered_archive1/63/rep_1904090.jpg.jpg,recovered_archive1/63,flow_state,,[线流、线粒流],qwen_on_rapid_blank,
recovered_archive1/64/rep.jpg.jpg,recovered_archive1/64,afferent_diameter,,9--13um,qwen_on_rapid_blank,
recovered_archive1/64/rep.jpg.jpg,recovered_archive1/64,efferent_diameter,,11--17um,qwen_on_rapid_blank,
recovered_archive1/64/rep.jpg.jpg,recovered_archive1/64,output_input_ratio,,[1.3],qwen_on_rapid_blank,
recovered_archive1/64/rep.jpg.jpg,recovered_archive1/64,flow_speed_um_s,,>600um/s,qwen_on_rapid_blank,
recovered_archive1/64/rep_1910100.jpg.jpg,recovered_archive1/64,afferent_diameter,,9--13um,qwen_on_rapid_blank,
recovered_archive1/64/rep_1910100.jpg.jpg,recovered_archive1/64,efferent_diameter,,11--17um,qwen_on_rapid_blank,
recovered_archive1/64/rep_1910100.jpg.jpg,recovered_archive1/64,output_input_ratio,,[1.3],qwen_on_rapid_blank,
recovered_archive1/64/rep_1910100.jpg.jpg,recovered_archive1/64,flow_speed_um_s,,>600um/s,qwen_on_rapid_blank,
recovered_archive1/64/rep_1910101.jpg.jpg,recovered_archive1/64,afferent_diameter,,9--13um,qwen_on_rapid_blank,
recovered_archive1/64/rep_1910101.jpg.jpg,recovered_archive1/64,efferent_diameter,,11--17um,qwen_on_rapid_blank,
recovered_archive1/64/rep_1910101.jpg.jpg,recovered_archive1/64,output_input_ratio,,[1.3],qwen_on_rapid_blank,
recovered_archive1/64/rep_1910101.jpg.jpg,recovered_archive1/64,flow_speed_um_s,,>600um/s,qwen_on_rapid_blank,
recovered_archive1/64/rep_左手.jpg.jpg,recovered_archive1/64,afferent_diameter,,9--13um,qwen_on_rapid_blank,
recovered_archive1/64/rep_左手.jpg.jpg,recovered_archive1/64,efferent_diameter,,11--17um,qwen_on_rapid_blank,
recovered_archive1/64/rep_左手.jpg.jpg,recovered_archive1/64,output_input_ratio,,[1.3],qwen_on_rapid_blank,
recovered_archive1/64/rep_左手.jpg.jpg,recovered_archive1/64,flow_speed_um_s,,>600um/s,qwen_on_rapid_blank,
recovered_archive1/67/rep.jpg.jpg,recovered_archive1/67,afferent_diameter,,90,qwen_on_rapid_blank,
recovered_archive1/67/rep.jpg.jpg,recovered_archive1/67,crossing_ratio,,30--60%,qwen_on_rapid_blank,
recovered_archive1/67/rep_2001140.jpg.jpg,recovered_archive1/67,afferent_diameter,,90,qwen_on_rapid_blank,
recovered_archive1/67/rep_2001140.jpg.jpg,recovered_archive1/67,crossing_ratio,,30--60%,qwen_on_rapid_blank,
recovered_archive1/67/rep_2001141.jpg.jpg,recovered_archive1/67,afferent_diameter,,90,qwen_on_rapid_blank,
recovered_archive1/67/rep_2001141.jpg.jpg,recovered_archive1/67,crossing_ratio,,30--60%,qwen_on_rapid_blank,
recovered_archive1/67/rep_左手.jpg.jpg,recovered_archive1/67,afferent_diameter,,90,qwen_on_rapid_blank,
recovered_archive1/67/rep_左手.jpg.jpg,recovered_archive1/67,crossing_ratio,,30--60%,qwen_on_rapid_blank,
recovered_archive1/69/rep.jpg.jpg,recovered_archive1/69,output_input_ratio,,[1.3],qwen_on_rapid_blank,
recovered_archive1/69/rep_1903050.jpg.jpg,recovered_archive1/69,output_input_ratio,,[1.3],qwen_on_rapid_blank,
recovered_archive1/69/rep_1903051.jpg.jpg,recovered_archive1/69,output_input_ratio,,[1.3],qwen_on_rapid_blank,
recovered_archive1/69/rep_右手.jpg.jpg,recovered_archive1/69,output_input_ratio,,[1.3],qwen_on_rapid_blank,
recovered_archive1/72/rep.jpg.jpg,recovered_archive1/72,flow_speed_um_s,,>600um/s,qwen_on_rapid_blank,
recovered_archive1/72/rep.jpg.jpg,recovered_archive1/72,sweat_duct,,0--2个/一指甲襞,qwen_on_rapid_blank,
recovered_archive1/72/rep_2006230.jpg.jpg,recovered_archive1/72,flow_speed_um_s,,>600um/s,qwen_on_rapid_blank,
recovered_archive1/72/rep_2006230.jpg.jpg,recovered_archive1/72,sweat_duct,,0--2个/一指甲襞,qwen_on_rapid_blank,
recovered_archive1/72/rep_2006231.jpg.jpg,recovered_archive1/72,flow_speed_um_s,,>600um/s,qwen_on_rapid_blank,
recovered_archive1/72/rep_2006231.jpg.jpg,recovered_archive1/72,sweat_duct,,0--2个/一指甲襞,qwen_on_rapid_blank,
recovered_archive1/72/rep_右手.jpg.jpg,recovered_archive1/72,flow_speed_um_s,,>600um/s,qwen_on_rapid_blank,
recovered_archive1/72/rep_右手.jpg.jpg,recovered_archive1/72,sweat_duct,,0--2个/一指甲襞,qwen_on_rapid_blank,
recovered_archive1/74/rep.jpg.jpg,recovered_archive1/74,flow_speed_um_s,,>600um/s,qwen_on_rapid_blank,
recovered_archive1/74/rep.jpg.jpg,recovered_archive1/74,blood_color,,[淡红色],qwen_on_rapid_blank,
recovered_archive1/74/rep_1812070.jpg.jpg,recovered_archive1/74,flow_speed_um_s,,>600um/s,qwen_on_rapid_blank,
recovered_archive1/74/rep_1812070.jpg.jpg,recovered_archive1/74,blood_color,,[淡红色],qwen_on_rapid_blank,
recovered_archive1/74/rep_1812071.jpg.jpg,recovered_archive1/74,flow_speed_um_s,,>600um/s,qwen_on_rapid_blank,
recovered_archive1/74/rep_1812071.jpg.jpg,recovered_archive1/74,blood_color,,[淡红色],qwen_on_rapid_blank,
recovered_archive1/74/rep_左手.jpg.jpg,recovered_archive1/74,flow_speed_um_s,,>600um/s,qwen_on_rapid_blank,
recovered_archive1/74/rep_左手.jpg.jpg,recovered_archive1/74,blood_color,,[淡红色],qwen_on_rapid_blank,
recovered_archive1/75/rep.jpg.jpg,recovered_archive1/75,flow_speed_um_s,,>600um/s,qwen_on_rapid_blank,
recovered_archive1/75/rep_2008110.jpg.jpg,recovered_archive1/75,flow_speed_um_s,,>600um/s,qwen_on_rapid_blank,
recovered_archive1/75/rep_2008111.jpg.jpg,recovered_archive1/75,flow_speed_um_s,,>600um/s,qwen_on_rapid_blank,
recovered_archive1/75/rep_右手.jpg.jpg,recovered_archive1/75,flow_speed_um_s,,>600um/s,qwen_on_rapid_blank,
recovered_archive1/77/rep.jpg.jpg,recovered_archive1/77,flow_speed_um_s,,>600um/s,qwen_on_rapid_blank,
recovered_archive1/77/rep_1905090.jpg.jpg,recovered_archive1/77,flow_speed_um_s,,>600um/s,qwen_on_rapid_blank,
recovered_archive1/77/rep_1905091.jpg.jpg,recovered_archive1/77,flow_speed_um_s,,>600um/s,qwen_on_rapid_blank,
recovered_archive1/77/rep_左手.jpg.jpg,recovered_archive1/77,flow_speed_um_s,,>600um/s,qwen_on_rapid_blank,
recovered_archive1/80/rep.jpg.jpg,recovered_archive1/80,flow_speed_um_s,,>600um/s,qwen_on_rapid_blank,
recovered_archive1/80/rep_1905210.jpg.jpg,recovered_archive1/80,flow_state,,[线流、线粒流],qwen_on_rapid_blank,
recovered_archive1/80/rep_1905211.jpg.jpg,recovered_archive1/80,flow_speed_um_s,,>600um/s,qwen_on_rapid_blank,
recovered_archive1/80/rep_左手.jpg.jpg,recovered_archive1/80,flow_speed_um_s,,>600um/s,qwen_on_rapid_blank,
recovered_archive1/81/rep.jpg.jpg,recovered_archive1/81,afferent_diameter,,9--13um,qwen_on_rapid_blank,
recovered_archive1/81/rep.jpg.jpg,recovered_archive1/81,efferent_diameter,,11--17um,qwen_on_rapid_blank,
recovered_archive1/81/rep.jpg.jpg,recovered_archive1/81,output_input_ratio,,[1.3],qwen_on_rapid_blank,
recovered_archive1/81/rep.jpg.jpg,recovered_archive1/81,flow_speed_um_s,,>600um/s,qwen_on_rapid_blank,
recovered_archive1/81/rep_2012030.jpg.jpg,recovered_archive1/81,afferent_diameter,,9--13um,qwen_on_rapid_blank,
recovered_archive1/81/rep_2012030.jpg.jpg,recovered_archive1/81,efferent_diameter,,11--17um,qwen_on_rapid_blank,
recovered_archive1/81/rep_2012030.jpg.jpg,recovered_archive1/81,output_input_ratio,,[1.3],qwen_on_rapid_blank,
recovered_archive1/81/rep_2012030.jpg.jpg,recovered_archive1/81,flow_speed_um_s,,>600um/s,qwen_on_rapid_blank,
recovered_archive1/81/rep_2012031.jpg.jpg,recovered_archive1/81,afferent_diameter,,9--13um,qwen_on_rapid_blank,
recovered_archive1/81/rep_2012031.jpg.jpg,recovered_archive1/81,efferent_diameter,,11--17um,qwen_on_rapid_blank,
recovered_archive1/81/rep_2012031.jpg.jpg,recovered_archive1/81,output_input_ratio,,[1.3],qwen_on_rapid_blank,
recovered_archive1/81/rep_2012031.jpg.jpg,recovered_archive1/81,flow_speed_um_s,,>600um/s,qwen_on_rapid_blank,
recovered_archive1/81/rep_双手无名指.jpg.jpg,recovered_archive1/81,afferent_diameter,,9--13um,qwen_on_rapid_blank,
recovered_archive1/81/rep_双手无名指.jpg.jpg,recovered_archive1/81,efferent_diameter,,11--17um,qwen_on_rapid_blank,
recovered_archive1/81/rep_双手无名指.jpg.jpg,recovered_archive1/81,output_input_ratio,,[1.3],qwen_on_rapid_blank,
recovered_archive1/81/rep_双手无名指.jpg.jpg,recovered_archive1/81,flow_speed_um_s,,>600um/s,qwen_on_rapid_blank,
recovered_archive1/82/rep.jpg.jpg,recovered_archive1/82,flow_speed_um_s,,>600um/s,qwen_on_rapid_blank,
recovered_archive1/82/rep_1902210.jpg.jpg,recovered_archive1/82,flow_speed_um_s,,>600um/s,qwen_on_rapid_blank,
recovered_archive1/82/rep_1902211.jpg.jpg,recovered_archive1/82,flow_speed_um_s,,>600um/s,qwen_on_rapid_blank,
recovered_archive1/82/rep_左手.jpg.jpg,recovered_archive1/82,flow_speed_um_s,,>600um/s,qwen_on_rapid_blank,
recovered_archive1/86/rep.jpg.jpg,recovered_archive1/86,flow_speed_um_s,,>600um/s,qwen_on_rapid_blank,
recovered_archive1/86/rep_1901220.jpg.jpg,recovered_archive1/86,flow_speed_um_s,,>600um/s,qwen_on_rapid_blank,
recovered_archive1/86/rep_1901221.jpg.jpg,recovered_archive1/86,flow_speed_um_s,,>600um/s,qwen_on_rapid_blank,
recovered_archive1/86/rep_1901222.jpg.jpg,recovered_archive1/86,flow_speed_um_s,,>600um/s,qwen_on_rapid_blank,
recovered_archive1/86/rep_左手.jpg.jpg,recovered_archive1/86,flow_speed_um_s,,>600um/s,qwen_on_rapid_blank,
recovered_archive1/88/rep.jpg.jpg,recovered_archive1/88,afferent_diameter,,9--13um,qwen_on_rapid_blank,
recovered_archive1/88/rep.jpg.jpg,recovered_archive1/88,efferent_diameter,,11--17um,qwen_on_rapid_blank,
recovered_archive1/88/rep.jpg.jpg,recovered_archive1/88,output_input_ratio,,1.3,qwen_on_rapid_blank,
recovered_archive1/88/rep.jpg.jpg,recovered_archive1/88,apex_diameter,,12--18um,qwen_on_rapid_blank,
recovered_archive1/88/rep.jpg.jpg,recovered_archive1/88,loop_length,,150--250um,qwen_on_rapid_blank,
recovered_archive1/88/rep.jpg.jpg,recovered_archive1/88,flow_speed_um_s,,>600um/s,qwen_on_rapid_blank,
recovered_archive1/88/rep.jpg.jpg,recovered_archive1/88,sweat_duct,,0--2个/一指甲襞,qwen_on_rapid_blank,
recovered_archive1/88/rep_1903050.jpg.jpg,recovered_archive1/88,afferent_diameter,,9--13um,qwen_on_rapid_blank,
recovered_archive1/88/rep_1903050.jpg.jpg,recovered_archive1/88,efferent_diameter,,11--17um,qwen_on_rapid_blank,
recovered_archive1/88/rep_1903050.jpg.jpg,recovered_archive1/88,output_input_ratio,,1.3,qwen_on_rapid_blank,
recovered_archive1/88/rep_1903050.jpg.jpg,recovered_archive1/88,apex_diameter,,12--18um,qwen_on_rapid_blank,
recovered_archive1/88/rep_1903050.jpg.jpg,recovered_archive1/88,loop_length,,150--250um,qwen_on_rapid_blank,
recovered_archive1/88/rep_1903050.jpg.jpg,recovered_archive1/88,flow_speed_um_s,,>600um/s,qwen_on_rapid_blank,
recovered_archive1/88/rep_1903050.jpg.jpg,recovered_archive1/88,sweat_duct,,0--2个/一指甲襞,qwen_on_rapid_blank,
recovered_archive1/88/rep_1903051.jpg.jpg,recovered_archive1/88,afferent_diameter,,9--13um,qwen_on_rapid_blank,
recovered_archive1/88/rep_1903051.jpg.jpg,recovered_archive1/88,efferent_diameter,,11--17um,qwen_on_rapid_blank,
recovered_archive1/88/rep_1903051.jpg.jpg,recovered_archive1/88,output_input_ratio,,1.3,qwen_on_rapid_blank,
recovered_archive1/88/rep_1903051.jpg.jpg,recovered_archive1/88,apex_diameter,,12--18um,qwen_on_rapid_blank,
recovered_archive1/88/rep_1903051.jpg.jpg,recovered_archive1/88,loop_length,,150--250um,qwen_on_rapid_blank,
recovered_archive1/88/rep_1903051.jpg.jpg,recovered_archive1/88,flow_speed_um_s,,>600um/s,qwen_on_rapid_blank,
recovered_archive1/88/rep_1903051.jpg.jpg,recovered_archive1/88,sweat_duct,,0--2个/一指甲襞,qwen_on_rapid_blank,
recovered_archive1/88/rep_左手.jpg.jpg,recovered_archive1/88,afferent_diameter,,9--13um,qwen_on_rapid_blank,
recovered_archive1/88/rep_左手.jpg.jpg,recovered_archive1/88,efferent_diameter,,11--17um,qwen_on_rapid_blank,
recovered_archive1/88/rep_左手.jpg.jpg,recovered_archive1/88,output_input_ratio,,1.3,qwen_on_rapid_blank,
recovered_archive1/88/rep_左手.jpg.jpg,recovered_archive1/88,apex_diameter,,12--18um,qwen_on_rapid_blank,
recovered_archive1/88/rep_左手.jpg.jpg,recovered_archive1/88,loop_length,,150--250um,qwen_on_rapid_blank,
recovered_archive1/88/rep_左手.jpg.jpg,recovered_archive1/88,flow_speed_um_s,,>600um/s,qwen_on_rapid_blank,
recovered_archive1/88/rep_左手.jpg.jpg,recovered_archive1/88,sweat_duct,,0--2个/一指甲襞,qwen_on_rapid_blank,
recovered_archive1/9/rep.jpg.jpg,recovered_archive1/9,flow_speed_um_s,,>600um/s,qwen_on_rapid_blank,
recovered_archive1/9/rep_1812070.jpg.jpg,recovered_archive1/9,flow_speed_um_s,,>600um/s,qwen_on_rapid_blank,
recovered_archive1/90/rep.jpg.jpg,recovered_archive1/90,flow_speed_um_s,,>600um/s,qwen_on_rapid_blank,
recovered_archive1/90/rep_1912120.jpg.jpg,recovered_archive1/90,flow_speed_um_s,,>600um/s,qwen_on_rapid_blank,
recovered_archive1/90/rep_1912121.jpg.jpg,recovered_archive1/90,flow_speed_um_s,,>600um/s,qwen_on_rapid_blank,
recovered_archive1/90/rep_1912122.jpg.jpg,recovered_archive1/90,flow_speed_um_s,,>600um/s,qwen_on_rapid_blank,
recovered_archive1/90/rep_左手.jpg.jpg,recovered_archive1/90,flow_speed_um_s,,>600um/s,qwen_on_rapid_blank,
recovered_archive1/92/rep.jpg.jpg,recovered_archive1/92,flow_speed_um_s,,>600um/s,qwen_on_rapid_blank,
recovered_archive1/92/rep_1901030.jpg.jpg,recovered_archive1/92,flow_speed_um_s,,>600um/s,qwen_on_rapid_blank,
recovered_archive1/92/rep_1901031.jpg.jpg,recovered_archive1/92,flow_speed_um_s,,>600um/s,qwen_on_rapid_blank,
recovered_archive1/92/rep_左手.jpg.jpg,recovered_archive1/92,flow_speed_um_s,,>600um/s,qwen_on_rapid_blank,
recovered_archive1/96/rep.jpg.jpg,recovered_archive1/96,flow_speed_um_s,,>600um/s,qwen_on_rapid_blank,
recovered_archive1/96/rep_1812180.jpg.jpg,recovered_archive1/96,flow_speed_um_s,,>600um/s,qwen_on_rapid_blank,
recovered_archive1/97/rep.jpg.jpg,recovered_archive1/97,flow_state,,[线流、线粒流],qwen_on_rapid_blank,
recovered_archive1/97/rep.jpg.jpg,recovered_archive1/97,flow_speed_um_s,,>600um/s,qwen_on_rapid_blank,
recovered_archive1/97/rep_1811060.jpg.jpg,recovered_archive1/97,flow_state,,[线流、线粒流],qwen_on_rapid_blank,
recovered_archive1/97/rep_1811060.jpg.jpg,recovered_archive1/97,flow_speed_um_s,,>600um/s,qwen_on_rapid_blank,
recovered_archive1/97/rep_1811061.jpg.jpg,recovered_archive1/97,flow_state,,[线流、线粒流],qwen_on_rapid_blank,
recovered_archive1/97/rep_1811061.jpg.jpg,recovered_archive1/97,flow_speed_um_s,,>600um/s,qwen_on_rapid_blank,
recovered_archive1/97/rep_1811080.jpg.jpg,recovered_archive1/97,flow_state,,[线流、线粒流],qwen_on_rapid_blank,
recovered_archive1/97/rep_1811080.jpg.jpg,recovered_archive1/97,flow_speed_um_s,,>600um/s,qwen_on_rapid_blank,
recovered_archive1/97/rep_右手.jpg.jpg,recovered_archive1/97,flow_state,,[线流、线粒流],qwen_on_rapid_blank,
recovered_archive1/97/rep_右手.jpg.jpg,recovered_archive1/97,flow_speed_um_s,,>600um/s,qwen_on_rapid_blank,
recovered_archive1/98/rep.jpg.jpg,recovered_archive1/98,flow_state,,[线流、线粒流],qwen_on_rapid_blank,
recovered_archive1/98/rep.jpg.jpg,recovered_archive1/98,flow_speed_um_s,,>600um/s,qwen_on_rapid_blank,
recovered_archive1/98/rep_1.jpg.jpg,recovered_archive1/98,flow_state,,[线流、线粒流],qwen_on_rapid_blank,
recovered_archive1/98/rep_1.jpg.jpg,recovered_archive1/98,flow_speed_um_s,,>600um/s,qwen_on_rapid_blank,
recovered_archive1/98/rep_1811080.jpg.jpg,recovered_archive1/98,flow_state,,[线流、线粒流],qwen_on_rapid_blank,
recovered_archive1/98/rep_1811080.jpg.jpg,recovered_archive1/98,flow_speed_um_s,,>600um/s,qwen_on_rapid_blank,
recovered_archive1/98/rep_1811081.jpg.jpg,recovered_archive1/98,flow_state,,[线流、线粒流],qwen_on_rapid_blank,
recovered_archive1/98/rep_1811081.jpg.jpg,recovered_archive1/98,flow_speed_um_s,,>600um/s,qwen_on_rapid_blank,
recovered_archive2/102/rep.jpg.jpg,recovered_archive2/102,flow_speed_um_s,,>600um/s,qwen_on_rapid_blank,
recovered_archive2/102/rep.jpg.jpg,recovered_archive2/102,sweat_duct,,0--2个/一指甲襞,qwen_on_rapid_blank,
recovered_archive2/102/rep_2004020.jpg.jpg,recovered_archive2/102,flow_speed_um_s,,>600um/s,qwen_on_rapid_blank,
recovered_archive2/102/rep_2004020.jpg.jpg,recovered_archive2/102,sweat_duct,,0--2个/一指甲襞,qwen_on_rapid_blank,
recovered_archive2/102/rep_2004021.jpg.jpg,recovered_archive2/102,flow_speed_um_s,,>600um/s,qwen_on_rapid_blank,
recovered_archive2/102/rep_2004021.jpg.jpg,recovered_archive2/102,sweat_duct,,0--2个/一指甲襞,qwen_on_rapid_blank,
recovered_archive2/102/rep_左手.jpg.jpg,recovered_archive2/102,flow_speed_um_s,,>600um/s,qwen_on_rapid_blank,
recovered_archive2/102/rep_左手.jpg.jpg,recovered_archive2/102,sweat_duct,,0--2个/一指甲襞,qwen_on_rapid_blank,
recovered_archive2/103/rep.jpg.jpg,recovered_archive2/103,afferent_diameter,,9--13um,qwen_on_rapid_blank,
recovered_archive2/103/rep.jpg.jpg,recovered_archive2/103,efferent_diameter,,11--17um,qwen_on_rapid_blank,
recovered_archive2/103/rep.jpg.jpg,recovered_archive2/103,output_input_ratio,,1.3,qwen_on_rapid_blank,
recovered_archive2/103/rep.jpg.jpg,recovered_archive2/103,apex_diameter,,12--18um,qwen_on_rapid_blank,
recovered_archive2/103/rep.jpg.jpg,recovered_archive2/103,loop_length,,150--250um,qwen_on_rapid_blank,
recovered_archive2/103/rep.jpg.jpg,recovered_archive2/103,crossing_ratio,,<=30%,qwen_on_rapid_blank,
recovered_archive2/103/rep.jpg.jpg,recovered_archive2/103,flow_speed_um_s,,>600um/s,qwen_on_rapid_blank,
recovered_archive2/103/rep_1903190.jpg.jpg,recovered_archive2/103,afferent_diameter,,9--13um,qwen_on_rapid_blank,
recovered_archive2/103/rep_1903190.jpg.jpg,recovered_archive2/103,efferent_diameter,,11--17um,qwen_on_rapid_blank,
recovered_archive2/103/rep_1903190.jpg.jpg,recovered_archive2/103,output_input_ratio,,1.3,qwen_on_rapid_blank,
recovered_archive2/103/rep_1903190.jpg.jpg,recovered_archive2/103,apex_diameter,,12--18um,qwen_on_rapid_blank,
recovered_archive2/103/rep_1903190.jpg.jpg,recovered_archive2/103,loop_length,,150--250um,qwen_on_rapid_blank,
recovered_archive2/103/rep_1903190.jpg.jpg,recovered_archive2/103,crossing_ratio,,<=30%,qwen_on_rapid_blank,
recovered_archive2/103/rep_1903190.jpg.jpg,recovered_archive2/103,flow_speed_um_s,,>600um/s,qwen_on_rapid_blank,
recovered_archive2/103/rep_1903191.jpg.jpg,recovered_archive2/103,afferent_diameter,,9--13um,qwen_on_rapid_blank,
recovered_archive2/103/rep_1903191.jpg.jpg,recovered_archive2/103,efferent_diameter,,11--17um,qwen_on_rapid_blank,
recovered_archive2/103/rep_1903191.jpg.jpg,recovered_archive2/103,output_input_ratio,,1.3,qwen_on_rapid_blank,
recovered_archive2/103/rep_1903191.jpg.jpg,recovered_archive2/103,apex_diameter,,12--18um,qwen_on_rapid_blank,
recovered_archive2/103/rep_1903191.jpg.jpg,recovered_archive2/103,loop_length,,150--250um,qwen_on_rapid_blank,
recovered_archive2/103/rep_1903191.jpg.jpg,recovered_archive2/103,crossing_ratio,,<=30%,qwen_on_rapid_blank,
recovered_archive2/103/rep_1903191.jpg.jpg,recovered_archive2/103,flow_speed_um_s,,>600um/s,qwen_on_rapid_blank,
recovered_archive2/103/rep_左手.jpg.jpg,recovered_archive2/103,afferent_diameter,,9--13um,qwen_on_rapid_blank,
recovered_archive2/103/rep_左手.jpg.jpg,recovered_archive2/103,efferent_diameter,,11--17um,qwen_on_rapid_blank,
recovered_archive2/103/rep_左手.jpg.jpg,recovered_archive2/103,output_input_ratio,,1.3,qwen_on_rapid_blank,
recovered_archive2/103/rep_左手.jpg.jpg,recovered_archive2/103,apex_diameter,,12--18um,qwen_on_rapid_blank,
recovered_archive2/103/rep_左手.jpg.jpg,recovered_archive2/103,loop_length,,150--250um,qwen_on_rapid_blank,
recovered_archive2/103/rep_左手.jpg.jpg,recovered_archive2/103,crossing_ratio,,<=30%,qwen_on_rapid_blank,
recovered_archive2/103/rep_左手.jpg.jpg,recovered_archive2/103,flow_speed_um_s,,>600um/s,qwen_on_rapid_blank,
recovered_archive2/105/rep_2004230.jpg.jpg,recovered_archive2/105,flow_state,,[线流、线粒流],qwen_on_rapid_blank,
recovered_archive2/109/rep.jpg.jpg,recovered_archive2/109,flow_speed_um_s,,>600um/s,qwen_on_rapid_blank,
recovered_archive2/109/rep_2007280.jpg.jpg,recovered_archive2/109,flow_speed_um_s,,>600um/s,qwen_on_rapid_blank,
recovered_archive2/109/rep_2007281.jpg.jpg,recovered_archive2/109,flow_speed_um_s,,>600um/s,qwen_on_rapid_blank,
recovered_archive2/109/rep_左手.jpg.jpg,recovered_archive2/109,flow_speed_um_s,,>600um/s,qwen_on_rapid_blank,
recovered_archive2/112/rep.jpg.jpg,recovered_archive2/112,efferent_diameter,68,89,disagreement,0.997500091791153
recovered_archive2/112/rep_1.jpg.jpg,recovered_archive2/112,efferent_diameter,68,89,disagreement,0.997500091791153
recovered_archive2/112/rep_2004020.jpg.jpg,recovered_archive2/112,efferent_diameter,68,89,disagreement,0.997500091791153
recovered_archive2/112/rep_2004021.jpg.jpg,recovered_archive2/112,efferent_diameter,68,89,disagreement,0.997500091791153
recovered_archive2/113/rep.jpg.jpg,recovered_archive2/113,total_score,,8.3,qwen_on_rapid_blank,
recovered_archive2/113/rep_1812130.jpg.jpg,recovered_archive2/113,flow_state,,[线流、线粒流],qwen_on_rapid_blank,
recovered_archive2/113/rep_1812131.jpg.jpg,recovered_archive2/113,total_score,,8.3,qwen_on_rapid_blank,
recovered_archive2/113/rep_左手.jpg.jpg,recovered_archive2/113,total_score,,8.3,qwen_on_rapid_blank,
recovered_archive2/115/rep.jpg.jpg,recovered_archive2/115,flow_speed_um_s,,>600um/s,qwen_on_rapid_blank,
recovered_archive2/115/rep_2012100.jpg.jpg,recovered_archive2/115,flow_speed_um_s,,>600um/s,qwen_on_rapid_blank,
recovered_archive2/115/rep_2012101.jpg.jpg,recovered_archive2/115,flow_speed_um_s,,>600um/s,qwen_on_rapid_blank,
recovered_archive2/115/rep_双手无名指.jpg.jpg,recovered_archive2/115,flow_speed_um_s,,>600um/s,qwen_on_rapid_blank,
recovered_archive2/116/rep.jpg.jpg,recovered_archive2/116,exudation,,++,qwen_on_rapid_blank,
recovered_archive2/116/rep_1903280.jpg.jpg,recovered_archive2/116,exudation,,++,qwen_on_rapid_blank,
recovered_archive2/116/rep_1903281.jpg.jpg,recovered_archive2/116,exudation,,++,qwen_on_rapid_blank,
recovered_archive2/116/rep_右手.jpg.jpg,recovered_archive2/116,exudation,,++,qwen_on_rapid_blank,
recovered_archive2/117/rep.jpg.jpg,recovered_archive2/117,flow_state,,[线流、线粒流],qwen_on_rapid_blank,
recovered_archive2/117/rep.jpg.jpg,recovered_archive2/117,flow_speed_um_s,,>600um/s,qwen_on_rapid_blank,
recovered_archive2/117/rep.jpg.jpg,recovered_archive2/117,blood_color,,[淡红色],qwen_on_rapid_blank,
recovered_archive2/117/rep_1.jpg.jpg,recovered_archive2/117,flow_state,,[线流、线粒流],qwen_on_rapid_blank,
recovered_archive2/117/rep_1.jpg.jpg,recovered_archive2/117,flow_speed_um_s,,>600um/s,qwen_on_rapid_blank,
recovered_archive2/117/rep_1.jpg.jpg,recovered_archive2/117,blood_color,,[淡红色],qwen_on_rapid_blank,
recovered_archive2/117/rep_1811060.jpg.jpg,recovered_archive2/117,flow_state,,[线流、线粒流],qwen_on_rapid_blank,
recovered_archive2/117/rep_1811060.jpg.jpg,recovered_archive2/117,flow_speed_um_s,,>600um/s,qwen_on_rapid_blank,
recovered_archive2/117/rep_1811060.jpg.jpg,recovered_archive2/117,blood_color,,[淡红色],qwen_on_rapid_blank,
recovered_archive2/118/rep.jpg.jpg,recovered_archive2/118,morphology_score,,3.8,qwen_on_rapid_blank,
recovered_archive2/118/rep.jpg.jpg,recovered_archive2/118,periloop_score,8,0.8,disagreement,0.7900856633981069
recovered_archive2/118/rep_2101040.jpg.jpg,recovered_archive2/118,morphology_score,,3.8,qwen_on_rapid_blank,
recovered_archive2/118/rep_2101040.jpg.jpg,recovered_archive2/118,periloop_score,8,0.8,disagreement,0.7900856633981069
recovered_archive2/118/rep_2101041.jpg.jpg,recovered_archive2/118,morphology_score,,3.8,qwen_on_rapid_blank,
recovered_archive2/118/rep_2101041.jpg.jpg,recovered_archive2/118,periloop_score,8,0.8,disagreement,0.7900856633981069
recovered_archive2/118/rep_双手无名指.jpg.jpg,recovered_archive2/118,morphology_score,,3.8,qwen_on_rapid_blank,
recovered_archive2/118/rep_双手无名指.jpg.jpg,recovered_archive2/118,periloop_score,8,0.8,disagreement,0.7900856633981069
recovered_archive2/119/rep.jpg.jpg,recovered_archive2/119,efferent_diameter,,13,qwen_on_rapid_blank,
recovered_archive2/119/rep.jpg.jpg,recovered_archive2/119,output_input_ratio,,[1.3],qwen_on_rapid_blank,
recovered_archive2/119/rep.jpg.jpg,recovered_archive2/119,apex_diameter,,53,qwen_on_rapid_blank,
recovered_archive2/119/rep.jpg.jpg,recovered_archive2/119,crossing_ratio,,<=30%,qwen_on_rapid_blank,
recovered_archive2/119/rep.jpg.jpg,recovered_archive2/119,malformation_ratio,,<=10%,qwen_on_rapid_blank,
recovered_archive2/119/rep.jpg.jpg,recovered_archive2/119,flow_speed_um_s,,>600um/s,qwen_on_rapid_blank,
recovered_archive2/119/rep_1901080.jpg.jpg,recovered_archive2/119,efferent_diameter,,13,qwen_on_rapid_blank,
recovered_archive2/119/rep_1901080.jpg.jpg,recovered_archive2/119,output_input_ratio,,[1.3],qwen_on_rapid_blank,
recovered_archive2/119/rep_1901080.jpg.jpg,recovered_archive2/119,apex_diameter,,53,qwen_on_rapid_blank,
recovered_archive2/119/rep_1901080.jpg.jpg,recovered_archive2/119,crossing_ratio,,<=30%,qwen_on_rapid_blank,
recovered_archive2/119/rep_1901080.jpg.jpg,recovered_archive2/119,malformation_ratio,,<=10%,qwen_on_rapid_blank,
recovered_archive2/119/rep_1901080.jpg.jpg,recovered_archive2/119,flow_speed_um_s,,>600um/s,qwen_on_rapid_blank,
recovered_archive2/119/rep_1901081.jpg.jpg,recovered_archive2/119,efferent_diameter,,13,qwen_on_rapid_blank,
recovered_archive2/119/rep_1901081.jpg.jpg,recovered_archive2/119,output_input_ratio,,[1.3],qwen_on_rapid_blank,
recovered_archive2/119/rep_1901081.jpg.jpg,recovered_archive2/119,apex_diameter,,53,qwen_on_rapid_blank,
recovered_archive2/119/rep_1901081.jpg.jpg,recovered_archive2/119,crossing_ratio,,<=30%,qwen_on_rapid_blank,
recovered_archive2/119/rep_1901081.jpg.jpg,recovered_archive2/119,malformation_ratio,,<=10%,qwen_on_rapid_blank,
recovered_archive2/119/rep_1901081.jpg.jpg,recovered_archive2/119,flow_speed_um_s,,>600um/s,qwen_on_rapid_blank,
recovered_archive2/119/rep_左手.jpg.jpg,recovered_archive2/119,efferent_diameter,,13,qwen_on_rapid_blank,
recovered_archive2/119/rep_左手.jpg.jpg,recovered_archive2/119,output_input_ratio,,[1.3],qwen_on_rapid_blank,
recovered_archive2/119/rep_左手.jpg.jpg,recovered_archive2/119,apex_diameter,,53,qwen_on_rapid_blank,
recovered_archive2/119/rep_左手.jpg.jpg,recovered_archive2/119,crossing_ratio,,<=30%,qwen_on_rapid_blank,
recovered_archive2/119/rep_左手.jpg.jpg,recovered_archive2/119,malformation_ratio,,<=10%,qwen_on_rapid_blank,
recovered_archive2/119/rep_左手.jpg.jpg,recovered_archive2/119,flow_speed_um_s,,>600um/s,qwen_on_rapid_blank,
recovered_archive2/122/rep.jpg.jpg,recovered_archive2/122,flow_speed_um_s,,>600um/s,qwen_on_rapid_blank,
recovered_archive2/122/rep.jpg.jpg,recovered_archive2/122,sweat_duct,,0--2个/一指甲襞,qwen_on_rapid_blank,
recovered_archive2/122/rep_1908080.jpg.jpg,recovered_archive2/122,flow_speed_um_s,,>600um/s,qwen_on_rapid_blank,
recovered_archive2/122/rep_1908080.jpg.jpg,recovered_archive2/122,sweat_duct,,0--2个/一指甲襞,qwen_on_rapid_blank,
recovered_archive2/122/rep_1908081.jpg.jpg,recovered_archive2/122,flow_speed_um_s,,>600um/s,qwen_on_rapid_blank,
recovered_archive2/122/rep_1908081.jpg.jpg,recovered_archive2/122,sweat_duct,,0--2个/一指甲襞,qwen_on_rapid_blank,
recovered_archive2/122/rep_左手.jpg.jpg,recovered_archive2/122,flow_speed_um_s,,>600um/s,qwen_on_rapid_blank,
recovered_archive2/122/rep_左手.jpg.jpg,recovered_archive2/122,sweat_duct,,0--2个/一指甲襞,qwen_on_rapid_blank,
recovered_archive2/123/rep_1904090.jpg.jpg,recovered_archive2/123,flow_state,,[线流、线粒流],qwen_on_rapid_blank,
recovered_archive2/124/rep.jpg.jpg,recovered_archive2/124,flow_speed_um_s,,>600um/s,qwen_on_rapid_blank,
recovered_archive2/124/rep_1901080.jpg.jpg,recovered_archive2/124,flow_speed_um_s,,>600um/s,qwen_on_rapid_blank,
recovered_archive2/124/rep_1901081.jpg.jpg,recovered_archive2/124,flow_speed_um_s,,>600um/s,qwen_on_rapid_blank,
recovered_archive2/124/rep_左手.jpg.jpg,recovered_archive2/124,flow_speed_um_s,,>600um/s,qwen_on_rapid_blank,
recovered_archive2/127/rep.jpg.jpg,recovered_archive2/127,flow_speed_um_s,,>600um/s,qwen_on_rapid_blank,
recovered_archive2/127/rep.jpg.jpg,recovered_archive2/127,rbc_aggregation,,1--30,qwen_on_rapid_blank,
recovered_archive2/127/rep.jpg.jpg,recovered_archive2/127,wbc_count,1--30,无,disagreement,0.9830864787101745
recovered_archive2/127/rep.jpg.jpg,recovered_archive2/127,blood_color,,淡红,qwen_on_rapid_blank,
recovered_archive2/127/rep_1908220.jpg.jpg,recovered_archive2/127,flow_speed_um_s,,>600um/s,qwen_on_rapid_blank,
recovered_archive2/127/rep_1908220.jpg.jpg,recovered_archive2/127,rbc_aggregation,,1--30,qwen_on_rapid_blank,
recovered_archive2/127/rep_1908220.jpg.jpg,recovered_archive2/127,wbc_count,1--30,无,disagreement,0.9830864787101745
recovered_archive2/127/rep_1908220.jpg.jpg,recovered_archive2/127,blood_color,,淡红,qwen_on_rapid_blank,
recovered_archive2/127/rep_1908221.jpg.jpg,recovered_archive2/127,flow_speed_um_s,,>600um/s,qwen_on_rapid_blank,
recovered_archive2/127/rep_1908221.jpg.jpg,recovered_archive2/127,rbc_aggregation,,1--30,qwen_on_rapid_blank,
recovered_archive2/127/rep_1908221.jpg.jpg,recovered_archive2/127,wbc_count,1--30,无,disagreement,0.9830864787101745
recovered_archive2/127/rep_1908221.jpg.jpg,recovered_archive2/127,blood_color,,淡红,qwen_on_rapid_blank,
recovered_archive2/127/rep_左手.jpg.jpg,recovered_archive2/127,flow_speed_um_s,,>600um/s,qwen_on_rapid_blank,
recovered_archive2/127/rep_左手.jpg.jpg,recovered_archive2/127,rbc_aggregation,,1--30,qwen_on_rapid_blank,
recovered_archive2/127/rep_左手.jpg.jpg,recovered_archive2/127,wbc_count,1--30,无,disagreement,0.9830864787101745
recovered_archive2/127/rep_左手.jpg.jpg,recovered_archive2/127,blood_color,,淡红,qwen_on_rapid_blank,
recovered_archive2/128/rep_1901240.jpg.jpg,recovered_archive2/128,flow_state,,[线流、线粒流],qwen_on_rapid_blank,
recovered_archive2/128/rep_1901241.jpg.jpg,recovered_archive2/128,flow_state,,[线流、线粒流],qwen_on_rapid_blank,
recovered_archive2/130/rep.jpg.jpg,recovered_archive2/130,flow_speed_um_s,,>600um/s,qwen_on_rapid_blank,
recovered_archive2/130/rep_1.jpg.jpg,recovered_archive2/130,flow_speed_um_s,,>600um/s,qwen_on_rapid_blank,
recovered_archive2/130/rep_1907250.jpg.jpg,recovered_archive2/130,flow_speed_um_s,,>600um/s,qwen_on_rapid_blank,
recovered_archive2/130/rep_1907251.jpg.jpg,recovered_archive2/130,flow_speed_um_s,,>600um/s,qwen_on_rapid_blank,
recovered_archive2/131/rep.jpg.jpg,recovered_archive2/131,flow_speed_um_s,,>600um/s,qwen_on_rapid_blank,
recovered_archive2/131/rep.jpg.jpg,recovered_archive2/131,exudation,,++,qwen_on_rapid_blank,
recovered_archive2/131/rep_1912050.jpg.jpg,recovered_archive2/131,flow_speed_um_s,,>600um/s,qwen_on_rapid_blank,
recovered_archive2/131/rep_1912050.jpg.jpg,recovered_archive2/131,exudation,,++,qwen_on_rapid_blank,
recovered_archive2/131/rep_1912051.jpg.jpg,recovered_archive2/131,flow_speed_um_s,,>600um/s,qwen_on_rapid_blank,
recovered_archive2/131/rep_1912051.jpg.jpg,recovered_archive2/131,exudation,,++,qwen_on_rapid_blank,
recovered_archive2/131/rep_左手.jpg.jpg,recovered_archive2/131,flow_speed_um_s,,>600um/s,qwen_on_rapid_blank,
recovered_archive2/131/rep_左手.jpg.jpg,recovered_archive2/131,exudation,,++,qwen_on_rapid_blank,
recovered_archive2/134/rep.jpg.jpg,recovered_archive2/134,flow_speed_um_s,,>600um/s,qwen_on_rapid_blank,
recovered_archive2/134/rep_1903260.jpg.jpg,recovered_archive2/134,flow_speed_um_s,,>600um/s,qwen_on_rapid_blank,
recovered_archive2/134/rep_1903261.jpg.jpg,recovered_archive2/134,flow_speed_um_s,,>600um/s,qwen_on_rapid_blank,
recovered_archive2/134/rep_1903262.jpg.jpg,recovered_archive2/134,flow_speed_um_s,,>600um/s,qwen_on_rapid_blank,
recovered_archive2/134/rep_左手.jpg.jpg,recovered_archive2/134,flow_speed_um_s,,>600um/s,qwen_on_rapid_blank,
recovered_archive2/136/rep.jpg.jpg,recovered_archive2/136,blood_color,,+,qwen_on_rapid_blank,
recovered_archive2/136/rep.jpg.jpg,recovered_archive2/136,exudation,+,无,disagreement,0.9561782479286194
recovered_archive2/136/rep_2012170.jpg.jpg,recovered_archive2/136,blood_color,,+,qwen_on_rapid_blank,
recovered_archive2/136/rep_2012170.jpg.jpg,recovered_archive2/136,exudation,+,无,disagreement,0.9561782479286194
recovered_archive2/136/rep_2012171.jpg.jpg,recovered_archive2/136,blood_color,,+,qwen_on_rapid_blank,
recovered_archive2/136/rep_2012171.jpg.jpg,recovered_archive2/136,exudation,+,无,disagreement,0.9561782479286194
recovered_archive2/136/rep_无名指.jpg.jpg,recovered_archive2/136,blood_color,,+,qwen_on_rapid_blank,
recovered_archive2/136/rep_无名指.jpg.jpg,recovered_archive2/136,exudation,+,无,disagreement,0.9561782479286194
recovered_archive2/140/rep.jpg.jpg,recovered_archive2/140,flow_speed_um_s,,>600um/s,qwen_on_rapid_blank,
recovered_archive2/140/rep.jpg.jpg,recovered_archive2/140,papilla,,0--2,qwen_on_rapid_blank,
recovered_archive2/140/rep.jpg.jpg,recovered_archive2/140,periloop_score,,2.5,qwen_on_rapid_blank,
recovered_archive2/140/rep_1907250.jpg.jpg,recovered_archive2/140,flow_speed_um_s,,>600um/s,qwen_on_rapid_blank,
recovered_archive2/140/rep_1907250.jpg.jpg,recovered_archive2/140,papilla,,0--2,qwen_on_rapid_blank,
recovered_archive2/140/rep_1907250.jpg.jpg,recovered_archive2/140,periloop_score,,2.5,qwen_on_rapid_blank,
recovered_archive2/140/rep_1907251.jpg.jpg,recovered_archive2/140,flow_speed_um_s,,>600um/s,qwen_on_rapid_blank,
recovered_archive2/140/rep_1907251.jpg.jpg,recovered_archive2/140,papilla,,0--2,qwen_on_rapid_blank,
recovered_archive2/140/rep_1907251.jpg.jpg,recovered_archive2/140,periloop_score,,2.5,qwen_on_rapid_blank,
recovered_archive2/140/rep_左手.jpg.jpg,recovered_archive2/140,flow_speed_um_s,,>600um/s,qwen_on_rapid_blank,
recovered_archive2/140/rep_左手.jpg.jpg,recovered_archive2/140,papilla,,0--2,qwen_on_rapid_blank,
recovered_archive2/140/rep_左手.jpg.jpg,recovered_archive2/140,periloop_score,,2.5,qwen_on_rapid_blank,
recovered_archive2/141/rep_1908060.jpg.jpg,recovered_archive2/141,flow_state,,线流、线粒流,qwen_on_rapid_blank,
recovered_archive2/142/rep.jpg.jpg,recovered_archive2/142,periloop_score,,4.1,qwen_on_rapid_blank,
recovered_archive2/142/rep_1912030.jpg.jpg,recovered_archive2/142,periloop_score,,4.1,qwen_on_rapid_blank,
recovered_archive2/142/rep_1912031.jpg.jpg,recovered_archive2/142,periloop_score,,4.1,qwen_on_rapid_blank,
recovered_archive2/142/rep_左手.jpg.jpg,recovered_archive2/142,periloop_score,,4.1,qwen_on_rapid_blank,
recovered_archive2/146/rep.jpg.jpg,recovered_archive2/146,flow_speed_um_s,,>600um/s,qwen_on_rapid_blank,
recovered_archive2/146/rep.jpg.jpg,recovered_archive2/146,blood_color,,[淡红色],qwen_on_rapid_blank,
recovered_archive2/146/rep_1908200.jpg.jpg,recovered_archive2/146,flow_speed_um_s,,>600um/s,qwen_on_rapid_blank,
recovered_archive2/146/rep_1908200.jpg.jpg,recovered_archive2/146,blood_color,,[淡红色],qwen_on_rapid_blank,
recovered_archive2/146/rep_1908201.jpg.jpg,recovered_archive2/146,flow_speed_um_s,,>600um/s,qwen_on_rapid_blank,
recovered_archive2/146/rep_1908201.jpg.jpg,recovered_archive2/146,blood_color,,[淡红色],qwen_on_rapid_blank,
recovered_archive2/146/rep_左手.jpg.jpg,recovered_archive2/146,flow_speed_um_s,,>600um/s,qwen_on_rapid_blank,
recovered_archive2/146/rep_左手.jpg.jpg,recovered_archive2/146,blood_color,,[淡红色],qwen_on_rapid_blank,
recovered_archive2/148/rep.jpg.jpg,recovered_archive2/148,flow_speed_um_s,,>600um/s,qwen_on_rapid_blank,
recovered_archive2/148/rep_1910220.jpg.jpg,recovered_archive2/148,flow_speed_um_s,,>600um/s,qwen_on_rapid_blank,
recovered_archive2/148/rep_1910221.jpg.jpg,recovered_archive2/148,flow_speed_um_s,,>600um/s,qwen_on_rapid_blank,
recovered_archive2/148/rep_左手.jpg.jpg,recovered_archive2/148,flow_speed_um_s,,>600um/s,qwen_on_rapid_blank,
recovered_archive2/149/rep.jpg.jpg,recovered_archive2/149,periloop_score,,2.3,qwen_on_rapid_blank,
recovered_archive2/149/rep_1907180.jpg.jpg,recovered_archive2/149,periloop_score,,2.3,qwen_on_rapid_blank,
recovered_archive2/149/rep_1907181.jpg.jpg,recovered_archive2/149,periloop_score,,2.3,qwen_on_rapid_blank,
recovered_archive2/149/rep_左手.jpg.jpg,recovered_archive2/149,periloop_score,,2.3,qwen_on_rapid_blank,
recovered_archive2/151/rep.jpg.jpg,recovered_archive2/151,afferent_diameter,,9--13um,qwen_on_rapid_blank,
recovered_archive2/151/rep.jpg.jpg,recovered_archive2/151,efferent_diameter,,11--17um,qwen_on_rapid_blank,
recovered_archive2/151/rep.jpg.jpg,recovered_archive2/151,output_input_ratio,,1.3,qwen_on_rapid_blank,
recovered_archive2/151/rep.jpg.jpg,recovered_archive2/151,apex_diameter,,12--18um,qwen_on_rapid_blank,
recovered_archive2/151/rep.jpg.jpg,recovered_archive2/151,loop_length,,150--250um,qwen_on_rapid_blank,
recovered_archive2/151/rep.jpg.jpg,recovered_archive2/151,flow_speed_um_s,,>600um/s,qwen_on_rapid_blank,
recovered_archive2/151/rep_1903210.jpg.jpg,recovered_archive2/151,afferent_diameter,,9--13um,qwen_on_rapid_blank,
recovered_archive2/151/rep_1903210.jpg.jpg,recovered_archive2/151,efferent_diameter,,11--17um,qwen_on_rapid_blank,
recovered_archive2/151/rep_1903210.jpg.jpg,recovered_archive2/151,output_input_ratio,,1.3,qwen_on_rapid_blank,
recovered_archive2/151/rep_1903210.jpg.jpg,recovered_archive2/151,apex_diameter,,12--18um,qwen_on_rapid_blank,
recovered_archive2/151/rep_1903210.jpg.jpg,recovered_archive2/151,loop_length,,150--250um,qwen_on_rapid_blank,
recovered_archive2/151/rep_1903210.jpg.jpg,recovered_archive2/151,flow_speed_um_s,,>600um/s,qwen_on_rapid_blank,
recovered_archive2/151/rep_1903211.jpg.jpg,recovered_archive2/151,afferent_diameter,,9--13um,qwen_on_rapid_blank,
recovered_archive2/151/rep_1903211.jpg.jpg,recovered_archive2/151,efferent_diameter,,11--17um,qwen_on_rapid_blank,
recovered_archive2/151/rep_1903211.jpg.jpg,recovered_archive2/151,output_input_ratio,,1.3,qwen_on_rapid_blank,
recovered_archive2/151/rep_1903211.jpg.jpg,recovered_archive2/151,apex_diameter,,12--18um,qwen_on_rapid_blank,
recovered_archive2/151/rep_1903211.jpg.jpg,recovered_archive2/151,loop_length,,150--250um,qwen_on_rapid_blank,
recovered_archive2/151/rep_1903211.jpg.jpg,recovered_archive2/151,flow_speed_um_s,,>600um/s,qwen_on_rapid_blank,
recovered_archive2/151/rep_左手.jpg.jpg,recovered_archive2/151,afferent_diameter,,9--13um,qwen_on_rapid_blank,
recovered_archive2/151/rep_左手.jpg.jpg,recovered_archive2/151,efferent_diameter,,11--17um,qwen_on_rapid_blank,
recovered_archive2/151/rep_左手.jpg.jpg,recovered_archive2/151,output_input_ratio,,1.3,qwen_on_rapid_blank,
recovered_archive2/151/rep_左手.jpg.jpg,recovered_archive2/151,apex_diameter,,12--18um,qwen_on_rapid_blank,
recovered_archive2/151/rep_左手.jpg.jpg,recovered_archive2/151,loop_length,,150--250um,qwen_on_rapid_blank,
recovered_archive2/151/rep_左手.jpg.jpg,recovered_archive2/151,flow_speed_um_s,,>600um/s,qwen_on_rapid_blank,
recovered_archive2/153/rep.jpg.jpg,recovered_archive2/153,flow_speed_um_s,,>600um/s,qwen_on_rapid_blank,
recovered_archive2/153/rep_1905070.jpg.jpg,recovered_archive2/153,flow_speed_um_s,,>600um/s,qwen_on_rapid_blank,
recovered_archive2/153/rep_1905071.jpg.jpg,recovered_archive2/153,flow_speed_um_s,,>600um/s,qwen_on_rapid_blank,
recovered_archive2/153/rep_左手.jpg.jpg,recovered_archive2/153,flow_speed_um_s,,>600um/s,qwen_on_rapid_blank,
recovered_archive2/161/rep.jpg.jpg,recovered_archive2/161,flow_speed_um_s,,>600um/s,qwen_on_rapid_blank,
recovered_archive2/161/rep.jpg.jpg,recovered_archive2/161,sweat_duct,,0--2个/一指甲襞,qwen_on_rapid_blank,
recovered_archive2/161/rep_1912050.jpg.jpg,recovered_archive2/161,flow_speed_um_s,,>600um/s,qwen_on_rapid_blank,
recovered_archive2/161/rep_1912050.jpg.jpg,recovered_archive2/161,sweat_duct,,0--2个/一指甲襞,qwen_on_rapid_blank,
recovered_archive2/161/rep_1912051.jpg.jpg,recovered_archive2/161,flow_speed_um_s,,>600um/s,qwen_on_rapid_blank,
recovered_archive2/161/rep_1912051.jpg.jpg,recovered_archive2/161,sweat_duct,,0--2个/一指甲襞,qwen_on_rapid_blank,
recovered_archive2/161/rep_左手.jpg.jpg,recovered_archive2/161,flow_speed_um_s,,>600um/s,qwen_on_rapid_blank,
recovered_archive2/161/rep_左手.jpg.jpg,recovered_archive2/161,sweat_duct,,0--2个/一指甲襞,qwen_on_rapid_blank,
recovered_archive2/163/rep.jpg.jpg,recovered_archive2/163,afferent_diameter,,9--13um,qwen_on_rapid_blank,
recovered_archive2/163/rep.jpg.jpg,recovered_archive2/163,efferent_diameter,,11--17um,qwen_on_rapid_blank,
recovered_archive2/163/rep.jpg.jpg,recovered_archive2/163,output_input_ratio,,1.3,qwen_on_rapid_blank,
recovered_archive2/163/rep.jpg.jpg,recovered_archive2/163,apex_diameter,,12--18um,qwen_on_rapid_blank,
recovered_archive2/163/rep.jpg.jpg,recovered_archive2/163,flow_speed_um_s,,>600um/s,qwen_on_rapid_blank,
recovered_archive2/163/rep.jpg.jpg,recovered_archive2/163,sweat_duct,,0--2个/一指甲襞,qwen_on_rapid_blank,
recovered_archive2/163/rep.jpg.jpg,recovered_archive2/163,periloop_score,,4.1,qwen_on_rapid_blank,
recovered_archive2/163/rep_1903190.jpg.jpg,recovered_archive2/163,afferent_diameter,,9--13um,qwen_on_rapid_blank,
recovered_archive2/163/rep_1903190.jpg.jpg,recovered_archive2/163,efferent_diameter,,11--17um,qwen_on_rapid_blank,
recovered_archive2/163/rep_1903190.jpg.jpg,recovered_archive2/163,output_input_ratio,,1.3,qwen_on_rapid_blank,
recovered_archive2/163/rep_1903190.jpg.jpg,recovered_archive2/163,apex_diameter,,12--18um,qwen_on_rapid_blank,
recovered_archive2/163/rep_1903190.jpg.jpg,recovered_archive2/163,flow_speed_um_s,,>600um/s,qwen_on_rapid_blank,
recovered_archive2/163/rep_1903190.jpg.jpg,recovered_archive2/163,sweat_duct,,0--2个/一指甲襞,qwen_on_rapid_blank,
recovered_archive2/163/rep_1903190.jpg.jpg,recovered_archive2/163,periloop_score,,4.1,qwen_on_rapid_blank,
recovered_archive2/163/rep_1903191.jpg.jpg,recovered_archive2/163,afferent_diameter,,9--13um,qwen_on_rapid_blank,
recovered_archive2/163/rep_1903191.jpg.jpg,recovered_archive2/163,efferent_diameter,,11--17um,qwen_on_rapid_blank,
recovered_archive2/163/rep_1903191.jpg.jpg,recovered_archive2/163,output_input_ratio,,1.3,qwen_on_rapid_blank,
recovered_archive2/163/rep_1903191.jpg.jpg,recovered_archive2/163,apex_diameter,,12--18um,qwen_on_rapid_blank,
recovered_archive2/163/rep_1903191.jpg.jpg,recovered_archive2/163,flow_speed_um_s,,>600um/s,qwen_on_rapid_blank,
recovered_archive2/163/rep_1903191.jpg.jpg,recovered_archive2/163,sweat_duct,,0--2个/一指甲襞,qwen_on_rapid_blank,
recovered_archive2/163/rep_1903191.jpg.jpg,recovered_archive2/163,periloop_score,,4.1,qwen_on_rapid_blank,
recovered_archive2/163/rep_1903192.jpg.jpg,recovered_archive2/163,afferent_diameter,,9--13um,qwen_on_rapid_blank,
recovered_archive2/163/rep_1903192.jpg.jpg,recovered_archive2/163,efferent_diameter,,11--17um,qwen_on_rapid_blank,
recovered_archive2/163/rep_1903192.jpg.jpg,recovered_archive2/163,output_input_ratio,,1.3,qwen_on_rapid_blank,
recovered_archive2/163/rep_1903192.jpg.jpg,recovered_archive2/163,apex_diameter,,12--18um,qwen_on_rapid_blank,
recovered_archive2/163/rep_1903192.jpg.jpg,recovered_archive2/163,flow_speed_um_s,,>600um/s,qwen_on_rapid_blank,
recovered_archive2/163/rep_1903192.jpg.jpg,recovered_archive2/163,sweat_duct,,0--2个/一指甲襞,qwen_on_rapid_blank,
recovered_archive2/163/rep_1903192.jpg.jpg,recovered_archive2/163,periloop_score,,4.1,qwen_on_rapid_blank,
recovered_archive2/163/rep_左手.jpg.jpg,recovered_archive2/163,afferent_diameter,,9--13um,qwen_on_rapid_blank,
recovered_archive2/163/rep_左手.jpg.jpg,recovered_archive2/163,efferent_diameter,,11--17um,qwen_on_rapid_blank,
recovered_archive2/163/rep_左手.jpg.jpg,recovered_archive2/163,output_input_ratio,,1.3,qwen_on_rapid_blank,
recovered_archive2/163/rep_左手.jpg.jpg,recovered_archive2/163,apex_diameter,,12--18um,qwen_on_rapid_blank,
recovered_archive2/163/rep_左手.jpg.jpg,recovered_archive2/163,flow_speed_um_s,,>600um/s,qwen_on_rapid_blank,
recovered_archive2/163/rep_左手.jpg.jpg,recovered_archive2/163,sweat_duct,,0--2个/一指甲襞,qwen_on_rapid_blank,
recovered_archive2/163/rep_左手.jpg.jpg,recovered_archive2/163,periloop_score,,4.1,qwen_on_rapid_blank,
recovered_archive2/164/rep.jpg.jpg,recovered_archive2/164,rbc_aggregation,,1--30,qwen_on_rapid_blank,
recovered_archive2/164/rep.jpg.jpg,recovered_archive2/164,wbc_count,1--30,无,disagreement,0.994506013393402
recovered_archive2/164/rep.jpg.jpg,recovered_archive2/164,exudation,,++,qwen_on_rapid_blank,
recovered_archive2/164/rep.jpg.jpg,recovered_archive2/164,periloop_score,,4.2,qwen_on_rapid_blank,
recovered_archive2/164/rep_1.jpg.jpg,recovered_archive2/164,rbc_aggregation,,1--30,qwen_on_rapid_blank,
recovered_archive2/164/rep_1.jpg.jpg,recovered_archive2/164,wbc_count,1--30,无,disagreement,0.994506013393402
recovered_archive2/164/rep_1.jpg.jpg,recovered_archive2/164,exudation,,++,qwen_on_rapid_blank,
recovered_archive2/164/rep_1.jpg.jpg,recovered_archive2/164,periloop_score,,4.2,qwen_on_rapid_blank,
recovered_archive2/164/rep_1812060.jpg.jpg,recovered_archive2/164,rbc_aggregation,,1--30,qwen_on_rapid_blank,
recovered_archive2/164/rep_1812060.jpg.jpg,recovered_archive2/164,wbc_count,1--30,无,disagreement,0.994506013393402
recovered_archive2/164/rep_1812060.jpg.jpg,recovered_archive2/164,exudation,,++,qwen_on_rapid_blank,
recovered_archive2/164/rep_1812060.jpg.jpg,recovered_archive2/164,periloop_score,,4.2,qwen_on_rapid_blank,
recovered_archive2/164/rep_1812061.jpg.jpg,recovered_archive2/164,rbc_aggregation,,1--30,qwen_on_rapid_blank,
recovered_archive2/164/rep_1812061.jpg.jpg,recovered_archive2/164,wbc_count,1--30,无,disagreement,0.994506013393402
recovered_archive2/164/rep_1812061.jpg.jpg,recovered_archive2/164,exudation,,++,qwen_on_rapid_blank,
recovered_archive2/164/rep_1812061.jpg.jpg,recovered_archive2/164,periloop_score,,4.2,qwen_on_rapid_blank,
recovered_archive2/167/rep.jpg.jpg,recovered_archive2/167,flow_speed_um_s,,>600um/s,qwen_on_rapid_blank,
recovered_archive2/167/rep_1901030.jpg.jpg,recovered_archive2/167,flow_speed_um_s,,>600um/s,qwen_on_rapid_blank,
recovered_archive2/167/rep_1901031.jpg.jpg,recovered_archive2/167,flow_speed_um_s,,>600um/s,qwen_on_rapid_blank,
recovered_archive2/167/rep_左手.jpg.jpg,recovered_archive2/167,flow_speed_um_s,,>600um/s,qwen_on_rapid_blank,
recovered_archive2/169/rep_1903050.jpg.jpg,recovered_archive2/169,flow_state,,[线流、线粒流],qwen_on_rapid_blank,
recovered_archive2/170/rep.jpg.jpg,recovered_archive2/170,flow_speed_um_s,,>600um/s,qwen_on_rapid_blank,
recovered_archive2/170/rep.jpg.jpg,recovered_archive2/170,blood_color,,[淡红色],qwen_on_rapid_blank,
recovered_archive2/170/rep_2004140.jpg.jpg,recovered_archive2/170,flow_speed_um_s,,>600um/s,qwen_on_rapid_blank,
recovered_archive2/170/rep_2004140.jpg.jpg,recovered_archive2/170,blood_color,,[淡红色],qwen_on_rapid_blank,
recovered_archive2/170/rep_2004141.jpg.jpg,recovered_archive2/170,flow_speed_um_s,,>600um/s,qwen_on_rapid_blank,
recovered_archive2/170/rep_2004141.jpg.jpg,recovered_archive2/170,blood_color,,[淡红色],qwen_on_rapid_blank,
recovered_archive2/170/rep_左手.jpg.jpg,recovered_archive2/170,flow_speed_um_s,,>600um/s,qwen_on_rapid_blank,
recovered_archive2/170/rep_左手.jpg.jpg,recovered_archive2/170,blood_color,,[淡红色],qwen_on_rapid_blank,
recovered_archive2/171/rep.jpg.jpg,recovered_archive2/171,flow_state,,[线流、线粒流],qwen_on_rapid_blank,
recovered_archive2/171/rep.jpg.jpg,recovered_archive2/171,flow_speed_um_s,,>600um/s,qwen_on_rapid_blank,
recovered_archive2/171/rep.jpg.jpg,recovered_archive2/171,papilla,,[波纹状],qwen_on_rapid_blank,
recovered_archive2/171/rep.jpg.jpg,recovered_archive2/171,sweat_duct,,0--2个/一指甲襞,qwen_on_rapid_blank,
recovered_archive2/171/rep_1810170.jpg.jpg,recovered_archive2/171,flow_state,,[线流、线粒流],qwen_on_rapid_blank,
recovered_archive2/171/rep_1810170.jpg.jpg,recovered_archive2/171,flow_speed_um_s,,>600um/s,qwen_on_rapid_blank,
recovered_archive2/171/rep_1810170.jpg.jpg,recovered_archive2/171,papilla,,[波纹状],qwen_on_rapid_blank,
recovered_archive2/171/rep_1810170.jpg.jpg,recovered_archive2/171,sweat_duct,,0--2个/一指甲襞,qwen_on_rapid_blank,
recovered_archive2/172/rep.jpg.jpg,recovered_archive2/172,flow_speed_um_s,,>600um/s,qwen_on_rapid_blank,
recovered_archive2/172/rep_2005190.jpg.jpg,recovered_archive2/172,flow_speed_um_s,,>600um/s,qwen_on_rapid_blank,
recovered_archive2/172/rep_2005191.jpg.jpg,recovered_archive2/172,flow_speed_um_s,,>600um/s,qwen_on_rapid_blank,
recovered_archive2/172/rep_2005192.jpg.jpg,recovered_archive2/172,flow_speed_um_s,,>600um/s,qwen_on_rapid_blank,
recovered_archive2/172/rep_左手.jpg.jpg,recovered_archive2/172,flow_speed_um_s,,>600um/s,qwen_on_rapid_blank,
recovered_archive2/173/rep.jpg.jpg,recovered_archive2/173,flow_speed_um_s,,>600um/s,qwen_on_rapid_blank,
recovered_archive2/173/rep_1901290.jpg.jpg,recovered_archive2/173,flow_speed_um_s,,>600um/s,qwen_on_rapid_blank,
recovered_archive2/173/rep_1901291.jpg.jpg,recovered_archive2/173,flow_speed_um_s,,>600um/s,qwen_on_rapid_blank,
recovered_archive2/173/rep_1901292.jpg.jpg,recovered_archive2/173,flow_speed_um_s,,>600um/s,qwen_on_rapid_blank,
recovered_archive2/173/rep_左手.jpg.jpg,recovered_archive2/173,flow_speed_um_s,,>600um/s,qwen_on_rapid_blank,
recovered_archive2/174/rep.jpg.jpg,recovered_archive2/174,flow_speed_um_s,,>600um/s,qwen_on_rapid_blank,
recovered_archive2/174/rep_1812210.jpg.jpg,recovered_archive2/174,flow_speed_um_s,,>600um/s,qwen_on_rapid_blank,
recovered_archive2/174/rep_1812211.jpg.jpg,recovered_archive2/174,flow_speed_um_s,,>600um/s,qwen_on_rapid_blank,
recovered_archive2/174/rep_左手.jpg.jpg,recovered_archive2/174,flow_speed_um_s,,>600um/s,qwen_on_rapid_blank,
recovered_archive2/176/rep_2012100.jpg.jpg,recovered_archive2/176,flow_speed_um_s,,>600um/s,qwen_on_rapid_blank,
recovered_archive2/176/rep_2012100.jpg.jpg,recovered_archive2/176,sweat_duct,,0--2个/一指甲襞,qwen_on_rapid_blank,
recovered_archive2/176/rep_2012101.jpg.jpg,recovered_archive2/176,flow_speed_um_s,,>600um/s,qwen_on_rapid_blank,
recovered_archive2/176/rep_2012101.jpg.jpg,recovered_archive2/176,sweat_duct,,0--2个/一指甲襞,qwen_on_rapid_blank,
recovered_archive2/180/rep.jpg.jpg,recovered_archive2/180,afferent_diameter,,9--13um,qwen_on_rapid_blank,
recovered_archive2/180/rep.jpg.jpg,recovered_archive2/180,efferent_diameter,,11--17um,qwen_on_rapid_blank,
recovered_archive2/180/rep.jpg.jpg,recovered_archive2/180,output_input_ratio,,1.3,qwen_on_rapid_blank,
recovered_archive2/180/rep.jpg.jpg,recovered_archive2/180,apex_diameter,,12--18um,qwen_on_rapid_blank,
recovered_archive2/180/rep.jpg.jpg,recovered_archive2/180,flow_speed_um_s,,>600um/s,qwen_on_rapid_blank,
recovered_archive2/180/rep_1904280.jpg.jpg,recovered_archive2/180,afferent_diameter,,9--13um,qwen_on_rapid_blank,
recovered_archive2/180/rep_1904280.jpg.jpg,recovered_archive2/180,efferent_diameter,,11--17um,qwen_on_rapid_blank,
recovered_archive2/180/rep_1904280.jpg.jpg,recovered_archive2/180,output_input_ratio,,1.3,qwen_on_rapid_blank,
recovered_archive2/180/rep_1904280.jpg.jpg,recovered_archive2/180,apex_diameter,,12--18um,qwen_on_rapid_blank,
recovered_archive2/180/rep_1904280.jpg.jpg,recovered_archive2/180,flow_speed_um_s,,>600um/s,qwen_on_rapid_blank,
recovered_archive2/180/rep_右手.jpg.jpg,recovered_archive2/180,afferent_diameter,,9--13um,qwen_on_rapid_blank,
recovered_archive2/180/rep_右手.jpg.jpg,recovered_archive2/180,efferent_diameter,,11--17um,qwen_on_rapid_blank,
recovered_archive2/180/rep_右手.jpg.jpg,recovered_archive2/180,output_input_ratio,,1.3,qwen_on_rapid_blank,
recovered_archive2/180/rep_右手.jpg.jpg,recovered_archive2/180,apex_diameter,,12--18um,qwen_on_rapid_blank,
recovered_archive2/180/rep_右手.jpg.jpg,recovered_archive2/180,flow_speed_um_s,,>600um/s,qwen_on_rapid_blank,
recovered_archive2/182/rep.jpg.jpg,recovered_archive2/182,flow_speed_um_s,,>600um/s,qwen_on_rapid_blank,
recovered_archive2/182/rep_1812070.jpg.jpg,recovered_archive2/182,flow_state,,[线流、线粒流],qwen_on_rapid_blank,
recovered_archive2/182/rep_1812071.jpg.jpg,recovered_archive2/182,flow_speed_um_s,,>600um/s,qwen_on_rapid_blank,
recovered_archive2/182/rep_1812072.jpg.jpg,recovered_archive2/182,flow_speed_um_s,,>600um/s,qwen_on_rapid_blank,
recovered_archive2/182/rep_左手.jpg.jpg,recovered_archive2/182,flow_speed_um_s,,>600um/s,qwen_on_rapid_blank,
recovered_archive2/183/rep.jpg.jpg,recovered_archive2/183,flow_speed_um_s,,>600um/s,qwen_on_rapid_blank,
recovered_archive2/183/rep_2012220.jpg.jpg,recovered_archive2/183,flow_speed_um_s,,>600um/s,qwen_on_rapid_blank,
recovered_archive2/183/rep_2012221.jpg.jpg,recovered_archive2/183,flow_speed_um_s,,>600um/s,qwen_on_rapid_blank,
recovered_archive2/183/rep_双手无名指.jpg.jpg,recovered_archive2/183,flow_speed_um_s,,>600um/s,qwen_on_rapid_blank,
recovered_archive2/185/rep.jpg.jpg,recovered_archive2/185,flow_speed_um_s,,>600um/s,qwen_on_rapid_blank,
recovered_archive2/185/rep.jpg.jpg,recovered_archive2/185,blood_color,,+++,qwen_on_rapid_blank,
recovered_archive2/185/rep.jpg.jpg,recovered_archive2/185,exudation,+++,无,disagreement,0.5122005343437195
recovered_archive2/185/rep_1908080.jpg.jpg,recovered_archive2/185,flow_speed_um_s,,>600um/s,qwen_on_rapid_blank,
recovered_archive2/185/rep_1908080.jpg.jpg,recovered_archive2/185,blood_color,,+++,qwen_on_rapid_blank,
recovered_archive2/185/rep_1908080.jpg.jpg,recovered_archive2/185,exudation,+++,无,disagreement,0.5122005343437195
recovered_archive2/185/rep_1908081.jpg.jpg,recovered_archive2/185,flow_speed_um_s,,>600um/s,qwen_on_rapid_blank,
recovered_archive2/185/rep_1908081.jpg.jpg,recovered_archive2/185,blood_color,,+++,qwen_on_rapid_blank,
recovered_archive2/185/rep_1908081.jpg.jpg,recovered_archive2/185,exudation,+++,无,disagreement,0.5122005343437195
recovered_archive2/185/rep_左手.jpg.jpg,recovered_archive2/185,flow_speed_um_s,,>600um/s,qwen_on_rapid_blank,
recovered_archive2/185/rep_左手.jpg.jpg,recovered_archive2/185,blood_color,,+++,qwen_on_rapid_blank,
recovered_archive2/185/rep_左手.jpg.jpg,recovered_archive2/185,exudation,+++,无,disagreement,0.5122005343437195
recovered_archive2/188/rep.jpg.jpg,recovered_archive2/188,morphology_score,,3.1,qwen_on_rapid_blank,
recovered_archive2/188/rep.jpg.jpg,recovered_archive2/188,periloop_score,,3.1,qwen_on_rapid_blank,
recovered_archive2/188/rep_1903260.jpg.jpg,recovered_archive2/188,periloop_score,,3.1,qwen_on_rapid_blank,
recovered_archive2/188/rep_1903261.jpg.jpg,recovered_archive2/188,periloop_score,,3.1,qwen_on_rapid_blank,
recovered_archive2/188/rep_左手.jpg.jpg,recovered_archive2/188,morphology_score,,3.1,qwen_on_rapid_blank,
recovered_archive2/188/rep_左手.jpg.jpg,recovered_archive2/188,periloop_score,,3.1,qwen_on_rapid_blank,
recovered_archive2/195/rep.jpg.jpg,recovered_archive2/195,flow_speed_um_s,,>600um/s,qwen_on_rapid_blank,
recovered_archive2/195/rep.jpg.jpg,recovered_archive2/195,sweat_duct,,0--2个/一指甲襞,qwen_on_rapid_blank,
recovered_archive2/195/rep_1902120.jpg.jpg,recovered_archive2/195,flow_speed_um_s,,>600um/s,qwen_on_rapid_blank,
recovered_archive2/195/rep_1902120.jpg.jpg,recovered_archive2/195,sweat_duct,,0--2个/一指甲襞,qwen_on_rapid_blank,
recovered_archive2/195/rep_1902121.jpg.jpg,recovered_archive2/195,flow_speed_um_s,,>600um/s,qwen_on_rapid_blank,
recovered_archive2/195/rep_1902121.jpg.jpg,recovered_archive2/195,sweat_duct,,0--2个/一指甲襞,qwen_on_rapid_blank,
recovered_archive2/195/rep_左手.jpg.jpg,recovered_archive2/195,flow_speed_um_s,,>600um/s,qwen_on_rapid_blank,
recovered_archive2/195/rep_左手.jpg.jpg,recovered_archive2/195,sweat_duct,,0--2个/一指甲襞,qwen_on_rapid_blank,
recovered_archive2/196/rep.jpg.jpg,recovered_archive2/196,output_input_ratio,,[1.3],qwen_on_rapid_blank,
recovered_archive2/196/rep.jpg.jpg,recovered_archive2/196,periloop_score,,4.1,qwen_on_rapid_blank,
recovered_archive2/196/rep_2012150.jpg.jpg,recovered_archive2/196,output_input_ratio,,[1.3],qwen_on_rapid_blank,
recovered_archive2/196/rep_2012150.jpg.jpg,recovered_archive2/196,periloop_score,,4.1,qwen_on_rapid_blank,
recovered_archive2/196/rep_2012151.jpg.jpg,recovered_archive2/196,output_input_ratio,,[1.3],qwen_on_rapid_blank,
recovered_archive2/196/rep_2012151.jpg.jpg,recovered_archive2/196,periloop_score,,4.1,qwen_on_rapid_blank,
recovered_archive2/196/rep_双手无名指.jpg.jpg,recovered_archive2/196,output_input_ratio,,[1.3],qwen_on_rapid_blank,
recovered_archive2/196/rep_双手无名指.jpg.jpg,recovered_archive2/196,periloop_score,,4.1,qwen_on_rapid_blank,
recovered_archive2/199/rep.jpg.jpg,recovered_archive2/199,afferent_diameter,,9--13um,qwen_on_rapid_blank,
recovered_archive2/199/rep.jpg.jpg,recovered_archive2/199,efferent_diameter,,11--17um,qwen_on_rapid_blank,
recovered_archive2/199/rep.jpg.jpg,recovered_archive2/199,output_input_ratio,,1.3,qwen_on_rapid_blank,
recovered_archive2/199/rep.jpg.jpg,recovered_archive2/199,apex_diameter,,12--18um,qwen_on_rapid_blank,
recovered_archive2/199/rep.jpg.jpg,recovered_archive2/199,flow_speed_um_s,,>600um/s,qwen_on_rapid_blank,
recovered_archive2/199/rep_2005210.jpg.jpg,recovered_archive2/199,afferent_diameter,,9--13um,qwen_on_rapid_blank,
recovered_archive2/199/rep_2005210.jpg.jpg,recovered_archive2/199,efferent_diameter,,11--17um,qwen_on_rapid_blank,
recovered_archive2/199/rep_2005210.jpg.jpg,recovered_archive2/199,output_input_ratio,,1.3,qwen_on_rapid_blank,
recovered_archive2/199/rep_2005210.jpg.jpg,recovered_archive2/199,apex_diameter,,12--18um,qwen_on_rapid_blank,
recovered_archive2/199/rep_2005210.jpg.jpg,recovered_archive2/199,flow_speed_um_s,,>600um/s,qwen_on_rapid_blank,
recovered_archive2/199/rep_2005211.jpg.jpg,recovered_archive2/199,afferent_diameter,,9--13um,qwen_on_rapid_blank,
recovered_archive2/199/rep_2005211.jpg.jpg,recovered_archive2/199,efferent_diameter,,11--17um,qwen_on_rapid_blank,
recovered_archive2/199/rep_2005211.jpg.jpg,recovered_archive2/199,output_input_ratio,,1.3,qwen_on_rapid_blank,
recovered_archive2/199/rep_2005211.jpg.jpg,recovered_archive2/199,apex_diameter,,12--18um,qwen_on_rapid_blank,
recovered_archive2/199/rep_2005211.jpg.jpg,recovered_archive2/199,flow_speed_um_s,,>600um/s,qwen_on_rapid_blank,
recovered_archive2/199/rep_左手.jpg.jpg,recovered_archive2/199,afferent_diameter,,9--13um,qwen_on_rapid_blank,
recovered_archive2/199/rep_左手.jpg.jpg,recovered_archive2/199,efferent_diameter,,11--17um,qwen_on_rapid_blank,
recovered_archive2/199/rep_左手.jpg.jpg,recovered_archive2/199,output_input_ratio,,1.3,qwen_on_rapid_blank,
recovered_archive2/199/rep_左手.jpg.jpg,recovered_archive2/199,apex_diameter,,12--18um,qwen_on_rapid_blank,
recovered_archive2/199/rep_左手.jpg.jpg,recovered_archive2/199,flow_speed_um_s,,>600um/s,qwen_on_rapid_blank,
recovered_archive3/203/rep.jpg.jpg,recovered_archive3/203,flow_speed_um_s,,>600um/s,qwen_on_rapid_blank,
recovered_archive3/203/rep_2009240.jpg.jpg,recovered_archive3/203,flow_state,,[线流、线粒流],qwen_on_rapid_blank,
recovered_archive3/203/rep_2009241.jpg.jpg,recovered_archive3/203,flow_speed_um_s,,>600um/s,qwen_on_rapid_blank,
recovered_archive3/203/rep_双手 .jpg.jpg,recovered_archive3/203,flow_speed_um_s,,>600um/s,qwen_on_rapid_blank,
recovered_archive3/203/rep_左手.jpg.jpg,recovered_archive3/203,flow_state,,线流、线粒流,qwen_on_rapid_blank,
recovered_archive3/203/rep_左手.jpg.jpg,recovered_archive3/203,microthrombus,,个/指甲襞,qwen_on_rapid_blank,
recovered_archive3/203/rep_左手.jpg.jpg,recovered_archive3/203,blood_color,,淡红,qwen_on_rapid_blank,
recovered_archive3/203/rep_左手.jpg.jpg,recovered_archive3/203,exudation,,无,qwen_on_rapid_blank,
recovered_archive3/203/rep_左手.jpg.jpg,recovered_archive3/203,subpapillary_venous_plexus,,不见,qwen_on_rapid_blank,
recovered_archive3/203/rep_左手.jpg.jpg,recovered_archive3/203,papilla,,波纹状,qwen_on_rapid_blank,
recovered_archive3/204/rep.jpg.jpg,recovered_archive3/204,flow_speed_um_s,,>600um/s,qwen_on_rapid_blank,
recovered_archive3/204/rep_1912050.jpg.jpg,recovered_archive3/204,flow_speed_um_s,,>600um/s,qwen_on_rapid_blank,
recovered_archive3/204/rep_1912051.jpg.jpg,recovered_archive3/204,flow_speed_um_s,,>600um/s,qwen_on_rapid_blank,
recovered_archive3/204/rep_左手.jpg.jpg,recovered_archive3/204,flow_speed_um_s,,>600um/s,qwen_on_rapid_blank,
recovered_archive3/214/rep.jpg.jpg,recovered_archive3/214,vasomotion,,中度,qwen_on_rapid_blank,
recovered_archive3/214/rep.jpg.jpg,recovered_archive3/214,rbc_aggregation,中度,1--30,disagreement,0.9998077750205994
recovered_archive3/214/rep.jpg.jpg,recovered_archive3/214,wbc_count,1--30,>2,disagreement,0.9830864787101745
recovered_archive3/214/rep.jpg.jpg,recovered_archive3/214,microthrombus,>2,暗红,disagreement,0.962127298116684
recovered_archive3/214/rep.jpg.jpg,recovered_archive3/214,blood_color,暗红,+,disagreement,0.9996362030506134
recovered_archive3/214/rep.jpg.jpg,recovered_archive3/214,exudation,+,无,disagreement,0.9523909687995911
recovered_archive3/214/rep_2001160.jpg.jpg,recovered_archive3/214,vasomotion,,中度,qwen_on_rapid_blank,
recovered_archive3/214/rep_2001160.jpg.jpg,recovered_archive3/214,rbc_aggregation,中度,1--30,disagreement,0.9998077750205994
recovered_archive3/214/rep_2001160.jpg.jpg,recovered_archive3/214,wbc_count,1--30,>2,disagreement,0.9830864787101745
recovered_archive3/214/rep_2001160.jpg.jpg,recovered_archive3/214,microthrombus,>2,暗红,disagreement,0.962127298116684
recovered_archive3/214/rep_2001160.jpg.jpg,recovered_archive3/214,blood_color,暗红,+,disagreement,0.9996362030506134
recovered_archive3/214/rep_2001160.jpg.jpg,recovered_archive3/214,exudation,+,无,disagreement,0.9523909687995911
recovered_archive3/214/rep_2001161.jpg.jpg,recovered_archive3/214,vasomotion,,中度,qwen_on_rapid_blank,
recovered_archive3/214/rep_2001161.jpg.jpg,recovered_archive3/214,rbc_aggregation,中度,1--30,disagreement,0.9998077750205994
recovered_archive3/214/rep_2001161.jpg.jpg,recovered_archive3/214,wbc_count,1--30,>2,disagreement,0.9830864787101745
recovered_archive3/214/rep_2001161.jpg.jpg,recovered_archive3/214,microthrombus,>2,暗红,disagreement,0.962127298116684
recovered_archive3/214/rep_2001161.jpg.jpg,recovered_archive3/214,blood_color,暗红,+,disagreement,0.9996362030506134
recovered_archive3/214/rep_2001161.jpg.jpg,recovered_archive3/214,exudation,+,无,disagreement,0.9523909687995911
recovered_archive3/214/rep_2001162.jpg.jpg,recovered_archive3/214,vasomotion,,中度,qwen_on_rapid_blank,
recovered_archive3/214/rep_2001162.jpg.jpg,recovered_archive3/214,rbc_aggregation,中度,1--30,disagreement,0.9998077750205994
recovered_archive3/214/rep_2001162.jpg.jpg,recovered_archive3/214,wbc_count,1--30,>2,disagreement,0.9830864787101745
recovered_archive3/214/rep_2001162.jpg.jpg,recovered_archive3/214,microthrombus,>2,暗红,disagreement,0.962127298116684
recovered_archive3/214/rep_2001162.jpg.jpg,recovered_archive3/214,blood_color,暗红,+,disagreement,0.9996362030506134
recovered_archive3/214/rep_2001162.jpg.jpg,recovered_archive3/214,exudation,+,无,disagreement,0.9523909687995911
recovered_archive3/214/rep_左手.jpg.jpg,recovered_archive3/214,vasomotion,,中度,qwen_on_rapid_blank,
recovered_archive3/214/rep_左手.jpg.jpg,recovered_archive3/214,rbc_aggregation,中度,1--30,disagreement,0.9998077750205994
recovered_archive3/214/rep_左手.jpg.jpg,recovered_archive3/214,wbc_count,1--30,>2,disagreement,0.9830864787101745
recovered_archive3/214/rep_左手.jpg.jpg,recovered_archive3/214,microthrombus,>2,暗红,disagreement,0.962127298116684
recovered_archive3/214/rep_左手.jpg.jpg,recovered_archive3/214,blood_color,暗红,+,disagreement,0.9996362030506134
recovered_archive3/214/rep_左手.jpg.jpg,recovered_archive3/214,exudation,+,无,disagreement,0.9523909687995911
recovered_archive3/217/rep.jpg.jpg,recovered_archive3/217,flow_speed_um_s,,>600um/s,qwen_on_rapid_blank,
recovered_archive3/217/rep_1.jpg.jpg,recovered_archive3/217,flow_speed_um_s,,>600um/s,qwen_on_rapid_blank,
recovered_archive3/217/rep_1810170.jpg.jpg,recovered_archive3/217,flow_speed_um_s,,>600um/s,qwen_on_rapid_blank,
recovered_archive3/219/rep.jpg.jpg,recovered_archive3/219,blood_color,,+,qwen_on_rapid_blank,
recovered_archive3/219/rep.jpg.jpg,recovered_archive3/219,exudation,+,无,disagreement,0.9561782479286194
recovered_archive3/219/rep_2012290.jpg.jpg,recovered_archive3/219,blood_color,,+,qwen_on_rapid_blank,
recovered_archive3/219/rep_2012290.jpg.jpg,recovered_archive3/219,exudation,+,无,disagreement,0.9561782479286194
recovered_archive3/219/rep_2012291.jpg.jpg,recovered_archive3/219,blood_color,,+,qwen_on_rapid_blank,
recovered_archive3/219/rep_2012291.jpg.jpg,recovered_archive3/219,exudation,+,无,disagreement,0.9561782479286194
recovered_archive3/219/rep_双无名指.jpg.jpg,recovered_archive3/219,blood_color,,+,qwen_on_rapid_blank,
recovered_archive3/219/rep_双无名指.jpg.jpg,recovered_archive3/219,exudation,+,无,disagreement,0.9561782479286194
recovered_archive3/221/rep.jpg.jpg,recovered_archive3/221,flow_speed_um_s,,>600um/s,qwen_on_rapid_blank,
recovered_archive3/221/rep_1903120.jpg.jpg,recovered_archive3/221,flow_speed_um_s,,>600um/s,qwen_on_rapid_blank,
recovered_archive3/221/rep_1903121.jpg.jpg,recovered_archive3/221,flow_speed_um_s,,>600um/s,qwen_on_rapid_blank,
recovered_archive3/221/rep_1903122.jpg.jpg,recovered_archive3/221,flow_speed_um_s,,>600um/s,qwen_on_rapid_blank,
recovered_archive3/221/rep_左手.jpg.jpg,recovered_archive3/221,flow_speed_um_s,,>600um/s,qwen_on_rapid_blank,
recovered_archive3/222/rep.jpg.jpg,recovered_archive3/222,afferent_diameter,,9--13um,qwen_on_rapid_blank,
recovered_archive3/222/rep.jpg.jpg,recovered_archive3/222,efferent_diameter,,11--17um,qwen_on_rapid_blank,
recovered_archive3/222/rep.jpg.jpg,recovered_archive3/222,output_input_ratio,,[1.3],qwen_on_rapid_blank,
recovered_archive3/222/rep.jpg.jpg,recovered_archive3/222,flow_speed_um_s,,>600um/s,qwen_on_rapid_blank,
recovered_archive3/222/rep_1910290.jpg.jpg,recovered_archive3/222,afferent_diameter,,9--13um,qwen_on_rapid_blank,
recovered_archive3/222/rep_1910290.jpg.jpg,recovered_archive3/222,efferent_diameter,,11--17um,qwen_on_rapid_blank,
recovered_archive3/222/rep_1910290.jpg.jpg,recovered_archive3/222,output_input_ratio,,[1.3],qwen_on_rapid_blank,
recovered_archive3/222/rep_1910290.jpg.jpg,recovered_archive3/222,flow_speed_um_s,,>600um/s,qwen_on_rapid_blank,
recovered_archive3/222/rep_1910291.jpg.jpg,recovered_archive3/222,afferent_diameter,,9--13um,qwen_on_rapid_blank,
recovered_archive3/222/rep_1910291.jpg.jpg,recovered_archive3/222,efferent_diameter,,11--17um,qwen_on_rapid_blank,
recovered_archive3/222/rep_1910291.jpg.jpg,recovered_archive3/222,output_input_ratio,,[1.3],qwen_on_rapid_blank,
recovered_archive3/222/rep_1910291.jpg.jpg,recovered_archive3/222,flow_speed_um_s,,>600um/s,qwen_on_rapid_blank,
recovered_archive3/222/rep_左手.jpg.jpg,recovered_archive3/222,afferent_diameter,,9--13um,qwen_on_rapid_blank,
recovered_archive3/222/rep_左手.jpg.jpg,recovered_archive3/222,efferent_diameter,,11--17um,qwen_on_rapid_blank,
recovered_archive3/222/rep_左手.jpg.jpg,recovered_archive3/222,output_input_ratio,,[1.3],qwen_on_rapid_blank,
recovered_archive3/222/rep_左手.jpg.jpg,recovered_archive3/222,flow_speed_um_s,,>600um/s,qwen_on_rapid_blank,
recovered_archive3/223/rep.jpg.jpg,recovered_archive3/223,periloop_score,,3.1,qwen_on_rapid_blank,
recovered_archive3/223/rep_2001070.jpg.jpg,recovered_archive3/223,periloop_score,,3.1,qwen_on_rapid_blank,
recovered_archive3/223/rep_2001071.jpg.jpg,recovered_archive3/223,periloop_score,,3.1,qwen_on_rapid_blank,
recovered_archive3/223/rep_左手.jpg.jpg,recovered_archive3/223,periloop_score,,3.1,qwen_on_rapid_blank,
recovered_archive3/224/rep.jpg.jpg,recovered_archive3/224,afferent_diameter,,9--13um,qwen_on_rapid_blank,
recovered_archive3/224/rep.jpg.jpg,recovered_archive3/224,efferent_diameter,,11--17um,qwen_on_rapid_blank,
recovered_archive3/224/rep.jpg.jpg,recovered_archive3/224,output_input_ratio,,1.3,qwen_on_rapid_blank,
recovered_archive3/224/rep.jpg.jpg,recovered_archive3/224,apex_diameter,,12--18um,qwen_on_rapid_blank,
recovered_archive3/224/rep.jpg.jpg,recovered_archive3/224,crossing_ratio,,<=30%,qwen_on_rapid_blank,
recovered_archive3/224/rep.jpg.jpg,recovered_archive3/224,flow_speed_um_s,,>600um/s,qwen_on_rapid_blank,
recovered_archive3/224/rep_1906040.jpg.jpg,recovered_archive3/224,afferent_diameter,,9--13um,qwen_on_rapid_blank,
recovered_archive3/224/rep_1906040.jpg.jpg,recovered_archive3/224,efferent_diameter,,11--17um,qwen_on_rapid_blank,
recovered_archive3/224/rep_1906040.jpg.jpg,recovered_archive3/224,output_input_ratio,,1.3,qwen_on_rapid_blank,
recovered_archive3/224/rep_1906040.jpg.jpg,recovered_archive3/224,apex_diameter,,12--18um,qwen_on_rapid_blank,
recovered_archive3/224/rep_1906040.jpg.jpg,recovered_archive3/224,crossing_ratio,,<=30%,qwen_on_rapid_blank,
recovered_archive3/224/rep_1906040.jpg.jpg,recovered_archive3/224,flow_speed_um_s,,>600um/s,qwen_on_rapid_blank,
recovered_archive3/224/rep_1906041.jpg.jpg,recovered_archive3/224,afferent_diameter,,9--13um,qwen_on_rapid_blank,
recovered_archive3/224/rep_1906041.jpg.jpg,recovered_archive3/224,efferent_diameter,,11--17um,qwen_on_rapid_blank,
recovered_archive3/224/rep_1906041.jpg.jpg,recovered_archive3/224,output_input_ratio,,1.3,qwen_on_rapid_blank,
recovered_archive3/224/rep_1906041.jpg.jpg,recovered_archive3/224,apex_diameter,,12--18um,qwen_on_rapid_blank,
recovered_archive3/224/rep_1906041.jpg.jpg,recovered_archive3/224,crossing_ratio,,<=30%,qwen_on_rapid_blank,
recovered_archive3/224/rep_1906041.jpg.jpg,recovered_archive3/224,flow_speed_um_s,,>600um/s,qwen_on_rapid_blank,
recovered_archive3/224/rep_右手.jpg.jpg,recovered_archive3/224,afferent_diameter,,9--13um,qwen_on_rapid_blank,
recovered_archive3/224/rep_右手.jpg.jpg,recovered_archive3/224,efferent_diameter,,11--17um,qwen_on_rapid_blank,
recovered_archive3/224/rep_右手.jpg.jpg,recovered_archive3/224,output_input_ratio,,1.3,qwen_on_rapid_blank,
recovered_archive3/224/rep_右手.jpg.jpg,recovered_archive3/224,apex_diameter,,12--18um,qwen_on_rapid_blank,
recovered_archive3/224/rep_右手.jpg.jpg,recovered_archive3/224,crossing_ratio,,<=30%,qwen_on_rapid_blank,
recovered_archive3/224/rep_右手.jpg.jpg,recovered_archive3/224,flow_speed_um_s,,>600um/s,qwen_on_rapid_blank,
recovered_archive3/227/rep.jpg.jpg,recovered_archive3/227,output_input_ratio,,1.3,qwen_on_rapid_blank,
recovered_archive3/227/rep.jpg.jpg,recovered_archive3/227,crossing_ratio,,<=30%,qwen_on_rapid_blank,
recovered_archive3/227/rep.jpg.jpg,recovered_archive3/227,flow_speed_um_s,,>600um/s,qwen_on_rapid_blank,
recovered_archive3/227/rep_2010270.jpg.jpg,recovered_archive3/227,output_input_ratio,,1.3,qwen_on_rapid_blank,
recovered_archive3/227/rep_2010270.jpg.jpg,recovered_archive3/227,crossing_ratio,,<=30%,qwen_on_rapid_blank,
recovered_archive3/227/rep_2010270.jpg.jpg,recovered_archive3/227,flow_speed_um_s,,>600um/s,qwen_on_rapid_blank,
recovered_archive3/227/rep_2010271.jpg.jpg,recovered_archive3/227,output_input_ratio,,1.3,qwen_on_rapid_blank,
recovered_archive3/227/rep_2010271.jpg.jpg,recovered_archive3/227,crossing_ratio,,<=30%,qwen_on_rapid_blank,
recovered_archive3/227/rep_2010271.jpg.jpg,recovered_archive3/227,flow_speed_um_s,,>600um/s,qwen_on_rapid_blank,
recovered_archive3/227/rep_左手.jpg.jpg,recovered_archive3/227,output_input_ratio,,1.3,qwen_on_rapid_blank,
recovered_archive3/227/rep_左手.jpg.jpg,recovered_archive3/227,crossing_ratio,,<=30%,qwen_on_rapid_blank,
recovered_archive3/227/rep_左手.jpg.jpg,recovered_archive3/227,flow_speed_um_s,,>600um/s,qwen_on_rapid_blank,
recovered_archive3/228/rep.jpg.jpg,recovered_archive3/228,flow_speed_um_s,,>600um/s,qwen_on_rapid_blank,
recovered_archive3/228/rep_1901170.jpg.jpg,recovered_archive3/228,flow_speed_um_s,,>600um/s,qwen_on_rapid_blank,
recovered_archive3/228/rep_1901171.jpg.jpg,recovered_archive3/228,flow_speed_um_s,,>600um/s,qwen_on_rapid_blank,
recovered_archive3/228/rep_左手.jpg.jpg,recovered_archive3/228,flow_speed_um_s,,>600um/s,qwen_on_rapid_blank,
recovered_archive3/229/rep.jpg.jpg,recovered_archive3/229,morphology_score,,3.3,qwen_on_rapid_blank,
recovered_archive3/229/rep_2012100.jpg.jpg,recovered_archive3/229,flow_speed_um_s,,>600um/s,qwen_on_rapid_blank,
recovered_archive3/229/rep_2012100.jpg.jpg,recovered_archive3/229,total_score,6,8.9,disagreement,0.746131161848704
recovered_archive3/229/rep_2012101.jpg.jpg,recovered_archive3/229,flow_speed_um_s,,>600um/s,qwen_on_rapid_blank,
recovered_archive3/229/rep_2012101.jpg.jpg,recovered_archive3/229,total_score,6,8.9,disagreement,0.746131161848704
recovered_archive3/229/rep_双手无名指.jpg.jpg,recovered_archive3/229,morphology_score,,3.3,qwen_on_rapid_blank,
recovered_archive3/230/rep.jpg.jpg,recovered_archive3/230,afferent_diameter,,10,qwen_on_rapid_blank,
recovered_archive3/230/rep.jpg.jpg,recovered_archive3/230,efferent_diameter,10,14,disagreement,0.9985489249229431
recovered_archive3/230/rep.jpg.jpg,recovered_archive3/230,output_input_ratio,,185,qwen_on_rapid_blank,
recovered_archive3/230/rep.jpg.jpg,recovered_archive3/230,apex_diameter,14,<=30%,disagreement,0.9978168308734894
recovered_archive3/230/rep.jpg.jpg,recovered_archive3/230,loop_length,185,<=10%,disagreement,0.9985923369725546
recovered_archive3/230/rep.jpg.jpg,recovered_archive3/230,crossing_ratio,<=30%,粒线流,disagreement,0.9800840735435485
recovered_archive3/230/rep.jpg.jpg,recovered_archive3/230,flow_state,粒线流,0--1,disagreement,0.9990822474161783
recovered_archive3/230/rep.jpg.jpg,recovered_archive3/230,vasomotion,0--1,无,disagreement,0.8957848101854324
recovered_archive3/230/rep.jpg.jpg,recovered_archive3/230,rbc_aggregation,无,1--30,disagreement,0.9988896250724792
recovered_archive3/230/rep.jpg.jpg,recovered_archive3/230,wbc_count,1--30,无,disagreement,0.9849293470382691
recovered_archive3/230/rep.jpg.jpg,recovered_archive3/230,microthrombus,无,浅红,disagreement,0.998637855052948
recovered_archive3/230/rep.jpg.jpg,recovered_archive3/230,blood_color,浅红,无,disagreement,0.9994673132896423
recovered_archive3/230/rep_1901030.jpg.jpg,recovered_archive3/230,afferent_diameter,,10,qwen_on_rapid_blank,
recovered_archive3/230/rep_1901030.jpg.jpg,recovered_archive3/230,efferent_diameter,10,14,disagreement,0.9985489249229431
recovered_archive3/230/rep_1901030.jpg.jpg,recovered_archive3/230,output_input_ratio,,185,qwen_on_rapid_blank,
recovered_archive3/230/rep_1901030.jpg.jpg,recovered_archive3/230,apex_diameter,14,<=30%,disagreement,0.9978168308734894
recovered_archive3/230/rep_1901030.jpg.jpg,recovered_archive3/230,loop_length,185,<=10%,disagreement,0.9985923369725546
recovered_archive3/230/rep_1901030.jpg.jpg,recovered_archive3/230,crossing_ratio,<=30%,粒线流,disagreement,0.9800840735435485
recovered_archive3/230/rep_1901030.jpg.jpg,recovered_archive3/230,flow_state,粒线流,0--1,disagreement,0.9990822474161783
recovered_archive3/230/rep_1901030.jpg.jpg,recovered_archive3/230,vasomotion,0--1,无,disagreement,0.8957848101854324
recovered_archive3/230/rep_1901030.jpg.jpg,recovered_archive3/230,rbc_aggregation,无,1--30,disagreement,0.9988896250724792
recovered_archive3/230/rep_1901030.jpg.jpg,recovered_archive3/230,wbc_count,1--30,无,disagreement,0.9849293470382691
recovered_archive3/230/rep_1901030.jpg.jpg,recovered_archive3/230,microthrombus,无,浅红,disagreement,0.998637855052948
recovered_archive3/230/rep_1901030.jpg.jpg,recovered_archive3/230,blood_color,浅红,无,disagreement,0.9994673132896423
recovered_archive3/230/rep_1901031.jpg.jpg,recovered_archive3/230,afferent_diameter,,10,qwen_on_rapid_blank,
recovered_archive3/230/rep_1901031.jpg.jpg,recovered_archive3/230,efferent_diameter,10,14,disagreement,0.9985489249229431
recovered_archive3/230/rep_1901031.jpg.jpg,recovered_archive3/230,output_input_ratio,,185,qwen_on_rapid_blank,
recovered_archive3/230/rep_1901031.jpg.jpg,recovered_archive3/230,apex_diameter,14,<=30%,disagreement,0.9978168308734894
recovered_archive3/230/rep_1901031.jpg.jpg,recovered_archive3/230,loop_length,185,<=10%,disagreement,0.9985923369725546
recovered_archive3/230/rep_1901031.jpg.jpg,recovered_archive3/230,crossing_ratio,<=30%,粒线流,disagreement,0.9800840735435485
recovered_archive3/230/rep_1901031.jpg.jpg,recovered_archive3/230,flow_state,粒线流,0--1,disagreement,0.9990822474161783
recovered_archive3/230/rep_1901031.jpg.jpg,recovered_archive3/230,vasomotion,0--1,无,disagreement,0.8957848101854324
recovered_archive3/230/rep_1901031.jpg.jpg,recovered_archive3/230,rbc_aggregation,无,1--30,disagreement,0.9988896250724792
recovered_archive3/230/rep_1901031.jpg.jpg,recovered_archive3/230,wbc_count,1--30,无,disagreement,0.9849293470382691
recovered_archive3/230/rep_1901031.jpg.jpg,recovered_archive3/230,microthrombus,无,浅红,disagreement,0.998637855052948
recovered_archive3/230/rep_1901031.jpg.jpg,recovered_archive3/230,blood_color,浅红,无,disagreement,0.9994673132896423
recovered_archive3/230/rep_1901032.jpg.jpg,recovered_archive3/230,afferent_diameter,,10,qwen_on_rapid_blank,
recovered_archive3/230/rep_1901032.jpg.jpg,recovered_archive3/230,efferent_diameter,10,14,disagreement,0.9985489249229431
recovered_archive3/230/rep_1901032.jpg.jpg,recovered_archive3/230,output_input_ratio,,185,qwen_on_rapid_blank,
recovered_archive3/230/rep_1901032.jpg.jpg,recovered_archive3/230,apex_diameter,14,<=30%,disagreement,0.9978168308734894
recovered_archive3/230/rep_1901032.jpg.jpg,recovered_archive3/230,loop_length,185,<=10%,disagreement,0.9985923369725546
recovered_archive3/230/rep_1901032.jpg.jpg,recovered_archive3/230,crossing_ratio,<=30%,粒线流,disagreement,0.9800840735435485
recovered_archive3/230/rep_1901032.jpg.jpg,recovered_archive3/230,flow_state,粒线流,0--1,disagreement,0.9990822474161783
recovered_archive3/230/rep_1901032.jpg.jpg,recovered_archive3/230,vasomotion,0--1,无,disagreement,0.8957848101854324
recovered_archive3/230/rep_1901032.jpg.jpg,recovered_archive3/230,rbc_aggregation,无,1--30,disagreement,0.9988896250724792
recovered_archive3/230/rep_1901032.jpg.jpg,recovered_archive3/230,wbc_count,1--30,无,disagreement,0.9849293470382691
recovered_archive3/230/rep_1901032.jpg.jpg,recovered_archive3/230,microthrombus,无,浅红,disagreement,0.998637855052948
recovered_archive3/230/rep_1901032.jpg.jpg,recovered_archive3/230,blood_color,浅红,无,disagreement,0.9994673132896423
recovered_archive3/230/rep_左手.jpg.jpg,recovered_archive3/230,afferent_diameter,,10,qwen_on_rapid_blank,
recovered_archive3/230/rep_左手.jpg.jpg,recovered_archive3/230,efferent_diameter,10,14,disagreement,0.9985489249229431
recovered_archive3/230/rep_左手.jpg.jpg,recovered_archive3/230,output_input_ratio,,185,qwen_on_rapid_blank,
recovered_archive3/230/rep_左手.jpg.jpg,recovered_archive3/230,apex_diameter,14,<=30%,disagreement,0.9978168308734894
recovered_archive3/230/rep_左手.jpg.jpg,recovered_archive3/230,loop_length,185,<=10%,disagreement,0.9985923369725546
recovered_archive3/230/rep_左手.jpg.jpg,recovered_archive3/230,crossing_ratio,<=30%,粒线流,disagreement,0.9800840735435485
recovered_archive3/230/rep_左手.jpg.jpg,recovered_archive3/230,flow_state,粒线流,0--1,disagreement,0.9990822474161783
recovered_archive3/230/rep_左手.jpg.jpg,recovered_archive3/230,vasomotion,0--1,无,disagreement,0.8957848101854324
recovered_archive3/230/rep_左手.jpg.jpg,recovered_archive3/230,rbc_aggregation,无,1--30,disagreement,0.9988896250724792
recovered_archive3/230/rep_左手.jpg.jpg,recovered_archive3/230,wbc_count,1--30,无,disagreement,0.9849293470382691
recovered_archive3/230/rep_左手.jpg.jpg,recovered_archive3/230,microthrombus,无,浅红,disagreement,0.998637855052948
recovered_archive3/230/rep_左手.jpg.jpg,recovered_archive3/230,blood_color,浅红,无,disagreement,0.9994673132896423
recovered_archive3/232/rep.jpg.jpg,recovered_archive3/232,flow_speed_um_s,,>600um/s,qwen_on_rapid_blank,
recovered_archive3/232/rep_1901170.jpg.jpg,recovered_archive3/232,flow_speed_um_s,,>600um/s,qwen_on_rapid_blank,
recovered_archive3/232/rep_1901171.jpg.jpg,recovered_archive3/232,flow_speed_um_s,,>600um/s,qwen_on_rapid_blank,
recovered_archive3/232/rep_左手.jpg.jpg,recovered_archive3/232,flow_speed_um_s,,>600um/s,qwen_on_rapid_blank,
recovered_archive3/235/rep_1912050.jpg.jpg,recovered_archive3/235,flow_speed_um_s,,>600um/s,qwen_on_rapid_blank,
recovered_archive3/237/rep_1.jpg.jpg,recovered_archive3/237,flow_state,,[线流、线粒流],qwen_on_rapid_blank,
recovered_archive3/237/rep_1.jpg.jpg,recovered_archive3/237,flow_speed_um_s,,>600um/s,qwen_on_rapid_blank,
recovered_archive3/237/rep_1812130.jpg.jpg,recovered_archive3/237,flow_state,,[线流、线粒流],qwen_on_rapid_blank,
recovered_archive3/240/rep.jpg.jpg,recovered_archive3/240,flow_state,,[线流、线粒流],qwen_on_rapid_blank,
recovered_archive3/240/rep.jpg.jpg,recovered_archive3/240,flow_speed_um_s,,>600um/s,qwen_on_rapid_blank,
recovered_archive3/240/rep_1.jpg.jpg,recovered_archive3/240,flow_state,,[线流、线粒流],qwen_on_rapid_blank,
recovered_archive3/240/rep_1.jpg.jpg,recovered_archive3/240,flow_speed_um_s,,>600um/s,qwen_on_rapid_blank,
recovered_archive3/240/rep_1810160.jpg.jpg,recovered_archive3/240,flow_state,,[线流、线粒流],qwen_on_rapid_blank,
recovered_archive3/242/rep.jpg.jpg,recovered_archive3/242,flow_speed_um_s,,>600um/s,qwen_on_rapid_blank,
recovered_archive3/242/rep_1904120.jpg.jpg,recovered_archive3/242,flow_speed_um_s,,>600um/s,qwen_on_rapid_blank,
recovered_archive3/242/rep_1904121.jpg.jpg,recovered_archive3/242,flow_speed_um_s,,>600um/s,qwen_on_rapid_blank,
recovered_archive3/242/rep_右手.jpg.jpg,recovered_archive3/242,flow_speed_um_s,,>600um/s,qwen_on_rapid_blank,
recovered_archive3/245/rep_左手.jpg.jpg,recovered_archive3/245,flow_speed_um_s,,>600um/s,qwen_on_rapid_blank,
recovered_archive3/247/rep.jpg.jpg,recovered_archive3/247,apex_diameter,80,38,disagreement,0.6211437731981277
recovered_archive3/247/rep_2012150.jpg.jpg,recovered_archive3/247,apex_diameter,80,38,disagreement,0.6211437731981277
recovered_archive3/247/rep_2012151.jpg.jpg,recovered_archive3/247,apex_diameter,80,38,disagreement,0.6211437731981277
recovered_archive3/247/rep_双手无名指.jpg.jpg,recovered_archive3/247,apex_diameter,80,38,disagreement,0.6211437731981277
recovered_archive3/248/rep.jpg.jpg,recovered_archive3/248,periloop_score,8,0.8,disagreement,0.822963168223699
recovered_archive3/248/rep.jpg.jpg,recovered_archive3/248,total_score,,8.3,qwen_on_rapid_blank,
recovered_archive3/248/rep_1902190.jpg.jpg,recovered_archive3/248,periloop_score,8,0.8,disagreement,0.822963168223699
recovered_archive3/248/rep_1902190.jpg.jpg,recovered_archive3/248,total_score,,8.3,qwen_on_rapid_blank,
recovered_archive3/248/rep_1902191.jpg.jpg,recovered_archive3/248,periloop_score,8,0.8,disagreement,0.822963168223699
recovered_archive3/248/rep_1902191.jpg.jpg,recovered_archive3/248,total_score,,8.3,qwen_on_rapid_blank,
recovered_archive3/248/rep_1902192.jpg.jpg,recovered_archive3/248,periloop_score,8,0.8,disagreement,0.822963168223699
recovered_archive3/248/rep_1902192.jpg.jpg,recovered_archive3/248,total_score,,8.3,qwen_on_rapid_blank,
recovered_archive3/248/rep_左手.jpg.jpg,recovered_archive3/248,periloop_score,8,0.8,disagreement,0.822963168223699
recovered_archive3/248/rep_左手.jpg.jpg,recovered_archive3/248,total_score,,8.3,qwen_on_rapid_blank,
recovered_archive3/250/rep.jpg.jpg,recovered_archive3/250,flow_speed_um_s,,>600um/s,qwen_on_rapid_blank,
recovered_archive3/250/rep_1.jpg.jpg,recovered_archive3/250,flow_speed_um_s,,>600um/s,qwen_on_rapid_blank,
recovered_archive3/250/rep_1908220.jpg.jpg,recovered_archive3/250,flow_speed_um_s,,>600um/s,qwen_on_rapid_blank,
recovered_archive3/250/rep_1908221.jpg.jpg,recovered_archive3/250,flow_speed_um_s,,>600um/s,qwen_on_rapid_blank,
recovered_archive3/252/rep_2103180.jpg.jpg,recovered_archive3/252,flow_state,,[线流、线粒流],qwen_on_rapid_blank,
recovered_archive3/255/rep.jpg.jpg,recovered_archive3/255,periloop_score,,4.4,qwen_on_rapid_blank,
recovered_archive3/255/rep_1906040.jpg.jpg,recovered_archive3/255,periloop_score,,4.4,qwen_on_rapid_blank,
recovered_archive3/255/rep_1906041.jpg.jpg,recovered_archive3/255,periloop_score,,4.4,qwen_on_rapid_blank,
recovered_archive3/255/rep_左手.jpg.jpg,recovered_archive3/255,periloop_score,,4.4,qwen_on_rapid_blank,
recovered_archive3/256/rep.jpg.jpg,recovered_archive3/256,exudation,,++,qwen_on_rapid_blank,
recovered_archive3/256/rep_2012220.jpg.jpg,recovered_archive3/256,exudation,,++,qwen_on_rapid_blank,
recovered_archive3/256/rep_2012221.jpg.jpg,recovered_archive3/256,exudation,,++,qwen_on_rapid_blank,
recovered_archive3/256/rep_无名指.jpg.jpg,recovered_archive3/256,exudation,,++,qwen_on_rapid_blank,
recovered_archive3/257/rep.jpg.jpg,recovered_archive3/257,flow_speed_um_s,,>600um/s,qwen_on_rapid_blank,
recovered_archive3/257/rep_1907230.jpg.jpg,recovered_archive3/257,flow_speed_um_s,,>600um/s,qwen_on_rapid_blank,
recovered_archive3/257/rep_1907231.jpg.jpg,recovered_archive3/257,flow_speed_um_s,,>600um/s,qwen_on_rapid_blank,
recovered_archive3/257/rep_左手.jpg.jpg,recovered_archive3/257,flow_speed_um_s,,>600um/s,qwen_on_rapid_blank,
recovered_archive3/258/rep.jpg.jpg,recovered_archive3/258,wbc_count,,>2,qwen_on_rapid_blank,
recovered_archive3/258/rep.jpg.jpg,recovered_archive3/258,blood_color,,+,qwen_on_rapid_blank,
recovered_archive3/258/rep.jpg.jpg,recovered_archive3/258,exudation,+,无,disagreement,0.9561782479286194
recovered_archive3/258/rep_1904180.jpg.jpg,recovered_archive3/258,wbc_count,,>2,qwen_on_rapid_blank,
recovered_archive3/258/rep_1904180.jpg.jpg,recovered_archive3/258,blood_color,,+,qwen_on_rapid_blank,
recovered_archive3/258/rep_1904180.jpg.jpg,recovered_archive3/258,exudation,+,无,disagreement,0.9561782479286194
recovered_archive3/258/rep_1904181.jpg.jpg,recovered_archive3/258,wbc_count,,>2,qwen_on_rapid_blank,
recovered_archive3/258/rep_1904181.jpg.jpg,recovered_archive3/258,blood_color,,+,qwen_on_rapid_blank,
recovered_archive3/258/rep_1904181.jpg.jpg,recovered_archive3/258,exudation,+,无,disagreement,0.9561782479286194
recovered_archive3/258/rep_1904182.jpg.jpg,recovered_archive3/258,wbc_count,,>2,qwen_on_rapid_blank,
recovered_archive3/258/rep_1904182.jpg.jpg,recovered_archive3/258,blood_color,,+,qwen_on_rapid_blank,
recovered_archive3/258/rep_1904182.jpg.jpg,recovered_archive3/258,exudation,+,无,disagreement,0.9561782479286194
recovered_archive3/258/rep_左手.jpg.jpg,recovered_archive3/258,wbc_count,,>2,qwen_on_rapid_blank,
recovered_archive3/258/rep_左手.jpg.jpg,recovered_archive3/258,blood_color,,+,qwen_on_rapid_blank,
recovered_archive3/258/rep_左手.jpg.jpg,recovered_archive3/258,exudation,+,无,disagreement,0.9561782479286194
recovered_archive3/260/rep.jpg.jpg,recovered_archive3/260,subpapillary_venous_plexus,,[不见],qwen_on_rapid_blank,
recovered_archive3/260/rep.jpg.jpg,recovered_archive3/260,papilla,,[波纹状],qwen_on_rapid_blank,
recovered_archive3/260/rep_1912120.jpg.jpg,recovered_archive3/260,subpapillary_venous_plexus,,[不见],qwen_on_rapid_blank,
recovered_archive3/260/rep_1912120.jpg.jpg,recovered_archive3/260,papilla,,[波纹状],qwen_on_rapid_blank,
recovered_archive3/260/rep_左手.jpg.jpg,recovered_archive3/260,subpapillary_venous_plexus,,[不见],qwen_on_rapid_blank,
recovered_archive3/260/rep_左手.jpg.jpg,recovered_archive3/260,papilla,,[波纹状],qwen_on_rapid_blank,
recovered_archive3/261/rep.jpg.jpg,recovered_archive3/261,periloop_score,,2.8,qwen_on_rapid_blank,
recovered_archive3/261/rep_1905070.jpg.jpg,recovered_archive3/261,periloop_score,,2.8,qwen_on_rapid_blank,
recovered_archive3/261/rep_1905071.jpg.jpg,recovered_archive3/261,periloop_score,,2.8,qwen_on_rapid_blank,
recovered_archive3/261/rep_左手.jpg.jpg,recovered_archive3/261,periloop_score,,2.8,qwen_on_rapid_blank,
recovered_archive3/262/rep_1905280.jpg.jpg,recovered_archive3/262,flow_state,,[线流、线粒流],qwen_on_rapid_blank,
recovered_archive3/263/rep.jpg.jpg,recovered_archive3/263,exudation,,++,qwen_on_rapid_blank,
recovered_archive3/263/rep_1904250.jpg.jpg,recovered_archive3/263,exudation,,++,qwen_on_rapid_blank,
recovered_archive3/263/rep_1904251.jpg.jpg,recovered_archive3/263,exudation,,++,qwen_on_rapid_blank,
recovered_archive3/263/rep_1904252.jpg.jpg,recovered_archive3/263,exudation,,++,qwen_on_rapid_blank,
recovered_archive3/263/rep_左手.jpg.jpg,recovered_archive3/263,exudation,,++,qwen_on_rapid_blank,
recovered_archive3/265/rep.jpg.jpg,recovered_archive3/265,flow_speed_um_s,,>600um/s,qwen_on_rapid_blank,
recovered_archive3/265/rep_1902190.jpg.jpg,recovered_archive3/265,flow_speed_um_s,,>600um/s,qwen_on_rapid_blank,
recovered_archive3/265/rep_1902191.jpg.jpg,recovered_archive3/265,flow_speed_um_s,,>600um/s,qwen_on_rapid_blank,
recovered_archive3/265/rep_左手.jpg.jpg,recovered_archive3/265,flow_speed_um_s,,>600um/s,qwen_on_rapid_blank,
recovered_archive3/266/rep.jpg.jpg,recovered_archive3/266,flow_speed_um_s,,>600um/s,qwen_on_rapid_blank,
recovered_archive3/266/rep_1908060.jpg.jpg,recovered_archive3/266,flow_speed_um_s,,>600um/s,qwen_on_rapid_blank,
recovered_archive3/266/rep_1908061.jpg.jpg,recovered_archive3/266,flow_speed_um_s,,>600um/s,qwen_on_rapid_blank,
recovered_archive3/266/rep_左手.jpg.jpg,recovered_archive3/266,flow_speed_um_s,,>600um/s,qwen_on_rapid_blank,
