group,original_id,status,query_variant,query_path,gallery,truth_locked_case,truth_dev_case,best_case,best_filename,d1,d2_raw,d2_case,ratio_raw,ratio_case,best_case_equals_truth,passes_ratio_raw_gate,passes_ratio_case_gate
known_dev,24,EXACT_RECOVERED_DEVELOPMENT,aug_rep,E:\甲劈微循环\data\血管数据集\分类数据集\image\24_0.jpg,development,,recovered_archive2/114,recovered_archive2/114,CAPorg1.jpg,1087.02,1449.05,1449.05,0.7502,0.7502,1,1,1
known_dev,47,EXACT_RECOVERED_DEVELOPMENT,aug_rep,E:\甲劈微循环\data\血管数据集\分类数据集\image\47_0.jpg,development,,recovered_archive2/183,recovered_archive2/114,CAPorg1.jpg,1379.6,1395.27,1395.27,0.9888,0.9888,0,0,0
known_dev,49,EXACT_RECOVERED_DEVELOPMENT,aug_rep,E:\甲劈微循环\data\血管数据集\分类数据集\image\49_0.jpg,development,,recovered_archive3/206,recovered_archive3/227,CAPorg3.jpg,1381.04,1833.07,1833.07,0.7534,0.7534,0,1,1
known_dev,54,EXACT_RECOVERED_DEVELOPMENT,aug_rep,E:\甲劈微循环\data\血管数据集\分类数据集\image\54_0.jpg,development,,recovered_archive1/47,recovered_archive2/114,CAPorg1.jpg,1266.81,1616.93,1616.93,0.7835,0.7835,0,1,1
known_dev,57,EXACT_RECOVERED_DEVELOPMENT,aug_rep,E:\甲劈微循环\data\血管数据集\分类数据集\image\57_0.jpg,development,,recovered_archive1/100,recovered_archive3/261,CAPorg3.jpg,1364.61,1373.41,1373.41,0.9936,0.9936,0,0,0
known_dev,68,EXACT_RECOVERED_DEVELOPMENT,aug_rep,E:\甲劈微循环\data\血管数据集\分类数据集\image\68_0.jpg,development,,recovered_archive3/246,recovered_archive3/254,CAPorg5.jpg,1429.11,1448.93,1448.93,0.9863,0.9863,0,0,0
known_dev,85,EXACT_RECOVERED_DEVELOPMENT,aug_rep,E:\甲劈微循环\data\血管数据集\分类数据集\image\85_0.jpg,development,,recovered_archive1/29,recovered_archive2/114,CAPorg1.jpg,1900.19,2304.0,2304.0,0.8247,0.8247,0,0,0
known_dev,86,EXACT_RECOVERED_DEVELOPMENT,aug_rep,E:\甲劈微循环\data\血管数据集\分类数据集\image\86_0.jpg,development,,recovered_archive1/29,recovered_archive2/136,CAPorg12.jpg,1489.41,1520.79,1520.79,0.9794,0.9794,0,0,0
known_dev,87,EXACT_RECOVERED_DEVELOPMENT,aug_rep,E:\甲劈微循环\data\血管数据集\分类数据集\image\87_0.jpg,development,,recovered_archive2/191,recovered_archive2/118,CAPorg15.jpg,1561.26,1562.98,1635.48,0.9989,0.9546,0,0,0
known_dev,88,EXACT_RECOVERED_DEVELOPMENT,aug_rep,E:\甲劈微循环\data\血管数据集\分类数据集\image\88_0.jpg,development,,recovered_archive2/118,recovered_archive3/227,CAPorg3.jpg,1570.72,1849.86,1849.86,0.8491,0.8491,0,0,0
known_dev,113,EXACT_RECOVERED_DEVELOPMENT,aug_rep,E:\甲劈微循环\data\血管数据集\分类数据集\image\113_0.jpg,development,,recovered_archive1/71,recovered_archive2/114,CAPorg1.jpg,1323.35,1331.77,1331.77,0.9937,0.9937,0,0,0
known_dev,121,EXACT_RECOVERED_DEVELOPMENT,aug_rep,E:\甲劈微循环\data\血管数据集\分类数据集\image\121_0.jpg,development,,recovered_archive2/171,recovered_archive2/114,CAPorg1.jpg,1999.36,2057.63,2129.57,0.9717,0.9389,0,0,0
known_dev,124,EXACT_RECOVERED_DEVELOPMENT,aug_rep,E:\甲劈微循环\data\血管数据集\分类数据集\image\124_0.jpg,development,,recovered_archive3/267,recovered_archive2/118,CAPorg7.jpg,1175.85,1186.58,1186.58,0.991,0.991,0,0,0
known_dev,145,EXACT_RECOVERED_DEVELOPMENT,aug_rep,E:\甲劈微循环\data\血管数据集\分类数据集\image\145_0.jpg,development,,recovered_archive1/28,recovered_archive2/109,CAPorg1.jpg,2240.55,2256.92,2256.92,0.9927,0.9927,0,0,0
known_dev,171,EXACT_RECOVERED_DEVELOPMENT,aug_rep,E:\甲劈微循环\data\血管数据集\分类数据集\image\171_0.jpg,development,,recovered_archive1/96,recovered_archive3/227,CAPorg3.jpg,1352.4,1487.86,1487.86,0.909,0.909,0,0,0
known_dev,190,EXACT_RECOVERED_DEVELOPMENT,aug_rep,E:\甲劈微循环\data\血管数据集\分类数据集\image\190_0.jpg,development,,recovered_archive3/262,recovered_archive2/136,CAPorg3.jpg,1392.68,1421.65,1421.65,0.9796,0.9796,0,0,0
known_dev,194,EXACT_RECOVERED_DEVELOPMENT,aug_rep,E:\甲劈微循环\data\血管数据集\分类数据集\image\194_0.jpg,development,,recovered_archive1/45,recovered_archive2/117,CAPorg6.jpg,1107.72,1113.55,1113.55,0.9948,0.9948,0,0,0
known_dev,200,EXACT_RECOVERED_DEVELOPMENT,aug_rep,E:\甲劈微循环\data\血管数据集\分类数据集\image\200_0.jpg,development,,recovered_archive2/132,recovered_archive3/227,CAPorg3.jpg,1349.82,1350.43,1350.43,0.9995,0.9995,0,0,0
known_dev,201,EXACT_RECOVERED_DEVELOPMENT,aug_rep,E:\甲劈微循环\data\血管数据集\分类数据集\image\201_0.jpg,development,,recovered_archive1/71,recovered_archive3/216,CAPorg5.jpg,1930.28,1990.87,1990.87,0.9696,0.9696,0,0,0
known_dev,214,EXACT_RECOVERED_DEVELOPMENT,aug_rep,E:\甲劈微循环\data\血管数据集\分类数据集\image\214_0.jpg,development,,recovered_archive2/136,recovered_archive3/216,CAPorg5.jpg,2113.04,2185.69,2185.69,0.9668,0.9668,0,0,0
known_dev,224,EXACT_RECOVERED_DEVELOPMENT,aug_rep,E:\甲劈微循环\data\血管数据集\分类数据集\image\224_0.jpg,development,,recovered_archive2/123,recovered_archive3/216,CAPorg6.jpg,1578.11,1614.94,1614.94,0.9772,0.9772,0,0,0
known_dev,249,EXACT_RECOVERED_DEVELOPMENT,aug_rep,E:\甲劈微循环\data\血管数据集\分类数据集\image\249_0.jpg,development,,recovered_archive1/72,recovered_archive2/117,CAPorg6.jpg,1095.78,1109.41,1109.41,0.9877,0.9877,0,0,0
known_dev,250,EXACT_RECOVERED_DEVELOPMENT,aug_rep,E:\甲劈微循环\data\血管数据集\分类数据集\image\250_0.jpg,development,,recovered_archive2/168,recovered_archive2/136,CAPorg12.jpg,1582.56,1739.48,1745.75,0.9098,0.9065,0,0,0
known_dev,251,EXACT_RECOVERED_DEVELOPMENT,aug_rep,E:\甲劈微循环\data\血管数据集\分类数据集\image\251_0.jpg,development,,recovered_archive2/132,recovered_archive3/227,CAPorg3.jpg,1565.14,1708.16,1708.16,0.9163,0.9163,0,0,0
known_dev,252,EXACT_RECOVERED_DEVELOPMENT,aug_rep,E:\甲劈微循环\data\血管数据集\分类数据集\image\252_0.jpg,development,,recovered_archive1/72,recovered_archive2/122,CAPorg12.jpg,1124.05,1197.79,1197.79,0.9384,0.9384,0,0,0
known_dev,255,EXACT_RECOVERED_DEVELOPMENT,aug_rep,E:\甲劈微循环\data\血管数据集\分类数据集\image\255_0.jpg,development,,recovered_archive1/95,recovered_archive2/118,CAPorg7.jpg,1246.87,1383.88,1383.88,0.901,0.901,0,0,0
known_dev,256,EXACT_RECOVERED_DEVELOPMENT,aug_rep,E:\甲劈微循环\data\血管数据集\分类数据集\image\256_0.jpg,development,,recovered_archive1/95,recovered_archive1/78,CAPorg5.jpg,992.68,1093.41,1093.41,0.9079,0.9079,0,0,0
known_dev,258,EXACT_RECOVERED_DEVELOPMENT,aug_rep,E:\甲劈微循环\data\血管数据集\分类数据集\image\258_0.jpg,development,,recovered_archive1/60,recovered_archive2/136,CAPorg12.jpg,1207.63,1324.64,1324.64,0.9117,0.9117,0,0,0
known_dev,259,EXACT_RECOVERED_DEVELOPMENT,aug_rep,E:\甲劈微循环\data\血管数据集\分类数据集\image\259_0.jpg,development,,recovered_archive1/95,recovered_archive1/46,CAPorg2.jpg,1478.65,1498.19,1498.19,0.987,0.987,0,0,0
known_dev,260,EXACT_RECOVERED_DEVELOPMENT,aug_rep,E:\甲劈微循环\data\血管数据集\分类数据集\image\260_0.jpg,development,,recovered_archive1/95,recovered_archive2/124,CAPorg1.jpg,1276.14,1324.98,1324.98,0.9631,0.9631,0,0,0
known_dev,261,EXACT_RECOVERED_DEVELOPMENT,aug_rep,E:\甲劈微循环\data\血管数据集\分类数据集\image\261_0.jpg,development,,recovered_archive1/29,recovered_archive1/78,CAPorg5.jpg,1105.67,1106.22,1106.22,0.9995,0.9995,0,0,0
known_dev,262,EXACT_RECOVERED_DEVELOPMENT,aug_rep,E:\甲劈微循环\data\血管数据集\分类数据集\image\262_0.jpg,development,,recovered_archive2/118,recovered_archive2/118,CAPorg7.jpg,1084.24,1392.78,1392.78,0.7785,0.7785,1,1,1
known_dev,263,EXACT_RECOVERED_DEVELOPMENT,aug_rep,E:\甲劈微循环\data\血管数据集\分类数据集\image\263_0.jpg,development,,recovered_archive1/28,recovered_archive1/32,CAPorg1.jpg,2304.0,2304.0,2304.0,1.0,1.0,0,0,0
known_dev,264,EXACT_RECOVERED_DEVELOPMENT,aug_rep,E:\甲劈微循环\data\血管数据集\分类数据集\image\264_0.jpg,development,,recovered_archive1/60,recovered_archive2/122,CAPorg10.jpg,1214.75,1225.88,1225.88,0.9909,0.9909,0,0,0
known_dev,266,EXACT_RECOVERED_DEVELOPMENT,aug_rep,E:\甲劈微循环\data\血管数据集\分类数据集\image\266_0.jpg,development,,recovered_archive1/60,recovered_archive3/254,CAPorg5.jpg,1438.69,1504.27,1504.27,0.9564,0.9564,0,0,0
known_dev,267,EXACT_RECOVERED_DEVELOPMENT,aug_rep,E:\甲劈微循环\data\血管数据集\分类数据集\image\267_0.jpg,development,,recovered_archive2/149,recovered_archive1/71,CAPorg1.jpg,1503.61,1793.91,1793.91,0.8382,0.8382,0,0,0
known_dev,269,EXACT_RECOVERED_DEVELOPMENT,aug_rep,E:\甲劈微循环\data\血管数据集\分类数据集\image\269_0.jpg,development,,recovered_archive3/206,recovered_archive2/158,CAPorg2.jpg,1124.65,1381.28,1444.94,0.8142,0.7783,0,0,1
known_dev,270,EXACT_RECOVERED_DEVELOPMENT,aug_rep,E:\甲劈微循环\data\血管数据集\分类数据集\image\270_0.jpg,development,,recovered_archive1/60,recovered_archive3/227,CAPorg2.jpg,1788.82,1841.95,1914.51,0.9712,0.9343,0,0,0
known_dev,272,EXACT_RECOVERED_DEVELOPMENT,aug_rep,E:\甲劈微循环\data\血管数据集\分类数据集\image\272_0.jpg,development,,recovered_archive3/225,recovered_archive3/259,CAPorg6.jpg,1145.98,1182.92,1182.92,0.9688,0.9688,0,0,0
known_dev,277,EXACT_RECOVERED_DEVELOPMENT,aug_rep,E:\甲劈微循环\data\血管数据集\分类数据集\image\277_0.jpg,development,,recovered_archive1/53,recovered_archive2/114,CAPorg1.jpg,1755.24,1778.63,1778.63,0.9868,0.9868,0,0,0
known_dev,278,EXACT_RECOVERED_DEVELOPMENT,aug_rep,E:\甲劈微循环\data\血管数据集\分类数据集\image\278_0.jpg,development,,recovered_archive3/228,recovered_archive3/261,CAPorg3.jpg,1870.62,1884.87,1884.87,0.9924,0.9924,0,0,0
known_dev,280,EXACT_RECOVERED_DEVELOPMENT,aug_rep,E:\甲劈微循环\data\血管数据集\分类数据集\image\280_0.jpg,development,,recovered_archive2/162,recovered_archive2/114,CAPorg1.jpg,1736.83,1841.59,1841.59,0.9431,0.9431,0,0,0
known_dev,281,EXACT_RECOVERED_DEVELOPMENT,aug_rep,E:\甲劈微循环\data\血管数据集\分类数据集\image\281_0.jpg,development,,recovered_archive2/168,recovered_archive3/227,CAPorg3.jpg,1762.46,1874.24,1874.24,0.9404,0.9404,0,0,0
known_dev,282,EXACT_RECOVERED_DEVELOPMENT,aug_rep,E:\甲劈微循环\data\血管数据集\分类数据集\image\282_0.jpg,development,,recovered_archive3/231,recovered_archive1/29,CAPorg8.jpg,1116.16,1309.38,1309.38,0.8524,0.8524,0,0,0
known_dev,283,EXACT_RECOVERED_DEVELOPMENT,aug_rep,E:\甲劈微循环\data\血管数据集\分类数据集\image\283_0.jpg,development,,recovered_archive3/215,recovered_archive2/114,CAPorg1.jpg,1337.32,1682.87,1682.87,0.7947,0.7947,0,1,1
known_dev,285,EXACT_RECOVERED_DEVELOPMENT,aug_rep,E:\甲劈微循环\data\血管数据集\分类数据集\image\285_0.jpg,development,,recovered_archive2/162,recovered_archive1/29,CAPorg8.jpg,1551.73,1594.55,1594.55,0.9731,0.9731,0,0,0
known_dev,286,EXACT_RECOVERED_DEVELOPMENT,aug_rep,E:\甲劈微循环\data\血管数据集\分类数据集\image\286_0.jpg,development,,recovered_archive2/150,recovered_archive2/150,CAPorg6.jpg,1044.17,1111.96,1111.96,0.939,0.939,1,0,0
known_dev,287,EXACT_RECOVERED_DEVELOPMENT,aug_rep,E:\甲劈微循环\data\血管数据集\分类数据集\image\287_0.jpg,development,,recovered_archive3/204,recovered_archive2/136,CAPorg3.jpg,1731.13,1749.13,1749.13,0.9897,0.9897,0,0,0
known_dev,288,EXACT_RECOVERED_DEVELOPMENT,aug_rep,E:\甲劈微循环\data\血管数据集\分类数据集\image\288_0.jpg,development,,recovered_archive3/215,recovered_archive2/165,CAPorg5.jpg,1365.44,1395.12,1395.12,0.9787,0.9787,0,0,0
known_dev,289,EXACT_RECOVERED_DEVELOPMENT,aug_rep,E:\甲劈微循环\data\血管数据集\分类数据集\image\289_0.jpg,development,,recovered_archive1/46,recovered_archive3/216,CAPorg5.jpg,1543.39,1675.11,1675.11,0.9214,0.9214,0,0,0
known_dev,291,EXACT_RECOVERED_DEVELOPMENT,aug_rep,E:\甲劈微循环\data\血管数据集\分类数据集\image\291_0.jpg,development,,recovered_archive1/92,recovered_archive2/114,CAPorg1.jpg,1129.92,1765.33,1765.33,0.6401,0.6401,0,1,1
known_dev,292,EXACT_RECOVERED_DEVELOPMENT,aug_rep,E:\甲劈微循环\data\血管数据集\分类数据集\image\292_0.jpg,development,,recovered_archive3/246,recovered_archive3/243,CAPorg2.jpg,1250.75,1483.87,1483.87,0.8429,0.8429,0,0,0
known_dev,293,EXACT_RECOVERED_DEVELOPMENT,aug_rep,E:\甲劈微循环\data\血管数据集\分类数据集\image\293_0.jpg,development,,recovered_archive3/266,recovered_archive3/254,CAPorg5.jpg,1567.28,1677.53,1677.53,0.9343,0.9343,0,0,0
known_dev,294,EXACT_RECOVERED_DEVELOPMENT,aug_rep,E:\甲劈微循环\data\血管数据集\分类数据集\image\294_0.jpg,development,,recovered_archive2/116,recovered_archive2/116,CAPorg2.jpg,932.45,967.51,967.51,0.9638,0.9638,1,0,0
known_dev,300,EXACT_RECOVERED_DEVELOPMENT,aug_rep,E:\甲劈微循环\data\血管数据集\分类数据集\image\300_0.jpg,development,,recovered_archive2/109,recovered_archive3/254,CAPorg5.jpg,1776.04,1874.16,1874.16,0.9476,0.9476,0,0,0
known_dev,304,EXACT_RECOVERED_DEVELOPMENT,aug_rep,E:\甲劈微循环\data\血管数据集\分类数据集\image\304_0.jpg,development,,recovered_archive1/47,recovered_archive3/248,CAPorg2.jpg,1868.67,1880.84,1880.84,0.9935,0.9935,0,0,0
known_dev,316,EXACT_RECOVERED_DEVELOPMENT,aug_rep,E:\甲劈微循环\data\血管数据集\分类数据集\image\316_0.jpg,development,,recovered_archive1/92,recovered_archive2/118,CAPorg7.jpg,1322.63,1503.6,1503.6,0.8796,0.8796,0,0,0
known_dev,318,EXACT_RECOVERED_DEVELOPMENT,aug_rep,E:\甲劈微循环\data\血管数据集\分类数据集\image\318_0.jpg,development,,recovered_archive3/222,recovered_archive1/29,CAPorg8.jpg,1450.12,1601.04,1601.04,0.9057,0.9057,0,0,0
known_dev,320,EXACT_RECOVERED_DEVELOPMENT,aug_rep,E:\甲劈微循环\data\血管数据集\分类数据集\image\320_0.jpg,development,,recovered_archive2/117,recovered_archive3/227,CAPorg3.jpg,1711.93,1847.93,1847.93,0.9264,0.9264,0,0,0
known_dev,323,EXACT_RECOVERED_DEVELOPMENT,aug_rep,E:\甲劈微循环\data\血管数据集\分类数据集\image\323_0.jpg,development,,recovered_archive1/46,recovered_archive2/114,CAPorg1.jpg,1320.63,1653.53,1653.53,0.7987,0.7987,0,1,1
known_dev,326,EXACT_RECOVERED_DEVELOPMENT,aug_rep,E:\甲劈微循环\data\血管数据集\分类数据集\image\326_0.jpg,development,,recovered_archive2/176,recovered_archive3/261,CAPorg3.jpg,1567.65,1586.23,1586.23,0.9883,0.9883,0,0,0
known_dev,330,EXACT_RECOVERED_DEVELOPMENT,aug_rep,E:\甲劈微循环\data\血管数据集\分类数据集\image\330_0.jpg,development,,recovered_archive3/267,recovered_archive2/109,CAPorg1.jpg,1309.32,1501.16,1501.16,0.8722,0.8722,0,0,0
known_dev,331,EXACT_RECOVERED_DEVELOPMENT,aug_rep,E:\甲劈微循环\data\血管数据集\分类数据集\image\331_0.jpg,development,,recovered_archive3/222,recovered_archive2/165,CAPorg7.jpg,1371.25,1441.09,1441.09,0.9515,0.9515,0,0,0
known_dev,334,EXACT_RECOVERED_DEVELOPMENT,aug_rep,E:\甲劈微循环\data\血管数据集\分类数据集\image\334_0.jpg,development,,recovered_archive2/150,recovered_archive2/188,CAPorg4.jpg,1362.76,1382.13,1414.69,0.986,0.9633,0,0,0
known_dev,336,EXACT_RECOVERED_DEVELOPMENT,aug_rep,E:\甲劈微循环\data\血管数据集\分类数据集\image\336_0.jpg,development,,recovered_archive2/123,recovered_archive3/254,CAPorg6.jpg,1411.77,1444.5,1444.5,0.9773,0.9773,0,0,0
known_dev,337,EXACT_RECOVERED_DEVELOPMENT,aug_rep,E:\甲劈微循环\data\血管数据集\分类数据集\image\337_0.jpg,development,,recovered_archive1/100,recovered_archive2/189,CAPorg8.jpg,1307.66,1384.18,1384.18,0.9447,0.9447,0,0,0
known_dev,338,EXACT_RECOVERED_DEVELOPMENT,aug_rep,E:\甲劈微循环\data\血管数据集\分类数据集\image\338_0.jpg,development,,recovered_archive2/158,recovered_archive2/175,CAPorg5.jpg,1321.29,1459.28,1459.28,0.9054,0.9054,0,0,0
known_dev,339,EXACT_RECOVERED_DEVELOPMENT,aug_rep,E:\甲劈微循环\data\血管数据集\分类数据集\image\339_0.jpg,development,,recovered_archive2/172,recovered_archive2/109,CAPorg1.jpg,1350.98,1375.94,1375.94,0.9819,0.9819,0,0,0
known_dev,352,EXACT_RECOVERED_DEVELOPMENT,aug_rep,E:\甲劈微循环\data\血管数据集\分类数据集\image\352_0.jpg,development,,recovered_archive1/29,recovered_archive2/114,CAPorg1.jpg,1263.94,1373.64,1373.64,0.9201,0.9201,0,0,0
known_dev,364,EXACT_RECOVERED_DEVELOPMENT,aug_rep,E:\甲劈微循环\data\血管数据集\分类数据集\image\364_0.jpg,development,,recovered_archive3/262,recovered_archive1/46,CAPorg5.jpg,1435.12,1482.86,1482.86,0.9678,0.9678,0,0,0
known_dev,376,EXACT_RECOVERED_DEVELOPMENT,aug_rep,E:\甲劈微循环\data\血管数据集\分类数据集\image\376_0.jpg,development,,recovered_archive3/262,recovered_archive1/78,CAPorg5.jpg,1097.91,1203.23,1203.23,0.9125,0.9125,0,0,0
known_dev,377,EXACT_RECOVERED_DEVELOPMENT,aug_rep,E:\甲劈微循环\data\血管数据集\分类数据集\image\377_0.jpg,development,,recovered_archive2/122,recovered_archive3/234,CAPorg5.jpg,1488.57,1510.68,1510.68,0.9854,0.9854,0,0,0
known_dev,386,EXACT_RECOVERED_DEVELOPMENT,aug_rep,E:\甲劈微循环\data\血管数据集\分类数据集\image\386_0.jpg,development,,recovered_archive2/127,recovered_archive3/229,CAPorg12.jpg,1287.96,1459.08,1459.08,0.8827,0.8827,0,0,0
known_dev,387,EXACT_RECOVERED_DEVELOPMENT,aug_rep,E:\甲劈微循环\data\血管数据集\分类数据集\image\387_0.jpg,development,,recovered_archive2/109,recovered_archive2/114,CAPorg1.jpg,1275.26,1927.0,1927.0,0.6618,0.6618,0,1,1
known_dev,388,EXACT_RECOVERED_DEVELOPMENT,aug_rep,E:\甲劈微循环\data\血管数据集\分类数据集\image\388_0.jpg,development,,recovered_archive3/262,recovered_archive2/174,CAPorg4.jpg,1080.61,1129.58,1129.58,0.9567,0.9567,0,0,0
known_dev,400,EXACT_RECOVERED_DEVELOPMENT,aug_rep,E:\甲劈微循环\data\血管数据集\分类数据集\image\400_0.jpg,development,,recovered_archive3/262,recovered_archive2/136,CAPorg3.jpg,1409.96,1482.79,1482.79,0.9509,0.9509,0,0,0
known_dev,403,EXACT_RECOVERED_DEVELOPMENT,aug_rep,E:\甲劈微循环\data\血管数据集\分类数据集\image\403_0.jpg,development,,recovered_archive2/123,recovered_archive2/165,CAPorg4.jpg,1879.8,1890.49,1890.49,0.9943,0.9943,0,0,0
known_dev,408,EXACT_RECOVERED_DEVELOPMENT,aug_rep,E:\甲劈微循环\data\血管数据集\分类数据集\image\408_0.jpg,development,,recovered_archive3/266,recovered_archive2/165,CAPorg7.jpg,1223.87,1292.7,1292.7,0.9467,0.9467,0,0,0
known_dev,411,EXACT_RECOVERED_DEVELOPMENT,aug_rep,E:\甲劈微循环\data\血管数据集\分类数据集\image\411_0.jpg,development,,recovered_archive3/220,recovered_archive2/114,CAPorg1.jpg,1086.41,1412.45,1412.45,0.7692,0.7692,0,1,1
known_dev,496,EXACT_RECOVERED_DEVELOPMENT,aug_rep,E:\甲劈微循环\data\血管数据集\分类数据集\image\496_0.jpg,development,,recovered_archive1/71,recovered_archive3/227,CAPorg3.jpg,1360.09,1798.07,1798.07,0.7564,0.7564,0,1,1
known_dev,502,EXACT_RECOVERED_DEVELOPMENT,aug_rep,E:\甲劈微循环\data\血管数据集\分类数据集\image\502_0.jpg,development,,recovered_archive2/189,recovered_archive1/80,CAPorg2.jpg,1524.54,1552.62,1552.62,0.9819,0.9819,0,0,0
known_dev,503,EXACT_RECOVERED_DEVELOPMENT,aug_rep,E:\甲劈微循环\data\血管数据集\分类数据集\image\503_0.jpg,development,,recovered_archive1/66,recovered_archive3/216,CAPorg6.jpg,1384.14,1514.94,1514.94,0.9137,0.9137,0,0,0
known_dev,505,EXACT_RECOVERED_DEVELOPMENT,aug_rep,E:\甲劈微循环\data\血管数据集\分类数据集\image\505_0.jpg,development,,recovered_archive3/262,recovered_archive3/227,CAPorg2.jpg,1902.44,2002.56,2002.56,0.95,0.95,0,0,0
known_dev,507,EXACT_RECOVERED_DEVELOPMENT,aug_rep,E:\甲劈微循环\data\血管数据集\分类数据集\image\507_0.jpg,development,,recovered_archive3/246,recovered_archive1/78,CAPorg5.jpg,1012.01,1029.67,1029.67,0.9828,0.9828,0,0,0
known_dev,515,EXACT_RECOVERED_DEVELOPMENT,aug_rep,E:\甲劈微循环\data\血管数据集\分类数据集\image\515_0.jpg,development,,recovered_archive1/100,recovered_archive3/254,CAPorg5.jpg,1097.0,1312.19,1312.19,0.836,0.836,0,0,0
known_dev,517,EXACT_RECOVERED_DEVELOPMENT,aug_rep,E:\甲劈微循环\data\血管数据集\分类数据集\image\517_0.jpg,development,,recovered_archive2/130,recovered_archive3/234,CAPorg5.jpg,1134.07,1137.58,1137.58,0.9969,0.9969,0,0,0
known_dev,518,EXACT_RECOVERED_DEVELOPMENT,aug_rep,E:\甲劈微循环\data\血管数据集\分类数据集\image\518_0.jpg,development,,recovered_archive3/246,recovered_archive3/261,CAPorg3.jpg,1563.19,1645.64,1645.64,0.9499,0.9499,0,0,0
known_dev,519,EXACT_RECOVERED_DEVELOPMENT,aug_rep,E:\甲劈微循环\data\血管数据集\分类数据集\image\519_0.jpg,development,,recovered_archive2/107,recovered_archive3/261,CAPorg3.jpg,1117.54,1218.49,1218.49,0.9172,0.9172,0,0,0
known_dev,523,EXACT_RECOVERED_DEVELOPMENT,aug_rep,E:\甲劈微循环\data\血管数据集\分类数据集\image\523_0.jpg,development,,recovered_archive1/30,recovered_archive1/64,CAPorg9.jpg,1656.83,1695.62,1695.62,0.9771,0.9771,0,0,0
known_dev,527,EXACT_RECOVERED_DEVELOPMENT,aug_rep,E:\甲劈微循环\data\血管数据集\分类数据集\image\527_0.jpg,development,,recovered_archive2/123,recovered_archive2/165,CAPorg7.jpg,2238.18,2304.0,2304.0,0.9714,0.9714,0,0,0
known_dev,535,EXACT_RECOVERED_DEVELOPMENT,aug_rep,E:\甲劈微循环\data\血管数据集\分类数据集\image\535_0.jpg,development,,recovered_archive2/189,recovered_archive1/78,CAPorg5.jpg,1280.66,1335.85,1335.85,0.9587,0.9587,0,0,0
known_dev,543,EXACT_RECOVERED_DEVELOPMENT,aug_rep,E:\甲劈微循环\data\血管数据集\分类数据集\image\543_0.jpg,development,,recovered_archive3/262,recovered_archive2/151,CAPorg8.jpg,1468.95,1629.46,1629.46,0.9015,0.9015,0,0,0
known_dev,557,EXACT_RECOVERED_DEVELOPMENT,aug_rep,E:\甲劈微循环\data\血管数据集\分类数据集\image\557_0.jpg,development,,recovered_archive2/189,recovered_archive3/227,CAPorg3.jpg,1385.65,1639.24,1639.24,0.8453,0.8453,0,0,0
known_dev,561,EXACT_RECOVERED_DEVELOPMENT,aug_rep,E:\甲劈微循环\data\血管数据集\分类数据集\image\561_0.jpg,development,,recovered_archive1/100,recovered_archive1/71,CAPorg1.jpg,1533.16,1718.4,1718.4,0.8922,0.8922,0,0,0
known_dev,578,EXACT_RECOVERED_DEVELOPMENT,aug_rep,E:\甲劈微循环\data\血管数据集\分类数据集\image\578_0.jpg,development,,recovered_archive2/123,recovered_archive3/259,CAPorg6.jpg,1755.74,1872.71,1872.71,0.9375,0.9375,0,0,0
known_dev,582,EXACT_RECOVERED_DEVELOPMENT,aug_rep,E:\甲劈微循环\data\血管数据集\分类数据集\image\582_0.jpg,development,,recovered_archive2/189,recovered_archive3/254,CAPorg5.jpg,1166.89,1226.68,1226.68,0.9513,0.9513,0,0,0
known_dev,24,EXACT_RECOVERED_DEVELOPMENT,aug_rep,E:\甲劈微循环\data\血管数据集\分类数据集\image\24_0.jpg,locked,,recovered_archive2/114,recovered_archive1/55,CAPorg3.jpg,1344.8,1368.75,1368.75,0.9825,0.9825,,0,0
known_dev,47,EXACT_RECOVERED_DEVELOPMENT,aug_rep,E:\甲劈微循环\data\血管数据集\分类数据集\image\47_0.jpg,locked,,recovered_archive2/183,recovered_archive2/193,CAPorg7.jpg,1496.62,1497.72,1616.62,0.9993,0.9258,,0,0
known_dev,49,EXACT_RECOVERED_DEVELOPMENT,aug_rep,E:\甲劈微循环\data\血管数据集\分类数据集\image\49_0.jpg,locked,,recovered_archive3/206,recovered_archive1/55,CAPorg2.jpg,1881.91,1893.39,1893.39,0.9939,0.9939,,0,0
known_dev,54,EXACT_RECOVERED_DEVELOPMENT,aug_rep,E:\甲劈微循环\data\血管数据集\分类数据集\image\54_0.jpg,locked,,recovered_archive1/47,recovered_archive2/193,CAPorg6.jpg,1690.43,1755.41,1826.36,0.963,0.9256,,0,0
known_dev,57,EXACT_RECOVERED_DEVELOPMENT,aug_rep,E:\甲劈微循环\data\血管数据集\分类数据集\image\57_0.jpg,locked,,recovered_archive1/100,recovered_archive1/88,CAPorg5.jpg,1491.21,1690.2,1690.2,0.8823,0.8823,,0,0
known_dev,68,EXACT_RECOVERED_DEVELOPMENT,aug_rep,E:\甲劈微循环\data\血管数据集\分类数据集\image\68_0.jpg,locked,,recovered_archive3/246,recovered_archive2/192,CAPorg2.jpg,1541.95,1546.06,1546.06,0.9973,0.9973,,0,0
known_dev,85,EXACT_RECOVERED_DEVELOPMENT,aug_rep,E:\甲劈微循环\data\血管数据集\分类数据集\image\85_0.jpg,locked,,recovered_archive1/29,recovered_archive1/55,CAPorg3.jpg,2711.37,2760.9,2760.9,0.9821,0.9821,,0,0
known_dev,86,EXACT_RECOVERED_DEVELOPMENT,aug_rep,E:\甲劈微循环\data\血管数据集\分类数据集\image\86_0.jpg,locked,,recovered_archive1/29,recovered_archive2/102,CAPorg3.jpg,1446.52,1508.49,1508.49,0.9589,0.9589,,0,0
known_dev,87,EXACT_RECOVERED_DEVELOPMENT,aug_rep,E:\甲劈微循环\data\血管数据集\分类数据集\image\87_0.jpg,locked,,recovered_archive2/191,recovered_archive3/247,CAPorg6.jpg,1616.75,1828.51,1828.51,0.8842,0.8842,,0,0
known_dev,88,EXACT_RECOVERED_DEVELOPMENT,aug_rep,E:\甲劈微循环\data\血管数据集\分类数据集\image\88_0.jpg,locked,,recovered_archive2/118,recovered_archive2/134,CAPorg2.jpg,1752.88,1800.03,1800.03,0.9738,0.9738,,0,0
known_dev,113,EXACT_RECOVERED_DEVELOPMENT,aug_rep,E:\甲劈微循环\data\血管数据集\分类数据集\image\113_0.jpg,locked,,recovered_archive1/71,recovered_archive2/193,CAPorg7.jpg,1382.93,1386.42,1484.14,0.9975,0.9318,,0,0
known_dev,121,EXACT_RECOVERED_DEVELOPMENT,aug_rep,E:\甲劈微循环\data\血管数据集\分类数据集\image\121_0.jpg,locked,,recovered_archive2/171,recovered_archive1/73,CAPorg7.jpg,1912.09,2129.21,2129.21,0.898,0.898,,0,0
known_dev,124,EXACT_RECOVERED_DEVELOPMENT,aug_rep,E:\甲劈微循环\data\血管数据集\分类数据集\image\124_0.jpg,locked,,recovered_archive3/267,recovered_archive1/88,CAPorg5.jpg,1186.32,1249.87,1249.87,0.9492,0.9492,,0,0
known_dev,145,EXACT_RECOVERED_DEVELOPMENT,aug_rep,E:\甲劈微循环\data\血管数据集\分类数据集\image\145_0.jpg,locked,,recovered_archive1/28,recovered_archive1/73,CAPorg7.jpg,2310.98,2335.67,2335.67,0.9894,0.9894,,0,0
known_dev,171,EXACT_RECOVERED_DEVELOPMENT,aug_rep,E:\甲劈微循环\data\血管数据集\分类数据集\image\171_0.jpg,locked,,recovered_archive1/96,recovered_archive1/55,CAPorg2.jpg,1304.64,1522.2,1522.2,0.8571,0.8571,,0,0
known_dev,190,EXACT_RECOVERED_DEVELOPMENT,aug_rep,E:\甲劈微循环\data\血管数据集\分类数据集\image\190_0.jpg,locked,,recovered_archive3/262,recovered_archive1/55,CAPorg2.jpg,1370.07,1629.05,1629.05,0.841,0.841,,0,0
known_dev,194,EXACT_RECOVERED_DEVELOPMENT,aug_rep,E:\甲劈微循环\data\血管数据集\分类数据集\image\194_0.jpg,locked,,recovered_archive1/45,recovered_archive2/192,CAPorg6.jpg,1200.15,1331.15,1331.15,0.9016,0.9016,,0,0
known_dev,200,EXACT_RECOVERED_DEVELOPMENT,aug_rep,E:\甲劈微循环\data\血管数据集\分类数据集\image\200_0.jpg,locked,,recovered_archive2/132,recovered_archive2/134,CAPorg2.jpg,1412.02,1426.98,1565.84,0.9895,0.9018,,0,0
known_dev,201,EXACT_RECOVERED_DEVELOPMENT,aug_rep,E:\甲劈微循环\data\血管数据集\分类数据集\image\201_0.jpg,locked,,recovered_archive1/71,recovered_archive3/236,CAPorg1.jpg,2062.36,2107.05,2107.05,0.9788,0.9788,,0,0
known_dev,214,EXACT_RECOVERED_DEVELOPMENT,aug_rep,E:\甲劈微循环\data\血管数据集\分类数据集\image\214_0.jpg,locked,,recovered_archive2/136,recovered_archive2/193,CAPorg9.jpg,2186.56,2229.71,2229.71,0.9806,0.9806,,0,0
known_dev,224,EXACT_RECOVERED_DEVELOPMENT,aug_rep,E:\甲劈微循环\data\血管数据集\分类数据集\image\224_0.jpg,locked,,recovered_archive2/123,recovered_archive1/55,CAPorg8.jpg,1759.41,1804.19,1858.54,0.9752,0.9467,,0,0
known_dev,249,EXACT_RECOVERED_DEVELOPMENT,aug_rep,E:\甲劈微循环\data\血管数据集\分类数据集\image\249_0.jpg,locked,,recovered_archive1/72,recovered_archive2/192,CAPorg10.jpg,1155.51,1164.2,1164.2,0.9925,0.9925,,0,0
known_dev,250,EXACT_RECOVERED_DEVELOPMENT,aug_rep,E:\甲劈微循环\data\血管数据集\分类数据集\image\250_0.jpg,locked,,recovered_archive2/168,recovered_archive2/193,CAPorg9.jpg,1670.12,1772.19,1786.66,0.9424,0.9348,,0,0
known_dev,251,EXACT_RECOVERED_DEVELOPMENT,aug_rep,E:\甲劈微循环\data\血管数据集\分类数据集\image\251_0.jpg,locked,,recovered_archive2/132,recovered_archive3/217,CAPorg1.jpg,1810.1,1814.44,1814.44,0.9976,0.9976,,0,0
known_dev,252,EXACT_RECOVERED_DEVELOPMENT,aug_rep,E:\甲劈微循环\data\血管数据集\分类数据集\image\252_0.jpg,locked,,recovered_archive1/72,recovered_archive2/193,CAPorg9.jpg,1062.84,1130.7,1130.7,0.94,0.94,,0,0
known_dev,255,EXACT_RECOVERED_DEVELOPMENT,aug_rep,E:\甲劈微循环\data\血管数据集\分类数据集\image\255_0.jpg,locked,,recovered_archive1/95,recovered_archive1/88,CAPorg5.jpg,1317.18,1505.97,1505.97,0.8746,0.8746,,0,0
known_dev,256,EXACT_RECOVERED_DEVELOPMENT,aug_rep,E:\甲劈微循环\data\血管数据集\分类数据集\image\256_0.jpg,locked,,recovered_archive1/95,recovered_archive1/55,CAPorg5.jpg,1075.7,1195.51,1195.51,0.8998,0.8998,,0,0
known_dev,258,EXACT_RECOVERED_DEVELOPMENT,aug_rep,E:\甲劈微循环\data\血管数据集\分类数据集\image\258_0.jpg,locked,,recovered_archive1/60,recovered_archive2/131,CAPorg3.jpg,1399.21,1442.22,1442.22,0.9702,0.9702,,0,0
known_dev,259,EXACT_RECOVERED_DEVELOPMENT,aug_rep,E:\甲劈微循环\data\血管数据集\分类数据集\image\259_0.jpg,locked,,recovered_archive1/95,recovered_archive2/134,CAPorg3.jpg,1800.41,1858.36,1858.36,0.9688,0.9688,,0,0
known_dev,260,EXACT_RECOVERED_DEVELOPMENT,aug_rep,E:\甲劈微循环\data\血管数据集\分类数据集\image\260_0.jpg,locked,,recovered_archive1/95,recovered_archive3/208,CAPorg6.jpg,1151.48,1192.92,1192.92,0.9653,0.9653,,0,0
known_dev,261,EXACT_RECOVERED_DEVELOPMENT,aug_rep,E:\甲劈微循环\data\血管数据集\分类数据集\image\261_0.jpg,locked,,recovered_archive1/29,recovered_archive1/55,CAPorg8.jpg,1107.46,1138.0,1138.0,0.9732,0.9732,,0,0
known_dev,262,EXACT_RECOVERED_DEVELOPMENT,aug_rep,E:\甲劈微循环\data\血管数据集\分类数据集\image\262_0.jpg,locked,,recovered_archive2/118,recovered_archive3/247,CAPorg6.jpg,1534.16,1559.26,1559.26,0.9839,0.9839,,0,0
known_dev,263,EXACT_RECOVERED_DEVELOPMENT,aug_rep,E:\甲劈微循环\data\血管数据集\分类数据集\image\263_0.jpg,locked,,recovered_archive1/28,recovered_archive3/217,CAPorg1.jpg,2764.13,2830.92,2830.92,0.9764,0.9764,,0,0
known_dev,264,EXACT_RECOVERED_DEVELOPMENT,aug_rep,E:\甲劈微循环\data\血管数据集\分类数据集\image\264_0.jpg,locked,,recovered_archive1/60,recovered_archive2/102,CAPorg3.jpg,1267.46,1270.07,1279.87,0.9979,0.9903,,0,0
known_dev,266,EXACT_RECOVERED_DEVELOPMENT,aug_rep,E:\甲劈微循环\data\血管数据集\分类数据集\image\266_0.jpg,locked,,recovered_archive1/60,recovered_archive1/55,CAPorg5.jpg,1545.3,1639.17,1640.05,0.9427,0.9422,,0,0
known_dev,267,EXACT_RECOVERED_DEVELOPMENT,aug_rep,E:\甲劈微循环\data\血管数据集\分类数据集\image\267_0.jpg,locked,,recovered_archive2/149,recovered_archive2/134,CAPorg2.jpg,1863.61,1879.6,1879.6,0.9915,0.9915,,0,0
known_dev,269,EXACT_RECOVERED_DEVELOPMENT,aug_rep,E:\甲劈微循环\data\血管数据集\分类数据集\image\269_0.jpg,locked,,recovered_archive3/206,recovered_archive1/55,CAPorg2.jpg,1102.94,1582.22,1582.22,0.6971,0.6971,,1,1
known_dev,270,EXACT_RECOVERED_DEVELOPMENT,aug_rep,E:\甲劈微循环\data\血管数据集\分类数据集\image\270_0.jpg,locked,,recovered_archive1/60,recovered_archive2/193,CAPorg11.jpg,1947.63,2135.8,2135.8,0.9119,0.9119,,0,0
known_dev,272,EXACT_RECOVERED_DEVELOPMENT,aug_rep,E:\甲劈微循环\data\血管数据集\分类数据集\image\272_0.jpg,locked,,recovered_archive3/225,recovered_archive2/192,CAPorg2.jpg,1743.96,1896.25,1896.25,0.9197,0.9197,,0,0
known_dev,277,EXACT_RECOVERED_DEVELOPMENT,aug_rep,E:\甲劈微循环\data\血管数据集\分类数据集\image\277_0.jpg,locked,,recovered_archive1/53,recovered_archive2/193,CAPorg9.jpg,1877.54,1964.18,2066.07,0.9559,0.9087,,0,0
known_dev,278,EXACT_RECOVERED_DEVELOPMENT,aug_rep,E:\甲劈微循环\data\血管数据集\分类数据集\image\278_0.jpg,locked,,recovered_archive3/228,recovered_archive1/88,CAPorg5.jpg,2047.17,2048.25,2048.25,0.9995,0.9995,,0,0
known_dev,280,EXACT_RECOVERED_DEVELOPMENT,aug_rep,E:\甲劈微循环\data\血管数据集\分类数据集\image\280_0.jpg,locked,,recovered_archive2/162,recovered_archive2/193,CAPorg9.jpg,1873.03,1918.85,1918.85,0.9761,0.9761,,0,0
known_dev,281,EXACT_RECOVERED_DEVELOPMENT,aug_rep,E:\甲劈微循环\data\血管数据集\分类数据集\image\281_0.jpg,locked,,recovered_archive2/168,recovered_archive3/236,CAPorg1.jpg,1769.28,1972.96,1972.96,0.8968,0.8968,,0,0
known_dev,282,EXACT_RECOVERED_DEVELOPMENT,aug_rep,E:\甲劈微循环\data\血管数据集\分类数据集\image\282_0.jpg,locked,,recovered_archive3/231,recovered_archive2/192,CAPorg2.jpg,1026.96,1259.63,1259.63,0.8153,0.8153,,0,0
known_dev,283,EXACT_RECOVERED_DEVELOPMENT,aug_rep,E:\甲劈微循环\data\血管数据集\分类数据集\image\283_0.jpg,locked,,recovered_archive3/215,recovered_archive2/131,CAPorg3.jpg,1669.31,1677.02,1677.02,0.9954,0.9954,,0,0
known_dev,285,EXACT_RECOVERED_DEVELOPMENT,aug_rep,E:\甲劈微循环\data\血管数据集\分类数据集\image\285_0.jpg,locked,,recovered_archive2/162,recovered_archive2/192,CAPorg2.jpg,1364.34,1857.81,1857.81,0.7344,0.7344,,1,1
known_dev,286,EXACT_RECOVERED_DEVELOPMENT,aug_rep,E:\甲劈微循环\data\血管数据集\分类数据集\image\286_0.jpg,locked,,recovered_archive2/150,recovered_archive2/134,CAPorg5.jpg,1262.85,1331.99,1331.99,0.9481,0.9481,,0,0
known_dev,287,EXACT_RECOVERED_DEVELOPMENT,aug_rep,E:\甲劈微循环\data\血管数据集\分类数据集\image\287_0.jpg,locked,,recovered_archive3/204,recovered_archive1/88,CAPorg5.jpg,1865.88,2039.8,2039.8,0.9147,0.9147,,0,0
known_dev,288,EXACT_RECOVERED_DEVELOPMENT,aug_rep,E:\甲劈微循环\data\血管数据集\分类数据集\image\288_0.jpg,locked,,recovered_archive3/215,recovered_archive3/236,CAPorg1.jpg,1413.72,1514.85,1514.85,0.9332,0.9332,,0,0
known_dev,289,EXACT_RECOVERED_DEVELOPMENT,aug_rep,E:\甲劈微循环\data\血管数据集\分类数据集\image\289_0.jpg,locked,,recovered_archive1/46,recovered_archive3/247,CAPorg6.jpg,1541.58,1615.24,1615.24,0.9544,0.9544,,0,0
known_dev,291,EXACT_RECOVERED_DEVELOPMENT,aug_rep,E:\甲劈微循环\data\血管数据集\分类数据集\image\291_0.jpg,locked,,recovered_archive1/92,recovered_archive2/193,CAPorg9.jpg,1538.27,1553.91,1553.91,0.9899,0.9899,,0,0
known_dev,292,EXACT_RECOVERED_DEVELOPMENT,aug_rep,E:\甲劈微循环\data\血管数据集\分类数据集\image\292_0.jpg,locked,,recovered_archive3/246,recovered_archive3/247,CAPorg6.jpg,1483.97,1562.68,1562.68,0.9496,0.9496,,0,0
known_dev,293,EXACT_RECOVERED_DEVELOPMENT,aug_rep,E:\甲劈微循环\data\血管数据集\分类数据集\image\293_0.jpg,locked,,recovered_archive3/266,recovered_archive2/131,CAPorg8.jpg,1766.31,1777.08,1777.08,0.9939,0.9939,,0,0
known_dev,294,EXACT_RECOVERED_DEVELOPMENT,aug_rep,E:\甲劈微循环\data\血管数据集\分类数据集\image\294_0.jpg,locked,,recovered_archive2/116,recovered_archive2/196,CAPorg6.jpg,1015.09,1021.41,1021.41,0.9938,0.9938,,0,0
known_dev,300,EXACT_RECOVERED_DEVELOPMENT,aug_rep,E:\甲劈微循环\data\血管数据集\分类数据集\image\300_0.jpg,locked,,recovered_archive2/109,recovered_archive2/193,CAPorg5.jpg,1986.57,1987.51,2018.02,0.9995,0.9844,,0,0
known_dev,304,EXACT_RECOVERED_DEVELOPMENT,aug_rep,E:\甲劈微循环\data\血管数据集\分类数据集\image\304_0.jpg,locked,,recovered_archive1/47,recovered_archive2/134,CAPorg5.jpg,1907.92,2003.12,2003.12,0.9525,0.9525,,0,0
known_dev,316,EXACT_RECOVERED_DEVELOPMENT,aug_rep,E:\甲劈微循环\data\血管数据集\分类数据集\image\316_0.jpg,locked,,recovered_archive1/92,recovered_archive1/88,CAPorg5.jpg,1722.38,1812.05,1812.05,0.9505,0.9505,,0,0
known_dev,318,EXACT_RECOVERED_DEVELOPMENT,aug_rep,E:\甲劈微循环\data\血管数据集\分类数据集\image\318_0.jpg,locked,,recovered_archive3/222,recovered_archive2/192,CAPorg2.jpg,1535.93,1879.66,1879.66,0.8171,0.8171,,0,0
known_dev,320,EXACT_RECOVERED_DEVELOPMENT,aug_rep,E:\甲劈微循环\data\血管数据集\分类数据集\image\320_0.jpg,locked,,recovered_archive2/117,recovered_archive2/193,CAPorg7.jpg,2121.05,2135.84,2190.93,0.9931,0.9681,,0,0
known_dev,323,EXACT_RECOVERED_DEVELOPMENT,aug_rep,E:\甲劈微循环\data\血管数据集\分类数据集\image\323_0.jpg,locked,,recovered_archive1/46,recovered_archive2/193,CAPorg6.jpg,1757.69,1786.75,1786.75,0.9837,0.9837,,0,0
known_dev,326,EXACT_RECOVERED_DEVELOPMENT,aug_rep,E:\甲劈微循环\data\血管数据集\分类数据集\image\326_0.jpg,locked,,recovered_archive2/176,recovered_archive3/247,CAPorg6.jpg,1490.63,1639.87,1639.87,0.909,0.909,,0,0
known_dev,330,EXACT_RECOVERED_DEVELOPMENT,aug_rep,E:\甲劈微循环\data\血管数据集\分类数据集\image\330_0.jpg,locked,,recovered_archive3/267,recovered_archive1/55,CAPorg2.jpg,1488.83,1912.52,1912.52,0.7785,0.7785,,1,1
known_dev,331,EXACT_RECOVERED_DEVELOPMENT,aug_rep,E:\甲劈微循环\data\血管数据集\分类数据集\image\331_0.jpg,locked,,recovered_archive3/222,recovered_archive2/193,CAPorg6.jpg,1444.89,1464.0,1464.0,0.9869,0.9869,,0,0
known_dev,334,EXACT_RECOVERED_DEVELOPMENT,aug_rep,E:\甲劈微循环\data\血管数据集\分类数据集\image\334_0.jpg,locked,,recovered_archive2/150,recovered_archive2/192,CAPorg2.jpg,1705.04,1801.55,1801.55,0.9464,0.9464,,0,0
known_dev,336,EXACT_RECOVERED_DEVELOPMENT,aug_rep,E:\甲劈微循环\data\血管数据集\分类数据集\image\336_0.jpg,locked,,recovered_archive2/123,recovered_archive1/55,CAPorg8.jpg,1301.89,1449.99,1524.61,0.8979,0.8539,,0,0
known_dev,337,EXACT_RECOVERED_DEVELOPMENT,aug_rep,E:\甲劈微循环\data\血管数据集\分类数据集\image\337_0.jpg,locked,,recovered_archive1/100,recovered_archive3/205,CAPorg7.jpg,1365.76,1371.32,1376.24,0.9959,0.9924,,0,0
known_dev,338,EXACT_RECOVERED_DEVELOPMENT,aug_rep,E:\甲劈微循环\data\血管数据集\分类数据集\image\338_0.jpg,locked,,recovered_archive2/158,recovered_archive2/131,CAPorg8.jpg,1542.25,1568.32,1568.32,0.9834,0.9834,,0,0
known_dev,339,EXACT_RECOVERED_DEVELOPMENT,aug_rep,E:\甲劈微循环\data\血管数据集\分类数据集\image\339_0.jpg,locked,,recovered_archive2/172,recovered_archive1/55,CAPorg2.jpg,1273.4,1733.09,1733.09,0.7348,0.7348,,1,1
known_dev,352,EXACT_RECOVERED_DEVELOPMENT,aug_rep,E:\甲劈微循环\data\血管数据集\分类数据集\image\352_0.jpg,locked,,recovered_archive1/29,recovered_archive2/131,CAPorg3.jpg,1346.91,1539.55,1539.55,0.8749,0.8749,,0,0
known_dev,364,EXACT_RECOVERED_DEVELOPMENT,aug_rep,E:\甲劈微循环\data\血管数据集\分类数据集\image\364_0.jpg,locked,,recovered_archive3/262,recovered_archive2/134,CAPorg4.jpg,1646.04,1728.36,1728.36,0.9524,0.9524,,0,0
known_dev,376,EXACT_RECOVERED_DEVELOPMENT,aug_rep,E:\甲劈微循环\data\血管数据集\分类数据集\image\376_0.jpg,locked,,recovered_archive3/262,recovered_archive2/192,CAPorg6.jpg,1210.48,1298.87,1315.83,0.9319,0.9199,,0,0
known_dev,377,EXACT_RECOVERED_DEVELOPMENT,aug_rep,E:\甲劈微循环\data\血管数据集\分类数据集\image\377_0.jpg,locked,,recovered_archive2/122,recovered_archive2/196,CAPorg9.jpg,1550.33,1615.35,1615.35,0.9597,0.9597,,0,0
known_dev,386,EXACT_RECOVERED_DEVELOPMENT,aug_rep,E:\甲劈微循环\data\血管数据集\分类数据集\image\386_0.jpg,locked,,recovered_archive2/127,recovered_archive2/193,CAPorg9.jpg,1302.57,1402.67,1562.3,0.9286,0.8337,,0,0
known_dev,387,EXACT_RECOVERED_DEVELOPMENT,aug_rep,E:\甲劈微循环\data\血管数据集\分类数据集\image\387_0.jpg,locked,,recovered_archive2/109,recovered_archive2/193,CAPorg5.jpg,1855.08,1967.06,1967.06,0.9431,0.9431,,0,0
known_dev,388,EXACT_RECOVERED_DEVELOPMENT,aug_rep,E:\甲劈微循环\data\血管数据集\分类数据集\image\388_0.jpg,locked,,recovered_archive3/262,recovered_archive1/65,CAPorg6.jpg,1196.77,1199.95,1199.95,0.9974,0.9974,,0,0
known_dev,400,EXACT_RECOVERED_DEVELOPMENT,aug_rep,E:\甲劈微循环\data\血管数据集\分类数据集\image\400_0.jpg,locked,,recovered_archive3/262,recovered_archive1/55,CAPorg2.jpg,1544.12,1752.71,1752.71,0.881,0.881,,0,0
known_dev,403,EXACT_RECOVERED_DEVELOPMENT,aug_rep,E:\甲劈微循环\data\血管数据集\分类数据集\image\403_0.jpg,locked,,recovered_archive2/123,recovered_archive3/247,CAPorg6.jpg,1840.15,1989.16,1989.16,0.9251,0.9251,,0,0
known_dev,408,EXACT_RECOVERED_DEVELOPMENT,aug_rep,E:\甲劈微循环\data\血管数据集\分类数据集\image\408_0.jpg,locked,,recovered_archive3/266,recovered_archive3/219,CAPorg3.jpg,1294.57,1398.04,1398.04,0.926,0.926,,0,0
known_dev,411,EXACT_RECOVERED_DEVELOPMENT,aug_rep,E:\甲劈微循环\data\血管数据集\分类数据集\image\411_0.jpg,locked,,recovered_archive3/220,recovered_archive2/193,CAPorg5.jpg,1662.98,1665.96,1830.07,0.9982,0.9087,,0,0
known_dev,496,EXACT_RECOVERED_DEVELOPMENT,aug_rep,E:\甲劈微循环\data\血管数据集\分类数据集\image\496_0.jpg,locked,,recovered_archive1/71,recovered_archive2/134,CAPorg2.jpg,1662.25,1779.36,1835.93,0.9342,0.9054,,0,0
known_dev,502,EXACT_RECOVERED_DEVELOPMENT,aug_rep,E:\甲劈微循环\data\血管数据集\分类数据集\image\502_0.jpg,locked,,recovered_archive2/189,recovered_archive3/219,CAPorg11.jpg,1410.67,1644.55,1716.04,0.8578,0.822,,0,0
known_dev,503,EXACT_RECOVERED_DEVELOPMENT,aug_rep,E:\甲劈微循环\data\血管数据集\分类数据集\image\503_0.jpg,locked,,recovered_archive1/66,recovered_archive1/55,CAPorg8.jpg,1683.94,1692.58,1692.58,0.9949,0.9949,,0,0
known_dev,505,EXACT_RECOVERED_DEVELOPMENT,aug_rep,E:\甲劈微循环\data\血管数据集\分类数据集\image\505_0.jpg,locked,,recovered_archive3/262,recovered_archive1/55,CAPorg2.jpg,1640.68,2226.07,2226.07,0.737,0.737,,1,1
known_dev,507,EXACT_RECOVERED_DEVELOPMENT,aug_rep,E:\甲劈微循环\data\血管数据集\分类数据集\image\507_0.jpg,locked,,recovered_archive3/246,recovered_archive2/153,CAPorg2.jpg,1090.32,1124.84,1124.84,0.9693,0.9693,,0,0
known_dev,515,EXACT_RECOVERED_DEVELOPMENT,aug_rep,E:\甲劈微循环\data\血管数据集\分类数据集\image\515_0.jpg,locked,,recovered_archive1/100,recovered_archive2/131,CAPorg8.jpg,1221.84,1425.27,1425.27,0.8573,0.8573,,0,0
known_dev,517,EXACT_RECOVERED_DEVELOPMENT,aug_rep,E:\甲劈微循环\data\血管数据集\分类数据集\image\517_0.jpg,locked,,recovered_archive2/130,recovered_archive3/219,CAPorg3.jpg,1178.53,1264.91,1318.19,0.9317,0.8941,,0,0
known_dev,518,EXACT_RECOVERED_DEVELOPMENT,aug_rep,E:\甲劈微循环\data\血管数据集\分类数据集\image\518_0.jpg,locked,,recovered_archive3/246,recovered_archive3/247,CAPorg6.jpg,1602.38,1795.7,1795.7,0.8923,0.8923,,0,0
known_dev,519,EXACT_RECOVERED_DEVELOPMENT,aug_rep,E:\甲劈微循环\data\血管数据集\分类数据集\image\519_0.jpg,locked,,recovered_archive2/107,recovered_archive3/247,CAPorg6.jpg,1353.03,1445.38,1445.38,0.9361,0.9361,,0,0
known_dev,523,EXACT_RECOVERED_DEVELOPMENT,aug_rep,E:\甲劈微循环\data\血管数据集\分类数据集\image\523_0.jpg,locked,,recovered_archive1/30,recovered_archive3/219,CAPorg10.jpg,1766.29,1780.58,1780.58,0.992,0.992,,0,0
known_dev,527,EXACT_RECOVERED_DEVELOPMENT,aug_rep,E:\甲劈微循环\data\血管数据集\分类数据集\image\527_0.jpg,locked,,recovered_archive2/123,recovered_archive3/219,CAPorg2.jpg,2380.94,2487.86,2487.86,0.957,0.957,,0,0
known_dev,535,EXACT_RECOVERED_DEVELOPMENT,aug_rep,E:\甲劈微循环\data\血管数据集\分类数据集\image\535_0.jpg,locked,,recovered_archive2/189,recovered_archive2/192,CAPorg6.jpg,1366.45,1391.83,1391.83,0.9818,0.9818,,0,0
known_dev,543,EXACT_RECOVERED_DEVELOPMENT,aug_rep,E:\甲劈微循环\data\血管数据集\分类数据集\image\543_0.jpg,locked,,recovered_archive3/262,recovered_archive1/55,CAPorg2.jpg,1709.56,1851.08,1851.08,0.9235,0.9235,,0,0
known_dev,557,EXACT_RECOVERED_DEVELOPMENT,aug_rep,E:\甲劈微循环\data\血管数据集\分类数据集\image\557_0.jpg,locked,,recovered_archive2/189,recovered_archive1/55,CAPorg2.jpg,1734.82,1835.98,1835.98,0.9449,0.9449,,0,0
known_dev,561,EXACT_RECOVERED_DEVELOPMENT,aug_rep,E:\甲劈微循环\data\血管数据集\分类数据集\image\561_0.jpg,locked,,recovered_archive1/100,recovered_archive1/55,CAPorg2.jpg,1210.21,1772.46,1772.46,0.6828,0.6828,,1,1
known_dev,578,EXACT_RECOVERED_DEVELOPMENT,aug_rep,E:\甲劈微循环\data\血管数据集\分类数据集\image\578_0.jpg,locked,,recovered_archive2/123,recovered_archive2/192,CAPorg2.jpg,2004.49,2242.73,2242.73,0.8938,0.8938,,0,0
known_dev,582,EXACT_RECOVERED_DEVELOPMENT,aug_rep,E:\甲劈微循环\data\血管数据集\分类数据集\image\582_0.jpg,locked,,recovered_archive2/189,recovered_archive2/131,CAPorg8.jpg,1243.52,1332.77,1332.77,0.933,0.933,,0,0
known_dev,24,EXACT_RECOVERED_DEVELOPMENT,aug_rep_d8,E:\甲劈微循环\data\血管数据集\分类数据集\image\24_0.jpg,development,,recovered_archive2/114,recovered_archive2/114,CAPorg1.jpg,1087.02,1449.05,1449.05,0.7502,0.7502,1,1,1
known_dev,47,EXACT_RECOVERED_DEVELOPMENT,aug_rep_d8,E:\甲劈微循环\data\血管数据集\分类数据集\image\47_0.jpg,development,,recovered_archive2/183,recovered_archive3/229,CAPorg13.jpg,1342.61,1400.87,1400.87,0.9584,0.9584,0,0,0
known_dev,49,EXACT_RECOVERED_DEVELOPMENT,aug_rep_d8,E:\甲劈微循环\data\血管数据集\分类数据集\image\49_0.jpg,development,,recovered_archive3/206,recovered_archive2/122,CAPorg12.jpg,1292.19,1304.04,1393.33,0.9909,0.9274,0,0,0
known_dev,54,EXACT_RECOVERED_DEVELOPMENT,aug_rep_d8,E:\甲劈微循环\data\血管数据集\分类数据集\image\54_0.jpg,development,,recovered_archive1/47,recovered_archive2/114,CAPorg1.jpg,1266.81,1616.93,1616.93,0.7835,0.7835,0,1,1
known_dev,57,EXACT_RECOVERED_DEVELOPMENT,aug_rep_d8,E:\甲劈微循环\data\血管数据集\分类数据集\image\57_0.jpg,development,,recovered_archive1/100,recovered_archive1/82,CAPorg7.jpg,1199.5,1478.91,1478.91,0.8111,0.8111,0,0,0
known_dev,68,EXACT_RECOVERED_DEVELOPMENT,aug_rep_d8,E:\甲劈微循环\data\血管数据集\分类数据集\image\68_0.jpg,development,,recovered_archive3/246,recovered_archive3/231,CAPorg10.jpg,1084.91,1118.75,1118.75,0.9698,0.9698,0,0,0
known_dev,85,EXACT_RECOVERED_DEVELOPMENT,aug_rep_d8,E:\甲劈微循环\data\血管数据集\分类数据集\image\85_0.jpg,development,,recovered_archive1/29,recovered_archive2/114,CAPorg1.jpg,1900.19,2304.0,2304.0,0.8247,0.8247,0,0,0
known_dev,86,EXACT_RECOVERED_DEVELOPMENT,aug_rep_d8,E:\甲劈微循环\data\血管数据集\分类数据集\image\86_0.jpg,development,,recovered_archive1/29,recovered_archive1/78,CAPorg5.jpg,1485.37,1517.74,1517.74,0.9787,0.9787,0,0,0
known_dev,87,EXACT_RECOVERED_DEVELOPMENT,aug_rep_d8,E:\甲劈微循环\data\血管数据集\分类数据集\image\87_0.jpg,development,,recovered_archive2/191,recovered_archive2/114,CAPorg1.jpg,1177.42,1717.62,1717.62,0.6855,0.6855,0,1,1
known_dev,88,EXACT_RECOVERED_DEVELOPMENT,aug_rep_d8,E:\甲劈微循环\data\血管数据集\分类数据集\image\88_0.jpg,development,,recovered_archive2/118,recovered_archive3/212,CAPorg1.jpg,1310.7,1310.73,1310.73,1.0,1.0,0,0,0
known_dev,113,EXACT_RECOVERED_DEVELOPMENT,aug_rep_d8,E:\甲劈微循环\data\血管数据集\分类数据集\image\113_0.jpg,development,,recovered_archive1/71,recovered_archive2/114,CAPorg1.jpg,1323.35,1331.77,1331.77,0.9937,0.9937,0,0,0
known_dev,121,EXACT_RECOVERED_DEVELOPMENT,aug_rep_d8,E:\甲劈微循环\data\血管数据集\分类数据集\image\121_0.jpg,development,,recovered_archive2/171,recovered_archive3/229,CAPorg13.jpg,1722.65,1732.8,1732.8,0.9941,0.9941,0,0,0
known_dev,124,EXACT_RECOVERED_DEVELOPMENT,aug_rep_d8,E:\甲劈微循环\data\血管数据集\分类数据集\image\124_0.jpg,development,,recovered_archive3/267,recovered_archive3/267,CAPorg6.jpg,504.85,822.52,822.52,0.6138,0.6138,1,1,1
known_dev,145,EXACT_RECOVERED_DEVELOPMENT,aug_rep_d8,E:\甲劈微循环\data\血管数据集\分类数据集\image\145_0.jpg,development,,recovered_archive1/28,recovered_archive3/267,CAPorg6.jpg,1190.67,1439.69,1439.69,0.827,0.827,0,0,0
known_dev,171,EXACT_RECOVERED_DEVELOPMENT,aug_rep_d8,E:\甲劈微循环\data\血管数据集\分类数据集\image\171_0.jpg,development,,recovered_archive1/96,recovered_archive3/227,CAPorg9.jpg,1041.28,1043.03,1043.03,0.9983,0.9983,0,0,0
known_dev,190,EXACT_RECOVERED_DEVELOPMENT,aug_rep_d8,E:\甲劈微循环\data\血管数据集\分类数据集\image\190_0.jpg,development,,recovered_archive3/262,recovered_archive2/122,CAPorg12.jpg,975.25,1028.58,1028.58,0.9482,0.9482,0,0,0
known_dev,194,EXACT_RECOVERED_DEVELOPMENT,aug_rep_d8,E:\甲劈微循环\data\血管数据集\分类数据集\image\194_0.jpg,development,,recovered_archive1/45,recovered_archive3/267,CAPorg6.jpg,826.64,1010.78,1010.78,0.8178,0.8178,0,0,0
known_dev,200,EXACT_RECOVERED_DEVELOPMENT,aug_rep_d8,E:\甲劈微循环\data\血管数据集\分类数据集\image\200_0.jpg,development,,recovered_archive2/132,recovered_archive2/132,CAPorg10.jpg,881.7,947.82,947.82,0.9302,0.9302,1,0,0
known_dev,201,EXACT_RECOVERED_DEVELOPMENT,aug_rep_d8,E:\甲劈微循环\data\血管数据集\分类数据集\image\201_0.jpg,development,,recovered_archive1/71,recovered_archive2/114,CAPorg1.jpg,1365.99,1756.51,1756.51,0.7777,0.7777,0,1,1
known_dev,214,EXACT_RECOVERED_DEVELOPMENT,aug_rep_d8,E:\甲劈微循环\data\血管数据集\分类数据集\image\214_0.jpg,development,,recovered_archive2/136,recovered_archive2/165,CAPorg4.jpg,1817.88,1969.46,1969.46,0.923,0.923,0,0,0
known_dev,224,EXACT_RECOVERED_DEVELOPMENT,aug_rep_d8,E:\甲劈微循环\data\血管数据集\分类数据集\image\224_0.jpg,development,,recovered_archive2/123,recovered_archive3/248,CAPorg2.jpg,1132.84,1185.12,1185.12,0.9559,0.9559,0,0,0
known_dev,249,EXACT_RECOVERED_DEVELOPMENT,aug_rep_d8,E:\甲劈微循环\data\血管数据集\分类数据集\image\249_0.jpg,development,,recovered_archive1/72,recovered_archive3/254,CAPorg5.jpg,1014.75,1275.97,1275.97,0.7953,0.7953,0,1,1
known_dev,250,EXACT_RECOVERED_DEVELOPMENT,aug_rep_d8,E:\甲劈微循环\data\血管数据集\分类数据集\image\250_0.jpg,development,,recovered_archive2/168,recovered_archive2/114,CAPorg1.jpg,1561.73,1818.83,1818.83,0.8586,0.8586,0,0,0
known_dev,251,EXACT_RECOVERED_DEVELOPMENT,aug_rep_d8,E:\甲劈微循环\data\血管数据集\分类数据集\image\251_0.jpg,development,,recovered_archive2/132,recovered_archive3/229,CAPorg13.jpg,1160.86,1247.02,1247.02,0.9309,0.9309,0,0,0
known_dev,252,EXACT_RECOVERED_DEVELOPMENT,aug_rep_d8,E:\甲劈微循环\data\血管数据集\分类数据集\image\252_0.jpg,development,,recovered_archive1/72,recovered_archive2/122,CAPorg12.jpg,1124.05,1197.79,1197.79,0.9384,0.9384,0,0,0
known_dev,255,EXACT_RECOVERED_DEVELOPMENT,aug_rep_d8,E:\甲劈微循环\data\血管数据集\分类数据集\image\255_0.jpg,development,,recovered_archive1/95,recovered_archive2/122,CAPorg11.jpg,1068.7,1248.51,1248.51,0.856,0.856,0,0,0
known_dev,256,EXACT_RECOVERED_DEVELOPMENT,aug_rep_d8,E:\甲劈微循环\data\血管数据集\分类数据集\image\256_0.jpg,development,,recovered_archive1/95,recovered_archive1/78,CAPorg5.jpg,992.68,1093.41,1093.41,0.9079,0.9079,0,0,0
known_dev,258,EXACT_RECOVERED_DEVELOPMENT,aug_rep_d8,E:\甲劈微循环\data\血管数据集\分类数据集\image\258_0.jpg,development,,recovered_archive1/60,recovered_archive2/136,CAPorg12.jpg,1207.63,1324.64,1324.64,0.9117,0.9117,0,0,0
known_dev,259,EXACT_RECOVERED_DEVELOPMENT,aug_rep_d8,E:\甲劈微循环\data\血管数据集\分类数据集\image\259_0.jpg,development,,recovered_archive1/95,recovered_archive2/122,CAPorg12.jpg,953.16,1023.32,1023.32,0.9314,0.9314,0,0,0
known_dev,260,EXACT_RECOVERED_DEVELOPMENT,aug_rep_d8,E:\甲劈微循环\data\血管数据集\分类数据集\image\260_0.jpg,development,,recovered_archive1/95,recovered_archive2/136,CAPorg13.jpg,1170.8,1201.86,1201.86,0.9742,0.9742,0,0,0
known_dev,261,EXACT_RECOVERED_DEVELOPMENT,aug_rep_d8,E:\甲劈微循环\data\血管数据集\分类数据集\image\261_0.jpg,development,,recovered_archive1/29,recovered_archive1/85,CAPorg8.jpg,1075.13,1122.95,1171.03,0.9574,0.9181,0,0,0
known_dev,262,EXACT_RECOVERED_DEVELOPMENT,aug_rep_d8,E:\甲劈微循环\data\血管数据集\分类数据集\image\262_0.jpg,development,,recovered_archive2/118,recovered_archive2/118,CAPorg7.jpg,1084.24,1392.78,1392.78,0.7785,0.7785,1,1,1
known_dev,263,EXACT_RECOVERED_DEVELOPMENT,aug_rep_d8,E:\甲劈微循环\data\血管数据集\分类数据集\image\263_0.jpg,development,,recovered_archive1/28,recovered_archive1/32,CAPorg1.jpg,2304.0,2304.0,2304.0,1.0,1.0,0,0,0
known_dev,264,EXACT_RECOVERED_DEVELOPMENT,aug_rep_d8,E:\甲劈微循环\data\血管数据集\分类数据集\image\264_0.jpg,development,,recovered_archive1/60,recovered_archive2/122,CAPorg10.jpg,1214.75,1225.88,1225.88,0.9909,0.9909,0,0,0
known_dev,266,EXACT_RECOVERED_DEVELOPMENT,aug_rep_d8,E:\甲劈微循环\data\血管数据集\分类数据集\image\266_0.jpg,development,,recovered_archive1/60,recovered_archive2/136,CAPorg12.jpg,1356.59,1494.39,1494.39,0.9078,0.9078,0,0,0
known_dev,267,EXACT_RECOVERED_DEVELOPMENT,aug_rep_d8,E:\甲劈微循环\data\血管数据集\分类数据集\image\267_0.jpg,development,,recovered_archive2/149,recovered_archive3/206,CAPorg3.jpg,1103.99,1150.22,1150.22,0.9598,0.9598,0,0,0
known_dev,269,EXACT_RECOVERED_DEVELOPMENT,aug_rep_d8,E:\甲劈微循环\data\血管数据集\分类数据集\image\269_0.jpg,development,,recovered_archive3/206,recovered_archive3/231,CAPorg7.jpg,909.79,929.81,929.81,0.9785,0.9785,0,0,0
known_dev,270,EXACT_RECOVERED_DEVELOPMENT,aug_rep_d8,E:\甲劈微循环\data\血管数据集\分类数据集\image\270_0.jpg,development,,recovered_archive1/60,recovered_archive1/78,CAPorg5.jpg,1274.32,1278.36,1278.36,0.9968,0.9968,0,0,0
known_dev,272,EXACT_RECOVERED_DEVELOPMENT,aug_rep_d8,E:\甲劈微循环\data\血管数据集\分类数据集\image\272_0.jpg,development,,recovered_archive3/225,recovered_archive2/118,CAPorg11.jpg,909.82,970.48,970.48,0.9375,0.9375,0,0,0
known_dev,277,EXACT_RECOVERED_DEVELOPMENT,aug_rep_d8,E:\甲劈微循环\data\血管数据集\分类数据集\image\277_0.jpg,development,,recovered_archive1/53,recovered_archive2/114,CAPorg1.jpg,1425.99,1889.07,1889.07,0.7549,0.7549,0,1,1
known_dev,278,EXACT_RECOVERED_DEVELOPMENT,aug_rep_d8,E:\甲劈微循环\data\血管数据集\分类数据集\image\278_0.jpg,development,,recovered_archive3/228,recovered_archive3/248,CAPorg2.jpg,1567.3,1600.27,1600.27,0.9794,0.9794,0,0,0
known_dev,280,EXACT_RECOVERED_DEVELOPMENT,aug_rep_d8,E:\甲劈微循环\data\血管数据集\分类数据集\image\280_0.jpg,development,,recovered_archive2/162,recovered_archive2/114,CAPorg1.jpg,1736.83,1841.59,1841.59,0.9431,0.9431,0,0,0
known_dev,281,EXACT_RECOVERED_DEVELOPMENT,aug_rep_d8,E:\甲劈微循环\data\血管数据集\分类数据集\image\281_0.jpg,development,,recovered_archive2/168,recovered_archive2/118,CAPorg7.jpg,1464.38,1556.93,1556.93,0.9406,0.9406,0,0,0
known_dev,282,EXACT_RECOVERED_DEVELOPMENT,aug_rep_d8,E:\甲劈微循环\data\血管数据集\分类数据集\image\282_0.jpg,development,,recovered_archive3/231,recovered_archive3/231,CAPorg9.jpg,724.59,901.52,915.22,0.8037,0.7917,1,0,1
known_dev,283,EXACT_RECOVERED_DEVELOPMENT,aug_rep_d8,E:\甲劈微循环\data\血管数据集\分类数据集\image\283_0.jpg,development,,recovered_archive3/215,recovered_archive2/114,CAPorg1.jpg,1337.32,1682.87,1682.87,0.7947,0.7947,0,1,1
known_dev,285,EXACT_RECOVERED_DEVELOPMENT,aug_rep_d8,E:\甲劈微循环\data\血管数据集\分类数据集\image\285_0.jpg,development,,recovered_archive2/162,recovered_archive1/40,CAPorg2.jpg,1173.56,1276.78,1276.78,0.9192,0.9192,0,0,0
known_dev,286,EXACT_RECOVERED_DEVELOPMENT,aug_rep_d8,E:\甲劈微循环\data\血管数据集\分类数据集\image\286_0.jpg,development,,recovered_archive2/150,recovered_archive1/40,CAPorg5.jpg,1006.03,1064.76,1084.8,0.9448,0.9274,0,0,0
known_dev,287,EXACT_RECOVERED_DEVELOPMENT,aug_rep_d8,E:\甲劈微循环\data\血管数据集\分类数据集\image\287_0.jpg,development,,recovered_archive3/204,recovered_archive3/248,CAPorg2.jpg,1517.41,1756.94,1756.94,0.8637,0.8637,0,0,0
known_dev,288,EXACT_RECOVERED_DEVELOPMENT,aug_rep_d8,E:\甲劈微循环\data\血管数据集\分类数据集\image\288_0.jpg,development,,recovered_archive3/215,recovered_archive3/215,CAPorg6.jpg,1024.81,1030.06,1030.06,0.9949,0.9949,1,0,0
known_dev,289,EXACT_RECOVERED_DEVELOPMENT,aug_rep_d8,E:\甲劈微循环\data\血管数据集\分类数据集\image\289_0.jpg,development,,recovered_archive1/46,recovered_archive3/216,CAPorg5.jpg,1543.39,1675.11,1675.11,0.9214,0.9214,0,0,0
known_dev,291,EXACT_RECOVERED_DEVELOPMENT,aug_rep_d8,E:\甲劈微循环\data\血管数据集\分类数据集\image\291_0.jpg,development,,recovered_archive1/92,recovered_archive2/114,CAPorg1.jpg,1129.92,1765.33,1765.33,0.6401,0.6401,0,1,1
known_dev,292,EXACT_RECOVERED_DEVELOPMENT,aug_rep_d8,E:\甲劈微循环\data\血管数据集\分类数据集\image\292_0.jpg,development,,recovered_archive3/246,recovered_archive3/243,CAPorg2.jpg,1250.75,1483.87,1483.87,0.8429,0.8429,0,0,0
known_dev,293,EXACT_RECOVERED_DEVELOPMENT,aug_rep_d8,E:\甲劈微循环\data\血管数据集\分类数据集\image\293_0.jpg,development,,recovered_archive3/266,recovered_archive1/94,CAPorg3.jpg,1227.85,1288.54,1288.54,0.9529,0.9529,0,0,0
known_dev,294,EXACT_RECOVERED_DEVELOPMENT,aug_rep_d8,E:\甲劈微循环\data\血管数据集\分类数据集\image\294_0.jpg,development,,recovered_archive2/116,recovered_archive2/186,CAPorg6.jpg,822.06,885.69,885.69,0.9282,0.9282,0,0,0
known_dev,300,EXACT_RECOVERED_DEVELOPMENT,aug_rep_d8,E:\甲劈微循环\data\血管数据集\分类数据集\image\300_0.jpg,development,,recovered_archive2/109,recovered_archive2/167,CAPorg4.jpg,1323.98,1357.97,1357.97,0.975,0.975,0,0,0
known_dev,304,EXACT_RECOVERED_DEVELOPMENT,aug_rep_d8,E:\甲劈微循环\data\血管数据集\分类数据集\image\304_0.jpg,development,,recovered_archive1/47,recovered_archive3/248,CAPorg2.jpg,1868.67,1880.84,1880.84,0.9935,0.9935,0,0,0
known_dev,316,EXACT_RECOVERED_DEVELOPMENT,aug_rep_d8,E:\甲劈微循环\data\血管数据集\分类数据集\image\316_0.jpg,development,,recovered_archive1/92,recovered_archive2/184,CAPorg1.jpg,1294.51,1402.4,1402.4,0.9231,0.9231,0,0,0
known_dev,318,EXACT_RECOVERED_DEVELOPMENT,aug_rep_d8,E:\甲劈微循环\data\血管数据集\分类数据集\image\318_0.jpg,development,,recovered_archive3/222,recovered_archive3/256,CAPorg9.jpg,1057.7,1332.17,1332.17,0.794,0.794,0,1,1
known_dev,320,EXACT_RECOVERED_DEVELOPMENT,aug_rep_d8,E:\甲劈微循环\data\血管数据集\分类数据集\image\320_0.jpg,development,,recovered_archive2/117,recovered_archive2/175,CAPorg5.jpg,1330.17,1426.32,1426.32,0.9326,0.9326,0,0,0
known_dev,323,EXACT_RECOVERED_DEVELOPMENT,aug_rep_d8,E:\甲劈微循环\data\血管数据集\分类数据集\image\323_0.jpg,development,,recovered_archive1/46,recovered_archive2/114,CAPorg1.jpg,1182.34,1532.01,1532.01,0.7718,0.7718,0,1,1
known_dev,326,EXACT_RECOVERED_DEVELOPMENT,aug_rep_d8,E:\甲劈微循环\data\血管数据集\分类数据集\image\326_0.jpg,development,,recovered_archive2/176,recovered_archive2/136,CAPorg12.jpg,1348.33,1417.13,1417.13,0.9515,0.9515,0,0,0
known_dev,330,EXACT_RECOVERED_DEVELOPMENT,aug_rep_d8,E:\甲劈微循环\data\血管数据集\分类数据集\image\330_0.jpg,development,,recovered_archive3/267,recovered_archive3/248,CAPorg7.jpg,917.55,976.15,976.15,0.94,0.94,0,0,0
known_dev,331,EXACT_RECOVERED_DEVELOPMENT,aug_rep_d8,E:\甲劈微循环\data\血管数据集\分类数据集\image\331_0.jpg,development,,recovered_archive3/222,recovered_archive3/227,CAPorg3.jpg,1245.57,1444.96,1444.96,0.862,0.862,0,0,0
known_dev,334,EXACT_RECOVERED_DEVELOPMENT,aug_rep_d8,E:\甲劈微循环\data\血管数据集\分类数据集\image\334_0.jpg,development,,recovered_archive2/150,recovered_archive2/150,CAPorg7.jpg,867.14,893.38,893.38,0.9706,0.9706,1,0,0
known_dev,336,EXACT_RECOVERED_DEVELOPMENT,aug_rep_d8,E:\甲劈微循环\data\血管数据集\分类数据集\image\336_0.jpg,development,,recovered_archive2/123,recovered_archive3/212,CAPorg1.jpg,1211.58,1260.71,1332.3,0.961,0.9094,0,0,0
known_dev,337,EXACT_RECOVERED_DEVELOPMENT,aug_rep_d8,E:\甲劈微循环\data\血管数据集\分类数据集\image\337_0.jpg,development,,recovered_archive1/100,recovered_archive3/231,CAPorg8.jpg,1225.26,1350.62,1565.99,0.9072,0.7824,0,0,1
known_dev,338,EXACT_RECOVERED_DEVELOPMENT,aug_rep_d8,E:\甲劈微循环\data\血管数据集\分类数据集\image\338_0.jpg,development,,recovered_archive2/158,recovered_archive2/118,CAPorg7.jpg,1228.65,1516.2,1516.2,0.8104,0.8104,0,0,0
known_dev,339,EXACT_RECOVERED_DEVELOPMENT,aug_rep_d8,E:\甲劈微循环\data\血管数据集\分类数据集\image\339_0.jpg,development,,recovered_archive2/172,recovered_archive3/248,CAPorg7.jpg,1036.2,1118.54,1118.54,0.9264,0.9264,0,0,0
known_dev,352,EXACT_RECOVERED_DEVELOPMENT,aug_rep_d8,E:\甲劈微循环\data\血管数据集\分类数据集\image\352_0.jpg,development,,recovered_archive1/29,recovered_archive3/227,CAPorg3.jpg,1218.46,1628.06,1628.06,0.7484,0.7484,0,1,1
known_dev,364,EXACT_RECOVERED_DEVELOPMENT,aug_rep_d8,E:\甲劈微循环\data\血管数据集\分类数据集\image\364_0.jpg,development,,recovered_archive3/262,recovered_archive1/94,CAPorg10.jpg,1082.21,1110.56,1132.03,0.9745,0.956,0,0,0
known_dev,376,EXACT_RECOVERED_DEVELOPMENT,aug_rep_d8,E:\甲劈微循环\data\血管数据集\分类数据集\image\376_0.jpg,development,,recovered_archive3/262,recovered_archive3/246,CAPorg2.jpg,1086.98,1352.8,1352.8,0.8035,0.8035,0,0,0
known_dev,377,EXACT_RECOVERED_DEVELOPMENT,aug_rep_d8,E:\甲劈微循环\data\血管数据集\分类数据集\image\377_0.jpg,development,,recovered_archive2/122,recovered_archive2/174,CAPorg4.jpg,1272.59,1334.88,1334.88,0.9533,0.9533,0,0,0
known_dev,386,EXACT_RECOVERED_DEVELOPMENT,aug_rep_d8,E:\甲劈微循环\data\血管数据集\分类数据集\image\386_0.jpg,development,,recovered_archive2/127,recovered_archive2/126,CAPorg6.jpg,1220.39,1238.55,1238.55,0.9853,0.9853,0,0,0
known_dev,387,EXACT_RECOVERED_DEVELOPMENT,aug_rep_d8,E:\甲劈微循环\data\血管数据集\分类数据集\image\387_0.jpg,development,,recovered_archive2/109,recovered_archive2/114,CAPorg1.jpg,1239.18,1617.47,1617.47,0.7661,0.7661,0,1,1
known_dev,388,EXACT_RECOVERED_DEVELOPMENT,aug_rep_d8,E:\甲劈微循环\data\血管数据集\分类数据集\image\388_0.jpg,development,,recovered_archive3/262,recovered_archive2/174,CAPorg4.jpg,1080.61,1129.58,1129.58,0.9567,0.9567,0,0,0
known_dev,400,EXACT_RECOVERED_DEVELOPMENT,aug_rep_d8,E:\甲劈微循环\data\血管数据集\分类数据集\image\400_0.jpg,development,,recovered_archive3/262,recovered_archive2/122,CAPorg12.jpg,1085.36,1097.76,1097.76,0.9887,0.9887,0,0,0
known_dev,403,EXACT_RECOVERED_DEVELOPMENT,aug_rep_d8,E:\甲劈微循环\data\血管数据集\分类数据集\image\403_0.jpg,development,,recovered_archive2/123,recovered_archive2/114,CAPorg1.jpg,1327.1,1865.11,1865.11,0.7115,0.7115,0,1,1
known_dev,408,EXACT_RECOVERED_DEVELOPMENT,aug_rep_d8,E:\甲劈微循环\data\血管数据集\分类数据集\image\408_0.jpg,development,,recovered_archive3/266,recovered_archive2/165,CAPorg7.jpg,1223.87,1292.7,1292.7,0.9467,0.9467,0,0,0
known_dev,411,EXACT_RECOVERED_DEVELOPMENT,aug_rep_d8,E:\甲劈微循环\data\血管数据集\分类数据集\image\411_0.jpg,development,,recovered_archive3/220,recovered_archive2/114,CAPorg1.jpg,1086.41,1412.45,1412.45,0.7692,0.7692,0,1,1
known_dev,496,EXACT_RECOVERED_DEVELOPMENT,aug_rep_d8,E:\甲劈微循环\data\血管数据集\分类数据集\image\496_0.jpg,development,,recovered_archive1/71,recovered_archive2/122,CAPorg10.jpg,911.34,928.64,971.62,0.9814,0.938,0,0,0
known_dev,502,EXACT_RECOVERED_DEVELOPMENT,aug_rep_d8,E:\甲劈微循环\data\血管数据集\分类数据集\image\502_0.jpg,development,,recovered_archive2/189,recovered_archive3/254,CAPorg6.jpg,1055.47,1108.17,1108.17,0.9524,0.9524,0,0,0
known_dev,503,EXACT_RECOVERED_DEVELOPMENT,aug_rep_d8,E:\甲劈微循环\data\血管数据集\分类数据集\image\503_0.jpg,development,,recovered_archive1/66,recovered_archive1/45,CAPorg12.jpg,1250.82,1275.64,1326.1,0.9805,0.9432,0,0,0
known_dev,505,EXACT_RECOVERED_DEVELOPMENT,aug_rep_d8,E:\甲劈微循环\data\血管数据集\分类数据集\image\505_0.jpg,development,,recovered_archive3/262,recovered_archive2/117,CAPorg6.jpg,1067.01,1122.96,1122.96,0.9502,0.9502,0,0,0
known_dev,507,EXACT_RECOVERED_DEVELOPMENT,aug_rep_d8,E:\甲劈微循环\data\血管数据集\分类数据集\image\507_0.jpg,development,,recovered_archive3/246,recovered_archive1/85,CAPorg7.jpg,914.93,957.34,957.34,0.9557,0.9557,0,0,0
known_dev,515,EXACT_RECOVERED_DEVELOPMENT,aug_rep_d8,E:\甲劈微循环\data\血管数据集\分类数据集\image\515_0.jpg,development,,recovered_archive1/100,recovered_archive1/78,CAPorg5.jpg,979.41,1103.35,1103.35,0.8877,0.8877,0,0,0
known_dev,517,EXACT_RECOVERED_DEVELOPMENT,aug_rep_d8,E:\甲劈微循环\data\血管数据集\分类数据集\image\517_0.jpg,development,,recovered_archive2/130,recovered_archive3/254,CAPorg6.jpg,1097.86,1167.59,1167.59,0.9403,0.9403,0,0,0
known_dev,518,EXACT_RECOVERED_DEVELOPMENT,aug_rep_d8,E:\甲劈微循环\data\血管数据集\分类数据集\image\518_0.jpg,development,,recovered_archive3/246,recovered_archive1/82,CAPorg1.jpg,1459.9,1688.45,1688.45,0.8646,0.8646,0,0,0
known_dev,519,EXACT_RECOVERED_DEVELOPMENT,aug_rep_d8,E:\甲劈微循环\data\血管数据集\分类数据集\image\519_0.jpg,development,,recovered_archive2/107,recovered_archive2/122,CAPorg10.jpg,1047.44,1121.75,1121.75,0.9338,0.9338,0,0,0
known_dev,523,EXACT_RECOVERED_DEVELOPMENT,aug_rep_d8,E:\甲劈微循环\data\血管数据集\分类数据集\image\523_0.jpg,development,,recovered_archive1/30,recovered_archive2/184,CAPorg1.jpg,1573.82,1648.77,1648.77,0.9545,0.9545,0,0,0
known_dev,527,EXACT_RECOVERED_DEVELOPMENT,aug_rep_d8,E:\甲劈微循环\data\血管数据集\分类数据集\image\527_0.jpg,development,,recovered_archive2/123,recovered_archive2/165,CAPorg7.jpg,2238.18,2304.0,2304.0,0.9714,0.9714,0,0,0
known_dev,535,EXACT_RECOVERED_DEVELOPMENT,aug_rep_d8,E:\甲劈微循环\data\血管数据集\分类数据集\image\535_0.jpg,development,,recovered_archive2/189,recovered_archive1/85,CAPorg7.jpg,1220.83,1364.23,1364.23,0.8949,0.8949,0,0,0
known_dev,543,EXACT_RECOVERED_DEVELOPMENT,aug_rep_d8,E:\甲劈微循环\data\血管数据集\分类数据集\image\543_0.jpg,development,,recovered_archive3/262,recovered_archive3/213,CAPorg5.jpg,813.67,934.99,934.99,0.8702,0.8702,0,0,0
known_dev,557,EXACT_RECOVERED_DEVELOPMENT,aug_rep_d8,E:\甲劈微循环\data\血管数据集\分类数据集\image\557_0.jpg,development,,recovered_archive2/189,recovered_archive2/122,CAPorg12.jpg,998.63,1127.62,1153.8,0.8856,0.8655,0,0,0
known_dev,561,EXACT_RECOVERED_DEVELOPMENT,aug_rep_d8,E:\甲劈微循环\data\血管数据集\分类数据集\image\561_0.jpg,development,,recovered_archive1/100,recovered_archive3/210,CAPorg14.jpg,893.27,996.84,996.84,0.8961,0.8961,0,0,0
known_dev,578,EXACT_RECOVERED_DEVELOPMENT,aug_rep_d8,E:\甲劈微循环\data\血管数据集\分类数据集\image\578_0.jpg,development,,recovered_archive2/123,recovered_archive2/175,CAPorg5.jpg,1438.15,1460.54,1484.81,0.9847,0.9686,0,0,0
known_dev,582,EXACT_RECOVERED_DEVELOPMENT,aug_rep_d8,E:\甲劈微循环\data\血管数据集\分类数据集\image\582_0.jpg,development,,recovered_archive2/189,recovered_archive1/78,CAPorg5.jpg,1011.36,1205.5,1205.5,0.839,0.839,0,0,0
known_dev,24,EXACT_RECOVERED_DEVELOPMENT,aug_rep_d8,E:\甲劈微循环\data\血管数据集\分类数据集\image\24_0.jpg,locked,,recovered_archive2/114,recovered_archive2/193,CAPorg9.jpg,1241.43,1289.75,1775.7,0.9625,0.6991,,0,1
known_dev,47,EXACT_RECOVERED_DEVELOPMENT,aug_rep_d8,E:\甲劈微循环\data\血管数据集\分类数据集\image\47_0.jpg,locked,,recovered_archive2/183,recovered_archive2/193,CAPorg9.jpg,1298.2,1406.3,1635.55,0.9231,0.7937,,0,1
known_dev,49,EXACT_RECOVERED_DEVELOPMENT,aug_rep_d8,E:\甲劈微循环\data\血管数据集\分类数据集\image\49_0.jpg,locked,,recovered_archive3/206,recovered_archive3/219,CAPorg4.jpg,1259.92,1313.7,1313.7,0.9591,0.9591,,0,0
known_dev,54,EXACT_RECOVERED_DEVELOPMENT,aug_rep_d8,E:\甲劈微循环\data\血管数据集\分类数据集\image\54_0.jpg,locked,,recovered_archive1/47,recovered_archive2/193,CAPorg9.jpg,1336.2,1423.52,1739.78,0.9387,0.768,,0,1
known_dev,57,EXACT_RECOVERED_DEVELOPMENT,aug_rep_d8,E:\甲劈微循环\data\血管数据集\分类数据集\image\57_0.jpg,locked,,recovered_archive1/100,recovered_archive3/219,CAPorg2.jpg,1237.65,1503.91,1503.91,0.823,0.823,,0,0
known_dev,68,EXACT_RECOVERED_DEVELOPMENT,aug_rep_d8,E:\甲劈微循环\data\血管数据集\分类数据集\image\68_0.jpg,locked,,recovered_archive3/246,recovered_archive2/157,CAPorg5.jpg,1108.4,1176.04,1176.04,0.9425,0.9425,,0,0
known_dev,85,EXACT_RECOVERED_DEVELOPMENT,aug_rep_d8,E:\甲劈微循环\data\血管数据集\分类数据集\image\85_0.jpg,locked,,recovered_archive1/29,recovered_archive3/247,CAPorg1.jpg,2167.14,2626.84,2654.32,0.825,0.8165,,0,0
known_dev,86,EXACT_RECOVERED_DEVELOPMENT,aug_rep_d8,E:\甲劈微循环\data\血管数据集\分类数据集\image\86_0.jpg,locked,,recovered_archive1/29,recovered_archive2/102,CAPorg3.jpg,1446.52,1508.49,1508.49,0.9589,0.9589,,0,0
known_dev,87,EXACT_RECOVERED_DEVELOPMENT,aug_rep_d8,E:\甲劈微循环\data\血管数据集\分类数据集\image\87_0.jpg,locked,,recovered_archive2/191,recovered_archive2/193,CAPorg9.jpg,1378.05,1516.77,1516.77,0.9085,0.9085,,0,0
known_dev,88,EXACT_RECOVERED_DEVELOPMENT,aug_rep_d8,E:\甲劈微循环\data\血管数据集\分类数据集\image\88_0.jpg,locked,,recovered_archive2/118,recovered_archive2/193,CAPorg9.jpg,1248.62,1558.22,1597.02,0.8013,0.7818,,0,1
known_dev,113,EXACT_RECOVERED_DEVELOPMENT,aug_rep_d8,E:\甲劈微循环\data\血管数据集\分类数据集\image\113_0.jpg,locked,,recovered_archive1/71,recovered_archive2/193,CAPorg9.jpg,1065.25,1335.07,1867.63,0.7979,0.5704,,1,1
known_dev,121,EXACT_RECOVERED_DEVELOPMENT,aug_rep_d8,E:\甲劈微循环\data\血管数据集\分类数据集\image\121_0.jpg,locked,,recovered_archive2/171,recovered_archive2/193,CAPorg9.jpg,1696.4,1831.4,1831.4,0.9263,0.9263,,0,0
known_dev,124,EXACT_RECOVERED_DEVELOPMENT,aug_rep_d8,E:\甲劈微循环\data\血管数据集\分类数据集\image\124_0.jpg,locked,,recovered_archive3/267,recovered_archive3/244,CAPorg4.jpg,906.0,915.37,915.37,0.9898,0.9898,,0,0
known_dev,145,EXACT_RECOVERED_DEVELOPMENT,aug_rep_d8,E:\甲劈微循环\data\血管数据集\分类数据集\image\145_0.jpg,locked,,recovered_archive1/28,recovered_archive3/247,CAPorg6.jpg,1556.86,1575.19,1575.19,0.9884,0.9884,,0,0
known_dev,171,EXACT_RECOVERED_DEVELOPMENT,aug_rep_d8,E:\甲劈微循环\data\血管数据集\分类数据集\image\171_0.jpg,locked,,recovered_archive1/96,recovered_archive3/203,CAPorg11.jpg,1009.34,1018.6,1044.88,0.9909,0.966,,0,0
known_dev,190,EXACT_RECOVERED_DEVELOPMENT,aug_rep_d8,E:\甲劈微循环\data\血管数据集\分类数据集\image\190_0.jpg,locked,,recovered_archive3/262,recovered_archive3/205,CAPorg6.jpg,926.9,969.2,969.2,0.9564,0.9564,,0,0
known_dev,194,EXACT_RECOVERED_DEVELOPMENT,aug_rep_d8,E:\甲劈微循环\data\血管数据集\分类数据集\image\194_0.jpg,locked,,recovered_archive1/45,recovered_archive3/219,CAPorg4.jpg,915.32,1012.11,1082.15,0.9044,0.8458,,0,0
known_dev,200,EXACT_RECOVERED_DEVELOPMENT,aug_rep_d8,E:\甲劈微循环\data\血管数据集\分类数据集\image\200_0.jpg,locked,,recovered_archive2/132,recovered_archive2/196,CAPorg5.jpg,976.74,977.14,977.14,0.9996,0.9996,,0,0
known_dev,201,EXACT_RECOVERED_DEVELOPMENT,aug_rep_d8,E:\甲劈微循环\data\血管数据集\分类数据集\image\201_0.jpg,locked,,recovered_archive1/71,recovered_archive2/193,CAPorg9.jpg,1346.38,1464.49,1576.59,0.9193,0.854,,0,0
known_dev,214,EXACT_RECOVERED_DEVELOPMENT,aug_rep_d8,E:\甲劈微循环\data\血管数据集\分类数据集\image\214_0.jpg,locked,,recovered_archive2/136,recovered_archive2/193,CAPorg5.jpg,1778.08,1829.94,2193.0,0.9717,0.8108,,0,0
known_dev,224,EXACT_RECOVERED_DEVELOPMENT,aug_rep_d8,E:\甲劈微循环\data\血管数据集\分类数据集\image\224_0.jpg,locked,,recovered_archive2/123,recovered_archive2/193,CAPorg9.jpg,1163.25,1174.7,1174.7,0.9903,0.9903,,0,0
known_dev,249,EXACT_RECOVERED_DEVELOPMENT,aug_rep_d8,E:\甲劈微循环\data\血管数据集\分类数据集\image\249_0.jpg,locked,,recovered_archive1/72,recovered_archive2/193,CAPorg9.jpg,1025.96,1042.62,1084.21,0.984,0.9463,,0,0
known_dev,250,EXACT_RECOVERED_DEVELOPMENT,aug_rep_d8,E:\甲劈微循环\data\血管数据集\分类数据集\image\250_0.jpg,locked,,recovered_archive2/168,recovered_archive2/193,CAPorg9.jpg,1550.42,1899.15,1947.03,0.8164,0.7963,,0,1
known_dev,251,EXACT_RECOVERED_DEVELOPMENT,aug_rep_d8,E:\甲劈微循环\data\血管数据集\分类数据集\image\251_0.jpg,locked,,recovered_archive2/132,recovered_archive2/193,CAPorg5.jpg,1171.9,1259.93,1455.24,0.9301,0.8053,,0,0
known_dev,252,EXACT_RECOVERED_DEVELOPMENT,aug_rep_d8,E:\甲劈微循环\data\血管数据集\分类数据集\image\252_0.jpg,locked,,recovered_archive1/72,recovered_archive2/193,CAPorg9.jpg,1062.84,1130.7,1130.7,0.94,0.94,,0,0
known_dev,255,EXACT_RECOVERED_DEVELOPMENT,aug_rep_d8,E:\甲劈微循环\data\血管数据集\分类数据集\image\255_0.jpg,locked,,recovered_archive1/95,recovered_archive3/219,CAPorg4.jpg,955.23,980.13,1171.56,0.9746,0.8153,,0,0
known_dev,256,EXACT_RECOVERED_DEVELOPMENT,aug_rep_d8,E:\甲劈微循环\data\血管数据集\分类数据集\image\256_0.jpg,locked,,recovered_archive1/95,recovered_archive2/102,CAPorg3.jpg,1051.19,1095.88,1095.88,0.9592,0.9592,,0,0
known_dev,258,EXACT_RECOVERED_DEVELOPMENT,aug_rep_d8,E:\甲劈微循环\data\血管数据集\分类数据集\image\258_0.jpg,locked,,recovered_archive1/60,recovered_archive2/193,CAPorg9.jpg,1080.38,1313.34,1313.34,0.8226,0.8226,,0,0
known_dev,259,EXACT_RECOVERED_DEVELOPMENT,aug_rep_d8,E:\甲劈微循环\data\血管数据集\分类数据集\image\259_0.jpg,locked,,recovered_archive1/95,recovered_archive3/205,CAPorg3.jpg,852.62,1047.98,1047.98,0.8136,0.8136,,0,0
known_dev,260,EXACT_RECOVERED_DEVELOPMENT,aug_rep_d8,E:\甲劈微循环\data\血管数据集\分类数据集\image\260_0.jpg,locked,,recovered_archive1/95,recovered_archive3/208,CAPorg6.jpg,1151.48,1192.92,1192.92,0.9653,0.9653,,0,0
known_dev,261,EXACT_RECOVERED_DEVELOPMENT,aug_rep_d8,E:\甲劈微循环\data\血管数据集\分类数据集\image\261_0.jpg,locked,,recovered_archive1/29,recovered_archive1/55,CAPorg8.jpg,1107.46,1138.0,1138.0,0.9732,0.9732,,0,0
known_dev,262,EXACT_RECOVERED_DEVELOPMENT,aug_rep_d8,E:\甲劈微循环\data\血管数据集\分类数据集\image\262_0.jpg,locked,,recovered_archive2/118,recovered_archive3/219,CAPorg4.jpg,944.93,1142.18,1216.53,0.8273,0.7767,,0,1
known_dev,263,EXACT_RECOVERED_DEVELOPMENT,aug_rep_d8,E:\甲劈微循环\data\血管数据集\分类数据集\image\263_0.jpg,locked,,recovered_archive1/28,recovered_archive2/134,CAPorg5.jpg,2419.0,2505.49,2505.49,0.9655,0.9655,,0,0
known_dev,264,EXACT_RECOVERED_DEVELOPMENT,aug_rep_d8,E:\甲劈微循环\data\血管数据集\分类数据集\image\264_0.jpg,locked,,recovered_archive1/60,recovered_archive2/102,CAPorg3.jpg,1267.46,1270.07,1279.87,0.9979,0.9903,,0,0
known_dev,266,EXACT_RECOVERED_DEVELOPMENT,aug_rep_d8,E:\甲劈微循环\data\血管数据集\分类数据集\image\266_0.jpg,locked,,recovered_archive1/60,recovered_archive2/134,CAPorg5.jpg,1424.48,1442.46,1442.46,0.9875,0.9875,,0,0
known_dev,267,EXACT_RECOVERED_DEVELOPMENT,aug_rep_d8,E:\甲劈微循环\data\血管数据集\分类数据集\image\267_0.jpg,locked,,recovered_archive2/149,recovered_archive2/192,CAPorg4.jpg,1162.43,1164.76,1197.11,0.998,0.971,,0,0
known_dev,269,EXACT_RECOVERED_DEVELOPMENT,aug_rep_d8,E:\甲劈微循环\data\血管数据集\分类数据集\image\269_0.jpg,locked,,recovered_archive3/206,recovered_archive2/177,CAPorg2.jpg,999.83,1007.57,1007.57,0.9923,0.9923,,0,0
known_dev,270,EXACT_RECOVERED_DEVELOPMENT,aug_rep_d8,E:\甲劈微循环\data\血管数据集\分类数据集\image\270_0.jpg,locked,,recovered_archive1/60,recovered_archive2/193,CAPorg9.jpg,1265.48,1301.27,1301.27,0.9725,0.9725,,0,0
known_dev,272,EXACT_RECOVERED_DEVELOPMENT,aug_rep_d8,E:\甲劈微循环\data\血管数据集\分类数据集\image\272_0.jpg,locked,,recovered_archive3/225,recovered_archive3/244,CAPorg5.jpg,898.14,989.49,989.49,0.9077,0.9077,,0,0
known_dev,277,EXACT_RECOVERED_DEVELOPMENT,aug_rep_d8,E:\甲劈微循环\data\血管数据集\分类数据集\image\277_0.jpg,locked,,recovered_archive1/53,recovered_archive2/193,CAPorg9.jpg,1606.44,1651.67,1914.3,0.9726,0.8392,,0,0
known_dev,278,EXACT_RECOVERED_DEVELOPMENT,aug_rep_d8,E:\甲劈微循环\data\血管数据集\分类数据集\image\278_0.jpg,locked,,recovered_archive3/228,recovered_archive2/193,CAPorg9.jpg,1203.52,1580.11,1580.11,0.7617,0.7617,,1,1
known_dev,280,EXACT_RECOVERED_DEVELOPMENT,aug_rep_d8,E:\甲劈微循环\data\血管数据集\分类数据集\image\280_0.jpg,locked,,recovered_archive2/162,recovered_archive2/193,CAPorg9.jpg,1722.53,1828.92,1828.92,0.9418,0.9418,,0,0
known_dev,281,EXACT_RECOVERED_DEVELOPMENT,aug_rep_d8,E:\甲劈微循环\data\血管数据集\分类数据集\image\281_0.jpg,locked,,recovered_archive2/168,recovered_archive2/193,CAPorg9.jpg,1532.68,1770.08,1770.08,0.8659,0.8659,,0,0
known_dev,282,EXACT_RECOVERED_DEVELOPMENT,aug_rep_d8,E:\甲劈微循环\data\血管数据集\分类数据集\image\282_0.jpg,locked,,recovered_archive3/231,recovered_archive2/177,CAPorg3.jpg,850.89,868.0,868.0,0.9803,0.9803,,0,0
known_dev,283,EXACT_RECOVERED_DEVELOPMENT,aug_rep_d8,E:\甲劈微循环\data\血管数据集\分类数据集\image\283_0.jpg,locked,,recovered_archive3/215,recovered_archive2/193,CAPorg5.jpg,1533.08,1620.08,1697.58,0.9463,0.9031,,0,0
known_dev,285,EXACT_RECOVERED_DEVELOPMENT,aug_rep_d8,E:\甲劈微循环\data\血管数据集\分类数据集\image\285_0.jpg,locked,,recovered_archive2/162,recovered_archive3/219,CAPorg4.jpg,1229.77,1250.09,1250.09,0.9837,0.9837,,0,0
known_dev,286,EXACT_RECOVERED_DEVELOPMENT,aug_rep_d8,E:\甲劈微循环\data\血管数据集\分类数据集\image\286_0.jpg,locked,,recovered_archive2/150,recovered_archive2/193,CAPorg9.jpg,927.65,1007.63,1007.63,0.9206,0.9206,,0,0
known_dev,287,EXACT_RECOVERED_DEVELOPMENT,aug_rep_d8,E:\甲劈微循环\data\血管数据集\分类数据集\image\287_0.jpg,locked,,recovered_archive3/204,recovered_archive2/193,CAPorg9.jpg,1442.93,1564.78,1564.78,0.9221,0.9221,,0,0
known_dev,288,EXACT_RECOVERED_DEVELOPMENT,aug_rep_d8,E:\甲劈微循环\data\血管数据集\分类数据集\image\288_0.jpg,locked,,recovered_archive3/215,recovered_archive3/247,CAPorg6.jpg,1155.44,1331.61,1331.61,0.8677,0.8677,,0,0
known_dev,289,EXACT_RECOVERED_DEVELOPMENT,aug_rep_d8,E:\甲劈微循环\data\血管数据集\分类数据集\image\289_0.jpg,locked,,recovered_archive1/46,recovered_archive2/193,CAPorg9.jpg,1483.61,1568.46,1904.3,0.9459,0.7791,,0,1
known_dev,291,EXACT_RECOVERED_DEVELOPMENT,aug_rep_d8,E:\甲劈微循环\data\血管数据集\分类数据集\image\291_0.jpg,locked,,recovered_archive1/92,recovered_archive3/219,CAPorg4.jpg,1352.63,1441.46,1441.46,0.9384,0.9384,,0,0
known_dev,292,EXACT_RECOVERED_DEVELOPMENT,aug_rep_d8,E:\甲劈微循环\data\血管数据集\分类数据集\image\292_0.jpg,locked,,recovered_archive3/246,recovered_archive2/193,CAPorg5.jpg,1275.46,1298.69,1694.95,0.9821,0.7525,,0,1
known_dev,293,EXACT_RECOVERED_DEVELOPMENT,aug_rep_d8,E:\甲劈微循环\data\血管数据集\分类数据集\image\293_0.jpg,locked,,recovered_archive3/266,recovered_archive2/193,CAPorg9.jpg,1047.62,1183.42,1256.57,0.8852,0.8337,,0,0
known_dev,294,EXACT_RECOVERED_DEVELOPMENT,aug_rep_d8,E:\甲劈微循环\data\血管数据集\分类数据集\image\294_0.jpg,locked,,recovered_archive2/116,recovered_archive3/219,CAPorg8.jpg,874.4,892.01,892.01,0.9803,0.9803,,0,0
known_dev,300,EXACT_RECOVERED_DEVELOPMENT,aug_rep_d8,E:\甲劈微循环\data\血管数据集\分类数据集\image\300_0.jpg,locked,,recovered_archive2/109,recovered_archive2/193,CAPorg9.jpg,1086.2,1377.93,1377.93,0.7883,0.7883,,1,1
known_dev,304,EXACT_RECOVERED_DEVELOPMENT,aug_rep_d8,E:\甲劈微循环\data\血管数据集\分类数据集\image\304_0.jpg,locked,,recovered_archive1/47,recovered_archive2/193,CAPorg9.jpg,1790.13,1932.19,1961.17,0.9265,0.9128,,0,0
known_dev,316,EXACT_RECOVERED_DEVELOPMENT,aug_rep_d8,E:\甲劈微循环\data\血管数据集\分类数据集\image\316_0.jpg,locked,,recovered_archive1/92,recovered_archive2/193,CAPorg9.jpg,1395.51,1427.41,1427.41,0.9777,0.9777,,0,0
known_dev,318,EXACT_RECOVERED_DEVELOPMENT,aug_rep_d8,E:\甲劈微循环\data\血管数据集\分类数据集\image\318_0.jpg,locked,,recovered_archive3/222,recovered_archive3/244,CAPorg5.jpg,1102.02,1283.48,1305.19,0.8586,0.8443,,0,0
known_dev,320,EXACT_RECOVERED_DEVELOPMENT,aug_rep_d8,E:\甲劈微循环\data\血管数据集\分类数据集\image\320_0.jpg,locked,,recovered_archive2/117,recovered_archive2/193,CAPorg9.jpg,1338.72,1464.23,1574.13,0.9143,0.8504,,0,0
known_dev,323,EXACT_RECOVERED_DEVELOPMENT,aug_rep_d8,E:\甲劈微循环\data\血管数据集\分类数据集\image\323_0.jpg,locked,,recovered_archive1/46,recovered_archive2/193,CAPorg9.jpg,1143.88,1165.7,1619.23,0.9813,0.7064,,0,1
known_dev,326,EXACT_RECOVERED_DEVELOPMENT,aug_rep_d8,E:\甲劈微循环\data\血管数据集\分类数据集\image\326_0.jpg,locked,,recovered_archive2/176,recovered_archive2/193,CAPorg9.jpg,1191.31,1212.64,1482.94,0.9824,0.8033,,0,0
known_dev,330,EXACT_RECOVERED_DEVELOPMENT,aug_rep_d8,E:\甲劈微循环\data\血管数据集\分类数据集\image\330_0.jpg,locked,,recovered_archive3/267,recovered_archive2/193,CAPorg4.jpg,1021.78,1034.89,1034.89,0.9873,0.9873,,0,0
known_dev,331,EXACT_RECOVERED_DEVELOPMENT,aug_rep_d8,E:\甲劈微循环\data\血管数据集\分类数据集\image\331_0.jpg,locked,,recovered_archive3/222,recovered_archive2/193,CAPorg9.jpg,943.03,1048.69,1048.69,0.8993,0.8993,,0,0
known_dev,334,EXACT_RECOVERED_DEVELOPMENT,aug_rep_d8,E:\甲劈微循环\data\血管数据集\分类数据集\image\334_0.jpg,locked,,recovered_archive2/150,recovered_archive3/244,CAPorg5.jpg,897.31,914.87,914.87,0.9808,0.9808,,0,0
known_dev,336,EXACT_RECOVERED_DEVELOPMENT,aug_rep_d8,E:\甲劈微循环\data\血管数据集\分类数据集\image\336_0.jpg,locked,,recovered_archive2/123,recovered_archive3/219,CAPorg11.jpg,1174.14,1290.56,1722.08,0.9098,0.6818,,0,1
known_dev,337,EXACT_RECOVERED_DEVELOPMENT,aug_rep_d8,E:\甲劈微循环\data\血管数据集\分类数据集\image\337_0.jpg,locked,,recovered_archive1/100,recovered_archive2/192,CAPorg10.jpg,1324.94,1339.11,1339.11,0.9894,0.9894,,0,0
known_dev,338,EXACT_RECOVERED_DEVELOPMENT,aug_rep_d8,E:\甲劈微循环\data\血管数据集\分类数据集\image\338_0.jpg,locked,,recovered_archive2/158,recovered_archive3/247,CAPorg6.jpg,1184.3,1555.77,1555.77,0.7612,0.7612,,1,1
known_dev,339,EXACT_RECOVERED_DEVELOPMENT,aug_rep_d8,E:\甲劈微循环\data\血管数据集\分类数据集\image\339_0.jpg,locked,,recovered_archive2/172,recovered_archive3/205,CAPorg6.jpg,1050.22,1083.52,1083.52,0.9693,0.9693,,0,0
known_dev,352,EXACT_RECOVERED_DEVELOPMENT,aug_rep_d8,E:\甲劈微循环\data\血管数据集\分类数据集\image\352_0.jpg,locked,,recovered_archive1/29,recovered_archive2/193,CAPorg9.jpg,1085.75,1161.8,1161.8,0.9345,0.9345,,0,0
known_dev,364,EXACT_RECOVERED_DEVELOPMENT,aug_rep_d8,E:\甲劈微循环\data\血管数据集\分类数据集\image\364_0.jpg,locked,,recovered_archive3/262,recovered_archive2/192,CAPorg2.jpg,1191.03,1372.07,1372.07,0.8681,0.8681,,0,0
known_dev,376,EXACT_RECOVERED_DEVELOPMENT,aug_rep_d8,E:\甲劈微循环\data\血管数据集\分类数据集\image\376_0.jpg,locked,,recovered_archive3/262,recovered_archive2/102,CAPorg3.jpg,1182.79,1196.85,1196.85,0.9883,0.9883,,0,0
known_dev,377,EXACT_RECOVERED_DEVELOPMENT,aug_rep_d8,E:\甲劈微循环\data\血管数据集\分类数据集\image\377_0.jpg,locked,,recovered_archive2/122,recovered_archive1/55,CAPorg5.jpg,1200.11,1359.21,1359.21,0.883,0.883,,0,0
known_dev,386,EXACT_RECOVERED_DEVELOPMENT,aug_rep_d8,E:\甲劈微循环\data\血管数据集\分类数据集\image\386_0.jpg,locked,,recovered_archive2/127,recovered_archive2/134,CAPorg5.jpg,1144.97,1159.47,1159.47,0.9875,0.9875,,0,0
known_dev,387,EXACT_RECOVERED_DEVELOPMENT,aug_rep_d8,E:\甲劈微循环\data\血管数据集\分类数据集\image\387_0.jpg,locked,,recovered_archive2/109,recovered_archive2/193,CAPorg9.jpg,1396.61,1763.91,1763.91,0.7918,0.7918,,1,1
known_dev,388,EXACT_RECOVERED_DEVELOPMENT,aug_rep_d8,E:\甲劈微循环\data\血管数据集\分类数据集\image\388_0.jpg,locked,,recovered_archive3/262,recovered_archive2/193,CAPorg4.jpg,1126.7,1143.64,1143.64,0.9852,0.9852,,0,0
known_dev,400,EXACT_RECOVERED_DEVELOPMENT,aug_rep_d8,E:\甲劈微循环\data\血管数据集\分类数据集\image\400_0.jpg,locked,,recovered_archive3/262,recovered_archive2/193,CAPorg4.jpg,993.25,1031.72,1031.72,0.9627,0.9627,,0,0
known_dev,403,EXACT_RECOVERED_DEVELOPMENT,aug_rep_d8,E:\甲劈微循环\data\血管数据集\分类数据集\image\403_0.jpg,locked,,recovered_archive2/123,recovered_archive2/193,CAPorg9.jpg,1515.75,1823.51,1823.51,0.8312,0.8312,,0,0
known_dev,408,EXACT_RECOVERED_DEVELOPMENT,aug_rep_d8,E:\甲劈微循环\data\血管数据集\分类数据集\image\408_0.jpg,locked,,recovered_archive3/266,recovered_archive2/193,CAPorg9.jpg,1264.36,1337.44,1337.44,0.9454,0.9454,,0,0
known_dev,411,EXACT_RECOVERED_DEVELOPMENT,aug_rep_d8,E:\甲劈微循环\data\血管数据集\分类数据集\image\411_0.jpg,locked,,recovered_archive3/220,recovered_archive2/193,CAPorg9.jpg,1192.96,1278.34,1490.26,0.9332,0.8005,,0,0
known_dev,496,EXACT_RECOVERED_DEVELOPMENT,aug_rep_d8,E:\甲劈微循环\data\血管数据集\分类数据集\image\496_0.jpg,locked,,recovered_archive1/71,recovered_archive3/219,CAPorg4.jpg,806.24,921.83,1159.01,0.8746,0.6956,,0,1
known_dev,502,EXACT_RECOVERED_DEVELOPMENT,aug_rep_d8,E:\甲劈微循环\data\血管数据集\分类数据集\image\502_0.jpg,locked,,recovered_archive2/189,recovered_archive3/203,CAPorg11.jpg,1075.34,1107.26,1128.17,0.9712,0.9532,,0,0
known_dev,503,EXACT_RECOVERED_DEVELOPMENT,aug_rep_d8,E:\甲劈微循环\data\血管数据集\分类数据集\image\503_0.jpg,locked,,recovered_archive1/66,recovered_archive1/98,CAPorg5.jpg,1487.06,1543.31,1543.31,0.9636,0.9636,,0,0
known_dev,505,EXACT_RECOVERED_DEVELOPMENT,aug_rep_d8,E:\甲劈微循环\data\血管数据集\分类数据集\image\505_0.jpg,locked,,recovered_archive3/262,recovered_archive3/230,CAPorg4.jpg,1068.9,1191.04,1191.04,0.8974,0.8974,,0,0
known_dev,507,EXACT_RECOVERED_DEVELOPMENT,aug_rep_d8,E:\甲劈微循环\data\血管数据集\分类数据集\image\507_0.jpg,locked,,recovered_archive3/246,recovered_archive2/102,CAPorg6.jpg,1025.22,1050.54,1069.82,0.9759,0.9583,,0,0
known_dev,515,EXACT_RECOVERED_DEVELOPMENT,aug_rep_d8,E:\甲劈微循环\data\血管数据集\分类数据集\image\515_0.jpg,locked,,recovered_archive1/100,recovered_archive3/219,CAPorg4.jpg,902.34,1006.62,1006.62,0.8964,0.8964,,0,0
known_dev,517,EXACT_RECOVERED_DEVELOPMENT,aug_rep_d8,E:\甲劈微循环\data\血管数据集\分类数据集\image\517_0.jpg,locked,,recovered_archive2/130,recovered_archive2/102,CAPorg5.jpg,1134.17,1202.38,1360.63,0.9433,0.8336,,0,0
known_dev,518,EXACT_RECOVERED_DEVELOPMENT,aug_rep_d8,E:\甲劈微循环\data\血管数据集\分类数据集\image\518_0.jpg,locked,,recovered_archive3/246,recovered_archive2/193,CAPorg9.jpg,1354.39,1588.08,1619.65,0.8529,0.8362,,0,0
known_dev,519,EXACT_RECOVERED_DEVELOPMENT,aug_rep_d8,E:\甲劈微循环\data\血管数据集\分类数据集\image\519_0.jpg,locked,,recovered_archive2/107,recovered_archive3/219,CAPorg4.jpg,965.37,1060.39,1233.03,0.9104,0.7829,,0,1
known_dev,523,EXACT_RECOVERED_DEVELOPMENT,aug_rep_d8,E:\甲劈微循环\data\血管数据集\分类数据集\image\523_0.jpg,locked,,recovered_archive1/30,recovered_archive2/102,CAPorg7.jpg,1591.39,1630.77,1704.95,0.9759,0.9334,,0,0
known_dev,527,EXACT_RECOVERED_DEVELOPMENT,aug_rep_d8,E:\甲劈微循环\data\血管数据集\分类数据集\image\527_0.jpg,locked,,recovered_archive2/123,recovered_archive3/219,CAPorg2.jpg,2380.94,2487.86,2487.86,0.957,0.957,,0,0
known_dev,535,EXACT_RECOVERED_DEVELOPMENT,aug_rep_d8,E:\甲劈微循环\data\血管数据集\分类数据集\image\535_0.jpg,locked,,recovered_archive2/189,recovered_archive2/102,CAPorg2.jpg,1304.75,1375.3,1517.66,0.9487,0.8597,,0,0
known_dev,543,EXACT_RECOVERED_DEVELOPMENT,aug_rep_d8,E:\甲劈微循环\data\血管数据集\分类数据集\image\543_0.jpg,locked,,recovered_archive3/262,recovered_archive3/244,CAPorg4.jpg,817.95,862.93,862.93,0.9479,0.9479,,0,0
known_dev,557,EXACT_RECOVERED_DEVELOPMENT,aug_rep_d8,E:\甲劈微循环\data\血管数据集\分类数据集\image\557_0.jpg,locked,,recovered_archive2/189,recovered_archive2/193,CAPorg4.jpg,1056.63,1094.0,1094.0,0.9658,0.9658,,0,0
known_dev,561,EXACT_RECOVERED_DEVELOPMENT,aug_rep_d8,E:\甲劈微循环\data\血管数据集\分类数据集\image\561_0.jpg,locked,,recovered_archive1/100,recovered_archive2/192,CAPorg4.jpg,945.99,989.88,1045.88,0.9557,0.9045,,0,0
known_dev,578,EXACT_RECOVERED_DEVELOPMENT,aug_rep_d8,E:\甲劈微循环\data\血管数据集\分类数据集\image\578_0.jpg,locked,,recovered_archive2/123,recovered_archive3/208,CAPorg9.jpg,1489.32,1496.74,1496.74,0.995,0.995,,0,0
known_dev,582,EXACT_RECOVERED_DEVELOPMENT,aug_rep_d8,E:\甲劈微循环\data\血管数据集\分类数据集\image\582_0.jpg,locked,,recovered_archive2/189,recovered_archive3/219,CAPorg4.jpg,970.77,1113.37,1266.16,0.8719,0.7667,,0,1
known_dev,24,EXACT_RECOVERED_DEVELOPMENT,preaug,E:\甲劈微循环\data\血管数据集\分类数据集\扩充之前\images\24.jpg,development,,recovered_archive2/114,recovered_archive2/114,CAPorg6.jpg,0.0,924.54,924.54,0.0,0.0,1,1,1
known_dev,47,EXACT_RECOVERED_DEVELOPMENT,preaug,E:\甲劈微循环\data\血管数据集\分类数据集\扩充之前\images\47.jpg,development,,recovered_archive2/183,recovered_archive2/183,CAPorg18.jpg,0.0,457.11,628.15,0.0,0.0,1,1,1
known_dev,49,EXACT_RECOVERED_DEVELOPMENT,preaug,E:\甲劈微循环\data\血管数据集\分类数据集\扩充之前\images\49.jpg,development,,recovered_archive3/206,recovered_archive3/206,CAPorg7.jpg,0.0,498.92,527.95,0.0,0.0,1,1,1
known_dev,54,EXACT_RECOVERED_DEVELOPMENT,preaug,E:\甲劈微循环\data\血管数据集\分类数据集\扩充之前\images\54.jpg,development,,recovered_archive1/47,recovered_archive1/47,CAPorg2.jpg,0.0,825.13,825.13,0.0,0.0,1,1,1
known_dev,57,EXACT_RECOVERED_DEVELOPMENT,preaug,E:\甲劈微循环\data\血管数据集\分类数据集\扩充之前\images\57.jpg,development,,recovered_archive1/100,recovered_archive1/100,CAPorg6.jpg,0.0,506.19,506.19,0.0,0.0,1,1,1
known_dev,68,EXACT_RECOVERED_DEVELOPMENT,preaug,E:\甲劈微循环\data\血管数据集\分类数据集\扩充之前\images\68.jpg,development,,recovered_archive3/246,recovered_archive3/246,CAPorg6.jpg,0.0,329.48,329.48,0.0,0.0,1,1,1
known_dev,85,EXACT_RECOVERED_DEVELOPMENT,preaug,E:\甲劈微循环\data\血管数据集\分类数据集\扩充之前\images\85.jpg,development,,recovered_archive1/29,recovered_archive1/29,CAPorg10.jpg,0.0,568.38,568.38,0.0,0.0,1,1,1
known_dev,86,EXACT_RECOVERED_DEVELOPMENT,preaug,E:\甲劈微循环\data\血管数据集\分类数据集\扩充之前\images\86.jpg,development,,recovered_archive1/29,recovered_archive1/29,CAPorg7.jpg,0.0,315.31,315.31,0.0,0.0,1,1,1
known_dev,87,EXACT_RECOVERED_DEVELOPMENT,preaug,E:\甲劈微循环\data\血管数据集\分类数据集\扩充之前\images\87.jpg,development,,recovered_archive2/191,recovered_archive2/191,CAPorg1.jpg,0.0,1104.77,1104.77,0.0,0.0,1,1,1
known_dev,88,EXACT_RECOVERED_DEVELOPMENT,preaug,E:\甲劈微循环\data\血管数据集\分类数据集\扩充之前\images\88.jpg,development,,recovered_archive2/118,recovered_archive2/118,CAPorg4.jpg,0.0,1196.94,1196.94,0.0,0.0,1,1,1
known_dev,113,EXACT_RECOVERED_DEVELOPMENT,preaug,E:\甲劈微循环\data\血管数据集\分类数据集\扩充之前\images\113.jpg,development,,recovered_archive1/71,recovered_archive1/71,CAPorg6.jpg,0.0,887.86,887.86,0.0,0.0,1,1,1
known_dev,121,EXACT_RECOVERED_DEVELOPMENT,preaug,E:\甲劈微循环\data\血管数据集\分类数据集\扩充之前\images\121.jpg,development,,recovered_archive2/171,recovered_archive2/171,CAPorg5.jpg,0.0,342.48,342.48,0.0,0.0,1,1,1
known_dev,124,EXACT_RECOVERED_DEVELOPMENT,preaug,E:\甲劈微循环\data\血管数据集\分类数据集\扩充之前\images\124.jpg,development,,recovered_archive3/267,recovered_archive3/267,CAPorg6.jpg,0.0,448.27,448.27,0.0,0.0,1,1,1
known_dev,145,EXACT_RECOVERED_DEVELOPMENT,preaug,E:\甲劈微循环\data\血管数据集\分类数据集\扩充之前\images\145.jpg,development,,recovered_archive1/28,recovered_archive1/28,CAPorg2.jpg,0.0,650.04,650.04,0.0,0.0,1,1,1
known_dev,171,EXACT_RECOVERED_DEVELOPMENT,preaug,E:\甲劈微循环\data\血管数据集\分类数据集\扩充之前\images\171.jpg,development,,recovered_archive1/96,recovered_archive1/96,CAPorg1.jpg,0.0,347.01,347.01,0.0,0.0,1,1,1
known_dev,190,EXACT_RECOVERED_DEVELOPMENT,preaug,E:\甲劈微循环\data\血管数据集\分类数据集\扩充之前\images\190.jpg,development,,recovered_archive3/262,recovered_archive3/262,CAPorg7.jpg,0.0,416.76,416.76,0.0,0.0,1,1,1
known_dev,194,EXACT_RECOVERED_DEVELOPMENT,preaug,E:\甲劈微循环\data\血管数据集\分类数据集\扩充之前\images\194.jpg,development,,recovered_archive1/45,recovered_archive1/45,CAPorg4.jpg,0.0,185.36,185.36,0.0,0.0,1,1,1
known_dev,200,EXACT_RECOVERED_DEVELOPMENT,preaug,E:\甲劈微循环\data\血管数据集\分类数据集\扩充之前\images\200.jpg,development,,recovered_archive2/132,recovered_archive2/132,CAPorg10.jpg,0.0,403.97,443.81,0.0,0.0,1,1,1
known_dev,201,EXACT_RECOVERED_DEVELOPMENT,preaug,E:\甲劈微循环\data\血管数据集\分类数据集\扩充之前\images\201.jpg,development,,recovered_archive1/71,recovered_archive1/71,CAPorg7.jpg,0.0,1048.31,1048.31,0.0,0.0,1,1,1
known_dev,214,EXACT_RECOVERED_DEVELOPMENT,preaug,E:\甲劈微循环\data\血管数据集\分类数据集\扩充之前\images\214.jpg,development,,recovered_archive2/136,recovered_archive2/136,CAPorg10.jpg,0.0,2272.32,2272.32,0.0,0.0,1,1,1
known_dev,224,EXACT_RECOVERED_DEVELOPMENT,preaug,E:\甲劈微循环\data\血管数据集\分类数据集\扩充之前\images\224.jpg,development,,recovered_archive2/123,recovered_archive2/123,CAPorg7.jpg,0.0,453.24,453.24,0.0,0.0,1,1,1
known_dev,249,EXACT_RECOVERED_DEVELOPMENT,preaug,E:\甲劈微循环\data\血管数据集\分类数据集\扩充之前\images\249.jpg,development,,recovered_archive1/72,recovered_archive1/72,CAPorg7.jpg,0.0,485.54,485.54,0.0,0.0,1,1,1
known_dev,250,EXACT_RECOVERED_DEVELOPMENT,preaug,E:\甲劈微循环\data\血管数据集\分类数据集\扩充之前\images\250.jpg,development,,recovered_archive2/168,recovered_archive2/168,CAPorg5.jpg,0.0,366.28,415.1,0.0,0.0,1,1,1
known_dev,251,EXACT_RECOVERED_DEVELOPMENT,preaug,E:\甲劈微循环\data\血管数据集\分类数据集\扩充之前\images\251.jpg,development,,recovered_archive2/132,recovered_archive2/132,CAPorg12.jpg,0.0,231.37,327.29,0.0,0.0,1,1,1
known_dev,252,EXACT_RECOVERED_DEVELOPMENT,preaug,E:\甲劈微循环\data\血管数据集\分类数据集\扩充之前\images\252.jpg,development,,recovered_archive1/72,recovered_archive1/72,CAPorg8.jpg,0.0,543.59,543.59,0.0,0.0,1,1,1
known_dev,255,EXACT_RECOVERED_DEVELOPMENT,preaug,E:\甲劈微循环\data\血管数据集\分类数据集\扩充之前\images\255.jpg,development,,recovered_archive1/95,recovered_archive1/95,CAPorg2.jpg,0.0,1075.63,1075.63,0.0,0.0,1,1,1
known_dev,256,EXACT_RECOVERED_DEVELOPMENT,preaug,E:\甲劈微循环\data\血管数据集\分类数据集\扩充之前\images\256.jpg,development,,recovered_archive1/95,recovered_archive1/95,CAPorg4.jpg,0.0,805.86,805.86,0.0,0.0,1,1,1
known_dev,258,EXACT_RECOVERED_DEVELOPMENT,preaug,E:\甲劈微循环\data\血管数据集\分类数据集\扩充之前\images\258.jpg,development,,recovered_archive1/60,recovered_archive1/60,CAPorg5.jpg,0.0,257.5,282.97,0.0,0.0,1,1,1
known_dev,259,EXACT_RECOVERED_DEVELOPMENT,preaug,E:\甲劈微循环\data\血管数据集\分类数据集\扩充之前\images\259.jpg,development,,recovered_archive1/95,recovered_archive1/95,CAPorg5.jpg,0.0,737.0,737.0,0.0,0.0,1,1,1
known_dev,260,EXACT_RECOVERED_DEVELOPMENT,preaug,E:\甲劈微循环\data\血管数据集\分类数据集\扩充之前\images\260.jpg,development,,recovered_archive1/95,recovered_archive1/95,CAPorg6.jpg,0.0,773.63,773.63,0.0,0.0,1,1,1
known_dev,261,EXACT_RECOVERED_DEVELOPMENT,preaug,E:\甲劈微循环\data\血管数据集\分类数据集\扩充之前\images\261.jpg,development,,recovered_archive1/29,recovered_archive1/29,CAPorg8.jpg,0.0,437.05,437.05,0.0,0.0,1,1,1
known_dev,262,EXACT_RECOVERED_DEVELOPMENT,preaug,E:\甲劈微循环\data\血管数据集\分类数据集\扩充之前\images\262.jpg,development,,recovered_archive2/118,recovered_archive2/118,CAPorg3.jpg,0.0,337.19,337.19,0.0,0.0,1,1,1
known_dev,263,EXACT_RECOVERED_DEVELOPMENT,preaug,E:\甲劈微循环\data\血管数据集\分类数据集\扩充之前\images\263.jpg,development,,recovered_archive1/28,recovered_archive1/28,CAPorg3.jpg,0.0,2304.0,2304.0,0.0,0.0,1,1,1
known_dev,264,EXACT_RECOVERED_DEVELOPMENT,preaug,E:\甲劈微循环\data\血管数据集\分类数据集\扩充之前\images\264.jpg,development,,recovered_archive1/60,recovered_archive1/60,CAPorg7.jpg,0.0,43.74,269.19,0.0,0.0,1,1,1
known_dev,266,EXACT_RECOVERED_DEVELOPMENT,preaug,E:\甲劈微循环\data\血管数据集\分类数据集\扩充之前\images\266.jpg,development,,recovered_archive1/60,recovered_archive1/60,CAPorg8.jpg,0.0,43.74,262.22,0.0,0.0,1,1,1
known_dev,267,EXACT_RECOVERED_DEVELOPMENT,preaug,E:\甲劈微循环\data\血管数据集\分类数据集\扩充之前\images\267.jpg,development,,recovered_archive2/149,recovered_archive2/149,CAPorg6.jpg,0.0,990.46,990.46,0.0,0.0,1,1,1
known_dev,269,EXACT_RECOVERED_DEVELOPMENT,preaug,E:\甲劈微循环\data\血管数据集\分类数据集\扩充之前\images\269.jpg,development,,recovered_archive3/206,recovered_archive3/206,CAPorg8.jpg,0.0,298.98,298.98,0.0,0.0,1,1,1
known_dev,270,EXACT_RECOVERED_DEVELOPMENT,preaug,E:\甲劈微循环\data\血管数据集\分类数据集\扩充之前\images\270.jpg,development,,recovered_archive1/60,recovered_archive1/60,CAPorg9.jpg,0.0,106.27,240.52,0.0,0.0,1,1,1
known_dev,272,EXACT_RECOVERED_DEVELOPMENT,preaug,E:\甲劈微循环\data\血管数据集\分类数据集\扩充之前\images\272.jpg,development,,recovered_archive3/225,recovered_archive3/225,CAPorg8.jpg,0.0,374.73,374.73,0.0,0.0,1,1,1
known_dev,277,EXACT_RECOVERED_DEVELOPMENT,preaug,E:\甲劈微循环\data\血管数据集\分类数据集\扩充之前\images\277.jpg,development,,recovered_archive1/53,recovered_archive1/53,CAPorg3.jpg,0.0,2304.0,2304.0,0.0,0.0,1,1,1
known_dev,278,EXACT_RECOVERED_DEVELOPMENT,preaug,E:\甲劈微循环\data\血管数据集\分类数据集\扩充之前\images\278.jpg,development,,recovered_archive3/228,recovered_archive3/228,CAPorg6.jpg,0.0,1416.29,1416.29,0.0,0.0,1,1,1
known_dev,280,EXACT_RECOVERED_DEVELOPMENT,preaug,E:\甲劈微循环\data\血管数据集\分类数据集\扩充之前\images\280.jpg,development,,recovered_archive2/162,recovered_archive2/162,CAPorg17.jpg,0.0,1007.72,1007.72,0.0,0.0,1,1,1
known_dev,281,EXACT_RECOVERED_DEVELOPMENT,preaug,E:\甲劈微循环\data\血管数据集\分类数据集\扩充之前\images\281.jpg,development,,recovered_archive2/168,recovered_archive2/168,CAPorg3.jpg,0.0,762.7,787.0,0.0,0.0,1,1,1
known_dev,282,EXACT_RECOVERED_DEVELOPMENT,preaug,E:\甲劈微循环\data\血管数据集\分类数据集\扩充之前\images\282.jpg,development,,recovered_archive3/231,recovered_archive3/231,CAPorg9.jpg,0.01,547.48,547.48,0.0,0.0,1,1,1
known_dev,283,EXACT_RECOVERED_DEVELOPMENT,preaug,E:\甲劈微循环\data\血管数据集\分类数据集\扩充之前\images\283.jpg,development,,recovered_archive3/215,recovered_archive3/215,CAPorg4.jpg,0.0,923.78,923.78,0.0,0.0,1,1,1
known_dev,285,EXACT_RECOVERED_DEVELOPMENT,preaug,E:\甲劈微循环\data\血管数据集\分类数据集\扩充之前\images\285.jpg,development,,recovered_archive2/162,recovered_archive2/162,CAPorg18.jpg,0.0,330.63,563.85,0.0,0.0,1,1,1
known_dev,286,EXACT_RECOVERED_DEVELOPMENT,preaug,E:\甲劈微循环\data\血管数据集\分类数据集\扩充之前\images\286.jpg,development,,recovered_archive2/150,recovered_archive2/150,CAPorg6.jpg,0.0,465.34,465.34,0.0,0.0,1,1,1
known_dev,287,EXACT_RECOVERED_DEVELOPMENT,preaug,E:\甲劈微循环\data\血管数据集\分类数据集\扩充之前\images\287.jpg,development,,recovered_archive3/204,recovered_archive3/204,CAPorg2.jpg,0.0,145.35,758.21,0.0,0.0,1,1,1
known_dev,288,EXACT_RECOVERED_DEVELOPMENT,preaug,E:\甲劈微循环\data\血管数据集\分类数据集\扩充之前\images\288.jpg,development,,recovered_archive3/215,recovered_archive3/215,CAPorg6.jpg,0.0,1296.62,1296.62,0.0,0.0,1,1,1
known_dev,289,EXACT_RECOVERED_DEVELOPMENT,preaug,E:\甲劈微循环\data\血管数据集\分类数据集\扩充之前\images\289.jpg,development,,recovered_archive1/46,recovered_archive1/46,CAPorg9.jpg,0.0,1374.56,1374.56,0.0,0.0,1,1,1
known_dev,291,EXACT_RECOVERED_DEVELOPMENT,preaug,E:\甲劈微循环\data\血管数据集\分类数据集\扩充之前\images\291.jpg,development,,recovered_archive1/92,recovered_archive1/92,CAPorg2.jpg,0.0,495.53,495.53,0.0,0.0,1,1,1
known_dev,292,EXACT_RECOVERED_DEVELOPMENT,preaug,E:\甲劈微循环\data\血管数据集\分类数据集\扩充之前\images\292.jpg,development,,recovered_archive3/246,recovered_archive3/246,CAPorg4.jpg,0.0,1582.79,1582.79,0.0,0.0,1,1,1
known_dev,293,EXACT_RECOVERED_DEVELOPMENT,preaug,E:\甲劈微循环\data\血管数据集\分类数据集\扩充之前\images\293.jpg,development,,recovered_archive3/266,recovered_archive3/266,CAPorg6.jpg,0.0,227.62,270.57,0.0,0.0,1,1,1
known_dev,294,EXACT_RECOVERED_DEVELOPMENT,preaug,E:\甲劈微循环\data\血管数据集\分类数据集\扩充之前\images\294.jpg,development,,recovered_archive2/116,recovered_archive2/116,CAPorg2.jpg,0.0,202.86,202.86,0.0,0.0,1,1,1
known_dev,300,EXACT_RECOVERED_DEVELOPMENT,preaug,E:\甲劈微循环\data\血管数据集\分类数据集\扩充之前\images\300.jpg,development,,recovered_archive2/109,recovered_archive2/109,CAPorg9.jpg,0.0,623.7,623.7,0.0,0.0,1,1,1
known_dev,304,EXACT_RECOVERED_DEVELOPMENT,preaug,E:\甲劈微循环\data\血管数据集\分类数据集\扩充之前\images\304.jpg,development,,recovered_archive1/47,recovered_archive1/47,CAPorg3.jpg,0.0,911.36,911.36,0.0,0.0,1,1,1
known_dev,316,EXACT_RECOVERED_DEVELOPMENT,preaug,E:\甲劈微循环\data\血管数据集\分类数据集\扩充之前\images\316.jpg,development,,recovered_archive1/92,recovered_archive1/92,CAPorg3.jpg,0.0,357.35,357.35,0.0,0.0,1,1,1
known_dev,318,EXACT_RECOVERED_DEVELOPMENT,preaug,E:\甲劈微循环\data\血管数据集\分类数据集\扩充之前\images\318.jpg,development,,recovered_archive3/222,recovered_archive3/222,CAPorg9.jpg,0.0,767.31,767.31,0.0,0.0,1,1,1
known_dev,320,EXACT_RECOVERED_DEVELOPMENT,preaug,E:\甲劈微循环\data\血管数据集\分类数据集\扩充之前\images\320.jpg,development,,recovered_archive2/117,recovered_archive2/117,CAPorg4.jpg,0.0,900.98,900.98,0.0,0.0,1,1,1
known_dev,323,EXACT_RECOVERED_DEVELOPMENT,preaug,E:\甲劈微循环\data\血管数据集\分类数据集\扩充之前\images\323.jpg,development,,recovered_archive1/46,recovered_archive1/46,CAPorg6.jpg,0.0,1390.38,1390.38,0.0,0.0,1,1,1
known_dev,326,EXACT_RECOVERED_DEVELOPMENT,preaug,E:\甲劈微循环\data\血管数据集\分类数据集\扩充之前\images\326.jpg,development,,recovered_archive2/176,recovered_archive2/176,CAPorg12.jpg,0.0,952.78,952.78,0.0,0.0,1,1,1
known_dev,330,EXACT_RECOVERED_DEVELOPMENT,preaug,E:\甲劈微循环\data\血管数据集\分类数据集\扩充之前\images\330.jpg,development,,recovered_archive3/267,recovered_archive3/267,CAPorg6.jpg,0.0,448.27,448.27,0.0,0.0,1,1,1
known_dev,331,EXACT_RECOVERED_DEVELOPMENT,preaug,E:\甲劈微循环\data\血管数据集\分类数据集\扩充之前\images\331.jpg,development,,recovered_archive3/222,recovered_archive3/222,CAPorg4.jpg,0.0,557.16,557.16,0.0,0.0,1,1,1
known_dev,334,EXACT_RECOVERED_DEVELOPMENT,preaug,E:\甲劈微循环\data\血管数据集\分类数据集\扩充之前\images\334.jpg,development,,recovered_archive2/150,recovered_archive2/150,CAPorg7.jpg,0.0,488.28,488.28,0.0,0.0,1,1,1
known_dev,336,EXACT_RECOVERED_DEVELOPMENT,preaug,E:\甲劈微循环\data\血管数据集\分类数据集\扩充之前\images\336.jpg,development,,recovered_archive2/123,recovered_archive2/123,CAPorg1.jpg,0.0,120.92,120.92,0.0,0.0,1,1,1
known_dev,337,EXACT_RECOVERED_DEVELOPMENT,preaug,E:\甲劈微循环\data\血管数据集\分类数据集\扩充之前\images\337.jpg,development,,recovered_archive1/100,recovered_archive1/100,CAPorg6.jpg,0.0,506.19,506.19,0.0,0.0,1,1,1
known_dev,338,EXACT_RECOVERED_DEVELOPMENT,preaug,E:\甲劈微循环\data\血管数据集\分类数据集\扩充之前\images\338.jpg,development,,recovered_archive2/158,recovered_archive2/158,CAPorg10.jpg,0.0,102.43,182.28,0.0,0.0,1,1,1
known_dev,339,EXACT_RECOVERED_DEVELOPMENT,preaug,E:\甲劈微循环\data\血管数据集\分类数据集\扩充之前\images\339.jpg,development,,recovered_archive2/172,recovered_archive2/172,CAPorg10.jpg,0.0,165.85,165.85,0.0,0.0,1,1,1
known_dev,352,EXACT_RECOVERED_DEVELOPMENT,preaug,E:\甲劈微循环\data\血管数据集\分类数据集\扩充之前\images\352.jpg,development,,recovered_archive1/29,recovered_archive1/29,CAPorg6.jpg,0.0,298.07,298.07,0.0,0.0,1,1,1
known_dev,364,EXACT_RECOVERED_DEVELOPMENT,preaug,E:\甲劈微循环\data\血管数据集\分类数据集\扩充之前\images\364.jpg,development,,recovered_archive3/262,recovered_archive3/262,CAPorg3.jpg,0.0,511.65,511.65,0.0,0.0,1,1,1
known_dev,376,EXACT_RECOVERED_DEVELOPMENT,preaug,E:\甲劈微循环\data\血管数据集\分类数据集\扩充之前\images\376.jpg,development,,recovered_archive3/262,recovered_archive3/262,CAPorg4.jpg,0.0,411.3,430.66,0.0,0.0,1,1,1
known_dev,377,EXACT_RECOVERED_DEVELOPMENT,preaug,E:\甲劈微循环\data\血管数据集\分类数据集\扩充之前\images\377.jpg,development,,recovered_archive2/122,recovered_archive2/122,CAPorg9.jpg,0.0,304.05,304.05,0.0,0.0,1,1,1
known_dev,386,EXACT_RECOVERED_DEVELOPMENT,preaug,E:\甲劈微循环\data\血管数据集\分类数据集\扩充之前\images\386.jpg,development,,recovered_archive2/127,recovered_archive2/127,CAPorg6.jpg,0.0,362.95,621.41,0.0,0.0,1,1,1
known_dev,387,EXACT_RECOVERED_DEVELOPMENT,preaug,E:\甲劈微循环\data\血管数据集\分类数据集\扩充之前\images\387.jpg,development,,recovered_archive2/109,recovered_archive2/109,CAPorg2.jpg,0.0,1001.64,1001.64,0.0,0.0,1,1,1
known_dev,388,EXACT_RECOVERED_DEVELOPMENT,preaug,E:\甲劈微循环\data\血管数据集\分类数据集\扩充之前\images\388.jpg,development,,recovered_archive3/262,recovered_archive3/262,CAPorg5.jpg,0.0,265.42,265.42,0.0,0.0,1,1,1
known_dev,400,EXACT_RECOVERED_DEVELOPMENT,preaug,E:\甲劈微循环\data\血管数据集\分类数据集\扩充之前\images\400.jpg,development,,recovered_archive3/262,recovered_archive3/262,CAPorg7.jpg,0.0,416.76,416.76,0.0,0.0,1,1,1
known_dev,403,EXACT_RECOVERED_DEVELOPMENT,preaug,E:\甲劈微循环\data\血管数据集\分类数据集\扩充之前\images\403.jpg,development,,recovered_archive2/123,recovered_archive2/123,CAPorg4.jpg,0.0,409.82,409.82,0.0,0.0,1,1,1
known_dev,408,EXACT_RECOVERED_DEVELOPMENT,preaug,E:\甲劈微循环\data\血管数据集\分类数据集\扩充之前\images\408.jpg,development,,recovered_archive3/266,recovered_archive3/266,CAPorg3.jpg,0.0,501.08,517.49,0.0,0.0,1,1,1
known_dev,411,EXACT_RECOVERED_DEVELOPMENT,preaug,E:\甲劈微循环\data\血管数据集\分类数据集\扩充之前\images\411.jpg,development,,recovered_archive3/220,recovered_archive3/220,CAPorg10.jpg,0.0,639.46,669.29,0.0,0.0,1,1,1
known_dev,496,EXACT_RECOVERED_DEVELOPMENT,preaug,E:\甲劈微循环\data\血管数据集\分类数据集\扩充之前\images\496.jpg,development,,recovered_archive1/71,recovered_archive1/71,CAPorg3.jpg,0.0,362.24,362.24,0.0,0.0,1,1,1
known_dev,502,EXACT_RECOVERED_DEVELOPMENT,preaug,E:\甲劈微循环\data\血管数据集\分类数据集\扩充之前\images\502.jpg,development,,recovered_archive2/189,recovered_archive2/189,CAPorg3.jpg,0.0,226.67,226.67,0.0,0.0,1,1,1
known_dev,503,EXACT_RECOVERED_DEVELOPMENT,preaug,E:\甲劈微循环\data\血管数据集\分类数据集\扩充之前\images\503.jpg,development,,recovered_archive1/66,recovered_archive1/66,CAPorg3.jpg,0.0,1360.64,1360.64,0.0,0.0,1,1,1
known_dev,505,EXACT_RECOVERED_DEVELOPMENT,preaug,E:\甲劈微循环\data\血管数据集\分类数据集\扩充之前\images\505.jpg,development,,recovered_archive3/262,recovered_archive3/262,CAPorg3.jpg,0.0,511.65,511.65,0.0,0.0,1,1,1
known_dev,507,EXACT_RECOVERED_DEVELOPMENT,preaug,E:\甲劈微循环\data\血管数据集\分类数据集\扩充之前\images\507.jpg,development,,recovered_archive3/246,recovered_archive3/246,CAPorg3.jpg,0.0,505.43,505.43,0.0,0.0,1,1,1
known_dev,515,EXACT_RECOVERED_DEVELOPMENT,preaug,E:\甲劈微循环\data\血管数据集\分类数据集\扩充之前\images\515.jpg,development,,recovered_archive1/100,recovered_archive1/100,CAPorg4.jpg,0.0,186.6,186.6,0.0,0.0,1,1,1
known_dev,517,EXACT_RECOVERED_DEVELOPMENT,preaug,E:\甲劈微循环\data\血管数据集\分类数据集\扩充之前\images\517.jpg,development,,recovered_archive2/130,recovered_archive2/130,CAPorg2.jpg,0.0,313.06,313.06,0.0,0.0,1,1,1
known_dev,518,EXACT_RECOVERED_DEVELOPMENT,preaug,E:\甲劈微循环\data\血管数据集\分类数据集\扩充之前\images\518.jpg,development,,recovered_archive3/246,recovered_archive3/246,CAPorg4.jpg,0.0,1582.79,1582.79,0.0,0.0,1,1,1
known_dev,519,EXACT_RECOVERED_DEVELOPMENT,preaug,E:\甲劈微循环\data\血管数据集\分类数据集\扩充之前\images\519.jpg,development,,recovered_archive2/107,recovered_archive2/107,CAPorg4.jpg,0.0,234.93,506.16,0.0,0.0,1,1,1
known_dev,523,EXACT_RECOVERED_DEVELOPMENT,preaug,E:\甲劈微循环\data\血管数据集\分类数据集\扩充之前\images\523.jpg,development,,recovered_archive1/30,recovered_archive1/30,CAPorg4.jpg,0.0,1132.7,1132.7,0.0,0.0,1,1,1
known_dev,527,EXACT_RECOVERED_DEVELOPMENT,preaug,E:\甲劈微循环\data\血管数据集\分类数据集\扩充之前\images\527.jpg,development,,recovered_archive2/123,recovered_archive2/123,CAPorg4.jpg,0.0,409.82,409.82,0.0,0.0,1,1,1
known_dev,535,EXACT_RECOVERED_DEVELOPMENT,preaug,E:\甲劈微循环\data\血管数据集\分类数据集\扩充之前\images\535.jpg,development,,recovered_archive2/189,recovered_archive2/189,CAPorg4.jpg,0.0,267.38,267.38,0.0,0.0,1,1,1
known_dev,543,EXACT_RECOVERED_DEVELOPMENT,preaug,E:\甲劈微循环\data\血管数据集\分类数据集\扩充之前\images\543.jpg,development,,recovered_archive3/262,recovered_archive3/262,CAPorg5.jpg,0.0,265.42,265.42,0.0,0.0,1,1,1
known_dev,557,EXACT_RECOVERED_DEVELOPMENT,preaug,E:\甲劈微循环\data\血管数据集\分类数据集\扩充之前\images\557.jpg,development,,recovered_archive2/189,recovered_archive2/189,CAPorg5.jpg,0.0,338.92,441.88,0.0,0.0,1,1,1
known_dev,561,EXACT_RECOVERED_DEVELOPMENT,preaug,E:\甲劈微循环\data\血管数据集\分类数据集\扩充之前\images\561.jpg,development,,recovered_archive1/100,recovered_archive1/100,CAPorg3.jpg,0.0,317.29,317.29,0.0,0.0,1,1,1
known_dev,578,EXACT_RECOVERED_DEVELOPMENT,preaug,E:\甲劈微循环\data\血管数据集\分类数据集\扩充之前\images\578.jpg,development,,recovered_archive2/123,recovered_archive2/123,CAPorg6.jpg,0.0,871.62,871.62,0.0,0.0,1,1,1
known_dev,582,EXACT_RECOVERED_DEVELOPMENT,preaug,E:\甲劈微循环\data\血管数据集\分类数据集\扩充之前\images\582.jpg,development,,recovered_archive2/189,recovered_archive2/189,CAPorg6.jpg,0.0,380.19,402.72,0.0,0.0,1,1,1
known_dev,24,EXACT_RECOVERED_DEVELOPMENT,preaug,E:\甲劈微循环\data\血管数据集\分类数据集\扩充之前\images\24.jpg,locked,,recovered_archive2/114,recovered_archive2/192,CAPorg6.jpg,953.87,976.26,1166.14,0.9771,0.818,,0,0
known_dev,47,EXACT_RECOVERED_DEVELOPMENT,preaug,E:\甲劈微循环\data\血管数据集\分类数据集\扩充之前\images\47.jpg,locked,,recovered_archive2/183,recovered_archive3/255,CAPorg4.jpg,610.16,649.9,649.9,0.9388,0.9388,,0,0
known_dev,49,EXACT_RECOVERED_DEVELOPMENT,preaug,E:\甲劈微循环\data\血管数据集\分类数据集\扩充之前\images\49.jpg,locked,,recovered_archive3/206,recovered_archive1/39,CAPorg7.jpg,499.52,519.41,519.41,0.9617,0.9617,,0,0
known_dev,54,EXACT_RECOVERED_DEVELOPMENT,preaug,E:\甲劈微循环\data\血管数据集\分类数据集\扩充之前\images\54.jpg,locked,,recovered_archive1/47,recovered_archive2/102,CAPorg3.jpg,885.32,932.94,1123.65,0.949,0.7879,,0,1
known_dev,57,EXACT_RECOVERED_DEVELOPMENT,preaug,E:\甲劈微循环\data\血管数据集\分类数据集\扩充之前\images\57.jpg,locked,,recovered_archive1/100,recovered_archive1/39,CAPorg4.jpg,446.18,489.38,489.38,0.9117,0.9117,,0,0
known_dev,68,EXACT_RECOVERED_DEVELOPMENT,preaug,E:\甲劈微循环\data\血管数据集\分类数据集\扩充之前\images\68.jpg,locked,,recovered_archive3/246,recovered_archive2/102,CAPorg8.jpg,549.23,569.79,569.79,0.9639,0.9639,,0,0
known_dev,85,EXACT_RECOVERED_DEVELOPMENT,preaug,E:\甲劈微循环\data\血管数据集\分类数据集\扩充之前\images\85.jpg,locked,,recovered_archive1/29,recovered_archive2/192,CAPorg7.jpg,798.49,802.81,802.81,0.9946,0.9946,,0,0
known_dev,86,EXACT_RECOVERED_DEVELOPMENT,preaug,E:\甲劈微循环\data\血管数据集\分类数据集\扩充之前\images\86.jpg,locked,,recovered_archive1/29,recovered_archive1/36,CAPorg4.jpg,389.87,621.08,693.49,0.6277,0.5622,,1,1
known_dev,87,EXACT_RECOVERED_DEVELOPMENT,preaug,E:\甲劈微循环\data\血管数据集\分类数据集\扩充之前\images\87.jpg,locked,,recovered_archive2/191,recovered_archive2/156,CAPorg5.jpg,1211.54,1271.83,1271.83,0.9526,0.9526,,0,0
known_dev,88,EXACT_RECOVERED_DEVELOPMENT,preaug,E:\甲劈微循环\data\血管数据集\分类数据集\扩充之前\images\88.jpg,locked,,recovered_archive2/118,recovered_archive2/156,CAPorg5.jpg,1389.66,1428.59,1428.59,0.9727,0.9727,,0,0
known_dev,113,EXACT_RECOVERED_DEVELOPMENT,preaug,E:\甲劈微循环\data\血管数据集\分类数据集\扩充之前\images\113.jpg,locked,,recovered_archive1/71,recovered_archive3/236,CAPorg1.jpg,850.15,1123.66,1123.66,0.7566,0.7566,,1,1
known_dev,121,EXACT_RECOVERED_DEVELOPMENT,preaug,E:\甲劈微循环\data\血管数据集\分类数据集\扩充之前\images\121.jpg,locked,,recovered_archive2/171,recovered_archive3/203,CAPorg3.jpg,542.08,565.68,565.68,0.9583,0.9583,,0,0
known_dev,124,EXACT_RECOVERED_DEVELOPMENT,preaug,E:\甲劈微循环\data\血管数据集\分类数据集\扩充之前\images\124.jpg,locked,,recovered_archive3/267,recovered_archive3/244,CAPorg7.jpg,592.67,599.25,599.25,0.989,0.989,,0,0
known_dev,145,EXACT_RECOVERED_DEVELOPMENT,preaug,E:\甲劈微循环\data\血管数据集\分类数据集\扩充之前\images\145.jpg,locked,,recovered_archive1/28,recovered_archive3/244,CAPorg1.jpg,744.37,884.11,884.11,0.8419,0.8419,,0,0
known_dev,171,EXACT_RECOVERED_DEVELOPMENT,preaug,E:\甲劈微循环\data\血管数据集\分类数据集\扩充之前\images\171.jpg,locked,,recovered_archive1/96,recovered_archive3/203,CAPorg10.jpg,323.15,355.03,493.66,0.9102,0.6546,,0,1
known_dev,190,EXACT_RECOVERED_DEVELOPMENT,preaug,E:\甲劈微循环\data\血管数据集\分类数据集\扩充之前\images\190.jpg,locked,,recovered_archive3/262,recovered_archive2/166,CAPorg14.jpg,327.35,347.28,378.78,0.9426,0.8642,,0,0
known_dev,194,EXACT_RECOVERED_DEVELOPMENT,preaug,E:\甲劈微循环\data\血管数据集\分类数据集\扩充之前\images\194.jpg,locked,,recovered_archive1/45,recovered_archive2/166,CAPorg16.jpg,175.15,206.21,206.21,0.8494,0.8494,,0,0
known_dev,200,EXACT_RECOVERED_DEVELOPMENT,preaug,E:\甲劈微循环\data\血管数据集\分类数据集\扩充之前\images\200.jpg,locked,,recovered_archive2/132,recovered_archive2/196,CAPorg5.jpg,439.47,542.35,542.35,0.8103,0.8103,,0,0
known_dev,201,EXACT_RECOVERED_DEVELOPMENT,preaug,E:\甲劈微循环\data\血管数据集\分类数据集\扩充之前\images\201.jpg,locked,,recovered_archive1/71,recovered_archive2/156,CAPorg5.jpg,1065.94,1164.46,1164.46,0.9154,0.9154,,0,0
known_dev,214,EXACT_RECOVERED_DEVELOPMENT,preaug,E:\甲劈微循环\data\血管数据集\分类数据集\扩充之前\images\214.jpg,locked,,recovered_archive2/136,recovered_archive3/236,CAPorg1.jpg,2616.3,2725.79,2725.79,0.9598,0.9598,,0,0
known_dev,224,EXACT_RECOVERED_DEVELOPMENT,preaug,E:\甲劈微循环\data\血管数据集\分类数据集\扩充之前\images\224.jpg,locked,,recovered_archive2/123,recovered_archive3/258,CAPorg4.jpg,580.48,600.7,674.63,0.9663,0.8604,,0,0
known_dev,249,EXACT_RECOVERED_DEVELOPMENT,preaug,E:\甲劈微循环\data\血管数据集\分类数据集\扩充之前\images\249.jpg,locked,,recovered_archive1/72,recovered_archive2/157,CAPorg6.jpg,406.48,468.56,468.56,0.8675,0.8675,,0,0
known_dev,250,EXACT_RECOVERED_DEVELOPMENT,preaug,E:\甲劈微循环\data\血管数据集\分类数据集\扩充之前\images\250.jpg,locked,,recovered_archive2/168,recovered_archive3/258,CAPorg6.jpg,493.51,523.2,523.2,0.9433,0.9433,,0,0
known_dev,251,EXACT_RECOVERED_DEVELOPMENT,preaug,E:\甲劈微循环\data\血管数据集\分类数据集\扩充之前\images\251.jpg,locked,,recovered_archive2/132,recovered_archive2/196,CAPorg6.jpg,416.19,484.7,484.7,0.8587,0.8587,,0,0
known_dev,252,EXACT_RECOVERED_DEVELOPMENT,preaug,E:\甲劈微循环\data\血管数据集\分类数据集\扩充之前\images\252.jpg,locked,,recovered_archive1/72,recovered_archive1/77,CAPorg2.jpg,569.15,590.32,590.32,0.9641,0.9641,,0,0
known_dev,255,EXACT_RECOVERED_DEVELOPMENT,preaug,E:\甲劈微循环\data\血管数据集\分类数据集\扩充之前\images\255.jpg,locked,,recovered_archive1/95,recovered_archive3/203,CAPorg15.jpg,1128.6,1129.62,1129.62,0.9991,0.9991,,0,0
known_dev,256,EXACT_RECOVERED_DEVELOPMENT,preaug,E:\甲劈微循环\data\血管数据集\分类数据集\扩充之前\images\256.jpg,locked,,recovered_archive1/95,recovered_archive2/192,CAPorg6.jpg,844.75,918.64,923.62,0.9196,0.9146,,0,0
known_dev,258,EXACT_RECOVERED_DEVELOPMENT,preaug,E:\甲劈微循环\data\血管数据集\分类数据集\扩充之前\images\258.jpg,locked,,recovered_archive1/60,recovered_archive2/140,CAPorg14.jpg,413.3,428.1,428.1,0.9654,0.9654,,0,0
known_dev,259,EXACT_RECOVERED_DEVELOPMENT,preaug,E:\甲劈微循环\data\血管数据集\分类数据集\扩充之前\images\259.jpg,locked,,recovered_archive1/95,recovered_archive3/203,CAPorg15.jpg,939.76,941.36,941.36,0.9983,0.9983,,0,0
known_dev,260,EXACT_RECOVERED_DEVELOPMENT,preaug,E:\甲劈微循环\data\血管数据集\分类数据集\扩充之前\images\260.jpg,locked,,recovered_archive1/95,recovered_archive1/39,CAPorg5.jpg,865.94,888.92,894.7,0.9741,0.9679,,0,0
known_dev,261,EXACT_RECOVERED_DEVELOPMENT,preaug,E:\甲劈微循环\data\血管数据集\分类数据集\扩充之前\images\261.jpg,locked,,recovered_archive1/29,recovered_archive2/192,CAPorg2.jpg,518.95,625.76,625.76,0.8293,0.8293,,0,0
known_dev,262,EXACT_RECOVERED_DEVELOPMENT,preaug,E:\甲劈微循环\data\血管数据集\分类数据集\扩充之前\images\262.jpg,locked,,recovered_archive2/118,recovered_archive1/65,CAPorg11.jpg,342.44,401.78,401.78,0.8523,0.8523,,0,0
known_dev,263,EXACT_RECOVERED_DEVELOPMENT,preaug,E:\甲劈微循环\data\血管数据集\分类数据集\扩充之前\images\263.jpg,locked,,recovered_archive1/28,recovered_archive2/131,CAPorg2.jpg,3338.33,3343.39,3373.37,0.9985,0.9896,,0,0
known_dev,264,EXACT_RECOVERED_DEVELOPMENT,preaug,E:\甲劈微循环\data\血管数据集\分类数据集\扩充之前\images\264.jpg,locked,,recovered_archive1/60,recovered_archive2/140,CAPorg10.jpg,297.93,303.71,303.71,0.981,0.981,,0,0
known_dev,266,EXACT_RECOVERED_DEVELOPMENT,preaug,E:\甲劈微循环\data\血管数据集\分类数据集\扩充之前\images\266.jpg,locked,,recovered_archive1/60,recovered_archive2/140,CAPorg10.jpg,287.45,326.71,326.71,0.8799,0.8799,,0,0
known_dev,267,EXACT_RECOVERED_DEVELOPMENT,preaug,E:\甲劈微循环\data\血管数据集\分类数据集\扩充之前\images\267.jpg,locked,,recovered_archive2/149,recovered_archive3/258,CAPorg8.jpg,1016.28,1041.07,1094.32,0.9762,0.9287,,0,0
known_dev,269,EXACT_RECOVERED_DEVELOPMENT,preaug,E:\甲劈微循环\data\血管数据集\分类数据集\扩充之前\images\269.jpg,locked,,recovered_archive3/206,recovered_archive1/39,CAPorg3.jpg,283.6,311.14,374.75,0.9115,0.7568,,0,1
known_dev,270,EXACT_RECOVERED_DEVELOPMENT,preaug,E:\甲劈微循环\data\血管数据集\分类数据集\扩充之前\images\270.jpg,locked,,recovered_archive1/60,recovered_archive2/140,CAPorg11.jpg,316.49,325.1,325.1,0.9735,0.9735,,0,0
known_dev,272,EXACT_RECOVERED_DEVELOPMENT,preaug,E:\甲劈微循环\data\血管数据集\分类数据集\扩充之前\images\272.jpg,locked,,recovered_archive3/225,recovered_archive3/258,CAPorg5.jpg,382.78,439.7,446.78,0.8705,0.8567,,0,0
known_dev,277,EXACT_RECOVERED_DEVELOPMENT,preaug,E:\甲劈微循环\data\血管数据集\分类数据集\扩充之前\images\277.jpg,locked,,recovered_archive1/53,recovered_archive2/131,CAPorg3.jpg,2889.24,2924.41,2960.0,0.988,0.9761,,0,0
known_dev,278,EXACT_RECOVERED_DEVELOPMENT,preaug,E:\甲劈微循环\data\血管数据集\分类数据集\扩充之前\images\278.jpg,locked,,recovered_archive3/228,recovered_archive2/157,CAPorg9.jpg,1430.94,1536.6,1536.6,0.9312,0.9312,,0,0
known_dev,280,EXACT_RECOVERED_DEVELOPMENT,preaug,E:\甲劈微循环\data\血管数据集\分类数据集\扩充之前\images\280.jpg,locked,,recovered_archive2/162,recovered_archive2/157,CAPorg8.jpg,939.23,1062.0,1062.0,0.8844,0.8844,,0,0
known_dev,281,EXACT_RECOVERED_DEVELOPMENT,preaug,E:\甲劈微循环\data\血管数据集\分类数据集\扩充之前\images\281.jpg,locked,,recovered_archive2/168,recovered_archive2/196,CAPorg5.jpg,1030.95,1058.66,1202.64,0.9738,0.8572,,0,0
known_dev,282,EXACT_RECOVERED_DEVELOPMENT,preaug,E:\甲劈微循环\data\血管数据集\分类数据集\扩充之前\images\282.jpg,locked,,recovered_archive3/231,recovered_archive2/196,CAPorg8.jpg,489.45,645.25,665.38,0.7585,0.7356,,1,1
known_dev,283,EXACT_RECOVERED_DEVELOPMENT,preaug,E:\甲劈微循环\data\血管数据集\分类数据集\扩充之前\images\283.jpg,locked,,recovered_archive3/215,recovered_archive2/102,CAPorg6.jpg,922.57,1018.47,1061.29,0.9058,0.8693,,0,0
known_dev,285,EXACT_RECOVERED_DEVELOPMENT,preaug,E:\甲劈微循环\data\血管数据集\分类数据集\扩充之前\images\285.jpg,locked,,recovered_archive2/162,recovered_archive2/196,CAPorg7.jpg,447.58,503.79,605.27,0.8884,0.7395,,0,1
known_dev,286,EXACT_RECOVERED_DEVELOPMENT,preaug,E:\甲劈微循环\data\血管数据集\分类数据集\扩充之前\images\286.jpg,locked,,recovered_archive2/150,recovered_archive3/258,CAPorg8.jpg,661.18,711.18,782.4,0.9297,0.8451,,0,0
known_dev,287,EXACT_RECOVERED_DEVELOPMENT,preaug,E:\甲劈微循环\data\血管数据集\分类数据集\扩充之前\images\287.jpg,locked,,recovered_archive3/204,recovered_archive2/157,CAPorg5.jpg,602.27,626.64,626.64,0.9611,0.9611,,0,0
known_dev,288,EXACT_RECOVERED_DEVELOPMENT,preaug,E:\甲劈微循环\data\血管数据集\分类数据集\扩充之前\images\288.jpg,locked,,recovered_archive3/215,recovered_archive3/247,CAPorg6.jpg,1416.03,1464.7,1464.7,0.9668,0.9668,,0,0
known_dev,289,EXACT_RECOVERED_DEVELOPMENT,preaug,E:\甲劈微循环\data\血管数据集\分类数据集\扩充之前\images\289.jpg,locked,,recovered_archive1/46,recovered_archive3/226,CAPorg3.jpg,1190.53,1507.55,1507.55,0.7897,0.7897,,1,1
known_dev,291,EXACT_RECOVERED_DEVELOPMENT,preaug,E:\甲劈微循环\data\血管数据集\分类数据集\扩充之前\images\291.jpg,locked,,recovered_archive1/92,recovered_archive2/157,CAPorg6.jpg,382.84,405.46,405.46,0.9442,0.9442,,0,0
known_dev,292,EXACT_RECOVERED_DEVELOPMENT,preaug,E:\甲劈微循环\data\血管数据集\分类数据集\扩充之前\images\292.jpg,locked,,recovered_archive3/246,recovered_archive2/131,CAPorg2.jpg,1803.31,1811.57,1854.4,0.9954,0.9724,,0,0
known_dev,293,EXACT_RECOVERED_DEVELOPMENT,preaug,E:\甲劈微循环\data\血管数据集\分类数据集\扩充之前\images\293.jpg,locked,,recovered_archive3/266,recovered_archive2/140,CAPorg1.jpg,352.94,369.82,369.82,0.9544,0.9544,,0,0
known_dev,294,EXACT_RECOVERED_DEVELOPMENT,preaug,E:\甲劈微循环\data\血管数据集\分类数据集\扩充之前\images\294.jpg,locked,,recovered_archive2/116,recovered_archive3/255,CAPorg1.jpg,288.07,317.88,317.88,0.9062,0.9062,,0,0
known_dev,300,EXACT_RECOVERED_DEVELOPMENT,preaug,E:\甲劈微循环\data\血管数据集\分类数据集\扩充之前\images\300.jpg,locked,,recovered_archive2/109,recovered_archive3/258,CAPorg6.jpg,615.14,696.59,696.59,0.8831,0.8831,,0,0
known_dev,304,EXACT_RECOVERED_DEVELOPMENT,preaug,E:\甲劈微循环\data\血管数据集\分类数据集\扩充之前\images\304.jpg,locked,,recovered_archive1/47,recovered_archive2/185,CAPorg2.jpg,912.28,930.59,930.59,0.9803,0.9803,,0,0
known_dev,316,EXACT_RECOVERED_DEVELOPMENT,preaug,E:\甲劈微循环\data\血管数据集\分类数据集\扩充之前\images\316.jpg,locked,,recovered_archive1/92,recovered_archive2/157,CAPorg7.jpg,343.13,390.96,390.96,0.8777,0.8777,,0,0
known_dev,318,EXACT_RECOVERED_DEVELOPMENT,preaug,E:\甲劈微循环\data\血管数据集\分类数据集\扩充之前\images\318.jpg,locked,,recovered_archive3/222,recovered_archive2/196,CAPorg6.jpg,933.23,958.7,958.7,0.9734,0.9734,,0,0
known_dev,320,EXACT_RECOVERED_DEVELOPMENT,preaug,E:\甲劈微循环\data\血管数据集\分类数据集\扩充之前\images\320.jpg,locked,,recovered_archive2/117,recovered_archive2/192,CAPorg7.jpg,1163.17,1190.47,1211.96,0.9771,0.9597,,0,0
known_dev,323,EXACT_RECOVERED_DEVELOPMENT,preaug,E:\甲劈微循环\data\血管数据集\分类数据集\扩充之前\images\323.jpg,locked,,recovered_archive1/46,recovered_archive3/247,CAPorg6.jpg,1449.57,1467.97,1467.97,0.9875,0.9875,,0,0
known_dev,326,EXACT_RECOVERED_DEVELOPMENT,preaug,E:\甲劈微循环\data\血管数据集\分类数据集\扩充之前\images\326.jpg,locked,,recovered_archive2/176,recovered_archive2/102,CAPorg2.jpg,1058.59,1076.23,1112.38,0.9836,0.9516,,0,0
known_dev,330,EXACT_RECOVERED_DEVELOPMENT,preaug,E:\甲劈微循环\data\血管数据集\分类数据集\扩充之前\images\330.jpg,locked,,recovered_archive3/267,recovered_archive3/244,CAPorg7.jpg,592.67,599.25,599.25,0.989,0.989,,0,0
known_dev,331,EXACT_RECOVERED_DEVELOPMENT,preaug,E:\甲劈微循环\data\血管数据集\分类数据集\扩充之前\images\331.jpg,locked,,recovered_archive3/222,recovered_archive2/196,CAPorg5.jpg,684.07,719.54,719.54,0.9507,0.9507,,0,0
known_dev,334,EXACT_RECOVERED_DEVELOPMENT,preaug,E:\甲劈微循环\data\血管数据集\分类数据集\扩充之前\images\334.jpg,locked,,recovered_archive2/150,recovered_archive3/258,CAPorg5.jpg,601.88,645.15,683.12,0.9329,0.8811,,0,0
known_dev,336,EXACT_RECOVERED_DEVELOPMENT,preaug,E:\甲劈微循环\data\血管数据集\分类数据集\扩充之前\images\336.jpg,locked,,recovered_archive2/123,recovered_archive3/203,CAPorg1.jpg,258.1,288.99,288.99,0.8931,0.8931,,0,0
known_dev,337,EXACT_RECOVERED_DEVELOPMENT,preaug,E:\甲劈微循环\data\血管数据集\分类数据集\扩充之前\images\337.jpg,locked,,recovered_archive1/100,recovered_archive1/39,CAPorg4.jpg,446.18,489.38,489.38,0.9117,0.9117,,0,0
known_dev,338,EXACT_RECOVERED_DEVELOPMENT,preaug,E:\甲劈微循环\data\血管数据集\分类数据集\扩充之前\images\338.jpg,locked,,recovered_archive2/158,recovered_archive1/39,CAPorg3.jpg,242.99,246.0,246.0,0.9878,0.9878,,0,0
known_dev,339,EXACT_RECOVERED_DEVELOPMENT,preaug,E:\甲劈微循环\data\血管数据集\分类数据集\扩充之前\images\339.jpg,locked,,recovered_archive2/172,recovered_archive2/196,CAPorg1.jpg,234.95,236.56,236.56,0.9932,0.9932,,0,0
known_dev,352,EXACT_RECOVERED_DEVELOPMENT,preaug,E:\甲劈微循环\data\血管数据集\分类数据集\扩充之前\images\352.jpg,locked,,recovered_archive1/29,recovered_archive2/192,CAPorg6.jpg,499.83,596.22,596.22,0.8383,0.8383,,0,0
known_dev,364,EXACT_RECOVERED_DEVELOPMENT,preaug,E:\甲劈微循环\data\血管数据集\分类数据集\扩充之前\images\364.jpg,locked,,recovered_archive3/262,recovered_archive3/244,CAPorg1.jpg,550.93,583.21,593.58,0.9447,0.9281,,0,0
known_dev,376,EXACT_RECOVERED_DEVELOPMENT,preaug,E:\甲劈微循环\data\血管数据集\分类数据集\扩充之前\images\376.jpg,locked,,recovered_archive3/262,recovered_archive2/166,CAPorg19.jpg,379.53,396.8,396.8,0.9565,0.9565,,0,0
known_dev,377,EXACT_RECOVERED_DEVELOPMENT,preaug,E:\甲劈微循环\data\血管数据集\分类数据集\扩充之前\images\377.jpg,locked,,recovered_archive2/122,recovered_archive2/185,CAPorg3.jpg,434.51,481.86,481.86,0.9017,0.9017,,0,0
known_dev,386,EXACT_RECOVERED_DEVELOPMENT,preaug,E:\甲劈微循环\data\血管数据集\分类数据集\扩充之前\images\386.jpg,locked,,recovered_archive2/127,recovered_archive2/102,CAPorg7.jpg,805.58,822.93,1012.41,0.9789,0.7957,,0,1
known_dev,387,EXACT_RECOVERED_DEVELOPMENT,preaug,E:\甲劈微循环\data\血管数据集\分类数据集\扩充之前\images\387.jpg,locked,,recovered_archive2/109,recovered_archive2/102,CAPorg8.jpg,981.15,1062.23,1062.23,0.9237,0.9237,,0,0
known_dev,388,EXACT_RECOVERED_DEVELOPMENT,preaug,E:\甲劈微循环\data\血管数据集\分类数据集\扩充之前\images\388.jpg,locked,,recovered_archive3/262,recovered_archive3/244,CAPorg4.jpg,311.53,319.09,319.09,0.9763,0.9763,,0,0
known_dev,400,EXACT_RECOVERED_DEVELOPMENT,preaug,E:\甲劈微循环\data\血管数据集\分类数据集\扩充之前\images\400.jpg,locked,,recovered_archive3/262,recovered_archive2/166,CAPorg14.jpg,327.35,347.28,378.78,0.9426,0.8642,,0,0
known_dev,403,EXACT_RECOVERED_DEVELOPMENT,preaug,E:\甲劈微循环\data\血管数据集\分类数据集\扩充之前\images\403.jpg,locked,,recovered_archive2/123,recovered_archive2/190,CAPorg2.jpg,466.95,608.8,685.79,0.767,0.6809,,1,1
known_dev,408,EXACT_RECOVERED_DEVELOPMENT,preaug,E:\甲劈微循环\data\血管数据集\分类数据集\扩充之前\images\408.jpg,locked,,recovered_archive3/266,recovered_archive3/258,CAPorg8.jpg,528.44,621.22,656.87,0.8506,0.8045,,0,0
known_dev,411,EXACT_RECOVERED_DEVELOPMENT,preaug,E:\甲劈微循环\data\血管数据集\分类数据集\扩充之前\images\411.jpg,locked,,recovered_archive3/220,recovered_archive2/102,CAPorg7.jpg,950.74,1139.76,1163.52,0.8342,0.8171,,0,0
known_dev,496,EXACT_RECOVERED_DEVELOPMENT,preaug,E:\甲劈微循环\data\血管数据集\分类数据集\扩充之前\images\496.jpg,locked,,recovered_archive1/71,recovered_archive2/192,CAPorg10.jpg,398.3,444.73,578.2,0.8956,0.6889,,0,1
known_dev,502,EXACT_RECOVERED_DEVELOPMENT,preaug,E:\甲劈微循环\data\血管数据集\分类数据集\扩充之前\images\502.jpg,locked,,recovered_archive2/189,recovered_archive2/140,CAPorg10.jpg,294.58,327.49,327.49,0.8995,0.8995,,0,0
known_dev,503,EXACT_RECOVERED_DEVELOPMENT,preaug,E:\甲劈微循环\data\血管数据集\分类数据集\扩充之前\images\503.jpg,locked,,recovered_archive1/66,recovered_archive2/138,CAPorg1.jpg,1616.3,1640.93,1640.93,0.985,0.985,,0,0
known_dev,505,EXACT_RECOVERED_DEVELOPMENT,preaug,E:\甲劈微循环\data\血管数据集\分类数据集\扩充之前\images\505.jpg,locked,,recovered_archive3/262,recovered_archive3/244,CAPorg1.jpg,550.93,583.21,593.58,0.9447,0.9281,,0,0
known_dev,507,EXACT_RECOVERED_DEVELOPMENT,preaug,E:\甲劈微循环\data\血管数据集\分类数据集\扩充之前\images\507.jpg,locked,,recovered_archive3/246,recovered_archive2/193,CAPorg4.jpg,721.5,736.15,736.15,0.9801,0.9801,,0,0
known_dev,515,EXACT_RECOVERED_DEVELOPMENT,preaug,E:\甲劈微循环\data\血管数据集\分类数据集\扩充之前\images\515.jpg,locked,,recovered_archive1/100,recovered_archive2/166,CAPorg16.jpg,284.06,295.4,295.4,0.9616,0.9616,,0,0
known_dev,517,EXACT_RECOVERED_DEVELOPMENT,preaug,E:\甲劈微循环\data\血管数据集\分类数据集\扩充之前\images\517.jpg,locked,,recovered_archive2/130,recovered_archive1/91,CAPorg5.jpg,350.92,381.37,381.37,0.9202,0.9202,,0,0
known_dev,518,EXACT_RECOVERED_DEVELOPMENT,preaug,E:\甲劈微循环\data\血管数据集\分类数据集\扩充之前\images\518.jpg,locked,,recovered_archive3/246,recovered_archive2/131,CAPorg2.jpg,1803.31,1811.57,1854.4,0.9954,0.9724,,0,0
known_dev,519,EXACT_RECOVERED_DEVELOPMENT,preaug,E:\甲劈微循环\data\血管数据集\分类数据集\扩充之前\images\519.jpg,locked,,recovered_archive2/107,recovered_archive2/192,CAPorg7.jpg,389.08,486.73,582.65,0.7994,0.6678,,1,1
known_dev,523,EXACT_RECOVERED_DEVELOPMENT,preaug,E:\甲劈微循环\data\血管数据集\分类数据集\扩充之前\images\523.jpg,locked,,recovered_archive1/30,recovered_archive2/156,CAPorg5.jpg,1173.46,1219.81,1219.81,0.962,0.962,,0,0
known_dev,527,EXACT_RECOVERED_DEVELOPMENT,preaug,E:\甲劈微循环\data\血管数据集\分类数据集\扩充之前\images\527.jpg,locked,,recovered_archive2/123,recovered_archive2/190,CAPorg2.jpg,466.95,608.8,685.79,0.767,0.6809,,1,1
known_dev,535,EXACT_RECOVERED_DEVELOPMENT,preaug,E:\甲劈微循环\data\血管数据集\分类数据集\扩充之前\images\535.jpg,locked,,recovered_archive2/189,recovered_archive2/185,CAPorg5.jpg,307.59,318.25,386.47,0.9665,0.7959,,0,1
known_dev,543,EXACT_RECOVERED_DEVELOPMENT,preaug,E:\甲劈微循环\data\血管数据集\分类数据集\扩充之前\images\543.jpg,locked,,recovered_archive3/262,recovered_archive3/244,CAPorg4.jpg,311.53,319.09,319.09,0.9763,0.9763,,0,0
known_dev,557,EXACT_RECOVERED_DEVELOPMENT,preaug,E:\甲劈微循环\data\血管数据集\分类数据集\扩充之前\images\557.jpg,locked,,recovered_archive2/189,recovered_archive1/39,CAPorg7.jpg,416.18,424.0,424.0,0.9816,0.9816,,0,0
known_dev,561,EXACT_RECOVERED_DEVELOPMENT,preaug,E:\甲劈微循环\data\血管数据集\分类数据集\扩充之前\images\561.jpg,locked,,recovered_archive1/100,recovered_archive3/203,CAPorg3.jpg,360.12,414.22,414.22,0.8694,0.8694,,0,0
known_dev,578,EXACT_RECOVERED_DEVELOPMENT,preaug,E:\甲劈微循环\data\血管数据集\分类数据集\扩充之前\images\578.jpg,locked,,recovered_archive2/123,recovered_archive2/156,CAPorg2.jpg,1076.46,1150.38,1150.38,0.9357,0.9357,,0,0
known_dev,582,EXACT_RECOVERED_DEVELOPMENT,preaug,E:\甲劈微循环\data\血管数据集\分类数据集\扩充之前\images\582.jpg,locked,,recovered_archive2/189,recovered_archive3/244,CAPorg5.jpg,398.71,440.16,440.16,0.9058,0.9058,,0,0
known_locked,13,EXACT_RECOVERED_LOCKED,aug_rep,E:\甲劈微循环\data\血管数据集\分类数据集\image\13_0.jpg,development,recovered_archive2/153,,recovered_archive1/71,CAPorg1.jpg,1738.67,1789.56,1789.56,0.9716,0.9716,,0,0
known_locked,48,EXACT_RECOVERED_LOCKED,aug_rep,E:\甲劈微循环\data\血管数据集\分类数据集\image\48_0.jpg,development,recovered_archive1/75,,recovered_archive2/170,CAPorg6.jpg,1218.58,1253.64,1253.64,0.972,0.972,,0,0
known_locked,60,EXACT_RECOVERED_LOCKED,aug_rep,E:\甲劈微循环\data\血管数据集\分类数据集\image\60_0.jpg,development,recovered_archive1/75,,recovered_archive1/71,CAPorg1.jpg,1378.13,1719.9,1719.9,0.8013,0.8013,,0,0
known_locked,69,EXACT_RECOVERED_LOCKED,aug_rep,E:\甲劈微循环\data\血管数据集\分类数据集\image\69_0.jpg,development,recovered_archive1/55,,recovered_archive2/114,CAPorg1.jpg,1243.64,1674.05,1674.05,0.7429,0.7429,,1,1
known_locked,70,EXACT_RECOVERED_LOCKED,aug_rep,E:\甲劈微循环\data\血管数据集\分类数据集\image\70_0.jpg,development,recovered_archive1/55,,recovered_archive2/114,CAPorg1.jpg,1081.48,1440.33,1440.33,0.7509,0.7509,,1,1
known_locked,74,EXACT_RECOVERED_LOCKED,aug_rep,E:\甲劈微循环\data\血管数据集\分类数据集\image\74_0.jpg,development,recovered_archive1/55,,recovered_archive3/261,CAPorg3.jpg,1665.57,1677.41,1677.41,0.9929,0.9929,,0,0
known_locked,79,EXACT_RECOVERED_LOCKED,aug_rep,E:\甲劈微循环\data\血管数据集\分类数据集\image\79_0.jpg,development,recovered_archive3/255,,recovered_archive3/212,CAPorg1.jpg,1439.57,1464.34,1464.34,0.9831,0.9831,,0,0
known_locked,96,EXACT_RECOVERED_LOCKED,aug_rep,E:\甲劈微循环\data\血管数据集\分类数据集\image\96_0.jpg,development,recovered_archive1/75,,recovered_archive3/229,CAPorg13.jpg,1239.93,1308.13,1308.13,0.9479,0.9479,,0,0
known_locked,146,EXACT_RECOVERED_LOCKED,aug_rep,E:\甲劈微循环\data\血管数据集\分类数据集\image\146_0.jpg,development,recovered_archive2/134,,recovered_archive2/114,CAPorg1.jpg,1170.72,1283.78,1283.78,0.9119,0.9119,,0,0
known_locked,179,EXACT_RECOVERED_LOCKED,aug_rep,E:\甲劈微循环\data\血管数据集\分类数据集\image\179_0.jpg,development,recovered_archive1/63,,recovered_archive2/114,CAPorg1.jpg,1593.17,1629.08,1629.08,0.978,0.978,,0,0
known_locked,183,EXACT_RECOVERED_LOCKED,aug_rep,E:\甲劈微循环\data\血管数据集\分类数据集\image\183_0.jpg,development,recovered_archive1/98,,recovered_archive3/227,CAPorg3.jpg,1551.35,1732.99,1732.99,0.8952,0.8952,,0,0
known_locked,238,EXACT_RECOVERED_LOCKED,aug_rep,E:\甲劈微循环\data\血管数据集\分类数据集\image\238_0.jpg,development,recovered_archive2/177,,recovered_archive2/136,CAPorg3.jpg,1333.6,1375.58,1375.58,0.9695,0.9695,,0,0
known_locked,274,EXACT_RECOVERED_LOCKED,aug_rep,E:\甲劈微循环\data\血管数据集\分类数据集\image\274_0.jpg,development,recovered_archive1/73,,recovered_archive3/216,CAPorg5.jpg,1908.9,1940.97,1940.97,0.9835,0.9835,,0,0
known_locked,312,EXACT_RECOVERED_LOCKED,aug_rep,E:\甲劈微循环\data\血管数据集\分类数据集\image\312_0.jpg,development,recovered_archive1/73,,recovered_archive2/114,CAPorg1.jpg,1179.06,1695.99,1695.99,0.6952,0.6952,,1,1
known_locked,319,EXACT_RECOVERED_LOCKED,aug_rep,E:\甲劈微循环\data\血管数据集\分类数据集\image\319_0.jpg,development,recovered_archive1/39,,recovered_archive3/227,CAPorg3.jpg,1517.96,1548.0,1548.0,0.9806,0.9806,,0,0
known_locked,321,EXACT_RECOVERED_LOCKED,aug_rep,E:\甲劈微循环\data\血管数据集\分类数据集\image\321_0.jpg,development,recovered_archive2/153,,recovered_archive1/29,CAPorg8.jpg,1671.98,1693.27,1693.27,0.9874,0.9874,,0,0
known_locked,340,EXACT_RECOVERED_LOCKED,aug_rep,E:\甲劈微循环\data\血管数据集\分类数据集\image\340_0.jpg,development,recovered_archive2/182,,recovered_archive1/32,CAPorg1.jpg,2304.0,2304.0,2304.0,1.0,1.0,,0,0
known_locked,348,EXACT_RECOVERED_LOCKED,aug_rep,E:\甲劈微循环\data\血管数据集\分类数据集\image\348_0.jpg,development,recovered_archive1/39,,recovered_archive3/227,CAPorg3.jpg,1595.27,1839.37,1839.37,0.8673,0.8673,,0,0
known_locked,354,EXACT_RECOVERED_LOCKED,aug_rep,E:\甲劈微循环\data\血管数据集\分类数据集\image\354_0.jpg,development,recovered_archive2/187,,recovered_archive2/165,CAPorg4.jpg,1751.16,1756.58,1756.58,0.9969,0.9969,,0,0
known_locked,383,EXACT_RECOVERED_LOCKED,aug_rep,E:\甲劈微循环\data\血管数据集\分类数据集\image\383_0.jpg,development,recovered_archive3/217,,recovered_archive2/114,CAPorg1.jpg,1264.45,1948.13,1948.13,0.6491,0.6491,,1,1
known_locked,385,EXACT_RECOVERED_LOCKED,aug_rep,E:\甲劈微循环\data\血管数据集\分类数据集\image\385_0.jpg,development,recovered_archive2/185,,recovered_archive1/85,CAPorg7.jpg,1267.49,1271.71,1271.71,0.9967,0.9967,,0,0
known_locked,389,EXACT_RECOVERED_LOCKED,aug_rep,E:\甲劈微循环\data\血管数据集\分类数据集\image\389_0.jpg,development,recovered_archive2/182,,recovered_archive2/165,CAPorg7.jpg,1509.64,1511.21,1511.21,0.999,0.999,,0,0
known_locked,498,EXACT_RECOVERED_LOCKED,aug_rep,E:\甲劈微循环\data\血管数据集\分类数据集\image\498_0.jpg,development,recovered_archive2/156,,recovered_archive3/227,CAPorg3.jpg,1641.29,1816.41,1925.48,0.9036,0.8524,,0,0
known_locked,509,EXACT_RECOVERED_LOCKED,aug_rep,E:\甲劈微循环\data\血管数据集\分类数据集\image\509_0.jpg,development,recovered_archive1/77,,recovered_archive3/227,CAPorg3.jpg,1557.55,1606.22,1606.22,0.9697,0.9697,,0,0
known_locked,511,EXACT_RECOVERED_LOCKED,aug_rep,E:\甲劈微循环\data\血管数据集\分类数据集\image\511_0.jpg,development,recovered_archive2/156,,recovered_archive1/71,CAPorg1.jpg,1086.15,1202.68,1202.68,0.9031,0.9031,,0,0
known_locked,513,EXACT_RECOVERED_LOCKED,aug_rep,E:\甲劈微循环\data\血管数据集\分类数据集\image\513_0.jpg,development,recovered_archive2/153,,recovered_archive2/114,CAPorg1.jpg,1483.01,1845.0,1845.0,0.8038,0.8038,,0,0
known_locked,522,EXACT_RECOVERED_LOCKED,aug_rep,E:\甲劈微循环\data\血管数据集\分类数据集\image\522_0.jpg,development,recovered_archive1/55,,recovered_archive2/114,CAPorg1.jpg,1333.09,1717.71,1717.71,0.7761,0.7761,,1,1
known_locked,530,EXACT_RECOVERED_LOCKED,aug_rep,E:\甲劈微循环\data\血管数据集\分类数据集\image\530_0.jpg,development,recovered_archive2/187,,recovered_archive3/227,CAPorg3.jpg,1642.65,1727.13,1727.13,0.9511,0.9511,,0,0
known_locked,548,EXACT_RECOVERED_LOCKED,aug_rep,E:\甲劈微循环\data\血管数据集\分类数据集\image\548_0.jpg,development,recovered_archive1/77,,recovered_archive3/254,CAPorg5.jpg,1246.32,1262.5,1262.5,0.9872,0.9872,,0,0
known_locked,551,EXACT_RECOVERED_LOCKED,aug_rep,E:\甲劈微循环\data\血管数据集\分类数据集\image\551_0.jpg,development,recovered_archive1/88,,recovered_archive3/227,CAPorg3.jpg,1277.26,1277.36,1277.36,0.9999,0.9999,,0,0
known_locked,556,EXACT_RECOVERED_LOCKED,aug_rep,E:\甲劈微循环\data\血管数据集\分类数据集\image\556_0.jpg,development,recovered_archive1/63,,recovered_archive1/60,CAPorg5.jpg,2125.75,2136.73,2136.73,0.9949,0.9949,,0,0
known_locked,577,EXACT_RECOVERED_LOCKED,aug_rep,E:\甲劈微循环\data\血管数据集\分类数据集\image\577_0.jpg,development,recovered_archive1/55,,recovered_archive2/118,CAPorg15.jpg,1457.65,1521.75,1623.72,0.9579,0.8977,,0,0
known_locked,13,EXACT_RECOVERED_LOCKED,aug_rep,E:\甲劈微循环\data\血管数据集\分类数据集\image\13_0.jpg,locked,recovered_archive2/153,,recovered_archive2/192,CAPorg2.jpg,1540.25,2144.18,2144.18,0.7183,0.7183,0,1,1
known_locked,48,EXACT_RECOVERED_LOCKED,aug_rep,E:\甲劈微循环\data\血管数据集\分类数据集\image\48_0.jpg,locked,recovered_archive1/75,,recovered_archive2/193,CAPorg3.jpg,1228.53,1242.55,1242.55,0.9887,0.9887,0,0,0
known_locked,60,EXACT_RECOVERED_LOCKED,aug_rep,E:\甲劈微循环\data\血管数据集\分类数据集\image\60_0.jpg,locked,recovered_archive1/75,,recovered_archive2/193,CAPorg11.jpg,1709.89,1716.09,1716.09,0.9964,0.9964,0,0,0
known_locked,69,EXACT_RECOVERED_LOCKED,aug_rep,E:\甲劈微循环\data\血管数据集\分类数据集\image\69_0.jpg,locked,recovered_archive1/55,,recovered_archive2/193,CAPorg5.jpg,1636.59,1678.37,1699.29,0.9751,0.9631,0,0,0
known_locked,70,EXACT_RECOVERED_LOCKED,aug_rep,E:\甲劈微循环\data\血管数据集\分类数据集\image\70_0.jpg,locked,recovered_archive1/55,,recovered_archive2/193,CAPorg9.jpg,1406.45,1516.01,1735.65,0.9277,0.8103,0,0,0
known_locked,74,EXACT_RECOVERED_LOCKED,aug_rep,E:\甲劈微循环\data\血管数据集\分类数据集\image\74_0.jpg,locked,recovered_archive1/55,,recovered_archive2/196,CAPorg9.jpg,1717.86,1750.54,1750.54,0.9813,0.9813,0,0,0
known_locked,79,EXACT_RECOVERED_LOCKED,aug_rep,E:\甲劈微循环\data\血管数据集\分类数据集\image\79_0.jpg,locked,recovered_archive3/255,,recovered_archive2/102,CAPorg6.jpg,1473.98,1516.79,1516.79,0.9718,0.9718,0,0,0
known_locked,96,EXACT_RECOVERED_LOCKED,aug_rep,E:\甲劈微循环\data\血管数据集\分类数据集\image\96_0.jpg,locked,recovered_archive1/75,,recovered_archive2/193,CAPorg9.jpg,1237.91,1280.34,1280.34,0.9669,0.9669,0,0,0
known_locked,146,EXACT_RECOVERED_LOCKED,aug_rep,E:\甲劈微循环\data\血管数据集\分类数据集\image\146_0.jpg,locked,recovered_archive2/134,,recovered_archive2/193,CAPorg5.jpg,1278.02,1555.08,1686.85,0.8218,0.7576,0,0,1
known_locked,179,EXACT_RECOVERED_LOCKED,aug_rep,E:\甲劈微循环\data\血管数据集\分类数据集\image\179_0.jpg,locked,recovered_archive1/63,,recovered_archive1/55,CAPorg5.jpg,1735.9,1736.96,1736.96,0.9994,0.9994,0,0,0
known_locked,183,EXACT_RECOVERED_LOCKED,aug_rep,E:\甲劈微循环\data\血管数据集\分类数据集\image\183_0.jpg,locked,recovered_archive1/98,,recovered_archive2/134,CAPorg3.jpg,1826.01,1918.93,1918.93,0.9516,0.9516,0,0,0
known_locked,238,EXACT_RECOVERED_LOCKED,aug_rep,E:\甲劈微循环\data\血管数据集\分类数据集\image\238_0.jpg,locked,recovered_archive2/177,,recovered_archive1/88,CAPorg5.jpg,1617.96,1825.1,1825.1,0.8865,0.8865,0,0,0
known_locked,274,EXACT_RECOVERED_LOCKED,aug_rep,E:\甲劈微循环\data\血管数据集\分类数据集\image\274_0.jpg,locked,recovered_archive1/73,,recovered_archive2/193,CAPorg5.jpg,1981.25,2037.14,2037.14,0.9726,0.9726,0,0,0
known_locked,312,EXACT_RECOVERED_LOCKED,aug_rep,E:\甲劈微循环\data\血管数据集\分类数据集\image\312_0.jpg,locked,recovered_archive1/73,,recovered_archive2/193,CAPorg7.jpg,1684.64,1707.41,1715.63,0.9867,0.9819,0,0,0
known_locked,319,EXACT_RECOVERED_LOCKED,aug_rep,E:\甲劈微循环\data\血管数据集\分类数据集\image\319_0.jpg,locked,recovered_archive1/39,,recovered_archive2/193,CAPorg7.jpg,1983.48,2040.41,2040.41,0.9721,0.9721,0,0,0
known_locked,321,EXACT_RECOVERED_LOCKED,aug_rep,E:\甲劈微循环\data\血管数据集\分类数据集\image\321_0.jpg,locked,recovered_archive2/153,,recovered_archive2/192,CAPorg2.jpg,1420.86,2105.4,2105.4,0.6749,0.6749,0,1,1
known_locked,340,EXACT_RECOVERED_LOCKED,aug_rep,E:\甲劈微循环\data\血管数据集\分类数据集\image\340_0.jpg,locked,recovered_archive2/182,,recovered_archive3/236,CAPorg1.jpg,2536.59,2754.56,2754.56,0.9209,0.9209,0,0,0
known_locked,348,EXACT_RECOVERED_LOCKED,aug_rep,E:\甲劈微循环\data\血管数据集\分类数据集\image\348_0.jpg,locked,recovered_archive1/39,,recovered_archive1/55,CAPorg2.jpg,1924.91,2038.56,2038.56,0.9442,0.9442,0,0,0
known_locked,354,EXACT_RECOVERED_LOCKED,aug_rep,E:\甲劈微循环\data\血管数据集\分类数据集\image\354_0.jpg,locked,recovered_archive2/187,,recovered_archive2/193,CAPorg9.jpg,1760.25,1903.62,1959.52,0.9247,0.8983,0,0,0
known_locked,383,EXACT_RECOVERED_LOCKED,aug_rep,E:\甲劈微循环\data\血管数据集\分类数据集\image\383_0.jpg,locked,recovered_archive3/217,,recovered_archive2/193,CAPorg5.jpg,1834.9,1907.37,1946.84,0.962,0.9425,0,0,0
known_locked,385,EXACT_RECOVERED_LOCKED,aug_rep,E:\甲劈微循环\data\血管数据集\分类数据集\image\385_0.jpg,locked,recovered_archive2/185,,recovered_archive2/102,CAPorg3.jpg,1279.01,1346.39,1398.71,0.95,0.9144,0,0,0
known_locked,389,EXACT_RECOVERED_LOCKED,aug_rep,E:\甲劈微循环\data\血管数据集\分类数据集\image\389_0.jpg,locked,recovered_archive2/182,,recovered_archive3/219,CAPorg11.jpg,888.51,1419.54,1732.62,0.6259,0.5128,0,1,1
known_locked,498,EXACT_RECOVERED_LOCKED,aug_rep,E:\甲劈微循环\data\血管数据集\分类数据集\image\498_0.jpg,locked,recovered_archive2/156,,recovered_archive1/55,CAPorg2.jpg,1654.77,1766.23,1766.23,0.9369,0.9369,0,0,0
known_locked,509,EXACT_RECOVERED_LOCKED,aug_rep,E:\甲劈微循环\data\血管数据集\分类数据集\image\509_0.jpg,locked,recovered_archive1/77,,recovered_archive2/134,CAPorg3.jpg,1652.49,1669.97,1669.97,0.9895,0.9895,0,0,0
known_locked,511,EXACT_RECOVERED_LOCKED,aug_rep,E:\甲劈微循环\data\血管数据集\分类数据集\image\511_0.jpg,locked,recovered_archive2/156,,recovered_archive2/192,CAPorg2.jpg,1519.72,1672.68,1672.68,0.9086,0.9086,0,0,0
known_locked,513,EXACT_RECOVERED_LOCKED,aug_rep,E:\甲劈微循环\data\血管数据集\分类数据集\image\513_0.jpg,locked,recovered_archive2/153,,recovered_archive2/193,CAPorg5.jpg,1822.11,2015.63,2210.16,0.904,0.8244,0,0,0
known_locked,522,EXACT_RECOVERED_LOCKED,aug_rep,E:\甲劈微循环\data\血管数据集\分类数据集\image\522_0.jpg,locked,recovered_archive1/55,,recovered_archive2/193,CAPorg5.jpg,1944.64,1992.28,1992.28,0.9761,0.9761,0,0,0
known_locked,530,EXACT_RECOVERED_LOCKED,aug_rep,E:\甲劈微循环\data\血管数据集\分类数据集\image\530_0.jpg,locked,recovered_archive2/187,,recovered_archive2/154,CAPorg2.jpg,1860.99,1928.65,1928.65,0.9649,0.9649,0,0,0
known_locked,548,EXACT_RECOVERED_LOCKED,aug_rep,E:\甲劈微循环\data\血管数据集\分类数据集\image\548_0.jpg,locked,recovered_archive1/77,,recovered_archive2/131,CAPorg8.jpg,1288.31,1318.37,1318.37,0.9772,0.9772,0,0,0
known_locked,551,EXACT_RECOVERED_LOCKED,aug_rep,E:\甲劈微循环\data\血管数据集\分类数据集\image\551_0.jpg,locked,recovered_archive1/88,,recovered_archive3/217,CAPorg1.jpg,1584.92,1619.42,1619.42,0.9787,0.9787,0,0,0
known_locked,556,EXACT_RECOVERED_LOCKED,aug_rep,E:\甲劈微循环\data\血管数据集\分类数据集\image\556_0.jpg,locked,recovered_archive1/63,,recovered_archive2/102,CAPorg2.jpg,2085.99,2202.47,2204.84,0.9471,0.9461,0,0,0
known_locked,577,EXACT_RECOVERED_LOCKED,aug_rep,E:\甲劈微循环\data\血管数据集\分类数据集\image\577_0.jpg,locked,recovered_archive1/55,,recovered_archive2/193,CAPorg9.jpg,1597.23,1677.31,1677.31,0.9523,0.9523,0,0,0
known_locked,13,EXACT_RECOVERED_LOCKED,aug_rep_d8,E:\甲劈微循环\data\血管数据集\分类数据集\image\13_0.jpg,development,recovered_archive2/153,,recovered_archive2/161,CAPorg9.jpg,1283.43,1323.59,1323.59,0.9697,0.9697,,0,0
known_locked,48,EXACT_RECOVERED_LOCKED,aug_rep_d8,E:\甲劈微循环\data\血管数据集\分类数据集\image\48_0.jpg,development,recovered_archive1/75,,recovered_archive2/170,CAPorg6.jpg,1218.58,1253.64,1253.64,0.972,0.972,,0,0
known_locked,60,EXACT_RECOVERED_LOCKED,aug_rep_d8,E:\甲劈微循环\data\血管数据集\分类数据集\image\60_0.jpg,development,recovered_archive1/75,,recovered_archive1/60,CAPorg5.jpg,961.65,967.94,967.94,0.9935,0.9935,,0,0
known_locked,69,EXACT_RECOVERED_LOCKED,aug_rep_d8,E:\甲劈微循环\data\血管数据集\分类数据集\image\69_0.jpg,development,recovered_archive1/55,,recovered_archive2/114,CAPorg1.jpg,1243.64,1674.05,1674.05,0.7429,0.7429,,1,1
known_locked,70,EXACT_RECOVERED_LOCKED,aug_rep_d8,E:\甲劈微循环\data\血管数据集\分类数据集\image\70_0.jpg,development,recovered_archive1/55,,recovered_archive2/114,CAPorg1.jpg,1081.48,1440.33,1440.33,0.7509,0.7509,,1,1
known_locked,74,EXACT_RECOVERED_LOCKED,aug_rep_d8,E:\甲劈微循环\data\血管数据集\分类数据集\image\74_0.jpg,development,recovered_archive1/55,,recovered_archive1/85,CAPorg7.jpg,1491.01,1523.7,1523.7,0.9785,0.9785,,0,0
known_locked,79,EXACT_RECOVERED_LOCKED,aug_rep_d8,E:\甲劈微循环\data\血管数据集\分类数据集\image\79_0.jpg,development,recovered_archive3/255,,recovered_archive3/212,CAPorg1.jpg,1439.57,1464.34,1464.34,0.9831,0.9831,,0,0
known_locked,96,EXACT_RECOVERED_LOCKED,aug_rep_d8,E:\甲劈微循环\data\血管数据集\分类数据集\image\96_0.jpg,development,recovered_archive1/75,,recovered_archive3/229,CAPorg12.jpg,1210.23,1265.97,1265.97,0.956,0.956,,0,0
known_locked,146,EXACT_RECOVERED_LOCKED,aug_rep_d8,E:\甲劈微循环\data\血管数据集\分类数据集\image\146_0.jpg,development,recovered_archive2/134,,recovered_archive2/114,CAPorg1.jpg,1148.1,1289.42,1289.42,0.8904,0.8904,,0,0
known_locked,179,EXACT_RECOVERED_LOCKED,aug_rep_d8,E:\甲劈微循环\data\血管数据集\分类数据集\image\179_0.jpg,development,recovered_archive1/63,,recovered_archive3/229,CAPorg13.jpg,1399.29,1548.04,1548.04,0.9039,0.9039,,0,0
known_locked,183,EXACT_RECOVERED_LOCKED,aug_rep_d8,E:\甲劈微循环\data\血管数据集\分类数据集\image\183_0.jpg,development,recovered_archive1/98,,recovered_archive1/61,CAPorg4.jpg,845.14,847.28,847.28,0.9975,0.9975,,0,0
known_locked,238,EXACT_RECOVERED_LOCKED,aug_rep_d8,E:\甲劈微循环\data\血管数据集\分类数据集\image\238_0.jpg,development,recovered_archive2/177,,recovered_archive3/231,CAPorg8.jpg,1105.98,1268.52,1412.52,0.8719,0.783,,0,1
known_locked,274,EXACT_RECOVERED_LOCKED,aug_rep_d8,E:\甲劈微循环\data\血管数据集\分类数据集\image\274_0.jpg,development,recovered_archive1/73,,recovered_archive2/114,CAPorg1.jpg,1360.19,1823.6,1823.6,0.7459,0.7459,,1,1
known_locked,312,EXACT_RECOVERED_LOCKED,aug_rep_d8,E:\甲劈微循环\data\血管数据集\分类数据集\image\312_0.jpg,development,recovered_archive1/73,,recovered_archive2/114,CAPorg1.jpg,1179.06,1695.99,1695.99,0.6952,0.6952,,1,1
known_locked,319,EXACT_RECOVERED_LOCKED,aug_rep_d8,E:\甲劈微循环\data\血管数据集\分类数据集\image\319_0.jpg,development,recovered_archive1/39,,recovered_archive2/118,CAPorg7.jpg,1231.05,1342.96,1342.96,0.9167,0.9167,,0,0
known_locked,321,EXACT_RECOVERED_LOCKED,aug_rep_d8,E:\甲劈微循环\data\血管数据集\分类数据集\image\321_0.jpg,development,recovered_archive2/153,,recovered_archive2/106,CAPorg4.jpg,1232.18,1237.12,1237.12,0.996,0.996,,0,0
known_locked,340,EXACT_RECOVERED_LOCKED,aug_rep_d8,E:\甲劈微循环\data\血管数据集\分类数据集\image\340_0.jpg,development,recovered_archive2/182,,recovered_archive1/32,CAPorg1.jpg,2304.0,2304.0,2304.0,1.0,1.0,,0,0
known_locked,348,EXACT_RECOVERED_LOCKED,aug_rep_d8,E:\甲劈微循环\data\血管数据集\分类数据集\image\348_0.jpg,development,recovered_archive1/39,,recovered_archive2/118,CAPorg10.jpg,1139.84,1141.37,1141.37,0.9987,0.9987,,0,0
known_locked,354,EXACT_RECOVERED_LOCKED,aug_rep_d8,E:\甲劈微循环\data\血管数据集\分类数据集\image\354_0.jpg,development,recovered_archive2/187,,recovered_archive3/210,CAPorg10.jpg,1651.51,1677.07,1677.07,0.9848,0.9848,,0,0
known_locked,383,EXACT_RECOVERED_LOCKED,aug_rep_d8,E:\甲劈微循环\data\血管数据集\分类数据集\image\383_0.jpg,development,recovered_archive3/217,,recovered_archive2/114,CAPorg1.jpg,1264.45,1948.13,1948.13,0.6491,0.6491,,1,1
known_locked,385,EXACT_RECOVERED_LOCKED,aug_rep_d8,E:\甲劈微循环\data\血管数据集\分类数据集\image\385_0.jpg,development,recovered_archive2/185,,recovered_archive3/254,CAPorg5.jpg,1250.68,1303.26,1303.26,0.9597,0.9597,,0,0
known_locked,389,EXACT_RECOVERED_LOCKED,aug_rep_d8,E:\甲劈微循环\data\血管数据集\分类数据集\image\389_0.jpg,development,recovered_archive2/182,,recovered_archive1/78,CAPorg5.jpg,1257.91,1376.3,1376.3,0.914,0.914,,0,0
known_locked,498,EXACT_RECOVERED_LOCKED,aug_rep_d8,E:\甲劈微循环\data\血管数据集\分类数据集\image\498_0.jpg,development,recovered_archive2/156,,recovered_archive1/85,CAPorg7.jpg,1160.47,1190.53,1190.53,0.9747,0.9747,,0,0
known_locked,509,EXACT_RECOVERED_LOCKED,aug_rep_d8,E:\甲劈微循环\data\血管数据集\分类数据集\image\509_0.jpg,development,recovered_archive1/77,,recovered_archive2/122,CAPorg12.jpg,904.26,979.45,979.45,0.9232,0.9232,,0,0
known_locked,511,EXACT_RECOVERED_LOCKED,aug_rep_d8,E:\甲劈微循环\data\血管数据集\分类数据集\image\511_0.jpg,development,recovered_archive2/156,,recovered_archive1/60,CAPorg4.jpg,766.8,893.17,893.17,0.8585,0.8585,,0,0
known_locked,513,EXACT_RECOVERED_LOCKED,aug_rep_d8,E:\甲劈微循环\data\血管数据集\分类数据集\image\513_0.jpg,development,recovered_archive2/153,,recovered_archive2/118,CAPorg15.jpg,1475.67,1484.43,1484.43,0.9941,0.9941,,0,0
known_locked,522,EXACT_RECOVERED_LOCKED,aug_rep_d8,E:\甲劈微循环\data\血管数据集\分类数据集\image\522_0.jpg,development,recovered_archive1/55,,recovered_archive2/114,CAPorg1.jpg,1333.09,1717.71,1717.71,0.7761,0.7761,,1,1
known_locked,530,EXACT_RECOVERED_LOCKED,aug_rep_d8,E:\甲劈微循环\data\血管数据集\分类数据集\image\530_0.jpg,development,recovered_archive2/187,,recovered_archive3/227,CAPorg3.jpg,1642.65,1727.13,1727.13,0.9511,0.9511,,0,0
known_locked,548,EXACT_RECOVERED_LOCKED,aug_rep_d8,E:\甲劈微循环\data\血管数据集\分类数据集\image\548_0.jpg,development,recovered_archive1/77,,recovered_archive1/85,CAPorg7.jpg,1130.29,1171.52,1171.52,0.9648,0.9648,,0,0
known_locked,551,EXACT_RECOVERED_LOCKED,aug_rep_d8,E:\甲劈微循环\data\血管数据集\分类数据集\image\551_0.jpg,development,recovered_archive1/88,,recovered_archive3/229,CAPorg12.jpg,1040.03,1137.9,1137.9,0.914,0.914,,0,0
known_locked,556,EXACT_RECOVERED_LOCKED,aug_rep_d8,E:\甲劈微循环\data\血管数据集\分类数据集\image\556_0.jpg,development,recovered_archive1/63,,recovered_archive1/85,CAPorg7.jpg,1938.74,1984.29,1984.29,0.977,0.977,,0,0
known_locked,577,EXACT_RECOVERED_LOCKED,aug_rep_d8,E:\甲劈微循环\data\血管数据集\分类数据集\image\577_0.jpg,development,recovered_archive1/55,,recovered_archive2/114,CAPorg1.jpg,1179.4,1566.33,1566.33,0.753,0.753,,1,1
known_locked,13,EXACT_RECOVERED_LOCKED,aug_rep_d8,E:\甲劈微循环\data\血管数据集\分类数据集\image\13_0.jpg,locked,recovered_archive2/153,,recovered_archive3/208,CAPorg8.jpg,1275.32,1297.41,1297.41,0.983,0.983,0,0,0
known_locked,48,EXACT_RECOVERED_LOCKED,aug_rep_d8,E:\甲劈微循环\data\血管数据集\分类数据集\image\48_0.jpg,locked,recovered_archive1/75,,recovered_archive3/203,CAPorg11.jpg,1175.35,1198.05,1338.42,0.9811,0.8782,0,0,0
known_locked,60,EXACT_RECOVERED_LOCKED,aug_rep_d8,E:\甲劈微循环\data\血管数据集\分类数据集\image\60_0.jpg,locked,recovered_archive1/75,,recovered_archive3/244,CAPorg4.jpg,1013.34,1111.61,1162.33,0.9116,0.8718,0,0,0
known_locked,69,EXACT_RECOVERED_LOCKED,aug_rep_d8,E:\甲劈微循环\data\血管数据集\分类数据集\image\69_0.jpg,locked,recovered_archive1/55,,recovered_archive2/193,CAPorg9.jpg,1439.7,1468.78,1792.1,0.9802,0.8034,0,0,0
known_locked,70,EXACT_RECOVERED_LOCKED,aug_rep_d8,E:\甲劈微循环\data\血管数据集\分类数据集\image\70_0.jpg,locked,recovered_archive1/55,,recovered_archive2/193,CAPorg5.jpg,1119.89,1231.85,1583.65,0.9091,0.7072,0,0,1
known_locked,74,EXACT_RECOVERED_LOCKED,aug_rep_d8,E:\甲劈微循环\data\血管数据集\分类数据集\image\74_0.jpg,locked,recovered_archive1/55,,recovered_archive1/55,CAPorg5.jpg,1336.38,1509.39,1509.39,0.8854,0.8854,1,0,0
known_locked,79,EXACT_RECOVERED_LOCKED,aug_rep_d8,E:\甲劈微循环\data\血管数据集\分类数据集\image\79_0.jpg,locked,recovered_archive3/255,,recovered_archive2/102,CAPorg6.jpg,1473.98,1516.79,1516.79,0.9718,0.9718,0,0,0
known_locked,96,EXACT_RECOVERED_LOCKED,aug_rep_d8,E:\甲劈微循环\data\血管数据集\分类数据集\image\96_0.jpg,locked,recovered_archive1/75,,recovered_archive2/193,CAPorg9.jpg,1129.53,1392.57,1408.73,0.8111,0.8018,0,0,0
known_locked,146,EXACT_RECOVERED_LOCKED,aug_rep_d8,E:\甲劈微循环\data\血管数据集\分类数据集\image\146_0.jpg,locked,recovered_archive2/134,,recovered_archive2/193,CAPorg9.jpg,1010.67,1145.6,1145.6,0.8822,0.8822,0,0,0
known_locked,179,EXACT_RECOVERED_LOCKED,aug_rep_d8,E:\甲劈微循环\data\血管数据集\分类数据集\image\179_0.jpg,locked,recovered_archive1/63,,recovered_archive2/134,CAPorg5.jpg,1366.44,1437.08,1437.08,0.9508,0.9508,0,0,0
known_locked,183,EXACT_RECOVERED_LOCKED,aug_rep_d8,E:\甲劈微循环\data\血管数据集\分类数据集\image\183_0.jpg,locked,recovered_archive1/98,,recovered_archive2/193,CAPorg11.jpg,914.05,1710.96,1710.96,0.5342,0.5342,0,1,1
known_locked,238,EXACT_RECOVERED_LOCKED,aug_rep_d8,E:\甲劈微循环\data\血管数据集\分类数据集\image\238_0.jpg,locked,recovered_archive2/177,,recovered_archive3/203,CAPorg10.jpg,1144.88,1167.16,1206.44,0.9809,0.949,0,0,0
known_locked,274,EXACT_RECOVERED_LOCKED,aug_rep_d8,E:\甲劈微循环\data\血管数据集\分类数据集\image\274_0.jpg,locked,recovered_archive1/73,,recovered_archive2/193,CAPorg9.jpg,1413.34,1611.34,1611.34,0.8771,0.8771,0,0,0
known_locked,312,EXACT_RECOVERED_LOCKED,aug_rep_d8,E:\甲劈微循环\data\血管数据集\分类数据集\image\312_0.jpg,locked,recovered_archive1/73,,recovered_archive2/193,CAPorg9.jpg,1395.48,1441.65,1441.65,0.968,0.968,0,0,0
known_locked,319,EXACT_RECOVERED_LOCKED,aug_rep_d8,E:\甲劈微循环\data\血管数据集\分类数据集\image\319_0.jpg,locked,recovered_archive1/39,,recovered_archive2/193,CAPorg9.jpg,1189.02,1328.28,1328.28,0.8952,0.8952,0,0,0
known_locked,321,EXACT_RECOVERED_LOCKED,aug_rep_d8,E:\甲劈微循环\data\血管数据集\分类数据集\image\321_0.jpg,locked,recovered_archive2/153,,recovered_archive3/244,CAPorg5.jpg,1217.93,1287.79,1287.79,0.9458,0.9458,0,0,0
known_locked,340,EXACT_RECOVERED_LOCKED,aug_rep_d8,E:\甲劈微循环\data\血管数据集\分类数据集\image\340_0.jpg,locked,recovered_archive2/182,,recovered_archive3/236,CAPorg1.jpg,2536.59,2754.56,2754.56,0.9209,0.9209,0,0,0
known_locked,348,EXACT_RECOVERED_LOCKED,aug_rep_d8,E:\甲劈微循环\data\血管数据集\分类数据集\image\348_0.jpg,locked,recovered_archive1/39,,recovered_archive3/219,CAPorg4.jpg,1204.27,1235.21,1462.14,0.975,0.8236,0,0,0
known_locked,354,EXACT_RECOVERED_LOCKED,aug_rep_d8,E:\甲劈微循环\data\血管数据集\分类数据集\image\354_0.jpg,locked,recovered_archive2/187,,recovered_archive2/193,CAPorg5.jpg,1669.24,1904.68,1921.81,0.8764,0.8686,0,0,0
known_locked,383,EXACT_RECOVERED_LOCKED,aug_rep_d8,E:\甲劈微循环\data\血管数据集\分类数据集\image\383_0.jpg,locked,recovered_archive3/217,,recovered_archive2/193,CAPorg9.jpg,1382.25,1537.95,1537.95,0.8988,0.8988,0,0,0
known_locked,385,EXACT_RECOVERED_LOCKED,aug_rep_d8,E:\甲劈微循环\data\血管数据集\分类数据集\image\385_0.jpg,locked,recovered_archive2/185,,recovered_archive2/102,CAPorg3.jpg,1279.01,1346.39,1398.71,0.95,0.9144,0,0,0
known_locked,389,EXACT_RECOVERED_LOCKED,aug_rep_d8,E:\甲劈微循环\data\血管数据集\分类数据集\image\389_0.jpg,locked,recovered_archive2/182,,recovered_archive3/219,CAPorg11.jpg,888.51,1419.54,1732.62,0.6259,0.5128,0,1,1
known_locked,498,EXACT_RECOVERED_LOCKED,aug_rep_d8,E:\甲劈微循环\data\血管数据集\分类数据集\image\498_0.jpg,locked,recovered_archive2/156,,recovered_archive2/102,CAPorg5.jpg,1168.41,1196.78,1323.43,0.9763,0.8829,0,0,0
known_locked,509,EXACT_RECOVERED_LOCKED,aug_rep_d8,E:\甲劈微循环\data\血管数据集\分类数据集\image\509_0.jpg,locked,recovered_archive1/77,,recovered_archive3/244,CAPorg5.jpg,994.86,1030.28,1030.28,0.9656,0.9656,0,0,0
known_locked,511,EXACT_RECOVERED_LOCKED,aug_rep_d8,E:\甲劈微循环\data\血管数据集\分类数据集\image\511_0.jpg,locked,recovered_archive2/156,,recovered_archive2/156,CAPorg4.jpg,786.36,983.22,983.22,0.7998,0.7998,1,1,1
known_locked,513,EXACT_RECOVERED_LOCKED,aug_rep_d8,E:\甲劈微循环\data\血管数据集\分类数据集\image\513_0.jpg,locked,recovered_archive2/153,,recovered_archive2/193,CAPorg9.jpg,1394.5,1580.21,1580.21,0.8825,0.8825,0,0,0
known_locked,522,EXACT_RECOVERED_LOCKED,aug_rep_d8,E:\甲劈微循环\data\血管数据集\分类数据集\image\522_0.jpg,locked,recovered_archive1/55,,recovered_archive2/193,CAPorg5.jpg,1433.57,1531.59,1697.77,0.936,0.8444,0,0,0
known_locked,530,EXACT_RECOVERED_LOCKED,aug_rep_d8,E:\甲劈微循环\data\血管数据集\分类数据集\image\530_0.jpg,locked,recovered_archive2/187,,recovered_archive2/193,CAPorg6.jpg,1817.06,1835.63,1835.63,0.9899,0.9899,0,0,0
known_locked,548,EXACT_RECOVERED_LOCKED,aug_rep_d8,E:\甲劈微循环\data\血管数据集\分类数据集\image\548_0.jpg,locked,recovered_archive1/77,,recovered_archive3/219,CAPorg4.jpg,1187.07,1193.25,1193.25,0.9948,0.9948,0,0,0
known_locked,551,EXACT_RECOVERED_LOCKED,aug_rep_d8,E:\甲劈微循环\data\血管数据集\分类数据集\image\551_0.jpg,locked,recovered_archive1/88,,recovered_archive2/193,CAPorg9.jpg,798.32,1147.01,1147.01,0.696,0.696,0,1,1
known_locked,556,EXACT_RECOVERED_LOCKED,aug_rep_d8,E:\甲劈微循环\data\血管数据集\分类数据集\image\556_0.jpg,locked,recovered_archive1/63,,recovered_archive2/102,CAPorg2.jpg,1989.44,1997.4,1997.4,0.996,0.996,0,0,0
known_locked,577,EXACT_RECOVERED_LOCKED,aug_rep_d8,E:\甲劈微循环\data\血管数据集\分类数据集\image\577_0.jpg,locked,recovered_archive1/55,,recovered_archive2/193,CAPorg5.jpg,1337.67,1475.72,1887.29,0.9065,0.7088,0,0,1
known_locked,13,EXACT_RECOVERED_LOCKED,preaug,E:\甲劈微循环\data\血管数据集\分类数据集\扩充之前\images\13.jpg,development,recovered_archive2/153,,recovered_archive2/162,CAPorg2.jpg,392.5,414.27,414.27,0.9475,0.9475,,0,0
known_locked,48,EXACT_RECOVERED_LOCKED,preaug,E:\甲劈微循环\data\血管数据集\分类数据集\扩充之前\images\48.jpg,development,recovered_archive1/75,,recovered_archive2/186,CAPorg5.jpg,462.35,483.97,483.97,0.9553,0.9553,,0,0
known_locked,60,EXACT_RECOVERED_LOCKED,preaug,E:\甲劈微循环\data\血管数据集\分类数据集\扩充之前\images\60.jpg,development,recovered_archive1/75,,recovered_archive2/116,CAPorg5.jpg,538.76,540.07,540.07,0.9976,0.9976,,0,0
known_locked,69,EXACT_RECOVERED_LOCKED,preaug,E:\甲劈微循环\data\血管数据集\分类数据集\扩充之前\images\69.jpg,development,recovered_archive1/55,,recovered_archive1/82,CAPorg1.jpg,1145.6,1167.97,1167.97,0.9808,0.9808,,0,0
known_locked,70,EXACT_RECOVERED_LOCKED,preaug,E:\甲劈微循环\data\血管数据集\分类数据集\扩充之前\images\70.jpg,development,recovered_archive1/55,,recovered_archive3/227,CAPorg7.jpg,465.64,506.07,506.07,0.9201,0.9201,,0,0
known_locked,74,EXACT_RECOVERED_LOCKED,preaug,E:\甲劈微循环\data\血管数据集\分类数据集\扩充之前\images\74.jpg,development,recovered_archive1/55,,recovered_archive3/227,CAPorg5.jpg,541.98,542.29,542.29,0.9994,0.9994,,0,0
known_locked,79,EXACT_RECOVERED_LOCKED,preaug,E:\甲劈微循环\data\血管数据集\分类数据集\扩充之前\images\79.jpg,development,recovered_archive3/255,,recovered_archive2/116,CAPorg2.jpg,374.9,468.55,468.55,0.8001,0.8001,,0,0
known_locked,96,EXACT_RECOVERED_LOCKED,preaug,E:\甲劈微循环\data\血管数据集\分类数据集\扩充之前\images\96.jpg,development,recovered_archive1/75,,recovered_archive1/60,CAPorg8.jpg,569.53,575.27,575.27,0.99,0.99,,0,0
known_locked,146,EXACT_RECOVERED_LOCKED,preaug,E:\甲劈微循环\data\血管数据集\分类数据集\扩充之前\images\146.jpg,development,recovered_archive2/134,,recovered_archive1/41,CAPorg16.jpg,771.85,807.23,807.23,0.9562,0.9562,,0,0
known_locked,179,EXACT_RECOVERED_LOCKED,preaug,E:\甲劈微循环\data\血管数据集\分类数据集\扩充之前\images\179.jpg,development,recovered_archive1/63,,recovered_archive2/152,CAPorg5.jpg,518.75,556.61,557.45,0.932,0.9306,,0,0
known_locked,183,EXACT_RECOVERED_LOCKED,preaug,E:\甲劈微循环\data\血管数据集\分类数据集\扩充之前\images\183.jpg,development,recovered_archive1/98,,recovered_archive2/118,CAPorg11.jpg,509.83,558.28,558.28,0.9132,0.9132,,0,0
known_locked,238,EXACT_RECOVERED_LOCKED,preaug,E:\甲劈微循环\data\血管数据集\分类数据集\扩充之前\images\238.jpg,development,recovered_archive2/177,,recovered_archive2/186,CAPorg8.jpg,192.41,206.21,206.21,0.9331,0.9331,,0,0
known_locked,274,EXACT_RECOVERED_LOCKED,preaug,E:\甲劈微循环\data\血管数据集\分类数据集\扩充之前\images\274.jpg,development,recovered_archive1/73,,recovered_archive1/71,CAPorg1.jpg,1304.51,1541.01,1541.01,0.8465,0.8465,,0,0
known_locked,312,EXACT_RECOVERED_LOCKED,preaug,E:\甲劈微循环\data\血管数据集\分类数据集\扩充之前\images\312.jpg,development,recovered_archive1/73,,recovered_archive1/71,CAPorg1.jpg,1070.21,1377.46,1377.46,0.7769,0.7769,,1,1
known_locked,319,EXACT_RECOVERED_LOCKED,preaug,E:\甲劈微循环\data\血管数据集\分类数据集\扩充之前\images\319.jpg,development,recovered_archive1/39,,recovered_archive2/118,CAPorg11.jpg,285.82,347.74,347.74,0.8219,0.8219,,0,0
known_locked,321,EXACT_RECOVERED_LOCKED,preaug,E:\甲劈微循环\data\血管数据集\分类数据集\扩充之前\images\321.jpg,development,recovered_archive2/153,,recovered_archive2/162,CAPorg2.jpg,392.5,414.27,414.27,0.9475,0.9475,,0,0
known_locked,340,EXACT_RECOVERED_LOCKED,preaug,E:\甲劈微循环\data\血管数据集\分类数据集\扩充之前\images\340.jpg,development,recovered_archive2/182,,recovered_archive1/32,CAPorg1.jpg,2304.0,2304.0,2304.0,1.0,1.0,,0,0
known_locked,348,EXACT_RECOVERED_LOCKED,preaug,E:\甲劈微循环\data\血管数据集\分类数据集\扩充之前\images\348.jpg,development,recovered_archive1/39,,recovered_archive2/118,CAPorg2.jpg,292.34,317.8,317.8,0.9199,0.9199,,0,0
known_locked,354,EXACT_RECOVERED_LOCKED,preaug,E:\甲劈微循环\data\血管数据集\分类数据集\扩充之前\images\354.jpg,development,recovered_archive2/187,,recovered_archive1/32,CAPorg1.jpg,2304.0,2304.0,2304.0,1.0,1.0,,0,0
known_locked,383,EXACT_RECOVERED_LOCKED,preaug,E:\甲劈微循环\data\血管数据集\分类数据集\扩充之前\images\383.jpg,development,recovered_archive3/217,,recovered_archive2/180,CAPorg7.jpg,1803.71,1934.88,1934.88,0.9322,0.9322,,0,0
known_locked,385,EXACT_RECOVERED_LOCKED,preaug,E:\甲劈微循环\data\血管数据集\分类数据集\扩充之前\images\385.jpg,development,recovered_archive2/185,,recovered_archive2/186,CAPorg5.jpg,371.55,372.81,372.81,0.9966,0.9966,,0,0
known_locked,389,EXACT_RECOVERED_LOCKED,preaug,E:\甲劈微循环\data\血管数据集\分类数据集\扩充之前\images\389.jpg,development,recovered_archive2/182,,recovered_archive2/116,CAPorg4.jpg,542.28,570.4,570.4,0.9507,0.9507,,0,0
known_locked,498,EXACT_RECOVERED_LOCKED,preaug,E:\甲劈微循环\data\血管数据集\分类数据集\扩充之前\images\498.jpg,development,recovered_archive2/156,,recovered_archive2/148,CAPorg4.jpg,495.8,541.24,541.24,0.9161,0.9161,,0,0
known_locked,509,EXACT_RECOVERED_LOCKED,preaug,E:\甲劈微循环\data\血管数据集\分类数据集\扩充之前\images\509.jpg,development,recovered_archive1/77,,recovered_archive2/130,CAPorg11.jpg,375.06,379.73,415.41,0.9877,0.9029,,0,0
known_locked,511,EXACT_RECOVERED_LOCKED,preaug,E:\甲劈微循环\data\血管数据集\分类数据集\扩充之前\images\511.jpg,development,recovered_archive2/156,,recovered_archive1/60,CAPorg4.jpg,557.99,578.39,578.39,0.9647,0.9647,,0,0
known_locked,513,EXACT_RECOVERED_LOCKED,preaug,E:\甲劈微循环\data\血管数据集\分类数据集\扩充之前\images\513.jpg,development,recovered_archive2/153,,recovered_archive2/151,CAPorg4.jpg,1326.39,1510.18,1510.18,0.8783,0.8783,,0,0
known_locked,522,EXACT_RECOVERED_LOCKED,preaug,E:\甲劈微循环\data\血管数据集\分类数据集\扩充之前\images\522.jpg,development,recovered_archive1/55,,recovered_archive1/82,CAPorg1.jpg,1145.6,1167.97,1167.97,0.9808,0.9808,,0,0
known_locked,530,EXACT_RECOVERED_LOCKED,preaug,E:\甲劈微循环\data\血管数据集\分类数据集\扩充之前\images\530.jpg,development,recovered_archive2/187,,recovered_archive1/32,CAPorg1.jpg,2304.0,2304.0,2304.0,1.0,1.0,,0,0
known_locked,548,EXACT_RECOVERED_LOCKED,preaug,E:\甲劈微循环\data\血管数据集\分类数据集\扩充之前\images\548.jpg,development,recovered_archive1/77,,recovered_archive2/122,CAPorg8.jpg,524.22,544.16,544.16,0.9634,0.9634,,0,0
known_locked,551,EXACT_RECOVERED_LOCKED,preaug,E:\甲劈微循环\data\血管数据集\分类数据集\扩充之前\images\551.jpg,development,recovered_archive1/88,,recovered_archive2/136,CAPorg2.jpg,453.77,498.47,498.47,0.9103,0.9103,,0,0
known_locked,556,EXACT_RECOVERED_LOCKED,preaug,E:\甲劈微循环\data\血管数据集\分类数据集\扩充之前\images\556.jpg,development,recovered_archive1/63,,recovered_archive2/120,CAPorg3.jpg,828.45,1077.47,1077.47,0.7689,0.7689,,1,1
known_locked,577,EXACT_RECOVERED_LOCKED,preaug,E:\甲劈微循环\data\血管数据集\分类数据集\扩充之前\images\577.jpg,development,recovered_archive1/55,,recovered_archive2/159,CAPorg1.jpg,458.04,483.24,483.24,0.9478,0.9478,,0,0
known_locked,13,EXACT_RECOVERED_LOCKED,preaug,E:\甲劈微循环\data\血管数据集\分类数据集\扩充之前\images\13.jpg,locked,recovered_archive2/153,,recovered_archive2/153,CAPorg6.jpg,0.0,340.29,340.29,0.0,0.0,1,1,1
known_locked,48,EXACT_RECOVERED_LOCKED,preaug,E:\甲劈微循环\data\血管数据集\分类数据集\扩充之前\images\48.jpg,locked,recovered_archive1/75,,recovered_archive1/75,CAPorg2.jpg,0.0,540.09,540.09,0.0,0.0,1,1,1
known_locked,60,EXACT_RECOVERED_LOCKED,preaug,E:\甲劈微循环\data\血管数据集\分类数据集\扩充之前\images\60.jpg,locked,recovered_archive1/75,,recovered_archive1/75,CAPorg3.jpg,0.0,354.09,516.66,0.0,0.0,1,1,1
known_locked,69,EXACT_RECOVERED_LOCKED,preaug,E:\甲劈微循环\data\血管数据集\分类数据集\扩充之前\images\69.jpg,locked,recovered_archive1/55,,recovered_archive1/55,CAPorg4.jpg,0.0,1174.56,1174.56,0.0,0.0,1,1,1
known_locked,70,EXACT_RECOVERED_LOCKED,preaug,E:\甲劈微循环\data\血管数据集\分类数据集\扩充之前\images\70.jpg,locked,recovered_archive1/55,,recovered_archive1/55,CAPorg5.jpg,0.0,528.13,644.03,0.0,0.0,1,1,1
known_locked,74,EXACT_RECOVERED_LOCKED,preaug,E:\甲劈微循环\data\血管数据集\分类数据集\扩充之前\images\74.jpg,locked,recovered_archive1/55,,recovered_archive1/55,CAPorg8.jpg,0.0,520.16,641.18,0.0,0.0,1,1,1
known_locked,79,EXACT_RECOVERED_LOCKED,preaug,E:\甲劈微循环\data\血管数据集\分类数据集\扩充之前\images\79.jpg,locked,recovered_archive3/255,,recovered_archive3/255,CAPorg6.jpg,0.0,281.75,659.99,0.0,0.0,1,1,1
known_locked,96,EXACT_RECOVERED_LOCKED,preaug,E:\甲劈微循环\data\血管数据集\分类数据集\扩充之前\images\96.jpg,locked,recovered_archive1/75,,recovered_archive1/75,CAPorg8.jpg,0.0,572.9,646.47,0.0,0.0,1,1,1
known_locked,146,EXACT_RECOVERED_LOCKED,preaug,E:\甲劈微循环\data\血管数据集\分类数据集\扩充之前\images\146.jpg,locked,recovered_archive2/134,,recovered_archive2/134,CAPorg6.jpg,0.0,577.17,577.17,0.0,0.0,1,1,1
known_locked,179,EXACT_RECOVERED_LOCKED,preaug,E:\甲劈微循环\data\血管数据集\分类数据集\扩充之前\images\179.jpg,locked,recovered_archive1/63,,recovered_archive1/63,CAPorg7.jpg,0.0,668.6,668.6,0.0,0.0,1,1,1
known_locked,183,EXACT_RECOVERED_LOCKED,preaug,E:\甲劈微循环\data\血管数据集\分类数据集\扩充之前\images\183.jpg,locked,recovered_archive1/98,,recovered_archive1/98,CAPorg1.jpg,0.0,507.19,507.19,0.0,0.0,1,1,1
known_locked,238,EXACT_RECOVERED_LOCKED,preaug,E:\甲劈微循环\data\血管数据集\分类数据集\扩充之前\images\238.jpg,locked,recovered_archive2/177,,recovered_archive2/177,CAPorg2.jpg,0.0,199.02,199.02,0.0,0.0,1,1,1
known_locked,274,EXACT_RECOVERED_LOCKED,preaug,E:\甲劈微循环\data\血管数据集\分类数据集\扩充之前\images\274.jpg,locked,recovered_archive1/73,,recovered_archive1/73,CAPorg6.jpg,0.0,1028.21,1408.65,0.0,0.0,1,1,1
known_locked,312,EXACT_RECOVERED_LOCKED,preaug,E:\甲劈微循环\data\血管数据集\分类数据集\扩充之前\images\312.jpg,locked,recovered_archive1/73,,recovered_archive1/73,CAPorg8.jpg,0.0,1028.21,1046.42,0.0,0.0,1,1,1
known_locked,319,EXACT_RECOVERED_LOCKED,preaug,E:\甲劈微循环\data\血管数据集\分类数据集\扩充之前\images\319.jpg,locked,recovered_archive1/39,,recovered_archive1/39,CAPorg9.jpg,0.0,246.08,246.08,0.0,0.0,1,1,1
known_locked,321,EXACT_RECOVERED_LOCKED,preaug,E:\甲劈微循环\data\血管数据集\分类数据集\扩充之前\images\321.jpg,locked,recovered_archive2/153,,recovered_archive2/153,CAPorg6.jpg,0.0,340.29,340.29,0.0,0.0,1,1,1
known_locked,340,EXACT_RECOVERED_LOCKED,preaug,E:\甲劈微循环\data\血管数据集\分类数据集\扩充之前\images\340.jpg,locked,recovered_archive2/182,,recovered_archive2/182,CAPorg6.jpg,0.0,3064.18,3064.18,0.0,0.0,1,1,1
known_locked,348,EXACT_RECOVERED_LOCKED,preaug,E:\甲劈微循环\data\血管数据集\分类数据集\扩充之前\images\348.jpg,locked,recovered_archive1/39,,recovered_archive1/39,CAPorg8.jpg,0.0,319.84,336.22,0.0,0.0,1,1,1
known_locked,354,EXACT_RECOVERED_LOCKED,preaug,E:\甲劈微循环\data\血管数据集\分类数据集\扩充之前\images\354.jpg,locked,recovered_archive2/187,,recovered_archive2/187,CAPorg4.jpg,0.0,2268.83,2268.83,0.0,0.0,1,1,1
known_locked,383,EXACT_RECOVERED_LOCKED,preaug,E:\甲劈微循环\data\血管数据集\分类数据集\扩充之前\images\383.jpg,locked,recovered_archive3/217,,recovered_archive3/217,CAPorg4.jpg,0.0,1799.35,1799.35,0.0,0.0,1,1,1
known_locked,385,EXACT_RECOVERED_LOCKED,preaug,E:\甲劈微循环\data\血管数据集\分类数据集\扩充之前\images\385.jpg,locked,recovered_archive2/185,,recovered_archive2/185,CAPorg4.jpg,0.0,206.18,400.4,0.0,0.0,1,1,1
known_locked,389,EXACT_RECOVERED_LOCKED,preaug,E:\甲劈微循环\data\血管数据集\分类数据集\扩充之前\images\389.jpg,locked,recovered_archive2/182,,recovered_archive2/182,CAPorg1.jpg,0.0,651.0,651.0,0.0,0.0,1,1,1
known_locked,498,EXACT_RECOVERED_LOCKED,preaug,E:\甲劈微循环\data\血管数据集\分类数据集\扩充之前\images\498.jpg,locked,recovered_archive2/156,,recovered_archive2/156,CAPorg3.jpg,0.0,655.25,655.25,0.0,0.0,1,1,1
known_locked,509,EXACT_RECOVERED_LOCKED,preaug,E:\甲劈微循环\data\血管数据集\分类数据集\扩充之前\images\509.jpg,locked,recovered_archive1/77,,recovered_archive1/77,CAPorg3.jpg,0.0,410.01,410.01,0.0,0.0,1,1,1
known_locked,511,EXACT_RECOVERED_LOCKED,preaug,E:\甲劈微循环\data\血管数据集\分类数据集\扩充之前\images\511.jpg,locked,recovered_archive2/156,,recovered_archive2/156,CAPorg4.jpg,0.0,753.44,753.44,0.0,0.0,1,1,1
known_locked,513,EXACT_RECOVERED_LOCKED,preaug,E:\甲劈微循环\data\血管数据集\分类数据集\扩充之前\images\513.jpg,locked,recovered_archive2/153,,recovered_archive2/153,CAPorg4.jpg,0.0,1873.73,1873.73,0.0,0.0,1,1,1
known_locked,522,EXACT_RECOVERED_LOCKED,preaug,E:\甲劈微循环\data\血管数据集\分类数据集\扩充之前\images\522.jpg,locked,recovered_archive1/55,,recovered_archive1/55,CAPorg4.jpg,0.0,1174.56,1174.56,0.0,0.0,1,1,1
known_locked,530,EXACT_RECOVERED_LOCKED,preaug,E:\甲劈微循环\data\血管数据集\分类数据集\扩充之前\images\530.jpg,locked,recovered_archive2/187,,recovered_archive2/187,CAPorg4.jpg,0.0,2268.83,2268.83,0.0,0.0,1,1,1
known_locked,548,EXACT_RECOVERED_LOCKED,preaug,E:\甲劈微循环\data\血管数据集\分类数据集\扩充之前\images\548.jpg,locked,recovered_archive1/77,,recovered_archive1/77,CAPorg5.jpg,0.0,592.74,592.74,0.0,0.0,1,1,1
known_locked,551,EXACT_RECOVERED_LOCKED,preaug,E:\甲劈微循环\data\血管数据集\分类数据集\扩充之前\images\551.jpg,locked,recovered_archive1/88,,recovered_archive1/88,CAPorg5.jpg,0.0,537.23,537.23,0.0,0.0,1,1,1
known_locked,556,EXACT_RECOVERED_LOCKED,preaug,E:\甲劈微循环\data\血管数据集\分类数据集\扩充之前\images\556.jpg,locked,recovered_archive1/63,,recovered_archive1/63,CAPorg5.jpg,0.0,1185.83,1185.83,0.0,0.0,1,1,1
known_locked,577,EXACT_RECOVERED_LOCKED,preaug,E:\甲劈微循环\data\血管数据集\分类数据集\扩充之前\images\577.jpg,locked,recovered_archive1/55,,recovered_archive1/55,CAPorg6.jpg,0.0,520.16,582.87,0.0,0.0,1,1,1
unlisted,109,EXACT_RECOVERED_UNLISTED,aug_rep,E:\甲劈微循环\data\血管数据集\分类数据集\image\109_0.jpg,development,,,recovered_archive3/229,CAPorg12.jpg,1192.01,1232.76,1232.76,0.9669,0.9669,,0,0
unlisted,196,EXACT_RECOVERED_UNLISTED,aug_rep,E:\甲劈微循环\data\血管数据集\分类数据集\image\196_0.jpg,development,,,recovered_archive2/118,CAPorg7.jpg,1210.48,1262.44,1262.44,0.9588,0.9588,,0,0
unlisted,265,EXACT_RECOVERED_UNLISTED,aug_rep,E:\甲劈微循环\data\血管数据集\分类数据集\image\265_0.jpg,development,,,recovered_archive2/136,CAPorg3.jpg,1524.43,1613.95,1613.95,0.9445,0.9445,,0,0
unlisted,273,EXACT_RECOVERED_UNLISTED,aug_rep,E:\甲劈微循环\data\血管数据集\分类数据集\image\273_0.jpg,development,,,recovered_archive1/46,CAPorg2.jpg,1632.89,1636.22,1636.22,0.998,0.998,,0,0
unlisted,342,EXACT_RECOVERED_UNLISTED,aug_rep,E:\甲劈微循环\data\血管数据集\分类数据集\image\342_0.jpg,development,,,recovered_archive3/227,CAPorg3.jpg,1507.14,1712.94,1712.94,0.8799,0.8799,,0,0
unlisted,109,EXACT_RECOVERED_UNLISTED,aug_rep,E:\甲劈微循环\data\血管数据集\分类数据集\image\109_0.jpg,locked,,,recovered_archive2/193,CAPorg9.jpg,916.72,1224.79,1331.52,0.7485,0.6885,,1,1
unlisted,196,EXACT_RECOVERED_UNLISTED,aug_rep,E:\甲劈微循环\data\血管数据集\分类数据集\image\196_0.jpg,locked,,,recovered_archive1/88,CAPorg5.jpg,1420.27,1591.0,1622.91,0.8927,0.8751,,0,0
unlisted,265,EXACT_RECOVERED_UNLISTED,aug_rep,E:\甲劈微循环\data\血管数据集\分类数据集\image\265_0.jpg,locked,,,recovered_archive1/88,CAPorg5.jpg,1574.57,1830.44,1830.44,0.8602,0.8602,,0,0
unlisted,273,EXACT_RECOVERED_UNLISTED,aug_rep,E:\甲劈微循环\data\血管数据集\分类数据集\image\273_0.jpg,locked,,,recovered_archive1/88,CAPorg5.jpg,1706.22,1720.72,1720.72,0.9916,0.9916,,0,0
unlisted,342,EXACT_RECOVERED_UNLISTED,aug_rep,E:\甲劈微循环\data\血管数据集\分类数据集\image\342_0.jpg,locked,,,recovered_archive2/134,CAPorg3.jpg,1867.23,1989.02,2094.4,0.9388,0.8915,,0,0
unlisted,109,EXACT_RECOVERED_UNLISTED,aug_rep_d8,E:\甲劈微循环\data\血管数据集\分类数据集\image\109_0.jpg,development,,,recovered_archive1/82,CAPorg1.jpg,1178.65,1215.26,1215.26,0.9699,0.9699,,0,0
unlisted,196,EXACT_RECOVERED_UNLISTED,aug_rep_d8,E:\甲劈微循环\data\血管数据集\分类数据集\image\196_0.jpg,development,,,recovered_archive3/254,CAPorg5.jpg,1068.57,1097.91,1097.91,0.9733,0.9733,,0,0
unlisted,265,EXACT_RECOVERED_UNLISTED,aug_rep_d8,E:\甲劈微循环\data\血管数据集\分类数据集\image\265_0.jpg,development,,,recovered_archive3/231,CAPorg10.jpg,1051.26,1116.37,1233.16,0.9417,0.8525,,0,0
unlisted,273,EXACT_RECOVERED_UNLISTED,aug_rep_d8,E:\甲劈微循环\data\血管数据集\分类数据集\image\273_0.jpg,development,,,recovered_archive2/175,CAPorg5.jpg,1206.82,1344.61,1344.61,0.8975,0.8975,,0,0
unlisted,342,EXACT_RECOVERED_UNLISTED,aug_rep_d8,E:\甲劈微循环\data\血管数据集\分类数据集\image\342_0.jpg,development,,,recovered_archive2/184,CAPorg1.jpg,1039.2,1136.04,1136.04,0.9148,0.9148,,0,0
unlisted,109,EXACT_RECOVERED_UNLISTED,aug_rep_d8,E:\甲劈微循环\data\血管数据集\分类数据集\image\109_0.jpg,locked,,,recovered_archive2/193,CAPorg9.jpg,916.72,1224.79,1331.52,0.7485,0.6885,,1,1
unlisted,196,EXACT_RECOVERED_UNLISTED,aug_rep_d8,E:\甲劈微循环\data\血管数据集\分类数据集\image\196_0.jpg,locked,,,recovered_archive3/219,CAPorg4.jpg,940.06,1073.59,1205.44,0.8756,0.7799,,0,1
unlisted,265,EXACT_RECOVERED_UNLISTED,aug_rep_d8,E:\甲劈微循环\data\血管数据集\分类数据集\image\265_0.jpg,locked,,,recovered_archive3/205,CAPorg6.jpg,1099.67,1142.9,1142.9,0.9622,0.9622,,0,0
unlisted,273,EXACT_RECOVERED_UNLISTED,aug_rep_d8,E:\甲劈微循环\data\血管数据集\分类数据集\image\273_0.jpg,locked,,,recovered_archive3/203,CAPorg11.jpg,1207.94,1226.83,1335.11,0.9846,0.9048,,0,0
unlisted,342,EXACT_RECOVERED_UNLISTED,aug_rep_d8,E:\甲劈微循环\data\血管数据集\分类数据集\image\342_0.jpg,locked,,,recovered_archive2/102,CAPorg8.jpg,1201.69,1276.59,1285.74,0.9413,0.9346,,0,0
unlisted,109,EXACT_RECOVERED_UNLISTED,preaug,E:\甲劈微循环\data\血管数据集\分类数据集\扩充之前\images\109.jpg,development,,,recovered_archive2/189,CAPorg8.jpg,296.88,339.65,339.65,0.8741,0.8741,,0,0
unlisted,196,EXACT_RECOVERED_UNLISTED,preaug,E:\甲劈微循环\data\血管数据集\分类数据集\扩充之前\images\196.jpg,development,,,recovered_archive2/130,CAPorg11.jpg,226.94,227.87,281.49,0.9959,0.8062,,0,0
unlisted,265,EXACT_RECOVERED_UNLISTED,preaug,E:\甲劈微循环\data\血管数据集\分类数据集\扩充之前\images\265.jpg,development,,,recovered_archive2/172,CAPorg12.jpg,278.72,335.68,339.97,0.8303,0.8198,,0,0
unlisted,273,EXACT_RECOVERED_UNLISTED,preaug,E:\甲劈微循环\data\血管数据集\分类数据集\扩充之前\images\273.jpg,development,,,recovered_archive2/126,CAPorg1.jpg,339.56,345.69,345.69,0.9823,0.9823,,0,0
unlisted,342,EXACT_RECOVERED_UNLISTED,preaug,E:\甲劈微循环\data\血管数据集\分类数据集\扩充之前\images\342.jpg,development,,,recovered_archive3/235,CAPorg4.jpg,349.09,393.33,393.33,0.8875,0.8875,,0,0
unlisted,109,EXACT_RECOVERED_UNLISTED,preaug,E:\甲劈微循环\data\血管数据集\分类数据集\扩充之前\images\109.jpg,locked,,,recovered_archive3/244,CAPorg5.jpg,209.85,278.43,278.43,0.7537,0.7537,,1,1
unlisted,196,EXACT_RECOVERED_UNLISTED,preaug,E:\甲劈微循环\data\血管数据集\分类数据集\扩充之前\images\196.jpg,locked,,,recovered_archive3/244,CAPorg5.jpg,220.07,236.99,236.99,0.9286,0.9286,,0,0
unlisted,265,EXACT_RECOVERED_UNLISTED,preaug,E:\甲劈微循环\data\血管数据集\分类数据集\扩充之前\images\265.jpg,locked,,,recovered_archive1/39,CAPorg5.jpg,320.36,376.73,378.73,0.8504,0.8459,,0,0
unlisted,273,EXACT_RECOVERED_UNLISTED,preaug,E:\甲劈微循环\data\血管数据集\分类数据集\扩充之前\images\273.jpg,locked,,,recovered_archive2/192,CAPorg6.jpg,385.92,454.09,454.09,0.8499,0.8499,,0,0
unlisted,342,EXACT_RECOVERED_UNLISTED,preaug,E:\甲劈微循环\data\血管数据集\分类数据集\扩充之前\images\342.jpg,locked,,,recovered_archive3/203,CAPorg15.jpg,331.36,369.75,443.51,0.8962,0.7471,,0,1
unmapped,1,UNMAPPED_LOCAL_SOURCE,aug_rep,E:\甲劈微循环\data\血管数据集\分类数据集\image\1_0.jpg,development,,,recovered_archive3/216,CAPorg5.jpg,1948.04,2000.61,2000.61,0.9737,0.9737,,0,0
unmapped,2,UNMAPPED_LOCAL_SOURCE,aug_rep,E:\甲劈微循环\data\血管数据集\分类数据集\image\2_0.jpg,development,,,recovered_archive2/114,CAPorg1.jpg,1060.04,1596.21,1596.21,0.6641,0.6641,,1,1
unmapped,3,UNMAPPED_LOCAL_SOURCE,aug_rep,E:\甲劈微循环\data\血管数据集\分类数据集\image\3_0.jpg,development,,,recovered_archive1/78,CAPorg5.jpg,867.81,939.13,939.13,0.9241,0.9241,,0,0
unmapped,4,UNMAPPED_LOCAL_SOURCE,aug_rep,E:\甲劈微循环\data\血管数据集\分类数据集\image\4_0.jpg,development,,,recovered_archive3/231,CAPorg8.jpg,1196.82,1215.49,1365.32,0.9846,0.8766,,0,0
unmapped,5,UNMAPPED_LOCAL_SOURCE,aug_rep,E:\甲劈微循环\data\血管数据集\分类数据集\image\5_0.jpg,development,,,recovered_archive2/114,CAPorg1.jpg,1855.27,2100.26,2100.26,0.8834,0.8834,,0,0
unmapped,6,UNMAPPED_LOCAL_SOURCE,aug_rep,E:\甲劈微循环\data\血管数据集\分类数据集\image\6_0.jpg,development,,,recovered_archive2/118,CAPorg15.jpg,1457.88,1544.84,1544.84,0.9437,0.9437,,0,0
unmapped,7,UNMAPPED_LOCAL_SOURCE,aug_rep,E:\甲劈微循环\data\血管数据集\分类数据集\image\7_0.jpg,development,,,recovered_archive3/254,CAPorg5.jpg,1501.62,1732.33,1732.33,0.8668,0.8668,,0,0
unmapped,8,UNMAPPED_LOCAL_SOURCE,aug_rep,E:\甲劈微循环\data\血管数据集\分类数据集\image\8_0.jpg,development,,,recovered_archive1/90,CAPorg3.jpg,1219.72,1287.48,1287.48,0.9474,0.9474,,0,0
unmapped,9,UNMAPPED_LOCAL_SOURCE,aug_rep,E:\甲劈微循环\data\血管数据集\分类数据集\image\9_0.jpg,development,,,recovered_archive2/136,CAPorg3.jpg,1445.12,1543.75,1543.75,0.9361,0.9361,,0,0
unmapped,10,UNMAPPED_LOCAL_SOURCE,aug_rep,E:\甲劈微循环\data\血管数据集\分类数据集\image\10_0.jpg,development,,,recovered_archive2/114,CAPorg1.jpg,873.38,1167.93,1167.93,0.7478,0.7478,,1,1
unmapped,11,UNMAPPED_LOCAL_SOURCE,aug_rep,E:\甲劈微循环\data\血管数据集\分类数据集\image\11_0.jpg,development,,,recovered_archive2/114,CAPorg1.jpg,1158.56,1964.1,1964.1,0.5899,0.5899,,1,1
unmapped,12,UNMAPPED_LOCAL_SOURCE,aug_rep,E:\甲劈微循环\data\血管数据集\分类数据集\image\12_0.jpg,development,,,recovered_archive2/151,CAPorg3.jpg,1769.29,1777.11,1777.11,0.9956,0.9956,,0,0
unmapped,14,UNMAPPED_LOCAL_SOURCE,aug_rep,E:\甲劈微循环\data\血管数据集\分类数据集\image\14_0.jpg,development,,,recovered_archive1/82,CAPorg1.jpg,1499.93,1510.99,1510.99,0.9927,0.9927,,0,0
unmapped,15,UNMAPPED_LOCAL_SOURCE,aug_rep,E:\甲劈微循环\data\血管数据集\分类数据集\image\15_0.jpg,development,,,recovered_archive2/136,CAPorg3.jpg,1443.1,1579.6,1579.6,0.9136,0.9136,,0,0
unmapped,16,UNMAPPED_LOCAL_SOURCE,aug_rep,E:\甲劈微循环\data\血管数据集\分类数据集\image\16_0.jpg,development,,,recovered_archive1/24,CAPorg1.jpg,1465.01,1531.24,1531.24,0.9567,0.9567,,0,0
unmapped,17,UNMAPPED_LOCAL_SOURCE,aug_rep,E:\甲劈微循环\data\血管数据集\分类数据集\image\17_0.jpg,development,,,recovered_archive2/118,CAPorg15.jpg,1657.15,1737.8,1980.44,0.9536,0.8368,,0,0
unmapped,18,UNMAPPED_LOCAL_SOURCE,aug_rep,E:\甲劈微循环\data\血管数据集\分类数据集\image\18_0.jpg,development,,,recovered_archive3/227,CAPorg3.jpg,1435.82,1472.9,1472.9,0.9748,0.9748,,0,0
unmapped,19,UNMAPPED_LOCAL_SOURCE,aug_rep,E:\甲劈微循环\data\血管数据集\分类数据集\image\19_0.jpg,development,,,recovered_archive2/118,CAPorg14.jpg,1779.09,1782.46,1817.27,0.9981,0.979,,0,0
unmapped,20,UNMAPPED_LOCAL_SOURCE,aug_rep,E:\甲劈微循环\data\血管数据集\分类数据集\image\20_0.jpg,development,,,recovered_archive3/227,CAPorg3.jpg,2035.72,2154.4,2154.4,0.9449,0.9449,,0,0
unmapped,21,UNMAPPED_LOCAL_SOURCE,aug_rep,E:\甲劈微循环\data\血管数据集\分类数据集\image\21_0.jpg,development,,,recovered_archive3/229,CAPorg12.jpg,1734.59,1769.51,1769.51,0.9803,0.9803,,0,0
unmapped,22,UNMAPPED_LOCAL_SOURCE,aug_rep,E:\甲劈微循环\data\血管数据集\分类数据集\image\22_0.jpg,development,,,recovered_archive2/114,CAPorg1.jpg,1416.12,1757.04,1757.04,0.806,0.806,,0,0
unmapped,23,UNMAPPED_LOCAL_SOURCE,aug_rep,E:\甲劈微循环\data\血管数据集\分类数据集\image\23_0.jpg,development,,,recovered_archive3/254,CAPorg5.jpg,1454.4,1690.55,1690.55,0.8603,0.8603,,0,0
unmapped,25,UNMAPPED_LOCAL_SOURCE,aug_rep,E:\甲劈微循环\data\血管数据集\分类数据集\image\25_0.jpg,development,,,recovered_archive3/227,CAPorg3.jpg,1368.65,1441.1,1441.1,0.9497,0.9497,,0,0
unmapped,26,UNMAPPED_LOCAL_SOURCE,aug_rep,E:\甲劈微循环\data\血管数据集\分类数据集\image\26_0.jpg,development,,,recovered_archive3/254,CAPorg5.jpg,1247.87,1335.23,1335.23,0.9346,0.9346,,0,0
unmapped,27,UNMAPPED_LOCAL_SOURCE,aug_rep,E:\甲劈微循环\data\血管数据集\分类数据集\image\27_0.jpg,development,,,recovered_archive1/78,CAPorg5.jpg,1043.65,1074.34,1074.34,0.9714,0.9714,,0,0
unmapped,28,UNMAPPED_LOCAL_SOURCE,aug_rep,E:\甲劈微循环\data\血管数据集\分类数据集\image\28_0.jpg,development,,,recovered_archive2/175,CAPorg5.jpg,1351.56,1369.72,1369.72,0.9867,0.9867,,0,0
unmapped,29,UNMAPPED_LOCAL_SOURCE,aug_rep,E:\甲劈微循环\data\血管数据集\分类数据集\image\29_0.jpg,development,,,recovered_archive2/114,CAPorg1.jpg,1668.98,1950.48,1950.48,0.8557,0.8557,,0,0
unmapped,30,UNMAPPED_LOCAL_SOURCE,aug_rep,E:\甲劈微循环\data\血管数据集\分类数据集\image\30_0.jpg,development,,,recovered_archive2/114,CAPorg1.jpg,1344.72,2134.27,2134.27,0.6301,0.6301,,1,1
unmapped,31,UNMAPPED_LOCAL_SOURCE,aug_rep,E:\甲劈微循环\data\血管数据集\分类数据集\image\31_0.jpg,development,,,recovered_archive2/114,CAPorg1.jpg,1075.4,1137.99,1137.99,0.945,0.945,,0,0
unmapped,32,UNMAPPED_LOCAL_SOURCE,aug_rep,E:\甲劈微循环\data\血管数据集\分类数据集\image\32_0.jpg,development,,,recovered_archive1/82,CAPorg1.jpg,1328.83,1384.01,1384.01,0.9601,0.9601,,0,0
unmapped,33,UNMAPPED_LOCAL_SOURCE,aug_rep,E:\甲劈微循环\data\血管数据集\分类数据集\image\33_0.jpg,development,,,recovered_archive2/150,CAPorg2.jpg,1362.01,1416.91,1416.91,0.9613,0.9613,,0,0
unmapped,34,UNMAPPED_LOCAL_SOURCE,aug_rep,E:\甲劈微循环\data\血管数据集\分类数据集\image\34_0.jpg,development,,,recovered_archive1/61,CAPorg4.jpg,1019.18,1027.28,1027.28,0.9921,0.9921,,0,0
unmapped,35,UNMAPPED_LOCAL_SOURCE,aug_rep,E:\甲劈微循环\data\血管数据集\分类数据集\image\35_0.jpg,development,,,recovered_archive3/227,CAPorg3.jpg,1733.91,1859.46,1859.46,0.9325,0.9325,,0,0
unmapped,36,UNMAPPED_LOCAL_SOURCE,aug_rep,E:\甲劈微循环\data\血管数据集\分类数据集\image\36_0.jpg,development,,,recovered_archive3/267,CAPorg6.jpg,1396.87,1441.88,1441.88,0.9688,0.9688,,0,0
unmapped,37,UNMAPPED_LOCAL_SOURCE,aug_rep,E:\甲劈微循环\data\血管数据集\分类数据集\image\37_0.jpg,development,,,recovered_archive2/109,CAPorg10.jpg,2186.76,2302.5,2302.5,0.9497,0.9497,,0,0
unmapped,38,UNMAPPED_LOCAL_SOURCE,aug_rep,E:\甲劈微循环\data\血管数据集\分类数据集\image\38_0.jpg,development,,,recovered_archive1/71,CAPorg1.jpg,870.71,992.88,992.88,0.877,0.877,,0,0
unmapped,39,UNMAPPED_LOCAL_SOURCE,aug_rep,E:\甲劈微循环\data\血管数据集\分类数据集\image\39_0.jpg,development,,,recovered_archive3/234,CAPorg5.jpg,1763.42,1870.31,1870.31,0.9429,0.9429,,0,0
unmapped,40,UNMAPPED_LOCAL_SOURCE,aug_rep,E:\甲劈微循环\data\血管数据集\分类数据集\image\40_0.jpg,development,,,recovered_archive1/71,CAPorg1.jpg,2096.36,2190.38,2190.38,0.9571,0.9571,,0,0
unmapped,41,UNMAPPED_LOCAL_SOURCE,aug_rep,E:\甲劈微循环\data\血管数据集\分类数据集\image\41_0.jpg,development,,,recovered_archive3/261,CAPorg2.jpg,1101.78,1236.32,1236.32,0.8912,0.8912,,0,0
unmapped,42,UNMAPPED_LOCAL_SOURCE,aug_rep,E:\甲劈微循环\data\血管数据集\分类数据集\image\42_0.jpg,development,,,recovered_archive2/122,CAPorg11.jpg,1316.75,1349.44,1349.44,0.9758,0.9758,,0,0
unmapped,43,UNMAPPED_LOCAL_SOURCE,aug_rep,E:\甲劈微循环\data\血管数据集\分类数据集\image\43_0.jpg,development,,,recovered_archive3/216,CAPorg5.jpg,1536.73,1670.13,1670.13,0.9201,0.9201,,0,0
unmapped,44,UNMAPPED_LOCAL_SOURCE,aug_rep,E:\甲劈微循环\data\血管数据集\分类数据集\image\44_0.jpg,development,,,recovered_archive3/261,CAPorg3.jpg,1096.43,1151.48,1151.48,0.9522,0.9522,,0,0
unmapped,45,UNMAPPED_LOCAL_SOURCE,aug_rep,E:\甲劈微循环\data\血管数据集\分类数据集\image\45_0.jpg,development,,,recovered_archive1/90,CAPorg4.jpg,1378.44,1396.11,1480.06,0.9873,0.9313,,0,0
unmapped,46,UNMAPPED_LOCAL_SOURCE,aug_rep,E:\甲劈微循环\data\血管数据集\分类数据集\image\46_0.jpg,development,,,recovered_archive2/118,CAPorg7.jpg,1632.01,1777.92,1777.92,0.9179,0.9179,,0,0
unmapped,50,UNMAPPED_LOCAL_SOURCE,aug_rep,E:\甲劈微循环\data\血管数据集\分类数据集\image\50_0.jpg,development,,,recovered_archive2/165,CAPorg7.jpg,1110.62,1232.0,1232.0,0.9015,0.9015,,0,0
unmapped,51,UNMAPPED_LOCAL_SOURCE,aug_rep,E:\甲劈微循环\data\血管数据集\分类数据集\image\51_0.jpg,development,,,recovered_archive3/227,CAPorg3.jpg,1065.2,1187.27,1187.27,0.8972,0.8972,,0,0
unmapped,52,UNMAPPED_LOCAL_SOURCE,aug_rep,E:\甲劈微循环\data\血管数据集\分类数据集\image\52_0.jpg,development,,,recovered_archive2/118,CAPorg7.jpg,1903.91,2048.43,2048.43,0.9295,0.9295,,0,0
unmapped,53,UNMAPPED_LOCAL_SOURCE,aug_rep,E:\甲劈微循环\data\血管数据集\分类数据集\image\53_0.jpg,development,,,recovered_archive2/114,CAPorg1.jpg,1548.18,1660.34,1660.34,0.9324,0.9324,,0,0
unmapped,55,UNMAPPED_LOCAL_SOURCE,aug_rep,E:\甲劈微循环\data\血管数据集\分类数据集\image\55_0.jpg,development,,,recovered_archive2/114,CAPorg1.jpg,1882.5,1958.09,1958.09,0.9614,0.9614,,0,0
unmapped,56,UNMAPPED_LOCAL_SOURCE,aug_rep,E:\甲劈微循环\data\血管数据集\分类数据集\image\56_0.jpg,development,,,recovered_archive2/118,CAPorg7.jpg,1326.8,1490.59,1490.59,0.8901,0.8901,,0,0
unmapped,58,UNMAPPED_LOCAL_SOURCE,aug_rep,E:\甲劈微循环\data\血管数据集\分类数据集\image\58_0.jpg,development,,,recovered_archive2/114,CAPorg1.jpg,1633.72,1904.49,1904.49,0.8578,0.8578,,0,0
unmapped,59,UNMAPPED_LOCAL_SOURCE,aug_rep,E:\甲劈微循环\data\血管数据集\分类数据集\image\59_0.jpg,development,,,recovered_archive3/259,CAPorg6.jpg,1553.09,1613.38,1613.38,0.9626,0.9626,,0,0
unmapped,61,UNMAPPED_LOCAL_SOURCE,aug_rep,E:\甲劈微循环\data\血管数据集\分类数据集\image\61_0.jpg,development,,,recovered_archive1/32,CAPorg1.jpg,2304.0,2304.0,2304.0,1.0,1.0,,0,0
unmapped,62,UNMAPPED_LOCAL_SOURCE,aug_rep,E:\甲劈微循环\data\血管数据集\分类数据集\image\62_0.jpg,development,,,recovered_archive2/136,CAPorg12.jpg,1775.23,1903.83,1903.83,0.9325,0.9325,,0,0
unmapped,63,UNMAPPED_LOCAL_SOURCE,aug_rep,E:\甲劈微循环\data\血管数据集\分类数据集\image\63_0.jpg,development,,,recovered_archive2/118,CAPorg7.jpg,1111.87,1303.08,1303.08,0.8533,0.8533,,0,0
unmapped,64,UNMAPPED_LOCAL_SOURCE,aug_rep,E:\甲劈微循环\data\血管数据集\分类数据集\image\64_0.jpg,development,,,recovered_archive1/90,CAPorg3.jpg,1155.52,1232.76,1282.9,0.9373,0.9007,,0,0
unmapped,65,UNMAPPED_LOCAL_SOURCE,aug_rep,E:\甲劈微循环\data\血管数据集\分类数据集\image\65_0.jpg,development,,,recovered_archive3/229,CAPorg12.jpg,1282.85,1339.37,1339.37,0.9578,0.9578,,0,0
unmapped,66,UNMAPPED_LOCAL_SOURCE,aug_rep,E:\甲劈微循环\data\血管数据集\分类数据集\image\66_0.jpg,development,,,recovered_archive1/90,CAPorg4.jpg,1147.7,1153.07,1153.07,0.9953,0.9953,,0,0
unmapped,67,UNMAPPED_LOCAL_SOURCE,aug_rep,E:\甲劈微循环\data\血管数据集\分类数据集\image\67_0.jpg,development,,,recovered_archive2/114,CAPorg1.jpg,1014.63,1422.02,1422.02,0.7135,0.7135,,1,1
unmapped,71,UNMAPPED_LOCAL_SOURCE,aug_rep,E:\甲劈微循环\data\血管数据集\分类数据集\image\71_0.jpg,development,,,recovered_archive3/261,CAPorg3.jpg,1766.25,1937.16,1937.16,0.9118,0.9118,,0,0
unmapped,72,UNMAPPED_LOCAL_SOURCE,aug_rep,E:\甲劈微循环\data\血管数据集\分类数据集\image\72_0.jpg,development,,,recovered_archive2/158,CAPorg1.jpg,1885.26,1949.59,1949.59,0.967,0.967,,0,0
unmapped,73,UNMAPPED_LOCAL_SOURCE,aug_rep,E:\甲劈微循环\data\血管数据集\分类数据集\image\73_0.jpg,development,,,recovered_archive1/32,CAPorg1.jpg,2304.0,2304.0,2304.0,1.0,1.0,,0,0
unmapped,75,UNMAPPED_LOCAL_SOURCE,aug_rep,E:\甲劈微循环\data\血管数据集\分类数据集\image\75_0.jpg,development,,,recovered_archive1/32,CAPorg1.jpg,2304.0,2304.0,2304.0,1.0,1.0,,0,0
unmapped,76,UNMAPPED_LOCAL_SOURCE,aug_rep,E:\甲劈微循环\data\血管数据集\分类数据集\image\76_0.jpg,development,,,recovered_archive2/114,CAPorg1.jpg,1369.46,1399.88,1399.88,0.9783,0.9783,,0,0
unmapped,77,UNMAPPED_LOCAL_SOURCE,aug_rep,E:\甲劈微循环\data\血管数据集\分类数据集\image\77_0.jpg,development,,,recovered_archive3/231,CAPorg8.jpg,1096.75,1282.28,1333.54,0.8553,0.8224,,0,0
unmapped,78,UNMAPPED_LOCAL_SOURCE,aug_rep,E:\甲劈微循环\data\血管数据集\分类数据集\image\78_0.jpg,development,,,recovered_archive1/78,CAPorg3.jpg,1848.68,1935.89,1935.89,0.955,0.955,,0,0
unmapped,80,UNMAPPED_LOCAL_SOURCE,aug_rep,E:\甲劈微循环\data\血管数据集\分类数据集\image\80_0.jpg,development,,,recovered_archive2/136,CAPorg12.jpg,1330.59,1424.59,1424.59,0.934,0.934,,0,0
unmapped,81,UNMAPPED_LOCAL_SOURCE,aug_rep,E:\甲劈微循环\data\血管数据集\分类数据集\image\81_0.jpg,development,,,recovered_archive3/216,CAPorg5.jpg,2272.22,2304.0,2304.0,0.9862,0.9862,,0,0
unmapped,82,UNMAPPED_LOCAL_SOURCE,aug_rep,E:\甲劈微循环\data\血管数据集\分类数据集\image\82_0.jpg,development,,,recovered_archive2/126,CAPorg6.jpg,973.37,1201.85,1201.85,0.8099,0.8099,,0,0
unmapped,83,UNMAPPED_LOCAL_SOURCE,aug_rep,E:\甲劈微循环\data\血管数据集\分类数据集\image\83_0.jpg,development,,,recovered_archive1/61,CAPorg10.jpg,1259.77,1301.71,1301.71,0.9678,0.9678,,0,0
unmapped,84,UNMAPPED_LOCAL_SOURCE,aug_rep,E:\甲劈微循环\data\血管数据集\分类数据集\image\84_0.jpg,development,,,recovered_archive2/165,CAPorg7.jpg,1559.13,1703.39,1703.39,0.9153,0.9153,,0,0
unmapped,89,UNMAPPED_LOCAL_SOURCE,aug_rep,E:\甲劈微循环\data\血管数据集\分类数据集\image\89_0.jpg,development,,,recovered_archive3/254,CAPorg5.jpg,1812.9,1822.53,1822.53,0.9947,0.9947,,0,0
unmapped,90,UNMAPPED_LOCAL_SOURCE,aug_rep,E:\甲劈微循环\data\血管数据集\分类数据集\image\90_0.jpg,development,,,recovered_archive3/254,CAPorg5.jpg,1822.71,1832.04,1832.04,0.9949,0.9949,,0,0
unmapped,91,UNMAPPED_LOCAL_SOURCE,aug_rep,E:\甲劈微循环\data\血管数据集\分类数据集\image\91_0.jpg,development,,,recovered_archive3/254,CAPorg5.jpg,1466.98,1810.82,1810.82,0.8101,0.8101,,0,0
unmapped,92,UNMAPPED_LOCAL_SOURCE,aug_rep,E:\甲劈微循环\data\血管数据集\分类数据集\image\92_0.jpg,development,,,recovered_archive2/114,CAPorg1.jpg,1616.5,1925.33,1925.33,0.8396,0.8396,,0,0
unmapped,93,UNMAPPED_LOCAL_SOURCE,aug_rep,E:\甲劈微循环\data\血管数据集\分类数据集\image\93_0.jpg,development,,,recovered_archive2/163,CAPorg1.jpg,1457.97,1611.18,1611.18,0.9049,0.9049,,0,0
unmapped,94,UNMAPPED_LOCAL_SOURCE,aug_rep,E:\甲劈微循环\data\血管数据集\分类数据集\image\94_0.jpg,development,,,recovered_archive2/118,CAPorg15.jpg,1450.88,1486.52,1528.15,0.976,0.9494,,0,0
unmapped,95,UNMAPPED_LOCAL_SOURCE,aug_rep,E:\甲劈微循环\data\血管数据集\分类数据集\image\95_0.jpg,development,,,recovered_archive2/114,CAPorg1.jpg,1691.09,1927.31,1927.31,0.8774,0.8774,,0,0
unmapped,97,UNMAPPED_LOCAL_SOURCE,aug_rep,E:\甲劈微循环\data\血管数据集\分类数据集\image\97_0.jpg,development,,,recovered_archive3/227,CAPorg3.jpg,1335.59,1388.82,1388.82,0.9617,0.9617,,0,0
unmapped,98,UNMAPPED_LOCAL_SOURCE,aug_rep,E:\甲劈微循环\data\血管数据集\分类数据集\image\98_0.jpg,development,,,recovered_archive2/114,CAPorg1.jpg,1173.84,1432.11,1432.11,0.8197,0.8197,,0,0
unmapped,99,UNMAPPED_LOCAL_SOURCE,aug_rep,E:\甲劈微循环\data\血管数据集\分类数据集\image\99_0.jpg,development,,,recovered_archive2/114,CAPorg1.jpg,1688.82,1887.15,1887.15,0.8949,0.8949,,0,0
unmapped,100,UNMAPPED_LOCAL_SOURCE,aug_rep,E:\甲劈微循环\data\血管数据集\分类数据集\image\100_0.jpg,development,,,recovered_archive2/178,CAPorg1.jpg,1590.01,1728.05,1728.05,0.9201,0.9201,,0,0
unmapped,101,UNMAPPED_LOCAL_SOURCE,aug_rep,E:\甲劈微循环\data\血管数据集\分类数据集\image\101_0.jpg,development,,,recovered_archive1/71,CAPorg1.jpg,1617.37,1720.61,1720.61,0.94,0.94,,0,0
unmapped,102,UNMAPPED_LOCAL_SOURCE,aug_rep,E:\甲劈微循环\data\血管数据集\分类数据集\image\102_0.jpg,development,,,recovered_archive3/227,CAPorg3.jpg,1263.59,1423.75,1423.75,0.8875,0.8875,,0,0
unmapped,103,UNMAPPED_LOCAL_SOURCE,aug_rep,E:\甲劈微循环\data\血管数据集\分类数据集\image\103_0.jpg,development,,,recovered_archive3/248,CAPorg4.jpg,1434.07,1477.98,1477.98,0.9703,0.9703,,0,0
unmapped,104,UNMAPPED_LOCAL_SOURCE,aug_rep,E:\甲劈微循环\data\血管数据集\分类数据集\image\104_0.jpg,development,,,recovered_archive2/114,CAPorg1.jpg,1250.07,1581.59,1581.59,0.7904,0.7904,,1,1
unmapped,105,UNMAPPED_LOCAL_SOURCE,aug_rep,E:\甲劈微循环\data\血管数据集\分类数据集\image\105_0.jpg,development,,,recovered_archive2/114,CAPorg1.jpg,1406.42,1721.84,1721.84,0.8168,0.8168,,0,0
unmapped,106,UNMAPPED_LOCAL_SOURCE,aug_rep,E:\甲劈微循环\data\血管数据集\分类数据集\image\106_0.jpg,development,,,recovered_archive2/114,CAPorg1.jpg,1868.71,2269.69,2269.69,0.8233,0.8233,,0,0
unmapped,107,UNMAPPED_LOCAL_SOURCE,aug_rep,E:\甲劈微循环\data\血管数据集\分类数据集\image\107_0.jpg,development,,,recovered_archive2/151,CAPorg8.jpg,2013.21,2109.52,2109.52,0.9543,0.9543,,0,0
unmapped,108,UNMAPPED_LOCAL_SOURCE,aug_rep,E:\甲劈微循环\data\血管数据集\分类数据集\image\108_0.jpg,development,,,recovered_archive2/114,CAPorg1.jpg,1610.59,1617.34,1617.34,0.9958,0.9958,,0,0
unmapped,110,UNMAPPED_LOCAL_SOURCE,aug_rep,E:\甲劈微循环\data\血管数据集\分类数据集\image\110_0.jpg,development,,,recovered_archive2/158,CAPorg1.jpg,1446.67,1456.49,1456.49,0.9933,0.9933,,0,0
unmapped,111,UNMAPPED_LOCAL_SOURCE,aug_rep,E:\甲劈微循环\data\血管数据集\分类数据集\image\111_0.jpg,development,,,recovered_archive3/227,CAPorg3.jpg,1430.67,1592.04,1592.04,0.8986,0.8986,,0,0
unmapped,112,UNMAPPED_LOCAL_SOURCE,aug_rep,E:\甲劈微循环\data\血管数据集\分类数据集\image\112_0.jpg,development,,,recovered_archive2/118,CAPorg7.jpg,1186.35,1461.6,1461.6,0.8117,0.8117,,0,0
unmapped,114,UNMAPPED_LOCAL_SOURCE,aug_rep,E:\甲劈微循环\data\血管数据集\分类数据集\image\114_0.jpg,development,,,recovered_archive3/246,CAPorg2.jpg,1146.69,1210.42,1210.42,0.9473,0.9473,,0,0
unmapped,115,UNMAPPED_LOCAL_SOURCE,aug_rep,E:\甲劈微循环\data\血管数据集\分类数据集\image\115_0.jpg,development,,,recovered_archive3/261,CAPorg3.jpg,1278.93,1325.11,1325.11,0.9651,0.9651,,0,0
unmapped,116,UNMAPPED_LOCAL_SOURCE,aug_rep,E:\甲劈微循环\data\血管数据集\分类数据集\image\116_0.jpg,development,,,recovered_archive2/114,CAPorg1.jpg,1066.2,1269.7,1269.7,0.8397,0.8397,,0,0
unmapped,117,UNMAPPED_LOCAL_SOURCE,aug_rep,E:\甲劈微循环\data\血管数据集\分类数据集\image\117_0.jpg,development,,,recovered_archive2/114,CAPorg1.jpg,1644.91,1710.84,1710.84,0.9615,0.9615,,0,0
unmapped,118,UNMAPPED_LOCAL_SOURCE,aug_rep,E:\甲劈微循环\data\血管数据集\分类数据集\image\118_0.jpg,development,,,recovered_archive3/227,CAPorg3.jpg,1767.58,1970.76,1970.76,0.8969,0.8969,,0,0
unmapped,119,UNMAPPED_LOCAL_SOURCE,aug_rep,E:\甲劈微循环\data\血管数据集\分类数据集\image\119_0.jpg,development,,,recovered_archive2/136,CAPorg14.jpg,1583.07,1623.6,1648.9,0.975,0.9601,,0,0
unmapped,120,UNMAPPED_LOCAL_SOURCE,aug_rep,E:\甲劈微循环\data\血管数据集\分类数据集\image\120_0.jpg,development,,,recovered_archive2/114,CAPorg1.jpg,2241.67,2303.86,2303.86,0.973,0.973,,0,0
unmapped,122,UNMAPPED_LOCAL_SOURCE,aug_rep,E:\甲劈微循环\data\血管数据集\分类数据集\image\122_0.jpg,development,,,recovered_archive2/118,CAPorg10.jpg,1954.56,1958.02,1958.02,0.9982,0.9982,,0,0
unmapped,123,UNMAPPED_LOCAL_SOURCE,aug_rep,E:\甲劈微循环\data\血管数据集\分类数据集\image\123_0.jpg,development,,,recovered_archive2/109,CAPorg1.jpg,1121.29,1151.47,1151.47,0.9738,0.9738,,0,0
unmapped,125,UNMAPPED_LOCAL_SOURCE,aug_rep,E:\甲劈微循环\data\血管数据集\分类数据集\image\125_0.jpg,development,,,recovered_archive3/254,CAPorg5.jpg,1337.32,1579.08,1579.08,0.8469,0.8469,,0,0
unmapped,126,UNMAPPED_LOCAL_SOURCE,aug_rep,E:\甲劈微循环\data\血管数据集\分类数据集\image\126_0.jpg,development,,,recovered_archive2/118,CAPorg7.jpg,1427.2,1512.13,1512.13,0.9438,0.9438,,0,0
unmapped,127,UNMAPPED_LOCAL_SOURCE,aug_rep,E:\甲劈微循环\data\血管数据集\分类数据集\image\127_0.jpg,development,,,recovered_archive2/114,CAPorg1.jpg,1106.33,1222.38,1222.38,0.9051,0.9051,,0,0
unmapped,128,UNMAPPED_LOCAL_SOURCE,aug_rep,E:\甲劈微循环\data\血管数据集\分类数据集\image\128_0.jpg,development,,,recovered_archive2/178,CAPorg1.jpg,1602.73,1709.64,1709.64,0.9375,0.9375,,0,0
unmapped,129,UNMAPPED_LOCAL_SOURCE,aug_rep,E:\甲劈微循环\data\血管数据集\分类数据集\image\129_0.jpg,development,,,recovered_archive2/118,CAPorg7.jpg,1301.77,1332.05,1332.05,0.9773,0.9773,,0,0
unmapped,130,UNMAPPED_LOCAL_SOURCE,aug_rep,E:\甲劈微循环\data\血管数据集\分类数据集\image\130_0.jpg,development,,,recovered_archive3/265,CAPorg2.jpg,1567.63,1596.91,1596.91,0.9817,0.9817,,0,0
unmapped,131,UNMAPPED_LOCAL_SOURCE,aug_rep,E:\甲劈微循环\data\血管数据集\分类数据集\image\131_0.jpg,development,,,recovered_archive3/254,CAPorg5.jpg,1476.48,1556.81,1556.81,0.9484,0.9484,,0,0
unmapped,132,UNMAPPED_LOCAL_SOURCE,aug_rep,E:\甲劈微循环\data\血管数据集\分类数据集\image\132_0.jpg,development,,,recovered_archive2/118,CAPorg15.jpg,1527.53,1559.79,1664.96,0.9793,0.9175,,0,0
unmapped,133,UNMAPPED_LOCAL_SOURCE,aug_rep,E:\甲劈微循环\data\血管数据集\分类数据集\image\133_0.jpg,development,,,recovered_archive2/165,CAPorg6.jpg,1761.21,1794.82,1815.27,0.9813,0.9702,,0,0
unmapped,134,UNMAPPED_LOCAL_SOURCE,aug_rep,E:\甲劈微循环\data\血管数据集\分类数据集\image\134_0.jpg,development,,,recovered_archive2/158,CAPorg1.jpg,1426.48,1531.32,1531.32,0.9315,0.9315,,0,0
unmapped,135,UNMAPPED_LOCAL_SOURCE,aug_rep,E:\甲劈微循环\data\血管数据集\分类数据集\image\135_0.jpg,development,,,recovered_archive2/114,CAPorg1.jpg,1410.29,1925.78,1925.78,0.7323,0.7323,,1,1
unmapped,136,UNMAPPED_LOCAL_SOURCE,aug_rep,E:\甲劈微循环\data\血管数据集\分类数据集\image\136_0.jpg,development,,,recovered_archive2/165,CAPorg6.jpg,1667.75,1738.36,1738.36,0.9594,0.9594,,0,0
unmapped,137,UNMAPPED_LOCAL_SOURCE,aug_rep,E:\甲劈微循环\data\血管数据集\分类数据集\image\137_0.jpg,development,,,recovered_archive3/216,CAPorg5.jpg,1626.15,1797.88,1797.88,0.9045,0.9045,,0,0
unmapped,138,UNMAPPED_LOCAL_SOURCE,aug_rep,E:\甲劈微循环\data\血管数据集\分类数据集\image\138_0.jpg,development,,,recovered_archive3/227,CAPorg3.jpg,2024.49,2025.4,2025.4,0.9996,0.9996,,0,0
unmapped,139,UNMAPPED_LOCAL_SOURCE,aug_rep,E:\甲劈微循环\data\血管数据集\分类数据集\image\139_0.jpg,development,,,recovered_archive3/261,CAPorg3.jpg,1423.82,1557.05,1557.05,0.9144,0.9144,,0,0
unmapped,140,UNMAPPED_LOCAL_SOURCE,aug_rep,E:\甲劈微循环\data\血管数据集\分类数据集\image\140_0.jpg,development,,,recovered_archive2/114,CAPorg1.jpg,1097.81,1332.3,1332.3,0.824,0.824,,0,0
unmapped,141,UNMAPPED_LOCAL_SOURCE,aug_rep,E:\甲劈微循环\data\血管数据集\分类数据集\image\141_0.jpg,development,,,recovered_archive2/165,CAPorg6.jpg,1708.42,1788.9,1788.9,0.955,0.955,,0,0
unmapped,142,UNMAPPED_LOCAL_SOURCE,aug_rep,E:\甲劈微循环\data\血管数据集\分类数据集\image\142_0.jpg,development,,,recovered_archive2/118,CAPorg7.jpg,1706.81,1752.39,1752.39,0.974,0.974,,0,0
unmapped,143,UNMAPPED_LOCAL_SOURCE,aug_rep,E:\甲劈微循环\data\血管数据集\分类数据集\image\143_0.jpg,development,,,recovered_archive2/174,CAPorg3.jpg,960.69,992.09,992.09,0.9683,0.9683,,0,0
unmapped,144,UNMAPPED_LOCAL_SOURCE,aug_rep,E:\甲劈微循环\data\血管数据集\分类数据集\image\144_0.jpg,development,,,recovered_archive2/122,CAPorg12.jpg,1271.77,1315.47,1370.83,0.9668,0.9277,,0,0
unmapped,147,UNMAPPED_LOCAL_SOURCE,aug_rep,E:\甲劈微循环\data\血管数据集\分类数据集\image\147_0.jpg,development,,,recovered_archive2/114,CAPorg1.jpg,1560.32,1604.85,1604.85,0.9723,0.9723,,0,0
unmapped,148,UNMAPPED_LOCAL_SOURCE,aug_rep,E:\甲劈微循环\data\血管数据集\分类数据集\image\148_0.jpg,development,,,recovered_archive3/207,CAPorg6.jpg,1237.84,1261.2,1261.2,0.9815,0.9815,,0,0
unmapped,149,UNMAPPED_LOCAL_SOURCE,aug_rep,E:\甲劈微循环\data\血管数据集\分类数据集\image\149_0.jpg,development,,,recovered_archive1/28,CAPorg9.jpg,1755.68,2183.75,2183.75,0.804,0.804,,0,0
unmapped,150,UNMAPPED_LOCAL_SOURCE,aug_rep,E:\甲劈微循环\data\血管数据集\分类数据集\image\150_0.jpg,development,,,recovered_archive2/178,CAPorg1.jpg,1111.45,1116.91,1116.91,0.9951,0.9951,,0,0
unmapped,151,UNMAPPED_LOCAL_SOURCE,aug_rep,E:\甲劈微循环\data\血管数据集\分类数据集\image\151_0.jpg,development,,,recovered_archive2/114,CAPorg1.jpg,1167.28,1749.83,1749.83,0.6671,0.6671,,1,1
unmapped,152,UNMAPPED_LOCAL_SOURCE,aug_rep,E:\甲劈微循环\data\血管数据集\分类数据集\image\152_0.jpg,development,,,recovered_archive2/136,CAPorg3.jpg,1486.67,1591.14,1591.14,0.9343,0.9343,,0,0
unmapped,153,UNMAPPED_LOCAL_SOURCE,aug_rep,E:\甲劈微循环\data\血管数据集\分类数据集\image\153_0.jpg,development,,,recovered_archive1/82,CAPorg1.jpg,847.74,868.38,868.38,0.9762,0.9762,,0,0
unmapped,154,UNMAPPED_LOCAL_SOURCE,aug_rep,E:\甲劈微循环\data\血管数据集\分类数据集\image\154_0.jpg,development,,,recovered_archive2/114,CAPorg1.jpg,1255.66,1344.15,1344.15,0.9342,0.9342,,0,0
unmapped,155,UNMAPPED_LOCAL_SOURCE,aug_rep,E:\甲劈微循环\data\血管数据集\分类数据集\image\155_0.jpg,development,,,recovered_archive2/158,CAPorg1.jpg,1227.88,1331.64,1331.64,0.9221,0.9221,,0,0
unmapped,156,UNMAPPED_LOCAL_SOURCE,aug_rep,E:\甲劈微循环\data\血管数据集\分类数据集\image\156_0.jpg,development,,,recovered_archive2/122,CAPorg12.jpg,940.31,957.86,957.86,0.9817,0.9817,,0,0
unmapped,157,UNMAPPED_LOCAL_SOURCE,aug_rep,E:\甲劈微循环\data\血管数据集\分类数据集\image\157_0.jpg,development,,,recovered_archive2/109,CAPorg2.jpg,1653.26,1673.39,1673.39,0.988,0.988,,0,0
unmapped,158,UNMAPPED_LOCAL_SOURCE,aug_rep,E:\甲劈微循环\data\血管数据集\分类数据集\image\158_0.jpg,development,,,recovered_archive2/118,CAPorg7.jpg,1261.85,1388.27,1388.27,0.9089,0.9089,,0,0
unmapped,159,UNMAPPED_LOCAL_SOURCE,aug_rep,E:\甲劈微循环\data\血管数据集\分类数据集\image\159_0.jpg,development,,,recovered_archive3/267,CAPorg6.jpg,1242.77,1275.05,1275.05,0.9747,0.9747,,0,0
unmapped,160,UNMAPPED_LOCAL_SOURCE,aug_rep,E:\甲劈微循环\data\血管数据集\分类数据集\image\160_0.jpg,development,,,recovered_archive3/216,CAPorg5.jpg,1610.61,1616.96,1616.96,0.9961,0.9961,,0,0
unmapped,161,UNMAPPED_LOCAL_SOURCE,aug_rep,E:\甲劈微循环\data\血管数据集\分类数据集\image\161_0.jpg,development,,,recovered_archive2/117,CAPorg6.jpg,1078.13,1145.75,1300.15,0.941,0.8292,,0,0
unmapped,162,UNMAPPED_LOCAL_SOURCE,aug_rep,E:\甲劈微循环\data\血管数据集\分类数据集\image\162_0.jpg,development,,,recovered_archive1/82,CAPorg1.jpg,1037.39,1090.52,1090.52,0.9513,0.9513,,0,0
unmapped,163,UNMAPPED_LOCAL_SOURCE,aug_rep,E:\甲劈微循环\data\血管数据集\分类数据集\image\163_0.jpg,development,,,recovered_archive2/114,CAPorg1.jpg,1430.57,1733.72,1733.72,0.8251,0.8251,,0,0
unmapped,164,UNMAPPED_LOCAL_SOURCE,aug_rep,E:\甲劈微循环\data\血管数据集\分类数据集\image\164_0.jpg,development,,,recovered_archive3/227,CAPorg3.jpg,1390.36,1703.7,1703.7,0.8161,0.8161,,0,0
unmapped,165,UNMAPPED_LOCAL_SOURCE,aug_rep,E:\甲劈微循环\data\血管数据集\分类数据集\image\165_0.jpg,development,,,recovered_archive2/188,CAPorg4.jpg,1490.66,1511.34,1511.34,0.9863,0.9863,,0,0
unmapped,166,UNMAPPED_LOCAL_SOURCE,aug_rep,E:\甲劈微循环\data\血管数据集\分类数据集\image\166_0.jpg,development,,,recovered_archive2/114,CAPorg1.jpg,1628.49,1681.86,1681.86,0.9683,0.9683,,0,0
unmapped,167,UNMAPPED_LOCAL_SOURCE,aug_rep,E:\甲劈微循环\data\血管数据集\分类数据集\image\167_0.jpg,development,,,recovered_archive3/227,CAPorg3.jpg,1934.33,1951.73,1951.73,0.9911,0.9911,,0,0
unmapped,168,UNMAPPED_LOCAL_SOURCE,aug_rep,E:\甲劈微循环\data\血管数据集\分类数据集\image\168_0.jpg,development,,,recovered_archive3/231,CAPorg10.jpg,1626.65,1669.86,1694.76,0.9741,0.9598,,0,0
unmapped,169,UNMAPPED_LOCAL_SOURCE,aug_rep,E:\甲劈微循环\data\血管数据集\分类数据集\image\169_0.jpg,development,,,recovered_archive3/227,CAPorg3.jpg,1407.74,1834.07,1855.78,0.7676,0.7586,,1,1
unmapped,170,UNMAPPED_LOCAL_SOURCE,aug_rep,E:\甲劈微循环\data\血管数据集\分类数据集\image\170_0.jpg,development,,,recovered_archive3/227,CAPorg2.jpg,1728.78,1733.21,1733.21,0.9974,0.9974,,0,0
unmapped,172,UNMAPPED_LOCAL_SOURCE,aug_rep,E:\甲劈微循环\data\血管数据集\分类数据集\image\172_0.jpg,development,,,recovered_archive3/227,CAPorg3.jpg,1112.39,1730.3,1730.3,0.6429,0.6429,,1,1
unmapped,173,UNMAPPED_LOCAL_SOURCE,aug_rep,E:\甲劈微循环\data\血管数据集\分类数据集\image\173_0.jpg,development,,,recovered_archive2/165,CAPorg4.jpg,1088.06,1225.79,1244.39,0.8876,0.8744,,0,0
unmapped,174,UNMAPPED_LOCAL_SOURCE,aug_rep,E:\甲劈微循环\data\血管数据集\分类数据集\image\174_0.jpg,development,,,recovered_archive3/227,CAPorg3.jpg,1239.14,1289.43,1289.43,0.961,0.961,,0,0
unmapped,175,UNMAPPED_LOCAL_SOURCE,aug_rep,E:\甲劈微循环\data\血管数据集\分类数据集\image\175_0.jpg,development,,,recovered_archive1/80,CAPorg2.jpg,1646.3,1662.22,1662.22,0.9904,0.9904,,0,0
unmapped,176,UNMAPPED_LOCAL_SOURCE,aug_rep,E:\甲劈微循环\data\血管数据集\分类数据集\image\176_0.jpg,development,,,recovered_archive2/165,CAPorg4.jpg,955.95,1154.67,1154.67,0.8279,0.8279,,0,0
unmapped,177,UNMAPPED_LOCAL_SOURCE,aug_rep,E:\甲劈微循环\data\血管数据集\分类数据集\image\177_0.jpg,development,,,recovered_archive3/216,CAPorg5.jpg,1665.72,1778.19,1778.19,0.9367,0.9367,,0,0
unmapped,178,UNMAPPED_LOCAL_SOURCE,aug_rep,E:\甲劈微循环\data\血管数据集\分类数据集\image\178_0.jpg,development,,,recovered_archive3/227,CAPorg3.jpg,1395.03,1615.47,1615.47,0.8635,0.8635,,0,0
unmapped,180,UNMAPPED_LOCAL_SOURCE,aug_rep,E:\甲劈微循环\data\血管数据集\分类数据集\image\180_0.jpg,development,,,recovered_archive2/126,CAPorg6.jpg,994.77,1028.2,1028.2,0.9675,0.9675,,0,0
unmapped,181,UNMAPPED_LOCAL_SOURCE,aug_rep,E:\甲劈微循环\data\血管数据集\分类数据集\image\181_0.jpg,development,,,recovered_archive3/229,CAPorg13.jpg,1256.21,1439.58,1450.69,0.8726,0.8659,,0,0
unmapped,182,UNMAPPED_LOCAL_SOURCE,aug_rep,E:\甲劈微循环\data\血管数据集\分类数据集\image\182_0.jpg,development,,,recovered_archive2/136,CAPorg3.jpg,1550.82,1572.69,1572.69,0.9861,0.9861,,0,0
unmapped,184,UNMAPPED_LOCAL_SOURCE,aug_rep,E:\甲劈微循环\data\血管数据集\分类数据集\image\184_0.jpg,development,,,recovered_archive1/82,CAPorg1.jpg,987.37,1054.36,1054.36,0.9365,0.9365,,0,0
unmapped,185,UNMAPPED_LOCAL_SOURCE,aug_rep,E:\甲劈微循环\data\血管数据集\分类数据集\image\185_0.jpg,development,,,recovered_archive3/261,CAPorg3.jpg,1252.46,1367.1,1367.1,0.9161,0.9161,,0,0
unmapped,186,UNMAPPED_LOCAL_SOURCE,aug_rep,E:\甲劈微循环\data\血管数据集\分类数据集\image\186_0.jpg,development,,,recovered_archive2/118,CAPorg7.jpg,1040.64,1112.52,1112.52,0.9354,0.9354,,0,0
unmapped,187,UNMAPPED_LOCAL_SOURCE,aug_rep,E:\甲劈微循环\data\血管数据集\分类数据集\image\187_0.jpg,development,,,recovered_archive2/114,CAPorg1.jpg,1431.56,1612.28,1612.28,0.8879,0.8879,,0,0
unmapped,188,UNMAPPED_LOCAL_SOURCE,aug_rep,E:\甲劈微循环\data\血管数据集\分类数据集\image\188_0.jpg,development,,,recovered_archive2/114,CAPorg2.jpg,1178.76,1226.32,1226.32,0.9612,0.9612,,0,0
unmapped,189,UNMAPPED_LOCAL_SOURCE,aug_rep,E:\甲劈微循环\data\血管数据集\分类数据集\image\189_0.jpg,development,,,recovered_archive2/136,CAPorg3.jpg,1585.0,1591.27,1591.27,0.9961,0.9961,,0,0
unmapped,191,UNMAPPED_LOCAL_SOURCE,aug_rep,E:\甲劈微循环\data\血管数据集\分类数据集\image\191_0.jpg,development,,,recovered_archive3/261,CAPorg3.jpg,1211.85,1323.08,1323.08,0.9159,0.9159,,0,0
unmapped,192,UNMAPPED_LOCAL_SOURCE,aug_rep,E:\甲劈微循环\data\血管数据集\分类数据集\image\192_0.jpg,development,,,recovered_archive3/227,CAPorg3.jpg,1114.71,1516.11,1516.11,0.7352,0.7352,,1,1
unmapped,193,UNMAPPED_LOCAL_SOURCE,aug_rep,E:\甲劈微循环\data\血管数据集\分类数据集\image\193_0.jpg,development,,,recovered_archive3/216,CAPorg5.jpg,1271.0,1373.81,1373.81,0.9252,0.9252,,0,0
unmapped,195,UNMAPPED_LOCAL_SOURCE,aug_rep,E:\甲劈微循环\data\血管数据集\分类数据集\image\195_0.jpg,development,,,recovered_archive2/118,CAPorg15.jpg,1447.88,1538.39,1538.39,0.9412,0.9412,,0,0
unmapped,197,UNMAPPED_LOCAL_SOURCE,aug_rep,E:\甲劈微循环\data\血管数据集\分类数据集\image\197_0.jpg,development,,,recovered_archive3/227,CAPorg3.jpg,2206.67,2263.57,2263.57,0.9749,0.9749,,0,0
unmapped,198,UNMAPPED_LOCAL_SOURCE,aug_rep,E:\甲劈微循环\data\血管数据集\分类数据集\image\198_0.jpg,development,,,recovered_archive2/118,CAPorg15.jpg,1492.63,1535.76,1535.76,0.9719,0.9719,,0,0
unmapped,199,UNMAPPED_LOCAL_SOURCE,aug_rep,E:\甲劈微循环\data\血管数据集\分类数据集\image\199_0.jpg,development,,,recovered_archive2/114,CAPorg1.jpg,1310.76,1952.58,1952.58,0.6713,0.6713,,1,1
unmapped,202,UNMAPPED_LOCAL_SOURCE,aug_rep,E:\甲劈微循环\data\血管数据集\分类数据集\image\202_0.jpg,development,,,recovered_archive3/227,CAPorg3.jpg,1266.08,1408.04,1408.04,0.8992,0.8992,,0,0
unmapped,203,UNMAPPED_LOCAL_SOURCE,aug_rep,E:\甲劈微循环\data\血管数据集\分类数据集\image\203_0.jpg,development,,,recovered_archive3/227,CAPorg3.jpg,1780.96,1832.34,1832.34,0.972,0.972,,0,0
unmapped,204,UNMAPPED_LOCAL_SOURCE,aug_rep,E:\甲劈微循环\data\血管数据集\分类数据集\image\204_0.jpg,development,,,recovered_archive3/254,CAPorg5.jpg,1937.99,1957.37,1957.37,0.9901,0.9901,,0,0
unmapped,205,UNMAPPED_LOCAL_SOURCE,aug_rep,E:\甲劈微循环\data\血管数据集\分类数据集\image\205_0.jpg,development,,,recovered_archive2/118,CAPorg15.jpg,2113.89,2209.9,2240.28,0.9566,0.9436,,0,0
unmapped,206,UNMAPPED_LOCAL_SOURCE,aug_rep,E:\甲劈微循环\data\血管数据集\分类数据集\image\206_0.jpg,development,,,recovered_archive2/114,CAPorg1.jpg,1176.86,1191.6,1191.6,0.9876,0.9876,,0,0
unmapped,207,UNMAPPED_LOCAL_SOURCE,aug_rep,E:\甲劈微循环\data\血管数据集\分类数据集\image\207_0.jpg,development,,,recovered_archive1/46,CAPorg2.jpg,1744.7,1749.15,1749.15,0.9975,0.9975,,0,0
unmapped,208,UNMAPPED_LOCAL_SOURCE,aug_rep,E:\甲劈微循环\data\血管数据集\分类数据集\image\208_0.jpg,development,,,recovered_archive1/78,CAPorg5.jpg,1002.74,1095.25,1095.25,0.9155,0.9155,,0,0
unmapped,209,UNMAPPED_LOCAL_SOURCE,aug_rep,E:\甲劈微循环\data\血管数据集\分类数据集\image\209_0.jpg,development,,,recovered_archive3/254,CAPorg5.jpg,1317.38,1330.45,1330.45,0.9902,0.9902,,0,0
unmapped,210,UNMAPPED_LOCAL_SOURCE,aug_rep,E:\甲劈微循环\data\血管数据集\分类数据集\image\210_0.jpg,development,,,recovered_archive2/114,CAPorg2.jpg,1387.52,1445.23,1445.23,0.9601,0.9601,,0,0
unmapped,211,UNMAPPED_LOCAL_SOURCE,aug_rep,E:\甲劈微循环\data\血管数据集\分类数据集\image\211_0.jpg,development,,,recovered_archive3/227,CAPorg3.jpg,1500.63,1507.32,1507.32,0.9956,0.9956,,0,0
unmapped,212,UNMAPPED_LOCAL_SOURCE,aug_rep,E:\甲劈微循环\data\血管数据集\分类数据集\image\212_0.jpg,development,,,recovered_archive3/254,CAPorg5.jpg,2042.23,2057.19,2057.19,0.9927,0.9927,,0,0
unmapped,213,UNMAPPED_LOCAL_SOURCE,aug_rep,E:\甲劈微循环\data\血管数据集\分类数据集\image\213_0.jpg,development,,,recovered_archive1/78,CAPorg3.jpg,2088.73,2108.14,2108.14,0.9908,0.9908,,0,0
unmapped,215,UNMAPPED_LOCAL_SOURCE,aug_rep,E:\甲劈微循环\data\血管数据集\分类数据集\image\215_0.jpg,development,,,recovered_archive3/216,CAPorg5.jpg,1840.84,1857.44,1857.44,0.9911,0.9911,,0,0
unmapped,216,UNMAPPED_LOCAL_SOURCE,aug_rep,E:\甲劈微循环\data\血管数据集\分类数据集\image\216_0.jpg,development,,,recovered_archive2/114,CAPorg1.jpg,1429.41,1523.07,1523.07,0.9385,0.9385,,0,0
unmapped,217,UNMAPPED_LOCAL_SOURCE,aug_rep,E:\甲劈微循环\data\血管数据集\分类数据集\image\217_0.jpg,development,,,recovered_archive3/215,CAPorg3.jpg,2139.66,2220.58,2220.58,0.9636,0.9636,,0,0
unmapped,218,UNMAPPED_LOCAL_SOURCE,aug_rep,E:\甲劈微循环\data\血管数据集\分类数据集\image\218_0.jpg,development,,,recovered_archive1/32,CAPorg1.jpg,2304.0,2304.0,2304.0,1.0,1.0,,0,0
unmapped,219,UNMAPPED_LOCAL_SOURCE,aug_rep,E:\甲劈微循环\data\血管数据集\分类数据集\image\219_0.jpg,development,,,recovered_archive2/118,CAPorg14.jpg,1472.06,1543.54,1543.54,0.9537,0.9537,,0,0
unmapped,220,UNMAPPED_LOCAL_SOURCE,aug_rep,E:\甲劈微循环\data\血管数据集\分类数据集\image\220_0.jpg,development,,,recovered_archive1/32,CAPorg1.jpg,2304.0,2304.0,2304.0,1.0,1.0,,0,0
unmapped,221,UNMAPPED_LOCAL_SOURCE,aug_rep,E:\甲劈微循环\data\血管数据集\分类数据集\image\221_0.jpg,development,,,recovered_archive2/184,CAPorg1.jpg,1329.29,1361.22,1361.22,0.9765,0.9765,,0,0
unmapped,222,UNMAPPED_LOCAL_SOURCE,aug_rep,E:\甲劈微循环\data\血管数据集\分类数据集\image\222_0.jpg,development,,,recovered_archive2/165,CAPorg4.jpg,1529.09,1558.68,1558.68,0.981,0.981,,0,0
unmapped,223,UNMAPPED_LOCAL_SOURCE,aug_rep,E:\甲劈微循环\data\血管数据集\分类数据集\image\223_0.jpg,development,,,recovered_archive2/165,CAPorg7.jpg,994.8,1351.2,1351.2,0.7362,0.7362,,1,1
unmapped,225,UNMAPPED_LOCAL_SOURCE,aug_rep,E:\甲劈微循环\data\血管数据集\分类数据集\image\225_0.jpg,development,,,recovered_archive2/122,CAPorg7.jpg,1354.84,1384.81,1384.81,0.9784,0.9784,,0,0
unmapped,226,UNMAPPED_LOCAL_SOURCE,aug_rep,E:\甲劈微循环\data\血管数据集\分类数据集\image\226_0.jpg,development,,,recovered_archive2/158,CAPorg1.jpg,2079.84,2304.0,2304.0,0.9027,0.9027,,0,0
unmapped,227,UNMAPPED_LOCAL_SOURCE,aug_rep,E:\甲劈微循环\data\血管数据集\分类数据集\image\227_0.jpg,development,,,recovered_archive2/136,CAPorg12.jpg,1600.43,1607.85,1607.85,0.9954,0.9954,,0,0
unmapped,228,UNMAPPED_LOCAL_SOURCE,aug_rep,E:\甲劈微循环\data\血管数据集\分类数据集\image\228_0.jpg,development,,,recovered_archive3/202,CAPorg7.jpg,1266.95,1267.28,1267.28,0.9997,0.9997,,0,0
unmapped,229,UNMAPPED_LOCAL_SOURCE,aug_rep,E:\甲劈微循环\data\血管数据集\分类数据集\image\229_0.jpg,development,,,recovered_archive3/227,CAPorg3.jpg,1452.69,1732.09,1732.09,0.8387,0.8387,,0,0
unmapped,230,UNMAPPED_LOCAL_SOURCE,aug_rep,E:\甲劈微循环\data\血管数据集\分类数据集\image\230_0.jpg,development,,,recovered_archive1/90,CAPorg3.jpg,1676.2,1677.25,1677.25,0.9994,0.9994,,0,0
unmapped,231,UNMAPPED_LOCAL_SOURCE,aug_rep,E:\甲劈微循环\data\血管数据集\分类数据集\image\231_0.jpg,development,,,recovered_archive3/227,CAPorg3.jpg,1402.25,1549.35,1549.35,0.9051,0.9051,,0,0
unmapped,232,UNMAPPED_LOCAL_SOURCE,aug_rep,E:\甲劈微循环\data\血管数据集\分类数据集\image\232_0.jpg,development,,,recovered_archive3/254,CAPorg5.jpg,1135.16,1202.27,1202.27,0.9442,0.9442,,0,0
unmapped,233,UNMAPPED_LOCAL_SOURCE,aug_rep,E:\甲劈微循环\data\血管数据集\分类数据集\image\233_0.jpg,development,,,recovered_archive1/71,CAPorg1.jpg,1285.07,1585.34,1585.34,0.8106,0.8106,,0,0
unmapped,234,UNMAPPED_LOCAL_SOURCE,aug_rep,E:\甲劈微循环\data\血管数据集\分类数据集\image\234_0.jpg,development,,,recovered_archive1/66,CAPorg10.jpg,1613.56,1649.55,1725.32,0.9782,0.9352,,0,0
unmapped,235,UNMAPPED_LOCAL_SOURCE,aug_rep,E:\甲劈微循环\data\血管数据集\分类数据集\image\235_0.jpg,development,,,recovered_archive2/165,CAPorg7.jpg,1497.38,1690.87,1690.87,0.8856,0.8856,,0,0
unmapped,236,UNMAPPED_LOCAL_SOURCE,aug_rep,E:\甲劈微循环\data\血管数据集\分类数据集\image\236_0.jpg,development,,,recovered_archive3/254,CAPorg5.jpg,1742.9,1777.02,1777.02,0.9808,0.9808,,0,0
unmapped,237,UNMAPPED_LOCAL_SOURCE,aug_rep,E:\甲劈微循环\data\血管数据集\分类数据集\image\237_0.jpg,development,,,recovered_archive3/254,CAPorg6.jpg,1455.57,1507.4,1507.4,0.9656,0.9656,,0,0
unmapped,239,UNMAPPED_LOCAL_SOURCE,aug_rep,E:\甲劈微循环\data\血管数据集\分类数据集\image\239_0.jpg,development,,,recovered_archive3/254,CAPorg6.jpg,1230.96,1465.36,1465.36,0.84,0.84,,0,0
unmapped,240,UNMAPPED_LOCAL_SOURCE,aug_rep,E:\甲劈微循环\data\血管数据集\分类数据集\image\240_0.jpg,development,,,recovered_archive3/254,CAPorg5.jpg,1402.25,1448.74,1448.74,0.9679,0.9679,,0,0
unmapped,241,UNMAPPED_LOCAL_SOURCE,aug_rep,E:\甲劈微循环\data\血管数据集\分类数据集\image\241_0.jpg,development,,,recovered_archive3/229,CAPorg13.jpg,1252.95,1276.2,1276.2,0.9818,0.9818,,0,0
unmapped,242,UNMAPPED_LOCAL_SOURCE,aug_rep,E:\甲劈微循环\data\血管数据集\分类数据集\image\242_0.jpg,development,,,recovered_archive3/254,CAPorg6.jpg,975.77,1071.0,1071.0,0.9111,0.9111,,0,0
unmapped,243,UNMAPPED_LOCAL_SOURCE,aug_rep,E:\甲劈微循环\data\血管数据集\分类数据集\image\243_0.jpg,development,,,recovered_archive2/136,CAPorg12.jpg,1303.3,1389.32,1389.32,0.9381,0.9381,,0,0
unmapped,244,UNMAPPED_LOCAL_SOURCE,aug_rep,E:\甲劈微循环\data\血管数据集\分类数据集\image\244_0.jpg,development,,,recovered_archive3/227,CAPorg3.jpg,1479.84,1664.49,1770.98,0.8891,0.8356,,0,0
unmapped,245,UNMAPPED_LOCAL_SOURCE,aug_rep,E:\甲劈微循环\data\血管数据集\分类数据集\image\245_0.jpg,development,,,recovered_archive3/229,CAPorg12.jpg,1434.07,1473.46,1473.46,0.9733,0.9733,,0,0
unmapped,246,UNMAPPED_LOCAL_SOURCE,aug_rep,E:\甲劈微循环\data\血管数据集\分类数据集\image\246_0.jpg,development,,,recovered_archive3/216,CAPorg5.jpg,2038.33,2136.41,2136.41,0.9541,0.9541,,0,0
unmapped,247,UNMAPPED_LOCAL_SOURCE,aug_rep,E:\甲劈微循环\data\血管数据集\分类数据集\image\247_0.jpg,development,,,recovered_archive2/118,CAPorg7.jpg,1088.01,1159.18,1159.18,0.9386,0.9386,,0,0
unmapped,248,UNMAPPED_LOCAL_SOURCE,aug_rep,E:\甲劈微循环\data\血管数据集\分类数据集\image\248_0.jpg,development,,,recovered_archive2/150,CAPorg2.jpg,1208.59,1287.06,1287.06,0.939,0.939,,0,0
unmapped,253,UNMAPPED_LOCAL_SOURCE,aug_rep,E:\甲劈微循环\data\血管数据集\分类数据集\image\253_0.jpg,development,,,recovered_archive2/136,CAPorg2.jpg,1014.17,1131.84,1131.84,0.896,0.896,,0,0
unmapped,254,UNMAPPED_LOCAL_SOURCE,aug_rep,E:\甲劈微循环\data\血管数据集\分类数据集\image\254_0.jpg,development,,,recovered_archive1/46,CAPorg2.jpg,1654.64,1787.28,1787.28,0.9258,0.9258,,0,0
unmapped,257,UNMAPPED_LOCAL_SOURCE,aug_rep,E:\甲劈微循环\data\血管数据集\分类数据集\image\257_0.jpg,development,,,recovered_archive3/227,CAPorg3.jpg,1463.93,1580.1,1580.1,0.9265,0.9265,,0,0
unmapped,268,UNMAPPED_LOCAL_SOURCE,aug_rep,E:\甲劈微循环\data\血管数据集\分类数据集\image\268_0.jpg,development,,,recovered_archive3/227,CAPorg3.jpg,1804.7,1918.15,1918.15,0.9409,0.9409,,0,0
unmapped,271,UNMAPPED_LOCAL_SOURCE,aug_rep,E:\甲劈微循环\data\血管数据集\分类数据集\image\271_0.jpg,development,,,recovered_archive3/231,CAPorg9.jpg,1222.23,1296.74,1296.74,0.9425,0.9425,,0,0
unmapped,275,UNMAPPED_LOCAL_SOURCE,aug_rep,E:\甲劈微循环\data\血管数据集\分类数据集\image\275_0.jpg,development,,,recovered_archive2/151,CAPorg4.jpg,1729.29,1773.62,1773.62,0.975,0.975,,0,0
unmapped,276,UNMAPPED_LOCAL_SOURCE,aug_rep,E:\甲劈微循环\data\血管数据集\分类数据集\image\276_0.jpg,development,,,recovered_archive3/212,CAPorg1.jpg,1730.42,1733.06,1733.06,0.9985,0.9985,,0,0
unmapped,279,UNMAPPED_LOCAL_SOURCE,aug_rep,E:\甲劈微循环\data\血管数据集\分类数据集\image\279_0.jpg,development,,,recovered_archive2/114,CAPorg1.jpg,1187.75,1334.89,1334.89,0.8898,0.8898,,0,0
unmapped,284,UNMAPPED_LOCAL_SOURCE,aug_rep,E:\甲劈微循环\data\血管数据集\分类数据集\image\284_0.jpg,development,,,recovered_archive2/114,CAPorg1.jpg,1044.93,1696.36,1696.36,0.616,0.616,,1,1
unmapped,290,UNMAPPED_LOCAL_SOURCE,aug_rep,E:\甲劈微循环\data\血管数据集\分类数据集\image\290_0.jpg,development,,,recovered_archive1/82,CAPorg1.jpg,1580.8,1592.75,1592.75,0.9925,0.9925,,0,0
unmapped,295,UNMAPPED_LOCAL_SOURCE,aug_rep,E:\甲劈微循环\data\血管数据集\分类数据集\image\295_0.jpg,development,,,recovered_archive2/114,CAPorg1.jpg,1360.16,1902.75,1902.75,0.7148,0.7148,,1,1
unmapped,296,UNMAPPED_LOCAL_SOURCE,aug_rep,E:\甲劈微循环\data\血管数据集\分类数据集\image\296_0.jpg,development,,,recovered_archive2/114,CAPorg1.jpg,1416.23,1522.32,1522.32,0.9303,0.9303,,0,0
unmapped,297,UNMAPPED_LOCAL_SOURCE,aug_rep,E:\甲劈微循环\data\血管数据集\分类数据集\image\297_0.jpg,development,,,recovered_archive2/114,CAPorg1.jpg,1348.74,1562.6,1562.6,0.8631,0.8631,,0,0
unmapped,298,UNMAPPED_LOCAL_SOURCE,aug_rep,E:\甲劈微循环\data\血管数据集\分类数据集\image\298_0.jpg,development,,,recovered_archive3/227,CAPorg3.jpg,1065.99,1345.32,1345.32,0.7924,0.7924,,1,1
unmapped,299,UNMAPPED_LOCAL_SOURCE,aug_rep,E:\甲劈微循环\data\血管数据集\分类数据集\image\299_0.jpg,development,,,recovered_archive2/175,CAPorg5.jpg,1448.56,1600.53,1600.53,0.9051,0.9051,,0,0
unmapped,301,UNMAPPED_LOCAL_SOURCE,aug_rep,E:\甲劈微循环\data\血管数据集\分类数据集\image\301_0.jpg,development,,,recovered_archive2/165,CAPorg7.jpg,1599.3,1674.72,1674.72,0.955,0.955,,0,0
unmapped,302,UNMAPPED_LOCAL_SOURCE,aug_rep,E:\甲劈微循环\data\血管数据集\分类数据集\image\302_0.jpg,development,,,recovered_archive2/114,CAPorg1.jpg,1235.77,1561.54,1561.54,0.7914,0.7914,,1,1
unmapped,303,UNMAPPED_LOCAL_SOURCE,aug_rep,E:\甲劈微循环\data\血管数据集\分类数据集\image\303_0.jpg,development,,,recovered_archive1/71,CAPorg1.jpg,1265.47,1358.51,1358.51,0.9315,0.9315,,0,0
unmapped,305,UNMAPPED_LOCAL_SOURCE,aug_rep,E:\甲劈微循环\data\血管数据集\分类数据集\image\305_0.jpg,development,,,recovered_archive2/118,CAPorg15.jpg,1302.96,1465.35,1565.53,0.8892,0.8323,,0,0
unmapped,306,UNMAPPED_LOCAL_SOURCE,aug_rep,E:\甲劈微循环\data\血管数据集\分类数据集\image\306_0.jpg,development,,,recovered_archive3/227,CAPorg2.jpg,1710.3,1724.2,1938.48,0.9919,0.8823,,0,0
unmapped,307,UNMAPPED_LOCAL_SOURCE,aug_rep,E:\甲劈微循环\data\血管数据集\分类数据集\image\307_0.jpg,development,,,recovered_archive2/136,CAPorg3.jpg,1219.32,1308.05,1308.05,0.9322,0.9322,,0,0
unmapped,308,UNMAPPED_LOCAL_SOURCE,aug_rep,E:\甲劈微循环\data\血管数据集\分类数据集\image\308_0.jpg,development,,,recovered_archive2/114,CAPorg1.jpg,1855.68,1942.4,1942.4,0.9554,0.9554,,0,0
unmapped,309,UNMAPPED_LOCAL_SOURCE,aug_rep,E:\甲劈微循环\data\血管数据集\分类数据集\image\309_0.jpg,development,,,recovered_archive2/136,CAPorg12.jpg,1416.52,1548.95,1548.95,0.9145,0.9145,,0,0
unmapped,310,UNMAPPED_LOCAL_SOURCE,aug_rep,E:\甲劈微循环\data\血管数据集\分类数据集\image\310_0.jpg,development,,,recovered_archive2/158,CAPorg1.jpg,1566.55,1643.48,1643.48,0.9532,0.9532,,0,0
unmapped,311,UNMAPPED_LOCAL_SOURCE,aug_rep,E:\甲劈微循环\data\血管数据集\分类数据集\image\311_0.jpg,development,,,recovered_archive2/114,CAPorg1.jpg,1574.68,2081.01,2081.01,0.7567,0.7567,,1,1
unmapped,313,UNMAPPED_LOCAL_SOURCE,aug_rep,E:\甲劈微循环\data\血管数据集\分类数据集\image\313_0.jpg,development,,,recovered_archive3/227,CAPorg3.jpg,1186.95,1271.44,1271.44,0.9335,0.9335,,0,0
unmapped,314,UNMAPPED_LOCAL_SOURCE,aug_rep,E:\甲劈微循环\data\血管数据集\分类数据集\image\314_0.jpg,development,,,recovered_archive3/254,CAPorg5.jpg,1365.97,1585.71,1585.71,0.8614,0.8614,,0,0
unmapped,315,UNMAPPED_LOCAL_SOURCE,aug_rep,E:\甲劈微循环\data\血管数据集\分类数据集\image\315_0.jpg,development,,,recovered_archive3/248,CAPorg2.jpg,1345.33,1371.48,1371.48,0.9809,0.9809,,0,0
unmapped,317,UNMAPPED_LOCAL_SOURCE,aug_rep,E:\甲劈微循环\data\血管数据集\分类数据集\image\317_0.jpg,development,,,recovered_archive2/118,CAPorg15.jpg,1788.23,1830.7,1830.7,0.9768,0.9768,,0,0
unmapped,322,UNMAPPED_LOCAL_SOURCE,aug_rep,E:\甲劈微循环\data\血管数据集\分类数据集\image\322_0.jpg,development,,,recovered_archive2/118,CAPorg15.jpg,1587.4,1682.22,1824.22,0.9436,0.8702,,0,0
unmapped,324,UNMAPPED_LOCAL_SOURCE,aug_rep,E:\甲劈微循环\data\血管数据集\分类数据集\image\324_0.jpg,development,,,recovered_archive2/114,CAPorg1.jpg,1682.88,2058.35,2058.35,0.8176,0.8176,,0,0
unmapped,325,UNMAPPED_LOCAL_SOURCE,aug_rep,E:\甲劈微循环\data\血管数据集\分类数据集\image\325_0.jpg,development,,,recovered_archive2/118,CAPorg7.jpg,1110.15,1391.71,1391.71,0.7977,0.7977,,1,1
unmapped,327,UNMAPPED_LOCAL_SOURCE,aug_rep,E:\甲劈微循环\data\血管数据集\分类数据集\image\327_0.jpg,development,,,recovered_archive3/227,CAPorg3.jpg,1987.16,2056.38,2056.38,0.9663,0.9663,,0,0
unmapped,328,UNMAPPED_LOCAL_SOURCE,aug_rep,E:\甲劈微循环\data\血管数据集\分类数据集\image\328_0.jpg,development,,,recovered_archive2/114,CAPorg1.jpg,1023.21,1514.19,1514.19,0.6757,0.6757,,1,1
unmapped,329,UNMAPPED_LOCAL_SOURCE,aug_rep,E:\甲劈微循环\data\血管数据集\分类数据集\image\329_0.jpg,development,,,recovered_archive2/136,CAPorg3.jpg,1437.93,1473.72,1473.72,0.9757,0.9757,,0,0
unmapped,332,UNMAPPED_LOCAL_SOURCE,aug_rep,E:\甲劈微循环\data\血管数据集\分类数据集\image\332_0.jpg,development,,,recovered_archive2/118,CAPorg15.jpg,1816.47,1902.19,1902.98,0.9549,0.9545,,0,0
unmapped,333,UNMAPPED_LOCAL_SOURCE,aug_rep,E:\甲劈微循环\data\血管数据集\分类数据集\image\333_0.jpg,development,,,recovered_archive2/122,CAPorg12.jpg,1269.1,1349.05,1349.05,0.9407,0.9407,,0,0
unmapped,335,UNMAPPED_LOCAL_SOURCE,aug_rep,E:\甲劈微循环\data\血管数据集\分类数据集\image\335_0.jpg,development,,,recovered_archive3/216,CAPorg5.jpg,1617.49,1632.5,1632.5,0.9908,0.9908,,0,0
unmapped,341,UNMAPPED_LOCAL_SOURCE,aug_rep,E:\甲劈微循环\data\血管数据集\分类数据集\image\341_0.jpg,development,,,recovered_archive3/216,CAPorg5.jpg,2140.41,2197.0,2197.0,0.9742,0.9742,,0,0
unmapped,343,UNMAPPED_LOCAL_SOURCE,aug_rep,E:\甲劈微循环\data\血管数据集\分类数据集\image\343_0.jpg,development,,,recovered_archive3/210,CAPorg9.jpg,1819.55,1943.54,1943.54,0.9362,0.9362,,0,0
unmapped,344,UNMAPPED_LOCAL_SOURCE,aug_rep,E:\甲劈微循环\data\血管数据集\分类数据集\image\344_0.jpg,development,,,recovered_archive2/114,CAPorg1.jpg,1493.01,2047.41,2047.41,0.7292,0.7292,,1,1
unmapped,345,UNMAPPED_LOCAL_SOURCE,aug_rep,E:\甲劈微循环\data\血管数据集\分类数据集\image\345_0.jpg,development,,,recovered_archive2/118,CAPorg7.jpg,1370.96,1617.44,1617.44,0.8476,0.8476,,0,0
unmapped,346,UNMAPPED_LOCAL_SOURCE,aug_rep,E:\甲劈微循环\data\血管数据集\分类数据集\image\346_0.jpg,development,,,recovered_archive2/114,CAPorg1.jpg,1490.02,2078.02,2078.02,0.717,0.717,,1,1
unmapped,347,UNMAPPED_LOCAL_SOURCE,aug_rep,E:\甲劈微循环\data\血管数据集\分类数据集\image\347_0.jpg,development,,,recovered_archive2/114,CAPorg1.jpg,1509.57,2018.77,2018.77,0.7478,0.7478,,1,1
unmapped,349,UNMAPPED_LOCAL_SOURCE,aug_rep,E:\甲劈微循环\data\血管数据集\分类数据集\image\349_0.jpg,development,,,recovered_archive2/118,CAPorg13.jpg,1134.51,1211.39,1211.39,0.9365,0.9365,,0,0
unmapped,350,UNMAPPED_LOCAL_SOURCE,aug_rep,E:\甲劈微循环\data\血管数据集\分类数据集\image\350_0.jpg,development,,,recovered_archive2/114,CAPorg1.jpg,1418.64,1601.37,1601.37,0.8859,0.8859,,0,0
unmapped,351,UNMAPPED_LOCAL_SOURCE,aug_rep,E:\甲劈微循环\data\血管数据集\分类数据集\image\351_0.jpg,development,,,recovered_archive3/227,CAPorg3.jpg,1413.98,1712.3,1712.3,0.8258,0.8258,,0,0
unmapped,353,UNMAPPED_LOCAL_SOURCE,aug_rep,E:\甲劈微循环\data\血管数据集\分类数据集\image\353_0.jpg,development,,,recovered_archive1/85,CAPorg13.jpg,1146.15,1163.86,1163.86,0.9848,0.9848,,0,0
unmapped,355,UNMAPPED_LOCAL_SOURCE,aug_rep,E:\甲劈微循环\data\血管数据集\分类数据集\image\355_0.jpg,development,,,recovered_archive2/165,CAPorg7.jpg,1389.75,1538.95,1538.95,0.9031,0.9031,,0,0
unmapped,356,UNMAPPED_LOCAL_SOURCE,aug_rep,E:\甲劈微循环\data\血管数据集\分类数据集\image\356_0.jpg,development,,,recovered_archive2/114,CAPorg1.jpg,1909.19,2034.01,2034.01,0.9386,0.9386,,0,0
unmapped,357,UNMAPPED_LOCAL_SOURCE,aug_rep,E:\甲劈微循环\data\血管数据集\分类数据集\image\357_0.jpg,development,,,recovered_archive2/114,CAPorg1.jpg,1415.74,1989.93,1989.93,0.7115,0.7115,,1,1
unmapped,358,UNMAPPED_LOCAL_SOURCE,aug_rep,E:\甲劈微循环\data\血管数据集\分类数据集\image\358_0.jpg,development,,,recovered_archive3/256,CAPorg9.jpg,1232.99,1325.75,1325.75,0.93,0.93,,0,0
unmapped,359,UNMAPPED_LOCAL_SOURCE,aug_rep,E:\甲劈微循环\data\血管数据集\分类数据集\image\359_0.jpg,development,,,recovered_archive2/114,CAPorg1.jpg,1230.14,1390.1,1390.1,0.8849,0.8849,,0,0
unmapped,360,UNMAPPED_LOCAL_SOURCE,aug_rep,E:\甲劈微循环\data\血管数据集\分类数据集\image\360_0.jpg,development,,,recovered_archive2/175,CAPorg5.jpg,1330.61,1386.02,1386.02,0.96,0.96,,0,0
unmapped,361,UNMAPPED_LOCAL_SOURCE,aug_rep,E:\甲劈微循环\data\血管数据集\分类数据集\image\361_0.jpg,development,,,recovered_archive3/229,CAPorg12.jpg,1229.54,1233.35,1233.35,0.9969,0.9969,,0,0
unmapped,362,UNMAPPED_LOCAL_SOURCE,aug_rep,E:\甲劈微循环\data\血管数据集\分类数据集\image\362_0.jpg,development,,,recovered_archive2/114,CAPorg1.jpg,2201.41,2304.0,2304.0,0.9555,0.9555,,0,0
unmapped,363,UNMAPPED_LOCAL_SOURCE,aug_rep,E:\甲劈微循环\data\血管数据集\分类数据集\image\363_0.jpg,development,,,recovered_archive2/114,CAPorg1.jpg,1243.81,1420.6,1420.6,0.8756,0.8756,,0,0
unmapped,365,UNMAPPED_LOCAL_SOURCE,aug_rep,E:\甲劈微循环\data\血管数据集\分类数据集\image\365_0.jpg,development,,,recovered_archive2/178,CAPorg1.jpg,1827.74,1885.87,1885.87,0.9692,0.9692,,0,0
unmapped,366,UNMAPPED_LOCAL_SOURCE,aug_rep,E:\甲劈微循环\data\血管数据集\分类数据集\image\366_0.jpg,development,,,recovered_archive2/136,CAPorg3.jpg,1718.05,1815.29,1815.29,0.9464,0.9464,,0,0
unmapped,367,UNMAPPED_LOCAL_SOURCE,aug_rep,E:\甲劈微循环\data\血管数据集\分类数据集\image\367_0.jpg,development,,,recovered_archive2/109,CAPorg1.jpg,1343.52,1467.03,1467.03,0.9158,0.9158,,0,0
unmapped,368,UNMAPPED_LOCAL_SOURCE,aug_rep,E:\甲劈微循环\data\血管数据集\分类数据集\image\368_0.jpg,development,,,recovered_archive2/114,CAPorg1.jpg,1301.99,2077.28,2077.28,0.6268,0.6268,,1,1
unmapped,369,UNMAPPED_LOCAL_SOURCE,aug_rep,E:\甲劈微循环\data\血管数据集\分类数据集\image\369_0.jpg,development,,,recovered_archive2/118,CAPorg15.jpg,1505.5,1568.69,1568.69,0.9597,0.9597,,0,0
unmapped,370,UNMAPPED_LOCAL_SOURCE,aug_rep,E:\甲劈微循环\data\血管数据集\分类数据集\image\370_0.jpg,development,,,recovered_archive2/118,CAPorg7.jpg,1637.58,1733.58,1733.58,0.9446,0.9446,,0,0
unmapped,371,UNMAPPED_LOCAL_SOURCE,aug_rep,E:\甲劈微循环\data\血管数据集\分类数据集\image\371_0.jpg,development,,,recovered_archive1/71,CAPorg1.jpg,1468.36,1719.06,1719.06,0.8542,0.8542,,0,0
unmapped,372,UNMAPPED_LOCAL_SOURCE,aug_rep,E:\甲劈微循环\data\血管数据集\分类数据集\image\372_0.jpg,development,,,recovered_archive3/254,CAPorg5.jpg,1410.13,1529.76,1529.76,0.9218,0.9218,,0,0
unmapped,373,UNMAPPED_LOCAL_SOURCE,aug_rep,E:\甲劈微循环\data\血管数据集\分类数据集\image\373_0.jpg,development,,,recovered_archive2/136,CAPorg12.jpg,1468.17,1539.89,1539.89,0.9534,0.9534,,0,0
unmapped,374,UNMAPPED_LOCAL_SOURCE,aug_rep,E:\甲劈微循环\data\血管数据集\分类数据集\image\374_0.jpg,development,,,recovered_archive3/227,CAPorg3.jpg,1746.95,1769.86,1769.86,0.9871,0.9871,,0,0
unmapped,375,UNMAPPED_LOCAL_SOURCE,aug_rep,E:\甲劈微循环\data\血管数据集\分类数据集\image\375_0.jpg,development,,,recovered_archive2/114,CAPorg1.jpg,1208.99,1346.11,1346.11,0.8981,0.8981,,0,0
unmapped,378,UNMAPPED_LOCAL_SOURCE,aug_rep,E:\甲劈微循环\data\血管数据集\分类数据集\image\378_0.jpg,development,,,recovered_archive1/32,CAPorg1.jpg,2304.0,2304.0,2304.0,1.0,1.0,,0,0
unmapped,379,UNMAPPED_LOCAL_SOURCE,aug_rep,E:\甲劈微循环\data\血管数据集\分类数据集\image\379_0.jpg,development,,,recovered_archive2/118,CAPorg7.jpg,1489.48,1550.06,1550.06,0.9609,0.9609,,0,0
unmapped,380,UNMAPPED_LOCAL_SOURCE,aug_rep,E:\甲劈微循环\data\血管数据集\分类数据集\image\380_0.jpg,development,,,recovered_archive2/118,CAPorg7.jpg,1537.94,1599.93,1599.93,0.9613,0.9613,,0,0
unmapped,381,UNMAPPED_LOCAL_SOURCE,aug_rep,E:\甲劈微循环\data\血管数据集\分类数据集\image\381_0.jpg,development,,,recovered_archive2/151,CAPorg4.jpg,1525.93,1604.52,1604.52,0.951,0.951,,0,0
unmapped,382,UNMAPPED_LOCAL_SOURCE,aug_rep,E:\甲劈微循环\data\血管数据集\分类数据集\image\382_0.jpg,development,,,recovered_archive3/227,CAPorg3.jpg,1691.26,1732.83,1732.83,0.976,0.976,,0,0
unmapped,384,UNMAPPED_LOCAL_SOURCE,aug_rep,E:\甲劈微循环\data\血管数据集\分类数据集\image\384_0.jpg,development,,,recovered_archive3/216,CAPorg5.jpg,1543.21,1688.41,1688.41,0.914,0.914,,0,0
unmapped,390,UNMAPPED_LOCAL_SOURCE,aug_rep,E:\甲劈微循环\data\血管数据集\分类数据集\image\390_0.jpg,development,,,recovered_archive2/118,CAPorg7.jpg,1555.34,1760.76,1760.76,0.8833,0.8833,,0,0
unmapped,391,UNMAPPED_LOCAL_SOURCE,aug_rep,E:\甲劈微循环\data\血管数据集\分类数据集\image\391_0.jpg,development,,,recovered_archive3/229,CAPorg12.jpg,1799.87,1825.74,1825.74,0.9858,0.9858,,0,0
unmapped,392,UNMAPPED_LOCAL_SOURCE,aug_rep,E:\甲劈微循环\data\血管数据集\分类数据集\image\392_0.jpg,development,,,recovered_archive2/114,CAPorg1.jpg,1429.39,1775.91,1775.91,0.8049,0.8049,,0,0
unmapped,393,UNMAPPED_LOCAL_SOURCE,aug_rep,E:\甲劈微循环\data\血管数据集\分类数据集\image\393_0.jpg,development,,,recovered_archive2/114,CAPorg1.jpg,2114.25,2224.5,2224.5,0.9504,0.9504,,0,0
unmapped,394,UNMAPPED_LOCAL_SOURCE,aug_rep,E:\甲劈微循环\data\血管数据集\分类数据集\image\394_0.jpg,development,,,recovered_archive2/114,CAPorg1.jpg,1983.9,1989.17,1989.17,0.9974,0.9974,,0,0
unmapped,395,UNMAPPED_LOCAL_SOURCE,aug_rep,E:\甲劈微循环\data\血管数据集\分类数据集\image\395_0.jpg,development,,,recovered_archive2/114,CAPorg1.jpg,1792.52,1962.94,2020.78,0.9132,0.887,,0,0
unmapped,396,UNMAPPED_LOCAL_SOURCE,aug_rep,E:\甲劈微循环\data\血管数据集\分类数据集\image\396_0.jpg,development,,,recovered_archive2/114,CAPorg1.jpg,1248.09,1885.58,1885.58,0.6619,0.6619,,1,1
unmapped,397,UNMAPPED_LOCAL_SOURCE,aug_rep,E:\甲劈微循环\data\血管数据集\分类数据集\image\397_0.jpg,development,,,recovered_archive3/234,CAPorg5.jpg,1331.68,1469.97,1469.97,0.9059,0.9059,,0,0
unmapped,398,UNMAPPED_LOCAL_SOURCE,aug_rep,E:\甲劈微循环\data\血管数据集\分类数据集\image\398_0.jpg,development,,,recovered_archive1/82,CAPorg1.jpg,1316.03,1414.71,1414.71,0.9302,0.9302,,0,0
unmapped,399,UNMAPPED_LOCAL_SOURCE,aug_rep,E:\甲劈微循环\data\血管数据集\分类数据集\image\399_0.jpg,development,,,recovered_archive2/118,CAPorg12.jpg,2017.65,2058.23,2058.23,0.9803,0.9803,,0,0
unmapped,401,UNMAPPED_LOCAL_SOURCE,aug_rep,E:\甲劈微循环\data\血管数据集\分类数据集\image\401_0.jpg,development,,,recovered_archive2/114,CAPorg1.jpg,1149.67,1713.1,1713.1,0.6711,0.6711,,1,1
unmapped,402,UNMAPPED_LOCAL_SOURCE,aug_rep,E:\甲劈微循环\data\血管数据集\分类数据集\image\402_0.jpg,development,,,recovered_archive3/234,CAPorg5.jpg,2053.02,2127.14,2133.39,0.9652,0.9623,,0,0
unmapped,404,UNMAPPED_LOCAL_SOURCE,aug_rep,E:\甲劈微循环\data\血管数据集\分类数据集\image\404_0.jpg,development,,,recovered_archive3/210,CAPorg9.jpg,1403.72,1504.24,1504.24,0.9332,0.9332,,0,0
unmapped,405,UNMAPPED_LOCAL_SOURCE,aug_rep,E:\甲劈微循环\data\血管数据集\分类数据集\image\405_0.jpg,development,,,recovered_archive2/118,CAPorg7.jpg,1053.5,1312.74,1312.74,0.8025,0.8025,,0,0
unmapped,406,UNMAPPED_LOCAL_SOURCE,aug_rep,E:\甲劈微循环\data\血管数据集\分类数据集\image\406_0.jpg,development,,,recovered_archive3/254,CAPorg5.jpg,1195.6,1325.12,1325.12,0.9023,0.9023,,0,0
unmapped,407,UNMAPPED_LOCAL_SOURCE,aug_rep,E:\甲劈微循环\data\血管数据集\分类数据集\image\407_0.jpg,development,,,recovered_archive2/114,CAPorg1.jpg,1771.54,2110.93,2110.93,0.8392,0.8392,,0,0
unmapped,409,UNMAPPED_LOCAL_SOURCE,aug_rep,E:\甲劈微循环\data\血管数据集\分类数据集\image\409_0.jpg,development,,,recovered_archive2/175,CAPorg5.jpg,1753.5,1778.65,1778.65,0.9859,0.9859,,0,0
unmapped,410,UNMAPPED_LOCAL_SOURCE,aug_rep,E:\甲劈微循环\data\血管数据集\分类数据集\image\410_0.jpg,development,,,recovered_archive1/33,CAPorg7.jpg,1364.77,1513.05,1513.05,0.902,0.902,,0,0
unmapped,412,UNMAPPED_LOCAL_SOURCE,aug_rep,E:\甲劈微循环\data\血管数据集\分类数据集\image\412_0.jpg,development,,,recovered_archive1/32,CAPorg1.jpg,2304.0,2304.0,2304.0,1.0,1.0,,0,0
unmapped,413,UNMAPPED_LOCAL_SOURCE,aug_rep,E:\甲劈微循环\data\血管数据集\分类数据集\image\413_0.jpg,development,,,recovered_archive2/114,CAPorg1.jpg,1218.95,1524.79,1524.79,0.7994,0.7994,,1,1
unmapped,414,UNMAPPED_LOCAL_SOURCE,aug_rep,E:\甲劈微循环\data\血管数据集\分类数据集\image\414_0.jpg,development,,,recovered_archive3/216,CAPorg5.jpg,1836.26,1881.91,1881.91,0.9757,0.9757,,0,0
unmapped,415,UNMAPPED_LOCAL_SOURCE,aug_rep,E:\甲劈微循环\data\血管数据集\分类数据集\image\415_0.jpg,development,,,recovered_archive2/114,CAPorg1.jpg,1377.6,1992.28,1992.28,0.6915,0.6915,,1,1
unmapped,416,UNMAPPED_LOCAL_SOURCE,aug_rep,E:\甲劈微循环\data\血管数据集\分类数据集\image\416_0.jpg,development,,,recovered_archive3/227,CAPorg3.jpg,1856.06,2026.67,2026.67,0.9158,0.9158,,0,0
unmapped,417,UNMAPPED_LOCAL_SOURCE,aug_rep,E:\甲劈微循环\data\血管数据集\分类数据集\image\417_0.jpg,development,,,recovered_archive2/114,CAPorg1.jpg,1427.37,1972.85,1972.85,0.7235,0.7235,,1,1
unmapped,419,UNMAPPED_LOCAL_SOURCE,aug_rep,E:\甲劈微循环\data\血管数据集\分类数据集\image\419_0.jpg,development,,,recovered_archive2/114,CAPorg1.jpg,1473.37,1563.14,1563.14,0.9426,0.9426,,0,0
unmapped,420,UNMAPPED_LOCAL_SOURCE,aug_rep,E:\甲劈微循环\data\血管数据集\分类数据集\image\420_0.jpg,development,,,recovered_archive2/114,CAPorg1.jpg,1241.62,1985.75,1985.75,0.6253,0.6253,,1,1
unmapped,421,UNMAPPED_LOCAL_SOURCE,aug_rep,E:\甲劈微循环\data\血管数据集\分类数据集\image\421_0.jpg,development,,,recovered_archive2/114,CAPorg1.jpg,1594.24,1740.6,1740.6,0.9159,0.9159,,0,0
unmapped,422,UNMAPPED_LOCAL_SOURCE,aug_rep,E:\甲劈微循环\data\血管数据集\分类数据集\image\422_0.jpg,development,,,recovered_archive3/254,CAPorg5.jpg,1832.28,1902.83,1902.83,0.9629,0.9629,,0,0
unmapped,424,UNMAPPED_LOCAL_SOURCE,aug_rep,E:\甲劈微循环\data\血管数据集\分类数据集\image\424_0.jpg,development,,,recovered_archive3/254,CAPorg5.jpg,1409.91,1515.19,1515.19,0.9305,0.9305,,0,0
unmapped,425,UNMAPPED_LOCAL_SOURCE,aug_rep,E:\甲劈微循环\data\血管数据集\分类数据集\image\425_0.jpg,development,,,recovered_archive2/165,CAPorg7.jpg,1549.46,1773.14,1773.14,0.8739,0.8739,,0,0
unmapped,426,UNMAPPED_LOCAL_SOURCE,aug_rep,E:\甲劈微循环\data\血管数据集\分类数据集\image\426_0.jpg,development,,,recovered_archive1/71,CAPorg1.jpg,1218.87,1613.85,1613.85,0.7553,0.7553,,1,1
unmapped,427,UNMAPPED_LOCAL_SOURCE,aug_rep,E:\甲劈微循环\data\血管数据集\分类数据集\image\427_0.jpg,development,,,recovered_archive2/165,CAPorg4.jpg,1924.02,2040.87,2040.87,0.9427,0.9427,,0,0
unmapped,428,UNMAPPED_LOCAL_SOURCE,aug_rep,E:\甲劈微循环\data\血管数据集\分类数据集\image\428_0.jpg,development,,,recovered_archive2/114,CAPorg1.jpg,1466.73,2304.0,2304.0,0.6366,0.6366,,1,1
unmapped,429,UNMAPPED_LOCAL_SOURCE,aug_rep,E:\甲劈微循环\data\血管数据集\分类数据集\image\429_0.jpg,development,,,recovered_archive2/114,CAPorg1.jpg,1476.5,2055.17,2055.17,0.7184,0.7184,,1,1
unmapped,430,UNMAPPED_LOCAL_SOURCE,aug_rep,E:\甲劈微循环\data\血管数据集\分类数据集\image\430_0.jpg,development,,,recovered_archive2/118,CAPorg15.jpg,1476.59,1542.69,1804.11,0.9572,0.8185,,0,0
unmapped,431,UNMAPPED_LOCAL_SOURCE,aug_rep,E:\甲劈微循环\data\血管数据集\分类数据集\image\431_0.jpg,development,,,recovered_archive2/114,CAPorg1.jpg,1594.17,2201.79,2201.79,0.724,0.724,,1,1
unmapped,432,UNMAPPED_LOCAL_SOURCE,aug_rep,E:\甲劈微循环\data\血管数据集\分类数据集\image\432_0.jpg,development,,,recovered_archive2/114,CAPorg1.jpg,1496.15,1989.26,1989.26,0.7521,0.7521,,1,1
unmapped,433,UNMAPPED_LOCAL_SOURCE,aug_rep,E:\甲劈微循环\data\血管数据集\分类数据集\image\433_0.jpg,development,,,recovered_archive2/114,CAPorg1.jpg,1362.83,2124.0,2124.0,0.6416,0.6416,,1,1
unmapped,434,UNMAPPED_LOCAL_SOURCE,aug_rep,E:\甲劈微循环\data\血管数据集\分类数据集\image\434_0.jpg,development,,,recovered_archive2/118,CAPorg7.jpg,1808.31,1813.99,1813.99,0.9969,0.9969,,0,0
unmapped,435,UNMAPPED_LOCAL_SOURCE,aug_rep,E:\甲劈微循环\data\血管数据集\分类数据集\image\435_0.jpg,development,,,recovered_archive2/114,CAPorg1.jpg,1811.54,1814.53,1814.53,0.9984,0.9984,,0,0
unmapped,436,UNMAPPED_LOCAL_SOURCE,aug_rep,E:\甲劈微循环\data\血管数据集\分类数据集\image\436_0.jpg,development,,,recovered_archive3/227,CAPorg3.jpg,1295.92,1549.12,1549.12,0.8366,0.8366,,0,0
unmapped,437,UNMAPPED_LOCAL_SOURCE,aug_rep,E:\甲劈微循环\data\血管数据集\分类数据集\image\437_0.jpg,development,,,recovered_archive2/114,CAPorg1.jpg,1726.98,1877.71,1877.71,0.9197,0.9197,,0,0
unmapped,438,UNMAPPED_LOCAL_SOURCE,aug_rep,E:\甲劈微循环\data\血管数据集\分类数据集\image\438_0.jpg,development,,,recovered_archive2/118,CAPorg12.jpg,2152.07,2176.97,2176.97,0.9886,0.9886,,0,0
unmapped,439,UNMAPPED_LOCAL_SOURCE,aug_rep,E:\甲劈微循环\data\血管数据集\分类数据集\image\439_0.jpg,development,,,recovered_archive2/114,CAPorg1.jpg,1263.78,1547.59,1547.59,0.8166,0.8166,,0,0
unmapped,440,UNMAPPED_LOCAL_SOURCE,aug_rep,E:\甲劈微循环\data\血管数据集\分类数据集\image\440_0.jpg,development,,,recovered_archive2/114,CAPorg1.jpg,1812.95,1842.05,1842.05,0.9842,0.9842,,0,0
unmapped,441,UNMAPPED_LOCAL_SOURCE,aug_rep,E:\甲劈微循环\data\血管数据集\分类数据集\image\441_0.jpg,development,,,recovered_archive2/118,CAPorg14.jpg,1400.0,1417.57,1481.92,0.9876,0.9447,,0,0
unmapped,442,UNMAPPED_LOCAL_SOURCE,aug_rep,E:\甲劈微循环\data\血管数据集\分类数据集\image\442_0.jpg,development,,,recovered_archive2/114,CAPorg1.jpg,1083.52,1858.58,1858.58,0.583,0.583,,1,1
unmapped,443,UNMAPPED_LOCAL_SOURCE,aug_rep,E:\甲劈微循环\data\血管数据集\分类数据集\image\443_0.jpg,development,,,recovered_archive2/114,CAPorg1.jpg,1460.92,2018.07,2018.07,0.7239,0.7239,,1,1
unmapped,444,UNMAPPED_LOCAL_SOURCE,aug_rep,E:\甲劈微循环\data\血管数据集\分类数据集\image\444_0.jpg,development,,,recovered_archive2/188,CAPorg7.jpg,1555.6,1672.69,1672.69,0.93,0.93,,0,0
unmapped,445,UNMAPPED_LOCAL_SOURCE,aug_rep,E:\甲劈微循环\data\血管数据集\分类数据集\image\445_0.jpg,development,,,recovered_archive2/114,CAPorg1.jpg,1213.47,1618.61,1618.61,0.7497,0.7497,,1,1
unmapped,446,UNMAPPED_LOCAL_SOURCE,aug_rep,E:\甲劈微循环\data\血管数据集\分类数据集\image\446_0.jpg,development,,,recovered_archive2/114,CAPorg1.jpg,1798.73,2172.83,2172.83,0.8278,0.8278,,0,0
unmapped,447,UNMAPPED_LOCAL_SOURCE,aug_rep,E:\甲劈微循环\data\血管数据集\分类数据集\image\447_0.jpg,development,,,recovered_archive3/229,CAPorg12.jpg,1359.84,1436.78,1436.78,0.9465,0.9465,,0,0
unmapped,448,UNMAPPED_LOCAL_SOURCE,aug_rep,E:\甲劈微循环\data\血管数据集\分类数据集\image\448_0.jpg,development,,,recovered_archive2/109,CAPorg1.jpg,2053.05,2084.96,2084.96,0.9847,0.9847,,0,0
unmapped,449,UNMAPPED_LOCAL_SOURCE,aug_rep,E:\甲劈微循环\data\血管数据集\分类数据集\image\449_0.jpg,development,,,recovered_archive3/254,CAPorg5.jpg,1916.77,1957.4,1957.4,0.9792,0.9792,,0,0
unmapped,450,UNMAPPED_LOCAL_SOURCE,aug_rep,E:\甲劈微循环\data\血管数据集\分类数据集\image\450_0.jpg,development,,,recovered_archive3/227,CAPorg3.jpg,1831.88,2236.35,2236.35,0.8191,0.8191,,0,0
unmapped,451,UNMAPPED_LOCAL_SOURCE,aug_rep,E:\甲劈微循环\data\血管数据集\分类数据集\image\451_0.jpg,development,,,recovered_archive1/78,CAPorg3.jpg,2135.14,2266.48,2266.48,0.9421,0.9421,,0,0
unmapped,452,UNMAPPED_LOCAL_SOURCE,aug_rep,E:\甲劈微循环\data\血管数据集\分类数据集\image\452_0.jpg,development,,,recovered_archive2/114,CAPorg1.jpg,1462.56,1470.94,1470.94,0.9943,0.9943,,0,0
unmapped,453,UNMAPPED_LOCAL_SOURCE,aug_rep,E:\甲劈微循环\data\血管数据集\分类数据集\image\453_0.jpg,development,,,recovered_archive3/262,CAPorg1.jpg,1364.32,1427.63,1427.63,0.9557,0.9557,,0,0
unmapped,454,UNMAPPED_LOCAL_SOURCE,aug_rep,E:\甲劈微循环\data\血管数据集\分类数据集\image\454_0.jpg,development,,,recovered_archive3/261,CAPorg2.jpg,1323.76,1329.11,1329.11,0.996,0.996,,0,0
unmapped,455,UNMAPPED_LOCAL_SOURCE,aug_rep,E:\甲劈微循环\data\血管数据集\分类数据集\image\455_0.jpg,development,,,recovered_archive2/165,CAPorg4.jpg,1259.41,1353.74,1353.74,0.9303,0.9303,,0,0
unmapped,456,UNMAPPED_LOCAL_SOURCE,aug_rep,E:\甲劈微循环\data\血管数据集\分类数据集\image\456_0.jpg,development,,,recovered_archive1/71,CAPorg1.jpg,1500.55,1622.06,1622.06,0.9251,0.9251,,0,0
unmapped,457,UNMAPPED_LOCAL_SOURCE,aug_rep,E:\甲劈微循环\data\血管数据集\分类数据集\image\457_0.jpg,development,,,recovered_archive2/109,CAPorg1.jpg,1432.89,1756.51,1756.51,0.8158,0.8158,,0,0
unmapped,458,UNMAPPED_LOCAL_SOURCE,aug_rep,E:\甲劈微循环\data\血管数据集\分类数据集\image\458_0.jpg,development,,,recovered_archive2/114,CAPorg1.jpg,1211.9,1512.75,1512.75,0.8011,0.8011,,0,0
unmapped,459,UNMAPPED_LOCAL_SOURCE,aug_rep,E:\甲劈微循环\data\血管数据集\分类数据集\image\459_0.jpg,development,,,recovered_archive2/118,CAPorg15.jpg,1693.1,1752.38,1752.38,0.9662,0.9662,,0,0
unmapped,460,UNMAPPED_LOCAL_SOURCE,aug_rep,E:\甲劈微循环\data\血管数据集\分类数据集\image\460_0.jpg,development,,,recovered_archive3/254,CAPorg5.jpg,1167.65,1530.34,1530.34,0.763,0.763,,1,1
unmapped,461,UNMAPPED_LOCAL_SOURCE,aug_rep,E:\甲劈微循环\data\血管数据集\分类数据集\image\461_0.jpg,development,,,recovered_archive2/114,CAPorg1.jpg,1280.63,1695.79,1695.79,0.7552,0.7552,,1,1
unmapped,462,UNMAPPED_LOCAL_SOURCE,aug_rep,E:\甲劈微循环\data\血管数据集\分类数据集\image\462_0.jpg,development,,,recovered_archive1/71,CAPorg1.jpg,1740.17,1821.02,1821.02,0.9556,0.9556,,0,0
unmapped,463,UNMAPPED_LOCAL_SOURCE,aug_rep,E:\甲劈微循环\data\血管数据集\分类数据集\image\463_0.jpg,development,,,recovered_archive3/261,CAPorg3.jpg,1628.58,1638.96,1638.96,0.9937,0.9937,,0,0
unmapped,464,UNMAPPED_LOCAL_SOURCE,aug_rep,E:\甲劈微循环\data\血管数据集\分类数据集\image\464_0.jpg,development,,,recovered_archive3/227,CAPorg3.jpg,1395.2,1520.64,1520.64,0.9175,0.9175,,0,0
unmapped,465,UNMAPPED_LOCAL_SOURCE,aug_rep,E:\甲劈微循环\data\血管数据集\分类数据集\image\465_0.jpg,development,,,recovered_archive2/151,CAPorg8.jpg,1506.31,1600.04,1600.04,0.9414,0.9414,,0,0
unmapped,466,UNMAPPED_LOCAL_SOURCE,aug_rep,E:\甲劈微循环\data\血管数据集\分类数据集\image\466_0.jpg,development,,,recovered_archive2/114,CAPorg1.jpg,1667.23,1714.81,1714.81,0.9723,0.9723,,0,0
unmapped,467,UNMAPPED_LOCAL_SOURCE,aug_rep,E:\甲劈微循环\data\血管数据集\分类数据集\image\467_0.jpg,development,,,recovered_archive3/254,CAPorg5.jpg,1365.05,1467.51,1467.51,0.9302,0.9302,,0,0
unmapped,468,UNMAPPED_LOCAL_SOURCE,aug_rep,E:\甲劈微循环\data\血管数据集\分类数据集\image\468_0.jpg,development,,,recovered_archive1/32,CAPorg1.jpg,2304.0,2304.0,2304.0,1.0,1.0,,0,0
unmapped,469,UNMAPPED_LOCAL_SOURCE,aug_rep,E:\甲劈微循环\data\血管数据集\分类数据集\image\469_0.jpg,development,,,recovered_archive3/259,CAPorg6.jpg,1601.23,1633.43,1633.43,0.9803,0.9803,,0,0
unmapped,470,UNMAPPED_LOCAL_SOURCE,aug_rep,E:\甲劈微循环\data\血管数据集\分类数据集\image\470_0.jpg,development,,,recovered_archive2/126,CAPorg6.jpg,1361.94,1376.61,1376.61,0.9893,0.9893,,0,0
unmapped,471,UNMAPPED_LOCAL_SOURCE,aug_rep,E:\甲劈微循环\data\血管数据集\分类数据集\image\471_0.jpg,development,,,recovered_archive1/29,CAPorg8.jpg,1333.97,1419.5,1419.5,0.9397,0.9397,,0,0
unmapped,472,UNMAPPED_LOCAL_SOURCE,aug_rep,E:\甲劈微循环\data\血管数据集\分类数据集\image\472_0.jpg,development,,,recovered_archive3/231,CAPorg8.jpg,1259.94,1433.94,1435.19,0.8787,0.8779,,0,0
unmapped,473,UNMAPPED_LOCAL_SOURCE,aug_rep,E:\甲劈微循环\data\血管数据集\分类数据集\image\473_0.jpg,development,,,recovered_archive2/114,CAPorg1.jpg,1287.65,2049.19,2049.19,0.6284,0.6284,,1,1
unmapped,474,UNMAPPED_LOCAL_SOURCE,aug_rep,E:\甲劈微循环\data\血管数据集\分类数据集\image\474_0.jpg,development,,,recovered_archive3/227,CAPorg3.jpg,1535.43,1537.96,1537.96,0.9984,0.9984,,0,0
unmapped,475,UNMAPPED_LOCAL_SOURCE,aug_rep,E:\甲劈微循环\data\血管数据集\分类数据集\image\475_0.jpg,development,,,recovered_archive2/174,CAPorg1.jpg,2220.17,2261.14,2261.14,0.9819,0.9819,,0,0
unmapped,476,UNMAPPED_LOCAL_SOURCE,aug_rep,E:\甲劈微循环\data\血管数据集\分类数据集\image\476_0.jpg,development,,,recovered_archive3/246,CAPorg2.jpg,1379.82,1503.19,1503.19,0.9179,0.9179,,0,0
unmapped,477,UNMAPPED_LOCAL_SOURCE,aug_rep,E:\甲劈微循环\data\血管数据集\分类数据集\image\477_0.jpg,development,,,recovered_archive2/114,CAPorg1.jpg,1282.99,1794.83,1794.83,0.7148,0.7148,,1,1
unmapped,478,UNMAPPED_LOCAL_SOURCE,aug_rep,E:\甲劈微循环\data\血管数据集\分类数据集\image\478_0.jpg,development,,,recovered_archive2/165,CAPorg7.jpg,1665.7,1687.75,1687.75,0.9869,0.9869,,0,0
unmapped,479,UNMAPPED_LOCAL_SOURCE,aug_rep,E:\甲劈微循环\data\血管数据集\分类数据集\image\479_0.jpg,development,,,recovered_archive2/109,CAPorg2.jpg,2140.38,2144.08,2144.08,0.9983,0.9983,,0,0
unmapped,480,UNMAPPED_LOCAL_SOURCE,aug_rep,E:\甲劈微循环\data\血管数据集\分类数据集\image\480_0.jpg,development,,,recovered_archive1/71,CAPorg1.jpg,2134.57,2145.86,2145.86,0.9947,0.9947,,0,0
unmapped,481,UNMAPPED_LOCAL_SOURCE,aug_rep,E:\甲劈微循环\data\血管数据集\分类数据集\image\481_0.jpg,development,,,recovered_archive2/114,CAPorg1.jpg,1703.44,2109.0,2109.0,0.8077,0.8077,,0,0
unmapped,482,UNMAPPED_LOCAL_SOURCE,aug_rep,E:\甲劈微循环\data\血管数据集\分类数据集\image\482_0.jpg,development,,,recovered_archive2/114,CAPorg1.jpg,1446.84,1823.1,1823.1,0.7936,0.7936,,1,1
unmapped,483,UNMAPPED_LOCAL_SOURCE,aug_rep,E:\甲劈微循环\data\血管数据集\分类数据集\image\483_0.jpg,development,,,recovered_archive2/114,CAPorg1.jpg,1307.67,1855.77,1855.77,0.7046,0.7046,,1,1
unmapped,484,UNMAPPED_LOCAL_SOURCE,aug_rep,E:\甲劈微循环\data\血管数据集\分类数据集\image\484_0.jpg,development,,,recovered_archive3/234,CAPorg5.jpg,2147.67,2227.27,2227.27,0.9643,0.9643,,0,0
unmapped,485,UNMAPPED_LOCAL_SOURCE,aug_rep,E:\甲劈微循环\data\血管数据集\分类数据集\image\485_0.jpg,development,,,recovered_archive2/136,CAPorg3.jpg,2087.92,2098.71,2098.71,0.9949,0.9949,,0,0
unmapped,486,UNMAPPED_LOCAL_SOURCE,aug_rep,E:\甲劈微循环\data\血管数据集\分类数据集\image\486_0.jpg,development,,,recovered_archive2/118,CAPorg15.jpg,1691.9,1817.95,1879.5,0.9307,0.9002,,0,0
unmapped,487,UNMAPPED_LOCAL_SOURCE,aug_rep,E:\甲劈微循环\data\血管数据集\分类数据集\image\487_0.jpg,development,,,recovered_archive3/248,CAPorg2.jpg,1355.53,1387.31,1387.31,0.9771,0.9771,,0,0
unmapped,488,UNMAPPED_LOCAL_SOURCE,aug_rep,E:\甲劈微循环\data\血管数据集\分类数据集\image\488_0.jpg,development,,,recovered_archive2/114,CAPorg1.jpg,1606.42,1770.54,1770.54,0.9073,0.9073,,0,0
unmapped,489,UNMAPPED_LOCAL_SOURCE,aug_rep,E:\甲劈微循环\data\血管数据集\分类数据集\image\489_0.jpg,development,,,recovered_archive3/231,CAPorg8.jpg,1766.8,1770.37,1770.37,0.998,0.998,,0,0
unmapped,490,UNMAPPED_LOCAL_SOURCE,aug_rep,E:\甲劈微循环\data\血管数据集\分类数据集\image\490_0.jpg,development,,,recovered_archive2/114,CAPorg1.jpg,1624.22,1709.03,1709.03,0.9504,0.9504,,0,0
unmapped,491,UNMAPPED_LOCAL_SOURCE,aug_rep,E:\甲劈微循环\data\血管数据集\分类数据集\image\491_0.jpg,development,,,recovered_archive2/114,CAPorg1.jpg,1454.16,1524.06,1524.06,0.9541,0.9541,,0,0
unmapped,492,UNMAPPED_LOCAL_SOURCE,aug_rep,E:\甲劈微循环\data\血管数据集\分类数据集\image\492_0.jpg,development,,,recovered_archive1/71,CAPorg1.jpg,1714.18,1831.16,1831.16,0.9361,0.9361,,0,0
unmapped,493,UNMAPPED_LOCAL_SOURCE,aug_rep,E:\甲劈微循环\data\血管数据集\分类数据集\image\493_0.jpg,development,,,recovered_archive2/118,CAPorg7.jpg,1552.87,1653.57,1653.57,0.9391,0.9391,,0,0
unmapped,494,UNMAPPED_LOCAL_SOURCE,aug_rep,E:\甲劈微循环\data\血管数据集\分类数据集\image\494_0.jpg,development,,,recovered_archive2/139,CAPorg3.jpg,905.89,2290.89,2290.89,0.3954,0.3954,,1,1
unmapped,495,UNMAPPED_LOCAL_SOURCE,aug_rep,E:\甲劈微循环\data\血管数据集\分类数据集\image\495_0.jpg,development,,,recovered_archive3/254,CAPorg5.jpg,1528.02,1638.79,1638.79,0.9324,0.9324,,0,0
unmapped,497,UNMAPPED_LOCAL_SOURCE,aug_rep,E:\甲劈微循环\data\血管数据集\分类数据集\image\497_0.jpg,development,,,recovered_archive3/234,CAPorg5.jpg,1727.38,1774.05,1774.05,0.9737,0.9737,,0,0
unmapped,499,UNMAPPED_LOCAL_SOURCE,aug_rep,E:\甲劈微循环\data\血管数据集\分类数据集\image\499_0.jpg,development,,,recovered_archive2/114,CAPorg1.jpg,1392.08,1443.65,1443.65,0.9643,0.9643,,0,0
unmapped,500,UNMAPPED_LOCAL_SOURCE,aug_rep,E:\甲劈微循环\data\血管数据集\分类数据集\image\500_0.jpg,development,,,recovered_archive2/114,CAPorg1.jpg,1162.78,1719.56,1719.56,0.6762,0.6762,,1,1
unmapped,501,UNMAPPED_LOCAL_SOURCE,aug_rep,E:\甲劈微循环\data\血管数据集\分类数据集\image\501_0.jpg,development,,,recovered_archive3/254,CAPorg5.jpg,1671.72,1818.34,1818.34,0.9194,0.9194,,0,0
unmapped,504,UNMAPPED_LOCAL_SOURCE,aug_rep,E:\甲劈微循环\data\血管数据集\分类数据集\image\504_0.jpg,development,,,recovered_archive2/165,CAPorg7.jpg,1671.51,1843.33,1843.33,0.9068,0.9068,,0,0
unmapped,506,UNMAPPED_LOCAL_SOURCE,aug_rep,E:\甲劈微循环\data\血管数据集\分类数据集\image\506_0.jpg,development,,,recovered_archive2/114,CAPorg1.jpg,2091.64,2304.0,2304.0,0.9078,0.9078,,0,0
unmapped,508,UNMAPPED_LOCAL_SOURCE,aug_rep,E:\甲劈微循环\data\血管数据集\分类数据集\image\508_0.jpg,development,,,recovered_archive3/218,CAPorg6.jpg,1772.71,1839.77,1839.77,0.9636,0.9636,,0,0
unmapped,510,UNMAPPED_LOCAL_SOURCE,aug_rep,E:\甲劈微循环\data\血管数据集\分类数据集\image\510_0.jpg,development,,,recovered_archive1/33,CAPorg7.jpg,1563.08,1587.8,1587.8,0.9844,0.9844,,0,0
unmapped,512,UNMAPPED_LOCAL_SOURCE,aug_rep,E:\甲劈微循环\data\血管数据集\分类数据集\image\512_0.jpg,development,,,recovered_archive2/114,CAPorg1.jpg,1292.76,1822.39,1822.39,0.7094,0.7094,,1,1
unmapped,514,UNMAPPED_LOCAL_SOURCE,aug_rep,E:\甲劈微循环\data\血管数据集\分类数据集\image\514_0.jpg,development,,,recovered_archive3/261,CAPorg3.jpg,777.04,928.84,928.84,0.8366,0.8366,,0,0
unmapped,516,UNMAPPED_LOCAL_SOURCE,aug_rep,E:\甲劈微循环\data\血管数据集\分类数据集\image\516_0.jpg,development,,,recovered_archive3/254,CAPorg5.jpg,1119.33,1306.53,1306.53,0.8567,0.8567,,0,0
unmapped,520,UNMAPPED_LOCAL_SOURCE,aug_rep,E:\甲劈微循环\data\血管数据集\分类数据集\image\520_0.jpg,development,,,recovered_archive2/114,CAPorg1.jpg,1956.51,2172.14,2172.14,0.9007,0.9007,,0,0
unmapped,521,UNMAPPED_LOCAL_SOURCE,aug_rep,E:\甲劈微循环\data\血管数据集\分类数据集\image\521_0.jpg,development,,,recovered_archive2/175,CAPorg5.jpg,1225.96,1305.7,1305.7,0.9389,0.9389,,0,0
unmapped,524,UNMAPPED_LOCAL_SOURCE,aug_rep,E:\甲劈微循环\data\血管数据集\分类数据集\image\524_0.jpg,development,,,recovered_archive3/248,CAPorg2.jpg,1830.99,1936.03,1936.03,0.9457,0.9457,,0,0
unmapped,525,UNMAPPED_LOCAL_SOURCE,aug_rep,E:\甲劈微循环\data\血管数据集\分类数据集\image\525_0.jpg,development,,,recovered_archive3/216,CAPorg6.jpg,1407.48,1591.35,1591.35,0.8845,0.8845,,0,0
unmapped,526,UNMAPPED_LOCAL_SOURCE,aug_rep,E:\甲劈微循环\data\血管数据集\分类数据集\image\526_0.jpg,development,,,recovered_archive3/246,CAPorg2.jpg,1163.26,1177.01,1177.01,0.9883,0.9883,,0,0
unmapped,528,UNMAPPED_LOCAL_SOURCE,aug_rep,E:\甲劈微循环\data\血管数据集\分类数据集\image\528_0.jpg,development,,,recovered_archive2/136,CAPorg3.jpg,1594.91,1707.25,1707.25,0.9342,0.9342,,0,0
unmapped,529,UNMAPPED_LOCAL_SOURCE,aug_rep,E:\甲劈微循环\data\血管数据集\分类数据集\image\529_0.jpg,development,,,recovered_archive2/114,CAPorg1.jpg,2047.1,2085.19,2183.34,0.9817,0.9376,,0,0
unmapped,531,UNMAPPED_LOCAL_SOURCE,aug_rep,E:\甲劈微循环\data\血管数据集\分类数据集\image\531_0.jpg,development,,,recovered_archive2/118,CAPorg7.jpg,1652.92,1787.92,1787.92,0.9245,0.9245,,0,0
unmapped,532,UNMAPPED_LOCAL_SOURCE,aug_rep,E:\甲劈微循环\data\血管数据集\分类数据集\image\532_0.jpg,development,,,recovered_archive3/254,CAPorg5.jpg,2203.48,2304.0,2304.0,0.9564,0.9564,,0,0
unmapped,533,UNMAPPED_LOCAL_SOURCE,aug_rep,E:\甲劈微循环\data\血管数据集\分类数据集\image\533_0.jpg,development,,,recovered_archive2/114,CAPorg1.jpg,1381.66,1673.04,1673.04,0.8258,0.8258,,0,0
unmapped,534,UNMAPPED_LOCAL_SOURCE,aug_rep,E:\甲劈微循环\data\血管数据集\分类数据集\image\534_0.jpg,development,,,recovered_archive2/114,CAPorg1.jpg,1960.01,2304.0,2304.0,0.8507,0.8507,,0,0
unmapped,536,UNMAPPED_LOCAL_SOURCE,aug_rep,E:\甲劈微循环\data\血管数据集\分类数据集\image\536_0.jpg,development,,,recovered_archive2/136,CAPorg3.jpg,1922.82,2028.46,2028.46,0.9479,0.9479,,0,0
unmapped,537,UNMAPPED_LOCAL_SOURCE,aug_rep,E:\甲劈微循环\data\血管数据集\分类数据集\image\537_0.jpg,development,,,recovered_archive3/210,CAPorg7.jpg,1586.04,1607.7,1607.7,0.9865,0.9865,,0,0
unmapped,538,UNMAPPED_LOCAL_SOURCE,aug_rep,E:\甲劈微循环\data\血管数据集\分类数据集\image\538_0.jpg,development,,,recovered_archive2/114,CAPorg1.jpg,1186.93,1548.72,1548.72,0.7664,0.7664,,1,1
unmapped,539,UNMAPPED_LOCAL_SOURCE,aug_rep,E:\甲劈微循环\data\血管数据集\分类数据集\image\539_0.jpg,development,,,recovered_archive1/78,CAPorg5.jpg,1696.17,1714.28,1714.28,0.9894,0.9894,,0,0
unmapped,540,UNMAPPED_LOCAL_SOURCE,aug_rep,E:\甲劈微循环\data\血管数据集\分类数据集\image\540_0.jpg,development,,,recovered_archive2/114,CAPorg1.jpg,1332.14,1903.98,1903.98,0.6997,0.6997,,1,1
unmapped,541,UNMAPPED_LOCAL_SOURCE,aug_rep,E:\甲劈微循环\data\血管数据集\分类数据集\image\541_0.jpg,development,,,recovered_archive3/248,CAPorg2.jpg,1888.91,1945.02,1945.02,0.9712,0.9712,,0,0
unmapped,542,UNMAPPED_LOCAL_SOURCE,aug_rep,E:\甲劈微循环\data\血管数据集\分类数据集\image\542_0.jpg,development,,,recovered_archive2/114,CAPorg1.jpg,1428.97,1832.04,1832.04,0.78,0.78,,1,1
unmapped,544,UNMAPPED_LOCAL_SOURCE,aug_rep,E:\甲劈微循环\data\血管数据集\分类数据集\image\544_0.jpg,development,,,recovered_archive1/71,CAPorg1.jpg,1452.11,1456.93,1456.93,0.9967,0.9967,,0,0
unmapped,545,UNMAPPED_LOCAL_SOURCE,aug_rep,E:\甲劈微循环\data\血管数据集\分类数据集\image\545_0.jpg,development,,,recovered_archive1/29,CAPorg8.jpg,1616.14,1664.57,1664.57,0.9709,0.9709,,0,0
unmapped,546,UNMAPPED_LOCAL_SOURCE,aug_rep,E:\甲劈微循环\data\血管数据集\分类数据集\image\546_0.jpg,development,,,recovered_archive3/267,CAPorg6.jpg,1981.72,2036.33,2036.33,0.9732,0.9732,,0,0
unmapped,547,UNMAPPED_LOCAL_SOURCE,aug_rep,E:\甲劈微循环\data\血管数据集\分类数据集\image\547_0.jpg,development,,,recovered_archive1/78,CAPorg5.jpg,1480.16,1520.31,1520.31,0.9736,0.9736,,0,0
unmapped,549,UNMAPPED_LOCAL_SOURCE,aug_rep,E:\甲劈微循环\data\血管数据集\分类数据集\image\549_0.jpg,development,,,recovered_archive2/114,CAPorg1.jpg,1566.97,1807.77,1807.77,0.8668,0.8668,,0,0
unmapped,550,UNMAPPED_LOCAL_SOURCE,aug_rep,E:\甲劈微循环\data\血管数据集\分类数据集\image\550_0.jpg,development,,,recovered_archive2/175,CAPorg5.jpg,1424.26,1508.02,1508.02,0.9445,0.9445,,0,0
unmapped,552,UNMAPPED_LOCAL_SOURCE,aug_rep,E:\甲劈微循环\data\血管数据集\分类数据集\image\552_0.jpg,development,,,recovered_archive2/114,CAPorg1.jpg,1939.84,1962.74,1962.74,0.9883,0.9883,,0,0
unmapped,553,UNMAPPED_LOCAL_SOURCE,aug_rep,E:\甲劈微循环\data\血管数据集\分类数据集\image\553_0.jpg,development,,,recovered_archive2/114,CAPorg1.jpg,1617.18,1896.41,1896.41,0.8528,0.8528,,0,0
unmapped,554,UNMAPPED_LOCAL_SOURCE,aug_rep,E:\甲劈微循环\data\血管数据集\分类数据集\image\554_0.jpg,development,,,recovered_archive2/188,CAPorg4.jpg,1533.78,1636.78,1792.94,0.9371,0.8555,,0,0
unmapped,555,UNMAPPED_LOCAL_SOURCE,aug_rep,E:\甲劈微循环\data\血管数据集\分类数据集\image\555_0.jpg,development,,,recovered_archive1/99,CAPorg8.jpg,2168.89,2304.0,2304.0,0.9414,0.9414,,0,0
unmapped,558,UNMAPPED_LOCAL_SOURCE,aug_rep,E:\甲劈微循环\data\血管数据集\分类数据集\image\558_0.jpg,development,,,recovered_archive3/267,CAPorg6.jpg,1140.45,1321.1,1321.1,0.8633,0.8633,,0,0
unmapped,559,UNMAPPED_LOCAL_SOURCE,aug_rep,E:\甲劈微循环\data\血管数据集\分类数据集\image\559_0.jpg,development,,,recovered_archive2/114,CAPorg1.jpg,1301.62,1774.48,1774.48,0.7335,0.7335,,1,1
unmapped,560,UNMAPPED_LOCAL_SOURCE,aug_rep,E:\甲劈微循环\data\血管数据集\分类数据集\image\560_0.jpg,development,,,recovered_archive2/118,CAPorg7.jpg,1159.97,1191.5,1191.5,0.9735,0.9735,,0,0
unmapped,562,UNMAPPED_LOCAL_SOURCE,aug_rep,E:\甲劈微循环\data\血管数据集\分类数据集\image\562_0.jpg,development,,,recovered_archive2/114,CAPorg1.jpg,1189.26,1674.56,1674.56,0.7102,0.7102,,1,1
unmapped,563,UNMAPPED_LOCAL_SOURCE,aug_rep,E:\甲劈微循环\data\血管数据集\分类数据集\image\563_0.jpg,development,,,recovered_archive2/114,CAPorg1.jpg,1603.1,1864.46,1864.46,0.8598,0.8598,,0,0
unmapped,564,UNMAPPED_LOCAL_SOURCE,aug_rep,E:\甲劈微循环\data\血管数据集\分类数据集\image\564_0.jpg,development,,,recovered_archive2/118,CAPorg15.jpg,1827.17,1917.67,1932.47,0.9528,0.9455,,0,0
unmapped,565,UNMAPPED_LOCAL_SOURCE,aug_rep,E:\甲劈微循环\data\血管数据集\分类数据集\image\565_0.jpg,development,,,recovered_archive2/109,CAPorg2.jpg,1530.13,1618.34,1618.34,0.9455,0.9455,,0,0
unmapped,566,UNMAPPED_LOCAL_SOURCE,aug_rep,E:\甲劈微循环\data\血管数据集\分类数据集\image\566_0.jpg,development,,,recovered_archive2/114,CAPorg1.jpg,1667.85,2145.98,2145.98,0.7772,0.7772,,1,1
unmapped,567,UNMAPPED_LOCAL_SOURCE,aug_rep,E:\甲劈微循环\data\血管数据集\分类数据集\image\567_0.jpg,development,,,recovered_archive2/165,CAPorg7.jpg,1963.6,1974.07,1974.07,0.9947,0.9947,,0,0
unmapped,568,UNMAPPED_LOCAL_SOURCE,aug_rep,E:\甲劈微循环\data\血管数据集\分类数据集\image\568_0.jpg,development,,,recovered_archive2/114,CAPorg1.jpg,1144.63,1171.12,1171.12,0.9774,0.9774,,0,0
unmapped,569,UNMAPPED_LOCAL_SOURCE,aug_rep,E:\甲劈微循环\data\血管数据集\分类数据集\image\569_0.jpg,development,,,recovered_archive2/126,CAPorg6.jpg,1318.62,1344.91,1344.91,0.9804,0.9804,,0,0
unmapped,570,UNMAPPED_LOCAL_SOURCE,aug_rep,E:\甲劈微循环\data\血管数据集\分类数据集\image\570_0.jpg,development,,,recovered_archive3/227,CAPorg2.jpg,1616.36,1618.35,1618.35,0.9988,0.9988,,0,0
unmapped,571,UNMAPPED_LOCAL_SOURCE,aug_rep,E:\甲劈微循环\data\血管数据集\分类数据集\image\571_0.jpg,development,,,recovered_archive1/32,CAPorg1.jpg,2304.0,2304.0,2304.0,1.0,1.0,,0,0
unmapped,572,UNMAPPED_LOCAL_SOURCE,aug_rep,E:\甲劈微循环\data\血管数据集\分类数据集\image\572_0.jpg,development,,,recovered_archive2/114,CAPorg1.jpg,1121.35,2005.2,2005.2,0.5592,0.5592,,1,1
unmapped,573,UNMAPPED_LOCAL_SOURCE,aug_rep,E:\甲劈微循环\data\血管数据集\分类数据集\image\573_0.jpg,development,,,recovered_archive2/118,CAPorg7.jpg,1414.25,1750.43,1750.43,0.8079,0.8079,,0,0
unmapped,574,UNMAPPED_LOCAL_SOURCE,aug_rep,E:\甲劈微循环\data\血管数据集\分类数据集\image\574_0.jpg,development,,,recovered_archive2/136,CAPorg12.jpg,1309.04,1424.67,1424.67,0.9188,0.9188,,0,0
unmapped,575,UNMAPPED_LOCAL_SOURCE,aug_rep,E:\甲劈微循环\data\血管数据集\分类数据集\image\575_0.jpg,development,,,recovered_archive3/254,CAPorg5.jpg,2035.22,2100.73,2100.73,0.9688,0.9688,,0,0
unmapped,576,UNMAPPED_LOCAL_SOURCE,aug_rep,E:\甲劈微循环\data\血管数据集\分类数据集\image\576_0.jpg,development,,,recovered_archive2/165,CAPorg7.jpg,1274.51,1373.3,1373.3,0.9281,0.9281,,0,0
unmapped,579,UNMAPPED_LOCAL_SOURCE,aug_rep,E:\甲劈微循环\data\血管数据集\分类数据集\image\579_0.jpg,development,,,recovered_archive3/227,CAPorg3.jpg,1308.79,1798.08,1798.08,0.7279,0.7279,,1,1
unmapped,580,UNMAPPED_LOCAL_SOURCE,aug_rep,E:\甲劈微循环\data\血管数据集\分类数据集\image\580_0.jpg,development,,,recovered_archive3/227,CAPorg3.jpg,2046.67,2074.86,2074.86,0.9864,0.9864,,0,0
unmapped,581,UNMAPPED_LOCAL_SOURCE,aug_rep,E:\甲劈微循环\data\血管数据集\分类数据集\image\581_0.jpg,development,,,recovered_archive1/80,CAPorg2.jpg,1793.56,1857.4,1857.4,0.9656,0.9656,,0,0
unmapped,1,UNMAPPED_LOCAL_SOURCE,aug_rep,E:\甲劈微循环\data\血管数据集\分类数据集\image\1_0.jpg,locked,,,recovered_archive3/247,CAPorg6.jpg,2134.26,2147.9,2147.9,0.9937,0.9937,,0,0
unmapped,2,UNMAPPED_LOCAL_SOURCE,aug_rep,E:\甲劈微循环\data\血管数据集\分类数据集\image\2_0.jpg,locked,,,recovered_archive2/193,CAPorg9.jpg,1586.63,1612.64,1736.98,0.9839,0.9134,,0,0
unmapped,3,UNMAPPED_LOCAL_SOURCE,aug_rep,E:\甲劈微循环\data\血管数据集\分类数据集\image\3_0.jpg,locked,,,recovered_archive2/192,CAPorg6.jpg,988.52,1051.75,1051.75,0.9399,0.9399,,0,0
unmapped,4,UNMAPPED_LOCAL_SOURCE,aug_rep,E:\甲劈微循环\data\血管数据集\分类数据集\image\4_0.jpg,locked,,,recovered_archive3/219,CAPorg2.jpg,1149.23,1447.39,1447.39,0.794,0.794,,1,1
unmapped,5,UNMAPPED_LOCAL_SOURCE,aug_rep,E:\甲劈微循环\data\血管数据集\分类数据集\image\5_0.jpg,locked,,,recovered_archive1/55,CAPorg3.jpg,2004.48,2085.74,2085.74,0.961,0.961,,0,0
unmapped,6,UNMAPPED_LOCAL_SOURCE,aug_rep,E:\甲劈微循环\data\血管数据集\分类数据集\image\6_0.jpg,locked,,,recovered_archive3/247,CAPorg6.jpg,1675.71,1771.0,1771.0,0.9462,0.9462,,0,0
unmapped,7,UNMAPPED_LOCAL_SOURCE,aug_rep,E:\甲劈微循环\data\血管数据集\分类数据集\image\7_0.jpg,locked,,,recovered_archive2/131,CAPorg8.jpg,1651.34,1754.13,1754.13,0.9414,0.9414,,0,0
unmapped,8,UNMAPPED_LOCAL_SOURCE,aug_rep,E:\甲劈微循环\data\血管数据集\分类数据集\image\8_0.jpg,locked,,,recovered_archive2/193,CAPorg9.jpg,1003.58,1170.14,1170.14,0.8577,0.8577,,0,0
unmapped,9,UNMAPPED_LOCAL_SOURCE,aug_rep,E:\甲劈微循环\data\血管数据集\分类数据集\image\9_0.jpg,locked,,,recovered_archive1/55,CAPorg2.jpg,1297.15,1696.76,1696.76,0.7645,0.7645,,1,1
unmapped,10,UNMAPPED_LOCAL_SOURCE,aug_rep,E:\甲劈微循环\data\血管数据集\分类数据集\image\10_0.jpg,locked,,,recovered_archive2/193,CAPorg9.jpg,776.93,1012.0,1148.08,0.7677,0.6767,,1,1
unmapped,11,UNMAPPED_LOCAL_SOURCE,aug_rep,E:\甲劈微循环\data\血管数据集\分类数据集\image\11_0.jpg,locked,,,recovered_archive2/131,CAPorg3.jpg,1920.33,1963.64,1963.64,0.9779,0.9779,,0,0
unmapped,12,UNMAPPED_LOCAL_SOURCE,aug_rep,E:\甲劈微循环\data\血管数据集\分类数据集\image\12_0.jpg,locked,,,recovered_archive2/153,CAPorg2.jpg,1959.44,1959.74,1959.74,0.9998,0.9998,,0,0
unmapped,14,UNMAPPED_LOCAL_SOURCE,aug_rep,E:\甲劈微循环\data\血管数据集\分类数据集\image\14_0.jpg,locked,,,recovered_archive2/193,CAPorg9.jpg,1219.87,1590.97,1590.97,0.7667,0.7667,,1,1
unmapped,15,UNMAPPED_LOCAL_SOURCE,aug_rep,E:\甲劈微循环\data\血管数据集\分类数据集\image\15_0.jpg,locked,,,recovered_archive1/55,CAPorg2.jpg,1673.24,1858.47,1858.47,0.9003,0.9003,,0,0
unmapped,16,UNMAPPED_LOCAL_SOURCE,aug_rep,E:\甲劈微循环\data\血管数据集\分类数据集\image\16_0.jpg,locked,,,recovered_archive3/236,CAPorg4.jpg,1525.25,1603.89,1603.89,0.951,0.951,,0,0
unmapped,17,UNMAPPED_LOCAL_SOURCE,aug_rep,E:\甲劈微循环\data\血管数据集\分类数据集\image\17_0.jpg,locked,,,recovered_archive1/73,CAPorg9.jpg,2020.6,2063.27,2063.27,0.9793,0.9793,,0,0
unmapped,18,UNMAPPED_LOCAL_SOURCE,aug_rep,E:\甲劈微循环\data\血管数据集\分类数据集\image\18_0.jpg,locked,,,recovered_archive2/193,CAPorg5.jpg,2000.15,2289.91,2318.51,0.8735,0.8627,,0,0
unmapped,19,UNMAPPED_LOCAL_SOURCE,aug_rep,E:\甲劈微循环\data\血管数据集\分类数据集\image\19_0.jpg,locked,,,recovered_archive1/73,CAPorg9.jpg,1867.75,2064.68,2064.68,0.9046,0.9046,,0,0
unmapped,20,UNMAPPED_LOCAL_SOURCE,aug_rep,E:\甲劈微循环\data\血管数据集\分类数据集\image\20_0.jpg,locked,,,recovered_archive1/73,CAPorg7.jpg,2126.04,2128.58,2128.58,0.9988,0.9988,,0,0
unmapped,21,UNMAPPED_LOCAL_SOURCE,aug_rep,E:\甲劈微循环\data\血管数据集\分类数据集\image\21_0.jpg,locked,,,recovered_archive1/55,CAPorg5.jpg,1805.1,1852.96,1852.96,0.9742,0.9742,,0,0
unmapped,22,UNMAPPED_LOCAL_SOURCE,aug_rep,E:\甲劈微循环\data\血管数据集\分类数据集\image\22_0.jpg,locked,,,recovered_archive2/193,CAPorg5.jpg,1984.89,2130.78,2198.68,0.9315,0.9028,,0,0
unmapped,23,UNMAPPED_LOCAL_SOURCE,aug_rep,E:\甲劈微循环\data\血管数据集\分类数据集\image\23_0.jpg,locked,,,recovered_archive2/131,CAPorg8.jpg,1533.09,1720.35,1720.35,0.8912,0.8912,,0,0
unmapped,25,UNMAPPED_LOCAL_SOURCE,aug_rep,E:\甲劈微循环\data\血管数据集\分类数据集\image\25_0.jpg,locked,,,recovered_archive2/193,CAPorg7.jpg,1873.1,1937.75,1937.75,0.9666,0.9666,,0,0
unmapped,26,UNMAPPED_LOCAL_SOURCE,aug_rep,E:\甲劈微循环\data\血管数据集\分类数据集\image\26_0.jpg,locked,,,recovered_archive2/192,CAPorg6.jpg,1371.5,1407.44,1407.44,0.9745,0.9745,,0,0
unmapped,27,UNMAPPED_LOCAL_SOURCE,aug_rep,E:\甲劈微循环\data\血管数据集\分类数据集\image\27_0.jpg,locked,,,recovered_archive2/192,CAPorg6.jpg,1152.41,1155.67,1226.83,0.9972,0.9393,,0,0
unmapped,28,UNMAPPED_LOCAL_SOURCE,aug_rep,E:\甲劈微循环\data\血管数据集\分类数据集\image\28_0.jpg,locked,,,recovered_archive3/203,CAPorg10.jpg,1524.86,1550.49,1550.49,0.9835,0.9835,,0,0
unmapped,29,UNMAPPED_LOCAL_SOURCE,aug_rep,E:\甲劈微循环\data\血管数据集\分类数据集\image\29_0.jpg,locked,,,recovered_archive2/193,CAPorg5.jpg,2270.95,2335.37,2401.61,0.9724,0.9456,,0,0
unmapped,30,UNMAPPED_LOCAL_SOURCE,aug_rep,E:\甲劈微循环\data\血管数据集\分类数据集\image\30_0.jpg,locked,,,recovered_archive2/193,CAPorg7.jpg,2089.41,2219.24,2219.24,0.9415,0.9415,,0,0
unmapped,31,UNMAPPED_LOCAL_SOURCE,aug_rep,E:\甲劈微循环\data\血管数据集\分类数据集\image\31_0.jpg,locked,,,recovered_archive2/193,CAPorg9.jpg,1161.21,1202.02,1355.28,0.966,0.8568,,0,0
unmapped,32,UNMAPPED_LOCAL_SOURCE,aug_rep,E:\甲劈微循环\data\血管数据集\分类数据集\image\32_0.jpg,locked,,,recovered_archive2/193,CAPorg9.jpg,996.99,1416.65,1546.19,0.7038,0.6448,,1,1
unmapped,33,UNMAPPED_LOCAL_SOURCE,aug_rep,E:\甲劈微循环\data\血管数据集\分类数据集\image\33_0.jpg,locked,,,recovered_archive3/219,CAPorg4.jpg,1201.74,1229.0,1229.0,0.9778,0.9778,,0,0
unmapped,34,UNMAPPED_LOCAL_SOURCE,aug_rep,E:\甲劈微循环\data\血管数据集\分类数据集\image\34_0.jpg,locked,,,recovered_archive2/192,CAPorg6.jpg,1146.82,1167.83,1167.83,0.982,0.982,,0,0
unmapped,35,UNMAPPED_LOCAL_SOURCE,aug_rep,E:\甲劈微循环\data\血管数据集\分类数据集\image\35_0.jpg,locked,,,recovered_archive2/193,CAPorg5.jpg,1716.55,1866.93,1866.93,0.9195,0.9195,,0,0
unmapped,36,UNMAPPED_LOCAL_SOURCE,aug_rep,E:\甲劈微循环\data\血管数据集\分类数据集\image\36_0.jpg,locked,,,recovered_archive2/102,CAPorg3.jpg,1500.1,1523.22,1523.22,0.9848,0.9848,,0,0
unmapped,37,UNMAPPED_LOCAL_SOURCE,aug_rep,E:\甲劈微循环\data\血管数据集\分类数据集\image\37_0.jpg,locked,,,recovered_archive2/134,CAPorg6.jpg,2030.87,2435.12,2435.12,0.834,0.834,,0,0
unmapped,38,UNMAPPED_LOCAL_SOURCE,aug_rep,E:\甲劈微循环\data\血管数据集\分类数据集\image\38_0.jpg,locked,,,recovered_archive2/134,CAPorg2.jpg,1362.41,1584.02,1584.02,0.8601,0.8601,,0,0
unmapped,39,UNMAPPED_LOCAL_SOURCE,aug_rep,E:\甲劈微循环\data\血管数据集\分类数据集\image\39_0.jpg,locked,,,recovered_archive3/219,CAPorg3.jpg,1755.52,1931.67,1996.36,0.9088,0.8794,,0,0
unmapped,40,UNMAPPED_LOCAL_SOURCE,aug_rep,E:\甲劈微循环\data\血管数据集\分类数据集\image\40_0.jpg,locked,,,recovered_archive1/55,CAPorg2.jpg,2077.94,2157.05,2157.05,0.9633,0.9633,,0,0
unmapped,41,UNMAPPED_LOCAL_SOURCE,aug_rep,E:\甲劈微循环\data\血管数据集\分类数据集\image\41_0.jpg,locked,,,recovered_archive1/88,CAPorg2.jpg,1258.77,1357.45,1357.45,0.9273,0.9273,,0,0
unmapped,42,UNMAPPED_LOCAL_SOURCE,aug_rep,E:\甲劈微循环\data\血管数据集\分类数据集\image\42_0.jpg,locked,,,recovered_archive3/219,CAPorg4.jpg,1031.8,1160.31,1187.28,0.8893,0.869,,0,0
unmapped,43,UNMAPPED_LOCAL_SOURCE,aug_rep,E:\甲劈微循环\data\血管数据集\分类数据集\image\43_0.jpg,locked,,,recovered_archive2/193,CAPorg9.jpg,1703.83,1733.17,1733.17,0.9831,0.9831,,0,0
unmapped,44,UNMAPPED_LOCAL_SOURCE,aug_rep,E:\甲劈微循环\data\血管数据集\分类数据集\image\44_0.jpg,locked,,,recovered_archive1/88,CAPorg5.jpg,1392.75,1480.07,1480.07,0.941,0.941,,0,0
unmapped,45,UNMAPPED_LOCAL_SOURCE,aug_rep,E:\甲劈微循环\data\血管数据集\分类数据集\image\45_0.jpg,locked,,,recovered_archive2/193,CAPorg9.jpg,1398.43,1469.73,1469.73,0.9515,0.9515,,0,0
unmapped,46,UNMAPPED_LOCAL_SOURCE,aug_rep,E:\甲劈微循环\data\血管数据集\分类数据集\image\46_0.jpg,locked,,,recovered_archive1/55,CAPorg2.jpg,2003.94,2120.63,2120.63,0.945,0.945,,0,0
unmapped,50,UNMAPPED_LOCAL_SOURCE,aug_rep,E:\甲劈微循环\data\血管数据集\分类数据集\image\50_0.jpg,locked,,,recovered_archive2/196,CAPorg9.jpg,1230.88,1242.55,1242.55,0.9906,0.9906,,0,0
unmapped,51,UNMAPPED_LOCAL_SOURCE,aug_rep,E:\甲劈微循环\data\血管数据集\分类数据集\image\51_0.jpg,locked,,,recovered_archive2/193,CAPorg5.jpg,1500.6,1564.98,1646.43,0.9589,0.9114,,0,0
unmapped,52,UNMAPPED_LOCAL_SOURCE,aug_rep,E:\甲劈微循环\data\血管数据集\分类数据集\image\52_0.jpg,locked,,,recovered_archive3/247,CAPorg6.jpg,2171.73,2290.21,2290.21,0.9483,0.9483,,0,0
unmapped,53,UNMAPPED_LOCAL_SOURCE,aug_rep,E:\甲劈微循环\data\血管数据集\分类数据集\image\53_0.jpg,locked,,,recovered_archive2/193,CAPorg5.jpg,1448.4,1648.52,1648.52,0.8786,0.8786,,0,0
unmapped,55,UNMAPPED_LOCAL_SOURCE,aug_rep,E:\甲劈微循环\data\血管数据集\分类数据集\image\55_0.jpg,locked,,,recovered_archive2/134,CAPorg1.jpg,2002.24,2072.25,2090.65,0.9662,0.9577,,0,0
unmapped,56,UNMAPPED_LOCAL_SOURCE,aug_rep,E:\甲劈微循环\data\血管数据集\分类数据集\image\56_0.jpg,locked,,,recovered_archive3/247,CAPorg6.jpg,1581.23,1796.61,1796.61,0.8801,0.8801,,0,0
unmapped,58,UNMAPPED_LOCAL_SOURCE,aug_rep,E:\甲劈微循环\data\血管数据集\分类数据集\image\58_0.jpg,locked,,,recovered_archive3/247,CAPorg6.jpg,1850.27,1883.76,1883.76,0.9822,0.9822,,0,0
unmapped,59,UNMAPPED_LOCAL_SOURCE,aug_rep,E:\甲劈微循环\data\血管数据集\分类数据集\image\59_0.jpg,locked,,,recovered_archive2/192,CAPorg2.jpg,2022.11,2173.02,2173.02,0.9306,0.9306,,0,0
unmapped,61,UNMAPPED_LOCAL_SOURCE,aug_rep,E:\甲劈微循环\data\血管数据集\分类数据集\image\61_0.jpg,locked,,,recovered_archive2/153,CAPorg3.jpg,2910.43,2965.59,2965.59,0.9814,0.9814,,0,0
unmapped,62,UNMAPPED_LOCAL_SOURCE,aug_rep,E:\甲劈微循环\data\血管数据集\分类数据集\image\62_0.jpg,locked,,,recovered_archive2/193,CAPorg9.jpg,1691.41,1908.32,1908.32,0.8863,0.8863,,0,0
unmapped,63,UNMAPPED_LOCAL_SOURCE,aug_rep,E:\甲劈微循环\data\血管数据集\分类数据集\image\63_0.jpg,locked,,,recovered_archive3/247,CAPorg6.jpg,1524.0,1562.1,1562.1,0.9756,0.9756,,0,0
unmapped,64,UNMAPPED_LOCAL_SOURCE,aug_rep,E:\甲劈微循环\data\血管数据集\分类数据集\image\64_0.jpg,locked,,,recovered_archive2/193,CAPorg9.jpg,925.13,1188.82,1188.82,0.7782,0.7782,,1,1
unmapped,65,UNMAPPED_LOCAL_SOURCE,aug_rep,E:\甲劈微循环\data\血管数据集\分类数据集\image\65_0.jpg,locked,,,recovered_archive1/55,CAPorg3.jpg,1328.44,1336.82,1336.82,0.9937,0.9937,,0,0
unmapped,66,UNMAPPED_LOCAL_SOURCE,aug_rep,E:\甲劈微循环\data\血管数据集\分类数据集\image\66_0.jpg,locked,,,recovered_archive2/193,CAPorg9.jpg,920.99,1264.19,1264.19,0.7285,0.7285,,1,1
unmapped,67,UNMAPPED_LOCAL_SOURCE,aug_rep,E:\甲劈微循环\data\血管数据集\分类数据集\image\67_0.jpg,locked,,,recovered_archive2/193,CAPorg5.jpg,1498.12,1518.15,1622.34,0.9868,0.9234,,0,0
unmapped,71,UNMAPPED_LOCAL_SOURCE,aug_rep,E:\甲劈微循环\data\血管数据集\分类数据集\image\71_0.jpg,locked,,,recovered_archive2/193,CAPorg6.jpg,1861.84,1879.96,1879.96,0.9904,0.9904,,0,0
unmapped,72,UNMAPPED_LOCAL_SOURCE,aug_rep,E:\甲劈微循环\data\血管数据集\分类数据集\image\72_0.jpg,locked,,,recovered_archive1/88,CAPorg5.jpg,2061.66,2063.64,2063.64,0.999,0.999,,0,0
unmapped,73,UNMAPPED_LOCAL_SOURCE,aug_rep,E:\甲劈微循环\data\血管数据集\分类数据集\image\73_0.jpg,locked,,,recovered_archive2/193,CAPorg10.jpg,2871.51,2875.52,2875.52,0.9986,0.9986,,0,0
unmapped,75,UNMAPPED_LOCAL_SOURCE,aug_rep,E:\甲劈微循环\data\血管数据集\分类数据集\image\75_0.jpg,locked,,,recovered_archive2/193,CAPorg5.jpg,3030.23,3105.6,3106.12,0.9757,0.9756,,0,0
unmapped,76,UNMAPPED_LOCAL_SOURCE,aug_rep,E:\甲劈微循环\data\血管数据集\分类数据集\image\76_0.jpg,locked,,,recovered_archive2/193,CAPorg9.jpg,1305.73,1651.83,1665.35,0.7905,0.7841,,1,1
unmapped,77,UNMAPPED_LOCAL_SOURCE,aug_rep,E:\甲劈微循环\data\血管数据集\分类数据集\image\77_0.jpg,locked,,,recovered_archive3/219,CAPorg2.jpg,1323.15,1444.62,1574.91,0.9159,0.8401,,0,0
unmapped,78,UNMAPPED_LOCAL_SOURCE,aug_rep,E:\甲劈微循环\data\血管数据集\分类数据集\image\78_0.jpg,locked,,,recovered_archive2/192,CAPorg2.jpg,2196.82,2296.89,2296.89,0.9564,0.9564,,0,0
unmapped,80,UNMAPPED_LOCAL_SOURCE,aug_rep,E:\甲劈微循环\data\血管数据集\分类数据集\image\80_0.jpg,locked,,,recovered_archive2/102,CAPorg7.jpg,1348.53,1421.18,1422.47,0.9489,0.948,,0,0
unmapped,81,UNMAPPED_LOCAL_SOURCE,aug_rep,E:\甲劈微循环\data\血管数据集\分类数据集\image\81_0.jpg,locked,,,recovered_archive1/73,CAPorg9.jpg,2288.77,2342.3,2342.3,0.9771,0.9771,,0,0
unmapped,82,UNMAPPED_LOCAL_SOURCE,aug_rep,E:\甲劈微循环\data\血管数据集\分类数据集\image\82_0.jpg,locked,,,recovered_archive2/102,CAPorg6.jpg,1171.45,1260.3,1260.3,0.9295,0.9295,,0,0
unmapped,83,UNMAPPED_LOCAL_SOURCE,aug_rep,E:\甲劈微循环\data\血管数据集\分类数据集\image\83_0.jpg,locked,,,recovered_archive2/193,CAPorg9.jpg,1173.41,1443.88,1601.86,0.8127,0.7325,,0,1
unmapped,84,UNMAPPED_LOCAL_SOURCE,aug_rep,E:\甲劈微循环\data\血管数据集\分类数据集\image\84_0.jpg,locked,,,recovered_archive3/219,CAPorg11.jpg,1327.42,1494.24,1705.07,0.8884,0.7785,,0,1
unmapped,89,UNMAPPED_LOCAL_SOURCE,aug_rep,E:\甲劈微循环\data\血管数据集\分类数据集\image\89_0.jpg,locked,,,recovered_archive2/192,CAPorg2.jpg,1935.2,2009.94,2009.94,0.9628,0.9628,,0,0
unmapped,90,UNMAPPED_LOCAL_SOURCE,aug_rep,E:\甲劈微循环\data\血管数据集\分类数据集\image\90_0.jpg,locked,,,recovered_archive3/236,CAPorg1.jpg,1867.49,1925.87,1925.87,0.9697,0.9697,,0,0
unmapped,91,UNMAPPED_LOCAL_SOURCE,aug_rep,E:\甲劈微循环\data\血管数据集\分类数据集\image\91_0.jpg,locked,,,recovered_archive2/192,CAPorg2.jpg,1692.24,1733.86,1733.86,0.976,0.976,,0,0
unmapped,92,UNMAPPED_LOCAL_SOURCE,aug_rep,E:\甲劈微循环\data\血管数据集\分类数据集\image\92_0.jpg,locked,,,recovered_archive2/193,CAPorg5.jpg,2130.73,2167.24,2167.24,0.9832,0.9832,,0,0
unmapped,93,UNMAPPED_LOCAL_SOURCE,aug_rep,E:\甲劈微循环\data\血管数据集\分类数据集\image\93_0.jpg,locked,,,recovered_archive3/203,CAPorg5.jpg,1563.41,1581.16,1581.16,0.9888,0.9888,,0,0
unmapped,94,UNMAPPED_LOCAL_SOURCE,aug_rep,E:\甲劈微循环\data\血管数据集\分类数据集\image\94_0.jpg,locked,,,recovered_archive2/193,CAPorg9.jpg,1457.59,1473.78,1687.42,0.989,0.8638,,0,0
unmapped,95,UNMAPPED_LOCAL_SOURCE,aug_rep,E:\甲劈微循环\data\血管数据集\分类数据集\image\95_0.jpg,locked,,,recovered_archive2/193,CAPorg9.jpg,1603.51,1839.26,1839.26,0.8718,0.8718,,0,0
unmapped,97,UNMAPPED_LOCAL_SOURCE,aug_rep,E:\甲劈微循环\data\血管数据集\分类数据集\image\97_0.jpg,locked,,,recovered_archive3/236,CAPorg1.jpg,1782.25,1889.84,1889.84,0.9431,0.9431,,0,0
unmapped,98,UNMAPPED_LOCAL_SOURCE,aug_rep,E:\甲劈微循环\data\血管数据集\分类数据集\image\98_0.jpg,locked,,,recovered_archive2/193,CAPorg9.jpg,1442.4,1460.98,1769.38,0.9873,0.8152,,0,0
unmapped,99,UNMAPPED_LOCAL_SOURCE,aug_rep,E:\甲劈微循环\data\血管数据集\分类数据集\image\99_0.jpg,locked,,,recovered_archive2/193,CAPorg9.jpg,1520.98,1959.79,1962.4,0.7761,0.7751,,1,1
unmapped,100,UNMAPPED_LOCAL_SOURCE,aug_rep,E:\甲劈微循环\data\血管数据集\分类数据集\image\100_0.jpg,locked,,,recovered_archive1/55,CAPorg2.jpg,1559.91,1824.96,1824.96,0.8548,0.8548,,0,0
unmapped,101,UNMAPPED_LOCAL_SOURCE,aug_rep,E:\甲劈微循环\data\血管数据集\分类数据集\image\101_0.jpg,locked,,,recovered_archive2/192,CAPorg2.jpg,1534.82,2053.33,2053.33,0.7475,0.7475,,1,1
unmapped,102,UNMAPPED_LOCAL_SOURCE,aug_rep,E:\甲劈微循环\data\血管数据集\分类数据集\image\102_0.jpg,locked,,,recovered_archive2/134,CAPorg3.jpg,1919.34,1983.44,1983.44,0.9677,0.9677,,0,0
unmapped,103,UNMAPPED_LOCAL_SOURCE,aug_rep,E:\甲劈微循环\data\血管数据集\分类数据集\image\103_0.jpg,locked,,,recovered_archive2/134,CAPorg5.jpg,1408.18,1498.94,1498.94,0.9394,0.9394,,0,0
unmapped,104,UNMAPPED_LOCAL_SOURCE,aug_rep,E:\甲劈微循环\data\血管数据集\分类数据集\image\104_0.jpg,locked,,,recovered_archive2/193,CAPorg9.jpg,1384.38,1474.3,1474.3,0.939,0.939,,0,0
unmapped,105,UNMAPPED_LOCAL_SOURCE,aug_rep,E:\甲劈微循环\data\血管数据集\分类数据集\image\105_0.jpg,locked,,,recovered_archive2/193,CAPorg9.jpg,1673.55,1757.6,1757.6,0.9522,0.9522,,0,0
unmapped,106,UNMAPPED_LOCAL_SOURCE,aug_rep,E:\甲劈微循环\data\血管数据集\分类数据集\image\106_0.jpg,locked,,,recovered_archive3/219,CAPorg3.jpg,2309.83,2376.76,2376.76,0.9718,0.9718,,0,0
unmapped,107,UNMAPPED_LOCAL_SOURCE,aug_rep,E:\甲劈微循环\data\血管数据集\分类数据集\image\107_0.jpg,locked,,,recovered_archive1/93,CAPorg3.jpg,2659.91,2792.83,2792.83,0.9524,0.9524,,0,0
unmapped,108,UNMAPPED_LOCAL_SOURCE,aug_rep,E:\甲劈微循环\data\血管数据集\分类数据集\image\108_0.jpg,locked,,,recovered_archive2/193,CAPorg5.jpg,1464.74,1645.56,1786.76,0.8901,0.8198,,0,0
unmapped,110,UNMAPPED_LOCAL_SOURCE,aug_rep,E:\甲劈微循环\data\血管数据集\分类数据集\image\110_0.jpg,locked,,,recovered_archive2/134,CAPorg4.jpg,1400.93,1414.51,1414.51,0.9904,0.9904,,0,0
unmapped,111,UNMAPPED_LOCAL_SOURCE,aug_rep,E:\甲劈微循环\data\血管数据集\分类数据集\image\111_0.jpg,locked,,,recovered_archive3/217,CAPorg1.jpg,1727.76,1734.02,1734.02,0.9964,0.9964,,0,0
unmapped,112,UNMAPPED_LOCAL_SOURCE,aug_rep,E:\甲劈微循环\data\血管数据集\分类数据集\image\112_0.jpg,locked,,,recovered_archive3/247,CAPorg6.jpg,1448.88,1774.25,1774.25,0.8166,0.8166,,0,0
unmapped,114,UNMAPPED_LOCAL_SOURCE,aug_rep,E:\甲劈微循环\data\血管数据集\分类数据集\image\114_0.jpg,locked,,,recovered_archive3/219,CAPorg10.jpg,1416.76,1625.61,1625.61,0.8715,0.8715,,0,0
unmapped,115,UNMAPPED_LOCAL_SOURCE,aug_rep,E:\甲劈微循环\data\血管数据集\分类数据集\image\115_0.jpg,locked,,,recovered_archive3/247,CAPorg6.jpg,1492.75,1615.25,1615.25,0.9242,0.9242,,0,0
unmapped,116,UNMAPPED_LOCAL_SOURCE,aug_rep,E:\甲劈微循环\data\血管数据集\分类数据集\image\116_0.jpg,locked,,,recovered_archive2/193,CAPorg9.jpg,1126.62,1322.34,1487.91,0.852,0.7572,,0,1
unmapped,117,UNMAPPED_LOCAL_SOURCE,aug_rep,E:\甲劈微循环\data\血管数据集\分类数据集\image\117_0.jpg,locked,,,recovered_archive3/219,CAPorg4.jpg,1867.92,1873.02,1873.02,0.9973,0.9973,,0,0
unmapped,118,UNMAPPED_LOCAL_SOURCE,aug_rep,E:\甲劈微循环\data\血管数据集\分类数据集\image\118_0.jpg,locked,,,recovered_archive3/217,CAPorg1.jpg,2071.97,2130.63,2130.63,0.9725,0.9725,,0,0
unmapped,119,UNMAPPED_LOCAL_SOURCE,aug_rep,E:\甲劈微循环\data\血管数据集\分类数据集\image\119_0.jpg,locked,,,recovered_archive2/102,CAPorg3.jpg,1684.69,1684.81,1684.81,0.9999,0.9999,,0,0
unmapped,120,UNMAPPED_LOCAL_SOURCE,aug_rep,E:\甲劈微循环\data\血管数据集\分类数据集\image\120_0.jpg,locked,,,recovered_archive1/55,CAPorg3.jpg,2537.44,2538.57,2538.57,0.9996,0.9996,,0,0
unmapped,122,UNMAPPED_LOCAL_SOURCE,aug_rep,E:\甲劈微循环\data\血管数据集\分类数据集\image\122_0.jpg,locked,,,recovered_archive2/102,CAPorg2.jpg,1924.49,2150.09,2150.09,0.8951,0.8951,,0,0
unmapped,123,UNMAPPED_LOCAL_SOURCE,aug_rep,E:\甲劈微循环\data\血管数据集\分类数据集\image\123_0.jpg,locked,,,recovered_archive1/88,CAPorg5.jpg,1268.97,1449.84,1449.84,0.8753,0.8753,,0,0
unmapped,125,UNMAPPED_LOCAL_SOURCE,aug_rep,E:\甲劈微循环\data\血管数据集\分类数据集\image\125_0.jpg,locked,,,recovered_archive2/131,CAPorg8.jpg,1583.94,1638.36,1638.36,0.9668,0.9668,,0,0
unmapped,126,UNMAPPED_LOCAL_SOURCE,aug_rep,E:\甲劈微循环\data\血管数据集\分类数据集\image\126_0.jpg,locked,,,recovered_archive1/88,CAPorg5.jpg,1632.92,1684.65,1684.65,0.9693,0.9693,,0,0
unmapped,127,UNMAPPED_LOCAL_SOURCE,aug_rep,E:\甲劈微循环\data\血管数据集\分类数据集\image\127_0.jpg,locked,,,recovered_archive2/193,CAPorg7.jpg,1281.9,1408.89,1505.82,0.9099,0.8513,,0,0
unmapped,128,UNMAPPED_LOCAL_SOURCE,aug_rep,E:\甲劈微循环\data\血管数据集\分类数据集\image\128_0.jpg,locked,,,recovered_archive1/55,CAPorg2.jpg,1401.99,1583.52,1583.52,0.8854,0.8854,,0,0
unmapped,129,UNMAPPED_LOCAL_SOURCE,aug_rep,E:\甲劈微循环\data\血管数据集\分类数据集\image\129_0.jpg,locked,,,recovered_archive1/88,CAPorg5.jpg,1443.32,1474.76,1474.76,0.9787,0.9787,,0,0
unmapped,130,UNMAPPED_LOCAL_SOURCE,aug_rep,E:\甲劈微循环\data\血管数据集\分类数据集\image\130_0.jpg,locked,,,recovered_archive2/193,CAPorg9.jpg,1617.51,1804.45,1804.45,0.8964,0.8964,,0,0
unmapped,131,UNMAPPED_LOCAL_SOURCE,aug_rep,E:\甲劈微循环\data\血管数据集\分类数据集\image\131_0.jpg,locked,,,recovered_archive2/131,CAPorg8.jpg,1641.46,1641.74,1641.74,0.9998,0.9998,,0,0
unmapped,132,UNMAPPED_LOCAL_SOURCE,aug_rep,E:\甲劈微循环\data\血管数据集\分类数据集\image\132_0.jpg,locked,,,recovered_archive3/247,CAPorg6.jpg,1717.52,1870.43,1870.43,0.9182,0.9182,,0,0
unmapped,133,UNMAPPED_LOCAL_SOURCE,aug_rep,E:\甲劈微循环\data\血管数据集\分类数据集\image\133_0.jpg,locked,,,recovered_archive1/73,CAPorg9.jpg,1784.71,1877.95,1877.95,0.9504,0.9504,,0,0
unmapped,134,UNMAPPED_LOCAL_SOURCE,aug_rep,E:\甲劈微循环\data\血管数据集\分类数据集\image\134_0.jpg,locked,,,recovered_archive2/134,CAPorg4.jpg,1589.43,1641.83,1641.83,0.9681,0.9681,,0,0
unmapped,135,UNMAPPED_LOCAL_SOURCE,aug_rep,E:\甲劈微循环\data\血管数据集\分类数据集\image\135_0.jpg,locked,,,recovered_archive2/193,CAPorg5.jpg,2122.58,2178.14,2239.35,0.9745,0.9479,,0,0
unmapped,136,UNMAPPED_LOCAL_SOURCE,aug_rep,E:\甲劈微循环\data\血管数据集\分类数据集\image\136_0.jpg,locked,,,recovered_archive2/193,CAPorg7.jpg,1920.75,1998.28,1998.28,0.9612,0.9612,,0,0
unmapped,137,UNMAPPED_LOCAL_SOURCE,aug_rep,E:\甲劈微循环\data\血管数据集\分类数据集\image\137_0.jpg,locked,,,recovered_archive2/193,CAPorg7.jpg,1819.17,1856.47,1913.96,0.9799,0.9505,,0,0
unmapped,138,UNMAPPED_LOCAL_SOURCE,aug_rep,E:\甲劈微循环\data\血管数据集\分类数据集\image\138_0.jpg,locked,,,recovered_archive2/134,CAPorg3.jpg,2166.9,2249.88,2500.24,0.9631,0.8667,,0,0
unmapped,139,UNMAPPED_LOCAL_SOURCE,aug_rep,E:\甲劈微循环\data\血管数据集\分类数据集\image\139_0.jpg,locked,,,recovered_archive1/88,CAPorg5.jpg,1564.87,1639.53,1639.53,0.9545,0.9545,,0,0
unmapped,140,UNMAPPED_LOCAL_SOURCE,aug_rep,E:\甲劈微循环\data\血管数据集\分类数据集\image\140_0.jpg,locked,,,recovered_archive2/193,CAPorg9.jpg,1227.97,1271.52,1609.93,0.9658,0.7627,,0,1
unmapped,141,UNMAPPED_LOCAL_SOURCE,aug_rep,E:\甲劈微循环\data\血管数据集\分类数据集\image\141_0.jpg,locked,,,recovered_archive1/88,CAPorg5.jpg,1850.09,2028.8,2028.8,0.9119,0.9119,,0,0
unmapped,142,UNMAPPED_LOCAL_SOURCE,aug_rep,E:\甲劈微循环\data\血管数据集\分类数据集\image\142_0.jpg,locked,,,recovered_archive1/88,CAPorg5.jpg,1994.57,2021.89,2021.89,0.9865,0.9865,,0,0
unmapped,143,UNMAPPED_LOCAL_SOURCE,aug_rep,E:\甲劈微循环\data\血管数据集\分类数据集\image\143_0.jpg,locked,,,recovered_archive3/205,CAPorg3.jpg,982.25,1002.11,1002.11,0.9802,0.9802,,0,0
unmapped,144,UNMAPPED_LOCAL_SOURCE,aug_rep,E:\甲劈微循环\data\血管数据集\分类数据集\image\144_0.jpg,locked,,,recovered_archive2/193,CAPorg9.jpg,1001.0,1018.59,1244.88,0.9827,0.8041,,0,0
unmapped,147,UNMAPPED_LOCAL_SOURCE,aug_rep,E:\甲劈微循环\data\血管数据集\分类数据集\image\147_0.jpg,locked,,,recovered_archive2/193,CAPorg9.jpg,1270.33,1498.99,1599.34,0.8475,0.7943,,0,1
unmapped,148,UNMAPPED_LOCAL_SOURCE,aug_rep,E:\甲劈微循环\data\血管数据集\分类数据集\image\148_0.jpg,locked,,,recovered_archive3/203,CAPorg10.jpg,1329.74,1359.53,1393.63,0.9781,0.9542,,0,0
unmapped,149,UNMAPPED_LOCAL_SOURCE,aug_rep,E:\甲劈微循环\data\血管数据集\分类数据集\image\149_0.jpg,locked,,,recovered_archive1/55,CAPorg2.jpg,1889.27,2081.55,2081.55,0.9076,0.9076,,0,0
unmapped,150,UNMAPPED_LOCAL_SOURCE,aug_rep,E:\甲劈微循环\data\血管数据集\分类数据集\image\150_0.jpg,locked,,,recovered_archive1/55,CAPorg2.jpg,970.45,1369.18,1369.18,0.7088,0.7088,,1,1
unmapped,151,UNMAPPED_LOCAL_SOURCE,aug_rep,E:\甲劈微循环\data\血管数据集\分类数据集\image\151_0.jpg,locked,,,recovered_archive2/193,CAPorg9.jpg,1722.74,1792.0,1810.89,0.9613,0.9513,,0,0
unmapped,152,UNMAPPED_LOCAL_SOURCE,aug_rep,E:\甲劈微循环\data\血管数据集\分类数据集\image\152_0.jpg,locked,,,recovered_archive1/55,CAPorg2.jpg,1762.69,1974.83,1974.83,0.8926,0.8926,,0,0
unmapped,153,UNMAPPED_LOCAL_SOURCE,aug_rep,E:\甲劈微循环\data\血管数据集\分类数据集\image\153_0.jpg,locked,,,recovered_archive2/193,CAPorg9.jpg,850.64,1006.64,1112.52,0.845,0.7646,,0,1
unmapped,154,UNMAPPED_LOCAL_SOURCE,aug_rep,E:\甲劈微循环\data\血管数据集\分类数据集\image\154_0.jpg,locked,,,recovered_archive2/193,CAPorg9.jpg,1188.51,1408.8,1408.8,0.8436,0.8436,,0,0
unmapped,155,UNMAPPED_LOCAL_SOURCE,aug_rep,E:\甲劈微循环\data\血管数据集\分类数据集\image\155_0.jpg,locked,,,recovered_archive1/88,CAPorg5.jpg,1336.17,1404.65,1404.65,0.9512,0.9512,,0,0
unmapped,156,UNMAPPED_LOCAL_SOURCE,aug_rep,E:\甲劈微循环\data\血管数据集\分类数据集\image\156_0.jpg,locked,,,recovered_archive2/193,CAPorg4.jpg,946.31,988.92,988.92,0.9569,0.9569,,0,0
unmapped,157,UNMAPPED_LOCAL_SOURCE,aug_rep,E:\甲劈微循环\data\血管数据集\分类数据集\image\157_0.jpg,locked,,,recovered_archive2/134,CAPorg6.jpg,1790.41,1790.54,1790.54,0.9999,0.9999,,0,0
unmapped,158,UNMAPPED_LOCAL_SOURCE,aug_rep,E:\甲劈微循环\data\血管数据集\分类数据集\image\158_0.jpg,locked,,,recovered_archive1/88,CAPorg5.jpg,1769.06,1868.19,1868.19,0.9469,0.9469,,0,0
unmapped,159,UNMAPPED_LOCAL_SOURCE,aug_rep,E:\甲劈微循环\data\血管数据集\分类数据集\image\159_0.jpg,locked,,,recovered_archive2/131,CAPorg3.jpg,1254.61,1265.7,1265.7,0.9912,0.9912,,0,0
unmapped,160,UNMAPPED_LOCAL_SOURCE,aug_rep,E:\甲劈微循环\data\血管数据集\分类数据集\image\160_0.jpg,locked,,,recovered_archive2/193,CAPorg5.jpg,1516.66,1666.53,1695.55,0.9101,0.8945,,0,0
unmapped,161,UNMAPPED_LOCAL_SOURCE,aug_rep,E:\甲劈微循环\data\血管数据集\分类数据集\image\161_0.jpg,locked,,,recovered_archive2/131,CAPorg8.jpg,1168.66,1280.57,1280.57,0.9126,0.9126,,0,0
unmapped,162,UNMAPPED_LOCAL_SOURCE,aug_rep,E:\甲劈微循环\data\血管数据集\分类数据集\image\162_0.jpg,locked,,,recovered_archive2/193,CAPorg9.jpg,1035.51,1170.66,1170.66,0.8846,0.8846,,0,0
unmapped,163,UNMAPPED_LOCAL_SOURCE,aug_rep,E:\甲劈微循环\data\血管数据集\分类数据集\image\163_0.jpg,locked,,,recovered_archive2/193,CAPorg7.jpg,1775.04,1892.81,1892.81,0.9378,0.9378,,0,0
unmapped,164,UNMAPPED_LOCAL_SOURCE,aug_rep,E:\甲劈微循环\data\血管数据集\分类数据集\image\164_0.jpg,locked,,,recovered_archive1/55,CAPorg2.jpg,1518.14,1627.81,1627.81,0.9326,0.9326,,0,0
unmapped,165,UNMAPPED_LOCAL_SOURCE,aug_rep,E:\甲劈微循环\data\血管数据集\分类数据集\image\165_0.jpg,locked,,,recovered_archive2/192,CAPorg2.jpg,1303.78,1915.51,1915.51,0.6806,0.6806,,1,1
unmapped,166,UNMAPPED_LOCAL_SOURCE,aug_rep,E:\甲劈微循环\data\血管数据集\分类数据集\image\166_0.jpg,locked,,,recovered_archive2/193,CAPorg5.jpg,1589.24,1616.94,1726.9,0.9829,0.9203,,0,0
unmapped,167,UNMAPPED_LOCAL_SOURCE,aug_rep,E:\甲劈微循环\data\血管数据集\分类数据集\image\167_0.jpg,locked,,,recovered_archive3/236,CAPorg1.jpg,2125.27,2142.29,2142.29,0.9921,0.9921,,0,0
unmapped,168,UNMAPPED_LOCAL_SOURCE,aug_rep,E:\甲劈微循环\data\血管数据集\分类数据集\image\168_0.jpg,locked,,,recovered_archive2/134,CAPorg5.jpg,1785.04,1867.17,1867.17,0.956,0.956,,0,0
unmapped,169,UNMAPPED_LOCAL_SOURCE,aug_rep,E:\甲劈微循环\data\血管数据集\分类数据集\image\169_0.jpg,locked,,,recovered_archive2/134,CAPorg3.jpg,1924.97,1939.3,1939.3,0.9926,0.9926,,0,0
unmapped,170,UNMAPPED_LOCAL_SOURCE,aug_rep,E:\甲劈微循环\data\血管数据集\分类数据集\image\170_0.jpg,locked,,,recovered_archive1/55,CAPorg2.jpg,2168.25,2175.63,2175.63,0.9966,0.9966,,0,0
unmapped,172,UNMAPPED_LOCAL_SOURCE,aug_rep,E:\甲劈微循环\data\血管数据集\分类数据集\image\172_0.jpg,locked,,,recovered_archive3/217,CAPorg1.jpg,1852.89,1892.27,1892.27,0.9792,0.9792,,0,0
unmapped,173,UNMAPPED_LOCAL_SOURCE,aug_rep,E:\甲劈微循环\data\血管数据集\分类数据集\image\173_0.jpg,locked,,,recovered_archive2/193,CAPorg5.jpg,1373.49,1387.94,1438.44,0.9896,0.9548,,0,0
unmapped,174,UNMAPPED_LOCAL_SOURCE,aug_rep,E:\甲劈微循环\data\血管数据集\分类数据集\image\174_0.jpg,locked,,,recovered_archive2/193,CAPorg5.jpg,1104.79,1400.41,1400.41,0.7889,0.7889,,1,1
unmapped,175,UNMAPPED_LOCAL_SOURCE,aug_rep,E:\甲劈微循环\data\血管数据集\分类数据集\image\175_0.jpg,locked,,,recovered_archive3/219,CAPorg3.jpg,1635.81,1663.92,1708.63,0.9831,0.9574,,0,0
unmapped,176,UNMAPPED_LOCAL_SOURCE,aug_rep,E:\甲劈微循环\data\血管数据集\分类数据集\image\176_0.jpg,locked,,,recovered_archive2/193,CAPorg7.jpg,1018.15,1252.65,1460.72,0.8128,0.697,,0,1
unmapped,177,UNMAPPED_LOCAL_SOURCE,aug_rep,E:\甲劈微循环\data\血管数据集\分类数据集\image\177_0.jpg,locked,,,recovered_archive1/88,CAPorg5.jpg,1894.13,1975.86,1975.86,0.9586,0.9586,,0,0
unmapped,178,UNMAPPED_LOCAL_SOURCE,aug_rep,E:\甲劈微循环\data\血管数据集\分类数据集\image\178_0.jpg,locked,,,recovered_archive3/217,CAPorg1.jpg,2057.07,2064.87,2064.87,0.9962,0.9962,,0,0
unmapped,180,UNMAPPED_LOCAL_SOURCE,aug_rep,E:\甲劈微循环\data\血管数据集\分类数据集\image\180_0.jpg,locked,,,recovered_archive2/193,CAPorg9.jpg,1122.49,1180.62,1180.62,0.9508,0.9508,,0,0
unmapped,181,UNMAPPED_LOCAL_SOURCE,aug_rep,E:\甲劈微循环\data\血管数据集\分类数据集\image\181_0.jpg,locked,,,recovered_archive3/205,CAPorg3.jpg,1324.05,1402.75,1402.75,0.9439,0.9439,,0,0
unmapped,182,UNMAPPED_LOCAL_SOURCE,aug_rep,E:\甲劈微循环\data\血管数据集\分类数据集\image\182_0.jpg,locked,,,recovered_archive1/88,CAPorg5.jpg,1920.38,1992.03,1992.03,0.964,0.964,,0,0
unmapped,184,UNMAPPED_LOCAL_SOURCE,aug_rep,E:\甲劈微循环\data\血管数据集\分类数据集\image\184_0.jpg,locked,,,recovered_archive2/153,CAPorg2.jpg,1107.95,1168.3,1168.3,0.9483,0.9483,,0,0
unmapped,185,UNMAPPED_LOCAL_SOURCE,aug_rep,E:\甲劈微循环\data\血管数据集\分类数据集\image\185_0.jpg,locked,,,recovered_archive1/88,CAPorg5.jpg,1195.25,1580.32,1658.61,0.7563,0.7206,,1,1
unmapped,186,UNMAPPED_LOCAL_SOURCE,aug_rep,E:\甲劈微循环\data\血管数据集\分类数据集\image\186_0.jpg,locked,,,recovered_archive1/88,CAPorg5.jpg,1176.14,1363.56,1450.7,0.8626,0.8107,,0,0
unmapped,187,UNMAPPED_LOCAL_SOURCE,aug_rep,E:\甲劈微循环\data\血管数据集\分类数据集\image\187_0.jpg,locked,,,recovered_archive2/193,CAPorg5.jpg,1826.06,2110.09,2128.84,0.8654,0.8578,,0,0
unmapped,188,UNMAPPED_LOCAL_SOURCE,aug_rep,E:\甲劈微循环\data\血管数据集\分类数据集\image\188_0.jpg,locked,,,recovered_archive2/192,CAPorg6.jpg,1199.48,1283.31,1397.22,0.9347,0.8585,,0,0
unmapped,189,UNMAPPED_LOCAL_SOURCE,aug_rep,E:\甲劈微循环\data\血管数据集\分类数据集\image\189_0.jpg,locked,,,recovered_archive1/88,CAPorg5.jpg,1641.42,1960.34,1960.34,0.8373,0.8373,,0,0
unmapped,191,UNMAPPED_LOCAL_SOURCE,aug_rep,E:\甲劈微循环\data\血管数据集\分类数据集\image\191_0.jpg,locked,,,recovered_archive3/247,CAPorg6.jpg,1465.6,1466.08,1466.08,0.9997,0.9997,,0,0
unmapped,192,UNMAPPED_LOCAL_SOURCE,aug_rep,E:\甲劈微循环\data\血管数据集\分类数据集\image\192_0.jpg,locked,,,recovered_archive2/134,CAPorg2.jpg,1335.29,1412.8,1514.44,0.9451,0.8817,,0,0
unmapped,193,UNMAPPED_LOCAL_SOURCE,aug_rep,E:\甲劈微循环\data\血管数据集\分类数据集\image\193_0.jpg,locked,,,recovered_archive2/193,CAPorg5.jpg,1352.93,1386.62,1422.33,0.9757,0.9512,,0,0
unmapped,195,UNMAPPED_LOCAL_SOURCE,aug_rep,E:\甲劈微循环\data\血管数据集\分类数据集\image\195_0.jpg,locked,,,recovered_archive2/102,CAPorg7.jpg,1444.65,1444.76,1444.76,0.9999,0.9999,,0,0
unmapped,197,UNMAPPED_LOCAL_SOURCE,aug_rep,E:\甲劈微循环\data\血管数据集\分类数据集\image\197_0.jpg,locked,,,recovered_archive3/217,CAPorg1.jpg,2453.24,2469.85,2469.85,0.9933,0.9933,,0,0
unmapped,198,UNMAPPED_LOCAL_SOURCE,aug_rep,E:\甲劈微循环\data\血管数据集\分类数据集\image\198_0.jpg,locked,,,recovered_archive2/193,CAPorg9.jpg,1355.17,1480.2,1480.2,0.9155,0.9155,,0,0
unmapped,199,UNMAPPED_LOCAL_SOURCE,aug_rep,E:\甲劈微循环\data\血管数据集\分类数据集\image\199_0.jpg,locked,,,recovered_archive2/193,CAPorg7.jpg,2004.34,2081.41,2081.41,0.963,0.963,,0,0
unmapped,202,UNMAPPED_LOCAL_SOURCE,aug_rep,E:\甲劈微循环\data\血管数据集\分类数据集\image\202_0.jpg,locked,,,recovered_archive2/193,CAPorg7.jpg,1411.4,1626.68,1626.68,0.8677,0.8677,,0,0
unmapped,203,UNMAPPED_LOCAL_SOURCE,aug_rep,E:\甲劈微循环\data\血管数据集\分类数据集\image\203_0.jpg,locked,,,recovered_archive1/55,CAPorg2.jpg,1655.35,1946.76,1946.76,0.8503,0.8503,,0,0
unmapped,204,UNMAPPED_LOCAL_SOURCE,aug_rep,E:\甲劈微循环\data\血管数据集\分类数据集\image\204_0.jpg,locked,,,recovered_archive3/217,CAPorg1.jpg,2053.59,2059.69,2059.69,0.997,0.997,,0,0
unmapped,205,UNMAPPED_LOCAL_SOURCE,aug_rep,E:\甲劈微循环\data\血管数据集\分类数据集\image\205_0.jpg,locked,,,recovered_archive1/73,CAPorg9.jpg,2096.59,2284.75,2284.75,0.9176,0.9176,,0,0
unmapped,206,UNMAPPED_LOCAL_SOURCE,aug_rep,E:\甲劈微循环\data\血管数据集\分类数据集\image\206_0.jpg,locked,,,recovered_archive2/193,CAPorg5.jpg,1604.08,1774.14,1774.14,0.9041,0.9041,,0,0
unmapped,207,UNMAPPED_LOCAL_SOURCE,aug_rep,E:\甲劈微循环\data\血管数据集\分类数据集\image\207_0.jpg,locked,,,recovered_archive1/88,CAPorg5.jpg,1724.47,1809.82,1809.82,0.9528,0.9528,,0,0
unmapped,208,UNMAPPED_LOCAL_SOURCE,aug_rep,E:\甲劈微循环\data\血管数据集\分类数据集\image\208_0.jpg,locked,,,recovered_archive3/203,CAPorg13.jpg,1110.48,1131.99,1131.99,0.981,0.981,,0,0
unmapped,209,UNMAPPED_LOCAL_SOURCE,aug_rep,E:\甲劈微循环\data\血管数据集\分类数据集\image\209_0.jpg,locked,,,recovered_archive1/55,CAPorg5.jpg,1406.38,1436.09,1436.09,0.9793,0.9793,,0,0
unmapped,210,UNMAPPED_LOCAL_SOURCE,aug_rep,E:\甲劈微循环\data\血管数据集\分类数据集\image\210_0.jpg,locked,,,recovered_archive2/131,CAPorg8.jpg,1554.41,1671.52,1671.52,0.9299,0.9299,,0,0
unmapped,211,UNMAPPED_LOCAL_SOURCE,aug_rep,E:\甲劈微循环\data\血管数据集\分类数据集\image\211_0.jpg,locked,,,recovered_archive1/55,CAPorg2.jpg,1473.19,1758.06,1758.06,0.838,0.838,,0,0
unmapped,212,UNMAPPED_LOCAL_SOURCE,aug_rep,E:\甲劈微循环\data\血管数据集\分类数据集\image\212_0.jpg,locked,,,recovered_archive1/55,CAPorg8.jpg,2078.09,2182.31,2214.0,0.9522,0.9386,,0,0
unmapped,213,UNMAPPED_LOCAL_SOURCE,aug_rep,E:\甲劈微循环\data\血管数据集\分类数据集\image\213_0.jpg,locked,,,recovered_archive1/73,CAPorg7.jpg,2080.5,2244.45,2412.03,0.927,0.8625,,0,0
unmapped,215,UNMAPPED_LOCAL_SOURCE,aug_rep,E:\甲劈微循环\data\血管数据集\分类数据集\image\215_0.jpg,locked,,,recovered_archive1/73,CAPorg9.jpg,1939.69,2034.52,2034.52,0.9534,0.9534,,0,0
unmapped,216,UNMAPPED_LOCAL_SOURCE,aug_rep,E:\甲劈微循环\data\血管数据集\分类数据集\image\216_0.jpg,locked,,,recovered_archive2/193,CAPorg9.jpg,1537.73,1562.35,1562.35,0.9842,0.9842,,0,0
unmapped,217,UNMAPPED_LOCAL_SOURCE,aug_rep,E:\甲劈微循环\data\血管数据集\分类数据集\image\217_0.jpg,locked,,,recovered_archive1/55,CAPorg2.jpg,2180.91,2227.5,2227.5,0.9791,0.9791,,0,0
unmapped,218,UNMAPPED_LOCAL_SOURCE,aug_rep,E:\甲劈微循环\data\血管数据集\分类数据集\image\218_0.jpg,locked,,,recovered_archive2/154,CAPorg1.jpg,2749.24,2822.05,2822.05,0.9742,0.9742,,0,0
unmapped,219,UNMAPPED_LOCAL_SOURCE,aug_rep,E:\甲劈微循环\data\血管数据集\分类数据集\image\219_0.jpg,locked,,,recovered_archive2/131,CAPorg8.jpg,1555.17,1699.88,1699.88,0.9149,0.9149,,0,0
unmapped,220,UNMAPPED_LOCAL_SOURCE,aug_rep,E:\甲劈微循环\data\血管数据集\分类数据集\image\220_0.jpg,locked,,,recovered_archive1/73,CAPorg6.jpg,2382.29,2432.92,2499.13,0.9792,0.9532,,0,0
unmapped,221,UNMAPPED_LOCAL_SOURCE,aug_rep,E:\甲劈微循环\data\血管数据集\分类数据集\image\221_0.jpg,locked,,,recovered_archive2/102,CAPorg7.jpg,1200.27,1443.94,1443.94,0.8312,0.8312,,0,0
unmapped,222,UNMAPPED_LOCAL_SOURCE,aug_rep,E:\甲劈微循环\data\血管数据集\分类数据集\image\222_0.jpg,locked,,,recovered_archive2/193,CAPorg6.jpg,1479.93,1594.77,1594.77,0.928,0.928,,0,0
unmapped,223,UNMAPPED_LOCAL_SOURCE,aug_rep,E:\甲劈微循环\data\血管数据集\分类数据集\image\223_0.jpg,locked,,,recovered_archive3/219,CAPorg3.jpg,1121.73,1262.31,1271.5,0.8886,0.8822,,0,0
unmapped,225,UNMAPPED_LOCAL_SOURCE,aug_rep,E:\甲劈微循环\data\血管数据集\分类数据集\image\225_0.jpg,locked,,,recovered_archive2/134,CAPorg6.jpg,1256.65,1275.95,1275.95,0.9849,0.9849,,0,0
unmapped,226,UNMAPPED_LOCAL_SOURCE,aug_rep,E:\甲劈微循环\data\血管数据集\分类数据集\image\226_0.jpg,locked,,,recovered_archive1/55,CAPorg2.jpg,2245.1,2332.48,2332.48,0.9625,0.9625,,0,0
unmapped,227,UNMAPPED_LOCAL_SOURCE,aug_rep,E:\甲劈微循环\data\血管数据集\分类数据集\image\227_0.jpg,locked,,,recovered_archive2/134,CAPorg6.jpg,1586.13,1648.57,1648.57,0.9621,0.9621,,0,0
unmapped,228,UNMAPPED_LOCAL_SOURCE,aug_rep,E:\甲劈微循环\data\血管数据集\分类数据集\image\228_0.jpg,locked,,,recovered_archive2/131,CAPorg8.jpg,1236.95,1383.31,1383.31,0.8942,0.8942,,0,0
unmapped,229,UNMAPPED_LOCAL_SOURCE,aug_rep,E:\甲劈微循环\data\血管数据集\分类数据集\image\229_0.jpg,locked,,,recovered_archive2/134,CAPorg3.jpg,1637.26,1827.63,1827.63,0.8958,0.8958,,0,0
unmapped,230,UNMAPPED_LOCAL_SOURCE,aug_rep,E:\甲劈微循环\data\血管数据集\分类数据集\image\230_0.jpg,locked,,,recovered_archive2/193,CAPorg9.jpg,1358.92,1794.4,1794.4,0.7573,0.7573,,1,1
unmapped,231,UNMAPPED_LOCAL_SOURCE,aug_rep,E:\甲劈微循环\data\血管数据集\分类数据集\image\231_0.jpg,locked,,,recovered_archive2/193,CAPorg11.jpg,1750.61,2155.16,2191.94,0.8123,0.7987,,0,1
unmapped,232,UNMAPPED_LOCAL_SOURCE,aug_rep,E:\甲劈微循环\data\血管数据集\分类数据集\image\232_0.jpg,locked,,,recovered_archive2/192,CAPorg2.jpg,1005.48,1375.69,1375.69,0.7309,0.7309,,1,1
unmapped,233,UNMAPPED_LOCAL_SOURCE,aug_rep,E:\甲劈微循环\data\血管数据集\分类数据集\image\233_0.jpg,locked,,,recovered_archive2/192,CAPorg2.jpg,1346.56,1699.58,1699.58,0.7923,0.7923,,1,1
unmapped,234,UNMAPPED_LOCAL_SOURCE,aug_rep,E:\甲劈微循环\data\血管数据集\分类数据集\image\234_0.jpg,locked,,,recovered_archive2/102,CAPorg4.jpg,1694.19,1782.4,1782.4,0.9505,0.9505,,0,0
unmapped,235,UNMAPPED_LOCAL_SOURCE,aug_rep,E:\甲劈微循环\data\血管数据集\分类数据集\image\235_0.jpg,locked,,,recovered_archive2/193,CAPorg6.jpg,1478.37,1617.15,1617.15,0.9142,0.9142,,0,0
unmapped,236,UNMAPPED_LOCAL_SOURCE,aug_rep,E:\甲劈微循环\data\血管数据集\分类数据集\image\236_0.jpg,locked,,,recovered_archive2/192,CAPorg2.jpg,1569.22,1972.53,1972.53,0.7955,0.7955,,1,1
unmapped,237,UNMAPPED_LOCAL_SOURCE,aug_rep,E:\甲劈微循环\data\血管数据集\分类数据集\image\237_0.jpg,locked,,,recovered_archive1/55,CAPorg5.jpg,1308.85,1581.14,1581.14,0.8278,0.8278,,0,0
unmapped,239,UNMAPPED_LOCAL_SOURCE,aug_rep,E:\甲劈微循环\data\血管数据集\分类数据集\image\239_0.jpg,locked,,,recovered_archive1/55,CAPorg5.jpg,1342.06,1439.99,1453.98,0.932,0.923,,0,0
unmapped,240,UNMAPPED_LOCAL_SOURCE,aug_rep,E:\甲劈微循环\data\血管数据集\分类数据集\image\240_0.jpg,locked,,,recovered_archive2/192,CAPorg2.jpg,1644.36,1673.39,1673.39,0.9827,0.9827,,0,0
unmapped,241,UNMAPPED_LOCAL_SOURCE,aug_rep,E:\甲劈微循环\data\血管数据集\分类数据集\image\241_0.jpg,locked,,,recovered_archive2/102,CAPorg6.jpg,1136.21,1210.14,1292.89,0.9389,0.8788,,0,0
unmapped,242,UNMAPPED_LOCAL_SOURCE,aug_rep,E:\甲劈微循环\data\血管数据集\分类数据集\image\242_0.jpg,locked,,,recovered_archive1/55,CAPorg5.jpg,1164.34,1196.35,1196.35,0.9732,0.9732,,0,0
unmapped,243,UNMAPPED_LOCAL_SOURCE,aug_rep,E:\甲劈微循环\data\血管数据集\分类数据集\image\243_0.jpg,locked,,,recovered_archive2/102,CAPorg3.jpg,1430.85,1443.02,1443.02,0.9916,0.9916,,0,0
unmapped,244,UNMAPPED_LOCAL_SOURCE,aug_rep,E:\甲劈微循环\data\血管数据集\分类数据集\image\244_0.jpg,locked,,,recovered_archive1/55,CAPorg2.jpg,1757.97,1776.31,1776.31,0.9897,0.9897,,0,0
unmapped,245,UNMAPPED_LOCAL_SOURCE,aug_rep,E:\甲劈微循环\data\血管数据集\分类数据集\image\245_0.jpg,locked,,,recovered_archive2/193,CAPorg9.jpg,1144.84,1378.3,1378.3,0.8306,0.8306,,0,0
unmapped,246,UNMAPPED_LOCAL_SOURCE,aug_rep,E:\甲劈微循环\data\血管数据集\分类数据集\image\246_0.jpg,locked,,,recovered_archive3/247,CAPorg6.jpg,2101.99,2248.65,2248.65,0.9348,0.9348,,0,0
unmapped,247,UNMAPPED_LOCAL_SOURCE,aug_rep,E:\甲劈微循环\data\血管数据集\分类数据集\image\247_0.jpg,locked,,,recovered_archive1/88,CAPorg5.jpg,1407.86,1791.95,1791.95,0.7857,0.7857,,1,1
unmapped,248,UNMAPPED_LOCAL_SOURCE,aug_rep,E:\甲劈微循环\data\血管数据集\分类数据集\image\248_0.jpg,locked,,,recovered_archive3/219,CAPorg4.jpg,1220.81,1310.29,1347.91,0.9317,0.9057,,0,0
unmapped,253,UNMAPPED_LOCAL_SOURCE,aug_rep,E:\甲劈微循环\data\血管数据集\分类数据集\image\253_0.jpg,locked,,,recovered_archive1/88,CAPorg5.jpg,1078.13,1273.93,1273.93,0.8463,0.8463,,0,0
unmapped,254,UNMAPPED_LOCAL_SOURCE,aug_rep,E:\甲劈微循环\data\血管数据集\分类数据集\image\254_0.jpg,locked,,,recovered_archive1/55,CAPorg2.jpg,1862.43,1871.64,1871.64,0.9951,0.9951,,0,0
unmapped,257,UNMAPPED_LOCAL_SOURCE,aug_rep,E:\甲劈微循环\data\血管数据集\分类数据集\image\257_0.jpg,locked,,,recovered_archive2/193,CAPorg5.jpg,1883.14,2207.69,2207.69,0.853,0.853,,0,0
unmapped,268,UNMAPPED_LOCAL_SOURCE,aug_rep,E:\甲劈微循环\data\血管数据集\分类数据集\image\268_0.jpg,locked,,,recovered_archive3/236,CAPorg1.jpg,1981.28,2034.4,2034.4,0.9739,0.9739,,0,0
unmapped,271,UNMAPPED_LOCAL_SOURCE,aug_rep,E:\甲劈微循环\data\血管数据集\分类数据集\image\271_0.jpg,locked,,,recovered_archive2/153,CAPorg6.jpg,1321.31,1377.03,1377.03,0.9595,0.9595,,0,0
unmapped,275,UNMAPPED_LOCAL_SOURCE,aug_rep,E:\甲劈微循环\data\血管数据集\分类数据集\image\275_0.jpg,locked,,,recovered_archive1/73,CAPorg8.jpg,2297.23,2355.01,2355.01,0.9755,0.9755,,0,0
unmapped,276,UNMAPPED_LOCAL_SOURCE,aug_rep,E:\甲劈微循环\data\血管数据集\分类数据集\image\276_0.jpg,locked,,,recovered_archive2/193,CAPorg9.jpg,1597.59,1760.37,1785.98,0.9075,0.8945,,0,0
unmapped,279,UNMAPPED_LOCAL_SOURCE,aug_rep,E:\甲劈微循环\data\血管数据集\分类数据集\image\279_0.jpg,locked,,,recovered_archive2/193,CAPorg9.jpg,1225.96,1231.44,1231.44,0.9955,0.9955,,0,0
unmapped,284,UNMAPPED_LOCAL_SOURCE,aug_rep,E:\甲劈微循环\data\血管数据集\分类数据集\image\284_0.jpg,locked,,,recovered_archive2/193,CAPorg9.jpg,1423.67,1581.71,1583.29,0.9001,0.8992,,0,0
unmapped,290,UNMAPPED_LOCAL_SOURCE,aug_rep,E:\甲劈微循环\data\血管数据集\分类数据集\image\290_0.jpg,locked,,,recovered_archive2/193,CAPorg9.jpg,1488.79,1594.86,1594.86,0.9335,0.9335,,0,0
unmapped,295,UNMAPPED_LOCAL_SOURCE,aug_rep,E:\甲劈微循环\data\血管数据集\分类数据集\image\295_0.jpg,locked,,,recovered_archive2/193,CAPorg9.jpg,1948.09,2129.37,2207.35,0.9149,0.8825,,0,0
unmapped,296,UNMAPPED_LOCAL_SOURCE,aug_rep,E:\甲劈微循环\data\血管数据集\分类数据集\image\296_0.jpg,locked,,,recovered_archive2/193,CAPorg5.jpg,1797.23,1820.49,1820.49,0.9872,0.9872,,0,0
unmapped,297,UNMAPPED_LOCAL_SOURCE,aug_rep,E:\甲劈微循环\data\血管数据集\分类数据集\image\297_0.jpg,locked,,,recovered_archive2/131,CAPorg3.jpg,1528.18,1559.26,1559.26,0.9801,0.9801,,0,0
unmapped,298,UNMAPPED_LOCAL_SOURCE,aug_rep,E:\甲劈微循环\data\血管数据集\分类数据集\image\298_0.jpg,locked,,,recovered_archive2/193,CAPorg5.jpg,1242.93,1679.64,1679.64,0.74,0.74,,1,1
unmapped,299,UNMAPPED_LOCAL_SOURCE,aug_rep,E:\甲劈微循环\data\血管数据集\分类数据集\image\299_0.jpg,locked,,,recovered_archive2/193,CAPorg9.jpg,1319.6,1670.58,1670.58,0.7899,0.7899,,1,1
unmapped,301,UNMAPPED_LOCAL_SOURCE,aug_rep,E:\甲劈微循环\data\血管数据集\分类数据集\image\301_0.jpg,locked,,,recovered_archive3/247,CAPorg6.jpg,1814.09,1826.96,1826.96,0.993,0.993,,0,0
unmapped,302,UNMAPPED_LOCAL_SOURCE,aug_rep,E:\甲劈微循环\data\血管数据集\分类数据集\image\302_0.jpg,locked,,,recovered_archive3/247,CAPorg6.jpg,1457.92,1540.05,1540.05,0.9467,0.9467,,0,0
unmapped,303,UNMAPPED_LOCAL_SOURCE,aug_rep,E:\甲劈微循环\data\血管数据集\分类数据集\image\303_0.jpg,locked,,,recovered_archive2/134,CAPorg2.jpg,1586.86,1658.97,1658.97,0.9565,0.9565,,0,0
unmapped,305,UNMAPPED_LOCAL_SOURCE,aug_rep,E:\甲劈微循环\data\血管数据集\分类数据集\image\305_0.jpg,locked,,,recovered_archive3/247,CAPorg6.jpg,1656.65,1686.7,1686.7,0.9822,0.9822,,0,0
unmapped,306,UNMAPPED_LOCAL_SOURCE,aug_rep,E:\甲劈微循环\data\血管数据集\分类数据集\image\306_0.jpg,locked,,,recovered_archive1/55,CAPorg2.jpg,1703.1,1847.41,1847.41,0.9219,0.9219,,0,0
unmapped,307,UNMAPPED_LOCAL_SOURCE,aug_rep,E:\甲劈微循环\data\血管数据集\分类数据集\image\307_0.jpg,locked,,,recovered_archive1/88,CAPorg5.jpg,1512.15,1768.87,1768.87,0.8549,0.8549,,0,0
unmapped,308,UNMAPPED_LOCAL_SOURCE,aug_rep,E:\甲劈微循环\data\血管数据集\分类数据集\image\308_0.jpg,locked,,,recovered_archive2/193,CAPorg9.jpg,1724.86,1888.82,2011.12,0.9132,0.8577,,0,0
unmapped,309,UNMAPPED_LOCAL_SOURCE,aug_rep,E:\甲劈微循环\data\血管数据集\分类数据集\image\309_0.jpg,locked,,,recovered_archive2/131,CAPorg3.jpg,1485.32,1557.49,1557.49,0.9537,0.9537,,0,0
unmapped,310,UNMAPPED_LOCAL_SOURCE,aug_rep,E:\甲劈微循环\data\血管数据集\分类数据集\image\310_0.jpg,locked,,,recovered_archive3/219,CAPorg11.jpg,1669.5,1725.2,1725.2,0.9677,0.9677,,0,0
unmapped,311,UNMAPPED_LOCAL_SOURCE,aug_rep,E:\甲劈微循环\data\血管数据集\分类数据集\image\311_0.jpg,locked,,,recovered_archive3/219,CAPorg3.jpg,2318.68,2385.47,2385.47,0.972,0.972,,0,0
unmapped,313,UNMAPPED_LOCAL_SOURCE,aug_rep,E:\甲劈微循环\data\血管数据集\分类数据集\image\313_0.jpg,locked,,,recovered_archive2/193,CAPorg7.jpg,1566.01,1737.24,1737.24,0.9014,0.9014,,0,0
unmapped,314,UNMAPPED_LOCAL_SOURCE,aug_rep,E:\甲劈微循环\data\血管数据集\分类数据集\image\314_0.jpg,locked,,,recovered_archive2/192,CAPorg2.jpg,1473.08,1734.09,1734.09,0.8495,0.8495,,0,0
unmapped,315,UNMAPPED_LOCAL_SOURCE,aug_rep,E:\甲劈微循环\data\血管数据集\分类数据集\image\315_0.jpg,locked,,,recovered_archive2/134,CAPorg5.jpg,1336.92,1347.5,1347.5,0.9922,0.9922,,0,0
unmapped,317,UNMAPPED_LOCAL_SOURCE,aug_rep,E:\甲劈微循环\data\血管数据集\分类数据集\image\317_0.jpg,locked,,,recovered_archive3/247,CAPorg6.jpg,1898.82,2035.7,2035.7,0.9328,0.9328,,0,0
unmapped,322,UNMAPPED_LOCAL_SOURCE,aug_rep,E:\甲劈微循环\data\血管数据集\分类数据集\image\322_0.jpg,locked,,,recovered_archive1/73,CAPorg9.jpg,1863.59,1941.32,1941.32,0.96,0.96,,0,0
unmapped,324,UNMAPPED_LOCAL_SOURCE,aug_rep,E:\甲劈微循环\data\血管数据集\分类数据集\image\324_0.jpg,locked,,,recovered_archive3/236,CAPorg1.jpg,2105.19,2197.91,2197.91,0.9578,0.9578,,0,0
unmapped,325,UNMAPPED_LOCAL_SOURCE,aug_rep,E:\甲劈微循环\data\血管数据集\分类数据集\image\325_0.jpg,locked,,,recovered_archive3/247,CAPorg6.jpg,1521.85,1651.7,1651.7,0.9214,0.9214,,0,0
unmapped,327,UNMAPPED_LOCAL_SOURCE,aug_rep,E:\甲劈微循环\data\血管数据集\分类数据集\image\327_0.jpg,locked,,,recovered_archive1/55,CAPorg2.jpg,2228.1,2250.14,2250.14,0.9902,0.9902,,0,0
unmapped,328,UNMAPPED_LOCAL_SOURCE,aug_rep,E:\甲劈微循环\data\血管数据集\分类数据集\image\328_0.jpg,locked,,,recovered_archive2/193,CAPorg7.jpg,1376.45,1519.59,1519.59,0.9058,0.9058,,0,0
unmapped,329,UNMAPPED_LOCAL_SOURCE,aug_rep,E:\甲劈微循环\data\血管数据集\分类数据集\image\329_0.jpg,locked,,,recovered_archive1/88,CAPorg5.jpg,1868.59,2036.17,2036.17,0.9177,0.9177,,0,0
unmapped,332,UNMAPPED_LOCAL_SOURCE,aug_rep,E:\甲劈微循环\data\血管数据集\分类数据集\image\332_0.jpg,locked,,,recovered_archive3/247,CAPorg6.jpg,1906.34,2034.7,2034.7,0.9369,0.9369,,0,0
unmapped,333,UNMAPPED_LOCAL_SOURCE,aug_rep,E:\甲劈微循环\data\血管数据集\分类数据集\image\333_0.jpg,locked,,,recovered_archive2/193,CAPorg9.jpg,1244.91,1330.74,1344.29,0.9355,0.9261,,0,0
unmapped,335,UNMAPPED_LOCAL_SOURCE,aug_rep,E:\甲劈微循环\data\血管数据集\分类数据集\image\335_0.jpg,locked,,,recovered_archive2/193,CAPorg9.jpg,1724.62,1806.5,1806.5,0.9547,0.9547,,0,0
unmapped,341,UNMAPPED_LOCAL_SOURCE,aug_rep,E:\甲劈微循环\data\血管数据集\分类数据集\image\341_0.jpg,locked,,,recovered_archive1/73,CAPorg9.jpg,2097.44,2328.66,2328.66,0.9007,0.9007,,0,0
unmapped,343,UNMAPPED_LOCAL_SOURCE,aug_rep,E:\甲劈微循环\data\血管数据集\分类数据集\image\343_0.jpg,locked,,,recovered_archive2/193,CAPorg11.jpg,1948.7,2289.46,2289.46,0.8512,0.8512,,0,0
unmapped,344,UNMAPPED_LOCAL_SOURCE,aug_rep,E:\甲劈微循环\data\血管数据集\分类数据集\image\344_0.jpg,locked,,,recovered_archive2/193,CAPorg9.jpg,1887.38,1908.74,1908.74,0.9888,0.9888,,0,0
unmapped,345,UNMAPPED_LOCAL_SOURCE,aug_rep,E:\甲劈微循环\data\血管数据集\分类数据集\image\345_0.jpg,locked,,,recovered_archive1/88,CAPorg5.jpg,1698.54,1838.49,1838.49,0.9239,0.9239,,0,0
unmapped,346,UNMAPPED_LOCAL_SOURCE,aug_rep,E:\甲劈微循环\data\血管数据集\分类数据集\image\346_0.jpg,locked,,,recovered_archive2/193,CAPorg5.jpg,2118.78,2148.29,2148.29,0.9863,0.9863,,0,0
unmapped,347,UNMAPPED_LOCAL_SOURCE,aug_rep,E:\甲劈微循环\data\血管数据集\分类数据集\image\347_0.jpg,locked,,,recovered_archive2/193,CAPorg7.jpg,2163.63,2232.43,2232.43,0.9692,0.9692,,0,0
unmapped,349,UNMAPPED_LOCAL_SOURCE,aug_rep,E:\甲劈微循环\data\血管数据集\分类数据集\image\349_0.jpg,locked,,,recovered_archive2/102,CAPorg7.jpg,1143.38,1155.19,1155.19,0.9898,0.9898,,0,0
unmapped,350,UNMAPPED_LOCAL_SOURCE,aug_rep,E:\甲劈微循环\data\血管数据集\分类数据集\image\350_0.jpg,locked,,,recovered_archive2/193,CAPorg5.jpg,1683.98,1762.13,1795.47,0.9557,0.9379,,0,0
unmapped,351,UNMAPPED_LOCAL_SOURCE,aug_rep,E:\甲劈微循环\data\血管数据集\分类数据集\image\351_0.jpg,locked,,,recovered_archive2/193,CAPorg5.jpg,1834.94,2062.98,2242.58,0.8895,0.8182,,0,0
unmapped,353,UNMAPPED_LOCAL_SOURCE,aug_rep,E:\甲劈微循环\data\血管数据集\分类数据集\image\353_0.jpg,locked,,,recovered_archive2/193,CAPorg9.jpg,1081.77,1125.52,1165.39,0.9611,0.9282,,0,0
unmapped,355,UNMAPPED_LOCAL_SOURCE,aug_rep,E:\甲劈微循环\data\血管数据集\分类数据集\image\355_0.jpg,locked,,,recovered_archive3/219,CAPorg11.jpg,1356.28,1513.0,1641.8,0.8964,0.8261,,0,0
unmapped,356,UNMAPPED_LOCAL_SOURCE,aug_rep,E:\甲劈微循环\data\血管数据集\分类数据集\image\356_0.jpg,locked,,,recovered_archive1/73,CAPorg7.jpg,1940.52,2028.36,2028.36,0.9567,0.9567,,0,0
unmapped,357,UNMAPPED_LOCAL_SOURCE,aug_rep,E:\甲劈微循环\data\血管数据集\分类数据集\image\357_0.jpg,locked,,,recovered_archive2/193,CAPorg6.jpg,1981.27,2090.01,2090.01,0.948,0.948,,0,0
unmapped,358,UNMAPPED_LOCAL_SOURCE,aug_rep,E:\甲劈微循环\data\血管数据集\分类数据集\image\358_0.jpg,locked,,,recovered_archive2/196,CAPorg6.jpg,1396.8,1441.34,1441.34,0.9691,0.9691,,0,0
unmapped,359,UNMAPPED_LOCAL_SOURCE,aug_rep,E:\甲劈微循环\data\血管数据集\分类数据集\image\359_0.jpg,locked,,,recovered_archive2/193,CAPorg6.jpg,1466.68,1509.85,1546.56,0.9714,0.9483,,0,0
unmapped,360,UNMAPPED_LOCAL_SOURCE,aug_rep,E:\甲劈微循环\data\血管数据集\分类数据集\image\360_0.jpg,locked,,,recovered_archive2/193,CAPorg9.jpg,1289.69,1392.05,1392.05,0.9265,0.9265,,0,0
unmapped,361,UNMAPPED_LOCAL_SOURCE,aug_rep,E:\甲劈微循环\data\血管数据集\分类数据集\image\361_0.jpg,locked,,,recovered_archive2/193,CAPorg9.jpg,1092.51,1304.28,1304.28,0.8376,0.8376,,0,0
unmapped,362,UNMAPPED_LOCAL_SOURCE,aug_rep,E:\甲劈微循环\data\血管数据集\分类数据集\image\362_0.jpg,locked,,,recovered_archive3/236,CAPorg1.jpg,2342.33,2349.29,2349.29,0.997,0.997,,0,0
unmapped,363,UNMAPPED_LOCAL_SOURCE,aug_rep,E:\甲劈微循环\data\血管数据集\分类数据集\image\363_0.jpg,locked,,,recovered_archive2/193,CAPorg9.jpg,1144.45,1167.53,1167.53,0.9802,0.9802,,0,0
unmapped,365,UNMAPPED_LOCAL_SOURCE,aug_rep,E:\甲劈微循环\data\血管数据集\分类数据集\image\365_0.jpg,locked,,,recovered_archive1/55,CAPorg2.jpg,1870.43,2057.96,2057.96,0.9089,0.9089,,0,0
unmapped,366,UNMAPPED_LOCAL_SOURCE,aug_rep,E:\甲劈微循环\data\血管数据集\分类数据集\image\366_0.jpg,locked,,,recovered_archive1/55,CAPorg2.jpg,1587.55,1850.75,1850.75,0.8578,0.8578,,0,0
unmapped,367,UNMAPPED_LOCAL_SOURCE,aug_rep,E:\甲劈微循环\data\血管数据集\分类数据集\image\367_0.jpg,locked,,,recovered_archive1/55,CAPorg2.jpg,1038.79,1637.97,1637.97,0.6342,0.6342,,1,1
unmapped,368,UNMAPPED_LOCAL_SOURCE,aug_rep,E:\甲劈微循环\data\血管数据集\分类数据集\image\368_0.jpg,locked,,,recovered_archive2/193,CAPorg6.jpg,2020.95,2085.14,2085.14,0.9692,0.9692,,0,0
unmapped,369,UNMAPPED_LOCAL_SOURCE,aug_rep,E:\甲劈微循环\data\血管数据集\分类数据集\image\369_0.jpg,locked,,,recovered_archive2/134,CAPorg5.jpg,1540.72,1625.63,1625.63,0.9478,0.9478,,0,0
unmapped,370,UNMAPPED_LOCAL_SOURCE,aug_rep,E:\甲劈微循环\data\血管数据集\分类数据集\image\370_0.jpg,locked,,,recovered_archive1/73,CAPorg9.jpg,1894.45,1998.48,1998.48,0.9479,0.9479,,0,0
unmapped,371,UNMAPPED_LOCAL_SOURCE,aug_rep,E:\甲劈微循环\data\血管数据集\分类数据集\image\371_0.jpg,locked,,,recovered_archive1/55,CAPorg2.jpg,1879.05,1896.43,1896.43,0.9908,0.9908,,0,0
unmapped,372,UNMAPPED_LOCAL_SOURCE,aug_rep,E:\甲劈微循环\data\血管数据集\分类数据集\image\372_0.jpg,locked,,,recovered_archive2/192,CAPorg2.jpg,1369.78,1595.08,1595.08,0.8588,0.8588,,0,0
unmapped,373,UNMAPPED_LOCAL_SOURCE,aug_rep,E:\甲劈微循环\data\血管数据集\分类数据集\image\373_0.jpg,locked,,,recovered_archive2/102,CAPorg5.jpg,1506.02,1517.07,1517.07,0.9927,0.9927,,0,0
unmapped,374,UNMAPPED_LOCAL_SOURCE,aug_rep,E:\甲劈微循环\data\血管数据集\分类数据集\image\374_0.jpg,locked,,,recovered_archive1/55,CAPorg2.jpg,1831.17,1976.88,1976.88,0.9263,0.9263,,0,0
unmapped,375,UNMAPPED_LOCAL_SOURCE,aug_rep,E:\甲劈微循环\data\血管数据集\分类数据集\image\375_0.jpg,locked,,,recovered_archive2/193,CAPorg9.jpg,1278.4,1471.98,1478.47,0.8685,0.8647,,0,0
unmapped,378,UNMAPPED_LOCAL_SOURCE,aug_rep,E:\甲劈微循环\data\血管数据集\分类数据集\image\378_0.jpg,locked,,,recovered_archive1/73,CAPorg9.jpg,2506.29,2565.12,2565.12,0.9771,0.9771,,0,0
unmapped,379,UNMAPPED_LOCAL_SOURCE,aug_rep,E:\甲劈微循环\data\血管数据集\分类数据集\image\379_0.jpg,locked,,,recovered_archive3/236,CAPorg1.jpg,1688.39,1703.01,1703.01,0.9914,0.9914,,0,0
unmapped,380,UNMAPPED_LOCAL_SOURCE,aug_rep,E:\甲劈微循环\data\血管数据集\分类数据集\image\380_0.jpg,locked,,,recovered_archive3/247,CAPorg6.jpg,1638.93,1819.79,1819.79,0.9006,0.9006,,0,0
unmapped,381,UNMAPPED_LOCAL_SOURCE,aug_rep,E:\甲劈微循环\data\血管数据集\分类数据集\image\381_0.jpg,locked,,,recovered_archive1/73,CAPorg7.jpg,2037.23,2093.82,2106.59,0.973,0.9671,,0,0
unmapped,382,UNMAPPED_LOCAL_SOURCE,aug_rep,E:\甲劈微循环\data\血管数据集\分类数据集\image\382_0.jpg,locked,,,recovered_archive3/236,CAPorg1.jpg,1792.71,1879.63,1879.63,0.9538,0.9538,,0,0
unmapped,384,UNMAPPED_LOCAL_SOURCE,aug_rep,E:\甲劈微循环\data\血管数据集\分类数据集\image\384_0.jpg,locked,,,recovered_archive2/193,CAPorg7.jpg,1663.28,1715.08,1808.76,0.9698,0.9196,,0,0
unmapped,390,UNMAPPED_LOCAL_SOURCE,aug_rep,E:\甲劈微循环\data\血管数据集\分类数据集\image\390_0.jpg,locked,,,recovered_archive3/236,CAPorg1.jpg,1930.35,1950.61,1950.61,0.9896,0.9896,,0,0
unmapped,391,UNMAPPED_LOCAL_SOURCE,aug_rep,E:\甲劈微循环\data\血管数据集\分类数据集\image\391_0.jpg,locked,,,recovered_archive2/193,CAPorg9.jpg,1742.91,1755.86,1922.75,0.9926,0.9065,,0,0
unmapped,392,UNMAPPED_LOCAL_SOURCE,aug_rep,E:\甲劈微循环\data\血管数据集\分类数据集\image\392_0.jpg,locked,,,recovered_archive1/55,CAPorg3.jpg,1905.36,1908.62,1908.62,0.9983,0.9983,,0,0
unmapped,393,UNMAPPED_LOCAL_SOURCE,aug_rep,E:\甲劈微循环\data\血管数据集\分类数据集\image\393_0.jpg,locked,,,recovered_archive1/73,CAPorg9.jpg,2102.58,2196.53,2313.6,0.9572,0.9088,,0,0
unmapped,394,UNMAPPED_LOCAL_SOURCE,aug_rep,E:\甲劈微循环\data\血管数据集\分类数据集\image\394_0.jpg,locked,,,recovered_archive1/73,CAPorg7.jpg,2152.34,2227.98,2227.98,0.966,0.966,,0,0
unmapped,395,UNMAPPED_LOCAL_SOURCE,aug_rep,E:\甲劈微循环\data\血管数据集\分类数据集\image\395_0.jpg,locked,,,recovered_archive3/236,CAPorg1.jpg,2028.51,2107.18,2107.18,0.9627,0.9627,,0,0
unmapped,396,UNMAPPED_LOCAL_SOURCE,aug_rep,E:\甲劈微循环\data\血管数据集\分类数据集\image\396_0.jpg,locked,,,recovered_archive2/193,CAPorg7.jpg,1831.08,1925.46,1934.87,0.951,0.9464,,0,0
unmapped,397,UNMAPPED_LOCAL_SOURCE,aug_rep,E:\甲劈微循环\data\血管数据集\分类数据集\image\397_0.jpg,locked,,,recovered_archive3/219,CAPorg3.jpg,1319.11,1363.4,1363.4,0.9675,0.9675,,0,0
unmapped,398,UNMAPPED_LOCAL_SOURCE,aug_rep,E:\甲劈微循环\data\血管数据集\分类数据集\image\398_0.jpg,locked,,,recovered_archive2/193,CAPorg5.jpg,1169.41,1255.03,1388.46,0.9318,0.8422,,0,0
unmapped,399,UNMAPPED_LOCAL_SOURCE,aug_rep,E:\甲劈微循环\data\血管数据集\分类数据集\image\399_0.jpg,locked,,,recovered_archive1/73,CAPorg9.jpg,2023.2,2066.26,2141.66,0.9792,0.9447,,0,0
unmapped,401,UNMAPPED_LOCAL_SOURCE,aug_rep,E:\甲劈微循环\data\血管数据集\分类数据集\image\401_0.jpg,locked,,,recovered_archive3/219,CAPorg4.jpg,1539.84,1539.87,1539.87,1.0,1.0,,0,0
unmapped,402,UNMAPPED_LOCAL_SOURCE,aug_rep,E:\甲劈微循环\data\血管数据集\分类数据集\image\402_0.jpg,locked,,,recovered_archive3/219,CAPorg11.jpg,1411.38,1885.13,2185.55,0.7487,0.6458,,1,1
unmapped,404,UNMAPPED_LOCAL_SOURCE,aug_rep,E:\甲劈微循环\data\血管数据集\分类数据集\image\404_0.jpg,locked,,,recovered_archive2/193,CAPorg11.jpg,1710.87,2009.75,2009.75,0.8513,0.8513,,0,0
unmapped,405,UNMAPPED_LOCAL_SOURCE,aug_rep,E:\甲劈微循环\data\血管数据集\分类数据集\image\405_0.jpg,locked,,,recovered_archive1/88,CAPorg5.jpg,1325.84,1538.71,1538.71,0.8617,0.8617,,0,0
unmapped,406,UNMAPPED_LOCAL_SOURCE,aug_rep,E:\甲劈微循环\data\血管数据集\分类数据集\image\406_0.jpg,locked,,,recovered_archive1/55,CAPorg5.jpg,1155.09,1401.8,1401.8,0.824,0.824,,0,0
unmapped,407,UNMAPPED_LOCAL_SOURCE,aug_rep,E:\甲劈微循环\data\血管数据集\分类数据集\image\407_0.jpg,locked,,,recovered_archive3/236,CAPorg1.jpg,2205.7,2225.42,2225.42,0.9911,0.9911,,0,0
unmapped,409,UNMAPPED_LOCAL_SOURCE,aug_rep,E:\甲劈微循环\data\血管数据集\分类数据集\image\409_0.jpg,locked,,,recovered_archive2/193,CAPorg9.jpg,1313.61,1737.89,1827.58,0.7559,0.7188,,1,1
unmapped,410,UNMAPPED_LOCAL_SOURCE,aug_rep,E:\甲劈微循环\data\血管数据集\分类数据集\image\410_0.jpg,locked,,,recovered_archive2/192,CAPorg2.jpg,1280.48,1856.28,1856.28,0.6898,0.6898,,1,1
unmapped,412,UNMAPPED_LOCAL_SOURCE,aug_rep,E:\甲劈微循环\data\血管数据集\分类数据集\image\412_0.jpg,locked,,,recovered_archive1/73,CAPorg7.jpg,2005.93,2387.61,2387.61,0.8401,0.8401,,0,0
unmapped,413,UNMAPPED_LOCAL_SOURCE,aug_rep,E:\甲劈微循环\data\血管数据集\分类数据集\image\413_0.jpg,locked,,,recovered_archive2/193,CAPorg5.jpg,1816.71,1935.96,2019.86,0.9384,0.8994,,0,0
unmapped,414,UNMAPPED_LOCAL_SOURCE,aug_rep,E:\甲劈微循环\data\血管数据集\分类数据集\image\414_0.jpg,locked,,,recovered_archive1/73,CAPorg9.jpg,1876.19,1947.43,1947.43,0.9634,0.9634,,0,0
unmapped,415,UNMAPPED_LOCAL_SOURCE,aug_rep,E:\甲劈微循环\data\血管数据集\分类数据集\image\415_0.jpg,locked,,,recovered_archive2/193,CAPorg7.jpg,1916.83,1941.34,2035.63,0.9874,0.9416,,0,0
unmapped,416,UNMAPPED_LOCAL_SOURCE,aug_rep,E:\甲劈微循环\data\血管数据集\分类数据集\image\416_0.jpg,locked,,,recovered_archive3/236,CAPorg1.jpg,1974.36,2036.51,2036.51,0.9695,0.9695,,0,0
unmapped,417,UNMAPPED_LOCAL_SOURCE,aug_rep,E:\甲劈微循环\data\血管数据集\分类数据集\image\417_0.jpg,locked,,,recovered_archive2/193,CAPorg6.jpg,1982.68,2026.65,2073.5,0.9783,0.9562,,0,0
unmapped,419,UNMAPPED_LOCAL_SOURCE,aug_rep,E:\甲劈微循环\data\血管数据集\分类数据集\image\419_0.jpg,locked,,,recovered_archive2/193,CAPorg6.jpg,1631.59,1744.28,1744.28,0.9354,0.9354,,0,0
unmapped,420,UNMAPPED_LOCAL_SOURCE,aug_rep,E:\甲劈微循环\data\血管数据集\分类数据集\image\420_0.jpg,locked,,,recovered_archive2/193,CAPorg7.jpg,1811.99,1893.15,1923.22,0.9571,0.9422,,0,0
unmapped,421,UNMAPPED_LOCAL_SOURCE,aug_rep,E:\甲劈微循环\data\血管数据集\分类数据集\image\421_0.jpg,locked,,,recovered_archive2/193,CAPorg5.jpg,1832.93,2212.6,2214.79,0.8284,0.8276,,0,0
unmapped,422,UNMAPPED_LOCAL_SOURCE,aug_rep,E:\甲劈微循环\data\血管数据集\分类数据集\image\422_0.jpg,locked,,,recovered_archive2/192,CAPorg2.jpg,1755.73,2020.91,2020.91,0.8688,0.8688,,0,0
unmapped,424,UNMAPPED_LOCAL_SOURCE,aug_rep,E:\甲劈微循环\data\血管数据集\分类数据集\image\424_0.jpg,locked,,,recovered_archive2/157,CAPorg9.jpg,1518.92,1684.33,1684.33,0.9018,0.9018,,0,0
unmapped,425,UNMAPPED_LOCAL_SOURCE,aug_rep,E:\甲劈微循环\data\血管数据集\分类数据集\image\425_0.jpg,locked,,,recovered_archive3/247,CAPorg6.jpg,1561.17,1581.77,1581.77,0.987,0.987,,0,0
unmapped,426,UNMAPPED_LOCAL_SOURCE,aug_rep,E:\甲劈微循环\data\血管数据集\分类数据集\image\426_0.jpg,locked,,,recovered_archive1/55,CAPorg2.jpg,1541.35,1553.22,1553.22,0.9924,0.9924,,0,0
unmapped,427,UNMAPPED_LOCAL_SOURCE,aug_rep,E:\甲劈微循环\data\血管数据集\分类数据集\image\427_0.jpg,locked,,,recovered_archive3/247,CAPorg6.jpg,1898.11,2058.89,2058.89,0.9219,0.9219,,0,0
unmapped,428,UNMAPPED_LOCAL_SOURCE,aug_rep,E:\甲劈微循环\data\血管数据集\分类数据集\image\428_0.jpg,locked,,,recovered_archive1/55,CAPorg3.jpg,2348.83,2365.68,2365.68,0.9929,0.9929,,0,0
unmapped,429,UNMAPPED_LOCAL_SOURCE,aug_rep,E:\甲劈微循环\data\血管数据集\分类数据集\image\429_0.jpg,locked,,,recovered_archive1/55,CAPorg3.jpg,2026.78,2049.53,2049.53,0.9889,0.9889,,0,0
unmapped,430,UNMAPPED_LOCAL_SOURCE,aug_rep,E:\甲劈微循环\data\血管数据集\分类数据集\image\430_0.jpg,locked,,,recovered_archive2/193,CAPorg9.jpg,1793.46,1799.27,1799.27,0.9968,0.9968,,0,0
unmapped,431,UNMAPPED_LOCAL_SOURCE,aug_rep,E:\甲劈微循环\data\血管数据集\分类数据集\image\431_0.jpg,locked,,,recovered_archive2/193,CAPorg9.jpg,2425.95,2473.85,2508.8,0.9806,0.967,,0,0
unmapped,432,UNMAPPED_LOCAL_SOURCE,aug_rep,E:\甲劈微循环\data\血管数据集\分类数据集\image\432_0.jpg,locked,,,recovered_archive2/193,CAPorg5.jpg,2203.81,2291.43,2341.0,0.9618,0.9414,,0,0
unmapped,433,UNMAPPED_LOCAL_SOURCE,aug_rep,E:\甲劈微循环\data\血管数据集\分类数据集\image\433_0.jpg,locked,,,recovered_archive3/219,CAPorg3.jpg,1990.68,2021.54,2021.54,0.9847,0.9847,,0,0
unmapped,434,UNMAPPED_LOCAL_SOURCE,aug_rep,E:\甲劈微循环\data\血管数据集\分类数据集\image\434_0.jpg,locked,,,recovered_archive3/236,CAPorg1.jpg,1864.73,1914.97,1914.97,0.9738,0.9738,,0,0
unmapped,435,UNMAPPED_LOCAL_SOURCE,aug_rep,E:\甲劈微循环\data\血管数据集\分类数据集\image\435_0.jpg,locked,,,recovered_archive3/236,CAPorg1.jpg,1879.81,1966.49,1966.49,0.9559,0.9559,,0,0
unmapped,436,UNMAPPED_LOCAL_SOURCE,aug_rep,E:\甲劈微循环\data\血管数据集\分类数据集\image\436_0.jpg,locked,,,recovered_archive2/134,CAPorg3.jpg,1801.74,1834.33,1834.33,0.9822,0.9822,,0,0
unmapped,437,UNMAPPED_LOCAL_SOURCE,aug_rep,E:\甲劈微循环\data\血管数据集\分类数据集\image\437_0.jpg,locked,,,recovered_archive2/193,CAPorg5.jpg,2147.51,2198.38,2272.83,0.9769,0.9449,,0,0
unmapped,438,UNMAPPED_LOCAL_SOURCE,aug_rep,E:\甲劈微循环\data\血管数据集\分类数据集\image\438_0.jpg,locked,,,recovered_archive2/131,CAPorg7.jpg,2194.84,2230.93,2230.93,0.9838,0.9838,,0,0
unmapped,439,UNMAPPED_LOCAL_SOURCE,aug_rep,E:\甲劈微循环\data\血管数据集\分类数据集\image\439_0.jpg,locked,,,recovered_archive2/193,CAPorg5.jpg,1700.23,1779.87,1854.35,0.9553,0.9169,,0,0
unmapped,440,UNMAPPED_LOCAL_SOURCE,aug_rep,E:\甲劈微循环\data\血管数据集\分类数据集\image\440_0.jpg,locked,,,recovered_archive3/247,CAPorg6.jpg,1866.03,1970.54,1970.54,0.947,0.947,,0,0
unmapped,441,UNMAPPED_LOCAL_SOURCE,aug_rep,E:\甲劈微循环\data\血管数据集\分类数据集\image\441_0.jpg,locked,,,recovered_archive1/73,CAPorg9.jpg,1565.13,1684.86,1684.86,0.9289,0.9289,,0,0
unmapped,442,UNMAPPED_LOCAL_SOURCE,aug_rep,E:\甲劈微循环\data\血管数据集\分类数据集\image\442_0.jpg,locked,,,recovered_archive2/193,CAPorg9.jpg,1676.25,1794.24,1883.64,0.9342,0.8899,,0,0
unmapped,443,UNMAPPED_LOCAL_SOURCE,aug_rep,E:\甲劈微循环\data\血管数据集\分类数据集\image\443_0.jpg,locked,,,recovered_archive2/193,CAPorg5.jpg,2338.77,2417.01,2496.55,0.9676,0.9368,,0,0
unmapped,444,UNMAPPED_LOCAL_SOURCE,aug_rep,E:\甲劈微循环\data\血管数据集\分类数据集\image\444_0.jpg,locked,,,recovered_archive3/219,CAPorg11.jpg,1268.06,1641.3,1861.12,0.7726,0.6813,,1,1
unmapped,445,UNMAPPED_LOCAL_SOURCE,aug_rep,E:\甲劈微循环\data\血管数据集\分类数据集\image\445_0.jpg,locked,,,recovered_archive2/193,CAPorg9.jpg,1633.37,1670.72,1995.1,0.9776,0.8187,,0,0
unmapped,446,UNMAPPED_LOCAL_SOURCE,aug_rep,E:\甲劈微循环\data\血管数据集\分类数据集\image\446_0.jpg,locked,,,recovered_archive2/193,CAPorg5.jpg,2086.14,2086.81,2245.1,0.9997,0.9292,,0,0
unmapped,447,UNMAPPED_LOCAL_SOURCE,aug_rep,E:\甲劈微循环\data\血管数据集\分类数据集\image\447_0.jpg,locked,,,recovered_archive1/55,CAPorg5.jpg,1468.95,1504.27,1504.27,0.9765,0.9765,,0,0
unmapped,448,UNMAPPED_LOCAL_SOURCE,aug_rep,E:\甲劈微循环\data\血管数据集\分类数据集\image\448_0.jpg,locked,,,recovered_archive1/55,CAPorg2.jpg,2145.83,2317.18,2317.18,0.9261,0.9261,,0,0
unmapped,449,UNMAPPED_LOCAL_SOURCE,aug_rep,E:\甲劈微循环\data\血管数据集\分类数据集\image\449_0.jpg,locked,,,recovered_archive2/131,CAPorg8.jpg,1923.52,1998.95,1998.95,0.9623,0.9623,,0,0
unmapped,450,UNMAPPED_LOCAL_SOURCE,aug_rep,E:\甲劈微循环\data\血管数据集\分类数据集\image\450_0.jpg,locked,,,recovered_archive2/134,CAPorg3.jpg,2341.54,2353.1,2369.43,0.9951,0.9882,,0,0
unmapped,451,UNMAPPED_LOCAL_SOURCE,aug_rep,E:\甲劈微循环\data\血管数据集\分类数据集\image\451_0.jpg,locked,,,recovered_archive1/73,CAPorg7.jpg,2806.93,2862.89,2862.89,0.9805,0.9805,,0,0
unmapped,452,UNMAPPED_LOCAL_SOURCE,aug_rep,E:\甲劈微循环\data\血管数据集\分类数据集\image\452_0.jpg,locked,,,recovered_archive2/193,CAPorg6.jpg,1457.67,1530.84,1530.84,0.9522,0.9522,,0,0
unmapped,453,UNMAPPED_LOCAL_SOURCE,aug_rep,E:\甲劈微循环\data\血管数据集\分类数据集\image\453_0.jpg,locked,,,recovered_archive2/102,CAPorg6.jpg,1478.2,1551.75,1551.75,0.9526,0.9526,,0,0
unmapped,454,UNMAPPED_LOCAL_SOURCE,aug_rep,E:\甲劈微循环\data\血管数据集\分类数据集\image\454_0.jpg,locked,,,recovered_archive3/255,CAPorg4.jpg,1435.77,1513.89,1513.89,0.9484,0.9484,,0,0
unmapped,455,UNMAPPED_LOCAL_SOURCE,aug_rep,E:\甲劈微循环\data\血管数据集\分类数据集\image\455_0.jpg,locked,,,recovered_archive3/247,CAPorg6.jpg,1250.83,1309.55,1309.55,0.9552,0.9552,,0,0
unmapped,456,UNMAPPED_LOCAL_SOURCE,aug_rep,E:\甲劈微循环\data\血管数据集\分类数据集\image\456_0.jpg,locked,,,recovered_archive1/73,CAPorg7.jpg,1965.73,2144.84,2144.84,0.9165,0.9165,,0,0
unmapped,457,UNMAPPED_LOCAL_SOURCE,aug_rep,E:\甲劈微循环\data\血管数据集\分类数据集\image\457_0.jpg,locked,,,recovered_archive1/55,CAPorg2.jpg,1329.07,1973.38,1973.38,0.6735,0.6735,,1,1
unmapped,458,UNMAPPED_LOCAL_SOURCE,aug_rep,E:\甲劈微循环\data\血管数据集\分类数据集\image\458_0.jpg,locked,,,recovered_archive2/193,CAPorg7.jpg,1390.35,1560.27,1560.27,0.8911,0.8911,,0,0
unmapped,459,UNMAPPED_LOCAL_SOURCE,aug_rep,E:\甲劈微循环\data\血管数据集\分类数据集\image\459_0.jpg,locked,,,recovered_archive3/247,CAPorg6.jpg,1693.46,1798.26,1798.26,0.9417,0.9417,,0,0
unmapped,460,UNMAPPED_LOCAL_SOURCE,aug_rep,E:\甲劈微循环\data\血管数据集\分类数据集\image\460_0.jpg,locked,,,recovered_archive2/131,CAPorg8.jpg,1358.42,1565.28,1565.28,0.8678,0.8678,,0,0
unmapped,461,UNMAPPED_LOCAL_SOURCE,aug_rep,E:\甲劈微循环\data\血管数据集\分类数据集\image\461_0.jpg,locked,,,recovered_archive2/193,CAPorg9.jpg,1749.18,1844.2,2035.06,0.9485,0.8595,,0,0
unmapped,462,UNMAPPED_LOCAL_SOURCE,aug_rep,E:\甲劈微循环\data\血管数据集\分类数据集\image\462_0.jpg,locked,,,recovered_archive3/236,CAPorg1.jpg,1998.94,2000.24,2000.24,0.9994,0.9994,,0,0
unmapped,463,UNMAPPED_LOCAL_SOURCE,aug_rep,E:\甲劈微循环\data\血管数据集\分类数据集\image\463_0.jpg,locked,,,recovered_archive3/247,CAPorg6.jpg,1565.86,1725.0,1725.0,0.9077,0.9077,,0,0
unmapped,464,UNMAPPED_LOCAL_SOURCE,aug_rep,E:\甲劈微循环\data\血管数据集\分类数据集\image\464_0.jpg,locked,,,recovered_archive2/193,CAPorg11.jpg,1763.64,1899.49,1899.49,0.9285,0.9285,,0,0
unmapped,465,UNMAPPED_LOCAL_SOURCE,aug_rep,E:\甲劈微循环\data\血管数据集\分类数据集\image\465_0.jpg,locked,,,recovered_archive1/55,CAPorg2.jpg,1718.73,1789.6,1789.6,0.9604,0.9604,,0,0
unmapped,466,UNMAPPED_LOCAL_SOURCE,aug_rep,E:\甲劈微循环\data\血管数据集\分类数据集\image\466_0.jpg,locked,,,recovered_archive1/88,CAPorg5.jpg,1816.59,1913.68,1913.68,0.9493,0.9493,,0,0
unmapped,467,UNMAPPED_LOCAL_SOURCE,aug_rep,E:\甲劈微循环\data\血管数据集\分类数据集\image\467_0.jpg,locked,,,recovered_archive2/192,CAPorg2.jpg,1360.22,1581.36,1581.36,0.8602,0.8602,,0,0
unmapped,468,UNMAPPED_LOCAL_SOURCE,aug_rep,E:\甲劈微循环\data\血管数据集\分类数据集\image\468_0.jpg,locked,,,recovered_archive1/55,CAPorg2.jpg,2834.21,2862.16,2862.16,0.9902,0.9902,,0,0
unmapped,469,UNMAPPED_LOCAL_SOURCE,aug_rep,E:\甲劈微循环\data\血管数据集\分类数据集\image\469_0.jpg,locked,,,recovered_archive2/192,CAPorg2.jpg,1805.74,1890.51,1890.51,0.9552,0.9552,,0,0
unmapped,470,UNMAPPED_LOCAL_SOURCE,aug_rep,E:\甲劈微循环\data\血管数据集\分类数据集\image\470_0.jpg,locked,,,recovered_archive2/193,CAPorg9.jpg,1310.25,1478.51,1478.51,0.8862,0.8862,,0,0
unmapped,471,UNMAPPED_LOCAL_SOURCE,aug_rep,E:\甲劈微循环\data\血管数据集\分类数据集\image\471_0.jpg,locked,,,recovered_archive2/192,CAPorg2.jpg,1196.57,1518.82,1518.82,0.7878,0.7878,,1,1
unmapped,472,UNMAPPED_LOCAL_SOURCE,aug_rep,E:\甲劈微循环\data\血管数据集\分类数据集\image\472_0.jpg,locked,,,recovered_archive3/219,CAPorg3.jpg,1104.93,1386.34,1723.83,0.797,0.641,,1,1
unmapped,473,UNMAPPED_LOCAL_SOURCE,aug_rep,E:\甲劈微循环\data\血管数据集\分类数据集\image\473_0.jpg,locked,,,recovered_archive1/55,CAPorg3.jpg,2075.27,2081.35,2081.35,0.9971,0.9971,,0,0
unmapped,474,UNMAPPED_LOCAL_SOURCE,aug_rep,E:\甲劈微循环\data\血管数据集\分类数据集\image\474_0.jpg,locked,,,recovered_archive2/134,CAPorg1.jpg,1352.57,1529.91,1529.91,0.8841,0.8841,,0,0
unmapped,475,UNMAPPED_LOCAL_SOURCE,aug_rep,E:\甲劈微循环\data\血管数据集\分类数据集\image\475_0.jpg,locked,,,recovered_archive1/73,CAPorg9.jpg,2158.21,2183.86,2183.86,0.9883,0.9883,,0,0
unmapped,476,UNMAPPED_LOCAL_SOURCE,aug_rep,E:\甲劈微循环\data\血管数据集\分类数据集\image\476_0.jpg,locked,,,recovered_archive3/219,CAPorg5.jpg,1449.9,1489.74,1652.81,0.9733,0.8772,,0,0
unmapped,477,UNMAPPED_LOCAL_SOURCE,aug_rep,E:\甲劈微循环\data\血管数据集\分类数据集\image\477_0.jpg,locked,,,recovered_archive3/219,CAPorg4.jpg,1485.6,1517.16,1661.77,0.9792,0.894,,0,0
unmapped,478,UNMAPPED_LOCAL_SOURCE,aug_rep,E:\甲劈微循环\data\血管数据集\分类数据集\image\478_0.jpg,locked,,,recovered_archive3/219,CAPorg3.jpg,1773.27,1871.44,1871.44,0.9475,0.9475,,0,0
unmapped,479,UNMAPPED_LOCAL_SOURCE,aug_rep,E:\甲劈微循环\data\血管数据集\分类数据集\image\479_0.jpg,locked,,,recovered_archive2/134,CAPorg5.jpg,2189.0,2243.77,2243.77,0.9756,0.9756,,0,0
unmapped,480,UNMAPPED_LOCAL_SOURCE,aug_rep,E:\甲劈微循环\data\血管数据集\分类数据集\image\480_0.jpg,locked,,,recovered_archive3/236,CAPorg1.jpg,2256.44,2261.42,2261.42,0.9978,0.9978,,0,0
unmapped,481,UNMAPPED_LOCAL_SOURCE,aug_rep,E:\甲劈微循环\data\血管数据集\分类数据集\image\481_0.jpg,locked,,,recovered_archive2/131,CAPorg3.jpg,2192.16,2273.92,2273.92,0.964,0.964,,0,0
unmapped,482,UNMAPPED_LOCAL_SOURCE,aug_rep,E:\甲劈微循环\data\血管数据集\分类数据集\image\482_0.jpg,locked,,,recovered_archive2/193,CAPorg5.jpg,2039.63,2080.09,2080.09,0.9805,0.9805,,0,0
unmapped,483,UNMAPPED_LOCAL_SOURCE,aug_rep,E:\甲劈微循环\data\血管数据集\分类数据集\image\483_0.jpg,locked,,,recovered_archive2/193,CAPorg9.jpg,1826.98,1925.61,1927.02,0.9488,0.9481,,0,0
unmapped,484,UNMAPPED_LOCAL_SOURCE,aug_rep,E:\甲劈微循环\data\血管数据集\分类数据集\image\484_0.jpg,locked,,,recovered_archive3/247,CAPorg6.jpg,2173.54,2287.68,2287.68,0.9501,0.9501,,0,0
unmapped,485,UNMAPPED_LOCAL_SOURCE,aug_rep,E:\甲劈微循环\data\血管数据集\分类数据集\image\485_0.jpg,locked,,,recovered_archive1/73,CAPorg9.jpg,2188.89,2198.66,2198.66,0.9956,0.9956,,0,0
unmapped,486,UNMAPPED_LOCAL_SOURCE,aug_rep,E:\甲劈微循环\data\血管数据集\分类数据集\image\486_0.jpg,locked,,,recovered_archive2/193,CAPorg9.jpg,1899.61,2001.42,2001.42,0.9491,0.9491,,0,0
unmapped,487,UNMAPPED_LOCAL_SOURCE,aug_rep,E:\甲劈微循环\data\血管数据集\分类数据集\image\487_0.jpg,locked,,,recovered_archive2/102,CAPorg7.jpg,1250.44,1376.81,1376.81,0.9082,0.9082,,0,0
unmapped,488,UNMAPPED_LOCAL_SOURCE,aug_rep,E:\甲劈微循环\data\血管数据集\分类数据集\image\488_0.jpg,locked,,,recovered_archive1/55,CAPorg5.jpg,1825.55,1832.94,1832.94,0.996,0.996,,0,0
unmapped,489,UNMAPPED_LOCAL_SOURCE,aug_rep,E:\甲劈微循环\data\血管数据集\分类数据集\image\489_0.jpg,locked,,,recovered_archive3/219,CAPorg3.jpg,1517.48,1597.02,2048.17,0.9502,0.7409,,0,1
unmapped,490,UNMAPPED_LOCAL_SOURCE,aug_rep,E:\甲劈微循环\data\血管数据集\分类数据集\image\490_0.jpg,locked,,,recovered_archive2/193,CAPorg7.jpg,1915.84,1953.78,2004.45,0.9806,0.9558,,0,0
unmapped,491,UNMAPPED_LOCAL_SOURCE,aug_rep,E:\甲劈微循环\data\血管数据集\分类数据集\image\491_0.jpg,locked,,,recovered_archive3/247,CAPorg6.jpg,1519.11,1650.24,1650.24,0.9205,0.9205,,0,0
unmapped,492,UNMAPPED_LOCAL_SOURCE,aug_rep,E:\甲劈微循环\data\血管数据集\分类数据集\image\492_0.jpg,locked,,,recovered_archive2/193,CAPorg11.jpg,1514.75,1757.57,1757.57,0.8618,0.8618,,0,0
unmapped,493,UNMAPPED_LOCAL_SOURCE,aug_rep,E:\甲劈微循环\data\血管数据集\分类数据集\image\493_0.jpg,locked,,,recovered_archive3/247,CAPorg6.jpg,1568.62,1896.22,1896.22,0.8272,0.8272,,0,0
unmapped,494,UNMAPPED_LOCAL_SOURCE,aug_rep,E:\甲劈微循环\data\血管数据集\分类数据集\image\494_0.jpg,locked,,,recovered_archive2/192,CAPorg1.jpg,2148.8,2240.49,2240.49,0.9591,0.9591,,0,0
unmapped,495,UNMAPPED_LOCAL_SOURCE,aug_rep,E:\甲劈微循环\data\血管数据集\分类数据集\image\495_0.jpg,locked,,,recovered_archive1/55,CAPorg5.jpg,1645.74,1809.72,1813.96,0.9094,0.9073,,0,0
unmapped,497,UNMAPPED_LOCAL_SOURCE,aug_rep,E:\甲劈微循环\data\血管数据集\分类数据集\image\497_0.jpg,locked,,,recovered_archive3/219,CAPorg3.jpg,1382.07,1564.61,2012.59,0.8833,0.6867,,0,1
unmapped,499,UNMAPPED_LOCAL_SOURCE,aug_rep,E:\甲劈微循环\data\血管数据集\分类数据集\image\499_0.jpg,locked,,,recovered_archive3/219,CAPorg4.jpg,1459.4,1499.54,1537.98,0.9732,0.9489,,0,0
unmapped,500,UNMAPPED_LOCAL_SOURCE,aug_rep,E:\甲劈微循环\data\血管数据集\分类数据集\image\500_0.jpg,locked,,,recovered_archive2/193,CAPorg9.jpg,1696.43,1779.92,1961.59,0.9531,0.8648,,0,0
unmapped,501,UNMAPPED_LOCAL_SOURCE,aug_rep,E:\甲劈微循环\data\血管数据集\分类数据集\image\501_0.jpg,locked,,,recovered_archive2/192,CAPorg2.jpg,1705.45,1946.82,1946.82,0.876,0.876,,0,0
unmapped,504,UNMAPPED_LOCAL_SOURCE,aug_rep,E:\甲劈微循环\data\血管数据集\分类数据集\image\504_0.jpg,locked,,,recovered_archive2/196,CAPorg9.jpg,1725.44,1789.19,1789.19,0.9644,0.9644,,0,0
unmapped,506,UNMAPPED_LOCAL_SOURCE,aug_rep,E:\甲劈微循环\data\血管数据集\分类数据集\image\506_0.jpg,locked,,,recovered_archive2/193,CAPorg9.jpg,2120.65,2306.63,2306.63,0.9194,0.9194,,0,0
unmapped,508,UNMAPPED_LOCAL_SOURCE,aug_rep,E:\甲劈微循环\data\血管数据集\分类数据集\image\508_0.jpg,locked,,,recovered_archive2/196,CAPorg9.jpg,1849.53,1929.39,1929.39,0.9586,0.9586,,0,0
unmapped,510,UNMAPPED_LOCAL_SOURCE,aug_rep,E:\甲劈微循环\data\血管数据集\分类数据集\image\510_0.jpg,locked,,,recovered_archive2/192,CAPorg2.jpg,1287.7,1841.2,1841.2,0.6994,0.6994,,1,1
unmapped,512,UNMAPPED_LOCAL_SOURCE,aug_rep,E:\甲劈微循环\data\血管数据集\分类数据集\image\512_0.jpg,locked,,,recovered_archive2/193,CAPorg7.jpg,1759.42,1842.73,1842.73,0.9548,0.9548,,0,0
unmapped,514,UNMAPPED_LOCAL_SOURCE,aug_rep,E:\甲劈微循环\data\血管数据集\分类数据集\image\514_0.jpg,locked,,,recovered_archive1/88,CAPorg5.jpg,978.87,1023.02,1023.02,0.9568,0.9568,,0,0
unmapped,516,UNMAPPED_LOCAL_SOURCE,aug_rep,E:\甲劈微循环\data\血管数据集\分类数据集\image\516_0.jpg,locked,,,recovered_archive2/153,CAPorg2.jpg,1273.84,1411.14,1411.14,0.9027,0.9027,,0,0
unmapped,520,UNMAPPED_LOCAL_SOURCE,aug_rep,E:\甲劈微循环\data\血管数据集\分类数据集\image\520_0.jpg,locked,,,recovered_archive2/193,CAPorg9.jpg,1858.56,2230.88,2230.88,0.8331,0.8331,,0,0
unmapped,521,UNMAPPED_LOCAL_SOURCE,aug_rep,E:\甲劈微循环\data\血管数据集\分类数据集\image\521_0.jpg,locked,,,recovered_archive2/157,CAPorg9.jpg,1353.97,1391.21,1391.21,0.9732,0.9732,,0,0
unmapped,524,UNMAPPED_LOCAL_SOURCE,aug_rep,E:\甲劈微循环\data\血管数据集\分类数据集\image\524_0.jpg,locked,,,recovered_archive2/102,CAPorg7.jpg,2009.4,2021.3,2021.3,0.9941,0.9941,,0,0
unmapped,525,UNMAPPED_LOCAL_SOURCE,aug_rep,E:\甲劈微循环\data\血管数据集\分类数据集\image\525_0.jpg,locked,,,recovered_archive2/193,CAPorg5.jpg,1574.2,1671.63,1671.63,0.9417,0.9417,,0,0
unmapped,526,UNMAPPED_LOCAL_SOURCE,aug_rep,E:\甲劈微循环\data\血管数据集\分类数据集\image\526_0.jpg,locked,,,recovered_archive3/219,CAPorg5.jpg,1218.49,1275.65,1350.4,0.9552,0.9023,,0,0
unmapped,528,UNMAPPED_LOCAL_SOURCE,aug_rep,E:\甲劈微循环\data\血管数据集\分类数据集\image\528_0.jpg,locked,,,recovered_archive1/55,CAPorg2.jpg,1607.62,1826.96,1826.96,0.8799,0.8799,,0,0
unmapped,529,UNMAPPED_LOCAL_SOURCE,aug_rep,E:\甲劈微循环\data\血管数据集\分类数据集\image\529_0.jpg,locked,,,recovered_archive2/193,CAPorg5.jpg,2124.8,2159.74,2159.74,0.9838,0.9838,,0,0
unmapped,531,UNMAPPED_LOCAL_SOURCE,aug_rep,E:\甲劈微循环\data\血管数据集\分类数据集\image\531_0.jpg,locked,,,recovered_archive3/247,CAPorg6.jpg,1786.26,1906.11,1906.11,0.9371,0.9371,,0,0
unmapped,532,UNMAPPED_LOCAL_SOURCE,aug_rep,E:\甲劈微循环\data\血管数据集\分类数据集\image\532_0.jpg,locked,,,recovered_archive1/55,CAPorg5.jpg,2279.08,2301.63,2351.81,0.9902,0.9691,,0,0
unmapped,533,UNMAPPED_LOCAL_SOURCE,aug_rep,E:\甲劈微循环\data\血管数据集\分类数据集\image\533_0.jpg,locked,,,recovered_archive2/193,CAPorg7.jpg,1719.86,1867.65,1964.86,0.9209,0.8753,,0,0
unmapped,534,UNMAPPED_LOCAL_SOURCE,aug_rep,E:\甲劈微循环\data\血管数据集\分类数据集\image\534_0.jpg,locked,,,recovered_archive3/219,CAPorg3.jpg,2446.2,2642.66,2642.66,0.9257,0.9257,,0,0
unmapped,536,UNMAPPED_LOCAL_SOURCE,aug_rep,E:\甲劈微循环\data\血管数据集\分类数据集\image\536_0.jpg,locked,,,recovered_archive1/55,CAPorg2.jpg,1899.72,2209.33,2209.33,0.8599,0.8599,,0,0
unmapped,537,UNMAPPED_LOCAL_SOURCE,aug_rep,E:\甲劈微循环\data\血管数据集\分类数据集\image\537_0.jpg,locked,,,recovered_archive2/196,CAPorg8.jpg,1835.65,1864.19,1864.19,0.9847,0.9847,,0,0
unmapped,538,UNMAPPED_LOCAL_SOURCE,aug_rep,E:\甲劈微循环\data\血管数据集\分类数据集\image\538_0.jpg,locked,,,recovered_archive2/193,CAPorg5.jpg,1544.53,1676.2,1951.1,0.9215,0.7916,,0,1
unmapped,539,UNMAPPED_LOCAL_SOURCE,aug_rep,E:\甲劈微循环\data\血管数据集\分类数据集\image\539_0.jpg,locked,,,recovered_archive2/187,CAPorg9.jpg,1772.87,1798.4,1798.4,0.9858,0.9858,,0,0
unmapped,540,UNMAPPED_LOCAL_SOURCE,aug_rep,E:\甲劈微循环\data\血管数据集\分类数据集\image\540_0.jpg,locked,,,recovered_archive2/193,CAPorg6.jpg,1644.75,1775.01,1812.75,0.9266,0.9073,,0,0
unmapped,541,UNMAPPED_LOCAL_SOURCE,aug_rep,E:\甲劈微循环\data\血管数据集\分类数据集\image\541_0.jpg,locked,,,recovered_archive2/134,CAPorg5.jpg,1961.59,2022.75,2022.75,0.9698,0.9698,,0,0
unmapped,542,UNMAPPED_LOCAL_SOURCE,aug_rep,E:\甲劈微循环\data\血管数据集\分类数据集\image\542_0.jpg,locked,,,recovered_archive3/247,CAPorg6.jpg,1796.84,1832.91,1832.91,0.9803,0.9803,,0,0
unmapped,544,UNMAPPED_LOCAL_SOURCE,aug_rep,E:\甲劈微循环\data\血管数据集\分类数据集\image\544_0.jpg,locked,,,recovered_archive2/192,CAPorg2.jpg,1231.76,1774.39,1774.39,0.6942,0.6942,,1,1
unmapped,545,UNMAPPED_LOCAL_SOURCE,aug_rep,E:\甲劈微循环\data\血管数据集\分类数据集\image\545_0.jpg,locked,,,recovered_archive2/192,CAPorg2.jpg,1389.42,2058.27,2058.27,0.675,0.675,,1,1
unmapped,546,UNMAPPED_LOCAL_SOURCE,aug_rep,E:\甲劈微循环\data\血管数据集\分类数据集\image\546_0.jpg,locked,,,recovered_archive3/219,CAPorg8.jpg,2046.45,2107.22,2107.22,0.9712,0.9712,,0,0
unmapped,547,UNMAPPED_LOCAL_SOURCE,aug_rep,E:\甲劈微循环\data\血管数据集\分类数据集\image\547_0.jpg,locked,,,recovered_archive1/55,CAPorg8.jpg,1521.87,1584.96,1584.96,0.9602,0.9602,,0,0
unmapped,549,UNMAPPED_LOCAL_SOURCE,aug_rep,E:\甲劈微循环\data\血管数据集\分类数据集\image\549_0.jpg,locked,,,recovered_archive2/193,CAPorg5.jpg,1877.32,2049.11,2049.11,0.9162,0.9162,,0,0
unmapped,550,UNMAPPED_LOCAL_SOURCE,aug_rep,E:\甲劈微循环\data\血管数据集\分类数据集\image\550_0.jpg,locked,,,recovered_archive2/157,CAPorg9.jpg,1562.21,1567.31,1567.31,0.9967,0.9967,,0,0
unmapped,552,UNMAPPED_LOCAL_SOURCE,aug_rep,E:\甲劈微循环\data\血管数据集\分类数据集\image\552_0.jpg,locked,,,recovered_archive2/154,CAPorg2.jpg,2103.3,2129.4,2129.4,0.9877,0.9877,,0,0
unmapped,553,UNMAPPED_LOCAL_SOURCE,aug_rep,E:\甲劈微循环\data\血管数据集\分类数据集\image\553_0.jpg,locked,,,recovered_archive2/193,CAPorg9.jpg,2095.98,2110.05,2329.37,0.9933,0.8998,,0,0
unmapped,554,UNMAPPED_LOCAL_SOURCE,aug_rep,E:\甲劈微循环\data\血管数据集\分类数据集\image\554_0.jpg,locked,,,recovered_archive1/55,CAPorg5.jpg,1723.69,1804.06,1993.08,0.9555,0.8648,,0,0
unmapped,555,UNMAPPED_LOCAL_SOURCE,aug_rep,E:\甲劈微循环\data\血管数据集\分类数据集\image\555_0.jpg,locked,,,recovered_archive3/219,CAPorg4.jpg,2244.54,2263.97,2337.76,0.9914,0.9601,,0,0
unmapped,558,UNMAPPED_LOCAL_SOURCE,aug_rep,E:\甲劈微循环\data\血管数据集\分类数据集\image\558_0.jpg,locked,,,recovered_archive2/143,CAPorg7.jpg,1371.57,1419.88,1419.88,0.966,0.966,,0,0
unmapped,559,UNMAPPED_LOCAL_SOURCE,aug_rep,E:\甲劈微循环\data\血管数据集\分类数据集\image\559_0.jpg,locked,,,recovered_archive2/193,CAPorg7.jpg,1800.33,2049.27,2049.27,0.8785,0.8785,,0,0
unmapped,560,UNMAPPED_LOCAL_SOURCE,aug_rep,E:\甲劈微循环\data\血管数据集\分类数据集\image\560_0.jpg,locked,,,recovered_archive1/88,CAPorg2.jpg,1371.31,1404.26,1404.26,0.9765,0.9765,,0,0
unmapped,562,UNMAPPED_LOCAL_SOURCE,aug_rep,E:\甲劈微循环\data\血管数据集\分类数据集\image\562_0.jpg,locked,,,recovered_archive2/193,CAPorg5.jpg,1589.64,1765.61,1901.03,0.9003,0.8362,,0,0
unmapped,563,UNMAPPED_LOCAL_SOURCE,aug_rep,E:\甲劈微循环\data\血管数据集\分类数据集\image\563_0.jpg,locked,,,recovered_archive2/193,CAPorg5.jpg,1900.87,1931.42,1931.42,0.9842,0.9842,,0,0
unmapped,564,UNMAPPED_LOCAL_SOURCE,aug_rep,E:\甲劈微循环\data\血管数据集\分类数据集\image\564_0.jpg,locked,,,recovered_archive2/193,CAPorg9.jpg,1856.93,1901.36,1901.36,0.9766,0.9766,,0,0
unmapped,565,UNMAPPED_LOCAL_SOURCE,aug_rep,E:\甲劈微循环\data\血管数据集\分类数据集\image\565_0.jpg,locked,,,recovered_archive2/102,CAPorg7.jpg,1679.6,1769.48,1769.48,0.9492,0.9492,,0,0
unmapped,566,UNMAPPED_LOCAL_SOURCE,aug_rep,E:\甲劈微循环\data\血管数据集\分类数据集\image\566_0.jpg,locked,,,recovered_archive2/193,CAPorg6.jpg,2349.66,2416.52,2416.52,0.9723,0.9723,,0,0
unmapped,567,UNMAPPED_LOCAL_SOURCE,aug_rep,E:\甲劈微循环\data\血管数据集\分类数据集\image\567_0.jpg,locked,,,recovered_archive3/219,CAPorg11.jpg,1730.03,1781.22,2275.45,0.9713,0.7603,,0,1
unmapped,568,UNMAPPED_LOCAL_SOURCE,aug_rep,E:\甲劈微循环\data\血管数据集\分类数据集\image\568_0.jpg,locked,,,recovered_archive2/193,CAPorg9.jpg,1201.29,1227.88,1291.88,0.9783,0.9299,,0,0
unmapped,569,UNMAPPED_LOCAL_SOURCE,aug_rep,E:\甲劈微循环\data\血管数据集\分类数据集\image\569_0.jpg,locked,,,recovered_archive2/157,CAPorg9.jpg,1526.38,1527.72,1527.72,0.9991,0.9991,,0,0
unmapped,570,UNMAPPED_LOCAL_SOURCE,aug_rep,E:\甲劈微循环\data\血管数据集\分类数据集\image\570_0.jpg,locked,,,recovered_archive2/192,CAPorg2.jpg,1717.98,1799.59,1799.59,0.9547,0.9547,,0,0
unmapped,571,UNMAPPED_LOCAL_SOURCE,aug_rep,E:\甲劈微循环\data\血管数据集\分类数据集\image\571_0.jpg,locked,,,recovered_archive2/154,CAPorg2.jpg,2728.54,2887.43,2887.43,0.945,0.945,,0,0
unmapped,572,UNMAPPED_LOCAL_SOURCE,aug_rep,E:\甲劈微循环\data\血管数据集\分类数据集\image\572_0.jpg,locked,,,recovered_archive2/193,CAPorg7.jpg,1945.77,1975.37,2000.19,0.985,0.9728,,0,0
unmapped,573,UNMAPPED_LOCAL_SOURCE,aug_rep,E:\甲劈微循环\data\血管数据集\分类数据集\image\573_0.jpg,locked,,,recovered_archive3/247,CAPorg6.jpg,1899.54,1905.48,1905.48,0.9969,0.9969,,0,0
unmapped,574,UNMAPPED_LOCAL_SOURCE,aug_rep,E:\甲劈微循环\data\血管数据集\分类数据集\image\574_0.jpg,locked,,,recovered_archive2/102,CAPorg7.jpg,1399.84,1400.13,1400.13,0.9998,0.9998,,0,0
unmapped,575,UNMAPPED_LOCAL_SOURCE,aug_rep,E:\甲劈微循环\data\血管数据集\分类数据集\image\575_0.jpg,locked,,,recovered_archive2/193,CAPorg5.jpg,2111.97,2180.93,2180.93,0.9684,0.9684,,0,0
unmapped,576,UNMAPPED_LOCAL_SOURCE,aug_rep,E:\甲劈微循环\data\血管数据集\分类数据集\image\576_0.jpg,locked,,,recovered_archive2/131,CAPorg3.jpg,1276.94,1446.84,1446.84,0.8826,0.8826,,0,0
unmapped,579,UNMAPPED_LOCAL_SOURCE,aug_rep,E:\甲劈微循环\data\血管数据集\分类数据集\image\579_0.jpg,locked,,,recovered_archive2/193,CAPorg11.jpg,1660.88,2009.18,2009.18,0.8266,0.8266,,0,0
unmapped,580,UNMAPPED_LOCAL_SOURCE,aug_rep,E:\甲劈微循环\data\血管数据集\分类数据集\image\580_0.jpg,locked,,,recovered_archive2/193,CAPorg5.jpg,2078.53,2078.95,2078.95,0.9998,0.9998,,0,0
unmapped,581,UNMAPPED_LOCAL_SOURCE,aug_rep,E:\甲劈微循环\data\血管数据集\分类数据集\image\581_0.jpg,locked,,,recovered_archive3/219,CAPorg11.jpg,1600.02,1926.39,2060.51,0.8306,0.7765,,0,1
unmapped,1,UNMAPPED_LOCAL_SOURCE,aug_rep_d8,E:\甲劈微循环\data\血管数据集\分类数据集\image\1_0.jpg,development,,,recovered_archive2/114,CAPorg1.jpg,1647.86,2098.22,2098.22,0.7854,0.7854,,1,1
unmapped,2,UNMAPPED_LOCAL_SOURCE,aug_rep_d8,E:\甲劈微循环\data\血管数据集\分类数据集\image\2_0.jpg,development,,,recovered_archive2/114,CAPorg1.jpg,1060.04,1596.21,1596.21,0.6641,0.6641,,1,1
unmapped,3,UNMAPPED_LOCAL_SOURCE,aug_rep_d8,E:\甲劈微循环\data\血管数据集\分类数据集\image\3_0.jpg,development,,,recovered_archive2/122,CAPorg11.jpg,843.21,863.61,863.61,0.9764,0.9764,,0,0
unmapped,4,UNMAPPED_LOCAL_SOURCE,aug_rep_d8,E:\甲劈微循环\data\血管数据集\分类数据集\image\4_0.jpg,development,,,recovered_archive3/231,CAPorg8.jpg,1196.82,1215.49,1365.32,0.9846,0.8766,,0,0
unmapped,5,UNMAPPED_LOCAL_SOURCE,aug_rep_d8,E:\甲劈微循环\data\血管数据集\分类数据集\image\5_0.jpg,development,,,recovered_archive2/109,CAPorg2.jpg,1785.62,1807.1,1807.1,0.9881,0.9881,,0,0
unmapped,6,UNMAPPED_LOCAL_SOURCE,aug_rep_d8,E:\甲劈微循环\data\血管数据集\分类数据集\image\6_0.jpg,development,,,recovered_archive2/114,CAPorg1.jpg,1231.96,1689.47,1689.47,0.7292,0.7292,,1,1
unmapped,7,UNMAPPED_LOCAL_SOURCE,aug_rep_d8,E:\甲劈微循环\data\血管数据集\分类数据集\image\7_0.jpg,development,,,recovered_archive2/114,CAPorg1.jpg,1369.67,1472.25,1472.25,0.9303,0.9303,,0,0
unmapped,8,UNMAPPED_LOCAL_SOURCE,aug_rep_d8,E:\甲劈微循环\data\血管数据集\分类数据集\image\8_0.jpg,development,,,recovered_archive1/90,CAPorg3.jpg,1219.72,1287.48,1287.48,0.9474,0.9474,,0,0
unmapped,9,UNMAPPED_LOCAL_SOURCE,aug_rep_d8,E:\甲劈微循环\data\血管数据集\分类数据集\image\9_0.jpg,development,,,recovered_archive3/254,CAPorg6.jpg,1037.94,1092.32,1092.32,0.9502,0.9502,,0,0
unmapped,10,UNMAPPED_LOCAL_SOURCE,aug_rep_d8,E:\甲劈微循环\data\血管数据集\分类数据集\image\10_0.jpg,development,,,recovered_archive2/114,CAPorg1.jpg,873.38,1167.93,1167.93,0.7478,0.7478,,1,1
unmapped,11,UNMAPPED_LOCAL_SOURCE,aug_rep_d8,E:\甲劈微循环\data\血管数据集\分类数据集\image\11_0.jpg,development,,,recovered_archive2/114,CAPorg1.jpg,1158.56,1964.1,1964.1,0.5899,0.5899,,1,1
unmapped,12,UNMAPPED_LOCAL_SOURCE,aug_rep_d8,E:\甲劈微循环\data\血管数据集\分类数据集\image\12_0.jpg,development,,,recovered_archive2/175,CAPorg5.jpg,1287.73,1560.16,1560.16,0.8254,0.8254,,0,0
unmapped,14,UNMAPPED_LOCAL_SOURCE,aug_rep_d8,E:\甲劈微循环\data\血管数据集\分类数据集\image\14_0.jpg,development,,,recovered_archive2/114,CAPorg1.jpg,1271.75,1482.57,1482.57,0.8578,0.8578,,0,0
unmapped,15,UNMAPPED_LOCAL_SOURCE,aug_rep_d8,E:\甲劈微循环\data\血管数据集\分类数据集\image\15_0.jpg,development,,,recovered_archive2/175,CAPorg5.jpg,1397.15,1415.3,1415.3,0.9872,0.9872,,0,0
unmapped,16,UNMAPPED_LOCAL_SOURCE,aug_rep_d8,E:\甲劈微循环\data\血管数据集\分类数据集\image\16_0.jpg,development,,,recovered_archive1/24,CAPorg1.jpg,1465.01,1531.24,1531.24,0.9567,0.9567,,0,0
unmapped,17,UNMAPPED_LOCAL_SOURCE,aug_rep_d8,E:\甲劈微循环\data\血管数据集\分类数据集\image\17_0.jpg,development,,,recovered_archive2/118,CAPorg15.jpg,1657.15,1737.8,1980.44,0.9536,0.8368,,0,0
unmapped,18,UNMAPPED_LOCAL_SOURCE,aug_rep_d8,E:\甲劈微循环\data\血管数据集\分类数据集\image\18_0.jpg,development,,,recovered_archive3/227,CAPorg3.jpg,1173.32,1669.96,1669.96,0.7026,0.7026,,1,1
unmapped,19,UNMAPPED_LOCAL_SOURCE,aug_rep_d8,E:\甲劈微循环\data\血管数据集\分类数据集\image\19_0.jpg,development,,,recovered_archive2/114,CAPorg1.jpg,1261.6,1790.52,1790.52,0.7046,0.7046,,1,1
unmapped,20,UNMAPPED_LOCAL_SOURCE,aug_rep_d8,E:\甲劈微循环\data\血管数据集\分类数据集\image\20_0.jpg,development,,,recovered_archive1/85,CAPorg7.jpg,1729.45,1764.3,1764.3,0.9803,0.9803,,0,0
unmapped,21,UNMAPPED_LOCAL_SOURCE,aug_rep_d8,E:\甲劈微循环\data\血管数据集\分类数据集\image\21_0.jpg,development,,,recovered_archive3/248,CAPorg2.jpg,1354.68,1433.64,1433.64,0.9449,0.9449,,0,0
unmapped,22,UNMAPPED_LOCAL_SOURCE,aug_rep_d8,E:\甲劈微循环\data\血管数据集\分类数据集\image\22_0.jpg,development,,,recovered_archive2/118,CAPorg7.jpg,1413.56,1720.47,1720.47,0.8216,0.8216,,0,0
unmapped,23,UNMAPPED_LOCAL_SOURCE,aug_rep_d8,E:\甲劈微循环\data\血管数据集\分类数据集\image\23_0.jpg,development,,,recovered_archive2/122,CAPorg12.jpg,1176.11,1204.87,1204.87,0.9761,0.9761,,0,0
unmapped,25,UNMAPPED_LOCAL_SOURCE,aug_rep_d8,E:\甲劈微循环\data\血管数据集\分类数据集\image\25_0.jpg,development,,,recovered_archive1/82,CAPorg1.jpg,1253.1,1371.76,1371.76,0.9135,0.9135,,0,0
unmapped,26,UNMAPPED_LOCAL_SOURCE,aug_rep_d8,E:\甲劈微循环\data\血管数据集\分类数据集\image\26_0.jpg,development,,,recovered_archive3/227,CAPorg3.jpg,1176.87,1442.2,1442.2,0.816,0.816,,0,0
unmapped,27,UNMAPPED_LOCAL_SOURCE,aug_rep_d8,E:\甲劈微循环\data\血管数据集\分类数据集\image\27_0.jpg,development,,,recovered_archive3/254,CAPorg5.jpg,882.86,1070.73,1070.73,0.8245,0.8245,,0,0
unmapped,28,UNMAPPED_LOCAL_SOURCE,aug_rep_d8,E:\甲劈微循环\data\血管数据集\分类数据集\image\28_0.jpg,development,,,recovered_archive2/175,CAPorg5.jpg,1351.56,1369.72,1369.72,0.9867,0.9867,,0,0
unmapped,29,UNMAPPED_LOCAL_SOURCE,aug_rep_d8,E:\甲劈微循环\data\血管数据集\分类数据集\image\29_0.jpg,development,,,recovered_archive3/212,CAPorg1.jpg,1590.48,1743.75,1758.61,0.9121,0.9044,,0,0
unmapped,30,UNMAPPED_LOCAL_SOURCE,aug_rep_d8,E:\甲劈微循环\data\血管数据集\分类数据集\image\30_0.jpg,development,,,recovered_archive2/114,CAPorg1.jpg,1344.72,2134.27,2134.27,0.6301,0.6301,,1,1
unmapped,31,UNMAPPED_LOCAL_SOURCE,aug_rep_d8,E:\甲劈微循环\data\血管数据集\分类数据集\image\31_0.jpg,development,,,recovered_archive2/114,CAPorg1.jpg,1075.4,1137.99,1137.99,0.945,0.945,,0,0
unmapped,32,UNMAPPED_LOCAL_SOURCE,aug_rep_d8,E:\甲劈微循环\data\血管数据集\分类数据集\image\32_0.jpg,development,,,recovered_archive3/229,CAPorg12.jpg,1298.73,1326.12,1326.12,0.9793,0.9793,,0,0
unmapped,33,UNMAPPED_LOCAL_SOURCE,aug_rep_d8,E:\甲劈微循环\data\血管数据集\分类数据集\image\33_0.jpg,development,,,recovered_archive2/118,CAPorg7.jpg,1152.43,1338.42,1338.42,0.861,0.861,,0,0
unmapped,34,UNMAPPED_LOCAL_SOURCE,aug_rep_d8,E:\甲劈微循环\data\血管数据集\分类数据集\image\34_0.jpg,development,,,recovered_archive3/267,CAPorg6.jpg,889.6,959.12,959.12,0.9275,0.9275,,0,0
unmapped,35,UNMAPPED_LOCAL_SOURCE,aug_rep_d8,E:\甲劈微循环\data\血管数据集\分类数据集\image\35_0.jpg,development,,,recovered_archive2/114,CAPorg1.jpg,1330.0,1632.5,1632.5,0.8147,0.8147,,0,0
unmapped,36,UNMAPPED_LOCAL_SOURCE,aug_rep_d8,E:\甲劈微循环\data\血管数据集\分类数据集\image\36_0.jpg,development,,,recovered_archive3/246,CAPorg2.jpg,1310.12,1549.28,1549.28,0.8456,0.8456,,0,0
unmapped,37,UNMAPPED_LOCAL_SOURCE,aug_rep_d8,E:\甲劈微循环\data\血管数据集\分类数据集\image\37_0.jpg,development,,,recovered_archive3/212,CAPorg1.jpg,2055.05,2267.39,2301.31,0.9064,0.893,,0,0
unmapped,38,UNMAPPED_LOCAL_SOURCE,aug_rep_d8,E:\甲劈微循环\data\血管数据集\分类数据集\image\38_0.jpg,development,,,recovered_archive2/155,CAPorg2.jpg,710.54,736.77,736.77,0.9644,0.9644,,0,0
unmapped,39,UNMAPPED_LOCAL_SOURCE,aug_rep_d8,E:\甲劈微循环\data\血管数据集\分类数据集\image\39_0.jpg,development,,,recovered_archive3/212,CAPorg1.jpg,1699.69,1757.38,1757.38,0.9672,0.9672,,0,0
unmapped,40,UNMAPPED_LOCAL_SOURCE,aug_rep_d8,E:\甲劈微循环\data\血管数据集\分类数据集\image\40_0.jpg,development,,,recovered_archive3/254,CAPorg6.jpg,1528.63,1621.85,1621.85,0.9425,0.9425,,0,0
unmapped,41,UNMAPPED_LOCAL_SOURCE,aug_rep_d8,E:\甲劈微循环\data\血管数据集\分类数据集\image\41_0.jpg,development,,,recovered_archive3/246,CAPorg2.jpg,943.95,1007.78,1007.78,0.9367,0.9367,,0,0
unmapped,42,UNMAPPED_LOCAL_SOURCE,aug_rep_d8,E:\甲劈微循环\data\血管数据集\分类数据集\image\42_0.jpg,development,,,recovered_archive2/118,CAPorg7.jpg,1155.14,1351.1,1351.1,0.855,0.855,,0,0
unmapped,43,UNMAPPED_LOCAL_SOURCE,aug_rep_d8,E:\甲劈微循环\data\血管数据集\分类数据集\image\43_0.jpg,development,,,recovered_archive2/114,CAPorg1.jpg,1314.05,1809.14,1809.14,0.7263,0.7263,,1,1
unmapped,44,UNMAPPED_LOCAL_SOURCE,aug_rep_d8,E:\甲劈微循环\data\血管数据集\分类数据集\image\44_0.jpg,development,,,recovered_archive3/261,CAPorg3.jpg,1096.43,1151.48,1151.48,0.9522,0.9522,,0,0
unmapped,45,UNMAPPED_LOCAL_SOURCE,aug_rep_d8,E:\甲劈微循环\data\血管数据集\分类数据集\image\45_0.jpg,development,,,recovered_archive1/90,CAPorg4.jpg,1378.44,1396.11,1480.06,0.9873,0.9313,,0,0
unmapped,46,UNMAPPED_LOCAL_SOURCE,aug_rep_d8,E:\甲劈微循环\data\血管数据集\分类数据集\image\46_0.jpg,development,,,recovered_archive3/212,CAPorg1.jpg,1264.34,1289.29,1289.29,0.9806,0.9806,,0,0
unmapped,50,UNMAPPED_LOCAL_SOURCE,aug_rep_d8,E:\甲劈微循环\data\血管数据集\分类数据集\image\50_0.jpg,development,,,recovered_archive3/227,CAPorg7.jpg,955.47,1111.35,1111.35,0.8597,0.8597,,0,0
unmapped,51,UNMAPPED_LOCAL_SOURCE,aug_rep_d8,E:\甲劈微循环\data\血管数据集\分类数据集\image\51_0.jpg,development,,,recovered_archive2/118,CAPorg7.jpg,1017.06,1163.5,1163.5,0.8741,0.8741,,0,0
unmapped,52,UNMAPPED_LOCAL_SOURCE,aug_rep_d8,E:\甲劈微循环\data\血管数据集\分类数据集\image\52_0.jpg,development,,,recovered_archive2/114,CAPorg1.jpg,1782.79,2304.0,2304.0,0.7738,0.7738,,1,1
unmapped,53,UNMAPPED_LOCAL_SOURCE,aug_rep_d8,E:\甲劈微循环\data\血管数据集\分类数据集\image\53_0.jpg,development,,,recovered_archive2/114,CAPorg1.jpg,1343.94,1582.74,1582.74,0.8491,0.8491,,0,0
unmapped,55,UNMAPPED_LOCAL_SOURCE,aug_rep_d8,E:\甲劈微循环\data\血管数据集\分类数据集\image\55_0.jpg,development,,,recovered_archive2/118,CAPorg7.jpg,1581.43,1650.46,1650.46,0.9582,0.9582,,0,0
unmapped,56,UNMAPPED_LOCAL_SOURCE,aug_rep_d8,E:\甲劈微循环\data\血管数据集\分类数据集\image\56_0.jpg,development,,,recovered_archive2/114,CAPorg1.jpg,1208.23,1417.49,1417.49,0.8524,0.8524,,0,0
unmapped,58,UNMAPPED_LOCAL_SOURCE,aug_rep_d8,E:\甲劈微循环\data\血管数据集\分类数据集\image\58_0.jpg,development,,,recovered_archive2/114,CAPorg1.jpg,1594.33,1674.36,1674.36,0.9522,0.9522,,0,0
unmapped,59,UNMAPPED_LOCAL_SOURCE,aug_rep_d8,E:\甲劈微循环\data\血管数据集\分类数据集\image\59_0.jpg,development,,,recovered_archive1/94,CAPorg10.jpg,1015.22,1069.46,1069.46,0.9493,0.9493,,0,0
unmapped,61,UNMAPPED_LOCAL_SOURCE,aug_rep_d8,E:\甲劈微循环\data\血管数据集\分类数据集\image\61_0.jpg,development,,,recovered_archive2/163,CAPorg1.jpg,2079.88,2270.44,2270.44,0.9161,0.9161,,0,0
unmapped,62,UNMAPPED_LOCAL_SOURCE,aug_rep_d8,E:\甲劈微循环\data\血管数据集\分类数据集\image\62_0.jpg,development,,,recovered_archive2/136,CAPorg12.jpg,1775.23,1903.83,1903.83,0.9325,0.9325,,0,0
unmapped,63,UNMAPPED_LOCAL_SOURCE,aug_rep_d8,E:\甲劈微循环\data\血管数据集\分类数据集\image\63_0.jpg,development,,,recovered_archive2/118,CAPorg7.jpg,1111.87,1303.08,1303.08,0.8533,0.8533,,0,0
unmapped,64,UNMAPPED_LOCAL_SOURCE,aug_rep_d8,E:\甲劈微循环\data\血管数据集\分类数据集\image\64_0.jpg,development,,,recovered_archive3/254,CAPorg5.jpg,1102.05,1365.56,1365.56,0.807,0.807,,0,0
unmapped,65,UNMAPPED_LOCAL_SOURCE,aug_rep_d8,E:\甲劈微循环\data\血管数据集\分类数据集\image\65_0.jpg,development,,,recovered_archive1/90,CAPorg4.jpg,1204.0,1210.62,1220.1,0.9945,0.9868,,0,0
unmapped,66,UNMAPPED_LOCAL_SOURCE,aug_rep_d8,E:\甲劈微循环\data\血管数据集\分类数据集\image\66_0.jpg,development,,,recovered_archive3/229,CAPorg12.jpg,1046.96,1050.84,1050.84,0.9963,0.9963,,0,0
unmapped,67,UNMAPPED_LOCAL_SOURCE,aug_rep_d8,E:\甲劈微循环\data\血管数据集\分类数据集\image\67_0.jpg,development,,,recovered_archive2/114,CAPorg1.jpg,1014.63,1422.02,1422.02,0.7135,0.7135,,1,1
unmapped,71,UNMAPPED_LOCAL_SOURCE,aug_rep_d8,E:\甲劈微循环\data\血管数据集\分类数据集\image\71_0.jpg,development,,,recovered_archive2/136,CAPorg12.jpg,1488.38,1798.33,1798.33,0.8276,0.8276,,0,0
unmapped,72,UNMAPPED_LOCAL_SOURCE,aug_rep_d8,E:\甲劈微循环\data\血管数据集\分类数据集\image\72_0.jpg,development,,,recovered_archive2/175,CAPorg5.jpg,1436.94,1514.57,1514.57,0.9487,0.9487,,0,0
unmapped,73,UNMAPPED_LOCAL_SOURCE,aug_rep_d8,E:\甲劈微循环\data\血管数据集\分类数据集\image\73_0.jpg,development,,,recovered_archive3/214,CAPorg6.jpg,2214.97,2304.0,2304.0,0.9614,0.9614,,0,0
unmapped,75,UNMAPPED_LOCAL_SOURCE,aug_rep_d8,E:\甲劈微循环\data\血管数据集\分类数据集\image\75_0.jpg,development,,,recovered_archive1/28,CAPorg7.jpg,1848.38,2098.48,2098.48,0.8808,0.8808,,0,0
unmapped,76,UNMAPPED_LOCAL_SOURCE,aug_rep_d8,E:\甲劈微循环\data\血管数据集\分类数据集\image\76_0.jpg,development,,,recovered_archive2/114,CAPorg1.jpg,1369.46,1399.88,1399.88,0.9783,0.9783,,0,0
unmapped,77,UNMAPPED_LOCAL_SOURCE,aug_rep_d8,E:\甲劈微循环\data\血管数据集\分类数据集\image\77_0.jpg,development,,,recovered_archive3/231,CAPorg8.jpg,1096.75,1282.28,1333.54,0.8553,0.8224,,0,0
unmapped,78,UNMAPPED_LOCAL_SOURCE,aug_rep_d8,E:\甲劈微循环\data\血管数据集\分类数据集\image\78_0.jpg,development,,,recovered_archive3/246,CAPorg2.jpg,1389.41,1499.92,1499.92,0.9263,0.9263,,0,0
unmapped,80,UNMAPPED_LOCAL_SOURCE,aug_rep_d8,E:\甲劈微循环\data\血管数据集\分类数据集\image\80_0.jpg,development,,,recovered_archive2/136,CAPorg12.jpg,1330.59,1424.59,1424.59,0.934,0.934,,0,0
unmapped,81,UNMAPPED_LOCAL_SOURCE,aug_rep_d8,E:\甲劈微循环\data\血管数据集\分类数据集\image\81_0.jpg,development,,,recovered_archive2/114,CAPorg1.jpg,1832.24,2304.0,2304.0,0.7952,0.7952,,1,1
unmapped,82,UNMAPPED_LOCAL_SOURCE,aug_rep_d8,E:\甲劈微循环\data\血管数据集\分类数据集\image\82_0.jpg,development,,,recovered_archive2/126,CAPorg6.jpg,973.37,1201.85,1201.85,0.8099,0.8099,,0,0
unmapped,83,UNMAPPED_LOCAL_SOURCE,aug_rep_d8,E:\甲劈微循环\data\血管数据集\分类数据集\image\83_0.jpg,development,,,recovered_archive1/61,CAPorg10.jpg,1259.77,1301.71,1301.71,0.9678,0.9678,,0,0
unmapped,84,UNMAPPED_LOCAL_SOURCE,aug_rep_d8,E:\甲劈微循环\data\血管数据集\分类数据集\image\84_0.jpg,development,,,recovered_archive3/212,CAPorg3.jpg,1163.35,1308.99,1332.09,0.8887,0.8733,,0,0
unmapped,89,UNMAPPED_LOCAL_SOURCE,aug_rep_d8,E:\甲劈微循环\data\血管数据集\分类数据集\image\89_0.jpg,development,,,recovered_archive2/175,CAPorg5.jpg,1349.99,1489.5,1489.5,0.9063,0.9063,,0,0
unmapped,90,UNMAPPED_LOCAL_SOURCE,aug_rep_d8,E:\甲劈微循环\data\血管数据集\分类数据集\image\90_0.jpg,development,,,recovered_archive3/212,CAPorg1.jpg,1311.87,1346.93,1362.47,0.974,0.9629,,0,0
unmapped,91,UNMAPPED_LOCAL_SOURCE,aug_rep_d8,E:\甲劈微循环\data\血管数据集\分类数据集\image\91_0.jpg,development,,,recovered_archive1/41,CAPorg16.jpg,1237.62,1339.16,1339.16,0.9242,0.9242,,0,0
unmapped,92,UNMAPPED_LOCAL_SOURCE,aug_rep_d8,E:\甲劈微循环\data\血管数据集\分类数据集\image\92_0.jpg,development,,,recovered_archive3/248,CAPorg2.jpg,1473.95,1591.06,1591.06,0.9264,0.9264,,0,0
unmapped,93,UNMAPPED_LOCAL_SOURCE,aug_rep_d8,E:\甲劈微循环\data\血管数据集\分类数据集\image\93_0.jpg,development,,,recovered_archive1/38,CAPorg7.jpg,1286.2,1318.02,1318.02,0.9759,0.9759,,0,0
unmapped,94,UNMAPPED_LOCAL_SOURCE,aug_rep_d8,E:\甲劈微循环\data\血管数据集\分类数据集\image\94_0.jpg,development,,,recovered_archive2/114,CAPorg1.jpg,1035.47,1408.03,1408.03,0.7354,0.7354,,1,1
unmapped,95,UNMAPPED_LOCAL_SOURCE,aug_rep_d8,E:\甲劈微循环\data\血管数据集\分类数据集\image\95_0.jpg,development,,,recovered_archive2/114,CAPorg1.jpg,1593.67,1861.66,1861.66,0.856,0.856,,0,0
unmapped,97,UNMAPPED_LOCAL_SOURCE,aug_rep_d8,E:\甲劈微循环\data\血管数据集\分类数据集\image\97_0.jpg,development,,,recovered_archive3/261,CAPorg3.jpg,1188.96,1243.25,1243.25,0.9563,0.9563,,0,0
unmapped,98,UNMAPPED_LOCAL_SOURCE,aug_rep_d8,E:\甲劈微循环\data\血管数据集\分类数据集\image\98_0.jpg,development,,,recovered_archive2/118,CAPorg15.jpg,1017.81,1115.72,1282.68,0.9122,0.7935,,0,1
unmapped,99,UNMAPPED_LOCAL_SOURCE,aug_rep_d8,E:\甲劈微循环\data\血管数据集\分类数据集\image\99_0.jpg,development,,,recovered_archive2/114,CAPorg1.jpg,1688.82,1887.15,1887.15,0.8949,0.8949,,0,0
unmapped,100,UNMAPPED_LOCAL_SOURCE,aug_rep_d8,E:\甲劈微循环\data\血管数据集\分类数据集\image\100_0.jpg,development,,,recovered_archive2/175,CAPorg5.jpg,885.66,893.46,893.46,0.9913,0.9913,,0,0
unmapped,101,UNMAPPED_LOCAL_SOURCE,aug_rep_d8,E:\甲劈微循环\data\血管数据集\分类数据集\image\101_0.jpg,development,,,recovered_archive3/261,CAPorg2.jpg,1302.78,1450.12,1450.12,0.8984,0.8984,,0,0
unmapped,102,UNMAPPED_LOCAL_SOURCE,aug_rep_d8,E:\甲劈微循环\data\血管数据集\分类数据集\image\102_0.jpg,development,,,recovered_archive2/118,CAPorg7.jpg,1074.73,1353.06,1353.06,0.7943,0.7943,,1,1
unmapped,103,UNMAPPED_LOCAL_SOURCE,aug_rep_d8,E:\甲劈微循环\data\血管数据集\分类数据集\image\103_0.jpg,development,,,recovered_archive2/165,CAPorg4.jpg,1207.79,1209.74,1209.74,0.9984,0.9984,,0,0
unmapped,104,UNMAPPED_LOCAL_SOURCE,aug_rep_d8,E:\甲劈微循环\data\血管数据集\分类数据集\image\104_0.jpg,development,,,recovered_archive2/114,CAPorg1.jpg,1250.07,1581.59,1581.59,0.7904,0.7904,,1,1
unmapped,105,UNMAPPED_LOCAL_SOURCE,aug_rep_d8,E:\甲劈微循环\data\血管数据集\分类数据集\image\105_0.jpg,development,,,recovered_archive2/114,CAPorg1.jpg,1406.42,1721.84,1721.84,0.8168,0.8168,,0,0
unmapped,106,UNMAPPED_LOCAL_SOURCE,aug_rep_d8,E:\甲劈微循环\data\血管数据集\分类数据集\image\106_0.jpg,development,,,recovered_archive2/184,CAPorg1.jpg,1633.1,1694.15,1694.15,0.964,0.964,,0,0
unmapped,107,UNMAPPED_LOCAL_SOURCE,aug_rep_d8,E:\甲劈微循环\data\血管数据集\分类数据集\image\107_0.jpg,development,,,recovered_archive1/94,CAPorg1.jpg,1570.6,1794.91,1794.91,0.875,0.875,,0,0
unmapped,108,UNMAPPED_LOCAL_SOURCE,aug_rep_d8,E:\甲劈微循环\data\血管数据集\分类数据集\image\108_0.jpg,development,,,recovered_archive2/165,CAPorg7.jpg,1243.26,1647.66,1647.66,0.7546,0.7546,,1,1
unmapped,110,UNMAPPED_LOCAL_SOURCE,aug_rep_d8,E:\甲劈微循环\data\血管数据集\分类数据集\image\110_0.jpg,development,,,recovered_archive2/122,CAPorg12.jpg,908.39,908.81,908.81,0.9995,0.9995,,0,0
unmapped,111,UNMAPPED_LOCAL_SOURCE,aug_rep_d8,E:\甲劈微循环\data\血管数据集\分类数据集\image\111_0.jpg,development,,,recovered_archive2/118,CAPorg7.jpg,1106.6,1341.99,1341.99,0.8246,0.8246,,0,0
unmapped,112,UNMAPPED_LOCAL_SOURCE,aug_rep_d8,E:\甲劈微循环\data\血管数据集\分类数据集\image\112_0.jpg,development,,,recovered_archive2/114,CAPorg1.jpg,1185.68,1597.99,1597.99,0.742,0.742,,1,1
unmapped,114,UNMAPPED_LOCAL_SOURCE,aug_rep_d8,E:\甲劈微循环\data\血管数据集\分类数据集\image\114_0.jpg,development,,,recovered_archive3/246,CAPorg2.jpg,1146.69,1210.42,1210.42,0.9473,0.9473,,0,0
unmapped,115,UNMAPPED_LOCAL_SOURCE,aug_rep_d8,E:\甲劈微循环\data\血管数据集\分类数据集\image\115_0.jpg,development,,,recovered_archive3/261,CAPorg3.jpg,1278.93,1325.11,1325.11,0.9651,0.9651,,0,0
unmapped,116,UNMAPPED_LOCAL_SOURCE,aug_rep_d8,E:\甲劈微循环\data\血管数据集\分类数据集\image\116_0.jpg,development,,,recovered_archive2/114,CAPorg1.jpg,1066.2,1269.7,1269.7,0.8397,0.8397,,0,0
unmapped,117,UNMAPPED_LOCAL_SOURCE,aug_rep_d8,E:\甲劈微循环\data\血管数据集\分类数据集\image\117_0.jpg,development,,,recovered_archive2/114,CAPorg1.jpg,1644.91,1710.84,1710.84,0.9615,0.9615,,0,0
unmapped,118,UNMAPPED_LOCAL_SOURCE,aug_rep_d8,E:\甲劈微循环\data\血管数据集\分类数据集\image\118_0.jpg,development,,,recovered_archive3/212,CAPorg1.jpg,1434.99,1497.37,1516.82,0.9583,0.9461,,0,0
unmapped,119,UNMAPPED_LOCAL_SOURCE,aug_rep_d8,E:\甲劈微循环\data\血管数据集\分类数据集\image\119_0.jpg,development,,,recovered_archive1/90,CAPorg3.jpg,1337.82,1403.96,1551.23,0.9529,0.8624,,0,0
unmapped,120,UNMAPPED_LOCAL_SOURCE,aug_rep_d8,E:\甲劈微循环\data\血管数据集\分类数据集\image\120_0.jpg,development,,,recovered_archive2/175,CAPorg5.jpg,1874.79,2017.35,2017.35,0.9293,0.9293,,0,0
unmapped,122,UNMAPPED_LOCAL_SOURCE,aug_rep_d8,E:\甲劈微循环\data\血管数据集\分类数据集\image\122_0.jpg,development,,,recovered_archive1/85,CAPorg7.jpg,1883.33,2004.75,2004.75,0.9394,0.9394,,0,0
unmapped,123,UNMAPPED_LOCAL_SOURCE,aug_rep_d8,E:\甲劈微循环\data\血管数据集\分类数据集\image\123_0.jpg,development,,,recovered_archive3/265,CAPorg2.jpg,851.41,970.8,970.8,0.877,0.877,,0,0
unmapped,125,UNMAPPED_LOCAL_SOURCE,aug_rep_d8,E:\甲劈微循环\data\血管数据集\分类数据集\image\125_0.jpg,development,,,recovered_archive3/254,CAPorg5.jpg,1337.32,1579.08,1579.08,0.8469,0.8469,,0,0
unmapped,126,UNMAPPED_LOCAL_SOURCE,aug_rep_d8,E:\甲劈微循环\data\血管数据集\分类数据集\image\126_0.jpg,development,,,recovered_archive2/118,CAPorg7.jpg,1427.2,1512.13,1512.13,0.9438,0.9438,,0,0
unmapped,127,UNMAPPED_LOCAL_SOURCE,aug_rep_d8,E:\甲劈微循环\data\血管数据集\分类数据集\image\127_0.jpg,development,,,recovered_archive2/114,CAPorg1.jpg,1106.33,1222.38,1222.38,0.9051,0.9051,,0,0
unmapped,128,UNMAPPED_LOCAL_SOURCE,aug_rep_d8,E:\甲劈微循环\data\血管数据集\分类数据集\image\128_0.jpg,development,,,recovered_archive1/71,CAPorg3.jpg,781.5,877.17,877.17,0.8909,0.8909,,0,0
unmapped,129,UNMAPPED_LOCAL_SOURCE,aug_rep_d8,E:\甲劈微循环\data\血管数据集\分类数据集\image\129_0.jpg,development,,,recovered_archive3/265,CAPorg2.jpg,928.96,1027.19,1027.19,0.9044,0.9044,,0,0
unmapped,130,UNMAPPED_LOCAL_SOURCE,aug_rep_d8,E:\甲劈微循环\data\血管数据集\分类数据集\image\130_0.jpg,development,,,recovered_archive3/212,CAPorg1.jpg,1177.85,1364.9,1535.9,0.863,0.7669,,0,1
unmapped,131,UNMAPPED_LOCAL_SOURCE,aug_rep_d8,E:\甲劈微循环\data\血管数据集\分类数据集\image\131_0.jpg,development,,,recovered_archive3/227,CAPorg3.jpg,1290.71,1743.31,1743.31,0.7404,0.7404,,1,1
unmapped,132,UNMAPPED_LOCAL_SOURCE,aug_rep_d8,E:\甲劈微循环\data\血管数据集\分类数据集\image\132_0.jpg,development,,,recovered_archive2/114,CAPorg1.jpg,1379.63,1964.32,1964.32,0.7023,0.7023,,1,1
unmapped,133,UNMAPPED_LOCAL_SOURCE,aug_rep_d8,E:\甲劈微循环\data\血管数据集\分类数据集\image\133_0.jpg,development,,,recovered_archive2/114,CAPorg1.jpg,1509.4,1902.19,1902.19,0.7935,0.7935,,1,1
unmapped,134,UNMAPPED_LOCAL_SOURCE,aug_rep_d8,E:\甲劈微循环\data\血管数据集\分类数据集\image\134_0.jpg,development,,,recovered_archive3/266,CAPorg6.jpg,1173.71,1184.07,1184.07,0.9913,0.9913,,0,0
unmapped,135,UNMAPPED_LOCAL_SOURCE,aug_rep_d8,E:\甲劈微循环\data\血管数据集\分类数据集\image\135_0.jpg,development,,,recovered_archive2/114,CAPorg1.jpg,1410.29,1925.78,1925.78,0.7323,0.7323,,1,1
unmapped,136,UNMAPPED_LOCAL_SOURCE,aug_rep_d8,E:\甲劈微循环\data\血管数据集\分类数据集\image\136_0.jpg,development,,,recovered_archive2/122,CAPorg12.jpg,1227.49,1358.6,1358.6,0.9035,0.9035,,0,0
unmapped,137,UNMAPPED_LOCAL_SOURCE,aug_rep_d8,E:\甲劈微循环\data\血管数据集\分类数据集\image\137_0.jpg,development,,,recovered_archive2/114,CAPorg1.jpg,1318.14,1917.44,1917.44,0.6874,0.6874,,1,1
unmapped,138,UNMAPPED_LOCAL_SOURCE,aug_rep_d8,E:\甲劈微循环\data\血管数据集\分类数据集\image\138_0.jpg,development,,,recovered_archive1/52,CAPorg4.jpg,1527.05,1613.96,1613.96,0.9461,0.9461,,0,0
unmapped,139,UNMAPPED_LOCAL_SOURCE,aug_rep_d8,E:\甲劈微循环\data\血管数据集\分类数据集\image\139_0.jpg,development,,,recovered_archive1/78,CAPorg5.jpg,1057.96,1070.24,1070.24,0.9885,0.9885,,0,0
unmapped,140,UNMAPPED_LOCAL_SOURCE,aug_rep_d8,E:\甲劈微循环\data\血管数据集\分类数据集\image\140_0.jpg,development,,,recovered_archive2/114,CAPorg1.jpg,1097.81,1332.3,1332.3,0.824,0.824,,0,0
unmapped,141,UNMAPPED_LOCAL_SOURCE,aug_rep_d8,E:\甲劈微循环\data\血管数据集\分类数据集\image\141_0.jpg,development,,,recovered_archive2/174,CAPorg3.jpg,1271.38,1276.08,1276.08,0.9963,0.9963,,0,0
unmapped,142,UNMAPPED_LOCAL_SOURCE,aug_rep_d8,E:\甲劈微循环\data\血管数据集\分类数据集\image\142_0.jpg,development,,,recovered_archive2/118,CAPorg7.jpg,1706.81,1752.39,1752.39,0.974,0.974,,0,0
unmapped,143,UNMAPPED_LOCAL_SOURCE,aug_rep_d8,E:\甲劈微循环\data\血管数据集\分类数据集\image\143_0.jpg,development,,,recovered_archive2/174,CAPorg3.jpg,960.69,992.09,992.09,0.9683,0.9683,,0,0
unmapped,144,UNMAPPED_LOCAL_SOURCE,aug_rep_d8,E:\甲劈微循环\data\血管数据集\分类数据集\image\144_0.jpg,development,,,recovered_archive1/71,CAPorg3.jpg,1192.21,1213.19,1213.19,0.9827,0.9827,,0,0
unmapped,147,UNMAPPED_LOCAL_SOURCE,aug_rep_d8,E:\甲劈微循环\data\血管数据集\分类数据集\image\147_0.jpg,development,,,recovered_archive2/136,CAPorg13.jpg,1354.39,1469.37,1469.37,0.9218,0.9218,,0,0
unmapped,148,UNMAPPED_LOCAL_SOURCE,aug_rep_d8,E:\甲劈微循环\data\血管数据集\分类数据集\image\148_0.jpg,development,,,recovered_archive3/231,CAPorg8.jpg,1234.93,1265.81,1265.81,0.9756,0.9756,,0,0
unmapped,149,UNMAPPED_LOCAL_SOURCE,aug_rep_d8,E:\甲劈微循环\data\血管数据集\分类数据集\image\149_0.jpg,development,,,recovered_archive2/163,CAPorg1.jpg,1271.2,1379.89,1379.89,0.9212,0.9212,,0,0
unmapped,150,UNMAPPED_LOCAL_SOURCE,aug_rep_d8,E:\甲劈微循环\data\血管数据集\分类数据集\image\150_0.jpg,development,,,recovered_archive1/81,CAPorg13.jpg,770.88,815.72,815.72,0.945,0.945,,0,0
unmapped,151,UNMAPPED_LOCAL_SOURCE,aug_rep_d8,E:\甲劈微循环\data\血管数据集\分类数据集\image\151_0.jpg,development,,,recovered_archive2/114,CAPorg1.jpg,1167.28,1749.83,1749.83,0.6671,0.6671,,1,1
unmapped,152,UNMAPPED_LOCAL_SOURCE,aug_rep_d8,E:\甲劈微循环\data\血管数据集\分类数据集\image\152_0.jpg,development,,,recovered_archive2/165,CAPorg7.jpg,1230.89,1376.65,1376.65,0.8941,0.8941,,0,0
unmapped,153,UNMAPPED_LOCAL_SOURCE,aug_rep_d8,E:\甲劈微循环\data\血管数据集\分类数据集\image\153_0.jpg,development,,,recovered_archive1/82,CAPorg1.jpg,847.74,868.38,868.38,0.9762,0.9762,,0,0
unmapped,154,UNMAPPED_LOCAL_SOURCE,aug_rep_d8,E:\甲劈微循环\data\血管数据集\分类数据集\image\154_0.jpg,development,,,recovered_archive2/114,CAPorg1.jpg,1255.66,1344.15,1344.15,0.9342,0.9342,,0,0
unmapped,155,UNMAPPED_LOCAL_SOURCE,aug_rep_d8,E:\甲劈微循环\data\血管数据集\分类数据集\image\155_0.jpg,development,,,recovered_archive2/117,CAPorg6.jpg,839.01,926.71,926.71,0.9054,0.9054,,0,0
unmapped,156,UNMAPPED_LOCAL_SOURCE,aug_rep_d8,E:\甲劈微循环\data\血管数据集\分类数据集\image\156_0.jpg,development,,,recovered_archive3/231,CAPorg8.jpg,880.65,997.67,1042.31,0.8827,0.8449,,0,0
unmapped,157,UNMAPPED_LOCAL_SOURCE,aug_rep_d8,E:\甲劈微循环\data\血管数据集\分类数据集\image\157_0.jpg,development,,,recovered_archive2/114,CAPorg1.jpg,1641.62,1794.26,1794.26,0.9149,0.9149,,0,0
unmapped,158,UNMAPPED_LOCAL_SOURCE,aug_rep_d8,E:\甲劈微循环\data\血管数据集\分类数据集\image\158_0.jpg,development,,,recovered_archive2/118,CAPorg7.jpg,1261.85,1388.27,1388.27,0.9089,0.9089,,0,0
unmapped,159,UNMAPPED_LOCAL_SOURCE,aug_rep_d8,E:\甲劈微循环\data\血管数据集\分类数据集\image\159_0.jpg,development,,,recovered_archive2/136,CAPorg12.jpg,1082.87,1316.77,1316.77,0.8224,0.8224,,0,0
unmapped,160,UNMAPPED_LOCAL_SOURCE,aug_rep_d8,E:\甲劈微循环\data\血管数据集\分类数据集\image\160_0.jpg,development,,,recovered_archive2/114,CAPorg1.jpg,1077.76,1520.86,1520.86,0.7087,0.7087,,1,1
unmapped,161,UNMAPPED_LOCAL_SOURCE,aug_rep_d8,E:\甲劈微循环\data\血管数据集\分类数据集\image\161_0.jpg,development,,,recovered_archive3/267,CAPorg6.jpg,981.99,1142.8,1142.8,0.8593,0.8593,,0,0
unmapped,162,UNMAPPED_LOCAL_SOURCE,aug_rep_d8,E:\甲劈微循环\data\血管数据集\分类数据集\image\162_0.jpg,development,,,recovered_archive1/82,CAPorg1.jpg,1037.39,1090.52,1090.52,0.9513,0.9513,,0,0
unmapped,163,UNMAPPED_LOCAL_SOURCE,aug_rep_d8,E:\甲劈微循环\data\血管数据集\分类数据集\image\163_0.jpg,development,,,recovered_archive3/229,CAPorg12.jpg,1285.54,1288.61,1288.61,0.9976,0.9976,,0,0
unmapped,164,UNMAPPED_LOCAL_SOURCE,aug_rep_d8,E:\甲劈微循环\data\血管数据集\分类数据集\image\164_0.jpg,development,,,recovered_archive2/122,CAPorg11.jpg,792.96,843.46,918.56,0.9401,0.8633,,0,0
unmapped,165,UNMAPPED_LOCAL_SOURCE,aug_rep_d8,E:\甲劈微循环\data\血管数据集\分类数据集\image\165_0.jpg,development,,,recovered_archive1/94,CAPorg3.jpg,996.48,1076.27,1076.27,0.9259,0.9259,,0,0
unmapped,166,UNMAPPED_LOCAL_SOURCE,aug_rep_d8,E:\甲劈微循环\data\血管数据集\分类数据集\image\166_0.jpg,development,,,recovered_archive2/114,CAPorg1.jpg,1560.31,1954.47,1954.47,0.7983,0.7983,,1,1
unmapped,167,UNMAPPED_LOCAL_SOURCE,aug_rep_d8,E:\甲劈微循环\data\血管数据集\分类数据集\image\167_0.jpg,development,,,recovered_archive3/212,CAPorg3.jpg,1283.59,1461.63,1461.63,0.8782,0.8782,,0,0
unmapped,168,UNMAPPED_LOCAL_SOURCE,aug_rep_d8,E:\甲劈微循环\data\血管数据集\分类数据集\image\168_0.jpg,development,,,recovered_archive3/231,CAPorg8.jpg,1618.82,1643.2,1643.2,0.9852,0.9852,,0,0
unmapped,169,UNMAPPED_LOCAL_SOURCE,aug_rep_d8,E:\甲劈微循环\data\血管数据集\分类数据集\image\169_0.jpg,development,,,recovered_archive3/254,CAPorg5.jpg,1105.5,1229.47,1229.47,0.8992,0.8992,,0,0
unmapped,170,UNMAPPED_LOCAL_SOURCE,aug_rep_d8,E:\甲劈微循环\data\血管数据集\分类数据集\image\170_0.jpg,development,,,recovered_archive3/267,CAPorg6.jpg,996.2,996.56,996.56,0.9996,0.9996,,0,0
unmapped,172,UNMAPPED_LOCAL_SOURCE,aug_rep_d8,E:\甲劈微循环\data\血管数据集\分类数据集\image\172_0.jpg,development,,,recovered_archive1/85,CAPorg7.jpg,959.65,1139.57,1139.57,0.8421,0.8421,,0,0
unmapped,173,UNMAPPED_LOCAL_SOURCE,aug_rep_d8,E:\甲劈微循环\data\血管数据集\分类数据集\image\173_0.jpg,development,,,recovered_archive1/45,CAPorg10.jpg,929.81,1021.9,1021.9,0.9099,0.9099,,0,0
unmapped,174,UNMAPPED_LOCAL_SOURCE,aug_rep_d8,E:\甲劈微循环\data\血管数据集\分类数据集\image\174_0.jpg,development,,,recovered_archive2/184,CAPorg1.jpg,906.09,995.43,995.43,0.9102,0.9102,,0,0
unmapped,175,UNMAPPED_LOCAL_SOURCE,aug_rep_d8,E:\甲劈微循环\data\血管数据集\分类数据集\image\175_0.jpg,development,,,recovered_archive2/175,CAPorg5.jpg,1305.79,1314.48,1314.48,0.9934,0.9934,,0,0
unmapped,176,UNMAPPED_LOCAL_SOURCE,aug_rep_d8,E:\甲劈微循环\data\血管数据集\分类数据集\image\176_0.jpg,development,,,recovered_archive2/165,CAPorg4.jpg,955.95,1154.67,1154.67,0.8279,0.8279,,0,0
unmapped,177,UNMAPPED_LOCAL_SOURCE,aug_rep_d8,E:\甲劈微循环\data\血管数据集\分类数据集\image\177_0.jpg,development,,,recovered_archive3/216,CAPorg5.jpg,1665.72,1778.19,1778.19,0.9367,0.9367,,0,0
unmapped,178,UNMAPPED_LOCAL_SOURCE,aug_rep_d8,E:\甲劈微循环\data\血管数据集\分类数据集\image\178_0.jpg,development,,,recovered_archive2/118,CAPorg7.jpg,1200.67,1426.73,1426.73,0.8416,0.8416,,0,0
unmapped,180,UNMAPPED_LOCAL_SOURCE,aug_rep_d8,E:\甲劈微循环\data\血管数据集\分类数据集\image\180_0.jpg,development,,,recovered_archive2/126,CAPorg6.jpg,994.77,1028.2,1028.2,0.9675,0.9675,,0,0
unmapped,181,UNMAPPED_LOCAL_SOURCE,aug_rep_d8,E:\甲劈微循环\data\血管数据集\分类数据集\image\181_0.jpg,development,,,recovered_archive3/227,CAPorg3.jpg,1196.42,1586.92,1586.92,0.7539,0.7539,,1,1
unmapped,182,UNMAPPED_LOCAL_SOURCE,aug_rep_d8,E:\甲劈微循环\data\血管数据集\分类数据集\image\182_0.jpg,development,,,recovered_archive3/202,CAPorg6.jpg,1254.63,1288.04,1288.04,0.9741,0.9741,,0,0
unmapped,184,UNMAPPED_LOCAL_SOURCE,aug_rep_d8,E:\甲劈微循环\data\血管数据集\分类数据集\image\184_0.jpg,development,,,recovered_archive1/82,CAPorg1.jpg,987.37,1054.36,1054.36,0.9365,0.9365,,0,0
unmapped,185,UNMAPPED_LOCAL_SOURCE,aug_rep_d8,E:\甲劈微循环\data\血管数据集\分类数据集\image\185_0.jpg,development,,,recovered_archive1/78,CAPorg5.jpg,843.49,931.04,931.04,0.906,0.906,,0,0
unmapped,186,UNMAPPED_LOCAL_SOURCE,aug_rep_d8,E:\甲劈微循环\data\血管数据集\分类数据集\image\186_0.jpg,development,,,recovered_archive3/254,CAPorg5.jpg,883.45,929.59,929.59,0.9504,0.9504,,0,0
unmapped,187,UNMAPPED_LOCAL_SOURCE,aug_rep_d8,E:\甲劈微循环\data\血管数据集\分类数据集\image\187_0.jpg,development,,,recovered_archive2/118,CAPorg7.jpg,1211.19,1604.18,1604.18,0.755,0.755,,1,1
unmapped,188,UNMAPPED_LOCAL_SOURCE,aug_rep_d8,E:\甲劈微循环\data\血管数据集\分类数据集\image\188_0.jpg,development,,,recovered_archive2/118,CAPorg8.jpg,986.57,1099.49,1099.49,0.8973,0.8973,,0,0
unmapped,189,UNMAPPED_LOCAL_SOURCE,aug_rep_d8,E:\甲劈微循环\data\血管数据集\分类数据集\image\189_0.jpg,development,,,recovered_archive1/71,CAPorg3.jpg,1172.33,1193.4,1193.4,0.9823,0.9823,,0,0
unmapped,191,UNMAPPED_LOCAL_SOURCE,aug_rep_d8,E:\甲劈微循环\data\血管数据集\分类数据集\image\191_0.jpg,development,,,recovered_archive3/229,CAPorg12.jpg,1025.8,1045.97,1045.97,0.9807,0.9807,,0,0
unmapped,192,UNMAPPED_LOCAL_SOURCE,aug_rep_d8,E:\甲劈微循环\data\血管数据集\分类数据集\image\192_0.jpg,development,,,recovered_archive2/122,CAPorg10.jpg,818.47,889.51,889.51,0.9201,0.9201,,0,0
unmapped,193,UNMAPPED_LOCAL_SOURCE,aug_rep_d8,E:\甲劈微循环\data\血管数据集\分类数据集\image\193_0.jpg,development,,,recovered_archive2/114,CAPorg1.jpg,1129.69,1603.28,1603.28,0.7046,0.7046,,1,1
unmapped,195,UNMAPPED_LOCAL_SOURCE,aug_rep_d8,E:\甲劈微循环\data\血管数据集\分类数据集\image\195_0.jpg,development,,,recovered_archive2/118,CAPorg15.jpg,1447.88,1538.39,1538.39,0.9412,0.9412,,0,0
unmapped,197,UNMAPPED_LOCAL_SOURCE,aug_rep_d8,E:\甲劈微循环\data\血管数据集\分类数据集\image\197_0.jpg,development,,,recovered_archive2/114,CAPorg1.jpg,1717.04,2072.13,2072.13,0.8286,0.8286,,0,0
unmapped,198,UNMAPPED_LOCAL_SOURCE,aug_rep_d8,E:\甲劈微循环\data\血管数据集\分类数据集\image\198_0.jpg,development,,,recovered_archive2/114,CAPorg1.jpg,1377.21,1379.76,1379.76,0.9982,0.9982,,0,0
unmapped,199,UNMAPPED_LOCAL_SOURCE,aug_rep_d8,E:\甲劈微循环\data\血管数据集\分类数据集\image\199_0.jpg,development,,,recovered_archive2/114,CAPorg1.jpg,1310.76,1952.58,1952.58,0.6713,0.6713,,1,1
unmapped,202,UNMAPPED_LOCAL_SOURCE,aug_rep_d8,E:\甲劈微循环\data\血管数据集\分类数据集\image\202_0.jpg,development,,,recovered_archive2/118,CAPorg7.jpg,1064.53,1154.93,1154.93,0.9217,0.9217,,0,0
unmapped,203,UNMAPPED_LOCAL_SOURCE,aug_rep_d8,E:\甲劈微循环\data\血管数据集\分类数据集\image\203_0.jpg,development,,,recovered_archive1/71,CAPorg3.jpg,1052.72,1147.04,1147.04,0.9178,0.9178,,0,0
unmapped,204,UNMAPPED_LOCAL_SOURCE,aug_rep_d8,E:\甲劈微循环\data\血管数据集\分类数据集\image\204_0.jpg,development,,,recovered_archive2/114,CAPorg1.jpg,1290.38,1563.51,1563.51,0.8253,0.8253,,0,0
unmapped,205,UNMAPPED_LOCAL_SOURCE,aug_rep_d8,E:\甲劈微循环\data\血管数据集\分类数据集\image\205_0.jpg,development,,,recovered_archive2/114,CAPorg1.jpg,1646.8,2191.24,2191.24,0.7515,0.7515,,1,1
unmapped,206,UNMAPPED_LOCAL_SOURCE,aug_rep_d8,E:\甲劈微循环\data\血管数据集\分类数据集\image\206_0.jpg,development,,,recovered_archive3/227,CAPorg3.jpg,903.56,1359.81,1359.81,0.6645,0.6645,,1,1
unmapped,207,UNMAPPED_LOCAL_SOURCE,aug_rep_d8,E:\甲劈微循环\data\血管数据集\分类数据集\image\207_0.jpg,development,,,recovered_archive2/174,CAPorg4.jpg,1062.89,1081.28,1081.28,0.983,0.983,,0,0
unmapped,208,UNMAPPED_LOCAL_SOURCE,aug_rep_d8,E:\甲劈微循环\data\血管数据集\分类数据集\image\208_0.jpg,development,,,recovered_archive3/246,CAPorg3.jpg,899.25,972.3,972.3,0.9249,0.9249,,0,0
unmapped,209,UNMAPPED_LOCAL_SOURCE,aug_rep_d8,E:\甲劈微循环\data\血管数据集\分类数据集\image\209_0.jpg,development,,,recovered_archive1/85,CAPorg7.jpg,1213.56,1234.66,1234.66,0.9829,0.9829,,0,0
unmapped,210,UNMAPPED_LOCAL_SOURCE,aug_rep_d8,E:\甲劈微循环\data\血管数据集\分类数据集\image\210_0.jpg,development,,,recovered_archive3/248,CAPorg2.jpg,927.18,1022.67,1022.67,0.9066,0.9066,,0,0
unmapped,211,UNMAPPED_LOCAL_SOURCE,aug_rep_d8,E:\甲劈微循环\data\血管数据集\分类数据集\image\211_0.jpg,development,,,recovered_archive2/122,CAPorg12.jpg,889.78,975.57,975.57,0.9121,0.9121,,0,0
unmapped,212,UNMAPPED_LOCAL_SOURCE,aug_rep_d8,E:\甲劈微循环\data\血管数据集\分类数据集\image\212_0.jpg,development,,,recovered_archive3/212,CAPorg1.jpg,1405.71,1550.6,1833.94,0.9066,0.7665,,0,1
unmapped,213,UNMAPPED_LOCAL_SOURCE,aug_rep_d8,E:\甲劈微循环\data\血管数据集\分类数据集\image\213_0.jpg,development,,,recovered_archive2/132,CAPorg2.jpg,1687.1,1716.08,1716.08,0.9831,0.9831,,0,0
unmapped,215,UNMAPPED_LOCAL_SOURCE,aug_rep_d8,E:\甲劈微循环\data\血管数据集\分类数据集\image\215_0.jpg,development,,,recovered_archive2/114,CAPorg1.jpg,1298.3,1728.24,1728.24,0.7512,0.7512,,1,1
unmapped,216,UNMAPPED_LOCAL_SOURCE,aug_rep_d8,E:\甲劈微循环\data\血管数据集\分类数据集\image\216_0.jpg,development,,,recovered_archive2/114,CAPorg1.jpg,1409.45,1790.44,1790.44,0.7872,0.7872,,1,1
unmapped,217,UNMAPPED_LOCAL_SOURCE,aug_rep_d8,E:\甲劈微循环\data\血管数据集\分类数据集\image\217_0.jpg,development,,,recovered_archive3/229,CAPorg13.jpg,1276.96,1308.28,1308.28,0.9761,0.9761,,0,0
unmapped,218,UNMAPPED_LOCAL_SOURCE,aug_rep_d8,E:\甲劈微循环\data\血管数据集\分类数据集\image\218_0.jpg,development,,,recovered_archive3/254,CAPorg8.jpg,2086.92,2163.7,2163.7,0.9645,0.9645,,0,0
unmapped,219,UNMAPPED_LOCAL_SOURCE,aug_rep_d8,E:\甲劈微循环\data\血管数据集\分类数据集\image\219_0.jpg,development,,,recovered_archive3/227,CAPorg3.jpg,1188.08,1649.56,1649.56,0.7202,0.7202,,1,1
unmapped,220,UNMAPPED_LOCAL_SOURCE,aug_rep_d8,E:\甲劈微循环\data\血管数据集\分类数据集\image\220_0.jpg,development,,,recovered_archive2/191,CAPorg5.jpg,1995.99,2089.56,2089.56,0.9552,0.9552,,0,0
unmapped,221,UNMAPPED_LOCAL_SOURCE,aug_rep_d8,E:\甲劈微循环\data\血管数据集\分类数据集\image\221_0.jpg,development,,,recovered_archive2/184,CAPorg1.jpg,1329.29,1361.22,1361.22,0.9765,0.9765,,0,0
unmapped,222,UNMAPPED_LOCAL_SOURCE,aug_rep_d8,E:\甲劈微循环\data\血管数据集\分类数据集\image\222_0.jpg,development,,,recovered_archive3/229,CAPorg13.jpg,1030.36,1228.04,1228.04,0.839,0.839,,0,0
unmapped,223,UNMAPPED_LOCAL_SOURCE,aug_rep_d8,E:\甲劈微循环\data\血管数据集\分类数据集\image\223_0.jpg,development,,,recovered_archive2/165,CAPorg7.jpg,994.8,1351.2,1351.2,0.7362,0.7362,,1,1
unmapped,225,UNMAPPED_LOCAL_SOURCE,aug_rep_d8,E:\甲劈微循环\data\血管数据集\分类数据集\image\225_0.jpg,development,,,recovered_archive2/165,CAPorg7.jpg,1158.73,1301.16,1301.16,0.8905,0.8905,,0,0
unmapped,226,UNMAPPED_LOCAL_SOURCE,aug_rep_d8,E:\甲劈微循环\data\血管数据集\分类数据集\image\226_0.jpg,development,,,recovered_archive2/175,CAPorg5.jpg,1526.38,1652.97,1652.97,0.9234,0.9234,,0,0
unmapped,227,UNMAPPED_LOCAL_SOURCE,aug_rep_d8,E:\甲劈微循环\data\血管数据集\分类数据集\image\227_0.jpg,development,,,recovered_archive2/165,CAPorg7.jpg,1410.19,1579.08,1579.08,0.893,0.893,,0,0
unmapped,228,UNMAPPED_LOCAL_SOURCE,aug_rep_d8,E:\甲劈微循环\data\血管数据集\分类数据集\image\228_0.jpg,development,,,recovered_archive3/227,CAPorg3.jpg,1122.58,1368.69,1368.69,0.8202,0.8202,,0,0
unmapped,229,UNMAPPED_LOCAL_SOURCE,aug_rep_d8,E:\甲劈微循环\data\血管数据集\分类数据集\image\229_0.jpg,development,,,recovered_archive2/122,CAPorg12.jpg,1080.09,1111.72,1111.72,0.9716,0.9716,,0,0
unmapped,230,UNMAPPED_LOCAL_SOURCE,aug_rep_d8,E:\甲劈微循环\data\血管数据集\分类数据集\image\230_0.jpg,development,,,recovered_archive2/114,CAPorg1.jpg,1326.95,1558.89,1558.89,0.8512,0.8512,,0,0
unmapped,231,UNMAPPED_LOCAL_SOURCE,aug_rep_d8,E:\甲劈微循环\data\血管数据集\分类数据集\image\231_0.jpg,development,,,recovered_archive1/78,CAPorg5.jpg,982.53,997.82,997.82,0.9847,0.9847,,0,0
unmapped,232,UNMAPPED_LOCAL_SOURCE,aug_rep_d8,E:\甲劈微循环\data\血管数据集\分类数据集\image\232_0.jpg,development,,,recovered_archive1/94,CAPorg10.jpg,914.39,949.52,949.52,0.963,0.963,,0,0
unmapped,233,UNMAPPED_LOCAL_SOURCE,aug_rep_d8,E:\甲劈微循环\data\血管数据集\分类数据集\image\233_0.jpg,development,,,recovered_archive2/175,CAPorg5.jpg,1033.59,1103.41,1104.75,0.9367,0.9356,,0,0
unmapped,234,UNMAPPED_LOCAL_SOURCE,aug_rep_d8,E:\甲劈微循环\data\血管数据集\分类数据集\image\234_0.jpg,development,,,recovered_archive1/95,CAPorg2.jpg,1410.99,1479.5,1479.5,0.9537,0.9537,,0,0
unmapped,235,UNMAPPED_LOCAL_SOURCE,aug_rep_d8,E:\甲劈微循环\data\血管数据集\分类数据集\image\235_0.jpg,development,,,recovered_archive2/165,CAPorg7.jpg,1497.38,1690.87,1690.87,0.8856,0.8856,,0,0
unmapped,236,UNMAPPED_LOCAL_SOURCE,aug_rep_d8,E:\甲劈微循环\data\血管数据集\分类数据集\image\236_0.jpg,development,,,recovered_archive2/175,CAPorg5.jpg,1240.27,1407.28,1407.28,0.8813,0.8813,,0,0
unmapped,237,UNMAPPED_LOCAL_SOURCE,aug_rep_d8,E:\甲劈微循环\data\血管数据集\分类数据集\image\237_0.jpg,development,,,recovered_archive3/212,CAPorg1.jpg,1394.6,1405.84,1405.84,0.992,0.992,,0,0
unmapped,239,UNMAPPED_LOCAL_SOURCE,aug_rep_d8,E:\甲劈微循环\data\血管数据集\分类数据集\image\239_0.jpg,development,,,recovered_archive3/254,CAPorg6.jpg,1230.96,1465.36,1465.36,0.84,0.84,,0,0
unmapped,240,UNMAPPED_LOCAL_SOURCE,aug_rep_d8,E:\甲劈微循环\data\血管数据集\分类数据集\image\240_0.jpg,development,,,recovered_archive1/46,CAPorg2.jpg,1141.82,1297.18,1297.18,0.8802,0.8802,,0,0
unmapped,241,UNMAPPED_LOCAL_SOURCE,aug_rep_d8,E:\甲劈微循环\data\血管数据集\分类数据集\image\241_0.jpg,development,,,recovered_archive3/229,CAPorg13.jpg,1252.95,1276.2,1276.2,0.9818,0.9818,,0,0
unmapped,242,UNMAPPED_LOCAL_SOURCE,aug_rep_d8,E:\甲劈微循环\data\血管数据集\分类数据集\image\242_0.jpg,development,,,recovered_archive3/254,CAPorg6.jpg,975.77,1071.0,1071.0,0.9111,0.9111,,0,0
unmapped,243,UNMAPPED_LOCAL_SOURCE,aug_rep_d8,E:\甲劈微循环\data\血管数据集\分类数据集\image\243_0.jpg,development,,,recovered_archive2/136,CAPorg12.jpg,1303.3,1389.32,1389.32,0.9381,0.9381,,0,0
unmapped,244,UNMAPPED_LOCAL_SOURCE,aug_rep_d8,E:\甲劈微循环\data\血管数据集\分类数据集\image\244_0.jpg,development,,,recovered_archive2/122,CAPorg10.jpg,995.8,1034.03,1034.03,0.963,0.963,,0,0
unmapped,245,UNMAPPED_LOCAL_SOURCE,aug_rep_d8,E:\甲劈微循环\data\血管数据集\分类数据集\image\245_0.jpg,development,,,recovered_archive2/165,CAPorg7.jpg,1340.33,1495.38,1495.38,0.8963,0.8963,,0,0
unmapped,246,UNMAPPED_LOCAL_SOURCE,aug_rep_d8,E:\甲劈微循环\data\血管数据集\分类数据集\image\246_0.jpg,development,,,recovered_archive2/114,CAPorg1.jpg,1582.47,1977.23,1977.23,0.8003,0.8003,,0,0
unmapped,247,UNMAPPED_LOCAL_SOURCE,aug_rep_d8,E:\甲劈微循环\data\血管数据集\分类数据集\image\247_0.jpg,development,,,recovered_archive2/174,CAPorg3.jpg,1075.08,1169.0,1169.0,0.9197,0.9197,,0,0
unmapped,248,UNMAPPED_LOCAL_SOURCE,aug_rep_d8,E:\甲劈微循环\data\血管数据集\分类数据集\image\248_0.jpg,development,,,recovered_archive3/254,CAPorg5.jpg,1161.24,1287.19,1287.19,0.9022,0.9022,,0,0
unmapped,253,UNMAPPED_LOCAL_SOURCE,aug_rep_d8,E:\甲劈微循环\data\血管数据集\分类数据集\image\253_0.jpg,development,,,recovered_archive1/71,CAPorg3.jpg,839.54,858.99,858.99,0.9774,0.9774,,0,0
unmapped,254,UNMAPPED_LOCAL_SOURCE,aug_rep_d8,E:\甲劈微循环\data\血管数据集\分类数据集\image\254_0.jpg,development,,,recovered_archive1/94,CAPorg3.jpg,1340.91,1345.21,1345.21,0.9968,0.9968,,0,0
unmapped,257,UNMAPPED_LOCAL_SOURCE,aug_rep_d8,E:\甲劈微循环\data\血管数据集\分类数据集\image\257_0.jpg,development,,,recovered_archive1/90,CAPorg3.jpg,1198.91,1302.88,1302.88,0.9202,0.9202,,0,0
unmapped,268,UNMAPPED_LOCAL_SOURCE,aug_rep_d8,E:\甲劈微循环\data\血管数据集\分类数据集\image\268_0.jpg,development,,,recovered_archive3/212,CAPorg1.jpg,1268.81,1389.21,1389.21,0.9133,0.9133,,0,0
unmapped,271,UNMAPPED_LOCAL_SOURCE,aug_rep_d8,E:\甲劈微循环\data\血管数据集\分类数据集\image\271_0.jpg,development,,,recovered_archive1/61,CAPorg4.jpg,1097.26,1179.22,1179.22,0.9305,0.9305,,0,0
unmapped,275,UNMAPPED_LOCAL_SOURCE,aug_rep_d8,E:\甲劈微循环\data\血管数据集\分类数据集\image\275_0.jpg,development,,,recovered_archive1/94,CAPorg10.jpg,1326.59,1445.04,1445.04,0.918,0.918,,0,0
unmapped,276,UNMAPPED_LOCAL_SOURCE,aug_rep_d8,E:\甲劈微循环\data\血管数据集\分类数据集\image\276_0.jpg,development,,,recovered_archive3/254,CAPorg2.jpg,1665.36,1753.72,1767.46,0.9496,0.9422,,0,0
unmapped,279,UNMAPPED_LOCAL_SOURCE,aug_rep_d8,E:\甲劈微循环\data\血管数据集\分类数据集\image\279_0.jpg,development,,,recovered_archive3/227,CAPorg3.jpg,1161.56,1509.86,1509.86,0.7693,0.7693,,1,1
unmapped,284,UNMAPPED_LOCAL_SOURCE,aug_rep_d8,E:\甲劈微循环\data\血管数据集\分类数据集\image\284_0.jpg,development,,,recovered_archive2/114,CAPorg1.jpg,1044.93,1696.36,1696.36,0.616,0.616,,1,1
unmapped,290,UNMAPPED_LOCAL_SOURCE,aug_rep_d8,E:\甲劈微循环\data\血管数据集\分类数据集\image\290_0.jpg,development,,,recovered_archive2/114,CAPorg1.jpg,1234.54,1599.99,1599.99,0.7716,0.7716,,1,1
unmapped,295,UNMAPPED_LOCAL_SOURCE,aug_rep_d8,E:\甲劈微循环\data\血管数据集\分类数据集\image\295_0.jpg,development,,,recovered_archive2/114,CAPorg1.jpg,1360.16,1902.75,1902.75,0.7148,0.7148,,1,1
unmapped,296,UNMAPPED_LOCAL_SOURCE,aug_rep_d8,E:\甲劈微循环\data\血管数据集\分类数据集\image\296_0.jpg,development,,,recovered_archive2/118,CAPorg7.jpg,1091.54,1427.15,1427.15,0.7648,0.7648,,1,1
unmapped,297,UNMAPPED_LOCAL_SOURCE,aug_rep_d8,E:\甲劈微循环\data\血管数据集\分类数据集\image\297_0.jpg,development,,,recovered_archive2/114,CAPorg1.jpg,1348.74,1562.6,1562.6,0.8631,0.8631,,0,0
unmapped,298,UNMAPPED_LOCAL_SOURCE,aug_rep_d8,E:\甲劈微循环\data\血管数据集\分类数据集\image\298_0.jpg,development,,,recovered_archive2/184,CAPorg1.jpg,1021.22,1215.72,1215.72,0.84,0.84,,0,0
unmapped,299,UNMAPPED_LOCAL_SOURCE,aug_rep_d8,E:\甲劈微循环\data\血管数据集\分类数据集\image\299_0.jpg,development,,,recovered_archive2/184,CAPorg1.jpg,1266.12,1381.46,1381.46,0.9165,0.9165,,0,0
unmapped,301,UNMAPPED_LOCAL_SOURCE,aug_rep_d8,E:\甲劈微循环\data\血管数据集\分类数据集\image\301_0.jpg,development,,,recovered_archive3/246,CAPorg2.jpg,1421.65,1488.94,1488.94,0.9548,0.9548,,0,0
unmapped,302,UNMAPPED_LOCAL_SOURCE,aug_rep_d8,E:\甲劈微循环\data\血管数据集\分类数据集\image\302_0.jpg,development,,,recovered_archive2/114,CAPorg1.jpg,1232.38,1700.95,1700.95,0.7245,0.7245,,1,1
unmapped,303,UNMAPPED_LOCAL_SOURCE,aug_rep_d8,E:\甲劈微循环\data\血管数据集\分类数据集\image\303_0.jpg,development,,,recovered_archive2/148,CAPorg8.jpg,943.0,972.81,983.19,0.9694,0.9591,,0,0
unmapped,305,UNMAPPED_LOCAL_SOURCE,aug_rep_d8,E:\甲劈微循环\data\血管数据集\分类数据集\image\305_0.jpg,development,,,recovered_archive2/114,CAPorg1.jpg,1219.49,1803.25,1803.25,0.6763,0.6763,,1,1
unmapped,306,UNMAPPED_LOCAL_SOURCE,aug_rep_d8,E:\甲劈微循环\data\血管数据集\分类数据集\image\306_0.jpg,development,,,recovered_archive1/78,CAPorg5.jpg,934.1,1004.79,1004.79,0.9296,0.9296,,0,0
unmapped,307,UNMAPPED_LOCAL_SOURCE,aug_rep_d8,E:\甲劈微循环\data\血管数据集\分类数据集\image\307_0.jpg,development,,,recovered_archive2/136,CAPorg3.jpg,1219.32,1308.05,1308.05,0.9322,0.9322,,0,0
unmapped,308,UNMAPPED_LOCAL_SOURCE,aug_rep_d8,E:\甲劈微循环\data\血管数据集\分类数据集\image\308_0.jpg,development,,,recovered_archive2/114,CAPorg1.jpg,1357.61,1756.23,1756.23,0.773,0.773,,1,1
unmapped,309,UNMAPPED_LOCAL_SOURCE,aug_rep_d8,E:\甲劈微循环\data\血管数据集\分类数据集\image\309_0.jpg,development,,,recovered_archive2/136,CAPorg12.jpg,1316.03,1499.75,1499.75,0.8775,0.8775,,0,0
unmapped,310,UNMAPPED_LOCAL_SOURCE,aug_rep_d8,E:\甲劈微循环\data\血管数据集\分类数据集\image\310_0.jpg,development,,,recovered_archive1/45,CAPorg12.jpg,1212.15,1329.24,1329.24,0.9119,0.9119,,0,0
unmapped,311,UNMAPPED_LOCAL_SOURCE,aug_rep_d8,E:\甲劈微循环\data\血管数据集\分类数据集\image\311_0.jpg,development,,,recovered_archive2/184,CAPorg1.jpg,1510.37,1567.15,1567.15,0.9638,0.9638,,0,0
unmapped,313,UNMAPPED_LOCAL_SOURCE,aug_rep_d8,E:\甲劈微循环\data\血管数据集\分类数据集\image\313_0.jpg,development,,,recovered_archive2/118,CAPorg7.jpg,1151.62,1369.63,1369.63,0.8408,0.8408,,0,0
unmapped,314,UNMAPPED_LOCAL_SOURCE,aug_rep_d8,E:\甲劈微循环\data\血管数据集\分类数据集\image\314_0.jpg,development,,,recovered_archive2/122,CAPorg12.jpg,1131.26,1224.17,1297.76,0.9241,0.8717,,0,0
unmapped,315,UNMAPPED_LOCAL_SOURCE,aug_rep_d8,E:\甲劈微循环\data\血管数据集\分类数据集\image\315_0.jpg,development,,,recovered_archive2/114,CAPorg1.jpg,1318.71,1623.03,1623.03,0.8125,0.8125,,0,0
unmapped,317,UNMAPPED_LOCAL_SOURCE,aug_rep_d8,E:\甲劈微循环\data\血管数据集\分类数据集\image\317_0.jpg,development,,,recovered_archive2/114,CAPorg1.jpg,1286.38,1989.24,1989.24,0.6467,0.6467,,1,1
unmapped,322,UNMAPPED_LOCAL_SOURCE,aug_rep_d8,E:\甲劈微循环\data\血管数据集\分类数据集\image\322_0.jpg,development,,,recovered_archive2/114,CAPorg1.jpg,1163.29,1882.85,1882.85,0.6178,0.6178,,1,1
unmapped,324,UNMAPPED_LOCAL_SOURCE,aug_rep_d8,E:\甲劈微循环\data\血管数据集\分类数据集\image\324_0.jpg,development,,,recovered_archive2/118,CAPorg7.jpg,1525.16,1697.77,1697.77,0.8983,0.8983,,0,0
unmapped,325,UNMAPPED_LOCAL_SOURCE,aug_rep_d8,E:\甲劈微循环\data\血管数据集\分类数据集\image\325_0.jpg,development,,,recovered_archive2/118,CAPorg7.jpg,1110.15,1391.71,1391.71,0.7977,0.7977,,1,1
unmapped,327,UNMAPPED_LOCAL_SOURCE,aug_rep_d8,E:\甲劈微循环\data\血管数据集\分类数据集\image\327_0.jpg,development,,,recovered_archive3/212,CAPorg3.jpg,1276.94,1311.66,1468.9,0.9735,0.8693,,0,0
unmapped,328,UNMAPPED_LOCAL_SOURCE,aug_rep_d8,E:\甲劈微循环\data\血管数据集\分类数据集\image\328_0.jpg,development,,,recovered_archive2/114,CAPorg1.jpg,1023.21,1514.19,1514.19,0.6757,0.6757,,1,1
unmapped,329,UNMAPPED_LOCAL_SOURCE,aug_rep_d8,E:\甲劈微循环\data\血管数据集\分类数据集\image\329_0.jpg,development,,,recovered_archive2/136,CAPorg13.jpg,1269.37,1368.93,1368.93,0.9273,0.9273,,0,0
unmapped,332,UNMAPPED_LOCAL_SOURCE,aug_rep_d8,E:\甲劈微循环\data\血管数据集\分类数据集\image\332_0.jpg,development,,,recovered_archive2/114,CAPorg1.jpg,1589.96,1941.78,1941.78,0.8188,0.8188,,0,0
unmapped,333,UNMAPPED_LOCAL_SOURCE,aug_rep_d8,E:\甲劈微循环\data\血管数据集\分类数据集\image\333_0.jpg,development,,,recovered_archive2/175,CAPorg5.jpg,1215.31,1300.93,1300.93,0.9342,0.9342,,0,0
unmapped,335,UNMAPPED_LOCAL_SOURCE,aug_rep_d8,E:\甲劈微循环\data\血管数据集\分类数据集\image\335_0.jpg,development,,,recovered_archive2/114,CAPorg1.jpg,1024.85,1747.23,1747.23,0.5866,0.5866,,1,1
unmapped,341,UNMAPPED_LOCAL_SOURCE,aug_rep_d8,E:\甲劈微循环\data\血管数据集\分类数据集\image\341_0.jpg,development,,,recovered_archive2/114,CAPorg1.jpg,1546.43,2208.77,2208.77,0.7001,0.7001,,1,1
unmapped,343,UNMAPPED_LOCAL_SOURCE,aug_rep_d8,E:\甲劈微循环\data\血管数据集\分类数据集\image\343_0.jpg,development,,,recovered_archive3/254,CAPorg5.jpg,1659.98,1801.35,1801.35,0.9215,0.9215,,0,0
unmapped,344,UNMAPPED_LOCAL_SOURCE,aug_rep_d8,E:\甲劈微循环\data\血管数据集\分类数据集\image\344_0.jpg,development,,,recovered_archive2/114,CAPorg1.jpg,1493.01,2047.41,2047.41,0.7292,0.7292,,1,1
unmapped,345,UNMAPPED_LOCAL_SOURCE,aug_rep_d8,E:\甲劈微循环\data\血管数据集\分类数据集\image\345_0.jpg,development,,,recovered_archive2/150,CAPorg2.jpg,1231.81,1304.52,1304.52,0.9443,0.9443,,0,0
unmapped,346,UNMAPPED_LOCAL_SOURCE,aug_rep_d8,E:\甲劈微循环\data\血管数据集\分类数据集\image\346_0.jpg,development,,,recovered_archive2/118,CAPorg7.jpg,1448.03,1593.8,1593.8,0.9085,0.9085,,0,0
unmapped,347,UNMAPPED_LOCAL_SOURCE,aug_rep_d8,E:\甲劈微循环\data\血管数据集\分类数据集\image\347_0.jpg,development,,,recovered_archive2/114,CAPorg1.jpg,1332.89,1828.69,1828.69,0.7289,0.7289,,1,1
unmapped,349,UNMAPPED_LOCAL_SOURCE,aug_rep_d8,E:\甲劈微循环\data\血管数据集\分类数据集\image\349_0.jpg,development,,,recovered_archive2/118,CAPorg13.jpg,1134.51,1211.39,1211.39,0.9365,0.9365,,0,0
unmapped,350,UNMAPPED_LOCAL_SOURCE,aug_rep_d8,E:\甲劈微循环\data\血管数据集\分类数据集\image\350_0.jpg,development,,,recovered_archive2/114,CAPorg1.jpg,1324.2,1407.21,1407.21,0.941,0.941,,0,0
unmapped,351,UNMAPPED_LOCAL_SOURCE,aug_rep_d8,E:\甲劈微循环\data\血管数据集\分类数据集\image\351_0.jpg,development,,,recovered_archive3/227,CAPorg3.jpg,1413.98,1712.3,1712.3,0.8258,0.8258,,0,0
unmapped,353,UNMAPPED_LOCAL_SOURCE,aug_rep_d8,E:\甲劈微循环\data\血管数据集\分类数据集\image\353_0.jpg,development,,,recovered_archive2/175,CAPorg5.jpg,1121.63,1213.42,1213.42,0.9244,0.9244,,0,0
unmapped,355,UNMAPPED_LOCAL_SOURCE,aug_rep_d8,E:\甲劈微循环\data\血管数据集\分类数据集\image\355_0.jpg,development,,,recovered_archive2/126,CAPorg6.jpg,1148.82,1174.67,1174.67,0.978,0.978,,0,0
unmapped,356,UNMAPPED_LOCAL_SOURCE,aug_rep_d8,E:\甲劈微循环\data\血管数据集\分类数据集\image\356_0.jpg,development,,,recovered_archive3/265,CAPorg1.jpg,1642.21,1701.61,1701.61,0.9651,0.9651,,0,0
unmapped,357,UNMAPPED_LOCAL_SOURCE,aug_rep_d8,E:\甲劈微循环\data\血管数据集\分类数据集\image\357_0.jpg,development,,,recovered_archive2/114,CAPorg1.jpg,1415.74,1989.93,1989.93,0.7115,0.7115,,1,1
unmapped,358,UNMAPPED_LOCAL_SOURCE,aug_rep_d8,E:\甲劈微循环\data\血管数据集\分类数据集\image\358_0.jpg,development,,,recovered_archive1/94,CAPorg10.jpg,1192.57,1247.43,1247.43,0.956,0.956,,0,0
unmapped,359,UNMAPPED_LOCAL_SOURCE,aug_rep_d8,E:\甲劈微循环\data\血管数据集\分类数据集\image\359_0.jpg,development,,,recovered_archive2/114,CAPorg1.jpg,1230.14,1390.1,1390.1,0.8849,0.8849,,0,0
unmapped,360,UNMAPPED_LOCAL_SOURCE,aug_rep_d8,E:\甲劈微循环\data\血管数据集\分类数据集\image\360_0.jpg,development,,,recovered_archive2/122,CAPorg12.jpg,1323.84,1334.89,1334.89,0.9917,0.9917,,0,0
unmapped,361,UNMAPPED_LOCAL_SOURCE,aug_rep_d8,E:\甲劈微循环\data\血管数据集\分类数据集\image\361_0.jpg,development,,,recovered_archive3/229,CAPorg12.jpg,1229.54,1233.35,1233.35,0.9969,0.9969,,0,0
unmapped,362,UNMAPPED_LOCAL_SOURCE,aug_rep_d8,E:\甲劈微循环\data\血管数据集\分类数据集\image\362_0.jpg,development,,,recovered_archive2/188,CAPorg2.jpg,1830.32,1911.93,1911.93,0.9573,0.9573,,0,0
unmapped,363,UNMAPPED_LOCAL_SOURCE,aug_rep_d8,E:\甲劈微循环\data\血管数据集\分类数据集\image\363_0.jpg,development,,,recovered_archive2/184,CAPorg1.jpg,1116.22,1247.15,1247.15,0.895,0.895,,0,0
unmapped,365,UNMAPPED_LOCAL_SOURCE,aug_rep_d8,E:\甲劈微循环\data\血管数据集\分类数据集\image\365_0.jpg,development,,,recovered_archive1/71,CAPorg3.jpg,1284.41,1389.22,1389.22,0.9246,0.9246,,0,0
unmapped,366,UNMAPPED_LOCAL_SOURCE,aug_rep_d8,E:\甲劈微循环\data\血管数据集\分类数据集\image\366_0.jpg,development,,,recovered_archive3/246,CAPorg2.jpg,1237.54,1447.6,1447.6,0.8549,0.8549,,0,0
unmapped,367,UNMAPPED_LOCAL_SOURCE,aug_rep_d8,E:\甲劈微循环\data\血管数据集\分类数据集\image\367_0.jpg,development,,,recovered_archive3/231,CAPorg8.jpg,945.24,1003.6,1076.48,0.9418,0.8781,,0,0
unmapped,368,UNMAPPED_LOCAL_SOURCE,aug_rep_d8,E:\甲劈微循环\data\血管数据集\分类数据集\image\368_0.jpg,development,,,recovered_archive2/114,CAPorg1.jpg,1301.99,2077.28,2077.28,0.6268,0.6268,,1,1
unmapped,369,UNMAPPED_LOCAL_SOURCE,aug_rep_d8,E:\甲劈微循环\data\血管数据集\分类数据集\image\369_0.jpg,development,,,recovered_archive2/114,CAPorg1.jpg,1215.55,1587.94,1587.94,0.7655,0.7655,,1,1
unmapped,370,UNMAPPED_LOCAL_SOURCE,aug_rep_d8,E:\甲劈微循环\data\血管数据集\分类数据集\image\370_0.jpg,development,,,recovered_archive2/114,CAPorg1.jpg,1169.16,1702.68,1702.68,0.6867,0.6867,,1,1
unmapped,371,UNMAPPED_LOCAL_SOURCE,aug_rep_d8,E:\甲劈微循环\data\血管数据集\分类数据集\image\371_0.jpg,development,,,recovered_archive2/118,CAPorg10.jpg,979.85,1032.41,1032.41,0.9491,0.9491,,0,0
unmapped,372,UNMAPPED_LOCAL_SOURCE,aug_rep_d8,E:\甲劈微循环\data\血管数据集\分类数据集\image\372_0.jpg,development,,,recovered_archive2/122,CAPorg3.jpg,1135.01,1296.75,1296.75,0.8753,0.8753,,0,0
unmapped,373,UNMAPPED_LOCAL_SOURCE,aug_rep_d8,E:\甲劈微循环\data\血管数据集\分类数据集\image\373_0.jpg,development,,,recovered_archive3/229,CAPorg13.jpg,1389.64,1509.29,1509.29,0.9207,0.9207,,0,0
unmapped,374,UNMAPPED_LOCAL_SOURCE,aug_rep_d8,E:\甲劈微循环\data\血管数据集\分类数据集\image\374_0.jpg,development,,,recovered_archive3/212,CAPorg3.jpg,1026.42,1029.84,1220.29,0.9967,0.8411,,0,0
unmapped,375,UNMAPPED_LOCAL_SOURCE,aug_rep_d8,E:\甲劈微循环\data\血管数据集\分类数据集\image\375_0.jpg,development,,,recovered_archive2/114,CAPorg1.jpg,1208.99,1346.11,1346.11,0.8981,0.8981,,0,0
unmapped,378,UNMAPPED_LOCAL_SOURCE,aug_rep_d8,E:\甲劈微循环\data\血管数据集\分类数据集\image\378_0.jpg,development,,,recovered_archive2/165,CAPorg4.jpg,2049.28,2071.84,2071.84,0.9891,0.9891,,0,0
unmapped,379,UNMAPPED_LOCAL_SOURCE,aug_rep_d8,E:\甲劈微循环\data\血管数据集\分类数据集\image\379_0.jpg,development,,,recovered_archive2/114,CAPorg1.jpg,983.86,1306.6,1306.6,0.753,0.753,,1,1
unmapped,380,UNMAPPED_LOCAL_SOURCE,aug_rep_d8,E:\甲劈微循环\data\血管数据集\分类数据集\image\380_0.jpg,development,,,recovered_archive2/114,CAPorg1.jpg,1125.42,1634.53,1634.53,0.6885,0.6885,,1,1
unmapped,381,UNMAPPED_LOCAL_SOURCE,aug_rep_d8,E:\甲劈微循环\data\血管数据集\分类数据集\image\381_0.jpg,development,,,recovered_archive2/112,CAPorg6.jpg,1324.95,1350.77,1350.77,0.9809,0.9809,,0,0
unmapped,382,UNMAPPED_LOCAL_SOURCE,aug_rep_d8,E:\甲劈微循环\data\血管数据集\分类数据集\image\382_0.jpg,development,,,recovered_archive3/254,CAPorg2.jpg,1033.84,1061.49,1061.49,0.974,0.974,,0,0
unmapped,384,UNMAPPED_LOCAL_SOURCE,aug_rep_d8,E:\甲劈微循环\data\血管数据集\分类数据集\image\384_0.jpg,development,,,recovered_archive2/114,CAPorg1.jpg,1271.74,1804.97,1804.97,0.7046,0.7046,,1,1
unmapped,390,UNMAPPED_LOCAL_SOURCE,aug_rep_d8,E:\甲劈微循环\data\血管数据集\分类数据集\image\390_0.jpg,development,,,recovered_archive2/114,CAPorg1.jpg,1154.06,1425.9,1425.9,0.8094,0.8094,,0,0
unmapped,391,UNMAPPED_LOCAL_SOURCE,aug_rep_d8,E:\甲劈微循环\data\血管数据集\分类数据集\image\391_0.jpg,development,,,recovered_archive2/114,CAPorg1.jpg,1487.28,1728.43,1728.43,0.8605,0.8605,,0,0
unmapped,392,UNMAPPED_LOCAL_SOURCE,aug_rep_d8,E:\甲劈微循环\data\血管数据集\分类数据集\image\392_0.jpg,development,,,recovered_archive2/114,CAPorg1.jpg,1429.39,1775.91,1775.91,0.8049,0.8049,,0,0
unmapped,393,UNMAPPED_LOCAL_SOURCE,aug_rep_d8,E:\甲劈微循环\data\血管数据集\分类数据集\image\393_0.jpg,development,,,recovered_archive2/114,CAPorg1.jpg,1632.18,2095.52,2095.52,0.7789,0.7789,,1,1
unmapped,394,UNMAPPED_LOCAL_SOURCE,aug_rep_d8,E:\甲劈微循环\data\血管数据集\分类数据集\image\394_0.jpg,development,,,recovered_archive2/175,CAPorg5.jpg,1489.04,1608.96,1608.96,0.9255,0.9255,,0,0
unmapped,395,UNMAPPED_LOCAL_SOURCE,aug_rep_d8,E:\甲劈微循环\data\血管数据集\分类数据集\image\395_0.jpg,development,,,recovered_archive3/248,CAPorg2.jpg,1534.59,1601.02,1601.02,0.9585,0.9585,,0,0
unmapped,396,UNMAPPED_LOCAL_SOURCE,aug_rep_d8,E:\甲劈微循环\data\血管数据集\分类数据集\image\396_0.jpg,development,,,recovered_archive2/114,CAPorg1.jpg,1248.09,1885.58,1885.58,0.6619,0.6619,,1,1
unmapped,397,UNMAPPED_LOCAL_SOURCE,aug_rep_d8,E:\甲劈微循环\data\血管数据集\分类数据集\image\397_0.jpg,development,,,recovered_archive1/78,CAPorg5.jpg,1224.91,1313.86,1313.86,0.9323,0.9323,,0,0
unmapped,398,UNMAPPED_LOCAL_SOURCE,aug_rep_d8,E:\甲劈微循环\data\血管数据集\分类数据集\image\398_0.jpg,development,,,recovered_archive2/114,CAPorg1.jpg,941.52,1242.91,1242.91,0.7575,0.7575,,1,1
unmapped,399,UNMAPPED_LOCAL_SOURCE,aug_rep_d8,E:\甲劈微循环\data\血管数据集\分类数据集\image\399_0.jpg,development,,,recovered_archive3/229,CAPorg13.jpg,1434.63,1612.62,1612.62,0.8896,0.8896,,0,0
unmapped,401,UNMAPPED_LOCAL_SOURCE,aug_rep_d8,E:\甲劈微循环\data\血管数据集\分类数据集\image\401_0.jpg,development,,,recovered_archive2/114,CAPorg1.jpg,1149.67,1713.1,1713.1,0.6711,0.6711,,1,1
unmapped,402,UNMAPPED_LOCAL_SOURCE,aug_rep_d8,E:\甲劈微循环\data\血管数据集\分类数据集\image\402_0.jpg,development,,,recovered_archive2/111,CAPorg2.jpg,1535.78,1629.29,1629.29,0.9426,0.9426,,0,0
unmapped,404,UNMAPPED_LOCAL_SOURCE,aug_rep_d8,E:\甲劈微循环\data\血管数据集\分类数据集\image\404_0.jpg,development,,,recovered_archive1/40,CAPorg2.jpg,1131.89,1197.83,1197.83,0.945,0.945,,0,0
unmapped,405,UNMAPPED_LOCAL_SOURCE,aug_rep_d8,E:\甲劈微循环\data\血管数据集\分类数据集\image\405_0.jpg,development,,,recovered_archive3/216,CAPorg3.jpg,958.16,1043.91,1043.91,0.9179,0.9179,,0,0
unmapped,406,UNMAPPED_LOCAL_SOURCE,aug_rep_d8,E:\甲劈微循环\data\血管数据集\分类数据集\image\406_0.jpg,development,,,recovered_archive2/165,CAPorg7.jpg,1125.8,1258.98,1258.98,0.8942,0.8942,,0,0
unmapped,407,UNMAPPED_LOCAL_SOURCE,aug_rep_d8,E:\甲劈微循环\data\血管数据集\分类数据集\image\407_0.jpg,development,,,recovered_archive2/114,CAPorg1.jpg,1687.06,2128.9,2128.9,0.7925,0.7925,,1,1
unmapped,409,UNMAPPED_LOCAL_SOURCE,aug_rep_d8,E:\甲劈微循环\data\血管数据集\分类数据集\image\409_0.jpg,development,,,recovered_archive2/114,CAPorg1.jpg,1479.74,1642.93,1642.93,0.9007,0.9007,,0,0
unmapped,410,UNMAPPED_LOCAL_SOURCE,aug_rep_d8,E:\甲劈微循环\data\血管数据集\分类数据集\image\410_0.jpg,development,,,recovered_archive3/218,CAPorg1.jpg,1103.4,1121.3,1121.3,0.984,0.984,,0,0
unmapped,412,UNMAPPED_LOCAL_SOURCE,aug_rep_d8,E:\甲劈微循环\data\血管数据集\分类数据集\image\412_0.jpg,development,,,recovered_archive3/224,CAPorg1.jpg,1876.87,2139.29,2139.29,0.8773,0.8773,,0,0
unmapped,413,UNMAPPED_LOCAL_SOURCE,aug_rep_d8,E:\甲劈微循环\data\血管数据集\分类数据集\image\413_0.jpg,development,,,recovered_archive2/114,CAPorg1.jpg,1198.15,1596.14,1596.14,0.7507,0.7507,,1,1
unmapped,414,UNMAPPED_LOCAL_SOURCE,aug_rep_d8,E:\甲劈微循环\data\血管数据集\分类数据集\image\414_0.jpg,development,,,recovered_archive3/212,CAPorg1.jpg,1280.95,1378.61,1378.61,0.9292,0.9292,,0,0
unmapped,415,UNMAPPED_LOCAL_SOURCE,aug_rep_d8,E:\甲劈微循环\data\血管数据集\分类数据集\image\415_0.jpg,development,,,recovered_archive2/114,CAPorg1.jpg,1377.6,1992.28,1992.28,0.6915,0.6915,,1,1
unmapped,416,UNMAPPED_LOCAL_SOURCE,aug_rep_d8,E:\甲劈微循环\data\血管数据集\分类数据集\image\416_0.jpg,development,,,recovered_archive3/229,CAPorg13.jpg,1423.59,1545.36,1545.36,0.9212,0.9212,,0,0
unmapped,417,UNMAPPED_LOCAL_SOURCE,aug_rep_d8,E:\甲劈微循环\data\血管数据集\分类数据集\image\417_0.jpg,development,,,recovered_archive2/114,CAPorg1.jpg,1427.37,1972.85,1972.85,0.7235,0.7235,,1,1
unmapped,419,UNMAPPED_LOCAL_SOURCE,aug_rep_d8,E:\甲劈微循环\data\血管数据集\分类数据集\image\419_0.jpg,development,,,recovered_archive2/114,CAPorg1.jpg,1473.37,1563.14,1563.14,0.9426,0.9426,,0,0
unmapped,420,UNMAPPED_LOCAL_SOURCE,aug_rep_d8,E:\甲劈微循环\data\血管数据集\分类数据集\image\420_0.jpg,development,,,recovered_archive2/114,CAPorg1.jpg,1241.62,1985.75,1985.75,0.6253,0.6253,,1,1
unmapped,421,UNMAPPED_LOCAL_SOURCE,aug_rep_d8,E:\甲劈微循环\data\血管数据集\分类数据集\image\421_0.jpg,development,,,recovered_archive2/118,CAPorg7.jpg,1321.99,1657.76,1657.76,0.7975,0.7975,,1,1
unmapped,422,UNMAPPED_LOCAL_SOURCE,aug_rep_d8,E:\甲劈微循环\data\血管数据集\分类数据集\image\422_0.jpg,development,,,recovered_archive2/175,CAPorg6.jpg,1505.48,1526.2,1526.65,0.9864,0.9861,,0,0
unmapped,424,UNMAPPED_LOCAL_SOURCE,aug_rep_d8,E:\甲劈微循环\data\血管数据集\分类数据集\image\424_0.jpg,development,,,recovered_archive3/227,CAPorg3.jpg,1163.94,1630.29,1630.29,0.7139,0.7139,,1,1
unmapped,425,UNMAPPED_LOCAL_SOURCE,aug_rep_d8,E:\甲劈微循环\data\血管数据集\分类数据集\image\425_0.jpg,development,,,recovered_archive2/165,CAPorg7.jpg,1549.46,1773.14,1773.14,0.8739,0.8739,,0,0
unmapped,426,UNMAPPED_LOCAL_SOURCE,aug_rep_d8,E:\甲劈微循环\data\血管数据集\分类数据集\image\426_0.jpg,development,,,recovered_archive3/227,CAPorg10.jpg,947.28,1077.52,1077.52,0.8791,0.8791,,0,0
unmapped,427,UNMAPPED_LOCAL_SOURCE,aug_rep_d8,E:\甲劈微循环\data\血管数据集\分类数据集\image\427_0.jpg,development,,,recovered_archive2/114,CAPorg1.jpg,1448.27,1823.63,1823.63,0.7942,0.7942,,1,1
unmapped,428,UNMAPPED_LOCAL_SOURCE,aug_rep_d8,E:\甲劈微循环\data\血管数据集\分类数据集\image\428_0.jpg,development,,,recovered_archive2/114,CAPorg1.jpg,1466.73,2304.0,2304.0,0.6366,0.6366,,1,1
unmapped,429,UNMAPPED_LOCAL_SOURCE,aug_rep_d8,E:\甲劈微循环\data\血管数据集\分类数据集\image\429_0.jpg,development,,,recovered_archive2/114,CAPorg1.jpg,1476.5,2055.17,2055.17,0.7184,0.7184,,1,1
unmapped,430,UNMAPPED_LOCAL_SOURCE,aug_rep_d8,E:\甲劈微循环\data\血管数据集\分类数据集\image\430_0.jpg,development,,,recovered_archive2/114,CAPorg1.jpg,1120.29,1816.81,1816.81,0.6166,0.6166,,1,1
unmapped,431,UNMAPPED_LOCAL_SOURCE,aug_rep_d8,E:\甲劈微循环\data\血管数据集\分类数据集\image\431_0.jpg,development,,,recovered_archive2/114,CAPorg1.jpg,1594.17,2201.79,2201.79,0.724,0.724,,1,1
unmapped,432,UNMAPPED_LOCAL_SOURCE,aug_rep_d8,E:\甲劈微循环\data\血管数据集\分类数据集\image\432_0.jpg,development,,,recovered_archive2/114,CAPorg1.jpg,1496.15,1989.26,1989.26,0.7521,0.7521,,1,1
unmapped,433,UNMAPPED_LOCAL_SOURCE,aug_rep_d8,E:\甲劈微循环\data\血管数据集\分类数据集\image\433_0.jpg,development,,,recovered_archive2/114,CAPorg1.jpg,1362.83,2124.0,2124.0,0.6416,0.6416,,1,1
unmapped,434,UNMAPPED_LOCAL_SOURCE,aug_rep_d8,E:\甲劈微循环\data\血管数据集\分类数据集\image\434_0.jpg,development,,,recovered_archive2/114,CAPorg1.jpg,1157.93,1496.97,1496.97,0.7735,0.7735,,1,1
unmapped,435,UNMAPPED_LOCAL_SOURCE,aug_rep_d8,E:\甲劈微循环\data\血管数据集\分类数据集\image\435_0.jpg,development,,,recovered_archive2/118,CAPorg7.jpg,1561.33,1673.85,1673.85,0.9328,0.9328,,0,0
unmapped,436,UNMAPPED_LOCAL_SOURCE,aug_rep_d8,E:\甲劈微循环\data\血管数据集\分类数据集\image\436_0.jpg,development,,,recovered_archive2/118,CAPorg7.jpg,1238.18,1252.17,1252.17,0.9888,0.9888,,0,0
unmapped,437,UNMAPPED_LOCAL_SOURCE,aug_rep_d8,E:\甲劈微循环\data\血管数据集\分类数据集\image\437_0.jpg,development,,,recovered_archive1/46,CAPorg8.jpg,1161.53,1618.49,1618.49,0.7177,0.7177,,1,1
unmapped,438,UNMAPPED_LOCAL_SOURCE,aug_rep_d8,E:\甲劈微循环\data\血管数据集\分类数据集\image\438_0.jpg,development,,,recovered_archive3/212,CAPorg3.jpg,1298.34,1396.48,1396.48,0.9297,0.9297,,0,0
unmapped,439,UNMAPPED_LOCAL_SOURCE,aug_rep_d8,E:\甲劈微循环\data\血管数据集\分类数据集\image\439_0.jpg,development,,,recovered_archive2/114,CAPorg1.jpg,1263.78,1547.59,1547.59,0.8166,0.8166,,0,0
unmapped,440,UNMAPPED_LOCAL_SOURCE,aug_rep_d8,E:\甲劈微循环\data\血管数据集\分类数据集\image\440_0.jpg,development,,,recovered_archive2/114,CAPorg1.jpg,1339.86,1879.56,1879.56,0.7129,0.7129,,1,1
unmapped,441,UNMAPPED_LOCAL_SOURCE,aug_rep_d8,E:\甲劈微循环\data\血管数据集\分类数据集\image\441_0.jpg,development,,,recovered_archive2/114,CAPorg1.jpg,1297.94,1872.29,1872.29,0.6932,0.6932,,1,1
unmapped,442,UNMAPPED_LOCAL_SOURCE,aug_rep_d8,E:\甲劈微循环\data\血管数据集\分类数据集\image\442_0.jpg,development,,,recovered_archive2/114,CAPorg1.jpg,1083.52,1858.58,1858.58,0.583,0.583,,1,1
unmapped,443,UNMAPPED_LOCAL_SOURCE,aug_rep_d8,E:\甲劈微循环\data\血管数据集\分类数据集\image\443_0.jpg,development,,,recovered_archive3/227,CAPorg3.jpg,1329.82,1645.36,1645.36,0.8082,0.8082,,0,0
unmapped,444,UNMAPPED_LOCAL_SOURCE,aug_rep_d8,E:\甲劈微循环\data\血管数据集\分类数据集\image\444_0.jpg,development,,,recovered_archive2/127,CAPorg11.jpg,1457.57,1613.84,1613.84,0.9032,0.9032,,0,0
unmapped,445,UNMAPPED_LOCAL_SOURCE,aug_rep_d8,E:\甲劈微循环\data\血管数据集\分类数据集\image\445_0.jpg,development,,,recovered_archive2/114,CAPorg1.jpg,1213.47,1618.61,1618.61,0.7497,0.7497,,1,1
unmapped,446,UNMAPPED_LOCAL_SOURCE,aug_rep_d8,E:\甲劈微循环\data\血管数据集\分类数据集\image\446_0.jpg,development,,,recovered_archive2/114,CAPorg1.jpg,1762.02,1922.26,1922.26,0.9166,0.9166,,0,0
unmapped,447,UNMAPPED_LOCAL_SOURCE,aug_rep_d8,E:\甲劈微循环\data\血管数据集\分类数据集\image\447_0.jpg,development,,,recovered_archive3/212,CAPorg1.jpg,1248.59,1298.74,1298.74,0.9614,0.9614,,0,0
unmapped,448,UNMAPPED_LOCAL_SOURCE,aug_rep_d8,E:\甲劈微循环\data\血管数据集\分类数据集\image\448_0.jpg,development,,,recovered_archive3/246,CAPorg2.jpg,1398.19,1606.07,1606.07,0.8706,0.8706,,0,0
unmapped,449,UNMAPPED_LOCAL_SOURCE,aug_rep_d8,E:\甲劈微循环\data\血管数据集\分类数据集\image\449_0.jpg,development,,,recovered_archive3/256,CAPorg10.jpg,1696.96,1728.04,1728.04,0.982,0.982,,0,0
unmapped,450,UNMAPPED_LOCAL_SOURCE,aug_rep_d8,E:\甲劈微循环\data\血管数据集\分类数据集\image\450_0.jpg,development,,,recovered_archive2/118,CAPorg7.jpg,1671.32,1685.64,1685.64,0.9915,0.9915,,0,0
unmapped,451,UNMAPPED_LOCAL_SOURCE,aug_rep_d8,E:\甲劈微循环\data\血管数据集\分类数据集\image\451_0.jpg,development,,,recovered_archive3/261,CAPorg3.jpg,1617.99,1657.33,1657.33,0.9763,0.9763,,0,0
unmapped,452,UNMAPPED_LOCAL_SOURCE,aug_rep_d8,E:\甲劈微循环\data\血管数据集\分类数据集\image\452_0.jpg,development,,,recovered_archive2/114,CAPorg1.jpg,1293.13,1523.01,1523.01,0.8491,0.8491,,0,0
unmapped,453,UNMAPPED_LOCAL_SOURCE,aug_rep_d8,E:\甲劈微循环\data\血管数据集\分类数据集\image\453_0.jpg,development,,,recovered_archive3/262,CAPorg1.jpg,1364.32,1427.63,1427.63,0.9557,0.9557,,0,0
unmapped,454,UNMAPPED_LOCAL_SOURCE,aug_rep_d8,E:\甲劈微循环\data\血管数据集\分类数据集\image\454_0.jpg,development,,,recovered_archive1/35,CAPorg8.jpg,1219.47,1276.18,1276.18,0.9556,0.9556,,0,0
unmapped,455,UNMAPPED_LOCAL_SOURCE,aug_rep_d8,E:\甲劈微循环\data\血管数据集\分类数据集\image\455_0.jpg,development,,,recovered_archive2/165,CAPorg4.jpg,1259.41,1353.74,1353.74,0.9303,0.9303,,0,0
unmapped,456,UNMAPPED_LOCAL_SOURCE,aug_rep_d8,E:\甲劈微循环\data\血管数据集\分类数据集\image\456_0.jpg,development,,,recovered_archive3/237,CAPorg4.jpg,1179.32,1206.99,1206.99,0.9771,0.9771,,0,0
unmapped,457,UNMAPPED_LOCAL_SOURCE,aug_rep_d8,E:\甲劈微循环\data\血管数据集\分类数据集\image\457_0.jpg,development,,,recovered_archive3/227,CAPorg7.jpg,1128.22,1311.95,1311.95,0.86,0.86,,0,0
unmapped,458,UNMAPPED_LOCAL_SOURCE,aug_rep_d8,E:\甲劈微循环\data\血管数据集\分类数据集\image\458_0.jpg,development,,,recovered_archive2/114,CAPorg1.jpg,1191.47,1304.37,1304.37,0.9134,0.9134,,0,0
unmapped,459,UNMAPPED_LOCAL_SOURCE,aug_rep_d8,E:\甲劈微循环\data\血管数据集\分类数据集\image\459_0.jpg,development,,,recovered_archive2/114,CAPorg1.jpg,1329.36,1721.63,1721.63,0.7722,0.7722,,1,1
unmapped,460,UNMAPPED_LOCAL_SOURCE,aug_rep_d8,E:\甲劈微循环\data\血管数据集\分类数据集\image\460_0.jpg,development,,,recovered_archive3/227,CAPorg3.jpg,999.07,1326.28,1326.28,0.7533,0.7533,,1,1
unmapped,461,UNMAPPED_LOCAL_SOURCE,aug_rep_d8,E:\甲劈微循环\data\血管数据集\分类数据集\image\461_0.jpg,development,,,recovered_archive2/114,CAPorg1.jpg,1280.63,1695.79,1695.79,0.7552,0.7552,,1,1
unmapped,462,UNMAPPED_LOCAL_SOURCE,aug_rep_d8,E:\甲劈微循环\data\血管数据集\分类数据集\image\462_0.jpg,development,,,recovered_archive3/212,CAPorg1.jpg,1169.66,1267.55,1267.55,0.9228,0.9228,,0,0
unmapped,463,UNMAPPED_LOCAL_SOURCE,aug_rep_d8,E:\甲劈微循环\data\血管数据集\分类数据集\image\463_0.jpg,development,,,recovered_archive2/118,CAPorg7.jpg,1627.26,1735.82,1735.82,0.9375,0.9375,,0,0
unmapped,464,UNMAPPED_LOCAL_SOURCE,aug_rep_d8,E:\甲劈微循环\data\血管数据集\分类数据集\image\464_0.jpg,development,,,recovered_archive1/78,CAPorg5.jpg,826.66,922.26,922.26,0.8963,0.8963,,0,0
unmapped,465,UNMAPPED_LOCAL_SOURCE,aug_rep_d8,E:\甲劈微循环\data\血管数据集\分类数据集\image\465_0.jpg,development,,,recovered_archive1/66,CAPorg9.jpg,771.61,830.92,830.92,0.9286,0.9286,,0,0
unmapped,466,UNMAPPED_LOCAL_SOURCE,aug_rep_d8,E:\甲劈微循环\data\血管数据集\分类数据集\image\466_0.jpg,development,,,recovered_archive2/175,CAPorg5.jpg,1220.45,1370.35,1370.35,0.8906,0.8906,,0,0
unmapped,467,UNMAPPED_LOCAL_SOURCE,aug_rep_d8,E:\甲劈微循环\data\血管数据集\分类数据集\image\467_0.jpg,development,,,recovered_archive2/122,CAPorg3.jpg,1040.31,1146.55,1146.55,0.9073,0.9073,,0,0
unmapped,468,UNMAPPED_LOCAL_SOURCE,aug_rep_d8,E:\甲劈微循环\data\血管数据集\分类数据集\image\468_0.jpg,development,,,recovered_archive3/212,CAPorg1.jpg,1784.18,1805.12,1947.51,0.9884,0.9161,,0,0
unmapped,469,UNMAPPED_LOCAL_SOURCE,aug_rep_d8,E:\甲劈微循环\data\血管数据集\分类数据集\image\469_0.jpg,development,,,recovered_archive2/175,CAPorg5.jpg,1181.65,1404.1,1404.1,0.8416,0.8416,,0,0
unmapped,470,UNMAPPED_LOCAL_SOURCE,aug_rep_d8,E:\甲劈微循环\data\血管数据集\分类数据集\image\470_0.jpg,development,,,recovered_archive2/126,CAPorg6.jpg,1361.94,1376.61,1376.61,0.9893,0.9893,,0,0
unmapped,471,UNMAPPED_LOCAL_SOURCE,aug_rep_d8,E:\甲劈微循环\data\血管数据集\分类数据集\image\471_0.jpg,development,,,recovered_archive2/199,CAPorg6.jpg,1022.24,1028.49,1028.49,0.9939,0.9939,,0,0
unmapped,472,UNMAPPED_LOCAL_SOURCE,aug_rep_d8,E:\甲劈微循环\data\血管数据集\分类数据集\image\472_0.jpg,development,,,recovered_archive3/231,CAPorg8.jpg,1259.94,1433.94,1435.19,0.8787,0.8779,,0,0
unmapped,473,UNMAPPED_LOCAL_SOURCE,aug_rep_d8,E:\甲劈微循环\data\血管数据集\分类数据集\image\473_0.jpg,development,,,recovered_archive2/114,CAPorg1.jpg,1287.65,2049.19,2049.19,0.6284,0.6284,,1,1
unmapped,474,UNMAPPED_LOCAL_SOURCE,aug_rep_d8,E:\甲劈微循环\data\血管数据集\分类数据集\image\474_0.jpg,development,,,recovered_archive1/80,CAPorg2.jpg,1038.36,1111.04,1111.04,0.9346,0.9346,,0,0
unmapped,475,UNMAPPED_LOCAL_SOURCE,aug_rep_d8,E:\甲劈微循环\data\血管数据集\分类数据集\image\475_0.jpg,development,,,recovered_archive2/114,CAPorg1.jpg,1729.46,1999.87,1999.87,0.8648,0.8648,,0,0
unmapped,476,UNMAPPED_LOCAL_SOURCE,aug_rep_d8,E:\甲劈微循环\data\血管数据集\分类数据集\image\476_0.jpg,development,,,recovered_archive3/246,CAPorg3.jpg,1293.81,1308.85,1308.85,0.9885,0.9885,,0,0
unmapped,477,UNMAPPED_LOCAL_SOURCE,aug_rep_d8,E:\甲劈微循环\data\血管数据集\分类数据集\image\477_0.jpg,development,,,recovered_archive3/227,CAPorg3.jpg,1226.65,1470.69,1470.69,0.8341,0.8341,,0,0
unmapped,478,UNMAPPED_LOCAL_SOURCE,aug_rep_d8,E:\甲劈微循环\data\血管数据集\分类数据集\image\478_0.jpg,development,,,recovered_archive2/165,CAPorg7.jpg,1665.7,1687.75,1687.75,0.9869,0.9869,,0,0
unmapped,479,UNMAPPED_LOCAL_SOURCE,aug_rep_d8,E:\甲劈微循环\data\血管数据集\分类数据集\image\479_0.jpg,development,,,recovered_archive2/175,CAPorg5.jpg,2092.55,2209.1,2209.1,0.9472,0.9472,,0,0
unmapped,480,UNMAPPED_LOCAL_SOURCE,aug_rep_d8,E:\甲劈微循环\data\血管数据集\分类数据集\image\480_0.jpg,development,,,recovered_archive3/212,CAPorg1.jpg,1377.31,1512.99,1541.83,0.9103,0.8933,,0,0
unmapped,481,UNMAPPED_LOCAL_SOURCE,aug_rep_d8,E:\甲劈微循环\data\血管数据集\分类数据集\image\481_0.jpg,development,,,recovered_archive2/114,CAPorg1.jpg,1703.44,2109.0,2109.0,0.8077,0.8077,,0,0
unmapped,482,UNMAPPED_LOCAL_SOURCE,aug_rep_d8,E:\甲劈微循环\data\血管数据集\分类数据集\image\482_0.jpg,development,,,recovered_archive2/114,CAPorg1.jpg,1446.84,1823.1,1823.1,0.7936,0.7936,,1,1
unmapped,483,UNMAPPED_LOCAL_SOURCE,aug_rep_d8,E:\甲劈微循环\data\血管数据集\分类数据集\image\483_0.jpg,development,,,recovered_archive2/114,CAPorg1.jpg,1307.67,1855.77,1855.77,0.7046,0.7046,,1,1
unmapped,484,UNMAPPED_LOCAL_SOURCE,aug_rep_d8,E:\甲劈微循环\data\血管数据集\分类数据集\image\484_0.jpg,development,,,recovered_archive2/136,CAPorg12.jpg,2136.55,2189.68,2189.68,0.9757,0.9757,,0,0
unmapped,485,UNMAPPED_LOCAL_SOURCE,aug_rep_d8,E:\甲劈微循环\data\血管数据集\分类数据集\image\485_0.jpg,development,,,recovered_archive3/212,CAPorg1.jpg,1479.51,1598.64,1598.64,0.9255,0.9255,,0,0
unmapped,486,UNMAPPED_LOCAL_SOURCE,aug_rep_d8,E:\甲劈微循环\data\血管数据集\分类数据集\image\486_0.jpg,development,,,recovered_archive2/114,CAPorg1.jpg,1353.03,1853.61,1853.61,0.7299,0.7299,,1,1
unmapped,487,UNMAPPED_LOCAL_SOURCE,aug_rep_d8,E:\甲劈微循环\data\血管数据集\分类数据集\image\487_0.jpg,development,,,recovered_archive2/165,CAPorg7.jpg,1279.59,1554.41,1554.41,0.8232,0.8232,,0,0
unmapped,488,UNMAPPED_LOCAL_SOURCE,aug_rep_d8,E:\甲劈微循环\data\血管数据集\分类数据集\image\488_0.jpg,development,,,recovered_archive3/248,CAPorg2.jpg,1374.77,1580.88,1580.88,0.8696,0.8696,,0,0
unmapped,489,UNMAPPED_LOCAL_SOURCE,aug_rep_d8,E:\甲劈微循环\data\血管数据集\分类数据集\image\489_0.jpg,development,,,recovered_archive3/231,CAPorg8.jpg,1766.8,1770.37,1770.37,0.998,0.998,,0,0
unmapped,490,UNMAPPED_LOCAL_SOURCE,aug_rep_d8,E:\甲劈微循环\data\血管数据集\分类数据集\image\490_0.jpg,development,,,recovered_archive1/82,CAPorg1.jpg,1504.6,1582.21,1582.21,0.9509,0.9509,,0,0
unmapped,491,UNMAPPED_LOCAL_SOURCE,aug_rep_d8,E:\甲劈微循环\data\血管数据集\分类数据集\image\491_0.jpg,development,,,recovered_archive2/114,CAPorg1.jpg,1320.1,1604.78,1604.78,0.8226,0.8226,,0,0
unmapped,492,UNMAPPED_LOCAL_SOURCE,aug_rep_d8,E:\甲劈微循环\data\血管数据集\分类数据集\image\492_0.jpg,development,,,recovered_archive1/71,CAPorg4.jpg,1150.61,1380.61,1380.61,0.8334,0.8334,,0,0
unmapped,493,UNMAPPED_LOCAL_SOURCE,aug_rep_d8,E:\甲劈微循环\data\血管数据集\分类数据集\image\493_0.jpg,development,,,recovered_archive2/118,CAPorg7.jpg,1529.96,1733.31,1733.31,0.8827,0.8827,,0,0
unmapped,494,UNMAPPED_LOCAL_SOURCE,aug_rep_d8,E:\甲劈微循环\data\血管数据集\分类数据集\image\494_0.jpg,development,,,recovered_archive2/139,CAPorg3.jpg,905.89,2290.89,2290.89,0.3954,0.3954,,1,1
unmapped,495,UNMAPPED_LOCAL_SOURCE,aug_rep_d8,E:\甲劈微循环\data\血管数据集\分类数据集\image\495_0.jpg,development,,,recovered_archive3/248,CAPorg2.jpg,1326.46,1535.99,1535.99,0.8636,0.8636,,0,0
unmapped,497,UNMAPPED_LOCAL_SOURCE,aug_rep_d8,E:\甲劈微循环\data\血管数据集\分类数据集\image\497_0.jpg,development,,,recovered_archive3/254,CAPorg6.jpg,1643.17,1744.41,1744.41,0.942,0.942,,0,0
unmapped,499,UNMAPPED_LOCAL_SOURCE,aug_rep_d8,E:\甲劈微循环\data\血管数据集\分类数据集\image\499_0.jpg,development,,,recovered_archive3/227,CAPorg3.jpg,1331.83,1613.83,1613.83,0.8253,0.8253,,0,0
unmapped,500,UNMAPPED_LOCAL_SOURCE,aug_rep_d8,E:\甲劈微循环\data\血管数据集\分类数据集\image\500_0.jpg,development,,,recovered_archive2/114,CAPorg1.jpg,1162.78,1719.56,1719.56,0.6762,0.6762,,1,1
unmapped,501,UNMAPPED_LOCAL_SOURCE,aug_rep_d8,E:\甲劈微循环\data\血管数据集\分类数据集\image\501_0.jpg,development,,,recovered_archive2/161,CAPorg9.jpg,1332.41,1337.33,1337.33,0.9963,0.9963,,0,0
unmapped,504,UNMAPPED_LOCAL_SOURCE,aug_rep_d8,E:\甲劈微循环\data\血管数据集\分类数据集\image\504_0.jpg,development,,,recovered_archive3/227,CAPorg2.jpg,1554.26,1960.47,1960.47,0.7928,0.7928,,1,1
unmapped,506,UNMAPPED_LOCAL_SOURCE,aug_rep_d8,E:\甲劈微循环\data\血管数据集\分类数据集\image\506_0.jpg,development,,,recovered_archive2/114,CAPorg1.jpg,2008.09,2040.81,2040.81,0.984,0.984,,0,0
unmapped,508,UNMAPPED_LOCAL_SOURCE,aug_rep_d8,E:\甲劈微循环\data\血管数据集\分类数据集\image\508_0.jpg,development,,,recovered_archive2/118,CAPorg7.jpg,1609.97,1830.44,1830.44,0.8796,0.8796,,0,0
unmapped,510,UNMAPPED_LOCAL_SOURCE,aug_rep_d8,E:\甲劈微循环\data\血管数据集\分类数据集\image\510_0.jpg,development,,,recovered_archive3/248,CAPorg7.jpg,1278.37,1378.66,1378.66,0.9273,0.9273,,0,0
unmapped,512,UNMAPPED_LOCAL_SOURCE,aug_rep_d8,E:\甲劈微循环\data\血管数据集\分类数据集\image\512_0.jpg,development,,,recovered_archive2/114,CAPorg1.jpg,1292.76,1822.39,1822.39,0.7094,0.7094,,1,1
unmapped,514,UNMAPPED_LOCAL_SOURCE,aug_rep_d8,E:\甲劈微循环\data\血管数据集\分类数据集\image\514_0.jpg,development,,,recovered_archive1/78,CAPorg6.jpg,605.13,642.34,679.0,0.9421,0.8912,,0,0
unmapped,516,UNMAPPED_LOCAL_SOURCE,aug_rep_d8,E:\甲劈微循环\data\血管数据集\分类数据集\image\516_0.jpg,development,,,recovered_archive3/227,CAPorg3.jpg,1112.84,1788.56,1788.56,0.6222,0.6222,,1,1
unmapped,520,UNMAPPED_LOCAL_SOURCE,aug_rep_d8,E:\甲劈微循环\data\血管数据集\分类数据集\image\520_0.jpg,development,,,recovered_archive2/165,CAPorg7.jpg,1863.32,1957.3,1957.3,0.952,0.952,,0,0
unmapped,521,UNMAPPED_LOCAL_SOURCE,aug_rep_d8,E:\甲劈微循环\data\血管数据集\分类数据集\image\521_0.jpg,development,,,recovered_archive2/122,CAPorg12.jpg,1169.06,1349.0,1349.0,0.8666,0.8666,,0,0
unmapped,524,UNMAPPED_LOCAL_SOURCE,aug_rep_d8,E:\甲劈微循环\data\血管数据集\分类数据集\image\524_0.jpg,development,,,recovered_archive3/248,CAPorg2.jpg,1830.99,1936.03,1936.03,0.9457,0.9457,,0,0
unmapped,525,UNMAPPED_LOCAL_SOURCE,aug_rep_d8,E:\甲劈微循环\data\血管数据集\分类数据集\image\525_0.jpg,development,,,recovered_archive1/41,CAPorg16.jpg,1185.59,1227.89,1227.89,0.9656,0.9656,,0,0
unmapped,526,UNMAPPED_LOCAL_SOURCE,aug_rep_d8,E:\甲劈微循环\data\血管数据集\分类数据集\image\526_0.jpg,development,,,recovered_archive1/78,CAPorg5.jpg,1157.32,1199.84,1199.84,0.9646,0.9646,,0,0
unmapped,528,UNMAPPED_LOCAL_SOURCE,aug_rep_d8,E:\甲劈微循环\data\血管数据集\分类数据集\image\528_0.jpg,development,,,recovered_archive3/231,CAPorg8.jpg,1058.05,1220.71,1260.08,0.8667,0.8397,,0,0
unmapped,529,UNMAPPED_LOCAL_SOURCE,aug_rep_d8,E:\甲劈微循环\data\血管数据集\分类数据集\image\529_0.jpg,development,,,recovered_archive2/118,CAPorg7.jpg,1774.07,1795.85,1795.85,0.9879,0.9879,,0,0
unmapped,531,UNMAPPED_LOCAL_SOURCE,aug_rep_d8,E:\甲劈微循环\data\血管数据集\分类数据集\image\531_0.jpg,development,,,recovered_archive2/114,CAPorg1.jpg,1347.39,1866.75,1866.75,0.7218,0.7218,,1,1
unmapped,532,UNMAPPED_LOCAL_SOURCE,aug_rep_d8,E:\甲劈微循环\data\血管数据集\分类数据集\image\532_0.jpg,development,,,recovered_archive3/248,CAPorg2.jpg,2039.57,2209.08,2209.08,0.9233,0.9233,,0,0
unmapped,533,UNMAPPED_LOCAL_SOURCE,aug_rep_d8,E:\甲劈微循环\data\血管数据集\分类数据集\image\533_0.jpg,development,,,recovered_archive2/114,CAPorg1.jpg,1317.04,1662.99,1662.99,0.792,0.792,,1,1
unmapped,534,UNMAPPED_LOCAL_SOURCE,aug_rep_d8,E:\甲劈微循环\data\血管数据集\分类数据集\image\534_0.jpg,development,,,recovered_archive2/114,CAPorg1.jpg,1960.01,2304.0,2304.0,0.8507,0.8507,,0,0
unmapped,536,UNMAPPED_LOCAL_SOURCE,aug_rep_d8,E:\甲劈微循环\data\血管数据集\分类数据集\image\536_0.jpg,development,,,recovered_archive1/71,CAPorg3.jpg,1437.69,1515.23,1515.23,0.9488,0.9488,,0,0
unmapped,537,UNMAPPED_LOCAL_SOURCE,aug_rep_d8,E:\甲劈微循环\data\血管数据集\分类数据集\image\537_0.jpg,development,,,recovered_archive1/85,CAPorg7.jpg,1277.18,1376.13,1376.13,0.9281,0.9281,,0,0
unmapped,538,UNMAPPED_LOCAL_SOURCE,aug_rep_d8,E:\甲劈微循环\data\血管数据集\分类数据集\image\538_0.jpg,development,,,recovered_archive2/114,CAPorg1.jpg,1109.22,1630.67,1630.67,0.6802,0.6802,,1,1
unmapped,539,UNMAPPED_LOCAL_SOURCE,aug_rep_d8,E:\甲劈微循环\data\血管数据集\分类数据集\image\539_0.jpg,development,,,recovered_archive3/202,CAPorg6.jpg,1601.26,1623.91,1727.79,0.9861,0.9268,,0,0
unmapped,540,UNMAPPED_LOCAL_SOURCE,aug_rep_d8,E:\甲劈微循环\data\血管数据集\分类数据集\image\540_0.jpg,development,,,recovered_archive2/114,CAPorg1.jpg,1332.14,1903.98,1903.98,0.6997,0.6997,,1,1
unmapped,541,UNMAPPED_LOCAL_SOURCE,aug_rep_d8,E:\甲劈微循环\data\血管数据集\分类数据集\image\541_0.jpg,development,,,recovered_archive3/248,CAPorg2.jpg,1780.51,1837.38,1837.38,0.969,0.969,,0,0
unmapped,542,UNMAPPED_LOCAL_SOURCE,aug_rep_d8,E:\甲劈微循环\data\血管数据集\分类数据集\image\542_0.jpg,development,,,recovered_archive2/114,CAPorg1.jpg,1397.26,1766.69,1766.69,0.7909,0.7909,,1,1
unmapped,544,UNMAPPED_LOCAL_SOURCE,aug_rep_d8,E:\甲劈微循环\data\血管数据集\分类数据集\image\544_0.jpg,development,,,recovered_archive3/261,CAPorg2.jpg,1012.98,1159.66,1159.66,0.8735,0.8735,,0,0
unmapped,545,UNMAPPED_LOCAL_SOURCE,aug_rep_d8,E:\甲劈微循环\data\血管数据集\分类数据集\image\545_0.jpg,development,,,recovered_archive2/118,CAPorg11.jpg,1136.59,1165.71,1165.71,0.975,0.975,,0,0
unmapped,546,UNMAPPED_LOCAL_SOURCE,aug_rep_d8,E:\甲劈微循环\data\血管数据集\分类数据集\image\546_0.jpg,development,,,recovered_archive3/234,CAPorg7.jpg,1801.82,1955.2,2061.91,0.9216,0.8739,,0,0
unmapped,547,UNMAPPED_LOCAL_SOURCE,aug_rep_d8,E:\甲劈微循环\data\血管数据集\分类数据集\image\547_0.jpg,development,,,recovered_archive2/122,CAPorg10.jpg,1400.79,1448.09,1448.09,0.9673,0.9673,,0,0
unmapped,549,UNMAPPED_LOCAL_SOURCE,aug_rep_d8,E:\甲劈微循环\data\血管数据集\分类数据集\image\549_0.jpg,development,,,recovered_archive2/175,CAPorg5.jpg,1301.58,1505.59,1505.59,0.8645,0.8645,,0,0
unmapped,550,UNMAPPED_LOCAL_SOURCE,aug_rep_d8,E:\甲劈微循环\data\血管数据集\分类数据集\image\550_0.jpg,development,,,recovered_archive3/265,CAPorg2.jpg,1421.45,1489.32,1489.32,0.9544,0.9544,,0,0
unmapped,552,UNMAPPED_LOCAL_SOURCE,aug_rep_d8,E:\甲劈微循环\data\血管数据集\分类数据集\image\552_0.jpg,development,,,recovered_archive2/114,CAPorg1.jpg,1869.46,1902.79,1902.79,0.9825,0.9825,,0,0
unmapped,553,UNMAPPED_LOCAL_SOURCE,aug_rep_d8,E:\甲劈微循环\data\血管数据集\分类数据集\image\553_0.jpg,development,,,recovered_archive3/212,CAPorg1.jpg,1544.52,1562.86,1677.44,0.9883,0.9208,,0,0
unmapped,554,UNMAPPED_LOCAL_SOURCE,aug_rep_d8,E:\甲劈微循环\data\血管数据集\分类数据集\image\554_0.jpg,development,,,recovered_archive2/161,CAPorg9.jpg,1374.34,1444.7,1444.7,0.9513,0.9513,,0,0
unmapped,555,UNMAPPED_LOCAL_SOURCE,aug_rep_d8,E:\甲劈微循环\data\血管数据集\分类数据集\image\555_0.jpg,development,,,recovered_archive1/99,CAPorg8.jpg,2168.89,2304.0,2304.0,0.9414,0.9414,,0,0
unmapped,558,UNMAPPED_LOCAL_SOURCE,aug_rep_d8,E:\甲劈微循环\data\血管数据集\分类数据集\image\558_0.jpg,development,,,recovered_archive3/267,CAPorg6.jpg,1140.45,1321.1,1321.1,0.8633,0.8633,,0,0
unmapped,559,UNMAPPED_LOCAL_SOURCE,aug_rep_d8,E:\甲劈微循环\data\血管数据集\分类数据集\image\559_0.jpg,development,,,recovered_archive2/114,CAPorg1.jpg,1135.07,1488.98,1488.98,0.7623,0.7623,,1,1
unmapped,560,UNMAPPED_LOCAL_SOURCE,aug_rep_d8,E:\甲劈微循环\data\血管数据集\分类数据集\image\560_0.jpg,development,,,recovered_archive3/227,CAPorg3.jpg,1022.03,1407.75,1407.75,0.726,0.726,,1,1
unmapped,562,UNMAPPED_LOCAL_SOURCE,aug_rep_d8,E:\甲劈微循环\data\血管数据集\分类数据集\image\562_0.jpg,development,,,recovered_archive2/114,CAPorg1.jpg,1189.26,1674.56,1674.56,0.7102,0.7102,,1,1
unmapped,563,UNMAPPED_LOCAL_SOURCE,aug_rep_d8,E:\甲劈微循环\data\血管数据集\分类数据集\image\563_0.jpg,development,,,recovered_archive2/118,CAPorg7.jpg,1400.09,1523.58,1523.58,0.919,0.919,,0,0
unmapped,564,UNMAPPED_LOCAL_SOURCE,aug_rep_d8,E:\甲劈微循环\data\血管数据集\分类数据集\image\564_0.jpg,development,,,recovered_archive2/114,CAPorg1.jpg,1497.08,2217.79,2217.79,0.675,0.675,,1,1
unmapped,565,UNMAPPED_LOCAL_SOURCE,aug_rep_d8,E:\甲劈微循环\data\血管数据集\分类数据集\image\565_0.jpg,development,,,recovered_archive1/46,CAPorg8.jpg,1434.98,1819.91,1819.91,0.7885,0.7885,,1,1
unmapped,566,UNMAPPED_LOCAL_SOURCE,aug_rep_d8,E:\甲劈微循环\data\血管数据集\分类数据集\image\566_0.jpg,development,,,recovered_archive2/184,CAPorg1.jpg,1399.24,1557.81,1557.81,0.8982,0.8982,,0,0
unmapped,567,UNMAPPED_LOCAL_SOURCE,aug_rep_d8,E:\甲劈微循环\data\血管数据集\分类数据集\image\567_0.jpg,development,,,recovered_archive3/212,CAPorg3.jpg,1601.7,1623.48,1623.48,0.9866,0.9866,,0,0
unmapped,568,UNMAPPED_LOCAL_SOURCE,aug_rep_d8,E:\甲劈微循环\data\血管数据集\分类数据集\image\568_0.jpg,development,,,recovered_archive2/114,CAPorg1.jpg,1144.63,1171.12,1171.12,0.9774,0.9774,,0,0
unmapped,569,UNMAPPED_LOCAL_SOURCE,aug_rep_d8,E:\甲劈微循环\data\血管数据集\分类数据集\image\569_0.jpg,development,,,recovered_archive2/184,CAPorg1.jpg,1193.78,1340.61,1340.61,0.8905,0.8905,,0,0
unmapped,570,UNMAPPED_LOCAL_SOURCE,aug_rep_d8,E:\甲劈微循环\data\血管数据集\分类数据集\image\570_0.jpg,development,,,recovered_archive3/231,CAPorg10.jpg,1169.19,1177.55,1177.55,0.9929,0.9929,,0,0
unmapped,571,UNMAPPED_LOCAL_SOURCE,aug_rep_d8,E:\甲劈微循环\data\血管数据集\分类数据集\image\571_0.jpg,development,,,recovered_archive1/97,CAPorg7.jpg,1931.06,2250.6,2250.6,0.858,0.858,,0,0
unmapped,572,UNMAPPED_LOCAL_SOURCE,aug_rep_d8,E:\甲劈微循环\data\血管数据集\分类数据集\image\572_0.jpg,development,,,recovered_archive2/114,CAPorg1.jpg,1121.35,2005.2,2005.2,0.5592,0.5592,,1,1
unmapped,573,UNMAPPED_LOCAL_SOURCE,aug_rep_d8,E:\甲劈微循环\data\血管数据集\分类数据集\image\573_0.jpg,development,,,recovered_archive3/227,CAPorg3.jpg,1080.99,1352.76,1352.76,0.7991,0.7991,,1,1
unmapped,574,UNMAPPED_LOCAL_SOURCE,aug_rep_d8,E:\甲劈微循环\data\血管数据集\分类数据集\image\574_0.jpg,development,,,recovered_archive3/254,CAPorg5.jpg,1269.93,1433.67,1433.67,0.8858,0.8858,,0,0
unmapped,575,UNMAPPED_LOCAL_SOURCE,aug_rep_d8,E:\甲劈微循环\data\血管数据集\分类数据集\image\575_0.jpg,development,,,recovered_archive2/175,CAPorg5.jpg,1567.81,1682.25,1682.25,0.932,0.932,,0,0
unmapped,576,UNMAPPED_LOCAL_SOURCE,aug_rep_d8,E:\甲劈微循环\data\血管数据集\分类数据集\image\576_0.jpg,development,,,recovered_archive1/90,CAPorg3.jpg,1247.21,1288.91,1288.91,0.9676,0.9676,,0,0
unmapped,579,UNMAPPED_LOCAL_SOURCE,aug_rep_d8,E:\甲劈微循环\data\血管数据集\分类数据集\image\579_0.jpg,development,,,recovered_archive1/78,CAPorg5.jpg,806.4,977.0,990.21,0.8254,0.8144,,0,0
unmapped,580,UNMAPPED_LOCAL_SOURCE,aug_rep_d8,E:\甲劈微循环\data\血管数据集\分类数据集\image\580_0.jpg,development,,,recovered_archive2/114,CAPorg1.jpg,1491.15,1828.31,1828.31,0.8156,0.8156,,0,0
unmapped,581,UNMAPPED_LOCAL_SOURCE,aug_rep_d8,E:\甲劈微循环\data\血管数据集\分类数据集\image\581_0.jpg,development,,,recovered_archive3/212,CAPorg3.jpg,1277.9,1313.42,1313.42,0.973,0.973,,0,0
unmapped,1,UNMAPPED_LOCAL_SOURCE,aug_rep_d8,E:\甲劈微循环\data\血管数据集\分类数据集\image\1_0.jpg,locked,,,recovered_archive2/193,CAPorg9.jpg,2065.61,2080.66,2080.66,0.9928,0.9928,,0,0
unmapped,2,UNMAPPED_LOCAL_SOURCE,aug_rep_d8,E:\甲劈微循环\data\血管数据集\分类数据集\image\2_0.jpg,locked,,,recovered_archive2/193,CAPorg9.jpg,1242.32,1252.87,1744.04,0.9916,0.7123,,0,1
unmapped,3,UNMAPPED_LOCAL_SOURCE,aug_rep_d8,E:\甲劈微循环\data\血管数据集\分类数据集\image\3_0.jpg,locked,,,recovered_archive3/219,CAPorg4.jpg,849.38,909.63,1145.56,0.9338,0.7415,,0,1
unmapped,4,UNMAPPED_LOCAL_SOURCE,aug_rep_d8,E:\甲劈微循环\data\血管数据集\分类数据集\image\4_0.jpg,locked,,,recovered_archive3/219,CAPorg2.jpg,1149.23,1447.39,1447.39,0.794,0.794,,1,1
unmapped,5,UNMAPPED_LOCAL_SOURCE,aug_rep_d8,E:\甲劈微循环\data\血管数据集\分类数据集\image\5_0.jpg,locked,,,recovered_archive3/247,CAPorg6.jpg,1754.88,1904.45,1904.45,0.9215,0.9215,,0,0
unmapped,6,UNMAPPED_LOCAL_SOURCE,aug_rep_d8,E:\甲劈微循环\data\血管数据集\分类数据集\image\6_0.jpg,locked,,,recovered_archive2/193,CAPorg9.jpg,1348.3,1464.13,1464.13,0.9209,0.9209,,0,0
unmapped,7,UNMAPPED_LOCAL_SOURCE,aug_rep_d8,E:\甲劈微循环\data\血管数据集\分类数据集\image\7_0.jpg,locked,,,recovered_archive3/219,CAPorg4.jpg,1173.19,1191.97,1191.97,0.9842,0.9842,,0,0
unmapped,8,UNMAPPED_LOCAL_SOURCE,aug_rep_d8,E:\甲劈微循环\data\血管数据集\分类数据集\image\8_0.jpg,locked,,,recovered_archive2/193,CAPorg9.jpg,979.18,1176.4,1176.4,0.8324,0.8324,,0,0
unmapped,9,UNMAPPED_LOCAL_SOURCE,aug_rep_d8,E:\甲劈微循环\data\血管数据集\分类数据集\image\9_0.jpg,locked,,,recovered_archive3/205,CAPorg6.jpg,996.24,997.84,1092.69,0.9984,0.9117,,0,0
unmapped,10,UNMAPPED_LOCAL_SOURCE,aug_rep_d8,E:\甲劈微循环\data\血管数据集\分类数据集\image\10_0.jpg,locked,,,recovered_archive2/193,CAPorg9.jpg,776.93,1012.0,1148.08,0.7677,0.6767,,1,1
unmapped,11,UNMAPPED_LOCAL_SOURCE,aug_rep_d8,E:\甲劈微循环\data\血管数据集\分类数据集\image\11_0.jpg,locked,,,recovered_archive2/193,CAPorg9.jpg,1619.74,1722.56,1837.87,0.9403,0.8813,,0,0
unmapped,12,UNMAPPED_LOCAL_SOURCE,aug_rep_d8,E:\甲劈微循环\data\血管数据集\分类数据集\image\12_0.jpg,locked,,,recovered_archive2/193,CAPorg9.jpg,1387.11,1449.73,1449.73,0.9568,0.9568,,0,0
unmapped,14,UNMAPPED_LOCAL_SOURCE,aug_rep_d8,E:\甲劈微循环\data\血管数据集\分类数据集\image\14_0.jpg,locked,,,recovered_archive2/193,CAPorg9.jpg,1118.15,1493.5,1540.97,0.7487,0.7256,,1,1
unmapped,15,UNMAPPED_LOCAL_SOURCE,aug_rep_d8,E:\甲劈微循环\data\血管数据集\分类数据集\image\15_0.jpg,locked,,,recovered_archive2/193,CAPorg9.jpg,1269.86,1368.57,1368.57,0.9279,0.9279,,0,0
unmapped,16,UNMAPPED_LOCAL_SOURCE,aug_rep_d8,E:\甲劈微循环\data\血管数据集\分类数据集\image\16_0.jpg,locked,,,recovered_archive3/236,CAPorg4.jpg,1525.25,1603.89,1603.89,0.951,0.951,,0,0
unmapped,17,UNMAPPED_LOCAL_SOURCE,aug_rep_d8,E:\甲劈微循环\data\血管数据集\分类数据集\image\17_0.jpg,locked,,,recovered_archive1/73,CAPorg9.jpg,2020.6,2063.27,2063.27,0.9793,0.9793,,0,0
unmapped,18,UNMAPPED_LOCAL_SOURCE,aug_rep_d8,E:\甲劈微循环\data\血管数据集\分类数据集\image\18_0.jpg,locked,,,recovered_archive3/219,CAPorg4.jpg,1014.78,1266.06,1275.55,0.8015,0.7956,,0,1
unmapped,19,UNMAPPED_LOCAL_SOURCE,aug_rep_d8,E:\甲劈微循环\data\血管数据集\分类数据集\image\19_0.jpg,locked,,,recovered_archive3/219,CAPorg4.jpg,1423.79,1426.17,1426.17,0.9983,0.9983,,0,0
unmapped,20,UNMAPPED_LOCAL_SOURCE,aug_rep_d8,E:\甲劈微循环\data\血管数据集\分类数据集\image\20_0.jpg,locked,,,recovered_archive2/196,CAPorg2.jpg,1730.84,1850.0,1850.0,0.9356,0.9356,,0,0
unmapped,21,UNMAPPED_LOCAL_SOURCE,aug_rep_d8,E:\甲劈微循环\data\血管数据集\分类数据集\image\21_0.jpg,locked,,,recovered_archive2/102,CAPorg7.jpg,1456.03,1465.09,1466.2,0.9938,0.9931,,0,0
unmapped,22,UNMAPPED_LOCAL_SOURCE,aug_rep_d8,E:\甲劈微循环\data\血管数据集\分类数据集\image\22_0.jpg,locked,,,recovered_archive3/219,CAPorg4.jpg,1473.42,1603.93,1608.64,0.9186,0.9159,,0,0
unmapped,23,UNMAPPED_LOCAL_SOURCE,aug_rep_d8,E:\甲劈微循环\data\血管数据集\分类数据集\image\23_0.jpg,locked,,,recovered_archive2/193,CAPorg9.jpg,990.41,1071.46,1071.46,0.9244,0.9244,,0,0
unmapped,25,UNMAPPED_LOCAL_SOURCE,aug_rep_d8,E:\甲劈微循环\data\血管数据集\分类数据集\image\25_0.jpg,locked,,,recovered_archive2/193,CAPorg9.jpg,924.75,1268.25,1423.38,0.7292,0.6497,,1,1
unmapped,26,UNMAPPED_LOCAL_SOURCE,aug_rep_d8,E:\甲劈微循环\data\血管数据集\分类数据集\image\26_0.jpg,locked,,,recovered_archive3/219,CAPorg4.jpg,1075.11,1100.16,1401.67,0.9772,0.767,,0,1
unmapped,27,UNMAPPED_LOCAL_SOURCE,aug_rep_d8,E:\甲劈微循环\data\血管数据集\分类数据集\image\27_0.jpg,locked,,,recovered_archive2/193,CAPorg9.jpg,968.22,1083.01,1083.01,0.894,0.894,,0,0
unmapped,28,UNMAPPED_LOCAL_SOURCE,aug_rep_d8,E:\甲劈微循环\data\血管数据集\分类数据集\image\28_0.jpg,locked,,,recovered_archive2/157,CAPorg6.jpg,1413.69,1453.97,1453.97,0.9723,0.9723,,0,0
unmapped,29,UNMAPPED_LOCAL_SOURCE,aug_rep_d8,E:\甲劈微循环\data\血管数据集\分类数据集\image\29_0.jpg,locked,,,recovered_archive2/193,CAPorg9.jpg,1779.36,1851.99,1851.99,0.9608,0.9608,,0,0
unmapped,30,UNMAPPED_LOCAL_SOURCE,aug_rep_d8,E:\甲劈微循环\data\血管数据集\分类数据集\image\30_0.jpg,locked,,,recovered_archive2/193,CAPorg9.jpg,1780.71,1989.08,2289.55,0.8952,0.7778,,0,1
unmapped,31,UNMAPPED_LOCAL_SOURCE,aug_rep_d8,E:\甲劈微循环\data\血管数据集\分类数据集\image\31_0.jpg,locked,,,recovered_archive2/193,CAPorg9.jpg,1075.99,1205.52,1789.14,0.8925,0.6014,,0,1
unmapped,32,UNMAPPED_LOCAL_SOURCE,aug_rep_d8,E:\甲劈微循环\data\血管数据集\分类数据集\image\32_0.jpg,locked,,,recovered_archive2/193,CAPorg9.jpg,937.59,1249.94,1474.73,0.7501,0.6358,,1,1
unmapped,33,UNMAPPED_LOCAL_SOURCE,aug_rep_d8,E:\甲劈微循环\data\血管数据集\分类数据集\image\33_0.jpg,locked,,,recovered_archive3/219,CAPorg4.jpg,1201.74,1229.0,1229.0,0.9778,0.9778,,0,0
unmapped,34,UNMAPPED_LOCAL_SOURCE,aug_rep_d8,E:\甲劈微循环\data\血管数据集\分类数据集\image\34_0.jpg,locked,,,recovered_archive3/219,CAPorg4.jpg,867.95,940.86,1285.66,0.9225,0.6751,,0,1
unmapped,35,UNMAPPED_LOCAL_SOURCE,aug_rep_d8,E:\甲劈微循环\data\血管数据集\分类数据集\image\35_0.jpg,locked,,,recovered_archive2/193,CAPorg9.jpg,1274.79,1416.21,1667.8,0.9001,0.7644,,0,1
unmapped,36,UNMAPPED_LOCAL_SOURCE,aug_rep_d8,E:\甲劈微循环\data\血管数据集\分类数据集\image\36_0.jpg,locked,,,recovered_archive2/102,CAPorg2.jpg,1433.96,1670.95,1670.95,0.8582,0.8582,,0,0
unmapped,37,UNMAPPED_LOCAL_SOURCE,aug_rep_d8,E:\甲劈微循环\data\血管数据集\分类数据集\image\37_0.jpg,locked,,,recovered_archive2/134,CAPorg6.jpg,2030.87,2435.12,2435.12,0.834,0.834,,0,0
unmapped,38,UNMAPPED_LOCAL_SOURCE,aug_rep_d8,E:\甲劈微循环\data\血管数据集\分类数据集\image\38_0.jpg,locked,,,recovered_archive3/244,CAPorg10.jpg,681.24,726.74,760.44,0.9374,0.8958,,0,0
unmapped,39,UNMAPPED_LOCAL_SOURCE,aug_rep_d8,E:\甲劈微循环\data\血管数据集\分类数据集\image\39_0.jpg,locked,,,recovered_archive3/219,CAPorg3.jpg,1755.52,1931.67,1996.36,0.9088,0.8794,,0,0
unmapped,40,UNMAPPED_LOCAL_SOURCE,aug_rep_d8,E:\甲劈微循环\data\血管数据集\分类数据集\image\40_0.jpg,locked,,,recovered_archive3/219,CAPorg11.jpg,1527.64,1632.6,1985.94,0.9357,0.7692,,0,1
unmapped,41,UNMAPPED_LOCAL_SOURCE,aug_rep_d8,E:\甲劈微循环\data\血管数据集\分类数据集\image\41_0.jpg,locked,,,recovered_archive3/208,CAPorg9.jpg,1014.33,1028.22,1029.52,0.9865,0.9852,,0,0
unmapped,42,UNMAPPED_LOCAL_SOURCE,aug_rep_d8,E:\甲劈微循环\data\血管数据集\分类数据集\image\42_0.jpg,locked,,,recovered_archive3/219,CAPorg4.jpg,1031.8,1160.31,1187.28,0.8893,0.869,,0,0
unmapped,43,UNMAPPED_LOCAL_SOURCE,aug_rep_d8,E:\甲劈微循环\data\血管数据集\分类数据集\image\43_0.jpg,locked,,,recovered_archive2/193,CAPorg9.jpg,1505.04,1780.71,1891.67,0.8452,0.7956,,0,1
unmapped,44,UNMAPPED_LOCAL_SOURCE,aug_rep_d8,E:\甲劈微循环\data\血管数据集\分类数据集\image\44_0.jpg,locked,,,recovered_archive3/219,CAPorg4.jpg,1076.78,1137.11,1296.77,0.947,0.8304,,0,0
unmapped,45,UNMAPPED_LOCAL_SOURCE,aug_rep_d8,E:\甲劈微循环\data\血管数据集\分类数据集\image\45_0.jpg,locked,,,recovered_archive2/193,CAPorg9.jpg,1309.91,1409.07,1581.58,0.9296,0.8282,,0,0
unmapped,46,UNMAPPED_LOCAL_SOURCE,aug_rep_d8,E:\甲劈微循环\data\血管数据集\分类数据集\image\46_0.jpg,locked,,,recovered_archive2/193,CAPorg6.jpg,1409.22,1652.36,1658.86,0.8529,0.8495,,0,0
unmapped,50,UNMAPPED_LOCAL_SOURCE,aug_rep_d8,E:\甲劈微循环\data\血管数据集\分类数据集\image\50_0.jpg,locked,,,recovered_archive1/55,CAPorg5.jpg,886.3,1124.53,1124.53,0.7881,0.7881,,1,1
unmapped,51,UNMAPPED_LOCAL_SOURCE,aug_rep_d8,E:\甲劈微循环\data\血管数据集\分类数据集\image\51_0.jpg,locked,,,recovered_archive3/219,CAPorg4.jpg,999.95,1099.26,1099.26,0.9097,0.9097,,0,0
unmapped,52,UNMAPPED_LOCAL_SOURCE,aug_rep_d8,E:\甲劈微循环\data\血管数据集\分类数据集\image\52_0.jpg,locked,,,recovered_archive2/193,CAPorg9.jpg,1977.55,2121.43,2121.43,0.9322,0.9322,,0,0
unmapped,53,UNMAPPED_LOCAL_SOURCE,aug_rep_d8,E:\甲劈微循环\data\血管数据集\分类数据集\image\53_0.jpg,locked,,,recovered_archive2/193,CAPorg9.jpg,1195.86,1641.47,1697.4,0.7285,0.7045,,1,1
unmapped,55,UNMAPPED_LOCAL_SOURCE,aug_rep_d8,E:\甲劈微循环\data\血管数据集\分类数据集\image\55_0.jpg,locked,,,recovered_archive2/196,CAPorg2.jpg,1486.62,1762.22,1762.22,0.8436,0.8436,,0,0
unmapped,56,UNMAPPED_LOCAL_SOURCE,aug_rep_d8,E:\甲劈微循环\data\血管数据集\分类数据集\image\56_0.jpg,locked,,,recovered_archive2/193,CAPorg9.jpg,1274.84,1357.83,1357.83,0.9389,0.9389,,0,0
unmapped,58,UNMAPPED_LOCAL_SOURCE,aug_rep_d8,E:\甲劈微循环\data\血管数据集\分类数据集\image\58_0.jpg,locked,,,recovered_archive2/193,CAPorg9.jpg,1372.41,1627.95,1900.04,0.843,0.7223,,0,1
unmapped,59,UNMAPPED_LOCAL_SOURCE,aug_rep_d8,E:\甲劈微循环\data\血管数据集\分类数据集\image\59_0.jpg,locked,,,recovered_archive2/193,CAPorg3.jpg,952.63,955.89,955.89,0.9966,0.9966,,0,0
unmapped,61,UNMAPPED_LOCAL_SOURCE,aug_rep_d8,E:\甲劈微循环\data\血管数据集\分类数据集\image\61_0.jpg,locked,,,recovered_archive3/219,CAPorg5.jpg,2269.38,2636.95,2970.47,0.8606,0.764,,0,1
unmapped,62,UNMAPPED_LOCAL_SOURCE,aug_rep_d8,E:\甲劈微循环\data\血管数据集\分类数据集\image\62_0.jpg,locked,,,recovered_archive2/193,CAPorg9.jpg,1691.41,1908.32,1908.32,0.8863,0.8863,,0,0
unmapped,63,UNMAPPED_LOCAL_SOURCE,aug_rep_d8,E:\甲劈微循环\data\血管数据集\分类数据集\image\63_0.jpg,locked,,,recovered_archive3/219,CAPorg4.jpg,1066.19,1249.26,1330.28,0.8535,0.8015,,0,0
unmapped,64,UNMAPPED_LOCAL_SOURCE,aug_rep_d8,E:\甲劈微循环\data\血管数据集\分类数据集\image\64_0.jpg,locked,,,recovered_archive2/193,CAPorg9.jpg,925.13,1188.82,1188.82,0.7782,0.7782,,1,1
unmapped,65,UNMAPPED_LOCAL_SOURCE,aug_rep_d8,E:\甲劈微循环\data\血管数据集\分类数据集\image\65_0.jpg,locked,,,recovered_archive2/102,CAPorg7.jpg,1202.08,1231.58,1231.58,0.976,0.976,,0,0
unmapped,66,UNMAPPED_LOCAL_SOURCE,aug_rep_d8,E:\甲劈微循环\data\血管数据集\分类数据集\image\66_0.jpg,locked,,,recovered_archive2/193,CAPorg9.jpg,815.19,999.61,1246.28,0.8155,0.6541,,0,1
unmapped,67,UNMAPPED_LOCAL_SOURCE,aug_rep_d8,E:\甲劈微循环\data\血管数据集\分类数据集\image\67_0.jpg,locked,,,recovered_archive3/247,CAPorg6.jpg,1408.29,1449.33,1449.33,0.9717,0.9717,,0,0
unmapped,71,UNMAPPED_LOCAL_SOURCE,aug_rep_d8,E:\甲劈微循环\data\血管数据集\分类数据集\image\71_0.jpg,locked,,,recovered_archive2/193,CAPorg5.jpg,1671.62,1779.37,1779.37,0.9394,0.9394,,0,0
unmapped,72,UNMAPPED_LOCAL_SOURCE,aug_rep_d8,E:\甲劈微循环\data\血管数据集\分类数据集\image\72_0.jpg,locked,,,recovered_archive1/79,CAPorg4.jpg,1562.09,1589.12,1602.04,0.983,0.9751,,0,0
unmapped,73,UNMAPPED_LOCAL_SOURCE,aug_rep_d8,E:\甲劈微循环\data\血管数据集\分类数据集\image\73_0.jpg,locked,,,recovered_archive2/193,CAPorg10.jpg,2871.51,2875.52,2875.52,0.9986,0.9986,,0,0
unmapped,75,UNMAPPED_LOCAL_SOURCE,aug_rep_d8,E:\甲劈微循环\data\血管数据集\分类数据集\image\75_0.jpg,locked,,,recovered_archive1/93,CAPorg4.jpg,2252.36,2449.13,2449.13,0.9197,0.9197,,0,0
unmapped,76,UNMAPPED_LOCAL_SOURCE,aug_rep_d8,E:\甲劈微循环\data\血管数据集\分类数据集\image\76_0.jpg,locked,,,recovered_archive2/193,CAPorg9.jpg,1254.07,1462.42,1462.42,0.8575,0.8575,,0,0
unmapped,77,UNMAPPED_LOCAL_SOURCE,aug_rep_d8,E:\甲劈微循环\data\血管数据集\分类数据集\image\77_0.jpg,locked,,,recovered_archive3/219,CAPorg2.jpg,1323.15,1444.62,1574.91,0.9159,0.8401,,0,0
unmapped,78,UNMAPPED_LOCAL_SOURCE,aug_rep_d8,E:\甲劈微循环\data\血管数据集\分类数据集\image\78_0.jpg,locked,,,recovered_archive3/205,CAPorg6.jpg,1382.77,1411.93,1411.93,0.9793,0.9793,,0,0
unmapped,80,UNMAPPED_LOCAL_SOURCE,aug_rep_d8,E:\甲劈微循环\data\血管数据集\分类数据集\image\80_0.jpg,locked,,,recovered_archive2/193,CAPorg9.jpg,1341.03,1525.83,1525.83,0.8789,0.8789,,0,0
unmapped,81,UNMAPPED_LOCAL_SOURCE,aug_rep_d8,E:\甲劈微循环\data\血管数据集\分类数据集\image\81_0.jpg,locked,,,recovered_archive1/73,CAPorg9.jpg,2288.77,2342.3,2342.3,0.9771,0.9771,,0,0
unmapped,82,UNMAPPED_LOCAL_SOURCE,aug_rep_d8,E:\甲劈微循环\data\血管数据集\分类数据集\image\82_0.jpg,locked,,,recovered_archive2/193,CAPorg9.jpg,1131.91,1242.24,1242.24,0.9112,0.9112,,0,0
unmapped,83,UNMAPPED_LOCAL_SOURCE,aug_rep_d8,E:\甲劈微循环\data\血管数据集\分类数据集\image\83_0.jpg,locked,,,recovered_archive2/193,CAPorg9.jpg,1173.41,1443.88,1601.86,0.8127,0.7325,,0,1
unmapped,84,UNMAPPED_LOCAL_SOURCE,aug_rep_d8,E:\甲劈微循环\data\血管数据集\分类数据集\image\84_0.jpg,locked,,,recovered_archive2/102,CAPorg6.jpg,1283.13,1374.38,1416.81,0.9336,0.9056,,0,0
unmapped,89,UNMAPPED_LOCAL_SOURCE,aug_rep_d8,E:\甲劈微循环\data\血管数据集\分类数据集\image\89_0.jpg,locked,,,recovered_archive2/193,CAPorg9.jpg,1357.31,1467.9,1467.9,0.9247,0.9247,,0,0
unmapped,90,UNMAPPED_LOCAL_SOURCE,aug_rep_d8,E:\甲劈微循环\data\血管数据集\分类数据集\image\90_0.jpg,locked,,,recovered_archive2/193,CAPorg9.jpg,1221.08,1387.35,1387.35,0.8801,0.8801,,0,0
unmapped,91,UNMAPPED_LOCAL_SOURCE,aug_rep_d8,E:\甲劈微循环\data\血管数据集\分类数据集\image\91_0.jpg,locked,,,recovered_archive2/193,CAPorg9.jpg,1127.05,1262.54,1262.54,0.8927,0.8927,,0,0
unmapped,92,UNMAPPED_LOCAL_SOURCE,aug_rep_d8,E:\甲劈微循环\data\血管数据集\分类数据集\image\92_0.jpg,locked,,,recovered_archive2/102,CAPorg7.jpg,1568.44,1575.97,1575.97,0.9952,0.9952,,0,0
unmapped,93,UNMAPPED_LOCAL_SOURCE,aug_rep_d8,E:\甲劈微循环\data\血管数据集\分类数据集\image\93_0.jpg,locked,,,recovered_archive3/203,CAPorg5.jpg,1563.41,1581.16,1581.16,0.9888,0.9888,,0,0
unmapped,94,UNMAPPED_LOCAL_SOURCE,aug_rep_d8,E:\甲劈微循环\data\血管数据集\分类数据集\image\94_0.jpg,locked,,,recovered_archive2/193,CAPorg9.jpg,1329.86,1363.71,1363.71,0.9752,0.9752,,0,0
unmapped,95,UNMAPPED_LOCAL_SOURCE,aug_rep_d8,E:\甲劈微循环\data\血管数据集\分类数据集\image\95_0.jpg,locked,,,recovered_archive2/193,CAPorg9.jpg,1419.22,1766.98,1915.27,0.8032,0.741,,0,1
unmapped,97,UNMAPPED_LOCAL_SOURCE,aug_rep_d8,E:\甲劈微循环\data\血管数据集\分类数据集\image\97_0.jpg,locked,,,recovered_archive3/247,CAPorg6.jpg,1235.37,1496.4,1496.4,0.8256,0.8256,,0,0
unmapped,98,UNMAPPED_LOCAL_SOURCE,aug_rep_d8,E:\甲劈微循环\data\血管数据集\分类数据集\image\98_0.jpg,locked,,,recovered_archive3/247,CAPorg6.jpg,1324.98,1357.07,1357.07,0.9764,0.9764,,0,0
unmapped,99,UNMAPPED_LOCAL_SOURCE,aug_rep_d8,E:\甲劈微循环\data\血管数据集\分类数据集\image\99_0.jpg,locked,,,recovered_archive2/193,CAPorg9.jpg,1516.98,1901.25,1974.51,0.7979,0.7683,,1,1
unmapped,100,UNMAPPED_LOCAL_SOURCE,aug_rep_d8,E:\甲劈微循环\data\血管数据集\分类数据集\image\100_0.jpg,locked,,,recovered_archive2/157,CAPorg6.jpg,996.86,1031.43,1099.01,0.9665,0.9071,,0,0
unmapped,101,UNMAPPED_LOCAL_SOURCE,aug_rep_d8,E:\甲劈微循环\data\血管数据集\分类数据集\image\101_0.jpg,locked,,,recovered_archive2/157,CAPorg6.jpg,1370.94,1455.08,1464.32,0.9422,0.9362,,0,0
unmapped,102,UNMAPPED_LOCAL_SOURCE,aug_rep_d8,E:\甲劈微循环\data\血管数据集\分类数据集\image\102_0.jpg,locked,,,recovered_archive3/219,CAPorg4.jpg,1085.21,1214.82,1241.4,0.8933,0.8742,,0,0
unmapped,103,UNMAPPED_LOCAL_SOURCE,aug_rep_d8,E:\甲劈微循环\data\血管数据集\分类数据集\image\103_0.jpg,locked,,,recovered_archive2/193,CAPorg9.jpg,998.12,1082.48,1233.11,0.9221,0.8094,,0,0
unmapped,104,UNMAPPED_LOCAL_SOURCE,aug_rep_d8,E:\甲劈微循环\data\血管数据集\分类数据集\image\104_0.jpg,locked,,,recovered_archive3/219,CAPorg4.jpg,1344.24,1511.31,1600.04,0.8895,0.8401,,0,0
unmapped,105,UNMAPPED_LOCAL_SOURCE,aug_rep_d8,E:\甲劈微循环\data\血管数据集\分类数据集\image\105_0.jpg,locked,,,recovered_archive2/193,CAPorg9.jpg,1673.55,1757.6,1757.6,0.9522,0.9522,,0,0
unmapped,106,UNMAPPED_LOCAL_SOURCE,aug_rep_d8,E:\甲劈微循环\data\血管数据集\分类数据集\image\106_0.jpg,locked,,,recovered_archive2/193,CAPorg5.jpg,1651.44,1776.02,1776.02,0.9299,0.9299,,0,0
unmapped,107,UNMAPPED_LOCAL_SOURCE,aug_rep_d8,E:\甲劈微循环\data\血管数据集\分类数据集\image\107_0.jpg,locked,,,recovered_archive2/166,CAPorg9.jpg,1543.79,1588.19,1588.19,0.972,0.972,,0,0
unmapped,108,UNMAPPED_LOCAL_SOURCE,aug_rep_d8,E:\甲劈微循环\data\血管数据集\分类数据集\image\108_0.jpg,locked,,,recovered_archive2/193,CAPorg9.jpg,1219.36,1479.21,1506.87,0.8243,0.8092,,0,0
unmapped,110,UNMAPPED_LOCAL_SOURCE,aug_rep_d8,E:\甲劈微循环\data\血管数据集\分类数据集\image\110_0.jpg,locked,,,recovered_archive3/205,CAPorg6.jpg,912.26,940.87,940.87,0.9696,0.9696,,0,0
unmapped,111,UNMAPPED_LOCAL_SOURCE,aug_rep_d8,E:\甲劈微循环\data\血管数据集\分类数据集\image\111_0.jpg,locked,,,recovered_archive2/193,CAPorg9.jpg,1137.41,1338.36,1338.36,0.8499,0.8499,,0,0
unmapped,112,UNMAPPED_LOCAL_SOURCE,aug_rep_d8,E:\甲劈微循环\data\血管数据集\分类数据集\image\112_0.jpg,locked,,,recovered_archive3/219,CAPorg4.jpg,1224.65,1415.93,1428.01,0.8649,0.8576,,0,0
unmapped,114,UNMAPPED_LOCAL_SOURCE,aug_rep_d8,E:\甲劈微循环\data\血管数据集\分类数据集\image\114_0.jpg,locked,,,recovered_archive3/208,CAPorg9.jpg,1348.71,1360.87,1364.48,0.9911,0.9884,,0,0
unmapped,115,UNMAPPED_LOCAL_SOURCE,aug_rep_d8,E:\甲劈微循环\data\血管数据集\分类数据集\image\115_0.jpg,locked,,,recovered_archive3/219,CAPorg4.jpg,1160.49,1193.24,1504.75,0.9726,0.7712,,0,1
unmapped,116,UNMAPPED_LOCAL_SOURCE,aug_rep_d8,E:\甲劈微循环\data\血管数据集\分类数据集\image\116_0.jpg,locked,,,recovered_archive2/193,CAPorg5.jpg,1034.48,1091.8,1493.22,0.9475,0.6928,,0,1
unmapped,117,UNMAPPED_LOCAL_SOURCE,aug_rep_d8,E:\甲劈微循环\data\血管数据集\分类数据集\image\117_0.jpg,locked,,,recovered_archive3/219,CAPorg4.jpg,1756.77,1769.26,1769.26,0.9929,0.9929,,0,0
unmapped,118,UNMAPPED_LOCAL_SOURCE,aug_rep_d8,E:\甲劈微循环\data\血管数据集\分类数据集\image\118_0.jpg,locked,,,recovered_archive3/219,CAPorg4.jpg,1355.61,1488.87,1488.87,0.9105,0.9105,,0,0
unmapped,119,UNMAPPED_LOCAL_SOURCE,aug_rep_d8,E:\甲劈微循环\data\血管数据集\分类数据集\image\119_0.jpg,locked,,,recovered_archive2/193,CAPorg9.jpg,1336.72,1345.79,1539.28,0.9933,0.8684,,0,0
unmapped,120,UNMAPPED_LOCAL_SOURCE,aug_rep_d8,E:\甲劈微循环\data\血管数据集\分类数据集\image\120_0.jpg,locked,,,recovered_archive3/208,CAPorg6.jpg,2018.62,2077.99,2135.63,0.9714,0.9452,,0,0
unmapped,122,UNMAPPED_LOCAL_SOURCE,aug_rep_d8,E:\甲劈微循环\data\血管数据集\分类数据集\image\122_0.jpg,locked,,,recovered_archive2/143,CAPorg7.jpg,1890.32,1976.09,1976.09,0.9566,0.9566,,0,0
unmapped,123,UNMAPPED_LOCAL_SOURCE,aug_rep_d8,E:\甲劈微循环\data\血管数据集\分类数据集\image\123_0.jpg,locked,,,recovered_archive3/205,CAPorg3.jpg,919.74,966.98,966.98,0.9511,0.9511,,0,0
unmapped,125,UNMAPPED_LOCAL_SOURCE,aug_rep_d8,E:\甲劈微循环\data\血管数据集\分类数据集\image\125_0.jpg,locked,,,recovered_archive3/219,CAPorg4.jpg,1106.05,1224.18,1489.85,0.9035,0.7424,,0,1
unmapped,126,UNMAPPED_LOCAL_SOURCE,aug_rep_d8,E:\甲劈微循环\data\血管数据集\分类数据集\image\126_0.jpg,locked,,,recovered_archive3/219,CAPorg5.jpg,1491.35,1698.41,1703.25,0.8781,0.8756,,0,0
unmapped,127,UNMAPPED_LOCAL_SOURCE,aug_rep_d8,E:\甲劈微循环\data\血管数据集\分类数据集\image\127_0.jpg,locked,,,recovered_archive2/193,CAPorg9.jpg,1266.89,1334.72,1605.11,0.9492,0.7893,,0,1
unmapped,128,UNMAPPED_LOCAL_SOURCE,aug_rep_d8,E:\甲劈微循环\data\血管数据集\分类数据集\image\128_0.jpg,locked,,,recovered_archive2/192,CAPorg10.jpg,886.67,949.72,1011.5,0.9336,0.8766,,0,0
unmapped,129,UNMAPPED_LOCAL_SOURCE,aug_rep_d8,E:\甲劈微循环\data\血管数据集\分类数据集\image\129_0.jpg,locked,,,recovered_archive3/219,CAPorg10.jpg,1178.33,1244.71,1501.42,0.9467,0.7848,,0,1
unmapped,130,UNMAPPED_LOCAL_SOURCE,aug_rep_d8,E:\甲劈微循环\data\血管数据集\分类数据集\image\130_0.jpg,locked,,,recovered_archive2/193,CAPorg6.jpg,1346.3,1605.82,1605.82,0.8384,0.8384,,0,0
unmapped,131,UNMAPPED_LOCAL_SOURCE,aug_rep_d8,E:\甲劈微循环\data\血管数据集\分类数据集\image\131_0.jpg,locked,,,recovered_archive3/219,CAPorg4.jpg,1064.1,1215.17,1373.72,0.8757,0.7746,,0,1
unmapped,132,UNMAPPED_LOCAL_SOURCE,aug_rep_d8,E:\甲劈微循环\data\血管数据集\分类数据集\image\132_0.jpg,locked,,,recovered_archive3/219,CAPorg4.jpg,1511.7,1575.71,1575.71,0.9594,0.9594,,0,0
unmapped,133,UNMAPPED_LOCAL_SOURCE,aug_rep_d8,E:\甲劈微循环\data\血管数据集\分类数据集\image\133_0.jpg,locked,,,recovered_archive2/193,CAPorg9.jpg,1784.21,1994.2,1994.2,0.8947,0.8947,,0,0
unmapped,134,UNMAPPED_LOCAL_SOURCE,aug_rep_d8,E:\甲劈微循环\data\血管数据集\分类数据集\image\134_0.jpg,locked,,,recovered_archive2/192,CAPorg2.jpg,1264.96,1480.34,1549.33,0.8545,0.8165,,0,0
unmapped,135,UNMAPPED_LOCAL_SOURCE,aug_rep_d8,E:\甲劈微循环\data\血管数据集\分类数据集\image\135_0.jpg,locked,,,recovered_archive3/219,CAPorg4.jpg,1562.42,1655.24,1655.24,0.9439,0.9439,,0,0
unmapped,136,UNMAPPED_LOCAL_SOURCE,aug_rep_d8,E:\甲劈微循环\data\血管数据集\分类数据集\image\136_0.jpg,locked,,,recovered_archive2/193,CAPorg9.jpg,1134.52,1168.28,1291.74,0.9711,0.8783,,0,0
unmapped,137,UNMAPPED_LOCAL_SOURCE,aug_rep_d8,E:\甲劈微循环\data\血管数据集\分类数据集\image\137_0.jpg,locked,,,recovered_archive2/193,CAPorg9.jpg,1566.71,1736.73,2112.75,0.9021,0.7416,,0,1
unmapped,138,UNMAPPED_LOCAL_SOURCE,aug_rep_d8,E:\甲劈微循环\data\血管数据集\分类数据集\image\138_0.jpg,locked,,,recovered_archive2/192,CAPorg10.jpg,1591.39,1787.55,1787.55,0.8903,0.8903,,0,0
unmapped,139,UNMAPPED_LOCAL_SOURCE,aug_rep_d8,E:\甲劈微循环\data\血管数据集\分类数据集\image\139_0.jpg,locked,,,recovered_archive1/55,CAPorg5.jpg,1139.95,1184.56,1184.56,0.9623,0.9623,,0,0
unmapped,140,UNMAPPED_LOCAL_SOURCE,aug_rep_d8,E:\甲劈微循环\data\血管数据集\分类数据集\image\140_0.jpg,locked,,,recovered_archive2/193,CAPorg9.jpg,1227.97,1271.52,1609.93,0.9658,0.7627,,0,1
unmapped,141,UNMAPPED_LOCAL_SOURCE,aug_rep_d8,E:\甲劈微循环\data\血管数据集\分类数据集\image\141_0.jpg,locked,,,recovered_archive2/193,CAPorg9.jpg,1243.65,1278.65,1278.65,0.9726,0.9726,,0,0
unmapped,142,UNMAPPED_LOCAL_SOURCE,aug_rep_d8,E:\甲劈微循环\data\血管数据集\分类数据集\image\142_0.jpg,locked,,,recovered_archive3/219,CAPorg5.jpg,1681.43,1683.94,1859.91,0.9985,0.904,,0,0
unmapped,143,UNMAPPED_LOCAL_SOURCE,aug_rep_d8,E:\甲劈微循环\data\血管数据集\分类数据集\image\143_0.jpg,locked,,,recovered_archive3/205,CAPorg3.jpg,982.25,1002.11,1002.11,0.9802,0.9802,,0,0
unmapped,144,UNMAPPED_LOCAL_SOURCE,aug_rep_d8,E:\甲劈微循环\data\血管数据集\分类数据集\image\144_0.jpg,locked,,,recovered_archive2/193,CAPorg9.jpg,1001.0,1018.59,1244.88,0.9827,0.8041,,0,0
unmapped,147,UNMAPPED_LOCAL_SOURCE,aug_rep_d8,E:\甲劈微循环\data\血管数据集\分类数据集\image\147_0.jpg,locked,,,recovered_archive2/193,CAPorg9.jpg,1270.33,1498.99,1599.34,0.8475,0.7943,,0,1
unmapped,148,UNMAPPED_LOCAL_SOURCE,aug_rep_d8,E:\甲劈微循环\data\血管数据集\分类数据集\image\148_0.jpg,locked,,,recovered_archive2/193,CAPorg1.jpg,1299.83,1333.44,1333.44,0.9748,0.9748,,0,0
unmapped,149,UNMAPPED_LOCAL_SOURCE,aug_rep_d8,E:\甲劈微循环\data\血管数据集\分类数据集\image\149_0.jpg,locked,,,recovered_archive2/182,CAPorg1.jpg,1473.06,1671.81,1671.81,0.8811,0.8811,,0,0
unmapped,150,UNMAPPED_LOCAL_SOURCE,aug_rep_d8,E:\甲劈微循环\data\血管数据集\分类数据集\image\150_0.jpg,locked,,,recovered_archive3/203,CAPorg10.jpg,726.54,748.4,837.99,0.9708,0.867,,0,0
unmapped,151,UNMAPPED_LOCAL_SOURCE,aug_rep_d8,E:\甲劈微循环\data\血管数据集\分类数据集\image\151_0.jpg,locked,,,recovered_archive2/193,CAPorg9.jpg,1354.61,1418.01,1837.61,0.9553,0.7372,,0,1
unmapped,152,UNMAPPED_LOCAL_SOURCE,aug_rep_d8,E:\甲劈微循环\data\血管数据集\分类数据集\image\152_0.jpg,locked,,,recovered_archive2/193,CAPorg9.jpg,1190.91,1371.31,1371.31,0.8684,0.8684,,0,0
unmapped,153,UNMAPPED_LOCAL_SOURCE,aug_rep_d8,E:\甲劈微循环\data\血管数据集\分类数据集\image\153_0.jpg,locked,,,recovered_archive2/193,CAPorg9.jpg,726.77,900.97,958.68,0.8067,0.7581,,0,1
unmapped,154,UNMAPPED_LOCAL_SOURCE,aug_rep_d8,E:\甲劈微循环\data\血管数据集\分类数据集\image\154_0.jpg,locked,,,recovered_archive2/193,CAPorg9.jpg,1188.51,1408.8,1408.8,0.8436,0.8436,,0,0
unmapped,155,UNMAPPED_LOCAL_SOURCE,aug_rep_d8,E:\甲劈微循环\data\血管数据集\分类数据集\image\155_0.jpg,locked,,,recovered_archive3/205,CAPorg7.jpg,936.77,1031.57,1031.57,0.9081,0.9081,,0,0
unmapped,156,UNMAPPED_LOCAL_SOURCE,aug_rep_d8,E:\甲劈微循环\data\血管数据集\分类数据集\image\156_0.jpg,locked,,,recovered_archive2/193,CAPorg4.jpg,946.31,988.92,988.92,0.9569,0.9569,,0,0
unmapped,157,UNMAPPED_LOCAL_SOURCE,aug_rep_d8,E:\甲劈微循环\data\血管数据集\分类数据集\image\157_0.jpg,locked,,,recovered_archive2/193,CAPorg9.jpg,1597.01,1689.22,1689.22,0.9454,0.9454,,0,0
unmapped,158,UNMAPPED_LOCAL_SOURCE,aug_rep_d8,E:\甲劈微循环\data\血管数据集\分类数据集\image\158_0.jpg,locked,,,recovered_archive2/193,CAPorg9.jpg,1148.56,1359.86,1359.86,0.8446,0.8446,,0,0
unmapped,159,UNMAPPED_LOCAL_SOURCE,aug_rep_d8,E:\甲劈微循环\data\血管数据集\分类数据集\image\159_0.jpg,locked,,,recovered_archive3/219,CAPorg4.jpg,1039.7,1221.09,1394.59,0.8515,0.7455,,0,1
unmapped,160,UNMAPPED_LOCAL_SOURCE,aug_rep_d8,E:\甲劈微循环\data\血管数据集\分类数据集\image\160_0.jpg,locked,,,recovered_archive2/193,CAPorg9.jpg,1211.16,1463.51,1463.51,0.8276,0.8276,,0,0
unmapped,161,UNMAPPED_LOCAL_SOURCE,aug_rep_d8,E:\甲劈微循环\data\血管数据集\分类数据集\image\161_0.jpg,locked,,,recovered_archive3/219,CAPorg4.jpg,1058.97,1185.41,1262.24,0.8933,0.839,,0,0
unmapped,162,UNMAPPED_LOCAL_SOURCE,aug_rep_d8,E:\甲劈微循环\data\血管数据集\分类数据集\image\162_0.jpg,locked,,,recovered_archive2/193,CAPorg9.jpg,747.35,980.05,1135.64,0.7626,0.6581,,1,1
unmapped,163,UNMAPPED_LOCAL_SOURCE,aug_rep_d8,E:\甲劈微循环\data\血管数据集\分类数据集\image\163_0.jpg,locked,,,recovered_archive2/193,CAPorg9.jpg,1093.77,1460.42,1516.34,0.7489,0.7213,,1,1
unmapped,164,UNMAPPED_LOCAL_SOURCE,aug_rep_d8,E:\甲劈微循环\data\血管数据集\分类数据集\image\164_0.jpg,locked,,,recovered_archive2/193,CAPorg4.jpg,844.92,859.48,859.48,0.9831,0.9831,,0,0
unmapped,165,UNMAPPED_LOCAL_SOURCE,aug_rep_d8,E:\甲劈微循环\data\血管数据集\分类数据集\image\165_0.jpg,locked,,,recovered_archive3/205,CAPorg3.jpg,998.53,1027.41,1027.41,0.9719,0.9719,,0,0
unmapped,166,UNMAPPED_LOCAL_SOURCE,aug_rep_d8,E:\甲劈微循环\data\血管数据集\分类数据集\image\166_0.jpg,locked,,,recovered_archive2/193,CAPorg5.jpg,1589.24,1616.94,1726.9,0.9829,0.9203,,0,0
unmapped,167,UNMAPPED_LOCAL_SOURCE,aug_rep_d8,E:\甲劈微循环\data\血管数据集\分类数据集\image\167_0.jpg,locked,,,recovered_archive2/134,CAPorg5.jpg,1408.29,1429.34,1429.34,0.9853,0.9853,,0,0
unmapped,168,UNMAPPED_LOCAL_SOURCE,aug_rep_d8,E:\甲劈微循环\data\血管数据集\分类数据集\image\168_0.jpg,locked,,,recovered_archive2/193,CAPorg9.jpg,1572.33,1678.98,1678.98,0.9365,0.9365,,0,0
unmapped,169,UNMAPPED_LOCAL_SOURCE,aug_rep_d8,E:\甲劈微循环\data\血管数据集\分类数据集\image\169_0.jpg,locked,,,recovered_archive3/219,CAPorg4.jpg,851.12,889.4,1268.52,0.957,0.671,,0,1
unmapped,170,UNMAPPED_LOCAL_SOURCE,aug_rep_d8,E:\甲劈微循环\data\血管数据集\分类数据集\image\170_0.jpg,locked,,,recovered_archive3/219,CAPorg4.jpg,1083.17,1106.67,1106.67,0.9788,0.9788,,0,0
unmapped,172,UNMAPPED_LOCAL_SOURCE,aug_rep_d8,E:\甲劈微循环\data\血管数据集\分类数据集\image\172_0.jpg,locked,,,recovered_archive3/219,CAPorg4.jpg,746.84,957.69,1239.06,0.7798,0.6027,,1,1
unmapped,173,UNMAPPED_LOCAL_SOURCE,aug_rep_d8,E:\甲劈微循环\data\血管数据集\分类数据集\image\173_0.jpg,locked,,,recovered_archive2/193,CAPorg5.jpg,672.59,690.8,1307.51,0.9736,0.5144,,0,1
unmapped,174,UNMAPPED_LOCAL_SOURCE,aug_rep_d8,E:\甲劈微循环\data\血管数据集\分类数据集\image\174_0.jpg,locked,,,recovered_archive2/193,CAPorg6.jpg,830.65,902.02,902.02,0.9209,0.9209,,0,0
unmapped,175,UNMAPPED_LOCAL_SOURCE,aug_rep_d8,E:\甲劈微循环\data\血管数据集\分类数据集\image\175_0.jpg,locked,,,recovered_archive2/102,CAPorg6.jpg,1283.2,1375.06,1415.05,0.9332,0.9068,,0,0
unmapped,176,UNMAPPED_LOCAL_SOURCE,aug_rep_d8,E:\甲劈微循环\data\血管数据集\分类数据集\image\176_0.jpg,locked,,,recovered_archive2/193,CAPorg7.jpg,1018.15,1252.65,1460.72,0.8128,0.697,,0,1
unmapped,177,UNMAPPED_LOCAL_SOURCE,aug_rep_d8,E:\甲劈微循环\data\血管数据集\分类数据集\image\177_0.jpg,locked,,,recovered_archive3/219,CAPorg4.jpg,1573.67,1729.88,1729.88,0.9097,0.9097,,0,0
unmapped,178,UNMAPPED_LOCAL_SOURCE,aug_rep_d8,E:\甲劈微循环\data\血管数据集\分类数据集\image\178_0.jpg,locked,,,recovered_archive3/219,CAPorg4.jpg,1086.09,1215.65,1628.43,0.8934,0.667,,0,1
unmapped,180,UNMAPPED_LOCAL_SOURCE,aug_rep_d8,E:\甲劈微循环\data\血管数据集\分类数据集\image\180_0.jpg,locked,,,recovered_archive2/193,CAPorg9.jpg,821.94,966.02,1098.84,0.8509,0.748,,0,1
unmapped,181,UNMAPPED_LOCAL_SOURCE,aug_rep_d8,E:\甲劈微循环\data\血管数据集\分类数据集\image\181_0.jpg,locked,,,recovered_archive2/193,CAPorg9.jpg,985.5,1238.38,1238.38,0.7958,0.7958,,1,1
unmapped,182,UNMAPPED_LOCAL_SOURCE,aug_rep_d8,E:\甲劈微循环\data\血管数据集\分类数据集\image\182_0.jpg,locked,,,recovered_archive2/157,CAPorg6.jpg,1423.59,1497.78,1568.69,0.9505,0.9075,,0,0
unmapped,184,UNMAPPED_LOCAL_SOURCE,aug_rep_d8,E:\甲劈微循环\data\血管数据集\分类数据集\image\184_0.jpg,locked,,,recovered_archive2/102,CAPorg5.jpg,1020.05,1091.1,1091.1,0.9349,0.9349,,0,0
unmapped,185,UNMAPPED_LOCAL_SOURCE,aug_rep_d8,E:\甲劈微循环\data\血管数据集\分类数据集\image\185_0.jpg,locked,,,recovered_archive3/203,CAPorg15.jpg,874.17,875.95,875.95,0.998,0.998,,0,0
unmapped,186,UNMAPPED_LOCAL_SOURCE,aug_rep_d8,E:\甲劈微循环\data\血管数据集\分类数据集\image\186_0.jpg,locked,,,recovered_archive3/219,CAPorg4.jpg,844.7,951.33,951.33,0.8879,0.8879,,0,0
unmapped,187,UNMAPPED_LOCAL_SOURCE,aug_rep_d8,E:\甲劈微循环\data\血管数据集\分类数据集\image\187_0.jpg,locked,,,recovered_archive3/219,CAPorg4.jpg,1202.34,1343.05,1355.72,0.8952,0.8869,,0,0
unmapped,188,UNMAPPED_LOCAL_SOURCE,aug_rep_d8,E:\甲劈微循环\data\血管数据集\分类数据集\image\188_0.jpg,locked,,,recovered_archive2/102,CAPorg2.jpg,1138.24,1257.08,1257.08,0.9055,0.9055,,0,0
unmapped,189,UNMAPPED_LOCAL_SOURCE,aug_rep_d8,E:\甲劈微循环\data\血管数据集\分类数据集\image\189_0.jpg,locked,,,recovered_archive2/193,CAPorg9.jpg,835.47,1095.17,1277.9,0.7629,0.6538,,1,1
unmapped,191,UNMAPPED_LOCAL_SOURCE,aug_rep_d8,E:\甲劈微循环\data\血管数据集\分类数据集\image\191_0.jpg,locked,,,recovered_archive2/193,CAPorg9.jpg,897.78,909.89,909.89,0.9867,0.9867,,0,0
unmapped,192,UNMAPPED_LOCAL_SOURCE,aug_rep_d8,E:\甲劈微循环\data\血管数据集\分类数据集\image\192_0.jpg,locked,,,recovered_archive2/192,CAPorg6.jpg,877.33,903.18,953.47,0.9714,0.9201,,0,0
unmapped,193,UNMAPPED_LOCAL_SOURCE,aug_rep_d8,E:\甲劈微循环\data\血管数据集\分类数据集\image\193_0.jpg,locked,,,recovered_archive2/193,CAPorg9.jpg,1147.85,1375.81,1766.93,0.8343,0.6496,,0,1
unmapped,195,UNMAPPED_LOCAL_SOURCE,aug_rep_d8,E:\甲劈微循环\data\血管数据集\分类数据集\image\195_0.jpg,locked,,,recovered_archive2/193,CAPorg9.jpg,1253.02,1522.27,1575.96,0.8231,0.7951,,0,1
unmapped,197,UNMAPPED_LOCAL_SOURCE,aug_rep_d8,E:\甲劈微循环\data\血管数据集\分类数据集\image\197_0.jpg,locked,,,recovered_archive2/193,CAPorg9.jpg,1776.48,1926.36,1926.36,0.9222,0.9222,,0,0
unmapped,198,UNMAPPED_LOCAL_SOURCE,aug_rep_d8,E:\甲劈微循环\data\血管数据集\分类数据集\image\198_0.jpg,locked,,,recovered_archive2/193,CAPorg9.jpg,1281.09,1523.56,1677.87,0.8409,0.7635,,0,1
unmapped,199,UNMAPPED_LOCAL_SOURCE,aug_rep_d8,E:\甲劈微循环\data\血管数据集\分类数据集\image\199_0.jpg,locked,,,recovered_archive2/193,CAPorg9.jpg,1581.9,1647.09,1890.15,0.9604,0.8369,,0,0
unmapped,202,UNMAPPED_LOCAL_SOURCE,aug_rep_d8,E:\甲劈微循环\data\血管数据集\分类数据集\image\202_0.jpg,locked,,,recovered_archive2/193,CAPorg9.jpg,988.05,1354.94,1392.0,0.7292,0.7098,,1,1
unmapped,203,UNMAPPED_LOCAL_SOURCE,aug_rep_d8,E:\甲劈微循环\data\血管数据集\分类数据集\image\203_0.jpg,locked,,,recovered_archive3/244,CAPorg10.jpg,1191.7,1201.91,1201.91,0.9915,0.9915,,0,0
unmapped,204,UNMAPPED_LOCAL_SOURCE,aug_rep_d8,E:\甲劈微循环\data\血管数据集\分类数据集\image\204_0.jpg,locked,,,recovered_archive2/193,CAPorg9.jpg,1139.6,1181.69,1442.74,0.9644,0.7899,,0,1
unmapped,205,UNMAPPED_LOCAL_SOURCE,aug_rep_d8,E:\甲劈微循环\data\血管数据集\分类数据集\image\205_0.jpg,locked,,,recovered_archive3/247,CAPorg1.jpg,2093.95,2301.41,2303.22,0.9099,0.9091,,0,0
unmapped,206,UNMAPPED_LOCAL_SOURCE,aug_rep_d8,E:\甲劈微循环\data\血管数据集\分类数据集\image\206_0.jpg,locked,,,recovered_archive2/193,CAPorg9.jpg,930.95,980.78,980.78,0.9492,0.9492,,0,0
unmapped,207,UNMAPPED_LOCAL_SOURCE,aug_rep_d8,E:\甲劈微循环\data\血管数据集\分类数据集\image\207_0.jpg,locked,,,recovered_archive3/205,CAPorg6.jpg,1013.59,1046.67,1070.62,0.9684,0.9467,,0,0
unmapped,208,UNMAPPED_LOCAL_SOURCE,aug_rep_d8,E:\甲劈微循环\data\血管数据集\分类数据集\image\208_0.jpg,locked,,,recovered_archive2/102,CAPorg6.jpg,958.31,994.13,1009.75,0.964,0.9491,,0,0
unmapped,209,UNMAPPED_LOCAL_SOURCE,aug_rep_d8,E:\甲劈微循环\data\血管数据集\分类数据集\image\209_0.jpg,locked,,,recovered_archive2/102,CAPorg7.jpg,1216.86,1226.89,1264.8,0.9918,0.9621,,0,0
unmapped,210,UNMAPPED_LOCAL_SOURCE,aug_rep_d8,E:\甲劈微循环\data\血管数据集\分类数据集\image\210_0.jpg,locked,,,recovered_archive3/203,CAPorg11.jpg,1030.8,1117.41,1117.41,0.9225,0.9225,,0,0
unmapped,211,UNMAPPED_LOCAL_SOURCE,aug_rep_d8,E:\甲劈微循环\data\血管数据集\分类数据集\image\211_0.jpg,locked,,,recovered_archive3/203,CAPorg11.jpg,942.53,949.12,1075.64,0.9931,0.8762,,0,0
unmapped,212,UNMAPPED_LOCAL_SOURCE,aug_rep_d8,E:\甲劈微循环\data\血管数据集\分类数据集\image\212_0.jpg,locked,,,recovered_archive2/157,CAPorg5.jpg,1753.88,1879.61,1921.16,0.9331,0.9129,,0,0
unmapped,213,UNMAPPED_LOCAL_SOURCE,aug_rep_d8,E:\甲劈微循环\data\血管数据集\分类数据集\image\213_0.jpg,locked,,,recovered_archive2/196,CAPorg2.jpg,1543.97,1881.14,1881.14,0.8208,0.8208,,0,0
unmapped,215,UNMAPPED_LOCAL_SOURCE,aug_rep_d8,E:\甲劈微循环\data\血管数据集\分类数据集\image\215_0.jpg,locked,,,recovered_archive2/193,CAPorg5.jpg,1370.04,1374.23,1522.74,0.997,0.8997,,0,0
unmapped,216,UNMAPPED_LOCAL_SOURCE,aug_rep_d8,E:\甲劈微循环\data\血管数据集\分类数据集\image\216_0.jpg,locked,,,recovered_archive2/193,CAPorg5.jpg,1359.51,1408.38,1531.58,0.9653,0.8877,,0,0
unmapped,217,UNMAPPED_LOCAL_SOURCE,aug_rep_d8,E:\甲劈微循环\data\血管数据集\分类数据集\image\217_0.jpg,locked,,,recovered_archive2/134,CAPorg6.jpg,1317.37,1355.55,1355.55,0.9718,0.9718,,0,0
unmapped,218,UNMAPPED_LOCAL_SOURCE,aug_rep_d8,E:\甲劈微循环\data\血管数据集\分类数据集\image\218_0.jpg,locked,,,recovered_archive2/187,CAPorg5.jpg,2128.2,3090.46,3090.46,0.6886,0.6886,,1,1
unmapped,219,UNMAPPED_LOCAL_SOURCE,aug_rep_d8,E:\甲劈微循环\data\血管数据集\分类数据集\image\219_0.jpg,locked,,,recovered_archive3/219,CAPorg4.jpg,1163.13,1291.84,1646.21,0.9004,0.7065,,0,1
unmapped,220,UNMAPPED_LOCAL_SOURCE,aug_rep_d8,E:\甲劈微循环\data\血管数据集\分类数据集\image\220_0.jpg,locked,,,recovered_archive2/140,CAPorg4.jpg,2063.94,2120.35,2120.35,0.9734,0.9734,,0,0
unmapped,221,UNMAPPED_LOCAL_SOURCE,aug_rep_d8,E:\甲劈微循环\data\血管数据集\分类数据集\image\221_0.jpg,locked,,,recovered_archive2/102,CAPorg7.jpg,1200.27,1443.94,1443.94,0.8312,0.8312,,0,0
unmapped,222,UNMAPPED_LOCAL_SOURCE,aug_rep_d8,E:\甲劈微循环\data\血管数据集\分类数据集\image\222_0.jpg,locked,,,recovered_archive2/102,CAPorg5.jpg,1065.45,1103.19,1220.27,0.9658,0.8731,,0,0
unmapped,223,UNMAPPED_LOCAL_SOURCE,aug_rep_d8,E:\甲劈微循环\data\血管数据集\分类数据集\image\223_0.jpg,locked,,,recovered_archive2/102,CAPorg5.jpg,1089.18,1108.28,1108.28,0.9828,0.9828,,0,0
unmapped,225,UNMAPPED_LOCAL_SOURCE,aug_rep_d8,E:\甲劈微循环\data\血管数据集\分类数据集\image\225_0.jpg,locked,,,recovered_archive2/134,CAPorg6.jpg,1256.65,1275.95,1275.95,0.9849,0.9849,,0,0
unmapped,226,UNMAPPED_LOCAL_SOURCE,aug_rep_d8,E:\甲劈微循环\data\血管数据集\分类数据集\image\226_0.jpg,locked,,,recovered_archive2/157,CAPorg6.jpg,1714.12,1812.69,1812.69,0.9456,0.9456,,0,0
unmapped,227,UNMAPPED_LOCAL_SOURCE,aug_rep_d8,E:\甲劈微循环\data\血管数据集\分类数据集\image\227_0.jpg,locked,,,recovered_archive3/219,CAPorg3.jpg,1339.88,1615.23,1615.23,0.8295,0.8295,,0,0
unmapped,228,UNMAPPED_LOCAL_SOURCE,aug_rep_d8,E:\甲劈微循环\data\血管数据集\分类数据集\image\228_0.jpg,locked,,,recovered_archive3/219,CAPorg3.jpg,1123.52,1174.36,1174.36,0.9567,0.9567,,0,0
unmapped,229,UNMAPPED_LOCAL_SOURCE,aug_rep_d8,E:\甲劈微循环\data\血管数据集\分类数据集\image\229_0.jpg,locked,,,recovered_archive3/219,CAPorg4.jpg,1082.8,1152.48,1152.48,0.9395,0.9395,,0,0
unmapped,230,UNMAPPED_LOCAL_SOURCE,aug_rep_d8,E:\甲劈微循环\data\血管数据集\分类数据集\image\230_0.jpg,locked,,,recovered_archive2/193,CAPorg9.jpg,1350.55,1795.93,1834.77,0.752,0.7361,,1,1
unmapped,231,UNMAPPED_LOCAL_SOURCE,aug_rep_d8,E:\甲劈微循环\data\血管数据集\分类数据集\image\231_0.jpg,locked,,,recovered_archive3/219,CAPorg4.jpg,742.82,896.81,1076.24,0.8283,0.6902,,0,1
unmapped,232,UNMAPPED_LOCAL_SOURCE,aug_rep_d8,E:\甲劈微循环\data\血管数据集\分类数据集\image\232_0.jpg,locked,,,recovered_archive3/244,CAPorg10.jpg,935.28,942.0,942.0,0.9929,0.9929,,0,0
unmapped,233,UNMAPPED_LOCAL_SOURCE,aug_rep_d8,E:\甲劈微循环\data\血管数据集\分类数据集\image\233_0.jpg,locked,,,recovered_archive2/157,CAPorg6.jpg,1078.49,1137.46,1157.05,0.9482,0.9321,,0,0
unmapped,234,UNMAPPED_LOCAL_SOURCE,aug_rep_d8,E:\甲劈微循环\data\血管数据集\分类数据集\image\234_0.jpg,locked,,,recovered_archive3/219,CAPorg11.jpg,1294.95,1453.46,1658.8,0.8909,0.7807,,0,1
unmapped,235,UNMAPPED_LOCAL_SOURCE,aug_rep_d8,E:\甲劈微循环\data\血管数据集\分类数据集\image\235_0.jpg,locked,,,recovered_archive2/193,CAPorg6.jpg,1478.37,1617.15,1617.15,0.9142,0.9142,,0,0
unmapped,236,UNMAPPED_LOCAL_SOURCE,aug_rep_d8,E:\甲劈微循环\data\血管数据集\分类数据集\image\236_0.jpg,locked,,,recovered_archive3/205,CAPorg4.jpg,1200.79,1240.77,1240.77,0.9678,0.9678,,0,0
unmapped,237,UNMAPPED_LOCAL_SOURCE,aug_rep_d8,E:\甲劈微循环\data\血管数据集\分类数据集\image\237_0.jpg,locked,,,recovered_archive1/55,CAPorg5.jpg,1308.85,1581.14,1581.14,0.8278,0.8278,,0,0
unmapped,239,UNMAPPED_LOCAL_SOURCE,aug_rep_d8,E:\甲劈微循环\data\血管数据集\分类数据集\image\239_0.jpg,locked,,,recovered_archive1/55,CAPorg5.jpg,1342.06,1439.99,1453.98,0.932,0.923,,0,0
unmapped,240,UNMAPPED_LOCAL_SOURCE,aug_rep_d8,E:\甲劈微循环\data\血管数据集\分类数据集\image\240_0.jpg,locked,,,recovered_archive1/88,CAPorg2.jpg,1116.28,1301.08,1301.08,0.858,0.858,,0,0
unmapped,241,UNMAPPED_LOCAL_SOURCE,aug_rep_d8,E:\甲劈微循环\data\血管数据集\分类数据集\image\241_0.jpg,locked,,,recovered_archive2/102,CAPorg6.jpg,1136.21,1210.14,1292.89,0.9389,0.8788,,0,0
unmapped,242,UNMAPPED_LOCAL_SOURCE,aug_rep_d8,E:\甲劈微循环\data\血管数据集\分类数据集\image\242_0.jpg,locked,,,recovered_archive3/219,CAPorg11.jpg,1129.18,1575.82,1651.0,0.7166,0.6839,,1,1
unmapped,243,UNMAPPED_LOCAL_SOURCE,aug_rep_d8,E:\甲劈微循环\data\血管数据集\分类数据集\image\243_0.jpg,locked,,,recovered_archive2/193,CAPorg9.jpg,1386.31,1647.45,1647.45,0.8415,0.8415,,0,0
unmapped,244,UNMAPPED_LOCAL_SOURCE,aug_rep_d8,E:\甲劈微循环\data\血管数据集\分类数据集\image\244_0.jpg,locked,,,recovered_archive2/192,CAPorg6.jpg,1033.44,1064.69,1214.78,0.9706,0.8507,,0,0
unmapped,245,UNMAPPED_LOCAL_SOURCE,aug_rep_d8,E:\甲劈微循环\data\血管数据集\分类数据集\image\245_0.jpg,locked,,,recovered_archive2/193,CAPorg9.jpg,1144.84,1378.3,1378.3,0.8306,0.8306,,0,0
unmapped,246,UNMAPPED_LOCAL_SOURCE,aug_rep_d8,E:\甲劈微循环\data\血管数据集\分类数据集\image\246_0.jpg,locked,,,recovered_archive2/193,CAPorg9.jpg,1724.88,1987.38,1987.38,0.8679,0.8679,,0,0
unmapped,247,UNMAPPED_LOCAL_SOURCE,aug_rep_d8,E:\甲劈微循环\data\血管数据集\分类数据集\image\247_0.jpg,locked,,,recovered_archive2/193,CAPorg9.jpg,910.27,1050.34,1104.02,0.8666,0.8245,,0,0
unmapped,248,UNMAPPED_LOCAL_SOURCE,aug_rep_d8,E:\甲劈微循环\data\血管数据集\分类数据集\image\248_0.jpg,locked,,,recovered_archive3/219,CAPorg4.jpg,1220.81,1310.29,1347.91,0.9317,0.9057,,0,0
unmapped,253,UNMAPPED_LOCAL_SOURCE,aug_rep_d8,E:\甲劈微循环\data\血管数据集\分类数据集\image\253_0.jpg,locked,,,recovered_archive3/244,CAPorg10.jpg,905.03,975.12,975.12,0.9281,0.9281,,0,0
unmapped,254,UNMAPPED_LOCAL_SOURCE,aug_rep_d8,E:\甲劈微循环\data\血管数据集\分类数据集\image\254_0.jpg,locked,,,recovered_archive3/205,CAPorg3.jpg,1268.12,1325.64,1325.64,0.9566,0.9566,,0,0
unmapped,257,UNMAPPED_LOCAL_SOURCE,aug_rep_d8,E:\甲劈微循环\data\血管数据集\分类数据集\image\257_0.jpg,locked,,,recovered_archive3/219,CAPorg4.jpg,985.85,1081.62,1081.62,0.9115,0.9115,,0,0
unmapped,268,UNMAPPED_LOCAL_SOURCE,aug_rep_d8,E:\甲劈微循环\data\血管数据集\分类数据集\image\268_0.jpg,locked,,,recovered_archive2/193,CAPorg9.jpg,1449.41,1618.63,1618.63,0.8955,0.8955,,0,0
unmapped,271,UNMAPPED_LOCAL_SOURCE,aug_rep_d8,E:\甲劈微循环\data\血管数据集\分类数据集\image\271_0.jpg,locked,,,recovered_archive3/219,CAPorg5.jpg,1139.22,1194.8,1194.8,0.9535,0.9535,,0,0
unmapped,275,UNMAPPED_LOCAL_SOURCE,aug_rep_d8,E:\甲劈微循环\data\血管数据集\分类数据集\image\275_0.jpg,locked,,,recovered_archive3/244,CAPorg10.jpg,1456.18,1465.36,1538.56,0.9937,0.9465,,0,0
unmapped,276,UNMAPPED_LOCAL_SOURCE,aug_rep_d8,E:\甲劈微循环\data\血管数据集\分类数据集\image\276_0.jpg,locked,,,recovered_archive2/193,CAPorg9.jpg,1468.67,1784.03,1784.03,0.8232,0.8232,,0,0
unmapped,279,UNMAPPED_LOCAL_SOURCE,aug_rep_d8,E:\甲劈微循环\data\血管数据集\分类数据集\image\279_0.jpg,locked,,,recovered_archive3/219,CAPorg4.jpg,1081.67,1335.83,1335.83,0.8097,0.8097,,0,0
unmapped,284,UNMAPPED_LOCAL_SOURCE,aug_rep_d8,E:\甲劈微循环\data\血管数据集\分类数据集\image\284_0.jpg,locked,,,recovered_archive2/193,CAPorg5.jpg,1304.92,1522.38,1837.76,0.8572,0.7101,,0,1
unmapped,290,UNMAPPED_LOCAL_SOURCE,aug_rep_d8,E:\甲劈微循环\data\血管数据集\分类数据集\image\290_0.jpg,locked,,,recovered_archive2/193,CAPorg9.jpg,1352.97,1581.27,1581.27,0.8556,0.8556,,0,0
unmapped,295,UNMAPPED_LOCAL_SOURCE,aug_rep_d8,E:\甲劈微循环\data\血管数据集\分类数据集\image\295_0.jpg,locked,,,recovered_archive2/193,CAPorg5.jpg,1609.42,1713.53,1982.64,0.9392,0.8118,,0,0
unmapped,296,UNMAPPED_LOCAL_SOURCE,aug_rep_d8,E:\甲劈微循环\data\血管数据集\分类数据集\image\296_0.jpg,locked,,,recovered_archive3/219,CAPorg4.jpg,1129.74,1245.48,1265.13,0.9071,0.893,,0,0
unmapped,297,UNMAPPED_LOCAL_SOURCE,aug_rep_d8,E:\甲劈微循环\data\血管数据集\分类数据集\image\297_0.jpg,locked,,,recovered_archive3/219,CAPorg4.jpg,1308.08,1341.05,1341.05,0.9754,0.9754,,0,0
unmapped,298,UNMAPPED_LOCAL_SOURCE,aug_rep_d8,E:\甲劈微循环\data\血管数据集\分类数据集\image\298_0.jpg,locked,,,recovered_archive3/219,CAPorg4.jpg,768.71,799.68,799.68,0.9613,0.9613,,0,0
unmapped,299,UNMAPPED_LOCAL_SOURCE,aug_rep_d8,E:\甲劈微循环\data\血管数据集\分类数据集\image\299_0.jpg,locked,,,recovered_archive3/247,CAPorg6.jpg,1173.99,1443.95,1443.95,0.813,0.813,,0,0
unmapped,301,UNMAPPED_LOCAL_SOURCE,aug_rep_d8,E:\甲劈微循环\data\血管数据集\分类数据集\image\301_0.jpg,locked,,,recovered_archive2/193,CAPorg9.jpg,1431.52,1456.16,1583.46,0.9831,0.904,,0,0
unmapped,302,UNMAPPED_LOCAL_SOURCE,aug_rep_d8,E:\甲劈微循环\data\血管数据集\分类数据集\image\302_0.jpg,locked,,,recovered_archive2/193,CAPorg9.jpg,1218.79,1548.86,1770.5,0.7869,0.6884,,1,1
unmapped,303,UNMAPPED_LOCAL_SOURCE,aug_rep_d8,E:\甲劈微循环\data\血管数据集\分类数据集\image\303_0.jpg,locked,,,recovered_archive2/192,CAPorg2.jpg,1006.83,1250.05,1370.43,0.8054,0.7347,,0,1
unmapped,305,UNMAPPED_LOCAL_SOURCE,aug_rep_d8,E:\甲劈微循环\data\血管数据集\分类数据集\image\305_0.jpg,locked,,,recovered_archive2/193,CAPorg9.jpg,1301.64,1389.96,1718.83,0.9365,0.7573,,0,1
unmapped,306,UNMAPPED_LOCAL_SOURCE,aug_rep_d8,E:\甲劈微循环\data\血管数据集\分类数据集\image\306_0.jpg,locked,,,recovered_archive1/55,CAPorg8.jpg,981.18,1061.03,1061.03,0.9247,0.9247,,0,0
unmapped,307,UNMAPPED_LOCAL_SOURCE,aug_rep_d8,E:\甲劈微循环\data\血管数据集\分类数据集\image\307_0.jpg,locked,,,recovered_archive2/193,CAPorg9.jpg,1121.25,1299.27,1299.27,0.863,0.863,,0,0
unmapped,308,UNMAPPED_LOCAL_SOURCE,aug_rep_d8,E:\甲劈微循环\data\血管数据集\分类数据集\image\308_0.jpg,locked,,,recovered_archive2/193,CAPorg9.jpg,1545.91,1715.04,1715.04,0.9014,0.9014,,0,0
unmapped,309,UNMAPPED_LOCAL_SOURCE,aug_rep_d8,E:\甲劈微循环\data\血管数据集\分类数据集\image\309_0.jpg,locked,,,recovered_archive3/219,CAPorg4.jpg,1257.14,1316.52,1316.52,0.9549,0.9549,,0,0
unmapped,310,UNMAPPED_LOCAL_SOURCE,aug_rep_d8,E:\甲劈微循环\data\血管数据集\分类数据集\image\310_0.jpg,locked,,,recovered_archive3/219,CAPorg3.jpg,1259.77,1348.23,1485.04,0.9344,0.8483,,0,0
unmapped,311,UNMAPPED_LOCAL_SOURCE,aug_rep_d8,E:\甲劈微循环\data\血管数据集\分类数据集\image\311_0.jpg,locked,,,recovered_archive2/193,CAPorg5.jpg,1517.37,1832.49,1832.49,0.828,0.828,,0,0
unmapped,313,UNMAPPED_LOCAL_SOURCE,aug_rep_d8,E:\甲劈微循环\data\血管数据集\分类数据集\image\313_0.jpg,locked,,,recovered_archive2/193,CAPorg9.jpg,1240.52,1356.71,1356.71,0.9144,0.9144,,0,0
unmapped,314,UNMAPPED_LOCAL_SOURCE,aug_rep_d8,E:\甲劈微循环\data\血管数据集\分类数据集\image\314_0.jpg,locked,,,recovered_archive2/193,CAPorg4.jpg,1075.18,1081.54,1102.19,0.9941,0.9755,,0,0
unmapped,315,UNMAPPED_LOCAL_SOURCE,aug_rep_d8,E:\甲劈微循环\data\血管数据集\分类数据集\image\315_0.jpg,locked,,,recovered_archive2/193,CAPorg9.jpg,1111.47,1244.14,1461.35,0.8934,0.7606,,0,1
unmapped,317,UNMAPPED_LOCAL_SOURCE,aug_rep_d8,E:\甲劈微循环\data\血管数据集\分类数据集\image\317_0.jpg,locked,,,recovered_archive2/193,CAPorg9.jpg,1536.55,1539.67,1539.67,0.998,0.998,,0,0
unmapped,322,UNMAPPED_LOCAL_SOURCE,aug_rep_d8,E:\甲劈微循环\data\血管数据集\分类数据集\image\322_0.jpg,locked,,,recovered_archive3/219,CAPorg4.jpg,1449.56,1473.85,1473.85,0.9835,0.9835,,0,0
unmapped,324,UNMAPPED_LOCAL_SOURCE,aug_rep_d8,E:\甲劈微循环\data\血管数据集\分类数据集\image\324_0.jpg,locked,,,recovered_archive2/196,CAPorg2.jpg,1612.59,1654.22,1654.22,0.9748,0.9748,,0,0
unmapped,325,UNMAPPED_LOCAL_SOURCE,aug_rep_d8,E:\甲劈微循环\data\血管数据集\分类数据集\image\325_0.jpg,locked,,,recovered_archive3/219,CAPorg4.jpg,1274.67,1292.29,1292.29,0.9864,0.9864,,0,0
unmapped,327,UNMAPPED_LOCAL_SOURCE,aug_rep_d8,E:\甲劈微循环\data\血管数据集\分类数据集\image\327_0.jpg,locked,,,recovered_archive2/134,CAPorg5.jpg,1433.85,1496.91,1496.91,0.9579,0.9579,,0,0
unmapped,328,UNMAPPED_LOCAL_SOURCE,aug_rep_d8,E:\甲劈微循环\data\血管数据集\分类数据集\image\328_0.jpg,locked,,,recovered_archive2/193,CAPorg9.jpg,1180.17,1226.26,1543.71,0.9624,0.7645,,0,1
unmapped,329,UNMAPPED_LOCAL_SOURCE,aug_rep_d8,E:\甲劈微循环\data\血管数据集\分类数据集\image\329_0.jpg,locked,,,recovered_archive2/193,CAPorg9.jpg,1164.87,1352.18,1352.18,0.8615,0.8615,,0,0
unmapped,332,UNMAPPED_LOCAL_SOURCE,aug_rep_d8,E:\甲劈微循环\data\血管数据集\分类数据集\image\332_0.jpg,locked,,,recovered_archive2/193,CAPorg9.jpg,1591.39,1824.08,1910.99,0.8724,0.8328,,0,0
unmapped,333,UNMAPPED_LOCAL_SOURCE,aug_rep_d8,E:\甲劈微循环\data\血管数据集\分类数据集\image\333_0.jpg,locked,,,recovered_archive2/193,CAPorg9.jpg,1244.91,1330.74,1344.29,0.9355,0.9261,,0,0
unmapped,335,UNMAPPED_LOCAL_SOURCE,aug_rep_d8,E:\甲劈微循环\data\血管数据集\分类数据集\image\335_0.jpg,locked,,,recovered_archive2/193,CAPorg9.jpg,1436.98,1522.51,1698.24,0.9438,0.8462,,0,0
unmapped,341,UNMAPPED_LOCAL_SOURCE,aug_rep_d8,E:\甲劈微循环\data\血管数据集\分类数据集\image\341_0.jpg,locked,,,recovered_archive2/193,CAPorg5.jpg,1960.8,2196.62,2342.24,0.8926,0.8371,,0,0
unmapped,343,UNMAPPED_LOCAL_SOURCE,aug_rep_d8,E:\甲劈微循环\data\血管数据集\分类数据集\image\343_0.jpg,locked,,,recovered_archive3/219,CAPorg5.jpg,1590.41,1644.66,1836.6,0.967,0.866,,0,0
unmapped,344,UNMAPPED_LOCAL_SOURCE,aug_rep_d8,E:\甲劈微循环\data\血管数据集\分类数据集\image\344_0.jpg,locked,,,recovered_archive1/55,CAPorg3.jpg,1774.08,1899.42,1899.42,0.934,0.934,,0,0
unmapped,345,UNMAPPED_LOCAL_SOURCE,aug_rep_d8,E:\甲劈微循环\data\血管数据集\分类数据集\image\345_0.jpg,locked,,,recovered_archive3/219,CAPorg4.jpg,1218.37,1342.27,1464.28,0.9077,0.8321,,0,0
unmapped,346,UNMAPPED_LOCAL_SOURCE,aug_rep_d8,E:\甲劈微循环\data\血管数据集\分类数据集\image\346_0.jpg,locked,,,recovered_archive2/193,CAPorg9.jpg,1410.13,1645.45,1645.45,0.857,0.857,,0,0
unmapped,347,UNMAPPED_LOCAL_SOURCE,aug_rep_d8,E:\甲劈微循环\data\血管数据集\分类数据集\image\347_0.jpg,locked,,,recovered_archive2/193,CAPorg9.jpg,1520.26,1614.15,2117.77,0.9418,0.7179,,0,1
unmapped,349,UNMAPPED_LOCAL_SOURCE,aug_rep_d8,E:\甲劈微循环\data\血管数据集\分类数据集\image\349_0.jpg,locked,,,recovered_archive2/193,CAPorg5.jpg,1019.16,1192.45,1371.09,0.8547,0.7433,,0,1
unmapped,350,UNMAPPED_LOCAL_SOURCE,aug_rep_d8,E:\甲劈微循环\data\血管数据集\分类数据集\image\350_0.jpg,locked,,,recovered_archive2/193,CAPorg9.jpg,1157.42,1464.33,1541.8,0.7904,0.7507,,1,1
unmapped,351,UNMAPPED_LOCAL_SOURCE,aug_rep_d8,E:\甲劈微循环\data\血管数据集\分类数据集\image\351_0.jpg,locked,,,recovered_archive3/219,CAPorg4.jpg,1120.9,1354.99,1354.99,0.8272,0.8272,,0,0
unmapped,353,UNMAPPED_LOCAL_SOURCE,aug_rep_d8,E:\甲劈微循环\data\血管数据集\分类数据集\image\353_0.jpg,locked,,,recovered_archive2/193,CAPorg9.jpg,1081.77,1125.52,1165.39,0.9611,0.9282,,0,0
unmapped,355,UNMAPPED_LOCAL_SOURCE,aug_rep_d8,E:\甲劈微循环\data\血管数据集\分类数据集\image\355_0.jpg,locked,,,recovered_archive2/102,CAPorg4.jpg,1078.06,1099.55,1256.03,0.9805,0.8583,,0,0
unmapped,356,UNMAPPED_LOCAL_SOURCE,aug_rep_d8,E:\甲劈微循环\data\血管数据集\分类数据集\image\356_0.jpg,locked,,,recovered_archive2/193,CAPorg9.jpg,1631.64,1849.49,1849.49,0.8822,0.8822,,0,0
unmapped,357,UNMAPPED_LOCAL_SOURCE,aug_rep_d8,E:\甲劈微循环\data\血管数据集\分类数据集\image\357_0.jpg,locked,,,recovered_archive2/134,CAPorg5.jpg,1756.54,1822.39,1822.39,0.9639,0.9639,,0,0
unmapped,358,UNMAPPED_LOCAL_SOURCE,aug_rep_d8,E:\甲劈微循环\data\血管数据集\分类数据集\image\358_0.jpg,locked,,,recovered_archive2/140,CAPorg11.jpg,1219.41,1380.92,1380.92,0.883,0.883,,0,0
unmapped,359,UNMAPPED_LOCAL_SOURCE,aug_rep_d8,E:\甲劈微循环\data\血管数据集\分类数据集\image\359_0.jpg,locked,,,recovered_archive2/193,CAPorg9.jpg,1095.34,1243.6,1596.71,0.8808,0.686,,0,1
unmapped,360,UNMAPPED_LOCAL_SOURCE,aug_rep_d8,E:\甲劈微循环\data\血管数据集\分类数据集\image\360_0.jpg,locked,,,recovered_archive2/193,CAPorg9.jpg,1177.73,1330.62,1422.56,0.8851,0.8279,,0,0
unmapped,361,UNMAPPED_LOCAL_SOURCE,aug_rep_d8,E:\甲劈微循环\data\血管数据集\分类数据集\image\361_0.jpg,locked,,,recovered_archive2/193,CAPorg9.jpg,927.53,1308.39,1308.39,0.7089,0.7089,,1,1
unmapped,362,UNMAPPED_LOCAL_SOURCE,aug_rep_d8,E:\甲劈微循环\data\血管数据集\分类数据集\image\362_0.jpg,locked,,,recovered_archive2/193,CAPorg9.jpg,1606.6,1771.64,1771.64,0.9068,0.9068,,0,0
unmapped,363,UNMAPPED_LOCAL_SOURCE,aug_rep_d8,E:\甲劈微循环\data\血管数据集\分类数据集\image\363_0.jpg,locked,,,recovered_archive3/219,CAPorg4.jpg,1074.54,1215.01,1215.01,0.8844,0.8844,,0,0
unmapped,365,UNMAPPED_LOCAL_SOURCE,aug_rep_d8,E:\甲劈微循环\data\血管数据集\分类数据集\image\365_0.jpg,locked,,,recovered_archive2/193,CAPorg9.jpg,1439.72,1532.05,1532.05,0.9397,0.9397,,0,0
unmapped,366,UNMAPPED_LOCAL_SOURCE,aug_rep_d8,E:\甲劈微循环\data\血管数据集\分类数据集\image\366_0.jpg,locked,,,recovered_archive3/205,CAPorg6.jpg,1219.47,1302.56,1302.56,0.9362,0.9362,,0,0
unmapped,367,UNMAPPED_LOCAL_SOURCE,aug_rep_d8,E:\甲劈微循环\data\血管数据集\分类数据集\image\367_0.jpg,locked,,,recovered_archive3/203,CAPorg10.jpg,928.63,1056.14,1073.18,0.8793,0.8653,,0,0
unmapped,368,UNMAPPED_LOCAL_SOURCE,aug_rep_d8,E:\甲劈微循环\data\血管数据集\分类数据集\image\368_0.jpg,locked,,,recovered_archive2/193,CAPorg9.jpg,1785.05,1954.91,1954.91,0.9131,0.9131,,0,0
unmapped,369,UNMAPPED_LOCAL_SOURCE,aug_rep_d8,E:\甲劈微循环\data\血管数据集\分类数据集\image\369_0.jpg,locked,,,recovered_archive2/193,CAPorg9.jpg,1341.08,1374.57,1702.34,0.9756,0.7878,,0,1
unmapped,370,UNMAPPED_LOCAL_SOURCE,aug_rep_d8,E:\甲劈微循环\data\血管数据集\分类数据集\image\370_0.jpg,locked,,,recovered_archive2/193,CAPorg5.jpg,1357.81,1474.69,1590.35,0.9207,0.8538,,0,0
unmapped,371,UNMAPPED_LOCAL_SOURCE,aug_rep_d8,E:\甲劈微循环\data\血管数据集\分类数据集\image\371_0.jpg,locked,,,recovered_archive2/192,CAPorg4.jpg,1096.56,1107.51,1197.29,0.9901,0.9159,,0,0
unmapped,372,UNMAPPED_LOCAL_SOURCE,aug_rep_d8,E:\甲劈微循环\data\血管数据集\分类数据集\image\372_0.jpg,locked,,,recovered_archive3/205,CAPorg3.jpg,1106.77,1136.55,1136.55,0.9738,0.9738,,0,0
unmapped,373,UNMAPPED_LOCAL_SOURCE,aug_rep_d8,E:\甲劈微循环\data\血管数据集\分类数据集\image\373_0.jpg,locked,,,recovered_archive2/193,CAPorg9.jpg,1275.98,1468.49,1707.91,0.8689,0.7471,,0,1
unmapped,374,UNMAPPED_LOCAL_SOURCE,aug_rep_d8,E:\甲劈微循环\data\血管数据集\分类数据集\image\374_0.jpg,locked,,,recovered_archive2/102,CAPorg6.jpg,1202.4,1203.59,1203.59,0.999,0.999,,0,0
unmapped,375,UNMAPPED_LOCAL_SOURCE,aug_rep_d8,E:\甲劈微循环\data\血管数据集\分类数据集\image\375_0.jpg,locked,,,recovered_archive2/193,CAPorg9.jpg,1278.4,1471.98,1478.47,0.8685,0.8647,,0,0
unmapped,378,UNMAPPED_LOCAL_SOURCE,aug_rep_d8,E:\甲劈微循环\data\血管数据集\分类数据集\image\378_0.jpg,locked,,,recovered_archive2/131,CAPorg3.jpg,2084.85,2113.7,2113.7,0.9863,0.9863,,0,0
unmapped,379,UNMAPPED_LOCAL_SOURCE,aug_rep_d8,E:\甲劈微循环\data\血管数据集\分类数据集\image\379_0.jpg,locked,,,recovered_archive2/193,CAPorg9.jpg,1041.66,1181.84,1483.29,0.8814,0.7023,,0,1
unmapped,380,UNMAPPED_LOCAL_SOURCE,aug_rep_d8,E:\甲劈微循环\data\血管数据集\分类数据集\image\380_0.jpg,locked,,,recovered_archive2/193,CAPorg9.jpg,1218.99,1379.94,1385.1,0.8834,0.8801,,0,0
unmapped,381,UNMAPPED_LOCAL_SOURCE,aug_rep_d8,E:\甲劈微循环\data\血管数据集\分类数据集\image\381_0.jpg,locked,,,recovered_archive3/249,CAPorg6.jpg,1419.43,1524.14,1524.14,0.9313,0.9313,,0,0
unmapped,382,UNMAPPED_LOCAL_SOURCE,aug_rep_d8,E:\甲劈微循环\data\血管数据集\分类数据集\image\382_0.jpg,locked,,,recovered_archive2/193,CAPorg5.jpg,779.43,842.3,1070.74,0.9254,0.7279,,0,1
unmapped,384,UNMAPPED_LOCAL_SOURCE,aug_rep_d8,E:\甲劈微循环\data\血管数据集\分类数据集\image\384_0.jpg,locked,,,recovered_archive2/193,CAPorg9.jpg,1655.99,1811.15,2121.96,0.9143,0.7804,,0,1
unmapped,390,UNMAPPED_LOCAL_SOURCE,aug_rep_d8,E:\甲劈微循环\data\血管数据集\分类数据集\image\390_0.jpg,locked,,,recovered_archive2/193,CAPorg5.jpg,1190.21,1351.21,1665.48,0.8808,0.7146,,0,1
unmapped,391,UNMAPPED_LOCAL_SOURCE,aug_rep_d8,E:\甲劈微循环\data\血管数据集\分类数据集\image\391_0.jpg,locked,,,recovered_archive1/55,CAPorg3.jpg,1712.83,1800.94,1800.94,0.9511,0.9511,,0,0
unmapped,392,UNMAPPED_LOCAL_SOURCE,aug_rep_d8,E:\甲劈微循环\data\血管数据集\分类数据集\image\392_0.jpg,locked,,,recovered_archive2/193,CAPorg9.jpg,1418.81,1549.96,1811.0,0.9154,0.7834,,0,1
unmapped,393,UNMAPPED_LOCAL_SOURCE,aug_rep_d8,E:\甲劈微循环\data\血管数据集\分类数据集\image\393_0.jpg,locked,,,recovered_archive2/193,CAPorg9.jpg,1802.94,1926.07,2135.48,0.9361,0.8443,,0,0
unmapped,394,UNMAPPED_LOCAL_SOURCE,aug_rep_d8,E:\甲劈微循环\data\血管数据集\分类数据集\image\394_0.jpg,locked,,,recovered_archive2/193,CAPorg9.jpg,1511.92,1808.04,1808.04,0.8362,0.8362,,0,0
unmapped,395,UNMAPPED_LOCAL_SOURCE,aug_rep_d8,E:\甲劈微循环\data\血管数据集\分类数据集\image\395_0.jpg,locked,,,recovered_archive3/236,CAPorg4.jpg,1586.77,1631.44,1631.44,0.9726,0.9726,,0,0
unmapped,396,UNMAPPED_LOCAL_SOURCE,aug_rep_d8,E:\甲劈微循环\data\血管数据集\分类数据集\image\396_0.jpg,locked,,,recovered_archive2/193,CAPorg9.jpg,1645.13,1830.24,2105.03,0.8989,0.7815,,0,1
unmapped,397,UNMAPPED_LOCAL_SOURCE,aug_rep_d8,E:\甲劈微循环\data\血管数据集\分类数据集\image\397_0.jpg,locked,,,recovered_archive2/102,CAPorg5.jpg,1303.13,1323.34,1323.34,0.9847,0.9847,,0,0
unmapped,398,UNMAPPED_LOCAL_SOURCE,aug_rep_d8,E:\甲劈微循环\data\血管数据集\分类数据集\image\398_0.jpg,locked,,,recovered_archive2/193,CAPorg9.jpg,1124.94,1277.61,1277.61,0.8805,0.8805,,0,0
unmapped,399,UNMAPPED_LOCAL_SOURCE,aug_rep_d8,E:\甲劈微循环\data\血管数据集\分类数据集\image\399_0.jpg,locked,,,recovered_archive2/193,CAPorg9.jpg,1397.82,1461.34,1582.66,0.9565,0.8832,,0,0
unmapped,401,UNMAPPED_LOCAL_SOURCE,aug_rep_d8,E:\甲劈微循环\data\血管数据集\分类数据集\image\401_0.jpg,locked,,,recovered_archive3/219,CAPorg4.jpg,1286.76,1355.23,1355.23,0.9495,0.9495,,0,0
unmapped,402,UNMAPPED_LOCAL_SOURCE,aug_rep_d8,E:\甲劈微循环\data\血管数据集\分类数据集\image\402_0.jpg,locked,,,recovered_archive3/219,CAPorg11.jpg,1411.38,1885.13,2185.55,0.7487,0.6458,,1,1
unmapped,404,UNMAPPED_LOCAL_SOURCE,aug_rep_d8,E:\甲劈微循环\data\血管数据集\分类数据集\image\404_0.jpg,locked,,,recovered_archive3/244,CAPorg5.jpg,1064.14,1084.17,1084.17,0.9815,0.9815,,0,0
unmapped,405,UNMAPPED_LOCAL_SOURCE,aug_rep_d8,E:\甲劈微循环\data\血管数据集\分类数据集\image\405_0.jpg,locked,,,recovered_archive3/219,CAPorg4.jpg,855.47,961.74,1244.59,0.8895,0.6874,,0,1
unmapped,406,UNMAPPED_LOCAL_SOURCE,aug_rep_d8,E:\甲劈微循环\data\血管数据集\分类数据集\image\406_0.jpg,locked,,,recovered_archive1/55,CAPorg5.jpg,1155.09,1401.8,1401.8,0.824,0.824,,0,0
unmapped,407,UNMAPPED_LOCAL_SOURCE,aug_rep_d8,E:\甲劈微循环\data\血管数据集\分类数据集\image\407_0.jpg,locked,,,recovered_archive2/193,CAPorg9.jpg,1912.62,2070.11,2271.81,0.9239,0.8419,,0,0
unmapped,409,UNMAPPED_LOCAL_SOURCE,aug_rep_d8,E:\甲劈微循环\data\血管数据集\分类数据集\image\409_0.jpg,locked,,,recovered_archive2/193,CAPorg9.jpg,1313.61,1737.89,1827.58,0.7559,0.7188,,1,1
unmapped,410,UNMAPPED_LOCAL_SOURCE,aug_rep_d8,E:\甲劈微循环\data\血管数据集\分类数据集\image\410_0.jpg,locked,,,recovered_archive2/134,CAPorg4.jpg,1092.5,1399.08,1399.08,0.7809,0.7809,,1,1
unmapped,412,UNMAPPED_LOCAL_SOURCE,aug_rep_d8,E:\甲劈微循环\data\血管数据集\分类数据集\image\412_0.jpg,locked,,,recovered_archive2/196,CAPorg2.jpg,1817.47,2098.02,2271.78,0.8663,0.8,,0,0
unmapped,413,UNMAPPED_LOCAL_SOURCE,aug_rep_d8,E:\甲劈微循环\data\血管数据集\分类数据集\image\413_0.jpg,locked,,,recovered_archive3/247,CAPorg6.jpg,1342.42,1627.49,1627.49,0.8248,0.8248,,0,0
unmapped,414,UNMAPPED_LOCAL_SOURCE,aug_rep_d8,E:\甲劈微循环\data\血管数据集\分类数据集\image\414_0.jpg,locked,,,recovered_archive2/102,CAPorg5.jpg,1618.05,1628.18,1680.45,0.9938,0.9629,,0,0
unmapped,415,UNMAPPED_LOCAL_SOURCE,aug_rep_d8,E:\甲劈微循环\data\血管数据集\分类数据集\image\415_0.jpg,locked,,,recovered_archive2/193,CAPorg9.jpg,1704.37,1723.52,1889.08,0.9889,0.9022,,0,0
unmapped,416,UNMAPPED_LOCAL_SOURCE,aug_rep_d8,E:\甲劈微循环\data\血管数据集\分类数据集\image\416_0.jpg,locked,,,recovered_archive2/193,CAPorg9.jpg,1395.49,1534.25,1596.05,0.9096,0.8743,,0,0
unmapped,417,UNMAPPED_LOCAL_SOURCE,aug_rep_d8,E:\甲劈微循环\data\血管数据集\分类数据集\image\417_0.jpg,locked,,,recovered_archive2/193,CAPorg9.jpg,1700.14,1804.36,1897.01,0.9422,0.8962,,0,0
unmapped,419,UNMAPPED_LOCAL_SOURCE,aug_rep_d8,E:\甲劈微循环\data\血管数据集\分类数据集\image\419_0.jpg,locked,,,recovered_archive2/193,CAPorg9.jpg,1478.62,1623.15,1623.15,0.911,0.911,,0,0
unmapped,420,UNMAPPED_LOCAL_SOURCE,aug_rep_d8,E:\甲劈微循环\data\血管数据集\分类数据集\image\420_0.jpg,locked,,,recovered_archive2/193,CAPorg9.jpg,1671.65,1723.71,1816.46,0.9698,0.9203,,0,0
unmapped,421,UNMAPPED_LOCAL_SOURCE,aug_rep_d8,E:\甲劈微循环\data\血管数据集\分类数据集\image\421_0.jpg,locked,,,recovered_archive3/219,CAPorg4.jpg,1108.4,1171.84,1171.84,0.9459,0.9459,,0,0
unmapped,422,UNMAPPED_LOCAL_SOURCE,aug_rep_d8,E:\甲劈微循环\data\血管数据集\分类数据集\image\422_0.jpg,locked,,,recovered_archive3/208,CAPorg9.jpg,1485.36,1540.51,1540.51,0.9642,0.9642,,0,0
unmapped,424,UNMAPPED_LOCAL_SOURCE,aug_rep_d8,E:\甲劈微循环\data\血管数据集\分类数据集\image\424_0.jpg,locked,,,recovered_archive3/219,CAPorg4.jpg,1044.2,1225.71,1354.49,0.8519,0.7709,,0,1
unmapped,425,UNMAPPED_LOCAL_SOURCE,aug_rep_d8,E:\甲劈微循环\data\血管数据集\分类数据集\image\425_0.jpg,locked,,,recovered_archive3/247,CAPorg6.jpg,1561.17,1581.77,1581.77,0.987,0.987,,0,0
unmapped,426,UNMAPPED_LOCAL_SOURCE,aug_rep_d8,E:\甲劈微循环\data\血管数据集\分类数据集\image\426_0.jpg,locked,,,recovered_archive2/196,CAPorg5.jpg,1029.46,1235.73,1304.7,0.8331,0.789,,0,1
unmapped,427,UNMAPPED_LOCAL_SOURCE,aug_rep_d8,E:\甲劈微循环\data\血管数据集\分类数据集\image\427_0.jpg,locked,,,recovered_archive2/193,CAPorg9.jpg,1691.93,2033.27,2054.62,0.8321,0.8235,,0,0
unmapped,428,UNMAPPED_LOCAL_SOURCE,aug_rep_d8,E:\甲劈微循环\data\血管数据集\分类数据集\image\428_0.jpg,locked,,,recovered_archive2/196,CAPorg2.jpg,1927.61,2231.5,2231.5,0.8638,0.8638,,0,0
unmapped,429,UNMAPPED_LOCAL_SOURCE,aug_rep_d8,E:\甲劈微循环\data\血管数据集\分类数据集\image\429_0.jpg,locked,,,recovered_archive2/193,CAPorg9.jpg,1491.95,1687.03,2018.7,0.8844,0.7391,,0,1
unmapped,430,UNMAPPED_LOCAL_SOURCE,aug_rep_d8,E:\甲劈微循环\data\血管数据集\分类数据集\image\430_0.jpg,locked,,,recovered_archive2/193,CAPorg9.jpg,1453.55,1584.09,1716.47,0.9176,0.8468,,0,0
unmapped,431,UNMAPPED_LOCAL_SOURCE,aug_rep_d8,E:\甲劈微循环\data\血管数据集\分类数据集\image\431_0.jpg,locked,,,recovered_archive2/193,CAPorg9.jpg,1857.88,1959.57,1959.57,0.9481,0.9481,,0,0
unmapped,432,UNMAPPED_LOCAL_SOURCE,aug_rep_d8,E:\甲劈微循环\data\血管数据集\分类数据集\image\432_0.jpg,locked,,,recovered_archive3/219,CAPorg4.jpg,1610.51,1647.61,1647.61,0.9775,0.9775,,0,0
unmapped,433,UNMAPPED_LOCAL_SOURCE,aug_rep_d8,E:\甲劈微循环\data\血管数据集\分类数据集\image\433_0.jpg,locked,,,recovered_archive3/247,CAPorg6.jpg,1835.51,2005.21,2005.21,0.9154,0.9154,,0,0
unmapped,434,UNMAPPED_LOCAL_SOURCE,aug_rep_d8,E:\甲劈微循环\data\血管数据集\分类数据集\image\434_0.jpg,locked,,,recovered_archive2/193,CAPorg9.jpg,1133.09,1139.19,1577.71,0.9946,0.7182,,0,1
unmapped,435,UNMAPPED_LOCAL_SOURCE,aug_rep_d8,E:\甲劈微循环\data\血管数据集\分类数据集\image\435_0.jpg,locked,,,recovered_archive2/193,CAPorg9.jpg,1367.68,1710.66,1710.66,0.7995,0.7995,,1,1
unmapped,436,UNMAPPED_LOCAL_SOURCE,aug_rep_d8,E:\甲劈微循环\data\血管数据集\分类数据集\image\436_0.jpg,locked,,,recovered_archive2/193,CAPorg9.jpg,1147.07,1229.43,1229.43,0.933,0.933,,0,0
unmapped,437,UNMAPPED_LOCAL_SOURCE,aug_rep_d8,E:\甲劈微循环\data\血管数据集\分类数据集\image\437_0.jpg,locked,,,recovered_archive3/219,CAPorg4.jpg,1401.37,1591.9,1591.9,0.8803,0.8803,,0,0
unmapped,438,UNMAPPED_LOCAL_SOURCE,aug_rep_d8,E:\甲劈微循环\data\血管数据集\分类数据集\image\438_0.jpg,locked,,,recovered_archive2/134,CAPorg5.jpg,1434.64,1527.32,1527.32,0.9393,0.9393,,0,0
unmapped,439,UNMAPPED_LOCAL_SOURCE,aug_rep_d8,E:\甲劈微循环\data\血管数据集\分类数据集\image\439_0.jpg,locked,,,recovered_archive3/247,CAPorg6.jpg,1388.95,1640.3,1640.3,0.8468,0.8468,,0,0
unmapped,440,UNMAPPED_LOCAL_SOURCE,aug_rep_d8,E:\甲劈微循环\data\血管数据集\分类数据集\image\440_0.jpg,locked,,,recovered_archive2/193,CAPorg9.jpg,1750.66,1811.47,1817.1,0.9664,0.9634,,0,0
unmapped,441,UNMAPPED_LOCAL_SOURCE,aug_rep_d8,E:\甲劈微循环\data\血管数据集\分类数据集\image\441_0.jpg,locked,,,recovered_archive3/219,CAPorg4.jpg,1422.47,1448.05,1448.05,0.9823,0.9823,,0,0
unmapped,442,UNMAPPED_LOCAL_SOURCE,aug_rep_d8,E:\甲劈微循环\data\血管数据集\分类数据集\image\442_0.jpg,locked,,,recovered_archive2/193,CAPorg5.jpg,1404.2,1420.16,1629.46,0.9888,0.8618,,0,0
unmapped,443,UNMAPPED_LOCAL_SOURCE,aug_rep_d8,E:\甲劈微循环\data\血管数据集\分类数据集\image\443_0.jpg,locked,,,recovered_archive3/219,CAPorg4.jpg,1323.54,1499.34,1499.34,0.8828,0.8828,,0,0
unmapped,444,UNMAPPED_LOCAL_SOURCE,aug_rep_d8,E:\甲劈微循环\data\血管数据集\分类数据集\image\444_0.jpg,locked,,,recovered_archive3/219,CAPorg11.jpg,1268.06,1641.3,1861.12,0.7726,0.6813,,1,1
unmapped,445,UNMAPPED_LOCAL_SOURCE,aug_rep_d8,E:\甲劈微循环\data\血管数据集\分类数据集\image\445_0.jpg,locked,,,recovered_archive2/193,CAPorg9.jpg,1374.41,1385.72,1540.74,0.9918,0.892,,0,0
unmapped,446,UNMAPPED_LOCAL_SOURCE,aug_rep_d8,E:\甲劈微循环\data\血管数据集\分类数据集\image\446_0.jpg,locked,,,recovered_archive2/193,CAPorg9.jpg,1645.11,1924.81,2064.18,0.8547,0.797,,0,1
unmapped,447,UNMAPPED_LOCAL_SOURCE,aug_rep_d8,E:\甲劈微循环\data\血管数据集\分类数据集\image\447_0.jpg,locked,,,recovered_archive2/102,CAPorg6.jpg,1264.55,1295.42,1330.74,0.9762,0.9503,,0,0
unmapped,448,UNMAPPED_LOCAL_SOURCE,aug_rep_d8,E:\甲劈微循环\data\血管数据集\分类数据集\image\448_0.jpg,locked,,,recovered_archive1/55,CAPorg5.jpg,1473.78,1601.03,1626.46,0.9205,0.9061,,0,0
unmapped,449,UNMAPPED_LOCAL_SOURCE,aug_rep_d8,E:\甲劈微循环\data\血管数据集\分类数据集\image\449_0.jpg,locked,,,recovered_archive3/219,CAPorg4.jpg,1531.42,1663.81,1699.25,0.9204,0.9012,,0,0
unmapped,450,UNMAPPED_LOCAL_SOURCE,aug_rep_d8,E:\甲劈微循环\data\血管数据集\分类数据集\image\450_0.jpg,locked,,,recovered_archive3/219,CAPorg4.jpg,1713.64,1773.02,1906.97,0.9665,0.8986,,0,0
unmapped,451,UNMAPPED_LOCAL_SOURCE,aug_rep_d8,E:\甲劈微循环\data\血管数据集\分类数据集\image\451_0.jpg,locked,,,recovered_archive3/247,CAPorg6.jpg,1826.46,1979.59,1979.59,0.9226,0.9226,,0,0
unmapped,452,UNMAPPED_LOCAL_SOURCE,aug_rep_d8,E:\甲劈微循环\data\血管数据集\分类数据集\image\452_0.jpg,locked,,,recovered_archive2/193,CAPorg5.jpg,1050.51,1198.76,1275.43,0.8763,0.8237,,0,0
unmapped,453,UNMAPPED_LOCAL_SOURCE,aug_rep_d8,E:\甲劈微循环\data\血管数据集\分类数据集\image\453_0.jpg,locked,,,recovered_archive3/247,CAPorg6.jpg,1411.09,1572.72,1572.72,0.8972,0.8972,,0,0
unmapped,454,UNMAPPED_LOCAL_SOURCE,aug_rep_d8,E:\甲劈微循环\data\血管数据集\分类数据集\image\454_0.jpg,locked,,,recovered_archive3/219,CAPorg2.jpg,1223.76,1553.39,1553.39,0.7878,0.7878,,1,1
unmapped,455,UNMAPPED_LOCAL_SOURCE,aug_rep_d8,E:\甲劈微循环\data\血管数据集\分类数据集\image\455_0.jpg,locked,,,recovered_archive3/247,CAPorg6.jpg,1250.83,1309.55,1309.55,0.9552,0.9552,,0,0
unmapped,456,UNMAPPED_LOCAL_SOURCE,aug_rep_d8,E:\甲劈微循环\data\血管数据集\分类数据集\image\456_0.jpg,locked,,,recovered_archive2/192,CAPorg7.jpg,1059.31,1110.71,1269.22,0.9537,0.8346,,0,0
unmapped,457,UNMAPPED_LOCAL_SOURCE,aug_rep_d8,E:\甲劈微循环\data\血管数据集\分类数据集\image\457_0.jpg,locked,,,recovered_archive1/55,CAPorg5.jpg,1110.23,1220.47,1220.47,0.9097,0.9097,,0,0
unmapped,458,UNMAPPED_LOCAL_SOURCE,aug_rep_d8,E:\甲劈微循环\data\血管数据集\分类数据集\image\458_0.jpg,locked,,,recovered_archive2/193,CAPorg9.jpg,969.77,1281.73,1565.79,0.7566,0.6193,,1,1
unmapped,459,UNMAPPED_LOCAL_SOURCE,aug_rep_d8,E:\甲劈微循环\data\血管数据集\分类数据集\image\459_0.jpg,locked,,,recovered_archive2/193,CAPorg9.jpg,1465.21,1633.65,1633.65,0.8969,0.8969,,0,0
unmapped,460,UNMAPPED_LOCAL_SOURCE,aug_rep_d8,E:\甲劈微循环\data\血管数据集\分类数据集\image\460_0.jpg,locked,,,recovered_archive3/219,CAPorg4.jpg,849.53,920.18,920.18,0.9232,0.9232,,0,0
unmapped,461,UNMAPPED_LOCAL_SOURCE,aug_rep_d8,E:\甲劈微循环\data\血管数据集\分类数据集\image\461_0.jpg,locked,,,recovered_archive2/102,CAPorg7.jpg,1697.36,1748.48,1814.44,0.9708,0.9355,,0,0
unmapped,462,UNMAPPED_LOCAL_SOURCE,aug_rep_d8,E:\甲劈微循环\data\血管数据集\分类数据集\image\462_0.jpg,locked,,,recovered_archive3/219,CAPorg3.jpg,1338.45,1470.2,1633.87,0.9104,0.8192,,0,0
unmapped,463,UNMAPPED_LOCAL_SOURCE,aug_rep_d8,E:\甲劈微循环\data\血管数据集\分类数据集\image\463_0.jpg,locked,,,recovered_archive3/247,CAPorg6.jpg,1565.86,1725.0,1725.0,0.9077,0.9077,,0,0
unmapped,464,UNMAPPED_LOCAL_SOURCE,aug_rep_d8,E:\甲劈微循环\data\血管数据集\分类数据集\image\464_0.jpg,locked,,,recovered_archive3/219,CAPorg4.jpg,724.09,822.11,870.6,0.8808,0.8317,,0,0
unmapped,465,UNMAPPED_LOCAL_SOURCE,aug_rep_d8,E:\甲劈微循环\data\血管数据集\分类数据集\image\465_0.jpg,locked,,,recovered_archive3/244,CAPorg4.jpg,816.2,878.66,878.66,0.9289,0.9289,,0,0
unmapped,466,UNMAPPED_LOCAL_SOURCE,aug_rep_d8,E:\甲劈微循环\data\血管数据集\分类数据集\image\466_0.jpg,locked,,,recovered_archive2/193,CAPorg9.jpg,1060.97,1379.46,1379.46,0.7691,0.7691,,1,1
unmapped,467,UNMAPPED_LOCAL_SOURCE,aug_rep_d8,E:\甲劈微循环\data\血管数据集\分类数据集\image\467_0.jpg,locked,,,recovered_archive3/208,CAPorg9.jpg,1063.15,1140.38,1140.38,0.9323,0.9323,,0,0
unmapped,468,UNMAPPED_LOCAL_SOURCE,aug_rep_d8,E:\甲劈微循环\data\血管数据集\分类数据集\image\468_0.jpg,locked,,,recovered_archive3/236,CAPorg3.jpg,1931.22,1999.26,1999.26,0.966,0.966,,0,0
unmapped,469,UNMAPPED_LOCAL_SOURCE,aug_rep_d8,E:\甲劈微循环\data\血管数据集\分类数据集\image\469_0.jpg,locked,,,recovered_archive2/193,CAPorg1.jpg,1373.31,1379.23,1379.23,0.9957,0.9957,,0,0
unmapped,470,UNMAPPED_LOCAL_SOURCE,aug_rep_d8,E:\甲劈微循环\data\血管数据集\分类数据集\image\470_0.jpg,locked,,,recovered_archive2/193,CAPorg9.jpg,1286.66,1549.28,1629.56,0.8305,0.7896,,0,1
unmapped,471,UNMAPPED_LOCAL_SOURCE,aug_rep_d8,E:\甲劈微循环\data\血管数据集\分类数据集\image\471_0.jpg,locked,,,recovered_archive3/244,CAPorg10.jpg,1063.49,1090.48,1113.03,0.9753,0.9555,,0,0
unmapped,472,UNMAPPED_LOCAL_SOURCE,aug_rep_d8,E:\甲劈微循环\data\血管数据集\分类数据集\image\472_0.jpg,locked,,,recovered_archive3/219,CAPorg3.jpg,1104.93,1386.34,1723.83,0.797,0.641,,1,1
unmapped,473,UNMAPPED_LOCAL_SOURCE,aug_rep_d8,E:\甲劈微循环\data\血管数据集\分类数据集\image\473_0.jpg,locked,,,recovered_archive2/193,CAPorg5.jpg,1664.15,1723.54,2239.22,0.9655,0.7432,,0,1
unmapped,474,UNMAPPED_LOCAL_SOURCE,aug_rep_d8,E:\甲劈微循环\data\血管数据集\分类数据集\image\474_0.jpg,locked,,,recovered_archive2/196,CAPorg5.jpg,1196.39,1217.24,1471.47,0.9829,0.8131,,0,0
unmapped,475,UNMAPPED_LOCAL_SOURCE,aug_rep_d8,E:\甲劈微循环\data\血管数据集\分类数据集\image\475_0.jpg,locked,,,recovered_archive3/247,CAPorg1.jpg,1891.32,1976.65,2101.25,0.9568,0.9001,,0,0
unmapped,476,UNMAPPED_LOCAL_SOURCE,aug_rep_d8,E:\甲劈微循环\data\血管数据集\分类数据集\image\476_0.jpg,locked,,,recovered_archive3/219,CAPorg4.jpg,1125.89,1245.83,1245.83,0.9037,0.9037,,0,0
unmapped,477,UNMAPPED_LOCAL_SOURCE,aug_rep_d8,E:\甲劈微循环\data\血管数据集\分类数据集\image\477_0.jpg,locked,,,recovered_archive2/193,CAPorg9.jpg,1131.38,1138.86,1138.86,0.9934,0.9934,,0,0
unmapped,478,UNMAPPED_LOCAL_SOURCE,aug_rep_d8,E:\甲劈微循环\data\血管数据集\分类数据集\image\478_0.jpg,locked,,,recovered_archive2/193,CAPorg9.jpg,1687.73,1754.53,1754.53,0.9619,0.9619,,0,0
unmapped,479,UNMAPPED_LOCAL_SOURCE,aug_rep_d8,E:\甲劈微循环\data\血管数据集\分类数据集\image\479_0.jpg,locked,,,recovered_archive2/193,CAPorg9.jpg,2055.69,2155.89,2155.89,0.9535,0.9535,,0,0
unmapped,480,UNMAPPED_LOCAL_SOURCE,aug_rep_d8,E:\甲劈微循环\data\血管数据集\分类数据集\image\480_0.jpg,locked,,,recovered_archive2/193,CAPorg9.jpg,1723.2,1855.62,1874.14,0.9286,0.9195,,0,0
unmapped,481,UNMAPPED_LOCAL_SOURCE,aug_rep_d8,E:\甲劈微循环\data\血管数据集\分类数据集\image\481_0.jpg,locked,,,recovered_archive2/193,CAPorg9.jpg,1749.15,2069.05,2069.05,0.8454,0.8454,,0,0
unmapped,482,UNMAPPED_LOCAL_SOURCE,aug_rep_d8,E:\甲劈微循环\data\血管数据集\分类数据集\image\482_0.jpg,locked,,,recovered_archive2/193,CAPorg9.jpg,1450.71,1662.34,1662.34,0.8727,0.8727,,0,0
unmapped,483,UNMAPPED_LOCAL_SOURCE,aug_rep_d8,E:\甲劈微循环\data\血管数据集\分类数据集\image\483_0.jpg,locked,,,recovered_archive2/193,CAPorg5.jpg,1533.8,1715.69,1817.78,0.894,0.8438,,0,0
unmapped,484,UNMAPPED_LOCAL_SOURCE,aug_rep_d8,E:\甲劈微循环\data\血管数据集\分类数据集\image\484_0.jpg,locked,,,recovered_archive2/134,CAPorg5.jpg,2110.26,2370.07,2370.07,0.8904,0.8904,,0,0
unmapped,485,UNMAPPED_LOCAL_SOURCE,aug_rep_d8,E:\甲劈微循环\data\血管数据集\分类数据集\image\485_0.jpg,locked,,,recovered_archive2/134,CAPorg5.jpg,1784.42,1889.13,1889.13,0.9446,0.9446,,0,0
unmapped,486,UNMAPPED_LOCAL_SOURCE,aug_rep_d8,E:\甲劈微循环\data\血管数据集\分类数据集\image\486_0.jpg,locked,,,recovered_archive2/193,CAPorg9.jpg,1760.15,1925.76,1945.92,0.914,0.9045,,0,0
unmapped,487,UNMAPPED_LOCAL_SOURCE,aug_rep_d8,E:\甲劈微循环\data\血管数据集\分类数据集\image\487_0.jpg,locked,,,recovered_archive2/193,CAPorg9.jpg,1043.44,1232.29,1232.29,0.8467,0.8467,,0,0
unmapped,488,UNMAPPED_LOCAL_SOURCE,aug_rep_d8,E:\甲劈微循环\data\血管数据集\分类数据集\image\488_0.jpg,locked,,,recovered_archive2/193,CAPorg9.jpg,1343.01,1500.48,1500.48,0.8951,0.8951,,0,0
unmapped,489,UNMAPPED_LOCAL_SOURCE,aug_rep_d8,E:\甲劈微循环\data\血管数据集\分类数据集\image\489_0.jpg,locked,,,recovered_archive3/219,CAPorg3.jpg,1517.48,1597.02,2048.17,0.9502,0.7409,,0,1
unmapped,490,UNMAPPED_LOCAL_SOURCE,aug_rep_d8,E:\甲劈微循环\data\血管数据集\分类数据集\image\490_0.jpg,locked,,,recovered_archive2/193,CAPorg9.jpg,1222.67,1418.73,1689.25,0.8618,0.7238,,0,1
unmapped,491,UNMAPPED_LOCAL_SOURCE,aug_rep_d8,E:\甲劈微循环\data\血管数据集\分类数据集\image\491_0.jpg,locked,,,recovered_archive2/193,CAPorg9.jpg,1140.71,1511.96,1696.23,0.7545,0.6725,,1,1
unmapped,492,UNMAPPED_LOCAL_SOURCE,aug_rep_d8,E:\甲劈微循环\data\血管数据集\分类数据集\image\492_0.jpg,locked,,,recovered_archive2/196,CAPorg8.jpg,1378.71,1542.72,1542.72,0.8937,0.8937,,0,0
unmapped,493,UNMAPPED_LOCAL_SOURCE,aug_rep_d8,E:\甲劈微循环\data\血管数据集\分类数据集\image\493_0.jpg,locked,,,recovered_archive3/247,CAPorg6.jpg,1568.62,1896.22,1896.22,0.8272,0.8272,,0,0
unmapped,494,UNMAPPED_LOCAL_SOURCE,aug_rep_d8,E:\甲劈微循环\data\血管数据集\分类数据集\image\494_0.jpg,locked,,,recovered_archive2/187,CAPorg9.jpg,1655.59,2198.44,2198.44,0.7531,0.7531,,1,1
unmapped,495,UNMAPPED_LOCAL_SOURCE,aug_rep_d8,E:\甲劈微循环\data\血管数据集\分类数据集\image\495_0.jpg,locked,,,recovered_archive2/193,CAPorg9.jpg,1345.08,1580.13,1580.13,0.8512,0.8512,,0,0
unmapped,497,UNMAPPED_LOCAL_SOURCE,aug_rep_d8,E:\甲劈微循环\data\血管数据集\分类数据集\image\497_0.jpg,locked,,,recovered_archive3/219,CAPorg3.jpg,1382.07,1564.61,2012.59,0.8833,0.6867,,0,1
unmapped,499,UNMAPPED_LOCAL_SOURCE,aug_rep_d8,E:\甲劈微循环\data\血管数据集\分类数据集\image\499_0.jpg,locked,,,recovered_archive3/219,CAPorg4.jpg,1239.54,1429.3,1517.77,0.8672,0.8167,,0,0
unmapped,500,UNMAPPED_LOCAL_SOURCE,aug_rep_d8,E:\甲劈微循环\data\血管数据集\分类数据集\image\500_0.jpg,locked,,,recovered_archive2/193,CAPorg5.jpg,1359.88,1424.23,1845.47,0.9548,0.7369,,0,1
unmapped,501,UNMAPPED_LOCAL_SOURCE,aug_rep_d8,E:\甲劈微循环\data\血管数据集\分类数据集\image\501_0.jpg,locked,,,recovered_archive2/193,CAPorg9.jpg,1131.6,1208.31,1208.31,0.9365,0.9365,,0,0
unmapped,504,UNMAPPED_LOCAL_SOURCE,aug_rep_d8,E:\甲劈微循环\data\血管数据集\分类数据集\image\504_0.jpg,locked,,,recovered_archive2/102,CAPorg2.jpg,1397.86,1466.28,1649.53,0.9533,0.8474,,0,0
unmapped,506,UNMAPPED_LOCAL_SOURCE,aug_rep_d8,E:\甲劈微循环\data\血管数据集\分类数据集\image\506_0.jpg,locked,,,recovered_archive2/193,CAPorg9.jpg,2120.65,2306.63,2306.63,0.9194,0.9194,,0,0
unmapped,508,UNMAPPED_LOCAL_SOURCE,aug_rep_d8,E:\甲劈微循环\data\血管数据集\分类数据集\image\508_0.jpg,locked,,,recovered_archive3/219,CAPorg5.jpg,1690.43,1786.86,1861.2,0.946,0.9083,,0,0
unmapped,510,UNMAPPED_LOCAL_SOURCE,aug_rep_d8,E:\甲劈微循环\data\血管数据集\分类数据集\image\510_0.jpg,locked,,,recovered_archive2/192,CAPorg2.jpg,1287.7,1841.2,1841.2,0.6994,0.6994,,1,1
unmapped,512,UNMAPPED_LOCAL_SOURCE,aug_rep_d8,E:\甲劈微循环\data\血管数据集\分类数据集\image\512_0.jpg,locked,,,recovered_archive2/193,CAPorg9.jpg,1372.1,1568.99,1891.55,0.8745,0.7254,,0,1
unmapped,514,UNMAPPED_LOCAL_SOURCE,aug_rep_d8,E:\甲劈微循环\data\血管数据集\分类数据集\image\514_0.jpg,locked,,,recovered_archive2/192,CAPorg5.jpg,702.4,722.56,722.56,0.9721,0.9721,,0,0
unmapped,516,UNMAPPED_LOCAL_SOURCE,aug_rep_d8,E:\甲劈微循环\data\血管数据集\分类数据集\image\516_0.jpg,locked,,,recovered_archive3/219,CAPorg4.jpg,1008.43,1168.63,1271.56,0.8629,0.7931,,0,1
unmapped,520,UNMAPPED_LOCAL_SOURCE,aug_rep_d8,E:\甲劈微循环\data\血管数据集\分类数据集\image\520_0.jpg,locked,,,recovered_archive2/193,CAPorg9.jpg,1858.56,2230.88,2230.88,0.8331,0.8331,,0,0
unmapped,521,UNMAPPED_LOCAL_SOURCE,aug_rep_d8,E:\甲劈微循环\data\血管数据集\分类数据集\image\521_0.jpg,locked,,,recovered_archive2/193,CAPorg4.jpg,1234.92,1328.5,1328.5,0.9296,0.9296,,0,0
unmapped,524,UNMAPPED_LOCAL_SOURCE,aug_rep_d8,E:\甲劈微循环\data\血管数据集\分类数据集\image\524_0.jpg,locked,,,recovered_archive3/219,CAPorg2.jpg,1923.85,2250.52,2250.52,0.8548,0.8548,,0,0
unmapped,525,UNMAPPED_LOCAL_SOURCE,aug_rep_d8,E:\甲劈微循环\data\血管数据集\分类数据集\image\525_0.jpg,locked,,,recovered_archive2/102,CAPorg7.jpg,1145.31,1280.56,1311.72,0.8944,0.8731,,0,0
unmapped,526,UNMAPPED_LOCAL_SOURCE,aug_rep_d8,E:\甲劈微循环\data\血管数据集\分类数据集\image\526_0.jpg,locked,,,recovered_archive3/219,CAPorg4.jpg,1057.16,1164.2,1187.73,0.9081,0.8901,,0,0
unmapped,528,UNMAPPED_LOCAL_SOURCE,aug_rep_d8,E:\甲劈微循环\data\血管数据集\分类数据集\image\528_0.jpg,locked,,,recovered_archive1/79,CAPorg4.jpg,1140.71,1254.65,1254.65,0.9092,0.9092,,0,0
unmapped,529,UNMAPPED_LOCAL_SOURCE,aug_rep_d8,E:\甲劈微循环\data\血管数据集\分类数据集\image\529_0.jpg,locked,,,recovered_archive2/193,CAPorg9.jpg,1601.85,1988.04,1988.04,0.8057,0.8057,,0,0
unmapped,531,UNMAPPED_LOCAL_SOURCE,aug_rep_d8,E:\甲劈微循环\data\血管数据集\分类数据集\image\531_0.jpg,locked,,,recovered_archive2/193,CAPorg9.jpg,1631.64,1808.84,1969.59,0.902,0.8284,,0,0
unmapped,532,UNMAPPED_LOCAL_SOURCE,aug_rep_d8,E:\甲劈微循环\data\血管数据集\分类数据集\image\532_0.jpg,locked,,,recovered_archive2/134,CAPorg5.jpg,2199.54,2248.05,2248.05,0.9784,0.9784,,0,0
unmapped,533,UNMAPPED_LOCAL_SOURCE,aug_rep_d8,E:\甲劈微循环\data\血管数据集\分类数据集\image\533_0.jpg,locked,,,recovered_archive2/193,CAPorg5.jpg,1522.56,1696.33,1919.09,0.8976,0.7934,,0,1
unmapped,534,UNMAPPED_LOCAL_SOURCE,aug_rep_d8,E:\甲劈微循环\data\血管数据集\分类数据集\image\534_0.jpg,locked,,,recovered_archive2/193,CAPorg9.jpg,2100.97,2276.37,2474.58,0.9229,0.849,,0,0
unmapped,536,UNMAPPED_LOCAL_SOURCE,aug_rep_d8,E:\甲劈微循环\data\血管数据集\分类数据集\image\536_0.jpg,locked,,,recovered_archive2/193,CAPorg9.jpg,1439.89,1533.84,1533.84,0.9387,0.9387,,0,0
unmapped,537,UNMAPPED_LOCAL_SOURCE,aug_rep_d8,E:\甲劈微循环\data\血管数据集\分类数据集\image\537_0.jpg,locked,,,recovered_archive3/219,CAPorg4.jpg,1370.74,1417.85,1526.75,0.9668,0.8978,,0,0
unmapped,538,UNMAPPED_LOCAL_SOURCE,aug_rep_d8,E:\甲劈微循环\data\血管数据集\分类数据集\image\538_0.jpg,locked,,,recovered_archive2/193,CAPorg9.jpg,1311.77,1443.43,1443.43,0.9088,0.9088,,0,0
unmapped,539,UNMAPPED_LOCAL_SOURCE,aug_rep_d8,E:\甲劈微循环\data\血管数据集\分类数据集\image\539_0.jpg,locked,,,recovered_archive3/219,CAPorg4.jpg,1670.18,1747.07,1824.74,0.956,0.9153,,0,0
unmapped,540,UNMAPPED_LOCAL_SOURCE,aug_rep_d8,E:\甲劈微循环\data\血管数据集\分类数据集\image\540_0.jpg,locked,,,recovered_archive2/193,CAPorg6.jpg,1644.75,1775.01,1812.75,0.9266,0.9073,,0,0
unmapped,541,UNMAPPED_LOCAL_SOURCE,aug_rep_d8,E:\甲劈微循环\data\血管数据集\分类数据集\image\541_0.jpg,locked,,,recovered_archive2/193,CAPorg9.jpg,1412.24,1815.09,1879.58,0.7781,0.7514,,1,1
unmapped,542,UNMAPPED_LOCAL_SOURCE,aug_rep_d8,E:\甲劈微循环\data\血管数据集\分类数据集\image\542_0.jpg,locked,,,recovered_archive2/193,CAPorg9.jpg,1580.86,1725.3,1725.3,0.9163,0.9163,,0,0
unmapped,544,UNMAPPED_LOCAL_SOURCE,aug_rep_d8,E:\甲劈微循环\data\血管数据集\分类数据集\image\544_0.jpg,locked,,,recovered_archive3/205,CAPorg3.jpg,1075.1,1083.44,1083.44,0.9923,0.9923,,0,0
unmapped,545,UNMAPPED_LOCAL_SOURCE,aug_rep_d8,E:\甲劈微循环\data\血管数据集\分类数据集\image\545_0.jpg,locked,,,recovered_archive3/244,CAPorg5.jpg,1193.36,1245.67,1245.67,0.958,0.958,,0,0
unmapped,546,UNMAPPED_LOCAL_SOURCE,aug_rep_d8,E:\甲劈微循环\data\血管数据集\分类数据集\image\546_0.jpg,locked,,,recovered_archive3/219,CAPorg2.jpg,1919.6,2062.65,2081.92,0.9306,0.922,,0,0
unmapped,547,UNMAPPED_LOCAL_SOURCE,aug_rep_d8,E:\甲劈微循环\data\血管数据集\分类数据集\image\547_0.jpg,locked,,,recovered_archive3/219,CAPorg4.jpg,1265.18,1466.04,1577.47,0.863,0.802,,0,0
unmapped,549,UNMAPPED_LOCAL_SOURCE,aug_rep_d8,E:\甲劈微循环\data\血管数据集\分类数据集\image\549_0.jpg,locked,,,recovered_archive2/193,CAPorg9.jpg,1145.14,1303.46,1303.46,0.8785,0.8785,,0,0
unmapped,550,UNMAPPED_LOCAL_SOURCE,aug_rep_d8,E:\甲劈微循环\data\血管数据集\分类数据集\image\550_0.jpg,locked,,,recovered_archive2/193,CAPorg4.jpg,1511.37,1642.79,1642.79,0.92,0.92,,0,0
unmapped,552,UNMAPPED_LOCAL_SOURCE,aug_rep_d8,E:\甲劈微循环\data\血管数据集\分类数据集\image\552_0.jpg,locked,,,recovered_archive3/219,CAPorg4.jpg,1782.22,1851.22,2039.09,0.9627,0.874,,0,0
unmapped,553,UNMAPPED_LOCAL_SOURCE,aug_rep_d8,E:\甲劈微循环\data\血管数据集\分类数据集\image\553_0.jpg,locked,,,recovered_archive2/134,CAPorg5.jpg,1713.6,1757.47,1757.47,0.975,0.975,,0,0
unmapped,554,UNMAPPED_LOCAL_SOURCE,aug_rep_d8,E:\甲劈微循环\data\血管数据集\分类数据集\image\554_0.jpg,locked,,,recovered_archive3/208,CAPorg7.jpg,1192.84,1261.01,1409.37,0.9459,0.8464,,0,0
unmapped,555,UNMAPPED_LOCAL_SOURCE,aug_rep_d8,E:\甲劈微循环\data\血管数据集\分类数据集\image\555_0.jpg,locked,,,recovered_archive3/219,CAPorg4.jpg,2244.54,2263.97,2337.76,0.9914,0.9601,,0,0
unmapped,558,UNMAPPED_LOCAL_SOURCE,aug_rep_d8,E:\甲劈微循环\data\血管数据集\分类数据集\image\558_0.jpg,locked,,,recovered_archive2/192,CAPorg6.jpg,1337.97,1378.22,1378.22,0.9708,0.9708,,0,0
unmapped,559,UNMAPPED_LOCAL_SOURCE,aug_rep_d8,E:\甲劈微循环\data\血管数据集\分类数据集\image\559_0.jpg,locked,,,recovered_archive2/193,CAPorg9.jpg,1214.66,1505.43,1649.12,0.8069,0.7366,,0,1
unmapped,560,UNMAPPED_LOCAL_SOURCE,aug_rep_d8,E:\甲劈微循环\data\血管数据集\分类数据集\image\560_0.jpg,locked,,,recovered_archive3/219,CAPorg4.jpg,753.54,989.13,989.13,0.7618,0.7618,,1,1
unmapped,562,UNMAPPED_LOCAL_SOURCE,aug_rep_d8,E:\甲劈微循环\data\血管数据集\分类数据集\image\562_0.jpg,locked,,,recovered_archive2/193,CAPorg9.jpg,1276.53,1297.8,1297.8,0.9836,0.9836,,0,0
unmapped,563,UNMAPPED_LOCAL_SOURCE,aug_rep_d8,E:\甲劈微循环\data\血管数据集\分类数据集\image\563_0.jpg,locked,,,recovered_archive2/193,CAPorg9.jpg,1288.98,1561.24,1561.24,0.8256,0.8256,,0,0
unmapped,564,UNMAPPED_LOCAL_SOURCE,aug_rep_d8,E:\甲劈微循环\data\血管数据集\分类数据集\image\564_0.jpg,locked,,,recovered_archive2/193,CAPorg9.jpg,1761.48,1935.45,2328.9,0.9101,0.7564,,0,1
unmapped,565,UNMAPPED_LOCAL_SOURCE,aug_rep_d8,E:\甲劈微循环\data\血管数据集\分类数据集\image\565_0.jpg,locked,,,recovered_archive3/219,CAPorg4.jpg,1271.1,1414.41,1481.24,0.8987,0.8581,,0,0
unmapped,566,UNMAPPED_LOCAL_SOURCE,aug_rep_d8,E:\甲劈微循环\data\血管数据集\分类数据集\image\566_0.jpg,locked,,,recovered_archive3/247,CAPorg6.jpg,1466.38,1555.78,1555.78,0.9425,0.9425,,0,0
unmapped,567,UNMAPPED_LOCAL_SOURCE,aug_rep_d8,E:\甲劈微循环\data\血管数据集\分类数据集\image\567_0.jpg,locked,,,recovered_archive2/134,CAPorg5.jpg,1506.36,1719.07,1719.07,0.8763,0.8763,,0,0
unmapped,568,UNMAPPED_LOCAL_SOURCE,aug_rep_d8,E:\甲劈微循环\data\血管数据集\分类数据集\image\568_0.jpg,locked,,,recovered_archive2/193,CAPorg9.jpg,1096.04,1193.2,1801.64,0.9186,0.6084,,0,1
unmapped,569,UNMAPPED_LOCAL_SOURCE,aug_rep_d8,E:\甲劈微循环\data\血管数据集\分类数据集\image\569_0.jpg,locked,,,recovered_archive3/219,CAPorg4.jpg,1186.85,1359.81,1416.59,0.8728,0.8378,,0,0
unmapped,570,UNMAPPED_LOCAL_SOURCE,aug_rep_d8,E:\甲劈微循环\data\血管数据集\分类数据集\image\570_0.jpg,locked,,,recovered_archive3/208,CAPorg9.jpg,1418.81,1430.0,1430.0,0.9922,0.9922,,0,0
unmapped,571,UNMAPPED_LOCAL_SOURCE,aug_rep_d8,E:\甲劈微循环\data\血管数据集\分类数据集\image\571_0.jpg,locked,,,recovered_archive2/187,CAPorg5.jpg,1536.03,2280.11,2280.11,0.6737,0.6737,,1,1
unmapped,572,UNMAPPED_LOCAL_SOURCE,aug_rep_d8,E:\甲劈微循环\data\血管数据集\分类数据集\image\572_0.jpg,locked,,,recovered_archive2/193,CAPorg9.jpg,1634.38,1668.22,1935.12,0.9797,0.8446,,0,0
unmapped,573,UNMAPPED_LOCAL_SOURCE,aug_rep_d8,E:\甲劈微循环\data\血管数据集\分类数据集\image\573_0.jpg,locked,,,recovered_archive3/219,CAPorg4.jpg,1072.61,1108.68,1108.68,0.9675,0.9675,,0,0
unmapped,574,UNMAPPED_LOCAL_SOURCE,aug_rep_d8,E:\甲劈微循环\data\血管数据集\分类数据集\image\574_0.jpg,locked,,,recovered_archive2/193,CAPorg9.jpg,1287.86,1500.38,1500.38,0.8584,0.8584,,0,0
unmapped,575,UNMAPPED_LOCAL_SOURCE,aug_rep_d8,E:\甲劈微循环\data\血管数据集\分类数据集\image\575_0.jpg,locked,,,recovered_archive2/193,CAPorg9.jpg,1525.65,1766.5,1766.5,0.8637,0.8637,,0,0
unmapped,576,UNMAPPED_LOCAL_SOURCE,aug_rep_d8,E:\甲劈微循环\data\血管数据集\分类数据集\image\576_0.jpg,locked,,,recovered_archive2/193,CAPorg9.jpg,924.29,1022.02,1022.02,0.9044,0.9044,,0,0
unmapped,579,UNMAPPED_LOCAL_SOURCE,aug_rep_d8,E:\甲劈微循环\data\血管数据集\分类数据集\image\579_0.jpg,locked,,,recovered_archive3/219,CAPorg4.jpg,714.18,866.62,949.82,0.8241,0.7519,,0,1
unmapped,580,UNMAPPED_LOCAL_SOURCE,aug_rep_d8,E:\甲劈微循环\data\血管数据集\分类数据集\image\580_0.jpg,locked,,,recovered_archive2/193,CAPorg9.jpg,1611.46,1815.73,1838.45,0.8875,0.8765,,0,0
unmapped,581,UNMAPPED_LOCAL_SOURCE,aug_rep_d8,E:\甲劈微循环\data\血管数据集\分类数据集\image\581_0.jpg,locked,,,recovered_archive2/102,CAPorg6.jpg,1382.68,1496.8,1496.8,0.9238,0.9238,,0,0
unmapped,1,UNMAPPED_LOCAL_SOURCE,preaug,E:\甲劈微循环\data\血管数据集\分类数据集\扩充之前\images\1.jpg,development,,,recovered_archive3/220,CAPorg10.jpg,1450.92,1640.99,1688.31,0.8842,0.8594,,0,0
unmapped,2,UNMAPPED_LOCAL_SOURCE,preaug,E:\甲劈微循环\data\血管数据集\分类数据集\扩充之前\images\2.jpg,development,,,recovered_archive2/120,CAPorg1.jpg,1092.92,1104.02,1104.02,0.9899,0.9899,,0,0
unmapped,3,UNMAPPED_LOCAL_SOURCE,preaug,E:\甲劈微循环\data\血管数据集\分类数据集\扩充之前\images\3.jpg,development,,,recovered_archive3/262,CAPorg6.jpg,240.52,301.16,301.16,0.7987,0.7987,,1,1
unmapped,4,UNMAPPED_LOCAL_SOURCE,preaug,E:\甲劈微循环\data\血管数据集\分类数据集\扩充之前\images\4.jpg,development,,,recovered_archive3/257,CAPorg8.jpg,206.41,219.72,219.72,0.9394,0.9394,,0,0
unmapped,5,UNMAPPED_LOCAL_SOURCE,preaug,E:\甲劈微循环\data\血管数据集\分类数据集\扩充之前\images\5.jpg,development,,,recovered_archive3/220,CAPorg8.jpg,102.49,1399.09,1399.09,0.0733,0.0733,,1,1
unmapped,6,UNMAPPED_LOCAL_SOURCE,preaug,E:\甲劈微循环\data\血管数据集\分类数据集\扩充之前\images\6.jpg,development,,,recovered_archive1/71,CAPorg7.jpg,235.37,962.02,962.02,0.2447,0.2447,,1,1
unmapped,7,UNMAPPED_LOCAL_SOURCE,preaug,E:\甲劈微循环\data\血管数据集\分类数据集\扩充之前\images\7.jpg,development,,,recovered_archive2/148,CAPorg6.jpg,254.65,266.8,266.8,0.9545,0.9545,,0,0
unmapped,8,UNMAPPED_LOCAL_SOURCE,preaug,E:\甲劈微循环\data\血管数据集\分类数据集\扩充之前\images\8.jpg,development,,,recovered_archive3/207,CAPorg4.jpg,177.08,242.97,242.97,0.7288,0.7288,,1,1
unmapped,9,UNMAPPED_LOCAL_SOURCE,preaug,E:\甲劈微循环\data\血管数据集\分类数据集\扩充之前\images\9.jpg,development,,,recovered_archive3/207,CAPorg5.jpg,172.63,198.69,272.87,0.8688,0.6326,,0,1
unmapped,10,UNMAPPED_LOCAL_SOURCE,preaug,E:\甲劈微循环\data\血管数据集\分类数据集\扩充之前\images\10.jpg,development,,,recovered_archive3/229,CAPorg12.jpg,792.29,798.88,798.88,0.9918,0.9918,,0,0
unmapped,11,UNMAPPED_LOCAL_SOURCE,preaug,E:\甲劈微循环\data\血管数据集\分类数据集\扩充之前\images\11.jpg,development,,,recovered_archive1/29,CAPorg12.jpg,380.47,557.22,557.22,0.6828,0.6828,,1,1
unmapped,12,UNMAPPED_LOCAL_SOURCE,preaug,E:\甲劈微循环\data\血管数据集\分类数据集\扩充之前\images\12.jpg,development,,,recovered_archive1/33,CAPorg7.jpg,1321.13,1420.62,1420.62,0.93,0.93,,0,0
unmapped,14,UNMAPPED_LOCAL_SOURCE,preaug,E:\甲劈微循环\data\血管数据集\分类数据集\扩充之前\images\14.jpg,development,,,recovered_archive3/220,CAPorg1.jpg,653.74,681.67,681.67,0.959,0.959,,0,0
unmapped,15,UNMAPPED_LOCAL_SOURCE,preaug,E:\甲劈微循环\data\血管数据集\分类数据集\扩充之前\images\15.jpg,development,,,recovered_archive1/62,CAPorg6.jpg,581.18,601.0,601.0,0.967,0.967,,0,0
unmapped,16,UNMAPPED_LOCAL_SOURCE,preaug,E:\甲劈微循环\data\血管数据集\分类数据集\扩充之前\images\16.jpg,development,,,recovered_archive1/24,CAPorg1.jpg,652.99,815.71,815.71,0.8005,0.8005,,0,0
unmapped,17,UNMAPPED_LOCAL_SOURCE,preaug,E:\甲劈微循环\data\血管数据集\分类数据集\扩充之前\images\17.jpg,development,,,recovered_archive3/220,CAPorg9.jpg,131.62,1246.69,1246.69,0.1056,0.1056,,1,1
unmapped,18,UNMAPPED_LOCAL_SOURCE,preaug,E:\甲劈微循环\data\血管数据集\分类数据集\扩充之前\images\18.jpg,development,,,recovered_archive1/78,CAPorg5.jpg,713.86,784.49,784.49,0.91,0.91,,0,0
unmapped,19,UNMAPPED_LOCAL_SOURCE,preaug,E:\甲劈微循环\data\血管数据集\分类数据集\扩充之前\images\19.jpg,development,,,recovered_archive2/170,CAPorg6.jpg,1159.47,1177.27,1215.35,0.9849,0.954,,0,0
unmapped,20,UNMAPPED_LOCAL_SOURCE,preaug,E:\甲劈微循环\data\血管数据集\分类数据集\扩充之前\images\20.jpg,development,,,recovered_archive2/109,CAPorg13.jpg,1625.41,1692.78,1692.78,0.9602,0.9602,,0,0
unmapped,21,UNMAPPED_LOCAL_SOURCE,preaug,E:\甲劈微循环\data\血管数据集\分类数据集\扩充之前\images\21.jpg,development,,,recovered_archive2/174,CAPorg5.jpg,773.5,791.77,791.77,0.9769,0.9769,,0,0
unmapped,22,UNMAPPED_LOCAL_SOURCE,preaug,E:\甲劈微循环\data\血管数据集\分类数据集\扩充之前\images\22.jpg,development,,,recovered_archive1/46,CAPorg3.jpg,315.22,407.98,407.98,0.7726,0.7726,,1,1
unmapped,23,UNMAPPED_LOCAL_SOURCE,preaug,E:\甲劈微循环\data\血管数据集\分类数据集\扩充之前\images\23.jpg,development,,,recovered_archive2/186,CAPorg4.jpg,63.64,280.09,280.09,0.2272,0.2272,,1,1
unmapped,25,UNMAPPED_LOCAL_SOURCE,preaug,E:\甲劈微循环\data\血管数据集\分类数据集\扩充之前\images\25.jpg,development,,,recovered_archive1/31,CAPorg4.jpg,750.52,812.74,812.74,0.9234,0.9234,,0,0
unmapped,26,UNMAPPED_LOCAL_SOURCE,preaug,E:\甲劈微循环\data\血管数据集\分类数据集\扩充之前\images\26.jpg,development,,,recovered_archive2/122,CAPorg12.jpg,358.42,531.42,531.42,0.6745,0.6745,,1,1
unmapped,27,UNMAPPED_LOCAL_SOURCE,preaug,E:\甲劈微循环\data\血管数据集\分类数据集\扩充之前\images\27.jpg,development,,,recovered_archive2/174,CAPorg3.jpg,544.46,708.4,708.4,0.7686,0.7686,,1,1
unmapped,28,UNMAPPED_LOCAL_SOURCE,preaug,E:\甲劈微循环\data\血管数据集\分类数据集\扩充之前\images\28.jpg,development,,,recovered_archive1/40,CAPorg3.jpg,929.89,958.94,958.94,0.9697,0.9697,,0,0
unmapped,29,UNMAPPED_LOCAL_SOURCE,preaug,E:\甲劈微循环\data\血管数据集\分类数据集\扩充之前\images\29.jpg,development,,,recovered_archive2/109,CAPorg6.jpg,143.27,1334.16,1544.37,0.1074,0.0928,,1,1
unmapped,30,UNMAPPED_LOCAL_SOURCE,preaug,E:\甲劈微循环\data\血管数据集\分类数据集\扩充之前\images\30.jpg,development,,,recovered_archive1/29,CAPorg4.jpg,350.29,675.57,675.57,0.5185,0.5185,,1,1
unmapped,31,UNMAPPED_LOCAL_SOURCE,preaug,E:\甲劈微循环\data\血管数据集\分类数据集\扩充之前\images\31.jpg,development,,,recovered_archive3/246,CAPorg5.jpg,426.09,735.92,735.92,0.579,0.579,,1,1
unmapped,32,UNMAPPED_LOCAL_SOURCE,preaug,E:\甲劈微循环\data\血管数据集\分类数据集\扩充之前\images\32.jpg,development,,,recovered_archive2/174,CAPorg4.jpg,678.29,682.29,682.29,0.9941,0.9941,,0,0
unmapped,33,UNMAPPED_LOCAL_SOURCE,preaug,E:\甲劈微循环\data\血管数据集\分类数据集\扩充之前\images\33.jpg,development,,,recovered_archive3/251,CAPorg7.jpg,458.55,508.74,552.85,0.9013,0.8294,,0,0
unmapped,34,UNMAPPED_LOCAL_SOURCE,preaug,E:\甲劈微循环\data\血管数据集\分类数据集\扩充之前\images\34.jpg,development,,,recovered_archive2/161,CAPorg9.jpg,280.75,325.66,325.66,0.8621,0.8621,,0,0
unmapped,35,UNMAPPED_LOCAL_SOURCE,preaug,E:\甲劈微循环\data\血管数据集\分类数据集\扩充之前\images\35.jpg,development,,,recovered_archive2/122,CAPorg7.jpg,1150.63,1216.26,1216.26,0.946,0.946,,0,0
unmapped,36,UNMAPPED_LOCAL_SOURCE,preaug,E:\甲劈微循环\data\血管数据集\分类数据集\扩充之前\images\36.jpg,development,,,recovered_archive2/149,CAPorg2.jpg,490.79,510.73,510.73,0.961,0.961,,0,0
unmapped,37,UNMAPPED_LOCAL_SOURCE,preaug,E:\甲劈微循环\data\血管数据集\分类数据集\扩充之前\images\37.jpg,development,,,recovered_archive1/24,CAPorg7.jpg,576.88,1154.17,1154.17,0.4998,0.4998,,1,1
unmapped,38,UNMAPPED_LOCAL_SOURCE,preaug,E:\甲劈微循环\data\血管数据集\分类数据集\扩充之前\images\38.jpg,development,,,recovered_archive1/59,CAPorg4.jpg,625.61,655.81,655.81,0.954,0.954,,0,0
unmapped,39,UNMAPPED_LOCAL_SOURCE,preaug,E:\甲劈微循环\data\血管数据集\分类数据集\扩充之前\images\39.jpg,development,,,recovered_archive2/200,CAPorg4.jpg,749.85,774.4,774.4,0.9683,0.9683,,0,0
unmapped,40,UNMAPPED_LOCAL_SOURCE,preaug,E:\甲劈微循环\data\血管数据集\分类数据集\扩充之前\images\40.jpg,development,,,recovered_archive1/60,CAPorg9.jpg,1007.27,1007.9,1007.9,0.9994,0.9994,,0,0
unmapped,41,UNMAPPED_LOCAL_SOURCE,preaug,E:\甲劈微循环\data\血管数据集\分类数据集\扩充之前\images\41.jpg,development,,,recovered_archive1/60,CAPorg3.jpg,37.6,282.41,282.41,0.1331,0.1331,,1,1
unmapped,42,UNMAPPED_LOCAL_SOURCE,preaug,E:\甲劈微循环\data\血管数据集\分类数据集\扩充之前\images\42.jpg,development,,,recovered_archive1/96,CAPorg2.jpg,65.08,251.55,305.72,0.2587,0.2129,,1,1
unmapped,43,UNMAPPED_LOCAL_SOURCE,preaug,E:\甲劈微循环\data\血管数据集\分类数据集\扩充之前\images\43.jpg,development,,,recovered_archive1/47,CAPorg5.jpg,403.88,876.68,876.68,0.4607,0.4607,,1,1
unmapped,44,UNMAPPED_LOCAL_SOURCE,preaug,E:\甲劈微循环\data\血管数据集\分类数据集\扩充之前\images\44.jpg,development,,,recovered_archive3/266,CAPorg9.jpg,580.54,581.74,581.74,0.9979,0.9979,,0,0
unmapped,45,UNMAPPED_LOCAL_SOURCE,preaug,E:\甲劈微循环\data\血管数据集\分类数据集\扩充之前\images\45.jpg,development,,,recovered_archive2/150,CAPorg8.jpg,437.56,1045.82,1045.82,0.4184,0.4184,,1,1
unmapped,46,UNMAPPED_LOCAL_SOURCE,preaug,E:\甲劈微循环\data\血管数据集\分类数据集\扩充之前\images\46.jpg,development,,,recovered_archive1/66,CAPorg10.jpg,893.61,906.15,906.15,0.9862,0.9862,,0,0
unmapped,50,UNMAPPED_LOCAL_SOURCE,preaug,E:\甲劈微循环\data\血管数据集\分类数据集\扩充之前\images\50.jpg,development,,,recovered_archive1/45,CAPorg2.jpg,406.31,600.65,600.65,0.6764,0.6764,,1,1
unmapped,51,UNMAPPED_LOCAL_SOURCE,preaug,E:\甲劈微循环\data\血管数据集\分类数据集\扩充之前\images\51.jpg,development,,,recovered_archive1/46,CAPorg2.jpg,219.24,572.92,572.92,0.3827,0.3827,,1,1
unmapped,52,UNMAPPED_LOCAL_SOURCE,preaug,E:\甲劈微循环\data\血管数据集\分类数据集\扩充之前\images\52.jpg,development,,,recovered_archive1/32,CAPorg1.jpg,2304.0,2304.0,2304.0,1.0,1.0,,0,0
unmapped,53,UNMAPPED_LOCAL_SOURCE,preaug,E:\甲劈微循环\data\血管数据集\分类数据集\扩充之前\images\53.jpg,development,,,recovered_archive1/41,CAPorg16.jpg,650.61,704.73,704.73,0.9232,0.9232,,0,0
unmapped,55,UNMAPPED_LOCAL_SOURCE,preaug,E:\甲劈微循环\data\血管数据集\分类数据集\扩充之前\images\55.jpg,development,,,recovered_archive1/53,CAPorg2.jpg,2247.52,2300.86,2300.86,0.9768,0.9768,,0,0
unmapped,56,UNMAPPED_LOCAL_SOURCE,preaug,E:\甲劈微循环\data\血管数据集\分类数据集\扩充之前\images\56.jpg,development,,,recovered_archive1/85,CAPorg1.jpg,191.51,280.21,280.21,0.6835,0.6835,,1,1
unmapped,58,UNMAPPED_LOCAL_SOURCE,preaug,E:\甲劈微循环\data\血管数据集\分类数据集\扩充之前\images\58.jpg,development,,,recovered_archive2/158,CAPorg6.jpg,136.71,235.7,235.7,0.58,0.58,,1,1
unmapped,59,UNMAPPED_LOCAL_SOURCE,preaug,E:\甲劈微循环\data\血管数据集\分类数据集\扩充之前\images\59.jpg,development,,,recovered_archive1/60,CAPorg7.jpg,651.01,655.19,679.91,0.9936,0.9575,,0,0
unmapped,61,UNMAPPED_LOCAL_SOURCE,preaug,E:\甲劈微循环\data\血管数据集\分类数据集\扩充之前\images\61.jpg,development,,,recovered_archive1/28,CAPorg6.jpg,1315.46,1640.38,1640.38,0.8019,0.8019,,0,0
unmapped,62,UNMAPPED_LOCAL_SOURCE,preaug,E:\甲劈微循环\data\血管数据集\分类数据集\扩充之前\images\62.jpg,development,,,recovered_archive2/176,CAPorg5.jpg,125.3,1134.3,1134.3,0.1105,0.1105,,1,1
unmapped,63,UNMAPPED_LOCAL_SOURCE,preaug,E:\甲劈微循环\data\血管数据集\分类数据集\扩充之前\images\63.jpg,development,,,recovered_archive1/85,CAPorg10.jpg,183.32,454.05,533.67,0.4037,0.3435,,1,1
unmapped,64,UNMAPPED_LOCAL_SOURCE,preaug,E:\甲劈微循环\data\血管数据集\分类数据集\扩充之前\images\64.jpg,development,,,recovered_archive1/85,CAPorg13.jpg,0.8,332.84,349.37,0.0024,0.0023,,1,1
unmapped,65,UNMAPPED_LOCAL_SOURCE,preaug,E:\甲劈微循环\data\血管数据集\分类数据集\扩充之前\images\65.jpg,development,,,recovered_archive1/84,CAPorg4.jpg,475.53,501.17,501.17,0.9488,0.9488,,0,0
unmapped,66,UNMAPPED_LOCAL_SOURCE,preaug,E:\甲劈微循环\data\血管数据集\分类数据集\扩充之前\images\66.jpg,development,,,recovered_archive1/85,CAPorg7.jpg,83.28,410.03,430.81,0.2031,0.1933,,1,1
unmapped,67,UNMAPPED_LOCAL_SOURCE,preaug,E:\甲劈微循环\data\血管数据集\分类数据集\扩充之前\images\67.jpg,development,,,recovered_archive1/78,CAPorg5.jpg,1076.6,1109.97,1151.17,0.9699,0.9352,,0,0
unmapped,71,UNMAPPED_LOCAL_SOURCE,preaug,E:\甲劈微循环\data\血管数据集\分类数据集\扩充之前\images\71.jpg,development,,,recovered_archive3/227,CAPorg11.jpg,1246.3,1257.92,1257.92,0.9908,0.9908,,0,0
unmapped,72,UNMAPPED_LOCAL_SOURCE,preaug,E:\甲劈微循环\data\血管数据集\分类数据集\扩充之前\images\72.jpg,development,,,recovered_archive2/181,CAPorg2.jpg,505.06,689.55,689.55,0.7325,0.7325,,1,1
unmapped,73,UNMAPPED_LOCAL_SOURCE,preaug,E:\甲劈微循环\data\血管数据集\分类数据集\扩充之前\images\73.jpg,development,,,recovered_archive1/68,CAPorg4.jpg,1991.08,2007.69,2007.69,0.9917,0.9917,,0,0
unmapped,75,UNMAPPED_LOCAL_SOURCE,preaug,E:\甲劈微循环\data\血管数据集\分类数据集\扩充之前\images\75.jpg,development,,,recovered_archive1/32,CAPorg1.jpg,2304.0,2304.0,2304.0,1.0,1.0,,0,0
unmapped,76,UNMAPPED_LOCAL_SOURCE,preaug,E:\甲劈微循环\data\血管数据集\分类数据集\扩充之前\images\76.jpg,development,,,recovered_archive2/130,CAPorg11.jpg,229.33,241.77,250.04,0.9485,0.9172,,0,0
unmapped,77,UNMAPPED_LOCAL_SOURCE,preaug,E:\甲劈微循环\data\血管数据集\分类数据集\扩充之前\images\77.jpg,development,,,recovered_archive3/250,CAPorg1.jpg,689.81,709.59,709.59,0.9721,0.9721,,0,0
unmapped,78,UNMAPPED_LOCAL_SOURCE,preaug,E:\甲劈微循环\data\血管数据集\分类数据集\扩充之前\images\78.jpg,development,,,recovered_archive3/263,CAPorg8.jpg,1491.88,1511.3,1511.3,0.9871,0.9871,,0,0
unmapped,80,UNMAPPED_LOCAL_SOURCE,preaug,E:\甲劈微循环\data\血管数据集\分类数据集\扩充之前\images\80.jpg,development,,,recovered_archive1/33,CAPorg7.jpg,1003.77,1090.94,1090.94,0.9201,0.9201,,0,0
unmapped,81,UNMAPPED_LOCAL_SOURCE,preaug,E:\甲劈微循环\data\血管数据集\分类数据集\扩充之前\images\81.jpg,development,,,recovered_archive2/173,CAPorg8.jpg,772.76,1134.22,1134.22,0.6813,0.6813,,1,1
unmapped,82,UNMAPPED_LOCAL_SOURCE,preaug,E:\甲劈微循环\data\血管数据集\分类数据集\扩充之前\images\82.jpg,development,,,recovered_archive1/45,CAPorg12.jpg,296.35,530.46,530.46,0.5587,0.5587,,1,1
unmapped,83,UNMAPPED_LOCAL_SOURCE,preaug,E:\甲劈微循环\data\血管数据集\分类数据集\扩充之前\images\83.jpg,development,,,recovered_archive1/45,CAPorg10.jpg,1679.81,1723.14,1723.14,0.9749,0.9749,,0,0
unmapped,84,UNMAPPED_LOCAL_SOURCE,preaug,E:\甲劈微循环\data\血管数据集\分类数据集\扩充之前\images\84.jpg,development,,,recovered_archive2/116,CAPorg5.jpg,600.26,647.47,647.47,0.9271,0.9271,,0,0
unmapped,89,UNMAPPED_LOCAL_SOURCE,preaug,E:\甲劈微循环\data\血管数据集\分类数据集\扩充之前\images\89.jpg,development,,,recovered_archive3/250,CAPorg1.jpg,506.37,512.14,512.14,0.9887,0.9887,,0,0
unmapped,90,UNMAPPED_LOCAL_SOURCE,preaug,E:\甲劈微循环\data\血管数据集\分类数据集\扩充之前\images\90.jpg,development,,,recovered_archive2/130,CAPorg14.jpg,837.04,904.88,913.84,0.925,0.916,,0,0
unmapped,91,UNMAPPED_LOCAL_SOURCE,preaug,E:\甲劈微循环\data\血管数据集\分类数据集\扩充之前\images\91.jpg,development,,,recovered_archive1/41,CAPorg16.jpg,760.77,772.05,772.05,0.9854,0.9854,,0,0
unmapped,92,UNMAPPED_LOCAL_SOURCE,preaug,E:\甲劈微循环\data\血管数据集\分类数据集\扩充之前\images\92.jpg,development,,,recovered_archive2/191,CAPorg5.jpg,340.81,710.41,710.41,0.4797,0.4797,,1,1
unmapped,93,UNMAPPED_LOCAL_SOURCE,preaug,E:\甲劈微循环\data\血管数据集\分类数据集\扩充之前\images\93.jpg,development,,,recovered_archive2/151,CAPorg6.jpg,931.36,1088.29,1088.29,0.8558,0.8558,,0,0
unmapped,94,UNMAPPED_LOCAL_SOURCE,preaug,E:\甲劈微循环\data\血管数据集\分类数据集\扩充之前\images\94.jpg,development,,,recovered_archive2/119,CAPorg10.jpg,805.63,828.04,828.04,0.9729,0.9729,,0,0
unmapped,95,UNMAPPED_LOCAL_SOURCE,preaug,E:\甲劈微循环\data\血管数据集\分类数据集\扩充之前\images\95.jpg,development,,,recovered_archive3/243,CAPorg4.jpg,672.6,676.06,676.06,0.9949,0.9949,,0,0
unmapped,97,UNMAPPED_LOCAL_SOURCE,preaug,E:\甲劈微循环\data\血管数据集\分类数据集\扩充之前\images\97.jpg,development,,,recovered_archive1/40,CAPorg5.jpg,609.86,617.64,617.64,0.9874,0.9874,,0,0
unmapped,98,UNMAPPED_LOCAL_SOURCE,preaug,E:\甲劈微循环\data\血管数据集\分类数据集\扩充之前\images\98.jpg,development,,,recovered_archive2/118,CAPorg12.jpg,215.51,737.7,1264.22,0.2921,0.1705,,1,1
unmapped,99,UNMAPPED_LOCAL_SOURCE,preaug,E:\甲劈微循环\data\血管数据集\分类数据集\扩充之前\images\99.jpg,development,,,recovered_archive2/130,CAPorg11.jpg,395.13,399.57,483.78,0.9889,0.8167,,0,0
unmapped,100,UNMAPPED_LOCAL_SOURCE,preaug,E:\甲劈微循环\data\血管数据集\分类数据集\扩充之前\images\100.jpg,development,,,recovered_archive2/118,CAPorg2.jpg,199.97,213.81,213.81,0.9353,0.9353,,0,0
unmapped,101,UNMAPPED_LOCAL_SOURCE,preaug,E:\甲劈微循环\data\血管数据集\分类数据集\扩充之前\images\101.jpg,development,,,recovered_archive2/116,CAPorg2.jpg,294.4,311.73,311.73,0.9444,0.9444,,0,0
unmapped,102,UNMAPPED_LOCAL_SOURCE,preaug,E:\甲劈微循环\data\血管数据集\分类数据集\扩充之前\images\102.jpg,development,,,recovered_archive2/189,CAPorg8.jpg,482.45,498.45,498.45,0.9679,0.9679,,0,0
unmapped,103,UNMAPPED_LOCAL_SOURCE,preaug,E:\甲劈微循环\data\血管数据集\分类数据集\扩充之前\images\103.jpg,development,,,recovered_archive2/148,CAPorg9.jpg,855.57,856.51,856.51,0.9989,0.9989,,0,0
unmapped,104,UNMAPPED_LOCAL_SOURCE,preaug,E:\甲劈微循环\data\血管数据集\分类数据集\扩充之前\images\104.jpg,development,,,recovered_archive2/189,CAPorg8.jpg,328.03,368.0,368.0,0.8914,0.8914,,0,0
unmapped,105,UNMAPPED_LOCAL_SOURCE,preaug,E:\甲劈微循环\data\血管数据集\分类数据集\扩充之前\images\105.jpg,development,,,recovered_archive1/84,CAPorg6.jpg,676.52,738.36,770.27,0.9162,0.8783,,0,0
unmapped,106,UNMAPPED_LOCAL_SOURCE,preaug,E:\甲劈微循环\data\血管数据集\分类数据集\扩充之前\images\106.jpg,development,,,recovered_archive3/264,CAPorg6.jpg,1161.14,1578.34,1658.55,0.7357,0.7001,,1,1
unmapped,107,UNMAPPED_LOCAL_SOURCE,preaug,E:\甲劈微循环\data\血管数据集\分类数据集\扩充之前\images\107.jpg,development,,,recovered_archive2/197,CAPorg5.jpg,0.04,1432.47,1432.47,0.0,0.0,,1,1
unmapped,108,UNMAPPED_LOCAL_SOURCE,preaug,E:\甲劈微循环\data\血管数据集\分类数据集\扩充之前\images\108.jpg,development,,,recovered_archive1/30,CAPorg4.jpg,468.94,1112.5,1112.5,0.4215,0.4215,,1,1
unmapped,110,UNMAPPED_LOCAL_SOURCE,preaug,E:\甲劈微循环\data\血管数据集\分类数据集\扩充之前\images\110.jpg,development,,,recovered_archive2/130,CAPorg13.jpg,185.0,261.5,261.5,0.7075,0.7075,,1,1
unmapped,111,UNMAPPED_LOCAL_SOURCE,preaug,E:\甲劈微循环\data\血管数据集\分类数据集\扩充之前\images\111.jpg,development,,,recovered_archive2/118,CAPorg7.jpg,16.11,452.51,452.51,0.0356,0.0356,,1,1
unmapped,112,UNMAPPED_LOCAL_SOURCE,preaug,E:\甲劈微循环\data\血管数据集\分类数据集\扩充之前\images\112.jpg,development,,,recovered_archive3/235,CAPorg4.jpg,643.28,654.55,654.55,0.9828,0.9828,,0,0
unmapped,114,UNMAPPED_LOCAL_SOURCE,preaug,E:\甲劈微循环\data\血管数据集\分类数据集\扩充之前\images\114.jpg,development,,,recovered_archive3/231,CAPorg3.jpg,660.16,685.83,778.55,0.9626,0.8479,,0,0
unmapped,115,UNMAPPED_LOCAL_SOURCE,preaug,E:\甲劈微循环\data\血管数据集\分类数据集\扩充之前\images\115.jpg,development,,,recovered_archive2/148,CAPorg4.jpg,240.65,282.76,283.82,0.8511,0.8479,,0,0
unmapped,116,UNMAPPED_LOCAL_SOURCE,preaug,E:\甲劈微循环\data\血管数据集\分类数据集\扩充之前\images\116.jpg,development,,,recovered_archive3/266,CAPorg9.jpg,708.76,714.35,714.35,0.9922,0.9922,,0,0
unmapped,117,UNMAPPED_LOCAL_SOURCE,preaug,E:\甲劈微循环\data\血管数据集\分类数据集\扩充之前\images\117.jpg,development,,,recovered_archive3/224,CAPorg5.jpg,1481.8,1518.63,1518.63,0.9757,0.9757,,0,0
unmapped,118,UNMAPPED_LOCAL_SOURCE,preaug,E:\甲劈微循环\data\血管数据集\分类数据集\扩充之前\images\118.jpg,development,,,recovered_archive2/161,CAPorg3.jpg,133.16,824.82,955.1,0.1614,0.1394,,1,1
unmapped,119,UNMAPPED_LOCAL_SOURCE,preaug,E:\甲劈微循环\data\血管数据集\分类数据集\扩充之前\images\119.jpg,development,,,recovered_archive3/225,CAPorg7.jpg,130.21,1427.42,1427.42,0.0912,0.0912,,1,1
unmapped,120,UNMAPPED_LOCAL_SOURCE,preaug,E:\甲劈微循环\data\血管数据集\分类数据集\扩充之前\images\120.jpg,development,,,recovered_archive2/200,CAPorg2.jpg,1369.3,1371.68,1371.68,0.9983,0.9983,,0,0
unmapped,122,UNMAPPED_LOCAL_SOURCE,preaug,E:\甲劈微循环\data\血管数据集\分类数据集\扩充之前\images\122.jpg,development,,,recovered_archive1/46,CAPorg5.jpg,1539.71,1559.61,1559.61,0.9872,0.9872,,0,0
unmapped,123,UNMAPPED_LOCAL_SOURCE,preaug,E:\甲劈微循环\data\血管数据集\分类数据集\扩充之前\images\123.jpg,development,,,recovered_archive3/207,CAPorg7.jpg,11.54,163.44,286.08,0.0706,0.0403,,1,1
unmapped,125,UNMAPPED_LOCAL_SOURCE,preaug,E:\甲劈微循环\data\血管数据集\分类数据集\扩充之前\images\125.jpg,development,,,recovered_archive2/176,CAPorg4.jpg,1103.12,1141.74,1141.74,0.9662,0.9662,,0,0
unmapped,126,UNMAPPED_LOCAL_SOURCE,preaug,E:\甲劈微循环\data\血管数据集\分类数据集\扩充之前\images\126.jpg,development,,,recovered_archive2/161,CAPorg4.jpg,104.81,741.25,922.96,0.1414,0.1136,,1,1
unmapped,127,UNMAPPED_LOCAL_SOURCE,preaug,E:\甲劈微循环\data\血管数据集\分类数据集\扩充之前\images\127.jpg,development,,,recovered_archive3/220,CAPorg11.jpg,451.02,676.42,730.12,0.6668,0.6177,,1,1
unmapped,128,UNMAPPED_LOCAL_SOURCE,preaug,E:\甲劈微循环\data\血管数据集\分类数据集\扩充之前\images\128.jpg,development,,,recovered_archive2/161,CAPorg6.jpg,167.87,484.77,484.77,0.3463,0.3463,,1,1
unmapped,129,UNMAPPED_LOCAL_SOURCE,preaug,E:\甲劈微循环\data\血管数据集\分类数据集\扩充之前\images\129.jpg,development,,,recovered_archive2/161,CAPorg7.jpg,345.02,462.74,469.19,0.7456,0.7354,,1,1
unmapped,130,UNMAPPED_LOCAL_SOURCE,preaug,E:\甲劈微循环\data\血管数据集\分类数据集\扩充之前\images\130.jpg,development,,,recovered_archive1/29,CAPorg1.jpg,54.29,295.4,295.4,0.1838,0.1838,,1,1
unmapped,131,UNMAPPED_LOCAL_SOURCE,preaug,E:\甲劈微循环\data\血管数据集\分类数据集\扩充之前\images\131.jpg,development,,,recovered_archive1/96,CAPorg1.jpg,339.24,340.62,340.62,0.9959,0.9959,,0,0
unmapped,132,UNMAPPED_LOCAL_SOURCE,preaug,E:\甲劈微循环\data\血管数据集\分类数据集\扩充之前\images\132.jpg,development,,,recovered_archive2/162,CAPorg2.jpg,307.85,323.59,323.59,0.9514,0.9514,,0,0
unmapped,133,UNMAPPED_LOCAL_SOURCE,preaug,E:\甲劈微循环\data\血管数据集\分类数据集\扩充之前\images\133.jpg,development,,,recovered_archive2/165,CAPorg2.jpg,2132.73,2184.84,2184.84,0.9761,0.9761,,0,0
unmapped,134,UNMAPPED_LOCAL_SOURCE,preaug,E:\甲劈微循环\data\血管数据集\分类数据集\扩充之前\images\134.jpg,development,,,recovered_archive2/129,CAPorg1.jpg,158.62,652.94,652.94,0.2429,0.2429,,1,1
unmapped,135,UNMAPPED_LOCAL_SOURCE,preaug,E:\甲劈微循环\data\血管数据集\分类数据集\扩充之前\images\135.jpg,development,,,recovered_archive1/80,CAPorg7.jpg,812.61,814.11,841.86,0.9982,0.9653,,0,0
unmapped,136,UNMAPPED_LOCAL_SOURCE,preaug,E:\甲劈微循环\data\血管数据集\分类数据集\扩充之前\images\136.jpg,development,,,recovered_archive2/129,CAPorg2.jpg,403.55,1079.5,1079.5,0.3738,0.3738,,1,1
unmapped,137,UNMAPPED_LOCAL_SOURCE,preaug,E:\甲劈微循环\data\血管数据集\分类数据集\扩充之前\images\137.jpg,development,,,recovered_archive2/109,CAPorg4.jpg,1842.13,1978.49,1978.49,0.9311,0.9311,,0,0
unmapped,138,UNMAPPED_LOCAL_SOURCE,preaug,E:\甲劈微循环\data\血管数据集\分类数据集\扩充之前\images\138.jpg,development,,,recovered_archive2/129,CAPorg3.jpg,154.16,1584.08,1584.08,0.0973,0.0973,,1,1
unmapped,139,UNMAPPED_LOCAL_SOURCE,preaug,E:\甲劈微循环\data\血管数据集\分类数据集\扩充之前\images\139.jpg,development,,,recovered_archive1/66,CAPorg6.jpg,272.4,274.17,287.4,0.9935,0.9478,,0,0
unmapped,140,UNMAPPED_LOCAL_SOURCE,preaug,E:\甲劈微循环\data\血管数据集\分类数据集\扩充之前\images\140.jpg,development,,,recovered_archive3/220,CAPorg6.jpg,80.78,917.5,917.5,0.088,0.088,,1,1
unmapped,141,UNMAPPED_LOCAL_SOURCE,preaug,E:\甲劈微循环\data\血管数据集\分类数据集\扩充之前\images\141.jpg,development,,,recovered_archive2/129,CAPorg4.jpg,449.8,1001.87,1001.87,0.449,0.449,,1,1
unmapped,142,UNMAPPED_LOCAL_SOURCE,preaug,E:\甲劈微循环\data\血管数据集\分类数据集\扩充之前\images\142.jpg,development,,,recovered_archive2/149,CAPorg2.jpg,588.82,598.0,598.0,0.9847,0.9847,,0,0
unmapped,143,UNMAPPED_LOCAL_SOURCE,preaug,E:\甲劈微循环\data\血管数据集\分类数据集\扩充之前\images\143.jpg,development,,,recovered_archive2/129,CAPorg5.jpg,562.38,588.49,588.49,0.9556,0.9556,,0,0
unmapped,144,UNMAPPED_LOCAL_SOURCE,preaug,E:\甲劈微循环\data\血管数据集\分类数据集\扩充之前\images\144.jpg,development,,,recovered_archive2/129,CAPorg6.jpg,278.44,609.47,609.47,0.4569,0.4569,,1,1
unmapped,147,UNMAPPED_LOCAL_SOURCE,preaug,E:\甲劈微循环\data\血管数据集\分类数据集\扩充之前\images\147.jpg,development,,,recovered_archive3/214,CAPorg13.jpg,1152.39,1338.53,1338.53,0.8609,0.8609,,0,0
unmapped,148,UNMAPPED_LOCAL_SOURCE,preaug,E:\甲劈微循环\data\血管数据集\分类数据集\扩充之前\images\148.jpg,development,,,recovered_archive1/9,CAPorg2.jpg,373.75,395.56,395.56,0.9449,0.9449,,0,0
unmapped,149,UNMAPPED_LOCAL_SOURCE,preaug,E:\甲劈微循环\data\血管数据集\分类数据集\扩充之前\images\149.jpg,development,,,recovered_archive2/129,CAPorg8.jpg,136.54,1066.89,1066.89,0.128,0.128,,1,1
unmapped,150,UNMAPPED_LOCAL_SOURCE,preaug,E:\甲劈微循环\data\血管数据集\分类数据集\扩充之前\images\150.jpg,development,,,recovered_archive2/125,CAPorg8.jpg,299.52,332.54,332.54,0.9007,0.9007,,0,0
unmapped,151,UNMAPPED_LOCAL_SOURCE,preaug,E:\甲劈微循环\data\血管数据集\分类数据集\扩充之前\images\151.jpg,development,,,recovered_archive3/204,CAPorg5.jpg,723.21,747.81,747.81,0.9671,0.9671,,0,0
unmapped,152,UNMAPPED_LOCAL_SOURCE,preaug,E:\甲劈微循环\data\血管数据集\分类数据集\扩充之前\images\152.jpg,development,,,recovered_archive2/130,CAPorg10.jpg,265.35,354.64,354.64,0.7482,0.7482,,1,1
unmapped,153,UNMAPPED_LOCAL_SOURCE,preaug,E:\甲劈微循环\data\血管数据集\分类数据集\扩充之前\images\153.jpg,development,,,recovered_archive1/78,CAPorg5.jpg,456.05,457.36,457.36,0.9971,0.9971,,0,0
unmapped,154,UNMAPPED_LOCAL_SOURCE,preaug,E:\甲劈微循环\data\血管数据集\分类数据集\扩充之前\images\154.jpg,development,,,recovered_archive2/130,CAPorg11.jpg,318.3,319.43,341.05,0.9965,0.9333,,0,0
unmapped,155,UNMAPPED_LOCAL_SOURCE,preaug,E:\甲劈微循环\data\血管数据集\分类数据集\扩充之前\images\155.jpg,development,,,recovered_archive2/130,CAPorg10.jpg,322.52,360.29,360.29,0.8952,0.8952,,0,0
unmapped,156,UNMAPPED_LOCAL_SOURCE,preaug,E:\甲劈微循环\data\血管数据集\分类数据集\扩充之前\images\156.jpg,development,,,recovered_archive2/118,CAPorg11.jpg,220.55,262.11,262.11,0.8414,0.8414,,0,0
unmapped,157,UNMAPPED_LOCAL_SOURCE,preaug,E:\甲劈微循环\data\血管数据集\分类数据集\扩充之前\images\157.jpg,development,,,recovered_archive3/224,CAPorg11.jpg,242.85,289.48,289.48,0.8389,0.8389,,0,0
unmapped,158,UNMAPPED_LOCAL_SOURCE,preaug,E:\甲劈微循环\data\血管数据集\分类数据集\扩充之前\images\158.jpg,development,,,recovered_archive2/105,CAPorg3.jpg,324.47,341.58,341.58,0.9499,0.9499,,0,0
unmapped,159,UNMAPPED_LOCAL_SOURCE,preaug,E:\甲劈微循环\data\血管数据集\分类数据集\扩充之前\images\159.jpg,development,,,recovered_archive2/186,CAPorg6.jpg,74.24,252.61,252.61,0.2939,0.2939,,1,1
unmapped,160,UNMAPPED_LOCAL_SOURCE,preaug,E:\甲劈微循环\data\血管数据集\分类数据集\扩充之前\images\160.jpg,development,,,recovered_archive2/165,CAPorg6.jpg,1367.31,1549.2,1549.2,0.8826,0.8826,,0,0
unmapped,161,UNMAPPED_LOCAL_SOURCE,preaug,E:\甲劈微循环\data\血管数据集\分类数据集\扩充之前\images\161.jpg,development,,,recovered_archive2/186,CAPorg8.jpg,318.15,320.28,320.28,0.9933,0.9933,,0,0
unmapped,162,UNMAPPED_LOCAL_SOURCE,preaug,E:\甲劈微循环\data\血管数据集\分类数据集\扩充之前\images\162.jpg,development,,,recovered_archive1/62,CAPorg6.jpg,389.61,409.94,409.94,0.9504,0.9504,,0,0
unmapped,163,UNMAPPED_LOCAL_SOURCE,preaug,E:\甲劈微循环\data\血管数据集\分类数据集\扩充之前\images\163.jpg,development,,,recovered_archive1/78,CAPorg5.jpg,552.04,561.55,561.55,0.9831,0.9831,,0,0
unmapped,164,UNMAPPED_LOCAL_SOURCE,preaug,E:\甲劈微循环\data\血管数据集\分类数据集\扩充之前\images\164.jpg,development,,,recovered_archive1/96,CAPorg3.jpg,378.6,397.92,397.92,0.9514,0.9514,,0,0
unmapped,165,UNMAPPED_LOCAL_SOURCE,preaug,E:\甲劈微循环\data\血管数据集\分类数据集\扩充之前\images\165.jpg,development,,,recovered_archive1/45,CAPorg6.jpg,209.71,784.73,784.73,0.2672,0.2672,,1,1
unmapped,166,UNMAPPED_LOCAL_SOURCE,preaug,E:\甲劈微循环\data\血管数据集\分类数据集\扩充之前\images\166.jpg,development,,,recovered_archive3/220,CAPorg7.jpg,787.71,1492.27,1632.01,0.5279,0.4827,,1,1
unmapped,167,UNMAPPED_LOCAL_SOURCE,preaug,E:\甲劈微循环\data\血管数据集\分类数据集\扩充之前\images\167.jpg,development,,,recovered_archive3/201,CAPorg7.jpg,535.16,931.93,931.93,0.5742,0.5742,,1,1
unmapped,168,UNMAPPED_LOCAL_SOURCE,preaug,E:\甲劈微循环\data\血管数据集\分类数据集\扩充之前\images\168.jpg,development,,,recovered_archive2/137,CAPorg3.jpg,219.88,220.71,220.71,0.9962,0.9962,,0,0
unmapped,169,UNMAPPED_LOCAL_SOURCE,preaug,E:\甲劈微循环\data\血管数据集\分类数据集\扩充之前\images\169.jpg,development,,,recovered_archive1/66,CAPorg10.jpg,622.36,640.38,640.38,0.9719,0.9719,,0,0
unmapped,170,UNMAPPED_LOCAL_SOURCE,preaug,E:\甲劈微循环\data\血管数据集\分类数据集\扩充之前\images\170.jpg,development,,,recovered_archive3/262,CAPorg2.jpg,339.85,578.75,578.75,0.5872,0.5872,,1,1
unmapped,172,UNMAPPED_LOCAL_SOURCE,preaug,E:\甲劈微循环\data\血管数据集\分类数据集\扩充之前\images\172.jpg,development,,,recovered_archive2/122,CAPorg12.jpg,573.8,604.57,722.8,0.9491,0.7939,,0,1
unmapped,173,UNMAPPED_LOCAL_SOURCE,preaug,E:\甲劈微循环\data\血管数据集\分类数据集\扩充之前\images\173.jpg,development,,,recovered_archive3/210,CAPorg10.jpg,752.95,807.32,807.32,0.9327,0.9327,,0,0
unmapped,174,UNMAPPED_LOCAL_SOURCE,preaug,E:\甲劈微循环\data\血管数据集\分类数据集\扩充之前\images\174.jpg,development,,,recovered_archive1/41,CAPorg16.jpg,675.7,891.88,927.68,0.7576,0.7284,,1,1
unmapped,175,UNMAPPED_LOCAL_SOURCE,preaug,E:\甲劈微循环\data\血管数据集\分类数据集\扩充之前\images\175.jpg,development,,,recovered_archive3/266,CAPorg8.jpg,68.23,311.73,311.73,0.2189,0.2189,,1,1
unmapped,176,UNMAPPED_LOCAL_SOURCE,preaug,E:\甲劈微循环\data\血管数据集\分类数据集\扩充之前\images\176.jpg,development,,,recovered_archive3/216,CAPorg5.jpg,933.23,1019.74,1199.07,0.9152,0.7783,,0,1
unmapped,177,UNMAPPED_LOCAL_SOURCE,preaug,E:\甲劈微循环\data\血管数据集\分类数据集\扩充之前\images\177.jpg,development,,,recovered_archive2/172,CAPorg2.jpg,1444.3,1692.59,1692.59,0.8533,0.8533,,0,0
unmapped,178,UNMAPPED_LOCAL_SOURCE,preaug,E:\甲劈微循环\data\血管数据集\分类数据集\扩充之前\images\178.jpg,development,,,recovered_archive3/204,CAPorg6.jpg,384.99,416.56,416.56,0.9242,0.9242,,0,0
unmapped,180,UNMAPPED_LOCAL_SOURCE,preaug,E:\甲劈微循环\data\血管数据集\分类数据集\扩充之前\images\180.jpg,development,,,recovered_archive2/124,CAPorg1.jpg,389.45,392.78,392.78,0.9915,0.9915,,0,0
unmapped,181,UNMAPPED_LOCAL_SOURCE,preaug,E:\甲劈微循环\data\血管数据集\分类数据集\扩充之前\images\181.jpg,development,,,recovered_archive1/66,CAPorg10.jpg,461.81,486.44,486.44,0.9494,0.9494,,0,0
unmapped,182,UNMAPPED_LOCAL_SOURCE,preaug,E:\甲劈微循环\data\血管数据集\分类数据集\扩充之前\images\182.jpg,development,,,recovered_archive1/81,CAPorg16.jpg,632.68,643.72,971.49,0.9829,0.6513,,0,1
unmapped,184,UNMAPPED_LOCAL_SOURCE,preaug,E:\甲劈微循环\data\血管数据集\分类数据集\扩充之前\images\184.jpg,development,,,recovered_archive1/94,CAPorg3.jpg,374.88,413.29,413.29,0.9071,0.9071,,0,0
unmapped,185,UNMAPPED_LOCAL_SOURCE,preaug,E:\甲劈微循环\data\血管数据集\分类数据集\扩充之前\images\185.jpg,development,,,recovered_archive2/155,CAPorg2.jpg,306.54,346.22,346.22,0.8854,0.8854,,0,0
unmapped,186,UNMAPPED_LOCAL_SOURCE,preaug,E:\甲劈微循环\data\血管数据集\分类数据集\扩充之前\images\186.jpg,development,,,recovered_archive2/155,CAPorg2.jpg,321.08,324.23,324.23,0.9903,0.9903,,0,0
unmapped,187,UNMAPPED_LOCAL_SOURCE,preaug,E:\甲劈微循环\data\血管数据集\分类数据集\扩充之前\images\187.jpg,development,,,recovered_archive1/71,CAPorg1.jpg,404.35,681.87,681.87,0.593,0.593,,1,1
unmapped,188,UNMAPPED_LOCAL_SOURCE,preaug,E:\甲劈微循环\data\血管数据集\分类数据集\扩充之前\images\188.jpg,development,,,recovered_archive1/71,CAPorg2.jpg,49.94,233.01,233.01,0.2143,0.2143,,1,1
unmapped,189,UNMAPPED_LOCAL_SOURCE,preaug,E:\甲劈微循环\data\血管数据集\分类数据集\扩充之前\images\189.jpg,development,,,recovered_archive1/71,CAPorg3.jpg,15.1,361.39,361.39,0.0418,0.0418,,1,1
unmapped,191,UNMAPPED_LOCAL_SOURCE,preaug,E:\甲劈微循环\data\血管数据集\分类数据集\扩充之前\images\191.jpg,development,,,recovered_archive1/71,CAPorg4.jpg,167.47,210.12,210.12,0.797,0.797,,1,1
unmapped,192,UNMAPPED_LOCAL_SOURCE,preaug,E:\甲劈微循环\data\血管数据集\分类数据集\扩充之前\images\192.jpg,development,,,recovered_archive1/71,CAPorg5.jpg,68.95,365.54,365.54,0.1886,0.1886,,1,1
unmapped,193,UNMAPPED_LOCAL_SOURCE,preaug,E:\甲劈微循环\data\血管数据集\分类数据集\扩充之前\images\193.jpg,development,,,recovered_archive1/71,CAPorg6.jpg,385.46,898.62,898.62,0.4289,0.4289,,1,1
unmapped,195,UNMAPPED_LOCAL_SOURCE,preaug,E:\甲劈微循环\data\血管数据集\分类数据集\扩充之前\images\195.jpg,development,,,recovered_archive1/46,CAPorg10.jpg,834.22,840.62,840.62,0.9924,0.9924,,0,0
unmapped,197,UNMAPPED_LOCAL_SOURCE,preaug,E:\甲劈微循环\data\血管数据集\分类数据集\扩充之前\images\197.jpg,development,,,recovered_archive2/181,CAPorg4.jpg,797.79,1116.63,1116.63,0.7145,0.7145,,1,1
unmapped,198,UNMAPPED_LOCAL_SOURCE,preaug,E:\甲劈微循环\data\血管数据集\分类数据集\扩充之前\images\198.jpg,development,,,recovered_archive2/176,CAPorg8.jpg,395.23,463.61,463.61,0.8525,0.8525,,0,0
unmapped,199,UNMAPPED_LOCAL_SOURCE,preaug,E:\甲劈微循环\data\血管数据集\分类数据集\扩充之前\images\199.jpg,development,,,recovered_archive2/200,CAPorg2.jpg,1270.99,1290.44,1290.44,0.9849,0.9849,,0,0
unmapped,202,UNMAPPED_LOCAL_SOURCE,preaug,E:\甲劈微循环\data\血管数据集\分类数据集\扩充之前\images\202.jpg,development,,,recovered_archive2/173,CAPorg4.jpg,496.11,574.82,574.82,0.8631,0.8631,,0,0
unmapped,203,UNMAPPED_LOCAL_SOURCE,preaug,E:\甲劈微循环\data\血管数据集\分类数据集\扩充之前\images\203.jpg,development,,,recovered_archive2/111,CAPorg1.jpg,465.82,477.07,477.07,0.9764,0.9764,,0,0
unmapped,204,UNMAPPED_LOCAL_SOURCE,preaug,E:\甲劈微循环\data\血管数据集\分类数据集\扩充之前\images\204.jpg,development,,,recovered_archive2/132,CAPorg3.jpg,882.06,920.28,920.28,0.9585,0.9585,,0,0
unmapped,205,UNMAPPED_LOCAL_SOURCE,preaug,E:\甲劈微循环\data\血管数据集\分类数据集\扩充之前\images\205.jpg,development,,,recovered_archive2/109,CAPorg1.jpg,269.39,666.29,666.29,0.4043,0.4043,,1,1
unmapped,206,UNMAPPED_LOCAL_SOURCE,preaug,E:\甲劈微循环\data\血管数据集\分类数据集\扩充之前\images\206.jpg,development,,,recovered_archive1/90,CAPorg3.jpg,1028.15,1046.69,1046.69,0.9823,0.9823,,0,0
unmapped,207,UNMAPPED_LOCAL_SOURCE,preaug,E:\甲劈微循环\data\血管数据集\分类数据集\扩充之前\images\207.jpg,development,,,recovered_archive2/121,CAPorg5.jpg,0.05,128.57,236.4,0.0004,0.0002,,1,1
unmapped,208,UNMAPPED_LOCAL_SOURCE,preaug,E:\甲劈微循环\data\血管数据集\分类数据集\扩充之前\images\208.jpg,development,,,recovered_archive3/246,CAPorg3.jpg,0.47,505.75,505.75,0.0009,0.0009,,1,1
unmapped,209,UNMAPPED_LOCAL_SOURCE,preaug,E:\甲劈微循环\data\血管数据集\分类数据集\扩充之前\images\209.jpg,development,,,recovered_archive2/186,CAPorg3.jpg,0.07,309.09,309.09,0.0002,0.0002,,1,1
unmapped,210,UNMAPPED_LOCAL_SOURCE,preaug,E:\甲劈微循环\data\血管数据集\分类数据集\扩充之前\images\210.jpg,development,,,recovered_archive2/132,CAPorg13.jpg,814.93,863.7,863.7,0.9435,0.9435,,0,0
unmapped,211,UNMAPPED_LOCAL_SOURCE,preaug,E:\甲劈微循环\data\血管数据集\分类数据集\扩充之前\images\211.jpg,development,,,recovered_archive2/124,CAPorg5.jpg,141.19,468.7,468.7,0.3012,0.3012,,1,1
unmapped,212,UNMAPPED_LOCAL_SOURCE,preaug,E:\甲劈微循环\data\血管数据集\分类数据集\扩充之前\images\212.jpg,development,,,recovered_archive3/201,CAPorg4.jpg,542.29,1216.91,1216.91,0.4456,0.4456,,1,1
unmapped,213,UNMAPPED_LOCAL_SOURCE,preaug,E:\甲劈微循环\data\血管数据集\分类数据集\扩充之前\images\213.jpg,development,,,recovered_archive3/264,CAPorg10.jpg,737.92,791.58,791.58,0.9322,0.9322,,0,0
unmapped,215,UNMAPPED_LOCAL_SOURCE,preaug,E:\甲劈微循环\data\血管数据集\分类数据集\扩充之前\images\215.jpg,development,,,recovered_archive2/173,CAPorg6.jpg,539.04,858.21,858.21,0.6281,0.6281,,1,1
unmapped,216,UNMAPPED_LOCAL_SOURCE,preaug,E:\甲劈微循环\data\血管数据集\分类数据集\扩充之前\images\216.jpg,development,,,recovered_archive1/47,CAPorg4.jpg,0.08,635.43,635.43,0.0001,0.0001,,1,1
unmapped,217,UNMAPPED_LOCAL_SOURCE,preaug,E:\甲劈微循环\data\血管数据集\分类数据集\扩充之前\images\217.jpg,development,,,recovered_archive2/130,CAPorg7.jpg,411.09,574.58,690.86,0.7155,0.595,,1,1
unmapped,218,UNMAPPED_LOCAL_SOURCE,preaug,E:\甲劈微循环\data\血管数据集\分类数据集\扩充之前\images\218.jpg,development,,,recovered_archive1/90,CAPorg6.jpg,982.85,1600.91,1600.91,0.6139,0.6139,,1,1
unmapped,219,UNMAPPED_LOCAL_SOURCE,preaug,E:\甲劈微循环\data\血管数据集\分类数据集\扩充之前\images\219.jpg,development,,,recovered_archive3/202,CAPorg1.jpg,764.33,776.4,776.4,0.9844,0.9844,,0,0
unmapped,220,UNMAPPED_LOCAL_SOURCE,preaug,E:\甲劈微循环\data\血管数据集\分类数据集\扩充之前\images\220.jpg,development,,,recovered_archive3/250,CAPorg10.jpg,0.02,1415.54,1415.54,0.0,0.0,,1,1
unmapped,221,UNMAPPED_LOCAL_SOURCE,preaug,E:\甲劈微循环\data\血管数据集\分类数据集\扩充之前\images\221.jpg,development,,,recovered_archive3/250,CAPorg4.jpg,0.27,432.74,432.74,0.0006,0.0006,,1,1
unmapped,222,UNMAPPED_LOCAL_SOURCE,preaug,E:\甲劈微循环\data\血管数据集\分类数据集\扩充之前\images\222.jpg,development,,,recovered_archive3/250,CAPorg5.jpg,0.2,516.46,516.46,0.0004,0.0004,,1,1
unmapped,223,UNMAPPED_LOCAL_SOURCE,preaug,E:\甲劈微循环\data\血管数据集\分类数据集\扩充之前\images\223.jpg,development,,,recovered_archive3/250,CAPorg7.jpg,0.23,310.24,350.62,0.0008,0.0007,,1,1
unmapped,225,UNMAPPED_LOCAL_SOURCE,preaug,E:\甲劈微循环\data\血管数据集\分类数据集\扩充之前\images\225.jpg,development,,,recovered_archive3/250,CAPorg8.jpg,0.15,301.99,301.99,0.0005,0.0005,,1,1
unmapped,226,UNMAPPED_LOCAL_SOURCE,preaug,E:\甲劈微循环\data\血管数据集\分类数据集\扩充之前\images\226.jpg,development,,,recovered_archive1/49,CAPorg8.jpg,1235.74,1447.88,1447.88,0.8535,0.8535,,0,0
unmapped,227,UNMAPPED_LOCAL_SOURCE,preaug,E:\甲劈微循环\data\血管数据集\分类数据集\扩充之前\images\227.jpg,development,,,recovered_archive3/250,CAPorg9.jpg,0.07,681.63,681.63,0.0001,0.0001,,1,1
unmapped,228,UNMAPPED_LOCAL_SOURCE,preaug,E:\甲劈微循环\data\血管数据集\分类数据集\扩充之前\images\228.jpg,development,,,recovered_archive3/206,CAPorg6.jpg,0.1,243.67,254.13,0.0004,0.0004,,1,1
unmapped,229,UNMAPPED_LOCAL_SOURCE,preaug,E:\甲劈微循环\data\血管数据集\分类数据集\扩充之前\images\229.jpg,development,,,recovered_archive2/130,CAPorg11.jpg,558.7,579.09,597.63,0.9648,0.9349,,0,0
unmapped,230,UNMAPPED_LOCAL_SOURCE,preaug,E:\甲劈微循环\data\血管数据集\分类数据集\扩充之前\images\230.jpg,development,,,recovered_archive2/186,CAPorg6.jpg,270.03,293.5,293.5,0.92,0.92,,0,0
unmapped,231,UNMAPPED_LOCAL_SOURCE,preaug,E:\甲劈微循环\data\血管数据集\分类数据集\扩充之前\images\231.jpg,development,,,recovered_archive2/141,CAPorg3.jpg,0.04,273.84,390.83,0.0002,0.0001,,1,1
unmapped,232,UNMAPPED_LOCAL_SOURCE,preaug,E:\甲劈微循环\data\血管数据集\分类数据集\扩充之前\images\232.jpg,development,,,recovered_archive3/257,CAPorg1.jpg,0.02,71.5,223.88,0.0003,0.0001,,1,1
unmapped,233,UNMAPPED_LOCAL_SOURCE,preaug,E:\甲劈微循环\data\血管数据集\分类数据集\扩充之前\images\233.jpg,development,,,recovered_archive1/24,CAPorg3.jpg,0.1,287.39,287.39,0.0004,0.0004,,1,1
unmapped,234,UNMAPPED_LOCAL_SOURCE,preaug,E:\甲劈微循环\data\血管数据集\分类数据集\扩充之前\images\234.jpg,development,,,recovered_archive3/257,CAPorg10.jpg,0.04,577.42,577.42,0.0001,0.0001,,1,1
unmapped,235,UNMAPPED_LOCAL_SOURCE,preaug,E:\甲劈微循环\data\血管数据集\分类数据集\扩充之前\images\235.jpg,development,,,recovered_archive1/78,CAPorg2.jpg,1121.78,1230.43,1230.43,0.9117,0.9117,,0,0
unmapped,236,UNMAPPED_LOCAL_SOURCE,preaug,E:\甲劈微循环\data\血管数据集\分类数据集\扩充之前\images\236.jpg,development,,,recovered_archive3/257,CAPorg12.jpg,0.07,410.8,599.86,0.0002,0.0001,,1,1
unmapped,237,UNMAPPED_LOCAL_SOURCE,preaug,E:\甲劈微循环\data\血管数据集\分类数据集\扩充之前\images\237.jpg,development,,,recovered_archive3/257,CAPorg13.jpg,0.08,659.48,659.48,0.0001,0.0001,,1,1
unmapped,239,UNMAPPED_LOCAL_SOURCE,preaug,E:\甲劈微循环\data\血管数据集\分类数据集\扩充之前\images\239.jpg,development,,,recovered_archive3/257,CAPorg15.jpg,0.07,579.81,579.81,0.0001,0.0001,,1,1
unmapped,240,UNMAPPED_LOCAL_SOURCE,preaug,E:\甲劈微循环\data\血管数据集\分类数据集\扩充之前\images\240.jpg,development,,,recovered_archive3/257,CAPorg16.jpg,875.14,1078.65,1078.65,0.8113,0.8113,,0,0
unmapped,241,UNMAPPED_LOCAL_SOURCE,preaug,E:\甲劈微循环\data\血管数据集\分类数据集\扩充之前\images\241.jpg,development,,,recovered_archive3/257,CAPorg17.jpg,0.03,570.78,570.78,0.0001,0.0001,,1,1
unmapped,242,UNMAPPED_LOCAL_SOURCE,preaug,E:\甲劈微循环\data\血管数据集\分类数据集\扩充之前\images\242.jpg,development,,,recovered_archive3/257,CAPorg2.jpg,0.02,71.69,202.93,0.0003,0.0001,,1,1
unmapped,243,UNMAPPED_LOCAL_SOURCE,preaug,E:\甲劈微循环\data\血管数据集\分类数据集\扩充之前\images\243.jpg,development,,,recovered_archive1/60,CAPorg4.jpg,0.11,257.13,272.02,0.0004,0.0004,,1,1
unmapped,244,UNMAPPED_LOCAL_SOURCE,preaug,E:\甲劈微循环\data\血管数据集\分类数据集\扩充之前\images\244.jpg,development,,,recovered_archive2/118,CAPorg10.jpg,475.08,490.48,490.48,0.9686,0.9686,,0,0
unmapped,245,UNMAPPED_LOCAL_SOURCE,preaug,E:\甲劈微循环\data\血管数据集\分类数据集\扩充之前\images\245.jpg,development,,,recovered_archive2/118,CAPorg11.jpg,346.45,370.57,370.57,0.9349,0.9349,,0,0
unmapped,246,UNMAPPED_LOCAL_SOURCE,preaug,E:\甲劈微循环\data\血管数据集\分类数据集\扩充之前\images\246.jpg,development,,,recovered_archive1/60,CAPorg10.jpg,1423.29,1448.18,1448.18,0.9828,0.9828,,0,0
unmapped,247,UNMAPPED_LOCAL_SOURCE,preaug,E:\甲劈微循环\data\血管数据集\分类数据集\扩充之前\images\247.jpg,development,,,recovered_archive2/118,CAPorg11.jpg,461.75,474.75,474.75,0.9726,0.9726,,0,0
unmapped,248,UNMAPPED_LOCAL_SOURCE,preaug,E:\甲劈微循环\data\血管数据集\分类数据集\扩充之前\images\248.jpg,development,,,recovered_archive1/72,CAPorg6.jpg,110.86,390.3,397.08,0.2841,0.2792,,1,1
unmapped,253,UNMAPPED_LOCAL_SOURCE,preaug,E:\甲劈微循环\data\血管数据集\分类数据集\扩充之前\images\253.jpg,development,,,recovered_archive1/72,CAPorg9.jpg,91.06,253.3,253.3,0.3595,0.3595,,1,1
unmapped,254,UNMAPPED_LOCAL_SOURCE,preaug,E:\甲劈微循环\data\血管数据集\分类数据集\扩充之前\images\254.jpg,development,,,recovered_archive1/95,CAPorg1.jpg,836.59,1368.7,1368.7,0.6112,0.6112,,1,1
unmapped,257,UNMAPPED_LOCAL_SOURCE,preaug,E:\甲劈微循环\data\血管数据集\分类数据集\扩充之前\images\257.jpg,development,,,recovered_archive3/227,CAPorg5.jpg,541.73,542.02,542.02,0.9995,0.9995,,0,0
unmapped,268,UNMAPPED_LOCAL_SOURCE,preaug,E:\甲劈微循环\data\血管数据集\分类数据集\扩充之前\images\268.jpg,development,,,recovered_archive3/266,CAPorg10.jpg,285.45,287.18,287.18,0.994,0.994,,0,0
unmapped,271,UNMAPPED_LOCAL_SOURCE,preaug,E:\甲劈微循环\data\血管数据集\分类数据集\扩充之前\images\271.jpg,development,,,recovered_archive2/116,CAPorg2.jpg,473.75,500.26,500.26,0.947,0.947,,0,0
unmapped,275,UNMAPPED_LOCAL_SOURCE,preaug,E:\甲劈微循环\data\血管数据集\分类数据集\扩充之前\images\275.jpg,development,,,recovered_archive3/206,CAPorg4.jpg,206.36,271.74,271.74,0.7594,0.7594,,1,1
unmapped,276,UNMAPPED_LOCAL_SOURCE,preaug,E:\甲劈微循环\data\血管数据集\分类数据集\扩充之前\images\276.jpg,development,,,recovered_archive1/49,CAPorg2.jpg,867.64,875.48,1118.83,0.991,0.7755,,0,1
unmapped,279,UNMAPPED_LOCAL_SOURCE,preaug,E:\甲劈微循环\data\血管数据集\分类数据集\扩充之前\images\279.jpg,development,,,recovered_archive2/189,CAPorg8.jpg,0.1,339.35,401.06,0.0003,0.0002,,1,1
unmapped,284,UNMAPPED_LOCAL_SOURCE,preaug,E:\甲劈微循环\data\血管数据集\分类数据集\扩充之前\images\284.jpg,development,,,recovered_archive3/235,CAPorg7.jpg,742.99,767.22,769.39,0.9684,0.9657,,0,0
unmapped,290,UNMAPPED_LOCAL_SOURCE,preaug,E:\甲劈微循环\data\血管数据集\分类数据集\扩充之前\images\290.jpg,development,,,recovered_archive3/220,CAPorg6.jpg,1143.08,1158.25,1158.25,0.9869,0.9869,,0,0
unmapped,295,UNMAPPED_LOCAL_SOURCE,preaug,E:\甲劈微循环\data\血管数据集\分类数据集\扩充之前\images\295.jpg,development,,,recovered_archive2/181,CAPorg3.jpg,735.94,1098.26,1098.26,0.6701,0.6701,,1,1
unmapped,296,UNMAPPED_LOCAL_SOURCE,preaug,E:\甲劈微循环\data\血管数据集\分类数据集\扩充之前\images\296.jpg,development,,,recovered_archive2/132,CAPorg9.jpg,195.0,658.63,926.64,0.2961,0.2104,,1,1
unmapped,297,UNMAPPED_LOCAL_SOURCE,preaug,E:\甲劈微循环\data\血管数据集\分类数据集\扩充之前\images\297.jpg,development,,,recovered_archive2/141,CAPorg9.jpg,6.78,1119.46,1119.46,0.0061,0.0061,,1,1
unmapped,298,UNMAPPED_LOCAL_SOURCE,preaug,E:\甲劈微循环\data\血管数据集\分类数据集\扩充之前\images\298.jpg,development,,,recovered_archive2/127,CAPorg5.jpg,104.02,154.96,440.98,0.6713,0.2359,,1,1
unmapped,299,UNMAPPED_LOCAL_SOURCE,preaug,E:\甲劈微循环\data\血管数据集\分类数据集\扩充之前\images\299.jpg,development,,,recovered_archive2/106,CAPorg2.jpg,135.49,168.35,168.35,0.8048,0.8048,,0,0
unmapped,301,UNMAPPED_LOCAL_SOURCE,preaug,E:\甲劈微循环\data\血管数据集\分类数据集\扩充之前\images\301.jpg,development,,,recovered_archive2/130,CAPorg9.jpg,57.03,354.08,354.08,0.1611,0.1611,,1,1
unmapped,302,UNMAPPED_LOCAL_SOURCE,preaug,E:\甲劈微循环\data\血管数据集\分类数据集\扩充之前\images\302.jpg,development,,,recovered_archive1/59,CAPorg5.jpg,933.35,1006.64,1006.64,0.9272,0.9272,,0,0
unmapped,303,UNMAPPED_LOCAL_SOURCE,preaug,E:\甲劈微循环\data\血管数据集\分类数据集\扩充之前\images\303.jpg,development,,,recovered_archive2/148,CAPorg9.jpg,218.84,235.52,306.15,0.9292,0.7148,,0,1
unmapped,305,UNMAPPED_LOCAL_SOURCE,preaug,E:\甲劈微循环\data\血管数据集\分类数据集\扩充之前\images\305.jpg,development,,,recovered_archive3/225,CAPorg2.jpg,1174.93,1285.22,1285.22,0.9142,0.9142,,0,0
unmapped,306,UNMAPPED_LOCAL_SOURCE,preaug,E:\甲劈微循环\data\血管数据集\分类数据集\扩充之前\images\306.jpg,development,,,recovered_archive2/172,CAPorg9.jpg,214.88,225.62,225.62,0.9524,0.9524,,0,0
unmapped,307,UNMAPPED_LOCAL_SOURCE,preaug,E:\甲劈微循环\data\血管数据集\分类数据集\扩充之前\images\307.jpg,development,,,recovered_archive2/118,CAPorg11.jpg,348.76,367.84,367.84,0.9481,0.9481,,0,0
unmapped,308,UNMAPPED_LOCAL_SOURCE,preaug,E:\甲劈微循环\data\血管数据集\分类数据集\扩充之前\images\308.jpg,development,,,recovered_archive2/119,CAPorg10.jpg,409.94,415.73,415.73,0.9861,0.9861,,0,0
unmapped,309,UNMAPPED_LOCAL_SOURCE,preaug,E:\甲劈微循环\data\血管数据集\分类数据集\扩充之前\images\309.jpg,development,,,recovered_archive2/186,CAPorg9.jpg,390.14,420.05,420.05,0.9288,0.9288,,0,0
unmapped,310,UNMAPPED_LOCAL_SOURCE,preaug,E:\甲劈微循环\data\血管数据集\分类数据集\扩充之前\images\310.jpg,development,,,recovered_archive1/28,CAPorg1.jpg,415.38,548.97,548.97,0.7566,0.7566,,1,1
unmapped,311,UNMAPPED_LOCAL_SOURCE,preaug,E:\甲劈微循环\data\血管数据集\分类数据集\扩充之前\images\311.jpg,development,,,recovered_archive3/224,CAPorg6.jpg,814.52,897.13,897.13,0.9079,0.9079,,0,0
unmapped,313,UNMAPPED_LOCAL_SOURCE,preaug,E:\甲劈微循环\data\血管数据集\分类数据集\扩充之前\images\313.jpg,development,,,recovered_archive2/132,CAPorg9.jpg,731.29,934.1,1114.31,0.7829,0.6563,,1,1
unmapped,314,UNMAPPED_LOCAL_SOURCE,preaug,E:\甲劈微循环\data\血管数据集\分类数据集\扩充之前\images\314.jpg,development,,,recovered_archive2/132,CAPorg14.jpg,788.3,803.71,803.71,0.9808,0.9808,,0,0
unmapped,315,UNMAPPED_LOCAL_SOURCE,preaug,E:\甲劈微循环\data\血管数据集\分类数据集\扩充之前\images\315.jpg,development,,,recovered_archive2/183,CAPorg1.jpg,447.36,483.53,483.53,0.9252,0.9252,,0,0
unmapped,317,UNMAPPED_LOCAL_SOURCE,preaug,E:\甲劈微循环\data\血管数据集\分类数据集\扩充之前\images\317.jpg,development,,,recovered_archive2/151,CAPorg3.jpg,1090.41,1135.6,1135.6,0.9602,0.9602,,0,0
unmapped,322,UNMAPPED_LOCAL_SOURCE,preaug,E:\甲劈微循环\data\血管数据集\分类数据集\扩充之前\images\322.jpg,development,,,recovered_archive2/121,CAPorg8.jpg,391.24,436.94,436.94,0.8954,0.8954,,0,0
unmapped,324,UNMAPPED_LOCAL_SOURCE,preaug,E:\甲劈微循环\data\血管数据集\分类数据集\扩充之前\images\324.jpg,development,,,recovered_archive2/122,CAPorg3.jpg,515.8,517.87,517.87,0.996,0.996,,0,0
unmapped,325,UNMAPPED_LOCAL_SOURCE,preaug,E:\甲劈微循环\data\血管数据集\分类数据集\扩充之前\images\325.jpg,development,,,recovered_archive2/175,CAPorg6.jpg,469.0,479.31,479.31,0.9785,0.9785,,0,0
unmapped,327,UNMAPPED_LOCAL_SOURCE,preaug,E:\甲劈微循环\data\血管数据集\分类数据集\扩充之前\images\327.jpg,development,,,recovered_archive2/183,CAPorg16.jpg,636.12,699.87,699.87,0.9089,0.9089,,0,0
unmapped,328,UNMAPPED_LOCAL_SOURCE,preaug,E:\甲劈微循环\data\血管数据集\分类数据集\扩充之前\images\328.jpg,development,,,recovered_archive2/122,CAPorg3.jpg,914.18,940.57,940.57,0.9719,0.9719,,0,0
unmapped,329,UNMAPPED_LOCAL_SOURCE,preaug,E:\甲劈微循环\data\血管数据集\分类数据集\扩充之前\images\329.jpg,development,,,recovered_archive1/57,CAPorg6.jpg,492.75,497.13,497.13,0.9912,0.9912,,0,0
unmapped,332,UNMAPPED_LOCAL_SOURCE,preaug,E:\甲劈微循环\data\血管数据集\分类数据集\扩充之前\images\332.jpg,development,,,recovered_archive3/210,CAPorg3.jpg,687.53,718.95,718.95,0.9563,0.9563,,0,0
unmapped,333,UNMAPPED_LOCAL_SOURCE,preaug,E:\甲劈微循环\data\血管数据集\分类数据集\扩充之前\images\333.jpg,development,,,recovered_archive2/111,CAPorg1.jpg,208.89,302.55,302.55,0.6904,0.6904,,1,1
unmapped,335,UNMAPPED_LOCAL_SOURCE,preaug,E:\甲劈微循环\data\血管数据集\分类数据集\扩充之前\images\335.jpg,development,,,recovered_archive2/122,CAPorg7.jpg,641.16,653.67,653.67,0.9809,0.9809,,0,0
unmapped,341,UNMAPPED_LOCAL_SOURCE,preaug,E:\甲劈微循环\data\血管数据集\分类数据集\扩充之前\images\341.jpg,development,,,recovered_archive2/132,CAPorg1.jpg,2155.44,2169.87,2169.87,0.9934,0.9934,,0,0
unmapped,343,UNMAPPED_LOCAL_SOURCE,preaug,E:\甲劈微循环\data\血管数据集\分类数据集\扩充之前\images\343.jpg,development,,,recovered_archive1/61,CAPorg7.jpg,1759.76,1822.65,1822.65,0.9655,0.9655,,0,0
unmapped,344,UNMAPPED_LOCAL_SOURCE,preaug,E:\甲劈微循环\data\血管数据集\分类数据集\扩充之前\images\344.jpg,development,,,recovered_archive3/246,CAPorg4.jpg,1771.74,1842.01,1842.01,0.9619,0.9619,,0,0
unmapped,345,UNMAPPED_LOCAL_SOURCE,preaug,E:\甲劈微循环\data\血管数据集\分类数据集\扩充之前\images\345.jpg,development,,,recovered_archive2/199,CAPorg9.jpg,1167.68,1184.48,1184.48,0.9858,0.9858,,0,0
unmapped,346,UNMAPPED_LOCAL_SOURCE,preaug,E:\甲劈微循环\data\血管数据集\分类数据集\扩充之前\images\346.jpg,development,,,recovered_archive2/132,CAPorg3.jpg,395.31,506.0,506.0,0.7812,0.7812,,1,1
unmapped,347,UNMAPPED_LOCAL_SOURCE,preaug,E:\甲劈微循环\data\血管数据集\分类数据集\扩充之前\images\347.jpg,development,,,recovered_archive2/109,CAPorg5.jpg,1681.04,2304.0,2304.0,0.7296,0.7296,,1,1
unmapped,349,UNMAPPED_LOCAL_SOURCE,preaug,E:\甲劈微循环\data\血管数据集\分类数据集\扩充之前\images\349.jpg,development,,,recovered_archive1/85,CAPorg5.jpg,703.77,736.44,815.93,0.9556,0.8625,,0,0
unmapped,350,UNMAPPED_LOCAL_SOURCE,preaug,E:\甲劈微循环\data\血管数据集\分类数据集\扩充之前\images\350.jpg,development,,,recovered_archive2/168,CAPorg6.jpg,105.47,377.06,384.36,0.2797,0.2744,,1,1
unmapped,351,UNMAPPED_LOCAL_SOURCE,preaug,E:\甲劈微循环\data\血管数据集\分类数据集\扩充之前\images\351.jpg,development,,,recovered_archive2/136,CAPorg11.jpg,1118.91,1242.25,1242.25,0.9007,0.9007,,0,0
unmapped,353,UNMAPPED_LOCAL_SOURCE,preaug,E:\甲劈微循环\data\血管数据集\分类数据集\扩充之前\images\353.jpg,development,,,recovered_archive2/199,CAPorg8.jpg,377.17,394.37,394.37,0.9564,0.9564,,0,0
unmapped,355,UNMAPPED_LOCAL_SOURCE,preaug,E:\甲劈微循环\data\血管数据集\分类数据集\扩充之前\images\355.jpg,development,,,recovered_archive2/141,CAPorg1.jpg,65.32,287.07,287.07,0.2275,0.2275,,1,1
unmapped,356,UNMAPPED_LOCAL_SOURCE,preaug,E:\甲劈微循环\data\血管数据集\分类数据集\扩充之前\images\356.jpg,development,,,recovered_archive3/224,CAPorg6.jpg,389.14,443.28,443.28,0.8779,0.8779,,0,0
unmapped,357,UNMAPPED_LOCAL_SOURCE,preaug,E:\甲劈微循环\data\血管数据集\分类数据集\扩充之前\images\357.jpg,development,,,recovered_archive2/118,CAPorg8.jpg,453.76,467.94,467.94,0.9697,0.9697,,0,0
unmapped,358,UNMAPPED_LOCAL_SOURCE,preaug,E:\甲劈微循环\data\血管数据集\分类数据集\扩充之前\images\358.jpg,development,,,recovered_archive3/250,CAPorg2.jpg,390.18,440.47,440.47,0.8858,0.8858,,0,0
unmapped,359,UNMAPPED_LOCAL_SOURCE,preaug,E:\甲劈微循环\data\血管数据集\分类数据集\扩充之前\images\359.jpg,development,,,recovered_archive3/261,CAPorg5.jpg,416.37,428.27,428.27,0.9722,0.9722,,0,0
unmapped,360,UNMAPPED_LOCAL_SOURCE,preaug,E:\甲劈微循环\data\血管数据集\分类数据集\扩充之前\images\360.jpg,development,,,recovered_archive1/45,CAPorg4.jpg,209.21,271.5,271.5,0.7706,0.7706,,1,1
unmapped,361,UNMAPPED_LOCAL_SOURCE,preaug,E:\甲劈微循环\data\血管数据集\分类数据集\扩充之前\images\361.jpg,development,,,recovered_archive2/130,CAPorg11.jpg,350.37,365.24,426.37,0.9593,0.8218,,0,0
unmapped,362,UNMAPPED_LOCAL_SOURCE,preaug,E:\甲劈微循环\data\血管数据集\分类数据集\扩充之前\images\362.jpg,development,,,recovered_archive1/47,CAPorg2.jpg,2105.12,2176.42,2176.42,0.9672,0.9672,,0,0
unmapped,363,UNMAPPED_LOCAL_SOURCE,preaug,E:\甲劈微循环\data\血管数据集\分类数据集\扩充之前\images\363.jpg,development,,,recovered_archive2/118,CAPorg11.jpg,297.56,397.2,397.2,0.7491,0.7491,,1,1
unmapped,365,UNMAPPED_LOCAL_SOURCE,preaug,E:\甲劈微循环\data\血管数据集\分类数据集\扩充之前\images\365.jpg,development,,,recovered_archive2/183,CAPorg9.jpg,954.4,981.6,981.6,0.9723,0.9723,,0,0
unmapped,366,UNMAPPED_LOCAL_SOURCE,preaug,E:\甲劈微循环\data\血管数据集\分类数据集\扩充之前\images\366.jpg,development,,,recovered_archive1/45,CAPorg4.jpg,396.17,423.97,423.97,0.9344,0.9344,,0,0
unmapped,367,UNMAPPED_LOCAL_SOURCE,preaug,E:\甲劈微循环\data\血管数据集\分类数据集\扩充之前\images\367.jpg,development,,,recovered_archive1/45,CAPorg4.jpg,217.74,226.66,226.66,0.9607,0.9607,,0,0
unmapped,368,UNMAPPED_LOCAL_SOURCE,preaug,E:\甲劈微循环\data\血管数据集\分类数据集\扩充之前\images\368.jpg,development,,,recovered_archive3/206,CAPorg3.jpg,410.94,473.66,473.66,0.8676,0.8676,,0,0
unmapped,369,UNMAPPED_LOCAL_SOURCE,preaug,E:\甲劈微循环\data\血管数据集\分类数据集\扩充之前\images\369.jpg,development,,,recovered_archive2/148,CAPorg12.jpg,198.6,348.91,348.91,0.5692,0.5692,,1,1
unmapped,370,UNMAPPED_LOCAL_SOURCE,preaug,E:\甲劈微循环\data\血管数据集\分类数据集\扩充之前\images\370.jpg,development,,,recovered_archive3/220,CAPorg6.jpg,1025.94,1040.97,1040.97,0.9856,0.9856,,0,0
unmapped,371,UNMAPPED_LOCAL_SOURCE,preaug,E:\甲劈微循环\data\血管数据集\分类数据集\扩充之前\images\371.jpg,development,,,recovered_archive2/189,CAPorg7.jpg,483.11,506.7,506.7,0.9534,0.9534,,0,0
unmapped,372,UNMAPPED_LOCAL_SOURCE,preaug,E:\甲劈微循环\data\血管数据集\分类数据集\扩充之前\images\372.jpg,development,,,recovered_archive2/116,CAPorg5.jpg,310.91,320.32,320.32,0.9706,0.9706,,0,0
unmapped,373,UNMAPPED_LOCAL_SOURCE,preaug,E:\甲劈微循环\data\血管数据集\分类数据集\扩充之前\images\373.jpg,development,,,recovered_archive2/162,CAPorg2.jpg,400.27,401.28,401.28,0.9975,0.9975,,0,0
unmapped,374,UNMAPPED_LOCAL_SOURCE,preaug,E:\甲劈微循环\data\血管数据集\分类数据集\扩充之前\images\374.jpg,development,,,recovered_archive3/266,CAPorg6.jpg,331.78,343.04,343.04,0.9672,0.9672,,0,0
unmapped,375,UNMAPPED_LOCAL_SOURCE,preaug,E:\甲劈微循环\data\血管数据集\分类数据集\扩充之前\images\375.jpg,development,,,recovered_archive2/122,CAPorg8.jpg,147.34,395.65,395.65,0.3724,0.3724,,1,1
unmapped,378,UNMAPPED_LOCAL_SOURCE,preaug,E:\甲劈微循环\data\血管数据集\分类数据集\扩充之前\images\378.jpg,development,,,recovered_archive1/32,CAPorg1.jpg,2304.0,2304.0,2304.0,1.0,1.0,,0,0
unmapped,379,UNMAPPED_LOCAL_SOURCE,preaug,E:\甲劈微循环\data\血管数据集\分类数据集\扩充之前\images\379.jpg,development,,,recovered_archive1/45,CAPorg10.jpg,851.74,854.59,854.59,0.9967,0.9967,,0,0
unmapped,380,UNMAPPED_LOCAL_SOURCE,preaug,E:\甲劈微循环\data\血管数据集\分类数据集\扩充之前\images\380.jpg,development,,,recovered_archive1/29,CAPorg8.jpg,1157.61,1187.81,1187.81,0.9746,0.9746,,0,0
unmapped,381,UNMAPPED_LOCAL_SOURCE,preaug,E:\甲劈微循环\data\血管数据集\分类数据集\扩充之前\images\381.jpg,development,,,recovered_archive2/116,CAPorg3.jpg,383.19,409.22,409.22,0.9364,0.9364,,0,0
unmapped,382,UNMAPPED_LOCAL_SOURCE,preaug,E:\甲劈微循环\data\血管数据集\分类数据集\扩充之前\images\382.jpg,development,,,recovered_archive2/136,CAPorg14.jpg,1193.0,1230.98,1230.98,0.9691,0.9691,,0,0
unmapped,384,UNMAPPED_LOCAL_SOURCE,preaug,E:\甲劈微循环\data\血管数据集\分类数据集\扩充之前\images\384.jpg,development,,,recovered_archive1/78,CAPorg10.jpg,1551.15,1572.06,1572.06,0.9867,0.9867,,0,0
unmapped,390,UNMAPPED_LOCAL_SOURCE,preaug,E:\甲劈微循环\data\血管数据集\分类数据集\扩充之前\images\390.jpg,development,,,recovered_archive2/122,CAPorg7.jpg,753.05,786.98,786.98,0.9569,0.9569,,0,0
unmapped,391,UNMAPPED_LOCAL_SOURCE,preaug,E:\甲劈微循环\data\血管数据集\分类数据集\扩充之前\images\391.jpg,development,,,recovered_archive3/251,CAPorg2.jpg,731.68,1680.19,1680.19,0.4355,0.4355,,1,1
unmapped,392,UNMAPPED_LOCAL_SOURCE,preaug,E:\甲劈微循环\data\血管数据集\分类数据集\扩充之前\images\392.jpg,development,,,recovered_archive3/259,CAPorg2.jpg,402.42,572.6,614.89,0.7028,0.6545,,1,1
unmapped,393,UNMAPPED_LOCAL_SOURCE,preaug,E:\甲劈微循环\data\血管数据集\分类数据集\扩充之前\images\393.jpg,development,,,recovered_archive2/127,CAPorg2.jpg,894.72,937.33,937.33,0.9545,0.9545,,0,0
unmapped,394,UNMAPPED_LOCAL_SOURCE,preaug,E:\甲劈微循环\data\血管数据集\分类数据集\扩充之前\images\394.jpg,development,,,recovered_archive1/62,CAPorg3.jpg,272.62,341.49,341.49,0.7983,0.7983,,1,1
unmapped,395,UNMAPPED_LOCAL_SOURCE,preaug,E:\甲劈微循环\data\血管数据集\分类数据集\扩充之前\images\395.jpg,development,,,recovered_archive2/148,CAPorg12.jpg,719.85,915.4,915.4,0.7864,0.7864,,1,1
unmapped,396,UNMAPPED_LOCAL_SOURCE,preaug,E:\甲劈微循环\data\血管数据集\分类数据集\扩充之前\images\396.jpg,development,,,recovered_archive2/109,CAPorg3.jpg,86.63,919.04,919.04,0.0943,0.0943,,1,1
unmapped,397,UNMAPPED_LOCAL_SOURCE,preaug,E:\甲劈微循环\data\血管数据集\分类数据集\扩充之前\images\397.jpg,development,,,recovered_archive2/132,CAPorg12.jpg,535.69,609.5,609.5,0.8789,0.8789,,0,0
unmapped,398,UNMAPPED_LOCAL_SOURCE,preaug,E:\甲劈微循环\data\血管数据集\分类数据集\扩充之前\images\398.jpg,development,,,recovered_archive1/90,CAPorg3.jpg,854.13,858.04,896.83,0.9954,0.9524,,0,0
unmapped,399,UNMAPPED_LOCAL_SOURCE,preaug,E:\甲劈微循环\data\血管数据集\分类数据集\扩充之前\images\399.jpg,development,,,recovered_archive3/259,CAPorg6.jpg,856.28,1037.13,1044.51,0.8256,0.8198,,0,0
unmapped,401,UNMAPPED_LOCAL_SOURCE,preaug,E:\甲劈微循环\data\血管数据集\分类数据集\扩充之前\images\401.jpg,development,,,recovered_archive2/118,CAPorg3.jpg,642.58,663.92,663.92,0.9679,0.9679,,0,0
unmapped,402,UNMAPPED_LOCAL_SOURCE,preaug,E:\甲劈微循环\data\血管数据集\分类数据集\扩充之前\images\402.jpg,development,,,recovered_archive3/263,CAPorg9.jpg,690.11,705.5,705.5,0.9782,0.9782,,0,0
unmapped,404,UNMAPPED_LOCAL_SOURCE,preaug,E:\甲劈微循环\data\血管数据集\分类数据集\扩充之前\images\404.jpg,development,,,recovered_archive1/24,CAPorg2.jpg,343.85,514.78,514.78,0.668,0.668,,1,1
unmapped,405,UNMAPPED_LOCAL_SOURCE,preaug,E:\甲劈微循环\data\血管数据集\分类数据集\扩充之前\images\405.jpg,development,,,recovered_archive2/105,CAPorg7.jpg,214.32,224.16,224.16,0.9561,0.9561,,0,0
unmapped,406,UNMAPPED_LOCAL_SOURCE,preaug,E:\甲劈微循环\data\血管数据集\分类数据集\扩充之前\images\406.jpg,development,,,recovered_archive1/41,CAPorg4.jpg,488.19,499.33,499.33,0.9777,0.9777,,0,0
unmapped,407,UNMAPPED_LOCAL_SOURCE,preaug,E:\甲劈微循环\data\血管数据集\分类数据集\扩充之前\images\407.jpg,development,,,recovered_archive1/90,CAPorg3.jpg,1232.23,1361.8,1361.8,0.9049,0.9049,,0,0
unmapped,409,UNMAPPED_LOCAL_SOURCE,preaug,E:\甲劈微循环\data\血管数据集\分类数据集\扩充之前\images\409.jpg,development,,,recovered_archive2/130,CAPorg11.jpg,446.43,455.39,455.39,0.9803,0.9803,,0,0
unmapped,410,UNMAPPED_LOCAL_SOURCE,preaug,E:\甲劈微循环\data\血管数据集\分类数据集\扩充之前\images\410.jpg,development,,,recovered_archive2/120,CAPorg3.jpg,779.83,823.31,823.31,0.9472,0.9472,,0,0
unmapped,412,UNMAPPED_LOCAL_SOURCE,preaug,E:\甲劈微循环\data\血管数据集\分类数据集\扩充之前\images\412.jpg,development,,,recovered_archive1/29,CAPorg8.jpg,721.94,724.23,724.23,0.9968,0.9968,,0,0
unmapped,413,UNMAPPED_LOCAL_SOURCE,preaug,E:\甲劈微循环\data\血管数据集\分类数据集\扩充之前\images\413.jpg,development,,,recovered_archive3/229,CAPorg13.jpg,988.74,1009.77,1009.77,0.9792,0.9792,,0,0
unmapped,414,UNMAPPED_LOCAL_SOURCE,preaug,E:\甲劈微循环\data\血管数据集\分类数据集\扩充之前\images\414.jpg,development,,,recovered_archive2/148,CAPorg2.jpg,606.4,647.02,647.02,0.9372,0.9372,,0,0
unmapped,415,UNMAPPED_LOCAL_SOURCE,preaug,E:\甲劈微循环\data\血管数据集\分类数据集\扩充之前\images\415.jpg,development,,,recovered_archive2/128,CAPorg6.jpg,700.28,740.55,740.55,0.9456,0.9456,,0,0
unmapped,416,UNMAPPED_LOCAL_SOURCE,preaug,E:\甲劈微循环\data\血管数据集\分类数据集\扩充之前\images\416.jpg,development,,,recovered_archive1/60,CAPorg9.jpg,522.03,528.2,528.2,0.9883,0.9883,,0,0
unmapped,417,UNMAPPED_LOCAL_SOURCE,preaug,E:\甲劈微循环\data\血管数据集\分类数据集\扩充之前\images\417.jpg,development,,,recovered_archive2/194,CAPorg1.jpg,693.73,714.03,714.03,0.9716,0.9716,,0,0
unmapped,419,UNMAPPED_LOCAL_SOURCE,preaug,E:\甲劈微循环\data\血管数据集\分类数据集\扩充之前\images\419.jpg,development,,,recovered_archive3/224,CAPorg8.jpg,875.16,882.49,882.49,0.9917,0.9917,,0,0
unmapped,420,UNMAPPED_LOCAL_SOURCE,preaug,E:\甲劈微循环\data\血管数据集\分类数据集\扩充之前\images\420.jpg,development,,,recovered_archive2/141,CAPorg1.jpg,545.39,547.61,547.61,0.9959,0.9959,,0,0
unmapped,421,UNMAPPED_LOCAL_SOURCE,preaug,E:\甲劈微循环\data\血管数据集\分类数据集\扩充之前\images\421.jpg,development,,,recovered_archive3/224,CAPorg11.jpg,368.66,374.88,374.88,0.9834,0.9834,,0,0
unmapped,422,UNMAPPED_LOCAL_SOURCE,preaug,E:\甲劈微循环\data\血管数据集\分类数据集\扩充之前\images\422.jpg,development,,,recovered_archive3/263,CAPorg8.jpg,785.15,847.69,847.69,0.9262,0.9262,,0,0
unmapped,424,UNMAPPED_LOCAL_SOURCE,preaug,E:\甲劈微循环\data\血管数据集\分类数据集\扩充之前\images\424.jpg,development,,,recovered_archive2/130,CAPorg11.jpg,471.17,478.81,521.43,0.984,0.9036,,0,0
unmapped,425,UNMAPPED_LOCAL_SOURCE,preaug,E:\甲劈微循环\data\血管数据集\分类数据集\扩充之前\images\425.jpg,development,,,recovered_archive2/152,CAPorg4.jpg,440.63,451.97,451.97,0.9749,0.9749,,0,0
unmapped,426,UNMAPPED_LOCAL_SOURCE,preaug,E:\甲劈微循环\data\血管数据集\分类数据集\扩充之前\images\426.jpg,development,,,recovered_archive2/118,CAPorg9.jpg,439.47,466.88,466.88,0.9413,0.9413,,0,0
unmapped,427,UNMAPPED_LOCAL_SOURCE,preaug,E:\甲劈微循环\data\血管数据集\分类数据集\扩充之前\images\427.jpg,development,,,recovered_archive3/261,CAPorg13.jpg,994.28,999.82,999.82,0.9945,0.9945,,0,0
unmapped,428,UNMAPPED_LOCAL_SOURCE,preaug,E:\甲劈微循环\data\血管数据集\分类数据集\扩充之前\images\428.jpg,development,,,recovered_archive3/254,CAPorg8.jpg,1604.14,1879.32,1879.32,0.8536,0.8536,,0,0
unmapped,429,UNMAPPED_LOCAL_SOURCE,preaug,E:\甲劈微循环\data\血管数据集\分类数据集\扩充之前\images\429.jpg,development,,,recovered_archive1/60,CAPorg9.jpg,750.37,754.68,754.68,0.9943,0.9943,,0,0
unmapped,430,UNMAPPED_LOCAL_SOURCE,preaug,E:\甲劈微循环\data\血管数据集\分类数据集\扩充之前\images\430.jpg,development,,,recovered_archive3/231,CAPorg7.jpg,1275.01,1278.21,1278.21,0.9975,0.9975,,0,0
unmapped,431,UNMAPPED_LOCAL_SOURCE,preaug,E:\甲劈微循环\data\血管数据集\分类数据集\扩充之前\images\431.jpg,development,,,recovered_archive2/147,CAPorg5.jpg,1343.21,1369.69,1369.69,0.9807,0.9807,,0,0
unmapped,432,UNMAPPED_LOCAL_SOURCE,preaug,E:\甲劈微循环\data\血管数据集\分类数据集\扩充之前\images\432.jpg,development,,,recovered_archive1/60,CAPorg6.jpg,2101.2,2117.85,2117.85,0.9921,0.9921,,0,0
unmapped,433,UNMAPPED_LOCAL_SOURCE,preaug,E:\甲劈微循环\data\血管数据集\分类数据集\扩充之前\images\433.jpg,development,,,recovered_archive3/263,CAPorg7.jpg,1707.71,1759.82,1759.82,0.9704,0.9704,,0,0
unmapped,434,UNMAPPED_LOCAL_SOURCE,preaug,E:\甲劈微循环\data\血管数据集\分类数据集\扩充之前\images\434.jpg,development,,,recovered_archive2/122,CAPorg7.jpg,1135.97,1159.22,1159.22,0.9799,0.9799,,0,0
unmapped,435,UNMAPPED_LOCAL_SOURCE,preaug,E:\甲劈微循环\data\血管数据集\分类数据集\扩充之前\images\435.jpg,development,,,recovered_archive2/148,CAPorg9.jpg,1150.95,1154.1,1154.1,0.9973,0.9973,,0,0
unmapped,436,UNMAPPED_LOCAL_SOURCE,preaug,E:\甲劈微循环\data\血管数据集\分类数据集\扩充之前\images\436.jpg,development,,,recovered_archive1/94,CAPorg9.jpg,1584.36,1633.78,1633.78,0.9698,0.9698,,0,0
unmapped,437,UNMAPPED_LOCAL_SOURCE,preaug,E:\甲劈微循环\data\血管数据集\分类数据集\扩充之前\images\437.jpg,development,,,recovered_archive2/118,CAPorg12.jpg,1651.22,1813.8,1813.8,0.9104,0.9104,,0,0
unmapped,438,UNMAPPED_LOCAL_SOURCE,preaug,E:\甲劈微循环\data\血管数据集\分类数据集\扩充之前\images\438.jpg,development,,,recovered_archive2/168,CAPorg8.jpg,859.82,867.93,867.93,0.9907,0.9907,,0,0
unmapped,439,UNMAPPED_LOCAL_SOURCE,preaug,E:\甲劈微循环\data\血管数据集\分类数据集\扩充之前\images\439.jpg,development,,,recovered_archive2/109,CAPorg2.jpg,1390.62,1551.09,1551.09,0.8965,0.8965,,0,0
unmapped,440,UNMAPPED_LOCAL_SOURCE,preaug,E:\甲劈微循环\data\血管数据集\分类数据集\扩充之前\images\440.jpg,development,,,recovered_archive3/248,CAPorg2.jpg,1157.43,1320.37,1320.37,0.8766,0.8766,,0,0
unmapped,441,UNMAPPED_LOCAL_SOURCE,preaug,E:\甲劈微循环\data\血管数据集\分类数据集\扩充之前\images\441.jpg,development,,,recovered_archive3/210,CAPorg7.jpg,1066.29,1134.15,1134.15,0.9402,0.9402,,0,0
unmapped,442,UNMAPPED_LOCAL_SOURCE,preaug,E:\甲劈微循环\data\血管数据集\分类数据集\扩充之前\images\442.jpg,development,,,recovered_archive2/132,CAPorg9.jpg,1986.04,2070.91,2070.91,0.959,0.959,,0,0
unmapped,443,UNMAPPED_LOCAL_SOURCE,preaug,E:\甲劈微循环\data\血管数据集\分类数据集\扩充之前\images\443.jpg,development,,,recovered_archive2/169,CAPorg1.jpg,252.43,1093.73,1093.73,0.2308,0.2308,,1,1
unmapped,444,UNMAPPED_LOCAL_SOURCE,preaug,E:\甲劈微循环\data\血管数据集\分类数据集\扩充之前\images\444.jpg,development,,,recovered_archive3/257,CAPorg4.jpg,273.93,280.36,280.36,0.9771,0.9771,,0,0
unmapped,445,UNMAPPED_LOCAL_SOURCE,preaug,E:\甲劈微循环\data\血管数据集\分类数据集\扩充之前\images\445.jpg,development,,,recovered_archive1/71,CAPorg1.jpg,372.03,657.9,657.9,0.5655,0.5655,,1,1
unmapped,446,UNMAPPED_LOCAL_SOURCE,preaug,E:\甲劈微循环\data\血管数据集\分类数据集\扩充之前\images\446.jpg,development,,,recovered_archive2/132,CAPorg1.jpg,79.48,337.79,337.79,0.2353,0.2353,,1,1
unmapped,447,UNMAPPED_LOCAL_SOURCE,preaug,E:\甲劈微循环\data\血管数据集\分类数据集\扩充之前\images\447.jpg,development,,,recovered_archive2/176,CAPorg8.jpg,416.23,474.58,474.58,0.8771,0.8771,,0,0
unmapped,448,UNMAPPED_LOCAL_SOURCE,preaug,E:\甲劈微循环\data\血管数据集\分类数据集\扩充之前\images\448.jpg,development,,,recovered_archive1/34,CAPorg1.jpg,0.09,733.72,733.72,0.0001,0.0001,,1,1
unmapped,449,UNMAPPED_LOCAL_SOURCE,preaug,E:\甲劈微循环\data\血管数据集\分类数据集\扩充之前\images\449.jpg,development,,,recovered_archive3/237,CAPorg2.jpg,338.2,357.33,446.95,0.9465,0.7567,,0,1
unmapped,450,UNMAPPED_LOCAL_SOURCE,preaug,E:\甲劈微循环\data\血管数据集\分类数据集\扩充之前\images\450.jpg,development,,,recovered_archive1/32,CAPorg1.jpg,2304.0,2304.0,2304.0,1.0,1.0,,0,0
unmapped,451,UNMAPPED_LOCAL_SOURCE,preaug,E:\甲劈微循环\data\血管数据集\分类数据集\扩充之前\images\451.jpg,development,,,recovered_archive1/82,CAPorg6.jpg,2115.47,2304.0,2304.0,0.9182,0.9182,,0,0
unmapped,452,UNMAPPED_LOCAL_SOURCE,preaug,E:\甲劈微循环\data\血管数据集\分类数据集\扩充之前\images\452.jpg,development,,,recovered_archive2/184,CAPorg1.jpg,803.45,842.69,842.69,0.9534,0.9534,,0,0
unmapped,453,UNMAPPED_LOCAL_SOURCE,preaug,E:\甲劈微循环\data\血管数据集\分类数据集\扩充之前\images\453.jpg,development,,,recovered_archive3/204,CAPorg6.jpg,651.33,690.09,690.09,0.9438,0.9438,,0,0
unmapped,454,UNMAPPED_LOCAL_SOURCE,preaug,E:\甲劈微循环\data\血管数据集\分类数据集\扩充之前\images\454.jpg,development,,,recovered_archive2/137,CAPorg3.jpg,199.03,240.29,240.29,0.8283,0.8283,,0,0
unmapped,455,UNMAPPED_LOCAL_SOURCE,preaug,E:\甲劈微循环\data\血管数据集\分类数据集\扩充之前\images\455.jpg,development,,,recovered_archive3/253,CAPorg1.jpg,996.65,1456.18,1456.18,0.6844,0.6844,,1,1
unmapped,456,UNMAPPED_LOCAL_SOURCE,preaug,E:\甲劈微循环\data\血管数据集\分类数据集\扩充之前\images\456.jpg,development,,,recovered_archive2/128,CAPorg6.jpg,753.12,809.06,809.06,0.9309,0.9309,,0,0
unmapped,457,UNMAPPED_LOCAL_SOURCE,preaug,E:\甲劈微循环\data\血管数据集\分类数据集\扩充之前\images\457.jpg,development,,,recovered_archive2/130,CAPorg10.jpg,92.8,245.81,245.81,0.3775,0.3775,,1,1
unmapped,458,UNMAPPED_LOCAL_SOURCE,preaug,E:\甲劈微循环\data\血管数据集\分类数据集\扩充之前\images\458.jpg,development,,,recovered_archive2/132,CAPorg10.jpg,51.87,433.24,524.32,0.1197,0.0989,,1,1
unmapped,459,UNMAPPED_LOCAL_SOURCE,preaug,E:\甲劈微循环\data\血管数据集\分类数据集\扩充之前\images\459.jpg,development,,,recovered_archive3/257,CAPorg3.jpg,199.01,231.06,231.06,0.8613,0.8613,,0,0
unmapped,460,UNMAPPED_LOCAL_SOURCE,preaug,E:\甲劈微循环\data\血管数据集\分类数据集\扩充之前\images\460.jpg,development,,,recovered_archive2/130,CAPorg13.jpg,266.86,272.82,272.82,0.9782,0.9782,,0,0
unmapped,461,UNMAPPED_LOCAL_SOURCE,preaug,E:\甲劈微循环\data\血管数据集\分类数据集\扩充之前\images\461.jpg,development,,,recovered_archive2/132,CAPorg11.jpg,139.07,448.16,493.43,0.3103,0.2818,,1,1
unmapped,462,UNMAPPED_LOCAL_SOURCE,preaug,E:\甲劈微循环\data\血管数据集\分类数据集\扩充之前\images\462.jpg,development,,,recovered_archive2/137,CAPorg3.jpg,279.93,281.07,281.07,0.9959,0.9959,,0,0
unmapped,463,UNMAPPED_LOCAL_SOURCE,preaug,E:\甲劈微循环\data\血管数据集\分类数据集\扩充之前\images\463.jpg,development,,,recovered_archive2/132,CAPorg12.jpg,143.31,217.22,367.98,0.6597,0.3895,,1,1
unmapped,464,UNMAPPED_LOCAL_SOURCE,preaug,E:\甲劈微循环\data\血管数据集\分类数据集\扩充之前\images\464.jpg,development,,,recovered_archive2/130,CAPorg13.jpg,266.87,280.66,280.66,0.9508,0.9508,,0,0
unmapped,465,UNMAPPED_LOCAL_SOURCE,preaug,E:\甲劈微循环\data\血管数据集\分类数据集\扩充之前\images\465.jpg,development,,,recovered_archive1/100,CAPorg4.jpg,265.88,266.76,266.76,0.9967,0.9967,,0,0
unmapped,466,UNMAPPED_LOCAL_SOURCE,preaug,E:\甲劈微循环\data\血管数据集\分类数据集\扩充之前\images\466.jpg,development,,,recovered_archive1/71,CAPorg2.jpg,183.61,203.74,203.74,0.9012,0.9012,,0,0
unmapped,467,UNMAPPED_LOCAL_SOURCE,preaug,E:\甲劈微循环\data\血管数据集\分类数据集\扩充之前\images\467.jpg,development,,,recovered_archive3/266,CAPorg6.jpg,505.49,588.84,588.84,0.8584,0.8584,,0,0
unmapped,468,UNMAPPED_LOCAL_SOURCE,preaug,E:\甲劈微循环\data\血管数据集\分类数据集\扩充之前\images\468.jpg,development,,,recovered_archive1/32,CAPorg1.jpg,2304.0,2304.0,2304.0,1.0,1.0,,0,0
unmapped,469,UNMAPPED_LOCAL_SOURCE,preaug,E:\甲劈微循环\data\血管数据集\分类数据集\扩充之前\images\469.jpg,development,,,recovered_archive3/242,CAPorg2.jpg,111.19,332.15,332.15,0.3347,0.3347,,1,1
unmapped,470,UNMAPPED_LOCAL_SOURCE,preaug,E:\甲劈微循环\data\血管数据集\分类数据集\扩充之前\images\470.jpg,development,,,recovered_archive3/262,CAPorg2.jpg,226.48,553.11,553.11,0.4095,0.4095,,1,1
unmapped,471,UNMAPPED_LOCAL_SOURCE,preaug,E:\甲劈微循环\data\血管数据集\分类数据集\扩充之前\images\471.jpg,development,,,recovered_archive2/116,CAPorg2.jpg,58.78,202.12,202.12,0.2908,0.2908,,1,1
unmapped,472,UNMAPPED_LOCAL_SOURCE,preaug,E:\甲劈微循环\data\血管数据集\分类数据集\扩充之前\images\472.jpg,development,,,recovered_archive2/137,CAPorg3.jpg,157.29,221.21,221.21,0.711,0.711,,1,1
unmapped,473,UNMAPPED_LOCAL_SOURCE,preaug,E:\甲劈微循环\data\血管数据集\分类数据集\扩充之前\images\473.jpg,development,,,recovered_archive3/202,CAPorg2.jpg,1492.77,1518.56,1634.37,0.983,0.9134,,0,0
unmapped,474,UNMAPPED_LOCAL_SOURCE,preaug,E:\甲劈微循环\data\血管数据集\分类数据集\扩充之前\images\474.jpg,development,,,recovered_archive1/80,CAPorg2.jpg,391.63,768.22,768.22,0.5098,0.5098,,1,1
unmapped,475,UNMAPPED_LOCAL_SOURCE,preaug,E:\甲劈微循环\data\血管数据集\分类数据集\扩充之前\images\475.jpg,development,,,recovered_archive2/118,CAPorg9.jpg,1125.46,1151.66,1151.66,0.9773,0.9773,,0,0
unmapped,476,UNMAPPED_LOCAL_SOURCE,preaug,E:\甲劈微循环\data\血管数据集\分类数据集\扩充之前\images\476.jpg,development,,,recovered_archive2/186,CAPorg7.jpg,520.37,575.86,589.64,0.9036,0.8825,,0,0
unmapped,477,UNMAPPED_LOCAL_SOURCE,preaug,E:\甲劈微循环\data\血管数据集\分类数据集\扩充之前\images\477.jpg,development,,,recovered_archive2/144,CAPorg1.jpg,530.53,553.01,553.01,0.9594,0.9594,,0,0
unmapped,478,UNMAPPED_LOCAL_SOURCE,preaug,E:\甲劈微循环\data\血管数据集\分类数据集\扩充之前\images\478.jpg,development,,,recovered_archive3/261,CAPorg4.jpg,402.57,499.53,499.53,0.8059,0.8059,,0,0
unmapped,479,UNMAPPED_LOCAL_SOURCE,preaug,E:\甲劈微循环\data\血管数据集\分类数据集\扩充之前\images\479.jpg,development,,,recovered_archive3/256,CAPorg9.jpg,477.57,509.2,509.2,0.9379,0.9379,,0,0
unmapped,480,UNMAPPED_LOCAL_SOURCE,preaug,E:\甲劈微循环\data\血管数据集\分类数据集\扩充之前\images\480.jpg,development,,,recovered_archive2/137,CAPorg3.jpg,870.42,885.11,885.11,0.9834,0.9834,,0,0
unmapped,481,UNMAPPED_LOCAL_SOURCE,preaug,E:\甲劈微循环\data\血管数据集\分类数据集\扩充之前\images\481.jpg,development,,,recovered_archive2/161,CAPorg4.jpg,1144.14,1173.28,1173.28,0.9752,0.9752,,0,0
unmapped,482,UNMAPPED_LOCAL_SOURCE,preaug,E:\甲劈微循环\data\血管数据集\分类数据集\扩充之前\images\482.jpg,development,,,recovered_archive1/82,CAPorg1.jpg,1080.99,1188.14,1188.14,0.9098,0.9098,,0,0
unmapped,483,UNMAPPED_LOCAL_SOURCE,preaug,E:\甲劈微循环\data\血管数据集\分类数据集\扩充之前\images\483.jpg,development,,,recovered_archive2/164,CAPorg15.jpg,1603.09,1645.3,1645.3,0.9743,0.9743,,0,0
unmapped,484,UNMAPPED_LOCAL_SOURCE,preaug,E:\甲劈微循环\data\血管数据集\分类数据集\扩充之前\images\484.jpg,development,,,recovered_archive1/66,CAPorg7.jpg,980.33,997.94,997.94,0.9824,0.9824,,0,0
unmapped,485,UNMAPPED_LOCAL_SOURCE,preaug,E:\甲劈微循环\data\血管数据集\分类数据集\扩充之前\images\485.jpg,development,,,recovered_archive1/9,CAPorg1.jpg,844.46,881.01,881.01,0.9585,0.9585,,0,0
unmapped,486,UNMAPPED_LOCAL_SOURCE,preaug,E:\甲劈微循环\data\血管数据集\分类数据集\扩充之前\images\486.jpg,development,,,recovered_archive1/71,CAPorg1.jpg,1940.43,2154.11,2154.11,0.9008,0.9008,,0,0
unmapped,487,UNMAPPED_LOCAL_SOURCE,preaug,E:\甲劈微循环\data\血管数据集\分类数据集\扩充之前\images\487.jpg,development,,,recovered_archive2/130,CAPorg3.jpg,197.52,297.32,318.74,0.6643,0.6197,,1,1
unmapped,488,UNMAPPED_LOCAL_SOURCE,preaug,E:\甲劈微循环\data\血管数据集\分类数据集\扩充之前\images\488.jpg,development,,,recovered_archive3/266,CAPorg6.jpg,530.79,572.29,572.29,0.9275,0.9275,,0,0
unmapped,489,UNMAPPED_LOCAL_SOURCE,preaug,E:\甲劈微循环\data\血管数据集\分类数据集\扩充之前\images\489.jpg,development,,,recovered_archive2/137,CAPorg3.jpg,437.68,485.71,485.71,0.9011,0.9011,,0,0
unmapped,490,UNMAPPED_LOCAL_SOURCE,preaug,E:\甲劈微循环\data\血管数据集\分类数据集\扩充之前\images\490.jpg,development,,,recovered_archive2/147,CAPorg3.jpg,1039.39,1497.95,1497.95,0.6939,0.6939,,1,1
unmapped,491,UNMAPPED_LOCAL_SOURCE,preaug,E:\甲劈微循环\data\血管数据集\分类数据集\扩充之前\images\491.jpg,development,,,recovered_archive1/78,CAPorg6.jpg,948.09,973.88,973.88,0.9735,0.9735,,0,0
unmapped,492,UNMAPPED_LOCAL_SOURCE,preaug,E:\甲劈微循环\data\血管数据集\分类数据集\扩充之前\images\492.jpg,development,,,recovered_archive1/71,CAPorg4.jpg,1150.36,1487.5,1487.5,0.7734,0.7734,,1,1
unmapped,493,UNMAPPED_LOCAL_SOURCE,preaug,E:\甲劈微循环\data\血管数据集\分类数据集\扩充之前\images\493.jpg,development,,,recovered_archive3/242,CAPorg3.jpg,444.82,697.91,744.46,0.6374,0.5975,,1,1
unmapped,494,UNMAPPED_LOCAL_SOURCE,preaug,E:\甲劈微循环\data\血管数据集\分类数据集\扩充之前\images\494.jpg,development,,,recovered_archive2/139,CAPorg3.jpg,1503.48,2304.0,2304.0,0.6526,0.6526,,1,1
unmapped,495,UNMAPPED_LOCAL_SOURCE,preaug,E:\甲劈微循环\data\血管数据集\分类数据集\扩充之前\images\495.jpg,development,,,recovered_archive1/66,CAPorg7.jpg,418.38,425.1,427.75,0.9842,0.9781,,0,0
unmapped,497,UNMAPPED_LOCAL_SOURCE,preaug,E:\甲劈微循环\data\血管数据集\分类数据集\扩充之前\images\497.jpg,development,,,recovered_archive2/116,CAPorg3.jpg,13.42,230.89,230.89,0.0581,0.0581,,1,1
unmapped,499,UNMAPPED_LOCAL_SOURCE,preaug,E:\甲劈微循环\data\血管数据集\分类数据集\扩充之前\images\499.jpg,development,,,recovered_archive1/45,CAPorg4.jpg,225.13,258.25,258.25,0.8718,0.8718,,0,0
unmapped,500,UNMAPPED_LOCAL_SOURCE,preaug,E:\甲劈微循环\data\血管数据集\分类数据集\扩充之前\images\500.jpg,development,,,recovered_archive2/118,CAPorg2.jpg,832.43,844.74,844.74,0.9854,0.9854,,0,0
unmapped,501,UNMAPPED_LOCAL_SOURCE,preaug,E:\甲劈微循环\data\血管数据集\分类数据集\扩充之前\images\501.jpg,development,,,recovered_archive2/162,CAPorg2.jpg,386.99,396.17,396.17,0.9768,0.9768,,0,0
unmapped,504,UNMAPPED_LOCAL_SOURCE,preaug,E:\甲劈微循环\data\血管数据集\分类数据集\扩充之前\images\504.jpg,development,,,recovered_archive1/30,CAPorg3.jpg,314.42,342.15,522.01,0.919,0.6023,,0,1
unmapped,506,UNMAPPED_LOCAL_SOURCE,preaug,E:\甲劈微循环\data\血管数据集\分类数据集\扩充之前\images\506.jpg,development,,,recovered_archive1/32,CAPorg1.jpg,2304.0,2304.0,2304.0,1.0,1.0,,0,0
unmapped,508,UNMAPPED_LOCAL_SOURCE,preaug,E:\甲劈微循环\data\血管数据集\分类数据集\扩充之前\images\508.jpg,development,,,recovered_archive2/169,CAPorg3.jpg,495.95,598.77,598.77,0.8283,0.8283,,0,0
unmapped,510,UNMAPPED_LOCAL_SOURCE,preaug,E:\甲劈微循环\data\血管数据集\分类数据集\扩充之前\images\510.jpg,development,,,recovered_archive1/29,CAPorg4.jpg,1590.14,1594.4,1594.4,0.9973,0.9973,,0,0
unmapped,512,UNMAPPED_LOCAL_SOURCE,preaug,E:\甲劈微循环\data\血管数据集\分类数据集\扩充之前\images\512.jpg,development,,,recovered_archive2/152,CAPorg10.jpg,427.86,443.64,443.64,0.9644,0.9644,,0,0
unmapped,514,UNMAPPED_LOCAL_SOURCE,preaug,E:\甲劈微循环\data\血管数据集\分类数据集\扩充之前\images\514.jpg,development,,,recovered_archive1/71,CAPorg4.jpg,221.68,233.89,233.89,0.9478,0.9478,,0,0
unmapped,516,UNMAPPED_LOCAL_SOURCE,preaug,E:\甲劈微循环\data\血管数据集\分类数据集\扩充之前\images\516.jpg,development,,,recovered_archive1/72,CAPorg9.jpg,603.82,622.41,622.41,0.9701,0.9701,,0,0
unmapped,520,UNMAPPED_LOCAL_SOURCE,preaug,E:\甲劈微循环\data\血管数据集\分类数据集\扩充之前\images\520.jpg,development,,,recovered_archive3/213,CAPorg3.jpg,637.38,675.41,675.41,0.9437,0.9437,,0,0
unmapped,521,UNMAPPED_LOCAL_SOURCE,preaug,E:\甲劈微循环\data\血管数据集\分类数据集\扩充之前\images\521.jpg,development,,,recovered_archive1/94,CAPorg10.jpg,462.65,493.18,521.32,0.9381,0.8875,,0,0
unmapped,524,UNMAPPED_LOCAL_SOURCE,preaug,E:\甲劈微循环\data\血管数据集\分类数据集\扩充之前\images\524.jpg,development,,,recovered_archive3/224,CAPorg10.jpg,795.53,817.42,817.42,0.9732,0.9732,,0,0
unmapped,525,UNMAPPED_LOCAL_SOURCE,preaug,E:\甲劈微循环\data\血管数据集\分类数据集\扩充之前\images\525.jpg,development,,,recovered_archive2/130,CAPorg7.jpg,366.66,468.5,490.22,0.7826,0.748,,1,1
unmapped,526,UNMAPPED_LOCAL_SOURCE,preaug,E:\甲劈微循环\data\血管数据集\分类数据集\扩充之前\images\526.jpg,development,,,recovered_archive3/262,CAPorg4.jpg,235.26,429.13,451.42,0.5482,0.5211,,1,1
unmapped,528,UNMAPPED_LOCAL_SOURCE,preaug,E:\甲劈微循环\data\血管数据集\分类数据集\扩充之前\images\528.jpg,development,,,recovered_archive2/186,CAPorg8.jpg,229.84,232.12,232.12,0.9902,0.9902,,0,0
unmapped,529,UNMAPPED_LOCAL_SOURCE,preaug,E:\甲劈微循环\data\血管数据集\分类数据集\扩充之前\images\529.jpg,development,,,recovered_archive3/222,CAPorg1.jpg,637.11,693.71,693.71,0.9184,0.9184,,0,0
unmapped,531,UNMAPPED_LOCAL_SOURCE,preaug,E:\甲劈微循环\data\血管数据集\分类数据集\扩充之前\images\531.jpg,development,,,recovered_archive3/242,CAPorg3.jpg,1074.54,1121.8,1121.8,0.9579,0.9579,,0,0
unmapped,532,UNMAPPED_LOCAL_SOURCE,preaug,E:\甲劈微循环\data\血管数据集\分类数据集\扩充之前\images\532.jpg,development,,,recovered_archive1/32,CAPorg1.jpg,2304.0,2304.0,2304.0,1.0,1.0,,0,0
unmapped,533,UNMAPPED_LOCAL_SOURCE,preaug,E:\甲劈微循环\data\血管数据集\分类数据集\扩充之前\images\533.jpg,development,,,recovered_archive2/152,CAPorg4.jpg,1004.89,1014.33,1020.87,0.9907,0.9843,,0,0
unmapped,534,UNMAPPED_LOCAL_SOURCE,preaug,E:\甲劈微循环\data\血管数据集\分类数据集\扩充之前\images\534.jpg,development,,,recovered_archive2/200,CAPorg3.jpg,1192.81,1194.19,1217.37,0.9988,0.9798,,0,0
unmapped,536,UNMAPPED_LOCAL_SOURCE,preaug,E:\甲劈微循环\data\血管数据集\分类数据集\扩充之前\images\536.jpg,development,,,recovered_archive2/199,CAPorg9.jpg,1356.65,1378.59,1378.59,0.9841,0.9841,,0,0
unmapped,537,UNMAPPED_LOCAL_SOURCE,preaug,E:\甲劈微循环\data\血管数据集\分类数据集\扩充之前\images\537.jpg,development,,,recovered_archive1/31,CAPorg3.jpg,1719.33,1763.8,1763.8,0.9748,0.9748,,0,0
unmapped,538,UNMAPPED_LOCAL_SOURCE,preaug,E:\甲劈微循环\data\血管数据集\分类数据集\扩充之前\images\538.jpg,development,,,recovered_archive1/59,CAPorg5.jpg,1919.97,2123.76,2123.76,0.904,0.904,,0,0
unmapped,539,UNMAPPED_LOCAL_SOURCE,preaug,E:\甲劈微循环\data\血管数据集\分类数据集\扩充之前\images\539.jpg,development,,,recovered_archive1/78,CAPorg6.jpg,1479.43,1490.88,1490.88,0.9923,0.9923,,0,0
unmapped,540,UNMAPPED_LOCAL_SOURCE,preaug,E:\甲劈微循环\data\血管数据集\分类数据集\扩充之前\images\540.jpg,development,,,recovered_archive2/148,CAPorg12.jpg,763.98,969.64,969.64,0.7879,0.7879,,1,1
unmapped,541,UNMAPPED_LOCAL_SOURCE,preaug,E:\甲劈微循环\data\血管数据集\分类数据集\扩充之前\images\541.jpg,development,,,recovered_archive2/180,CAPorg1.jpg,929.03,958.79,958.79,0.969,0.969,,0,0
unmapped,542,UNMAPPED_LOCAL_SOURCE,preaug,E:\甲劈微循环\data\血管数据集\分类数据集\扩充之前\images\542.jpg,development,,,recovered_archive2/122,CAPorg3.jpg,919.15,937.29,937.29,0.9807,0.9807,,0,0
unmapped,544,UNMAPPED_LOCAL_SOURCE,preaug,E:\甲劈微循环\data\血管数据集\分类数据集\扩充之前\images\544.jpg,development,,,recovered_archive2/116,CAPorg2.jpg,213.52,250.09,250.09,0.8538,0.8538,,0,0
unmapped,545,UNMAPPED_LOCAL_SOURCE,preaug,E:\甲劈微循环\data\血管数据集\分类数据集\扩充之前\images\545.jpg,development,,,recovered_archive3/242,CAPorg5.jpg,215.96,362.28,362.28,0.5961,0.5961,,1,1
unmapped,546,UNMAPPED_LOCAL_SOURCE,preaug,E:\甲劈微循环\data\血管数据集\分类数据集\扩充之前\images\546.jpg,development,,,recovered_archive2/197,CAPorg5.jpg,195.58,1454.32,1454.32,0.1345,0.1345,,1,1
unmapped,547,UNMAPPED_LOCAL_SOURCE,preaug,E:\甲劈微循环\data\血管数据集\分类数据集\扩充之前\images\547.jpg,development,,,recovered_archive2/169,CAPorg5.jpg,28.83,314.12,314.12,0.0918,0.0918,,1,1
unmapped,549,UNMAPPED_LOCAL_SOURCE,preaug,E:\甲劈微循环\data\血管数据集\分类数据集\扩充之前\images\549.jpg,development,,,recovered_archive2/116,CAPorg5.jpg,230.51,268.79,268.79,0.8576,0.8576,,0,0
unmapped,550,UNMAPPED_LOCAL_SOURCE,preaug,E:\甲劈微循环\data\血管数据集\分类数据集\扩充之前\images\550.jpg,development,,,recovered_archive1/100,CAPorg4.jpg,719.46,755.47,755.47,0.9523,0.9523,,0,0
unmapped,552,UNMAPPED_LOCAL_SOURCE,preaug,E:\甲劈微循环\data\血管数据集\分类数据集\扩充之前\images\552.jpg,development,,,recovered_archive2/139,CAPorg5.jpg,1287.4,2118.84,2118.84,0.6076,0.6076,,1,1
unmapped,553,UNMAPPED_LOCAL_SOURCE,preaug,E:\甲劈微循环\data\血管数据集\分类数据集\扩充之前\images\553.jpg,development,,,recovered_archive1/80,CAPorg5.jpg,596.51,637.93,637.93,0.9351,0.9351,,0,0
unmapped,554,UNMAPPED_LOCAL_SOURCE,preaug,E:\甲劈微循环\data\血管数据集\分类数据集\扩充之前\images\554.jpg,development,,,recovered_archive1/30,CAPorg5.jpg,332.62,690.53,690.53,0.4817,0.4817,,1,1
unmapped,555,UNMAPPED_LOCAL_SOURCE,preaug,E:\甲劈微循环\data\血管数据集\分类数据集\扩充之前\images\555.jpg,development,,,recovered_archive1/81,CAPorg5.jpg,1891.17,1974.84,1974.84,0.9576,0.9576,,0,0
unmapped,558,UNMAPPED_LOCAL_SOURCE,preaug,E:\甲劈微循环\data\血管数据集\分类数据集\扩充之前\images\558.jpg,development,,,recovered_archive3/267,CAPorg5.jpg,443.79,522.96,522.96,0.8486,0.8486,,0,0
unmapped,559,UNMAPPED_LOCAL_SOURCE,preaug,E:\甲劈微循环\data\血管数据集\分类数据集\扩充之前\images\559.jpg,development,,,recovered_archive3/227,CAPorg7.jpg,406.49,477.08,477.08,0.8521,0.8521,,0,0
unmapped,560,UNMAPPED_LOCAL_SOURCE,preaug,E:\甲劈微循环\data\血管数据集\分类数据集\扩充之前\images\560.jpg,development,,,recovered_archive1/71,CAPorg5.jpg,108.02,331.97,331.97,0.3254,0.3254,,1,1
unmapped,562,UNMAPPED_LOCAL_SOURCE,preaug,E:\甲劈微循环\data\血管数据集\分类数据集\扩充之前\images\562.jpg,development,,,recovered_archive2/184,CAPorg1.jpg,1108.08,1231.91,1231.91,0.8995,0.8995,,0,0
unmapped,563,UNMAPPED_LOCAL_SOURCE,preaug,E:\甲劈微循环\data\血管数据集\分类数据集\扩充之前\images\563.jpg,development,,,recovered_archive3/261,CAPorg16.jpg,697.43,698.08,698.08,0.9991,0.9991,,0,0
unmapped,564,UNMAPPED_LOCAL_SOURCE,preaug,E:\甲劈微循环\data\血管数据集\分类数据集\扩充之前\images\564.jpg,development,,,recovered_archive2/148,CAPorg8.jpg,1806.96,1809.41,1809.41,0.9986,0.9986,,0,0
unmapped,565,UNMAPPED_LOCAL_SOURCE,preaug,E:\甲劈微循环\data\血管数据集\分类数据集\扩充之前\images\565.jpg,development,,,recovered_archive1/59,CAPorg4.jpg,612.29,650.66,650.66,0.941,0.941,,0,0
unmapped,566,UNMAPPED_LOCAL_SOURCE,preaug,E:\甲劈微循环\data\血管数据集\分类数据集\扩充之前\images\566.jpg,development,,,recovered_archive3/206,CAPorg5.jpg,1264.06,1270.53,1270.53,0.9949,0.9949,,0,0
unmapped,567,UNMAPPED_LOCAL_SOURCE,preaug,E:\甲劈微循环\data\血管数据集\分类数据集\扩充之前\images\567.jpg,development,,,recovered_archive2/147,CAPorg5.jpg,633.23,689.87,689.87,0.9179,0.9179,,0,0
unmapped,568,UNMAPPED_LOCAL_SOURCE,preaug,E:\甲劈微循环\data\血管数据集\分类数据集\扩充之前\images\568.jpg,development,,,recovered_archive3/246,CAPorg5.jpg,216.9,657.0,657.0,0.3301,0.3301,,1,1
unmapped,569,UNMAPPED_LOCAL_SOURCE,preaug,E:\甲劈微循环\data\血管数据集\分类数据集\扩充之前\images\569.jpg,development,,,recovered_archive1/66,CAPorg5.jpg,242.76,269.67,365.63,0.9002,0.664,,0,1
unmapped,570,UNMAPPED_LOCAL_SOURCE,preaug,E:\甲劈微循环\data\血管数据集\分类数据集\扩充之前\images\570.jpg,development,,,recovered_archive3/253,CAPorg5.jpg,150.65,714.67,714.67,0.2108,0.2108,,1,1
unmapped,571,UNMAPPED_LOCAL_SOURCE,preaug,E:\甲劈微循环\data\血管数据集\分类数据集\扩充之前\images\571.jpg,development,,,recovered_archive3/220,CAPorg8.jpg,2167.78,2304.0,2304.0,0.9409,0.9409,,0,0
unmapped,572,UNMAPPED_LOCAL_SOURCE,preaug,E:\甲劈微循环\data\血管数据集\分类数据集\扩充之前\images\572.jpg,development,,,recovered_archive1/80,CAPorg3.jpg,982.11,992.77,992.77,0.9893,0.9893,,0,0
unmapped,573,UNMAPPED_LOCAL_SOURCE,preaug,E:\甲劈微循环\data\血管数据集\分类数据集\扩充之前\images\573.jpg,development,,,recovered_archive1/60,CAPorg6.jpg,399.33,407.78,450.35,0.9793,0.8867,,0,0
unmapped,574,UNMAPPED_LOCAL_SOURCE,preaug,E:\甲劈微循环\data\血管数据集\分类数据集\扩充之前\images\574.jpg,development,,,recovered_archive1/33,CAPorg7.jpg,1013.2,1059.54,1059.54,0.9563,0.9563,,0,0
unmapped,575,UNMAPPED_LOCAL_SOURCE,preaug,E:\甲劈微循环\data\血管数据集\分类数据集\扩充之前\images\575.jpg,development,,,recovered_archive3/250,CAPorg3.jpg,620.04,626.6,626.6,0.9895,0.9895,,0,0
unmapped,576,UNMAPPED_LOCAL_SOURCE,preaug,E:\甲劈微循环\data\血管数据集\分类数据集\扩充之前\images\576.jpg,development,,,recovered_archive1/66,CAPorg7.jpg,253.38,271.49,272.32,0.9333,0.9304,,0,0
unmapped,579,UNMAPPED_LOCAL_SOURCE,preaug,E:\甲劈微循环\data\血管数据集\分类数据集\扩充之前\images\579.jpg,development,,,recovered_archive2/130,CAPorg11.jpg,419.33,420.7,466.14,0.9968,0.8996,,0,0
unmapped,580,UNMAPPED_LOCAL_SOURCE,preaug,E:\甲劈微循环\data\血管数据集\分类数据集\扩充之前\images\580.jpg,development,,,recovered_archive1/38,CAPorg13.jpg,834.21,872.59,872.59,0.956,0.956,,0,0
unmapped,581,UNMAPPED_LOCAL_SOURCE,preaug,E:\甲劈微循环\data\血管数据集\分类数据集\扩充之前\images\581.jpg,development,,,recovered_archive1/60,CAPorg9.jpg,705.38,719.98,719.98,0.9797,0.9797,,0,0
unmapped,1,UNMAPPED_LOCAL_SOURCE,preaug,E:\甲劈微循环\data\血管数据集\分类数据集\扩充之前\images\1.jpg,locked,,,recovered_archive2/102,CAPorg7.jpg,1782.09,1891.16,1939.47,0.9423,0.9189,,0,0
unmapped,2,UNMAPPED_LOCAL_SOURCE,preaug,E:\甲劈微循环\data\血管数据集\分类数据集\扩充之前\images\2.jpg,locked,,,recovered_archive3/236,CAPorg3.jpg,400.61,1010.22,1010.22,0.3966,0.3966,,1,1
unmapped,3,UNMAPPED_LOCAL_SOURCE,preaug,E:\甲劈微循环\data\血管数据集\分类数据集\扩充之前\images\3.jpg,locked,,,recovered_archive1/39,CAPorg5.jpg,262.41,337.78,359.15,0.7769,0.7307,,1,1
unmapped,4,UNMAPPED_LOCAL_SOURCE,preaug,E:\甲劈微循环\data\血管数据集\分类数据集\扩充之前\images\4.jpg,locked,,,recovered_archive2/196,CAPorg6.jpg,340.47,377.24,377.24,0.9025,0.9025,,0,0
unmapped,5,UNMAPPED_LOCAL_SOURCE,preaug,E:\甲劈微循环\data\血管数据集\分类数据集\扩充之前\images\5.jpg,locked,,,recovered_archive2/187,CAPorg1.jpg,1673.71,1692.61,1692.61,0.9888,0.9888,,0,0
unmapped,6,UNMAPPED_LOCAL_SOURCE,preaug,E:\甲劈微循环\data\血管数据集\分类数据集\扩充之前\images\6.jpg,locked,,,recovered_archive2/156,CAPorg5.jpg,1038.03,1116.06,1116.06,0.9301,0.9301,,0,0
unmapped,7,UNMAPPED_LOCAL_SOURCE,preaug,E:\甲劈微循环\data\血管数据集\分类数据集\扩充之前\images\7.jpg,locked,,,recovered_archive2/140,CAPorg14.jpg,455.11,460.53,460.53,0.9882,0.9882,,0,0
unmapped,8,UNMAPPED_LOCAL_SOURCE,preaug,E:\甲劈微循环\data\血管数据集\分类数据集\扩充之前\images\8.jpg,locked,,,recovered_archive2/192,CAPorg5.jpg,334.55,369.84,387.38,0.9046,0.8636,,0,0
unmapped,9,UNMAPPED_LOCAL_SOURCE,preaug,E:\甲劈微循环\data\血管数据集\分类数据集\扩充之前\images\9.jpg,locked,,,recovered_archive3/203,CAPorg10.jpg,357.58,362.79,362.79,0.9856,0.9856,,0,0
unmapped,10,UNMAPPED_LOCAL_SOURCE,preaug,E:\甲劈微循环\data\血管数据集\分类数据集\扩充之前\images\10.jpg,locked,,,recovered_archive2/193,CAPorg9.jpg,146.37,766.47,838.83,0.191,0.1745,,1,1
unmapped,11,UNMAPPED_LOCAL_SOURCE,preaug,E:\甲劈微循环\data\血管数据集\分类数据集\扩充之前\images\11.jpg,locked,,,recovered_archive2/192,CAPorg2.jpg,753.19,756.15,1037.62,0.9961,0.7259,,0,1
unmapped,12,UNMAPPED_LOCAL_SOURCE,preaug,E:\甲劈微循环\data\血管数据集\分类数据集\扩充之前\images\12.jpg,locked,,,recovered_archive2/192,CAPorg2.jpg,1259.01,1567.87,1567.87,0.803,0.803,,0,0
unmapped,14,UNMAPPED_LOCAL_SOURCE,preaug,E:\甲劈微循环\data\血管数据集\分类数据集\扩充之前\images\14.jpg,locked,,,recovered_archive2/177,CAPorg1.jpg,648.26,650.43,650.43,0.9967,0.9967,,0,0
unmapped,15,UNMAPPED_LOCAL_SOURCE,preaug,E:\甲劈微循环\data\血管数据集\分类数据集\扩充之前\images\15.jpg,locked,,,recovered_archive1/23,CAPorg5.jpg,249.2,577.74,577.74,0.4313,0.4313,,1,1
unmapped,16,UNMAPPED_LOCAL_SOURCE,preaug,E:\甲劈微循环\data\血管数据集\分类数据集\扩充之前\images\16.jpg,locked,,,recovered_archive2/156,CAPorg5.jpg,771.85,850.18,850.18,0.9079,0.9079,,0,0
unmapped,17,UNMAPPED_LOCAL_SOURCE,preaug,E:\甲劈微循环\data\血管数据集\分类数据集\扩充之前\images\17.jpg,locked,,,recovered_archive1/55,CAPorg7.jpg,2228.28,2267.91,2267.91,0.9825,0.9825,,0,0
unmapped,18,UNMAPPED_LOCAL_SOURCE,preaug,E:\甲劈微循环\data\血管数据集\分类数据集\扩充之前\images\18.jpg,locked,,,recovered_archive3/203,CAPorg15.jpg,921.02,924.23,1010.44,0.9965,0.9115,,0,0
unmapped,19,UNMAPPED_LOCAL_SOURCE,preaug,E:\甲劈微循环\data\血管数据集\分类数据集\扩充之前\images\19.jpg,locked,,,recovered_archive2/157,CAPorg6.jpg,1123.67,1215.73,1215.73,0.9243,0.9243,,0,0
unmapped,20,UNMAPPED_LOCAL_SOURCE,preaug,E:\甲劈微循环\data\血管数据集\分类数据集\扩充之前\images\20.jpg,locked,,,recovered_archive3/236,CAPorg5.jpg,373.9,1617.49,1617.49,0.2312,0.2312,,1,1
unmapped,21,UNMAPPED_LOCAL_SOURCE,preaug,E:\甲劈微循环\data\血管数据集\分类数据集\扩充之前\images\21.jpg,locked,,,recovered_archive1/55,CAPorg8.jpg,734.03,790.02,790.02,0.9291,0.9291,,0,0
unmapped,22,UNMAPPED_LOCAL_SOURCE,preaug,E:\甲劈微循环\data\血管数据集\分类数据集\扩充之前\images\22.jpg,locked,,,recovered_archive2/196,CAPorg6.jpg,578.05,643.42,643.42,0.8984,0.8984,,0,0
unmapped,23,UNMAPPED_LOCAL_SOURCE,preaug,E:\甲劈微循环\data\血管数据集\分类数据集\扩充之前\images\23.jpg,locked,,,recovered_archive2/185,CAPorg6.jpg,401.43,415.22,435.8,0.9668,0.9211,,0,0
unmapped,25,UNMAPPED_LOCAL_SOURCE,preaug,E:\甲劈微循环\data\血管数据集\分类数据集\扩充之前\images\25.jpg,locked,,,recovered_archive3/244,CAPorg10.jpg,776.28,785.08,785.08,0.9888,0.9888,,0,0
unmapped,26,UNMAPPED_LOCAL_SOURCE,preaug,E:\甲劈微循环\data\血管数据集\分类数据集\扩充之前\images\26.jpg,locked,,,recovered_archive3/244,CAPorg5.jpg,353.83,359.25,359.25,0.9849,0.9849,,0,0
unmapped,27,UNMAPPED_LOCAL_SOURCE,preaug,E:\甲劈微循环\data\血管数据集\分类数据集\扩充之前\images\27.jpg,locked,,,recovered_archive2/192,CAPorg10.jpg,648.27,764.41,764.41,0.8481,0.8481,,0,0
unmapped,28,UNMAPPED_LOCAL_SOURCE,preaug,E:\甲劈微循环\data\血管数据集\分类数据集\扩充之前\images\28.jpg,locked,,,recovered_archive1/39,CAPorg2.jpg,1052.07,1102.19,1102.19,0.9545,0.9545,,0,0
unmapped,29,UNMAPPED_LOCAL_SOURCE,preaug,E:\甲劈微循环\data\血管数据集\分类数据集\扩充之前\images\29.jpg,locked,,,recovered_archive1/91,CAPorg3.jpg,2026.46,2070.58,2070.58,0.9787,0.9787,,0,0
unmapped,30,UNMAPPED_LOCAL_SOURCE,preaug,E:\甲劈微循环\data\血管数据集\分类数据集\扩充之前\images\30.jpg,locked,,,recovered_archive2/192,CAPorg2.jpg,564.23,774.21,774.21,0.7288,0.7288,,1,1
unmapped,31,UNMAPPED_LOCAL_SOURCE,preaug,E:\甲劈微循环\data\血管数据集\分类数据集\扩充之前\images\31.jpg,locked,,,recovered_archive2/131,CAPorg3.jpg,950.86,975.61,975.61,0.9746,0.9746,,0,0
unmapped,32,UNMAPPED_LOCAL_SOURCE,preaug,E:\甲劈微循环\data\血管数据集\分类数据集\扩充之前\images\32.jpg,locked,,,recovered_archive3/203,CAPorg10.jpg,613.18,642.06,709.05,0.955,0.8648,,0,0
unmapped,33,UNMAPPED_LOCAL_SOURCE,preaug,E:\甲劈微循环\data\血管数据集\分类数据集\扩充之前\images\33.jpg,locked,,,recovered_archive1/39,CAPorg7.jpg,478.99,535.67,535.67,0.8942,0.8942,,0,0
unmapped,34,UNMAPPED_LOCAL_SOURCE,preaug,E:\甲劈微循环\data\血管数据集\分类数据集\扩充之前\images\34.jpg,locked,,,recovered_archive1/39,CAPorg5.jpg,309.04,383.76,383.76,0.8053,0.8053,,0,0
unmapped,35,UNMAPPED_LOCAL_SOURCE,preaug,E:\甲劈微循环\data\血管数据集\分类数据集\扩充之前\images\35.jpg,locked,,,recovered_archive2/102,CAPorg7.jpg,1337.45,1361.28,1361.28,0.9825,0.9825,,0,0
unmapped,36,UNMAPPED_LOCAL_SOURCE,preaug,E:\甲劈微循环\data\血管数据集\分类数据集\扩充之前\images\36.jpg,locked,,,recovered_archive2/166,CAPorg11.jpg,482.91,580.97,580.97,0.8312,0.8312,,0,0
unmapped,37,UNMAPPED_LOCAL_SOURCE,preaug,E:\甲劈微循环\data\血管数据集\分类数据集\扩充之前\images\37.jpg,locked,,,recovered_archive3/255,CAPorg2.jpg,1622.87,1832.08,1832.08,0.8858,0.8858,,0,0
unmapped,38,UNMAPPED_LOCAL_SOURCE,preaug,E:\甲劈微循环\data\血管数据集\分类数据集\扩充之前\images\38.jpg,locked,,,recovered_archive2/156,CAPorg5.jpg,746.86,830.57,830.57,0.8992,0.8992,,0,0
unmapped,39,UNMAPPED_LOCAL_SOURCE,preaug,E:\甲劈微循环\data\血管数据集\分类数据集\扩充之前\images\39.jpg,locked,,,recovered_archive2/190,CAPorg4.jpg,805.47,871.05,871.05,0.9247,0.9247,,0,0
unmapped,40,UNMAPPED_LOCAL_SOURCE,preaug,E:\甲劈微循环\data\血管数据集\分类数据集\扩充之前\images\40.jpg,locked,,,recovered_archive2/140,CAPorg11.jpg,932.42,1039.18,1039.18,0.8973,0.8973,,0,0
unmapped,41,UNMAPPED_LOCAL_SOURCE,preaug,E:\甲劈微循环\data\血管数据集\分类数据集\扩充之前\images\41.jpg,locked,,,recovered_archive2/140,CAPorg1.jpg,366.61,383.34,457.96,0.9564,0.8005,,0,0
unmapped,42,UNMAPPED_LOCAL_SOURCE,preaug,E:\甲劈微循环\data\血管数据集\分类数据集\扩充之前\images\42.jpg,locked,,,recovered_archive1/39,CAPorg6.jpg,328.44,351.02,352.68,0.9357,0.9312,,0,0
unmapped,43,UNMAPPED_LOCAL_SOURCE,preaug,E:\甲劈微循环\data\血管数据集\分类数据集\扩充之前\images\43.jpg,locked,,,recovered_archive2/140,CAPorg12.jpg,1113.09,1121.6,1121.6,0.9924,0.9924,,0,0
unmapped,44,UNMAPPED_LOCAL_SOURCE,preaug,E:\甲劈微循环\data\血管数据集\分类数据集\扩充之前\images\44.jpg,locked,,,recovered_archive1/77,CAPorg5.jpg,256.49,549.47,549.47,0.4668,0.4668,,1,1
unmapped,45,UNMAPPED_LOCAL_SOURCE,preaug,E:\甲劈微循环\data\血管数据集\分类数据集\扩充之前\images\45.jpg,locked,,,recovered_archive1/88,CAPorg4.jpg,1098.64,1123.28,1123.28,0.9781,0.9781,,0,0
unmapped,46,UNMAPPED_LOCAL_SOURCE,preaug,E:\甲劈微循环\data\血管数据集\分类数据集\扩充之前\images\46.jpg,locked,,,recovered_archive2/102,CAPorg4.jpg,1037.53,1083.76,1083.76,0.9573,0.9573,,0,0
unmapped,50,UNMAPPED_LOCAL_SOURCE,preaug,E:\甲劈微循环\data\血管数据集\分类数据集\扩充之前\images\50.jpg,locked,,,recovered_archive2/134,CAPorg6.jpg,637.43,646.88,646.88,0.9854,0.9854,,0,0
unmapped,51,UNMAPPED_LOCAL_SOURCE,preaug,E:\甲劈微循环\data\血管数据集\分类数据集\扩充之前\images\51.jpg,locked,,,recovered_archive2/134,CAPorg3.jpg,654.26,886.63,886.63,0.7379,0.7379,,1,1
unmapped,52,UNMAPPED_LOCAL_SOURCE,preaug,E:\甲劈微循环\data\血管数据集\分类数据集\扩充之前\images\52.jpg,locked,,,recovered_archive2/134,CAPorg3.jpg,2731.22,2875.42,2875.42,0.9499,0.9499,,0,0
unmapped,53,UNMAPPED_LOCAL_SOURCE,preaug,E:\甲劈微循环\data\血管数据集\分类数据集\扩充之前\images\53.jpg,locked,,,recovered_archive2/134,CAPorg6.jpg,556.02,627.24,627.24,0.8865,0.8865,,0,0
unmapped,55,UNMAPPED_LOCAL_SOURCE,preaug,E:\甲劈微循环\data\血管数据集\分类数据集\扩充之前\images\55.jpg,locked,,,recovered_archive3/203,CAPorg11.jpg,2486.07,2512.66,2512.66,0.9894,0.9894,,0,0
unmapped,56,UNMAPPED_LOCAL_SOURCE,preaug,E:\甲劈微循环\data\血管数据集\分类数据集\扩充之前\images\56.jpg,locked,,,recovered_archive3/244,CAPorg2.jpg,374.9,392.76,392.76,0.9545,0.9545,,0,0
unmapped,58,UNMAPPED_LOCAL_SOURCE,preaug,E:\甲劈微循环\data\血管数据集\分类数据集\扩充之前\images\58.jpg,locked,,,recovered_archive2/192,CAPorg7.jpg,321.29,391.06,594.35,0.8216,0.5406,,0,1
unmapped,59,UNMAPPED_LOCAL_SOURCE,preaug,E:\甲劈微循环\data\血管数据集\分类数据集\扩充之前\images\59.jpg,locked,,,recovered_archive2/185,CAPorg2.jpg,556.59,651.18,651.18,0.8547,0.8547,,0,0
unmapped,61,UNMAPPED_LOCAL_SOURCE,preaug,E:\甲劈微循环\data\血管数据集\分类数据集\扩充之前\images\61.jpg,locked,,,recovered_archive3/226,CAPorg3.jpg,2532.12,2819.11,2863.71,0.8982,0.8842,,0,0
unmapped,62,UNMAPPED_LOCAL_SOURCE,preaug,E:\甲劈微循环\data\血管数据集\分类数据集\扩充之前\images\62.jpg,locked,,,recovered_archive2/140,CAPorg10.jpg,1052.95,1161.06,1161.06,0.9069,0.9069,,0,0
unmapped,63,UNMAPPED_LOCAL_SOURCE,preaug,E:\甲劈微循环\data\血管数据集\分类数据集\扩充之前\images\63.jpg,locked,,,recovered_archive2/166,CAPorg15.jpg,471.64,531.04,531.04,0.8881,0.8881,,0,0
unmapped,64,UNMAPPED_LOCAL_SOURCE,preaug,E:\甲劈微循环\data\血管数据集\分类数据集\扩充之前\images\64.jpg,locked,,,recovered_archive2/166,CAPorg12.jpg,384.3,402.24,412.51,0.9554,0.9316,,0,0
unmapped,65,UNMAPPED_LOCAL_SOURCE,preaug,E:\甲劈微循环\data\血管数据集\分类数据集\扩充之前\images\65.jpg,locked,,,recovered_archive3/205,CAPorg7.jpg,654.28,738.14,803.62,0.8864,0.8142,,0,0
unmapped,66,UNMAPPED_LOCAL_SOURCE,preaug,E:\甲劈微循环\data\血管数据集\分类数据集\扩充之前\images\66.jpg,locked,,,recovered_archive2/102,CAPorg6.jpg,594.12,614.06,621.54,0.9675,0.9559,,0,0
unmapped,67,UNMAPPED_LOCAL_SOURCE,preaug,E:\甲劈微循环\data\血管数据集\分类数据集\扩充之前\images\67.jpg,locked,,,recovered_archive1/55,CAPorg3.jpg,1123.09,1171.06,1171.06,0.959,0.959,,0,0
unmapped,71,UNMAPPED_LOCAL_SOURCE,preaug,E:\甲劈微循环\data\血管数据集\分类数据集\扩充之前\images\71.jpg,locked,,,recovered_archive1/55,CAPorg7.jpg,173.79,1573.95,1594.06,0.1104,0.109,,1,1
unmapped,72,UNMAPPED_LOCAL_SOURCE,preaug,E:\甲劈微循环\data\血管数据集\分类数据集\扩充之前\images\72.jpg,locked,,,recovered_archive2/177,CAPorg3.jpg,696.34,699.82,699.82,0.995,0.995,,0,0
unmapped,73,UNMAPPED_LOCAL_SOURCE,preaug,E:\甲劈微循环\data\血管数据集\分类数据集\扩充之前\images\73.jpg,locked,,,recovered_archive2/187,CAPorg1.jpg,2405.61,3129.76,3129.76,0.7686,0.7686,,1,1
unmapped,75,UNMAPPED_LOCAL_SOURCE,preaug,E:\甲劈微循环\data\血管数据集\分类数据集\扩充之前\images\75.jpg,locked,,,recovered_archive2/138,CAPorg4.jpg,2774.23,2942.93,2942.93,0.9427,0.9427,,0,0
unmapped,76,UNMAPPED_LOCAL_SOURCE,preaug,E:\甲劈微循环\data\血管数据集\分类数据集\扩充之前\images\76.jpg,locked,,,recovered_archive1/39,CAPorg7.jpg,45.24,200.9,200.9,0.2252,0.2252,,1,1
unmapped,77,UNMAPPED_LOCAL_SOURCE,preaug,E:\甲劈微循环\data\血管数据集\分类数据集\扩充之前\images\77.jpg,locked,,,recovered_archive2/190,CAPorg2.jpg,703.74,716.36,716.36,0.9824,0.9824,,0,0
unmapped,78,UNMAPPED_LOCAL_SOURCE,preaug,E:\甲劈微循环\data\血管数据集\分类数据集\扩充之前\images\78.jpg,locked,,,recovered_archive2/140,CAPorg1.jpg,1623.38,1652.19,1652.19,0.9826,0.9826,,0,0
unmapped,80,UNMAPPED_LOCAL_SOURCE,preaug,E:\甲劈微循环\data\血管数据集\分类数据集\扩充之前\images\80.jpg,locked,,,recovered_archive2/192,CAPorg2.jpg,977.13,1245.73,1322.15,0.7844,0.7391,,1,1
unmapped,81,UNMAPPED_LOCAL_SOURCE,preaug,E:\甲劈微循环\data\血管数据集\分类数据集\扩充之前\images\81.jpg,locked,,,recovered_archive2/156,CAPorg4.jpg,1252.7,1405.75,1405.75,0.8911,0.8911,,0,0
unmapped,82,UNMAPPED_LOCAL_SOURCE,preaug,E:\甲劈微循环\data\血管数据集\分类数据集\扩充之前\images\82.jpg,locked,,,recovered_archive2/140,CAPorg1.jpg,748.78,815.04,839.25,0.9187,0.8922,,0,0
unmapped,83,UNMAPPED_LOCAL_SOURCE,preaug,E:\甲劈微循环\data\血管数据集\分类数据集\扩充之前\images\83.jpg,locked,,,recovered_archive2/193,CAPorg9.jpg,1534.94,1654.68,1762.38,0.9276,0.8709,,0,0
unmapped,84,UNMAPPED_LOCAL_SOURCE,preaug,E:\甲劈微循环\data\血管数据集\分类数据集\扩充之前\images\84.jpg,locked,,,recovered_archive1/75,CAPorg7.jpg,260.94,300.93,632.89,0.8671,0.4123,,0,1
unmapped,89,UNMAPPED_LOCAL_SOURCE,preaug,E:\甲劈微循环\data\血管数据集\分类数据集\扩充之前\images\89.jpg,locked,,,recovered_archive3/258,CAPorg7.jpg,596.39,616.97,639.34,0.9666,0.9328,,0,0
unmapped,90,UNMAPPED_LOCAL_SOURCE,preaug,E:\甲劈微循环\data\血管数据集\分类数据集\扩充之前\images\90.jpg,locked,,,recovered_archive3/258,CAPorg3.jpg,898.48,936.13,936.13,0.9598,0.9598,,0,0
unmapped,91,UNMAPPED_LOCAL_SOURCE,preaug,E:\甲劈微循环\data\血管数据集\分类数据集\扩充之前\images\91.jpg,locked,,,recovered_archive2/193,CAPorg8.jpg,579.87,932.09,932.09,0.6221,0.6221,,1,1
unmapped,92,UNMAPPED_LOCAL_SOURCE,preaug,E:\甲劈微循环\data\血管数据集\分类数据集\扩充之前\images\92.jpg,locked,,,recovered_archive1/91,CAPorg5.jpg,763.83,825.43,825.43,0.9254,0.9254,,0,0
unmapped,93,UNMAPPED_LOCAL_SOURCE,preaug,E:\甲劈微循环\data\血管数据集\分类数据集\扩充之前\images\93.jpg,locked,,,recovered_archive1/93,CAPorg3.jpg,1804.44,1822.48,1822.48,0.9901,0.9901,,0,0
unmapped,94,UNMAPPED_LOCAL_SOURCE,preaug,E:\甲劈微循环\data\血管数据集\分类数据集\扩充之前\images\94.jpg,locked,,,recovered_archive3/203,CAPorg10.jpg,725.07,738.11,738.11,0.9823,0.9823,,0,0
unmapped,95,UNMAPPED_LOCAL_SOURCE,preaug,E:\甲劈微循环\data\血管数据集\分类数据集\扩充之前\images\95.jpg,locked,,,recovered_archive2/157,CAPorg3.jpg,189.04,436.3,436.3,0.4333,0.4333,,1,1
unmapped,97,UNMAPPED_LOCAL_SOURCE,preaug,E:\甲劈微循环\data\血管数据集\分类数据集\扩充之前\images\97.jpg,locked,,,recovered_archive2/157,CAPorg4.jpg,315.24,455.53,471.69,0.692,0.6683,,1,1
unmapped,98,UNMAPPED_LOCAL_SOURCE,preaug,E:\甲劈微循环\data\血管数据集\分类数据集\扩充之前\images\98.jpg,locked,,,recovered_archive2/153,CAPorg3.jpg,1335.87,1481.19,1481.19,0.9019,0.9019,,0,0
unmapped,99,UNMAPPED_LOCAL_SOURCE,preaug,E:\甲劈微循环\data\血管数据集\分类数据集\扩充之前\images\99.jpg,locked,,,recovered_archive2/166,CAPorg13.jpg,345.43,392.45,392.45,0.8802,0.8802,,0,0
unmapped,100,UNMAPPED_LOCAL_SOURCE,preaug,E:\甲劈微循环\data\血管数据集\分类数据集\扩充之前\images\100.jpg,locked,,,recovered_archive1/39,CAPorg6.jpg,75.01,197.13,220.96,0.3805,0.3395,,1,1
unmapped,101,UNMAPPED_LOCAL_SOURCE,preaug,E:\甲劈微循环\data\血管数据集\分类数据集\扩充之前\images\101.jpg,locked,,,recovered_archive3/203,CAPorg1.jpg,294.39,326.01,358.07,0.903,0.8222,,0,0
unmapped,102,UNMAPPED_LOCAL_SOURCE,preaug,E:\甲劈微循环\data\血管数据集\分类数据集\扩充之前\images\102.jpg,locked,,,recovered_archive2/157,CAPorg5.jpg,38.3,395.19,421.7,0.0969,0.0908,,1,1
unmapped,103,UNMAPPED_LOCAL_SOURCE,preaug,E:\甲劈微循环\data\血管数据集\分类数据集\扩充之前\images\103.jpg,locked,,,recovered_archive2/140,CAPorg14.jpg,1132.01,1136.52,1136.52,0.996,0.996,,0,0
unmapped,104,UNMAPPED_LOCAL_SOURCE,preaug,E:\甲劈微循环\data\血管数据集\分类数据集\扩充之前\images\104.jpg,locked,,,recovered_archive2/157,CAPorg6.jpg,88.63,302.92,325.35,0.2926,0.2724,,1,1
unmapped,105,UNMAPPED_LOCAL_SOURCE,preaug,E:\甲劈微循环\data\血管数据集\分类数据集\扩充之前\images\105.jpg,locked,,,recovered_archive2/157,CAPorg9.jpg,282.66,701.24,701.24,0.4031,0.4031,,1,1
unmapped,106,UNMAPPED_LOCAL_SOURCE,preaug,E:\甲劈微循环\data\血管数据集\分类数据集\扩充之前\images\106.jpg,locked,,,recovered_archive1/73,CAPorg5.jpg,296.73,1973.66,1973.66,0.1503,0.1503,,1,1
unmapped,107,UNMAPPED_LOCAL_SOURCE,preaug,E:\甲劈微循环\data\血管数据集\分类数据集\扩充之前\images\107.jpg,locked,,,recovered_archive1/36,CAPorg5.jpg,1542.17,1702.21,1800.91,0.906,0.8563,,0,0
unmapped,108,UNMAPPED_LOCAL_SOURCE,preaug,E:\甲劈微循环\data\血管数据集\分类数据集\扩充之前\images\108.jpg,locked,,,recovered_archive3/255,CAPorg4.jpg,1200.38,1204.6,1204.6,0.9965,0.9965,,0,0
unmapped,110,UNMAPPED_LOCAL_SOURCE,preaug,E:\甲劈微循环\data\血管数据集\分类数据集\扩充之前\images\110.jpg,locked,,,recovered_archive3/244,CAPorg4.jpg,221.71,227.0,227.0,0.9767,0.9767,,0,0
unmapped,111,UNMAPPED_LOCAL_SOURCE,preaug,E:\甲劈微循环\data\血管数据集\分类数据集\扩充之前\images\111.jpg,locked,,,recovered_archive1/88,CAPorg5.jpg,593.21,695.04,695.04,0.8535,0.8535,,0,0
unmapped,112,UNMAPPED_LOCAL_SOURCE,preaug,E:\甲劈微循环\data\血管数据集\分类数据集\扩充之前\images\112.jpg,locked,,,recovered_archive3/203,CAPorg15.jpg,701.85,707.91,707.91,0.9914,0.9914,,0,0
unmapped,114,UNMAPPED_LOCAL_SOURCE,preaug,E:\甲劈微循环\data\血管数据集\分类数据集\扩充之前\images\114.jpg,locked,,,recovered_archive2/140,CAPorg1.jpg,903.48,915.25,915.25,0.9871,0.9871,,0,0
unmapped,115,UNMAPPED_LOCAL_SOURCE,preaug,E:\甲劈微循环\data\血管数据集\分类数据集\扩充之前\images\115.jpg,locked,,,recovered_archive2/185,CAPorg5.jpg,358.03,361.17,361.17,0.9913,0.9913,,0,0
unmapped,116,UNMAPPED_LOCAL_SOURCE,preaug,E:\甲劈微循环\data\血管数据集\分类数据集\扩充之前\images\116.jpg,locked,,,recovered_archive2/102,CAPorg6.jpg,735.02,820.52,820.52,0.8958,0.8958,,0,0
unmapped,117,UNMAPPED_LOCAL_SOURCE,preaug,E:\甲劈微循环\data\血管数据集\分类数据集\扩充之前\images\117.jpg,locked,,,recovered_archive3/230,CAPorg4.jpg,1569.43,1578.15,1578.15,0.9945,0.9945,,0,0
unmapped,118,UNMAPPED_LOCAL_SOURCE,preaug,E:\甲劈微循环\data\血管数据集\分类数据集\扩充之前\images\118.jpg,locked,,,recovered_archive2/185,CAPorg1.jpg,896.9,917.46,917.46,0.9776,0.9776,,0,0
unmapped,119,UNMAPPED_LOCAL_SOURCE,preaug,E:\甲劈微循环\data\血管数据集\分类数据集\扩充之前\images\119.jpg,locked,,,recovered_archive2/102,CAPorg3.jpg,1492.9,1510.14,1510.14,0.9886,0.9886,,0,0
unmapped,120,UNMAPPED_LOCAL_SOURCE,preaug,E:\甲劈微循环\data\血管数据集\分类数据集\扩充之前\images\120.jpg,locked,,,recovered_archive2/190,CAPorg2.jpg,1404.15,1455.38,1463.71,0.9648,0.9593,,0,0
unmapped,122,UNMAPPED_LOCAL_SOURCE,preaug,E:\甲劈微循环\data\血管数据集\分类数据集\扩充之前\images\122.jpg,locked,,,recovered_archive3/255,CAPorg5.jpg,1471.46,1643.47,1649.81,0.8953,0.8919,,0,0
unmapped,123,UNMAPPED_LOCAL_SOURCE,preaug,E:\甲劈微循环\data\血管数据集\分类数据集\扩充之前\images\123.jpg,locked,,,recovered_archive3/203,CAPorg10.jpg,342.5,376.97,376.97,0.9086,0.9086,,0,0
unmapped,125,UNMAPPED_LOCAL_SOURCE,preaug,E:\甲劈微循环\data\血管数据集\分类数据集\扩充之前\images\125.jpg,locked,,,recovered_archive2/193,CAPorg1.jpg,1104.62,1137.14,1137.14,0.9714,0.9714,,0,0
unmapped,126,UNMAPPED_LOCAL_SOURCE,preaug,E:\甲劈微循环\data\血管数据集\分类数据集\扩充之前\images\126.jpg,locked,,,recovered_archive2/185,CAPorg5.jpg,836.74,878.04,1040.19,0.953,0.8044,,0,0
unmapped,127,UNMAPPED_LOCAL_SOURCE,preaug,E:\甲劈微循环\data\血管数据集\分类数据集\扩充之前\images\127.jpg,locked,,,recovered_archive2/102,CAPorg7.jpg,875.56,1068.12,1158.84,0.8197,0.7555,,0,1
unmapped,128,UNMAPPED_LOCAL_SOURCE,preaug,E:\甲劈微循环\data\血管数据集\分类数据集\扩充之前\images\128.jpg,locked,,,recovered_archive1/39,CAPorg7.jpg,452.58,465.31,465.31,0.9726,0.9726,,0,0
unmapped,129,UNMAPPED_LOCAL_SOURCE,preaug,E:\甲劈微循环\data\血管数据集\分类数据集\扩充之前\images\129.jpg,locked,,,recovered_archive2/177,CAPorg2.jpg,433.82,492.56,492.56,0.8808,0.8808,,0,0
unmapped,130,UNMAPPED_LOCAL_SOURCE,preaug,E:\甲劈微循环\data\血管数据集\分类数据集\扩充之前\images\130.jpg,locked,,,recovered_archive1/36,CAPorg4.jpg,415.91,507.45,507.45,0.8196,0.8196,,0,0
unmapped,131,UNMAPPED_LOCAL_SOURCE,preaug,E:\甲劈微循环\data\血管数据集\分类数据集\扩充之前\images\131.jpg,locked,,,recovered_archive3/203,CAPorg10.jpg,332.19,333.32,449.95,0.9966,0.7383,,0,1
unmapped,132,UNMAPPED_LOCAL_SOURCE,preaug,E:\甲劈微循环\data\血管数据集\分类数据集\扩充之前\images\132.jpg,locked,,,recovered_archive2/196,CAPorg6.jpg,473.12,513.45,513.45,0.9215,0.9215,,0,0
unmapped,133,UNMAPPED_LOCAL_SOURCE,preaug,E:\甲劈微循环\data\血管数据集\分类数据集\扩充之前\images\133.jpg,locked,,,recovered_archive2/196,CAPorg5.jpg,2274.77,2335.78,2335.78,0.9739,0.9739,,0,0
unmapped,134,UNMAPPED_LOCAL_SOURCE,preaug,E:\甲劈微循环\data\血管数据集\分类数据集\扩充之前\images\134.jpg,locked,,,recovered_archive3/244,CAPorg3.jpg,701.73,768.0,768.0,0.9137,0.9137,,0,0
unmapped,135,UNMAPPED_LOCAL_SOURCE,preaug,E:\甲劈微循环\data\血管数据集\分类数据集\扩充之前\images\135.jpg,locked,,,recovered_archive2/102,CAPorg7.jpg,1008.92,1034.32,1067.59,0.9754,0.945,,0,0
unmapped,136,UNMAPPED_LOCAL_SOURCE,preaug,E:\甲劈微循环\data\血管数据集\分类数据集\扩充之前\images\136.jpg,locked,,,recovered_archive3/244,CAPorg4.jpg,996.93,1083.71,1174.59,0.9199,0.8488,,0,0
unmapped,137,UNMAPPED_LOCAL_SOURCE,preaug,E:\甲劈微循环\data\血管数据集\分类数据集\扩充之前\images\137.jpg,locked,,,recovered_archive3/217,CAPorg3.jpg,268.97,2123.67,2123.67,0.1267,0.1267,,1,1
unmapped,138,UNMAPPED_LOCAL_SOURCE,preaug,E:\甲劈微循环\data\血管数据集\分类数据集\扩充之前\images\138.jpg,locked,,,recovered_archive2/185,CAPorg10.jpg,1593.73,1918.53,1918.53,0.8307,0.8307,,0,0
unmapped,139,UNMAPPED_LOCAL_SOURCE,preaug,E:\甲劈微循环\data\血管数据集\分类数据集\扩充之前\images\139.jpg,locked,,,recovered_archive2/185,CAPorg6.jpg,112.17,176.06,325.47,0.6371,0.3446,,1,1
unmapped,140,UNMAPPED_LOCAL_SOURCE,preaug,E:\甲劈微循环\data\血管数据集\分类数据集\扩充之前\images\140.jpg,locked,,,recovered_archive2/157,CAPorg9.jpg,882.81,1006.34,1006.34,0.8772,0.8772,,0,0
unmapped,141,UNMAPPED_LOCAL_SOURCE,preaug,E:\甲劈微循环\data\血管数据集\分类数据集\扩充之前\images\141.jpg,locked,,,recovered_archive1/39,CAPorg6.jpg,985.52,991.96,991.96,0.9935,0.9935,,0,0
unmapped,142,UNMAPPED_LOCAL_SOURCE,preaug,E:\甲劈微循环\data\血管数据集\分类数据集\扩充之前\images\142.jpg,locked,,,recovered_archive2/177,CAPorg4.jpg,571.32,573.43,573.43,0.9963,0.9963,,0,0
unmapped,143,UNMAPPED_LOCAL_SOURCE,preaug,E:\甲劈微循环\data\血管数据集\分类数据集\扩充之前\images\143.jpg,locked,,,recovered_archive3/244,CAPorg5.jpg,604.17,605.31,605.31,0.9981,0.9981,,0,0
unmapped,144,UNMAPPED_LOCAL_SOURCE,preaug,E:\甲劈微循环\data\血管数据集\分类数据集\扩充之前\images\144.jpg,locked,,,recovered_archive3/203,CAPorg10.jpg,590.78,593.03,672.57,0.9962,0.8784,,0,0
unmapped,147,UNMAPPED_LOCAL_SOURCE,preaug,E:\甲劈微循环\data\血管数据集\分类数据集\扩充之前\images\147.jpg,locked,,,recovered_archive1/79,CAPorg7.jpg,1366.75,1477.92,1519.72,0.9248,0.8993,,0,0
unmapped,148,UNMAPPED_LOCAL_SOURCE,preaug,E:\甲劈微循环\data\血管数据集\分类数据集\扩充之前\images\148.jpg,locked,,,recovered_archive3/244,CAPorg6.jpg,505.88,511.36,511.36,0.9893,0.9893,,0,0
unmapped,149,UNMAPPED_LOCAL_SOURCE,preaug,E:\甲劈微循环\data\血管数据集\分类数据集\扩充之前\images\149.jpg,locked,,,recovered_archive1/39,CAPorg2.jpg,1110.48,1322.36,1324.63,0.8398,0.8383,,0,0
unmapped,150,UNMAPPED_LOCAL_SOURCE,preaug,E:\甲劈微循环\data\血管数据集\分类数据集\扩充之前\images\150.jpg,locked,,,recovered_archive1/39,CAPorg6.jpg,322.1,329.26,329.26,0.9782,0.9782,,0,0
unmapped,151,UNMAPPED_LOCAL_SOURCE,preaug,E:\甲劈微循环\data\血管数据集\分类数据集\扩充之前\images\151.jpg,locked,,,recovered_archive3/203,CAPorg3.jpg,907.68,942.02,942.02,0.9635,0.9635,,0,0
unmapped,152,UNMAPPED_LOCAL_SOURCE,preaug,E:\甲劈微循环\data\血管数据集\分类数据集\扩充之前\images\152.jpg,locked,,,recovered_archive3/244,CAPorg3.jpg,351.12,378.31,411.46,0.9281,0.8533,,0,0
unmapped,153,UNMAPPED_LOCAL_SOURCE,preaug,E:\甲劈微循环\data\血管数据集\分类数据集\扩充之前\images\153.jpg,locked,,,recovered_archive1/65,CAPorg7.jpg,605.06,614.88,634.86,0.984,0.9531,,0,0
unmapped,154,UNMAPPED_LOCAL_SOURCE,preaug,E:\甲劈微循环\data\血管数据集\分类数据集\扩充之前\images\154.jpg,locked,,,recovered_archive2/193,CAPorg1.jpg,179.79,271.57,271.57,0.662,0.662,,1,1
unmapped,155,UNMAPPED_LOCAL_SOURCE,preaug,E:\甲劈微循环\data\血管数据集\分类数据集\扩充之前\images\155.jpg,locked,,,recovered_archive3/230,CAPorg2.jpg,383.86,394.97,394.97,0.9719,0.9719,,0,0
unmapped,156,UNMAPPED_LOCAL_SOURCE,preaug,E:\甲劈微循环\data\血管数据集\分类数据集\扩充之前\images\156.jpg,locked,,,recovered_archive1/39,CAPorg5.jpg,209.79,279.29,291.44,0.7511,0.7198,,1,1
unmapped,157,UNMAPPED_LOCAL_SOURCE,preaug,E:\甲劈微循环\data\血管数据集\分类数据集\扩充之前\images\157.jpg,locked,,,recovered_archive2/140,CAPorg2.jpg,256.27,293.08,412.67,0.8744,0.621,,0,1
unmapped,158,UNMAPPED_LOCAL_SOURCE,preaug,E:\甲劈微循环\data\血管数据集\分类数据集\扩充之前\images\158.jpg,locked,,,recovered_archive1/39,CAPorg4.jpg,335.13,367.1,367.1,0.9129,0.9129,,0,0
unmapped,159,UNMAPPED_LOCAL_SOURCE,preaug,E:\甲劈微循环\data\血管数据集\分类数据集\扩充之前\images\159.jpg,locked,,,recovered_archive2/166,CAPorg11.jpg,250.41,260.63,264.0,0.9608,0.9485,,0,0
unmapped,160,UNMAPPED_LOCAL_SOURCE,preaug,E:\甲劈微循环\data\血管数据集\分类数据集\扩充之前\images\160.jpg,locked,,,recovered_archive3/236,CAPorg1.jpg,1352.07,1461.25,1461.25,0.9253,0.9253,,0,0
unmapped,161,UNMAPPED_LOCAL_SOURCE,preaug,E:\甲劈微循环\data\血管数据集\分类数据集\扩充之前\images\161.jpg,locked,,,recovered_archive2/166,CAPorg13.jpg,284.69,303.49,304.04,0.9381,0.9363,,0,0
unmapped,162,UNMAPPED_LOCAL_SOURCE,preaug,E:\甲劈微循环\data\血管数据集\分类数据集\扩充之前\images\162.jpg,locked,,,recovered_archive2/177,CAPorg1.jpg,366.04,376.99,376.99,0.971,0.971,,0,0
unmapped,163,UNMAPPED_LOCAL_SOURCE,preaug,E:\甲劈微循环\data\血管数据集\分类数据集\扩充之前\images\163.jpg,locked,,,recovered_archive2/192,CAPorg6.jpg,515.57,661.98,874.29,0.7788,0.5897,,1,1
unmapped,164,UNMAPPED_LOCAL_SOURCE,preaug,E:\甲劈微循环\data\血管数据集\分类数据集\扩充之前\images\164.jpg,locked,,,recovered_archive2/193,CAPorg2.jpg,1.31,357.38,357.38,0.0037,0.0037,,1,1
unmapped,165,UNMAPPED_LOCAL_SOURCE,preaug,E:\甲劈微循环\data\血管数据集\分类数据集\扩充之前\images\165.jpg,locked,,,recovered_archive2/156,CAPorg2.jpg,889.95,929.35,929.35,0.9576,0.9576,,0,0
unmapped,166,UNMAPPED_LOCAL_SOURCE,preaug,E:\甲劈微循环\data\血管数据集\分类数据集\扩充之前\images\166.jpg,locked,,,recovered_archive2/193,CAPorg9.jpg,1839.15,1860.83,1860.83,0.9883,0.9883,,0,0
unmapped,167,UNMAPPED_LOCAL_SOURCE,preaug,E:\甲劈微循环\data\血管数据集\分类数据集\扩充之前\images\167.jpg,locked,,,recovered_archive1/91,CAPorg5.jpg,1018.34,1037.97,1037.97,0.9811,0.9811,,0,0
unmapped,168,UNMAPPED_LOCAL_SOURCE,preaug,E:\甲劈微循环\data\血管数据集\分类数据集\扩充之前\images\168.jpg,locked,,,recovered_archive3/203,CAPorg2.jpg,293.73,323.26,324.02,0.9086,0.9065,,0,0
unmapped,169,UNMAPPED_LOCAL_SOURCE,preaug,E:\甲劈微循环\data\血管数据集\分类数据集\扩充之前\images\169.jpg,locked,,,recovered_archive3/244,CAPorg4.jpg,623.72,634.14,676.12,0.9836,0.9225,,0,0
unmapped,170,UNMAPPED_LOCAL_SOURCE,preaug,E:\甲劈微循环\data\血管数据集\分类数据集\扩充之前\images\170.jpg,locked,,,recovered_archive2/185,CAPorg8.jpg,654.11,665.4,665.4,0.983,0.983,,0,0
unmapped,172,UNMAPPED_LOCAL_SOURCE,preaug,E:\甲劈微循环\data\血管数据集\分类数据集\扩充之前\images\172.jpg,locked,,,recovered_archive2/193,CAPorg4.jpg,37.44,706.11,706.11,0.053,0.053,,1,1
unmapped,173,UNMAPPED_LOCAL_SOURCE,preaug,E:\甲劈微循环\data\血管数据集\分类数据集\扩充之前\images\173.jpg,locked,,,recovered_archive2/193,CAPorg5.jpg,0.33,736.77,1127.26,0.0004,0.0003,,1,1
unmapped,174,UNMAPPED_LOCAL_SOURCE,preaug,E:\甲劈微循环\data\血管数据集\分类数据集\扩充之前\images\174.jpg,locked,,,recovered_archive2/193,CAPorg6.jpg,664.31,874.85,874.85,0.7593,0.7593,,1,1
unmapped,175,UNMAPPED_LOCAL_SOURCE,preaug,E:\甲劈微循环\data\血管数据集\分类数据集\扩充之前\images\175.jpg,locked,,,recovered_archive2/185,CAPorg2.jpg,415.94,429.77,429.77,0.9678,0.9678,,0,0
unmapped,176,UNMAPPED_LOCAL_SOURCE,preaug,E:\甲劈微循环\data\血管数据集\分类数据集\扩充之前\images\176.jpg,locked,,,recovered_archive2/193,CAPorg7.jpg,874.93,996.7,996.7,0.8778,0.8778,,0,0
unmapped,177,UNMAPPED_LOCAL_SOURCE,preaug,E:\甲劈微循环\data\血管数据集\分类数据集\扩充之前\images\177.jpg,locked,,,recovered_archive2/187,CAPorg3.jpg,1169.03,1201.41,1837.73,0.9731,0.6361,,0,1
unmapped,178,UNMAPPED_LOCAL_SOURCE,preaug,E:\甲劈微循环\data\血管数据集\分类数据集\扩充之前\images\178.jpg,locked,,,recovered_archive1/39,CAPorg7.jpg,511.27,576.06,576.06,0.8875,0.8875,,0,0
unmapped,180,UNMAPPED_LOCAL_SOURCE,preaug,E:\甲劈微循环\data\血管数据集\分类数据集\扩充之前\images\180.jpg,locked,,,recovered_archive1/65,CAPorg6.jpg,194.46,201.69,295.74,0.9641,0.6575,,0,1
unmapped,181,UNMAPPED_LOCAL_SOURCE,preaug,E:\甲劈微循环\data\血管数据集\分类数据集\扩充之前\images\181.jpg,locked,,,recovered_archive2/140,CAPorg6.jpg,188.71,633.49,683.85,0.2979,0.2759,,1,1
unmapped,182,UNMAPPED_LOCAL_SOURCE,preaug,E:\甲劈微循环\data\血管数据集\分类数据集\扩充之前\images\182.jpg,locked,,,recovered_archive3/244,CAPorg8.jpg,1010.19,1058.17,1058.17,0.9547,0.9547,,0,0
unmapped,184,UNMAPPED_LOCAL_SOURCE,preaug,E:\甲劈微循环\data\血管数据集\分类数据集\扩充之前\images\184.jpg,locked,,,recovered_archive1/65,CAPorg6.jpg,157.2,240.31,325.4,0.6542,0.4831,,1,1
unmapped,185,UNMAPPED_LOCAL_SOURCE,preaug,E:\甲劈微循环\data\血管数据集\分类数据集\扩充之前\images\185.jpg,locked,,,recovered_archive1/65,CAPorg7.jpg,61.7,124.79,311.8,0.4944,0.1979,,1,1
unmapped,186,UNMAPPED_LOCAL_SOURCE,preaug,E:\甲劈微循环\data\血管数据集\分类数据集\扩充之前\images\186.jpg,locked,,,recovered_archive1/65,CAPorg8.jpg,252.06,271.01,274.5,0.9301,0.9183,,0,0
unmapped,187,UNMAPPED_LOCAL_SOURCE,preaug,E:\甲劈微循环\data\血管数据集\分类数据集\扩充之前\images\187.jpg,locked,,,recovered_archive1/73,CAPorg8.jpg,858.51,1013.82,1013.82,0.8468,0.8468,,0,0
unmapped,188,UNMAPPED_LOCAL_SOURCE,preaug,E:\甲劈微循环\data\血管数据集\分类数据集\扩充之前\images\188.jpg,locked,,,recovered_archive2/192,CAPorg6.jpg,268.22,401.72,568.33,0.6677,0.4719,,1,1
unmapped,189,UNMAPPED_LOCAL_SOURCE,preaug,E:\甲劈微循环\data\血管数据集\分类数据集\扩充之前\images\189.jpg,locked,,,recovered_archive2/192,CAPorg10.jpg,419.1,451.35,612.69,0.9285,0.684,,0,1
unmapped,191,UNMAPPED_LOCAL_SOURCE,preaug,E:\甲劈微循环\data\血管数据集\分类数据集\扩充之前\images\191.jpg,locked,,,recovered_archive2/192,CAPorg5.jpg,452.06,461.5,583.67,0.9795,0.7745,,0,1
unmapped,192,UNMAPPED_LOCAL_SOURCE,preaug,E:\甲劈微循环\data\血管数据集\分类数据集\扩充之前\images\192.jpg,locked,,,recovered_archive2/192,CAPorg5.jpg,345.99,371.6,449.43,0.9311,0.7698,,0,1
unmapped,193,UNMAPPED_LOCAL_SOURCE,preaug,E:\甲劈微循环\data\血管数据集\分类数据集\扩充之前\images\193.jpg,locked,,,recovered_archive3/236,CAPorg1.jpg,855.65,1199.92,1199.92,0.7131,0.7131,,1,1
unmapped,195,UNMAPPED_LOCAL_SOURCE,preaug,E:\甲劈微循环\data\血管数据集\分类数据集\扩充之前\images\195.jpg,locked,,,recovered_archive1/91,CAPorg5.jpg,728.33,819.29,819.29,0.889,0.889,,0,0
unmapped,197,UNMAPPED_LOCAL_SOURCE,preaug,E:\甲劈微循环\data\血管数据集\分类数据集\扩充之前\images\197.jpg,locked,,,recovered_archive1/79,CAPorg1.jpg,1284.03,1348.73,1348.73,0.952,0.952,,0,0
unmapped,198,UNMAPPED_LOCAL_SOURCE,preaug,E:\甲劈微循环\data\血管数据集\分类数据集\扩充之前\images\198.jpg,locked,,,recovered_archive3/244,CAPorg2.jpg,437.82,523.43,523.43,0.8365,0.8365,,0,0
unmapped,199,UNMAPPED_LOCAL_SOURCE,preaug,E:\甲劈微循环\data\血管数据集\分类数据集\扩充之前\images\199.jpg,locked,,,recovered_archive2/190,CAPorg2.jpg,1369.5,1440.6,1440.6,0.9506,0.9506,,0,0
unmapped,202,UNMAPPED_LOCAL_SOURCE,preaug,E:\甲劈微循环\data\血管数据集\分类数据集\扩充之前\images\202.jpg,locked,,,recovered_archive1/88,CAPorg5.jpg,545.01,701.94,701.94,0.7764,0.7764,,1,1
unmapped,203,UNMAPPED_LOCAL_SOURCE,preaug,E:\甲劈微循环\data\血管数据集\分类数据集\扩充之前\images\203.jpg,locked,,,recovered_archive1/39,CAPorg6.jpg,474.83,502.28,502.28,0.9453,0.9453,,0,0
unmapped,204,UNMAPPED_LOCAL_SOURCE,preaug,E:\甲劈微循环\data\血管数据集\分类数据集\扩充之前\images\204.jpg,locked,,,recovered_archive3/258,CAPorg3.jpg,1128.14,1160.62,1160.62,0.972,0.972,,0,0
unmapped,205,UNMAPPED_LOCAL_SOURCE,preaug,E:\甲劈微循环\data\血管数据集\分类数据集\扩充之前\images\205.jpg,locked,,,recovered_archive1/55,CAPorg2.jpg,772.4,891.0,891.0,0.8669,0.8669,,0,0
unmapped,206,UNMAPPED_LOCAL_SOURCE,preaug,E:\甲劈微循环\data\血管数据集\分类数据集\扩充之前\images\206.jpg,locked,,,recovered_archive3/205,CAPorg3.jpg,897.42,993.38,993.38,0.9034,0.9034,,0,0
unmapped,207,UNMAPPED_LOCAL_SOURCE,preaug,E:\甲劈微循环\data\血管数据集\分类数据集\扩充之前\images\207.jpg,locked,,,recovered_archive2/192,CAPorg7.jpg,320.14,349.93,440.36,0.9149,0.727,,0,1
unmapped,208,UNMAPPED_LOCAL_SOURCE,preaug,E:\甲劈微循环\data\血管数据集\分类数据集\扩充之前\images\208.jpg,locked,,,recovered_archive2/193,CAPorg4.jpg,720.88,737.84,737.84,0.977,0.977,,0,0
unmapped,209,UNMAPPED_LOCAL_SOURCE,preaug,E:\甲劈微循环\data\血管数据集\分类数据集\扩充之前\images\209.jpg,locked,,,recovered_archive2/185,CAPorg2.jpg,411.94,446.68,446.68,0.9222,0.9222,,0,0
unmapped,210,UNMAPPED_LOCAL_SOURCE,preaug,E:\甲劈微循环\data\血管数据集\分类数据集\扩充之前\images\210.jpg,locked,,,recovered_archive1/88,CAPorg4.jpg,1077.85,1121.69,1121.69,0.9609,0.9609,,0,0
unmapped,211,UNMAPPED_LOCAL_SOURCE,preaug,E:\甲劈微循环\data\血管数据集\分类数据集\扩充之前\images\211.jpg,locked,,,recovered_archive1/79,CAPorg4.jpg,650.73,764.6,920.71,0.8511,0.7068,,0,1
unmapped,212,UNMAPPED_LOCAL_SOURCE,preaug,E:\甲劈微循环\data\血管数据集\分类数据集\扩充之前\images\212.jpg,locked,,,recovered_archive3/258,CAPorg7.jpg,1267.49,1308.11,1419.36,0.9689,0.893,,0,0
unmapped,213,UNMAPPED_LOCAL_SOURCE,preaug,E:\甲劈微循环\data\血管数据集\分类数据集\扩充之前\images\213.jpg,locked,,,recovered_archive2/102,CAPorg8.jpg,940.05,954.41,954.41,0.985,0.985,,0,0
unmapped,215,UNMAPPED_LOCAL_SOURCE,preaug,E:\甲劈微循环\data\血管数据集\分类数据集\扩充之前\images\215.jpg,locked,,,recovered_archive2/102,CAPorg7.jpg,846.06,1068.12,1191.21,0.7921,0.7103,,1,1
unmapped,216,UNMAPPED_LOCAL_SOURCE,preaug,E:\甲劈微循环\data\血管数据集\分类数据集\扩充之前\images\216.jpg,locked,,,recovered_archive2/102,CAPorg8.jpg,729.07,748.27,806.98,0.9743,0.9034,,0,0
unmapped,217,UNMAPPED_LOCAL_SOURCE,preaug,E:\甲劈微循环\data\血管数据集\分类数据集\扩充之前\images\217.jpg,locked,,,recovered_archive3/255,CAPorg2.jpg,690.76,784.1,784.1,0.881,0.881,,0,0
unmapped,218,UNMAPPED_LOCAL_SOURCE,preaug,E:\甲劈微循环\data\血管数据集\分类数据集\扩充之前\images\218.jpg,locked,,,recovered_archive1/55,CAPorg7.jpg,2136.76,2306.07,2306.07,0.9266,0.9266,,0,0
unmapped,219,UNMAPPED_LOCAL_SOURCE,preaug,E:\甲劈微循环\data\血管数据集\分类数据集\扩充之前\images\219.jpg,locked,,,recovered_archive1/79,CAPorg1.jpg,894.17,949.72,949.72,0.9415,0.9415,,0,0
unmapped,220,UNMAPPED_LOCAL_SOURCE,preaug,E:\甲劈微循环\data\血管数据集\分类数据集\扩充之前\images\220.jpg,locked,,,recovered_archive2/190,CAPorg5.jpg,1735.1,1829.73,1829.73,0.9483,0.9483,,0,0
unmapped,221,UNMAPPED_LOCAL_SOURCE,preaug,E:\甲劈微循环\data\血管数据集\分类数据集\扩充之前\images\221.jpg,locked,,,recovered_archive2/156,CAPorg3.jpg,658.93,743.21,743.21,0.8866,0.8866,,0,0
unmapped,222,UNMAPPED_LOCAL_SOURCE,preaug,E:\甲劈微循环\data\血管数据集\分类数据集\扩充之前\images\222.jpg,locked,,,recovered_archive2/156,CAPorg3.jpg,649.96,873.15,896.53,0.7444,0.725,,1,1
unmapped,223,UNMAPPED_LOCAL_SOURCE,preaug,E:\甲劈微循环\data\血管数据集\分类数据集\扩充之前\images\223.jpg,locked,,,recovered_archive3/258,CAPorg4.jpg,433.64,475.55,486.05,0.9119,0.8922,,0,0
unmapped,225,UNMAPPED_LOCAL_SOURCE,preaug,E:\甲劈微循环\data\血管数据集\分类数据集\扩充之前\images\225.jpg,locked,,,recovered_archive3/258,CAPorg7.jpg,377.57,407.41,407.41,0.9268,0.9268,,0,0
unmapped,226,UNMAPPED_LOCAL_SOURCE,preaug,E:\甲劈微循环\data\血管数据集\分类数据集\扩充之前\images\226.jpg,locked,,,recovered_archive3/244,CAPorg1.jpg,1373.29,1460.33,1460.33,0.9404,0.9404,,0,0
unmapped,227,UNMAPPED_LOCAL_SOURCE,preaug,E:\甲劈微循环\data\血管数据集\分类数据集\扩充之前\images\227.jpg,locked,,,recovered_archive1/91,CAPorg5.jpg,644.17,671.9,671.9,0.9587,0.9587,,0,0
unmapped,228,UNMAPPED_LOCAL_SOURCE,preaug,E:\甲劈微循环\data\血管数据集\分类数据集\扩充之前\images\228.jpg,locked,,,recovered_archive1/39,CAPorg5.jpg,257.5,309.09,309.09,0.8331,0.8331,,0,0
unmapped,229,UNMAPPED_LOCAL_SOURCE,preaug,E:\甲劈微循环\data\血管数据集\分类数据集\扩充之前\images\229.jpg,locked,,,recovered_archive1/77,CAPorg4.jpg,0.09,458.66,458.66,0.0002,0.0002,,1,1
unmapped,230,UNMAPPED_LOCAL_SOURCE,preaug,E:\甲劈微循环\data\血管数据集\分类数据集\扩充之前\images\230.jpg,locked,,,recovered_archive1/23,CAPorg3.jpg,0.03,248.09,248.09,0.0001,0.0001,,1,1
unmapped,231,UNMAPPED_LOCAL_SOURCE,preaug,E:\甲劈微循环\data\血管数据集\分类数据集\扩充之前\images\231.jpg,locked,,,recovered_archive2/140,CAPorg9.jpg,452.36,486.43,515.45,0.93,0.8776,,0,0
unmapped,232,UNMAPPED_LOCAL_SOURCE,preaug,E:\甲劈微循环\data\血管数据集\分类数据集\扩充之前\images\232.jpg,locked,,,recovered_archive2/196,CAPorg6.jpg,383.97,483.4,483.4,0.7943,0.7943,,1,1
unmapped,233,UNMAPPED_LOCAL_SOURCE,preaug,E:\甲劈微循环\data\血管数据集\分类数据集\扩充之前\images\233.jpg,locked,,,recovered_archive3/255,CAPorg4.jpg,387.07,433.9,433.9,0.8921,0.8921,,0,0
unmapped,234,UNMAPPED_LOCAL_SOURCE,preaug,E:\甲劈微循环\data\血管数据集\分类数据集\扩充之前\images\234.jpg,locked,,,recovered_archive1/91,CAPorg5.jpg,757.72,817.06,817.06,0.9274,0.9274,,0,0
unmapped,235,UNMAPPED_LOCAL_SOURCE,preaug,E:\甲劈微循环\data\血管数据集\分类数据集\扩充之前\images\235.jpg,locked,,,recovered_archive1/55,CAPorg7.jpg,0.06,1690.04,1693.15,0.0,0.0,,1,1
unmapped,236,UNMAPPED_LOCAL_SOURCE,preaug,E:\甲劈微循环\data\血管数据集\分类数据集\扩充之前\images\236.jpg,locked,,,recovered_archive2/196,CAPorg6.jpg,775.86,785.03,785.03,0.9883,0.9883,,0,0
unmapped,237,UNMAPPED_LOCAL_SOURCE,preaug,E:\甲劈微循环\data\血管数据集\分类数据集\扩充之前\images\237.jpg,locked,,,recovered_archive2/156,CAPorg5.jpg,787.43,847.61,847.61,0.929,0.929,,0,0
unmapped,239,UNMAPPED_LOCAL_SOURCE,preaug,E:\甲劈微循环\data\血管数据集\分类数据集\扩充之前\images\239.jpg,locked,,,recovered_archive2/196,CAPorg6.jpg,769.92,938.51,938.51,0.8204,0.8204,,0,0
unmapped,240,UNMAPPED_LOCAL_SOURCE,preaug,E:\甲劈微循环\data\血管数据集\分类数据集\扩充之前\images\240.jpg,locked,,,recovered_archive1/88,CAPorg2.jpg,995.71,1136.88,1136.88,0.8758,0.8758,,0,0
unmapped,241,UNMAPPED_LOCAL_SOURCE,preaug,E:\甲劈微循环\data\血管数据集\分类数据集\扩充之前\images\241.jpg,locked,,,recovered_archive2/185,CAPorg4.jpg,613.21,647.61,684.56,0.9469,0.8958,,0,0
unmapped,242,UNMAPPED_LOCAL_SOURCE,preaug,E:\甲劈微循环\data\血管数据集\分类数据集\扩充之前\images\242.jpg,locked,,,recovered_archive2/196,CAPorg6.jpg,349.32,475.76,475.76,0.7342,0.7342,,1,1
unmapped,243,UNMAPPED_LOCAL_SOURCE,preaug,E:\甲劈微循环\data\血管数据集\分类数据集\扩充之前\images\243.jpg,locked,,,recovered_archive2/140,CAPorg11.jpg,437.7,485.8,505.06,0.901,0.8666,,0,0
unmapped,244,UNMAPPED_LOCAL_SOURCE,preaug,E:\甲劈微循环\data\血管数据集\分类数据集\扩充之前\images\244.jpg,locked,,,recovered_archive3/244,CAPorg3.jpg,508.76,576.48,623.33,0.8825,0.8162,,0,0
unmapped,245,UNMAPPED_LOCAL_SOURCE,preaug,E:\甲劈微循环\data\血管数据集\分类数据集\扩充之前\images\245.jpg,locked,,,recovered_archive1/39,CAPorg5.jpg,358.34,369.7,369.7,0.9693,0.9693,,0,0
unmapped,246,UNMAPPED_LOCAL_SOURCE,preaug,E:\甲劈微循环\data\血管数据集\分类数据集\扩充之前\images\246.jpg,locked,,,recovered_archive3/258,CAPorg8.jpg,1259.53,1370.64,1370.64,0.9189,0.9189,,0,0
unmapped,247,UNMAPPED_LOCAL_SOURCE,preaug,E:\甲劈微循环\data\血管数据集\分类数据集\扩充之前\images\247.jpg,locked,,,recovered_archive2/157,CAPorg7.jpg,399.49,429.42,453.91,0.9303,0.8801,,0,0
unmapped,248,UNMAPPED_LOCAL_SOURCE,preaug,E:\甲劈微循环\data\血管数据集\分类数据集\扩充之前\images\248.jpg,locked,,,recovered_archive2/177,CAPorg1.jpg,230.79,361.76,361.76,0.638,0.638,,1,1
unmapped,253,UNMAPPED_LOCAL_SOURCE,preaug,E:\甲劈微循环\data\血管数据集\分类数据集\扩充之前\images\253.jpg,locked,,,recovered_archive1/39,CAPorg4.jpg,272.86,287.17,287.17,0.9502,0.9502,,0,0
unmapped,254,UNMAPPED_LOCAL_SOURCE,preaug,E:\甲劈微循环\data\血管数据集\分类数据集\扩充之前\images\254.jpg,locked,,,recovered_archive1/65,CAPorg4.jpg,1266.43,1297.88,1297.88,0.9758,0.9758,,0,0
unmapped,257,UNMAPPED_LOCAL_SOURCE,preaug,E:\甲劈微循环\data\血管数据集\分类数据集\扩充之前\images\257.jpg,locked,,,recovered_archive1/55,CAPorg8.jpg,0.1,520.02,640.54,0.0002,0.0002,,1,1
unmapped,268,UNMAPPED_LOCAL_SOURCE,preaug,E:\甲劈微循环\data\血管数据集\分类数据集\扩充之前\images\268.jpg,locked,,,recovered_archive2/140,CAPorg2.jpg,233.13,270.89,360.99,0.8606,0.6458,,0,1
unmapped,271,UNMAPPED_LOCAL_SOURCE,preaug,E:\甲劈微循环\data\血管数据集\分类数据集\扩充之前\images\271.jpg,locked,,,recovered_archive2/196,CAPorg6.jpg,534.22,570.56,570.56,0.9363,0.9363,,0,0
unmapped,275,UNMAPPED_LOCAL_SOURCE,preaug,E:\甲劈微循环\data\血管数据集\分类数据集\扩充之前\images\275.jpg,locked,,,recovered_archive3/203,CAPorg2.jpg,352.51,409.14,546.12,0.8616,0.6455,,0,1
unmapped,276,UNMAPPED_LOCAL_SOURCE,preaug,E:\甲劈微循环\data\血管数据集\分类数据集\扩充之前\images\276.jpg,locked,,,recovered_archive2/193,CAPorg1.jpg,1103.92,1189.11,1189.11,0.9284,0.9284,,0,0
unmapped,279,UNMAPPED_LOCAL_SOURCE,preaug,E:\甲劈微循环\data\血管数据集\分类数据集\扩充之前\images\279.jpg,locked,,,recovered_archive3/244,CAPorg5.jpg,325.71,337.8,337.8,0.9642,0.9642,,0,0
unmapped,284,UNMAPPED_LOCAL_SOURCE,preaug,E:\甲劈微循环\data\血管数据集\分类数据集\扩充之前\images\284.jpg,locked,,,recovered_archive1/39,CAPorg5.jpg,813.84,824.61,824.61,0.9869,0.9869,,0,0
unmapped,290,UNMAPPED_LOCAL_SOURCE,preaug,E:\甲劈微循环\data\血管数据集\分类数据集\扩充之前\images\290.jpg,locked,,,recovered_archive2/157,CAPorg9.jpg,1123.97,1133.11,1259.74,0.9919,0.8922,,0,0
unmapped,295,UNMAPPED_LOCAL_SOURCE,preaug,E:\甲劈微循环\data\血管数据集\分类数据集\扩充之前\images\295.jpg,locked,,,recovered_archive3/230,CAPorg6.jpg,978.24,1007.46,1046.08,0.971,0.9352,,0,0
unmapped,296,UNMAPPED_LOCAL_SOURCE,preaug,E:\甲劈微循环\data\血管数据集\分类数据集\扩充之前\images\296.jpg,locked,,,recovered_archive2/196,CAPorg5.jpg,864.17,929.81,929.81,0.9294,0.9294,,0,0
unmapped,297,UNMAPPED_LOCAL_SOURCE,preaug,E:\甲劈微循环\data\血管数据集\分类数据集\扩充之前\images\297.jpg,locked,,,recovered_archive2/140,CAPorg6.jpg,1261.56,1276.89,1357.89,0.988,0.9291,,0,0
unmapped,298,UNMAPPED_LOCAL_SOURCE,preaug,E:\甲劈微循环\data\血管数据集\分类数据集\扩充之前\images\298.jpg,locked,,,recovered_archive2/102,CAPorg7.jpg,609.64,640.72,845.48,0.9515,0.7211,,0,1
unmapped,299,UNMAPPED_LOCAL_SOURCE,preaug,E:\甲劈微循环\data\血管数据集\分类数据集\扩充之前\images\299.jpg,locked,,,recovered_archive3/255,CAPorg3.jpg,204.95,229.19,229.19,0.8942,0.8942,,0,0
unmapped,301,UNMAPPED_LOCAL_SOURCE,preaug,E:\甲劈微循环\data\血管数据集\分类数据集\扩充之前\images\301.jpg,locked,,,recovered_archive3/258,CAPorg8.jpg,384.39,385.13,385.13,0.9981,0.9981,,0,0
unmapped,302,UNMAPPED_LOCAL_SOURCE,preaug,E:\甲劈微循环\data\血管数据集\分类数据集\扩充之前\images\302.jpg,locked,,,recovered_archive2/102,CAPorg7.jpg,1020.36,1044.7,1044.7,0.9767,0.9767,,0,0
unmapped,303,UNMAPPED_LOCAL_SOURCE,preaug,E:\甲劈微循环\data\血管数据集\分类数据集\扩充之前\images\303.jpg,locked,,,recovered_archive2/185,CAPorg3.jpg,398.51,458.42,458.42,0.8693,0.8693,,0,0
unmapped,305,UNMAPPED_LOCAL_SOURCE,preaug,E:\甲劈微循环\data\血管数据集\分类数据集\扩充之前\images\305.jpg,locked,,,recovered_archive2/182,CAPorg1.jpg,1012.62,1243.81,1243.81,0.8141,0.8141,,0,0
unmapped,306,UNMAPPED_LOCAL_SOURCE,preaug,E:\甲劈微循环\data\血管数据集\分类数据集\扩充之前\images\306.jpg,locked,,,recovered_archive2/192,CAPorg7.jpg,289.24,339.16,430.23,0.8528,0.6723,,0,1
unmapped,307,UNMAPPED_LOCAL_SOURCE,preaug,E:\甲劈微循环\data\血管数据集\分类数据集\扩充之前\images\307.jpg,locked,,,recovered_archive1/23,CAPorg4.jpg,277.52,318.59,318.59,0.8711,0.8711,,0,0
unmapped,308,UNMAPPED_LOCAL_SOURCE,preaug,E:\甲劈微循环\data\血管数据集\分类数据集\扩充之前\images\308.jpg,locked,,,recovered_archive3/203,CAPorg10.jpg,389.59,444.85,444.85,0.8758,0.8758,,0,0
unmapped,309,UNMAPPED_LOCAL_SOURCE,preaug,E:\甲劈微循环\data\血管数据集\分类数据集\扩充之前\images\309.jpg,locked,,,recovered_archive3/244,CAPorg1.jpg,581.04,599.24,599.24,0.9696,0.9696,,0,0
unmapped,310,UNMAPPED_LOCAL_SOURCE,preaug,E:\甲劈微循环\data\血管数据集\分类数据集\扩充之前\images\310.jpg,locked,,,recovered_archive1/73,CAPorg3.jpg,629.41,630.51,630.51,0.9983,0.9983,,0,0
unmapped,311,UNMAPPED_LOCAL_SOURCE,preaug,E:\甲劈微循环\data\血管数据集\分类数据集\扩充之前\images\311.jpg,locked,,,recovered_archive3/203,CAPorg3.jpg,942.97,1102.65,1102.65,0.8552,0.8552,,0,0
unmapped,313,UNMAPPED_LOCAL_SOURCE,preaug,E:\甲劈微循环\data\血管数据集\分类数据集\扩充之前\images\313.jpg,locked,,,recovered_archive2/196,CAPorg5.jpg,1029.1,1160.41,1160.41,0.8868,0.8868,,0,0
unmapped,314,UNMAPPED_LOCAL_SOURCE,preaug,E:\甲劈微循环\data\血管数据集\分类数据集\扩充之前\images\314.jpg,locked,,,recovered_archive2/196,CAPorg3.jpg,834.76,931.1,961.49,0.8965,0.8682,,0,0
unmapped,315,UNMAPPED_LOCAL_SOURCE,preaug,E:\甲劈微循环\data\血管数据集\分类数据集\扩充之前\images\315.jpg,locked,,,recovered_archive3/258,CAPorg7.jpg,610.68,629.03,629.03,0.9708,0.9708,,0,0
unmapped,317,UNMAPPED_LOCAL_SOURCE,preaug,E:\甲劈微循环\data\血管数据集\分类数据集\扩充之前\images\317.jpg,locked,,,recovered_archive2/131,CAPorg8.jpg,1332.37,1342.22,1342.22,0.9927,0.9927,,0,0
unmapped,322,UNMAPPED_LOCAL_SOURCE,preaug,E:\甲劈微循环\data\血管数据集\分类数据集\扩充之前\images\322.jpg,locked,,,recovered_archive2/192,CAPorg6.jpg,560.22,618.78,781.97,0.9054,0.7164,,0,1
unmapped,324,UNMAPPED_LOCAL_SOURCE,preaug,E:\甲劈微循环\data\血管数据集\分类数据集\扩充之前\images\324.jpg,locked,,,recovered_archive3/255,CAPorg4.jpg,661.79,691.81,691.81,0.9566,0.9566,,0,0
unmapped,325,UNMAPPED_LOCAL_SOURCE,preaug,E:\甲劈微循环\data\血管数据集\分类数据集\扩充之前\images\325.jpg,locked,,,recovered_archive1/39,CAPorg5.jpg,552.02,595.26,595.26,0.9274,0.9274,,0,0
unmapped,327,UNMAPPED_LOCAL_SOURCE,preaug,E:\甲劈微循环\data\血管数据集\分类数据集\扩充之前\images\327.jpg,locked,,,recovered_archive3/258,CAPorg5.jpg,907.05,929.4,929.4,0.976,0.976,,0,0
unmapped,328,UNMAPPED_LOCAL_SOURCE,preaug,E:\甲劈微循环\data\血管数据集\分类数据集\扩充之前\images\328.jpg,locked,,,recovered_archive2/134,CAPorg5.jpg,432.71,793.38,793.38,0.5454,0.5454,,1,1
unmapped,329,UNMAPPED_LOCAL_SOURCE,preaug,E:\甲劈微循环\data\血管数据集\分类数据集\扩充之前\images\329.jpg,locked,,,recovered_archive3/208,CAPorg1.jpg,451.57,606.86,606.86,0.7441,0.7441,,1,1
unmapped,332,UNMAPPED_LOCAL_SOURCE,preaug,E:\甲劈微循环\data\血管数据集\分类数据集\扩充之前\images\332.jpg,locked,,,recovered_archive2/190,CAPorg2.jpg,841.16,985.72,994.23,0.8533,0.846,,0,0
unmapped,333,UNMAPPED_LOCAL_SOURCE,preaug,E:\甲劈微循环\data\血管数据集\分类数据集\扩充之前\images\333.jpg,locked,,,recovered_archive1/39,CAPorg6.jpg,258.45,306.56,308.6,0.8431,0.8375,,0,0
unmapped,335,UNMAPPED_LOCAL_SOURCE,preaug,E:\甲劈微循环\data\血管数据集\分类数据集\扩充之前\images\335.jpg,locked,,,recovered_archive2/102,CAPorg7.jpg,811.65,825.77,927.77,0.9829,0.8748,,0,0
unmapped,341,UNMAPPED_LOCAL_SOURCE,preaug,E:\甲劈微循环\data\血管数据集\分类数据集\扩充之前\images\341.jpg,locked,,,recovered_archive2/196,CAPorg5.jpg,2228.16,2333.45,2333.45,0.9549,0.9549,,0,0
unmapped,343,UNMAPPED_LOCAL_SOURCE,preaug,E:\甲劈微循环\data\血管数据集\分类数据集\扩充之前\images\343.jpg,locked,,,recovered_archive2/187,CAPorg3.jpg,1418.23,1887.7,1887.7,0.7513,0.7513,,1,1
unmapped,344,UNMAPPED_LOCAL_SOURCE,preaug,E:\甲劈微循环\data\血管数据集\分类数据集\扩充之前\images\344.jpg,locked,,,recovered_archive2/102,CAPorg6.jpg,2027.47,2115.13,2115.13,0.9586,0.9586,,0,0
unmapped,345,UNMAPPED_LOCAL_SOURCE,preaug,E:\甲劈微循环\data\血管数据集\分类数据集\扩充之前\images\345.jpg,locked,,,recovered_archive2/177,CAPorg2.jpg,1182.63,1193.35,1193.35,0.991,0.991,,0,0
unmapped,346,UNMAPPED_LOCAL_SOURCE,preaug,E:\甲劈微循环\data\血管数据集\分类数据集\扩充之前\images\346.jpg,locked,,,recovered_archive3/255,CAPorg4.jpg,530.58,782.15,782.15,0.6784,0.6784,,1,1
unmapped,347,UNMAPPED_LOCAL_SOURCE,preaug,E:\甲劈微循环\data\血管数据集\分类数据集\扩充之前\images\347.jpg,locked,,,recovered_archive1/93,CAPorg3.jpg,2586.59,2883.13,2883.13,0.8971,0.8971,,0,0
unmapped,349,UNMAPPED_LOCAL_SOURCE,preaug,E:\甲劈微循环\data\血管数据集\分类数据集\扩充之前\images\349.jpg,locked,,,recovered_archive2/102,CAPorg7.jpg,878.51,904.83,904.83,0.9709,0.9709,,0,0
unmapped,350,UNMAPPED_LOCAL_SOURCE,preaug,E:\甲劈微循环\data\血管数据集\分类数据集\扩充之前\images\350.jpg,locked,,,recovered_archive2/153,CAPorg6.jpg,418.55,419.51,419.51,0.9977,0.9977,,0,0
unmapped,351,UNMAPPED_LOCAL_SOURCE,preaug,E:\甲劈微循环\data\血管数据集\分类数据集\扩充之前\images\351.jpg,locked,,,recovered_archive2/153,CAPorg2.jpg,1408.53,1494.86,1494.86,0.9422,0.9422,,0,0
unmapped,353,UNMAPPED_LOCAL_SOURCE,preaug,E:\甲劈微循环\data\血管数据集\分类数据集\扩充之前\images\353.jpg,locked,,,recovered_archive1/39,CAPorg6.jpg,319.77,327.87,429.87,0.9753,0.7439,,0,1
unmapped,355,UNMAPPED_LOCAL_SOURCE,preaug,E:\甲劈微循环\data\血管数据集\分类数据集\扩充之前\images\355.jpg,locked,,,recovered_archive2/140,CAPorg12.jpg,378.48,385.66,457.37,0.9814,0.8275,,0,0
unmapped,356,UNMAPPED_LOCAL_SOURCE,preaug,E:\甲劈微循环\data\血管数据集\分类数据集\扩充之前\images\356.jpg,locked,,,recovered_archive1/23,CAPorg2.jpg,334.29,457.41,457.41,0.7308,0.7308,,1,1
unmapped,357,UNMAPPED_LOCAL_SOURCE,preaug,E:\甲劈微循环\data\血管数据集\分类数据集\扩充之前\images\357.jpg,locked,,,recovered_archive1/23,CAPorg2.jpg,604.35,636.88,636.88,0.9489,0.9489,,0,0
unmapped,358,UNMAPPED_LOCAL_SOURCE,preaug,E:\甲劈微循环\data\血管数据集\分类数据集\扩充之前\images\358.jpg,locked,,,recovered_archive3/203,CAPorg2.jpg,449.18,469.72,547.15,0.9563,0.8209,,0,0
unmapped,359,UNMAPPED_LOCAL_SOURCE,preaug,E:\甲劈微循环\data\血管数据集\分类数据集\扩充之前\images\359.jpg,locked,,,recovered_archive3/258,CAPorg8.jpg,509.99,563.7,563.7,0.9047,0.9047,,0,0
unmapped,360,UNMAPPED_LOCAL_SOURCE,preaug,E:\甲劈微循环\data\血管数据集\分类数据集\扩充之前\images\360.jpg,locked,,,recovered_archive2/166,CAPorg16.jpg,223.5,272.81,272.81,0.8192,0.8192,,0,0
unmapped,361,UNMAPPED_LOCAL_SOURCE,preaug,E:\甲劈微循环\data\血管数据集\分类数据集\扩充之前\images\361.jpg,locked,,,recovered_archive2/166,CAPorg14.jpg,295.33,322.07,322.07,0.917,0.917,,0,0
unmapped,362,UNMAPPED_LOCAL_SOURCE,preaug,E:\甲劈微循环\data\血管数据集\分类数据集\扩充之前\images\362.jpg,locked,,,recovered_archive3/219,CAPorg4.jpg,2182.74,2235.55,2259.61,0.9764,0.966,,0,0
unmapped,363,UNMAPPED_LOCAL_SOURCE,preaug,E:\甲劈微循环\data\血管数据集\分类数据集\扩充之前\images\363.jpg,locked,,,recovered_archive3/244,CAPorg5.jpg,347.36,353.86,353.86,0.9816,0.9816,,0,0
unmapped,365,UNMAPPED_LOCAL_SOURCE,preaug,E:\甲劈微循环\data\血管数据集\分类数据集\扩充之前\images\365.jpg,locked,,,recovered_archive1/77,CAPorg1.jpg,973.09,986.35,986.35,0.9866,0.9866,,0,0
unmapped,366,UNMAPPED_LOCAL_SOURCE,preaug,E:\甲劈微循环\data\血管数据集\分类数据集\扩充之前\images\366.jpg,locked,,,recovered_archive2/166,CAPorg19.jpg,338.42,371.72,384.96,0.9104,0.8791,,0,0
unmapped,367,UNMAPPED_LOCAL_SOURCE,preaug,E:\甲劈微循环\data\血管数据集\分类数据集\扩充之前\images\367.jpg,locked,,,recovered_archive2/166,CAPorg16.jpg,219.26,291.29,291.29,0.7527,0.7527,,1,1
unmapped,368,UNMAPPED_LOCAL_SOURCE,preaug,E:\甲劈微循环\data\血管数据集\分类数据集\扩充之前\images\368.jpg,locked,,,recovered_archive1/23,CAPorg2.jpg,593.94,634.72,634.72,0.9358,0.9358,,0,0
unmapped,369,UNMAPPED_LOCAL_SOURCE,preaug,E:\甲劈微循环\data\血管数据集\分类数据集\扩充之前\images\369.jpg,locked,,,recovered_archive1/23,CAPorg2.jpg,480.24,593.83,593.83,0.8087,0.8087,,0,0
unmapped,370,UNMAPPED_LOCAL_SOURCE,preaug,E:\甲劈微循环\data\血管数据集\分类数据集\扩充之前\images\370.jpg,locked,,,recovered_archive2/193,CAPorg9.jpg,1083.36,1185.05,1246.2,0.9142,0.8693,,0,0
unmapped,371,UNMAPPED_LOCAL_SOURCE,preaug,E:\甲劈微循环\data\血管数据集\分类数据集\扩充之前\images\371.jpg,locked,,,recovered_archive3/203,CAPorg6.jpg,414.81,460.36,504.4,0.9011,0.8224,,0,0
unmapped,372,UNMAPPED_LOCAL_SOURCE,preaug,E:\甲劈微循环\data\血管数据集\分类数据集\扩充之前\images\372.jpg,locked,,,recovered_archive2/185,CAPorg1.jpg,70.21,365.27,376.67,0.1922,0.1864,,1,1
unmapped,373,UNMAPPED_LOCAL_SOURCE,preaug,E:\甲劈微循环\data\血管数据集\分类数据集\扩充之前\images\373.jpg,locked,,,recovered_archive3/258,CAPorg4.jpg,409.06,459.61,459.61,0.89,0.89,,0,0
unmapped,374,UNMAPPED_LOCAL_SOURCE,preaug,E:\甲劈微循环\data\血管数据集\分类数据集\扩充之前\images\374.jpg,locked,,,recovered_archive2/185,CAPorg2.jpg,442.68,452.82,452.82,0.9776,0.9776,,0,0
unmapped,375,UNMAPPED_LOCAL_SOURCE,preaug,E:\甲劈微循环\data\血管数据集\分类数据集\扩充之前\images\375.jpg,locked,,,recovered_archive3/205,CAPorg7.jpg,543.1,556.48,556.48,0.9759,0.9759,,0,0
unmapped,378,UNMAPPED_LOCAL_SOURCE,preaug,E:\甲劈微循环\data\血管数据集\分类数据集\扩充之前\images\378.jpg,locked,,,recovered_archive2/187,CAPorg5.jpg,2824.38,3528.06,3528.06,0.8005,0.8005,,0,0
unmapped,379,UNMAPPED_LOCAL_SOURCE,preaug,E:\甲劈微循环\data\血管数据集\分类数据集\扩充之前\images\379.jpg,locked,,,recovered_archive2/193,CAPorg5.jpg,711.6,733.51,1077.31,0.9701,0.6605,,0,1
unmapped,380,UNMAPPED_LOCAL_SOURCE,preaug,E:\甲劈微循环\data\血管数据集\分类数据集\扩充之前\images\380.jpg,locked,,,recovered_archive2/192,CAPorg2.jpg,1028.66,1198.59,1198.59,0.8582,0.8582,,0,0
unmapped,381,UNMAPPED_LOCAL_SOURCE,preaug,E:\甲劈微循环\data\血管数据集\分类数据集\扩充之前\images\381.jpg,locked,,,recovered_archive3/203,CAPorg2.jpg,430.28,467.56,581.55,0.9203,0.7399,,0,1
unmapped,382,UNMAPPED_LOCAL_SOURCE,preaug,E:\甲劈微循环\data\血管数据集\分类数据集\扩充之前\images\382.jpg,locked,,,recovered_archive2/193,CAPorg6.jpg,1114.11,1186.2,1186.2,0.9392,0.9392,,0,0
unmapped,384,UNMAPPED_LOCAL_SOURCE,preaug,E:\甲劈微循环\data\血管数据集\分类数据集\扩充之前\images\384.jpg,locked,,,recovered_archive2/153,CAPorg2.jpg,1656.47,1818.24,1818.24,0.911,0.911,,0,0
unmapped,390,UNMAPPED_LOCAL_SOURCE,preaug,E:\甲劈微循环\data\血管数据集\分类数据集\扩充之前\images\390.jpg,locked,,,recovered_archive2/102,CAPorg7.jpg,820.64,821.16,962.49,0.9994,0.8526,,0,0
unmapped,391,UNMAPPED_LOCAL_SOURCE,preaug,E:\甲劈微循环\data\血管数据集\分类数据集\扩充之前\images\391.jpg,locked,,,recovered_archive1/73,CAPorg2.jpg,2000.32,2016.05,2016.05,0.9922,0.9922,,0,0
unmapped,392,UNMAPPED_LOCAL_SOURCE,preaug,E:\甲劈微循环\data\血管数据集\分类数据集\扩充之前\images\392.jpg,locked,,,recovered_archive1/36,CAPorg3.jpg,1061.17,1258.96,1258.96,0.8429,0.8429,,0,0
unmapped,393,UNMAPPED_LOCAL_SOURCE,preaug,E:\甲劈微循环\data\血管数据集\分类数据集\扩充之前\images\393.jpg,locked,,,recovered_archive3/236,CAPorg4.jpg,1059.03,1138.7,1138.7,0.93,0.93,,0,0
unmapped,394,UNMAPPED_LOCAL_SOURCE,preaug,E:\甲劈微循环\data\血管数据集\分类数据集\扩充之前\images\394.jpg,locked,,,recovered_archive3/255,CAPorg3.jpg,341.26,407.27,407.27,0.8379,0.8379,,0,0
unmapped,395,UNMAPPED_LOCAL_SOURCE,preaug,E:\甲劈微循环\data\血管数据集\分类数据集\扩充之前\images\395.jpg,locked,,,recovered_archive3/236,CAPorg4.jpg,837.56,1098.14,1098.14,0.7627,0.7627,,1,1
unmapped,396,UNMAPPED_LOCAL_SOURCE,preaug,E:\甲劈微循环\data\血管数据集\分类数据集\扩充之前\images\396.jpg,locked,,,recovered_archive2/102,CAPorg8.jpg,701.65,811.02,1089.36,0.8652,0.6441,,0,1
unmapped,397,UNMAPPED_LOCAL_SOURCE,preaug,E:\甲劈微循环\data\血管数据集\分类数据集\扩充之前\images\397.jpg,locked,,,recovered_archive2/196,CAPorg6.jpg,661.93,705.31,705.31,0.9385,0.9385,,0,0
unmapped,398,UNMAPPED_LOCAL_SOURCE,preaug,E:\甲劈微循环\data\血管数据集\分类数据集\扩充之前\images\398.jpg,locked,,,recovered_archive3/205,CAPorg3.jpg,848.14,879.45,936.88,0.9644,0.9053,,0,0
unmapped,399,UNMAPPED_LOCAL_SOURCE,preaug,E:\甲劈微循环\data\血管数据集\分类数据集\扩充之前\images\399.jpg,locked,,,recovered_archive2/192,CAPorg2.jpg,1611.4,1750.03,1750.03,0.9208,0.9208,,0,0
unmapped,401,UNMAPPED_LOCAL_SOURCE,preaug,E:\甲劈微循环\data\血管数据集\分类数据集\扩充之前\images\401.jpg,locked,,,recovered_archive2/157,CAPorg6.jpg,558.88,693.31,693.31,0.8061,0.8061,,0,0
unmapped,402,UNMAPPED_LOCAL_SOURCE,preaug,E:\甲劈微循环\data\血管数据集\分类数据集\扩充之前\images\402.jpg,locked,,,recovered_archive2/140,CAPorg1.jpg,717.56,769.59,777.55,0.9324,0.9229,,0,0
unmapped,404,UNMAPPED_LOCAL_SOURCE,preaug,E:\甲劈微循环\data\血管数据集\分类数据集\扩充之前\images\404.jpg,locked,,,recovered_archive2/196,CAPorg6.jpg,567.65,598.89,598.89,0.9478,0.9478,,0,0
unmapped,405,UNMAPPED_LOCAL_SOURCE,preaug,E:\甲劈微循环\data\血管数据集\分类数据集\扩充之前\images\405.jpg,locked,,,recovered_archive2/177,CAPorg2.jpg,209.9,221.97,221.97,0.9456,0.9456,,0,0
unmapped,406,UNMAPPED_LOCAL_SOURCE,preaug,E:\甲劈微循环\data\血管数据集\分类数据集\扩充之前\images\406.jpg,locked,,,recovered_archive2/140,CAPorg13.jpg,640.9,643.64,719.74,0.9957,0.8905,,0,0
unmapped,407,UNMAPPED_LOCAL_SOURCE,preaug,E:\甲劈微循环\data\血管数据集\分类数据集\扩充之前\images\407.jpg,locked,,,recovered_archive2/102,CAPorg3.jpg,1125.52,1320.81,1328.89,0.8521,0.847,,0,0
unmapped,409,UNMAPPED_LOCAL_SOURCE,preaug,E:\甲劈微循环\data\血管数据集\分类数据集\扩充之前\images\409.jpg,locked,,,recovered_archive3/244,CAPorg5.jpg,340.7,351.22,390.73,0.97,0.8719,,0,0
unmapped,410,UNMAPPED_LOCAL_SOURCE,preaug,E:\甲劈微循环\data\血管数据集\分类数据集\扩充之前\images\410.jpg,locked,,,recovered_archive3/203,CAPorg5.jpg,1064.3,1086.68,1086.68,0.9794,0.9794,,0,0
unmapped,412,UNMAPPED_LOCAL_SOURCE,preaug,E:\甲劈微循环\data\血管数据集\分类数据集\扩充之前\images\412.jpg,locked,,,recovered_archive2/192,CAPorg2.jpg,759.56,919.24,919.24,0.8263,0.8263,,0,0
unmapped,413,UNMAPPED_LOCAL_SOURCE,preaug,E:\甲劈微循环\data\血管数据集\分类数据集\扩充之前\images\413.jpg,locked,,,recovered_archive2/102,CAPorg6.jpg,903.41,943.81,1004.15,0.9572,0.8997,,0,0
unmapped,414,UNMAPPED_LOCAL_SOURCE,preaug,E:\甲劈微循环\data\血管数据集\分类数据集\扩充之前\images\414.jpg,locked,,,recovered_archive2/102,CAPorg8.jpg,884.04,966.18,1034.39,0.915,0.8547,,0,0
unmapped,415,UNMAPPED_LOCAL_SOURCE,preaug,E:\甲劈微循环\data\血管数据集\分类数据集\扩充之前\images\415.jpg,locked,,,recovered_archive3/203,CAPorg4.jpg,646.86,702.67,702.67,0.9206,0.9206,,0,0
unmapped,416,UNMAPPED_LOCAL_SOURCE,preaug,E:\甲劈微循环\data\血管数据集\分类数据集\扩充之前\images\416.jpg,locked,,,recovered_archive2/185,CAPorg2.jpg,652.03,673.58,673.58,0.968,0.968,,0,0
unmapped,417,UNMAPPED_LOCAL_SOURCE,preaug,E:\甲劈微循环\data\血管数据集\分类数据集\扩充之前\images\417.jpg,locked,,,recovered_archive3/219,CAPorg7.jpg,652.22,704.01,704.01,0.9264,0.9264,,0,0
unmapped,419,UNMAPPED_LOCAL_SOURCE,preaug,E:\甲劈微循环\data\血管数据集\分类数据集\扩充之前\images\419.jpg,locked,,,recovered_archive3/258,CAPorg4.jpg,874.06,935.46,935.46,0.9344,0.9344,,0,0
unmapped,420,UNMAPPED_LOCAL_SOURCE,preaug,E:\甲劈微循环\data\血管数据集\分类数据集\扩充之前\images\420.jpg,locked,,,recovered_archive2/140,CAPorg12.jpg,701.92,743.76,898.29,0.9437,0.7814,,0,1
unmapped,421,UNMAPPED_LOCAL_SOURCE,preaug,E:\甲劈微循环\data\血管数据集\分类数据集\扩充之前\images\421.jpg,locked,,,recovered_archive2/140,CAPorg1.jpg,384.82,460.89,460.92,0.835,0.8349,,0,0
unmapped,422,UNMAPPED_LOCAL_SOURCE,preaug,E:\甲劈微循环\data\血管数据集\分类数据集\扩充之前\images\422.jpg,locked,,,recovered_archive2/140,CAPorg1.jpg,984.56,1012.28,1089.36,0.9726,0.9038,,0,0
unmapped,424,UNMAPPED_LOCAL_SOURCE,preaug,E:\甲劈微循环\data\血管数据集\分类数据集\扩充之前\images\424.jpg,locked,,,recovered_archive2/157,CAPorg7.jpg,417.01,430.04,430.04,0.9697,0.9697,,0,0
unmapped,425,UNMAPPED_LOCAL_SOURCE,preaug,E:\甲劈微循环\data\血管数据集\分类数据集\扩充之前\images\425.jpg,locked,,,recovered_archive3/255,CAPorg4.jpg,583.4,663.42,663.42,0.8794,0.8794,,0,0
unmapped,426,UNMAPPED_LOCAL_SOURCE,preaug,E:\甲劈微循环\data\血管数据集\分类数据集\扩充之前\images\426.jpg,locked,,,recovered_archive2/185,CAPorg2.jpg,633.54,646.41,646.41,0.9801,0.9801,,0,0
unmapped,427,UNMAPPED_LOCAL_SOURCE,preaug,E:\甲劈微循环\data\血管数据集\分类数据集\扩充之前\images\427.jpg,locked,,,recovered_archive2/166,CAPorg4.jpg,999.52,1186.98,1186.98,0.8421,0.8421,,0,0
unmapped,428,UNMAPPED_LOCAL_SOURCE,preaug,E:\甲劈微循环\data\血管数据集\分类数据集\扩充之前\images\428.jpg,locked,,,recovered_archive3/249,CAPorg5.jpg,1558.34,1571.1,1923.16,0.9919,0.8103,,0,0
unmapped,429,UNMAPPED_LOCAL_SOURCE,preaug,E:\甲劈微循环\data\血管数据集\分类数据集\扩充之前\images\429.jpg,locked,,,recovered_archive3/203,CAPorg6.jpg,770.04,796.19,796.19,0.9672,0.9672,,0,0
unmapped,430,UNMAPPED_LOCAL_SOURCE,preaug,E:\甲劈微循环\data\血管数据集\分类数据集\扩充之前\images\430.jpg,locked,,,recovered_archive3/219,CAPorg2.jpg,1393.29,1471.9,1471.9,0.9466,0.9466,,0,0
unmapped,431,UNMAPPED_LOCAL_SOURCE,preaug,E:\甲劈微循环\data\血管数据集\分类数据集\扩充之前\images\431.jpg,locked,,,recovered_archive3/203,CAPorg1.jpg,1344.56,1455.19,1455.19,0.924,0.924,,0,0
unmapped,432,UNMAPPED_LOCAL_SOURCE,preaug,E:\甲劈微循环\data\血管数据集\分类数据集\扩充之前\images\432.jpg,locked,,,recovered_archive3/203,CAPorg6.jpg,2110.76,2150.99,2150.99,0.9813,0.9813,,0,0
unmapped,433,UNMAPPED_LOCAL_SOURCE,preaug,E:\甲劈微循环\data\血管数据集\分类数据集\扩充之前\images\433.jpg,locked,,,recovered_archive2/143,CAPorg7.jpg,1675.39,1768.48,1768.48,0.9474,0.9474,,0,0
unmapped,434,UNMAPPED_LOCAL_SOURCE,preaug,E:\甲劈微循环\data\血管数据集\分类数据集\扩充之前\images\434.jpg,locked,,,recovered_archive1/88,CAPorg2.jpg,1267.17,1336.92,1336.92,0.9478,0.9478,,0,0
unmapped,435,UNMAPPED_LOCAL_SOURCE,preaug,E:\甲劈微循环\data\血管数据集\分类数据集\扩充之前\images\435.jpg,locked,,,recovered_archive1/63,CAPorg7.jpg,1250.3,1390.54,1390.54,0.8991,0.8991,,0,0
unmapped,436,UNMAPPED_LOCAL_SOURCE,preaug,E:\甲劈微循环\data\血管数据集\分类数据集\扩充之前\images\436.jpg,locked,,,recovered_archive3/205,CAPorg3.jpg,1604.93,1656.65,1656.65,0.9688,0.9688,,0,0
unmapped,437,UNMAPPED_LOCAL_SOURCE,preaug,E:\甲劈微循环\data\血管数据集\分类数据集\扩充之前\images\437.jpg,locked,,,recovered_archive1/73,CAPorg9.jpg,1872.79,1888.62,1888.62,0.9916,0.9916,,0,0
unmapped,438,UNMAPPED_LOCAL_SOURCE,preaug,E:\甲劈微循环\data\血管数据集\分类数据集\扩充之前\images\438.jpg,locked,,,recovered_archive2/190,CAPorg2.jpg,989.01,1003.03,1003.03,0.986,0.986,,0,0
unmapped,439,UNMAPPED_LOCAL_SOURCE,preaug,E:\甲劈微循环\data\血管数据集\分类数据集\扩充之前\images\439.jpg,locked,,,recovered_archive2/134,CAPorg5.jpg,1607.65,1706.15,1706.15,0.9423,0.9423,,0,0
unmapped,440,UNMAPPED_LOCAL_SOURCE,preaug,E:\甲劈微循环\data\血管数据集\分类数据集\扩充之前\images\440.jpg,locked,,,recovered_archive2/134,CAPorg5.jpg,1017.91,1244.12,1244.12,0.8182,0.8182,,0,0
unmapped,441,UNMAPPED_LOCAL_SOURCE,preaug,E:\甲劈微循环\data\血管数据集\分类数据集\扩充之前\images\441.jpg,locked,,,recovered_archive3/247,CAPorg6.jpg,1117.47,1202.02,1202.02,0.9297,0.9297,,0,0
unmapped,442,UNMAPPED_LOCAL_SOURCE,preaug,E:\甲劈微循环\data\血管数据集\分类数据集\扩充之前\images\442.jpg,locked,,,recovered_archive2/196,CAPorg5.jpg,2143.56,2159.07,2159.07,0.9928,0.9928,,0,0
unmapped,443,UNMAPPED_LOCAL_SOURCE,preaug,E:\甲劈微循环\data\血管数据集\分类数据集\扩充之前\images\443.jpg,locked,,,recovered_archive2/166,CAPorg17.jpg,1206.5,1231.95,1384.28,0.9793,0.8716,,0,0
unmapped,444,UNMAPPED_LOCAL_SOURCE,preaug,E:\甲劈微循环\data\血管数据集\分类数据集\扩充之前\images\444.jpg,locked,,,recovered_archive3/203,CAPorg1.jpg,332.94,414.23,540.93,0.8037,0.6155,,0,1
unmapped,445,UNMAPPED_LOCAL_SOURCE,preaug,E:\甲劈微循环\data\血管数据集\分类数据集\扩充之前\images\445.jpg,locked,,,recovered_archive1/73,CAPorg8.jpg,859.2,994.89,994.89,0.8636,0.8636,,0,0
unmapped,446,UNMAPPED_LOCAL_SOURCE,preaug,E:\甲劈微循环\data\血管数据集\分类数据集\扩充之前\images\446.jpg,locked,,,recovered_archive2/196,CAPorg5.jpg,378.91,690.73,690.73,0.5486,0.5486,,1,1
unmapped,447,UNMAPPED_LOCAL_SOURCE,preaug,E:\甲劈微循环\data\血管数据集\分类数据集\扩充之前\images\447.jpg,locked,,,recovered_archive3/244,CAPorg2.jpg,417.25,540.12,540.12,0.7725,0.7725,,1,1
unmapped,448,UNMAPPED_LOCAL_SOURCE,preaug,E:\甲劈微循环\data\血管数据集\分类数据集\扩充之前\images\448.jpg,locked,,,recovered_archive3/230,CAPorg5.jpg,656.77,792.68,792.68,0.8285,0.8285,,0,0
unmapped,449,UNMAPPED_LOCAL_SOURCE,preaug,E:\甲劈微循环\data\血管数据集\分类数据集\扩充之前\images\449.jpg,locked,,,recovered_archive1/55,CAPorg1.jpg,448.28,564.12,564.12,0.7947,0.7947,,1,1
unmapped,450,UNMAPPED_LOCAL_SOURCE,preaug,E:\甲劈微循环\data\血管数据集\分类数据集\扩充之前\images\450.jpg,locked,,,recovered_archive2/134,CAPorg4.jpg,2133.22,2482.82,2482.82,0.8592,0.8592,,0,0
unmapped,451,UNMAPPED_LOCAL_SOURCE,preaug,E:\甲劈微循环\data\血管数据集\分类数据集\扩充之前\images\451.jpg,locked,,,recovered_archive1/79,CAPorg8.jpg,2478.28,2548.77,2548.77,0.9723,0.9723,,0,0
unmapped,452,UNMAPPED_LOCAL_SOURCE,preaug,E:\甲劈微循环\data\血管数据集\分类数据集\扩充之前\images\452.jpg,locked,,,recovered_archive2/156,CAPorg1.jpg,308.02,677.03,677.03,0.455,0.455,,1,1
unmapped,453,UNMAPPED_LOCAL_SOURCE,preaug,E:\甲劈微循环\data\血管数据集\分类数据集\扩充之前\images\453.jpg,locked,,,recovered_archive2/166,CAPorg11.jpg,642.06,785.72,785.72,0.8172,0.8172,,0,0
unmapped,454,UNMAPPED_LOCAL_SOURCE,preaug,E:\甲劈微循环\data\血管数据集\分类数据集\扩充之前\images\454.jpg,locked,,,recovered_archive2/190,CAPorg2.jpg,189.87,248.32,311.14,0.7646,0.6102,,1,1
unmapped,455,UNMAPPED_LOCAL_SOURCE,preaug,E:\甲劈微循环\data\血管数据集\分类数据集\扩充之前\images\455.jpg,locked,,,recovered_archive2/193,CAPorg6.jpg,1641.89,1675.06,1675.06,0.9802,0.9802,,0,0
unmapped,456,UNMAPPED_LOCAL_SOURCE,preaug,E:\甲劈微循环\data\血管数据集\分类数据集\扩充之前\images\456.jpg,locked,,,recovered_archive3/219,CAPorg7.jpg,713.1,839.45,839.45,0.8495,0.8495,,0,0
unmapped,457,UNMAPPED_LOCAL_SOURCE,preaug,E:\甲劈微循环\data\血管数据集\分类数据集\扩充之前\images\457.jpg,locked,,,recovered_archive3/244,CAPorg2.jpg,249.37,257.67,257.67,0.9678,0.9678,,0,0
unmapped,458,UNMAPPED_LOCAL_SOURCE,preaug,E:\甲劈微循环\data\血管数据集\分类数据集\扩充之前\images\458.jpg,locked,,,recovered_archive2/196,CAPorg5.jpg,455.07,558.38,558.38,0.815,0.815,,0,0
unmapped,459,UNMAPPED_LOCAL_SOURCE,preaug,E:\甲劈微循环\data\血管数据集\分类数据集\扩充之前\images\459.jpg,locked,,,recovered_archive3/258,CAPorg4.jpg,322.71,341.53,341.53,0.9449,0.9449,,0,0
unmapped,460,UNMAPPED_LOCAL_SOURCE,preaug,E:\甲劈微循环\data\血管数据集\分类数据集\扩充之前\images\460.jpg,locked,,,recovered_archive3/244,CAPorg4.jpg,184.0,213.84,231.0,0.8604,0.7965,,0,1
unmapped,461,UNMAPPED_LOCAL_SOURCE,preaug,E:\甲劈微循环\data\血管数据集\分类数据集\扩充之前\images\461.jpg,locked,,,recovered_archive2/196,CAPorg5.jpg,499.11,610.67,675.73,0.8173,0.7386,,0,1
unmapped,462,UNMAPPED_LOCAL_SOURCE,preaug,E:\甲劈微循环\data\血管数据集\分类数据集\扩充之前\images\462.jpg,locked,,,recovered_archive2/190,CAPorg2.jpg,304.36,327.61,327.61,0.929,0.929,,0,0
unmapped,463,UNMAPPED_LOCAL_SOURCE,preaug,E:\甲劈微循环\data\血管数据集\分类数据集\扩充之前\images\463.jpg,locked,,,recovered_archive2/196,CAPorg6.jpg,463.81,500.82,544.16,0.9261,0.8523,,0,0
unmapped,464,UNMAPPED_LOCAL_SOURCE,preaug,E:\甲劈微循环\data\血管数据集\分类数据集\扩充之前\images\464.jpg,locked,,,recovered_archive3/244,CAPorg4.jpg,175.47,213.42,235.58,0.8222,0.7448,,0,1
unmapped,465,UNMAPPED_LOCAL_SOURCE,preaug,E:\甲劈微循环\data\血管数据集\分类数据集\扩充之前\images\465.jpg,locked,,,recovered_archive3/244,CAPorg4.jpg,190.64,251.08,251.08,0.7593,0.7593,,1,1
unmapped,466,UNMAPPED_LOCAL_SOURCE,preaug,E:\甲劈微循环\data\血管数据集\分类数据集\扩充之前\images\466.jpg,locked,,,recovered_archive2/192,CAPorg7.jpg,289.25,289.37,325.78,0.9996,0.8879,,0,0
unmapped,467,UNMAPPED_LOCAL_SOURCE,preaug,E:\甲劈微循环\data\血管数据集\分类数据集\扩充之前\images\467.jpg,locked,,,recovered_archive2/185,CAPorg3.jpg,712.56,717.91,717.91,0.9925,0.9925,,0,0
unmapped,468,UNMAPPED_LOCAL_SOURCE,preaug,E:\甲劈微循环\data\血管数据集\分类数据集\扩充之前\images\468.jpg,locked,,,recovered_archive3/230,CAPorg6.jpg,2445.61,2449.03,2670.07,0.9986,0.9159,,0,0
unmapped,469,UNMAPPED_LOCAL_SOURCE,preaug,E:\甲劈微循环\data\血管数据集\分类数据集\扩充之前\images\469.jpg,locked,,,recovered_archive3/203,CAPorg1.jpg,433.01,456.99,519.78,0.9475,0.8331,,0,0
unmapped,470,UNMAPPED_LOCAL_SOURCE,preaug,E:\甲劈微循环\data\血管数据集\分类数据集\扩充之前\images\470.jpg,locked,,,recovered_archive2/185,CAPorg8.jpg,634.85,657.97,657.97,0.9649,0.9649,,0,0
unmapped,471,UNMAPPED_LOCAL_SOURCE,preaug,E:\甲劈微循环\data\血管数据集\分类数据集\扩充之前\images\471.jpg,locked,,,recovered_archive2/196,CAPorg6.jpg,304.63,320.05,320.05,0.9518,0.9518,,0,0
unmapped,472,UNMAPPED_LOCAL_SOURCE,preaug,E:\甲劈微循环\data\血管数据集\分类数据集\扩充之前\images\472.jpg,locked,,,recovered_archive2/190,CAPorg2.jpg,16.25,284.95,330.37,0.057,0.0492,,1,1
unmapped,473,UNMAPPED_LOCAL_SOURCE,preaug,E:\甲劈微循环\data\血管数据集\分类数据集\扩充之前\images\473.jpg,locked,,,recovered_archive3/205,CAPorg2.jpg,1713.83,1794.48,1794.48,0.9551,0.9551,,0,0
unmapped,474,UNMAPPED_LOCAL_SOURCE,preaug,E:\甲劈微循环\data\血管数据集\分类数据集\扩充之前\images\474.jpg,locked,,,recovered_archive2/196,CAPorg5.jpg,846.31,897.67,897.67,0.9428,0.9428,,0,0
unmapped,475,UNMAPPED_LOCAL_SOURCE,preaug,E:\甲劈微循环\data\血管数据集\分类数据集\扩充之前\images\475.jpg,locked,,,recovered_archive1/63,CAPorg2.jpg,830.81,1230.67,1230.67,0.6751,0.6751,,1,1
unmapped,476,UNMAPPED_LOCAL_SOURCE,preaug,E:\甲劈微循环\data\血管数据集\分类数据集\扩充之前\images\476.jpg,locked,,,recovered_archive3/230,CAPorg4.jpg,548.18,570.87,570.87,0.9603,0.9603,,0,0
unmapped,477,UNMAPPED_LOCAL_SOURCE,preaug,E:\甲劈微循环\data\血管数据集\分类数据集\扩充之前\images\477.jpg,locked,,,recovered_archive2/140,CAPorg10.jpg,590.75,596.26,596.26,0.9908,0.9908,,0,0
unmapped,478,UNMAPPED_LOCAL_SOURCE,preaug,E:\甲劈微循环\data\血管数据集\分类数据集\扩充之前\images\478.jpg,locked,,,recovered_archive1/91,CAPorg5.jpg,542.14,557.85,557.85,0.9718,0.9718,,0,0
unmapped,479,UNMAPPED_LOCAL_SOURCE,preaug,E:\甲劈微循环\data\血管数据集\分类数据集\扩充之前\images\479.jpg,locked,,,recovered_archive2/190,CAPorg2.jpg,477.94,692.13,709.63,0.6905,0.6735,,1,1
unmapped,480,UNMAPPED_LOCAL_SOURCE,preaug,E:\甲劈微循环\data\血管数据集\分类数据集\扩充之前\images\480.jpg,locked,,,recovered_archive2/190,CAPorg2.jpg,939.7,980.98,1004.95,0.9579,0.9351,,0,0
unmapped,481,UNMAPPED_LOCAL_SOURCE,preaug,E:\甲劈微循环\data\血管数据集\分类数据集\扩充之前\images\481.jpg,locked,,,recovered_archive2/185,CAPorg5.jpg,1079.58,1090.79,1103.81,0.9897,0.978,,0,0
unmapped,482,UNMAPPED_LOCAL_SOURCE,preaug,E:\甲劈微循环\data\血管数据集\分类数据集\扩充之前\images\482.jpg,locked,,,recovered_archive1/55,CAPorg3.jpg,801.25,1219.55,1219.55,0.657,0.657,,1,1
unmapped,483,UNMAPPED_LOCAL_SOURCE,preaug,E:\甲劈微循环\data\血管数据集\分类数据集\扩充之前\images\483.jpg,locked,,,recovered_archive2/102,CAPorg1.jpg,1620.46,1692.04,1692.04,0.9577,0.9577,,0,0
unmapped,484,UNMAPPED_LOCAL_SOURCE,preaug,E:\甲劈微循环\data\血管数据集\分类数据集\扩充之前\images\484.jpg,locked,,,recovered_archive2/140,CAPorg13.jpg,1004.09,1016.71,1026.62,0.9876,0.9781,,0,0
unmapped,485,UNMAPPED_LOCAL_SOURCE,preaug,E:\甲劈微循环\data\血管数据集\分类数据集\扩充之前\images\485.jpg,locked,,,recovered_archive3/219,CAPorg7.jpg,985.37,994.82,994.82,0.9905,0.9905,,0,0
unmapped,486,UNMAPPED_LOCAL_SOURCE,preaug,E:\甲劈微循环\data\血管数据集\分类数据集\扩充之前\images\486.jpg,locked,,,recovered_archive1/55,CAPorg2.jpg,1931.99,1967.09,1967.09,0.9822,0.9822,,0,0
unmapped,487,UNMAPPED_LOCAL_SOURCE,preaug,E:\甲劈微循环\data\血管数据集\分类数据集\扩充之前\images\487.jpg,locked,,,recovered_archive3/258,CAPorg4.jpg,304.11,362.75,362.75,0.8383,0.8383,,0,0
unmapped,488,UNMAPPED_LOCAL_SOURCE,preaug,E:\甲劈微循环\data\血管数据集\分类数据集\扩充之前\images\488.jpg,locked,,,recovered_archive2/185,CAPorg2.jpg,588.5,608.19,608.19,0.9676,0.9676,,0,0
unmapped,489,UNMAPPED_LOCAL_SOURCE,preaug,E:\甲劈微循环\data\血管数据集\分类数据集\扩充之前\images\489.jpg,locked,,,recovered_archive2/190,CAPorg3.jpg,180.81,477.43,477.43,0.3787,0.3787,,1,1
unmapped,490,UNMAPPED_LOCAL_SOURCE,preaug,E:\甲劈微循环\data\血管数据集\分类数据集\扩充之前\images\490.jpg,locked,,,recovered_archive2/193,CAPorg4.jpg,1526.46,1594.54,1594.54,0.9573,0.9573,,0,0
unmapped,491,UNMAPPED_LOCAL_SOURCE,preaug,E:\甲劈微循环\data\血管数据集\分类数据集\扩充之前\images\491.jpg,locked,,,recovered_archive2/153,CAPorg3.jpg,269.01,1020.05,1333.88,0.2637,0.2017,,1,1
unmapped,492,UNMAPPED_LOCAL_SOURCE,preaug,E:\甲劈微循环\data\血管数据集\分类数据集\扩充之前\images\492.jpg,locked,,,recovered_archive1/55,CAPorg1.jpg,1727.2,1850.99,1850.99,0.9331,0.9331,,0,0
unmapped,493,UNMAPPED_LOCAL_SOURCE,preaug,E:\甲劈微循环\data\血管数据集\分类数据集\扩充之前\images\493.jpg,locked,,,recovered_archive3/203,CAPorg1.jpg,844.38,852.08,852.08,0.991,0.991,,0,0
unmapped,494,UNMAPPED_LOCAL_SOURCE,preaug,E:\甲劈微循环\data\血管数据集\分类数据集\扩充之前\images\494.jpg,locked,,,recovered_archive2/192,CAPorg1.jpg,2532.04,2805.53,2805.53,0.9025,0.9025,,0,0
unmapped,495,UNMAPPED_LOCAL_SOURCE,preaug,E:\甲劈微循环\data\血管数据集\分类数据集\扩充之前\images\495.jpg,locked,,,recovered_archive2/140,CAPorg14.jpg,494.0,544.09,553.36,0.9079,0.8927,,0,0
unmapped,497,UNMAPPED_LOCAL_SOURCE,preaug,E:\甲劈微循环\data\血管数据集\分类数据集\扩充之前\images\497.jpg,locked,,,recovered_archive3/203,CAPorg2.jpg,273.87,296.01,485.42,0.9252,0.5642,,0,1
unmapped,499,UNMAPPED_LOCAL_SOURCE,preaug,E:\甲劈微循环\data\血管数据集\分类数据集\扩充之前\images\499.jpg,locked,,,recovered_archive2/177,CAPorg3.jpg,13.5,165.87,165.87,0.0814,0.0814,,1,1
unmapped,500,UNMAPPED_LOCAL_SOURCE,preaug,E:\甲劈微循环\data\血管数据集\分类数据集\扩充之前\images\500.jpg,locked,,,recovered_archive3/244,CAPorg3.jpg,909.6,916.02,916.02,0.993,0.993,,0,0
unmapped,501,UNMAPPED_LOCAL_SOURCE,preaug,E:\甲劈微循环\data\血管数据集\分类数据集\扩充之前\images\501.jpg,locked,,,recovered_archive3/258,CAPorg4.jpg,415.03,466.7,466.7,0.8893,0.8893,,0,0
unmapped,504,UNMAPPED_LOCAL_SOURCE,preaug,E:\甲劈微循环\data\血管数据集\分类数据集\扩充之前\images\504.jpg,locked,,,recovered_archive2/166,CAPorg3.jpg,604.08,632.38,632.38,0.9552,0.9552,,0,0
unmapped,506,UNMAPPED_LOCAL_SOURCE,preaug,E:\甲劈微循环\data\血管数据集\分类数据集\扩充之前\images\506.jpg,locked,,,recovered_archive2/134,CAPorg3.jpg,2486.95,2661.12,2661.12,0.9345,0.9345,,0,0
unmapped,508,UNMAPPED_LOCAL_SOURCE,preaug,E:\甲劈微循环\data\血管数据集\分类数据集\扩充之前\images\508.jpg,locked,,,recovered_archive3/255,CAPorg1.jpg,757.92,758.88,758.88,0.9987,0.9987,,0,0
unmapped,510,UNMAPPED_LOCAL_SOURCE,preaug,E:\甲劈微循环\data\血管数据集\分类数据集\扩充之前\images\510.jpg,locked,,,recovered_archive2/192,CAPorg2.jpg,1465.4,1788.97,1788.97,0.8191,0.8191,,0,0
unmapped,512,UNMAPPED_LOCAL_SOURCE,preaug,E:\甲劈微循环\data\血管数据集\分类数据集\扩充之前\images\512.jpg,locked,,,recovered_archive2/185,CAPorg3.jpg,655.12,689.98,701.62,0.9495,0.9337,,0,0
unmapped,514,UNMAPPED_LOCAL_SOURCE,preaug,E:\甲劈微循环\data\血管数据集\分类数据集\扩充之前\images\514.jpg,locked,,,recovered_archive2/192,CAPorg5.jpg,433.46,441.88,526.7,0.9809,0.823,,0,0
unmapped,516,UNMAPPED_LOCAL_SOURCE,preaug,E:\甲劈微循环\data\血管数据集\分类数据集\扩充之前\images\516.jpg,locked,,,recovered_archive1/77,CAPorg4.jpg,157.05,475.72,475.72,0.3301,0.3301,,1,1
unmapped,520,UNMAPPED_LOCAL_SOURCE,preaug,E:\甲劈微循环\data\血管数据集\分类数据集\扩充之前\images\520.jpg,locked,,,recovered_archive2/166,CAPorg17.jpg,563.38,588.52,654.2,0.9573,0.8612,,0,0
unmapped,521,UNMAPPED_LOCAL_SOURCE,preaug,E:\甲劈微循环\data\血管数据集\分类数据集\扩充之前\images\521.jpg,locked,,,recovered_archive3/230,CAPorg4.jpg,524.26,597.71,597.71,0.8771,0.8771,,0,0
unmapped,524,UNMAPPED_LOCAL_SOURCE,preaug,E:\甲劈微循环\data\血管数据集\分类数据集\扩充之前\images\524.jpg,locked,,,recovered_archive3/203,CAPorg4.jpg,810.59,885.47,885.47,0.9154,0.9154,,0,0
unmapped,525,UNMAPPED_LOCAL_SOURCE,preaug,E:\甲劈微循环\data\血管数据集\分类数据集\扩充之前\images\525.jpg,locked,,,recovered_archive3/258,CAPorg7.jpg,564.48,622.51,675.27,0.9068,0.8359,,0,0
unmapped,526,UNMAPPED_LOCAL_SOURCE,preaug,E:\甲劈微循环\data\血管数据集\分类数据集\扩充之前\images\526.jpg,locked,,,recovered_archive3/244,CAPorg3.jpg,412.43,413.09,413.09,0.9984,0.9984,,0,0
unmapped,528,UNMAPPED_LOCAL_SOURCE,preaug,E:\甲劈微循环\data\血管数据集\分类数据集\扩充之前\images\528.jpg,locked,,,recovered_archive2/177,CAPorg2.jpg,66.83,202.75,202.75,0.3296,0.3296,,1,1
unmapped,529,UNMAPPED_LOCAL_SOURCE,preaug,E:\甲劈微循环\data\血管数据集\分类数据集\扩充之前\images\529.jpg,locked,,,recovered_archive3/258,CAPorg3.jpg,856.85,870.6,870.6,0.9842,0.9842,,0,0
unmapped,531,UNMAPPED_LOCAL_SOURCE,preaug,E:\甲劈微循环\data\血管数据集\分类数据集\扩充之前\images\531.jpg,locked,,,recovered_archive3/247,CAPorg4.jpg,1199.44,1758.17,1758.17,0.6822,0.6822,,1,1
unmapped,532,UNMAPPED_LOCAL_SOURCE,preaug,E:\甲劈微循环\data\血管数据集\分类数据集\扩充之前\images\532.jpg,locked,,,recovered_archive1/55,CAPorg1.jpg,2633.13,2652.37,2652.37,0.9927,0.9927,,0,0
unmapped,533,UNMAPPED_LOCAL_SOURCE,preaug,E:\甲劈微循环\data\血管数据集\分类数据集\扩充之前\images\533.jpg,locked,,,recovered_archive2/140,CAPorg14.jpg,1190.96,1224.61,1260.21,0.9725,0.945,,0,0
unmapped,534,UNMAPPED_LOCAL_SOURCE,preaug,E:\甲劈微循环\data\血管数据集\分类数据集\扩充之前\images\534.jpg,locked,,,recovered_archive2/190,CAPorg4.jpg,1289.38,1435.45,1436.55,0.8982,0.8976,,0,0
unmapped,536,UNMAPPED_LOCAL_SOURCE,preaug,E:\甲劈微循环\data\血管数据集\分类数据集\扩充之前\images\536.jpg,locked,,,recovered_archive3/255,CAPorg3.jpg,1407.15,1437.47,1437.47,0.9789,0.9789,,0,0
unmapped,537,UNMAPPED_LOCAL_SOURCE,preaug,E:\甲劈微循环\data\血管数据集\分类数据集\扩充之前\images\537.jpg,locked,,,recovered_archive2/102,CAPorg3.jpg,1738.25,1769.05,1769.05,0.9826,0.9826,,0,0
unmapped,538,UNMAPPED_LOCAL_SOURCE,preaug,E:\甲劈微循环\data\血管数据集\分类数据集\扩充之前\images\538.jpg,locked,,,recovered_archive2/102,CAPorg7.jpg,1972.77,2009.35,2012.13,0.9818,0.9804,,0,0
unmapped,539,UNMAPPED_LOCAL_SOURCE,preaug,E:\甲劈微循环\data\血管数据集\分类数据集\扩充之前\images\539.jpg,locked,,,recovered_archive2/192,CAPorg8.jpg,1721.95,1749.62,1749.62,0.9842,0.9842,,0,0
unmapped,540,UNMAPPED_LOCAL_SOURCE,preaug,E:\甲劈微循环\data\血管数据集\分类数据集\扩充之前\images\540.jpg,locked,,,recovered_archive3/236,CAPorg4.jpg,789.31,1134.19,1134.19,0.6959,0.6959,,1,1
unmapped,541,UNMAPPED_LOCAL_SOURCE,preaug,E:\甲劈微循环\data\血管数据集\分类数据集\扩充之前\images\541.jpg,locked,,,recovered_archive3/203,CAPorg2.jpg,1004.54,1067.5,1182.54,0.941,0.8495,,0,0
unmapped,542,UNMAPPED_LOCAL_SOURCE,preaug,E:\甲劈微循环\data\血管数据集\分类数据集\扩充之前\images\542.jpg,locked,,,recovered_archive2/134,CAPorg5.jpg,401.86,788.14,788.14,0.5099,0.5099,,1,1
unmapped,544,UNMAPPED_LOCAL_SOURCE,preaug,E:\甲劈微循环\data\血管数据集\分类数据集\扩充之前\images\544.jpg,locked,,,recovered_archive2/196,CAPorg6.jpg,314.13,408.38,408.38,0.7692,0.7692,,1,1
unmapped,545,UNMAPPED_LOCAL_SOURCE,preaug,E:\甲劈微循环\data\血管数据集\分类数据集\扩充之前\images\545.jpg,locked,,,recovered_archive3/203,CAPorg2.jpg,412.16,478.96,478.96,0.8605,0.8605,,0,0
unmapped,546,UNMAPPED_LOCAL_SOURCE,preaug,E:\甲劈微循环\data\血管数据集\分类数据集\扩充之前\images\546.jpg,locked,,,recovered_archive1/36,CAPorg5.jpg,1679.75,1798.43,1916.93,0.934,0.8763,,0,0
unmapped,547,UNMAPPED_LOCAL_SOURCE,preaug,E:\甲劈微循环\data\血管数据集\分类数据集\扩充之前\images\547.jpg,locked,,,recovered_archive2/182,CAPorg2.jpg,405.74,429.53,429.53,0.9446,0.9446,,0,0
unmapped,549,UNMAPPED_LOCAL_SOURCE,preaug,E:\甲劈微循环\data\血管数据集\分类数据集\扩充之前\images\549.jpg,locked,,,recovered_archive3/258,CAPorg8.jpg,285.86,382.35,382.35,0.7476,0.7476,,1,1
unmapped,550,UNMAPPED_LOCAL_SOURCE,preaug,E:\甲劈微循环\data\血管数据集\分类数据集\扩充之前\images\550.jpg,locked,,,recovered_archive2/177,CAPorg3.jpg,732.8,763.78,763.78,0.9594,0.9594,,0,0
unmapped,552,UNMAPPED_LOCAL_SOURCE,preaug,E:\甲劈微循环\data\血管数据集\分类数据集\扩充之前\images\552.jpg,locked,,,recovered_archive2/192,CAPorg11.jpg,2388.32,2389.18,2389.18,0.9996,0.9996,,0,0
unmapped,553,UNMAPPED_LOCAL_SOURCE,preaug,E:\甲劈微循环\data\血管数据集\分类数据集\扩充之前\images\553.jpg,locked,,,recovered_archive1/91,CAPorg5.jpg,842.67,921.1,921.1,0.9148,0.9148,,0,0
unmapped,554,UNMAPPED_LOCAL_SOURCE,preaug,E:\甲劈微循环\data\血管数据集\分类数据集\扩充之前\images\554.jpg,locked,,,recovered_archive1/91,CAPorg5.jpg,844.47,844.87,844.87,0.9995,0.9995,,0,0
unmapped,555,UNMAPPED_LOCAL_SOURCE,preaug,E:\甲劈微循环\data\血管数据集\分类数据集\扩充之前\images\555.jpg,locked,,,recovered_archive1/36,CAPorg4.jpg,2032.42,2215.65,2215.65,0.9173,0.9173,,0,0
unmapped,558,UNMAPPED_LOCAL_SOURCE,preaug,E:\甲劈微循环\data\血管数据集\分类数据集\扩充之前\images\558.jpg,locked,,,recovered_archive3/203,CAPorg3.jpg,574.02,613.16,613.16,0.9362,0.9362,,0,0
unmapped,559,UNMAPPED_LOCAL_SOURCE,preaug,E:\甲劈微循环\data\血管数据集\分类数据集\扩充之前\images\559.jpg,locked,,,recovered_archive1/55,CAPorg5.jpg,98.73,531.13,612.09,0.1859,0.1613,,1,1
unmapped,560,UNMAPPED_LOCAL_SOURCE,preaug,E:\甲劈微循环\data\血管数据集\分类数据集\扩充之前\images\560.jpg,locked,,,recovered_archive2/192,CAPorg5.jpg,326.69,364.12,413.38,0.8972,0.7903,,0,1
unmapped,562,UNMAPPED_LOCAL_SOURCE,preaug,E:\甲劈微循环\data\血管数据集\分类数据集\扩充之前\images\562.jpg,locked,,,recovered_archive2/153,CAPorg5.jpg,174.91,1335.3,1335.3,0.131,0.131,,1,1
unmapped,563,UNMAPPED_LOCAL_SOURCE,preaug,E:\甲劈微循环\data\血管数据集\分类数据集\扩充之前\images\563.jpg,locked,,,recovered_archive3/219,CAPorg10.jpg,561.61,869.87,869.87,0.6456,0.6456,,1,1
unmapped,564,UNMAPPED_LOCAL_SOURCE,preaug,E:\甲劈微循环\data\血管数据集\分类数据集\扩充之前\images\564.jpg,locked,,,recovered_archive3/236,CAPorg5.jpg,0.14,1563.2,1563.2,0.0001,0.0001,,1,1
unmapped,565,UNMAPPED_LOCAL_SOURCE,preaug,E:\甲劈微循环\data\血管数据集\分类数据集\扩充之前\images\565.jpg,locked,,,recovered_archive2/156,CAPorg5.jpg,615.02,715.89,715.89,0.8591,0.8591,,0,0
unmapped,566,UNMAPPED_LOCAL_SOURCE,preaug,E:\甲劈微循环\data\血管数据集\分类数据集\扩充之前\images\566.jpg,locked,,,recovered_archive3/203,CAPorg3.jpg,1151.96,1188.87,1244.71,0.969,0.9255,,0,0
unmapped,567,UNMAPPED_LOCAL_SOURCE,preaug,E:\甲劈微循环\data\血管数据集\分类数据集\扩充之前\images\567.jpg,locked,,,recovered_archive3/258,CAPorg8.jpg,666.22,764.86,764.86,0.871,0.871,,0,0
unmapped,568,UNMAPPED_LOCAL_SOURCE,preaug,E:\甲劈微循环\data\血管数据集\分类数据集\扩充之前\images\568.jpg,locked,,,recovered_archive2/102,CAPorg7.jpg,861.51,961.25,961.25,0.8962,0.8962,,0,0
unmapped,569,UNMAPPED_LOCAL_SOURCE,preaug,E:\甲劈微循环\data\血管数据集\分类数据集\扩充之前\images\569.jpg,locked,,,recovered_archive2/140,CAPorg14.jpg,381.77,456.24,456.24,0.8368,0.8368,,0,0
unmapped,570,UNMAPPED_LOCAL_SOURCE,preaug,E:\甲劈微循环\data\血管数据集\分类数据集\扩充之前\images\570.jpg,locked,,,recovered_archive3/258,CAPorg6.jpg,776.17,993.5,993.5,0.7813,0.7813,,1,1
unmapped,571,UNMAPPED_LOCAL_SOURCE,preaug,E:\甲劈微循环\data\血管数据集\分类数据集\扩充之前\images\571.jpg,locked,,,recovered_archive2/154,CAPorg3.jpg,2711.83,2720.45,2720.45,0.9968,0.9968,,0,0
unmapped,572,UNMAPPED_LOCAL_SOURCE,preaug,E:\甲劈微循环\data\血管数据集\分类数据集\扩充之前\images\572.jpg,locked,,,recovered_archive1/88,CAPorg2.jpg,889.72,1166.96,1166.96,0.7624,0.7624,,1,1
unmapped,573,UNMAPPED_LOCAL_SOURCE,preaug,E:\甲劈微循环\data\血管数据集\分类数据集\扩充之前\images\573.jpg,locked,,,recovered_archive2/185,CAPorg1.jpg,451.22,494.3,494.3,0.9129,0.9129,,0,0
unmapped,574,UNMAPPED_LOCAL_SOURCE,preaug,E:\甲劈微循环\data\血管数据集\分类数据集\扩充之前\images\574.jpg,locked,,,recovered_archive2/192,CAPorg2.jpg,951.24,1133.4,1220.47,0.8393,0.7794,,0,1
unmapped,575,UNMAPPED_LOCAL_SOURCE,preaug,E:\甲劈微循环\data\血管数据集\分类数据集\扩充之前\images\575.jpg,locked,,,recovered_archive2/140,CAPorg2.jpg,635.27,680.64,680.64,0.9333,0.9333,,0,0
unmapped,576,UNMAPPED_LOCAL_SOURCE,preaug,E:\甲劈微循环\data\血管数据集\分类数据集\扩充之前\images\576.jpg,locked,,,recovered_archive2/140,CAPorg11.jpg,316.22,362.55,362.55,0.8722,0.8722,,0,0
unmapped,579,UNMAPPED_LOCAL_SOURCE,preaug,E:\甲劈微循环\data\血管数据集\分类数据集\扩充之前\images\579.jpg,locked,,,recovered_archive3/244,CAPorg10.jpg,343.45,387.72,387.72,0.8858,0.8858,,0,0
unmapped,580,UNMAPPED_LOCAL_SOURCE,preaug,E:\甲劈微循环\data\血管数据集\分类数据集\扩充之前\images\580.jpg,locked,,,recovered_archive1/63,CAPorg6.jpg,258.48,775.33,775.33,0.3334,0.3334,,1,1
unmapped,581,UNMAPPED_LOCAL_SOURCE,preaug,E:\甲劈微循环\data\血管数据集\分类数据集\扩充之前\images\581.jpg,locked,,,recovered_archive2/185,CAPorg1.jpg,686.49,765.13,765.13,0.8972,0.8972,,0,0
