"asset_path","source_layer","original_id","augmentation_id","linked_recovered_cases","locked_overlap","development_overlap","status","reason"
"E:\甲劈微循环\data\血管数据集\分类数据集\扩充之前\images\13.jpg","classification_pre","13","","recovered_archive2/153","yes","no","EXCLUDE_LOCKED_OVERLAP","exact overlap with v1 locked case; all derivatives excluded"
"E:\甲劈微循环\data\血管数据集\分类数据集\扩充之前\images\146.jpg","classification_pre","146","","recovered_archive2/134","yes","no","EXCLUDE_LOCKED_OVERLAP","exact overlap with v1 locked case; all derivatives excluded"
"E:\甲劈微循环\data\血管数据集\分类数据集\扩充之前\images\179.jpg","classification_pre","179","","recovered_archive1/63","yes","no","EXCLUDE_LOCKED_OVERLAP","exact overlap with v1 locked case; all derivatives excluded"
"E:\甲劈微循环\data\血管数据集\分类数据集\扩充之前\images\183.jpg","classification_pre","183","","recovered_archive1/98","yes","no","EXCLUDE_LOCKED_OVERLAP","exact overlap with v1 locked case; all derivatives excluded"
"E:\甲劈微循环\data\血管数据集\分类数据集\扩充之前\images\238.jpg","classification_pre","238","","recovered_archive2/177","yes","no","EXCLUDE_LOCKED_OVERLAP","exact overlap with v1 locked case; all derivatives excluded"
"E:\甲劈微循环\data\血管数据集\分类数据集\扩充之前\images\274.jpg","classification_pre","274","","recovered_archive1/73","yes","no","EXCLUDE_LOCKED_OVERLAP","exact overlap with v1 locked case; all derivatives excluded"
"E:\甲劈微循环\data\血管数据集\分类数据集\扩充之前\images\312.jpg","classification_pre","312","","recovered_archive1/73","yes","no","EXCLUDE_LOCKED_OVERLAP","exact overlap with v1 locked case; all derivatives excluded"
"E:\甲劈微循环\data\血管数据集\分类数据集\扩充之前\images\319.jpg","classification_pre","319","","recovered_archive1/39","yes","no","EXCLUDE_LOCKED_OVERLAP","exact overlap with v1 locked case; all derivatives excluded"
"E:\甲劈微循环\data\血管数据集\分类数据集\扩充之前\images\321.jpg","classification_pre","321","","recovered_archive2/153","yes","no","EXCLUDE_LOCKED_OVERLAP","exact overlap with v1 locked case; all derivatives excluded"
"E:\甲劈微循环\data\血管数据集\分类数据集\扩充之前\images\340.jpg","classification_pre","340","","recovered_archive2/182","yes","no","EXCLUDE_LOCKED_OVERLAP","exact overlap with v1 locked case; all derivatives excluded"
"E:\甲劈微循环\data\血管数据集\分类数据集\扩充之前\images\348.jpg","classification_pre","348","","recovered_archive1/39","yes","no","EXCLUDE_LOCKED_OVERLAP","exact overlap with v1 locked case; all derivatives excluded"
"E:\甲劈微循环\data\血管数据集\分类数据集\扩充之前\images\354.jpg","classification_pre","354","","recovered_archive2/187","yes","no","EXCLUDE_LOCKED_OVERLAP","exact overlap with v1 locked case; all derivatives excluded"
"E:\甲劈微循环\data\血管数据集\分类数据集\扩充之前\images\383.jpg","classification_pre","383","","recovered_archive3/217","yes","no","EXCLUDE_LOCKED_OVERLAP","exact overlap with v1 locked case; all derivatives excluded"
"E:\甲劈微循环\data\血管数据集\分类数据集\扩充之前\images\385.jpg","classification_pre","385","","recovered_archive2/185","yes","no","EXCLUDE_LOCKED_OVERLAP","exact overlap with v1 locked case; all derivatives excluded"
"E:\甲劈微循环\data\血管数据集\分类数据集\扩充之前\images\389.jpg","classification_pre","389","","recovered_archive2/182","yes","no","EXCLUDE_LOCKED_OVERLAP","exact overlap with v1 locked case; all derivatives excluded"
"E:\甲劈微循环\data\血管数据集\分类数据集\扩充之前\images\48.jpg","classification_pre","48","","recovered_archive1/75","yes","no","EXCLUDE_LOCKED_OVERLAP","exact overlap with v1 locked case; all derivatives excluded"
"E:\甲劈微循环\data\血管数据集\分类数据集\扩充之前\images\498.jpg","classification_pre","498","","recovered_archive2/156","yes","no","EXCLUDE_LOCKED_OVERLAP","exact overlap with v1 locked case; all derivatives excluded"
"E:\甲劈微循环\data\血管数据集\分类数据集\扩充之前\images\509.jpg","classification_pre","509","","recovered_archive1/77","yes","no","EXCLUDE_LOCKED_OVERLAP","exact overlap with v1 locked case; all derivatives excluded"
"E:\甲劈微循环\data\血管数据集\分类数据集\扩充之前\images\511.jpg","classification_pre","511","","recovered_archive2/156","yes","no","EXCLUDE_LOCKED_OVERLAP","exact overlap with v1 locked case; all derivatives excluded"
"E:\甲劈微循环\data\血管数据集\分类数据集\扩充之前\images\513.jpg","classification_pre","513","","recovered_archive2/153","yes","no","EXCLUDE_LOCKED_OVERLAP","exact overlap with v1 locked case; all derivatives excluded"
"E:\甲劈微循环\data\血管数据集\分类数据集\扩充之前\images\522.jpg","classification_pre","522","","recovered_archive1/55","yes","no","EXCLUDE_LOCKED_OVERLAP","exact overlap with v1 locked case; all derivatives excluded"
"E:\甲劈微循环\data\血管数据集\分类数据集\扩充之前\images\530.jpg","classification_pre","530","","recovered_archive2/187","yes","no","EXCLUDE_LOCKED_OVERLAP","exact overlap with v1 locked case; all derivatives excluded"
"E:\甲劈微循环\data\血管数据集\分类数据集\扩充之前\images\548.jpg","classification_pre","548","","recovered_archive1/77","yes","no","EXCLUDE_LOCKED_OVERLAP","exact overlap with v1 locked case; all derivatives excluded"
"E:\甲劈微循环\data\血管数据集\分类数据集\扩充之前\images\551.jpg","classification_pre","551","","recovered_archive1/88","yes","no","EXCLUDE_LOCKED_OVERLAP","exact overlap with v1 locked case; all derivatives excluded"
"E:\甲劈微循环\data\血管数据集\分类数据集\扩充之前\images\556.jpg","classification_pre","556","","recovered_archive1/63","yes","no","EXCLUDE_LOCKED_OVERLAP","exact overlap with v1 locked case; all derivatives excluded"
"E:\甲劈微循环\data\血管数据集\分类数据集\扩充之前\images\577.jpg","classification_pre","577","","recovered_archive1/55","yes","no","EXCLUDE_LOCKED_OVERLAP","exact overlap with v1 locked case; all derivatives excluded"
"E:\甲劈微循环\data\血管数据集\分类数据集\扩充之前\images\60.jpg","classification_pre","60","","recovered_archive1/75","yes","no","EXCLUDE_LOCKED_OVERLAP","exact overlap with v1 locked case; all derivatives excluded"
"E:\甲劈微循环\data\血管数据集\分类数据集\扩充之前\images\69.jpg","classification_pre","69","","recovered_archive1/55","yes","no","EXCLUDE_LOCKED_OVERLAP","exact overlap with v1 locked case; all derivatives excluded"
"E:\甲劈微循环\data\血管数据集\分类数据集\扩充之前\images\70.jpg","classification_pre","70","","recovered_archive1/55","yes","no","EXCLUDE_LOCKED_OVERLAP","exact overlap with v1 locked case; all derivatives excluded"
"E:\甲劈微循环\data\血管数据集\分类数据集\扩充之前\images\74.jpg","classification_pre","74","","recovered_archive1/55","yes","no","EXCLUDE_LOCKED_OVERLAP","exact overlap with v1 locked case; all derivatives excluded"
"E:\甲劈微循环\data\血管数据集\分类数据集\扩充之前\images\79.jpg","classification_pre","79","","recovered_archive3/255","yes","no","EXCLUDE_LOCKED_OVERLAP","exact overlap with v1 locked case; all derivatives excluded"
"E:\甲劈微循环\data\血管数据集\分类数据集\扩充之前\images\96.jpg","classification_pre","96","","recovered_archive1/75","yes","no","EXCLUDE_LOCKED_OVERLAP","exact overlap with v1 locked case; all derivatives excluded"
"E:\甲劈微循环\data\血管数据集\分类数据集\image\13_0.jpg","classification_aug","13","0","recovered_archive2/153","yes","no","EXCLUDE_LOCKED_OVERLAP","exact overlap with v1 locked case; all derivatives excluded"
"E:\甲劈微循环\data\血管数据集\分类数据集\image\13_1.jpg","classification_aug","13","1","recovered_archive2/153","yes","no","EXCLUDE_LOCKED_OVERLAP","exact overlap with v1 locked case; all derivatives excluded"
"E:\甲劈微循环\data\血管数据集\分类数据集\image\13_10.jpg","classification_aug","13","10","recovered_archive2/153","yes","no","EXCLUDE_LOCKED_OVERLAP","exact overlap with v1 locked case; all derivatives excluded"
"E:\甲劈微循环\data\血管数据集\分类数据集\image\13_11.jpg","classification_aug","13","11","recovered_archive2/153","yes","no","EXCLUDE_LOCKED_OVERLAP","exact overlap with v1 locked case; all derivatives excluded"
"E:\甲劈微循环\data\血管数据集\分类数据集\image\13_12.jpg","classification_aug","13","12","recovered_archive2/153","yes","no","EXCLUDE_LOCKED_OVERLAP","exact overlap with v1 locked case; all derivatives excluded"
"E:\甲劈微循环\data\血管数据集\分类数据集\image\13_13.jpg","classification_aug","13","13","recovered_archive2/153","yes","no","EXCLUDE_LOCKED_OVERLAP","exact overlap with v1 locked case; all derivatives excluded"
"E:\甲劈微循环\data\血管数据集\分类数据集\image\13_14.jpg","classification_aug","13","14","recovered_archive2/153","yes","no","EXCLUDE_LOCKED_OVERLAP","exact overlap with v1 locked case; all derivatives excluded"
"E:\甲劈微循环\data\血管数据集\分类数据集\image\13_15.jpg","classification_aug","13","15","recovered_archive2/153","yes","no","EXCLUDE_LOCKED_OVERLAP","exact overlap with v1 locked case; all derivatives excluded"
"E:\甲劈微循环\data\血管数据集\分类数据集\image\13_16.jpg","classification_aug","13","16","recovered_archive2/153","yes","no","EXCLUDE_LOCKED_OVERLAP","exact overlap with v1 locked case; all derivatives excluded"
"E:\甲劈微循环\data\血管数据集\分类数据集\image\13_17.jpg","classification_aug","13","17","recovered_archive2/153","yes","no","EXCLUDE_LOCKED_OVERLAP","exact overlap with v1 locked case; all derivatives excluded"
"E:\甲劈微循环\data\血管数据集\分类数据集\image\13_18.jpg","classification_aug","13","18","recovered_archive2/153","yes","no","EXCLUDE_LOCKED_OVERLAP","exact overlap with v1 locked case; all derivatives excluded"
"E:\甲劈微循环\data\血管数据集\分类数据集\image\13_19.jpg","classification_aug","13","19","recovered_archive2/153","yes","no","EXCLUDE_LOCKED_OVERLAP","exact overlap with v1 locked case; all derivatives excluded"
"E:\甲劈微循环\data\血管数据集\分类数据集\image\13_2.jpg","classification_aug","13","2","recovered_archive2/153","yes","no","EXCLUDE_LOCKED_OVERLAP","exact overlap with v1 locked case; all derivatives excluded"
"E:\甲劈微循环\data\血管数据集\分类数据集\image\13_3.jpg","classification_aug","13","3","recovered_archive2/153","yes","no","EXCLUDE_LOCKED_OVERLAP","exact overlap with v1 locked case; all derivatives excluded"
"E:\甲劈微循环\data\血管数据集\分类数据集\image\13_4.jpg","classification_aug","13","4","recovered_archive2/153","yes","no","EXCLUDE_LOCKED_OVERLAP","exact overlap with v1 locked case; all derivatives excluded"
"E:\甲劈微循环\data\血管数据集\分类数据集\image\13_5.jpg","classification_aug","13","5","recovered_archive2/153","yes","no","EXCLUDE_LOCKED_OVERLAP","exact overlap with v1 locked case; all derivatives excluded"
"E:\甲劈微循环\data\血管数据集\分类数据集\image\13_6.jpg","classification_aug","13","6","recovered_archive2/153","yes","no","EXCLUDE_LOCKED_OVERLAP","exact overlap with v1 locked case; all derivatives excluded"
"E:\甲劈微循环\data\血管数据集\分类数据集\image\13_7.jpg","classification_aug","13","7","recovered_archive2/153","yes","no","EXCLUDE_LOCKED_OVERLAP","exact overlap with v1 locked case; all derivatives excluded"
"E:\甲劈微循环\data\血管数据集\分类数据集\image\13_8.jpg","classification_aug","13","8","recovered_archive2/153","yes","no","EXCLUDE_LOCKED_OVERLAP","exact overlap with v1 locked case; all derivatives excluded"
"E:\甲劈微循环\data\血管数据集\分类数据集\image\13_9.jpg","classification_aug","13","9","recovered_archive2/153","yes","no","EXCLUDE_LOCKED_OVERLAP","exact overlap with v1 locked case; all derivatives excluded"
"E:\甲劈微循环\data\血管数据集\分类数据集\image\146_0.jpg","classification_aug","146","0","recovered_archive2/134","yes","no","EXCLUDE_LOCKED_OVERLAP","exact overlap with v1 locked case; all derivatives excluded"
"E:\甲劈微循环\data\血管数据集\分类数据集\image\146_1.jpg","classification_aug","146","1","recovered_archive2/134","yes","no","EXCLUDE_LOCKED_OVERLAP","exact overlap with v1 locked case; all derivatives excluded"
"E:\甲劈微循环\data\血管数据集\分类数据集\image\146_10.jpg","classification_aug","146","10","recovered_archive2/134","yes","no","EXCLUDE_LOCKED_OVERLAP","exact overlap with v1 locked case; all derivatives excluded"
"E:\甲劈微循环\data\血管数据集\分类数据集\image\146_11.jpg","classification_aug","146","11","recovered_archive2/134","yes","no","EXCLUDE_LOCKED_OVERLAP","exact overlap with v1 locked case; all derivatives excluded"
"E:\甲劈微循环\data\血管数据集\分类数据集\image\146_12.jpg","classification_aug","146","12","recovered_archive2/134","yes","no","EXCLUDE_LOCKED_OVERLAP","exact overlap with v1 locked case; all derivatives excluded"
"E:\甲劈微循环\data\血管数据集\分类数据集\image\146_13.jpg","classification_aug","146","13","recovered_archive2/134","yes","no","EXCLUDE_LOCKED_OVERLAP","exact overlap with v1 locked case; all derivatives excluded"
"E:\甲劈微循环\data\血管数据集\分类数据集\image\146_14.jpg","classification_aug","146","14","recovered_archive2/134","yes","no","EXCLUDE_LOCKED_OVERLAP","exact overlap with v1 locked case; all derivatives excluded"
"E:\甲劈微循环\data\血管数据集\分类数据集\image\146_15.jpg","classification_aug","146","15","recovered_archive2/134","yes","no","EXCLUDE_LOCKED_OVERLAP","exact overlap with v1 locked case; all derivatives excluded"
"E:\甲劈微循环\data\血管数据集\分类数据集\image\146_16.jpg","classification_aug","146","16","recovered_archive2/134","yes","no","EXCLUDE_LOCKED_OVERLAP","exact overlap with v1 locked case; all derivatives excluded"
"E:\甲劈微循环\data\血管数据集\分类数据集\image\146_17.jpg","classification_aug","146","17","recovered_archive2/134","yes","no","EXCLUDE_LOCKED_OVERLAP","exact overlap with v1 locked case; all derivatives excluded"
"E:\甲劈微循环\data\血管数据集\分类数据集\image\146_18.jpg","classification_aug","146","18","recovered_archive2/134","yes","no","EXCLUDE_LOCKED_OVERLAP","exact overlap with v1 locked case; all derivatives excluded"
"E:\甲劈微循环\data\血管数据集\分类数据集\image\146_19.jpg","classification_aug","146","19","recovered_archive2/134","yes","no","EXCLUDE_LOCKED_OVERLAP","exact overlap with v1 locked case; all derivatives excluded"
"E:\甲劈微循环\data\血管数据集\分类数据集\image\146_2.jpg","classification_aug","146","2","recovered_archive2/134","yes","no","EXCLUDE_LOCKED_OVERLAP","exact overlap with v1 locked case; all derivatives excluded"
"E:\甲劈微循环\data\血管数据集\分类数据集\image\146_3.jpg","classification_aug","146","3","recovered_archive2/134","yes","no","EXCLUDE_LOCKED_OVERLAP","exact overlap with v1 locked case; all derivatives excluded"
"E:\甲劈微循环\data\血管数据集\分类数据集\image\146_4.jpg","classification_aug","146","4","recovered_archive2/134","yes","no","EXCLUDE_LOCKED_OVERLAP","exact overlap with v1 locked case; all derivatives excluded"
"E:\甲劈微循环\data\血管数据集\分类数据集\image\146_5.jpg","classification_aug","146","5","recovered_archive2/134","yes","no","EXCLUDE_LOCKED_OVERLAP","exact overlap with v1 locked case; all derivatives excluded"
"E:\甲劈微循环\data\血管数据集\分类数据集\image\146_6.jpg","classification_aug","146","6","recovered_archive2/134","yes","no","EXCLUDE_LOCKED_OVERLAP","exact overlap with v1 locked case; all derivatives excluded"
"E:\甲劈微循环\data\血管数据集\分类数据集\image\146_7.jpg","classification_aug","146","7","recovered_archive2/134","yes","no","EXCLUDE_LOCKED_OVERLAP","exact overlap with v1 locked case; all derivatives excluded"
"E:\甲劈微循环\data\血管数据集\分类数据集\image\146_8.jpg","classification_aug","146","8","recovered_archive2/134","yes","no","EXCLUDE_LOCKED_OVERLAP","exact overlap with v1 locked case; all derivatives excluded"
"E:\甲劈微循环\data\血管数据集\分类数据集\image\146_9.jpg","classification_aug","146","9","recovered_archive2/134","yes","no","EXCLUDE_LOCKED_OVERLAP","exact overlap with v1 locked case; all derivatives excluded"
"E:\甲劈微循环\data\血管数据集\分类数据集\image\179_0.jpg","classification_aug","179","0","recovered_archive1/63","yes","no","EXCLUDE_LOCKED_OVERLAP","exact overlap with v1 locked case; all derivatives excluded"
"E:\甲劈微循环\data\血管数据集\分类数据集\image\179_1.jpg","classification_aug","179","1","recovered_archive1/63","yes","no","EXCLUDE_LOCKED_OVERLAP","exact overlap with v1 locked case; all derivatives excluded"
"E:\甲劈微循环\data\血管数据集\分类数据集\image\179_10.jpg","classification_aug","179","10","recovered_archive1/63","yes","no","EXCLUDE_LOCKED_OVERLAP","exact overlap with v1 locked case; all derivatives excluded"
"E:\甲劈微循环\data\血管数据集\分类数据集\image\179_11.jpg","classification_aug","179","11","recovered_archive1/63","yes","no","EXCLUDE_LOCKED_OVERLAP","exact overlap with v1 locked case; all derivatives excluded"
"E:\甲劈微循环\data\血管数据集\分类数据集\image\179_12.jpg","classification_aug","179","12","recovered_archive1/63","yes","no","EXCLUDE_LOCKED_OVERLAP","exact overlap with v1 locked case; all derivatives excluded"
"E:\甲劈微循环\data\血管数据集\分类数据集\image\179_13.jpg","classification_aug","179","13","recovered_archive1/63","yes","no","EXCLUDE_LOCKED_OVERLAP","exact overlap with v1 locked case; all derivatives excluded"
"E:\甲劈微循环\data\血管数据集\分类数据集\image\179_14.jpg","classification_aug","179","14","recovered_archive1/63","yes","no","EXCLUDE_LOCKED_OVERLAP","exact overlap with v1 locked case; all derivatives excluded"
"E:\甲劈微循环\data\血管数据集\分类数据集\image\179_15.jpg","classification_aug","179","15","recovered_archive1/63","yes","no","EXCLUDE_LOCKED_OVERLAP","exact overlap with v1 locked case; all derivatives excluded"
"E:\甲劈微循环\data\血管数据集\分类数据集\image\179_16.jpg","classification_aug","179","16","recovered_archive1/63","yes","no","EXCLUDE_LOCKED_OVERLAP","exact overlap with v1 locked case; all derivatives excluded"
"E:\甲劈微循环\data\血管数据集\分类数据集\image\179_17.jpg","classification_aug","179","17","recovered_archive1/63","yes","no","EXCLUDE_LOCKED_OVERLAP","exact overlap with v1 locked case; all derivatives excluded"
"E:\甲劈微循环\data\血管数据集\分类数据集\image\179_18.jpg","classification_aug","179","18","recovered_archive1/63","yes","no","EXCLUDE_LOCKED_OVERLAP","exact overlap with v1 locked case; all derivatives excluded"
"E:\甲劈微循环\data\血管数据集\分类数据集\image\179_19.jpg","classification_aug","179","19","recovered_archive1/63","yes","no","EXCLUDE_LOCKED_OVERLAP","exact overlap with v1 locked case; all derivatives excluded"
"E:\甲劈微循环\data\血管数据集\分类数据集\image\179_2.jpg","classification_aug","179","2","recovered_archive1/63","yes","no","EXCLUDE_LOCKED_OVERLAP","exact overlap with v1 locked case; all derivatives excluded"
"E:\甲劈微循环\data\血管数据集\分类数据集\image\179_3.jpg","classification_aug","179","3","recovered_archive1/63","yes","no","EXCLUDE_LOCKED_OVERLAP","exact overlap with v1 locked case; all derivatives excluded"
"E:\甲劈微循环\data\血管数据集\分类数据集\image\179_4.jpg","classification_aug","179","4","recovered_archive1/63","yes","no","EXCLUDE_LOCKED_OVERLAP","exact overlap with v1 locked case; all derivatives excluded"
"E:\甲劈微循环\data\血管数据集\分类数据集\image\179_5.jpg","classification_aug","179","5","recovered_archive1/63","yes","no","EXCLUDE_LOCKED_OVERLAP","exact overlap with v1 locked case; all derivatives excluded"
"E:\甲劈微循环\data\血管数据集\分类数据集\image\179_6.jpg","classification_aug","179","6","recovered_archive1/63","yes","no","EXCLUDE_LOCKED_OVERLAP","exact overlap with v1 locked case; all derivatives excluded"
"E:\甲劈微循环\data\血管数据集\分类数据集\image\179_7.jpg","classification_aug","179","7","recovered_archive1/63","yes","no","EXCLUDE_LOCKED_OVERLAP","exact overlap with v1 locked case; all derivatives excluded"
"E:\甲劈微循环\data\血管数据集\分类数据集\image\179_8.jpg","classification_aug","179","8","recovered_archive1/63","yes","no","EXCLUDE_LOCKED_OVERLAP","exact overlap with v1 locked case; all derivatives excluded"
"E:\甲劈微循环\data\血管数据集\分类数据集\image\179_9.jpg","classification_aug","179","9","recovered_archive1/63","yes","no","EXCLUDE_LOCKED_OVERLAP","exact overlap with v1 locked case; all derivatives excluded"
"E:\甲劈微循环\data\血管数据集\分类数据集\image\183_0.jpg","classification_aug","183","0","recovered_archive1/98","yes","no","EXCLUDE_LOCKED_OVERLAP","exact overlap with v1 locked case; all derivatives excluded"
"E:\甲劈微循环\data\血管数据集\分类数据集\image\183_1.jpg","classification_aug","183","1","recovered_archive1/98","yes","no","EXCLUDE_LOCKED_OVERLAP","exact overlap with v1 locked case; all derivatives excluded"
"E:\甲劈微循环\data\血管数据集\分类数据集\image\183_10.jpg","classification_aug","183","10","recovered_archive1/98","yes","no","EXCLUDE_LOCKED_OVERLAP","exact overlap with v1 locked case; all derivatives excluded"
"E:\甲劈微循环\data\血管数据集\分类数据集\image\183_11.jpg","classification_aug","183","11","recovered_archive1/98","yes","no","EXCLUDE_LOCKED_OVERLAP","exact overlap with v1 locked case; all derivatives excluded"
"E:\甲劈微循环\data\血管数据集\分类数据集\image\183_12.jpg","classification_aug","183","12","recovered_archive1/98","yes","no","EXCLUDE_LOCKED_OVERLAP","exact overlap with v1 locked case; all derivatives excluded"
"E:\甲劈微循环\data\血管数据集\分类数据集\image\183_13.jpg","classification_aug","183","13","recovered_archive1/98","yes","no","EXCLUDE_LOCKED_OVERLAP","exact overlap with v1 locked case; all derivatives excluded"
"E:\甲劈微循环\data\血管数据集\分类数据集\image\183_14.jpg","classification_aug","183","14","recovered_archive1/98","yes","no","EXCLUDE_LOCKED_OVERLAP","exact overlap with v1 locked case; all derivatives excluded"
"E:\甲劈微循环\data\血管数据集\分类数据集\image\183_15.jpg","classification_aug","183","15","recovered_archive1/98","yes","no","EXCLUDE_LOCKED_OVERLAP","exact overlap with v1 locked case; all derivatives excluded"
"E:\甲劈微循环\data\血管数据集\分类数据集\image\183_16.jpg","classification_aug","183","16","recovered_archive1/98","yes","no","EXCLUDE_LOCKED_OVERLAP","exact overlap with v1 locked case; all derivatives excluded"
"E:\甲劈微循环\data\血管数据集\分类数据集\image\183_17.jpg","classification_aug","183","17","recovered_archive1/98","yes","no","EXCLUDE_LOCKED_OVERLAP","exact overlap with v1 locked case; all derivatives excluded"
"E:\甲劈微循环\data\血管数据集\分类数据集\image\183_18.jpg","classification_aug","183","18","recovered_archive1/98","yes","no","EXCLUDE_LOCKED_OVERLAP","exact overlap with v1 locked case; all derivatives excluded"
"E:\甲劈微循环\data\血管数据集\分类数据集\image\183_19.jpg","classification_aug","183","19","recovered_archive1/98","yes","no","EXCLUDE_LOCKED_OVERLAP","exact overlap with v1 locked case; all derivatives excluded"
"E:\甲劈微循环\data\血管数据集\分类数据集\image\183_2.jpg","classification_aug","183","2","recovered_archive1/98","yes","no","EXCLUDE_LOCKED_OVERLAP","exact overlap with v1 locked case; all derivatives excluded"
"E:\甲劈微循环\data\血管数据集\分类数据集\image\183_3.jpg","classification_aug","183","3","recovered_archive1/98","yes","no","EXCLUDE_LOCKED_OVERLAP","exact overlap with v1 locked case; all derivatives excluded"
"E:\甲劈微循环\data\血管数据集\分类数据集\image\183_4.jpg","classification_aug","183","4","recovered_archive1/98","yes","no","EXCLUDE_LOCKED_OVERLAP","exact overlap with v1 locked case; all derivatives excluded"
"E:\甲劈微循环\data\血管数据集\分类数据集\image\183_5.jpg","classification_aug","183","5","recovered_archive1/98","yes","no","EXCLUDE_LOCKED_OVERLAP","exact overlap with v1 locked case; all derivatives excluded"
"E:\甲劈微循环\data\血管数据集\分类数据集\image\183_6.jpg","classification_aug","183","6","recovered_archive1/98","yes","no","EXCLUDE_LOCKED_OVERLAP","exact overlap with v1 locked case; all derivatives excluded"
"E:\甲劈微循环\data\血管数据集\分类数据集\image\183_7.jpg","classification_aug","183","7","recovered_archive1/98","yes","no","EXCLUDE_LOCKED_OVERLAP","exact overlap with v1 locked case; all derivatives excluded"
"E:\甲劈微循环\data\血管数据集\分类数据集\image\183_8.jpg","classification_aug","183","8","recovered_archive1/98","yes","no","EXCLUDE_LOCKED_OVERLAP","exact overlap with v1 locked case; all derivatives excluded"
"E:\甲劈微循环\data\血管数据集\分类数据集\image\183_9.jpg","classification_aug","183","9","recovered_archive1/98","yes","no","EXCLUDE_LOCKED_OVERLAP","exact overlap with v1 locked case; all derivatives excluded"
"E:\甲劈微循环\data\血管数据集\分类数据集\image\238_0.jpg","classification_aug","238","0","recovered_archive2/177","yes","no","EXCLUDE_LOCKED_OVERLAP","exact overlap with v1 locked case; all derivatives excluded"
"E:\甲劈微循环\data\血管数据集\分类数据集\image\238_1.jpg","classification_aug","238","1","recovered_archive2/177","yes","no","EXCLUDE_LOCKED_OVERLAP","exact overlap with v1 locked case; all derivatives excluded"
"E:\甲劈微循环\data\血管数据集\分类数据集\image\238_10.jpg","classification_aug","238","10","recovered_archive2/177","yes","no","EXCLUDE_LOCKED_OVERLAP","exact overlap with v1 locked case; all derivatives excluded"
"E:\甲劈微循环\data\血管数据集\分类数据集\image\238_11.jpg","classification_aug","238","11","recovered_archive2/177","yes","no","EXCLUDE_LOCKED_OVERLAP","exact overlap with v1 locked case; all derivatives excluded"
"E:\甲劈微循环\data\血管数据集\分类数据集\image\238_12.jpg","classification_aug","238","12","recovered_archive2/177","yes","no","EXCLUDE_LOCKED_OVERLAP","exact overlap with v1 locked case; all derivatives excluded"
"E:\甲劈微循环\data\血管数据集\分类数据集\image\238_13.jpg","classification_aug","238","13","recovered_archive2/177","yes","no","EXCLUDE_LOCKED_OVERLAP","exact overlap with v1 locked case; all derivatives excluded"
"E:\甲劈微循环\data\血管数据集\分类数据集\image\238_14.jpg","classification_aug","238","14","recovered_archive2/177","yes","no","EXCLUDE_LOCKED_OVERLAP","exact overlap with v1 locked case; all derivatives excluded"
"E:\甲劈微循环\data\血管数据集\分类数据集\image\238_15.jpg","classification_aug","238","15","recovered_archive2/177","yes","no","EXCLUDE_LOCKED_OVERLAP","exact overlap with v1 locked case; all derivatives excluded"
"E:\甲劈微循环\data\血管数据集\分类数据集\image\238_16.jpg","classification_aug","238","16","recovered_archive2/177","yes","no","EXCLUDE_LOCKED_OVERLAP","exact overlap with v1 locked case; all derivatives excluded"
"E:\甲劈微循环\data\血管数据集\分类数据集\image\238_17.jpg","classification_aug","238","17","recovered_archive2/177","yes","no","EXCLUDE_LOCKED_OVERLAP","exact overlap with v1 locked case; all derivatives excluded"
"E:\甲劈微循环\data\血管数据集\分类数据集\image\238_18.jpg","classification_aug","238","18","recovered_archive2/177","yes","no","EXCLUDE_LOCKED_OVERLAP","exact overlap with v1 locked case; all derivatives excluded"
"E:\甲劈微循环\data\血管数据集\分类数据集\image\238_19.jpg","classification_aug","238","19","recovered_archive2/177","yes","no","EXCLUDE_LOCKED_OVERLAP","exact overlap with v1 locked case; all derivatives excluded"
"E:\甲劈微循环\data\血管数据集\分类数据集\image\238_2.jpg","classification_aug","238","2","recovered_archive2/177","yes","no","EXCLUDE_LOCKED_OVERLAP","exact overlap with v1 locked case; all derivatives excluded"
"E:\甲劈微循环\data\血管数据集\分类数据集\image\238_3.jpg","classification_aug","238","3","recovered_archive2/177","yes","no","EXCLUDE_LOCKED_OVERLAP","exact overlap with v1 locked case; all derivatives excluded"
"E:\甲劈微循环\data\血管数据集\分类数据集\image\238_4.jpg","classification_aug","238","4","recovered_archive2/177","yes","no","EXCLUDE_LOCKED_OVERLAP","exact overlap with v1 locked case; all derivatives excluded"
"E:\甲劈微循环\data\血管数据集\分类数据集\image\238_5.jpg","classification_aug","238","5","recovered_archive2/177","yes","no","EXCLUDE_LOCKED_OVERLAP","exact overlap with v1 locked case; all derivatives excluded"
"E:\甲劈微循环\data\血管数据集\分类数据集\image\238_6.jpg","classification_aug","238","6","recovered_archive2/177","yes","no","EXCLUDE_LOCKED_OVERLAP","exact overlap with v1 locked case; all derivatives excluded"
"E:\甲劈微循环\data\血管数据集\分类数据集\image\238_7.jpg","classification_aug","238","7","recovered_archive2/177","yes","no","EXCLUDE_LOCKED_OVERLAP","exact overlap with v1 locked case; all derivatives excluded"
"E:\甲劈微循环\data\血管数据集\分类数据集\image\238_8.jpg","classification_aug","238","8","recovered_archive2/177","yes","no","EXCLUDE_LOCKED_OVERLAP","exact overlap with v1 locked case; all derivatives excluded"
"E:\甲劈微循环\data\血管数据集\分类数据集\image\238_9.jpg","classification_aug","238","9","recovered_archive2/177","yes","no","EXCLUDE_LOCKED_OVERLAP","exact overlap with v1 locked case; all derivatives excluded"
"E:\甲劈微循环\data\血管数据集\分类数据集\image\274_0.jpg","classification_aug","274","0","recovered_archive1/73","yes","no","EXCLUDE_LOCKED_OVERLAP","exact overlap with v1 locked case; all derivatives excluded"
"E:\甲劈微循环\data\血管数据集\分类数据集\image\274_1.jpg","classification_aug","274","1","recovered_archive1/73","yes","no","EXCLUDE_LOCKED_OVERLAP","exact overlap with v1 locked case; all derivatives excluded"
"E:\甲劈微循环\data\血管数据集\分类数据集\image\274_10.jpg","classification_aug","274","10","recovered_archive1/73","yes","no","EXCLUDE_LOCKED_OVERLAP","exact overlap with v1 locked case; all derivatives excluded"
"E:\甲劈微循环\data\血管数据集\分类数据集\image\274_11.jpg","classification_aug","274","11","recovered_archive1/73","yes","no","EXCLUDE_LOCKED_OVERLAP","exact overlap with v1 locked case; all derivatives excluded"
"E:\甲劈微循环\data\血管数据集\分类数据集\image\274_12.jpg","classification_aug","274","12","recovered_archive1/73","yes","no","EXCLUDE_LOCKED_OVERLAP","exact overlap with v1 locked case; all derivatives excluded"
"E:\甲劈微循环\data\血管数据集\分类数据集\image\274_13.jpg","classification_aug","274","13","recovered_archive1/73","yes","no","EXCLUDE_LOCKED_OVERLAP","exact overlap with v1 locked case; all derivatives excluded"
"E:\甲劈微循环\data\血管数据集\分类数据集\image\274_14.jpg","classification_aug","274","14","recovered_archive1/73","yes","no","EXCLUDE_LOCKED_OVERLAP","exact overlap with v1 locked case; all derivatives excluded"
"E:\甲劈微循环\data\血管数据集\分类数据集\image\274_15.jpg","classification_aug","274","15","recovered_archive1/73","yes","no","EXCLUDE_LOCKED_OVERLAP","exact overlap with v1 locked case; all derivatives excluded"
"E:\甲劈微循环\data\血管数据集\分类数据集\image\274_16.jpg","classification_aug","274","16","recovered_archive1/73","yes","no","EXCLUDE_LOCKED_OVERLAP","exact overlap with v1 locked case; all derivatives excluded"
"E:\甲劈微循环\data\血管数据集\分类数据集\image\274_17.jpg","classification_aug","274","17","recovered_archive1/73","yes","no","EXCLUDE_LOCKED_OVERLAP","exact overlap with v1 locked case; all derivatives excluded"
"E:\甲劈微循环\data\血管数据集\分类数据集\image\274_18.jpg","classification_aug","274","18","recovered_archive1/73","yes","no","EXCLUDE_LOCKED_OVERLAP","exact overlap with v1 locked case; all derivatives excluded"
"E:\甲劈微循环\data\血管数据集\分类数据集\image\274_19.jpg","classification_aug","274","19","recovered_archive1/73","yes","no","EXCLUDE_LOCKED_OVERLAP","exact overlap with v1 locked case; all derivatives excluded"
"E:\甲劈微循环\data\血管数据集\分类数据集\image\274_2.jpg","classification_aug","274","2","recovered_archive1/73","yes","no","EXCLUDE_LOCKED_OVERLAP","exact overlap with v1 locked case; all derivatives excluded"
"E:\甲劈微循环\data\血管数据集\分类数据集\image\274_3.jpg","classification_aug","274","3","recovered_archive1/73","yes","no","EXCLUDE_LOCKED_OVERLAP","exact overlap with v1 locked case; all derivatives excluded"
"E:\甲劈微循环\data\血管数据集\分类数据集\image\274_4.jpg","classification_aug","274","4","recovered_archive1/73","yes","no","EXCLUDE_LOCKED_OVERLAP","exact overlap with v1 locked case; all derivatives excluded"
"E:\甲劈微循环\data\血管数据集\分类数据集\image\274_5.jpg","classification_aug","274","5","recovered_archive1/73","yes","no","EXCLUDE_LOCKED_OVERLAP","exact overlap with v1 locked case; all derivatives excluded"
"E:\甲劈微循环\data\血管数据集\分类数据集\image\274_6.jpg","classification_aug","274","6","recovered_archive1/73","yes","no","EXCLUDE_LOCKED_OVERLAP","exact overlap with v1 locked case; all derivatives excluded"
"E:\甲劈微循环\data\血管数据集\分类数据集\image\274_7.jpg","classification_aug","274","7","recovered_archive1/73","yes","no","EXCLUDE_LOCKED_OVERLAP","exact overlap with v1 locked case; all derivatives excluded"
"E:\甲劈微循环\data\血管数据集\分类数据集\image\274_8.jpg","classification_aug","274","8","recovered_archive1/73","yes","no","EXCLUDE_LOCKED_OVERLAP","exact overlap with v1 locked case; all derivatives excluded"
"E:\甲劈微循环\data\血管数据集\分类数据集\image\274_9.jpg","classification_aug","274","9","recovered_archive1/73","yes","no","EXCLUDE_LOCKED_OVERLAP","exact overlap with v1 locked case; all derivatives excluded"
"E:\甲劈微循环\data\血管数据集\分类数据集\image\312_0.jpg","classification_aug","312","0","recovered_archive1/73","yes","no","EXCLUDE_LOCKED_OVERLAP","exact overlap with v1 locked case; all derivatives excluded"
"E:\甲劈微循环\data\血管数据集\分类数据集\image\312_1.jpg","classification_aug","312","1","recovered_archive1/73","yes","no","EXCLUDE_LOCKED_OVERLAP","exact overlap with v1 locked case; all derivatives excluded"
"E:\甲劈微循环\data\血管数据集\分类数据集\image\312_10.jpg","classification_aug","312","10","recovered_archive1/73","yes","no","EXCLUDE_LOCKED_OVERLAP","exact overlap with v1 locked case; all derivatives excluded"
"E:\甲劈微循环\data\血管数据集\分类数据集\image\312_11.jpg","classification_aug","312","11","recovered_archive1/73","yes","no","EXCLUDE_LOCKED_OVERLAP","exact overlap with v1 locked case; all derivatives excluded"
"E:\甲劈微循环\data\血管数据集\分类数据集\image\312_12.jpg","classification_aug","312","12","recovered_archive1/73","yes","no","EXCLUDE_LOCKED_OVERLAP","exact overlap with v1 locked case; all derivatives excluded"
"E:\甲劈微循环\data\血管数据集\分类数据集\image\312_13.jpg","classification_aug","312","13","recovered_archive1/73","yes","no","EXCLUDE_LOCKED_OVERLAP","exact overlap with v1 locked case; all derivatives excluded"
"E:\甲劈微循环\data\血管数据集\分类数据集\image\312_14.jpg","classification_aug","312","14","recovered_archive1/73","yes","no","EXCLUDE_LOCKED_OVERLAP","exact overlap with v1 locked case; all derivatives excluded"
"E:\甲劈微循环\data\血管数据集\分类数据集\image\312_15.jpg","classification_aug","312","15","recovered_archive1/73","yes","no","EXCLUDE_LOCKED_OVERLAP","exact overlap with v1 locked case; all derivatives excluded"
"E:\甲劈微循环\data\血管数据集\分类数据集\image\312_16.jpg","classification_aug","312","16","recovered_archive1/73","yes","no","EXCLUDE_LOCKED_OVERLAP","exact overlap with v1 locked case; all derivatives excluded"
"E:\甲劈微循环\data\血管数据集\分类数据集\image\312_17.jpg","classification_aug","312","17","recovered_archive1/73","yes","no","EXCLUDE_LOCKED_OVERLAP","exact overlap with v1 locked case; all derivatives excluded"
"E:\甲劈微循环\data\血管数据集\分类数据集\image\312_18.jpg","classification_aug","312","18","recovered_archive1/73","yes","no","EXCLUDE_LOCKED_OVERLAP","exact overlap with v1 locked case; all derivatives excluded"
"E:\甲劈微循环\data\血管数据集\分类数据集\image\312_19.jpg","classification_aug","312","19","recovered_archive1/73","yes","no","EXCLUDE_LOCKED_OVERLAP","exact overlap with v1 locked case; all derivatives excluded"
"E:\甲劈微循环\data\血管数据集\分类数据集\image\312_2.jpg","classification_aug","312","2","recovered_archive1/73","yes","no","EXCLUDE_LOCKED_OVERLAP","exact overlap with v1 locked case; all derivatives excluded"
"E:\甲劈微循环\data\血管数据集\分类数据集\image\312_3.jpg","classification_aug","312","3","recovered_archive1/73","yes","no","EXCLUDE_LOCKED_OVERLAP","exact overlap with v1 locked case; all derivatives excluded"
"E:\甲劈微循环\data\血管数据集\分类数据集\image\312_4.jpg","classification_aug","312","4","recovered_archive1/73","yes","no","EXCLUDE_LOCKED_OVERLAP","exact overlap with v1 locked case; all derivatives excluded"
"E:\甲劈微循环\data\血管数据集\分类数据集\image\312_5.jpg","classification_aug","312","5","recovered_archive1/73","yes","no","EXCLUDE_LOCKED_OVERLAP","exact overlap with v1 locked case; all derivatives excluded"
"E:\甲劈微循环\data\血管数据集\分类数据集\image\312_6.jpg","classification_aug","312","6","recovered_archive1/73","yes","no","EXCLUDE_LOCKED_OVERLAP","exact overlap with v1 locked case; all derivatives excluded"
"E:\甲劈微循环\data\血管数据集\分类数据集\image\312_7.jpg","classification_aug","312","7","recovered_archive1/73","yes","no","EXCLUDE_LOCKED_OVERLAP","exact overlap with v1 locked case; all derivatives excluded"
"E:\甲劈微循环\data\血管数据集\分类数据集\image\312_8.jpg","classification_aug","312","8","recovered_archive1/73","yes","no","EXCLUDE_LOCKED_OVERLAP","exact overlap with v1 locked case; all derivatives excluded"
"E:\甲劈微循环\data\血管数据集\分类数据集\image\312_9.jpg","classification_aug","312","9","recovered_archive1/73","yes","no","EXCLUDE_LOCKED_OVERLAP","exact overlap with v1 locked case; all derivatives excluded"
"E:\甲劈微循环\data\血管数据集\分类数据集\image\319_0.jpg","classification_aug","319","0","recovered_archive1/39","yes","no","EXCLUDE_LOCKED_OVERLAP","exact overlap with v1 locked case; all derivatives excluded"
"E:\甲劈微循环\data\血管数据集\分类数据集\image\319_1.jpg","classification_aug","319","1","recovered_archive1/39","yes","no","EXCLUDE_LOCKED_OVERLAP","exact overlap with v1 locked case; all derivatives excluded"
"E:\甲劈微循环\data\血管数据集\分类数据集\image\319_10.jpg","classification_aug","319","10","recovered_archive1/39","yes","no","EXCLUDE_LOCKED_OVERLAP","exact overlap with v1 locked case; all derivatives excluded"
"E:\甲劈微循环\data\血管数据集\分类数据集\image\319_11.jpg","classification_aug","319","11","recovered_archive1/39","yes","no","EXCLUDE_LOCKED_OVERLAP","exact overlap with v1 locked case; all derivatives excluded"
"E:\甲劈微循环\data\血管数据集\分类数据集\image\319_12.jpg","classification_aug","319","12","recovered_archive1/39","yes","no","EXCLUDE_LOCKED_OVERLAP","exact overlap with v1 locked case; all derivatives excluded"
"E:\甲劈微循环\data\血管数据集\分类数据集\image\319_13.jpg","classification_aug","319","13","recovered_archive1/39","yes","no","EXCLUDE_LOCKED_OVERLAP","exact overlap with v1 locked case; all derivatives excluded"
"E:\甲劈微循环\data\血管数据集\分类数据集\image\319_14.jpg","classification_aug","319","14","recovered_archive1/39","yes","no","EXCLUDE_LOCKED_OVERLAP","exact overlap with v1 locked case; all derivatives excluded"
"E:\甲劈微循环\data\血管数据集\分类数据集\image\319_15.jpg","classification_aug","319","15","recovered_archive1/39","yes","no","EXCLUDE_LOCKED_OVERLAP","exact overlap with v1 locked case; all derivatives excluded"
"E:\甲劈微循环\data\血管数据集\分类数据集\image\319_16.jpg","classification_aug","319","16","recovered_archive1/39","yes","no","EXCLUDE_LOCKED_OVERLAP","exact overlap with v1 locked case; all derivatives excluded"
"E:\甲劈微循环\data\血管数据集\分类数据集\image\319_17.jpg","classification_aug","319","17","recovered_archive1/39","yes","no","EXCLUDE_LOCKED_OVERLAP","exact overlap with v1 locked case; all derivatives excluded"
"E:\甲劈微循环\data\血管数据集\分类数据集\image\319_18.jpg","classification_aug","319","18","recovered_archive1/39","yes","no","EXCLUDE_LOCKED_OVERLAP","exact overlap with v1 locked case; all derivatives excluded"
"E:\甲劈微循环\data\血管数据集\分类数据集\image\319_19.jpg","classification_aug","319","19","recovered_archive1/39","yes","no","EXCLUDE_LOCKED_OVERLAP","exact overlap with v1 locked case; all derivatives excluded"
"E:\甲劈微循环\data\血管数据集\分类数据集\image\319_2.jpg","classification_aug","319","2","recovered_archive1/39","yes","no","EXCLUDE_LOCKED_OVERLAP","exact overlap with v1 locked case; all derivatives excluded"
"E:\甲劈微循环\data\血管数据集\分类数据集\image\319_3.jpg","classification_aug","319","3","recovered_archive1/39","yes","no","EXCLUDE_LOCKED_OVERLAP","exact overlap with v1 locked case; all derivatives excluded"
"E:\甲劈微循环\data\血管数据集\分类数据集\image\319_4.jpg","classification_aug","319","4","recovered_archive1/39","yes","no","EXCLUDE_LOCKED_OVERLAP","exact overlap with v1 locked case; all derivatives excluded"
"E:\甲劈微循环\data\血管数据集\分类数据集\image\319_5.jpg","classification_aug","319","5","recovered_archive1/39","yes","no","EXCLUDE_LOCKED_OVERLAP","exact overlap with v1 locked case; all derivatives excluded"
"E:\甲劈微循环\data\血管数据集\分类数据集\image\319_6.jpg","classification_aug","319","6","recovered_archive1/39","yes","no","EXCLUDE_LOCKED_OVERLAP","exact overlap with v1 locked case; all derivatives excluded"
"E:\甲劈微循环\data\血管数据集\分类数据集\image\319_7.jpg","classification_aug","319","7","recovered_archive1/39","yes","no","EXCLUDE_LOCKED_OVERLAP","exact overlap with v1 locked case; all derivatives excluded"
"E:\甲劈微循环\data\血管数据集\分类数据集\image\319_8.jpg","classification_aug","319","8","recovered_archive1/39","yes","no","EXCLUDE_LOCKED_OVERLAP","exact overlap with v1 locked case; all derivatives excluded"
"E:\甲劈微循环\data\血管数据集\分类数据集\image\319_9.jpg","classification_aug","319","9","recovered_archive1/39","yes","no","EXCLUDE_LOCKED_OVERLAP","exact overlap with v1 locked case; all derivatives excluded"
"E:\甲劈微循环\data\血管数据集\分类数据集\image\321_0.jpg","classification_aug","321","0","recovered_archive2/153","yes","no","EXCLUDE_LOCKED_OVERLAP","exact overlap with v1 locked case; all derivatives excluded"
"E:\甲劈微循环\data\血管数据集\分类数据集\image\321_1.jpg","classification_aug","321","1","recovered_archive2/153","yes","no","EXCLUDE_LOCKED_OVERLAP","exact overlap with v1 locked case; all derivatives excluded"
"E:\甲劈微循环\data\血管数据集\分类数据集\image\321_10.jpg","classification_aug","321","10","recovered_archive2/153","yes","no","EXCLUDE_LOCKED_OVERLAP","exact overlap with v1 locked case; all derivatives excluded"
"E:\甲劈微循环\data\血管数据集\分类数据集\image\321_11.jpg","classification_aug","321","11","recovered_archive2/153","yes","no","EXCLUDE_LOCKED_OVERLAP","exact overlap with v1 locked case; all derivatives excluded"
"E:\甲劈微循环\data\血管数据集\分类数据集\image\321_12.jpg","classification_aug","321","12","recovered_archive2/153","yes","no","EXCLUDE_LOCKED_OVERLAP","exact overlap with v1 locked case; all derivatives excluded"
"E:\甲劈微循环\data\血管数据集\分类数据集\image\321_13.jpg","classification_aug","321","13","recovered_archive2/153","yes","no","EXCLUDE_LOCKED_OVERLAP","exact overlap with v1 locked case; all derivatives excluded"
"E:\甲劈微循环\data\血管数据集\分类数据集\image\321_14.jpg","classification_aug","321","14","recovered_archive2/153","yes","no","EXCLUDE_LOCKED_OVERLAP","exact overlap with v1 locked case; all derivatives excluded"
"E:\甲劈微循环\data\血管数据集\分类数据集\image\321_15.jpg","classification_aug","321","15","recovered_archive2/153","yes","no","EXCLUDE_LOCKED_OVERLAP","exact overlap with v1 locked case; all derivatives excluded"
"E:\甲劈微循环\data\血管数据集\分类数据集\image\321_16.jpg","classification_aug","321","16","recovered_archive2/153","yes","no","EXCLUDE_LOCKED_OVERLAP","exact overlap with v1 locked case; all derivatives excluded"
"E:\甲劈微循环\data\血管数据集\分类数据集\image\321_17.jpg","classification_aug","321","17","recovered_archive2/153","yes","no","EXCLUDE_LOCKED_OVERLAP","exact overlap with v1 locked case; all derivatives excluded"
"E:\甲劈微循环\data\血管数据集\分类数据集\image\321_18.jpg","classification_aug","321","18","recovered_archive2/153","yes","no","EXCLUDE_LOCKED_OVERLAP","exact overlap with v1 locked case; all derivatives excluded"
"E:\甲劈微循环\data\血管数据集\分类数据集\image\321_19.jpg","classification_aug","321","19","recovered_archive2/153","yes","no","EXCLUDE_LOCKED_OVERLAP","exact overlap with v1 locked case; all derivatives excluded"
"E:\甲劈微循环\data\血管数据集\分类数据集\image\321_2.jpg","classification_aug","321","2","recovered_archive2/153","yes","no","EXCLUDE_LOCKED_OVERLAP","exact overlap with v1 locked case; all derivatives excluded"
"E:\甲劈微循环\data\血管数据集\分类数据集\image\321_3.jpg","classification_aug","321","3","recovered_archive2/153","yes","no","EXCLUDE_LOCKED_OVERLAP","exact overlap with v1 locked case; all derivatives excluded"
"E:\甲劈微循环\data\血管数据集\分类数据集\image\321_4.jpg","classification_aug","321","4","recovered_archive2/153","yes","no","EXCLUDE_LOCKED_OVERLAP","exact overlap with v1 locked case; all derivatives excluded"
"E:\甲劈微循环\data\血管数据集\分类数据集\image\321_5.jpg","classification_aug","321","5","recovered_archive2/153","yes","no","EXCLUDE_LOCKED_OVERLAP","exact overlap with v1 locked case; all derivatives excluded"
"E:\甲劈微循环\data\血管数据集\分类数据集\image\321_6.jpg","classification_aug","321","6","recovered_archive2/153","yes","no","EXCLUDE_LOCKED_OVERLAP","exact overlap with v1 locked case; all derivatives excluded"
"E:\甲劈微循环\data\血管数据集\分类数据集\image\321_7.jpg","classification_aug","321","7","recovered_archive2/153","yes","no","EXCLUDE_LOCKED_OVERLAP","exact overlap with v1 locked case; all derivatives excluded"
"E:\甲劈微循环\data\血管数据集\分类数据集\image\321_8.jpg","classification_aug","321","8","recovered_archive2/153","yes","no","EXCLUDE_LOCKED_OVERLAP","exact overlap with v1 locked case; all derivatives excluded"
"E:\甲劈微循环\data\血管数据集\分类数据集\image\321_9.jpg","classification_aug","321","9","recovered_archive2/153","yes","no","EXCLUDE_LOCKED_OVERLAP","exact overlap with v1 locked case; all derivatives excluded"
"E:\甲劈微循环\data\血管数据集\分类数据集\image\340_0.jpg","classification_aug","340","0","recovered_archive2/182","yes","no","EXCLUDE_LOCKED_OVERLAP","exact overlap with v1 locked case; all derivatives excluded"
"E:\甲劈微循环\data\血管数据集\分类数据集\image\340_1.jpg","classification_aug","340","1","recovered_archive2/182","yes","no","EXCLUDE_LOCKED_OVERLAP","exact overlap with v1 locked case; all derivatives excluded"
"E:\甲劈微循环\data\血管数据集\分类数据集\image\340_10.jpg","classification_aug","340","10","recovered_archive2/182","yes","no","EXCLUDE_LOCKED_OVERLAP","exact overlap with v1 locked case; all derivatives excluded"
"E:\甲劈微循环\data\血管数据集\分类数据集\image\340_11.jpg","classification_aug","340","11","recovered_archive2/182","yes","no","EXCLUDE_LOCKED_OVERLAP","exact overlap with v1 locked case; all derivatives excluded"
"E:\甲劈微循环\data\血管数据集\分类数据集\image\340_12.jpg","classification_aug","340","12","recovered_archive2/182","yes","no","EXCLUDE_LOCKED_OVERLAP","exact overlap with v1 locked case; all derivatives excluded"
"E:\甲劈微循环\data\血管数据集\分类数据集\image\340_13.jpg","classification_aug","340","13","recovered_archive2/182","yes","no","EXCLUDE_LOCKED_OVERLAP","exact overlap with v1 locked case; all derivatives excluded"
"E:\甲劈微循环\data\血管数据集\分类数据集\image\340_14.jpg","classification_aug","340","14","recovered_archive2/182","yes","no","EXCLUDE_LOCKED_OVERLAP","exact overlap with v1 locked case; all derivatives excluded"
"E:\甲劈微循环\data\血管数据集\分类数据集\image\340_15.jpg","classification_aug","340","15","recovered_archive2/182","yes","no","EXCLUDE_LOCKED_OVERLAP","exact overlap with v1 locked case; all derivatives excluded"
"E:\甲劈微循环\data\血管数据集\分类数据集\image\340_16.jpg","classification_aug","340","16","recovered_archive2/182","yes","no","EXCLUDE_LOCKED_OVERLAP","exact overlap with v1 locked case; all derivatives excluded"
"E:\甲劈微循环\data\血管数据集\分类数据集\image\340_17.jpg","classification_aug","340","17","recovered_archive2/182","yes","no","EXCLUDE_LOCKED_OVERLAP","exact overlap with v1 locked case; all derivatives excluded"
"E:\甲劈微循环\data\血管数据集\分类数据集\image\340_18.jpg","classification_aug","340","18","recovered_archive2/182","yes","no","EXCLUDE_LOCKED_OVERLAP","exact overlap with v1 locked case; all derivatives excluded"
"E:\甲劈微循环\data\血管数据集\分类数据集\image\340_19.jpg","classification_aug","340","19","recovered_archive2/182","yes","no","EXCLUDE_LOCKED_OVERLAP","exact overlap with v1 locked case; all derivatives excluded"
"E:\甲劈微循环\data\血管数据集\分类数据集\image\340_2.jpg","classification_aug","340","2","recovered_archive2/182","yes","no","EXCLUDE_LOCKED_OVERLAP","exact overlap with v1 locked case; all derivatives excluded"
"E:\甲劈微循环\data\血管数据集\分类数据集\image\340_3.jpg","classification_aug","340","3","recovered_archive2/182","yes","no","EXCLUDE_LOCKED_OVERLAP","exact overlap with v1 locked case; all derivatives excluded"
"E:\甲劈微循环\data\血管数据集\分类数据集\image\340_4.jpg","classification_aug","340","4","recovered_archive2/182","yes","no","EXCLUDE_LOCKED_OVERLAP","exact overlap with v1 locked case; all derivatives excluded"
"E:\甲劈微循环\data\血管数据集\分类数据集\image\340_5.jpg","classification_aug","340","5","recovered_archive2/182","yes","no","EXCLUDE_LOCKED_OVERLAP","exact overlap with v1 locked case; all derivatives excluded"
"E:\甲劈微循环\data\血管数据集\分类数据集\image\340_6.jpg","classification_aug","340","6","recovered_archive2/182","yes","no","EXCLUDE_LOCKED_OVERLAP","exact overlap with v1 locked case; all derivatives excluded"
"E:\甲劈微循环\data\血管数据集\分类数据集\image\340_7.jpg","classification_aug","340","7","recovered_archive2/182","yes","no","EXCLUDE_LOCKED_OVERLAP","exact overlap with v1 locked case; all derivatives excluded"
"E:\甲劈微循环\data\血管数据集\分类数据集\image\340_8.jpg","classification_aug","340","8","recovered_archive2/182","yes","no","EXCLUDE_LOCKED_OVERLAP","exact overlap with v1 locked case; all derivatives excluded"
"E:\甲劈微循环\data\血管数据集\分类数据集\image\340_9.jpg","classification_aug","340","9","recovered_archive2/182","yes","no","EXCLUDE_LOCKED_OVERLAP","exact overlap with v1 locked case; all derivatives excluded"
"E:\甲劈微循环\data\血管数据集\分类数据集\image\348_0.jpg","classification_aug","348","0","recovered_archive1/39","yes","no","EXCLUDE_LOCKED_OVERLAP","exact overlap with v1 locked case; all derivatives excluded"
"E:\甲劈微循环\data\血管数据集\分类数据集\image\348_1.jpg","classification_aug","348","1","recovered_archive1/39","yes","no","EXCLUDE_LOCKED_OVERLAP","exact overlap with v1 locked case; all derivatives excluded"
"E:\甲劈微循环\data\血管数据集\分类数据集\image\348_10.jpg","classification_aug","348","10","recovered_archive1/39","yes","no","EXCLUDE_LOCKED_OVERLAP","exact overlap with v1 locked case; all derivatives excluded"
"E:\甲劈微循环\data\血管数据集\分类数据集\image\348_11.jpg","classification_aug","348","11","recovered_archive1/39","yes","no","EXCLUDE_LOCKED_OVERLAP","exact overlap with v1 locked case; all derivatives excluded"
"E:\甲劈微循环\data\血管数据集\分类数据集\image\348_12.jpg","classification_aug","348","12","recovered_archive1/39","yes","no","EXCLUDE_LOCKED_OVERLAP","exact overlap with v1 locked case; all derivatives excluded"
"E:\甲劈微循环\data\血管数据集\分类数据集\image\348_13.jpg","classification_aug","348","13","recovered_archive1/39","yes","no","EXCLUDE_LOCKED_OVERLAP","exact overlap with v1 locked case; all derivatives excluded"
"E:\甲劈微循环\data\血管数据集\分类数据集\image\348_14.jpg","classification_aug","348","14","recovered_archive1/39","yes","no","EXCLUDE_LOCKED_OVERLAP","exact overlap with v1 locked case; all derivatives excluded"
"E:\甲劈微循环\data\血管数据集\分类数据集\image\348_15.jpg","classification_aug","348","15","recovered_archive1/39","yes","no","EXCLUDE_LOCKED_OVERLAP","exact overlap with v1 locked case; all derivatives excluded"
"E:\甲劈微循环\data\血管数据集\分类数据集\image\348_16.jpg","classification_aug","348","16","recovered_archive1/39","yes","no","EXCLUDE_LOCKED_OVERLAP","exact overlap with v1 locked case; all derivatives excluded"
"E:\甲劈微循环\data\血管数据集\分类数据集\image\348_17.jpg","classification_aug","348","17","recovered_archive1/39","yes","no","EXCLUDE_LOCKED_OVERLAP","exact overlap with v1 locked case; all derivatives excluded"
"E:\甲劈微循环\data\血管数据集\分类数据集\image\348_18.jpg","classification_aug","348","18","recovered_archive1/39","yes","no","EXCLUDE_LOCKED_OVERLAP","exact overlap with v1 locked case; all derivatives excluded"
"E:\甲劈微循环\data\血管数据集\分类数据集\image\348_19.jpg","classification_aug","348","19","recovered_archive1/39","yes","no","EXCLUDE_LOCKED_OVERLAP","exact overlap with v1 locked case; all derivatives excluded"
"E:\甲劈微循环\data\血管数据集\分类数据集\image\348_2.jpg","classification_aug","348","2","recovered_archive1/39","yes","no","EXCLUDE_LOCKED_OVERLAP","exact overlap with v1 locked case; all derivatives excluded"
"E:\甲劈微循环\data\血管数据集\分类数据集\image\348_3.jpg","classification_aug","348","3","recovered_archive1/39","yes","no","EXCLUDE_LOCKED_OVERLAP","exact overlap with v1 locked case; all derivatives excluded"
"E:\甲劈微循环\data\血管数据集\分类数据集\image\348_4.jpg","classification_aug","348","4","recovered_archive1/39","yes","no","EXCLUDE_LOCKED_OVERLAP","exact overlap with v1 locked case; all derivatives excluded"
"E:\甲劈微循环\data\血管数据集\分类数据集\image\348_5.jpg","classification_aug","348","5","recovered_archive1/39","yes","no","EXCLUDE_LOCKED_OVERLAP","exact overlap with v1 locked case; all derivatives excluded"
"E:\甲劈微循环\data\血管数据集\分类数据集\image\348_6.jpg","classification_aug","348","6","recovered_archive1/39","yes","no","EXCLUDE_LOCKED_OVERLAP","exact overlap with v1 locked case; all derivatives excluded"
"E:\甲劈微循环\data\血管数据集\分类数据集\image\348_7.jpg","classification_aug","348","7","recovered_archive1/39","yes","no","EXCLUDE_LOCKED_OVERLAP","exact overlap with v1 locked case; all derivatives excluded"
"E:\甲劈微循环\data\血管数据集\分类数据集\image\348_8.jpg","classification_aug","348","8","recovered_archive1/39","yes","no","EXCLUDE_LOCKED_OVERLAP","exact overlap with v1 locked case; all derivatives excluded"
"E:\甲劈微循环\data\血管数据集\分类数据集\image\348_9.jpg","classification_aug","348","9","recovered_archive1/39","yes","no","EXCLUDE_LOCKED_OVERLAP","exact overlap with v1 locked case; all derivatives excluded"
"E:\甲劈微循环\data\血管数据集\分类数据集\image\354_0.jpg","classification_aug","354","0","recovered_archive2/187","yes","no","EXCLUDE_LOCKED_OVERLAP","exact overlap with v1 locked case; all derivatives excluded"
"E:\甲劈微循环\data\血管数据集\分类数据集\image\354_1.jpg","classification_aug","354","1","recovered_archive2/187","yes","no","EXCLUDE_LOCKED_OVERLAP","exact overlap with v1 locked case; all derivatives excluded"
"E:\甲劈微循环\data\血管数据集\分类数据集\image\354_10.jpg","classification_aug","354","10","recovered_archive2/187","yes","no","EXCLUDE_LOCKED_OVERLAP","exact overlap with v1 locked case; all derivatives excluded"
"E:\甲劈微循环\data\血管数据集\分类数据集\image\354_11.jpg","classification_aug","354","11","recovered_archive2/187","yes","no","EXCLUDE_LOCKED_OVERLAP","exact overlap with v1 locked case; all derivatives excluded"
"E:\甲劈微循环\data\血管数据集\分类数据集\image\354_12.jpg","classification_aug","354","12","recovered_archive2/187","yes","no","EXCLUDE_LOCKED_OVERLAP","exact overlap with v1 locked case; all derivatives excluded"
"E:\甲劈微循环\data\血管数据集\分类数据集\image\354_13.jpg","classification_aug","354","13","recovered_archive2/187","yes","no","EXCLUDE_LOCKED_OVERLAP","exact overlap with v1 locked case; all derivatives excluded"
"E:\甲劈微循环\data\血管数据集\分类数据集\image\354_14.jpg","classification_aug","354","14","recovered_archive2/187","yes","no","EXCLUDE_LOCKED_OVERLAP","exact overlap with v1 locked case; all derivatives excluded"
"E:\甲劈微循环\data\血管数据集\分类数据集\image\354_15.jpg","classification_aug","354","15","recovered_archive2/187","yes","no","EXCLUDE_LOCKED_OVERLAP","exact overlap with v1 locked case; all derivatives excluded"
"E:\甲劈微循环\data\血管数据集\分类数据集\image\354_16.jpg","classification_aug","354","16","recovered_archive2/187","yes","no","EXCLUDE_LOCKED_OVERLAP","exact overlap with v1 locked case; all derivatives excluded"
"E:\甲劈微循环\data\血管数据集\分类数据集\image\354_17.jpg","classification_aug","354","17","recovered_archive2/187","yes","no","EXCLUDE_LOCKED_OVERLAP","exact overlap with v1 locked case; all derivatives excluded"
"E:\甲劈微循环\data\血管数据集\分类数据集\image\354_18.jpg","classification_aug","354","18","recovered_archive2/187","yes","no","EXCLUDE_LOCKED_OVERLAP","exact overlap with v1 locked case; all derivatives excluded"
"E:\甲劈微循环\data\血管数据集\分类数据集\image\354_19.jpg","classification_aug","354","19","recovered_archive2/187","yes","no","EXCLUDE_LOCKED_OVERLAP","exact overlap with v1 locked case; all derivatives excluded"
"E:\甲劈微循环\data\血管数据集\分类数据集\image\354_2.jpg","classification_aug","354","2","recovered_archive2/187","yes","no","EXCLUDE_LOCKED_OVERLAP","exact overlap with v1 locked case; all derivatives excluded"
"E:\甲劈微循环\data\血管数据集\分类数据集\image\354_3.jpg","classification_aug","354","3","recovered_archive2/187","yes","no","EXCLUDE_LOCKED_OVERLAP","exact overlap with v1 locked case; all derivatives excluded"
"E:\甲劈微循环\data\血管数据集\分类数据集\image\354_4.jpg","classification_aug","354","4","recovered_archive2/187","yes","no","EXCLUDE_LOCKED_OVERLAP","exact overlap with v1 locked case; all derivatives excluded"
"E:\甲劈微循环\data\血管数据集\分类数据集\image\354_5.jpg","classification_aug","354","5","recovered_archive2/187","yes","no","EXCLUDE_LOCKED_OVERLAP","exact overlap with v1 locked case; all derivatives excluded"
"E:\甲劈微循环\data\血管数据集\分类数据集\image\354_6.jpg","classification_aug","354","6","recovered_archive2/187","yes","no","EXCLUDE_LOCKED_OVERLAP","exact overlap with v1 locked case; all derivatives excluded"
"E:\甲劈微循环\data\血管数据集\分类数据集\image\354_7.jpg","classification_aug","354","7","recovered_archive2/187","yes","no","EXCLUDE_LOCKED_OVERLAP","exact overlap with v1 locked case; all derivatives excluded"
"E:\甲劈微循环\data\血管数据集\分类数据集\image\354_8.jpg","classification_aug","354","8","recovered_archive2/187","yes","no","EXCLUDE_LOCKED_OVERLAP","exact overlap with v1 locked case; all derivatives excluded"
"E:\甲劈微循环\data\血管数据集\分类数据集\image\354_9.jpg","classification_aug","354","9","recovered_archive2/187","yes","no","EXCLUDE_LOCKED_OVERLAP","exact overlap with v1 locked case; all derivatives excluded"
"E:\甲劈微循环\data\血管数据集\分类数据集\image\383_0.jpg","classification_aug","383","0","recovered_archive3/217","yes","no","EXCLUDE_LOCKED_OVERLAP","exact overlap with v1 locked case; all derivatives excluded"
"E:\甲劈微循环\data\血管数据集\分类数据集\image\383_1.jpg","classification_aug","383","1","recovered_archive3/217","yes","no","EXCLUDE_LOCKED_OVERLAP","exact overlap with v1 locked case; all derivatives excluded"
"E:\甲劈微循环\data\血管数据集\分类数据集\image\383_10.jpg","classification_aug","383","10","recovered_archive3/217","yes","no","EXCLUDE_LOCKED_OVERLAP","exact overlap with v1 locked case; all derivatives excluded"
"E:\甲劈微循环\data\血管数据集\分类数据集\image\383_11.jpg","classification_aug","383","11","recovered_archive3/217","yes","no","EXCLUDE_LOCKED_OVERLAP","exact overlap with v1 locked case; all derivatives excluded"
"E:\甲劈微循环\data\血管数据集\分类数据集\image\383_12.jpg","classification_aug","383","12","recovered_archive3/217","yes","no","EXCLUDE_LOCKED_OVERLAP","exact overlap with v1 locked case; all derivatives excluded"
"E:\甲劈微循环\data\血管数据集\分类数据集\image\383_13.jpg","classification_aug","383","13","recovered_archive3/217","yes","no","EXCLUDE_LOCKED_OVERLAP","exact overlap with v1 locked case; all derivatives excluded"
"E:\甲劈微循环\data\血管数据集\分类数据集\image\383_14.jpg","classification_aug","383","14","recovered_archive3/217","yes","no","EXCLUDE_LOCKED_OVERLAP","exact overlap with v1 locked case; all derivatives excluded"
"E:\甲劈微循环\data\血管数据集\分类数据集\image\383_15.jpg","classification_aug","383","15","recovered_archive3/217","yes","no","EXCLUDE_LOCKED_OVERLAP","exact overlap with v1 locked case; all derivatives excluded"
"E:\甲劈微循环\data\血管数据集\分类数据集\image\383_16.jpg","classification_aug","383","16","recovered_archive3/217","yes","no","EXCLUDE_LOCKED_OVERLAP","exact overlap with v1 locked case; all derivatives excluded"
"E:\甲劈微循环\data\血管数据集\分类数据集\image\383_17.jpg","classification_aug","383","17","recovered_archive3/217","yes","no","EXCLUDE_LOCKED_OVERLAP","exact overlap with v1 locked case; all derivatives excluded"
"E:\甲劈微循环\data\血管数据集\分类数据集\image\383_18.jpg","classification_aug","383","18","recovered_archive3/217","yes","no","EXCLUDE_LOCKED_OVERLAP","exact overlap with v1 locked case; all derivatives excluded"
"E:\甲劈微循环\data\血管数据集\分类数据集\image\383_19.jpg","classification_aug","383","19","recovered_archive3/217","yes","no","EXCLUDE_LOCKED_OVERLAP","exact overlap with v1 locked case; all derivatives excluded"
"E:\甲劈微循环\data\血管数据集\分类数据集\image\383_2.jpg","classification_aug","383","2","recovered_archive3/217","yes","no","EXCLUDE_LOCKED_OVERLAP","exact overlap with v1 locked case; all derivatives excluded"
"E:\甲劈微循环\data\血管数据集\分类数据集\image\383_3.jpg","classification_aug","383","3","recovered_archive3/217","yes","no","EXCLUDE_LOCKED_OVERLAP","exact overlap with v1 locked case; all derivatives excluded"
"E:\甲劈微循环\data\血管数据集\分类数据集\image\383_4.jpg","classification_aug","383","4","recovered_archive3/217","yes","no","EXCLUDE_LOCKED_OVERLAP","exact overlap with v1 locked case; all derivatives excluded"
"E:\甲劈微循环\data\血管数据集\分类数据集\image\383_5.jpg","classification_aug","383","5","recovered_archive3/217","yes","no","EXCLUDE_LOCKED_OVERLAP","exact overlap with v1 locked case; all derivatives excluded"
"E:\甲劈微循环\data\血管数据集\分类数据集\image\383_6.jpg","classification_aug","383","6","recovered_archive3/217","yes","no","EXCLUDE_LOCKED_OVERLAP","exact overlap with v1 locked case; all derivatives excluded"
"E:\甲劈微循环\data\血管数据集\分类数据集\image\383_7.jpg","classification_aug","383","7","recovered_archive3/217","yes","no","EXCLUDE_LOCKED_OVERLAP","exact overlap with v1 locked case; all derivatives excluded"
"E:\甲劈微循环\data\血管数据集\分类数据集\image\383_8.jpg","classification_aug","383","8","recovered_archive3/217","yes","no","EXCLUDE_LOCKED_OVERLAP","exact overlap with v1 locked case; all derivatives excluded"
"E:\甲劈微循环\data\血管数据集\分类数据集\image\383_9.jpg","classification_aug","383","9","recovered_archive3/217","yes","no","EXCLUDE_LOCKED_OVERLAP","exact overlap with v1 locked case; all derivatives excluded"
"E:\甲劈微循环\data\血管数据集\分类数据集\image\385_0.jpg","classification_aug","385","0","recovered_archive2/185","yes","no","EXCLUDE_LOCKED_OVERLAP","exact overlap with v1 locked case; all derivatives excluded"
"E:\甲劈微循环\data\血管数据集\分类数据集\image\385_1.jpg","classification_aug","385","1","recovered_archive2/185","yes","no","EXCLUDE_LOCKED_OVERLAP","exact overlap with v1 locked case; all derivatives excluded"
"E:\甲劈微循环\data\血管数据集\分类数据集\image\385_10.jpg","classification_aug","385","10","recovered_archive2/185","yes","no","EXCLUDE_LOCKED_OVERLAP","exact overlap with v1 locked case; all derivatives excluded"
"E:\甲劈微循环\data\血管数据集\分类数据集\image\385_11.jpg","classification_aug","385","11","recovered_archive2/185","yes","no","EXCLUDE_LOCKED_OVERLAP","exact overlap with v1 locked case; all derivatives excluded"
"E:\甲劈微循环\data\血管数据集\分类数据集\image\385_12.jpg","classification_aug","385","12","recovered_archive2/185","yes","no","EXCLUDE_LOCKED_OVERLAP","exact overlap with v1 locked case; all derivatives excluded"
"E:\甲劈微循环\data\血管数据集\分类数据集\image\385_13.jpg","classification_aug","385","13","recovered_archive2/185","yes","no","EXCLUDE_LOCKED_OVERLAP","exact overlap with v1 locked case; all derivatives excluded"
"E:\甲劈微循环\data\血管数据集\分类数据集\image\385_14.jpg","classification_aug","385","14","recovered_archive2/185","yes","no","EXCLUDE_LOCKED_OVERLAP","exact overlap with v1 locked case; all derivatives excluded"
"E:\甲劈微循环\data\血管数据集\分类数据集\image\385_15.jpg","classification_aug","385","15","recovered_archive2/185","yes","no","EXCLUDE_LOCKED_OVERLAP","exact overlap with v1 locked case; all derivatives excluded"
"E:\甲劈微循环\data\血管数据集\分类数据集\image\385_16.jpg","classification_aug","385","16","recovered_archive2/185","yes","no","EXCLUDE_LOCKED_OVERLAP","exact overlap with v1 locked case; all derivatives excluded"
"E:\甲劈微循环\data\血管数据集\分类数据集\image\385_17.jpg","classification_aug","385","17","recovered_archive2/185","yes","no","EXCLUDE_LOCKED_OVERLAP","exact overlap with v1 locked case; all derivatives excluded"
"E:\甲劈微循环\data\血管数据集\分类数据集\image\385_18.jpg","classification_aug","385","18","recovered_archive2/185","yes","no","EXCLUDE_LOCKED_OVERLAP","exact overlap with v1 locked case; all derivatives excluded"
"E:\甲劈微循环\data\血管数据集\分类数据集\image\385_19.jpg","classification_aug","385","19","recovered_archive2/185","yes","no","EXCLUDE_LOCKED_OVERLAP","exact overlap with v1 locked case; all derivatives excluded"
"E:\甲劈微循环\data\血管数据集\分类数据集\image\385_2.jpg","classification_aug","385","2","recovered_archive2/185","yes","no","EXCLUDE_LOCKED_OVERLAP","exact overlap with v1 locked case; all derivatives excluded"
"E:\甲劈微循环\data\血管数据集\分类数据集\image\385_3.jpg","classification_aug","385","3","recovered_archive2/185","yes","no","EXCLUDE_LOCKED_OVERLAP","exact overlap with v1 locked case; all derivatives excluded"
"E:\甲劈微循环\data\血管数据集\分类数据集\image\385_4.jpg","classification_aug","385","4","recovered_archive2/185","yes","no","EXCLUDE_LOCKED_OVERLAP","exact overlap with v1 locked case; all derivatives excluded"
"E:\甲劈微循环\data\血管数据集\分类数据集\image\385_5.jpg","classification_aug","385","5","recovered_archive2/185","yes","no","EXCLUDE_LOCKED_OVERLAP","exact overlap with v1 locked case; all derivatives excluded"
"E:\甲劈微循环\data\血管数据集\分类数据集\image\385_6.jpg","classification_aug","385","6","recovered_archive2/185","yes","no","EXCLUDE_LOCKED_OVERLAP","exact overlap with v1 locked case; all derivatives excluded"
"E:\甲劈微循环\data\血管数据集\分类数据集\image\385_7.jpg","classification_aug","385","7","recovered_archive2/185","yes","no","EXCLUDE_LOCKED_OVERLAP","exact overlap with v1 locked case; all derivatives excluded"
"E:\甲劈微循环\data\血管数据集\分类数据集\image\385_8.jpg","classification_aug","385","8","recovered_archive2/185","yes","no","EXCLUDE_LOCKED_OVERLAP","exact overlap with v1 locked case; all derivatives excluded"
"E:\甲劈微循环\data\血管数据集\分类数据集\image\385_9.jpg","classification_aug","385","9","recovered_archive2/185","yes","no","EXCLUDE_LOCKED_OVERLAP","exact overlap with v1 locked case; all derivatives excluded"
"E:\甲劈微循环\data\血管数据集\分类数据集\image\389_0.jpg","classification_aug","389","0","recovered_archive2/182","yes","no","EXCLUDE_LOCKED_OVERLAP","exact overlap with v1 locked case; all derivatives excluded"
"E:\甲劈微循环\data\血管数据集\分类数据集\image\389_1.jpg","classification_aug","389","1","recovered_archive2/182","yes","no","EXCLUDE_LOCKED_OVERLAP","exact overlap with v1 locked case; all derivatives excluded"
"E:\甲劈微循环\data\血管数据集\分类数据集\image\389_10.jpg","classification_aug","389","10","recovered_archive2/182","yes","no","EXCLUDE_LOCKED_OVERLAP","exact overlap with v1 locked case; all derivatives excluded"
"E:\甲劈微循环\data\血管数据集\分类数据集\image\389_11.jpg","classification_aug","389","11","recovered_archive2/182","yes","no","EXCLUDE_LOCKED_OVERLAP","exact overlap with v1 locked case; all derivatives excluded"
"E:\甲劈微循环\data\血管数据集\分类数据集\image\389_12.jpg","classification_aug","389","12","recovered_archive2/182","yes","no","EXCLUDE_LOCKED_OVERLAP","exact overlap with v1 locked case; all derivatives excluded"
"E:\甲劈微循环\data\血管数据集\分类数据集\image\389_13.jpg","classification_aug","389","13","recovered_archive2/182","yes","no","EXCLUDE_LOCKED_OVERLAP","exact overlap with v1 locked case; all derivatives excluded"
"E:\甲劈微循环\data\血管数据集\分类数据集\image\389_14.jpg","classification_aug","389","14","recovered_archive2/182","yes","no","EXCLUDE_LOCKED_OVERLAP","exact overlap with v1 locked case; all derivatives excluded"
"E:\甲劈微循环\data\血管数据集\分类数据集\image\389_15.jpg","classification_aug","389","15","recovered_archive2/182","yes","no","EXCLUDE_LOCKED_OVERLAP","exact overlap with v1 locked case; all derivatives excluded"
"E:\甲劈微循环\data\血管数据集\分类数据集\image\389_16.jpg","classification_aug","389","16","recovered_archive2/182","yes","no","EXCLUDE_LOCKED_OVERLAP","exact overlap with v1 locked case; all derivatives excluded"
"E:\甲劈微循环\data\血管数据集\分类数据集\image\389_17.jpg","classification_aug","389","17","recovered_archive2/182","yes","no","EXCLUDE_LOCKED_OVERLAP","exact overlap with v1 locked case; all derivatives excluded"
"E:\甲劈微循环\data\血管数据集\分类数据集\image\389_18.jpg","classification_aug","389","18","recovered_archive2/182","yes","no","EXCLUDE_LOCKED_OVERLAP","exact overlap with v1 locked case; all derivatives excluded"
"E:\甲劈微循环\data\血管数据集\分类数据集\image\389_19.jpg","classification_aug","389","19","recovered_archive2/182","yes","no","EXCLUDE_LOCKED_OVERLAP","exact overlap with v1 locked case; all derivatives excluded"
"E:\甲劈微循环\data\血管数据集\分类数据集\image\389_2.jpg","classification_aug","389","2","recovered_archive2/182","yes","no","EXCLUDE_LOCKED_OVERLAP","exact overlap with v1 locked case; all derivatives excluded"
"E:\甲劈微循环\data\血管数据集\分类数据集\image\389_3.jpg","classification_aug","389","3","recovered_archive2/182","yes","no","EXCLUDE_LOCKED_OVERLAP","exact overlap with v1 locked case; all derivatives excluded"
"E:\甲劈微循环\data\血管数据集\分类数据集\image\389_4.jpg","classification_aug","389","4","recovered_archive2/182","yes","no","EXCLUDE_LOCKED_OVERLAP","exact overlap with v1 locked case; all derivatives excluded"
"E:\甲劈微循环\data\血管数据集\分类数据集\image\389_5.jpg","classification_aug","389","5","recovered_archive2/182","yes","no","EXCLUDE_LOCKED_OVERLAP","exact overlap with v1 locked case; all derivatives excluded"
"E:\甲劈微循环\data\血管数据集\分类数据集\image\389_6.jpg","classification_aug","389","6","recovered_archive2/182","yes","no","EXCLUDE_LOCKED_OVERLAP","exact overlap with v1 locked case; all derivatives excluded"
"E:\甲劈微循环\data\血管数据集\分类数据集\image\389_7.jpg","classification_aug","389","7","recovered_archive2/182","yes","no","EXCLUDE_LOCKED_OVERLAP","exact overlap with v1 locked case; all derivatives excluded"
"E:\甲劈微循环\data\血管数据集\分类数据集\image\389_8.jpg","classification_aug","389","8","recovered_archive2/182","yes","no","EXCLUDE_LOCKED_OVERLAP","exact overlap with v1 locked case; all derivatives excluded"
"E:\甲劈微循环\data\血管数据集\分类数据集\image\389_9.jpg","classification_aug","389","9","recovered_archive2/182","yes","no","EXCLUDE_LOCKED_OVERLAP","exact overlap with v1 locked case; all derivatives excluded"
"E:\甲劈微循环\data\血管数据集\分类数据集\image\48_0.jpg","classification_aug","48","0","recovered_archive1/75","yes","no","EXCLUDE_LOCKED_OVERLAP","exact overlap with v1 locked case; all derivatives excluded"
"E:\甲劈微循环\data\血管数据集\分类数据集\image\48_1.jpg","classification_aug","48","1","recovered_archive1/75","yes","no","EXCLUDE_LOCKED_OVERLAP","exact overlap with v1 locked case; all derivatives excluded"
"E:\甲劈微循环\data\血管数据集\分类数据集\image\48_10.jpg","classification_aug","48","10","recovered_archive1/75","yes","no","EXCLUDE_LOCKED_OVERLAP","exact overlap with v1 locked case; all derivatives excluded"
"E:\甲劈微循环\data\血管数据集\分类数据集\image\48_11.jpg","classification_aug","48","11","recovered_archive1/75","yes","no","EXCLUDE_LOCKED_OVERLAP","exact overlap with v1 locked case; all derivatives excluded"
"E:\甲劈微循环\data\血管数据集\分类数据集\image\48_12.jpg","classification_aug","48","12","recovered_archive1/75","yes","no","EXCLUDE_LOCKED_OVERLAP","exact overlap with v1 locked case; all derivatives excluded"
"E:\甲劈微循环\data\血管数据集\分类数据集\image\48_13.jpg","classification_aug","48","13","recovered_archive1/75","yes","no","EXCLUDE_LOCKED_OVERLAP","exact overlap with v1 locked case; all derivatives excluded"
"E:\甲劈微循环\data\血管数据集\分类数据集\image\48_14.jpg","classification_aug","48","14","recovered_archive1/75","yes","no","EXCLUDE_LOCKED_OVERLAP","exact overlap with v1 locked case; all derivatives excluded"
"E:\甲劈微循环\data\血管数据集\分类数据集\image\48_15.jpg","classification_aug","48","15","recovered_archive1/75","yes","no","EXCLUDE_LOCKED_OVERLAP","exact overlap with v1 locked case; all derivatives excluded"
"E:\甲劈微循环\data\血管数据集\分类数据集\image\48_16.jpg","classification_aug","48","16","recovered_archive1/75","yes","no","EXCLUDE_LOCKED_OVERLAP","exact overlap with v1 locked case; all derivatives excluded"
"E:\甲劈微循环\data\血管数据集\分类数据集\image\48_17.jpg","classification_aug","48","17","recovered_archive1/75","yes","no","EXCLUDE_LOCKED_OVERLAP","exact overlap with v1 locked case; all derivatives excluded"
"E:\甲劈微循环\data\血管数据集\分类数据集\image\48_18.jpg","classification_aug","48","18","recovered_archive1/75","yes","no","EXCLUDE_LOCKED_OVERLAP","exact overlap with v1 locked case; all derivatives excluded"
"E:\甲劈微循环\data\血管数据集\分类数据集\image\48_19.jpg","classification_aug","48","19","recovered_archive1/75","yes","no","EXCLUDE_LOCKED_OVERLAP","exact overlap with v1 locked case; all derivatives excluded"
"E:\甲劈微循环\data\血管数据集\分类数据集\image\48_2.jpg","classification_aug","48","2","recovered_archive1/75","yes","no","EXCLUDE_LOCKED_OVERLAP","exact overlap with v1 locked case; all derivatives excluded"
"E:\甲劈微循环\data\血管数据集\分类数据集\image\48_3.jpg","classification_aug","48","3","recovered_archive1/75","yes","no","EXCLUDE_LOCKED_OVERLAP","exact overlap with v1 locked case; all derivatives excluded"
"E:\甲劈微循环\data\血管数据集\分类数据集\image\48_4.jpg","classification_aug","48","4","recovered_archive1/75","yes","no","EXCLUDE_LOCKED_OVERLAP","exact overlap with v1 locked case; all derivatives excluded"
"E:\甲劈微循环\data\血管数据集\分类数据集\image\48_5.jpg","classification_aug","48","5","recovered_archive1/75","yes","no","EXCLUDE_LOCKED_OVERLAP","exact overlap with v1 locked case; all derivatives excluded"
"E:\甲劈微循环\data\血管数据集\分类数据集\image\48_6.jpg","classification_aug","48","6","recovered_archive1/75","yes","no","EXCLUDE_LOCKED_OVERLAP","exact overlap with v1 locked case; all derivatives excluded"
"E:\甲劈微循环\data\血管数据集\分类数据集\image\48_7.jpg","classification_aug","48","7","recovered_archive1/75","yes","no","EXCLUDE_LOCKED_OVERLAP","exact overlap with v1 locked case; all derivatives excluded"
"E:\甲劈微循环\data\血管数据集\分类数据集\image\48_8.jpg","classification_aug","48","8","recovered_archive1/75","yes","no","EXCLUDE_LOCKED_OVERLAP","exact overlap with v1 locked case; all derivatives excluded"
"E:\甲劈微循环\data\血管数据集\分类数据集\image\48_9.jpg","classification_aug","48","9","recovered_archive1/75","yes","no","EXCLUDE_LOCKED_OVERLAP","exact overlap with v1 locked case; all derivatives excluded"
"E:\甲劈微循环\data\血管数据集\分类数据集\image\498_0.jpg","classification_aug","498","0","recovered_archive2/156","yes","no","EXCLUDE_LOCKED_OVERLAP","exact overlap with v1 locked case; all derivatives excluded"
"E:\甲劈微循环\data\血管数据集\分类数据集\image\498_1.jpg","classification_aug","498","1","recovered_archive2/156","yes","no","EXCLUDE_LOCKED_OVERLAP","exact overlap with v1 locked case; all derivatives excluded"
"E:\甲劈微循环\data\血管数据集\分类数据集\image\498_10.jpg","classification_aug","498","10","recovered_archive2/156","yes","no","EXCLUDE_LOCKED_OVERLAP","exact overlap with v1 locked case; all derivatives excluded"
"E:\甲劈微循环\data\血管数据集\分类数据集\image\498_11.jpg","classification_aug","498","11","recovered_archive2/156","yes","no","EXCLUDE_LOCKED_OVERLAP","exact overlap with v1 locked case; all derivatives excluded"
"E:\甲劈微循环\data\血管数据集\分类数据集\image\498_12.jpg","classification_aug","498","12","recovered_archive2/156","yes","no","EXCLUDE_LOCKED_OVERLAP","exact overlap with v1 locked case; all derivatives excluded"
"E:\甲劈微循环\data\血管数据集\分类数据集\image\498_13.jpg","classification_aug","498","13","recovered_archive2/156","yes","no","EXCLUDE_LOCKED_OVERLAP","exact overlap with v1 locked case; all derivatives excluded"
"E:\甲劈微循环\data\血管数据集\分类数据集\image\498_14.jpg","classification_aug","498","14","recovered_archive2/156","yes","no","EXCLUDE_LOCKED_OVERLAP","exact overlap with v1 locked case; all derivatives excluded"
"E:\甲劈微循环\data\血管数据集\分类数据集\image\498_15.jpg","classification_aug","498","15","recovered_archive2/156","yes","no","EXCLUDE_LOCKED_OVERLAP","exact overlap with v1 locked case; all derivatives excluded"
"E:\甲劈微循环\data\血管数据集\分类数据集\image\498_16.jpg","classification_aug","498","16","recovered_archive2/156","yes","no","EXCLUDE_LOCKED_OVERLAP","exact overlap with v1 locked case; all derivatives excluded"
"E:\甲劈微循环\data\血管数据集\分类数据集\image\498_17.jpg","classification_aug","498","17","recovered_archive2/156","yes","no","EXCLUDE_LOCKED_OVERLAP","exact overlap with v1 locked case; all derivatives excluded"
"E:\甲劈微循环\data\血管数据集\分类数据集\image\498_18.jpg","classification_aug","498","18","recovered_archive2/156","yes","no","EXCLUDE_LOCKED_OVERLAP","exact overlap with v1 locked case; all derivatives excluded"
"E:\甲劈微循环\data\血管数据集\分类数据集\image\498_19.jpg","classification_aug","498","19","recovered_archive2/156","yes","no","EXCLUDE_LOCKED_OVERLAP","exact overlap with v1 locked case; all derivatives excluded"
"E:\甲劈微循环\data\血管数据集\分类数据集\image\498_2.jpg","classification_aug","498","2","recovered_archive2/156","yes","no","EXCLUDE_LOCKED_OVERLAP","exact overlap with v1 locked case; all derivatives excluded"
"E:\甲劈微循环\data\血管数据集\分类数据集\image\498_3.jpg","classification_aug","498","3","recovered_archive2/156","yes","no","EXCLUDE_LOCKED_OVERLAP","exact overlap with v1 locked case; all derivatives excluded"
"E:\甲劈微循环\data\血管数据集\分类数据集\image\498_4.jpg","classification_aug","498","4","recovered_archive2/156","yes","no","EXCLUDE_LOCKED_OVERLAP","exact overlap with v1 locked case; all derivatives excluded"
"E:\甲劈微循环\data\血管数据集\分类数据集\image\498_5.jpg","classification_aug","498","5","recovered_archive2/156","yes","no","EXCLUDE_LOCKED_OVERLAP","exact overlap with v1 locked case; all derivatives excluded"
"E:\甲劈微循环\data\血管数据集\分类数据集\image\498_6.jpg","classification_aug","498","6","recovered_archive2/156","yes","no","EXCLUDE_LOCKED_OVERLAP","exact overlap with v1 locked case; all derivatives excluded"
"E:\甲劈微循环\data\血管数据集\分类数据集\image\498_7.jpg","classification_aug","498","7","recovered_archive2/156","yes","no","EXCLUDE_LOCKED_OVERLAP","exact overlap with v1 locked case; all derivatives excluded"
"E:\甲劈微循环\data\血管数据集\分类数据集\image\498_8.jpg","classification_aug","498","8","recovered_archive2/156","yes","no","EXCLUDE_LOCKED_OVERLAP","exact overlap with v1 locked case; all derivatives excluded"
"E:\甲劈微循环\data\血管数据集\分类数据集\image\498_9.jpg","classification_aug","498","9","recovered_archive2/156","yes","no","EXCLUDE_LOCKED_OVERLAP","exact overlap with v1 locked case; all derivatives excluded"
"E:\甲劈微循环\data\血管数据集\分类数据集\image\509_0.jpg","classification_aug","509","0","recovered_archive1/77","yes","no","EXCLUDE_LOCKED_OVERLAP","exact overlap with v1 locked case; all derivatives excluded"
"E:\甲劈微循环\data\血管数据集\分类数据集\image\509_1.jpg","classification_aug","509","1","recovered_archive1/77","yes","no","EXCLUDE_LOCKED_OVERLAP","exact overlap with v1 locked case; all derivatives excluded"
"E:\甲劈微循环\data\血管数据集\分类数据集\image\509_10.jpg","classification_aug","509","10","recovered_archive1/77","yes","no","EXCLUDE_LOCKED_OVERLAP","exact overlap with v1 locked case; all derivatives excluded"
"E:\甲劈微循环\data\血管数据集\分类数据集\image\509_11.jpg","classification_aug","509","11","recovered_archive1/77","yes","no","EXCLUDE_LOCKED_OVERLAP","exact overlap with v1 locked case; all derivatives excluded"
"E:\甲劈微循环\data\血管数据集\分类数据集\image\509_12.jpg","classification_aug","509","12","recovered_archive1/77","yes","no","EXCLUDE_LOCKED_OVERLAP","exact overlap with v1 locked case; all derivatives excluded"
"E:\甲劈微循环\data\血管数据集\分类数据集\image\509_13.jpg","classification_aug","509","13","recovered_archive1/77","yes","no","EXCLUDE_LOCKED_OVERLAP","exact overlap with v1 locked case; all derivatives excluded"
"E:\甲劈微循环\data\血管数据集\分类数据集\image\509_14.jpg","classification_aug","509","14","recovered_archive1/77","yes","no","EXCLUDE_LOCKED_OVERLAP","exact overlap with v1 locked case; all derivatives excluded"
"E:\甲劈微循环\data\血管数据集\分类数据集\image\509_15.jpg","classification_aug","509","15","recovered_archive1/77","yes","no","EXCLUDE_LOCKED_OVERLAP","exact overlap with v1 locked case; all derivatives excluded"
"E:\甲劈微循环\data\血管数据集\分类数据集\image\509_16.jpg","classification_aug","509","16","recovered_archive1/77","yes","no","EXCLUDE_LOCKED_OVERLAP","exact overlap with v1 locked case; all derivatives excluded"
"E:\甲劈微循环\data\血管数据集\分类数据集\image\509_17.jpg","classification_aug","509","17","recovered_archive1/77","yes","no","EXCLUDE_LOCKED_OVERLAP","exact overlap with v1 locked case; all derivatives excluded"
"E:\甲劈微循环\data\血管数据集\分类数据集\image\509_18.jpg","classification_aug","509","18","recovered_archive1/77","yes","no","EXCLUDE_LOCKED_OVERLAP","exact overlap with v1 locked case; all derivatives excluded"
"E:\甲劈微循环\data\血管数据集\分类数据集\image\509_19.jpg","classification_aug","509","19","recovered_archive1/77","yes","no","EXCLUDE_LOCKED_OVERLAP","exact overlap with v1 locked case; all derivatives excluded"
"E:\甲劈微循环\data\血管数据集\分类数据集\image\509_2.jpg","classification_aug","509","2","recovered_archive1/77","yes","no","EXCLUDE_LOCKED_OVERLAP","exact overlap with v1 locked case; all derivatives excluded"
"E:\甲劈微循环\data\血管数据集\分类数据集\image\509_3.jpg","classification_aug","509","3","recovered_archive1/77","yes","no","EXCLUDE_LOCKED_OVERLAP","exact overlap with v1 locked case; all derivatives excluded"
"E:\甲劈微循环\data\血管数据集\分类数据集\image\509_4.jpg","classification_aug","509","4","recovered_archive1/77","yes","no","EXCLUDE_LOCKED_OVERLAP","exact overlap with v1 locked case; all derivatives excluded"
"E:\甲劈微循环\data\血管数据集\分类数据集\image\509_5.jpg","classification_aug","509","5","recovered_archive1/77","yes","no","EXCLUDE_LOCKED_OVERLAP","exact overlap with v1 locked case; all derivatives excluded"
"E:\甲劈微循环\data\血管数据集\分类数据集\image\509_6.jpg","classification_aug","509","6","recovered_archive1/77","yes","no","EXCLUDE_LOCKED_OVERLAP","exact overlap with v1 locked case; all derivatives excluded"
"E:\甲劈微循环\data\血管数据集\分类数据集\image\509_7.jpg","classification_aug","509","7","recovered_archive1/77","yes","no","EXCLUDE_LOCKED_OVERLAP","exact overlap with v1 locked case; all derivatives excluded"
"E:\甲劈微循环\data\血管数据集\分类数据集\image\509_8.jpg","classification_aug","509","8","recovered_archive1/77","yes","no","EXCLUDE_LOCKED_OVERLAP","exact overlap with v1 locked case; all derivatives excluded"
"E:\甲劈微循环\data\血管数据集\分类数据集\image\509_9.jpg","classification_aug","509","9","recovered_archive1/77","yes","no","EXCLUDE_LOCKED_OVERLAP","exact overlap with v1 locked case; all derivatives excluded"
"E:\甲劈微循环\data\血管数据集\分类数据集\image\511_0.jpg","classification_aug","511","0","recovered_archive2/156","yes","no","EXCLUDE_LOCKED_OVERLAP","exact overlap with v1 locked case; all derivatives excluded"
"E:\甲劈微循环\data\血管数据集\分类数据集\image\511_1.jpg","classification_aug","511","1","recovered_archive2/156","yes","no","EXCLUDE_LOCKED_OVERLAP","exact overlap with v1 locked case; all derivatives excluded"
"E:\甲劈微循环\data\血管数据集\分类数据集\image\511_10.jpg","classification_aug","511","10","recovered_archive2/156","yes","no","EXCLUDE_LOCKED_OVERLAP","exact overlap with v1 locked case; all derivatives excluded"
"E:\甲劈微循环\data\血管数据集\分类数据集\image\511_11.jpg","classification_aug","511","11","recovered_archive2/156","yes","no","EXCLUDE_LOCKED_OVERLAP","exact overlap with v1 locked case; all derivatives excluded"
"E:\甲劈微循环\data\血管数据集\分类数据集\image\511_12.jpg","classification_aug","511","12","recovered_archive2/156","yes","no","EXCLUDE_LOCKED_OVERLAP","exact overlap with v1 locked case; all derivatives excluded"
"E:\甲劈微循环\data\血管数据集\分类数据集\image\511_13.jpg","classification_aug","511","13","recovered_archive2/156","yes","no","EXCLUDE_LOCKED_OVERLAP","exact overlap with v1 locked case; all derivatives excluded"
"E:\甲劈微循环\data\血管数据集\分类数据集\image\511_14.jpg","classification_aug","511","14","recovered_archive2/156","yes","no","EXCLUDE_LOCKED_OVERLAP","exact overlap with v1 locked case; all derivatives excluded"
"E:\甲劈微循环\data\血管数据集\分类数据集\image\511_15.jpg","classification_aug","511","15","recovered_archive2/156","yes","no","EXCLUDE_LOCKED_OVERLAP","exact overlap with v1 locked case; all derivatives excluded"
"E:\甲劈微循环\data\血管数据集\分类数据集\image\511_16.jpg","classification_aug","511","16","recovered_archive2/156","yes","no","EXCLUDE_LOCKED_OVERLAP","exact overlap with v1 locked case; all derivatives excluded"
"E:\甲劈微循环\data\血管数据集\分类数据集\image\511_17.jpg","classification_aug","511","17","recovered_archive2/156","yes","no","EXCLUDE_LOCKED_OVERLAP","exact overlap with v1 locked case; all derivatives excluded"
"E:\甲劈微循环\data\血管数据集\分类数据集\image\511_18.jpg","classification_aug","511","18","recovered_archive2/156","yes","no","EXCLUDE_LOCKED_OVERLAP","exact overlap with v1 locked case; all derivatives excluded"
"E:\甲劈微循环\data\血管数据集\分类数据集\image\511_19.jpg","classification_aug","511","19","recovered_archive2/156","yes","no","EXCLUDE_LOCKED_OVERLAP","exact overlap with v1 locked case; all derivatives excluded"
"E:\甲劈微循环\data\血管数据集\分类数据集\image\511_2.jpg","classification_aug","511","2","recovered_archive2/156","yes","no","EXCLUDE_LOCKED_OVERLAP","exact overlap with v1 locked case; all derivatives excluded"
"E:\甲劈微循环\data\血管数据集\分类数据集\image\511_3.jpg","classification_aug","511","3","recovered_archive2/156","yes","no","EXCLUDE_LOCKED_OVERLAP","exact overlap with v1 locked case; all derivatives excluded"
"E:\甲劈微循环\data\血管数据集\分类数据集\image\511_4.jpg","classification_aug","511","4","recovered_archive2/156","yes","no","EXCLUDE_LOCKED_OVERLAP","exact overlap with v1 locked case; all derivatives excluded"
"E:\甲劈微循环\data\血管数据集\分类数据集\image\511_5.jpg","classification_aug","511","5","recovered_archive2/156","yes","no","EXCLUDE_LOCKED_OVERLAP","exact overlap with v1 locked case; all derivatives excluded"
"E:\甲劈微循环\data\血管数据集\分类数据集\image\511_6.jpg","classification_aug","511","6","recovered_archive2/156","yes","no","EXCLUDE_LOCKED_OVERLAP","exact overlap with v1 locked case; all derivatives excluded"
"E:\甲劈微循环\data\血管数据集\分类数据集\image\511_7.jpg","classification_aug","511","7","recovered_archive2/156","yes","no","EXCLUDE_LOCKED_OVERLAP","exact overlap with v1 locked case; all derivatives excluded"
"E:\甲劈微循环\data\血管数据集\分类数据集\image\511_8.jpg","classification_aug","511","8","recovered_archive2/156","yes","no","EXCLUDE_LOCKED_OVERLAP","exact overlap with v1 locked case; all derivatives excluded"
"E:\甲劈微循环\data\血管数据集\分类数据集\image\511_9.jpg","classification_aug","511","9","recovered_archive2/156","yes","no","EXCLUDE_LOCKED_OVERLAP","exact overlap with v1 locked case; all derivatives excluded"
"E:\甲劈微循环\data\血管数据集\分类数据集\image\513_0.jpg","classification_aug","513","0","recovered_archive2/153","yes","no","EXCLUDE_LOCKED_OVERLAP","exact overlap with v1 locked case; all derivatives excluded"
"E:\甲劈微循环\data\血管数据集\分类数据集\image\513_1.jpg","classification_aug","513","1","recovered_archive2/153","yes","no","EXCLUDE_LOCKED_OVERLAP","exact overlap with v1 locked case; all derivatives excluded"
"E:\甲劈微循环\data\血管数据集\分类数据集\image\513_10.jpg","classification_aug","513","10","recovered_archive2/153","yes","no","EXCLUDE_LOCKED_OVERLAP","exact overlap with v1 locked case; all derivatives excluded"
"E:\甲劈微循环\data\血管数据集\分类数据集\image\513_11.jpg","classification_aug","513","11","recovered_archive2/153","yes","no","EXCLUDE_LOCKED_OVERLAP","exact overlap with v1 locked case; all derivatives excluded"
"E:\甲劈微循环\data\血管数据集\分类数据集\image\513_12.jpg","classification_aug","513","12","recovered_archive2/153","yes","no","EXCLUDE_LOCKED_OVERLAP","exact overlap with v1 locked case; all derivatives excluded"
"E:\甲劈微循环\data\血管数据集\分类数据集\image\513_13.jpg","classification_aug","513","13","recovered_archive2/153","yes","no","EXCLUDE_LOCKED_OVERLAP","exact overlap with v1 locked case; all derivatives excluded"
"E:\甲劈微循环\data\血管数据集\分类数据集\image\513_14.jpg","classification_aug","513","14","recovered_archive2/153","yes","no","EXCLUDE_LOCKED_OVERLAP","exact overlap with v1 locked case; all derivatives excluded"
"E:\甲劈微循环\data\血管数据集\分类数据集\image\513_15.jpg","classification_aug","513","15","recovered_archive2/153","yes","no","EXCLUDE_LOCKED_OVERLAP","exact overlap with v1 locked case; all derivatives excluded"
"E:\甲劈微循环\data\血管数据集\分类数据集\image\513_16.jpg","classification_aug","513","16","recovered_archive2/153","yes","no","EXCLUDE_LOCKED_OVERLAP","exact overlap with v1 locked case; all derivatives excluded"
"E:\甲劈微循环\data\血管数据集\分类数据集\image\513_17.jpg","classification_aug","513","17","recovered_archive2/153","yes","no","EXCLUDE_LOCKED_OVERLAP","exact overlap with v1 locked case; all derivatives excluded"
"E:\甲劈微循环\data\血管数据集\分类数据集\image\513_18.jpg","classification_aug","513","18","recovered_archive2/153","yes","no","EXCLUDE_LOCKED_OVERLAP","exact overlap with v1 locked case; all derivatives excluded"
"E:\甲劈微循环\data\血管数据集\分类数据集\image\513_19.jpg","classification_aug","513","19","recovered_archive2/153","yes","no","EXCLUDE_LOCKED_OVERLAP","exact overlap with v1 locked case; all derivatives excluded"
"E:\甲劈微循环\data\血管数据集\分类数据集\image\513_2.jpg","classification_aug","513","2","recovered_archive2/153","yes","no","EXCLUDE_LOCKED_OVERLAP","exact overlap with v1 locked case; all derivatives excluded"
"E:\甲劈微循环\data\血管数据集\分类数据集\image\513_3.jpg","classification_aug","513","3","recovered_archive2/153","yes","no","EXCLUDE_LOCKED_OVERLAP","exact overlap with v1 locked case; all derivatives excluded"
"E:\甲劈微循环\data\血管数据集\分类数据集\image\513_4.jpg","classification_aug","513","4","recovered_archive2/153","yes","no","EXCLUDE_LOCKED_OVERLAP","exact overlap with v1 locked case; all derivatives excluded"
"E:\甲劈微循环\data\血管数据集\分类数据集\image\513_5.jpg","classification_aug","513","5","recovered_archive2/153","yes","no","EXCLUDE_LOCKED_OVERLAP","exact overlap with v1 locked case; all derivatives excluded"
"E:\甲劈微循环\data\血管数据集\分类数据集\image\513_6.jpg","classification_aug","513","6","recovered_archive2/153","yes","no","EXCLUDE_LOCKED_OVERLAP","exact overlap with v1 locked case; all derivatives excluded"
"E:\甲劈微循环\data\血管数据集\分类数据集\image\513_7.jpg","classification_aug","513","7","recovered_archive2/153","yes","no","EXCLUDE_LOCKED_OVERLAP","exact overlap with v1 locked case; all derivatives excluded"
"E:\甲劈微循环\data\血管数据集\分类数据集\image\513_8.jpg","classification_aug","513","8","recovered_archive2/153","yes","no","EXCLUDE_LOCKED_OVERLAP","exact overlap with v1 locked case; all derivatives excluded"
"E:\甲劈微循环\data\血管数据集\分类数据集\image\513_9.jpg","classification_aug","513","9","recovered_archive2/153","yes","no","EXCLUDE_LOCKED_OVERLAP","exact overlap with v1 locked case; all derivatives excluded"
"E:\甲劈微循环\data\血管数据集\分类数据集\image\522_0.jpg","classification_aug","522","0","recovered_archive1/55","yes","no","EXCLUDE_LOCKED_OVERLAP","exact overlap with v1 locked case; all derivatives excluded"
"E:\甲劈微循环\data\血管数据集\分类数据集\image\522_1.jpg","classification_aug","522","1","recovered_archive1/55","yes","no","EXCLUDE_LOCKED_OVERLAP","exact overlap with v1 locked case; all derivatives excluded"
"E:\甲劈微循环\data\血管数据集\分类数据集\image\522_10.jpg","classification_aug","522","10","recovered_archive1/55","yes","no","EXCLUDE_LOCKED_OVERLAP","exact overlap with v1 locked case; all derivatives excluded"
"E:\甲劈微循环\data\血管数据集\分类数据集\image\522_11.jpg","classification_aug","522","11","recovered_archive1/55","yes","no","EXCLUDE_LOCKED_OVERLAP","exact overlap with v1 locked case; all derivatives excluded"
"E:\甲劈微循环\data\血管数据集\分类数据集\image\522_12.jpg","classification_aug","522","12","recovered_archive1/55","yes","no","EXCLUDE_LOCKED_OVERLAP","exact overlap with v1 locked case; all derivatives excluded"
"E:\甲劈微循环\data\血管数据集\分类数据集\image\522_13.jpg","classification_aug","522","13","recovered_archive1/55","yes","no","EXCLUDE_LOCKED_OVERLAP","exact overlap with v1 locked case; all derivatives excluded"
"E:\甲劈微循环\data\血管数据集\分类数据集\image\522_14.jpg","classification_aug","522","14","recovered_archive1/55","yes","no","EXCLUDE_LOCKED_OVERLAP","exact overlap with v1 locked case; all derivatives excluded"
"E:\甲劈微循环\data\血管数据集\分类数据集\image\522_15.jpg","classification_aug","522","15","recovered_archive1/55","yes","no","EXCLUDE_LOCKED_OVERLAP","exact overlap with v1 locked case; all derivatives excluded"
"E:\甲劈微循环\data\血管数据集\分类数据集\image\522_16.jpg","classification_aug","522","16","recovered_archive1/55","yes","no","EXCLUDE_LOCKED_OVERLAP","exact overlap with v1 locked case; all derivatives excluded"
"E:\甲劈微循环\data\血管数据集\分类数据集\image\522_17.jpg","classification_aug","522","17","recovered_archive1/55","yes","no","EXCLUDE_LOCKED_OVERLAP","exact overlap with v1 locked case; all derivatives excluded"
"E:\甲劈微循环\data\血管数据集\分类数据集\image\522_18.jpg","classification_aug","522","18","recovered_archive1/55","yes","no","EXCLUDE_LOCKED_OVERLAP","exact overlap with v1 locked case; all derivatives excluded"
"E:\甲劈微循环\data\血管数据集\分类数据集\image\522_19.jpg","classification_aug","522","19","recovered_archive1/55","yes","no","EXCLUDE_LOCKED_OVERLAP","exact overlap with v1 locked case; all derivatives excluded"
"E:\甲劈微循环\data\血管数据集\分类数据集\image\522_2.jpg","classification_aug","522","2","recovered_archive1/55","yes","no","EXCLUDE_LOCKED_OVERLAP","exact overlap with v1 locked case; all derivatives excluded"
"E:\甲劈微循环\data\血管数据集\分类数据集\image\522_3.jpg","classification_aug","522","3","recovered_archive1/55","yes","no","EXCLUDE_LOCKED_OVERLAP","exact overlap with v1 locked case; all derivatives excluded"
"E:\甲劈微循环\data\血管数据集\分类数据集\image\522_4.jpg","classification_aug","522","4","recovered_archive1/55","yes","no","EXCLUDE_LOCKED_OVERLAP","exact overlap with v1 locked case; all derivatives excluded"
"E:\甲劈微循环\data\血管数据集\分类数据集\image\522_5.jpg","classification_aug","522","5","recovered_archive1/55","yes","no","EXCLUDE_LOCKED_OVERLAP","exact overlap with v1 locked case; all derivatives excluded"
"E:\甲劈微循环\data\血管数据集\分类数据集\image\522_6.jpg","classification_aug","522","6","recovered_archive1/55","yes","no","EXCLUDE_LOCKED_OVERLAP","exact overlap with v1 locked case; all derivatives excluded"
"E:\甲劈微循环\data\血管数据集\分类数据集\image\522_7.jpg","classification_aug","522","7","recovered_archive1/55","yes","no","EXCLUDE_LOCKED_OVERLAP","exact overlap with v1 locked case; all derivatives excluded"
"E:\甲劈微循环\data\血管数据集\分类数据集\image\522_8.jpg","classification_aug","522","8","recovered_archive1/55","yes","no","EXCLUDE_LOCKED_OVERLAP","exact overlap with v1 locked case; all derivatives excluded"
"E:\甲劈微循环\data\血管数据集\分类数据集\image\522_9.jpg","classification_aug","522","9","recovered_archive1/55","yes","no","EXCLUDE_LOCKED_OVERLAP","exact overlap with v1 locked case; all derivatives excluded"
"E:\甲劈微循环\data\血管数据集\分类数据集\image\530_0.jpg","classification_aug","530","0","recovered_archive2/187","yes","no","EXCLUDE_LOCKED_OVERLAP","exact overlap with v1 locked case; all derivatives excluded"
"E:\甲劈微循环\data\血管数据集\分类数据集\image\530_1.jpg","classification_aug","530","1","recovered_archive2/187","yes","no","EXCLUDE_LOCKED_OVERLAP","exact overlap with v1 locked case; all derivatives excluded"
"E:\甲劈微循环\data\血管数据集\分类数据集\image\530_10.jpg","classification_aug","530","10","recovered_archive2/187","yes","no","EXCLUDE_LOCKED_OVERLAP","exact overlap with v1 locked case; all derivatives excluded"
"E:\甲劈微循环\data\血管数据集\分类数据集\image\530_11.jpg","classification_aug","530","11","recovered_archive2/187","yes","no","EXCLUDE_LOCKED_OVERLAP","exact overlap with v1 locked case; all derivatives excluded"
"E:\甲劈微循环\data\血管数据集\分类数据集\image\530_12.jpg","classification_aug","530","12","recovered_archive2/187","yes","no","EXCLUDE_LOCKED_OVERLAP","exact overlap with v1 locked case; all derivatives excluded"
"E:\甲劈微循环\data\血管数据集\分类数据集\image\530_13.jpg","classification_aug","530","13","recovered_archive2/187","yes","no","EXCLUDE_LOCKED_OVERLAP","exact overlap with v1 locked case; all derivatives excluded"
"E:\甲劈微循环\data\血管数据集\分类数据集\image\530_14.jpg","classification_aug","530","14","recovered_archive2/187","yes","no","EXCLUDE_LOCKED_OVERLAP","exact overlap with v1 locked case; all derivatives excluded"
"E:\甲劈微循环\data\血管数据集\分类数据集\image\530_15.jpg","classification_aug","530","15","recovered_archive2/187","yes","no","EXCLUDE_LOCKED_OVERLAP","exact overlap with v1 locked case; all derivatives excluded"
"E:\甲劈微循环\data\血管数据集\分类数据集\image\530_16.jpg","classification_aug","530","16","recovered_archive2/187","yes","no","EXCLUDE_LOCKED_OVERLAP","exact overlap with v1 locked case; all derivatives excluded"
"E:\甲劈微循环\data\血管数据集\分类数据集\image\530_17.jpg","classification_aug","530","17","recovered_archive2/187","yes","no","EXCLUDE_LOCKED_OVERLAP","exact overlap with v1 locked case; all derivatives excluded"
"E:\甲劈微循环\data\血管数据集\分类数据集\image\530_18.jpg","classification_aug","530","18","recovered_archive2/187","yes","no","EXCLUDE_LOCKED_OVERLAP","exact overlap with v1 locked case; all derivatives excluded"
"E:\甲劈微循环\data\血管数据集\分类数据集\image\530_19.jpg","classification_aug","530","19","recovered_archive2/187","yes","no","EXCLUDE_LOCKED_OVERLAP","exact overlap with v1 locked case; all derivatives excluded"
"E:\甲劈微循环\data\血管数据集\分类数据集\image\530_2.jpg","classification_aug","530","2","recovered_archive2/187","yes","no","EXCLUDE_LOCKED_OVERLAP","exact overlap with v1 locked case; all derivatives excluded"
"E:\甲劈微循环\data\血管数据集\分类数据集\image\530_3.jpg","classification_aug","530","3","recovered_archive2/187","yes","no","EXCLUDE_LOCKED_OVERLAP","exact overlap with v1 locked case; all derivatives excluded"
"E:\甲劈微循环\data\血管数据集\分类数据集\image\530_4.jpg","classification_aug","530","4","recovered_archive2/187","yes","no","EXCLUDE_LOCKED_OVERLAP","exact overlap with v1 locked case; all derivatives excluded"
"E:\甲劈微循环\data\血管数据集\分类数据集\image\530_5.jpg","classification_aug","530","5","recovered_archive2/187","yes","no","EXCLUDE_LOCKED_OVERLAP","exact overlap with v1 locked case; all derivatives excluded"
"E:\甲劈微循环\data\血管数据集\分类数据集\image\530_6.jpg","classification_aug","530","6","recovered_archive2/187","yes","no","EXCLUDE_LOCKED_OVERLAP","exact overlap with v1 locked case; all derivatives excluded"
"E:\甲劈微循环\data\血管数据集\分类数据集\image\530_7.jpg","classification_aug","530","7","recovered_archive2/187","yes","no","EXCLUDE_LOCKED_OVERLAP","exact overlap with v1 locked case; all derivatives excluded"
"E:\甲劈微循环\data\血管数据集\分类数据集\image\530_8.jpg","classification_aug","530","8","recovered_archive2/187","yes","no","EXCLUDE_LOCKED_OVERLAP","exact overlap with v1 locked case; all derivatives excluded"
"E:\甲劈微循环\data\血管数据集\分类数据集\image\530_9.jpg","classification_aug","530","9","recovered_archive2/187","yes","no","EXCLUDE_LOCKED_OVERLAP","exact overlap with v1 locked case; all derivatives excluded"
"E:\甲劈微循环\data\血管数据集\分类数据集\image\548_0.jpg","classification_aug","548","0","recovered_archive1/77","yes","no","EXCLUDE_LOCKED_OVERLAP","exact overlap with v1 locked case; all derivatives excluded"
"E:\甲劈微循环\data\血管数据集\分类数据集\image\548_1.jpg","classification_aug","548","1","recovered_archive1/77","yes","no","EXCLUDE_LOCKED_OVERLAP","exact overlap with v1 locked case; all derivatives excluded"
"E:\甲劈微循环\data\血管数据集\分类数据集\image\548_10.jpg","classification_aug","548","10","recovered_archive1/77","yes","no","EXCLUDE_LOCKED_OVERLAP","exact overlap with v1 locked case; all derivatives excluded"
"E:\甲劈微循环\data\血管数据集\分类数据集\image\548_11.jpg","classification_aug","548","11","recovered_archive1/77","yes","no","EXCLUDE_LOCKED_OVERLAP","exact overlap with v1 locked case; all derivatives excluded"
"E:\甲劈微循环\data\血管数据集\分类数据集\image\548_12.jpg","classification_aug","548","12","recovered_archive1/77","yes","no","EXCLUDE_LOCKED_OVERLAP","exact overlap with v1 locked case; all derivatives excluded"
"E:\甲劈微循环\data\血管数据集\分类数据集\image\548_13.jpg","classification_aug","548","13","recovered_archive1/77","yes","no","EXCLUDE_LOCKED_OVERLAP","exact overlap with v1 locked case; all derivatives excluded"
"E:\甲劈微循环\data\血管数据集\分类数据集\image\548_14.jpg","classification_aug","548","14","recovered_archive1/77","yes","no","EXCLUDE_LOCKED_OVERLAP","exact overlap with v1 locked case; all derivatives excluded"
"E:\甲劈微循环\data\血管数据集\分类数据集\image\548_15.jpg","classification_aug","548","15","recovered_archive1/77","yes","no","EXCLUDE_LOCKED_OVERLAP","exact overlap with v1 locked case; all derivatives excluded"
"E:\甲劈微循环\data\血管数据集\分类数据集\image\548_16.jpg","classification_aug","548","16","recovered_archive1/77","yes","no","EXCLUDE_LOCKED_OVERLAP","exact overlap with v1 locked case; all derivatives excluded"
"E:\甲劈微循环\data\血管数据集\分类数据集\image\548_17.jpg","classification_aug","548","17","recovered_archive1/77","yes","no","EXCLUDE_LOCKED_OVERLAP","exact overlap with v1 locked case; all derivatives excluded"
"E:\甲劈微循环\data\血管数据集\分类数据集\image\548_18.jpg","classification_aug","548","18","recovered_archive1/77","yes","no","EXCLUDE_LOCKED_OVERLAP","exact overlap with v1 locked case; all derivatives excluded"
"E:\甲劈微循环\data\血管数据集\分类数据集\image\548_19.jpg","classification_aug","548","19","recovered_archive1/77","yes","no","EXCLUDE_LOCKED_OVERLAP","exact overlap with v1 locked case; all derivatives excluded"
"E:\甲劈微循环\data\血管数据集\分类数据集\image\548_2.jpg","classification_aug","548","2","recovered_archive1/77","yes","no","EXCLUDE_LOCKED_OVERLAP","exact overlap with v1 locked case; all derivatives excluded"
"E:\甲劈微循环\data\血管数据集\分类数据集\image\548_3.jpg","classification_aug","548","3","recovered_archive1/77","yes","no","EXCLUDE_LOCKED_OVERLAP","exact overlap with v1 locked case; all derivatives excluded"
"E:\甲劈微循环\data\血管数据集\分类数据集\image\548_4.jpg","classification_aug","548","4","recovered_archive1/77","yes","no","EXCLUDE_LOCKED_OVERLAP","exact overlap with v1 locked case; all derivatives excluded"
"E:\甲劈微循环\data\血管数据集\分类数据集\image\548_5.jpg","classification_aug","548","5","recovered_archive1/77","yes","no","EXCLUDE_LOCKED_OVERLAP","exact overlap with v1 locked case; all derivatives excluded"
"E:\甲劈微循环\data\血管数据集\分类数据集\image\548_6.jpg","classification_aug","548","6","recovered_archive1/77","yes","no","EXCLUDE_LOCKED_OVERLAP","exact overlap with v1 locked case; all derivatives excluded"
"E:\甲劈微循环\data\血管数据集\分类数据集\image\548_7.jpg","classification_aug","548","7","recovered_archive1/77","yes","no","EXCLUDE_LOCKED_OVERLAP","exact overlap with v1 locked case; all derivatives excluded"
"E:\甲劈微循环\data\血管数据集\分类数据集\image\548_8.jpg","classification_aug","548","8","recovered_archive1/77","yes","no","EXCLUDE_LOCKED_OVERLAP","exact overlap with v1 locked case; all derivatives excluded"
"E:\甲劈微循环\data\血管数据集\分类数据集\image\548_9.jpg","classification_aug","548","9","recovered_archive1/77","yes","no","EXCLUDE_LOCKED_OVERLAP","exact overlap with v1 locked case; all derivatives excluded"
"E:\甲劈微循环\data\血管数据集\分类数据集\image\551_0.jpg","classification_aug","551","0","recovered_archive1/88","yes","no","EXCLUDE_LOCKED_OVERLAP","exact overlap with v1 locked case; all derivatives excluded"
"E:\甲劈微循环\data\血管数据集\分类数据集\image\551_1.jpg","classification_aug","551","1","recovered_archive1/88","yes","no","EXCLUDE_LOCKED_OVERLAP","exact overlap with v1 locked case; all derivatives excluded"
"E:\甲劈微循环\data\血管数据集\分类数据集\image\551_10.jpg","classification_aug","551","10","recovered_archive1/88","yes","no","EXCLUDE_LOCKED_OVERLAP","exact overlap with v1 locked case; all derivatives excluded"
"E:\甲劈微循环\data\血管数据集\分类数据集\image\551_11.jpg","classification_aug","551","11","recovered_archive1/88","yes","no","EXCLUDE_LOCKED_OVERLAP","exact overlap with v1 locked case; all derivatives excluded"
"E:\甲劈微循环\data\血管数据集\分类数据集\image\551_12.jpg","classification_aug","551","12","recovered_archive1/88","yes","no","EXCLUDE_LOCKED_OVERLAP","exact overlap with v1 locked case; all derivatives excluded"
"E:\甲劈微循环\data\血管数据集\分类数据集\image\551_13.jpg","classification_aug","551","13","recovered_archive1/88","yes","no","EXCLUDE_LOCKED_OVERLAP","exact overlap with v1 locked case; all derivatives excluded"
"E:\甲劈微循环\data\血管数据集\分类数据集\image\551_14.jpg","classification_aug","551","14","recovered_archive1/88","yes","no","EXCLUDE_LOCKED_OVERLAP","exact overlap with v1 locked case; all derivatives excluded"
"E:\甲劈微循环\data\血管数据集\分类数据集\image\551_15.jpg","classification_aug","551","15","recovered_archive1/88","yes","no","EXCLUDE_LOCKED_OVERLAP","exact overlap with v1 locked case; all derivatives excluded"
"E:\甲劈微循环\data\血管数据集\分类数据集\image\551_16.jpg","classification_aug","551","16","recovered_archive1/88","yes","no","EXCLUDE_LOCKED_OVERLAP","exact overlap with v1 locked case; all derivatives excluded"
"E:\甲劈微循环\data\血管数据集\分类数据集\image\551_17.jpg","classification_aug","551","17","recovered_archive1/88","yes","no","EXCLUDE_LOCKED_OVERLAP","exact overlap with v1 locked case; all derivatives excluded"
"E:\甲劈微循环\data\血管数据集\分类数据集\image\551_18.jpg","classification_aug","551","18","recovered_archive1/88","yes","no","EXCLUDE_LOCKED_OVERLAP","exact overlap with v1 locked case; all derivatives excluded"
"E:\甲劈微循环\data\血管数据集\分类数据集\image\551_19.jpg","classification_aug","551","19","recovered_archive1/88","yes","no","EXCLUDE_LOCKED_OVERLAP","exact overlap with v1 locked case; all derivatives excluded"
"E:\甲劈微循环\data\血管数据集\分类数据集\image\551_2.jpg","classification_aug","551","2","recovered_archive1/88","yes","no","EXCLUDE_LOCKED_OVERLAP","exact overlap with v1 locked case; all derivatives excluded"
"E:\甲劈微循环\data\血管数据集\分类数据集\image\551_3.jpg","classification_aug","551","3","recovered_archive1/88","yes","no","EXCLUDE_LOCKED_OVERLAP","exact overlap with v1 locked case; all derivatives excluded"
"E:\甲劈微循环\data\血管数据集\分类数据集\image\551_4.jpg","classification_aug","551","4","recovered_archive1/88","yes","no","EXCLUDE_LOCKED_OVERLAP","exact overlap with v1 locked case; all derivatives excluded"
"E:\甲劈微循环\data\血管数据集\分类数据集\image\551_5.jpg","classification_aug","551","5","recovered_archive1/88","yes","no","EXCLUDE_LOCKED_OVERLAP","exact overlap with v1 locked case; all derivatives excluded"
"E:\甲劈微循环\data\血管数据集\分类数据集\image\551_6.jpg","classification_aug","551","6","recovered_archive1/88","yes","no","EXCLUDE_LOCKED_OVERLAP","exact overlap with v1 locked case; all derivatives excluded"
"E:\甲劈微循环\data\血管数据集\分类数据集\image\551_7.jpg","classification_aug","551","7","recovered_archive1/88","yes","no","EXCLUDE_LOCKED_OVERLAP","exact overlap with v1 locked case; all derivatives excluded"
"E:\甲劈微循环\data\血管数据集\分类数据集\image\551_8.jpg","classification_aug","551","8","recovered_archive1/88","yes","no","EXCLUDE_LOCKED_OVERLAP","exact overlap with v1 locked case; all derivatives excluded"
"E:\甲劈微循环\data\血管数据集\分类数据集\image\551_9.jpg","classification_aug","551","9","recovered_archive1/88","yes","no","EXCLUDE_LOCKED_OVERLAP","exact overlap with v1 locked case; all derivatives excluded"
"E:\甲劈微循环\data\血管数据集\分类数据集\image\556_0.jpg","classification_aug","556","0","recovered_archive1/63","yes","no","EXCLUDE_LOCKED_OVERLAP","exact overlap with v1 locked case; all derivatives excluded"
"E:\甲劈微循环\data\血管数据集\分类数据集\image\556_1.jpg","classification_aug","556","1","recovered_archive1/63","yes","no","EXCLUDE_LOCKED_OVERLAP","exact overlap with v1 locked case; all derivatives excluded"
"E:\甲劈微循环\data\血管数据集\分类数据集\image\556_10.jpg","classification_aug","556","10","recovered_archive1/63","yes","no","EXCLUDE_LOCKED_OVERLAP","exact overlap with v1 locked case; all derivatives excluded"
"E:\甲劈微循环\data\血管数据集\分类数据集\image\556_11.jpg","classification_aug","556","11","recovered_archive1/63","yes","no","EXCLUDE_LOCKED_OVERLAP","exact overlap with v1 locked case; all derivatives excluded"
"E:\甲劈微循环\data\血管数据集\分类数据集\image\556_12.jpg","classification_aug","556","12","recovered_archive1/63","yes","no","EXCLUDE_LOCKED_OVERLAP","exact overlap with v1 locked case; all derivatives excluded"
"E:\甲劈微循环\data\血管数据集\分类数据集\image\556_13.jpg","classification_aug","556","13","recovered_archive1/63","yes","no","EXCLUDE_LOCKED_OVERLAP","exact overlap with v1 locked case; all derivatives excluded"
"E:\甲劈微循环\data\血管数据集\分类数据集\image\556_14.jpg","classification_aug","556","14","recovered_archive1/63","yes","no","EXCLUDE_LOCKED_OVERLAP","exact overlap with v1 locked case; all derivatives excluded"
"E:\甲劈微循环\data\血管数据集\分类数据集\image\556_15.jpg","classification_aug","556","15","recovered_archive1/63","yes","no","EXCLUDE_LOCKED_OVERLAP","exact overlap with v1 locked case; all derivatives excluded"
"E:\甲劈微循环\data\血管数据集\分类数据集\image\556_16.jpg","classification_aug","556","16","recovered_archive1/63","yes","no","EXCLUDE_LOCKED_OVERLAP","exact overlap with v1 locked case; all derivatives excluded"
"E:\甲劈微循环\data\血管数据集\分类数据集\image\556_17.jpg","classification_aug","556","17","recovered_archive1/63","yes","no","EXCLUDE_LOCKED_OVERLAP","exact overlap with v1 locked case; all derivatives excluded"
"E:\甲劈微循环\data\血管数据集\分类数据集\image\556_18.jpg","classification_aug","556","18","recovered_archive1/63","yes","no","EXCLUDE_LOCKED_OVERLAP","exact overlap with v1 locked case; all derivatives excluded"
"E:\甲劈微循环\data\血管数据集\分类数据集\image\556_19.jpg","classification_aug","556","19","recovered_archive1/63","yes","no","EXCLUDE_LOCKED_OVERLAP","exact overlap with v1 locked case; all derivatives excluded"
"E:\甲劈微循环\data\血管数据集\分类数据集\image\556_2.jpg","classification_aug","556","2","recovered_archive1/63","yes","no","EXCLUDE_LOCKED_OVERLAP","exact overlap with v1 locked case; all derivatives excluded"
"E:\甲劈微循环\data\血管数据集\分类数据集\image\556_3.jpg","classification_aug","556","3","recovered_archive1/63","yes","no","EXCLUDE_LOCKED_OVERLAP","exact overlap with v1 locked case; all derivatives excluded"
"E:\甲劈微循环\data\血管数据集\分类数据集\image\556_4.jpg","classification_aug","556","4","recovered_archive1/63","yes","no","EXCLUDE_LOCKED_OVERLAP","exact overlap with v1 locked case; all derivatives excluded"
"E:\甲劈微循环\data\血管数据集\分类数据集\image\556_5.jpg","classification_aug","556","5","recovered_archive1/63","yes","no","EXCLUDE_LOCKED_OVERLAP","exact overlap with v1 locked case; all derivatives excluded"
"E:\甲劈微循环\data\血管数据集\分类数据集\image\556_6.jpg","classification_aug","556","6","recovered_archive1/63","yes","no","EXCLUDE_LOCKED_OVERLAP","exact overlap with v1 locked case; all derivatives excluded"
"E:\甲劈微循环\data\血管数据集\分类数据集\image\556_7.jpg","classification_aug","556","7","recovered_archive1/63","yes","no","EXCLUDE_LOCKED_OVERLAP","exact overlap with v1 locked case; all derivatives excluded"
"E:\甲劈微循环\data\血管数据集\分类数据集\image\556_8.jpg","classification_aug","556","8","recovered_archive1/63","yes","no","EXCLUDE_LOCKED_OVERLAP","exact overlap with v1 locked case; all derivatives excluded"
"E:\甲劈微循环\data\血管数据集\分类数据集\image\556_9.jpg","classification_aug","556","9","recovered_archive1/63","yes","no","EXCLUDE_LOCKED_OVERLAP","exact overlap with v1 locked case; all derivatives excluded"
"E:\甲劈微循环\data\血管数据集\分类数据集\image\577_0.jpg","classification_aug","577","0","recovered_archive1/55","yes","no","EXCLUDE_LOCKED_OVERLAP","exact overlap with v1 locked case; all derivatives excluded"
"E:\甲劈微循环\data\血管数据集\分类数据集\image\577_1.jpg","classification_aug","577","1","recovered_archive1/55","yes","no","EXCLUDE_LOCKED_OVERLAP","exact overlap with v1 locked case; all derivatives excluded"
"E:\甲劈微循环\data\血管数据集\分类数据集\image\577_10.jpg","classification_aug","577","10","recovered_archive1/55","yes","no","EXCLUDE_LOCKED_OVERLAP","exact overlap with v1 locked case; all derivatives excluded"
"E:\甲劈微循环\data\血管数据集\分类数据集\image\577_11.jpg","classification_aug","577","11","recovered_archive1/55","yes","no","EXCLUDE_LOCKED_OVERLAP","exact overlap with v1 locked case; all derivatives excluded"
"E:\甲劈微循环\data\血管数据集\分类数据集\image\577_12.jpg","classification_aug","577","12","recovered_archive1/55","yes","no","EXCLUDE_LOCKED_OVERLAP","exact overlap with v1 locked case; all derivatives excluded"
"E:\甲劈微循环\data\血管数据集\分类数据集\image\577_13.jpg","classification_aug","577","13","recovered_archive1/55","yes","no","EXCLUDE_LOCKED_OVERLAP","exact overlap with v1 locked case; all derivatives excluded"
"E:\甲劈微循环\data\血管数据集\分类数据集\image\577_14.jpg","classification_aug","577","14","recovered_archive1/55","yes","no","EXCLUDE_LOCKED_OVERLAP","exact overlap with v1 locked case; all derivatives excluded"
"E:\甲劈微循环\data\血管数据集\分类数据集\image\577_15.jpg","classification_aug","577","15","recovered_archive1/55","yes","no","EXCLUDE_LOCKED_OVERLAP","exact overlap with v1 locked case; all derivatives excluded"
"E:\甲劈微循环\data\血管数据集\分类数据集\image\577_16.jpg","classification_aug","577","16","recovered_archive1/55","yes","no","EXCLUDE_LOCKED_OVERLAP","exact overlap with v1 locked case; all derivatives excluded"
"E:\甲劈微循环\data\血管数据集\分类数据集\image\577_17.jpg","classification_aug","577","17","recovered_archive1/55","yes","no","EXCLUDE_LOCKED_OVERLAP","exact overlap with v1 locked case; all derivatives excluded"
"E:\甲劈微循环\data\血管数据集\分类数据集\image\577_18.jpg","classification_aug","577","18","recovered_archive1/55","yes","no","EXCLUDE_LOCKED_OVERLAP","exact overlap with v1 locked case; all derivatives excluded"
"E:\甲劈微循环\data\血管数据集\分类数据集\image\577_19.jpg","classification_aug","577","19","recovered_archive1/55","yes","no","EXCLUDE_LOCKED_OVERLAP","exact overlap with v1 locked case; all derivatives excluded"
"E:\甲劈微循环\data\血管数据集\分类数据集\image\577_2.jpg","classification_aug","577","2","recovered_archive1/55","yes","no","EXCLUDE_LOCKED_OVERLAP","exact overlap with v1 locked case; all derivatives excluded"
"E:\甲劈微循环\data\血管数据集\分类数据集\image\577_3.jpg","classification_aug","577","3","recovered_archive1/55","yes","no","EXCLUDE_LOCKED_OVERLAP","exact overlap with v1 locked case; all derivatives excluded"
"E:\甲劈微循环\data\血管数据集\分类数据集\image\577_4.jpg","classification_aug","577","4","recovered_archive1/55","yes","no","EXCLUDE_LOCKED_OVERLAP","exact overlap with v1 locked case; all derivatives excluded"
"E:\甲劈微循环\data\血管数据集\分类数据集\image\577_5.jpg","classification_aug","577","5","recovered_archive1/55","yes","no","EXCLUDE_LOCKED_OVERLAP","exact overlap with v1 locked case; all derivatives excluded"
"E:\甲劈微循环\data\血管数据集\分类数据集\image\577_6.jpg","classification_aug","577","6","recovered_archive1/55","yes","no","EXCLUDE_LOCKED_OVERLAP","exact overlap with v1 locked case; all derivatives excluded"
"E:\甲劈微循环\data\血管数据集\分类数据集\image\577_7.jpg","classification_aug","577","7","recovered_archive1/55","yes","no","EXCLUDE_LOCKED_OVERLAP","exact overlap with v1 locked case; all derivatives excluded"
"E:\甲劈微循环\data\血管数据集\分类数据集\image\577_8.jpg","classification_aug","577","8","recovered_archive1/55","yes","no","EXCLUDE_LOCKED_OVERLAP","exact overlap with v1 locked case; all derivatives excluded"
"E:\甲劈微循环\data\血管数据集\分类数据集\image\577_9.jpg","classification_aug","577","9","recovered_archive1/55","yes","no","EXCLUDE_LOCKED_OVERLAP","exact overlap with v1 locked case; all derivatives excluded"
"E:\甲劈微循环\data\血管数据集\分类数据集\image\60_0.jpg","classification_aug","60","0","recovered_archive1/75","yes","no","EXCLUDE_LOCKED_OVERLAP","exact overlap with v1 locked case; all derivatives excluded"
"E:\甲劈微循环\data\血管数据集\分类数据集\image\60_1.jpg","classification_aug","60","1","recovered_archive1/75","yes","no","EXCLUDE_LOCKED_OVERLAP","exact overlap with v1 locked case; all derivatives excluded"
"E:\甲劈微循环\data\血管数据集\分类数据集\image\60_10.jpg","classification_aug","60","10","recovered_archive1/75","yes","no","EXCLUDE_LOCKED_OVERLAP","exact overlap with v1 locked case; all derivatives excluded"
"E:\甲劈微循环\data\血管数据集\分类数据集\image\60_11.jpg","classification_aug","60","11","recovered_archive1/75","yes","no","EXCLUDE_LOCKED_OVERLAP","exact overlap with v1 locked case; all derivatives excluded"
"E:\甲劈微循环\data\血管数据集\分类数据集\image\60_12.jpg","classification_aug","60","12","recovered_archive1/75","yes","no","EXCLUDE_LOCKED_OVERLAP","exact overlap with v1 locked case; all derivatives excluded"
"E:\甲劈微循环\data\血管数据集\分类数据集\image\60_13.jpg","classification_aug","60","13","recovered_archive1/75","yes","no","EXCLUDE_LOCKED_OVERLAP","exact overlap with v1 locked case; all derivatives excluded"
"E:\甲劈微循环\data\血管数据集\分类数据集\image\60_14.jpg","classification_aug","60","14","recovered_archive1/75","yes","no","EXCLUDE_LOCKED_OVERLAP","exact overlap with v1 locked case; all derivatives excluded"
"E:\甲劈微循环\data\血管数据集\分类数据集\image\60_15.jpg","classification_aug","60","15","recovered_archive1/75","yes","no","EXCLUDE_LOCKED_OVERLAP","exact overlap with v1 locked case; all derivatives excluded"
"E:\甲劈微循环\data\血管数据集\分类数据集\image\60_16.jpg","classification_aug","60","16","recovered_archive1/75","yes","no","EXCLUDE_LOCKED_OVERLAP","exact overlap with v1 locked case; all derivatives excluded"
"E:\甲劈微循环\data\血管数据集\分类数据集\image\60_17.jpg","classification_aug","60","17","recovered_archive1/75","yes","no","EXCLUDE_LOCKED_OVERLAP","exact overlap with v1 locked case; all derivatives excluded"
"E:\甲劈微循环\data\血管数据集\分类数据集\image\60_18.jpg","classification_aug","60","18","recovered_archive1/75","yes","no","EXCLUDE_LOCKED_OVERLAP","exact overlap with v1 locked case; all derivatives excluded"
"E:\甲劈微循环\data\血管数据集\分类数据集\image\60_19.jpg","classification_aug","60","19","recovered_archive1/75","yes","no","EXCLUDE_LOCKED_OVERLAP","exact overlap with v1 locked case; all derivatives excluded"
"E:\甲劈微循环\data\血管数据集\分类数据集\image\60_2.jpg","classification_aug","60","2","recovered_archive1/75","yes","no","EXCLUDE_LOCKED_OVERLAP","exact overlap with v1 locked case; all derivatives excluded"
"E:\甲劈微循环\data\血管数据集\分类数据集\image\60_3.jpg","classification_aug","60","3","recovered_archive1/75","yes","no","EXCLUDE_LOCKED_OVERLAP","exact overlap with v1 locked case; all derivatives excluded"
"E:\甲劈微循环\data\血管数据集\分类数据集\image\60_4.jpg","classification_aug","60","4","recovered_archive1/75","yes","no","EXCLUDE_LOCKED_OVERLAP","exact overlap with v1 locked case; all derivatives excluded"
"E:\甲劈微循环\data\血管数据集\分类数据集\image\60_5.jpg","classification_aug","60","5","recovered_archive1/75","yes","no","EXCLUDE_LOCKED_OVERLAP","exact overlap with v1 locked case; all derivatives excluded"
"E:\甲劈微循环\data\血管数据集\分类数据集\image\60_6.jpg","classification_aug","60","6","recovered_archive1/75","yes","no","EXCLUDE_LOCKED_OVERLAP","exact overlap with v1 locked case; all derivatives excluded"
"E:\甲劈微循环\data\血管数据集\分类数据集\image\60_7.jpg","classification_aug","60","7","recovered_archive1/75","yes","no","EXCLUDE_LOCKED_OVERLAP","exact overlap with v1 locked case; all derivatives excluded"
"E:\甲劈微循环\data\血管数据集\分类数据集\image\60_8.jpg","classification_aug","60","8","recovered_archive1/75","yes","no","EXCLUDE_LOCKED_OVERLAP","exact overlap with v1 locked case; all derivatives excluded"
"E:\甲劈微循环\data\血管数据集\分类数据集\image\60_9.jpg","classification_aug","60","9","recovered_archive1/75","yes","no","EXCLUDE_LOCKED_OVERLAP","exact overlap with v1 locked case; all derivatives excluded"
"E:\甲劈微循环\data\血管数据集\分类数据集\image\69_0.jpg","classification_aug","69","0","recovered_archive1/55","yes","no","EXCLUDE_LOCKED_OVERLAP","exact overlap with v1 locked case; all derivatives excluded"
"E:\甲劈微循环\data\血管数据集\分类数据集\image\69_1.jpg","classification_aug","69","1","recovered_archive1/55","yes","no","EXCLUDE_LOCKED_OVERLAP","exact overlap with v1 locked case; all derivatives excluded"
"E:\甲劈微循环\data\血管数据集\分类数据集\image\69_10.jpg","classification_aug","69","10","recovered_archive1/55","yes","no","EXCLUDE_LOCKED_OVERLAP","exact overlap with v1 locked case; all derivatives excluded"
"E:\甲劈微循环\data\血管数据集\分类数据集\image\69_11.jpg","classification_aug","69","11","recovered_archive1/55","yes","no","EXCLUDE_LOCKED_OVERLAP","exact overlap with v1 locked case; all derivatives excluded"
"E:\甲劈微循环\data\血管数据集\分类数据集\image\69_12.jpg","classification_aug","69","12","recovered_archive1/55","yes","no","EXCLUDE_LOCKED_OVERLAP","exact overlap with v1 locked case; all derivatives excluded"
"E:\甲劈微循环\data\血管数据集\分类数据集\image\69_13.jpg","classification_aug","69","13","recovered_archive1/55","yes","no","EXCLUDE_LOCKED_OVERLAP","exact overlap with v1 locked case; all derivatives excluded"
"E:\甲劈微循环\data\血管数据集\分类数据集\image\69_14.jpg","classification_aug","69","14","recovered_archive1/55","yes","no","EXCLUDE_LOCKED_OVERLAP","exact overlap with v1 locked case; all derivatives excluded"
"E:\甲劈微循环\data\血管数据集\分类数据集\image\69_15.jpg","classification_aug","69","15","recovered_archive1/55","yes","no","EXCLUDE_LOCKED_OVERLAP","exact overlap with v1 locked case; all derivatives excluded"
"E:\甲劈微循环\data\血管数据集\分类数据集\image\69_16.jpg","classification_aug","69","16","recovered_archive1/55","yes","no","EXCLUDE_LOCKED_OVERLAP","exact overlap with v1 locked case; all derivatives excluded"
"E:\甲劈微循环\data\血管数据集\分类数据集\image\69_17.jpg","classification_aug","69","17","recovered_archive1/55","yes","no","EXCLUDE_LOCKED_OVERLAP","exact overlap with v1 locked case; all derivatives excluded"
"E:\甲劈微循环\data\血管数据集\分类数据集\image\69_18.jpg","classification_aug","69","18","recovered_archive1/55","yes","no","EXCLUDE_LOCKED_OVERLAP","exact overlap with v1 locked case; all derivatives excluded"
"E:\甲劈微循环\data\血管数据集\分类数据集\image\69_19.jpg","classification_aug","69","19","recovered_archive1/55","yes","no","EXCLUDE_LOCKED_OVERLAP","exact overlap with v1 locked case; all derivatives excluded"
"E:\甲劈微循环\data\血管数据集\分类数据集\image\69_2.jpg","classification_aug","69","2","recovered_archive1/55","yes","no","EXCLUDE_LOCKED_OVERLAP","exact overlap with v1 locked case; all derivatives excluded"
"E:\甲劈微循环\data\血管数据集\分类数据集\image\69_3.jpg","classification_aug","69","3","recovered_archive1/55","yes","no","EXCLUDE_LOCKED_OVERLAP","exact overlap with v1 locked case; all derivatives excluded"
"E:\甲劈微循环\data\血管数据集\分类数据集\image\69_4.jpg","classification_aug","69","4","recovered_archive1/55","yes","no","EXCLUDE_LOCKED_OVERLAP","exact overlap with v1 locked case; all derivatives excluded"
"E:\甲劈微循环\data\血管数据集\分类数据集\image\69_5.jpg","classification_aug","69","5","recovered_archive1/55","yes","no","EXCLUDE_LOCKED_OVERLAP","exact overlap with v1 locked case; all derivatives excluded"
"E:\甲劈微循环\data\血管数据集\分类数据集\image\69_6.jpg","classification_aug","69","6","recovered_archive1/55","yes","no","EXCLUDE_LOCKED_OVERLAP","exact overlap with v1 locked case; all derivatives excluded"
"E:\甲劈微循环\data\血管数据集\分类数据集\image\69_7.jpg","classification_aug","69","7","recovered_archive1/55","yes","no","EXCLUDE_LOCKED_OVERLAP","exact overlap with v1 locked case; all derivatives excluded"
"E:\甲劈微循环\data\血管数据集\分类数据集\image\69_8.jpg","classification_aug","69","8","recovered_archive1/55","yes","no","EXCLUDE_LOCKED_OVERLAP","exact overlap with v1 locked case; all derivatives excluded"
"E:\甲劈微循环\data\血管数据集\分类数据集\image\69_9.jpg","classification_aug","69","9","recovered_archive1/55","yes","no","EXCLUDE_LOCKED_OVERLAP","exact overlap with v1 locked case; all derivatives excluded"
"E:\甲劈微循环\data\血管数据集\分类数据集\image\70_0.jpg","classification_aug","70","0","recovered_archive1/55","yes","no","EXCLUDE_LOCKED_OVERLAP","exact overlap with v1 locked case; all derivatives excluded"
"E:\甲劈微循环\data\血管数据集\分类数据集\image\70_1.jpg","classification_aug","70","1","recovered_archive1/55","yes","no","EXCLUDE_LOCKED_OVERLAP","exact overlap with v1 locked case; all derivatives excluded"
"E:\甲劈微循环\data\血管数据集\分类数据集\image\70_10.jpg","classification_aug","70","10","recovered_archive1/55","yes","no","EXCLUDE_LOCKED_OVERLAP","exact overlap with v1 locked case; all derivatives excluded"
"E:\甲劈微循环\data\血管数据集\分类数据集\image\70_11.jpg","classification_aug","70","11","recovered_archive1/55","yes","no","EXCLUDE_LOCKED_OVERLAP","exact overlap with v1 locked case; all derivatives excluded"
"E:\甲劈微循环\data\血管数据集\分类数据集\image\70_12.jpg","classification_aug","70","12","recovered_archive1/55","yes","no","EXCLUDE_LOCKED_OVERLAP","exact overlap with v1 locked case; all derivatives excluded"
"E:\甲劈微循环\data\血管数据集\分类数据集\image\70_13.jpg","classification_aug","70","13","recovered_archive1/55","yes","no","EXCLUDE_LOCKED_OVERLAP","exact overlap with v1 locked case; all derivatives excluded"
"E:\甲劈微循环\data\血管数据集\分类数据集\image\70_14.jpg","classification_aug","70","14","recovered_archive1/55","yes","no","EXCLUDE_LOCKED_OVERLAP","exact overlap with v1 locked case; all derivatives excluded"
"E:\甲劈微循环\data\血管数据集\分类数据集\image\70_15.jpg","classification_aug","70","15","recovered_archive1/55","yes","no","EXCLUDE_LOCKED_OVERLAP","exact overlap with v1 locked case; all derivatives excluded"
"E:\甲劈微循环\data\血管数据集\分类数据集\image\70_16.jpg","classification_aug","70","16","recovered_archive1/55","yes","no","EXCLUDE_LOCKED_OVERLAP","exact overlap with v1 locked case; all derivatives excluded"
"E:\甲劈微循环\data\血管数据集\分类数据集\image\70_17.jpg","classification_aug","70","17","recovered_archive1/55","yes","no","EXCLUDE_LOCKED_OVERLAP","exact overlap with v1 locked case; all derivatives excluded"
"E:\甲劈微循环\data\血管数据集\分类数据集\image\70_18.jpg","classification_aug","70","18","recovered_archive1/55","yes","no","EXCLUDE_LOCKED_OVERLAP","exact overlap with v1 locked case; all derivatives excluded"
"E:\甲劈微循环\data\血管数据集\分类数据集\image\70_19.jpg","classification_aug","70","19","recovered_archive1/55","yes","no","EXCLUDE_LOCKED_OVERLAP","exact overlap with v1 locked case; all derivatives excluded"
"E:\甲劈微循环\data\血管数据集\分类数据集\image\70_2.jpg","classification_aug","70","2","recovered_archive1/55","yes","no","EXCLUDE_LOCKED_OVERLAP","exact overlap with v1 locked case; all derivatives excluded"
"E:\甲劈微循环\data\血管数据集\分类数据集\image\70_3.jpg","classification_aug","70","3","recovered_archive1/55","yes","no","EXCLUDE_LOCKED_OVERLAP","exact overlap with v1 locked case; all derivatives excluded"
"E:\甲劈微循环\data\血管数据集\分类数据集\image\70_4.jpg","classification_aug","70","4","recovered_archive1/55","yes","no","EXCLUDE_LOCKED_OVERLAP","exact overlap with v1 locked case; all derivatives excluded"
"E:\甲劈微循环\data\血管数据集\分类数据集\image\70_5.jpg","classification_aug","70","5","recovered_archive1/55","yes","no","EXCLUDE_LOCKED_OVERLAP","exact overlap with v1 locked case; all derivatives excluded"
"E:\甲劈微循环\data\血管数据集\分类数据集\image\70_6.jpg","classification_aug","70","6","recovered_archive1/55","yes","no","EXCLUDE_LOCKED_OVERLAP","exact overlap with v1 locked case; all derivatives excluded"
"E:\甲劈微循环\data\血管数据集\分类数据集\image\70_7.jpg","classification_aug","70","7","recovered_archive1/55","yes","no","EXCLUDE_LOCKED_OVERLAP","exact overlap with v1 locked case; all derivatives excluded"
"E:\甲劈微循环\data\血管数据集\分类数据集\image\70_8.jpg","classification_aug","70","8","recovered_archive1/55","yes","no","EXCLUDE_LOCKED_OVERLAP","exact overlap with v1 locked case; all derivatives excluded"
"E:\甲劈微循环\data\血管数据集\分类数据集\image\70_9.jpg","classification_aug","70","9","recovered_archive1/55","yes","no","EXCLUDE_LOCKED_OVERLAP","exact overlap with v1 locked case; all derivatives excluded"
"E:\甲劈微循环\data\血管数据集\分类数据集\image\74_0.jpg","classification_aug","74","0","recovered_archive1/55","yes","no","EXCLUDE_LOCKED_OVERLAP","exact overlap with v1 locked case; all derivatives excluded"
"E:\甲劈微循环\data\血管数据集\分类数据集\image\74_1.jpg","classification_aug","74","1","recovered_archive1/55","yes","no","EXCLUDE_LOCKED_OVERLAP","exact overlap with v1 locked case; all derivatives excluded"
"E:\甲劈微循环\data\血管数据集\分类数据集\image\74_10.jpg","classification_aug","74","10","recovered_archive1/55","yes","no","EXCLUDE_LOCKED_OVERLAP","exact overlap with v1 locked case; all derivatives excluded"
"E:\甲劈微循环\data\血管数据集\分类数据集\image\74_11.jpg","classification_aug","74","11","recovered_archive1/55","yes","no","EXCLUDE_LOCKED_OVERLAP","exact overlap with v1 locked case; all derivatives excluded"
"E:\甲劈微循环\data\血管数据集\分类数据集\image\74_12.jpg","classification_aug","74","12","recovered_archive1/55","yes","no","EXCLUDE_LOCKED_OVERLAP","exact overlap with v1 locked case; all derivatives excluded"
"E:\甲劈微循环\data\血管数据集\分类数据集\image\74_13.jpg","classification_aug","74","13","recovered_archive1/55","yes","no","EXCLUDE_LOCKED_OVERLAP","exact overlap with v1 locked case; all derivatives excluded"
"E:\甲劈微循环\data\血管数据集\分类数据集\image\74_14.jpg","classification_aug","74","14","recovered_archive1/55","yes","no","EXCLUDE_LOCKED_OVERLAP","exact overlap with v1 locked case; all derivatives excluded"
"E:\甲劈微循环\data\血管数据集\分类数据集\image\74_15.jpg","classification_aug","74","15","recovered_archive1/55","yes","no","EXCLUDE_LOCKED_OVERLAP","exact overlap with v1 locked case; all derivatives excluded"
"E:\甲劈微循环\data\血管数据集\分类数据集\image\74_16.jpg","classification_aug","74","16","recovered_archive1/55","yes","no","EXCLUDE_LOCKED_OVERLAP","exact overlap with v1 locked case; all derivatives excluded"
"E:\甲劈微循环\data\血管数据集\分类数据集\image\74_17.jpg","classification_aug","74","17","recovered_archive1/55","yes","no","EXCLUDE_LOCKED_OVERLAP","exact overlap with v1 locked case; all derivatives excluded"
"E:\甲劈微循环\data\血管数据集\分类数据集\image\74_18.jpg","classification_aug","74","18","recovered_archive1/55","yes","no","EXCLUDE_LOCKED_OVERLAP","exact overlap with v1 locked case; all derivatives excluded"
"E:\甲劈微循环\data\血管数据集\分类数据集\image\74_19.jpg","classification_aug","74","19","recovered_archive1/55","yes","no","EXCLUDE_LOCKED_OVERLAP","exact overlap with v1 locked case; all derivatives excluded"
"E:\甲劈微循环\data\血管数据集\分类数据集\image\74_2.jpg","classification_aug","74","2","recovered_archive1/55","yes","no","EXCLUDE_LOCKED_OVERLAP","exact overlap with v1 locked case; all derivatives excluded"
"E:\甲劈微循环\data\血管数据集\分类数据集\image\74_3.jpg","classification_aug","74","3","recovered_archive1/55","yes","no","EXCLUDE_LOCKED_OVERLAP","exact overlap with v1 locked case; all derivatives excluded"
"E:\甲劈微循环\data\血管数据集\分类数据集\image\74_4.jpg","classification_aug","74","4","recovered_archive1/55","yes","no","EXCLUDE_LOCKED_OVERLAP","exact overlap with v1 locked case; all derivatives excluded"
"E:\甲劈微循环\data\血管数据集\分类数据集\image\74_5.jpg","classification_aug","74","5","recovered_archive1/55","yes","no","EXCLUDE_LOCKED_OVERLAP","exact overlap with v1 locked case; all derivatives excluded"
"E:\甲劈微循环\data\血管数据集\分类数据集\image\74_6.jpg","classification_aug","74","6","recovered_archive1/55","yes","no","EXCLUDE_LOCKED_OVERLAP","exact overlap with v1 locked case; all derivatives excluded"
"E:\甲劈微循环\data\血管数据集\分类数据集\image\74_7.jpg","classification_aug","74","7","recovered_archive1/55","yes","no","EXCLUDE_LOCKED_OVERLAP","exact overlap with v1 locked case; all derivatives excluded"
"E:\甲劈微循环\data\血管数据集\分类数据集\image\74_8.jpg","classification_aug","74","8","recovered_archive1/55","yes","no","EXCLUDE_LOCKED_OVERLAP","exact overlap with v1 locked case; all derivatives excluded"
"E:\甲劈微循环\data\血管数据集\分类数据集\image\74_9.jpg","classification_aug","74","9","recovered_archive1/55","yes","no","EXCLUDE_LOCKED_OVERLAP","exact overlap with v1 locked case; all derivatives excluded"
"E:\甲劈微循环\data\血管数据集\分类数据集\image\79_0.jpg","classification_aug","79","0","recovered_archive3/255","yes","no","EXCLUDE_LOCKED_OVERLAP","exact overlap with v1 locked case; all derivatives excluded"
"E:\甲劈微循环\data\血管数据集\分类数据集\image\79_1.jpg","classification_aug","79","1","recovered_archive3/255","yes","no","EXCLUDE_LOCKED_OVERLAP","exact overlap with v1 locked case; all derivatives excluded"
"E:\甲劈微循环\data\血管数据集\分类数据集\image\79_10.jpg","classification_aug","79","10","recovered_archive3/255","yes","no","EXCLUDE_LOCKED_OVERLAP","exact overlap with v1 locked case; all derivatives excluded"
"E:\甲劈微循环\data\血管数据集\分类数据集\image\79_11.jpg","classification_aug","79","11","recovered_archive3/255","yes","no","EXCLUDE_LOCKED_OVERLAP","exact overlap with v1 locked case; all derivatives excluded"
"E:\甲劈微循环\data\血管数据集\分类数据集\image\79_12.jpg","classification_aug","79","12","recovered_archive3/255","yes","no","EXCLUDE_LOCKED_OVERLAP","exact overlap with v1 locked case; all derivatives excluded"
"E:\甲劈微循环\data\血管数据集\分类数据集\image\79_13.jpg","classification_aug","79","13","recovered_archive3/255","yes","no","EXCLUDE_LOCKED_OVERLAP","exact overlap with v1 locked case; all derivatives excluded"
"E:\甲劈微循环\data\血管数据集\分类数据集\image\79_14.jpg","classification_aug","79","14","recovered_archive3/255","yes","no","EXCLUDE_LOCKED_OVERLAP","exact overlap with v1 locked case; all derivatives excluded"
"E:\甲劈微循环\data\血管数据集\分类数据集\image\79_15.jpg","classification_aug","79","15","recovered_archive3/255","yes","no","EXCLUDE_LOCKED_OVERLAP","exact overlap with v1 locked case; all derivatives excluded"
"E:\甲劈微循环\data\血管数据集\分类数据集\image\79_16.jpg","classification_aug","79","16","recovered_archive3/255","yes","no","EXCLUDE_LOCKED_OVERLAP","exact overlap with v1 locked case; all derivatives excluded"
"E:\甲劈微循环\data\血管数据集\分类数据集\image\79_17.jpg","classification_aug","79","17","recovered_archive3/255","yes","no","EXCLUDE_LOCKED_OVERLAP","exact overlap with v1 locked case; all derivatives excluded"
"E:\甲劈微循环\data\血管数据集\分类数据集\image\79_18.jpg","classification_aug","79","18","recovered_archive3/255","yes","no","EXCLUDE_LOCKED_OVERLAP","exact overlap with v1 locked case; all derivatives excluded"
"E:\甲劈微循环\data\血管数据集\分类数据集\image\79_19.jpg","classification_aug","79","19","recovered_archive3/255","yes","no","EXCLUDE_LOCKED_OVERLAP","exact overlap with v1 locked case; all derivatives excluded"
"E:\甲劈微循环\data\血管数据集\分类数据集\image\79_2.jpg","classification_aug","79","2","recovered_archive3/255","yes","no","EXCLUDE_LOCKED_OVERLAP","exact overlap with v1 locked case; all derivatives excluded"
"E:\甲劈微循环\data\血管数据集\分类数据集\image\79_3.jpg","classification_aug","79","3","recovered_archive3/255","yes","no","EXCLUDE_LOCKED_OVERLAP","exact overlap with v1 locked case; all derivatives excluded"
"E:\甲劈微循环\data\血管数据集\分类数据集\image\79_4.jpg","classification_aug","79","4","recovered_archive3/255","yes","no","EXCLUDE_LOCKED_OVERLAP","exact overlap with v1 locked case; all derivatives excluded"
"E:\甲劈微循环\data\血管数据集\分类数据集\image\79_5.jpg","classification_aug","79","5","recovered_archive3/255","yes","no","EXCLUDE_LOCKED_OVERLAP","exact overlap with v1 locked case; all derivatives excluded"
"E:\甲劈微循环\data\血管数据集\分类数据集\image\79_6.jpg","classification_aug","79","6","recovered_archive3/255","yes","no","EXCLUDE_LOCKED_OVERLAP","exact overlap with v1 locked case; all derivatives excluded"
"E:\甲劈微循环\data\血管数据集\分类数据集\image\79_7.jpg","classification_aug","79","7","recovered_archive3/255","yes","no","EXCLUDE_LOCKED_OVERLAP","exact overlap with v1 locked case; all derivatives excluded"
"E:\甲劈微循环\data\血管数据集\分类数据集\image\79_8.jpg","classification_aug","79","8","recovered_archive3/255","yes","no","EXCLUDE_LOCKED_OVERLAP","exact overlap with v1 locked case; all derivatives excluded"
"E:\甲劈微循环\data\血管数据集\分类数据集\image\79_9.jpg","classification_aug","79","9","recovered_archive3/255","yes","no","EXCLUDE_LOCKED_OVERLAP","exact overlap with v1 locked case; all derivatives excluded"
"E:\甲劈微循环\data\血管数据集\分类数据集\image\96_0.jpg","classification_aug","96","0","recovered_archive1/75","yes","no","EXCLUDE_LOCKED_OVERLAP","exact overlap with v1 locked case; all derivatives excluded"
"E:\甲劈微循环\data\血管数据集\分类数据集\image\96_1.jpg","classification_aug","96","1","recovered_archive1/75","yes","no","EXCLUDE_LOCKED_OVERLAP","exact overlap with v1 locked case; all derivatives excluded"
"E:\甲劈微循环\data\血管数据集\分类数据集\image\96_10.jpg","classification_aug","96","10","recovered_archive1/75","yes","no","EXCLUDE_LOCKED_OVERLAP","exact overlap with v1 locked case; all derivatives excluded"
"E:\甲劈微循环\data\血管数据集\分类数据集\image\96_11.jpg","classification_aug","96","11","recovered_archive1/75","yes","no","EXCLUDE_LOCKED_OVERLAP","exact overlap with v1 locked case; all derivatives excluded"
"E:\甲劈微循环\data\血管数据集\分类数据集\image\96_12.jpg","classification_aug","96","12","recovered_archive1/75","yes","no","EXCLUDE_LOCKED_OVERLAP","exact overlap with v1 locked case; all derivatives excluded"
"E:\甲劈微循环\data\血管数据集\分类数据集\image\96_13.jpg","classification_aug","96","13","recovered_archive1/75","yes","no","EXCLUDE_LOCKED_OVERLAP","exact overlap with v1 locked case; all derivatives excluded"
"E:\甲劈微循环\data\血管数据集\分类数据集\image\96_14.jpg","classification_aug","96","14","recovered_archive1/75","yes","no","EXCLUDE_LOCKED_OVERLAP","exact overlap with v1 locked case; all derivatives excluded"
"E:\甲劈微循环\data\血管数据集\分类数据集\image\96_15.jpg","classification_aug","96","15","recovered_archive1/75","yes","no","EXCLUDE_LOCKED_OVERLAP","exact overlap with v1 locked case; all derivatives excluded"
"E:\甲劈微循环\data\血管数据集\分类数据集\image\96_16.jpg","classification_aug","96","16","recovered_archive1/75","yes","no","EXCLUDE_LOCKED_OVERLAP","exact overlap with v1 locked case; all derivatives excluded"
"E:\甲劈微循环\data\血管数据集\分类数据集\image\96_17.jpg","classification_aug","96","17","recovered_archive1/75","yes","no","EXCLUDE_LOCKED_OVERLAP","exact overlap with v1 locked case; all derivatives excluded"
"E:\甲劈微循环\data\血管数据集\分类数据集\image\96_18.jpg","classification_aug","96","18","recovered_archive1/75","yes","no","EXCLUDE_LOCKED_OVERLAP","exact overlap with v1 locked case; all derivatives excluded"
"E:\甲劈微循环\data\血管数据集\分类数据集\image\96_19.jpg","classification_aug","96","19","recovered_archive1/75","yes","no","EXCLUDE_LOCKED_OVERLAP","exact overlap with v1 locked case; all derivatives excluded"
"E:\甲劈微循环\data\血管数据集\分类数据集\image\96_2.jpg","classification_aug","96","2","recovered_archive1/75","yes","no","EXCLUDE_LOCKED_OVERLAP","exact overlap with v1 locked case; all derivatives excluded"
"E:\甲劈微循环\data\血管数据集\分类数据集\image\96_3.jpg","classification_aug","96","3","recovered_archive1/75","yes","no","EXCLUDE_LOCKED_OVERLAP","exact overlap with v1 locked case; all derivatives excluded"
"E:\甲劈微循环\data\血管数据集\分类数据集\image\96_4.jpg","classification_aug","96","4","recovered_archive1/75","yes","no","EXCLUDE_LOCKED_OVERLAP","exact overlap with v1 locked case; all derivatives excluded"
"E:\甲劈微循环\data\血管数据集\分类数据集\image\96_5.jpg","classification_aug","96","5","recovered_archive1/75","yes","no","EXCLUDE_LOCKED_OVERLAP","exact overlap with v1 locked case; all derivatives excluded"
"E:\甲劈微循环\data\血管数据集\分类数据集\image\96_6.jpg","classification_aug","96","6","recovered_archive1/75","yes","no","EXCLUDE_LOCKED_OVERLAP","exact overlap with v1 locked case; all derivatives excluded"
"E:\甲劈微循环\data\血管数据集\分类数据集\image\96_7.jpg","classification_aug","96","7","recovered_archive1/75","yes","no","EXCLUDE_LOCKED_OVERLAP","exact overlap with v1 locked case; all derivatives excluded"
"E:\甲劈微循环\data\血管数据集\分类数据集\image\96_8.jpg","classification_aug","96","8","recovered_archive1/75","yes","no","EXCLUDE_LOCKED_OVERLAP","exact overlap with v1 locked case; all derivatives excluded"
"E:\甲劈微循环\data\血管数据集\分类数据集\image\96_9.jpg","classification_aug","96","9","recovered_archive1/75","yes","no","EXCLUDE_LOCKED_OVERLAP","exact overlap with v1 locked case; all derivatives excluded"
