source_xml,derived_xml,source_md5,derived_md5,typo_replacements,status,raw_overwritten
E:\甲劈微循环\artifacts\derived\vascular_dataset_governance_20260830\xml_repaired_all\1.xml,E:\甲劈微循环\artifacts\derived\vascular_dataset_governance_20260830\xml_repaired_normalized\1.xml,04aa37772d586b28dc4c93cb0d230889,04aa37772d586b28dc4c93cb0d230889,0,AUTO_NORMALIZED_SPELLING_ONLY,no
E:\甲劈微循环\artifacts\derived\vascular_dataset_governance_20260830\xml_repaired_all\2.xml,E:\甲劈微循环\artifacts\derived\vascular_dataset_governance_20260830\xml_repaired_normalized\2.xml,9c09b04792ca0b759b7a4aee830adc73,9c09b04792ca0b759b7a4aee830adc73,0,AUTO_NORMALIZED_SPELLING_ONLY,no
E:\甲劈微循环\artifacts\derived\vascular_dataset_governance_20260830\xml_repaired_all\3.xml,E:\甲劈微循环\artifacts\derived\vascular_dataset_governance_20260830\xml_repaired_normalized\3.xml,af8e4ae89fe71f8e0c21dcd0ff62beb5,af8e4ae89fe71f8e0c21dcd0ff62beb5,0,AUTO_NORMALIZED_SPELLING_ONLY,no
E:\甲劈微循环\artifacts\derived\vascular_dataset_governance_20260830\xml_repaired_all\4.xml,E:\甲劈微循环\artifacts\derived\vascular_dataset_governance_20260830\xml_repaired_normalized\4.xml,63a3f6806231d500bf50c70ed8a0706e,63a3f6806231d500bf50c70ed8a0706e,0,AUTO_NORMALIZED_SPELLING_ONLY,no
E:\甲劈微循环\artifacts\derived\vascular_dataset_governance_20260830\xml_repaired_all\5.xml,E:\甲劈微循环\artifacts\derived\vascular_dataset_governance_20260830\xml_repaired_normalized\5.xml,6081d3fce1544fd38fbf55fdecefb0cf,6081d3fce1544fd38fbf55fdecefb0cf,0,AUTO_NORMALIZED_SPELLING_ONLY,no
E:\甲劈微循环\artifacts\derived\vascular_dataset_governance_20260830\xml_repaired_all\6.xml,E:\甲劈微循环\artifacts\derived\vascular_dataset_governance_20260830\xml_repaired_normalized\6.xml,d765208c9ac12311cf0a3699cfaed0e5,d765208c9ac12311cf0a3699cfaed0e5,0,AUTO_NORMALIZED_SPELLING_ONLY,no
E:\甲劈微循环\artifacts\derived\vascular_dataset_governance_20260830\xml_repaired_all\7.xml,E:\甲劈微循环\artifacts\derived\vascular_dataset_governance_20260830\xml_repaired_normalized\7.xml,13ee953e10ac11c73c46c2fce0aeb377,13ee953e10ac11c73c46c2fce0aeb377,0,AUTO_NORMALIZED_SPELLING_ONLY,no
E:\甲劈微循环\artifacts\derived\vascular_dataset_governance_20260830\xml_repaired_all\8.xml,E:\甲劈微循环\artifacts\derived\vascular_dataset_governance_20260830\xml_repaired_normalized\8.xml,e74c8a5a185d1fb5bfa17a0d90afce98,e74c8a5a185d1fb5bfa17a0d90afce98,0,AUTO_NORMALIZED_SPELLING_ONLY,no
E:\甲劈微循环\artifacts\derived\vascular_dataset_governance_20260830\xml_repaired_all\9.xml,E:\甲劈微循环\artifacts\derived\vascular_dataset_governance_20260830\xml_repaired_normalized\9.xml,2aed22d46656617b4930a3a9a47d838c,2aed22d46656617b4930a3a9a47d838c,0,AUTO_NORMALIZED_SPELLING_ONLY,no
E:\甲劈微循环\artifacts\derived\vascular_dataset_governance_20260830\xml_repaired_all\10.xml,E:\甲劈微循环\artifacts\derived\vascular_dataset_governance_20260830\xml_repaired_normalized\10.xml,884360c2d18ee2a05b36fd0b5429d286,884360c2d18ee2a05b36fd0b5429d286,0,AUTO_NORMALIZED_SPELLING_ONLY,no
E:\甲劈微循环\artifacts\derived\vascular_dataset_governance_20260830\xml_repaired_all\11.xml,E:\甲劈微循环\artifacts\derived\vascular_dataset_governance_20260830\xml_repaired_normalized\11.xml,dacbf865e29eb0e3e7a1379594d29f72,dacbf865e29eb0e3e7a1379594d29f72,0,AUTO_NORMALIZED_SPELLING_ONLY,no
E:\甲劈微循环\artifacts\derived\vascular_dataset_governance_20260830\xml_repaired_all\12.xml,E:\甲劈微循环\artifacts\derived\vascular_dataset_governance_20260830\xml_repaired_normalized\12.xml,aadfc67bcc9277499bc7034811cbc6e7,aadfc67bcc9277499bc7034811cbc6e7,0,AUTO_NORMALIZED_SPELLING_ONLY,no
E:\甲劈微循环\artifacts\derived\vascular_dataset_governance_20260830\xml_repaired_all\13.xml,E:\甲劈微循环\artifacts\derived\vascular_dataset_governance_20260830\xml_repaired_normalized\13.xml,0960b0b2f8f34c5c0cebbbd59ea9fe67,0960b0b2f8f34c5c0cebbbd59ea9fe67,0,AUTO_NORMALIZED_SPELLING_ONLY,no
E:\甲劈微循环\artifacts\derived\vascular_dataset_governance_20260830\xml_repaired_all\14.xml,E:\甲劈微循环\artifacts\derived\vascular_dataset_governance_20260830\xml_repaired_normalized\14.xml,0d6b6b63b4831c8b09212f95346da3da,0d6b6b63b4831c8b09212f95346da3da,0,AUTO_NORMALIZED_SPELLING_ONLY,no
E:\甲劈微循环\artifacts\derived\vascular_dataset_governance_20260830\xml_repaired_all\15.xml,E:\甲劈微循环\artifacts\derived\vascular_dataset_governance_20260830\xml_repaired_normalized\15.xml,1c5836f5e095d1f6524734aed4ec857b,1c5836f5e095d1f6524734aed4ec857b,0,AUTO_NORMALIZED_SPELLING_ONLY,no
E:\甲劈微循环\artifacts\derived\vascular_dataset_governance_20260830\xml_repaired_all\16.xml,E:\甲劈微循环\artifacts\derived\vascular_dataset_governance_20260830\xml_repaired_normalized\16.xml,d94e2016396ba0154a7bac59bd1e9d68,d94e2016396ba0154a7bac59bd1e9d68,0,AUTO_NORMALIZED_SPELLING_ONLY,no
E:\甲劈微循环\artifacts\derived\vascular_dataset_governance_20260830\xml_repaired_all\17.xml,E:\甲劈微循环\artifacts\derived\vascular_dataset_governance_20260830\xml_repaired_normalized\17.xml,c74ee41d2394c0ef5b8cc839f392a8ce,c74ee41d2394c0ef5b8cc839f392a8ce,0,AUTO_NORMALIZED_SPELLING_ONLY,no
E:\甲劈微循环\artifacts\derived\vascular_dataset_governance_20260830\xml_repaired_all\18.xml,E:\甲劈微循环\artifacts\derived\vascular_dataset_governance_20260830\xml_repaired_normalized\18.xml,b91291fd202b840872829c66080d0cd3,b91291fd202b840872829c66080d0cd3,0,AUTO_NORMALIZED_SPELLING_ONLY,no
E:\甲劈微循环\artifacts\derived\vascular_dataset_governance_20260830\xml_repaired_all\19.xml,E:\甲劈微循环\artifacts\derived\vascular_dataset_governance_20260830\xml_repaired_normalized\19.xml,40d0e87dc53ae3d320aa7137d9250c69,40d0e87dc53ae3d320aa7137d9250c69,0,AUTO_NORMALIZED_SPELLING_ONLY,no
E:\甲劈微循环\artifacts\derived\vascular_dataset_governance_20260830\xml_repaired_all\20.xml,E:\甲劈微循环\artifacts\derived\vascular_dataset_governance_20260830\xml_repaired_normalized\20.xml,36e83717a6dd4c0529fcc9981145e581,36e83717a6dd4c0529fcc9981145e581,0,AUTO_NORMALIZED_SPELLING_ONLY,no
E:\甲劈微循环\artifacts\derived\vascular_dataset_governance_20260830\xml_repaired_all\21.xml,E:\甲劈微循环\artifacts\derived\vascular_dataset_governance_20260830\xml_repaired_normalized\21.xml,1982df99a9b97b6b1d22fcc8c4644dc1,1982df99a9b97b6b1d22fcc8c4644dc1,0,AUTO_NORMALIZED_SPELLING_ONLY,no
E:\甲劈微循环\artifacts\derived\vascular_dataset_governance_20260830\xml_repaired_all\22.xml,E:\甲劈微循环\artifacts\derived\vascular_dataset_governance_20260830\xml_repaired_normalized\22.xml,e891c86443fcb2f2fdef85833f1cfb38,e891c86443fcb2f2fdef85833f1cfb38,0,AUTO_NORMALIZED_SPELLING_ONLY,no
E:\甲劈微循环\artifacts\derived\vascular_dataset_governance_20260830\xml_repaired_all\23.xml,E:\甲劈微循环\artifacts\derived\vascular_dataset_governance_20260830\xml_repaired_normalized\23.xml,a75335e5a85df5fa67e566f26f44ed62,a75335e5a85df5fa67e566f26f44ed62,0,AUTO_NORMALIZED_SPELLING_ONLY,no
E:\甲劈微循环\artifacts\derived\vascular_dataset_governance_20260830\xml_repaired_all\24.xml,E:\甲劈微循环\artifacts\derived\vascular_dataset_governance_20260830\xml_repaired_normalized\24.xml,47699bd5cd3b113b2124f190676138e4,47699bd5cd3b113b2124f190676138e4,0,AUTO_NORMALIZED_SPELLING_ONLY,no
E:\甲劈微循环\artifacts\derived\vascular_dataset_governance_20260830\xml_repaired_all\25.xml,E:\甲劈微循环\artifacts\derived\vascular_dataset_governance_20260830\xml_repaired_normalized\25.xml,ac598802cc7fb50095658a91bb917361,ac598802cc7fb50095658a91bb917361,0,AUTO_NORMALIZED_SPELLING_ONLY,no
E:\甲劈微循环\artifacts\derived\vascular_dataset_governance_20260830\xml_repaired_all\26.xml,E:\甲劈微循环\artifacts\derived\vascular_dataset_governance_20260830\xml_repaired_normalized\26.xml,fb6a5b3ead94f35ddcc281ff5ff7b5c5,fb6a5b3ead94f35ddcc281ff5ff7b5c5,0,AUTO_NORMALIZED_SPELLING_ONLY,no
E:\甲劈微循环\artifacts\derived\vascular_dataset_governance_20260830\xml_repaired_all\27.xml,E:\甲劈微循环\artifacts\derived\vascular_dataset_governance_20260830\xml_repaired_normalized\27.xml,f3451d0812519bd87f3b547daf33dcf5,f3451d0812519bd87f3b547daf33dcf5,0,AUTO_NORMALIZED_SPELLING_ONLY,no
E:\甲劈微循环\artifacts\derived\vascular_dataset_governance_20260830\xml_repaired_all\28.xml,E:\甲劈微循环\artifacts\derived\vascular_dataset_governance_20260830\xml_repaired_normalized\28.xml,25c42952f676a4f4a5362e44b64a226a,25c42952f676a4f4a5362e44b64a226a,0,AUTO_NORMALIZED_SPELLING_ONLY,no
E:\甲劈微循环\artifacts\derived\vascular_dataset_governance_20260830\xml_repaired_all\29.xml,E:\甲劈微循环\artifacts\derived\vascular_dataset_governance_20260830\xml_repaired_normalized\29.xml,e78246de2ef3334af97cf36a864ff255,e78246de2ef3334af97cf36a864ff255,0,AUTO_NORMALIZED_SPELLING_ONLY,no
E:\甲劈微循环\artifacts\derived\vascular_dataset_governance_20260830\xml_repaired_all\30.xml,E:\甲劈微循环\artifacts\derived\vascular_dataset_governance_20260830\xml_repaired_normalized\30.xml,4320350fb213e6fd02c3eae8bfbbb059,4320350fb213e6fd02c3eae8bfbbb059,0,AUTO_NORMALIZED_SPELLING_ONLY,no
E:\甲劈微循环\artifacts\derived\vascular_dataset_governance_20260830\xml_repaired_all\31.xml,E:\甲劈微循环\artifacts\derived\vascular_dataset_governance_20260830\xml_repaired_normalized\31.xml,b92807b04de075d490946549ee107f8b,b92807b04de075d490946549ee107f8b,0,AUTO_NORMALIZED_SPELLING_ONLY,no
E:\甲劈微循环\artifacts\derived\vascular_dataset_governance_20260830\xml_repaired_all\32.xml,E:\甲劈微循环\artifacts\derived\vascular_dataset_governance_20260830\xml_repaired_normalized\32.xml,b0e427aa94163db3598c4612f63910c5,b0e427aa94163db3598c4612f63910c5,0,AUTO_NORMALIZED_SPELLING_ONLY,no
E:\甲劈微循环\artifacts\derived\vascular_dataset_governance_20260830\xml_repaired_all\33.xml,E:\甲劈微循环\artifacts\derived\vascular_dataset_governance_20260830\xml_repaired_normalized\33.xml,4c9cff16c1696fdbdfa74db4099926f3,4c9cff16c1696fdbdfa74db4099926f3,0,AUTO_NORMALIZED_SPELLING_ONLY,no
E:\甲劈微循环\artifacts\derived\vascular_dataset_governance_20260830\xml_repaired_all\34.xml,E:\甲劈微循环\artifacts\derived\vascular_dataset_governance_20260830\xml_repaired_normalized\34.xml,954f1afab433a21c155a80f3ade78e48,954f1afab433a21c155a80f3ade78e48,0,AUTO_NORMALIZED_SPELLING_ONLY,no
E:\甲劈微循环\artifacts\derived\vascular_dataset_governance_20260830\xml_repaired_all\35.xml,E:\甲劈微循环\artifacts\derived\vascular_dataset_governance_20260830\xml_repaired_normalized\35.xml,1adfcafe9737dc20cb9471b6953ca885,1adfcafe9737dc20cb9471b6953ca885,0,AUTO_NORMALIZED_SPELLING_ONLY,no
E:\甲劈微循环\artifacts\derived\vascular_dataset_governance_20260830\xml_repaired_all\36.xml,E:\甲劈微循环\artifacts\derived\vascular_dataset_governance_20260830\xml_repaired_normalized\36.xml,27bb27caf442a2802feb6dd25bdbb120,27bb27caf442a2802feb6dd25bdbb120,0,AUTO_NORMALIZED_SPELLING_ONLY,no
E:\甲劈微循环\artifacts\derived\vascular_dataset_governance_20260830\xml_repaired_all\37.xml,E:\甲劈微循环\artifacts\derived\vascular_dataset_governance_20260830\xml_repaired_normalized\37.xml,b2e29dc9786fb1aad2f69d7fb9c10689,b2e29dc9786fb1aad2f69d7fb9c10689,0,AUTO_NORMALIZED_SPELLING_ONLY,no
E:\甲劈微循环\artifacts\derived\vascular_dataset_governance_20260830\xml_repaired_all\38.xml,E:\甲劈微循环\artifacts\derived\vascular_dataset_governance_20260830\xml_repaired_normalized\38.xml,eb3f49765274e38ff50b72aaf1127e14,eb3f49765274e38ff50b72aaf1127e14,0,AUTO_NORMALIZED_SPELLING_ONLY,no
E:\甲劈微循环\artifacts\derived\vascular_dataset_governance_20260830\xml_repaired_all\39.xml,E:\甲劈微循环\artifacts\derived\vascular_dataset_governance_20260830\xml_repaired_normalized\39.xml,165dbb0f2fbcdc29f8328f7d00710a32,165dbb0f2fbcdc29f8328f7d00710a32,0,AUTO_NORMALIZED_SPELLING_ONLY,no
E:\甲劈微循环\artifacts\derived\vascular_dataset_governance_20260830\xml_repaired_all\40.xml,E:\甲劈微循环\artifacts\derived\vascular_dataset_governance_20260830\xml_repaired_normalized\40.xml,b11a8399a4ed408981a1e0deb3b434b7,b11a8399a4ed408981a1e0deb3b434b7,0,AUTO_NORMALIZED_SPELLING_ONLY,no
E:\甲劈微循环\artifacts\derived\vascular_dataset_governance_20260830\xml_repaired_all\41.xml,E:\甲劈微循环\artifacts\derived\vascular_dataset_governance_20260830\xml_repaired_normalized\41.xml,550e0678b038bec0df232ef28a80cd50,550e0678b038bec0df232ef28a80cd50,0,AUTO_NORMALIZED_SPELLING_ONLY,no
E:\甲劈微循环\artifacts\derived\vascular_dataset_governance_20260830\xml_repaired_all\42.xml,E:\甲劈微循环\artifacts\derived\vascular_dataset_governance_20260830\xml_repaired_normalized\42.xml,3dfe6b270c12bfff4b87ab5935e4472a,3dfe6b270c12bfff4b87ab5935e4472a,0,AUTO_NORMALIZED_SPELLING_ONLY,no
E:\甲劈微循环\artifacts\derived\vascular_dataset_governance_20260830\xml_repaired_all\43.xml,E:\甲劈微循环\artifacts\derived\vascular_dataset_governance_20260830\xml_repaired_normalized\43.xml,31da0f17301f59c5226fb133625cc936,31da0f17301f59c5226fb133625cc936,0,AUTO_NORMALIZED_SPELLING_ONLY,no
E:\甲劈微循环\artifacts\derived\vascular_dataset_governance_20260830\xml_repaired_all\44.xml,E:\甲劈微循环\artifacts\derived\vascular_dataset_governance_20260830\xml_repaired_normalized\44.xml,916603761a7d4492ead51df39d0eedf2,916603761a7d4492ead51df39d0eedf2,0,AUTO_NORMALIZED_SPELLING_ONLY,no
E:\甲劈微循环\artifacts\derived\vascular_dataset_governance_20260830\xml_repaired_all\45.xml,E:\甲劈微循环\artifacts\derived\vascular_dataset_governance_20260830\xml_repaired_normalized\45.xml,1315b6a3adee23c1e801d9f51d7bea01,1315b6a3adee23c1e801d9f51d7bea01,0,AUTO_NORMALIZED_SPELLING_ONLY,no
E:\甲劈微循环\artifacts\derived\vascular_dataset_governance_20260830\xml_repaired_all\46.xml,E:\甲劈微循环\artifacts\derived\vascular_dataset_governance_20260830\xml_repaired_normalized\46.xml,22225e808c5d7c5434067887da937e60,22225e808c5d7c5434067887da937e60,0,AUTO_NORMALIZED_SPELLING_ONLY,no
E:\甲劈微循环\artifacts\derived\vascular_dataset_governance_20260830\xml_repaired_all\47.xml,E:\甲劈微循环\artifacts\derived\vascular_dataset_governance_20260830\xml_repaired_normalized\47.xml,e3ff5b9abc0361afe5c74808c28a63f7,e3ff5b9abc0361afe5c74808c28a63f7,0,AUTO_NORMALIZED_SPELLING_ONLY,no
E:\甲劈微循环\artifacts\derived\vascular_dataset_governance_20260830\xml_repaired_all\48.xml,E:\甲劈微循环\artifacts\derived\vascular_dataset_governance_20260830\xml_repaired_normalized\48.xml,e26aebcfabb376256757ada730389577,e26aebcfabb376256757ada730389577,0,AUTO_NORMALIZED_SPELLING_ONLY,no
E:\甲劈微循环\artifacts\derived\vascular_dataset_governance_20260830\xml_repaired_all\49.xml,E:\甲劈微循环\artifacts\derived\vascular_dataset_governance_20260830\xml_repaired_normalized\49.xml,53cf5f9ad0689b9f9d84ac789c668dea,53cf5f9ad0689b9f9d84ac789c668dea,0,AUTO_NORMALIZED_SPELLING_ONLY,no
E:\甲劈微循环\artifacts\derived\vascular_dataset_governance_20260830\xml_repaired_all\50.xml,E:\甲劈微循环\artifacts\derived\vascular_dataset_governance_20260830\xml_repaired_normalized\50.xml,31e2e594f23a4ef85a1836d9a397419e,31e2e594f23a4ef85a1836d9a397419e,0,AUTO_NORMALIZED_SPELLING_ONLY,no
E:\甲劈微循环\artifacts\derived\vascular_dataset_governance_20260830\xml_repaired_all\51.xml,E:\甲劈微循环\artifacts\derived\vascular_dataset_governance_20260830\xml_repaired_normalized\51.xml,6a4b862b3e247dc6f37d0709af611991,6a4b862b3e247dc6f37d0709af611991,0,AUTO_NORMALIZED_SPELLING_ONLY,no
E:\甲劈微循环\artifacts\derived\vascular_dataset_governance_20260830\xml_repaired_all\52.xml,E:\甲劈微循环\artifacts\derived\vascular_dataset_governance_20260830\xml_repaired_normalized\52.xml,275543f80d3247ff0937e91540a9deb6,275543f80d3247ff0937e91540a9deb6,0,AUTO_NORMALIZED_SPELLING_ONLY,no
E:\甲劈微循环\artifacts\derived\vascular_dataset_governance_20260830\xml_repaired_all\53.xml,E:\甲劈微循环\artifacts\derived\vascular_dataset_governance_20260830\xml_repaired_normalized\53.xml,519858e3173db3eb252dac07900516d4,519858e3173db3eb252dac07900516d4,0,AUTO_NORMALIZED_SPELLING_ONLY,no
E:\甲劈微循环\artifacts\derived\vascular_dataset_governance_20260830\xml_repaired_all\54.xml,E:\甲劈微循环\artifacts\derived\vascular_dataset_governance_20260830\xml_repaired_normalized\54.xml,0f768d27f5bfa1b44e3c4a80f546978e,0f768d27f5bfa1b44e3c4a80f546978e,0,AUTO_NORMALIZED_SPELLING_ONLY,no
E:\甲劈微循环\artifacts\derived\vascular_dataset_governance_20260830\xml_repaired_all\55.xml,E:\甲劈微循环\artifacts\derived\vascular_dataset_governance_20260830\xml_repaired_normalized\55.xml,99f0174bd32e6cc63d762cee997ec202,99f0174bd32e6cc63d762cee997ec202,0,AUTO_NORMALIZED_SPELLING_ONLY,no
E:\甲劈微循环\artifacts\derived\vascular_dataset_governance_20260830\xml_repaired_all\56.xml,E:\甲劈微循环\artifacts\derived\vascular_dataset_governance_20260830\xml_repaired_normalized\56.xml,1a06360ee05c94ca9aac1c4b61c2ec1a,1a06360ee05c94ca9aac1c4b61c2ec1a,0,AUTO_NORMALIZED_SPELLING_ONLY,no
E:\甲劈微循环\artifacts\derived\vascular_dataset_governance_20260830\xml_repaired_all\57.xml,E:\甲劈微循环\artifacts\derived\vascular_dataset_governance_20260830\xml_repaired_normalized\57.xml,878c628dece29800e9ac3a3b3996eb3b,878c628dece29800e9ac3a3b3996eb3b,0,AUTO_NORMALIZED_SPELLING_ONLY,no
E:\甲劈微循环\artifacts\derived\vascular_dataset_governance_20260830\xml_repaired_all\58.xml,E:\甲劈微循环\artifacts\derived\vascular_dataset_governance_20260830\xml_repaired_normalized\58.xml,66f657f17a03f3aa8fa5fd2c542cc571,66f657f17a03f3aa8fa5fd2c542cc571,0,AUTO_NORMALIZED_SPELLING_ONLY,no
E:\甲劈微循环\artifacts\derived\vascular_dataset_governance_20260830\xml_repaired_all\59.xml,E:\甲劈微循环\artifacts\derived\vascular_dataset_governance_20260830\xml_repaired_normalized\59.xml,14a4d58eef7212143f47b13c1d83a954,14a4d58eef7212143f47b13c1d83a954,0,AUTO_NORMALIZED_SPELLING_ONLY,no
E:\甲劈微循环\artifacts\derived\vascular_dataset_governance_20260830\xml_repaired_all\60.xml,E:\甲劈微循环\artifacts\derived\vascular_dataset_governance_20260830\xml_repaired_normalized\60.xml,82418858d17f03511c3f552c6723e34f,82418858d17f03511c3f552c6723e34f,0,AUTO_NORMALIZED_SPELLING_ONLY,no
E:\甲劈微循环\artifacts\derived\vascular_dataset_governance_20260830\xml_repaired_all\61.xml,E:\甲劈微循环\artifacts\derived\vascular_dataset_governance_20260830\xml_repaired_normalized\61.xml,da8a20d42361a46694f88658f12310bd,da8a20d42361a46694f88658f12310bd,0,AUTO_NORMALIZED_SPELLING_ONLY,no
E:\甲劈微循环\artifacts\derived\vascular_dataset_governance_20260830\xml_repaired_all\62.xml,E:\甲劈微循环\artifacts\derived\vascular_dataset_governance_20260830\xml_repaired_normalized\62.xml,b319ab51beda78b5f728fc5e52e1b1da,b319ab51beda78b5f728fc5e52e1b1da,0,AUTO_NORMALIZED_SPELLING_ONLY,no
E:\甲劈微循环\artifacts\derived\vascular_dataset_governance_20260830\xml_repaired_all\63.xml,E:\甲劈微循环\artifacts\derived\vascular_dataset_governance_20260830\xml_repaired_normalized\63.xml,f1bcb7aa5ec5564b85ac3302d8f510fb,f1bcb7aa5ec5564b85ac3302d8f510fb,0,AUTO_NORMALIZED_SPELLING_ONLY,no
E:\甲劈微循环\artifacts\derived\vascular_dataset_governance_20260830\xml_repaired_all\64.xml,E:\甲劈微循环\artifacts\derived\vascular_dataset_governance_20260830\xml_repaired_normalized\64.xml,64d931beb10774682c40eb56e73054fb,64d931beb10774682c40eb56e73054fb,0,AUTO_NORMALIZED_SPELLING_ONLY,no
E:\甲劈微循环\artifacts\derived\vascular_dataset_governance_20260830\xml_repaired_all\65.xml,E:\甲劈微循环\artifacts\derived\vascular_dataset_governance_20260830\xml_repaired_normalized\65.xml,f4488ea8a91b3a167e41bca641a4f7c5,f4488ea8a91b3a167e41bca641a4f7c5,0,AUTO_NORMALIZED_SPELLING_ONLY,no
E:\甲劈微循环\artifacts\derived\vascular_dataset_governance_20260830\xml_repaired_all\66.xml,E:\甲劈微循环\artifacts\derived\vascular_dataset_governance_20260830\xml_repaired_normalized\66.xml,8431bfc62f7e1b1e3554d1adcf054947,8431bfc62f7e1b1e3554d1adcf054947,0,AUTO_NORMALIZED_SPELLING_ONLY,no
E:\甲劈微循环\artifacts\derived\vascular_dataset_governance_20260830\xml_repaired_all\67.xml,E:\甲劈微循环\artifacts\derived\vascular_dataset_governance_20260830\xml_repaired_normalized\67.xml,f8cb87e7350ed62fc5538bccdd284d59,f8cb87e7350ed62fc5538bccdd284d59,0,AUTO_NORMALIZED_SPELLING_ONLY,no
E:\甲劈微循环\artifacts\derived\vascular_dataset_governance_20260830\xml_repaired_all\68.xml,E:\甲劈微循环\artifacts\derived\vascular_dataset_governance_20260830\xml_repaired_normalized\68.xml,1c4d85ae2f1ebecf69c93000b5a39332,1c4d85ae2f1ebecf69c93000b5a39332,0,AUTO_NORMALIZED_SPELLING_ONLY,no
E:\甲劈微循环\artifacts\derived\vascular_dataset_governance_20260830\xml_repaired_all\69.xml,E:\甲劈微循环\artifacts\derived\vascular_dataset_governance_20260830\xml_repaired_normalized\69.xml,6ce728d06b75ce4385a80b6862eaa193,6ce728d06b75ce4385a80b6862eaa193,0,AUTO_NORMALIZED_SPELLING_ONLY,no
E:\甲劈微循环\artifacts\derived\vascular_dataset_governance_20260830\xml_repaired_all\70.xml,E:\甲劈微循环\artifacts\derived\vascular_dataset_governance_20260830\xml_repaired_normalized\70.xml,2130d1415a761240e106285358a0a652,2130d1415a761240e106285358a0a652,0,AUTO_NORMALIZED_SPELLING_ONLY,no
E:\甲劈微循环\artifacts\derived\vascular_dataset_governance_20260830\xml_repaired_all\71.xml,E:\甲劈微循环\artifacts\derived\vascular_dataset_governance_20260830\xml_repaired_normalized\71.xml,be30362c99d70b59c5d9d1b7a180d190,be30362c99d70b59c5d9d1b7a180d190,0,AUTO_NORMALIZED_SPELLING_ONLY,no
E:\甲劈微循环\artifacts\derived\vascular_dataset_governance_20260830\xml_repaired_all\72.xml,E:\甲劈微循环\artifacts\derived\vascular_dataset_governance_20260830\xml_repaired_normalized\72.xml,a063e175e7fe6d08700eab4be3ae0a65,a063e175e7fe6d08700eab4be3ae0a65,0,AUTO_NORMALIZED_SPELLING_ONLY,no
E:\甲劈微循环\artifacts\derived\vascular_dataset_governance_20260830\xml_repaired_all\73.xml,E:\甲劈微循环\artifacts\derived\vascular_dataset_governance_20260830\xml_repaired_normalized\73.xml,b3d1b8aacb90b42c35fbbe42d666b566,b3d1b8aacb90b42c35fbbe42d666b566,0,AUTO_NORMALIZED_SPELLING_ONLY,no
E:\甲劈微循环\artifacts\derived\vascular_dataset_governance_20260830\xml_repaired_all\74.xml,E:\甲劈微循环\artifacts\derived\vascular_dataset_governance_20260830\xml_repaired_normalized\74.xml,36d1b88cfb8a821c8a275af9cdc25921,36d1b88cfb8a821c8a275af9cdc25921,0,AUTO_NORMALIZED_SPELLING_ONLY,no
E:\甲劈微循环\artifacts\derived\vascular_dataset_governance_20260830\xml_repaired_all\75.xml,E:\甲劈微循环\artifacts\derived\vascular_dataset_governance_20260830\xml_repaired_normalized\75.xml,988107880206ac2042e992f488e82e7a,988107880206ac2042e992f488e82e7a,0,AUTO_NORMALIZED_SPELLING_ONLY,no
E:\甲劈微循环\artifacts\derived\vascular_dataset_governance_20260830\xml_repaired_all\76.xml,E:\甲劈微循环\artifacts\derived\vascular_dataset_governance_20260830\xml_repaired_normalized\76.xml,d9f1481b3c19945a39ba7d340816a7bf,d9f1481b3c19945a39ba7d340816a7bf,0,AUTO_NORMALIZED_SPELLING_ONLY,no
E:\甲劈微循环\artifacts\derived\vascular_dataset_governance_20260830\xml_repaired_all\77.xml,E:\甲劈微循环\artifacts\derived\vascular_dataset_governance_20260830\xml_repaired_normalized\77.xml,d760d56010645b88d07c845965603920,d760d56010645b88d07c845965603920,0,AUTO_NORMALIZED_SPELLING_ONLY,no
E:\甲劈微循环\artifacts\derived\vascular_dataset_governance_20260830\xml_repaired_all\78.xml,E:\甲劈微循环\artifacts\derived\vascular_dataset_governance_20260830\xml_repaired_normalized\78.xml,09d6e2beeb6aaabefa42e49abf04c7a5,09d6e2beeb6aaabefa42e49abf04c7a5,0,AUTO_NORMALIZED_SPELLING_ONLY,no
E:\甲劈微循环\artifacts\derived\vascular_dataset_governance_20260830\xml_repaired_all\79.xml,E:\甲劈微循环\artifacts\derived\vascular_dataset_governance_20260830\xml_repaired_normalized\79.xml,403d820f786d329d7af921d7913b1642,403d820f786d329d7af921d7913b1642,0,AUTO_NORMALIZED_SPELLING_ONLY,no
E:\甲劈微循环\artifacts\derived\vascular_dataset_governance_20260830\xml_repaired_all\80.xml,E:\甲劈微循环\artifacts\derived\vascular_dataset_governance_20260830\xml_repaired_normalized\80.xml,5d047b09f2201419e88e7f4281b1ed2f,5d047b09f2201419e88e7f4281b1ed2f,0,AUTO_NORMALIZED_SPELLING_ONLY,no
E:\甲劈微循环\artifacts\derived\vascular_dataset_governance_20260830\xml_repaired_all\81.xml,E:\甲劈微循环\artifacts\derived\vascular_dataset_governance_20260830\xml_repaired_normalized\81.xml,acd215fd04cb36da24c22d36a3b37740,acd215fd04cb36da24c22d36a3b37740,0,AUTO_NORMALIZED_SPELLING_ONLY,no
E:\甲劈微循环\artifacts\derived\vascular_dataset_governance_20260830\xml_repaired_all\82.xml,E:\甲劈微循环\artifacts\derived\vascular_dataset_governance_20260830\xml_repaired_normalized\82.xml,7c96ffd0d9bb97ea03b3bbfe0f5ad706,7c96ffd0d9bb97ea03b3bbfe0f5ad706,0,AUTO_NORMALIZED_SPELLING_ONLY,no
E:\甲劈微循环\artifacts\derived\vascular_dataset_governance_20260830\xml_repaired_all\83.xml,E:\甲劈微循环\artifacts\derived\vascular_dataset_governance_20260830\xml_repaired_normalized\83.xml,a22e0fd6ae84931ed801d163474263d2,a22e0fd6ae84931ed801d163474263d2,0,AUTO_NORMALIZED_SPELLING_ONLY,no
E:\甲劈微循环\artifacts\derived\vascular_dataset_governance_20260830\xml_repaired_all\84.xml,E:\甲劈微循环\artifacts\derived\vascular_dataset_governance_20260830\xml_repaired_normalized\84.xml,b884412cae81ea12822962ab98a48edf,b884412cae81ea12822962ab98a48edf,0,AUTO_NORMALIZED_SPELLING_ONLY,no
E:\甲劈微循环\artifacts\derived\vascular_dataset_governance_20260830\xml_repaired_all\85.xml,E:\甲劈微循环\artifacts\derived\vascular_dataset_governance_20260830\xml_repaired_normalized\85.xml,3cbb3a7a752cb98cccf51fe452ab5c5f,3cbb3a7a752cb98cccf51fe452ab5c5f,0,AUTO_NORMALIZED_SPELLING_ONLY,no
E:\甲劈微循环\artifacts\derived\vascular_dataset_governance_20260830\xml_repaired_all\86.xml,E:\甲劈微循环\artifacts\derived\vascular_dataset_governance_20260830\xml_repaired_normalized\86.xml,a4691dab5d9c7365ad0bb9879145f1af,a4691dab5d9c7365ad0bb9879145f1af,0,AUTO_NORMALIZED_SPELLING_ONLY,no
E:\甲劈微循环\artifacts\derived\vascular_dataset_governance_20260830\xml_repaired_all\87.xml,E:\甲劈微循环\artifacts\derived\vascular_dataset_governance_20260830\xml_repaired_normalized\87.xml,e0af912ab435ef1f4710a52677002a02,e0af912ab435ef1f4710a52677002a02,0,AUTO_NORMALIZED_SPELLING_ONLY,no
E:\甲劈微循环\artifacts\derived\vascular_dataset_governance_20260830\xml_repaired_all\88.xml,E:\甲劈微循环\artifacts\derived\vascular_dataset_governance_20260830\xml_repaired_normalized\88.xml,665e72fb1ddc858798a083b6bdb7f062,665e72fb1ddc858798a083b6bdb7f062,0,AUTO_NORMALIZED_SPELLING_ONLY,no
E:\甲劈微循环\artifacts\derived\vascular_dataset_governance_20260830\xml_repaired_all\89.xml,E:\甲劈微循环\artifacts\derived\vascular_dataset_governance_20260830\xml_repaired_normalized\89.xml,42e9532836d6e4e4f30a2cf2654bea1f,42e9532836d6e4e4f30a2cf2654bea1f,0,AUTO_NORMALIZED_SPELLING_ONLY,no
E:\甲劈微循环\artifacts\derived\vascular_dataset_governance_20260830\xml_repaired_all\90.xml,E:\甲劈微循环\artifacts\derived\vascular_dataset_governance_20260830\xml_repaired_normalized\90.xml,f9e473ce21f00eeb530015666526d79f,f9e473ce21f00eeb530015666526d79f,0,AUTO_NORMALIZED_SPELLING_ONLY,no
E:\甲劈微循环\artifacts\derived\vascular_dataset_governance_20260830\xml_repaired_all\91.xml,E:\甲劈微循环\artifacts\derived\vascular_dataset_governance_20260830\xml_repaired_normalized\91.xml,36ec6db669ef9d5b9d2d040c6b8447cf,36ec6db669ef9d5b9d2d040c6b8447cf,0,AUTO_NORMALIZED_SPELLING_ONLY,no
E:\甲劈微循环\artifacts\derived\vascular_dataset_governance_20260830\xml_repaired_all\92.xml,E:\甲劈微循环\artifacts\derived\vascular_dataset_governance_20260830\xml_repaired_normalized\92.xml,2e73efddd63126d8f8af1a24018b4340,2e73efddd63126d8f8af1a24018b4340,0,AUTO_NORMALIZED_SPELLING_ONLY,no
E:\甲劈微循环\artifacts\derived\vascular_dataset_governance_20260830\xml_repaired_all\93.xml,E:\甲劈微循环\artifacts\derived\vascular_dataset_governance_20260830\xml_repaired_normalized\93.xml,2dc0a02a6def922199bdde69ff9fffde,2dc0a02a6def922199bdde69ff9fffde,0,AUTO_NORMALIZED_SPELLING_ONLY,no
E:\甲劈微循环\artifacts\derived\vascular_dataset_governance_20260830\xml_repaired_all\94.xml,E:\甲劈微循环\artifacts\derived\vascular_dataset_governance_20260830\xml_repaired_normalized\94.xml,17ee609ded290e964db131ce1ffc8348,17ee609ded290e964db131ce1ffc8348,0,AUTO_NORMALIZED_SPELLING_ONLY,no
E:\甲劈微循环\artifacts\derived\vascular_dataset_governance_20260830\xml_repaired_all\95.xml,E:\甲劈微循环\artifacts\derived\vascular_dataset_governance_20260830\xml_repaired_normalized\95.xml,a8a14acdc1789d3f8b5e379ab6d598dd,a8a14acdc1789d3f8b5e379ab6d598dd,0,AUTO_NORMALIZED_SPELLING_ONLY,no
E:\甲劈微循环\artifacts\derived\vascular_dataset_governance_20260830\xml_repaired_all\96.xml,E:\甲劈微循环\artifacts\derived\vascular_dataset_governance_20260830\xml_repaired_normalized\96.xml,59da6d6caf0ed839a3cb7f442c4a35bb,59da6d6caf0ed839a3cb7f442c4a35bb,0,AUTO_NORMALIZED_SPELLING_ONLY,no
E:\甲劈微循环\artifacts\derived\vascular_dataset_governance_20260830\xml_repaired_all\97.xml,E:\甲劈微循环\artifacts\derived\vascular_dataset_governance_20260830\xml_repaired_normalized\97.xml,38a1377354dac7cf0d55699276ffbd74,38a1377354dac7cf0d55699276ffbd74,0,AUTO_NORMALIZED_SPELLING_ONLY,no
E:\甲劈微循环\artifacts\derived\vascular_dataset_governance_20260830\xml_repaired_all\98.xml,E:\甲劈微循环\artifacts\derived\vascular_dataset_governance_20260830\xml_repaired_normalized\98.xml,7ca516365f14b158ec42c2c47121503b,7ca516365f14b158ec42c2c47121503b,0,AUTO_NORMALIZED_SPELLING_ONLY,no
E:\甲劈微循环\artifacts\derived\vascular_dataset_governance_20260830\xml_repaired_all\99.xml,E:\甲劈微循环\artifacts\derived\vascular_dataset_governance_20260830\xml_repaired_normalized\99.xml,e328db448e82f1fe588588e79e3f3b22,e328db448e82f1fe588588e79e3f3b22,0,AUTO_NORMALIZED_SPELLING_ONLY,no
E:\甲劈微循环\artifacts\derived\vascular_dataset_governance_20260830\xml_repaired_all\100.xml,E:\甲劈微循环\artifacts\derived\vascular_dataset_governance_20260830\xml_repaired_normalized\100.xml,cb80d6309af79654adc8bce85e71543c,cb80d6309af79654adc8bce85e71543c,0,AUTO_NORMALIZED_SPELLING_ONLY,no
E:\甲劈微循环\artifacts\derived\vascular_dataset_governance_20260830\xml_repaired_all\101.xml,E:\甲劈微循环\artifacts\derived\vascular_dataset_governance_20260830\xml_repaired_normalized\101.xml,1c4219a392f4e33ec31892dc5ef8d75c,1c4219a392f4e33ec31892dc5ef8d75c,0,AUTO_NORMALIZED_SPELLING_ONLY,no
E:\甲劈微循环\artifacts\derived\vascular_dataset_governance_20260830\xml_repaired_all\102.xml,E:\甲劈微循环\artifacts\derived\vascular_dataset_governance_20260830\xml_repaired_normalized\102.xml,2f7bba3d4be10c1d3573b1d1f378fa19,2f7bba3d4be10c1d3573b1d1f378fa19,0,AUTO_NORMALIZED_SPELLING_ONLY,no
E:\甲劈微循环\artifacts\derived\vascular_dataset_governance_20260830\xml_repaired_all\103.xml,E:\甲劈微循环\artifacts\derived\vascular_dataset_governance_20260830\xml_repaired_normalized\103.xml,20c8bb67f709282c12926cc4050ee57e,20c8bb67f709282c12926cc4050ee57e,0,AUTO_NORMALIZED_SPELLING_ONLY,no
E:\甲劈微循环\artifacts\derived\vascular_dataset_governance_20260830\xml_repaired_all\104.xml,E:\甲劈微循环\artifacts\derived\vascular_dataset_governance_20260830\xml_repaired_normalized\104.xml,d547d8376c4eec934bcf07a2871f6841,d547d8376c4eec934bcf07a2871f6841,0,AUTO_NORMALIZED_SPELLING_ONLY,no
E:\甲劈微循环\artifacts\derived\vascular_dataset_governance_20260830\xml_repaired_all\105.xml,E:\甲劈微循环\artifacts\derived\vascular_dataset_governance_20260830\xml_repaired_normalized\105.xml,51f544ade7e34827109becf0cc068992,51f544ade7e34827109becf0cc068992,0,AUTO_NORMALIZED_SPELLING_ONLY,no
E:\甲劈微循环\artifacts\derived\vascular_dataset_governance_20260830\xml_repaired_all\106.xml,E:\甲劈微循环\artifacts\derived\vascular_dataset_governance_20260830\xml_repaired_normalized\106.xml,a71560dde7eb031856edeecdf3d635b0,a71560dde7eb031856edeecdf3d635b0,0,AUTO_NORMALIZED_SPELLING_ONLY,no
E:\甲劈微循环\artifacts\derived\vascular_dataset_governance_20260830\xml_repaired_all\107.xml,E:\甲劈微循环\artifacts\derived\vascular_dataset_governance_20260830\xml_repaired_normalized\107.xml,7583d112d0f0091515d637ac1a90b4d3,7583d112d0f0091515d637ac1a90b4d3,0,AUTO_NORMALIZED_SPELLING_ONLY,no
E:\甲劈微循环\artifacts\derived\vascular_dataset_governance_20260830\xml_repaired_all\108.xml,E:\甲劈微循环\artifacts\derived\vascular_dataset_governance_20260830\xml_repaired_normalized\108.xml,debfda356cfc92b025aba42f07d2aef4,debfda356cfc92b025aba42f07d2aef4,0,AUTO_NORMALIZED_SPELLING_ONLY,no
E:\甲劈微循环\artifacts\derived\vascular_dataset_governance_20260830\xml_repaired_all\109.xml,E:\甲劈微循环\artifacts\derived\vascular_dataset_governance_20260830\xml_repaired_normalized\109.xml,5e510ce713d43730ad0f24953da8acf0,5e510ce713d43730ad0f24953da8acf0,0,AUTO_NORMALIZED_SPELLING_ONLY,no
E:\甲劈微循环\artifacts\derived\vascular_dataset_governance_20260830\xml_repaired_all\110.xml,E:\甲劈微循环\artifacts\derived\vascular_dataset_governance_20260830\xml_repaired_normalized\110.xml,0eeb8eab2a20e056b919055b21254eed,0eeb8eab2a20e056b919055b21254eed,0,AUTO_NORMALIZED_SPELLING_ONLY,no
E:\甲劈微循环\artifacts\derived\vascular_dataset_governance_20260830\xml_repaired_all\111.xml,E:\甲劈微循环\artifacts\derived\vascular_dataset_governance_20260830\xml_repaired_normalized\111.xml,d557df58bf1742a9b56c1c2c7342ed7f,d557df58bf1742a9b56c1c2c7342ed7f,0,AUTO_NORMALIZED_SPELLING_ONLY,no
E:\甲劈微循环\artifacts\derived\vascular_dataset_governance_20260830\xml_repaired_all\112.xml,E:\甲劈微循环\artifacts\derived\vascular_dataset_governance_20260830\xml_repaired_normalized\112.xml,86a19ea6750bd4005ca60283bfbc5a25,86a19ea6750bd4005ca60283bfbc5a25,0,AUTO_NORMALIZED_SPELLING_ONLY,no
E:\甲劈微循环\artifacts\derived\vascular_dataset_governance_20260830\xml_repaired_all\113.xml,E:\甲劈微循环\artifacts\derived\vascular_dataset_governance_20260830\xml_repaired_normalized\113.xml,64f1ff4a59c4e236030245b4576de2b1,64f1ff4a59c4e236030245b4576de2b1,0,AUTO_NORMALIZED_SPELLING_ONLY,no
E:\甲劈微循环\artifacts\derived\vascular_dataset_governance_20260830\xml_repaired_all\114.xml,E:\甲劈微循环\artifacts\derived\vascular_dataset_governance_20260830\xml_repaired_normalized\114.xml,2736017fe5d271f1ab7267c81408a58d,2736017fe5d271f1ab7267c81408a58d,0,AUTO_NORMALIZED_SPELLING_ONLY,no
E:\甲劈微循环\artifacts\derived\vascular_dataset_governance_20260830\xml_repaired_all\115.xml,E:\甲劈微循环\artifacts\derived\vascular_dataset_governance_20260830\xml_repaired_normalized\115.xml,ca16668baeb9e3e2cc693144c42486ee,ca16668baeb9e3e2cc693144c42486ee,0,AUTO_NORMALIZED_SPELLING_ONLY,no
E:\甲劈微循环\artifacts\derived\vascular_dataset_governance_20260830\xml_repaired_all\116.xml,E:\甲劈微循环\artifacts\derived\vascular_dataset_governance_20260830\xml_repaired_normalized\116.xml,743f18ad03fdbe45085462f369659b85,743f18ad03fdbe45085462f369659b85,0,AUTO_NORMALIZED_SPELLING_ONLY,no
E:\甲劈微循环\artifacts\derived\vascular_dataset_governance_20260830\xml_repaired_all\117.xml,E:\甲劈微循环\artifacts\derived\vascular_dataset_governance_20260830\xml_repaired_normalized\117.xml,ece90437672cfe02fe83ce548f2dba68,ece90437672cfe02fe83ce548f2dba68,0,AUTO_NORMALIZED_SPELLING_ONLY,no
E:\甲劈微循环\artifacts\derived\vascular_dataset_governance_20260830\xml_repaired_all\118.xml,E:\甲劈微循环\artifacts\derived\vascular_dataset_governance_20260830\xml_repaired_normalized\118.xml,b47a8c4bdb8233e5f335425a531e32ab,b47a8c4bdb8233e5f335425a531e32ab,0,AUTO_NORMALIZED_SPELLING_ONLY,no
E:\甲劈微循环\artifacts\derived\vascular_dataset_governance_20260830\xml_repaired_all\119.xml,E:\甲劈微循环\artifacts\derived\vascular_dataset_governance_20260830\xml_repaired_normalized\119.xml,f802e666a745fd383d98fd83e9eb5f07,f802e666a745fd383d98fd83e9eb5f07,0,AUTO_NORMALIZED_SPELLING_ONLY,no
E:\甲劈微循环\artifacts\derived\vascular_dataset_governance_20260830\xml_repaired_all\120.xml,E:\甲劈微循环\artifacts\derived\vascular_dataset_governance_20260830\xml_repaired_normalized\120.xml,c927195c3a48bf3940678df5953614dc,c927195c3a48bf3940678df5953614dc,0,AUTO_NORMALIZED_SPELLING_ONLY,no
E:\甲劈微循环\artifacts\derived\vascular_dataset_governance_20260830\xml_repaired_all\121.xml,E:\甲劈微循环\artifacts\derived\vascular_dataset_governance_20260830\xml_repaired_normalized\121.xml,c6e2428f6303d604b5f2d1f64ce6b8fc,c6e2428f6303d604b5f2d1f64ce6b8fc,0,AUTO_NORMALIZED_SPELLING_ONLY,no
E:\甲劈微循环\artifacts\derived\vascular_dataset_governance_20260830\xml_repaired_all\122.xml,E:\甲劈微循环\artifacts\derived\vascular_dataset_governance_20260830\xml_repaired_normalized\122.xml,e501b33914e88466550fd39e7f659478,e501b33914e88466550fd39e7f659478,0,AUTO_NORMALIZED_SPELLING_ONLY,no
E:\甲劈微循环\artifacts\derived\vascular_dataset_governance_20260830\xml_repaired_all\123.xml,E:\甲劈微循环\artifacts\derived\vascular_dataset_governance_20260830\xml_repaired_normalized\123.xml,6d1a1e2c9d132558479a1c2498231f20,6d1a1e2c9d132558479a1c2498231f20,0,AUTO_NORMALIZED_SPELLING_ONLY,no
E:\甲劈微循环\artifacts\derived\vascular_dataset_governance_20260830\xml_repaired_all\124.xml,E:\甲劈微循环\artifacts\derived\vascular_dataset_governance_20260830\xml_repaired_normalized\124.xml,1144b683f9063b1a713d3147774ee12e,1144b683f9063b1a713d3147774ee12e,0,AUTO_NORMALIZED_SPELLING_ONLY,no
E:\甲劈微循环\artifacts\derived\vascular_dataset_governance_20260830\xml_repaired_all\125.xml,E:\甲劈微循环\artifacts\derived\vascular_dataset_governance_20260830\xml_repaired_normalized\125.xml,36a7bc8f6b092cb7e3921cc66d1fb408,36a7bc8f6b092cb7e3921cc66d1fb408,0,AUTO_NORMALIZED_SPELLING_ONLY,no
E:\甲劈微循环\artifacts\derived\vascular_dataset_governance_20260830\xml_repaired_all\126.xml,E:\甲劈微循环\artifacts\derived\vascular_dataset_governance_20260830\xml_repaired_normalized\126.xml,bf637c240f4895147b944be7ec12260b,bf637c240f4895147b944be7ec12260b,0,AUTO_NORMALIZED_SPELLING_ONLY,no
E:\甲劈微循环\artifacts\derived\vascular_dataset_governance_20260830\xml_repaired_all\127.xml,E:\甲劈微循环\artifacts\derived\vascular_dataset_governance_20260830\xml_repaired_normalized\127.xml,4409552a988a7842d8f717587d6fd81d,4409552a988a7842d8f717587d6fd81d,0,AUTO_NORMALIZED_SPELLING_ONLY,no
E:\甲劈微循环\artifacts\derived\vascular_dataset_governance_20260830\xml_repaired_all\128.xml,E:\甲劈微循环\artifacts\derived\vascular_dataset_governance_20260830\xml_repaired_normalized\128.xml,d2465f4129b0480922bc511e3795656c,d2465f4129b0480922bc511e3795656c,0,AUTO_NORMALIZED_SPELLING_ONLY,no
E:\甲劈微循环\artifacts\derived\vascular_dataset_governance_20260830\xml_repaired_all\129.xml,E:\甲劈微循环\artifacts\derived\vascular_dataset_governance_20260830\xml_repaired_normalized\129.xml,48b8c4bebf98ce7087e2d6c8399634b1,48b8c4bebf98ce7087e2d6c8399634b1,0,AUTO_NORMALIZED_SPELLING_ONLY,no
E:\甲劈微循环\artifacts\derived\vascular_dataset_governance_20260830\xml_repaired_all\130.xml,E:\甲劈微循环\artifacts\derived\vascular_dataset_governance_20260830\xml_repaired_normalized\130.xml,65379805637865c0b0252c292b465afb,65379805637865c0b0252c292b465afb,0,AUTO_NORMALIZED_SPELLING_ONLY,no
E:\甲劈微循环\artifacts\derived\vascular_dataset_governance_20260830\xml_repaired_all\131.xml,E:\甲劈微循环\artifacts\derived\vascular_dataset_governance_20260830\xml_repaired_normalized\131.xml,b112da3cebc7df1b724c2e4b1de19a4f,b112da3cebc7df1b724c2e4b1de19a4f,0,AUTO_NORMALIZED_SPELLING_ONLY,no
E:\甲劈微循环\artifacts\derived\vascular_dataset_governance_20260830\xml_repaired_all\132.xml,E:\甲劈微循环\artifacts\derived\vascular_dataset_governance_20260830\xml_repaired_normalized\132.xml,aecb03b4815bf62704879d2503d9d2bc,aecb03b4815bf62704879d2503d9d2bc,0,AUTO_NORMALIZED_SPELLING_ONLY,no
E:\甲劈微循环\artifacts\derived\vascular_dataset_governance_20260830\xml_repaired_all\133.xml,E:\甲劈微循环\artifacts\derived\vascular_dataset_governance_20260830\xml_repaired_normalized\133.xml,ae6bb9c66214784ca77360e225b48444,ae6bb9c66214784ca77360e225b48444,0,AUTO_NORMALIZED_SPELLING_ONLY,no
E:\甲劈微循环\artifacts\derived\vascular_dataset_governance_20260830\xml_repaired_all\134.xml,E:\甲劈微循环\artifacts\derived\vascular_dataset_governance_20260830\xml_repaired_normalized\134.xml,30f68080893969ae5b9a0ed71919671d,30f68080893969ae5b9a0ed71919671d,0,AUTO_NORMALIZED_SPELLING_ONLY,no
E:\甲劈微循环\artifacts\derived\vascular_dataset_governance_20260830\xml_repaired_all\135.xml,E:\甲劈微循环\artifacts\derived\vascular_dataset_governance_20260830\xml_repaired_normalized\135.xml,c10288d9349974a3a284b1e68e2df24b,c10288d9349974a3a284b1e68e2df24b,0,AUTO_NORMALIZED_SPELLING_ONLY,no
E:\甲劈微循环\artifacts\derived\vascular_dataset_governance_20260830\xml_repaired_all\136.xml,E:\甲劈微循环\artifacts\derived\vascular_dataset_governance_20260830\xml_repaired_normalized\136.xml,bb997ff5ccdd7c62540e938edf6cd061,bb997ff5ccdd7c62540e938edf6cd061,0,AUTO_NORMALIZED_SPELLING_ONLY,no
E:\甲劈微循环\artifacts\derived\vascular_dataset_governance_20260830\xml_repaired_all\137.xml,E:\甲劈微循环\artifacts\derived\vascular_dataset_governance_20260830\xml_repaired_normalized\137.xml,0e34a949b7d7c21c1d1585ea1b89ce17,0e34a949b7d7c21c1d1585ea1b89ce17,0,AUTO_NORMALIZED_SPELLING_ONLY,no
E:\甲劈微循环\artifacts\derived\vascular_dataset_governance_20260830\xml_repaired_all\138.xml,E:\甲劈微循环\artifacts\derived\vascular_dataset_governance_20260830\xml_repaired_normalized\138.xml,48dcbaeb3982c6de58338f45a782869d,48dcbaeb3982c6de58338f45a782869d,0,AUTO_NORMALIZED_SPELLING_ONLY,no
E:\甲劈微循环\artifacts\derived\vascular_dataset_governance_20260830\xml_repaired_all\139.xml,E:\甲劈微循环\artifacts\derived\vascular_dataset_governance_20260830\xml_repaired_normalized\139.xml,0d713158715069dfed919d7c5bf6916c,0d713158715069dfed919d7c5bf6916c,0,AUTO_NORMALIZED_SPELLING_ONLY,no
E:\甲劈微循环\artifacts\derived\vascular_dataset_governance_20260830\xml_repaired_all\140.xml,E:\甲劈微循环\artifacts\derived\vascular_dataset_governance_20260830\xml_repaired_normalized\140.xml,f848dffe4432de36fda231504f8b320f,f848dffe4432de36fda231504f8b320f,0,AUTO_NORMALIZED_SPELLING_ONLY,no
E:\甲劈微循环\artifacts\derived\vascular_dataset_governance_20260830\xml_repaired_all\141.xml,E:\甲劈微循环\artifacts\derived\vascular_dataset_governance_20260830\xml_repaired_normalized\141.xml,81b4631a21c0f490c1cc7d5bd321afd1,81b4631a21c0f490c1cc7d5bd321afd1,0,AUTO_NORMALIZED_SPELLING_ONLY,no
E:\甲劈微循环\artifacts\derived\vascular_dataset_governance_20260830\xml_repaired_all\142.xml,E:\甲劈微循环\artifacts\derived\vascular_dataset_governance_20260830\xml_repaired_normalized\142.xml,4127c6f0fac1972943506ce5d02c60ef,4127c6f0fac1972943506ce5d02c60ef,0,AUTO_NORMALIZED_SPELLING_ONLY,no
E:\甲劈微循环\artifacts\derived\vascular_dataset_governance_20260830\xml_repaired_all\143.xml,E:\甲劈微循环\artifacts\derived\vascular_dataset_governance_20260830\xml_repaired_normalized\143.xml,8608258b962e99efb1c9862bcad00ff1,8608258b962e99efb1c9862bcad00ff1,0,AUTO_NORMALIZED_SPELLING_ONLY,no
E:\甲劈微循环\artifacts\derived\vascular_dataset_governance_20260830\xml_repaired_all\144.xml,E:\甲劈微循环\artifacts\derived\vascular_dataset_governance_20260830\xml_repaired_normalized\144.xml,f5d0fd1fe5693f443e5ab94528d75bcd,f5d0fd1fe5693f443e5ab94528d75bcd,0,AUTO_NORMALIZED_SPELLING_ONLY,no
E:\甲劈微循环\artifacts\derived\vascular_dataset_governance_20260830\xml_repaired_all\145.xml,E:\甲劈微循环\artifacts\derived\vascular_dataset_governance_20260830\xml_repaired_normalized\145.xml,62b3e449ff6c9e0cb2ba3b6dcd5b2e21,62b3e449ff6c9e0cb2ba3b6dcd5b2e21,0,AUTO_NORMALIZED_SPELLING_ONLY,no
E:\甲劈微循环\artifacts\derived\vascular_dataset_governance_20260830\xml_repaired_all\146.xml,E:\甲劈微循环\artifacts\derived\vascular_dataset_governance_20260830\xml_repaired_normalized\146.xml,2069f0c2d14dee3419c876769b3d8365,2069f0c2d14dee3419c876769b3d8365,0,AUTO_NORMALIZED_SPELLING_ONLY,no
E:\甲劈微循环\artifacts\derived\vascular_dataset_governance_20260830\xml_repaired_all\147.xml,E:\甲劈微循环\artifacts\derived\vascular_dataset_governance_20260830\xml_repaired_normalized\147.xml,65d34ff12c5f13819291a884a8b7eded,65d34ff12c5f13819291a884a8b7eded,0,AUTO_NORMALIZED_SPELLING_ONLY,no
E:\甲劈微循环\artifacts\derived\vascular_dataset_governance_20260830\xml_repaired_all\148.xml,E:\甲劈微循环\artifacts\derived\vascular_dataset_governance_20260830\xml_repaired_normalized\148.xml,3ad43445a86d3d6a0bfed116ec346488,3ad43445a86d3d6a0bfed116ec346488,0,AUTO_NORMALIZED_SPELLING_ONLY,no
E:\甲劈微循环\artifacts\derived\vascular_dataset_governance_20260830\xml_repaired_all\149.xml,E:\甲劈微循环\artifacts\derived\vascular_dataset_governance_20260830\xml_repaired_normalized\149.xml,86302045624f79d2aedf0c0f1862224d,86302045624f79d2aedf0c0f1862224d,0,AUTO_NORMALIZED_SPELLING_ONLY,no
E:\甲劈微循环\artifacts\derived\vascular_dataset_governance_20260830\xml_repaired_all\150.xml,E:\甲劈微循环\artifacts\derived\vascular_dataset_governance_20260830\xml_repaired_normalized\150.xml,586706a2bfdceb6e7c979cbd188dd41f,586706a2bfdceb6e7c979cbd188dd41f,0,AUTO_NORMALIZED_SPELLING_ONLY,no
E:\甲劈微循环\artifacts\derived\vascular_dataset_governance_20260830\xml_repaired_all\151.xml,E:\甲劈微循环\artifacts\derived\vascular_dataset_governance_20260830\xml_repaired_normalized\151.xml,dd942d5acd59c8195673fc94e6ecf816,dd942d5acd59c8195673fc94e6ecf816,0,AUTO_NORMALIZED_SPELLING_ONLY,no
E:\甲劈微循环\artifacts\derived\vascular_dataset_governance_20260830\xml_repaired_all\152.xml,E:\甲劈微循环\artifacts\derived\vascular_dataset_governance_20260830\xml_repaired_normalized\152.xml,8f813890be2001a4d3171e4463677140,8f813890be2001a4d3171e4463677140,0,AUTO_NORMALIZED_SPELLING_ONLY,no
E:\甲劈微循环\artifacts\derived\vascular_dataset_governance_20260830\xml_repaired_all\153.xml,E:\甲劈微循环\artifacts\derived\vascular_dataset_governance_20260830\xml_repaired_normalized\153.xml,833e1752536afd5eec088613f88cc836,833e1752536afd5eec088613f88cc836,0,AUTO_NORMALIZED_SPELLING_ONLY,no
E:\甲劈微循环\artifacts\derived\vascular_dataset_governance_20260830\xml_repaired_all\154.xml,E:\甲劈微循环\artifacts\derived\vascular_dataset_governance_20260830\xml_repaired_normalized\154.xml,b34aae84f08e247ed8c6134e01d27fbe,b34aae84f08e247ed8c6134e01d27fbe,0,AUTO_NORMALIZED_SPELLING_ONLY,no
E:\甲劈微循环\artifacts\derived\vascular_dataset_governance_20260830\xml_repaired_all\155.xml,E:\甲劈微循环\artifacts\derived\vascular_dataset_governance_20260830\xml_repaired_normalized\155.xml,479f729097387df4adda7c492a3e73b9,479f729097387df4adda7c492a3e73b9,0,AUTO_NORMALIZED_SPELLING_ONLY,no
E:\甲劈微循环\artifacts\derived\vascular_dataset_governance_20260830\xml_repaired_all\156.xml,E:\甲劈微循环\artifacts\derived\vascular_dataset_governance_20260830\xml_repaired_normalized\156.xml,e7e16d5a4543ffba9ab0ff1eb0e50e8d,e7e16d5a4543ffba9ab0ff1eb0e50e8d,0,AUTO_NORMALIZED_SPELLING_ONLY,no
E:\甲劈微循环\artifacts\derived\vascular_dataset_governance_20260830\xml_repaired_all\157.xml,E:\甲劈微循环\artifacts\derived\vascular_dataset_governance_20260830\xml_repaired_normalized\157.xml,035ff82ebc01dd8060c3920fd3edd7ec,035ff82ebc01dd8060c3920fd3edd7ec,0,AUTO_NORMALIZED_SPELLING_ONLY,no
E:\甲劈微循环\artifacts\derived\vascular_dataset_governance_20260830\xml_repaired_all\158.xml,E:\甲劈微循环\artifacts\derived\vascular_dataset_governance_20260830\xml_repaired_normalized\158.xml,7ce93bbed3711ceea2c23f38a95fb9ff,7ce93bbed3711ceea2c23f38a95fb9ff,0,AUTO_NORMALIZED_SPELLING_ONLY,no
E:\甲劈微循环\artifacts\derived\vascular_dataset_governance_20260830\xml_repaired_all\159.xml,E:\甲劈微循环\artifacts\derived\vascular_dataset_governance_20260830\xml_repaired_normalized\159.xml,f6a3fc22daf2b02534a0272720930c6b,f6a3fc22daf2b02534a0272720930c6b,0,AUTO_NORMALIZED_SPELLING_ONLY,no
E:\甲劈微循环\artifacts\derived\vascular_dataset_governance_20260830\xml_repaired_all\160.xml,E:\甲劈微循环\artifacts\derived\vascular_dataset_governance_20260830\xml_repaired_normalized\160.xml,f90545fbdc0f48e97ba7cfb5dad7e122,f90545fbdc0f48e97ba7cfb5dad7e122,0,AUTO_NORMALIZED_SPELLING_ONLY,no
E:\甲劈微循环\artifacts\derived\vascular_dataset_governance_20260830\xml_repaired_all\161.xml,E:\甲劈微循环\artifacts\derived\vascular_dataset_governance_20260830\xml_repaired_normalized\161.xml,6f3e19384ef320099316e938ea90a8db,6f3e19384ef320099316e938ea90a8db,0,AUTO_NORMALIZED_SPELLING_ONLY,no
E:\甲劈微循环\artifacts\derived\vascular_dataset_governance_20260830\xml_repaired_all\162.xml,E:\甲劈微循环\artifacts\derived\vascular_dataset_governance_20260830\xml_repaired_normalized\162.xml,f8a0cf3709562dd9e079f16bb14b68b4,f8a0cf3709562dd9e079f16bb14b68b4,0,AUTO_NORMALIZED_SPELLING_ONLY,no
E:\甲劈微循环\artifacts\derived\vascular_dataset_governance_20260830\xml_repaired_all\163.xml,E:\甲劈微循环\artifacts\derived\vascular_dataset_governance_20260830\xml_repaired_normalized\163.xml,e4182d93b3fa236833d5c32932bd6cf4,e4182d93b3fa236833d5c32932bd6cf4,0,AUTO_NORMALIZED_SPELLING_ONLY,no
E:\甲劈微循环\artifacts\derived\vascular_dataset_governance_20260830\xml_repaired_all\164.xml,E:\甲劈微循环\artifacts\derived\vascular_dataset_governance_20260830\xml_repaired_normalized\164.xml,4c907e0e089df2cc7842125788dec40d,4c907e0e089df2cc7842125788dec40d,0,AUTO_NORMALIZED_SPELLING_ONLY,no
E:\甲劈微循环\artifacts\derived\vascular_dataset_governance_20260830\xml_repaired_all\165.xml,E:\甲劈微循环\artifacts\derived\vascular_dataset_governance_20260830\xml_repaired_normalized\165.xml,795ccea52a4a6cad085b994569915ae0,795ccea52a4a6cad085b994569915ae0,0,AUTO_NORMALIZED_SPELLING_ONLY,no
E:\甲劈微循环\artifacts\derived\vascular_dataset_governance_20260830\xml_repaired_all\166.xml,E:\甲劈微循环\artifacts\derived\vascular_dataset_governance_20260830\xml_repaired_normalized\166.xml,c16952079cc0c8905929da3d925f8ce5,c16952079cc0c8905929da3d925f8ce5,0,AUTO_NORMALIZED_SPELLING_ONLY,no
E:\甲劈微循环\artifacts\derived\vascular_dataset_governance_20260830\xml_repaired_all\167.xml,E:\甲劈微循环\artifacts\derived\vascular_dataset_governance_20260830\xml_repaired_normalized\167.xml,2c7f439a29f539dd8dd3de415614e8ac,2c7f439a29f539dd8dd3de415614e8ac,0,AUTO_NORMALIZED_SPELLING_ONLY,no
E:\甲劈微循环\artifacts\derived\vascular_dataset_governance_20260830\xml_repaired_all\168.xml,E:\甲劈微循环\artifacts\derived\vascular_dataset_governance_20260830\xml_repaired_normalized\168.xml,6efbe7016253e99bc2a7078f0a390f80,6efbe7016253e99bc2a7078f0a390f80,0,AUTO_NORMALIZED_SPELLING_ONLY,no
E:\甲劈微循环\artifacts\derived\vascular_dataset_governance_20260830\xml_repaired_all\169.xml,E:\甲劈微循环\artifacts\derived\vascular_dataset_governance_20260830\xml_repaired_normalized\169.xml,3f7e219150208c5d65d8e80e80ff2ff3,3f7e219150208c5d65d8e80e80ff2ff3,0,AUTO_NORMALIZED_SPELLING_ONLY,no
E:\甲劈微循环\artifacts\derived\vascular_dataset_governance_20260830\xml_repaired_all\170.xml,E:\甲劈微循环\artifacts\derived\vascular_dataset_governance_20260830\xml_repaired_normalized\170.xml,990000f115935d77afb645d5c3d47691,990000f115935d77afb645d5c3d47691,0,AUTO_NORMALIZED_SPELLING_ONLY,no
E:\甲劈微循环\artifacts\derived\vascular_dataset_governance_20260830\xml_repaired_all\171.xml,E:\甲劈微循环\artifacts\derived\vascular_dataset_governance_20260830\xml_repaired_normalized\171.xml,c82d5fce8a626089f625e131c2f3571b,c82d5fce8a626089f625e131c2f3571b,0,AUTO_NORMALIZED_SPELLING_ONLY,no
E:\甲劈微循环\artifacts\derived\vascular_dataset_governance_20260830\xml_repaired_all\172.xml,E:\甲劈微循环\artifacts\derived\vascular_dataset_governance_20260830\xml_repaired_normalized\172.xml,eeb3d97acd93dd7fb64748d68103823b,eeb3d97acd93dd7fb64748d68103823b,0,AUTO_NORMALIZED_SPELLING_ONLY,no
E:\甲劈微循环\artifacts\derived\vascular_dataset_governance_20260830\xml_repaired_all\173.xml,E:\甲劈微循环\artifacts\derived\vascular_dataset_governance_20260830\xml_repaired_normalized\173.xml,c19e19e41cb2cf7c379de64bef074b36,c19e19e41cb2cf7c379de64bef074b36,0,AUTO_NORMALIZED_SPELLING_ONLY,no
E:\甲劈微循环\artifacts\derived\vascular_dataset_governance_20260830\xml_repaired_all\174.xml,E:\甲劈微循环\artifacts\derived\vascular_dataset_governance_20260830\xml_repaired_normalized\174.xml,6ac06247658e954034daf6d33f083d4b,6ac06247658e954034daf6d33f083d4b,0,AUTO_NORMALIZED_SPELLING_ONLY,no
E:\甲劈微循环\artifacts\derived\vascular_dataset_governance_20260830\xml_repaired_all\175.xml,E:\甲劈微循环\artifacts\derived\vascular_dataset_governance_20260830\xml_repaired_normalized\175.xml,9ce8a3f200cff2f664ae18db0e25a6b5,9ce8a3f200cff2f664ae18db0e25a6b5,0,AUTO_NORMALIZED_SPELLING_ONLY,no
E:\甲劈微循环\artifacts\derived\vascular_dataset_governance_20260830\xml_repaired_all\176.xml,E:\甲劈微循环\artifacts\derived\vascular_dataset_governance_20260830\xml_repaired_normalized\176.xml,aebdb03096a9d8ce47b79a5bf4bb9fa2,aebdb03096a9d8ce47b79a5bf4bb9fa2,0,AUTO_NORMALIZED_SPELLING_ONLY,no
E:\甲劈微循环\artifacts\derived\vascular_dataset_governance_20260830\xml_repaired_all\177.xml,E:\甲劈微循环\artifacts\derived\vascular_dataset_governance_20260830\xml_repaired_normalized\177.xml,6f7b4ccdae3cc60fccefaf91f9da1dca,6f7b4ccdae3cc60fccefaf91f9da1dca,0,AUTO_NORMALIZED_SPELLING_ONLY,no
E:\甲劈微循环\artifacts\derived\vascular_dataset_governance_20260830\xml_repaired_all\178.xml,E:\甲劈微循环\artifacts\derived\vascular_dataset_governance_20260830\xml_repaired_normalized\178.xml,2e00e72e181a194d007291f1b95963b4,2e00e72e181a194d007291f1b95963b4,0,AUTO_NORMALIZED_SPELLING_ONLY,no
E:\甲劈微循环\artifacts\derived\vascular_dataset_governance_20260830\xml_repaired_all\179.xml,E:\甲劈微循环\artifacts\derived\vascular_dataset_governance_20260830\xml_repaired_normalized\179.xml,78408712d799f6b69a819d0bdb7c4c94,78408712d799f6b69a819d0bdb7c4c94,0,AUTO_NORMALIZED_SPELLING_ONLY,no
E:\甲劈微循环\artifacts\derived\vascular_dataset_governance_20260830\xml_repaired_all\180.xml,E:\甲劈微循环\artifacts\derived\vascular_dataset_governance_20260830\xml_repaired_normalized\180.xml,2dde17bda9acdaf5692d628311c503db,2dde17bda9acdaf5692d628311c503db,0,AUTO_NORMALIZED_SPELLING_ONLY,no
E:\甲劈微循环\artifacts\derived\vascular_dataset_governance_20260830\xml_repaired_all\181.xml,E:\甲劈微循环\artifacts\derived\vascular_dataset_governance_20260830\xml_repaired_normalized\181.xml,e9334baae43a6483a7e11ae0962f33ea,e9334baae43a6483a7e11ae0962f33ea,0,AUTO_NORMALIZED_SPELLING_ONLY,no
E:\甲劈微循环\artifacts\derived\vascular_dataset_governance_20260830\xml_repaired_all\182.xml,E:\甲劈微循环\artifacts\derived\vascular_dataset_governance_20260830\xml_repaired_normalized\182.xml,4b20ea120a35ea462f8845f820308fd0,4b20ea120a35ea462f8845f820308fd0,0,AUTO_NORMALIZED_SPELLING_ONLY,no
E:\甲劈微循环\artifacts\derived\vascular_dataset_governance_20260830\xml_repaired_all\183.xml,E:\甲劈微循环\artifacts\derived\vascular_dataset_governance_20260830\xml_repaired_normalized\183.xml,447a8a55efdee96dd2d21e5b3cc87abd,447a8a55efdee96dd2d21e5b3cc87abd,0,AUTO_NORMALIZED_SPELLING_ONLY,no
E:\甲劈微循环\artifacts\derived\vascular_dataset_governance_20260830\xml_repaired_all\184.xml,E:\甲劈微循环\artifacts\derived\vascular_dataset_governance_20260830\xml_repaired_normalized\184.xml,8921bd6f9b38d97f7cc40cc57966c4d5,8921bd6f9b38d97f7cc40cc57966c4d5,0,AUTO_NORMALIZED_SPELLING_ONLY,no
E:\甲劈微循环\artifacts\derived\vascular_dataset_governance_20260830\xml_repaired_all\185.xml,E:\甲劈微循环\artifacts\derived\vascular_dataset_governance_20260830\xml_repaired_normalized\185.xml,90932cdf7eb487f4635f43c568466728,90932cdf7eb487f4635f43c568466728,0,AUTO_NORMALIZED_SPELLING_ONLY,no
E:\甲劈微循环\artifacts\derived\vascular_dataset_governance_20260830\xml_repaired_all\186.xml,E:\甲劈微循环\artifacts\derived\vascular_dataset_governance_20260830\xml_repaired_normalized\186.xml,24900e63cb3bf5da081e36f6e2cdffcb,24900e63cb3bf5da081e36f6e2cdffcb,0,AUTO_NORMALIZED_SPELLING_ONLY,no
E:\甲劈微循环\artifacts\derived\vascular_dataset_governance_20260830\xml_repaired_all\187.xml,E:\甲劈微循环\artifacts\derived\vascular_dataset_governance_20260830\xml_repaired_normalized\187.xml,45b0c964c92c6fff584a44134c9d9459,45b0c964c92c6fff584a44134c9d9459,0,AUTO_NORMALIZED_SPELLING_ONLY,no
E:\甲劈微循环\artifacts\derived\vascular_dataset_governance_20260830\xml_repaired_all\188.xml,E:\甲劈微循环\artifacts\derived\vascular_dataset_governance_20260830\xml_repaired_normalized\188.xml,9fb20d7b7dc103dd89af3e87d8107fad,9fb20d7b7dc103dd89af3e87d8107fad,0,AUTO_NORMALIZED_SPELLING_ONLY,no
E:\甲劈微循环\artifacts\derived\vascular_dataset_governance_20260830\xml_repaired_all\189.xml,E:\甲劈微循环\artifacts\derived\vascular_dataset_governance_20260830\xml_repaired_normalized\189.xml,ef1d666fed499bd1917ddec6a09016a9,ef1d666fed499bd1917ddec6a09016a9,0,AUTO_NORMALIZED_SPELLING_ONLY,no
E:\甲劈微循环\artifacts\derived\vascular_dataset_governance_20260830\xml_repaired_all\190.xml,E:\甲劈微循环\artifacts\derived\vascular_dataset_governance_20260830\xml_repaired_normalized\190.xml,e433c86a36d504fcdff19ec3abb5b346,e433c86a36d504fcdff19ec3abb5b346,0,AUTO_NORMALIZED_SPELLING_ONLY,no
E:\甲劈微循环\artifacts\derived\vascular_dataset_governance_20260830\xml_repaired_all\191.xml,E:\甲劈微循环\artifacts\derived\vascular_dataset_governance_20260830\xml_repaired_normalized\191.xml,226721df71dcbd3753875e414866bdd8,226721df71dcbd3753875e414866bdd8,0,AUTO_NORMALIZED_SPELLING_ONLY,no
E:\甲劈微循环\artifacts\derived\vascular_dataset_governance_20260830\xml_repaired_all\192.xml,E:\甲劈微循环\artifacts\derived\vascular_dataset_governance_20260830\xml_repaired_normalized\192.xml,97defb7d9125538c68ad51e0ddd94b26,97defb7d9125538c68ad51e0ddd94b26,0,AUTO_NORMALIZED_SPELLING_ONLY,no
E:\甲劈微循环\artifacts\derived\vascular_dataset_governance_20260830\xml_repaired_all\193.xml,E:\甲劈微循环\artifacts\derived\vascular_dataset_governance_20260830\xml_repaired_normalized\193.xml,778a1080feb4953b006a324f105e17fd,778a1080feb4953b006a324f105e17fd,0,AUTO_NORMALIZED_SPELLING_ONLY,no
E:\甲劈微循环\artifacts\derived\vascular_dataset_governance_20260830\xml_repaired_all\194.xml,E:\甲劈微循环\artifacts\derived\vascular_dataset_governance_20260830\xml_repaired_normalized\194.xml,f45fd6ba93b2833f4863f9706139cc2e,f45fd6ba93b2833f4863f9706139cc2e,0,AUTO_NORMALIZED_SPELLING_ONLY,no
E:\甲劈微循环\artifacts\derived\vascular_dataset_governance_20260830\xml_repaired_all\195.xml,E:\甲劈微循环\artifacts\derived\vascular_dataset_governance_20260830\xml_repaired_normalized\195.xml,11dc3e5b914c7f2c7c69d2373212b76c,11dc3e5b914c7f2c7c69d2373212b76c,0,AUTO_NORMALIZED_SPELLING_ONLY,no
E:\甲劈微循环\artifacts\derived\vascular_dataset_governance_20260830\xml_repaired_all\196.xml,E:\甲劈微循环\artifacts\derived\vascular_dataset_governance_20260830\xml_repaired_normalized\196.xml,62eff4131ffe49c05f3930438449b316,62eff4131ffe49c05f3930438449b316,0,AUTO_NORMALIZED_SPELLING_ONLY,no
E:\甲劈微循环\artifacts\derived\vascular_dataset_governance_20260830\xml_repaired_all\197.xml,E:\甲劈微循环\artifacts\derived\vascular_dataset_governance_20260830\xml_repaired_normalized\197.xml,83d573677129140c28c21576d0e1e57c,83d573677129140c28c21576d0e1e57c,0,AUTO_NORMALIZED_SPELLING_ONLY,no
E:\甲劈微循环\artifacts\derived\vascular_dataset_governance_20260830\xml_repaired_all\198.xml,E:\甲劈微循环\artifacts\derived\vascular_dataset_governance_20260830\xml_repaired_normalized\198.xml,fbc83ce4290b95e6bbaa286d93cff151,fbc83ce4290b95e6bbaa286d93cff151,0,AUTO_NORMALIZED_SPELLING_ONLY,no
E:\甲劈微循环\artifacts\derived\vascular_dataset_governance_20260830\xml_repaired_all\199.xml,E:\甲劈微循环\artifacts\derived\vascular_dataset_governance_20260830\xml_repaired_normalized\199.xml,0a39b36662dd1bf9c4782ae2a27f7b55,0a39b36662dd1bf9c4782ae2a27f7b55,0,AUTO_NORMALIZED_SPELLING_ONLY,no
E:\甲劈微循环\artifacts\derived\vascular_dataset_governance_20260830\xml_repaired_all\200.xml,E:\甲劈微循环\artifacts\derived\vascular_dataset_governance_20260830\xml_repaired_normalized\200.xml,6427d066abc465141dbbd9289dfde22d,6427d066abc465141dbbd9289dfde22d,0,AUTO_NORMALIZED_SPELLING_ONLY,no
E:\甲劈微循环\artifacts\derived\vascular_dataset_governance_20260830\xml_repaired_all\201.xml,E:\甲劈微循环\artifacts\derived\vascular_dataset_governance_20260830\xml_repaired_normalized\201.xml,0d6a57ae8e4df77aaa2573b8f5cd233b,0d6a57ae8e4df77aaa2573b8f5cd233b,0,AUTO_NORMALIZED_SPELLING_ONLY,no
E:\甲劈微循环\artifacts\derived\vascular_dataset_governance_20260830\xml_repaired_all\202.xml,E:\甲劈微循环\artifacts\derived\vascular_dataset_governance_20260830\xml_repaired_normalized\202.xml,d1a56e6e55189024def02003ab1e8f36,d1a56e6e55189024def02003ab1e8f36,0,AUTO_NORMALIZED_SPELLING_ONLY,no
E:\甲劈微循环\artifacts\derived\vascular_dataset_governance_20260830\xml_repaired_all\203.xml,E:\甲劈微循环\artifacts\derived\vascular_dataset_governance_20260830\xml_repaired_normalized\203.xml,88a883f7136e6eeef2f069f69ed0a7aa,88a883f7136e6eeef2f069f69ed0a7aa,0,AUTO_NORMALIZED_SPELLING_ONLY,no
E:\甲劈微循环\artifacts\derived\vascular_dataset_governance_20260830\xml_repaired_all\204.xml,E:\甲劈微循环\artifacts\derived\vascular_dataset_governance_20260830\xml_repaired_normalized\204.xml,54184233b15a78c8743e092eae26ac98,54184233b15a78c8743e092eae26ac98,0,AUTO_NORMALIZED_SPELLING_ONLY,no
E:\甲劈微循环\artifacts\derived\vascular_dataset_governance_20260830\xml_repaired_all\205.xml,E:\甲劈微循环\artifacts\derived\vascular_dataset_governance_20260830\xml_repaired_normalized\205.xml,56a00d243d7ca65afc2c95869644535e,56a00d243d7ca65afc2c95869644535e,0,AUTO_NORMALIZED_SPELLING_ONLY,no
E:\甲劈微循环\artifacts\derived\vascular_dataset_governance_20260830\xml_repaired_all\206.xml,E:\甲劈微循环\artifacts\derived\vascular_dataset_governance_20260830\xml_repaired_normalized\206.xml,619c36e19d6bcfa857db1c8320e69ccb,619c36e19d6bcfa857db1c8320e69ccb,0,AUTO_NORMALIZED_SPELLING_ONLY,no
E:\甲劈微循环\artifacts\derived\vascular_dataset_governance_20260830\xml_repaired_all\207.xml,E:\甲劈微循环\artifacts\derived\vascular_dataset_governance_20260830\xml_repaired_normalized\207.xml,19b841712d81a25c5d94af04839527cc,19b841712d81a25c5d94af04839527cc,0,AUTO_NORMALIZED_SPELLING_ONLY,no
E:\甲劈微循环\artifacts\derived\vascular_dataset_governance_20260830\xml_repaired_all\208.xml,E:\甲劈微循环\artifacts\derived\vascular_dataset_governance_20260830\xml_repaired_normalized\208.xml,27801b71e02ec46ff4760cb701525a70,27801b71e02ec46ff4760cb701525a70,0,AUTO_NORMALIZED_SPELLING_ONLY,no
E:\甲劈微循环\artifacts\derived\vascular_dataset_governance_20260830\xml_repaired_all\209.xml,E:\甲劈微循环\artifacts\derived\vascular_dataset_governance_20260830\xml_repaired_normalized\209.xml,ad2c63d6d028e4a176968c76767689b8,ad2c63d6d028e4a176968c76767689b8,0,AUTO_NORMALIZED_SPELLING_ONLY,no
E:\甲劈微循环\artifacts\derived\vascular_dataset_governance_20260830\xml_repaired_all\210.xml,E:\甲劈微循环\artifacts\derived\vascular_dataset_governance_20260830\xml_repaired_normalized\210.xml,cac5a4b3aeacf8f83ee03e52f4e1f992,cac5a4b3aeacf8f83ee03e52f4e1f992,0,AUTO_NORMALIZED_SPELLING_ONLY,no
E:\甲劈微循环\artifacts\derived\vascular_dataset_governance_20260830\xml_repaired_all\211.xml,E:\甲劈微循环\artifacts\derived\vascular_dataset_governance_20260830\xml_repaired_normalized\211.xml,267c549a70c72eb5653cd093497dd1fb,267c549a70c72eb5653cd093497dd1fb,0,AUTO_NORMALIZED_SPELLING_ONLY,no
E:\甲劈微循环\artifacts\derived\vascular_dataset_governance_20260830\xml_repaired_all\212.xml,E:\甲劈微循环\artifacts\derived\vascular_dataset_governance_20260830\xml_repaired_normalized\212.xml,5d383c86e11fd8d73d0fbcb11ea2b33a,5d383c86e11fd8d73d0fbcb11ea2b33a,0,AUTO_NORMALIZED_SPELLING_ONLY,no
E:\甲劈微循环\artifacts\derived\vascular_dataset_governance_20260830\xml_repaired_all\213.xml,E:\甲劈微循环\artifacts\derived\vascular_dataset_governance_20260830\xml_repaired_normalized\213.xml,f2ef532644a69bb69dbcc917efa77edf,f2ef532644a69bb69dbcc917efa77edf,0,AUTO_NORMALIZED_SPELLING_ONLY,no
E:\甲劈微循环\artifacts\derived\vascular_dataset_governance_20260830\xml_repaired_all\214.xml,E:\甲劈微循环\artifacts\derived\vascular_dataset_governance_20260830\xml_repaired_normalized\214.xml,90f3e4d98765210638e2701f944bcc1a,90f3e4d98765210638e2701f944bcc1a,0,AUTO_NORMALIZED_SPELLING_ONLY,no
E:\甲劈微循环\artifacts\derived\vascular_dataset_governance_20260830\xml_repaired_all\215.xml,E:\甲劈微循环\artifacts\derived\vascular_dataset_governance_20260830\xml_repaired_normalized\215.xml,4601f7177013130ac5e341f9890e5759,4601f7177013130ac5e341f9890e5759,0,AUTO_NORMALIZED_SPELLING_ONLY,no
E:\甲劈微循环\artifacts\derived\vascular_dataset_governance_20260830\xml_repaired_all\216.xml,E:\甲劈微循环\artifacts\derived\vascular_dataset_governance_20260830\xml_repaired_normalized\216.xml,3e9397ef05e0a1a5ea5a586725655df0,3e9397ef05e0a1a5ea5a586725655df0,0,AUTO_NORMALIZED_SPELLING_ONLY,no
E:\甲劈微循环\artifacts\derived\vascular_dataset_governance_20260830\xml_repaired_all\217.xml,E:\甲劈微循环\artifacts\derived\vascular_dataset_governance_20260830\xml_repaired_normalized\217.xml,c3fa3ec3ca98774922e61f873a6e27e1,c3fa3ec3ca98774922e61f873a6e27e1,0,AUTO_NORMALIZED_SPELLING_ONLY,no
E:\甲劈微循环\artifacts\derived\vascular_dataset_governance_20260830\xml_repaired_all\218.xml,E:\甲劈微循环\artifacts\derived\vascular_dataset_governance_20260830\xml_repaired_normalized\218.xml,099fa6f5dc77a4e8d03cb2ee5b26ebdd,099fa6f5dc77a4e8d03cb2ee5b26ebdd,0,AUTO_NORMALIZED_SPELLING_ONLY,no
E:\甲劈微循环\artifacts\derived\vascular_dataset_governance_20260830\xml_repaired_all\219.xml,E:\甲劈微循环\artifacts\derived\vascular_dataset_governance_20260830\xml_repaired_normalized\219.xml,c00840180fc18d512647d3f47ca5f7d1,c00840180fc18d512647d3f47ca5f7d1,0,AUTO_NORMALIZED_SPELLING_ONLY,no
E:\甲劈微循环\artifacts\derived\vascular_dataset_governance_20260830\xml_repaired_all\220.xml,E:\甲劈微循环\artifacts\derived\vascular_dataset_governance_20260830\xml_repaired_normalized\220.xml,122f79665f8ddc188a963ff53f0053c2,122f79665f8ddc188a963ff53f0053c2,0,AUTO_NORMALIZED_SPELLING_ONLY,no
E:\甲劈微循环\artifacts\derived\vascular_dataset_governance_20260830\xml_repaired_all\221.xml,E:\甲劈微循环\artifacts\derived\vascular_dataset_governance_20260830\xml_repaired_normalized\221.xml,908ef3df3fafa8a56f498702a7f809bd,908ef3df3fafa8a56f498702a7f809bd,0,AUTO_NORMALIZED_SPELLING_ONLY,no
E:\甲劈微循环\artifacts\derived\vascular_dataset_governance_20260830\xml_repaired_all\222.xml,E:\甲劈微循环\artifacts\derived\vascular_dataset_governance_20260830\xml_repaired_normalized\222.xml,9da3752e7bf005cd98c5397649977757,9da3752e7bf005cd98c5397649977757,0,AUTO_NORMALIZED_SPELLING_ONLY,no
E:\甲劈微循环\artifacts\derived\vascular_dataset_governance_20260830\xml_repaired_all\223.xml,E:\甲劈微循环\artifacts\derived\vascular_dataset_governance_20260830\xml_repaired_normalized\223.xml,09c878c7cc397d49204b8413a3102f87,09c878c7cc397d49204b8413a3102f87,0,AUTO_NORMALIZED_SPELLING_ONLY,no
E:\甲劈微循环\artifacts\derived\vascular_dataset_governance_20260830\xml_repaired_all\224.xml,E:\甲劈微循环\artifacts\derived\vascular_dataset_governance_20260830\xml_repaired_normalized\224.xml,16fcd30a726b0f28f7c708099bc21290,16fcd30a726b0f28f7c708099bc21290,0,AUTO_NORMALIZED_SPELLING_ONLY,no
E:\甲劈微循环\artifacts\derived\vascular_dataset_governance_20260830\xml_repaired_all\225.xml,E:\甲劈微循环\artifacts\derived\vascular_dataset_governance_20260830\xml_repaired_normalized\225.xml,7c9df98874331e8dcaaff90a861f5a37,7c9df98874331e8dcaaff90a861f5a37,0,AUTO_NORMALIZED_SPELLING_ONLY,no
E:\甲劈微循环\artifacts\derived\vascular_dataset_governance_20260830\xml_repaired_all\226.xml,E:\甲劈微循环\artifacts\derived\vascular_dataset_governance_20260830\xml_repaired_normalized\226.xml,1a932213c314b02dcd2a03a8e3a948c0,1a932213c314b02dcd2a03a8e3a948c0,0,AUTO_NORMALIZED_SPELLING_ONLY,no
E:\甲劈微循环\artifacts\derived\vascular_dataset_governance_20260830\xml_repaired_all\227.xml,E:\甲劈微循环\artifacts\derived\vascular_dataset_governance_20260830\xml_repaired_normalized\227.xml,eb599d7d3b7d160ba274c239b1673aa6,eb599d7d3b7d160ba274c239b1673aa6,0,AUTO_NORMALIZED_SPELLING_ONLY,no
E:\甲劈微循环\artifacts\derived\vascular_dataset_governance_20260830\xml_repaired_all\228.xml,E:\甲劈微循环\artifacts\derived\vascular_dataset_governance_20260830\xml_repaired_normalized\228.xml,2c2ab6a57c9d4089044ed5eb3cdfcf68,2c2ab6a57c9d4089044ed5eb3cdfcf68,0,AUTO_NORMALIZED_SPELLING_ONLY,no
E:\甲劈微循环\artifacts\derived\vascular_dataset_governance_20260830\xml_repaired_all\229.xml,E:\甲劈微循环\artifacts\derived\vascular_dataset_governance_20260830\xml_repaired_normalized\229.xml,f15e014dce222c3bc7efcc20335da42c,f15e014dce222c3bc7efcc20335da42c,0,AUTO_NORMALIZED_SPELLING_ONLY,no
E:\甲劈微循环\artifacts\derived\vascular_dataset_governance_20260830\xml_repaired_all\230.xml,E:\甲劈微循环\artifacts\derived\vascular_dataset_governance_20260830\xml_repaired_normalized\230.xml,317c1650f84667ea3635d2072184c679,317c1650f84667ea3635d2072184c679,0,AUTO_NORMALIZED_SPELLING_ONLY,no
E:\甲劈微循环\artifacts\derived\vascular_dataset_governance_20260830\xml_repaired_all\231.xml,E:\甲劈微循环\artifacts\derived\vascular_dataset_governance_20260830\xml_repaired_normalized\231.xml,72a9d3800a69aa9dd37280b861c5acc9,72a9d3800a69aa9dd37280b861c5acc9,0,AUTO_NORMALIZED_SPELLING_ONLY,no
E:\甲劈微循环\artifacts\derived\vascular_dataset_governance_20260830\xml_repaired_all\232.xml,E:\甲劈微循环\artifacts\derived\vascular_dataset_governance_20260830\xml_repaired_normalized\232.xml,40a4057217ab15fa490eb971ac4c11ab,40a4057217ab15fa490eb971ac4c11ab,0,AUTO_NORMALIZED_SPELLING_ONLY,no
E:\甲劈微循环\artifacts\derived\vascular_dataset_governance_20260830\xml_repaired_all\233.xml,E:\甲劈微循环\artifacts\derived\vascular_dataset_governance_20260830\xml_repaired_normalized\233.xml,88479c349103cca9be9ec2d67ced510d,88479c349103cca9be9ec2d67ced510d,0,AUTO_NORMALIZED_SPELLING_ONLY,no
E:\甲劈微循环\artifacts\derived\vascular_dataset_governance_20260830\xml_repaired_all\234.xml,E:\甲劈微循环\artifacts\derived\vascular_dataset_governance_20260830\xml_repaired_normalized\234.xml,8fe651bf1462c183f1bb40837183e3fa,8fe651bf1462c183f1bb40837183e3fa,0,AUTO_NORMALIZED_SPELLING_ONLY,no
E:\甲劈微循环\artifacts\derived\vascular_dataset_governance_20260830\xml_repaired_all\235.xml,E:\甲劈微循环\artifacts\derived\vascular_dataset_governance_20260830\xml_repaired_normalized\235.xml,ebf18d573f6f3d6dc46eba3c880519b5,ebf18d573f6f3d6dc46eba3c880519b5,0,AUTO_NORMALIZED_SPELLING_ONLY,no
E:\甲劈微循环\artifacts\derived\vascular_dataset_governance_20260830\xml_repaired_all\236.xml,E:\甲劈微循环\artifacts\derived\vascular_dataset_governance_20260830\xml_repaired_normalized\236.xml,98e0568ce3820a527efb564866dd08c3,98e0568ce3820a527efb564866dd08c3,0,AUTO_NORMALIZED_SPELLING_ONLY,no
E:\甲劈微循环\artifacts\derived\vascular_dataset_governance_20260830\xml_repaired_all\237.xml,E:\甲劈微循环\artifacts\derived\vascular_dataset_governance_20260830\xml_repaired_normalized\237.xml,467e514c90e07743e487f0f2ef31fc76,467e514c90e07743e487f0f2ef31fc76,0,AUTO_NORMALIZED_SPELLING_ONLY,no
E:\甲劈微循环\artifacts\derived\vascular_dataset_governance_20260830\xml_repaired_all\238.xml,E:\甲劈微循环\artifacts\derived\vascular_dataset_governance_20260830\xml_repaired_normalized\238.xml,7631138e407af70c09f0e1ffd7722154,7631138e407af70c09f0e1ffd7722154,0,AUTO_NORMALIZED_SPELLING_ONLY,no
E:\甲劈微循环\artifacts\derived\vascular_dataset_governance_20260830\xml_repaired_all\239.xml,E:\甲劈微循环\artifacts\derived\vascular_dataset_governance_20260830\xml_repaired_normalized\239.xml,e0aed3d0ad00ca01ea6ad74a86678cf1,e0aed3d0ad00ca01ea6ad74a86678cf1,0,AUTO_NORMALIZED_SPELLING_ONLY,no
E:\甲劈微循环\artifacts\derived\vascular_dataset_governance_20260830\xml_repaired_all\240.xml,E:\甲劈微循环\artifacts\derived\vascular_dataset_governance_20260830\xml_repaired_normalized\240.xml,029565d68b3a0ee69e175dafb3be481c,029565d68b3a0ee69e175dafb3be481c,0,AUTO_NORMALIZED_SPELLING_ONLY,no
E:\甲劈微循环\artifacts\derived\vascular_dataset_governance_20260830\xml_repaired_all\241.xml,E:\甲劈微循环\artifacts\derived\vascular_dataset_governance_20260830\xml_repaired_normalized\241.xml,5bd700d6664e1737b80170430afb367d,5bd700d6664e1737b80170430afb367d,0,AUTO_NORMALIZED_SPELLING_ONLY,no
E:\甲劈微循环\artifacts\derived\vascular_dataset_governance_20260830\xml_repaired_all\242.xml,E:\甲劈微循环\artifacts\derived\vascular_dataset_governance_20260830\xml_repaired_normalized\242.xml,834c4cae87cc182a04eb3df597e73114,834c4cae87cc182a04eb3df597e73114,0,AUTO_NORMALIZED_SPELLING_ONLY,no
E:\甲劈微循环\artifacts\derived\vascular_dataset_governance_20260830\xml_repaired_all\243.xml,E:\甲劈微循环\artifacts\derived\vascular_dataset_governance_20260830\xml_repaired_normalized\243.xml,9056f587d69e8f6e795dc2834b0cf059,9056f587d69e8f6e795dc2834b0cf059,0,AUTO_NORMALIZED_SPELLING_ONLY,no
E:\甲劈微循环\artifacts\derived\vascular_dataset_governance_20260830\xml_repaired_all\244.xml,E:\甲劈微循环\artifacts\derived\vascular_dataset_governance_20260830\xml_repaired_normalized\244.xml,04e003f33b33be6734a1e55b3ee0c075,04e003f33b33be6734a1e55b3ee0c075,0,AUTO_NORMALIZED_SPELLING_ONLY,no
E:\甲劈微循环\artifacts\derived\vascular_dataset_governance_20260830\xml_repaired_all\245.xml,E:\甲劈微循环\artifacts\derived\vascular_dataset_governance_20260830\xml_repaired_normalized\245.xml,6baf7105a998212902ba0a9ef8123a6b,6baf7105a998212902ba0a9ef8123a6b,0,AUTO_NORMALIZED_SPELLING_ONLY,no
E:\甲劈微循环\artifacts\derived\vascular_dataset_governance_20260830\xml_repaired_all\246.xml,E:\甲劈微循环\artifacts\derived\vascular_dataset_governance_20260830\xml_repaired_normalized\246.xml,1f8b4187e86f7a1d885a014579e45aef,1f8b4187e86f7a1d885a014579e45aef,0,AUTO_NORMALIZED_SPELLING_ONLY,no
E:\甲劈微循环\artifacts\derived\vascular_dataset_governance_20260830\xml_repaired_all\247.xml,E:\甲劈微循环\artifacts\derived\vascular_dataset_governance_20260830\xml_repaired_normalized\247.xml,ea2e865dd4fa8c9aec8adff91f3fe05d,ea2e865dd4fa8c9aec8adff91f3fe05d,0,AUTO_NORMALIZED_SPELLING_ONLY,no
E:\甲劈微循环\artifacts\derived\vascular_dataset_governance_20260830\xml_repaired_all\248.xml,E:\甲劈微循环\artifacts\derived\vascular_dataset_governance_20260830\xml_repaired_normalized\248.xml,265585014efce52d80254d2588528fe3,265585014efce52d80254d2588528fe3,0,AUTO_NORMALIZED_SPELLING_ONLY,no
E:\甲劈微循环\artifacts\derived\vascular_dataset_governance_20260830\xml_repaired_all\249.xml,E:\甲劈微循环\artifacts\derived\vascular_dataset_governance_20260830\xml_repaired_normalized\249.xml,eb86f6223e09d1b9792d24cbecdab3bd,eb86f6223e09d1b9792d24cbecdab3bd,0,AUTO_NORMALIZED_SPELLING_ONLY,no
E:\甲劈微循环\artifacts\derived\vascular_dataset_governance_20260830\xml_repaired_all\250.xml,E:\甲劈微循环\artifacts\derived\vascular_dataset_governance_20260830\xml_repaired_normalized\250.xml,b7e5ece99f1110a4b8da5c626457508c,b7e5ece99f1110a4b8da5c626457508c,0,AUTO_NORMALIZED_SPELLING_ONLY,no
E:\甲劈微循环\artifacts\derived\vascular_dataset_governance_20260830\xml_repaired_all\251.xml,E:\甲劈微循环\artifacts\derived\vascular_dataset_governance_20260830\xml_repaired_normalized\251.xml,350f11f23d3ffc3e5a569faeceaad01a,350f11f23d3ffc3e5a569faeceaad01a,0,AUTO_NORMALIZED_SPELLING_ONLY,no
E:\甲劈微循环\artifacts\derived\vascular_dataset_governance_20260830\xml_repaired_all\252.xml,E:\甲劈微循环\artifacts\derived\vascular_dataset_governance_20260830\xml_repaired_normalized\252.xml,febba8f03f7b81267669361c2c7e139b,febba8f03f7b81267669361c2c7e139b,0,AUTO_NORMALIZED_SPELLING_ONLY,no
E:\甲劈微循环\artifacts\derived\vascular_dataset_governance_20260830\xml_repaired_all\253.xml,E:\甲劈微循环\artifacts\derived\vascular_dataset_governance_20260830\xml_repaired_normalized\253.xml,0a1a245216214f432bb4393d72468838,0a1a245216214f432bb4393d72468838,0,AUTO_NORMALIZED_SPELLING_ONLY,no
E:\甲劈微循环\artifacts\derived\vascular_dataset_governance_20260830\xml_repaired_all\254.xml,E:\甲劈微循环\artifacts\derived\vascular_dataset_governance_20260830\xml_repaired_normalized\254.xml,5d6c0ffa4717e5b3c95f50d14422501c,5d6c0ffa4717e5b3c95f50d14422501c,0,AUTO_NORMALIZED_SPELLING_ONLY,no
E:\甲劈微循环\artifacts\derived\vascular_dataset_governance_20260830\xml_repaired_all\255.xml,E:\甲劈微循环\artifacts\derived\vascular_dataset_governance_20260830\xml_repaired_normalized\255.xml,1b3ebf963db042d55708d3f05732f880,1b3ebf963db042d55708d3f05732f880,0,AUTO_NORMALIZED_SPELLING_ONLY,no
E:\甲劈微循环\artifacts\derived\vascular_dataset_governance_20260830\xml_repaired_all\256.xml,E:\甲劈微循环\artifacts\derived\vascular_dataset_governance_20260830\xml_repaired_normalized\256.xml,b084b412a1fb30876efb0e3e36d797fa,b084b412a1fb30876efb0e3e36d797fa,0,AUTO_NORMALIZED_SPELLING_ONLY,no
E:\甲劈微循环\artifacts\derived\vascular_dataset_governance_20260830\xml_repaired_all\257.xml,E:\甲劈微循环\artifacts\derived\vascular_dataset_governance_20260830\xml_repaired_normalized\257.xml,40a632b0b101570f8bff8fb4fc040ebe,40a632b0b101570f8bff8fb4fc040ebe,0,AUTO_NORMALIZED_SPELLING_ONLY,no
E:\甲劈微循环\artifacts\derived\vascular_dataset_governance_20260830\xml_repaired_all\258.xml,E:\甲劈微循环\artifacts\derived\vascular_dataset_governance_20260830\xml_repaired_normalized\258.xml,d71b3f15a3ae14b9f55e1d0e7a37e1bb,d71b3f15a3ae14b9f55e1d0e7a37e1bb,0,AUTO_NORMALIZED_SPELLING_ONLY,no
E:\甲劈微循环\artifacts\derived\vascular_dataset_governance_20260830\xml_repaired_all\259.xml,E:\甲劈微循环\artifacts\derived\vascular_dataset_governance_20260830\xml_repaired_normalized\259.xml,3dd494f6ab06c1403a6b5fa0ffdfaf73,3dd494f6ab06c1403a6b5fa0ffdfaf73,0,AUTO_NORMALIZED_SPELLING_ONLY,no
E:\甲劈微循环\artifacts\derived\vascular_dataset_governance_20260830\xml_repaired_all\260.xml,E:\甲劈微循环\artifacts\derived\vascular_dataset_governance_20260830\xml_repaired_normalized\260.xml,c24f00f79b229b05b148ee82eef07a19,c24f00f79b229b05b148ee82eef07a19,0,AUTO_NORMALIZED_SPELLING_ONLY,no
E:\甲劈微循环\artifacts\derived\vascular_dataset_governance_20260830\xml_repaired_all\261.xml,E:\甲劈微循环\artifacts\derived\vascular_dataset_governance_20260830\xml_repaired_normalized\261.xml,58ce07b02640cbe1c115ff109d7a5302,58ce07b02640cbe1c115ff109d7a5302,0,AUTO_NORMALIZED_SPELLING_ONLY,no
E:\甲劈微循环\artifacts\derived\vascular_dataset_governance_20260830\xml_repaired_all\262.xml,E:\甲劈微循环\artifacts\derived\vascular_dataset_governance_20260830\xml_repaired_normalized\262.xml,8700c67594402fa83de4b391c5ededfc,8700c67594402fa83de4b391c5ededfc,0,AUTO_NORMALIZED_SPELLING_ONLY,no
E:\甲劈微循环\artifacts\derived\vascular_dataset_governance_20260830\xml_repaired_all\263.xml,E:\甲劈微循环\artifacts\derived\vascular_dataset_governance_20260830\xml_repaired_normalized\263.xml,e4185836e04c478fcb696d9fc5e77e86,e4185836e04c478fcb696d9fc5e77e86,0,AUTO_NORMALIZED_SPELLING_ONLY,no
E:\甲劈微循环\artifacts\derived\vascular_dataset_governance_20260830\xml_repaired_all\264.xml,E:\甲劈微循环\artifacts\derived\vascular_dataset_governance_20260830\xml_repaired_normalized\264.xml,d4975e05b39b35c955084b4272021b6f,d4975e05b39b35c955084b4272021b6f,0,AUTO_NORMALIZED_SPELLING_ONLY,no
E:\甲劈微循环\artifacts\derived\vascular_dataset_governance_20260830\xml_repaired_all\265.xml,E:\甲劈微循环\artifacts\derived\vascular_dataset_governance_20260830\xml_repaired_normalized\265.xml,deaf5a17ba6a4e997055c97fef1e5a7f,deaf5a17ba6a4e997055c97fef1e5a7f,0,AUTO_NORMALIZED_SPELLING_ONLY,no
E:\甲劈微循环\artifacts\derived\vascular_dataset_governance_20260830\xml_repaired_all\266.xml,E:\甲劈微循环\artifacts\derived\vascular_dataset_governance_20260830\xml_repaired_normalized\266.xml,ca3318a067f1a9ea0cb5081d0ffc63a1,ca3318a067f1a9ea0cb5081d0ffc63a1,0,AUTO_NORMALIZED_SPELLING_ONLY,no
E:\甲劈微循环\artifacts\derived\vascular_dataset_governance_20260830\xml_repaired_all\267.xml,E:\甲劈微循环\artifacts\derived\vascular_dataset_governance_20260830\xml_repaired_normalized\267.xml,36515f698cb78178aab1379a57df67b0,36515f698cb78178aab1379a57df67b0,0,AUTO_NORMALIZED_SPELLING_ONLY,no
E:\甲劈微循环\artifacts\derived\vascular_dataset_governance_20260830\xml_repaired_all\268.xml,E:\甲劈微循环\artifacts\derived\vascular_dataset_governance_20260830\xml_repaired_normalized\268.xml,92c6bc3bdce40e2b6c0372067dbaeba1,92c6bc3bdce40e2b6c0372067dbaeba1,0,AUTO_NORMALIZED_SPELLING_ONLY,no
E:\甲劈微循环\artifacts\derived\vascular_dataset_governance_20260830\xml_repaired_all\269.xml,E:\甲劈微循环\artifacts\derived\vascular_dataset_governance_20260830\xml_repaired_normalized\269.xml,20102d4da0f184f3e44ba97df0eab590,20102d4da0f184f3e44ba97df0eab590,0,AUTO_NORMALIZED_SPELLING_ONLY,no
E:\甲劈微循环\artifacts\derived\vascular_dataset_governance_20260830\xml_repaired_all\270.xml,E:\甲劈微循环\artifacts\derived\vascular_dataset_governance_20260830\xml_repaired_normalized\270.xml,68199f605e021cc513ad6d6926b34447,68199f605e021cc513ad6d6926b34447,0,AUTO_NORMALIZED_SPELLING_ONLY,no
E:\甲劈微循环\artifacts\derived\vascular_dataset_governance_20260830\xml_repaired_all\271.xml,E:\甲劈微循环\artifacts\derived\vascular_dataset_governance_20260830\xml_repaired_normalized\271.xml,5096fc01f214de9db9670b2d8c9c8a16,5096fc01f214de9db9670b2d8c9c8a16,0,AUTO_NORMALIZED_SPELLING_ONLY,no
E:\甲劈微循环\artifacts\derived\vascular_dataset_governance_20260830\xml_repaired_all\272.xml,E:\甲劈微循环\artifacts\derived\vascular_dataset_governance_20260830\xml_repaired_normalized\272.xml,90e7050ed834899626e55de8d0863f9b,90e7050ed834899626e55de8d0863f9b,0,AUTO_NORMALIZED_SPELLING_ONLY,no
E:\甲劈微循环\artifacts\derived\vascular_dataset_governance_20260830\xml_repaired_all\273.xml,E:\甲劈微循环\artifacts\derived\vascular_dataset_governance_20260830\xml_repaired_normalized\273.xml,05cd5c3834b8b5fb03e36dfdbdcb99bb,05cd5c3834b8b5fb03e36dfdbdcb99bb,0,AUTO_NORMALIZED_SPELLING_ONLY,no
E:\甲劈微循环\artifacts\derived\vascular_dataset_governance_20260830\xml_repaired_all\274.xml,E:\甲劈微循环\artifacts\derived\vascular_dataset_governance_20260830\xml_repaired_normalized\274.xml,4d4fc39a203df4659eb292bfaf37258c,4d4fc39a203df4659eb292bfaf37258c,0,AUTO_NORMALIZED_SPELLING_ONLY,no
E:\甲劈微循环\artifacts\derived\vascular_dataset_governance_20260830\xml_repaired_all\275.xml,E:\甲劈微循环\artifacts\derived\vascular_dataset_governance_20260830\xml_repaired_normalized\275.xml,4572413fc76bdfaa2c9127f41915dec5,4572413fc76bdfaa2c9127f41915dec5,0,AUTO_NORMALIZED_SPELLING_ONLY,no
E:\甲劈微循环\artifacts\derived\vascular_dataset_governance_20260830\xml_repaired_all\276.xml,E:\甲劈微循环\artifacts\derived\vascular_dataset_governance_20260830\xml_repaired_normalized\276.xml,32888709b2bc77171918fe222b2dbfe2,32888709b2bc77171918fe222b2dbfe2,0,AUTO_NORMALIZED_SPELLING_ONLY,no
E:\甲劈微循环\artifacts\derived\vascular_dataset_governance_20260830\xml_repaired_all\277.xml,E:\甲劈微循环\artifacts\derived\vascular_dataset_governance_20260830\xml_repaired_normalized\277.xml,05b49b36fd5d903bafe6a86b908cdbe1,05b49b36fd5d903bafe6a86b908cdbe1,0,AUTO_NORMALIZED_SPELLING_ONLY,no
E:\甲劈微循环\artifacts\derived\vascular_dataset_governance_20260830\xml_repaired_all\278.xml,E:\甲劈微循环\artifacts\derived\vascular_dataset_governance_20260830\xml_repaired_normalized\278.xml,79675da245a9ca78a834b168a7708291,79675da245a9ca78a834b168a7708291,0,AUTO_NORMALIZED_SPELLING_ONLY,no
E:\甲劈微循环\artifacts\derived\vascular_dataset_governance_20260830\xml_repaired_all\279.xml,E:\甲劈微循环\artifacts\derived\vascular_dataset_governance_20260830\xml_repaired_normalized\279.xml,2e593af15d5ecf55327b9eed81e08e56,2e593af15d5ecf55327b9eed81e08e56,0,AUTO_NORMALIZED_SPELLING_ONLY,no
E:\甲劈微循环\artifacts\derived\vascular_dataset_governance_20260830\xml_repaired_all\280.xml,E:\甲劈微循环\artifacts\derived\vascular_dataset_governance_20260830\xml_repaired_normalized\280.xml,b365c258aaff692515ad365c79079e1a,b365c258aaff692515ad365c79079e1a,0,AUTO_NORMALIZED_SPELLING_ONLY,no
E:\甲劈微循环\artifacts\derived\vascular_dataset_governance_20260830\xml_repaired_all\281.xml,E:\甲劈微循环\artifacts\derived\vascular_dataset_governance_20260830\xml_repaired_normalized\281.xml,f6efc147cc27968e9bbb6c3eee9e43c8,f6efc147cc27968e9bbb6c3eee9e43c8,0,AUTO_NORMALIZED_SPELLING_ONLY,no
E:\甲劈微循环\artifacts\derived\vascular_dataset_governance_20260830\xml_repaired_all\282.xml,E:\甲劈微循环\artifacts\derived\vascular_dataset_governance_20260830\xml_repaired_normalized\282.xml,20dd46881ea09535f5ed419f75131a93,20dd46881ea09535f5ed419f75131a93,0,AUTO_NORMALIZED_SPELLING_ONLY,no
E:\甲劈微循环\artifacts\derived\vascular_dataset_governance_20260830\xml_repaired_all\283.xml,E:\甲劈微循环\artifacts\derived\vascular_dataset_governance_20260830\xml_repaired_normalized\283.xml,5c2e81b47ee5449e4e2a782ea09012a2,5c2e81b47ee5449e4e2a782ea09012a2,0,AUTO_NORMALIZED_SPELLING_ONLY,no
E:\甲劈微循环\artifacts\derived\vascular_dataset_governance_20260830\xml_repaired_all\284.xml,E:\甲劈微循环\artifacts\derived\vascular_dataset_governance_20260830\xml_repaired_normalized\284.xml,ae98dbfb25735b0993123e866bb6e9de,ae98dbfb25735b0993123e866bb6e9de,0,AUTO_NORMALIZED_SPELLING_ONLY,no
E:\甲劈微循环\artifacts\derived\vascular_dataset_governance_20260830\xml_repaired_all\285.xml,E:\甲劈微循环\artifacts\derived\vascular_dataset_governance_20260830\xml_repaired_normalized\285.xml,85920eeb5d3161a87eb1c61ac7cfc3b5,85920eeb5d3161a87eb1c61ac7cfc3b5,0,AUTO_NORMALIZED_SPELLING_ONLY,no
E:\甲劈微循环\artifacts\derived\vascular_dataset_governance_20260830\xml_repaired_all\286.xml,E:\甲劈微循环\artifacts\derived\vascular_dataset_governance_20260830\xml_repaired_normalized\286.xml,e81cd0eced1d2e969563b754a2d87613,e81cd0eced1d2e969563b754a2d87613,0,AUTO_NORMALIZED_SPELLING_ONLY,no
E:\甲劈微循环\artifacts\derived\vascular_dataset_governance_20260830\xml_repaired_all\287.xml,E:\甲劈微循环\artifacts\derived\vascular_dataset_governance_20260830\xml_repaired_normalized\287.xml,dd3d4ec651e4d367d6367658c4ef2211,dd3d4ec651e4d367d6367658c4ef2211,0,AUTO_NORMALIZED_SPELLING_ONLY,no
E:\甲劈微循环\artifacts\derived\vascular_dataset_governance_20260830\xml_repaired_all\288.xml,E:\甲劈微循环\artifacts\derived\vascular_dataset_governance_20260830\xml_repaired_normalized\288.xml,89dd0b5fee4265cb7a6224ad7af0b0bd,89dd0b5fee4265cb7a6224ad7af0b0bd,0,AUTO_NORMALIZED_SPELLING_ONLY,no
E:\甲劈微循环\artifacts\derived\vascular_dataset_governance_20260830\xml_repaired_all\289.xml,E:\甲劈微循环\artifacts\derived\vascular_dataset_governance_20260830\xml_repaired_normalized\289.xml,82330cb07c307bd82beebcfac4e86dd6,82330cb07c307bd82beebcfac4e86dd6,0,AUTO_NORMALIZED_SPELLING_ONLY,no
E:\甲劈微循环\artifacts\derived\vascular_dataset_governance_20260830\xml_repaired_all\290.xml,E:\甲劈微循环\artifacts\derived\vascular_dataset_governance_20260830\xml_repaired_normalized\290.xml,a433a2bf37328e52fcc66d53e946d67b,a433a2bf37328e52fcc66d53e946d67b,0,AUTO_NORMALIZED_SPELLING_ONLY,no
E:\甲劈微循环\artifacts\derived\vascular_dataset_governance_20260830\xml_repaired_all\291.xml,E:\甲劈微循环\artifacts\derived\vascular_dataset_governance_20260830\xml_repaired_normalized\291.xml,c08360e9bfbe6ebe3887176d6e9c5fe8,c08360e9bfbe6ebe3887176d6e9c5fe8,0,AUTO_NORMALIZED_SPELLING_ONLY,no
E:\甲劈微循环\artifacts\derived\vascular_dataset_governance_20260830\xml_repaired_all\292.xml,E:\甲劈微循环\artifacts\derived\vascular_dataset_governance_20260830\xml_repaired_normalized\292.xml,236b40dda499c0fd2a70892c806be768,236b40dda499c0fd2a70892c806be768,0,AUTO_NORMALIZED_SPELLING_ONLY,no
E:\甲劈微循环\artifacts\derived\vascular_dataset_governance_20260830\xml_repaired_all\293.xml,E:\甲劈微循环\artifacts\derived\vascular_dataset_governance_20260830\xml_repaired_normalized\293.xml,466a0b8bf9c6fd7144790434936e18b1,466a0b8bf9c6fd7144790434936e18b1,0,AUTO_NORMALIZED_SPELLING_ONLY,no
E:\甲劈微循环\artifacts\derived\vascular_dataset_governance_20260830\xml_repaired_all\294.xml,E:\甲劈微循环\artifacts\derived\vascular_dataset_governance_20260830\xml_repaired_normalized\294.xml,0f19e70f146e26a93ba78892d0bfbe0c,0f19e70f146e26a93ba78892d0bfbe0c,0,AUTO_NORMALIZED_SPELLING_ONLY,no
E:\甲劈微循环\artifacts\derived\vascular_dataset_governance_20260830\xml_repaired_all\295.xml,E:\甲劈微循环\artifacts\derived\vascular_dataset_governance_20260830\xml_repaired_normalized\295.xml,0d61cbbfc02e4c1e3e401d6ab744afdd,0d61cbbfc02e4c1e3e401d6ab744afdd,0,AUTO_NORMALIZED_SPELLING_ONLY,no
E:\甲劈微循环\artifacts\derived\vascular_dataset_governance_20260830\xml_repaired_all\296.xml,E:\甲劈微循环\artifacts\derived\vascular_dataset_governance_20260830\xml_repaired_normalized\296.xml,25a9b4d8e352a213c9504945bf85efa1,25a9b4d8e352a213c9504945bf85efa1,0,AUTO_NORMALIZED_SPELLING_ONLY,no
E:\甲劈微循环\artifacts\derived\vascular_dataset_governance_20260830\xml_repaired_all\297.xml,E:\甲劈微循环\artifacts\derived\vascular_dataset_governance_20260830\xml_repaired_normalized\297.xml,62b66416cc65fc3b2510b806dec5f12a,62b66416cc65fc3b2510b806dec5f12a,0,AUTO_NORMALIZED_SPELLING_ONLY,no
E:\甲劈微循环\artifacts\derived\vascular_dataset_governance_20260830\xml_repaired_all\298.xml,E:\甲劈微循环\artifacts\derived\vascular_dataset_governance_20260830\xml_repaired_normalized\298.xml,673ff35c7d7948230b6307e10f06958b,673ff35c7d7948230b6307e10f06958b,0,AUTO_NORMALIZED_SPELLING_ONLY,no
E:\甲劈微循环\artifacts\derived\vascular_dataset_governance_20260830\xml_repaired_all\299.xml,E:\甲劈微循环\artifacts\derived\vascular_dataset_governance_20260830\xml_repaired_normalized\299.xml,63c26682dd79aa3dd385a9f22ed58b3b,63c26682dd79aa3dd385a9f22ed58b3b,0,AUTO_NORMALIZED_SPELLING_ONLY,no
E:\甲劈微循环\artifacts\derived\vascular_dataset_governance_20260830\xml_repaired_all\300.xml,E:\甲劈微循环\artifacts\derived\vascular_dataset_governance_20260830\xml_repaired_normalized\300.xml,bffecc73af93e0975e62e41ac481c828,bffecc73af93e0975e62e41ac481c828,0,AUTO_NORMALIZED_SPELLING_ONLY,no
E:\甲劈微循环\artifacts\derived\vascular_dataset_governance_20260830\xml_repaired_all\301.xml,E:\甲劈微循环\artifacts\derived\vascular_dataset_governance_20260830\xml_repaired_normalized\301.xml,71908cf6a0503145887acfd322256f28,71908cf6a0503145887acfd322256f28,0,AUTO_NORMALIZED_SPELLING_ONLY,no
E:\甲劈微循环\artifacts\derived\vascular_dataset_governance_20260830\xml_repaired_all\302.xml,E:\甲劈微循环\artifacts\derived\vascular_dataset_governance_20260830\xml_repaired_normalized\302.xml,61075a90e6ea7f71af5eb1bee56fd569,61075a90e6ea7f71af5eb1bee56fd569,0,AUTO_NORMALIZED_SPELLING_ONLY,no
E:\甲劈微循环\artifacts\derived\vascular_dataset_governance_20260830\xml_repaired_all\303.xml,E:\甲劈微循环\artifacts\derived\vascular_dataset_governance_20260830\xml_repaired_normalized\303.xml,8c05406b2cba7dba1bb424f6b3210d90,8c05406b2cba7dba1bb424f6b3210d90,0,AUTO_NORMALIZED_SPELLING_ONLY,no
E:\甲劈微循环\artifacts\derived\vascular_dataset_governance_20260830\xml_repaired_all\304.xml,E:\甲劈微循环\artifacts\derived\vascular_dataset_governance_20260830\xml_repaired_normalized\304.xml,72453fc80ff7e280ffec9359d8064525,72453fc80ff7e280ffec9359d8064525,0,AUTO_NORMALIZED_SPELLING_ONLY,no
E:\甲劈微循环\artifacts\derived\vascular_dataset_governance_20260830\xml_repaired_all\305.xml,E:\甲劈微循环\artifacts\derived\vascular_dataset_governance_20260830\xml_repaired_normalized\305.xml,45cb94323b47f6541b1998c5c15949e3,45cb94323b47f6541b1998c5c15949e3,0,AUTO_NORMALIZED_SPELLING_ONLY,no
E:\甲劈微循环\artifacts\derived\vascular_dataset_governance_20260830\xml_repaired_all\306.xml,E:\甲劈微循环\artifacts\derived\vascular_dataset_governance_20260830\xml_repaired_normalized\306.xml,0a595366957783e3b938adac4a6a9e2b,0a595366957783e3b938adac4a6a9e2b,0,AUTO_NORMALIZED_SPELLING_ONLY,no
E:\甲劈微循环\artifacts\derived\vascular_dataset_governance_20260830\xml_repaired_all\307.xml,E:\甲劈微循环\artifacts\derived\vascular_dataset_governance_20260830\xml_repaired_normalized\307.xml,4fe3ef0c51f3192504c733e7a147b6a4,4fe3ef0c51f3192504c733e7a147b6a4,0,AUTO_NORMALIZED_SPELLING_ONLY,no
E:\甲劈微循环\artifacts\derived\vascular_dataset_governance_20260830\xml_repaired_all\308.xml,E:\甲劈微循环\artifacts\derived\vascular_dataset_governance_20260830\xml_repaired_normalized\308.xml,5319e85fb798661427029a3b78061646,5319e85fb798661427029a3b78061646,0,AUTO_NORMALIZED_SPELLING_ONLY,no
E:\甲劈微循环\artifacts\derived\vascular_dataset_governance_20260830\xml_repaired_all\309.xml,E:\甲劈微循环\artifacts\derived\vascular_dataset_governance_20260830\xml_repaired_normalized\309.xml,f40c5ed1c4334b692dfb5137d7708ed7,f40c5ed1c4334b692dfb5137d7708ed7,0,AUTO_NORMALIZED_SPELLING_ONLY,no
E:\甲劈微循环\artifacts\derived\vascular_dataset_governance_20260830\xml_repaired_all\310.xml,E:\甲劈微循环\artifacts\derived\vascular_dataset_governance_20260830\xml_repaired_normalized\310.xml,04afa906ba0eb5f8b2970ae5a57e62f5,04afa906ba0eb5f8b2970ae5a57e62f5,0,AUTO_NORMALIZED_SPELLING_ONLY,no
E:\甲劈微循环\artifacts\derived\vascular_dataset_governance_20260830\xml_repaired_all\311.xml,E:\甲劈微循环\artifacts\derived\vascular_dataset_governance_20260830\xml_repaired_normalized\311.xml,ace71de2e7832f20bdb42f37674bb9f7,ace71de2e7832f20bdb42f37674bb9f7,0,AUTO_NORMALIZED_SPELLING_ONLY,no
E:\甲劈微循环\artifacts\derived\vascular_dataset_governance_20260830\xml_repaired_all\312.xml,E:\甲劈微循环\artifacts\derived\vascular_dataset_governance_20260830\xml_repaired_normalized\312.xml,fe8fb2ba3a714cc30b7c19efce156ad1,fe8fb2ba3a714cc30b7c19efce156ad1,0,AUTO_NORMALIZED_SPELLING_ONLY,no
E:\甲劈微循环\artifacts\derived\vascular_dataset_governance_20260830\xml_repaired_all\313.xml,E:\甲劈微循环\artifacts\derived\vascular_dataset_governance_20260830\xml_repaired_normalized\313.xml,3a3d008a23c913c7b7cdb56470e15e42,3a3d008a23c913c7b7cdb56470e15e42,0,AUTO_NORMALIZED_SPELLING_ONLY,no
E:\甲劈微循环\artifacts\derived\vascular_dataset_governance_20260830\xml_repaired_all\314.xml,E:\甲劈微循环\artifacts\derived\vascular_dataset_governance_20260830\xml_repaired_normalized\314.xml,dc6b63f06f5f4dbcf14fb60f9b139b39,dc6b63f06f5f4dbcf14fb60f9b139b39,0,AUTO_NORMALIZED_SPELLING_ONLY,no
E:\甲劈微循环\artifacts\derived\vascular_dataset_governance_20260830\xml_repaired_all\315.xml,E:\甲劈微循环\artifacts\derived\vascular_dataset_governance_20260830\xml_repaired_normalized\315.xml,35df4695a867ad8ca82243c630b46c66,35df4695a867ad8ca82243c630b46c66,0,AUTO_NORMALIZED_SPELLING_ONLY,no
E:\甲劈微循环\artifacts\derived\vascular_dataset_governance_20260830\xml_repaired_all\316.xml,E:\甲劈微循环\artifacts\derived\vascular_dataset_governance_20260830\xml_repaired_normalized\316.xml,fedf9962efad2a3bf61416d786b08d68,fedf9962efad2a3bf61416d786b08d68,0,AUTO_NORMALIZED_SPELLING_ONLY,no
E:\甲劈微循环\artifacts\derived\vascular_dataset_governance_20260830\xml_repaired_all\317.xml,E:\甲劈微循环\artifacts\derived\vascular_dataset_governance_20260830\xml_repaired_normalized\317.xml,ad9935dd86d019d3bf46072a0abc3cce,ad9935dd86d019d3bf46072a0abc3cce,0,AUTO_NORMALIZED_SPELLING_ONLY,no
E:\甲劈微循环\artifacts\derived\vascular_dataset_governance_20260830\xml_repaired_all\318.xml,E:\甲劈微循环\artifacts\derived\vascular_dataset_governance_20260830\xml_repaired_normalized\318.xml,3d4472881e1492db82638aaf1fd3222d,3d4472881e1492db82638aaf1fd3222d,0,AUTO_NORMALIZED_SPELLING_ONLY,no
E:\甲劈微循环\artifacts\derived\vascular_dataset_governance_20260830\xml_repaired_all\319.xml,E:\甲劈微循环\artifacts\derived\vascular_dataset_governance_20260830\xml_repaired_normalized\319.xml,d1c382a203763bee49ee6db414faa42a,d1c382a203763bee49ee6db414faa42a,0,AUTO_NORMALIZED_SPELLING_ONLY,no
E:\甲劈微循环\artifacts\derived\vascular_dataset_governance_20260830\xml_repaired_all\320.xml,E:\甲劈微循环\artifacts\derived\vascular_dataset_governance_20260830\xml_repaired_normalized\320.xml,8102c3f4d46acbf1961f000ded9d6e4f,8102c3f4d46acbf1961f000ded9d6e4f,0,AUTO_NORMALIZED_SPELLING_ONLY,no
E:\甲劈微循环\artifacts\derived\vascular_dataset_governance_20260830\xml_repaired_all\321.xml,E:\甲劈微循环\artifacts\derived\vascular_dataset_governance_20260830\xml_repaired_normalized\321.xml,d3d5702512dd0f65c96d04f613c330f0,d3d5702512dd0f65c96d04f613c330f0,0,AUTO_NORMALIZED_SPELLING_ONLY,no
E:\甲劈微循环\artifacts\derived\vascular_dataset_governance_20260830\xml_repaired_all\322.xml,E:\甲劈微循环\artifacts\derived\vascular_dataset_governance_20260830\xml_repaired_normalized\322.xml,fe37c77a37ab4811f22a79dbd566b1d1,fe37c77a37ab4811f22a79dbd566b1d1,0,AUTO_NORMALIZED_SPELLING_ONLY,no
E:\甲劈微循环\artifacts\derived\vascular_dataset_governance_20260830\xml_repaired_all\323.xml,E:\甲劈微循环\artifacts\derived\vascular_dataset_governance_20260830\xml_repaired_normalized\323.xml,acad6042c0f158f0f36a679ac7eeaeb0,acad6042c0f158f0f36a679ac7eeaeb0,0,AUTO_NORMALIZED_SPELLING_ONLY,no
E:\甲劈微循环\artifacts\derived\vascular_dataset_governance_20260830\xml_repaired_all\324.xml,E:\甲劈微循环\artifacts\derived\vascular_dataset_governance_20260830\xml_repaired_normalized\324.xml,1ad947bb65aa406517de3581f8ee2fd4,1ad947bb65aa406517de3581f8ee2fd4,0,AUTO_NORMALIZED_SPELLING_ONLY,no
E:\甲劈微循环\artifacts\derived\vascular_dataset_governance_20260830\xml_repaired_all\325.xml,E:\甲劈微循环\artifacts\derived\vascular_dataset_governance_20260830\xml_repaired_normalized\325.xml,d7d4118f133f87eaee8b22da5a51b2b4,d7d4118f133f87eaee8b22da5a51b2b4,0,AUTO_NORMALIZED_SPELLING_ONLY,no
E:\甲劈微循环\artifacts\derived\vascular_dataset_governance_20260830\xml_repaired_all\326.xml,E:\甲劈微循环\artifacts\derived\vascular_dataset_governance_20260830\xml_repaired_normalized\326.xml,8472ea5700b253a4b6c228d52ba36a8b,8472ea5700b253a4b6c228d52ba36a8b,0,AUTO_NORMALIZED_SPELLING_ONLY,no
E:\甲劈微循环\artifacts\derived\vascular_dataset_governance_20260830\xml_repaired_all\327.xml,E:\甲劈微循环\artifacts\derived\vascular_dataset_governance_20260830\xml_repaired_normalized\327.xml,ba7e8b58618dc0be6df29eafa98797ad,ba7e8b58618dc0be6df29eafa98797ad,0,AUTO_NORMALIZED_SPELLING_ONLY,no
E:\甲劈微循环\artifacts\derived\vascular_dataset_governance_20260830\xml_repaired_all\328.xml,E:\甲劈微循环\artifacts\derived\vascular_dataset_governance_20260830\xml_repaired_normalized\328.xml,ec71f2032f7148517a6d3d1088ff0765,ec71f2032f7148517a6d3d1088ff0765,0,AUTO_NORMALIZED_SPELLING_ONLY,no
E:\甲劈微循环\artifacts\derived\vascular_dataset_governance_20260830\xml_repaired_all\329.xml,E:\甲劈微循环\artifacts\derived\vascular_dataset_governance_20260830\xml_repaired_normalized\329.xml,50690a2a0427e551a0313d5d85fc1a76,50690a2a0427e551a0313d5d85fc1a76,0,AUTO_NORMALIZED_SPELLING_ONLY,no
E:\甲劈微循环\artifacts\derived\vascular_dataset_governance_20260830\xml_repaired_all\330.xml,E:\甲劈微循环\artifacts\derived\vascular_dataset_governance_20260830\xml_repaired_normalized\330.xml,28aaac003ab24acd2eba9bb4f8ff3fe4,f15577669a951e7628d8107d7a07f2ed,1,AUTO_NORMALIZED_SPELLING_ONLY,no
E:\甲劈微循环\artifacts\derived\vascular_dataset_governance_20260830\xml_repaired_all\331.xml,E:\甲劈微循环\artifacts\derived\vascular_dataset_governance_20260830\xml_repaired_normalized\331.xml,67d544bbc408e38e5f67ba8f070c1d77,67d544bbc408e38e5f67ba8f070c1d77,0,AUTO_NORMALIZED_SPELLING_ONLY,no
E:\甲劈微循环\artifacts\derived\vascular_dataset_governance_20260830\xml_repaired_all\332.xml,E:\甲劈微循环\artifacts\derived\vascular_dataset_governance_20260830\xml_repaired_normalized\332.xml,7a3060d5294489d7277e4f5ca9ec0cd3,7a3060d5294489d7277e4f5ca9ec0cd3,0,AUTO_NORMALIZED_SPELLING_ONLY,no
E:\甲劈微循环\artifacts\derived\vascular_dataset_governance_20260830\xml_repaired_all\333.xml,E:\甲劈微循环\artifacts\derived\vascular_dataset_governance_20260830\xml_repaired_normalized\333.xml,da703929431c07f0a2db721256d1f26f,da703929431c07f0a2db721256d1f26f,0,AUTO_NORMALIZED_SPELLING_ONLY,no
E:\甲劈微循环\artifacts\derived\vascular_dataset_governance_20260830\xml_repaired_all\334.xml,E:\甲劈微循环\artifacts\derived\vascular_dataset_governance_20260830\xml_repaired_normalized\334.xml,96eda4ed79e1c658e69fc9c0a30b2be5,96eda4ed79e1c658e69fc9c0a30b2be5,0,AUTO_NORMALIZED_SPELLING_ONLY,no
E:\甲劈微循环\artifacts\derived\vascular_dataset_governance_20260830\xml_repaired_all\335.xml,E:\甲劈微循环\artifacts\derived\vascular_dataset_governance_20260830\xml_repaired_normalized\335.xml,ec722e9540a0ad26aca3ff0ab6db1135,ec722e9540a0ad26aca3ff0ab6db1135,0,AUTO_NORMALIZED_SPELLING_ONLY,no
E:\甲劈微循环\artifacts\derived\vascular_dataset_governance_20260830\xml_repaired_all\336.xml,E:\甲劈微循环\artifacts\derived\vascular_dataset_governance_20260830\xml_repaired_normalized\336.xml,a15f3e21491d4ab507735befde145f04,a15f3e21491d4ab507735befde145f04,0,AUTO_NORMALIZED_SPELLING_ONLY,no
E:\甲劈微循环\artifacts\derived\vascular_dataset_governance_20260830\xml_repaired_all\337.xml,E:\甲劈微循环\artifacts\derived\vascular_dataset_governance_20260830\xml_repaired_normalized\337.xml,88859941778259188ae06d936dac7ba8,88859941778259188ae06d936dac7ba8,0,AUTO_NORMALIZED_SPELLING_ONLY,no
E:\甲劈微循环\artifacts\derived\vascular_dataset_governance_20260830\xml_repaired_all\338.xml,E:\甲劈微循环\artifacts\derived\vascular_dataset_governance_20260830\xml_repaired_normalized\338.xml,89b86a7746adc0a3cd73d8bd7f6ec0cb,89b86a7746adc0a3cd73d8bd7f6ec0cb,0,AUTO_NORMALIZED_SPELLING_ONLY,no
E:\甲劈微循环\artifacts\derived\vascular_dataset_governance_20260830\xml_repaired_all\339.xml,E:\甲劈微循环\artifacts\derived\vascular_dataset_governance_20260830\xml_repaired_normalized\339.xml,af6091aa238d9d6091d94bd60cf19613,af6091aa238d9d6091d94bd60cf19613,0,AUTO_NORMALIZED_SPELLING_ONLY,no
E:\甲劈微循环\artifacts\derived\vascular_dataset_governance_20260830\xml_repaired_all\340.xml,E:\甲劈微循环\artifacts\derived\vascular_dataset_governance_20260830\xml_repaired_normalized\340.xml,975b849b326f1f60b3a89241c2171fcd,975b849b326f1f60b3a89241c2171fcd,0,AUTO_NORMALIZED_SPELLING_ONLY,no
E:\甲劈微循环\artifacts\derived\vascular_dataset_governance_20260830\xml_repaired_all\341.xml,E:\甲劈微循环\artifacts\derived\vascular_dataset_governance_20260830\xml_repaired_normalized\341.xml,33d8b9641365e858e8c068defd51d933,33d8b9641365e858e8c068defd51d933,0,AUTO_NORMALIZED_SPELLING_ONLY,no
E:\甲劈微循环\artifacts\derived\vascular_dataset_governance_20260830\xml_repaired_all\342.xml,E:\甲劈微循环\artifacts\derived\vascular_dataset_governance_20260830\xml_repaired_normalized\342.xml,6c08c01a063766be9df4a4c700396d5f,6c08c01a063766be9df4a4c700396d5f,0,AUTO_NORMALIZED_SPELLING_ONLY,no
E:\甲劈微循环\artifacts\derived\vascular_dataset_governance_20260830\xml_repaired_all\343.xml,E:\甲劈微循环\artifacts\derived\vascular_dataset_governance_20260830\xml_repaired_normalized\343.xml,033165c945c2d1891e1ae642bb9aef38,033165c945c2d1891e1ae642bb9aef38,0,AUTO_NORMALIZED_SPELLING_ONLY,no
E:\甲劈微循环\artifacts\derived\vascular_dataset_governance_20260830\xml_repaired_all\344.xml,E:\甲劈微循环\artifacts\derived\vascular_dataset_governance_20260830\xml_repaired_normalized\344.xml,b7b691af4e48e218e8350e99b5fc8305,b7b691af4e48e218e8350e99b5fc8305,0,AUTO_NORMALIZED_SPELLING_ONLY,no
E:\甲劈微循环\artifacts\derived\vascular_dataset_governance_20260830\xml_repaired_all\345.xml,E:\甲劈微循环\artifacts\derived\vascular_dataset_governance_20260830\xml_repaired_normalized\345.xml,8e70d4592598be495e12908556388fb6,8e70d4592598be495e12908556388fb6,0,AUTO_NORMALIZED_SPELLING_ONLY,no
E:\甲劈微循环\artifacts\derived\vascular_dataset_governance_20260830\xml_repaired_all\346.xml,E:\甲劈微循环\artifacts\derived\vascular_dataset_governance_20260830\xml_repaired_normalized\346.xml,b1bd5f46b818d62c5b88a3a2dec6e776,b1bd5f46b818d62c5b88a3a2dec6e776,0,AUTO_NORMALIZED_SPELLING_ONLY,no
E:\甲劈微循环\artifacts\derived\vascular_dataset_governance_20260830\xml_repaired_all\347.xml,E:\甲劈微循环\artifacts\derived\vascular_dataset_governance_20260830\xml_repaired_normalized\347.xml,d793c410e3f56f9277fe163a1881a02d,d793c410e3f56f9277fe163a1881a02d,0,AUTO_NORMALIZED_SPELLING_ONLY,no
E:\甲劈微循环\artifacts\derived\vascular_dataset_governance_20260830\xml_repaired_all\348.xml,E:\甲劈微循环\artifacts\derived\vascular_dataset_governance_20260830\xml_repaired_normalized\348.xml,200823af04093c09de6620f0226fd8cc,200823af04093c09de6620f0226fd8cc,0,AUTO_NORMALIZED_SPELLING_ONLY,no
E:\甲劈微循环\artifacts\derived\vascular_dataset_governance_20260830\xml_repaired_all\349.xml,E:\甲劈微循环\artifacts\derived\vascular_dataset_governance_20260830\xml_repaired_normalized\349.xml,85a4c613c31f8ae437ea4d7378a397fb,85a4c613c31f8ae437ea4d7378a397fb,0,AUTO_NORMALIZED_SPELLING_ONLY,no
E:\甲劈微循环\artifacts\derived\vascular_dataset_governance_20260830\xml_repaired_all\350.xml,E:\甲劈微循环\artifacts\derived\vascular_dataset_governance_20260830\xml_repaired_normalized\350.xml,9b2281ff363b4473c45a0a0bff9bd61a,9b2281ff363b4473c45a0a0bff9bd61a,0,AUTO_NORMALIZED_SPELLING_ONLY,no
E:\甲劈微循环\artifacts\derived\vascular_dataset_governance_20260830\xml_repaired_all\351.xml,E:\甲劈微循环\artifacts\derived\vascular_dataset_governance_20260830\xml_repaired_normalized\351.xml,abc2d6a9698ddd4b44048950f3038884,abc2d6a9698ddd4b44048950f3038884,0,AUTO_NORMALIZED_SPELLING_ONLY,no
E:\甲劈微循环\artifacts\derived\vascular_dataset_governance_20260830\xml_repaired_all\352.xml,E:\甲劈微循环\artifacts\derived\vascular_dataset_governance_20260830\xml_repaired_normalized\352.xml,08e70c7025eea29862d7c60aa6720b8f,08e70c7025eea29862d7c60aa6720b8f,0,AUTO_NORMALIZED_SPELLING_ONLY,no
E:\甲劈微循环\artifacts\derived\vascular_dataset_governance_20260830\xml_repaired_all\353.xml,E:\甲劈微循环\artifacts\derived\vascular_dataset_governance_20260830\xml_repaired_normalized\353.xml,2b003b741e691a149b9c438bbf568c5d,2b003b741e691a149b9c438bbf568c5d,0,AUTO_NORMALIZED_SPELLING_ONLY,no
E:\甲劈微循环\artifacts\derived\vascular_dataset_governance_20260830\xml_repaired_all\354.xml,E:\甲劈微循环\artifacts\derived\vascular_dataset_governance_20260830\xml_repaired_normalized\354.xml,4593a82f89260b8f556ae17ba74ed1b7,4593a82f89260b8f556ae17ba74ed1b7,0,AUTO_NORMALIZED_SPELLING_ONLY,no
E:\甲劈微循环\artifacts\derived\vascular_dataset_governance_20260830\xml_repaired_all\355.xml,E:\甲劈微循环\artifacts\derived\vascular_dataset_governance_20260830\xml_repaired_normalized\355.xml,6d97ab9019998b8e466291b5959c45b0,6d97ab9019998b8e466291b5959c45b0,0,AUTO_NORMALIZED_SPELLING_ONLY,no
E:\甲劈微循环\artifacts\derived\vascular_dataset_governance_20260830\xml_repaired_all\356.xml,E:\甲劈微循环\artifacts\derived\vascular_dataset_governance_20260830\xml_repaired_normalized\356.xml,ce74917c6214a86da38446791209bc2e,ce74917c6214a86da38446791209bc2e,0,AUTO_NORMALIZED_SPELLING_ONLY,no
E:\甲劈微循环\artifacts\derived\vascular_dataset_governance_20260830\xml_repaired_all\357.xml,E:\甲劈微循环\artifacts\derived\vascular_dataset_governance_20260830\xml_repaired_normalized\357.xml,ee855caa3365873ac50e734d2cbc9778,ee855caa3365873ac50e734d2cbc9778,0,AUTO_NORMALIZED_SPELLING_ONLY,no
E:\甲劈微循环\artifacts\derived\vascular_dataset_governance_20260830\xml_repaired_all\358.xml,E:\甲劈微循环\artifacts\derived\vascular_dataset_governance_20260830\xml_repaired_normalized\358.xml,b930034d394d6af5e2434e0c94a995c3,b930034d394d6af5e2434e0c94a995c3,0,AUTO_NORMALIZED_SPELLING_ONLY,no
E:\甲劈微循环\artifacts\derived\vascular_dataset_governance_20260830\xml_repaired_all\359.xml,E:\甲劈微循环\artifacts\derived\vascular_dataset_governance_20260830\xml_repaired_normalized\359.xml,617b3f096e76454f5c656b3d10066851,617b3f096e76454f5c656b3d10066851,0,AUTO_NORMALIZED_SPELLING_ONLY,no
E:\甲劈微循环\artifacts\derived\vascular_dataset_governance_20260830\xml_repaired_all\360.xml,E:\甲劈微循环\artifacts\derived\vascular_dataset_governance_20260830\xml_repaired_normalized\360.xml,0055aa9957bc95460e7165ac3c060363,0055aa9957bc95460e7165ac3c060363,0,AUTO_NORMALIZED_SPELLING_ONLY,no
E:\甲劈微循环\artifacts\derived\vascular_dataset_governance_20260830\xml_repaired_all\361.xml,E:\甲劈微循环\artifacts\derived\vascular_dataset_governance_20260830\xml_repaired_normalized\361.xml,8b495ed40e5e2d52a0fc4b766e76bb0c,8b495ed40e5e2d52a0fc4b766e76bb0c,0,AUTO_NORMALIZED_SPELLING_ONLY,no
E:\甲劈微循环\artifacts\derived\vascular_dataset_governance_20260830\xml_repaired_all\362.xml,E:\甲劈微循环\artifacts\derived\vascular_dataset_governance_20260830\xml_repaired_normalized\362.xml,74ffb9e757c6a589cc46c5d50b9323ff,74ffb9e757c6a589cc46c5d50b9323ff,0,AUTO_NORMALIZED_SPELLING_ONLY,no
E:\甲劈微循环\artifacts\derived\vascular_dataset_governance_20260830\xml_repaired_all\363.xml,E:\甲劈微循环\artifacts\derived\vascular_dataset_governance_20260830\xml_repaired_normalized\363.xml,009982fc467cd1bda0e13ff3ba6b1877,009982fc467cd1bda0e13ff3ba6b1877,0,AUTO_NORMALIZED_SPELLING_ONLY,no
E:\甲劈微循环\artifacts\derived\vascular_dataset_governance_20260830\xml_repaired_all\364.xml,E:\甲劈微循环\artifacts\derived\vascular_dataset_governance_20260830\xml_repaired_normalized\364.xml,3989ff71b7ddd22a46c2cf1354e6bc43,3989ff71b7ddd22a46c2cf1354e6bc43,0,AUTO_NORMALIZED_SPELLING_ONLY,no
E:\甲劈微循环\artifacts\derived\vascular_dataset_governance_20260830\xml_repaired_all\365.xml,E:\甲劈微循环\artifacts\derived\vascular_dataset_governance_20260830\xml_repaired_normalized\365.xml,0c3808229113dab13c760eee3774f11f,0c3808229113dab13c760eee3774f11f,0,AUTO_NORMALIZED_SPELLING_ONLY,no
E:\甲劈微循环\artifacts\derived\vascular_dataset_governance_20260830\xml_repaired_all\366.xml,E:\甲劈微循环\artifacts\derived\vascular_dataset_governance_20260830\xml_repaired_normalized\366.xml,3013dfeb0aba2d13a1d5a8b17ebee3e7,3013dfeb0aba2d13a1d5a8b17ebee3e7,0,AUTO_NORMALIZED_SPELLING_ONLY,no
E:\甲劈微循环\artifacts\derived\vascular_dataset_governance_20260830\xml_repaired_all\367.xml,E:\甲劈微循环\artifacts\derived\vascular_dataset_governance_20260830\xml_repaired_normalized\367.xml,7da29639f4843cb9093b1ea824eed9bf,7da29639f4843cb9093b1ea824eed9bf,0,AUTO_NORMALIZED_SPELLING_ONLY,no
E:\甲劈微循环\artifacts\derived\vascular_dataset_governance_20260830\xml_repaired_all\368.xml,E:\甲劈微循环\artifacts\derived\vascular_dataset_governance_20260830\xml_repaired_normalized\368.xml,df8096df79f676f59f17684367ff5e94,df8096df79f676f59f17684367ff5e94,0,AUTO_NORMALIZED_SPELLING_ONLY,no
E:\甲劈微循环\artifacts\derived\vascular_dataset_governance_20260830\xml_repaired_all\369.xml,E:\甲劈微循环\artifacts\derived\vascular_dataset_governance_20260830\xml_repaired_normalized\369.xml,6d5de24f869242fcca4147cf6c32981a,6d5de24f869242fcca4147cf6c32981a,0,AUTO_NORMALIZED_SPELLING_ONLY,no
E:\甲劈微循环\artifacts\derived\vascular_dataset_governance_20260830\xml_repaired_all\370.xml,E:\甲劈微循环\artifacts\derived\vascular_dataset_governance_20260830\xml_repaired_normalized\370.xml,c5952044d6f70e603dde087fd5f7fd16,c5952044d6f70e603dde087fd5f7fd16,0,AUTO_NORMALIZED_SPELLING_ONLY,no
E:\甲劈微循环\artifacts\derived\vascular_dataset_governance_20260830\xml_repaired_all\371.xml,E:\甲劈微循环\artifacts\derived\vascular_dataset_governance_20260830\xml_repaired_normalized\371.xml,e78a840f9a7a5ae6c7d612de23b22c32,e78a840f9a7a5ae6c7d612de23b22c32,0,AUTO_NORMALIZED_SPELLING_ONLY,no
E:\甲劈微循环\artifacts\derived\vascular_dataset_governance_20260830\xml_repaired_all\372.xml,E:\甲劈微循环\artifacts\derived\vascular_dataset_governance_20260830\xml_repaired_normalized\372.xml,d32878a10b29fafeffd1ea1f99393917,d32878a10b29fafeffd1ea1f99393917,0,AUTO_NORMALIZED_SPELLING_ONLY,no
E:\甲劈微循环\artifacts\derived\vascular_dataset_governance_20260830\xml_repaired_all\373.xml,E:\甲劈微循环\artifacts\derived\vascular_dataset_governance_20260830\xml_repaired_normalized\373.xml,e5c8c38586f76dde4d846505521657ff,e5c8c38586f76dde4d846505521657ff,0,AUTO_NORMALIZED_SPELLING_ONLY,no
E:\甲劈微循环\artifacts\derived\vascular_dataset_governance_20260830\xml_repaired_all\374.xml,E:\甲劈微循环\artifacts\derived\vascular_dataset_governance_20260830\xml_repaired_normalized\374.xml,73e2e13bd7ad57e34ca9d43000e6a1b0,73e2e13bd7ad57e34ca9d43000e6a1b0,0,AUTO_NORMALIZED_SPELLING_ONLY,no
E:\甲劈微循环\artifacts\derived\vascular_dataset_governance_20260830\xml_repaired_all\375.xml,E:\甲劈微循环\artifacts\derived\vascular_dataset_governance_20260830\xml_repaired_normalized\375.xml,5a1db032dfee2b6d075fb1141daf0a39,5a1db032dfee2b6d075fb1141daf0a39,0,AUTO_NORMALIZED_SPELLING_ONLY,no
E:\甲劈微循环\artifacts\derived\vascular_dataset_governance_20260830\xml_repaired_all\376.xml,E:\甲劈微循环\artifacts\derived\vascular_dataset_governance_20260830\xml_repaired_normalized\376.xml,51a082bd30879cf76d8e6bffe013f49c,51a082bd30879cf76d8e6bffe013f49c,0,AUTO_NORMALIZED_SPELLING_ONLY,no
E:\甲劈微循环\artifacts\derived\vascular_dataset_governance_20260830\xml_repaired_all\377.xml,E:\甲劈微循环\artifacts\derived\vascular_dataset_governance_20260830\xml_repaired_normalized\377.xml,0bc86c2fef71f7aa1f7ae7e73735074a,0bc86c2fef71f7aa1f7ae7e73735074a,0,AUTO_NORMALIZED_SPELLING_ONLY,no
E:\甲劈微循环\artifacts\derived\vascular_dataset_governance_20260830\xml_repaired_all\378.xml,E:\甲劈微循环\artifacts\derived\vascular_dataset_governance_20260830\xml_repaired_normalized\378.xml,a4e4c63e99662fc0150347f3de04a3a2,a4e4c63e99662fc0150347f3de04a3a2,0,AUTO_NORMALIZED_SPELLING_ONLY,no
E:\甲劈微循环\artifacts\derived\vascular_dataset_governance_20260830\xml_repaired_all\379.xml,E:\甲劈微循环\artifacts\derived\vascular_dataset_governance_20260830\xml_repaired_normalized\379.xml,a89b11090a74952cdc6dfd1a3e4485a8,a89b11090a74952cdc6dfd1a3e4485a8,0,AUTO_NORMALIZED_SPELLING_ONLY,no
E:\甲劈微循环\artifacts\derived\vascular_dataset_governance_20260830\xml_repaired_all\380.xml,E:\甲劈微循环\artifacts\derived\vascular_dataset_governance_20260830\xml_repaired_normalized\380.xml,9dfcc1575beafd49b0cfc85d177ce93f,9dfcc1575beafd49b0cfc85d177ce93f,0,AUTO_NORMALIZED_SPELLING_ONLY,no
E:\甲劈微循环\artifacts\derived\vascular_dataset_governance_20260830\xml_repaired_all\381.xml,E:\甲劈微循环\artifacts\derived\vascular_dataset_governance_20260830\xml_repaired_normalized\381.xml,3a48a547f217496e514bb6817bff41e2,3a48a547f217496e514bb6817bff41e2,0,AUTO_NORMALIZED_SPELLING_ONLY,no
E:\甲劈微循环\artifacts\derived\vascular_dataset_governance_20260830\xml_repaired_all\382.xml,E:\甲劈微循环\artifacts\derived\vascular_dataset_governance_20260830\xml_repaired_normalized\382.xml,00d80f7ae0e6702616e27f15dc83a198,00d80f7ae0e6702616e27f15dc83a198,0,AUTO_NORMALIZED_SPELLING_ONLY,no
E:\甲劈微循环\artifacts\derived\vascular_dataset_governance_20260830\xml_repaired_all\383.xml,E:\甲劈微循环\artifacts\derived\vascular_dataset_governance_20260830\xml_repaired_normalized\383.xml,ce8ec0149b5968b8c1015284e7261bb3,ce8ec0149b5968b8c1015284e7261bb3,0,AUTO_NORMALIZED_SPELLING_ONLY,no
E:\甲劈微循环\artifacts\derived\vascular_dataset_governance_20260830\xml_repaired_all\384.xml,E:\甲劈微循环\artifacts\derived\vascular_dataset_governance_20260830\xml_repaired_normalized\384.xml,8661c9358d3532f2ef027497e2055a45,8661c9358d3532f2ef027497e2055a45,0,AUTO_NORMALIZED_SPELLING_ONLY,no
E:\甲劈微循环\artifacts\derived\vascular_dataset_governance_20260830\xml_repaired_all\385.xml,E:\甲劈微循环\artifacts\derived\vascular_dataset_governance_20260830\xml_repaired_normalized\385.xml,8493183f35d60b8e691442a6429aa6ff,8493183f35d60b8e691442a6429aa6ff,0,AUTO_NORMALIZED_SPELLING_ONLY,no
E:\甲劈微循环\artifacts\derived\vascular_dataset_governance_20260830\xml_repaired_all\386.xml,E:\甲劈微循环\artifacts\derived\vascular_dataset_governance_20260830\xml_repaired_normalized\386.xml,bc905d8bce79add9ab451f51427ea693,bc905d8bce79add9ab451f51427ea693,0,AUTO_NORMALIZED_SPELLING_ONLY,no
E:\甲劈微循环\artifacts\derived\vascular_dataset_governance_20260830\xml_repaired_all\387.xml,E:\甲劈微循环\artifacts\derived\vascular_dataset_governance_20260830\xml_repaired_normalized\387.xml,fbe75ced7fb0f10704adfe9537068e82,fbe75ced7fb0f10704adfe9537068e82,0,AUTO_NORMALIZED_SPELLING_ONLY,no
E:\甲劈微循环\artifacts\derived\vascular_dataset_governance_20260830\xml_repaired_all\388.xml,E:\甲劈微循环\artifacts\derived\vascular_dataset_governance_20260830\xml_repaired_normalized\388.xml,a56db1b7263b757bbd5806dceaf03793,a56db1b7263b757bbd5806dceaf03793,0,AUTO_NORMALIZED_SPELLING_ONLY,no
E:\甲劈微循环\artifacts\derived\vascular_dataset_governance_20260830\xml_repaired_all\389.xml,E:\甲劈微循环\artifacts\derived\vascular_dataset_governance_20260830\xml_repaired_normalized\389.xml,f10c781f7b40c216d6986e0ce0c3afda,f10c781f7b40c216d6986e0ce0c3afda,0,AUTO_NORMALIZED_SPELLING_ONLY,no
E:\甲劈微循环\artifacts\derived\vascular_dataset_governance_20260830\xml_repaired_all\390.xml,E:\甲劈微循环\artifacts\derived\vascular_dataset_governance_20260830\xml_repaired_normalized\390.xml,cfa11e3b3a1e336bf8c12c135a490111,cfa11e3b3a1e336bf8c12c135a490111,0,AUTO_NORMALIZED_SPELLING_ONLY,no
E:\甲劈微循环\artifacts\derived\vascular_dataset_governance_20260830\xml_repaired_all\391.xml,E:\甲劈微循环\artifacts\derived\vascular_dataset_governance_20260830\xml_repaired_normalized\391.xml,3c4effa7286387df1cb82fa4715ff68e,3c4effa7286387df1cb82fa4715ff68e,0,AUTO_NORMALIZED_SPELLING_ONLY,no
E:\甲劈微循环\artifacts\derived\vascular_dataset_governance_20260830\xml_repaired_all\392.xml,E:\甲劈微循环\artifacts\derived\vascular_dataset_governance_20260830\xml_repaired_normalized\392.xml,eff8a8adc1f9dd8a9f330e3ae97749a6,eff8a8adc1f9dd8a9f330e3ae97749a6,0,AUTO_NORMALIZED_SPELLING_ONLY,no
E:\甲劈微循环\artifacts\derived\vascular_dataset_governance_20260830\xml_repaired_all\393.xml,E:\甲劈微循环\artifacts\derived\vascular_dataset_governance_20260830\xml_repaired_normalized\393.xml,4c5904a4c0aa3f4081977218e822cf8a,4c5904a4c0aa3f4081977218e822cf8a,0,AUTO_NORMALIZED_SPELLING_ONLY,no
E:\甲劈微循环\artifacts\derived\vascular_dataset_governance_20260830\xml_repaired_all\394.xml,E:\甲劈微循环\artifacts\derived\vascular_dataset_governance_20260830\xml_repaired_normalized\394.xml,4eeb8d199e1eeae7ea6f469c0bf22bd7,4eeb8d199e1eeae7ea6f469c0bf22bd7,0,AUTO_NORMALIZED_SPELLING_ONLY,no
E:\甲劈微循环\artifacts\derived\vascular_dataset_governance_20260830\xml_repaired_all\395.xml,E:\甲劈微循环\artifacts\derived\vascular_dataset_governance_20260830\xml_repaired_normalized\395.xml,5f530cf881a974940bcb7875176559d1,5f530cf881a974940bcb7875176559d1,0,AUTO_NORMALIZED_SPELLING_ONLY,no
E:\甲劈微循环\artifacts\derived\vascular_dataset_governance_20260830\xml_repaired_all\396.xml,E:\甲劈微循环\artifacts\derived\vascular_dataset_governance_20260830\xml_repaired_normalized\396.xml,ceeebb290024453dd92f9b8f10d2e029,ceeebb290024453dd92f9b8f10d2e029,0,AUTO_NORMALIZED_SPELLING_ONLY,no
E:\甲劈微循环\artifacts\derived\vascular_dataset_governance_20260830\xml_repaired_all\397.xml,E:\甲劈微循环\artifacts\derived\vascular_dataset_governance_20260830\xml_repaired_normalized\397.xml,2f6556e737702ff02a66959bce721b34,2f6556e737702ff02a66959bce721b34,0,AUTO_NORMALIZED_SPELLING_ONLY,no
E:\甲劈微循环\artifacts\derived\vascular_dataset_governance_20260830\xml_repaired_all\398.xml,E:\甲劈微循环\artifacts\derived\vascular_dataset_governance_20260830\xml_repaired_normalized\398.xml,ec4d8f5c17c045a76d60447b8c79a811,ec4d8f5c17c045a76d60447b8c79a811,0,AUTO_NORMALIZED_SPELLING_ONLY,no
E:\甲劈微循环\artifacts\derived\vascular_dataset_governance_20260830\xml_repaired_all\399.xml,E:\甲劈微循环\artifacts\derived\vascular_dataset_governance_20260830\xml_repaired_normalized\399.xml,fcb8c042c093ad8862de90d884c10b23,fcb8c042c093ad8862de90d884c10b23,0,AUTO_NORMALIZED_SPELLING_ONLY,no
E:\甲劈微循环\artifacts\derived\vascular_dataset_governance_20260830\xml_repaired_all\400.xml,E:\甲劈微循环\artifacts\derived\vascular_dataset_governance_20260830\xml_repaired_normalized\400.xml,380d4497b56b19f46263cf1f8cc78c9b,380d4497b56b19f46263cf1f8cc78c9b,0,AUTO_NORMALIZED_SPELLING_ONLY,no
E:\甲劈微循环\artifacts\derived\vascular_dataset_governance_20260830\xml_repaired_all\401.xml,E:\甲劈微循环\artifacts\derived\vascular_dataset_governance_20260830\xml_repaired_normalized\401.xml,0f74f54e23eb699395aa1008d29a2856,0f74f54e23eb699395aa1008d29a2856,0,AUTO_NORMALIZED_SPELLING_ONLY,no
E:\甲劈微循环\artifacts\derived\vascular_dataset_governance_20260830\xml_repaired_all\402.xml,E:\甲劈微循环\artifacts\derived\vascular_dataset_governance_20260830\xml_repaired_normalized\402.xml,2869ab2fca2c70644d4c6685ca99dc59,2869ab2fca2c70644d4c6685ca99dc59,0,AUTO_NORMALIZED_SPELLING_ONLY,no
E:\甲劈微循环\artifacts\derived\vascular_dataset_governance_20260830\xml_repaired_all\403.xml,E:\甲劈微循环\artifacts\derived\vascular_dataset_governance_20260830\xml_repaired_normalized\403.xml,3ea4d66f262efa5254a6011d9f74b251,3ea4d66f262efa5254a6011d9f74b251,0,AUTO_NORMALIZED_SPELLING_ONLY,no
E:\甲劈微循环\artifacts\derived\vascular_dataset_governance_20260830\xml_repaired_all\404.xml,E:\甲劈微循环\artifacts\derived\vascular_dataset_governance_20260830\xml_repaired_normalized\404.xml,c2d0b09adf23b9b821a2116f734c5a33,c2d0b09adf23b9b821a2116f734c5a33,0,AUTO_NORMALIZED_SPELLING_ONLY,no
E:\甲劈微循环\artifacts\derived\vascular_dataset_governance_20260830\xml_repaired_all\405.xml,E:\甲劈微循环\artifacts\derived\vascular_dataset_governance_20260830\xml_repaired_normalized\405.xml,2ecc69feae45221dfa8c8050e6545a78,2ecc69feae45221dfa8c8050e6545a78,0,AUTO_NORMALIZED_SPELLING_ONLY,no
E:\甲劈微循环\artifacts\derived\vascular_dataset_governance_20260830\xml_repaired_all\406.xml,E:\甲劈微循环\artifacts\derived\vascular_dataset_governance_20260830\xml_repaired_normalized\406.xml,68684494d84cac2289166892d50c6733,68684494d84cac2289166892d50c6733,0,AUTO_NORMALIZED_SPELLING_ONLY,no
E:\甲劈微循环\artifacts\derived\vascular_dataset_governance_20260830\xml_repaired_all\407.xml,E:\甲劈微循环\artifacts\derived\vascular_dataset_governance_20260830\xml_repaired_normalized\407.xml,ea1fc2ae62e1387788675bb3c1ac4c7d,ea1fc2ae62e1387788675bb3c1ac4c7d,0,AUTO_NORMALIZED_SPELLING_ONLY,no
E:\甲劈微循环\artifacts\derived\vascular_dataset_governance_20260830\xml_repaired_all\408.xml,E:\甲劈微循环\artifacts\derived\vascular_dataset_governance_20260830\xml_repaired_normalized\408.xml,e162a2b581992f4ce58cb52d6798fee2,e162a2b581992f4ce58cb52d6798fee2,0,AUTO_NORMALIZED_SPELLING_ONLY,no
E:\甲劈微循环\artifacts\derived\vascular_dataset_governance_20260830\xml_repaired_all\409.xml,E:\甲劈微循环\artifacts\derived\vascular_dataset_governance_20260830\xml_repaired_normalized\409.xml,dfa656ac08d3a11cc9af799be08a8e80,dfa656ac08d3a11cc9af799be08a8e80,0,AUTO_NORMALIZED_SPELLING_ONLY,no
E:\甲劈微循环\artifacts\derived\vascular_dataset_governance_20260830\xml_repaired_all\410.xml,E:\甲劈微循环\artifacts\derived\vascular_dataset_governance_20260830\xml_repaired_normalized\410.xml,89bdbf5010d3603002dec270dc869107,89bdbf5010d3603002dec270dc869107,0,AUTO_NORMALIZED_SPELLING_ONLY,no
E:\甲劈微循环\artifacts\derived\vascular_dataset_governance_20260830\xml_repaired_all\411.xml,E:\甲劈微循环\artifacts\derived\vascular_dataset_governance_20260830\xml_repaired_normalized\411.xml,ab3e9a105abee214935817fcfd815e86,ab3e9a105abee214935817fcfd815e86,0,AUTO_NORMALIZED_SPELLING_ONLY,no
E:\甲劈微循环\artifacts\derived\vascular_dataset_governance_20260830\xml_repaired_all\412.xml,E:\甲劈微循环\artifacts\derived\vascular_dataset_governance_20260830\xml_repaired_normalized\412.xml,6d9e7edaafcb041a89ac380bd2073081,6d9e7edaafcb041a89ac380bd2073081,0,AUTO_NORMALIZED_SPELLING_ONLY,no
E:\甲劈微循环\artifacts\derived\vascular_dataset_governance_20260830\xml_repaired_all\413.xml,E:\甲劈微循环\artifacts\derived\vascular_dataset_governance_20260830\xml_repaired_normalized\413.xml,1c9b0f4ffa0a7d88d5a8399f8cd39a88,1c9b0f4ffa0a7d88d5a8399f8cd39a88,0,AUTO_NORMALIZED_SPELLING_ONLY,no
E:\甲劈微循环\artifacts\derived\vascular_dataset_governance_20260830\xml_repaired_all\414.xml,E:\甲劈微循环\artifacts\derived\vascular_dataset_governance_20260830\xml_repaired_normalized\414.xml,16585cdd829e1f278aa9fcae6442261d,16585cdd829e1f278aa9fcae6442261d,0,AUTO_NORMALIZED_SPELLING_ONLY,no
E:\甲劈微循环\artifacts\derived\vascular_dataset_governance_20260830\xml_repaired_all\415.xml,E:\甲劈微循环\artifacts\derived\vascular_dataset_governance_20260830\xml_repaired_normalized\415.xml,f4e7d41a9b70e88ab95a8ef7ce512ce9,f4e7d41a9b70e88ab95a8ef7ce512ce9,0,AUTO_NORMALIZED_SPELLING_ONLY,no
E:\甲劈微循环\artifacts\derived\vascular_dataset_governance_20260830\xml_repaired_all\416.xml,E:\甲劈微循环\artifacts\derived\vascular_dataset_governance_20260830\xml_repaired_normalized\416.xml,e9ece465db4e2de233888382b68fab2a,e9ece465db4e2de233888382b68fab2a,0,AUTO_NORMALIZED_SPELLING_ONLY,no
E:\甲劈微循环\artifacts\derived\vascular_dataset_governance_20260830\xml_repaired_all\417.xml,E:\甲劈微循环\artifacts\derived\vascular_dataset_governance_20260830\xml_repaired_normalized\417.xml,e2ec5a5c3e1392c16d83ea52825e2eff,e2ec5a5c3e1392c16d83ea52825e2eff,0,AUTO_NORMALIZED_SPELLING_ONLY,no
E:\甲劈微循环\artifacts\derived\vascular_dataset_governance_20260830\xml_repaired_all\418.xml,E:\甲劈微循环\artifacts\derived\vascular_dataset_governance_20260830\xml_repaired_normalized\418.xml,99a5bc2570b164a15615802167cc5780,99a5bc2570b164a15615802167cc5780,0,AUTO_NORMALIZED_SPELLING_ONLY,no
E:\甲劈微循环\artifacts\derived\vascular_dataset_governance_20260830\xml_repaired_all\419.xml,E:\甲劈微循环\artifacts\derived\vascular_dataset_governance_20260830\xml_repaired_normalized\419.xml,9e65952ab213a718d429fdfe240a623b,9e65952ab213a718d429fdfe240a623b,0,AUTO_NORMALIZED_SPELLING_ONLY,no
E:\甲劈微循环\artifacts\derived\vascular_dataset_governance_20260830\xml_repaired_all\420.xml,E:\甲劈微循环\artifacts\derived\vascular_dataset_governance_20260830\xml_repaired_normalized\420.xml,352d626dfe83666cbf3f08120caf99d5,352d626dfe83666cbf3f08120caf99d5,0,AUTO_NORMALIZED_SPELLING_ONLY,no
E:\甲劈微循环\artifacts\derived\vascular_dataset_governance_20260830\xml_repaired_all\421.xml,E:\甲劈微循环\artifacts\derived\vascular_dataset_governance_20260830\xml_repaired_normalized\421.xml,c7594041b265e6d8c846a10eebaeeedd,c7594041b265e6d8c846a10eebaeeedd,0,AUTO_NORMALIZED_SPELLING_ONLY,no
E:\甲劈微循环\artifacts\derived\vascular_dataset_governance_20260830\xml_repaired_all\422.xml,E:\甲劈微循环\artifacts\derived\vascular_dataset_governance_20260830\xml_repaired_normalized\422.xml,78670a5c4ffd4349c573d2f478653ee2,78670a5c4ffd4349c573d2f478653ee2,0,AUTO_NORMALIZED_SPELLING_ONLY,no
E:\甲劈微循环\artifacts\derived\vascular_dataset_governance_20260830\xml_repaired_all\423.xml,E:\甲劈微循环\artifacts\derived\vascular_dataset_governance_20260830\xml_repaired_normalized\423.xml,3d2cc2d48fcb6e821dc67cd3de370b51,3d2cc2d48fcb6e821dc67cd3de370b51,0,AUTO_NORMALIZED_SPELLING_ONLY,no
E:\甲劈微循环\artifacts\derived\vascular_dataset_governance_20260830\xml_repaired_all\424.xml,E:\甲劈微循环\artifacts\derived\vascular_dataset_governance_20260830\xml_repaired_normalized\424.xml,9a9a8e841c3712c38eefb66c1ee0285a,9a9a8e841c3712c38eefb66c1ee0285a,0,AUTO_NORMALIZED_SPELLING_ONLY,no
E:\甲劈微循环\artifacts\derived\vascular_dataset_governance_20260830\xml_repaired_all\425.xml,E:\甲劈微循环\artifacts\derived\vascular_dataset_governance_20260830\xml_repaired_normalized\425.xml,f47f014a0fb02441a65bff0289b1003f,f47f014a0fb02441a65bff0289b1003f,0,AUTO_NORMALIZED_SPELLING_ONLY,no
E:\甲劈微循环\artifacts\derived\vascular_dataset_governance_20260830\xml_repaired_all\426.xml,E:\甲劈微循环\artifacts\derived\vascular_dataset_governance_20260830\xml_repaired_normalized\426.xml,01366f93ee64279b7a160456d3e136d5,01366f93ee64279b7a160456d3e136d5,0,AUTO_NORMALIZED_SPELLING_ONLY,no
E:\甲劈微循环\artifacts\derived\vascular_dataset_governance_20260830\xml_repaired_all\427.xml,E:\甲劈微循环\artifacts\derived\vascular_dataset_governance_20260830\xml_repaired_normalized\427.xml,ae331cad4428e378d2fd966b946c8723,ae331cad4428e378d2fd966b946c8723,0,AUTO_NORMALIZED_SPELLING_ONLY,no
E:\甲劈微循环\artifacts\derived\vascular_dataset_governance_20260830\xml_repaired_all\428.xml,E:\甲劈微循环\artifacts\derived\vascular_dataset_governance_20260830\xml_repaired_normalized\428.xml,286b14c3c65c8d50fdd692af4bf16848,286b14c3c65c8d50fdd692af4bf16848,0,AUTO_NORMALIZED_SPELLING_ONLY,no
E:\甲劈微循环\artifacts\derived\vascular_dataset_governance_20260830\xml_repaired_all\429.xml,E:\甲劈微循环\artifacts\derived\vascular_dataset_governance_20260830\xml_repaired_normalized\429.xml,09b66a4558f784404fb9fb8ce1438546,09b66a4558f784404fb9fb8ce1438546,0,AUTO_NORMALIZED_SPELLING_ONLY,no
E:\甲劈微循环\artifacts\derived\vascular_dataset_governance_20260830\xml_repaired_all\430.xml,E:\甲劈微循环\artifacts\derived\vascular_dataset_governance_20260830\xml_repaired_normalized\430.xml,6bc1f8ff17f8eb7843eec09c9f7f0a6b,6bc1f8ff17f8eb7843eec09c9f7f0a6b,0,AUTO_NORMALIZED_SPELLING_ONLY,no
E:\甲劈微循环\artifacts\derived\vascular_dataset_governance_20260830\xml_repaired_all\431.xml,E:\甲劈微循环\artifacts\derived\vascular_dataset_governance_20260830\xml_repaired_normalized\431.xml,1eb851b8dae01ba71c0ecbb4b222344a,1eb851b8dae01ba71c0ecbb4b222344a,0,AUTO_NORMALIZED_SPELLING_ONLY,no
E:\甲劈微循环\artifacts\derived\vascular_dataset_governance_20260830\xml_repaired_all\432.xml,E:\甲劈微循环\artifacts\derived\vascular_dataset_governance_20260830\xml_repaired_normalized\432.xml,2ecc6db754e2e47f1122e21cfa20f375,2ecc6db754e2e47f1122e21cfa20f375,0,AUTO_NORMALIZED_SPELLING_ONLY,no
E:\甲劈微循环\artifacts\derived\vascular_dataset_governance_20260830\xml_repaired_all\433.xml,E:\甲劈微循环\artifacts\derived\vascular_dataset_governance_20260830\xml_repaired_normalized\433.xml,b4aeac3763aacb7eb2a5fe27b831225c,b4aeac3763aacb7eb2a5fe27b831225c,0,AUTO_NORMALIZED_SPELLING_ONLY,no
E:\甲劈微循环\artifacts\derived\vascular_dataset_governance_20260830\xml_repaired_all\434.xml,E:\甲劈微循环\artifacts\derived\vascular_dataset_governance_20260830\xml_repaired_normalized\434.xml,299c587da8e6705eaa08e0663ba6d6b6,299c587da8e6705eaa08e0663ba6d6b6,0,AUTO_NORMALIZED_SPELLING_ONLY,no
E:\甲劈微循环\artifacts\derived\vascular_dataset_governance_20260830\xml_repaired_all\435.xml,E:\甲劈微循环\artifacts\derived\vascular_dataset_governance_20260830\xml_repaired_normalized\435.xml,201b00f89edf9bbdb977d71d28796eaf,201b00f89edf9bbdb977d71d28796eaf,0,AUTO_NORMALIZED_SPELLING_ONLY,no
E:\甲劈微循环\artifacts\derived\vascular_dataset_governance_20260830\xml_repaired_all\436.xml,E:\甲劈微循环\artifacts\derived\vascular_dataset_governance_20260830\xml_repaired_normalized\436.xml,7f2890f7a352a8e8076f4a7b0cbe50f7,7f2890f7a352a8e8076f4a7b0cbe50f7,0,AUTO_NORMALIZED_SPELLING_ONLY,no
E:\甲劈微循环\artifacts\derived\vascular_dataset_governance_20260830\xml_repaired_all\437.xml,E:\甲劈微循环\artifacts\derived\vascular_dataset_governance_20260830\xml_repaired_normalized\437.xml,f945e4c7cc1131d07510445f815e509e,f945e4c7cc1131d07510445f815e509e,0,AUTO_NORMALIZED_SPELLING_ONLY,no
E:\甲劈微循环\artifacts\derived\vascular_dataset_governance_20260830\xml_repaired_all\438.xml,E:\甲劈微循环\artifacts\derived\vascular_dataset_governance_20260830\xml_repaired_normalized\438.xml,0fd6bf58b8a69cc5a263fb573add49a7,0fd6bf58b8a69cc5a263fb573add49a7,0,AUTO_NORMALIZED_SPELLING_ONLY,no
E:\甲劈微循环\artifacts\derived\vascular_dataset_governance_20260830\xml_repaired_all\439.xml,E:\甲劈微循环\artifacts\derived\vascular_dataset_governance_20260830\xml_repaired_normalized\439.xml,51168c2aec0a3e0efdc4e2424b96ae62,51168c2aec0a3e0efdc4e2424b96ae62,0,AUTO_NORMALIZED_SPELLING_ONLY,no
E:\甲劈微循环\artifacts\derived\vascular_dataset_governance_20260830\xml_repaired_all\440.xml,E:\甲劈微循环\artifacts\derived\vascular_dataset_governance_20260830\xml_repaired_normalized\440.xml,abb0c9bb4bc4231dfe2ecc1ec6b3596f,abb0c9bb4bc4231dfe2ecc1ec6b3596f,0,AUTO_NORMALIZED_SPELLING_ONLY,no
E:\甲劈微循环\artifacts\derived\vascular_dataset_governance_20260830\xml_repaired_all\441.xml,E:\甲劈微循环\artifacts\derived\vascular_dataset_governance_20260830\xml_repaired_normalized\441.xml,8dbdc2589289ddb3959126abaea3972e,8dbdc2589289ddb3959126abaea3972e,0,AUTO_NORMALIZED_SPELLING_ONLY,no
E:\甲劈微循环\artifacts\derived\vascular_dataset_governance_20260830\xml_repaired_all\442.xml,E:\甲劈微循环\artifacts\derived\vascular_dataset_governance_20260830\xml_repaired_normalized\442.xml,d1bf876400c8323425b50d662ac15b03,d1bf876400c8323425b50d662ac15b03,0,AUTO_NORMALIZED_SPELLING_ONLY,no
E:\甲劈微循环\artifacts\derived\vascular_dataset_governance_20260830\xml_repaired_all\443.xml,E:\甲劈微循环\artifacts\derived\vascular_dataset_governance_20260830\xml_repaired_normalized\443.xml,786c29169c7425714e666e5e3a75e1ef,786c29169c7425714e666e5e3a75e1ef,0,AUTO_NORMALIZED_SPELLING_ONLY,no
E:\甲劈微循环\artifacts\derived\vascular_dataset_governance_20260830\xml_repaired_all\444.xml,E:\甲劈微循环\artifacts\derived\vascular_dataset_governance_20260830\xml_repaired_normalized\444.xml,aff66ef307cfeb6e1ab5a053c8ffd2fe,aff66ef307cfeb6e1ab5a053c8ffd2fe,0,AUTO_NORMALIZED_SPELLING_ONLY,no
E:\甲劈微循环\artifacts\derived\vascular_dataset_governance_20260830\xml_repaired_all\445.xml,E:\甲劈微循环\artifacts\derived\vascular_dataset_governance_20260830\xml_repaired_normalized\445.xml,fa7ca842d54eb71c6cab2b39d59fbead,fa7ca842d54eb71c6cab2b39d59fbead,0,AUTO_NORMALIZED_SPELLING_ONLY,no
E:\甲劈微循环\artifacts\derived\vascular_dataset_governance_20260830\xml_repaired_all\446.xml,E:\甲劈微循环\artifacts\derived\vascular_dataset_governance_20260830\xml_repaired_normalized\446.xml,21a4ca489389ca9ea93b9782e0416f14,21a4ca489389ca9ea93b9782e0416f14,0,AUTO_NORMALIZED_SPELLING_ONLY,no
E:\甲劈微循环\artifacts\derived\vascular_dataset_governance_20260830\xml_repaired_all\447.xml,E:\甲劈微循环\artifacts\derived\vascular_dataset_governance_20260830\xml_repaired_normalized\447.xml,41ca9fb80c44cc9b71d5b9ccb8cd520e,41ca9fb80c44cc9b71d5b9ccb8cd520e,0,AUTO_NORMALIZED_SPELLING_ONLY,no
E:\甲劈微循环\artifacts\derived\vascular_dataset_governance_20260830\xml_repaired_all\448.xml,E:\甲劈微循环\artifacts\derived\vascular_dataset_governance_20260830\xml_repaired_normalized\448.xml,af85cf45e96752573f271d2f51e6b99c,af85cf45e96752573f271d2f51e6b99c,0,AUTO_NORMALIZED_SPELLING_ONLY,no
E:\甲劈微循环\artifacts\derived\vascular_dataset_governance_20260830\xml_repaired_all\449.xml,E:\甲劈微循环\artifacts\derived\vascular_dataset_governance_20260830\xml_repaired_normalized\449.xml,97f7fd1f58d01cbf76968fd06a6d15ee,97f7fd1f58d01cbf76968fd06a6d15ee,0,AUTO_NORMALIZED_SPELLING_ONLY,no
E:\甲劈微循环\artifacts\derived\vascular_dataset_governance_20260830\xml_repaired_all\450.xml,E:\甲劈微循环\artifacts\derived\vascular_dataset_governance_20260830\xml_repaired_normalized\450.xml,5b71d1b50026245c67558c7e96e15ce2,5b71d1b50026245c67558c7e96e15ce2,0,AUTO_NORMALIZED_SPELLING_ONLY,no
E:\甲劈微循环\artifacts\derived\vascular_dataset_governance_20260830\xml_repaired_all\451.xml,E:\甲劈微循环\artifacts\derived\vascular_dataset_governance_20260830\xml_repaired_normalized\451.xml,b3e227c06afc35b139e702ad5df5cbaf,b3e227c06afc35b139e702ad5df5cbaf,0,AUTO_NORMALIZED_SPELLING_ONLY,no
E:\甲劈微循环\artifacts\derived\vascular_dataset_governance_20260830\xml_repaired_all\452.xml,E:\甲劈微循环\artifacts\derived\vascular_dataset_governance_20260830\xml_repaired_normalized\452.xml,e4f54c20ba6dae3db1ba69f864753201,e4f54c20ba6dae3db1ba69f864753201,0,AUTO_NORMALIZED_SPELLING_ONLY,no
E:\甲劈微循环\artifacts\derived\vascular_dataset_governance_20260830\xml_repaired_all\453.xml,E:\甲劈微循环\artifacts\derived\vascular_dataset_governance_20260830\xml_repaired_normalized\453.xml,59033089f3ca18fc45d06dfd840e5341,59033089f3ca18fc45d06dfd840e5341,0,AUTO_NORMALIZED_SPELLING_ONLY,no
E:\甲劈微循环\artifacts\derived\vascular_dataset_governance_20260830\xml_repaired_all\454.xml,E:\甲劈微循环\artifacts\derived\vascular_dataset_governance_20260830\xml_repaired_normalized\454.xml,c896d0dcbe9d3427cb8e21f699666d55,c896d0dcbe9d3427cb8e21f699666d55,0,AUTO_NORMALIZED_SPELLING_ONLY,no
E:\甲劈微循环\artifacts\derived\vascular_dataset_governance_20260830\xml_repaired_all\455.xml,E:\甲劈微循环\artifacts\derived\vascular_dataset_governance_20260830\xml_repaired_normalized\455.xml,7a940e9775f8b1bddf15f4048fd6b0b3,7a940e9775f8b1bddf15f4048fd6b0b3,0,AUTO_NORMALIZED_SPELLING_ONLY,no
E:\甲劈微循环\artifacts\derived\vascular_dataset_governance_20260830\xml_repaired_all\456.xml,E:\甲劈微循环\artifacts\derived\vascular_dataset_governance_20260830\xml_repaired_normalized\456.xml,de56ff333f4aab2f5c06c474933e4900,de56ff333f4aab2f5c06c474933e4900,0,AUTO_NORMALIZED_SPELLING_ONLY,no
E:\甲劈微循环\artifacts\derived\vascular_dataset_governance_20260830\xml_repaired_all\457.xml,E:\甲劈微循环\artifacts\derived\vascular_dataset_governance_20260830\xml_repaired_normalized\457.xml,2cbbd2539b3e284411d79efb1917d291,2cbbd2539b3e284411d79efb1917d291,0,AUTO_NORMALIZED_SPELLING_ONLY,no
E:\甲劈微循环\artifacts\derived\vascular_dataset_governance_20260830\xml_repaired_all\458.xml,E:\甲劈微循环\artifacts\derived\vascular_dataset_governance_20260830\xml_repaired_normalized\458.xml,169463d395a17c1dc2efc970224421d0,169463d395a17c1dc2efc970224421d0,0,AUTO_NORMALIZED_SPELLING_ONLY,no
E:\甲劈微循环\artifacts\derived\vascular_dataset_governance_20260830\xml_repaired_all\459.xml,E:\甲劈微循环\artifacts\derived\vascular_dataset_governance_20260830\xml_repaired_normalized\459.xml,8555b0f7ce121a2b0e8e72edcf4cccd0,8555b0f7ce121a2b0e8e72edcf4cccd0,0,AUTO_NORMALIZED_SPELLING_ONLY,no
E:\甲劈微循环\artifacts\derived\vascular_dataset_governance_20260830\xml_repaired_all\460.xml,E:\甲劈微循环\artifacts\derived\vascular_dataset_governance_20260830\xml_repaired_normalized\460.xml,e388287cdb96eff3743d49597a93ddb8,e388287cdb96eff3743d49597a93ddb8,0,AUTO_NORMALIZED_SPELLING_ONLY,no
E:\甲劈微循环\artifacts\derived\vascular_dataset_governance_20260830\xml_repaired_all\461.xml,E:\甲劈微循环\artifacts\derived\vascular_dataset_governance_20260830\xml_repaired_normalized\461.xml,f7fe88c02b754e4ff99ae43a1c0d5891,f7fe88c02b754e4ff99ae43a1c0d5891,0,AUTO_NORMALIZED_SPELLING_ONLY,no
E:\甲劈微循环\artifacts\derived\vascular_dataset_governance_20260830\xml_repaired_all\462.xml,E:\甲劈微循环\artifacts\derived\vascular_dataset_governance_20260830\xml_repaired_normalized\462.xml,b711f6b372baecaaca7619fac7e26cf4,b711f6b372baecaaca7619fac7e26cf4,0,AUTO_NORMALIZED_SPELLING_ONLY,no
E:\甲劈微循环\artifacts\derived\vascular_dataset_governance_20260830\xml_repaired_all\463.xml,E:\甲劈微循环\artifacts\derived\vascular_dataset_governance_20260830\xml_repaired_normalized\463.xml,15f0f73931b7f98a82b3056ac2ea77ca,15f0f73931b7f98a82b3056ac2ea77ca,0,AUTO_NORMALIZED_SPELLING_ONLY,no
E:\甲劈微循环\artifacts\derived\vascular_dataset_governance_20260830\xml_repaired_all\464.xml,E:\甲劈微循环\artifacts\derived\vascular_dataset_governance_20260830\xml_repaired_normalized\464.xml,21abf0101900c576ffb5e6a3a326ff8b,21abf0101900c576ffb5e6a3a326ff8b,0,AUTO_NORMALIZED_SPELLING_ONLY,no
E:\甲劈微循环\artifacts\derived\vascular_dataset_governance_20260830\xml_repaired_all\465.xml,E:\甲劈微循环\artifacts\derived\vascular_dataset_governance_20260830\xml_repaired_normalized\465.xml,6faa189049522f7e0ad631d094772689,6faa189049522f7e0ad631d094772689,0,AUTO_NORMALIZED_SPELLING_ONLY,no
E:\甲劈微循环\artifacts\derived\vascular_dataset_governance_20260830\xml_repaired_all\466.xml,E:\甲劈微循环\artifacts\derived\vascular_dataset_governance_20260830\xml_repaired_normalized\466.xml,9e41655a246d379c1a51d9f6395a9866,9e41655a246d379c1a51d9f6395a9866,0,AUTO_NORMALIZED_SPELLING_ONLY,no
E:\甲劈微循环\artifacts\derived\vascular_dataset_governance_20260830\xml_repaired_all\467.xml,E:\甲劈微循环\artifacts\derived\vascular_dataset_governance_20260830\xml_repaired_normalized\467.xml,ced9fc6898a2322bdaadaf336c04f126,ced9fc6898a2322bdaadaf336c04f126,0,AUTO_NORMALIZED_SPELLING_ONLY,no
E:\甲劈微循环\artifacts\derived\vascular_dataset_governance_20260830\xml_repaired_all\468.xml,E:\甲劈微循环\artifacts\derived\vascular_dataset_governance_20260830\xml_repaired_normalized\468.xml,1636cc0ed28cf51564498c210510a81f,1636cc0ed28cf51564498c210510a81f,0,AUTO_NORMALIZED_SPELLING_ONLY,no
E:\甲劈微循环\artifacts\derived\vascular_dataset_governance_20260830\xml_repaired_all\469.xml,E:\甲劈微循环\artifacts\derived\vascular_dataset_governance_20260830\xml_repaired_normalized\469.xml,3aa34894ae7a29d4da700ee74b9dec2e,3aa34894ae7a29d4da700ee74b9dec2e,0,AUTO_NORMALIZED_SPELLING_ONLY,no
E:\甲劈微循环\artifacts\derived\vascular_dataset_governance_20260830\xml_repaired_all\470.xml,E:\甲劈微循环\artifacts\derived\vascular_dataset_governance_20260830\xml_repaired_normalized\470.xml,3c7049f23ada4d4bbbbda30a22fd8144,3c7049f23ada4d4bbbbda30a22fd8144,0,AUTO_NORMALIZED_SPELLING_ONLY,no
E:\甲劈微循环\artifacts\derived\vascular_dataset_governance_20260830\xml_repaired_all\471.xml,E:\甲劈微循环\artifacts\derived\vascular_dataset_governance_20260830\xml_repaired_normalized\471.xml,422c6fb055a9905fceda9c3661025399,422c6fb055a9905fceda9c3661025399,0,AUTO_NORMALIZED_SPELLING_ONLY,no
E:\甲劈微循环\artifacts\derived\vascular_dataset_governance_20260830\xml_repaired_all\472.xml,E:\甲劈微循环\artifacts\derived\vascular_dataset_governance_20260830\xml_repaired_normalized\472.xml,6548f58eaa38b720b5ef31aa06668eaf,6548f58eaa38b720b5ef31aa06668eaf,0,AUTO_NORMALIZED_SPELLING_ONLY,no
E:\甲劈微循环\artifacts\derived\vascular_dataset_governance_20260830\xml_repaired_all\473.xml,E:\甲劈微循环\artifacts\derived\vascular_dataset_governance_20260830\xml_repaired_normalized\473.xml,7f1b69f216236982122cf7b892ef6163,7f1b69f216236982122cf7b892ef6163,0,AUTO_NORMALIZED_SPELLING_ONLY,no
E:\甲劈微循环\artifacts\derived\vascular_dataset_governance_20260830\xml_repaired_all\474.xml,E:\甲劈微循环\artifacts\derived\vascular_dataset_governance_20260830\xml_repaired_normalized\474.xml,ab1cd9f0c993a23b4127185b0a5a7952,ab1cd9f0c993a23b4127185b0a5a7952,0,AUTO_NORMALIZED_SPELLING_ONLY,no
E:\甲劈微循环\artifacts\derived\vascular_dataset_governance_20260830\xml_repaired_all\475.xml,E:\甲劈微循环\artifacts\derived\vascular_dataset_governance_20260830\xml_repaired_normalized\475.xml,3c543daa4c8f1b7c64d2c29fd7b50b16,3c543daa4c8f1b7c64d2c29fd7b50b16,0,AUTO_NORMALIZED_SPELLING_ONLY,no
E:\甲劈微循环\artifacts\derived\vascular_dataset_governance_20260830\xml_repaired_all\476.xml,E:\甲劈微循环\artifacts\derived\vascular_dataset_governance_20260830\xml_repaired_normalized\476.xml,debdfd563c76272547c3842cc128ad9b,debdfd563c76272547c3842cc128ad9b,0,AUTO_NORMALIZED_SPELLING_ONLY,no
E:\甲劈微循环\artifacts\derived\vascular_dataset_governance_20260830\xml_repaired_all\477.xml,E:\甲劈微循环\artifacts\derived\vascular_dataset_governance_20260830\xml_repaired_normalized\477.xml,eee3e3a894f72c628671046325b458fe,eee3e3a894f72c628671046325b458fe,0,AUTO_NORMALIZED_SPELLING_ONLY,no
E:\甲劈微循环\artifacts\derived\vascular_dataset_governance_20260830\xml_repaired_all\478.xml,E:\甲劈微循环\artifacts\derived\vascular_dataset_governance_20260830\xml_repaired_normalized\478.xml,4df2a2242bb9b371dca281c1ea2aab7b,4df2a2242bb9b371dca281c1ea2aab7b,0,AUTO_NORMALIZED_SPELLING_ONLY,no
E:\甲劈微循环\artifacts\derived\vascular_dataset_governance_20260830\xml_repaired_all\479.xml,E:\甲劈微循环\artifacts\derived\vascular_dataset_governance_20260830\xml_repaired_normalized\479.xml,e319262d2c3791b9285d8aff1e05953f,e319262d2c3791b9285d8aff1e05953f,0,AUTO_NORMALIZED_SPELLING_ONLY,no
E:\甲劈微循环\artifacts\derived\vascular_dataset_governance_20260830\xml_repaired_all\480.xml,E:\甲劈微循环\artifacts\derived\vascular_dataset_governance_20260830\xml_repaired_normalized\480.xml,407e0f482712fcbe1fa995dc50765426,407e0f482712fcbe1fa995dc50765426,0,AUTO_NORMALIZED_SPELLING_ONLY,no
E:\甲劈微循环\artifacts\derived\vascular_dataset_governance_20260830\xml_repaired_all\481.xml,E:\甲劈微循环\artifacts\derived\vascular_dataset_governance_20260830\xml_repaired_normalized\481.xml,0ca0b1210ce9cca189b375e209a3ad6b,0ca0b1210ce9cca189b375e209a3ad6b,0,AUTO_NORMALIZED_SPELLING_ONLY,no
E:\甲劈微循环\artifacts\derived\vascular_dataset_governance_20260830\xml_repaired_all\482.xml,E:\甲劈微循环\artifacts\derived\vascular_dataset_governance_20260830\xml_repaired_normalized\482.xml,77d5b33c1f9c4ad2b3f827aa8bcf4128,77d5b33c1f9c4ad2b3f827aa8bcf4128,0,AUTO_NORMALIZED_SPELLING_ONLY,no
E:\甲劈微循环\artifacts\derived\vascular_dataset_governance_20260830\xml_repaired_all\483.xml,E:\甲劈微循环\artifacts\derived\vascular_dataset_governance_20260830\xml_repaired_normalized\483.xml,7c2c5e0745ac24fb19ce851e9302dad5,7c2c5e0745ac24fb19ce851e9302dad5,0,AUTO_NORMALIZED_SPELLING_ONLY,no
E:\甲劈微循环\artifacts\derived\vascular_dataset_governance_20260830\xml_repaired_all\484.xml,E:\甲劈微循环\artifacts\derived\vascular_dataset_governance_20260830\xml_repaired_normalized\484.xml,29eaccfba1fa4685b1b4f2d82f47aaa9,29eaccfba1fa4685b1b4f2d82f47aaa9,0,AUTO_NORMALIZED_SPELLING_ONLY,no
E:\甲劈微循环\artifacts\derived\vascular_dataset_governance_20260830\xml_repaired_all\485.xml,E:\甲劈微循环\artifacts\derived\vascular_dataset_governance_20260830\xml_repaired_normalized\485.xml,6c404973a9f299dcabdeda33cfc77ff9,6c404973a9f299dcabdeda33cfc77ff9,0,AUTO_NORMALIZED_SPELLING_ONLY,no
E:\甲劈微循环\artifacts\derived\vascular_dataset_governance_20260830\xml_repaired_all\486.xml,E:\甲劈微循环\artifacts\derived\vascular_dataset_governance_20260830\xml_repaired_normalized\486.xml,3264c3a9ca24afc1424a74ed9202c47c,3264c3a9ca24afc1424a74ed9202c47c,0,AUTO_NORMALIZED_SPELLING_ONLY,no
E:\甲劈微循环\artifacts\derived\vascular_dataset_governance_20260830\xml_repaired_all\487.xml,E:\甲劈微循环\artifacts\derived\vascular_dataset_governance_20260830\xml_repaired_normalized\487.xml,90cf1c86f53fd967380f2dca43e88147,90cf1c86f53fd967380f2dca43e88147,0,AUTO_NORMALIZED_SPELLING_ONLY,no
E:\甲劈微循环\artifacts\derived\vascular_dataset_governance_20260830\xml_repaired_all\488.xml,E:\甲劈微循环\artifacts\derived\vascular_dataset_governance_20260830\xml_repaired_normalized\488.xml,048caed427f8fd9b28ce1c61bdd9c813,048caed427f8fd9b28ce1c61bdd9c813,0,AUTO_NORMALIZED_SPELLING_ONLY,no
E:\甲劈微循环\artifacts\derived\vascular_dataset_governance_20260830\xml_repaired_all\489.xml,E:\甲劈微循环\artifacts\derived\vascular_dataset_governance_20260830\xml_repaired_normalized\489.xml,1289b9a2a0fdbb35d0a0ad9bc3037501,1289b9a2a0fdbb35d0a0ad9bc3037501,0,AUTO_NORMALIZED_SPELLING_ONLY,no
E:\甲劈微循环\artifacts\derived\vascular_dataset_governance_20260830\xml_repaired_all\490.xml,E:\甲劈微循环\artifacts\derived\vascular_dataset_governance_20260830\xml_repaired_normalized\490.xml,e9430de859e0502be9ddb309af96df30,e9430de859e0502be9ddb309af96df30,0,AUTO_NORMALIZED_SPELLING_ONLY,no
E:\甲劈微循环\artifacts\derived\vascular_dataset_governance_20260830\xml_repaired_all\491.xml,E:\甲劈微循环\artifacts\derived\vascular_dataset_governance_20260830\xml_repaired_normalized\491.xml,9ef9020786eb325098bfeeeca0af0373,9ef9020786eb325098bfeeeca0af0373,0,AUTO_NORMALIZED_SPELLING_ONLY,no
E:\甲劈微循环\artifacts\derived\vascular_dataset_governance_20260830\xml_repaired_all\492.xml,E:\甲劈微循环\artifacts\derived\vascular_dataset_governance_20260830\xml_repaired_normalized\492.xml,cc95c5991e0a73351662743dbc3068dc,cc95c5991e0a73351662743dbc3068dc,0,AUTO_NORMALIZED_SPELLING_ONLY,no
E:\甲劈微循环\artifacts\derived\vascular_dataset_governance_20260830\xml_repaired_all\493.xml,E:\甲劈微循环\artifacts\derived\vascular_dataset_governance_20260830\xml_repaired_normalized\493.xml,6ae3fe25774cb16ce20e257700f1d576,6ae3fe25774cb16ce20e257700f1d576,0,AUTO_NORMALIZED_SPELLING_ONLY,no
E:\甲劈微循环\artifacts\derived\vascular_dataset_governance_20260830\xml_repaired_all\494.xml,E:\甲劈微循环\artifacts\derived\vascular_dataset_governance_20260830\xml_repaired_normalized\494.xml,ff5efe866b1a0e84f7fc88e17375c755,ff5efe866b1a0e84f7fc88e17375c755,0,AUTO_NORMALIZED_SPELLING_ONLY,no
E:\甲劈微循环\artifacts\derived\vascular_dataset_governance_20260830\xml_repaired_all\495.xml,E:\甲劈微循环\artifacts\derived\vascular_dataset_governance_20260830\xml_repaired_normalized\495.xml,c615a62ba2de28a38bd99b410108048c,c615a62ba2de28a38bd99b410108048c,0,AUTO_NORMALIZED_SPELLING_ONLY,no
E:\甲劈微循环\artifacts\derived\vascular_dataset_governance_20260830\xml_repaired_all\496.xml,E:\甲劈微循环\artifacts\derived\vascular_dataset_governance_20260830\xml_repaired_normalized\496.xml,70b1218c7c069894c2aee0928d8e2b93,70b1218c7c069894c2aee0928d8e2b93,0,AUTO_NORMALIZED_SPELLING_ONLY,no
E:\甲劈微循环\artifacts\derived\vascular_dataset_governance_20260830\xml_repaired_all\497.xml,E:\甲劈微循环\artifacts\derived\vascular_dataset_governance_20260830\xml_repaired_normalized\497.xml,abf3110bad39468a1b2372d258fcb567,abf3110bad39468a1b2372d258fcb567,0,AUTO_NORMALIZED_SPELLING_ONLY,no
E:\甲劈微循环\artifacts\derived\vascular_dataset_governance_20260830\xml_repaired_all\498.xml,E:\甲劈微循环\artifacts\derived\vascular_dataset_governance_20260830\xml_repaired_normalized\498.xml,784778650ea53808e3cffa520aaa4b72,784778650ea53808e3cffa520aaa4b72,0,AUTO_NORMALIZED_SPELLING_ONLY,no
E:\甲劈微循环\artifacts\derived\vascular_dataset_governance_20260830\xml_repaired_all\499.xml,E:\甲劈微循环\artifacts\derived\vascular_dataset_governance_20260830\xml_repaired_normalized\499.xml,08a5e3a9580a47837b6646588051b63b,08a5e3a9580a47837b6646588051b63b,0,AUTO_NORMALIZED_SPELLING_ONLY,no
E:\甲劈微循环\artifacts\derived\vascular_dataset_governance_20260830\xml_repaired_all\500.xml,E:\甲劈微循环\artifacts\derived\vascular_dataset_governance_20260830\xml_repaired_normalized\500.xml,21fed479a68818f3ba5fe5d08ac52c8b,21fed479a68818f3ba5fe5d08ac52c8b,0,AUTO_NORMALIZED_SPELLING_ONLY,no
E:\甲劈微循环\artifacts\derived\vascular_dataset_governance_20260830\xml_repaired_all\501.xml,E:\甲劈微循环\artifacts\derived\vascular_dataset_governance_20260830\xml_repaired_normalized\501.xml,f6bbc46da1a2bf4c11f307465e0bc171,f6bbc46da1a2bf4c11f307465e0bc171,0,AUTO_NORMALIZED_SPELLING_ONLY,no
E:\甲劈微循环\artifacts\derived\vascular_dataset_governance_20260830\xml_repaired_all\502.xml,E:\甲劈微循环\artifacts\derived\vascular_dataset_governance_20260830\xml_repaired_normalized\502.xml,e69fbb3a5e4fa6f1b850010c35e70805,e69fbb3a5e4fa6f1b850010c35e70805,0,AUTO_NORMALIZED_SPELLING_ONLY,no
E:\甲劈微循环\artifacts\derived\vascular_dataset_governance_20260830\xml_repaired_all\503.xml,E:\甲劈微循环\artifacts\derived\vascular_dataset_governance_20260830\xml_repaired_normalized\503.xml,00bd5a86ae6628e13246e7f42d280c17,00bd5a86ae6628e13246e7f42d280c17,0,AUTO_NORMALIZED_SPELLING_ONLY,no
E:\甲劈微循环\artifacts\derived\vascular_dataset_governance_20260830\xml_repaired_all\504.xml,E:\甲劈微循环\artifacts\derived\vascular_dataset_governance_20260830\xml_repaired_normalized\504.xml,fdd57dced2f14dd627cf76068e2aaad8,fdd57dced2f14dd627cf76068e2aaad8,0,AUTO_NORMALIZED_SPELLING_ONLY,no
E:\甲劈微循环\artifacts\derived\vascular_dataset_governance_20260830\xml_repaired_all\505.xml,E:\甲劈微循环\artifacts\derived\vascular_dataset_governance_20260830\xml_repaired_normalized\505.xml,311b19ff03fc4ed0c964a5bbba1afb62,311b19ff03fc4ed0c964a5bbba1afb62,0,AUTO_NORMALIZED_SPELLING_ONLY,no
E:\甲劈微循环\artifacts\derived\vascular_dataset_governance_20260830\xml_repaired_all\506.xml,E:\甲劈微循环\artifacts\derived\vascular_dataset_governance_20260830\xml_repaired_normalized\506.xml,c469b0dafbbd84cce74136ff1e7dcf32,c469b0dafbbd84cce74136ff1e7dcf32,0,AUTO_NORMALIZED_SPELLING_ONLY,no
E:\甲劈微循环\artifacts\derived\vascular_dataset_governance_20260830\xml_repaired_all\507.xml,E:\甲劈微循环\artifacts\derived\vascular_dataset_governance_20260830\xml_repaired_normalized\507.xml,5d503628b7be448b3938fe8f3185b25a,5d503628b7be448b3938fe8f3185b25a,0,AUTO_NORMALIZED_SPELLING_ONLY,no
E:\甲劈微循环\artifacts\derived\vascular_dataset_governance_20260830\xml_repaired_all\508.xml,E:\甲劈微循环\artifacts\derived\vascular_dataset_governance_20260830\xml_repaired_normalized\508.xml,394ac6a89623db5edf40aaf6499be146,394ac6a89623db5edf40aaf6499be146,0,AUTO_NORMALIZED_SPELLING_ONLY,no
E:\甲劈微循环\artifacts\derived\vascular_dataset_governance_20260830\xml_repaired_all\509.xml,E:\甲劈微循环\artifacts\derived\vascular_dataset_governance_20260830\xml_repaired_normalized\509.xml,7b0f5847af31504913a10e856995f920,7b0f5847af31504913a10e856995f920,0,AUTO_NORMALIZED_SPELLING_ONLY,no
E:\甲劈微循环\artifacts\derived\vascular_dataset_governance_20260830\xml_repaired_all\510.xml,E:\甲劈微循环\artifacts\derived\vascular_dataset_governance_20260830\xml_repaired_normalized\510.xml,3b138085259a74e9f4740c9732f08dcd,3b138085259a74e9f4740c9732f08dcd,0,AUTO_NORMALIZED_SPELLING_ONLY,no
E:\甲劈微循环\artifacts\derived\vascular_dataset_governance_20260830\xml_repaired_all\511.xml,E:\甲劈微循环\artifacts\derived\vascular_dataset_governance_20260830\xml_repaired_normalized\511.xml,53d4104fbbda104ed38a9f6008077d6d,53d4104fbbda104ed38a9f6008077d6d,0,AUTO_NORMALIZED_SPELLING_ONLY,no
E:\甲劈微循环\artifacts\derived\vascular_dataset_governance_20260830\xml_repaired_all\512.xml,E:\甲劈微循环\artifacts\derived\vascular_dataset_governance_20260830\xml_repaired_normalized\512.xml,95b53ad51f9e41fdb1c12b3c2e5a16d2,95b53ad51f9e41fdb1c12b3c2e5a16d2,0,AUTO_NORMALIZED_SPELLING_ONLY,no
E:\甲劈微循环\artifacts\derived\vascular_dataset_governance_20260830\xml_repaired_all\513.xml,E:\甲劈微循环\artifacts\derived\vascular_dataset_governance_20260830\xml_repaired_normalized\513.xml,b5a7b8a5f66a64667414fdd61ffd9484,b5a7b8a5f66a64667414fdd61ffd9484,0,AUTO_NORMALIZED_SPELLING_ONLY,no
E:\甲劈微循环\artifacts\derived\vascular_dataset_governance_20260830\xml_repaired_all\514.xml,E:\甲劈微循环\artifacts\derived\vascular_dataset_governance_20260830\xml_repaired_normalized\514.xml,8b7424adfadd150a36272f6acc23a664,8b7424adfadd150a36272f6acc23a664,0,AUTO_NORMALIZED_SPELLING_ONLY,no
E:\甲劈微循环\artifacts\derived\vascular_dataset_governance_20260830\xml_repaired_all\515.xml,E:\甲劈微循环\artifacts\derived\vascular_dataset_governance_20260830\xml_repaired_normalized\515.xml,891ee49a740a8dcf2f266d9885748d08,891ee49a740a8dcf2f266d9885748d08,0,AUTO_NORMALIZED_SPELLING_ONLY,no
E:\甲劈微循环\artifacts\derived\vascular_dataset_governance_20260830\xml_repaired_all\516.xml,E:\甲劈微循环\artifacts\derived\vascular_dataset_governance_20260830\xml_repaired_normalized\516.xml,1e1e2aa8a1b23c8069443991ba1bfafe,1e1e2aa8a1b23c8069443991ba1bfafe,0,AUTO_NORMALIZED_SPELLING_ONLY,no
E:\甲劈微循环\artifacts\derived\vascular_dataset_governance_20260830\xml_repaired_all\517.xml,E:\甲劈微循环\artifacts\derived\vascular_dataset_governance_20260830\xml_repaired_normalized\517.xml,1ddebf849d4f82113ac2ff17a3a9fe42,1ddebf849d4f82113ac2ff17a3a9fe42,0,AUTO_NORMALIZED_SPELLING_ONLY,no
E:\甲劈微循环\artifacts\derived\vascular_dataset_governance_20260830\xml_repaired_all\518.xml,E:\甲劈微循环\artifacts\derived\vascular_dataset_governance_20260830\xml_repaired_normalized\518.xml,5ffb4d58000c72978b806c1a0934c5fd,5ffb4d58000c72978b806c1a0934c5fd,0,AUTO_NORMALIZED_SPELLING_ONLY,no
E:\甲劈微循环\artifacts\derived\vascular_dataset_governance_20260830\xml_repaired_all\519.xml,E:\甲劈微循环\artifacts\derived\vascular_dataset_governance_20260830\xml_repaired_normalized\519.xml,fc0e042603bd42e060004a5c41a5b216,fc0e042603bd42e060004a5c41a5b216,0,AUTO_NORMALIZED_SPELLING_ONLY,no
E:\甲劈微循环\artifacts\derived\vascular_dataset_governance_20260830\xml_repaired_all\520.xml,E:\甲劈微循环\artifacts\derived\vascular_dataset_governance_20260830\xml_repaired_normalized\520.xml,ff43e254482ea308395abc7998fa538b,ff43e254482ea308395abc7998fa538b,0,AUTO_NORMALIZED_SPELLING_ONLY,no
E:\甲劈微循环\artifacts\derived\vascular_dataset_governance_20260830\xml_repaired_all\521.xml,E:\甲劈微循环\artifacts\derived\vascular_dataset_governance_20260830\xml_repaired_normalized\521.xml,60586f59216aa99b0a4af1d3c5f8d09a,60586f59216aa99b0a4af1d3c5f8d09a,0,AUTO_NORMALIZED_SPELLING_ONLY,no
E:\甲劈微循环\artifacts\derived\vascular_dataset_governance_20260830\xml_repaired_all\522.xml,E:\甲劈微循环\artifacts\derived\vascular_dataset_governance_20260830\xml_repaired_normalized\522.xml,ae44b70689849947fcd24cabf0dd9b67,ae44b70689849947fcd24cabf0dd9b67,0,AUTO_NORMALIZED_SPELLING_ONLY,no
E:\甲劈微循环\artifacts\derived\vascular_dataset_governance_20260830\xml_repaired_all\523.xml,E:\甲劈微循环\artifacts\derived\vascular_dataset_governance_20260830\xml_repaired_normalized\523.xml,e9192085d4a671dabd24a2094332f2e0,e9192085d4a671dabd24a2094332f2e0,0,AUTO_NORMALIZED_SPELLING_ONLY,no
E:\甲劈微循环\artifacts\derived\vascular_dataset_governance_20260830\xml_repaired_all\524.xml,E:\甲劈微循环\artifacts\derived\vascular_dataset_governance_20260830\xml_repaired_normalized\524.xml,92eaf15e45511395a43cdad42440f566,92eaf15e45511395a43cdad42440f566,0,AUTO_NORMALIZED_SPELLING_ONLY,no
E:\甲劈微循环\artifacts\derived\vascular_dataset_governance_20260830\xml_repaired_all\525.xml,E:\甲劈微循环\artifacts\derived\vascular_dataset_governance_20260830\xml_repaired_normalized\525.xml,7ce1beefe7052d761f2b4c3a9fda1783,7ce1beefe7052d761f2b4c3a9fda1783,0,AUTO_NORMALIZED_SPELLING_ONLY,no
E:\甲劈微循环\artifacts\derived\vascular_dataset_governance_20260830\xml_repaired_all\526.xml,E:\甲劈微循环\artifacts\derived\vascular_dataset_governance_20260830\xml_repaired_normalized\526.xml,fe24be42440f4139be99cdec68a16112,fe24be42440f4139be99cdec68a16112,0,AUTO_NORMALIZED_SPELLING_ONLY,no
E:\甲劈微循环\artifacts\derived\vascular_dataset_governance_20260830\xml_repaired_all\527.xml,E:\甲劈微循环\artifacts\derived\vascular_dataset_governance_20260830\xml_repaired_normalized\527.xml,3d6f5d7d650003fda08c942c6a63254d,3d6f5d7d650003fda08c942c6a63254d,0,AUTO_NORMALIZED_SPELLING_ONLY,no
E:\甲劈微循环\artifacts\derived\vascular_dataset_governance_20260830\xml_repaired_all\528.xml,E:\甲劈微循环\artifacts\derived\vascular_dataset_governance_20260830\xml_repaired_normalized\528.xml,2b787e40db3f73ac576d4cbba76f4751,2b787e40db3f73ac576d4cbba76f4751,0,AUTO_NORMALIZED_SPELLING_ONLY,no
E:\甲劈微循环\artifacts\derived\vascular_dataset_governance_20260830\xml_repaired_all\529.xml,E:\甲劈微循环\artifacts\derived\vascular_dataset_governance_20260830\xml_repaired_normalized\529.xml,df9b403da39639909c0223c7829ccf6c,df9b403da39639909c0223c7829ccf6c,0,AUTO_NORMALIZED_SPELLING_ONLY,no
E:\甲劈微循环\artifacts\derived\vascular_dataset_governance_20260830\xml_repaired_all\530.xml,E:\甲劈微循环\artifacts\derived\vascular_dataset_governance_20260830\xml_repaired_normalized\530.xml,c66214b25f75cbd50f3bb72744bede87,c66214b25f75cbd50f3bb72744bede87,0,AUTO_NORMALIZED_SPELLING_ONLY,no
E:\甲劈微循环\artifacts\derived\vascular_dataset_governance_20260830\xml_repaired_all\531.xml,E:\甲劈微循环\artifacts\derived\vascular_dataset_governance_20260830\xml_repaired_normalized\531.xml,c376e8ee3b1c33487c7ac20ed096360a,c376e8ee3b1c33487c7ac20ed096360a,0,AUTO_NORMALIZED_SPELLING_ONLY,no
E:\甲劈微循环\artifacts\derived\vascular_dataset_governance_20260830\xml_repaired_all\532.xml,E:\甲劈微循环\artifacts\derived\vascular_dataset_governance_20260830\xml_repaired_normalized\532.xml,dca654e858e38e5fad385286ca98927f,dca654e858e38e5fad385286ca98927f,0,AUTO_NORMALIZED_SPELLING_ONLY,no
E:\甲劈微循环\artifacts\derived\vascular_dataset_governance_20260830\xml_repaired_all\533.xml,E:\甲劈微循环\artifacts\derived\vascular_dataset_governance_20260830\xml_repaired_normalized\533.xml,a0b2dd258e5fcb8352f56b8b2b5b62e3,a0b2dd258e5fcb8352f56b8b2b5b62e3,0,AUTO_NORMALIZED_SPELLING_ONLY,no
E:\甲劈微循环\artifacts\derived\vascular_dataset_governance_20260830\xml_repaired_all\534.xml,E:\甲劈微循环\artifacts\derived\vascular_dataset_governance_20260830\xml_repaired_normalized\534.xml,7d057a963b67e233a616ab7711e8b420,7d057a963b67e233a616ab7711e8b420,0,AUTO_NORMALIZED_SPELLING_ONLY,no
E:\甲劈微循环\artifacts\derived\vascular_dataset_governance_20260830\xml_repaired_all\535.xml,E:\甲劈微循环\artifacts\derived\vascular_dataset_governance_20260830\xml_repaired_normalized\535.xml,d19641429e09ac18e92cfdc68926fc65,d19641429e09ac18e92cfdc68926fc65,0,AUTO_NORMALIZED_SPELLING_ONLY,no
E:\甲劈微循环\artifacts\derived\vascular_dataset_governance_20260830\xml_repaired_all\536.xml,E:\甲劈微循环\artifacts\derived\vascular_dataset_governance_20260830\xml_repaired_normalized\536.xml,2cf8e22f17a3dbc5c7740a3ef2eb5c79,2cf8e22f17a3dbc5c7740a3ef2eb5c79,0,AUTO_NORMALIZED_SPELLING_ONLY,no
E:\甲劈微循环\artifacts\derived\vascular_dataset_governance_20260830\xml_repaired_all\537.xml,E:\甲劈微循环\artifacts\derived\vascular_dataset_governance_20260830\xml_repaired_normalized\537.xml,55e53c5cf7667e21db3ec808dd8bb038,55e53c5cf7667e21db3ec808dd8bb038,0,AUTO_NORMALIZED_SPELLING_ONLY,no
E:\甲劈微循环\artifacts\derived\vascular_dataset_governance_20260830\xml_repaired_all\538.xml,E:\甲劈微循环\artifacts\derived\vascular_dataset_governance_20260830\xml_repaired_normalized\538.xml,e5fe1293f8a95177e3c503c34f6470fa,e5fe1293f8a95177e3c503c34f6470fa,0,AUTO_NORMALIZED_SPELLING_ONLY,no
E:\甲劈微循环\artifacts\derived\vascular_dataset_governance_20260830\xml_repaired_all\539.xml,E:\甲劈微循环\artifacts\derived\vascular_dataset_governance_20260830\xml_repaired_normalized\539.xml,f97f2a2ee6806f13ce1acc3b3f1d00cf,f97f2a2ee6806f13ce1acc3b3f1d00cf,0,AUTO_NORMALIZED_SPELLING_ONLY,no
E:\甲劈微循环\artifacts\derived\vascular_dataset_governance_20260830\xml_repaired_all\540.xml,E:\甲劈微循环\artifacts\derived\vascular_dataset_governance_20260830\xml_repaired_normalized\540.xml,c160232d00c5c5c4b2b5d33676a7806b,c160232d00c5c5c4b2b5d33676a7806b,0,AUTO_NORMALIZED_SPELLING_ONLY,no
E:\甲劈微循环\artifacts\derived\vascular_dataset_governance_20260830\xml_repaired_all\541.xml,E:\甲劈微循环\artifacts\derived\vascular_dataset_governance_20260830\xml_repaired_normalized\541.xml,96cdc960a4f14683c290824cf6aa6e23,96cdc960a4f14683c290824cf6aa6e23,0,AUTO_NORMALIZED_SPELLING_ONLY,no
E:\甲劈微循环\artifacts\derived\vascular_dataset_governance_20260830\xml_repaired_all\542.xml,E:\甲劈微循环\artifacts\derived\vascular_dataset_governance_20260830\xml_repaired_normalized\542.xml,0065d63af983dccacc49dfc23285f826,0065d63af983dccacc49dfc23285f826,0,AUTO_NORMALIZED_SPELLING_ONLY,no
E:\甲劈微循环\artifacts\derived\vascular_dataset_governance_20260830\xml_repaired_all\543.xml,E:\甲劈微循环\artifacts\derived\vascular_dataset_governance_20260830\xml_repaired_normalized\543.xml,cc58f917a92f533dcb69a4e1b2f8c628,cc58f917a92f533dcb69a4e1b2f8c628,0,AUTO_NORMALIZED_SPELLING_ONLY,no
E:\甲劈微循环\artifacts\derived\vascular_dataset_governance_20260830\xml_repaired_all\544.xml,E:\甲劈微循环\artifacts\derived\vascular_dataset_governance_20260830\xml_repaired_normalized\544.xml,fed71226add7ab111f6c5efccb5aebad,fed71226add7ab111f6c5efccb5aebad,0,AUTO_NORMALIZED_SPELLING_ONLY,no
E:\甲劈微循环\artifacts\derived\vascular_dataset_governance_20260830\xml_repaired_all\545.xml,E:\甲劈微循环\artifacts\derived\vascular_dataset_governance_20260830\xml_repaired_normalized\545.xml,abee110d9b1e481ba6987380f7ed2064,abee110d9b1e481ba6987380f7ed2064,0,AUTO_NORMALIZED_SPELLING_ONLY,no
E:\甲劈微循环\artifacts\derived\vascular_dataset_governance_20260830\xml_repaired_all\546.xml,E:\甲劈微循环\artifacts\derived\vascular_dataset_governance_20260830\xml_repaired_normalized\546.xml,6b2737832fcdff9bef1a1dd00e86c73d,6b2737832fcdff9bef1a1dd00e86c73d,0,AUTO_NORMALIZED_SPELLING_ONLY,no
E:\甲劈微循环\artifacts\derived\vascular_dataset_governance_20260830\xml_repaired_all\547.xml,E:\甲劈微循环\artifacts\derived\vascular_dataset_governance_20260830\xml_repaired_normalized\547.xml,f6f47ab6569f81b0be5e52c5d2cfba9a,f6f47ab6569f81b0be5e52c5d2cfba9a,0,AUTO_NORMALIZED_SPELLING_ONLY,no
E:\甲劈微循环\artifacts\derived\vascular_dataset_governance_20260830\xml_repaired_all\548.xml,E:\甲劈微循环\artifacts\derived\vascular_dataset_governance_20260830\xml_repaired_normalized\548.xml,8fde239ed0f5aa15393130f4d57a22ba,8fde239ed0f5aa15393130f4d57a22ba,0,AUTO_NORMALIZED_SPELLING_ONLY,no
E:\甲劈微循环\artifacts\derived\vascular_dataset_governance_20260830\xml_repaired_all\549.xml,E:\甲劈微循环\artifacts\derived\vascular_dataset_governance_20260830\xml_repaired_normalized\549.xml,4fb852b2fff9b06683f623575e0a25c7,4fb852b2fff9b06683f623575e0a25c7,0,AUTO_NORMALIZED_SPELLING_ONLY,no
E:\甲劈微循环\artifacts\derived\vascular_dataset_governance_20260830\xml_repaired_all\550.xml,E:\甲劈微循环\artifacts\derived\vascular_dataset_governance_20260830\xml_repaired_normalized\550.xml,a7b983cb4c7b524d37b17d86bd2da6c5,a7b983cb4c7b524d37b17d86bd2da6c5,0,AUTO_NORMALIZED_SPELLING_ONLY,no
E:\甲劈微循环\artifacts\derived\vascular_dataset_governance_20260830\xml_repaired_all\551.xml,E:\甲劈微循环\artifacts\derived\vascular_dataset_governance_20260830\xml_repaired_normalized\551.xml,c38058fe165ffac5478b8160fb50b07a,c38058fe165ffac5478b8160fb50b07a,0,AUTO_NORMALIZED_SPELLING_ONLY,no
E:\甲劈微循环\artifacts\derived\vascular_dataset_governance_20260830\xml_repaired_all\552.xml,E:\甲劈微循环\artifacts\derived\vascular_dataset_governance_20260830\xml_repaired_normalized\552.xml,31e3096523be87a99d5c7799367ae995,31e3096523be87a99d5c7799367ae995,0,AUTO_NORMALIZED_SPELLING_ONLY,no
E:\甲劈微循环\artifacts\derived\vascular_dataset_governance_20260830\xml_repaired_all\553.xml,E:\甲劈微循环\artifacts\derived\vascular_dataset_governance_20260830\xml_repaired_normalized\553.xml,8d4aaa4184f6d948b5a83a39728e74a4,8d4aaa4184f6d948b5a83a39728e74a4,0,AUTO_NORMALIZED_SPELLING_ONLY,no
E:\甲劈微循环\artifacts\derived\vascular_dataset_governance_20260830\xml_repaired_all\554.xml,E:\甲劈微循环\artifacts\derived\vascular_dataset_governance_20260830\xml_repaired_normalized\554.xml,bb372a269ac2bd0c19f275a2239c8ca3,bb372a269ac2bd0c19f275a2239c8ca3,0,AUTO_NORMALIZED_SPELLING_ONLY,no
E:\甲劈微循环\artifacts\derived\vascular_dataset_governance_20260830\xml_repaired_all\555.xml,E:\甲劈微循环\artifacts\derived\vascular_dataset_governance_20260830\xml_repaired_normalized\555.xml,0ef393568f12199ff3df686949b19b2c,0ef393568f12199ff3df686949b19b2c,0,AUTO_NORMALIZED_SPELLING_ONLY,no
E:\甲劈微循环\artifacts\derived\vascular_dataset_governance_20260830\xml_repaired_all\556.xml,E:\甲劈微循环\artifacts\derived\vascular_dataset_governance_20260830\xml_repaired_normalized\556.xml,5e2731614fea6f517998104543b69c05,5e2731614fea6f517998104543b69c05,0,AUTO_NORMALIZED_SPELLING_ONLY,no
E:\甲劈微循环\artifacts\derived\vascular_dataset_governance_20260830\xml_repaired_all\557.xml,E:\甲劈微循环\artifacts\derived\vascular_dataset_governance_20260830\xml_repaired_normalized\557.xml,83e6fe60a31a2c2cf9111812240ef885,83e6fe60a31a2c2cf9111812240ef885,0,AUTO_NORMALIZED_SPELLING_ONLY,no
E:\甲劈微循环\artifacts\derived\vascular_dataset_governance_20260830\xml_repaired_all\558.xml,E:\甲劈微循环\artifacts\derived\vascular_dataset_governance_20260830\xml_repaired_normalized\558.xml,d59eb4f897d764caf1943da25241ba9a,d59eb4f897d764caf1943da25241ba9a,0,AUTO_NORMALIZED_SPELLING_ONLY,no
E:\甲劈微循环\artifacts\derived\vascular_dataset_governance_20260830\xml_repaired_all\559.xml,E:\甲劈微循环\artifacts\derived\vascular_dataset_governance_20260830\xml_repaired_normalized\559.xml,12d57efd2479f62877a9df203a087e9e,12d57efd2479f62877a9df203a087e9e,0,AUTO_NORMALIZED_SPELLING_ONLY,no
E:\甲劈微循环\artifacts\derived\vascular_dataset_governance_20260830\xml_repaired_all\560.xml,E:\甲劈微循环\artifacts\derived\vascular_dataset_governance_20260830\xml_repaired_normalized\560.xml,2bc301163934da7ba089cf48e8f70418,2bc301163934da7ba089cf48e8f70418,0,AUTO_NORMALIZED_SPELLING_ONLY,no
E:\甲劈微循环\artifacts\derived\vascular_dataset_governance_20260830\xml_repaired_all\561.xml,E:\甲劈微循环\artifacts\derived\vascular_dataset_governance_20260830\xml_repaired_normalized\561.xml,6d973d2009ee4b9b99d5e3bb1f31b849,6d973d2009ee4b9b99d5e3bb1f31b849,0,AUTO_NORMALIZED_SPELLING_ONLY,no
E:\甲劈微循环\artifacts\derived\vascular_dataset_governance_20260830\xml_repaired_all\562.xml,E:\甲劈微循环\artifacts\derived\vascular_dataset_governance_20260830\xml_repaired_normalized\562.xml,70cde060afe95a83b99ed1290a64ccfe,70cde060afe95a83b99ed1290a64ccfe,0,AUTO_NORMALIZED_SPELLING_ONLY,no
E:\甲劈微循环\artifacts\derived\vascular_dataset_governance_20260830\xml_repaired_all\563.xml,E:\甲劈微循环\artifacts\derived\vascular_dataset_governance_20260830\xml_repaired_normalized\563.xml,3cd64ea0fef3544d2b77731da7166647,3cd64ea0fef3544d2b77731da7166647,0,AUTO_NORMALIZED_SPELLING_ONLY,no
E:\甲劈微循环\artifacts\derived\vascular_dataset_governance_20260830\xml_repaired_all\564.xml,E:\甲劈微循环\artifacts\derived\vascular_dataset_governance_20260830\xml_repaired_normalized\564.xml,aad0a1ced2dd846208c3854bb5c5aebb,aad0a1ced2dd846208c3854bb5c5aebb,0,AUTO_NORMALIZED_SPELLING_ONLY,no
E:\甲劈微循环\artifacts\derived\vascular_dataset_governance_20260830\xml_repaired_all\565.xml,E:\甲劈微循环\artifacts\derived\vascular_dataset_governance_20260830\xml_repaired_normalized\565.xml,e9b4de8eac82f5eb53df4f0fac8544a7,e9b4de8eac82f5eb53df4f0fac8544a7,0,AUTO_NORMALIZED_SPELLING_ONLY,no
E:\甲劈微循环\artifacts\derived\vascular_dataset_governance_20260830\xml_repaired_all\566.xml,E:\甲劈微循环\artifacts\derived\vascular_dataset_governance_20260830\xml_repaired_normalized\566.xml,e076f706cd0c36fdbd4a919aa050e68b,e076f706cd0c36fdbd4a919aa050e68b,0,AUTO_NORMALIZED_SPELLING_ONLY,no
E:\甲劈微循环\artifacts\derived\vascular_dataset_governance_20260830\xml_repaired_all\567.xml,E:\甲劈微循环\artifacts\derived\vascular_dataset_governance_20260830\xml_repaired_normalized\567.xml,a11cae2023e640dca8d30d67bbae5772,a11cae2023e640dca8d30d67bbae5772,0,AUTO_NORMALIZED_SPELLING_ONLY,no
E:\甲劈微循环\artifacts\derived\vascular_dataset_governance_20260830\xml_repaired_all\568.xml,E:\甲劈微循环\artifacts\derived\vascular_dataset_governance_20260830\xml_repaired_normalized\568.xml,39ba26fee901a52407d9df8159422019,39ba26fee901a52407d9df8159422019,0,AUTO_NORMALIZED_SPELLING_ONLY,no
E:\甲劈微循环\artifacts\derived\vascular_dataset_governance_20260830\xml_repaired_all\569.xml,E:\甲劈微循环\artifacts\derived\vascular_dataset_governance_20260830\xml_repaired_normalized\569.xml,567aab02357e49725ffa0623570f4501,567aab02357e49725ffa0623570f4501,0,AUTO_NORMALIZED_SPELLING_ONLY,no
E:\甲劈微循环\artifacts\derived\vascular_dataset_governance_20260830\xml_repaired_all\570.xml,E:\甲劈微循环\artifacts\derived\vascular_dataset_governance_20260830\xml_repaired_normalized\570.xml,34b72fe898ca668e32bae2aa3b46e413,34b72fe898ca668e32bae2aa3b46e413,0,AUTO_NORMALIZED_SPELLING_ONLY,no
E:\甲劈微循环\artifacts\derived\vascular_dataset_governance_20260830\xml_repaired_all\571.xml,E:\甲劈微循环\artifacts\derived\vascular_dataset_governance_20260830\xml_repaired_normalized\571.xml,d04c9a1c4f045302b3fee5ea6f158d79,d04c9a1c4f045302b3fee5ea6f158d79,0,AUTO_NORMALIZED_SPELLING_ONLY,no
E:\甲劈微循环\artifacts\derived\vascular_dataset_governance_20260830\xml_repaired_all\572.xml,E:\甲劈微循环\artifacts\derived\vascular_dataset_governance_20260830\xml_repaired_normalized\572.xml,79d141d7e609f91c79590d0ba096740b,79d141d7e609f91c79590d0ba096740b,0,AUTO_NORMALIZED_SPELLING_ONLY,no
E:\甲劈微循环\artifacts\derived\vascular_dataset_governance_20260830\xml_repaired_all\573.xml,E:\甲劈微循环\artifacts\derived\vascular_dataset_governance_20260830\xml_repaired_normalized\573.xml,2a11cee359305b1e6d51c2a6fb9043ce,2a11cee359305b1e6d51c2a6fb9043ce,0,AUTO_NORMALIZED_SPELLING_ONLY,no
E:\甲劈微循环\artifacts\derived\vascular_dataset_governance_20260830\xml_repaired_all\574.xml,E:\甲劈微循环\artifacts\derived\vascular_dataset_governance_20260830\xml_repaired_normalized\574.xml,1d54a2fab5c067a66738428a398aed4e,1d54a2fab5c067a66738428a398aed4e,0,AUTO_NORMALIZED_SPELLING_ONLY,no
E:\甲劈微循环\artifacts\derived\vascular_dataset_governance_20260830\xml_repaired_all\575.xml,E:\甲劈微循环\artifacts\derived\vascular_dataset_governance_20260830\xml_repaired_normalized\575.xml,3e2a5a108a9c7ebfe253b46528d1bfa0,3e2a5a108a9c7ebfe253b46528d1bfa0,0,AUTO_NORMALIZED_SPELLING_ONLY,no
E:\甲劈微循环\artifacts\derived\vascular_dataset_governance_20260830\xml_repaired_all\576.xml,E:\甲劈微循环\artifacts\derived\vascular_dataset_governance_20260830\xml_repaired_normalized\576.xml,d390f23d179c5ea5d24af3d2cda71748,d390f23d179c5ea5d24af3d2cda71748,0,AUTO_NORMALIZED_SPELLING_ONLY,no
E:\甲劈微循环\artifacts\derived\vascular_dataset_governance_20260830\xml_repaired_all\577.xml,E:\甲劈微循环\artifacts\derived\vascular_dataset_governance_20260830\xml_repaired_normalized\577.xml,c0e7fa4ed9ad67ec12eb1a6a0b274cdc,c0e7fa4ed9ad67ec12eb1a6a0b274cdc,0,AUTO_NORMALIZED_SPELLING_ONLY,no
E:\甲劈微循环\artifacts\derived\vascular_dataset_governance_20260830\xml_repaired_all\578.xml,E:\甲劈微循环\artifacts\derived\vascular_dataset_governance_20260830\xml_repaired_normalized\578.xml,b4c72c4aa681f9e910a38e486f734e67,b4c72c4aa681f9e910a38e486f734e67,0,AUTO_NORMALIZED_SPELLING_ONLY,no
E:\甲劈微循环\artifacts\derived\vascular_dataset_governance_20260830\xml_repaired_all\579.xml,E:\甲劈微循环\artifacts\derived\vascular_dataset_governance_20260830\xml_repaired_normalized\579.xml,1d850c78cabda2b35c53264fe87ae782,1d850c78cabda2b35c53264fe87ae782,0,AUTO_NORMALIZED_SPELLING_ONLY,no
E:\甲劈微循环\artifacts\derived\vascular_dataset_governance_20260830\xml_repaired_all\580.xml,E:\甲劈微循环\artifacts\derived\vascular_dataset_governance_20260830\xml_repaired_normalized\580.xml,428ba0ce7ca9440c6f7bd9fe6cd61b89,428ba0ce7ca9440c6f7bd9fe6cd61b89,0,AUTO_NORMALIZED_SPELLING_ONLY,no
E:\甲劈微循环\artifacts\derived\vascular_dataset_governance_20260830\xml_repaired_all\581.xml,E:\甲劈微循环\artifacts\derived\vascular_dataset_governance_20260830\xml_repaired_normalized\581.xml,05641914f1d58ee24c08906ab6e306d9,05641914f1d58ee24c08906ab6e306d9,0,AUTO_NORMALIZED_SPELLING_ONLY,no
E:\甲劈微循环\artifacts\derived\vascular_dataset_governance_20260830\xml_repaired_all\582.xml,E:\甲劈微循环\artifacts\derived\vascular_dataset_governance_20260830\xml_repaired_normalized\582.xml,57364bb121b795a6d05910d626f1bb84,57364bb121b795a6d05910d626f1bb84,0,AUTO_NORMALIZED_SPELLING_ONLY,no
