exam_case_id,file,group,printed,sum_of_items,items_missing,corrected_from_subtotal,subtotal_corrected_from_items,agrees
recovered_archive1/1,recovered_archive1\1\rep.jpg.jpg,morphology_score,0.6,0.6,['output_input_ratio'],[],False,True
recovered_archive1/1,recovered_archive1\1\rep.jpg.jpg,flow_score,0.6,0.6,['flow_speed_um_s'],[],False,True
recovered_archive1/1,recovered_archive1\1\rep.jpg.jpg,periloop_score,0.0,0.0,[],[],False,True
recovered_archive1/1,recovered_archive1\1\rep_1901290.jpg.jpg,morphology_score,0.6,0.6,['output_input_ratio'],[],False,True
recovered_archive1/1,recovered_archive1\1\rep_1901290.jpg.jpg,flow_score,0.6,0.6,['flow_speed_um_s'],[],False,True
recovered_archive1/1,recovered_archive1\1\rep_1901290.jpg.jpg,periloop_score,0.0,0.0,[],[],False,True
recovered_archive1/1,recovered_archive1\1\rep_1901291.jpg.jpg,morphology_score,0.6,0.6,['output_input_ratio'],[],False,True
recovered_archive1/1,recovered_archive1\1\rep_1901291.jpg.jpg,flow_score,0.6,0.6,['flow_speed_um_s'],[],False,True
recovered_archive1/1,recovered_archive1\1\rep_1901291.jpg.jpg,periloop_score,0.0,0.0,[],[],False,True
recovered_archive1/1,recovered_archive1\1\rep_左手.jpg.jpg,morphology_score,0.6,0.6,['output_input_ratio'],[],False,True
recovered_archive1/1,recovered_archive1\1\rep_左手.jpg.jpg,flow_score,0.6,0.6,['flow_speed_um_s'],[],False,True
recovered_archive1/1,recovered_archive1\1\rep_左手.jpg.jpg,periloop_score,0.0,0.0,[],[],False,True
recovered_archive1/100,recovered_archive1\100\rep.jpg.jpg,morphology_score,3.5,3.5,"['output_input_ratio', 'malformation_ratio']",['capillary_count'],False,True
recovered_archive1/100,recovered_archive1\100\rep.jpg.jpg,flow_score,0.8,0.8,['flow_speed_um_s'],[],False,True
recovered_archive1/100,recovered_archive1\100\rep.jpg.jpg,periloop_score,0.1,0.1,['sweat_duct'],[],False,True
recovered_archive1/100,recovered_archive1\100\rep_1905280.jpg.jpg,morphology_score,3.5,3.5,"['output_input_ratio', 'malformation_ratio']",['capillary_count'],False,True
recovered_archive1/100,recovered_archive1\100\rep_1905280.jpg.jpg,flow_score,0.8,0.8,['flow_speed_um_s'],[],False,True
recovered_archive1/100,recovered_archive1\100\rep_1905280.jpg.jpg,periloop_score,0.1,0.1,['sweat_duct'],[],False,True
recovered_archive1/100,recovered_archive1\100\rep_1905281.jpg.jpg,morphology_score,3.5,3.5,"['output_input_ratio', 'malformation_ratio']",['capillary_count'],False,True
recovered_archive1/100,recovered_archive1\100\rep_1905281.jpg.jpg,flow_score,0.8,0.8,['flow_speed_um_s'],[],False,True
recovered_archive1/100,recovered_archive1\100\rep_1905281.jpg.jpg,periloop_score,0.1,0.1,['sweat_duct'],[],False,True
recovered_archive1/100,recovered_archive1\100\rep_右手.jpg.jpg,morphology_score,3.5,3.5,"['output_input_ratio', 'malformation_ratio']",['capillary_count'],False,True
recovered_archive1/100,recovered_archive1\100\rep_右手.jpg.jpg,flow_score,0.8,0.8,['flow_speed_um_s'],[],False,True
recovered_archive1/100,recovered_archive1\100\rep_右手.jpg.jpg,periloop_score,0.1,0.1,['sweat_duct'],[],False,True
recovered_archive1/24,recovered_archive1\24\rep.jpg.jpg,morphology_score,0.4,0.4,['output_input_ratio'],[],False,True
recovered_archive1/24,recovered_archive1\24\rep.jpg.jpg,flow_score,0.0,0.0,['flow_speed_um_s'],[],False,True
recovered_archive1/24,recovered_archive1\24\rep.jpg.jpg,periloop_score,0.0,0.0,[],[],False,True
recovered_archive1/24,recovered_archive1\24\rep_1811050.jpg.jpg,morphology_score,0.4,0.4,['output_input_ratio'],[],False,True
recovered_archive1/24,recovered_archive1\24\rep_1811050.jpg.jpg,flow_score,0.0,0.0,['flow_speed_um_s'],[],False,True
recovered_archive1/24,recovered_archive1\24\rep_1811050.jpg.jpg,periloop_score,0.0,0.0,[],[],False,True
recovered_archive1/24,recovered_archive1\24\rep_左手.jpg.jpg,morphology_score,0.4,0.4,['output_input_ratio'],[],False,True
recovered_archive1/24,recovered_archive1\24\rep_左手.jpg.jpg,flow_score,0.0,0.0,['flow_speed_um_s'],[],False,True
recovered_archive1/24,recovered_archive1\24\rep_左手.jpg.jpg,periloop_score,0.0,0.0,[],[],False,True
recovered_archive1/28,recovered_archive1\28\rep.jpg.jpg,morphology_score,1.6,1.6,['output_input_ratio'],[],False,True
recovered_archive1/28,recovered_archive1\28\rep.jpg.jpg,flow_score,0.6,0.6,['flow_speed_um_s'],[],False,True
recovered_archive1/28,recovered_archive1\28\rep.jpg.jpg,periloop_score,0.1,0.1,[],[],False,True
recovered_archive1/28,recovered_archive1\28\rep_1812070.jpg.jpg,morphology_score,1.6,1.6,['output_input_ratio'],[],False,True
recovered_archive1/28,recovered_archive1\28\rep_1812070.jpg.jpg,flow_score,0.6,0.6,['flow_speed_um_s'],[],False,True
recovered_archive1/28,recovered_archive1\28\rep_1812070.jpg.jpg,periloop_score,0.1,0.1,[],[],False,True
recovered_archive1/28,recovered_archive1\28\rep_1812071.jpg.jpg,morphology_score,1.6,1.6,['output_input_ratio'],[],False,True
recovered_archive1/28,recovered_archive1\28\rep_1812071.jpg.jpg,flow_score,0.6,0.6,['flow_speed_um_s'],[],False,True
recovered_archive1/28,recovered_archive1\28\rep_1812071.jpg.jpg,periloop_score,0.1,0.1,[],[],False,True
recovered_archive1/29,recovered_archive1\29\rep.jpg.jpg,morphology_score,0.9,0.9,['output_input_ratio'],['capillary_count'],False,True
recovered_archive1/29,recovered_archive1\29\rep.jpg.jpg,flow_score,2.0,2.0,['flow_speed_um_s'],['flow_state'],False,True
recovered_archive1/29,recovered_archive1\29\rep.jpg.jpg,periloop_score,0.8,0.8,['sweat_duct'],[],False,True
recovered_archive1/29,recovered_archive1\29\rep_1902190.jpg.jpg,morphology_score,0.9,0.9,['output_input_ratio'],['capillary_count'],False,True
recovered_archive1/29,recovered_archive1\29\rep_1902190.jpg.jpg,flow_score,2.0,2.0,['flow_speed_um_s'],['flow_state'],False,True
recovered_archive1/29,recovered_archive1\29\rep_1902190.jpg.jpg,periloop_score,0.8,0.8,['sweat_duct'],[],False,True
recovered_archive1/29,recovered_archive1\29\rep_1902191.jpg.jpg,morphology_score,0.9,0.9,['output_input_ratio'],['capillary_count'],False,True
recovered_archive1/29,recovered_archive1\29\rep_1902191.jpg.jpg,flow_score,2.0,2.0,['flow_speed_um_s'],['flow_state'],False,True
recovered_archive1/29,recovered_archive1\29\rep_1902191.jpg.jpg,periloop_score,0.8,0.8,['sweat_duct'],[],False,True
recovered_archive1/29,recovered_archive1\29\rep_1902192.jpg.jpg,morphology_score,0.9,0.9,['output_input_ratio'],['capillary_count'],False,True
recovered_archive1/29,recovered_archive1\29\rep_1902192.jpg.jpg,flow_score,2.0,2.0,['flow_speed_um_s'],['flow_state'],False,True
recovered_archive1/29,recovered_archive1\29\rep_1902192.jpg.jpg,periloop_score,0.8,0.8,['sweat_duct'],[],False,True
recovered_archive1/29,recovered_archive1\29\rep_左手.jpg.jpg,morphology_score,0.9,0.9,['output_input_ratio'],['capillary_count'],False,True
recovered_archive1/29,recovered_archive1\29\rep_左手.jpg.jpg,flow_score,2.0,2.0,['flow_speed_um_s'],['flow_state'],False,True
recovered_archive1/29,recovered_archive1\29\rep_左手.jpg.jpg,periloop_score,0.8,0.8,['sweat_duct'],[],False,True
recovered_archive1/30,recovered_archive1\30\rep.jpg.jpg,morphology_score,1.2,1.2,['output_input_ratio'],[],False,True
recovered_archive1/30,recovered_archive1\30\rep.jpg.jpg,flow_score,3.6,3.6,['flow_speed_um_s'],[],False,True
recovered_archive1/30,recovered_archive1\30\rep.jpg.jpg,periloop_score,1.9,1.9,['sweat_duct'],[],False,True
recovered_archive1/30,recovered_archive1\30\rep_1907020.jpg.jpg,morphology_score,1.2,1.2,['output_input_ratio'],[],False,True
recovered_archive1/30,recovered_archive1\30\rep_1907020.jpg.jpg,flow_score,3.6,3.6,['flow_speed_um_s'],[],False,True
recovered_archive1/30,recovered_archive1\30\rep_1907020.jpg.jpg,periloop_score,1.9,1.9,['sweat_duct'],[],False,True
recovered_archive1/30,recovered_archive1\30\rep_1907021.jpg.jpg,morphology_score,1.2,1.2,['output_input_ratio'],[],False,True
recovered_archive1/30,recovered_archive1\30\rep_1907021.jpg.jpg,flow_score,3.6,3.6,['flow_speed_um_s'],[],False,True
recovered_archive1/30,recovered_archive1\30\rep_1907021.jpg.jpg,periloop_score,1.9,1.9,['sweat_duct'],[],False,True
recovered_archive1/30,recovered_archive1\30\rep_左手.jpg.jpg,morphology_score,1.2,1.2,['output_input_ratio'],[],False,True
recovered_archive1/30,recovered_archive1\30\rep_左手.jpg.jpg,flow_score,3.6,3.6,['flow_speed_um_s'],[],False,True
recovered_archive1/30,recovered_archive1\30\rep_左手.jpg.jpg,periloop_score,1.9,1.9,['sweat_duct'],[],False,True
recovered_archive1/31,recovered_archive1\31\rep.jpg.jpg,morphology_score,0.7,0.7,['output_input_ratio'],[],False,True
recovered_archive1/31,recovered_archive1\31\rep.jpg.jpg,flow_score,0.2,0.2,['flow_speed_um_s'],[],False,True
recovered_archive1/31,recovered_archive1\31\rep.jpg.jpg,periloop_score,0.8,0.8,[],[],False,True
recovered_archive1/31,recovered_archive1\31\rep_1901030.jpg.jpg,morphology_score,0.7,0.7,['output_input_ratio'],[],False,True
recovered_archive1/31,recovered_archive1\31\rep_1901030.jpg.jpg,flow_score,0.2,0.2,['flow_speed_um_s'],[],False,True
recovered_archive1/31,recovered_archive1\31\rep_1901030.jpg.jpg,periloop_score,0.8,0.8,[],[],False,True
recovered_archive1/31,recovered_archive1\31\rep_1901031.jpg.jpg,morphology_score,0.7,0.7,['output_input_ratio'],[],False,True
recovered_archive1/31,recovered_archive1\31\rep_1901031.jpg.jpg,flow_score,0.2,0.2,['flow_speed_um_s'],[],False,True
recovered_archive1/31,recovered_archive1\31\rep_1901031.jpg.jpg,periloop_score,0.8,0.8,[],[],False,True
recovered_archive1/31,recovered_archive1\31\rep_左手.jpg.jpg,morphology_score,0.7,0.7,['output_input_ratio'],[],False,True
recovered_archive1/31,recovered_archive1\31\rep_左手.jpg.jpg,flow_score,0.2,0.2,['flow_speed_um_s'],[],False,True
recovered_archive1/31,recovered_archive1\31\rep_左手.jpg.jpg,periloop_score,0.8,0.8,[],[],False,True
recovered_archive1/32,recovered_archive1\32\rep.jpg.jpg,morphology_score,3.3,3.3,"['output_input_ratio', 'crossing_ratio', 'malformation_ratio']",[],False,True
recovered_archive1/32,recovered_archive1\32\rep.jpg.jpg,flow_score,0.6,0.6,['flow_speed_um_s'],[],False,True
recovered_archive1/32,recovered_archive1\32\rep.jpg.jpg,periloop_score,3.9,3.9,[],['hemorrhage'],False,True
recovered_archive1/32,recovered_archive1\32\rep_1904090.jpg.jpg,morphology_score,3.3,3.3,"['output_input_ratio', 'crossing_ratio', 'malformation_ratio']",[],False,True
recovered_archive1/32,recovered_archive1\32\rep_1904090.jpg.jpg,flow_score,0.6,0.6,['flow_speed_um_s'],[],False,True
recovered_archive1/32,recovered_archive1\32\rep_1904090.jpg.jpg,periloop_score,3.9,3.9,[],['hemorrhage'],False,True
recovered_archive1/32,recovered_archive1\32\rep_1904091.jpg.jpg,morphology_score,3.3,3.3,"['output_input_ratio', 'crossing_ratio', 'malformation_ratio']",[],False,True
recovered_archive1/32,recovered_archive1\32\rep_1904091.jpg.jpg,flow_score,0.6,0.6,['flow_speed_um_s'],[],False,True
recovered_archive1/32,recovered_archive1\32\rep_1904091.jpg.jpg,periloop_score,3.9,3.9,[],['hemorrhage'],False,True
recovered_archive1/32,recovered_archive1\32\rep_左手.jpg.jpg,morphology_score,3.3,3.3,"['output_input_ratio', 'crossing_ratio', 'malformation_ratio']",[],False,True
recovered_archive1/32,recovered_archive1\32\rep_左手.jpg.jpg,flow_score,0.6,0.6,['flow_speed_um_s'],[],False,True
recovered_archive1/32,recovered_archive1\32\rep_左手.jpg.jpg,periloop_score,3.9,3.9,[],['hemorrhage'],False,True
recovered_archive1/33,recovered_archive1\33\rep.jpg.jpg,morphology_score,0.5,0.5,"['output_input_ratio', 'malformation_ratio']",[],False,True
recovered_archive1/33,recovered_archive1\33\rep.jpg.jpg,flow_score,0.6,0.6,['flow_speed_um_s'],[],False,True
recovered_archive1/33,recovered_archive1\33\rep.jpg.jpg,periloop_score,0.5,0.5,[],[],False,True
recovered_archive1/33,recovered_archive1\33\rep_1901220.jpg.jpg,morphology_score,0.5,0.5,"['output_input_ratio', 'malformation_ratio']",[],False,True
recovered_archive1/33,recovered_archive1\33\rep_1901220.jpg.jpg,flow_score,0.6,0.6,['flow_speed_um_s'],[],False,True
recovered_archive1/33,recovered_archive1\33\rep_1901220.jpg.jpg,periloop_score,0.5,0.5,[],[],False,True
recovered_archive1/33,recovered_archive1\33\rep_1901221.jpg.jpg,morphology_score,0.5,0.5,"['output_input_ratio', 'malformation_ratio']",[],False,True
recovered_archive1/33,recovered_archive1\33\rep_1901221.jpg.jpg,flow_score,0.6,0.6,['flow_speed_um_s'],[],False,True
recovered_archive1/33,recovered_archive1\33\rep_1901221.jpg.jpg,periloop_score,0.5,0.5,[],[],False,True
recovered_archive1/33,recovered_archive1\33\rep_左手.jpg.jpg,morphology_score,0.5,0.5,"['output_input_ratio', 'malformation_ratio']",[],False,True
recovered_archive1/33,recovered_archive1\33\rep_左手.jpg.jpg,flow_score,0.6,0.6,['flow_speed_um_s'],[],False,True
recovered_archive1/33,recovered_archive1\33\rep_左手.jpg.jpg,periloop_score,0.5,0.5,[],[],False,True
recovered_archive1/34,recovered_archive1\34\rep.jpg.jpg,morphology_score,2.6,2.6,"['afferent_diameter', 'efferent_diameter', 'output_input_ratio']",[],False,True
recovered_archive1/34,recovered_archive1\34\rep.jpg.jpg,flow_score,6.2,6.2,['flow_speed_um_s'],['flow_state'],False,True
recovered_archive1/34,recovered_archive1\34\rep.jpg.jpg,periloop_score,3.6,3.5,[],[],False,True
recovered_archive1/34,recovered_archive1\34\rep_1905070.jpg.jpg,morphology_score,2.6,2.6,"['afferent_diameter', 'efferent_diameter', 'output_input_ratio']",[],False,True
recovered_archive1/34,recovered_archive1\34\rep_1905070.jpg.jpg,flow_score,6.2,6.2,['flow_speed_um_s'],['flow_state'],False,True
recovered_archive1/34,recovered_archive1\34\rep_1905070.jpg.jpg,periloop_score,3.6,3.5,[],[],False,True
recovered_archive1/34,recovered_archive1\34\rep_1905071.jpg.jpg,morphology_score,2.6,2.6,"['afferent_diameter', 'efferent_diameter', 'output_input_ratio']",[],False,True
recovered_archive1/34,recovered_archive1\34\rep_1905071.jpg.jpg,flow_score,6.2,6.2,['flow_speed_um_s'],['flow_state'],False,True
recovered_archive1/34,recovered_archive1\34\rep_1905071.jpg.jpg,periloop_score,3.6,3.5,[],[],False,True
recovered_archive1/34,recovered_archive1\34\rep_左手.jpg.jpg,morphology_score,2.6,2.6,"['afferent_diameter', 'efferent_diameter', 'output_input_ratio']",[],False,True
recovered_archive1/34,recovered_archive1\34\rep_左手.jpg.jpg,flow_score,6.2,6.2,['flow_speed_um_s'],['flow_state'],False,True
recovered_archive1/34,recovered_archive1\34\rep_左手.jpg.jpg,periloop_score,3.6,3.5,[],[],False,True
recovered_archive1/35,recovered_archive1\35\rep.jpg.jpg,morphology_score,1.0,1.0,['output_input_ratio'],[],False,True
recovered_archive1/35,recovered_archive1\35\rep.jpg.jpg,flow_score,0.8,0.8,['flow_speed_um_s'],[],False,True
recovered_archive1/35,recovered_archive1\35\rep.jpg.jpg,periloop_score,1.7,1.7,[],[],False,True
recovered_archive1/35,recovered_archive1\35\rep_1.jpg.jpg,morphology_score,1.0,1.0,['output_input_ratio'],[],False,True
recovered_archive1/35,recovered_archive1\35\rep_1.jpg.jpg,flow_score,0.8,0.8,['flow_speed_um_s'],[],False,True
recovered_archive1/35,recovered_archive1\35\rep_1.jpg.jpg,periloop_score,1.7,1.7,[],[],False,True
recovered_archive1/35,recovered_archive1\35\rep_1812060.jpg.jpg,morphology_score,1.0,1.0,['output_input_ratio'],[],False,True
recovered_archive1/35,recovered_archive1\35\rep_1812060.jpg.jpg,flow_score,0.8,0.8,['flow_speed_um_s'],[],False,True
recovered_archive1/35,recovered_archive1\35\rep_1812060.jpg.jpg,periloop_score,1.7,1.7,[],[],False,True
recovered_archive1/35,recovered_archive1\35\rep_1812061.jpg.jpg,morphology_score,1.0,1.0,['output_input_ratio'],[],False,True
recovered_archive1/35,recovered_archive1\35\rep_1812061.jpg.jpg,flow_score,0.8,0.8,['flow_speed_um_s'],[],False,True
recovered_archive1/35,recovered_archive1\35\rep_1812061.jpg.jpg,periloop_score,1.7,1.7,[],[],False,True
recovered_archive1/37,recovered_archive1\37\rep.jpg.jpg,morphology_score,0.2,0.2,"['afferent_diameter', 'efferent_diameter', 'output_input_ratio', 'apex_diameter', 'loop_length', 'malformation_ratio']",[],False,True
recovered_archive1/37,recovered_archive1\37\rep.jpg.jpg,flow_score,0.2,0.2,['flow_speed_um_s'],[],False,True
recovered_archive1/37,recovered_archive1\37\rep_1903260.jpg.jpg,morphology_score,0.2,0.2,"['afferent_diameter', 'efferent_diameter', 'output_input_ratio', 'apex_diameter', 'loop_length', 'malformation_ratio']",[],False,True
recovered_archive1/37,recovered_archive1\37\rep_1903260.jpg.jpg,flow_score,0.2,0.2,['flow_speed_um_s'],[],False,True
recovered_archive1/37,recovered_archive1\37\rep_1903261.jpg.jpg,morphology_score,0.2,0.2,"['afferent_diameter', 'efferent_diameter', 'output_input_ratio', 'apex_diameter', 'loop_length', 'malformation_ratio']",[],False,True
recovered_archive1/37,recovered_archive1\37\rep_1903261.jpg.jpg,flow_score,0.2,0.2,['flow_speed_um_s'],[],False,True
recovered_archive1/37,recovered_archive1\37\rep_右手.jpg.jpg,morphology_score,0.2,0.2,"['afferent_diameter', 'efferent_diameter', 'output_input_ratio', 'apex_diameter', 'loop_length', 'malformation_ratio']",[],False,True
recovered_archive1/37,recovered_archive1\37\rep_右手.jpg.jpg,flow_score,0.2,0.2,['flow_speed_um_s'],[],False,True
recovered_archive1/38,recovered_archive1\38\rep.jpg.jpg,morphology_score,1.1,1.1,['output_input_ratio'],[],False,True
recovered_archive1/38,recovered_archive1\38\rep.jpg.jpg,flow_score,4.2,4.2,['flow_speed_um_s'],['flow_state'],False,True
recovered_archive1/38,recovered_archive1\38\rep.jpg.jpg,periloop_score,4.4,4.4,['sweat_duct'],[],False,True
recovered_archive1/38,recovered_archive1\38\rep_2103090.jpg.jpg,morphology_score,1.1,1.1,['output_input_ratio'],[],False,True
recovered_archive1/38,recovered_archive1\38\rep_2103090.jpg.jpg,flow_score,4.2,4.2,['flow_speed_um_s'],['flow_state'],False,True
recovered_archive1/38,recovered_archive1\38\rep_2103090.jpg.jpg,periloop_score,4.4,4.4,['sweat_duct'],[],False,True
recovered_archive1/38,recovered_archive1\38\rep_2103091.jpg.jpg,morphology_score,1.1,1.1,['output_input_ratio'],[],False,True
recovered_archive1/38,recovered_archive1\38\rep_2103091.jpg.jpg,flow_score,4.2,4.2,['flow_speed_um_s'],['flow_state'],False,True
recovered_archive1/38,recovered_archive1\38\rep_2103091.jpg.jpg,periloop_score,4.4,4.4,['sweat_duct'],[],False,True
recovered_archive1/38,recovered_archive1\38\rep_双无名指.jpg.jpg,morphology_score,1.1,1.1,['output_input_ratio'],[],False,True
recovered_archive1/38,recovered_archive1\38\rep_双无名指.jpg.jpg,flow_score,4.2,4.2,['flow_speed_um_s'],['flow_state'],False,True
recovered_archive1/38,recovered_archive1\38\rep_双无名指.jpg.jpg,periloop_score,4.4,4.4,['sweat_duct'],[],False,True
recovered_archive1/40,recovered_archive1\40\rep.jpg.jpg,morphology_score,0.5,0.5,['output_input_ratio'],[],False,True
recovered_archive1/40,recovered_archive1\40\rep.jpg.jpg,flow_score,0.8,0.8,['flow_speed_um_s'],[],False,True
recovered_archive1/40,recovered_archive1\40\rep.jpg.jpg,periloop_score,3.2,3.2,[],[],False,True
recovered_archive1/40,recovered_archive1\40\rep_1901100.jpg.jpg,morphology_score,0.5,0.5,['output_input_ratio'],[],False,True
recovered_archive1/40,recovered_archive1\40\rep_1901100.jpg.jpg,flow_score,0.8,0.8,['flow_speed_um_s'],[],False,True
recovered_archive1/40,recovered_archive1\40\rep_1901100.jpg.jpg,periloop_score,3.2,3.2,[],[],False,True
recovered_archive1/40,recovered_archive1\40\rep_1901101.jpg.jpg,morphology_score,0.5,0.5,['output_input_ratio'],[],False,True
recovered_archive1/40,recovered_archive1\40\rep_1901101.jpg.jpg,flow_score,0.8,0.8,['flow_speed_um_s'],[],False,True
recovered_archive1/40,recovered_archive1\40\rep_1901101.jpg.jpg,periloop_score,3.2,3.2,[],[],False,True
recovered_archive1/40,recovered_archive1\40\rep_左手.jpg.jpg,morphology_score,0.5,0.5,['output_input_ratio'],[],False,True
recovered_archive1/40,recovered_archive1\40\rep_左手.jpg.jpg,flow_score,0.8,0.8,['flow_speed_um_s'],[],False,True
recovered_archive1/40,recovered_archive1\40\rep_左手.jpg.jpg,periloop_score,3.2,3.2,[],[],False,True
recovered_archive1/41,recovered_archive1\41\rep.jpg.jpg,morphology_score,2.9,2.9,['output_input_ratio'],[],False,True
recovered_archive1/41,recovered_archive1\41\rep.jpg.jpg,flow_score,1.8,1.8,['flow_speed_um_s'],[],False,True
recovered_archive1/41,recovered_archive1\41\rep.jpg.jpg,periloop_score,4.4,4.4,[],[],False,True
recovered_archive1/41,recovered_archive1\41\rep_2004140.jpg.jpg,morphology_score,2.9,2.9,['output_input_ratio'],[],False,True
recovered_archive1/41,recovered_archive1\41\rep_2004140.jpg.jpg,flow_score,1.8,1.8,['flow_speed_um_s'],[],False,True
recovered_archive1/41,recovered_archive1\41\rep_2004140.jpg.jpg,periloop_score,4.4,4.4,[],[],False,True
recovered_archive1/41,recovered_archive1\41\rep_2004141.jpg.jpg,morphology_score,2.9,2.9,['output_input_ratio'],[],False,True
recovered_archive1/41,recovered_archive1\41\rep_2004141.jpg.jpg,flow_score,1.8,1.8,['flow_speed_um_s'],[],False,True
recovered_archive1/41,recovered_archive1\41\rep_2004141.jpg.jpg,periloop_score,4.4,4.4,[],[],False,True
recovered_archive1/41,recovered_archive1\41\rep_左手.jpg.jpg,morphology_score,2.9,2.9,['output_input_ratio'],[],False,True
recovered_archive1/41,recovered_archive1\41\rep_左手.jpg.jpg,flow_score,1.8,1.8,['flow_speed_um_s'],[],False,True
recovered_archive1/41,recovered_archive1\41\rep_左手.jpg.jpg,periloop_score,4.4,4.4,[],[],False,True
recovered_archive1/42,recovered_archive1\42\rep.jpg.jpg,morphology_score,6.0,6.0,"['afferent_diameter', 'efferent_diameter', 'output_input_ratio', 'apex_diameter', 'crossing_ratio', 'malformation_ratio']",[],False,True
recovered_archive1/42,recovered_archive1\42\rep.jpg.jpg,flow_score,0.6,0.6,['flow_speed_um_s'],[],False,True
recovered_archive1/42,recovered_archive1\42\rep.jpg.jpg,periloop_score,3.1,3.1,[],[],False,True
recovered_archive1/42,recovered_archive1\42\rep_1912030.jpg.jpg,morphology_score,6.0,6.0,"['afferent_diameter', 'efferent_diameter', 'output_input_ratio', 'apex_diameter', 'crossing_ratio', 'malformation_ratio']",[],False,True
recovered_archive1/42,recovered_archive1\42\rep_1912030.jpg.jpg,flow_score,0.6,0.6,['flow_speed_um_s'],[],False,True
recovered_archive1/42,recovered_archive1\42\rep_1912030.jpg.jpg,periloop_score,3.1,3.1,[],[],False,True
recovered_archive1/42,recovered_archive1\42\rep_1912031.jpg.jpg,morphology_score,6.0,6.0,"['afferent_diameter', 'efferent_diameter', 'output_input_ratio', 'apex_diameter', 'crossing_ratio', 'malformation_ratio']",[],False,True
recovered_archive1/42,recovered_archive1\42\rep_1912031.jpg.jpg,flow_score,0.6,0.6,['flow_speed_um_s'],[],False,True
recovered_archive1/42,recovered_archive1\42\rep_1912031.jpg.jpg,periloop_score,3.1,3.1,[],[],False,True
recovered_archive1/42,recovered_archive1\42\rep_左手.jpg.jpg,morphology_score,6.0,6.0,"['afferent_diameter', 'efferent_diameter', 'output_input_ratio', 'apex_diameter', 'crossing_ratio', 'malformation_ratio']",[],False,True
recovered_archive1/42,recovered_archive1\42\rep_左手.jpg.jpg,flow_score,0.6,0.6,['flow_speed_um_s'],[],False,True
recovered_archive1/42,recovered_archive1\42\rep_左手.jpg.jpg,periloop_score,3.1,3.1,[],[],False,True
recovered_archive1/44,recovered_archive1\44\rep.jpg.jpg,morphology_score,1.6,1.6,"['afferent_diameter', 'efferent_diameter', 'output_input_ratio', 'apex_diameter']",[],False,True
recovered_archive1/44,recovered_archive1\44\rep.jpg.jpg,flow_score,4.2,4.2,['flow_speed_um_s'],['flow_state'],False,True
recovered_archive1/44,recovered_archive1\44\rep.jpg.jpg,periloop_score,5.0,5.0,[],[],False,True
recovered_archive1/44,recovered_archive1\44\rep_1912120.jpg.jpg,morphology_score,1.6,1.6,"['afferent_diameter', 'efferent_diameter', 'output_input_ratio', 'apex_diameter']",[],False,True
recovered_archive1/44,recovered_archive1\44\rep_1912120.jpg.jpg,flow_score,4.2,4.2,['flow_speed_um_s'],['flow_state'],False,True
recovered_archive1/44,recovered_archive1\44\rep_1912120.jpg.jpg,periloop_score,5.0,5.0,[],[],False,True
recovered_archive1/44,recovered_archive1\44\rep_1912121.jpg.jpg,morphology_score,1.6,1.6,"['afferent_diameter', 'efferent_diameter', 'output_input_ratio', 'apex_diameter']",[],False,True
recovered_archive1/44,recovered_archive1\44\rep_1912121.jpg.jpg,flow_score,4.2,4.2,['flow_speed_um_s'],['flow_state'],False,True
recovered_archive1/44,recovered_archive1\44\rep_1912121.jpg.jpg,periloop_score,5.0,5.0,[],[],False,True
recovered_archive1/44,recovered_archive1\44\rep_左手.jpg.jpg,morphology_score,1.6,1.6,"['afferent_diameter', 'efferent_diameter', 'output_input_ratio', 'apex_diameter']",[],False,True
recovered_archive1/44,recovered_archive1\44\rep_左手.jpg.jpg,flow_score,4.2,4.2,['flow_speed_um_s'],['flow_state'],False,True
recovered_archive1/44,recovered_archive1\44\rep_左手.jpg.jpg,periloop_score,5.0,5.0,[],[],False,True
recovered_archive1/45,recovered_archive1\45\rep.jpg.jpg,morphology_score,0.9,0.9,['output_input_ratio'],[],False,True
recovered_archive1/45,recovered_archive1\45\rep.jpg.jpg,flow_score,3.4,3.4,"['flow_speed_um_s', 'blood_color']",[],False,True
recovered_archive1/45,recovered_archive1\45\rep_1908200.jpg.jpg,morphology_score,0.9,0.9,"['output_input_ratio', 'apex_diameter']",[],False,True
recovered_archive1/45,recovered_archive1\45\rep_1908200.jpg.jpg,flow_score,3.4,3.4,"['flow_speed_um_s', 'wbc_count', 'blood_color']",[],False,True
recovered_archive1/45,recovered_archive1\45\rep_1908200.jpg.jpg,periloop_score,3.6,3.6,[],[],False,True
recovered_archive1/45,recovered_archive1\45\rep_1908201.jpg.jpg,morphology_score,0.9,0.9,['output_input_ratio'],[],False,True
recovered_archive1/45,recovered_archive1\45\rep_1908201.jpg.jpg,flow_score,3.4,3.4,"['flow_speed_um_s', 'blood_color']",[],False,True
recovered_archive1/45,recovered_archive1\45\rep_左手.jpg.jpg,morphology_score,0.9,0.9,['output_input_ratio'],[],False,True
recovered_archive1/45,recovered_archive1\45\rep_左手.jpg.jpg,flow_score,3.4,3.4,"['flow_speed_um_s', 'blood_color']",[],False,True
recovered_archive1/46,recovered_archive1\46\rep.jpg.jpg,morphology_score,1.8,1.8,['output_input_ratio'],[],False,True
recovered_archive1/46,recovered_archive1\46\rep.jpg.jpg,flow_score,7.0,7.0,['flow_speed_um_s'],[],False,True
recovered_archive1/46,recovered_archive1\46\rep.jpg.jpg,periloop_score,5.3,5.3,[],[],False,True
recovered_archive1/46,recovered_archive1\46\rep_2103160.jpg.jpg,morphology_score,1.8,1.8,['output_input_ratio'],[],False,True
recovered_archive1/46,recovered_archive1\46\rep_2103160.jpg.jpg,flow_score,7.0,4.0,"['flow_speed_um_s', 'rbc_aggregation']",[],False,False
recovered_archive1/46,recovered_archive1\46\rep_2103160.jpg.jpg,periloop_score,5.3,5.3,[],[],False,True
recovered_archive1/46,recovered_archive1\46\rep_2103161.jpg.jpg,morphology_score,1.8,1.8,['output_input_ratio'],[],False,True
recovered_archive1/46,recovered_archive1\46\rep_2103161.jpg.jpg,flow_score,7.0,4.0,"['flow_speed_um_s', 'rbc_aggregation']",[],False,False
recovered_archive1/46,recovered_archive1\46\rep_2103161.jpg.jpg,periloop_score,5.3,5.3,[],[],False,True
recovered_archive1/46,recovered_archive1\46\rep_2103162.jpg.jpg,morphology_score,1.8,1.8,['output_input_ratio'],[],False,True
recovered_archive1/46,recovered_archive1\46\rep_2103162.jpg.jpg,flow_score,7.0,7.0,['flow_speed_um_s'],[],False,True
recovered_archive1/46,recovered_archive1\46\rep_2103162.jpg.jpg,periloop_score,5.3,5.3,[],[],False,True
recovered_archive1/46,recovered_archive1\46\rep_双无名指.jpg.jpg,morphology_score,1.8,1.8,['output_input_ratio'],[],False,True
recovered_archive1/46,recovered_archive1\46\rep_双无名指.jpg.jpg,flow_score,7.0,7.0,['flow_speed_um_s'],[],False,True
recovered_archive1/46,recovered_archive1\46\rep_双无名指.jpg.jpg,periloop_score,5.3,5.3,[],[],False,True
recovered_archive1/47,recovered_archive1\47\rep.jpg.jpg,morphology_score,0.4,0.4,['output_input_ratio'],[],False,True
recovered_archive1/47,recovered_archive1\47\rep.jpg.jpg,flow_score,0.8,0.8,['flow_speed_um_s'],[],False,True
recovered_archive1/47,recovered_archive1\47\rep.jpg.jpg,periloop_score,3.1,3.1,[],['hemorrhage'],False,True
recovered_archive1/47,recovered_archive1\47\rep_1901101.jpg.jpg,morphology_score,0.4,0.4,['output_input_ratio'],[],False,True
recovered_archive1/47,recovered_archive1\47\rep_1901101.jpg.jpg,flow_score,0.8,0.8,['flow_speed_um_s'],[],False,True
recovered_archive1/47,recovered_archive1\47\rep_1901101.jpg.jpg,periloop_score,3.1,3.1,[],['hemorrhage'],False,True
recovered_archive1/47,recovered_archive1\47\rep_左手.jpg.jpg,morphology_score,0.4,0.4,['output_input_ratio'],[],False,True
recovered_archive1/47,recovered_archive1\47\rep_左手.jpg.jpg,flow_score,0.8,0.8,['flow_speed_um_s'],[],False,True
recovered_archive1/47,recovered_archive1\47\rep_左手.jpg.jpg,periloop_score,3.1,3.1,[],['hemorrhage'],False,True
recovered_archive1/48,recovered_archive1\48\rep.jpg.jpg,morphology_score,5.6,5.6,['output_input_ratio'],[],False,True
recovered_archive1/48,recovered_archive1\48\rep.jpg.jpg,flow_score,3.0,3.0,['flow_speed_um_s'],[],False,True
recovered_archive1/48,recovered_archive1\48\rep.jpg.jpg,periloop_score,3.2,3.2,[],[],False,True
recovered_archive1/48,recovered_archive1\48\rep_1901100.jpg.jpg,morphology_score,5.6,5.6,['output_input_ratio'],[],False,True
recovered_archive1/48,recovered_archive1\48\rep_1901100.jpg.jpg,flow_score,3.0,2.0,"['flow_speed_um_s', 'rbc_aggregation']",[],False,False
recovered_archive1/48,recovered_archive1\48\rep_1901100.jpg.jpg,periloop_score,3.2,3.2,[],[],False,True
recovered_archive1/48,recovered_archive1\48\rep_1901101.jpg.jpg,morphology_score,5.6,5.6,['output_input_ratio'],[],False,True
recovered_archive1/48,recovered_archive1\48\rep_1901101.jpg.jpg,flow_score,3.0,3.0,['flow_speed_um_s'],[],False,True
recovered_archive1/48,recovered_archive1\48\rep_1901101.jpg.jpg,periloop_score,3.2,3.2,[],[],False,True
recovered_archive1/48,recovered_archive1\48\rep_左手.jpg.jpg,morphology_score,5.6,5.6,['output_input_ratio'],[],False,True
recovered_archive1/48,recovered_archive1\48\rep_左手.jpg.jpg,flow_score,3.0,3.0,['flow_speed_um_s'],[],False,True
recovered_archive1/48,recovered_archive1\48\rep_左手.jpg.jpg,periloop_score,3.2,3.2,[],[],False,True
recovered_archive1/49,recovered_archive1\49\rep.jpg.jpg,morphology_score,0.2,0.2,['output_input_ratio'],[],False,True
recovered_archive1/49,recovered_archive1\49\rep.jpg.jpg,flow_score,0.8,0.8,['flow_speed_um_s'],[],False,True
recovered_archive1/49,recovered_archive1\49\rep.jpg.jpg,periloop_score,0.4,0.4,[],[],False,True
recovered_archive1/49,recovered_archive1\49\rep_1902121.jpg.jpg,morphology_score,0.2,0.2,['output_input_ratio'],[],False,True
recovered_archive1/49,recovered_archive1\49\rep_1902121.jpg.jpg,flow_score,0.8,0.8,['flow_speed_um_s'],[],False,True
recovered_archive1/49,recovered_archive1\49\rep_1902121.jpg.jpg,periloop_score,0.4,0.4,[],[],False,True
recovered_archive1/49,recovered_archive1\49\rep_左手.jpg.jpg,morphology_score,0.2,0.2,['output_input_ratio'],[],False,True
recovered_archive1/49,recovered_archive1\49\rep_左手.jpg.jpg,flow_score,0.8,0.8,['flow_speed_um_s'],[],False,True
recovered_archive1/49,recovered_archive1\49\rep_左手.jpg.jpg,periloop_score,0.4,0.4,[],[],False,True
recovered_archive1/52,recovered_archive1\52\rep.jpg.jpg,morphology_score,2.6,2.6,['output_input_ratio'],[],False,True
recovered_archive1/52,recovered_archive1\52\rep.jpg.jpg,flow_score,1.8,1.8,"['flow_speed_um_s', 'microthrombus', 'blood_color']",['flow_state'],False,True
recovered_archive1/52,recovered_archive1\52\rep.jpg.jpg,periloop_score,3.1,3.1,[],[],False,True
recovered_archive1/52,recovered_archive1\52\rep_1901170.jpg.jpg,morphology_score,2.6,2.6,['output_input_ratio'],[],False,True
recovered_archive1/52,recovered_archive1\52\rep_1901170.jpg.jpg,flow_score,1.8,1.8,"['flow_speed_um_s', 'microthrombus', 'blood_color']",['flow_state'],False,True
recovered_archive1/52,recovered_archive1\52\rep_1901170.jpg.jpg,periloop_score,3.1,3.1,[],[],False,True
recovered_archive1/52,recovered_archive1\52\rep_1901171.jpg.jpg,morphology_score,2.6,2.6,['output_input_ratio'],[],False,True
recovered_archive1/52,recovered_archive1\52\rep_1901171.jpg.jpg,flow_score,1.8,1.8,"['flow_speed_um_s', 'microthrombus', 'blood_color']",['flow_state'],False,True
recovered_archive1/52,recovered_archive1\52\rep_1901171.jpg.jpg,periloop_score,3.1,3.1,[],[],False,True
recovered_archive1/52,recovered_archive1\52\rep_左手.jpg.jpg,morphology_score,2.6,2.6,['output_input_ratio'],[],False,True
recovered_archive1/52,recovered_archive1\52\rep_左手.jpg.jpg,flow_score,1.8,1.8,"['flow_speed_um_s', 'microthrombus', 'blood_color']",['flow_state'],False,True
recovered_archive1/52,recovered_archive1\52\rep_左手.jpg.jpg,periloop_score,3.1,3.1,[],[],False,True
recovered_archive1/53,recovered_archive1\53\rep.jpg.jpg,morphology_score,1.2,1.2,"['output_input_ratio', 'loop_length']",['capillary_count'],False,True
recovered_archive1/53,recovered_archive1\53\rep.jpg.jpg,flow_score,0.4,0.4,"['flow_state', 'flow_speed_um_s']",[],False,True
recovered_archive1/53,recovered_archive1\53\rep.jpg.jpg,periloop_score,0.4,0.4,[],[],False,True
recovered_archive1/53,recovered_archive1\53\rep_1.jpg.jpg,morphology_score,1.2,1.2,"['output_input_ratio', 'loop_length']",['capillary_count'],False,True
recovered_archive1/53,recovered_archive1\53\rep_1.jpg.jpg,flow_score,0.4,0.4,"['flow_state', 'flow_speed_um_s']",[],False,True
recovered_archive1/53,recovered_archive1\53\rep_1.jpg.jpg,periloop_score,0.4,0.4,[],[],False,True
recovered_archive1/53,recovered_archive1\53\rep_1810170.jpg.jpg,morphology_score,1.2,1.2,"['output_input_ratio', 'loop_length']",['capillary_count'],False,True
recovered_archive1/53,recovered_archive1\53\rep_1810170.jpg.jpg,flow_score,0.4,0.4,"['flow_state', 'flow_speed_um_s']",[],False,True
recovered_archive1/53,recovered_archive1\53\rep_1810170.jpg.jpg,periloop_score,0.4,0.4,[],[],False,True
recovered_archive1/54,recovered_archive1\54\rep.jpg.jpg,morphology_score,2.0,2.0,['output_input_ratio'],[],False,True
recovered_archive1/54,recovered_archive1\54\rep.jpg.jpg,flow_score,0.2,0.2,['flow_speed_um_s'],[],False,True
recovered_archive1/54,recovered_archive1\54\rep.jpg.jpg,periloop_score,0.1,0.1,[],[],False,True
recovered_archive1/54,recovered_archive1\54\rep_1901220.jpg.jpg,morphology_score,2.0,2.0,['output_input_ratio'],[],False,True
recovered_archive1/54,recovered_archive1\54\rep_1901220.jpg.jpg,flow_score,0.2,0.2,['flow_speed_um_s'],[],False,True
recovered_archive1/54,recovered_archive1\54\rep_1901220.jpg.jpg,periloop_score,0.1,0.1,[],[],False,True
recovered_archive1/54,recovered_archive1\54\rep_1901221.jpg.jpg,morphology_score,2.0,2.0,['output_input_ratio'],[],False,True
recovered_archive1/54,recovered_archive1\54\rep_1901221.jpg.jpg,flow_score,0.2,0.2,['flow_speed_um_s'],[],False,True
recovered_archive1/54,recovered_archive1\54\rep_1901221.jpg.jpg,periloop_score,0.1,0.1,[],[],False,True
recovered_archive1/54,recovered_archive1\54\rep_左手.jpg.jpg,morphology_score,2.0,2.0,['output_input_ratio'],[],False,True
recovered_archive1/54,recovered_archive1\54\rep_左手.jpg.jpg,flow_score,0.2,0.2,['flow_speed_um_s'],[],False,True
recovered_archive1/54,recovered_archive1\54\rep_左手.jpg.jpg,periloop_score,0.1,0.1,[],[],False,True
recovered_archive1/57,recovered_archive1\57\rep.jpg.jpg,morphology_score,3.4,3.4,"['output_input_ratio', 'malformation_ratio']",['efferent_diameter'],False,True
recovered_archive1/57,recovered_archive1\57\rep.jpg.jpg,flow_score,2.2,2.2,['flow_speed_um_s'],['flow_state'],False,True
recovered_archive1/57,recovered_archive1\57\rep.jpg.jpg,periloop_score,1.9,1.9,[],[],False,True
recovered_archive1/57,recovered_archive1\57\rep_1901080.jpg.jpg,morphology_score,3.4,3.4,"['output_input_ratio', 'malformation_ratio']",['efferent_diameter'],False,True
recovered_archive1/57,recovered_archive1\57\rep_1901080.jpg.jpg,flow_score,2.2,2.2,['flow_speed_um_s'],['flow_state'],False,True
recovered_archive1/57,recovered_archive1\57\rep_1901080.jpg.jpg,periloop_score,1.9,1.9,[],[],False,True
recovered_archive1/57,recovered_archive1\57\rep_1901081.jpg.jpg,morphology_score,3.4,3.4,"['output_input_ratio', 'malformation_ratio']",['efferent_diameter'],False,True
recovered_archive1/57,recovered_archive1\57\rep_1901081.jpg.jpg,flow_score,2.2,2.2,['flow_speed_um_s'],['flow_state'],False,True
recovered_archive1/57,recovered_archive1\57\rep_1901081.jpg.jpg,periloop_score,1.9,1.9,[],[],False,True
recovered_archive1/57,recovered_archive1\57\rep_左手.jpg.jpg,morphology_score,3.4,3.4,"['output_input_ratio', 'malformation_ratio']",['efferent_diameter'],False,True
recovered_archive1/57,recovered_archive1\57\rep_左手.jpg.jpg,flow_score,2.2,2.2,['flow_speed_um_s'],['flow_state'],False,True
recovered_archive1/57,recovered_archive1\57\rep_左手.jpg.jpg,periloop_score,1.9,1.9,[],[],False,True
recovered_archive1/59,recovered_archive1\59\rep.jpg.jpg,morphology_score,3.1,3.1,['output_input_ratio'],[],False,True
recovered_archive1/59,recovered_archive1\59\rep.jpg.jpg,flow_score,1.0,1.0,['flow_speed_um_s'],[],False,True
recovered_archive1/59,recovered_archive1\59\rep.jpg.jpg,periloop_score,1.9,1.9,[],[],False,True
recovered_archive1/59,recovered_archive1\59\rep_2001070.jpg.jpg,morphology_score,3.1,3.1,['output_input_ratio'],[],False,True
recovered_archive1/59,recovered_archive1\59\rep_2001070.jpg.jpg,flow_score,1.0,1.0,['flow_speed_um_s'],[],False,True
recovered_archive1/59,recovered_archive1\59\rep_2001070.jpg.jpg,periloop_score,1.9,1.9,[],[],False,True
recovered_archive1/59,recovered_archive1\59\rep_2001071.jpg.jpg,morphology_score,3.1,3.1,['output_input_ratio'],[],False,True
recovered_archive1/59,recovered_archive1\59\rep_2001071.jpg.jpg,flow_score,1.0,1.0,['flow_speed_um_s'],[],False,True
recovered_archive1/59,recovered_archive1\59\rep_2001071.jpg.jpg,periloop_score,1.9,1.9,[],[],False,True
recovered_archive1/59,recovered_archive1\59\rep_左手.jpg.jpg,morphology_score,3.1,3.1,['output_input_ratio'],[],False,True
recovered_archive1/59,recovered_archive1\59\rep_左手.jpg.jpg,flow_score,1.0,1.0,['flow_speed_um_s'],[],False,True
recovered_archive1/59,recovered_archive1\59\rep_左手.jpg.jpg,periloop_score,1.9,1.9,[],[],False,True
recovered_archive1/60,recovered_archive1\60\rep.jpg.jpg,morphology_score,0.6,0.6,"['output_input_ratio', 'crossing_ratio']",[],False,True
recovered_archive1/60,recovered_archive1\60\rep.jpg.jpg,flow_score,5.0,5.0,['flow_speed_um_s'],[],False,True
recovered_archive1/60,recovered_archive1\60\rep_2004140.jpg.jpg,morphology_score,0.6,0.6,"['output_input_ratio', 'crossing_ratio']",[],False,True
recovered_archive1/60,recovered_archive1\60\rep_2004140.jpg.jpg,flow_score,5.0,5.0,['flow_speed_um_s'],[],False,True
recovered_archive1/60,recovered_archive1\60\rep_2004141.jpg.jpg,morphology_score,0.6,0.6,"['output_input_ratio', 'crossing_ratio']",[],False,True
recovered_archive1/60,recovered_archive1\60\rep_2004141.jpg.jpg,flow_score,5.0,5.0,['flow_speed_um_s'],[],False,True
recovered_archive1/60,recovered_archive1\60\rep_左手.jpg.jpg,morphology_score,0.6,0.6,"['output_input_ratio', 'crossing_ratio']",[],False,True
recovered_archive1/60,recovered_archive1\60\rep_左手.jpg.jpg,flow_score,5.0,5.0,['flow_speed_um_s'],[],False,True
recovered_archive1/61,recovered_archive1\61\rep.jpg.jpg,morphology_score,0.4,0.4,['output_input_ratio'],[],False,True
recovered_archive1/61,recovered_archive1\61\rep.jpg.jpg,flow_score,1.0,1.0,['flow_speed_um_s'],['flow_state'],False,True
recovered_archive1/61,recovered_archive1\61\rep.jpg.jpg,periloop_score,0.0,0.0,[],[],False,True
recovered_archive1/61,recovered_archive1\61\rep_1.jpg.jpg,morphology_score,0.4,0.4,['output_input_ratio'],[],False,True
recovered_archive1/61,recovered_archive1\61\rep_1.jpg.jpg,flow_score,1.0,1.0,['flow_speed_um_s'],['flow_state'],False,True
recovered_archive1/61,recovered_archive1\61\rep_1.jpg.jpg,periloop_score,0.0,0.0,[],[],False,True
recovered_archive1/61,recovered_archive1\61\rep_1812070.jpg.jpg,morphology_score,0.4,0.4,['output_input_ratio'],[],False,True
recovered_archive1/61,recovered_archive1\61\rep_1812070.jpg.jpg,flow_score,1.0,1.0,['flow_speed_um_s'],['flow_state'],False,True
recovered_archive1/61,recovered_archive1\61\rep_1812070.jpg.jpg,periloop_score,0.0,0.0,[],[],False,True
recovered_archive1/61,recovered_archive1\61\rep_1812071.jpg.jpg,morphology_score,0.4,0.4,['output_input_ratio'],[],False,True
recovered_archive1/61,recovered_archive1\61\rep_1812071.jpg.jpg,flow_score,1.0,1.0,['flow_speed_um_s'],['flow_state'],False,True
recovered_archive1/61,recovered_archive1\61\rep_1812071.jpg.jpg,periloop_score,0.0,0.0,[],[],False,True
recovered_archive1/61,recovered_archive1\61\rep_1812072.jpg.jpg,morphology_score,0.4,0.4,['output_input_ratio'],[],False,True
recovered_archive1/61,recovered_archive1\61\rep_1812072.jpg.jpg,flow_score,1.0,1.0,['flow_speed_um_s'],['flow_state'],False,True
recovered_archive1/61,recovered_archive1\61\rep_1812072.jpg.jpg,periloop_score,0.0,0.0,[],[],False,True
recovered_archive1/62,recovered_archive1\62\rep.jpg.jpg,morphology_score,1.2,1.2,['output_input_ratio'],[],False,True
recovered_archive1/62,recovered_archive1\62\rep.jpg.jpg,flow_score,0.6,0.6,['flow_speed_um_s'],[],False,True
recovered_archive1/62,recovered_archive1\62\rep.jpg.jpg,periloop_score,2.4,2.4,[],[],False,True
recovered_archive1/62,recovered_archive1\62\rep_1912240.jpg.jpg,morphology_score,1.2,1.2,['output_input_ratio'],[],False,True
recovered_archive1/62,recovered_archive1\62\rep_1912240.jpg.jpg,flow_score,0.6,0.6,['flow_speed_um_s'],[],False,True
recovered_archive1/62,recovered_archive1\62\rep_1912240.jpg.jpg,periloop_score,2.4,2.4,[],[],False,True
recovered_archive1/62,recovered_archive1\62\rep_1912241.jpg.jpg,morphology_score,1.2,1.2,['output_input_ratio'],[],False,True
recovered_archive1/62,recovered_archive1\62\rep_1912241.jpg.jpg,flow_score,0.6,0.6,['flow_speed_um_s'],[],False,True
recovered_archive1/62,recovered_archive1\62\rep_1912241.jpg.jpg,periloop_score,2.4,2.4,[],[],False,True
recovered_archive1/62,recovered_archive1\62\rep_左手.jpg.jpg,morphology_score,1.2,1.2,['output_input_ratio'],[],False,True
recovered_archive1/62,recovered_archive1\62\rep_左手.jpg.jpg,flow_score,0.6,0.6,['flow_speed_um_s'],[],False,True
recovered_archive1/62,recovered_archive1\62\rep_左手.jpg.jpg,periloop_score,2.4,2.4,[],[],False,True
recovered_archive1/64,recovered_archive1\64\rep.jpg.jpg,morphology_score,1.4,1.4,"['afferent_diameter', 'efferent_diameter', 'output_input_ratio']",[],False,True
recovered_archive1/64,recovered_archive1\64\rep.jpg.jpg,flow_score,0.6,0.6,['flow_speed_um_s'],[],False,True
recovered_archive1/64,recovered_archive1\64\rep.jpg.jpg,periloop_score,2.5,2.5,[],[],False,True
recovered_archive1/64,recovered_archive1\64\rep_1910100.jpg.jpg,morphology_score,1.4,1.4,"['afferent_diameter', 'efferent_diameter', 'output_input_ratio']",[],False,True
recovered_archive1/64,recovered_archive1\64\rep_1910100.jpg.jpg,flow_score,0.6,0.6,['flow_speed_um_s'],[],False,True
recovered_archive1/64,recovered_archive1\64\rep_1910100.jpg.jpg,periloop_score,2.5,2.5,[],[],False,True
recovered_archive1/64,recovered_archive1\64\rep_1910101.jpg.jpg,morphology_score,1.4,1.4,"['afferent_diameter', 'efferent_diameter', 'output_input_ratio']",[],False,True
recovered_archive1/64,recovered_archive1\64\rep_1910101.jpg.jpg,flow_score,0.6,0.6,['flow_speed_um_s'],[],False,True
recovered_archive1/64,recovered_archive1\64\rep_1910101.jpg.jpg,periloop_score,2.5,2.5,[],[],False,True
recovered_archive1/64,recovered_archive1\64\rep_左手.jpg.jpg,morphology_score,1.4,1.4,"['afferent_diameter', 'efferent_diameter', 'output_input_ratio']",[],False,True
recovered_archive1/64,recovered_archive1\64\rep_左手.jpg.jpg,flow_score,0.6,0.6,['flow_speed_um_s'],[],False,True
recovered_archive1/64,recovered_archive1\64\rep_左手.jpg.jpg,periloop_score,2.5,2.5,[],[],False,True
recovered_archive1/66,recovered_archive1\66\rep.jpg.jpg,morphology_score,2.5,2.5,['output_input_ratio'],['capillary_count'],False,True
recovered_archive1/66,recovered_archive1\66\rep.jpg.jpg,flow_score,9.8,9.8,['flow_speed_um_s'],[],False,True
recovered_archive1/66,recovered_archive1\66\rep.jpg.jpg,periloop_score,2.8,2.8,[],[],False,True
recovered_archive1/66,recovered_archive1\66\rep_1906060.jpg.jpg,morphology_score,2.5,2.5,['output_input_ratio'],['capillary_count'],False,True
recovered_archive1/66,recovered_archive1\66\rep_1906060.jpg.jpg,flow_score,9.8,9.8,['flow_speed_um_s'],[],False,True
recovered_archive1/66,recovered_archive1\66\rep_1906060.jpg.jpg,periloop_score,2.8,2.8,[],[],False,True
recovered_archive1/66,recovered_archive1\66\rep_1906061.jpg.jpg,morphology_score,2.5,2.5,['output_input_ratio'],['capillary_count'],False,True
recovered_archive1/66,recovered_archive1\66\rep_1906061.jpg.jpg,flow_score,9.8,9.8,['flow_speed_um_s'],[],False,True
recovered_archive1/66,recovered_archive1\66\rep_1906061.jpg.jpg,periloop_score,2.8,2.8,[],[],False,True
recovered_archive1/66,recovered_archive1\66\rep_左手.jpg.jpg,morphology_score,2.5,2.5,['output_input_ratio'],['capillary_count'],False,True
recovered_archive1/66,recovered_archive1\66\rep_左手.jpg.jpg,flow_score,9.8,9.8,['flow_speed_um_s'],[],False,True
recovered_archive1/66,recovered_archive1\66\rep_左手.jpg.jpg,periloop_score,2.8,2.8,[],[],False,True
recovered_archive1/67,recovered_archive1\67\rep.jpg.jpg,morphology_score,2.2,2.2,"['afferent_diameter', 'efferent_diameter', 'output_input_ratio', 'apex_diameter', 'crossing_ratio']",['capillary_count'],False,True
recovered_archive1/67,recovered_archive1\67\rep.jpg.jpg,flow_score,2.2,2.2,['flow_speed_um_s'],['flow_state'],False,True
recovered_archive1/67,recovered_archive1\67\rep.jpg.jpg,periloop_score,2.8,2.8,[],[],False,True
recovered_archive1/67,recovered_archive1\67\rep_2001140.jpg.jpg,morphology_score,2.2,2.2,"['afferent_diameter', 'efferent_diameter', 'output_input_ratio', 'apex_diameter', 'crossing_ratio']",['capillary_count'],False,True
recovered_archive1/67,recovered_archive1\67\rep_2001140.jpg.jpg,flow_score,2.2,2.2,['flow_speed_um_s'],['flow_state'],False,True
recovered_archive1/67,recovered_archive1\67\rep_2001140.jpg.jpg,periloop_score,2.8,2.8,[],[],False,True
recovered_archive1/67,recovered_archive1\67\rep_2001141.jpg.jpg,morphology_score,2.2,2.2,"['afferent_diameter', 'efferent_diameter', 'output_input_ratio', 'apex_diameter', 'crossing_ratio']",['capillary_count'],False,True
recovered_archive1/67,recovered_archive1\67\rep_2001141.jpg.jpg,flow_score,2.2,2.2,['flow_speed_um_s'],['flow_state'],False,True
recovered_archive1/67,recovered_archive1\67\rep_2001141.jpg.jpg,periloop_score,2.8,2.8,[],[],False,True
recovered_archive1/67,recovered_archive1\67\rep_左手.jpg.jpg,morphology_score,2.2,2.2,"['afferent_diameter', 'efferent_diameter', 'output_input_ratio', 'apex_diameter', 'crossing_ratio']",['capillary_count'],False,True
recovered_archive1/67,recovered_archive1\67\rep_左手.jpg.jpg,flow_score,2.2,2.2,['flow_speed_um_s'],['flow_state'],False,True
recovered_archive1/67,recovered_archive1\67\rep_左手.jpg.jpg,periloop_score,2.8,2.8,[],[],False,True
recovered_archive1/68,recovered_archive1\68\rep.jpg.jpg,morphology_score,2.0,2.0,['output_input_ratio'],[],False,True
recovered_archive1/68,recovered_archive1\68\rep.jpg.jpg,flow_score,2.2,2.2,['flow_speed_um_s'],['flow_state'],False,True
recovered_archive1/68,recovered_archive1\68\rep.jpg.jpg,periloop_score,3.1,3.1,[],[],False,True
recovered_archive1/68,recovered_archive1\68\rep_1901170.jpg.jpg,morphology_score,2.0,2.0,['output_input_ratio'],[],False,True
recovered_archive1/68,recovered_archive1\68\rep_1901170.jpg.jpg,flow_score,2.2,2.2,['flow_speed_um_s'],['flow_state'],False,True
recovered_archive1/68,recovered_archive1\68\rep_1901170.jpg.jpg,periloop_score,3.1,3.1,[],[],False,True
recovered_archive1/68,recovered_archive1\68\rep_1901171.jpg.jpg,morphology_score,2.0,2.0,['output_input_ratio'],[],False,True
recovered_archive1/68,recovered_archive1\68\rep_1901171.jpg.jpg,flow_score,2.2,2.2,['flow_speed_um_s'],['flow_state'],False,True
recovered_archive1/68,recovered_archive1\68\rep_1901171.jpg.jpg,periloop_score,3.1,3.1,[],[],False,True
recovered_archive1/68,recovered_archive1\68\rep_左手.jpg.jpg,morphology_score,2.0,2.0,['output_input_ratio'],[],False,True
recovered_archive1/68,recovered_archive1\68\rep_左手.jpg.jpg,flow_score,2.2,2.2,['flow_speed_um_s'],['flow_state'],False,True
recovered_archive1/68,recovered_archive1\68\rep_左手.jpg.jpg,periloop_score,3.1,3.1,[],[],False,True
recovered_archive1/69,recovered_archive1\69\rep.jpg.jpg,morphology_score,0.4,0.4,"['afferent_diameter', 'efferent_diameter', 'output_input_ratio', 'apex_diameter', 'malformation_ratio']",[],False,True
recovered_archive1/69,recovered_archive1\69\rep.jpg.jpg,flow_score,0.6,0.6,['flow_speed_um_s'],[],False,True
recovered_archive1/69,recovered_archive1\69\rep_1903050.jpg.jpg,morphology_score,0.4,0.4,"['afferent_diameter', 'efferent_diameter', 'output_input_ratio', 'apex_diameter', 'malformation_ratio']",[],False,True
recovered_archive1/69,recovered_archive1\69\rep_1903050.jpg.jpg,flow_score,0.6,0.6,['flow_speed_um_s'],[],False,True
recovered_archive1/69,recovered_archive1\69\rep_1903051.jpg.jpg,morphology_score,0.4,0.4,"['afferent_diameter', 'efferent_diameter', 'output_input_ratio', 'apex_diameter', 'malformation_ratio']",[],False,True
recovered_archive1/69,recovered_archive1\69\rep_1903051.jpg.jpg,flow_score,0.6,0.6,['flow_speed_um_s'],[],False,True
recovered_archive1/69,recovered_archive1\69\rep_右手.jpg.jpg,morphology_score,0.4,0.4,"['afferent_diameter', 'efferent_diameter', 'output_input_ratio', 'apex_diameter', 'malformation_ratio']",[],False,True
recovered_archive1/69,recovered_archive1\69\rep_右手.jpg.jpg,flow_score,0.6,0.6,['flow_speed_um_s'],[],False,True
recovered_archive1/70,recovered_archive1\70\rep.jpg.jpg,morphology_score,2.6,2.6,['output_input_ratio'],[],False,True
recovered_archive1/70,recovered_archive1\70\rep.jpg.jpg,flow_score,1.2,1.2,['flow_speed_um_s'],['flow_state'],False,True
recovered_archive1/70,recovered_archive1\70\rep.jpg.jpg,periloop_score,1.4,1.4,[],[],False,True
recovered_archive1/70,recovered_archive1\70\rep_1901220.jpg.jpg,morphology_score,2.6,2.6,['output_input_ratio'],[],False,True
recovered_archive1/70,recovered_archive1\70\rep_1901220.jpg.jpg,flow_score,1.2,1.2,['flow_speed_um_s'],['flow_state'],False,True
recovered_archive1/70,recovered_archive1\70\rep_1901220.jpg.jpg,periloop_score,1.4,1.4,[],[],False,True
recovered_archive1/70,recovered_archive1\70\rep_1901221.jpg.jpg,morphology_score,2.6,2.6,['output_input_ratio'],[],False,True
recovered_archive1/70,recovered_archive1\70\rep_1901221.jpg.jpg,flow_score,1.2,1.2,['flow_speed_um_s'],['flow_state'],False,True
recovered_archive1/70,recovered_archive1\70\rep_1901221.jpg.jpg,periloop_score,1.4,1.4,[],[],False,True
recovered_archive1/70,recovered_archive1\70\rep_左手.jpg.jpg,morphology_score,2.6,2.6,['output_input_ratio'],[],False,True
recovered_archive1/70,recovered_archive1\70\rep_左手.jpg.jpg,flow_score,1.2,1.2,['flow_speed_um_s'],['flow_state'],False,True
recovered_archive1/70,recovered_archive1\70\rep_左手.jpg.jpg,periloop_score,1.4,1.4,[],[],False,True
recovered_archive1/71,recovered_archive1\71\rep.jpg.jpg,morphology_score,1.3,1.3,['output_input_ratio'],['capillary_count'],False,True
recovered_archive1/71,recovered_archive1\71\rep.jpg.jpg,flow_score,4.1,4.1,['flow_speed_um_s'],['flow_state'],False,True
recovered_archive1/71,recovered_archive1\71\rep.jpg.jpg,periloop_score,0.4,0.4,[],[],False,True
recovered_archive1/71,recovered_archive1\71\rep_1903050.jpg.jpg,morphology_score,1.3,1.3,['output_input_ratio'],['capillary_count'],False,True
recovered_archive1/71,recovered_archive1\71\rep_1903050.jpg.jpg,flow_score,4.1,4.1,['flow_speed_um_s'],['flow_state'],False,True
recovered_archive1/71,recovered_archive1\71\rep_1903050.jpg.jpg,periloop_score,0.4,0.4,[],[],False,True
recovered_archive1/71,recovered_archive1\71\rep_1903051.jpg.jpg,morphology_score,1.3,1.3,['output_input_ratio'],['capillary_count'],False,True
recovered_archive1/71,recovered_archive1\71\rep_1903051.jpg.jpg,flow_score,4.1,4.1,['flow_speed_um_s'],['flow_state'],False,True
recovered_archive1/71,recovered_archive1\71\rep_1903051.jpg.jpg,periloop_score,0.4,0.4,[],[],False,True
recovered_archive1/71,recovered_archive1\71\rep_左手.jpg.jpg,morphology_score,1.3,1.3,['output_input_ratio'],['capillary_count'],False,True
recovered_archive1/71,recovered_archive1\71\rep_左手.jpg.jpg,flow_score,4.1,4.1,['flow_speed_um_s'],['flow_state'],False,True
recovered_archive1/71,recovered_archive1\71\rep_左手.jpg.jpg,periloop_score,0.4,0.4,[],[],False,True
recovered_archive1/72,recovered_archive1\72\rep.jpg.jpg,morphology_score,0.6,0.6,['output_input_ratio'],[],False,True
recovered_archive1/72,recovered_archive1\72\rep.jpg.jpg,flow_score,5.0,5.0,['flow_speed_um_s'],[],False,True
recovered_archive1/72,recovered_archive1\72\rep.jpg.jpg,periloop_score,0.1,0.1,['sweat_duct'],[],False,True
recovered_archive1/72,recovered_archive1\72\rep_2006230.jpg.jpg,morphology_score,0.6,0.6,['output_input_ratio'],[],False,True
recovered_archive1/72,recovered_archive1\72\rep_2006230.jpg.jpg,flow_score,5.0,5.0,['flow_speed_um_s'],[],False,True
recovered_archive1/72,recovered_archive1\72\rep_2006230.jpg.jpg,periloop_score,0.1,0.1,['sweat_duct'],[],False,True
recovered_archive1/72,recovered_archive1\72\rep_2006231.jpg.jpg,morphology_score,0.6,0.6,['output_input_ratio'],[],False,True
recovered_archive1/72,recovered_archive1\72\rep_2006231.jpg.jpg,flow_score,5.0,5.0,['flow_speed_um_s'],[],False,True
recovered_archive1/72,recovered_archive1\72\rep_2006231.jpg.jpg,periloop_score,0.1,0.1,['sweat_duct'],[],False,True
recovered_archive1/72,recovered_archive1\72\rep_右手.jpg.jpg,morphology_score,0.6,0.6,['output_input_ratio'],[],False,True
recovered_archive1/72,recovered_archive1\72\rep_右手.jpg.jpg,flow_score,5.0,5.0,['flow_speed_um_s'],[],False,True
recovered_archive1/72,recovered_archive1\72\rep_右手.jpg.jpg,periloop_score,0.1,0.1,['sweat_duct'],[],False,True
recovered_archive1/74,recovered_archive1\74\rep.jpg.jpg,morphology_score,0.2,0.2,['output_input_ratio'],[],False,True
recovered_archive1/74,recovered_archive1\74\rep.jpg.jpg,flow_score,1.0,1.0,"['flow_speed_um_s', 'microthrombus', 'blood_color']",['flow_state'],False,True
recovered_archive1/74,recovered_archive1\74\rep.jpg.jpg,periloop_score,1.2,1.2,[],['hemorrhage'],False,True
recovered_archive1/74,recovered_archive1\74\rep_1812070.jpg.jpg,morphology_score,0.2,0.2,['output_input_ratio'],[],False,True
recovered_archive1/74,recovered_archive1\74\rep_1812070.jpg.jpg,flow_score,1.0,1.0,"['flow_speed_um_s', 'microthrombus', 'blood_color']",['flow_state'],False,True
recovered_archive1/74,recovered_archive1\74\rep_1812070.jpg.jpg,periloop_score,1.2,1.2,[],['hemorrhage'],False,True
recovered_archive1/74,recovered_archive1\74\rep_1812071.jpg.jpg,morphology_score,0.2,0.2,['output_input_ratio'],[],False,True
recovered_archive1/74,recovered_archive1\74\rep_1812071.jpg.jpg,flow_score,1.0,1.0,"['flow_speed_um_s', 'microthrombus', 'blood_color']",['flow_state'],False,True
recovered_archive1/74,recovered_archive1\74\rep_1812071.jpg.jpg,periloop_score,1.2,1.2,[],['hemorrhage'],False,True
recovered_archive1/74,recovered_archive1\74\rep_左手.jpg.jpg,morphology_score,0.2,0.2,['output_input_ratio'],[],False,True
recovered_archive1/74,recovered_archive1\74\rep_左手.jpg.jpg,flow_score,1.0,1.0,"['flow_speed_um_s', 'microthrombus', 'blood_color']",['flow_state'],False,True
recovered_archive1/74,recovered_archive1\74\rep_左手.jpg.jpg,periloop_score,1.2,1.2,[],['hemorrhage'],False,True
recovered_archive1/76,recovered_archive1\76\rep.jpg.jpg,morphology_score,1.5,1.5,['output_input_ratio'],[],False,True
recovered_archive1/76,recovered_archive1\76\rep.jpg.jpg,flow_score,3.8,3.8,['flow_speed_um_s'],[],False,True
recovered_archive1/76,recovered_archive1\76\rep.jpg.jpg,periloop_score,2.0,2.0,['sweat_duct'],[],False,True
recovered_archive1/76,recovered_archive1\76\rep_1902120.jpg.jpg,morphology_score,1.5,1.5,['output_input_ratio'],[],False,True
recovered_archive1/76,recovered_archive1\76\rep_1902120.jpg.jpg,flow_score,3.8,3.8,['flow_speed_um_s'],[],False,True
recovered_archive1/76,recovered_archive1\76\rep_1902120.jpg.jpg,periloop_score,2.0,2.0,['sweat_duct'],[],False,True
recovered_archive1/76,recovered_archive1\76\rep_1902121.jpg.jpg,morphology_score,1.5,1.5,['output_input_ratio'],[],False,True
recovered_archive1/76,recovered_archive1\76\rep_1902121.jpg.jpg,flow_score,3.8,3.8,['flow_speed_um_s'],[],False,True
recovered_archive1/76,recovered_archive1\76\rep_1902121.jpg.jpg,periloop_score,2.0,2.0,['sweat_duct'],[],False,True
recovered_archive1/76,recovered_archive1\76\rep_左手.jpg.jpg,morphology_score,1.5,1.5,['output_input_ratio'],[],False,True
recovered_archive1/76,recovered_archive1\76\rep_左手.jpg.jpg,flow_score,3.8,3.8,['flow_speed_um_s'],[],False,True
recovered_archive1/76,recovered_archive1\76\rep_左手.jpg.jpg,periloop_score,2.0,2.0,['sweat_duct'],[],False,True
recovered_archive1/78,recovered_archive1\78\rep.jpg.jpg,morphology_score,3.7,3.7,['output_input_ratio'],"['capillary_count', 'efferent_diameter']",False,True
recovered_archive1/78,recovered_archive1\78\rep.jpg.jpg,flow_score,1.2,1.2,['flow_speed_um_s'],['flow_state'],False,True
recovered_archive1/78,recovered_archive1\78\rep.jpg.jpg,periloop_score,1.4,1.4,[],[],False,True
recovered_archive1/78,recovered_archive1\78\rep_1902260.jpg.jpg,morphology_score,3.7,3.7,['output_input_ratio'],"['capillary_count', 'efferent_diameter']",False,True
recovered_archive1/78,recovered_archive1\78\rep_1902260.jpg.jpg,flow_score,1.2,1.2,['flow_speed_um_s'],['flow_state'],False,True
recovered_archive1/78,recovered_archive1\78\rep_1902260.jpg.jpg,periloop_score,1.4,1.4,[],[],False,True
recovered_archive1/78,recovered_archive1\78\rep_1902261.jpg.jpg,morphology_score,3.7,3.7,['output_input_ratio'],"['capillary_count', 'efferent_diameter']",False,True
recovered_archive1/78,recovered_archive1\78\rep_1902261.jpg.jpg,flow_score,1.2,1.2,['flow_speed_um_s'],['flow_state'],False,True
recovered_archive1/78,recovered_archive1\78\rep_1902261.jpg.jpg,periloop_score,1.4,1.4,[],[],False,True
recovered_archive1/78,recovered_archive1\78\rep_左手.jpg.jpg,morphology_score,3.7,3.7,['output_input_ratio'],"['capillary_count', 'efferent_diameter']",False,True
recovered_archive1/78,recovered_archive1\78\rep_左手.jpg.jpg,flow_score,1.2,1.2,['flow_speed_um_s'],['flow_state'],False,True
recovered_archive1/78,recovered_archive1\78\rep_左手.jpg.jpg,periloop_score,1.4,1.4,[],[],False,True
recovered_archive1/80,recovered_archive1\80\rep.jpg.jpg,morphology_score,3.6,3.6,['output_input_ratio'],['efferent_diameter'],False,True
recovered_archive1/80,recovered_archive1\80\rep.jpg.jpg,flow_score,2.2,2.2,['flow_speed_um_s'],['flow_state'],False,True
recovered_archive1/80,recovered_archive1\80\rep.jpg.jpg,periloop_score,1.6,1.6,[],[],False,True
recovered_archive1/80,recovered_archive1\80\rep_1905211.jpg.jpg,morphology_score,3.6,3.6,['output_input_ratio'],['efferent_diameter'],False,True
recovered_archive1/80,recovered_archive1\80\rep_1905211.jpg.jpg,flow_score,2.2,2.2,['flow_speed_um_s'],['flow_state'],False,True
recovered_archive1/80,recovered_archive1\80\rep_1905211.jpg.jpg,periloop_score,1.6,1.6,[],[],False,True
recovered_archive1/80,recovered_archive1\80\rep_左手.jpg.jpg,morphology_score,3.6,3.6,['output_input_ratio'],['efferent_diameter'],False,True
recovered_archive1/80,recovered_archive1\80\rep_左手.jpg.jpg,flow_score,2.2,2.2,['flow_speed_um_s'],['flow_state'],False,True
recovered_archive1/80,recovered_archive1\80\rep_左手.jpg.jpg,periloop_score,1.6,1.6,[],[],False,True
recovered_archive1/81,recovered_archive1\81\rep.jpg.jpg,morphology_score,2.2,2.2,"['afferent_diameter', 'efferent_diameter', 'output_input_ratio']",[],False,True
recovered_archive1/81,recovered_archive1\81\rep.jpg.jpg,flow_score,2.0,2.0,['flow_speed_um_s'],['flow_state'],False,True
recovered_archive1/81,recovered_archive1\81\rep.jpg.jpg,periloop_score,1.5,1.5,[],[],False,True
recovered_archive1/81,recovered_archive1\81\rep_2012030.jpg.jpg,morphology_score,2.2,2.2,"['afferent_diameter', 'efferent_diameter', 'output_input_ratio']",[],False,True
recovered_archive1/81,recovered_archive1\81\rep_2012030.jpg.jpg,flow_score,2.0,2.0,['flow_speed_um_s'],['flow_state'],False,True
recovered_archive1/81,recovered_archive1\81\rep_2012030.jpg.jpg,periloop_score,1.5,1.5,[],[],False,True
recovered_archive1/81,recovered_archive1\81\rep_2012031.jpg.jpg,morphology_score,2.2,2.2,"['afferent_diameter', 'efferent_diameter', 'output_input_ratio']",[],False,True
recovered_archive1/81,recovered_archive1\81\rep_2012031.jpg.jpg,flow_score,2.0,2.0,['flow_speed_um_s'],['flow_state'],False,True
recovered_archive1/81,recovered_archive1\81\rep_2012031.jpg.jpg,periloop_score,1.5,1.5,[],[],False,True
recovered_archive1/81,recovered_archive1\81\rep_双手无名指.jpg.jpg,morphology_score,2.2,2.2,"['afferent_diameter', 'efferent_diameter', 'output_input_ratio']",[],False,True
recovered_archive1/81,recovered_archive1\81\rep_双手无名指.jpg.jpg,flow_score,2.0,2.0,['flow_speed_um_s'],['flow_state'],False,True
recovered_archive1/81,recovered_archive1\81\rep_双手无名指.jpg.jpg,periloop_score,1.5,1.5,[],[],False,True
recovered_archive1/82,recovered_archive1\82\rep.jpg.jpg,morphology_score,0.4,0.4,['output_input_ratio'],[],False,True
recovered_archive1/82,recovered_archive1\82\rep.jpg.jpg,flow_score,0.4,0.4,['flow_speed_um_s'],[],False,True
recovered_archive1/82,recovered_archive1\82\rep.jpg.jpg,periloop_score,0.0,0.0,[],[],False,True
recovered_archive1/82,recovered_archive1\82\rep_1902210.jpg.jpg,morphology_score,0.4,0.4,['output_input_ratio'],[],False,True
recovered_archive1/82,recovered_archive1\82\rep_1902210.jpg.jpg,flow_score,0.4,0.4,['flow_speed_um_s'],[],False,True
recovered_archive1/82,recovered_archive1\82\rep_1902210.jpg.jpg,periloop_score,0.0,0.0,[],[],False,True
recovered_archive1/82,recovered_archive1\82\rep_1902211.jpg.jpg,morphology_score,0.4,0.4,['output_input_ratio'],[],False,True
recovered_archive1/82,recovered_archive1\82\rep_1902211.jpg.jpg,flow_score,0.4,0.4,['flow_speed_um_s'],[],False,True
recovered_archive1/82,recovered_archive1\82\rep_1902211.jpg.jpg,periloop_score,0.0,0.0,[],[],False,True
recovered_archive1/82,recovered_archive1\82\rep_左手.jpg.jpg,morphology_score,0.4,0.4,['output_input_ratio'],[],False,True
recovered_archive1/82,recovered_archive1\82\rep_左手.jpg.jpg,flow_score,0.4,0.4,['flow_speed_um_s'],[],False,True
recovered_archive1/82,recovered_archive1\82\rep_左手.jpg.jpg,periloop_score,0.0,0.0,[],[],False,True
recovered_archive1/83,recovered_archive1\83\rep.jpg.jpg,morphology_score,1.7,1.7,['output_input_ratio'],[],False,True
recovered_archive1/83,recovered_archive1\83\rep.jpg.jpg,flow_score,2.2,2.2,['flow_speed_um_s'],['flow_state'],False,True
recovered_archive1/83,recovered_archive1\83\rep.jpg.jpg,periloop_score,4.0,4.0,[],[],False,True
recovered_archive1/83,recovered_archive1\83\rep_1812200.jpg.jpg,morphology_score,1.7,1.7,['output_input_ratio'],[],False,True
recovered_archive1/83,recovered_archive1\83\rep_1812200.jpg.jpg,flow_score,2.2,2.2,['flow_speed_um_s'],['flow_state'],False,True
recovered_archive1/83,recovered_archive1\83\rep_1812200.jpg.jpg,periloop_score,4.0,4.0,[],[],False,True
recovered_archive1/83,recovered_archive1\83\rep_1812201.jpg.jpg,morphology_score,1.7,1.7,['output_input_ratio'],[],False,True
recovered_archive1/83,recovered_archive1\83\rep_1812201.jpg.jpg,flow_score,2.2,2.2,['flow_speed_um_s'],['flow_state'],False,True
recovered_archive1/83,recovered_archive1\83\rep_1812201.jpg.jpg,periloop_score,4.0,4.0,[],[],False,True
recovered_archive1/83,recovered_archive1\83\rep_左手.jpg.jpg,morphology_score,1.7,1.7,['output_input_ratio'],[],False,True
recovered_archive1/83,recovered_archive1\83\rep_左手.jpg.jpg,flow_score,2.2,2.2,['flow_speed_um_s'],['flow_state'],False,True
recovered_archive1/83,recovered_archive1\83\rep_左手.jpg.jpg,periloop_score,4.0,4.0,[],[],False,True
recovered_archive1/84,recovered_archive1\84\rep.jpg.jpg,morphology_score,2.3,2.3,['output_input_ratio'],[],False,True
recovered_archive1/84,recovered_archive1\84\rep.jpg.jpg,flow_score,5.2,5.2,['flow_speed_um_s'],[],False,True
recovered_archive1/84,recovered_archive1\84\rep.jpg.jpg,periloop_score,3.1,3.1,[],[],False,True
recovered_archive1/84,recovered_archive1\84\rep_1902120.jpg.jpg,morphology_score,2.3,2.3,['output_input_ratio'],[],False,True
recovered_archive1/84,recovered_archive1\84\rep_1902120.jpg.jpg,flow_score,5.2,5.2,['flow_speed_um_s'],[],False,True
recovered_archive1/84,recovered_archive1\84\rep_1902120.jpg.jpg,periloop_score,3.1,3.1,[],[],False,True
recovered_archive1/84,recovered_archive1\84\rep_1902121.jpg.jpg,morphology_score,2.3,2.3,['output_input_ratio'],[],False,True
recovered_archive1/84,recovered_archive1\84\rep_1902121.jpg.jpg,flow_score,5.2,5.2,['flow_speed_um_s'],[],False,True
recovered_archive1/84,recovered_archive1\84\rep_1902121.jpg.jpg,periloop_score,3.1,3.1,[],[],False,True
recovered_archive1/84,recovered_archive1\84\rep_1902122.jpg.jpg,morphology_score,2.3,2.3,['output_input_ratio'],[],False,True
recovered_archive1/84,recovered_archive1\84\rep_1902122.jpg.jpg,flow_score,5.2,5.2,['flow_speed_um_s'],[],False,True
recovered_archive1/84,recovered_archive1\84\rep_1902122.jpg.jpg,periloop_score,3.1,3.1,[],[],False,True
recovered_archive1/84,recovered_archive1\84\rep_左手.jpg.jpg,morphology_score,2.3,2.3,['output_input_ratio'],[],False,True
recovered_archive1/84,recovered_archive1\84\rep_左手.jpg.jpg,flow_score,5.2,5.2,['flow_speed_um_s'],[],False,True
recovered_archive1/84,recovered_archive1\84\rep_左手.jpg.jpg,periloop_score,3.1,3.1,[],[],False,True
recovered_archive1/85,recovered_archive1\85\rep.jpg.jpg,morphology_score,4.0,4.0,['output_input_ratio'],[],False,True
recovered_archive1/85,recovered_archive1\85\rep.jpg.jpg,flow_score,2.6,2.6,"['flow_speed_um_s', 'blood_color']",[],False,True
recovered_archive1/85,recovered_archive1\85\rep.jpg.jpg,periloop_score,0.4,0.4,[],[],False,True
recovered_archive1/85,recovered_archive1\85\rep_1912030.jpg.jpg,morphology_score,4.0,4.0,['output_input_ratio'],[],False,True
recovered_archive1/85,recovered_archive1\85\rep_1912030.jpg.jpg,flow_score,2.6,2.6,"['flow_speed_um_s', 'blood_color']",[],False,True
recovered_archive1/85,recovered_archive1\85\rep_1912030.jpg.jpg,periloop_score,0.4,0.4,[],[],False,True
recovered_archive1/85,recovered_archive1\85\rep_1912031.jpg.jpg,morphology_score,4.0,4.0,['output_input_ratio'],[],False,True
recovered_archive1/85,recovered_archive1\85\rep_1912031.jpg.jpg,flow_score,2.6,2.6,"['flow_speed_um_s', 'blood_color']",[],False,True
recovered_archive1/85,recovered_archive1\85\rep_1912031.jpg.jpg,periloop_score,0.4,0.4,[],[],False,True
recovered_archive1/85,recovered_archive1\85\rep_左手.jpg.jpg,morphology_score,4.0,4.0,['output_input_ratio'],[],False,True
recovered_archive1/85,recovered_archive1\85\rep_左手.jpg.jpg,flow_score,2.6,2.6,"['flow_speed_um_s', 'blood_color']",[],False,True
recovered_archive1/85,recovered_archive1\85\rep_左手.jpg.jpg,periloop_score,0.4,0.4,[],[],False,True
recovered_archive1/86,recovered_archive1\86\rep.jpg.jpg,morphology_score,0.6,0.6,['output_input_ratio'],[],False,True
recovered_archive1/86,recovered_archive1\86\rep.jpg.jpg,flow_score,1.2,1.2,['flow_speed_um_s'],['flow_state'],False,True
recovered_archive1/86,recovered_archive1\86\rep.jpg.jpg,periloop_score,1.4,1.4,[],[],False,True
recovered_archive1/86,recovered_archive1\86\rep_1901220.jpg.jpg,morphology_score,0.6,0.6,['output_input_ratio'],[],False,True
recovered_archive1/86,recovered_archive1\86\rep_1901220.jpg.jpg,flow_score,1.2,1.2,['flow_speed_um_s'],['flow_state'],False,True
recovered_archive1/86,recovered_archive1\86\rep_1901220.jpg.jpg,periloop_score,1.4,1.4,[],[],False,True
recovered_archive1/86,recovered_archive1\86\rep_1901221.jpg.jpg,morphology_score,0.6,0.6,['output_input_ratio'],[],False,True
recovered_archive1/86,recovered_archive1\86\rep_1901221.jpg.jpg,flow_score,1.2,1.2,['flow_speed_um_s'],['flow_state'],False,True
recovered_archive1/86,recovered_archive1\86\rep_1901221.jpg.jpg,periloop_score,1.4,1.4,[],[],False,True
recovered_archive1/86,recovered_archive1\86\rep_1901222.jpg.jpg,morphology_score,0.6,0.6,['output_input_ratio'],[],False,True
recovered_archive1/86,recovered_archive1\86\rep_1901222.jpg.jpg,flow_score,1.2,1.2,['flow_speed_um_s'],['flow_state'],False,True
recovered_archive1/86,recovered_archive1\86\rep_1901222.jpg.jpg,periloop_score,1.4,1.4,[],[],False,True
recovered_archive1/86,recovered_archive1\86\rep_左手.jpg.jpg,morphology_score,0.6,0.6,['output_input_ratio'],[],False,True
recovered_archive1/86,recovered_archive1\86\rep_左手.jpg.jpg,flow_score,1.2,1.2,['flow_speed_um_s'],['flow_state'],False,True
recovered_archive1/86,recovered_archive1\86\rep_左手.jpg.jpg,periloop_score,1.4,1.4,[],[],False,True
recovered_archive1/89,recovered_archive1\89\rep.jpg.jpg,morphology_score,2.4,2.4,['output_input_ratio'],[],False,True
recovered_archive1/89,recovered_archive1\89\rep.jpg.jpg,flow_score,2.2,2.2,['flow_speed_um_s'],[],False,True
recovered_archive1/89,recovered_archive1\89\rep.jpg.jpg,periloop_score,0.9,0.9,[],[],False,True
recovered_archive1/89,recovered_archive1\89\rep_1902120.jpg.jpg,morphology_score,2.4,2.4,['output_input_ratio'],[],False,True
recovered_archive1/89,recovered_archive1\89\rep_1902120.jpg.jpg,flow_score,2.2,2.2,['flow_speed_um_s'],[],False,True
recovered_archive1/89,recovered_archive1\89\rep_1902120.jpg.jpg,periloop_score,0.9,0.9,[],[],False,True
recovered_archive1/89,recovered_archive1\89\rep_1902121.jpg.jpg,morphology_score,2.4,2.4,['output_input_ratio'],[],False,True
recovered_archive1/89,recovered_archive1\89\rep_1902121.jpg.jpg,flow_score,2.2,2.2,['flow_speed_um_s'],[],False,True
recovered_archive1/89,recovered_archive1\89\rep_1902121.jpg.jpg,periloop_score,0.9,0.9,[],[],False,True
recovered_archive1/89,recovered_archive1\89\rep_1902122.jpg.jpg,morphology_score,2.4,2.4,['output_input_ratio'],[],False,True
recovered_archive1/89,recovered_archive1\89\rep_1902122.jpg.jpg,flow_score,2.2,2.2,['flow_speed_um_s'],[],False,True
recovered_archive1/89,recovered_archive1\89\rep_1902122.jpg.jpg,periloop_score,0.9,0.9,[],[],False,True
recovered_archive1/89,recovered_archive1\89\rep_左手.jpg.jpg,morphology_score,2.4,2.4,['output_input_ratio'],[],False,True
recovered_archive1/89,recovered_archive1\89\rep_左手.jpg.jpg,flow_score,2.2,2.2,['flow_speed_um_s'],[],False,True
recovered_archive1/89,recovered_archive1\89\rep_左手.jpg.jpg,periloop_score,0.9,0.9,[],[],False,True
recovered_archive1/9,recovered_archive1\9\rep.jpg.jpg,morphology_score,3.6,3.6,['output_input_ratio'],[],False,True
recovered_archive1/9,recovered_archive1\9\rep.jpg.jpg,flow_score,3.4,3.4,['flow_speed_um_s'],['flow_state'],False,True
recovered_archive1/9,recovered_archive1\9\rep.jpg.jpg,periloop_score,0.1,0.1,[],[],False,True
recovered_archive1/9,recovered_archive1\9\rep_1812070.jpg.jpg,morphology_score,3.6,3.6,['output_input_ratio'],[],False,True
recovered_archive1/9,recovered_archive1\9\rep_1812070.jpg.jpg,flow_score,3.4,3.4,['flow_speed_um_s'],['flow_state'],False,True
recovered_archive1/9,recovered_archive1\9\rep_1812070.jpg.jpg,periloop_score,0.1,0.1,[],[],False,True
recovered_archive1/90,recovered_archive1\90\rep.jpg.jpg,morphology_score,2.2,2.2,['output_input_ratio'],[],False,True
recovered_archive1/90,recovered_archive1\90\rep.jpg.jpg,flow_score,5.4,5.4,['flow_speed_um_s'],[],False,True
recovered_archive1/90,recovered_archive1\90\rep.jpg.jpg,periloop_score,2.5,2.5,[],[],False,True
recovered_archive1/90,recovered_archive1\90\rep_1912120.jpg.jpg,morphology_score,2.2,2.2,['output_input_ratio'],[],False,True
recovered_archive1/90,recovered_archive1\90\rep_1912120.jpg.jpg,flow_score,5.4,5.4,['flow_speed_um_s'],[],False,True
recovered_archive1/90,recovered_archive1\90\rep_1912120.jpg.jpg,periloop_score,2.5,2.5,[],[],False,True
recovered_archive1/90,recovered_archive1\90\rep_1912121.jpg.jpg,morphology_score,2.2,2.2,['output_input_ratio'],[],False,True
recovered_archive1/90,recovered_archive1\90\rep_1912121.jpg.jpg,flow_score,5.4,5.4,['flow_speed_um_s'],[],False,True
recovered_archive1/90,recovered_archive1\90\rep_1912121.jpg.jpg,periloop_score,2.5,2.5,[],[],False,True
recovered_archive1/90,recovered_archive1\90\rep_1912122.jpg.jpg,morphology_score,2.2,2.2,['output_input_ratio'],[],False,True
recovered_archive1/90,recovered_archive1\90\rep_1912122.jpg.jpg,flow_score,5.4,5.4,['flow_speed_um_s'],[],False,True
recovered_archive1/90,recovered_archive1\90\rep_1912122.jpg.jpg,periloop_score,2.5,2.5,[],[],False,True
recovered_archive1/90,recovered_archive1\90\rep_左手.jpg.jpg,morphology_score,2.2,2.2,['output_input_ratio'],[],False,True
recovered_archive1/90,recovered_archive1\90\rep_左手.jpg.jpg,flow_score,5.4,5.4,['flow_speed_um_s'],[],False,True
recovered_archive1/90,recovered_archive1\90\rep_左手.jpg.jpg,periloop_score,2.5,2.5,[],[],False,True
recovered_archive1/92,recovered_archive1\92\rep.jpg.jpg,morphology_score,0.5,0.5,['output_input_ratio'],[],False,True
recovered_archive1/92,recovered_archive1\92\rep.jpg.jpg,flow_score,0.2,0.2,['flow_speed_um_s'],[],False,True
recovered_archive1/92,recovered_archive1\92\rep.jpg.jpg,periloop_score,0.4,0.4,['sweat_duct'],[],False,True
recovered_archive1/92,recovered_archive1\92\rep_1901030.jpg.jpg,morphology_score,0.5,0.5,['output_input_ratio'],[],False,True
recovered_archive1/92,recovered_archive1\92\rep_1901030.jpg.jpg,flow_score,0.2,0.2,['flow_speed_um_s'],[],False,True
recovered_archive1/92,recovered_archive1\92\rep_1901030.jpg.jpg,periloop_score,0.4,0.4,['sweat_duct'],[],False,True
recovered_archive1/92,recovered_archive1\92\rep_1901031.jpg.jpg,morphology_score,0.5,0.5,['output_input_ratio'],[],False,True
recovered_archive1/92,recovered_archive1\92\rep_1901031.jpg.jpg,flow_score,0.2,0.2,['flow_speed_um_s'],[],False,True
recovered_archive1/92,recovered_archive1\92\rep_1901031.jpg.jpg,periloop_score,0.4,0.4,['sweat_duct'],[],False,True
recovered_archive1/92,recovered_archive1\92\rep_左手.jpg.jpg,morphology_score,0.5,0.5,['output_input_ratio'],[],False,True
recovered_archive1/92,recovered_archive1\92\rep_左手.jpg.jpg,flow_score,0.2,0.2,['flow_speed_um_s'],[],False,True
recovered_archive1/92,recovered_archive1\92\rep_左手.jpg.jpg,periloop_score,0.4,0.4,['sweat_duct'],[],False,True
recovered_archive1/94,recovered_archive1\94\rep.jpg.jpg,morphology_score,1.6,1.6,"['output_input_ratio', 'malformation_ratio']",['capillary_count'],False,True
recovered_archive1/94,recovered_archive1\94\rep.jpg.jpg,flow_score,1.0,1.0,['flow_speed_um_s'],[],False,True
recovered_archive1/94,recovered_archive1\94\rep.jpg.jpg,periloop_score,0.4,0.4,['sweat_duct'],[],False,True
recovered_archive1/94,recovered_archive1\94\rep_1812200.jpg.jpg,morphology_score,1.6,1.6,"['output_input_ratio', 'malformation_ratio']",['capillary_count'],False,True
recovered_archive1/94,recovered_archive1\94\rep_1812200.jpg.jpg,flow_score,1.0,1.0,['flow_speed_um_s'],[],False,True
recovered_archive1/94,recovered_archive1\94\rep_1812200.jpg.jpg,periloop_score,0.4,0.4,['sweat_duct'],[],False,True
recovered_archive1/94,recovered_archive1\94\rep_1812201.jpg.jpg,morphology_score,1.6,1.6,"['output_input_ratio', 'malformation_ratio']",['capillary_count'],False,True
recovered_archive1/94,recovered_archive1\94\rep_1812201.jpg.jpg,flow_score,1.0,1.0,['flow_speed_um_s'],[],False,True
recovered_archive1/94,recovered_archive1\94\rep_1812201.jpg.jpg,periloop_score,0.4,0.4,['sweat_duct'],[],False,True
recovered_archive1/94,recovered_archive1\94\rep_右手.jpg.jpg,morphology_score,1.6,1.6,"['output_input_ratio', 'malformation_ratio']",['capillary_count'],False,True
recovered_archive1/94,recovered_archive1\94\rep_右手.jpg.jpg,flow_score,1.0,1.0,['flow_speed_um_s'],[],False,True
recovered_archive1/94,recovered_archive1\94\rep_右手.jpg.jpg,periloop_score,0.4,0.4,['sweat_duct'],[],False,True
recovered_archive1/95,recovered_archive1\95\rep.jpg.jpg,morphology_score,0.8,0.8,['output_input_ratio'],[],False,True
recovered_archive1/95,recovered_archive1\95\rep.jpg.jpg,flow_score,0.0,0.0,['flow_speed_um_s'],[],False,True
recovered_archive1/95,recovered_archive1\95\rep.jpg.jpg,periloop_score,0.4,0.4,[],[],False,True
recovered_archive1/95,recovered_archive1\95\rep_1901080.jpg.jpg,morphology_score,0.8,0.8,['output_input_ratio'],[],False,True
recovered_archive1/95,recovered_archive1\95\rep_1901080.jpg.jpg,flow_score,0.0,0.0,['flow_speed_um_s'],[],False,True
recovered_archive1/95,recovered_archive1\95\rep_1901080.jpg.jpg,periloop_score,0.4,0.4,[],[],False,True
recovered_archive1/95,recovered_archive1\95\rep_1901081.jpg.jpg,morphology_score,0.8,0.8,['output_input_ratio'],[],False,True
recovered_archive1/95,recovered_archive1\95\rep_1901081.jpg.jpg,flow_score,0.0,0.0,['flow_speed_um_s'],[],False,True
recovered_archive1/95,recovered_archive1\95\rep_1901081.jpg.jpg,periloop_score,0.4,0.4,[],[],False,True
recovered_archive1/95,recovered_archive1\95\rep_左手.jpg.jpg,morphology_score,0.8,0.8,['output_input_ratio'],[],False,True
recovered_archive1/95,recovered_archive1\95\rep_左手.jpg.jpg,flow_score,0.0,0.0,['flow_speed_um_s'],[],False,True
recovered_archive1/95,recovered_archive1\95\rep_左手.jpg.jpg,periloop_score,0.4,0.4,[],[],False,True
recovered_archive1/96,recovered_archive1\96\rep.jpg.jpg,morphology_score,0.2,0.2,['output_input_ratio'],[],False,True
recovered_archive1/96,recovered_archive1\96\rep.jpg.jpg,flow_score,0.0,0.0,['flow_speed_um_s'],[],False,True
recovered_archive1/96,recovered_archive1\96\rep.jpg.jpg,periloop_score,0.4,0.4,[],[],False,True
recovered_archive1/96,recovered_archive1\96\rep_1812180.jpg.jpg,morphology_score,0.2,0.2,['output_input_ratio'],[],False,True
recovered_archive1/96,recovered_archive1\96\rep_1812180.jpg.jpg,flow_score,0.0,0.0,['flow_speed_um_s'],[],False,True
recovered_archive1/96,recovered_archive1\96\rep_1812180.jpg.jpg,periloop_score,0.4,0.4,[],[],False,True
recovered_archive1/97,recovered_archive1\97\rep.jpg.jpg,morphology_score,2.8,2.8,['output_input_ratio'],['capillary_count'],False,True
recovered_archive1/97,recovered_archive1\97\rep.jpg.jpg,flow_score,0.6,0.6,"['flow_state', 'flow_speed_um_s']",[],False,True
recovered_archive1/97,recovered_archive1\97\rep.jpg.jpg,periloop_score,0.0,0.0,[],[],False,True
recovered_archive1/97,recovered_archive1\97\rep_1811060.jpg.jpg,morphology_score,2.8,2.8,['output_input_ratio'],['capillary_count'],False,True
recovered_archive1/97,recovered_archive1\97\rep_1811060.jpg.jpg,flow_score,0.6,0.6,"['flow_state', 'flow_speed_um_s']",[],False,True
recovered_archive1/97,recovered_archive1\97\rep_1811060.jpg.jpg,periloop_score,0.0,0.0,[],[],False,True
recovered_archive1/97,recovered_archive1\97\rep_1811061.jpg.jpg,morphology_score,2.8,2.8,['output_input_ratio'],['capillary_count'],False,True
recovered_archive1/97,recovered_archive1\97\rep_1811061.jpg.jpg,flow_score,0.6,0.6,"['flow_state', 'flow_speed_um_s']",[],False,True
recovered_archive1/97,recovered_archive1\97\rep_1811061.jpg.jpg,periloop_score,0.0,0.0,[],[],False,True
recovered_archive1/97,recovered_archive1\97\rep_1811080.jpg.jpg,morphology_score,2.8,2.8,['output_input_ratio'],['capillary_count'],False,True
recovered_archive1/97,recovered_archive1\97\rep_1811080.jpg.jpg,flow_score,0.6,0.6,"['flow_state', 'flow_speed_um_s']",[],False,True
recovered_archive1/97,recovered_archive1\97\rep_1811080.jpg.jpg,periloop_score,0.0,0.0,[],[],False,True
recovered_archive1/97,recovered_archive1\97\rep_右手.jpg.jpg,morphology_score,2.8,2.8,['output_input_ratio'],['capillary_count'],False,True
recovered_archive1/97,recovered_archive1\97\rep_右手.jpg.jpg,flow_score,0.6,0.6,"['flow_state', 'flow_speed_um_s']",[],False,True
recovered_archive1/97,recovered_archive1\97\rep_右手.jpg.jpg,periloop_score,0.0,0.0,[],[],False,True
recovered_archive1/99,recovered_archive1\99\rep.jpg.jpg,morphology_score,1.8,1.8,['output_input_ratio'],[],False,True
recovered_archive1/99,recovered_archive1\99\rep.jpg.jpg,flow_score,6.2,6.2,['flow_speed_um_s'],['flow_state'],False,True
recovered_archive1/99,recovered_archive1\99\rep.jpg.jpg,periloop_score,5.2,5.2,['hemorrhage'],[],False,True
recovered_archive1/99,recovered_archive1\99\rep_1910170.jpg.jpg,morphology_score,1.8,1.8,['output_input_ratio'],[],False,True
recovered_archive1/99,recovered_archive1\99\rep_1910170.jpg.jpg,flow_score,6.2,6.2,['flow_speed_um_s'],['flow_state'],False,True
recovered_archive1/99,recovered_archive1\99\rep_1910170.jpg.jpg,periloop_score,5.2,5.2,['hemorrhage'],[],False,True
recovered_archive1/99,recovered_archive1\99\rep_1910171.jpg.jpg,morphology_score,1.8,1.8,['output_input_ratio'],[],False,True
recovered_archive1/99,recovered_archive1\99\rep_1910171.jpg.jpg,flow_score,6.2,6.2,['flow_speed_um_s'],['flow_state'],False,True
recovered_archive1/99,recovered_archive1\99\rep_1910171.jpg.jpg,periloop_score,5.2,5.2,['hemorrhage'],[],False,True
recovered_archive1/99,recovered_archive1\99\rep_左手.jpg.jpg,morphology_score,1.8,1.8,['output_input_ratio'],[],False,True
recovered_archive1/99,recovered_archive1\99\rep_左手.jpg.jpg,flow_score,6.2,6.2,['flow_speed_um_s'],['flow_state'],False,True
recovered_archive1/99,recovered_archive1\99\rep_左手.jpg.jpg,periloop_score,5.2,5.2,['hemorrhage'],[],False,True
recovered_archive2/101,recovered_archive2\101\rep.jpg.jpg,morphology_score,0.2,0.2,['output_input_ratio'],[],False,True
recovered_archive2/101,recovered_archive2\101\rep.jpg.jpg,flow_score,0.4,0.4,['flow_speed_um_s'],[],False,True
recovered_archive2/101,recovered_archive2\101\rep.jpg.jpg,periloop_score,0.4,0.4,[],[],False,True
recovered_archive2/101,recovered_archive2\101\rep_1902210.jpg.jpg,morphology_score,0.2,0.2,['output_input_ratio'],[],False,True
recovered_archive2/101,recovered_archive2\101\rep_1902210.jpg.jpg,flow_score,0.4,0.4,['flow_speed_um_s'],[],False,True
recovered_archive2/101,recovered_archive2\101\rep_1902210.jpg.jpg,periloop_score,0.4,0.4,[],[],False,True
recovered_archive2/101,recovered_archive2\101\rep_1902211.jpg.jpg,morphology_score,0.2,0.2,['output_input_ratio'],[],False,True
recovered_archive2/101,recovered_archive2\101\rep_1902211.jpg.jpg,flow_score,0.4,0.4,['flow_speed_um_s'],[],False,True
recovered_archive2/101,recovered_archive2\101\rep_1902211.jpg.jpg,periloop_score,0.4,0.4,[],[],False,True
recovered_archive2/101,recovered_archive2\101\rep_左手.jpg.jpg,morphology_score,0.2,0.2,['output_input_ratio'],[],False,True
recovered_archive2/101,recovered_archive2\101\rep_左手.jpg.jpg,flow_score,0.4,0.4,['flow_speed_um_s'],[],False,True
recovered_archive2/101,recovered_archive2\101\rep_左手.jpg.jpg,periloop_score,0.4,0.4,[],[],False,True
recovered_archive2/103,recovered_archive2\103\rep.jpg.jpg,morphology_score,2.2,2.2,"['afferent_diameter', 'efferent_diameter', 'output_input_ratio', 'apex_diameter', 'loop_length', 'crossing_ratio']",['capillary_count'],False,True
recovered_archive2/103,recovered_archive2\103\rep.jpg.jpg,flow_score,3.8,3.8,['flow_speed_um_s'],[],False,True
recovered_archive2/103,recovered_archive2\103\rep.jpg.jpg,periloop_score,0.8,0.8,[],[],True,True
recovered_archive2/103,recovered_archive2\103\rep_1903190.jpg.jpg,morphology_score,2.2,2.2,"['afferent_diameter', 'efferent_diameter', 'output_input_ratio', 'apex_diameter', 'loop_length', 'crossing_ratio']",['capillary_count'],False,True
recovered_archive2/103,recovered_archive2\103\rep_1903190.jpg.jpg,flow_score,3.8,3.8,['flow_speed_um_s'],[],False,True
recovered_archive2/103,recovered_archive2\103\rep_1903190.jpg.jpg,periloop_score,0.8,0.8,[],[],True,True
recovered_archive2/103,recovered_archive2\103\rep_1903191.jpg.jpg,morphology_score,2.2,2.2,"['afferent_diameter', 'efferent_diameter', 'output_input_ratio', 'apex_diameter', 'loop_length', 'crossing_ratio']",['capillary_count'],False,True
recovered_archive2/103,recovered_archive2\103\rep_1903191.jpg.jpg,flow_score,3.8,3.8,['flow_speed_um_s'],[],False,True
recovered_archive2/103,recovered_archive2\103\rep_1903191.jpg.jpg,periloop_score,0.8,0.8,[],[],True,True
recovered_archive2/103,recovered_archive2\103\rep_左手.jpg.jpg,morphology_score,2.2,2.2,"['afferent_diameter', 'efferent_diameter', 'output_input_ratio', 'apex_diameter', 'loop_length', 'crossing_ratio']",['capillary_count'],False,True
recovered_archive2/103,recovered_archive2\103\rep_左手.jpg.jpg,flow_score,3.8,3.8,['flow_speed_um_s'],[],False,True
recovered_archive2/103,recovered_archive2\103\rep_左手.jpg.jpg,periloop_score,0.8,0.8,[],[],True,True
recovered_archive2/104,recovered_archive2\104\rep.jpg.jpg,morphology_score,5.4,5.4,['output_input_ratio'],['efferent_diameter'],False,True
recovered_archive2/104,recovered_archive2\104\rep.jpg.jpg,flow_score,2.0,2.0,['flow_speed_um_s'],['flow_state'],False,True
recovered_archive2/104,recovered_archive2\104\rep.jpg.jpg,periloop_score,4.3,4.3,['sweat_duct'],['hemorrhage'],False,True
recovered_archive2/104,recovered_archive2\104\rep_1812270.jpg.jpg,morphology_score,5.4,5.4,['output_input_ratio'],['efferent_diameter'],False,True
recovered_archive2/104,recovered_archive2\104\rep_1812270.jpg.jpg,flow_score,2.0,2.0,['flow_speed_um_s'],['flow_state'],False,True
recovered_archive2/104,recovered_archive2\104\rep_1812270.jpg.jpg,periloop_score,4.3,4.3,['sweat_duct'],['hemorrhage'],False,True
recovered_archive2/104,recovered_archive2\104\rep_1812271.jpg.jpg,morphology_score,5.4,5.4,['output_input_ratio'],['efferent_diameter'],False,True
recovered_archive2/104,recovered_archive2\104\rep_1812271.jpg.jpg,flow_score,2.0,2.0,['flow_speed_um_s'],['flow_state'],False,True
recovered_archive2/104,recovered_archive2\104\rep_1812271.jpg.jpg,periloop_score,4.3,4.3,['sweat_duct'],['hemorrhage'],False,True
recovered_archive2/104,recovered_archive2\104\rep_左手.jpg.jpg,morphology_score,5.4,5.4,['output_input_ratio'],['efferent_diameter'],False,True
recovered_archive2/104,recovered_archive2\104\rep_左手.jpg.jpg,flow_score,2.0,2.0,['flow_speed_um_s'],['flow_state'],False,True
recovered_archive2/104,recovered_archive2\104\rep_左手.jpg.jpg,periloop_score,4.3,4.3,['sweat_duct'],['hemorrhage'],False,True
recovered_archive2/105,recovered_archive2\105\rep.jpg.jpg,morphology_score,1.6,1.6,['output_input_ratio'],['capillary_count'],False,True
recovered_archive2/105,recovered_archive2\105\rep.jpg.jpg,flow_score,0.2,0.2,['flow_speed_um_s'],[],False,True
recovered_archive2/105,recovered_archive2\105\rep.jpg.jpg,periloop_score,2.9,2.9,['sweat_duct'],[],False,True
recovered_archive2/105,recovered_archive2\105\rep_2004231.jpg.jpg,morphology_score,1.6,1.6,['output_input_ratio'],['capillary_count'],False,True
recovered_archive2/105,recovered_archive2\105\rep_2004231.jpg.jpg,flow_score,0.2,0.2,['flow_speed_um_s'],[],False,True
recovered_archive2/105,recovered_archive2\105\rep_2004231.jpg.jpg,periloop_score,2.9,2.9,['sweat_duct'],[],False,True
recovered_archive2/105,recovered_archive2\105\rep_左手.jpg.jpg,morphology_score,1.6,1.6,['output_input_ratio'],['capillary_count'],False,True
recovered_archive2/105,recovered_archive2\105\rep_左手.jpg.jpg,flow_score,0.2,0.2,['flow_speed_um_s'],[],False,True
recovered_archive2/105,recovered_archive2\105\rep_左手.jpg.jpg,periloop_score,2.9,2.9,['sweat_duct'],[],False,True
recovered_archive2/106,recovered_archive2\106\rep.jpg.jpg,morphology_score,1.6,1.6,['output_input_ratio'],['capillary_count'],False,True
recovered_archive2/106,recovered_archive2\106\rep.jpg.jpg,flow_score,1.4,1.4,['flow_speed_um_s'],[],False,True
recovered_archive2/106,recovered_archive2\106\rep.jpg.jpg,periloop_score,1.9,1.9,[],[],False,True
recovered_archive2/106,recovered_archive2\106\rep_1902190.jpg.jpg,morphology_score,1.6,1.6,['output_input_ratio'],['capillary_count'],False,True
recovered_archive2/106,recovered_archive2\106\rep_1902190.jpg.jpg,flow_score,1.4,1.4,['flow_speed_um_s'],[],False,True
recovered_archive2/106,recovered_archive2\106\rep_1902190.jpg.jpg,periloop_score,1.9,1.9,[],[],False,True
recovered_archive2/106,recovered_archive2\106\rep_1902191.jpg.jpg,morphology_score,1.6,1.6,['output_input_ratio'],['capillary_count'],False,True
recovered_archive2/106,recovered_archive2\106\rep_1902191.jpg.jpg,flow_score,1.4,1.4,['flow_speed_um_s'],[],False,True
recovered_archive2/106,recovered_archive2\106\rep_1902191.jpg.jpg,periloop_score,1.9,1.9,[],[],False,True
recovered_archive2/106,recovered_archive2\106\rep_右手.jpg.jpg,morphology_score,1.6,1.6,['output_input_ratio'],['capillary_count'],False,True
recovered_archive2/106,recovered_archive2\106\rep_右手.jpg.jpg,flow_score,1.4,1.4,['flow_speed_um_s'],[],False,True
recovered_archive2/106,recovered_archive2\106\rep_右手.jpg.jpg,periloop_score,1.9,1.9,[],[],False,True
recovered_archive2/107,recovered_archive2\107\rep.jpg.jpg,morphology_score,0.5,0.5,['output_input_ratio'],[],False,True
recovered_archive2/107,recovered_archive2\107\rep.jpg.jpg,flow_score,0.4,0.4,['flow_speed_um_s'],[],False,True
recovered_archive2/107,recovered_archive2\107\rep.jpg.jpg,periloop_score,3.1,3.1,[],[],False,True
recovered_archive2/107,recovered_archive2\107\rep_1904160.jpg.jpg,morphology_score,0.5,0.5,['output_input_ratio'],[],False,True
recovered_archive2/107,recovered_archive2\107\rep_1904160.jpg.jpg,flow_score,0.4,0.4,['flow_speed_um_s'],[],False,True
recovered_archive2/107,recovered_archive2\107\rep_1904160.jpg.jpg,periloop_score,3.1,3.1,[],[],False,True
recovered_archive2/107,recovered_archive2\107\rep_1904161.jpg.jpg,morphology_score,0.5,0.5,['output_input_ratio'],[],False,True
recovered_archive2/107,recovered_archive2\107\rep_1904161.jpg.jpg,flow_score,0.4,0.4,['flow_speed_um_s'],[],False,True
recovered_archive2/107,recovered_archive2\107\rep_1904161.jpg.jpg,periloop_score,3.1,3.1,[],[],False,True
recovered_archive2/107,recovered_archive2\107\rep_左手.jpg.jpg,morphology_score,0.5,0.5,['output_input_ratio'],[],False,True
recovered_archive2/107,recovered_archive2\107\rep_左手.jpg.jpg,flow_score,0.4,0.4,['flow_speed_um_s'],[],False,True
recovered_archive2/107,recovered_archive2\107\rep_左手.jpg.jpg,periloop_score,3.1,3.1,[],[],False,True
recovered_archive2/108,recovered_archive2\108\rep.jpg.jpg,morphology_score,2.4,2.4,['output_input_ratio'],[],False,True
recovered_archive2/108,recovered_archive2\108\rep.jpg.jpg,flow_score,1.4,1.4,['flow_speed_um_s'],['flow_state'],False,True
recovered_archive2/108,recovered_archive2\108\rep.jpg.jpg,periloop_score,4.0,4.0,['sweat_duct'],[],False,True
recovered_archive2/108,recovered_archive2\108\rep_1901310.jpg.jpg,morphology_score,2.4,2.4,['output_input_ratio'],[],False,True
recovered_archive2/108,recovered_archive2\108\rep_1901310.jpg.jpg,flow_score,1.4,1.4,['flow_speed_um_s'],['flow_state'],False,True
recovered_archive2/108,recovered_archive2\108\rep_1901310.jpg.jpg,periloop_score,4.0,4.0,['sweat_duct'],[],False,True
recovered_archive2/108,recovered_archive2\108\rep_1901311.jpg.jpg,morphology_score,2.4,2.4,['output_input_ratio'],[],False,True
recovered_archive2/108,recovered_archive2\108\rep_1901311.jpg.jpg,flow_score,1.4,1.4,['flow_speed_um_s'],['flow_state'],False,True
recovered_archive2/108,recovered_archive2\108\rep_1901311.jpg.jpg,periloop_score,4.0,4.0,['sweat_duct'],[],False,True
recovered_archive2/108,recovered_archive2\108\rep_左手.jpg.jpg,morphology_score,2.4,2.4,['output_input_ratio'],[],False,True
recovered_archive2/108,recovered_archive2\108\rep_左手.jpg.jpg,flow_score,1.4,1.4,['flow_speed_um_s'],['flow_state'],False,True
recovered_archive2/108,recovered_archive2\108\rep_左手.jpg.jpg,periloop_score,4.0,4.0,['sweat_duct'],[],False,True
recovered_archive2/109,recovered_archive2\109\rep.jpg.jpg,morphology_score,2.1,2.1,['output_input_ratio'],[],False,True
recovered_archive2/109,recovered_archive2\109\rep.jpg.jpg,flow_score,6.2,6.2,['flow_speed_um_s'],['flow_state'],False,True
recovered_archive2/109,recovered_archive2\109\rep.jpg.jpg,periloop_score,1.0,1.0,[],[],False,True
recovered_archive2/109,recovered_archive2\109\rep_2007280.jpg.jpg,morphology_score,2.1,2.1,['output_input_ratio'],[],False,True
recovered_archive2/109,recovered_archive2\109\rep_2007280.jpg.jpg,flow_score,6.2,6.2,['flow_speed_um_s'],['flow_state'],False,True
recovered_archive2/109,recovered_archive2\109\rep_2007280.jpg.jpg,periloop_score,1.0,1.0,[],[],False,True
recovered_archive2/109,recovered_archive2\109\rep_2007281.jpg.jpg,morphology_score,2.1,2.1,['output_input_ratio'],[],False,True
recovered_archive2/109,recovered_archive2\109\rep_2007281.jpg.jpg,flow_score,6.2,6.2,['flow_speed_um_s'],['flow_state'],False,True
recovered_archive2/109,recovered_archive2\109\rep_2007281.jpg.jpg,periloop_score,1.0,1.0,[],[],False,True
recovered_archive2/109,recovered_archive2\109\rep_左手.jpg.jpg,morphology_score,2.1,2.1,['output_input_ratio'],[],False,True
recovered_archive2/109,recovered_archive2\109\rep_左手.jpg.jpg,flow_score,6.2,6.2,['flow_speed_um_s'],['flow_state'],False,True
recovered_archive2/109,recovered_archive2\109\rep_左手.jpg.jpg,periloop_score,1.0,1.0,[],[],False,True
recovered_archive2/110,recovered_archive2\110\rep.jpg.jpg,morphology_score,2.4,2.4,['output_input_ratio'],['capillary_count'],False,True
recovered_archive2/110,recovered_archive2\110\rep.jpg.jpg,flow_score,5.8,5.8,['flow_speed_um_s'],[],False,True
recovered_archive2/110,recovered_archive2\110\rep.jpg.jpg,periloop_score,3.2,3.2,[],[],False,True
recovered_archive2/110,recovered_archive2\110\rep_1903120.jpg.jpg,morphology_score,2.4,2.4,['output_input_ratio'],['capillary_count'],False,True
recovered_archive2/110,recovered_archive2\110\rep_1903120.jpg.jpg,flow_score,5.8,5.8,['flow_speed_um_s'],[],False,True
recovered_archive2/110,recovered_archive2\110\rep_1903120.jpg.jpg,periloop_score,3.2,3.2,[],[],False,True
recovered_archive2/110,recovered_archive2\110\rep_1903121.jpg.jpg,morphology_score,2.4,2.4,['output_input_ratio'],['capillary_count'],False,True
recovered_archive2/110,recovered_archive2\110\rep_1903121.jpg.jpg,flow_score,5.8,5.8,['flow_speed_um_s'],[],False,True
recovered_archive2/110,recovered_archive2\110\rep_1903121.jpg.jpg,periloop_score,3.2,3.2,[],[],False,True
recovered_archive2/110,recovered_archive2\110\rep_1903122.jpg.jpg,morphology_score,2.4,2.4,['output_input_ratio'],['capillary_count'],False,True
recovered_archive2/110,recovered_archive2\110\rep_1903122.jpg.jpg,flow_score,5.8,5.8,['flow_speed_um_s'],[],False,True
recovered_archive2/110,recovered_archive2\110\rep_1903122.jpg.jpg,periloop_score,3.2,3.2,[],[],False,True
recovered_archive2/110,recovered_archive2\110\rep_左手.jpg.jpg,morphology_score,2.4,2.4,['output_input_ratio'],['capillary_count'],False,True
recovered_archive2/110,recovered_archive2\110\rep_左手.jpg.jpg,flow_score,5.8,5.8,['flow_speed_um_s'],[],False,True
recovered_archive2/110,recovered_archive2\110\rep_左手.jpg.jpg,periloop_score,3.2,3.2,[],[],False,True
recovered_archive2/111,recovered_archive2\111\rep.jpg.jpg,morphology_score,0.5,0.5,['output_input_ratio'],[],False,True
recovered_archive2/111,recovered_archive2\111\rep.jpg.jpg,flow_score,0.2,0.2,['flow_speed_um_s'],[],False,True
recovered_archive2/111,recovered_archive2\111\rep.jpg.jpg,periloop_score,0.8,0.8,[],[],False,True
recovered_archive2/111,recovered_archive2\111\rep_1901220.jpg.jpg,morphology_score,0.5,0.5,['output_input_ratio'],[],False,True
recovered_archive2/111,recovered_archive2\111\rep_1901220.jpg.jpg,flow_score,0.2,0.2,['flow_speed_um_s'],[],False,True
recovered_archive2/111,recovered_archive2\111\rep_1901220.jpg.jpg,periloop_score,0.8,0.8,[],[],False,True
recovered_archive2/111,recovered_archive2\111\rep_1901221.jpg.jpg,morphology_score,0.5,0.5,['output_input_ratio'],[],False,True
recovered_archive2/111,recovered_archive2\111\rep_1901221.jpg.jpg,flow_score,0.2,0.2,['flow_speed_um_s'],[],False,True
recovered_archive2/111,recovered_archive2\111\rep_1901221.jpg.jpg,periloop_score,0.8,0.8,[],[],False,True
recovered_archive2/111,recovered_archive2\111\rep_左手.jpg.jpg,morphology_score,0.5,0.5,['output_input_ratio'],[],False,True
recovered_archive2/111,recovered_archive2\111\rep_左手.jpg.jpg,flow_score,0.2,0.2,['flow_speed_um_s'],[],False,True
recovered_archive2/111,recovered_archive2\111\rep_左手.jpg.jpg,periloop_score,0.8,0.8,[],[],False,True
recovered_archive2/112,recovered_archive2\112\rep.jpg.jpg,morphology_score,7.6,7.6,['output_input_ratio'],['efferent_diameter'],False,True
recovered_archive2/112,recovered_archive2\112\rep.jpg.jpg,flow_score,7.4,7.4,['flow_speed_um_s'],[],False,True
recovered_archive2/112,recovered_archive2\112\rep.jpg.jpg,periloop_score,1.9,1.9,[],[],False,True
recovered_archive2/112,recovered_archive2\112\rep_1.jpg.jpg,morphology_score,7.6,7.6,['output_input_ratio'],['efferent_diameter'],False,True
recovered_archive2/112,recovered_archive2\112\rep_1.jpg.jpg,flow_score,7.4,7.4,['flow_speed_um_s'],[],False,True
recovered_archive2/112,recovered_archive2\112\rep_1.jpg.jpg,periloop_score,1.9,1.9,[],[],False,True
recovered_archive2/112,recovered_archive2\112\rep_2004020.jpg.jpg,morphology_score,7.6,7.6,['output_input_ratio'],['efferent_diameter'],False,True
recovered_archive2/112,recovered_archive2\112\rep_2004020.jpg.jpg,flow_score,7.4,7.4,['flow_speed_um_s'],[],False,True
recovered_archive2/112,recovered_archive2\112\rep_2004020.jpg.jpg,periloop_score,1.9,1.9,[],[],False,True
recovered_archive2/112,recovered_archive2\112\rep_2004021.jpg.jpg,morphology_score,7.6,7.6,['output_input_ratio'],['efferent_diameter'],False,True
recovered_archive2/112,recovered_archive2\112\rep_2004021.jpg.jpg,flow_score,7.4,7.4,['flow_speed_um_s'],[],False,True
recovered_archive2/112,recovered_archive2\112\rep_2004021.jpg.jpg,periloop_score,1.9,1.9,[],[],False,True
recovered_archive2/113,recovered_archive2\113\rep.jpg.jpg,morphology_score,3.7,3.7,['output_input_ratio'],[],False,True
recovered_archive2/113,recovered_archive2\113\rep.jpg.jpg,flow_score,3.0,3.0,['flow_speed_um_s'],[],False,True
recovered_archive2/113,recovered_archive2\113\rep_1812131.jpg.jpg,morphology_score,3.7,3.7,['output_input_ratio'],[],False,True
recovered_archive2/113,recovered_archive2\113\rep_1812131.jpg.jpg,flow_score,3.0,3.0,['flow_speed_um_s'],[],False,True
recovered_archive2/113,recovered_archive2\113\rep_左手.jpg.jpg,morphology_score,3.7,3.7,['output_input_ratio'],[],False,True
recovered_archive2/113,recovered_archive2\113\rep_左手.jpg.jpg,flow_score,3.0,3.0,['flow_speed_um_s'],[],False,True
recovered_archive2/114,recovered_archive2\114\rep.jpg.jpg,morphology_score,2.3,2.3,['output_input_ratio'],['capillary_count'],False,True
recovered_archive2/114,recovered_archive2\114\rep.jpg.jpg,flow_score,4.2,4.2,['flow_speed_um_s'],['flow_state'],False,True
recovered_archive2/114,recovered_archive2\114\rep.jpg.jpg,periloop_score,4.3,4.3,[],['hemorrhage'],False,True
recovered_archive2/114,recovered_archive2\114\rep_1903070.jpg.jpg,morphology_score,2.3,2.3,['output_input_ratio'],['capillary_count'],False,True
recovered_archive2/114,recovered_archive2\114\rep_1903070.jpg.jpg,flow_score,4.2,4.2,['flow_speed_um_s'],['flow_state'],False,True
recovered_archive2/114,recovered_archive2\114\rep_1903070.jpg.jpg,periloop_score,4.3,4.3,[],['hemorrhage'],False,True
recovered_archive2/114,recovered_archive2\114\rep_1903071.jpg.jpg,morphology_score,2.3,2.3,['output_input_ratio'],['capillary_count'],False,True
recovered_archive2/114,recovered_archive2\114\rep_1903071.jpg.jpg,flow_score,4.2,4.2,['flow_speed_um_s'],['flow_state'],False,True
recovered_archive2/114,recovered_archive2\114\rep_1903071.jpg.jpg,periloop_score,4.3,4.3,[],['hemorrhage'],False,True
recovered_archive2/114,recovered_archive2\114\rep_左手.jpg.jpg,morphology_score,2.3,2.3,['output_input_ratio'],['capillary_count'],False,True
recovered_archive2/114,recovered_archive2\114\rep_左手.jpg.jpg,flow_score,4.2,4.2,['flow_speed_um_s'],['flow_state'],False,True
recovered_archive2/114,recovered_archive2\114\rep_左手.jpg.jpg,periloop_score,4.3,4.3,[],['hemorrhage'],False,True
recovered_archive2/115,recovered_archive2\115\rep.jpg.jpg,morphology_score,0.9,0.9,['output_input_ratio'],[],False,True
recovered_archive2/115,recovered_archive2\115\rep.jpg.jpg,flow_score,1.8,1.8,['flow_speed_um_s'],[],False,True
recovered_archive2/115,recovered_archive2\115\rep.jpg.jpg,periloop_score,2.9,2.9,[],[],False,True
recovered_archive2/115,recovered_archive2\115\rep_2012100.jpg.jpg,morphology_score,0.9,0.9,['output_input_ratio'],[],False,True
recovered_archive2/115,recovered_archive2\115\rep_2012100.jpg.jpg,flow_score,1.8,1.8,['flow_speed_um_s'],[],False,True
recovered_archive2/115,recovered_archive2\115\rep_2012100.jpg.jpg,periloop_score,2.9,2.9,[],[],False,True
recovered_archive2/115,recovered_archive2\115\rep_2012101.jpg.jpg,morphology_score,0.9,0.9,['output_input_ratio'],[],False,True
recovered_archive2/115,recovered_archive2\115\rep_2012101.jpg.jpg,flow_score,1.8,1.8,['flow_speed_um_s'],[],False,True
recovered_archive2/115,recovered_archive2\115\rep_2012101.jpg.jpg,periloop_score,2.9,2.9,[],[],False,True
recovered_archive2/115,recovered_archive2\115\rep_双手无名指.jpg.jpg,morphology_score,0.9,0.9,['output_input_ratio'],[],False,True
recovered_archive2/115,recovered_archive2\115\rep_双手无名指.jpg.jpg,flow_score,1.8,1.8,['flow_speed_um_s'],[],False,True
recovered_archive2/115,recovered_archive2\115\rep_双手无名指.jpg.jpg,periloop_score,2.9,2.9,[],[],False,True
recovered_archive2/116,recovered_archive2\116\rep.jpg.jpg,morphology_score,2.1,2.1,['output_input_ratio'],[],False,True
recovered_archive2/116,recovered_archive2\116\rep.jpg.jpg,flow_score,0.8,0.8,['flow_speed_um_s'],[],False,True
recovered_archive2/116,recovered_archive2\116\rep.jpg.jpg,periloop_score,2.8,2.8,[],[],False,True
recovered_archive2/116,recovered_archive2\116\rep_1903280.jpg.jpg,morphology_score,2.1,2.1,['output_input_ratio'],[],False,True
recovered_archive2/116,recovered_archive2\116\rep_1903280.jpg.jpg,flow_score,0.8,0.8,['flow_speed_um_s'],[],False,True
recovered_archive2/116,recovered_archive2\116\rep_1903280.jpg.jpg,periloop_score,2.8,2.8,[],[],False,True
recovered_archive2/116,recovered_archive2\116\rep_1903281.jpg.jpg,morphology_score,2.1,2.1,['output_input_ratio'],[],False,True
recovered_archive2/116,recovered_archive2\116\rep_1903281.jpg.jpg,flow_score,0.8,0.8,['flow_speed_um_s'],[],False,True
recovered_archive2/116,recovered_archive2\116\rep_1903281.jpg.jpg,periloop_score,2.8,2.8,[],[],False,True
recovered_archive2/116,recovered_archive2\116\rep_右手.jpg.jpg,morphology_score,2.1,2.1,['output_input_ratio'],[],False,True
recovered_archive2/116,recovered_archive2\116\rep_右手.jpg.jpg,flow_score,0.8,0.8,['flow_speed_um_s'],[],False,True
recovered_archive2/116,recovered_archive2\116\rep_右手.jpg.jpg,periloop_score,2.8,2.8,[],[],False,True
recovered_archive2/117,recovered_archive2\117\rep.jpg.jpg,morphology_score,1.6,1.6,['output_input_ratio'],['capillary_count'],False,True
recovered_archive2/117,recovered_archive2\117\rep.jpg.jpg,flow_score,0.0,0.0,"['flow_state', 'flow_speed_um_s', 'microthrombus', 'blood_color']",[],False,True
recovered_archive2/117,recovered_archive2\117\rep.jpg.jpg,periloop_score,0.0,0.0,[],[],False,True
recovered_archive2/117,recovered_archive2\117\rep_1.jpg.jpg,morphology_score,1.6,1.6,['output_input_ratio'],['capillary_count'],False,True
recovered_archive2/117,recovered_archive2\117\rep_1.jpg.jpg,flow_score,0.0,0.0,"['flow_state', 'flow_speed_um_s', 'microthrombus', 'blood_color']",[],False,True
recovered_archive2/117,recovered_archive2\117\rep_1.jpg.jpg,periloop_score,0.0,0.0,[],[],False,True
recovered_archive2/117,recovered_archive2\117\rep_1811060.jpg.jpg,morphology_score,1.6,1.6,['output_input_ratio'],['capillary_count'],False,True
recovered_archive2/117,recovered_archive2\117\rep_1811060.jpg.jpg,flow_score,0.0,0.0,"['flow_state', 'flow_speed_um_s', 'microthrombus', 'blood_color']",[],False,True
recovered_archive2/117,recovered_archive2\117\rep_1811060.jpg.jpg,periloop_score,0.0,0.0,[],[],False,True
recovered_archive2/118,recovered_archive2\118\rep.jpg.jpg,morphology_score,3.8,3.8,['output_input_ratio'],[],False,True
recovered_archive2/118,recovered_archive2\118\rep.jpg.jpg,flow_score,1.0,1.0,['flow_speed_um_s'],[],False,True
recovered_archive2/118,recovered_archive2\118\rep.jpg.jpg,periloop_score,0.8,0.8,[],['hemorrhage'],False,True
recovered_archive2/118,recovered_archive2\118\rep_2101040.jpg.jpg,morphology_score,3.8,3.8,['output_input_ratio'],[],False,True
recovered_archive2/118,recovered_archive2\118\rep_2101040.jpg.jpg,flow_score,1.0,1.0,['flow_speed_um_s'],[],False,True
recovered_archive2/118,recovered_archive2\118\rep_2101040.jpg.jpg,periloop_score,0.8,0.8,[],['hemorrhage'],False,True
recovered_archive2/118,recovered_archive2\118\rep_2101041.jpg.jpg,morphology_score,3.8,3.8,['output_input_ratio'],[],False,True
recovered_archive2/118,recovered_archive2\118\rep_2101041.jpg.jpg,flow_score,1.0,1.0,['flow_speed_um_s'],[],False,True
recovered_archive2/118,recovered_archive2\118\rep_2101041.jpg.jpg,periloop_score,0.8,0.8,[],['hemorrhage'],False,True
recovered_archive2/118,recovered_archive2\118\rep_双手无名指.jpg.jpg,morphology_score,3.8,3.8,['output_input_ratio'],[],False,True
recovered_archive2/118,recovered_archive2\118\rep_双手无名指.jpg.jpg,flow_score,1.0,1.0,['flow_speed_um_s'],[],False,True
recovered_archive2/118,recovered_archive2\118\rep_双手无名指.jpg.jpg,periloop_score,0.8,0.8,[],['hemorrhage'],False,True
recovered_archive2/119,recovered_archive2\119\rep.jpg.jpg,morphology_score,0.6,0.6,"['efferent_diameter', 'output_input_ratio', 'apex_diameter', 'crossing_ratio', 'malformation_ratio']",[],False,True
recovered_archive2/119,recovered_archive2\119\rep.jpg.jpg,flow_score,0.4,0.4,['flow_speed_um_s'],[],False,True
recovered_archive2/119,recovered_archive2\119\rep.jpg.jpg,periloop_score,1.5,1.5,[],[],False,True
recovered_archive2/119,recovered_archive2\119\rep_1901080.jpg.jpg,morphology_score,0.6,0.6,"['efferent_diameter', 'output_input_ratio', 'apex_diameter', 'crossing_ratio', 'malformation_ratio']",[],False,True
recovered_archive2/119,recovered_archive2\119\rep_1901080.jpg.jpg,flow_score,0.4,0.4,['flow_speed_um_s'],[],False,True
recovered_archive2/119,recovered_archive2\119\rep_1901080.jpg.jpg,periloop_score,1.5,1.5,[],[],False,True
recovered_archive2/119,recovered_archive2\119\rep_1901081.jpg.jpg,morphology_score,0.6,0.6,"['efferent_diameter', 'output_input_ratio', 'apex_diameter', 'crossing_ratio', 'malformation_ratio']",[],False,True
recovered_archive2/119,recovered_archive2\119\rep_1901081.jpg.jpg,flow_score,0.4,0.4,['flow_speed_um_s'],[],False,True
recovered_archive2/119,recovered_archive2\119\rep_1901081.jpg.jpg,periloop_score,1.5,1.5,[],[],False,True
recovered_archive2/119,recovered_archive2\119\rep_左手.jpg.jpg,morphology_score,0.6,0.6,"['efferent_diameter', 'output_input_ratio', 'apex_diameter', 'crossing_ratio', 'malformation_ratio']",[],False,True
recovered_archive2/119,recovered_archive2\119\rep_左手.jpg.jpg,flow_score,0.4,0.4,['flow_speed_um_s'],[],False,True
recovered_archive2/119,recovered_archive2\119\rep_左手.jpg.jpg,periloop_score,1.5,1.5,[],[],False,True
recovered_archive2/120,recovered_archive2\120\rep.jpg.jpg,morphology_score,2.3,2.3,['output_input_ratio'],[],False,True
recovered_archive2/120,recovered_archive2\120\rep.jpg.jpg,flow_score,0.2,0.2,['flow_speed_um_s'],[],False,True
recovered_archive2/120,recovered_archive2\120\rep_1902120.jpg.jpg,morphology_score,2.3,2.3,['output_input_ratio'],[],False,True
recovered_archive2/120,recovered_archive2\120\rep_1902120.jpg.jpg,flow_score,0.2,0.2,['flow_speed_um_s'],[],False,True
recovered_archive2/120,recovered_archive2\120\rep_1902121.jpg.jpg,morphology_score,2.3,2.3,['output_input_ratio'],[],False,True
recovered_archive2/120,recovered_archive2\120\rep_1902121.jpg.jpg,flow_score,0.2,0.2,['flow_speed_um_s'],[],False,True
recovered_archive2/120,recovered_archive2\120\rep_左手.jpg.jpg,morphology_score,2.3,2.3,['output_input_ratio'],[],False,True
recovered_archive2/120,recovered_archive2\120\rep_左手.jpg.jpg,flow_score,0.2,0.2,['flow_speed_um_s'],[],False,True
recovered_archive2/121,recovered_archive2\121\rep.jpg.jpg,morphology_score,2.8,2.8,['output_input_ratio'],[],False,True
recovered_archive2/121,recovered_archive2\121\rep.jpg.jpg,flow_score,1.0,1.0,['flow_speed_um_s'],[],False,True
recovered_archive2/121,recovered_archive2\121\rep.jpg.jpg,periloop_score,3.2,3.2,[],[],False,True
recovered_archive2/121,recovered_archive2\121\rep_1901150.jpg.jpg,morphology_score,2.8,2.8,['output_input_ratio'],[],False,True
recovered_archive2/121,recovered_archive2\121\rep_1901150.jpg.jpg,flow_score,1.0,1.0,['flow_speed_um_s'],[],False,True
recovered_archive2/121,recovered_archive2\121\rep_1901150.jpg.jpg,periloop_score,3.2,3.2,[],[],False,True
recovered_archive2/121,recovered_archive2\121\rep_1901151.jpg.jpg,morphology_score,2.8,2.8,['output_input_ratio'],[],False,True
recovered_archive2/121,recovered_archive2\121\rep_1901151.jpg.jpg,flow_score,1.0,1.0,['flow_speed_um_s'],[],False,True
recovered_archive2/121,recovered_archive2\121\rep_1901151.jpg.jpg,periloop_score,3.2,3.2,[],[],False,True
recovered_archive2/121,recovered_archive2\121\rep_右手.jpg.jpg,morphology_score,2.8,2.8,['output_input_ratio'],[],False,True
recovered_archive2/121,recovered_archive2\121\rep_右手.jpg.jpg,flow_score,1.0,1.0,['flow_speed_um_s'],[],False,True
recovered_archive2/121,recovered_archive2\121\rep_右手.jpg.jpg,periloop_score,3.2,3.2,[],[],False,True
recovered_archive2/122,recovered_archive2\122\rep.jpg.jpg,morphology_score,2.5,2.5,['output_input_ratio'],[],False,True
recovered_archive2/122,recovered_archive2\122\rep.jpg.jpg,flow_score,0.4,0.4,['flow_speed_um_s'],[],False,True
recovered_archive2/122,recovered_archive2\122\rep.jpg.jpg,periloop_score,0.4,0.4,['sweat_duct'],[],False,True
recovered_archive2/122,recovered_archive2\122\rep_1908080.jpg.jpg,morphology_score,2.5,2.5,['output_input_ratio'],[],False,True
recovered_archive2/122,recovered_archive2\122\rep_1908080.jpg.jpg,flow_score,0.4,0.4,['flow_speed_um_s'],[],False,True
recovered_archive2/122,recovered_archive2\122\rep_1908080.jpg.jpg,periloop_score,0.4,0.4,['sweat_duct'],[],False,True
recovered_archive2/122,recovered_archive2\122\rep_1908081.jpg.jpg,morphology_score,2.5,2.5,['output_input_ratio'],[],False,True
recovered_archive2/122,recovered_archive2\122\rep_1908081.jpg.jpg,flow_score,0.4,0.4,['flow_speed_um_s'],[],False,True
recovered_archive2/122,recovered_archive2\122\rep_1908081.jpg.jpg,periloop_score,0.4,0.4,['sweat_duct'],[],False,True
recovered_archive2/122,recovered_archive2\122\rep_左手.jpg.jpg,morphology_score,2.5,2.5,['output_input_ratio'],[],False,True
recovered_archive2/122,recovered_archive2\122\rep_左手.jpg.jpg,flow_score,0.4,0.4,['flow_speed_um_s'],[],False,True
recovered_archive2/122,recovered_archive2\122\rep_左手.jpg.jpg,periloop_score,0.4,0.4,['sweat_duct'],[],False,True
recovered_archive2/123,recovered_archive2\123\rep.jpg.jpg,morphology_score,1.6,1.6,"['output_input_ratio', 'malformation_ratio']",['capillary_count'],False,True
recovered_archive2/123,recovered_archive2\123\rep.jpg.jpg,flow_score,3.2,3.2,['flow_speed_um_s'],['flow_state'],False,True
recovered_archive2/123,recovered_archive2\123\rep.jpg.jpg,periloop_score,2.6,2.6,[],[],False,True
recovered_archive2/123,recovered_archive2\123\rep_1904091.jpg.jpg,morphology_score,1.6,1.6,"['output_input_ratio', 'malformation_ratio']",['capillary_count'],False,True
recovered_archive2/123,recovered_archive2\123\rep_1904091.jpg.jpg,flow_score,3.2,3.2,['flow_speed_um_s'],['flow_state'],False,True
recovered_archive2/123,recovered_archive2\123\rep_1904091.jpg.jpg,periloop_score,2.6,2.6,[],[],False,True
recovered_archive2/123,recovered_archive2\123\rep_左手.jpg.jpg,morphology_score,1.6,1.6,"['output_input_ratio', 'malformation_ratio']",['capillary_count'],False,True
recovered_archive2/123,recovered_archive2\123\rep_左手.jpg.jpg,flow_score,3.2,3.2,['flow_speed_um_s'],['flow_state'],False,True
recovered_archive2/123,recovered_archive2\123\rep_左手.jpg.jpg,periloop_score,2.6,2.6,[],[],False,True
recovered_archive2/124,recovered_archive2\124\rep.jpg.jpg,morphology_score,0.4,0.4,['output_input_ratio'],[],False,True
recovered_archive2/124,recovered_archive2\124\rep.jpg.jpg,flow_score,0.2,0.2,['flow_speed_um_s'],[],False,True
recovered_archive2/124,recovered_archive2\124\rep.jpg.jpg,periloop_score,1.4,1.4,[],[],False,True
recovered_archive2/124,recovered_archive2\124\rep_1901080.jpg.jpg,morphology_score,0.4,0.4,['output_input_ratio'],[],False,True
recovered_archive2/124,recovered_archive2\124\rep_1901080.jpg.jpg,flow_score,0.2,0.2,['flow_speed_um_s'],[],False,True
recovered_archive2/124,recovered_archive2\124\rep_1901080.jpg.jpg,periloop_score,1.4,1.4,[],[],False,True
recovered_archive2/124,recovered_archive2\124\rep_1901081.jpg.jpg,morphology_score,0.4,0.4,['output_input_ratio'],[],False,True
recovered_archive2/124,recovered_archive2\124\rep_1901081.jpg.jpg,flow_score,0.2,0.2,['flow_speed_um_s'],[],False,True
recovered_archive2/124,recovered_archive2\124\rep_1901081.jpg.jpg,periloop_score,1.4,1.4,[],[],False,True
recovered_archive2/124,recovered_archive2\124\rep_左手.jpg.jpg,morphology_score,0.4,0.4,['output_input_ratio'],[],False,True
recovered_archive2/124,recovered_archive2\124\rep_左手.jpg.jpg,flow_score,0.2,0.2,['flow_speed_um_s'],[],False,True
recovered_archive2/124,recovered_archive2\124\rep_左手.jpg.jpg,periloop_score,1.4,1.4,[],[],False,True
recovered_archive2/125,recovered_archive2\125\rep.jpg.jpg,morphology_score,1.8,1.8,['output_input_ratio'],['capillary_count'],False,True
recovered_archive2/125,recovered_archive2\125\rep.jpg.jpg,flow_score,4.8,4.8,['flow_speed_um_s'],[],False,True
recovered_archive2/125,recovered_archive2\125\rep.jpg.jpg,periloop_score,0.6,0.5,[],[],False,True
recovered_archive2/125,recovered_archive2\125\rep_1812110.jpg.jpg,morphology_score,1.8,1.8,['output_input_ratio'],['capillary_count'],False,True
recovered_archive2/125,recovered_archive2\125\rep_1812110.jpg.jpg,flow_score,4.8,4.8,['flow_speed_um_s'],[],False,True
recovered_archive2/125,recovered_archive2\125\rep_1812110.jpg.jpg,periloop_score,0.6,0.5,[],[],False,True
recovered_archive2/125,recovered_archive2\125\rep_1812111.jpg.jpg,morphology_score,1.8,1.8,['output_input_ratio'],['capillary_count'],False,True
recovered_archive2/125,recovered_archive2\125\rep_1812111.jpg.jpg,flow_score,4.8,4.8,['flow_speed_um_s'],[],False,True
recovered_archive2/125,recovered_archive2\125\rep_1812111.jpg.jpg,periloop_score,0.6,0.5,[],[],False,True
recovered_archive2/125,recovered_archive2\125\rep_左手.jpg.jpg,morphology_score,1.8,1.8,['output_input_ratio'],['capillary_count'],False,True
recovered_archive2/125,recovered_archive2\125\rep_左手.jpg.jpg,flow_score,4.8,4.8,['flow_speed_um_s'],[],False,True
recovered_archive2/125,recovered_archive2\125\rep_左手.jpg.jpg,periloop_score,0.6,0.5,[],[],False,True
recovered_archive2/126,recovered_archive2\126\rep.jpg.jpg,morphology_score,0.6,0.6,['output_input_ratio'],[],False,True
recovered_archive2/126,recovered_archive2\126\rep.jpg.jpg,flow_score,0.2,0.2,['flow_speed_um_s'],[],False,True
recovered_archive2/126,recovered_archive2\126\rep.jpg.jpg,periloop_score,1.9,1.9,[],[],False,True
recovered_archive2/126,recovered_archive2\126\rep_1901080.jpg.jpg,morphology_score,0.6,0.6,['output_input_ratio'],[],False,True
recovered_archive2/126,recovered_archive2\126\rep_1901080.jpg.jpg,flow_score,0.2,0.2,['flow_speed_um_s'],[],False,True
recovered_archive2/126,recovered_archive2\126\rep_1901080.jpg.jpg,periloop_score,1.9,1.9,[],[],False,True
recovered_archive2/126,recovered_archive2\126\rep_1901081.jpg.jpg,morphology_score,0.6,0.6,['output_input_ratio'],[],False,True
recovered_archive2/126,recovered_archive2\126\rep_1901081.jpg.jpg,flow_score,0.2,0.2,['flow_speed_um_s'],[],False,True
recovered_archive2/126,recovered_archive2\126\rep_1901081.jpg.jpg,periloop_score,1.9,1.9,[],[],False,True
recovered_archive2/126,recovered_archive2\126\rep_左手.jpg.jpg,morphology_score,0.6,0.6,['output_input_ratio'],[],False,True
recovered_archive2/126,recovered_archive2\126\rep_左手.jpg.jpg,flow_score,0.2,0.2,['flow_speed_um_s'],[],False,True
recovered_archive2/126,recovered_archive2\126\rep_左手.jpg.jpg,periloop_score,1.9,1.9,[],[],False,True
recovered_archive2/127,recovered_archive2\127\rep.jpg.jpg,morphology_score,0.0,0.0,['output_input_ratio'],[],False,True
recovered_archive2/127,recovered_archive2\127\rep.jpg.jpg,flow_score,0.0,0.0,"['flow_speed_um_s', 'rbc_aggregation', 'blood_color']",[],False,True
recovered_archive2/127,recovered_archive2\127\rep_1908220.jpg.jpg,morphology_score,0.0,0.0,['output_input_ratio'],[],False,True
recovered_archive2/127,recovered_archive2\127\rep_1908220.jpg.jpg,flow_score,0.0,0.0,"['flow_speed_um_s', 'rbc_aggregation', 'blood_color']",[],False,True
recovered_archive2/127,recovered_archive2\127\rep_1908221.jpg.jpg,morphology_score,0.0,0.0,['output_input_ratio'],[],False,True
recovered_archive2/127,recovered_archive2\127\rep_1908221.jpg.jpg,flow_score,0.0,0.0,"['flow_speed_um_s', 'rbc_aggregation', 'blood_color']",[],False,True
recovered_archive2/127,recovered_archive2\127\rep_左手.jpg.jpg,morphology_score,0.0,0.0,['output_input_ratio'],[],False,True
recovered_archive2/127,recovered_archive2\127\rep_左手.jpg.jpg,flow_score,0.0,0.0,"['flow_speed_um_s', 'rbc_aggregation', 'blood_color']",[],False,True
recovered_archive2/128,recovered_archive2\128\rep.jpg.jpg,morphology_score,3.6,3.6,"['afferent_diameter', 'efferent_diameter', 'output_input_ratio']",['capillary_count'],False,True
recovered_archive2/128,recovered_archive2\128\rep.jpg.jpg,flow_score,2.2,2.2,['flow_speed_um_s'],['flow_state'],False,True
recovered_archive2/128,recovered_archive2\128\rep.jpg.jpg,periloop_score,3.6,3.5,[],[],False,True
recovered_archive2/128,recovered_archive2\128\rep_1901242.jpg.jpg,morphology_score,3.6,3.6,"['afferent_diameter', 'efferent_diameter', 'output_input_ratio']",['capillary_count'],False,True
recovered_archive2/128,recovered_archive2\128\rep_1901242.jpg.jpg,flow_score,2.2,2.2,['flow_speed_um_s'],['flow_state'],False,True
recovered_archive2/128,recovered_archive2\128\rep_1901242.jpg.jpg,periloop_score,3.6,3.5,[],[],False,True
recovered_archive2/128,recovered_archive2\128\rep_左手.jpg.jpg,morphology_score,3.6,3.6,"['afferent_diameter', 'efferent_diameter', 'output_input_ratio']",['capillary_count'],False,True
recovered_archive2/128,recovered_archive2\128\rep_左手.jpg.jpg,flow_score,2.2,2.2,['flow_speed_um_s'],['flow_state'],False,True
recovered_archive2/128,recovered_archive2\128\rep_左手.jpg.jpg,periloop_score,3.6,3.5,[],[],False,True
recovered_archive2/129,recovered_archive2\129\rep.jpg.jpg,morphology_score,1.2,1.2,['output_input_ratio'],[],False,True
recovered_archive2/129,recovered_archive2\129\rep.jpg.jpg,flow_score,1.8,1.8,['flow_speed_um_s'],['flow_state'],False,True
recovered_archive2/129,recovered_archive2\129\rep.jpg.jpg,periloop_score,1.6,1.6,[],['hemorrhage'],False,True
recovered_archive2/129,recovered_archive2\129\rep_1902260.jpg.jpg,morphology_score,1.2,1.2,['output_input_ratio'],[],False,True
recovered_archive2/129,recovered_archive2\129\rep_1902260.jpg.jpg,flow_score,1.8,1.8,['flow_speed_um_s'],['flow_state'],False,True
recovered_archive2/129,recovered_archive2\129\rep_1902260.jpg.jpg,periloop_score,1.6,1.6,[],['hemorrhage'],False,True
recovered_archive2/129,recovered_archive2\129\rep_1902261.jpg.jpg,morphology_score,1.2,1.2,['output_input_ratio'],[],False,True
recovered_archive2/129,recovered_archive2\129\rep_1902261.jpg.jpg,flow_score,1.8,1.8,['flow_speed_um_s'],['flow_state'],False,True
recovered_archive2/129,recovered_archive2\129\rep_1902261.jpg.jpg,periloop_score,1.6,1.6,[],['hemorrhage'],False,True
recovered_archive2/129,recovered_archive2\129\rep_左手.jpg.jpg,morphology_score,1.2,1.2,['output_input_ratio'],[],False,True
recovered_archive2/129,recovered_archive2\129\rep_左手.jpg.jpg,flow_score,1.8,1.8,['flow_speed_um_s'],['flow_state'],False,True
recovered_archive2/129,recovered_archive2\129\rep_左手.jpg.jpg,periloop_score,1.6,1.6,[],['hemorrhage'],False,True
recovered_archive2/130,recovered_archive2\130\rep.jpg.jpg,morphology_score,1.1,1.1,['output_input_ratio'],[],False,True
recovered_archive2/130,recovered_archive2\130\rep.jpg.jpg,flow_score,9.0,9.0,['flow_speed_um_s'],['flow_state'],False,True
recovered_archive2/130,recovered_archive2\130\rep.jpg.jpg,periloop_score,4.1,4.1,[],[],False,True
recovered_archive2/130,recovered_archive2\130\rep_1.jpg.jpg,morphology_score,1.1,1.1,['output_input_ratio'],[],False,True
recovered_archive2/130,recovered_archive2\130\rep_1.jpg.jpg,flow_score,9.0,9.0,['flow_speed_um_s'],['flow_state'],False,True
recovered_archive2/130,recovered_archive2\130\rep_1.jpg.jpg,periloop_score,4.1,4.1,[],[],False,True
recovered_archive2/130,recovered_archive2\130\rep_1907250.jpg.jpg,morphology_score,1.1,1.1,['output_input_ratio'],[],False,True
recovered_archive2/130,recovered_archive2\130\rep_1907250.jpg.jpg,flow_score,9.0,9.0,['flow_speed_um_s'],['flow_state'],False,True
recovered_archive2/130,recovered_archive2\130\rep_1907250.jpg.jpg,periloop_score,4.1,4.1,[],[],False,True
recovered_archive2/130,recovered_archive2\130\rep_1907251.jpg.jpg,morphology_score,1.1,1.1,['output_input_ratio'],[],False,True
recovered_archive2/130,recovered_archive2\130\rep_1907251.jpg.jpg,flow_score,9.0,9.0,['flow_speed_um_s'],['flow_state'],False,True
recovered_archive2/130,recovered_archive2\130\rep_1907251.jpg.jpg,periloop_score,4.1,4.1,[],[],False,True
recovered_archive2/132,recovered_archive2\132\rep.jpg.jpg,morphology_score,1.3,1.3,['output_input_ratio'],[],False,True
recovered_archive2/132,recovered_archive2\132\rep.jpg.jpg,flow_score,4.2,4.2,['flow_speed_um_s'],['flow_state'],False,True
recovered_archive2/132,recovered_archive2\132\rep.jpg.jpg,periloop_score,4.4,4.4,[],[],False,True
recovered_archive2/132,recovered_archive2\132\rep_1907230.jpg.jpg,morphology_score,1.3,1.3,['output_input_ratio'],[],False,True
recovered_archive2/132,recovered_archive2\132\rep_1907230.jpg.jpg,flow_score,4.2,4.2,['flow_speed_um_s'],['flow_state'],False,True
recovered_archive2/132,recovered_archive2\132\rep_1907230.jpg.jpg,periloop_score,4.4,4.4,[],[],False,True
recovered_archive2/132,recovered_archive2\132\rep_1907231.jpg.jpg,morphology_score,1.3,1.3,['output_input_ratio'],[],False,True
recovered_archive2/132,recovered_archive2\132\rep_1907231.jpg.jpg,flow_score,4.2,4.2,['flow_speed_um_s'],['flow_state'],False,True
recovered_archive2/132,recovered_archive2\132\rep_1907231.jpg.jpg,periloop_score,4.4,4.4,[],[],False,True
recovered_archive2/132,recovered_archive2\132\rep_左手.jpg.jpg,morphology_score,1.3,1.3,['output_input_ratio'],[],False,True
recovered_archive2/132,recovered_archive2\132\rep_左手.jpg.jpg,flow_score,4.2,4.2,['flow_speed_um_s'],['flow_state'],False,True
recovered_archive2/132,recovered_archive2\132\rep_左手.jpg.jpg,periloop_score,4.4,4.4,[],[],False,True
recovered_archive2/135,recovered_archive2\135\rep.jpg.jpg,morphology_score,1.5,1.5,['output_input_ratio'],['capillary_count'],False,True
recovered_archive2/135,recovered_archive2\135\rep.jpg.jpg,flow_score,3.0,3.0,['flow_speed_um_s'],[],False,True
recovered_archive2/135,recovered_archive2\135\rep.jpg.jpg,periloop_score,4.0,4.0,[],['hemorrhage'],False,True
recovered_archive2/135,recovered_archive2\135\rep_1901150.jpg.jpg,morphology_score,1.5,1.5,['output_input_ratio'],['capillary_count'],False,True
recovered_archive2/135,recovered_archive2\135\rep_1901150.jpg.jpg,flow_score,3.0,3.0,['flow_speed_um_s'],[],False,True
recovered_archive2/135,recovered_archive2\135\rep_1901150.jpg.jpg,periloop_score,4.0,4.0,[],['hemorrhage'],False,True
recovered_archive2/135,recovered_archive2\135\rep_1901151.jpg.jpg,morphology_score,1.5,1.5,['output_input_ratio'],['capillary_count'],False,True
recovered_archive2/135,recovered_archive2\135\rep_1901151.jpg.jpg,flow_score,3.0,3.0,['flow_speed_um_s'],[],False,True
recovered_archive2/135,recovered_archive2\135\rep_1901151.jpg.jpg,periloop_score,4.0,4.0,[],['hemorrhage'],False,True
recovered_archive2/135,recovered_archive2\135\rep_左手.jpg.jpg,morphology_score,1.5,1.5,['output_input_ratio'],['capillary_count'],False,True
recovered_archive2/135,recovered_archive2\135\rep_左手.jpg.jpg,flow_score,3.0,3.0,['flow_speed_um_s'],[],False,True
recovered_archive2/135,recovered_archive2\135\rep_左手.jpg.jpg,periloop_score,4.0,4.0,[],['hemorrhage'],False,True
recovered_archive2/136,recovered_archive2\136\rep.jpg.jpg,morphology_score,1.6,1.6,['output_input_ratio'],[],False,True
recovered_archive2/136,recovered_archive2\136\rep.jpg.jpg,flow_score,6.2,1.4,"['flow_speed_um_s', 'microthrombus', 'blood_color']",[],False,False
recovered_archive2/136,recovered_archive2\136\rep_2012170.jpg.jpg,morphology_score,1.6,1.6,['output_input_ratio'],[],False,True
recovered_archive2/136,recovered_archive2\136\rep_2012170.jpg.jpg,flow_score,6.2,1.4,"['flow_speed_um_s', 'microthrombus', 'blood_color']",[],False,False
recovered_archive2/136,recovered_archive2\136\rep_2012171.jpg.jpg,morphology_score,1.6,1.6,['output_input_ratio'],[],False,True
recovered_archive2/136,recovered_archive2\136\rep_2012171.jpg.jpg,flow_score,6.2,1.4,"['flow_speed_um_s', 'microthrombus', 'blood_color']",[],False,False
recovered_archive2/136,recovered_archive2\136\rep_无名指.jpg.jpg,morphology_score,1.6,1.6,['output_input_ratio'],[],False,True
recovered_archive2/136,recovered_archive2\136\rep_无名指.jpg.jpg,flow_score,6.2,1.4,"['flow_speed_um_s', 'microthrombus', 'blood_color']",[],False,False
recovered_archive2/139,recovered_archive2\139\rep.jpg.jpg,morphology_score,1.7,1.7,['output_input_ratio'],['capillary_count'],False,True
recovered_archive2/139,recovered_archive2\139\rep.jpg.jpg,flow_score,4.2,4.2,['flow_speed_um_s'],['flow_state'],False,True
recovered_archive2/139,recovered_archive2\139\rep.jpg.jpg,periloop_score,2.3,2.3,[],[],False,True
recovered_archive2/139,recovered_archive2\139\rep_1903190.jpg.jpg,morphology_score,1.7,1.7,['output_input_ratio'],['capillary_count'],False,True
recovered_archive2/139,recovered_archive2\139\rep_1903190.jpg.jpg,flow_score,4.2,4.2,['flow_speed_um_s'],['flow_state'],False,True
recovered_archive2/139,recovered_archive2\139\rep_1903190.jpg.jpg,periloop_score,2.3,2.3,[],[],False,True
recovered_archive2/139,recovered_archive2\139\rep_1903191.jpg.jpg,morphology_score,1.7,1.7,['output_input_ratio'],['capillary_count'],False,True
recovered_archive2/139,recovered_archive2\139\rep_1903191.jpg.jpg,flow_score,4.2,4.2,['flow_speed_um_s'],['flow_state'],False,True
recovered_archive2/139,recovered_archive2\139\rep_1903191.jpg.jpg,periloop_score,2.3,2.3,[],[],False,True
recovered_archive2/139,recovered_archive2\139\rep_左手.jpg.jpg,morphology_score,1.7,1.7,['output_input_ratio'],['capillary_count'],False,True
recovered_archive2/139,recovered_archive2\139\rep_左手.jpg.jpg,flow_score,4.2,4.2,['flow_speed_um_s'],['flow_state'],False,True
recovered_archive2/139,recovered_archive2\139\rep_左手.jpg.jpg,periloop_score,2.3,2.3,[],[],False,True
recovered_archive2/141,recovered_archive2\141\rep.jpg.jpg,morphology_score,4.1,4.1,['output_input_ratio'],"['capillary_count', 'efferent_diameter']",False,True
recovered_archive2/141,recovered_archive2\141\rep.jpg.jpg,flow_score,0.4,0.4,['flow_speed_um_s'],[],False,True
recovered_archive2/141,recovered_archive2\141\rep.jpg.jpg,periloop_score,0.5,0.5,['sweat_duct'],[],False,True
recovered_archive2/141,recovered_archive2\141\rep_1908061.jpg.jpg,morphology_score,4.1,4.1,['output_input_ratio'],"['capillary_count', 'efferent_diameter']",False,True
recovered_archive2/141,recovered_archive2\141\rep_1908061.jpg.jpg,flow_score,0.4,0.4,['flow_speed_um_s'],[],False,True
recovered_archive2/141,recovered_archive2\141\rep_1908061.jpg.jpg,periloop_score,0.5,0.5,['sweat_duct'],[],False,True
recovered_archive2/141,recovered_archive2\141\rep_1908062.jpg.jpg,morphology_score,4.1,4.1,['output_input_ratio'],"['capillary_count', 'efferent_diameter']",False,True
recovered_archive2/141,recovered_archive2\141\rep_1908062.jpg.jpg,flow_score,0.4,0.4,['flow_speed_um_s'],[],False,True
recovered_archive2/141,recovered_archive2\141\rep_1908062.jpg.jpg,periloop_score,0.5,0.5,['sweat_duct'],[],False,True
recovered_archive2/141,recovered_archive2\141\rep_左手.jpg.jpg,morphology_score,4.1,4.1,['output_input_ratio'],"['capillary_count', 'efferent_diameter']",False,True
recovered_archive2/141,recovered_archive2\141\rep_左手.jpg.jpg,flow_score,0.4,0.4,['flow_speed_um_s'],[],False,True
recovered_archive2/141,recovered_archive2\141\rep_左手.jpg.jpg,periloop_score,0.5,0.5,['sweat_duct'],[],False,True
recovered_archive2/142,recovered_archive2\142\rep.jpg.jpg,morphology_score,0.8,0.8,['output_input_ratio'],[],False,True
recovered_archive2/142,recovered_archive2\142\rep.jpg.jpg,flow_score,4.2,4.2,['flow_speed_um_s'],['flow_state'],False,True
recovered_archive2/142,recovered_archive2\142\rep.jpg.jpg,periloop_score,4.1,4.1,['sweat_duct'],[],False,True
recovered_archive2/142,recovered_archive2\142\rep_1912030.jpg.jpg,morphology_score,0.8,0.8,['output_input_ratio'],[],False,True
recovered_archive2/142,recovered_archive2\142\rep_1912030.jpg.jpg,flow_score,4.2,4.2,['flow_speed_um_s'],['flow_state'],False,True
recovered_archive2/142,recovered_archive2\142\rep_1912030.jpg.jpg,periloop_score,4.1,4.1,['sweat_duct'],[],False,True
recovered_archive2/142,recovered_archive2\142\rep_1912031.jpg.jpg,morphology_score,0.8,0.8,['output_input_ratio'],[],False,True
recovered_archive2/142,recovered_archive2\142\rep_1912031.jpg.jpg,flow_score,4.2,4.2,['flow_speed_um_s'],['flow_state'],False,True
recovered_archive2/142,recovered_archive2\142\rep_1912031.jpg.jpg,periloop_score,4.1,4.1,['sweat_duct'],[],False,True
recovered_archive2/142,recovered_archive2\142\rep_左手.jpg.jpg,morphology_score,0.8,0.8,['output_input_ratio'],[],False,True
recovered_archive2/142,recovered_archive2\142\rep_左手.jpg.jpg,flow_score,4.2,4.2,['flow_speed_um_s'],['flow_state'],False,True
recovered_archive2/142,recovered_archive2\142\rep_左手.jpg.jpg,periloop_score,4.1,4.1,['sweat_duct'],[],False,True
recovered_archive2/144,recovered_archive2\144\rep.jpg.jpg,morphology_score,2.1,2.1,['output_input_ratio'],[],False,True
recovered_archive2/144,recovered_archive2\144\rep.jpg.jpg,flow_score,2.6,2.6,"['flow_speed_um_s', 'microthrombus', 'blood_color']",[],False,True
recovered_archive2/144,recovered_archive2\144\rep.jpg.jpg,periloop_score,0.4,0.4,[],[],False,True
recovered_archive2/144,recovered_archive2\144\rep_1812270.jpg.jpg,morphology_score,2.1,2.1,['output_input_ratio'],[],False,True
recovered_archive2/144,recovered_archive2\144\rep_1812270.jpg.jpg,flow_score,2.6,2.6,"['flow_speed_um_s', 'blood_color']",[],False,True
recovered_archive2/144,recovered_archive2\144\rep_1812270.jpg.jpg,periloop_score,0.4,0.4,[],[],False,True
recovered_archive2/144,recovered_archive2\144\rep_1812271.jpg.jpg,morphology_score,2.1,2.1,['output_input_ratio'],[],False,True
recovered_archive2/144,recovered_archive2\144\rep_1812271.jpg.jpg,flow_score,2.6,2.6,"['flow_speed_um_s', 'microthrombus', 'blood_color']",[],False,True
recovered_archive2/144,recovered_archive2\144\rep_1812271.jpg.jpg,periloop_score,0.4,0.4,[],[],False,True
recovered_archive2/144,recovered_archive2\144\rep_左手.jpg.jpg,morphology_score,2.1,2.1,['output_input_ratio'],[],False,True
recovered_archive2/144,recovered_archive2\144\rep_左手.jpg.jpg,flow_score,2.6,2.6,"['flow_speed_um_s', 'microthrombus', 'blood_color']",[],False,True
recovered_archive2/144,recovered_archive2\144\rep_左手.jpg.jpg,periloop_score,0.4,0.4,[],[],False,True
recovered_archive2/145,recovered_archive2\145\rep.jpg.jpg,morphology_score,1.7,1.7,['output_input_ratio'],['efferent_diameter'],False,True
recovered_archive2/145,recovered_archive2\145\rep.jpg.jpg,flow_score,1.6,1.6,['flow_speed_um_s'],[],False,True
recovered_archive2/145,recovered_archive2\145\rep.jpg.jpg,periloop_score,0.4,0.4,[],[],False,True
recovered_archive2/145,recovered_archive2\145\rep_1902120.jpg.jpg,morphology_score,1.7,1.7,['output_input_ratio'],['efferent_diameter'],False,True
recovered_archive2/145,recovered_archive2\145\rep_1902120.jpg.jpg,flow_score,1.6,1.6,['flow_speed_um_s'],[],False,True
recovered_archive2/145,recovered_archive2\145\rep_1902120.jpg.jpg,periloop_score,0.4,0.4,[],[],False,True
recovered_archive2/145,recovered_archive2\145\rep_1902121.jpg.jpg,morphology_score,1.7,1.7,['output_input_ratio'],['efferent_diameter'],False,True
recovered_archive2/145,recovered_archive2\145\rep_1902121.jpg.jpg,flow_score,1.6,1.6,['flow_speed_um_s'],[],False,True
recovered_archive2/145,recovered_archive2\145\rep_1902121.jpg.jpg,periloop_score,0.4,0.4,[],[],False,True
recovered_archive2/145,recovered_archive2\145\rep_右手.jpg.jpg,morphology_score,1.7,1.7,['output_input_ratio'],['efferent_diameter'],False,True
recovered_archive2/145,recovered_archive2\145\rep_右手.jpg.jpg,flow_score,1.6,1.6,['flow_speed_um_s'],[],False,True
recovered_archive2/145,recovered_archive2\145\rep_右手.jpg.jpg,periloop_score,0.4,0.4,[],[],False,True
recovered_archive2/146,recovered_archive2\146\rep.jpg.jpg,morphology_score,0.6,0.6,['output_input_ratio'],[],False,True
recovered_archive2/146,recovered_archive2\146\rep.jpg.jpg,flow_score,3.4,3.4,"['flow_speed_um_s', 'blood_color']",[],False,True
recovered_archive2/146,recovered_archive2\146\rep.jpg.jpg,periloop_score,0.4,0.4,[],[],False,True
recovered_archive2/146,recovered_archive2\146\rep_1908200.jpg.jpg,morphology_score,0.6,0.6,['output_input_ratio'],[],False,True
recovered_archive2/146,recovered_archive2\146\rep_1908200.jpg.jpg,flow_score,3.4,3.4,"['flow_speed_um_s', 'blood_color']",[],False,True
recovered_archive2/146,recovered_archive2\146\rep_1908200.jpg.jpg,periloop_score,0.4,0.4,[],[],False,True
recovered_archive2/146,recovered_archive2\146\rep_1908201.jpg.jpg,morphology_score,0.6,0.6,['output_input_ratio'],[],False,True
recovered_archive2/146,recovered_archive2\146\rep_1908201.jpg.jpg,flow_score,3.4,3.4,"['flow_speed_um_s', 'blood_color']",[],False,True
recovered_archive2/146,recovered_archive2\146\rep_1908201.jpg.jpg,periloop_score,0.4,0.4,[],[],False,True
recovered_archive2/146,recovered_archive2\146\rep_左手.jpg.jpg,morphology_score,0.6,0.6,['output_input_ratio'],[],False,True
recovered_archive2/146,recovered_archive2\146\rep_左手.jpg.jpg,flow_score,3.4,3.4,"['flow_speed_um_s', 'blood_color']",[],False,True
recovered_archive2/146,recovered_archive2\146\rep_左手.jpg.jpg,periloop_score,0.4,0.4,[],[],False,True
recovered_archive2/147,recovered_archive2\147\rep.jpg.jpg,morphology_score,2.6,2.6,['output_input_ratio'],['capillary_count'],False,True
recovered_archive2/147,recovered_archive2\147\rep.jpg.jpg,flow_score,4.2,4.2,['flow_speed_um_s'],['flow_state'],False,True
recovered_archive2/147,recovered_archive2\147\rep.jpg.jpg,periloop_score,1.6,1.6,['sweat_duct'],[],False,True
recovered_archive2/147,recovered_archive2\147\rep_1903050.jpg.jpg,morphology_score,2.6,2.6,['output_input_ratio'],['capillary_count'],False,True
recovered_archive2/147,recovered_archive2\147\rep_1903050.jpg.jpg,flow_score,4.2,4.2,['flow_speed_um_s'],['flow_state'],False,True
recovered_archive2/147,recovered_archive2\147\rep_1903050.jpg.jpg,periloop_score,1.6,1.6,['sweat_duct'],[],False,True
recovered_archive2/147,recovered_archive2\147\rep_1903051.jpg.jpg,morphology_score,2.6,2.6,['output_input_ratio'],['capillary_count'],False,True
recovered_archive2/147,recovered_archive2\147\rep_1903051.jpg.jpg,flow_score,4.2,4.2,['flow_speed_um_s'],['flow_state'],False,True
recovered_archive2/147,recovered_archive2\147\rep_1903051.jpg.jpg,periloop_score,1.6,1.6,['sweat_duct'],[],False,True
recovered_archive2/147,recovered_archive2\147\rep_左手.jpg.jpg,morphology_score,2.6,2.6,['output_input_ratio'],['capillary_count'],False,True
recovered_archive2/147,recovered_archive2\147\rep_左手.jpg.jpg,flow_score,4.2,4.2,['flow_speed_um_s'],['flow_state'],False,True
recovered_archive2/147,recovered_archive2\147\rep_左手.jpg.jpg,periloop_score,1.6,1.6,['sweat_duct'],[],False,True
recovered_archive2/148,recovered_archive2\148\rep.jpg.jpg,morphology_score,2.4,2.4,['output_input_ratio'],[],False,True
recovered_archive2/148,recovered_archive2\148\rep.jpg.jpg,flow_score,6.8,6.8,['flow_speed_um_s'],['flow_state'],False,True
recovered_archive2/148,recovered_archive2\148\rep.jpg.jpg,periloop_score,0.6,0.5,[],[],False,True
recovered_archive2/148,recovered_archive2\148\rep_1910220.jpg.jpg,morphology_score,2.4,2.4,['output_input_ratio'],[],False,True
recovered_archive2/148,recovered_archive2\148\rep_1910220.jpg.jpg,flow_score,6.8,6.8,['flow_speed_um_s'],['flow_state'],False,True
recovered_archive2/148,recovered_archive2\148\rep_1910220.jpg.jpg,periloop_score,0.6,0.5,[],[],False,True
recovered_archive2/148,recovered_archive2\148\rep_1910221.jpg.jpg,morphology_score,2.4,2.4,['output_input_ratio'],[],False,True
recovered_archive2/148,recovered_archive2\148\rep_1910221.jpg.jpg,flow_score,6.8,6.8,['flow_speed_um_s'],['flow_state'],False,True
recovered_archive2/148,recovered_archive2\148\rep_1910221.jpg.jpg,periloop_score,0.6,0.5,[],[],False,True
recovered_archive2/148,recovered_archive2\148\rep_左手.jpg.jpg,morphology_score,2.4,2.4,['output_input_ratio'],[],False,True
recovered_archive2/148,recovered_archive2\148\rep_左手.jpg.jpg,flow_score,6.8,6.8,['flow_speed_um_s'],['flow_state'],False,True
recovered_archive2/148,recovered_archive2\148\rep_左手.jpg.jpg,periloop_score,0.6,0.5,[],[],False,True
recovered_archive2/149,recovered_archive2\149\rep.jpg.jpg,morphology_score,0.2,0.2,"['clarity', 'output_input_ratio']",[],False,True
recovered_archive2/149,recovered_archive2\149\rep.jpg.jpg,flow_score,6.6,6.6,['flow_speed_um_s'],[],False,True
recovered_archive2/149,recovered_archive2\149\rep.jpg.jpg,periloop_score,2.3,2.3,['sweat_duct'],[],False,True
recovered_archive2/149,recovered_archive2\149\rep_1907180.jpg.jpg,morphology_score,0.2,0.2,"['clarity', 'output_input_ratio']",[],False,True
recovered_archive2/149,recovered_archive2\149\rep_1907180.jpg.jpg,flow_score,6.6,6.6,['flow_speed_um_s'],[],False,True
recovered_archive2/149,recovered_archive2\149\rep_1907180.jpg.jpg,periloop_score,2.3,2.3,['sweat_duct'],[],False,True
recovered_archive2/149,recovered_archive2\149\rep_1907181.jpg.jpg,morphology_score,0.2,0.2,"['clarity', 'output_input_ratio']",[],False,True
recovered_archive2/149,recovered_archive2\149\rep_1907181.jpg.jpg,flow_score,6.6,6.6,['flow_speed_um_s'],[],False,True
recovered_archive2/149,recovered_archive2\149\rep_1907181.jpg.jpg,periloop_score,2.3,2.3,['sweat_duct'],[],False,True
recovered_archive2/149,recovered_archive2\149\rep_左手.jpg.jpg,morphology_score,0.2,0.2,"['clarity', 'output_input_ratio']",[],False,True
recovered_archive2/149,recovered_archive2\149\rep_左手.jpg.jpg,flow_score,6.6,6.6,['flow_speed_um_s'],[],False,True
recovered_archive2/149,recovered_archive2\149\rep_左手.jpg.jpg,periloop_score,2.3,2.3,['sweat_duct'],[],False,True
recovered_archive2/150,recovered_archive2\150\rep.jpg.jpg,morphology_score,5.4,5.4,['output_input_ratio'],['capillary_count'],False,True
recovered_archive2/150,recovered_archive2\150\rep.jpg.jpg,flow_score,2.2,2.2,['flow_speed_um_s'],['flow_state'],False,True
recovered_archive2/150,recovered_archive2\150\rep.jpg.jpg,periloop_score,0.4,0.4,[],[],False,True
recovered_archive2/150,recovered_archive2\150\rep_1.jpg.jpg,morphology_score,5.4,5.4,['output_input_ratio'],['capillary_count'],False,True
recovered_archive2/150,recovered_archive2\150\rep_1.jpg.jpg,flow_score,2.2,2.2,['flow_speed_um_s'],['flow_state'],False,True
recovered_archive2/150,recovered_archive2\150\rep_1.jpg.jpg,periloop_score,0.4,0.4,[],[],False,True
recovered_archive2/150,recovered_archive2\150\rep_1901240.jpg.jpg,morphology_score,5.4,5.4,['output_input_ratio'],['capillary_count'],False,True
recovered_archive2/150,recovered_archive2\150\rep_1901240.jpg.jpg,flow_score,2.2,2.2,['flow_speed_um_s'],['flow_state'],False,True
recovered_archive2/150,recovered_archive2\150\rep_1901240.jpg.jpg,periloop_score,0.4,0.4,[],[],False,True
recovered_archive2/150,recovered_archive2\150\rep_1901241.jpg.jpg,morphology_score,5.4,5.4,['output_input_ratio'],['capillary_count'],False,True
recovered_archive2/150,recovered_archive2\150\rep_1901241.jpg.jpg,flow_score,2.2,2.2,['flow_speed_um_s'],['flow_state'],False,True
recovered_archive2/150,recovered_archive2\150\rep_1901241.jpg.jpg,periloop_score,0.4,0.4,[],[],False,True
recovered_archive2/151,recovered_archive2\151\rep.jpg.jpg,morphology_score,1.6,1.6,"['afferent_diameter', 'efferent_diameter', 'output_input_ratio', 'apex_diameter', 'loop_length']",['capillary_count'],False,True
recovered_archive2/151,recovered_archive2\151\rep.jpg.jpg,flow_score,1.0,1.0,['flow_speed_um_s'],[],False,True
recovered_archive2/151,recovered_archive2\151\rep.jpg.jpg,periloop_score,3.1,3.1,[],[],False,True
recovered_archive2/151,recovered_archive2\151\rep_1903210.jpg.jpg,morphology_score,1.6,1.6,"['afferent_diameter', 'efferent_diameter', 'output_input_ratio', 'apex_diameter', 'loop_length']",['capillary_count'],False,True
recovered_archive2/151,recovered_archive2\151\rep_1903210.jpg.jpg,flow_score,1.0,1.0,['flow_speed_um_s'],[],False,True
recovered_archive2/151,recovered_archive2\151\rep_1903210.jpg.jpg,periloop_score,3.1,3.1,[],[],False,True
recovered_archive2/151,recovered_archive2\151\rep_1903211.jpg.jpg,morphology_score,1.6,1.6,"['afferent_diameter', 'efferent_diameter', 'output_input_ratio', 'apex_diameter', 'loop_length']",['capillary_count'],False,True
recovered_archive2/151,recovered_archive2\151\rep_1903211.jpg.jpg,flow_score,1.0,1.0,['flow_speed_um_s'],[],False,True
recovered_archive2/151,recovered_archive2\151\rep_1903211.jpg.jpg,periloop_score,3.1,3.1,[],[],False,True
recovered_archive2/151,recovered_archive2\151\rep_左手.jpg.jpg,morphology_score,1.6,1.6,"['afferent_diameter', 'efferent_diameter', 'output_input_ratio', 'apex_diameter', 'loop_length']",['capillary_count'],False,True
recovered_archive2/151,recovered_archive2\151\rep_左手.jpg.jpg,flow_score,1.0,1.0,['flow_speed_um_s'],[],False,True
recovered_archive2/151,recovered_archive2\151\rep_左手.jpg.jpg,periloop_score,3.1,3.1,[],[],False,True
recovered_archive2/152,recovered_archive2\152\rep.jpg.jpg,morphology_score,2.6,2.6,['output_input_ratio'],[],False,True
recovered_archive2/152,recovered_archive2\152\rep.jpg.jpg,flow_score,9.8,6.8,"['flow_speed_um_s', 'rbc_aggregation']",[],False,False
recovered_archive2/152,recovered_archive2\152\rep.jpg.jpg,periloop_score,2.9,2.9,[],[],False,True
recovered_archive2/152,recovered_archive2\152\rep_1910290.jpg.jpg,morphology_score,1.6,1.6,['output_input_ratio'],[],False,True
recovered_archive2/152,recovered_archive2\152\rep_1910290.jpg.jpg,flow_score,9.8,6.8,"['flow_speed_um_s', 'rbc_aggregation']",[],False,False
recovered_archive2/152,recovered_archive2\152\rep_1910290.jpg.jpg,periloop_score,2.9,2.9,[],[],False,True
recovered_archive2/152,recovered_archive2\152\rep_1910291.jpg.jpg,morphology_score,1.6,1.6,['output_input_ratio'],[],False,True
recovered_archive2/152,recovered_archive2\152\rep_1910291.jpg.jpg,flow_score,9.8,6.8,"['flow_speed_um_s', 'rbc_aggregation']",[],False,False
recovered_archive2/152,recovered_archive2\152\rep_1910291.jpg.jpg,periloop_score,2.9,2.9,[],[],False,True
recovered_archive2/152,recovered_archive2\152\rep_左手.jpg.jpg,morphology_score,2.6,2.6,['output_input_ratio'],[],False,True
recovered_archive2/152,recovered_archive2\152\rep_左手.jpg.jpg,flow_score,9.8,6.8,"['flow_speed_um_s', 'rbc_aggregation']",[],False,False
recovered_archive2/152,recovered_archive2\152\rep_左手.jpg.jpg,periloop_score,2.9,2.9,[],[],False,True
recovered_archive2/155,recovered_archive2\155\rep.jpg.jpg,morphology_score,0.1,0.1,['output_input_ratio'],[],False,True
recovered_archive2/155,recovered_archive2\155\rep.jpg.jpg,flow_score,0.8,0.8,['flow_speed_um_s'],[],False,True
recovered_archive2/155,recovered_archive2\155\rep.jpg.jpg,periloop_score,1.5,1.5,[],[],False,True
recovered_archive2/155,recovered_archive2\155\rep_1901100.jpg.jpg,morphology_score,0.1,0.1,['output_input_ratio'],[],False,True
recovered_archive2/155,recovered_archive2\155\rep_1901100.jpg.jpg,flow_score,0.8,0.8,['flow_speed_um_s'],[],False,True
recovered_archive2/155,recovered_archive2\155\rep_1901100.jpg.jpg,periloop_score,1.5,1.5,[],[],False,True
recovered_archive2/155,recovered_archive2\155\rep_1901101.jpg.jpg,morphology_score,0.1,0.1,['output_input_ratio'],[],False,True
recovered_archive2/155,recovered_archive2\155\rep_1901101.jpg.jpg,flow_score,0.8,0.8,['flow_speed_um_s'],[],False,True
recovered_archive2/155,recovered_archive2\155\rep_1901101.jpg.jpg,periloop_score,1.5,1.5,[],[],False,True
recovered_archive2/155,recovered_archive2\155\rep_左手.jpg.jpg,morphology_score,0.1,0.1,['output_input_ratio'],[],False,True
recovered_archive2/155,recovered_archive2\155\rep_左手.jpg.jpg,flow_score,0.8,0.8,['flow_speed_um_s'],[],False,True
recovered_archive2/155,recovered_archive2\155\rep_左手.jpg.jpg,periloop_score,1.5,1.5,[],[],False,True
recovered_archive2/158,recovered_archive2\158\rep.jpg.jpg,morphology_score,0.6,0.6,['output_input_ratio'],[],False,True
recovered_archive2/158,recovered_archive2\158\rep.jpg.jpg,flow_score,2.4,2.4,['flow_speed_um_s'],[],False,True
recovered_archive2/158,recovered_archive2\158\rep.jpg.jpg,periloop_score,1.9,1.9,[],[],False,True
recovered_archive2/158,recovered_archive2\158\rep_1912030.jpg.jpg,morphology_score,0.6,0.6,['output_input_ratio'],[],False,True
recovered_archive2/158,recovered_archive2\158\rep_1912030.jpg.jpg,flow_score,2.4,2.4,['flow_speed_um_s'],[],False,True
recovered_archive2/158,recovered_archive2\158\rep_1912030.jpg.jpg,periloop_score,1.9,1.9,[],[],False,True
recovered_archive2/158,recovered_archive2\158\rep_1912031.jpg.jpg,morphology_score,0.6,0.6,['output_input_ratio'],[],False,True
recovered_archive2/158,recovered_archive2\158\rep_1912031.jpg.jpg,flow_score,2.4,2.4,['flow_speed_um_s'],[],False,True
recovered_archive2/158,recovered_archive2\158\rep_1912031.jpg.jpg,periloop_score,1.9,1.9,[],[],False,True
recovered_archive2/158,recovered_archive2\158\rep_左手.jpg.jpg,morphology_score,0.6,0.6,['output_input_ratio'],[],False,True
recovered_archive2/158,recovered_archive2\158\rep_左手.jpg.jpg,flow_score,2.4,2.4,['flow_speed_um_s'],[],False,True
recovered_archive2/158,recovered_archive2\158\rep_左手.jpg.jpg,periloop_score,1.9,1.9,[],[],False,True
recovered_archive2/159,recovered_archive2\159\rep.jpg.jpg,morphology_score,1.8,1.8,['output_input_ratio'],['capillary_count'],False,True
recovered_archive2/159,recovered_archive2\159\rep.jpg.jpg,flow_score,2.2,2.2,['flow_speed_um_s'],['flow_state'],False,True
recovered_archive2/159,recovered_archive2\159\rep.jpg.jpg,periloop_score,2.8,2.8,[],[],False,True
recovered_archive2/159,recovered_archive2\159\rep_1902210.jpg.jpg,morphology_score,1.8,1.8,['output_input_ratio'],['capillary_count'],False,True
recovered_archive2/159,recovered_archive2\159\rep_1902210.jpg.jpg,flow_score,2.2,2.2,['flow_speed_um_s'],['flow_state'],False,True
recovered_archive2/159,recovered_archive2\159\rep_1902210.jpg.jpg,periloop_score,2.8,2.8,[],[],False,True
recovered_archive2/159,recovered_archive2\159\rep_1902211.jpg.jpg,morphology_score,1.8,1.8,['output_input_ratio'],['capillary_count'],False,True
recovered_archive2/159,recovered_archive2\159\rep_1902211.jpg.jpg,flow_score,2.2,2.2,['flow_speed_um_s'],['flow_state'],False,True
recovered_archive2/159,recovered_archive2\159\rep_1902211.jpg.jpg,periloop_score,2.8,2.8,[],[],False,True
recovered_archive2/159,recovered_archive2\159\rep_1902212.jpg.jpg,morphology_score,1.8,1.8,['output_input_ratio'],['capillary_count'],False,True
recovered_archive2/159,recovered_archive2\159\rep_1902212.jpg.jpg,flow_score,2.2,2.2,['flow_speed_um_s'],['flow_state'],False,True
recovered_archive2/159,recovered_archive2\159\rep_1902212.jpg.jpg,periloop_score,2.8,2.8,[],[],False,True
recovered_archive2/159,recovered_archive2\159\rep_右手.jpg.jpg,morphology_score,1.8,1.8,['output_input_ratio'],['capillary_count'],False,True
recovered_archive2/159,recovered_archive2\159\rep_右手.jpg.jpg,flow_score,2.2,2.2,['flow_speed_um_s'],['flow_state'],False,True
recovered_archive2/159,recovered_archive2\159\rep_右手.jpg.jpg,periloop_score,2.8,2.8,[],[],False,True
recovered_archive2/161,recovered_archive2\161\rep.jpg.jpg,morphology_score,1.0,1.0,['output_input_ratio'],[],False,True
recovered_archive2/161,recovered_archive2\161\rep.jpg.jpg,flow_score,6.6,6.6,['flow_speed_um_s'],[],False,True
recovered_archive2/161,recovered_archive2\161\rep.jpg.jpg,periloop_score,2.0,2.0,['sweat_duct'],[],False,True
recovered_archive2/161,recovered_archive2\161\rep_1912050.jpg.jpg,morphology_score,1.0,1.0,['output_input_ratio'],[],False,True
recovered_archive2/161,recovered_archive2\161\rep_1912050.jpg.jpg,flow_score,6.6,6.6,['flow_speed_um_s'],[],False,True
recovered_archive2/161,recovered_archive2\161\rep_1912050.jpg.jpg,periloop_score,2.0,2.0,['sweat_duct'],[],False,True
recovered_archive2/161,recovered_archive2\161\rep_1912051.jpg.jpg,morphology_score,1.0,1.0,['output_input_ratio'],[],False,True
recovered_archive2/161,recovered_archive2\161\rep_1912051.jpg.jpg,flow_score,6.6,6.6,['flow_speed_um_s'],[],False,True
recovered_archive2/161,recovered_archive2\161\rep_1912051.jpg.jpg,periloop_score,2.0,2.0,['sweat_duct'],[],False,True
recovered_archive2/161,recovered_archive2\161\rep_左手.jpg.jpg,morphology_score,1.0,1.0,['output_input_ratio'],[],False,True
recovered_archive2/161,recovered_archive2\161\rep_左手.jpg.jpg,flow_score,6.6,6.6,['flow_speed_um_s'],[],False,True
recovered_archive2/161,recovered_archive2\161\rep_左手.jpg.jpg,periloop_score,2.0,2.0,['sweat_duct'],[],False,True
recovered_archive2/162,recovered_archive2\162\rep.jpg.jpg,morphology_score,0.0,0.0,['output_input_ratio'],[],False,True
recovered_archive2/162,recovered_archive2\162\rep.jpg.jpg,flow_score,3.0,3.0,['flow_speed_um_s'],[],False,True
recovered_archive2/162,recovered_archive2\162\rep.jpg.jpg,periloop_score,2.8,2.8,[],[],False,True
recovered_archive2/162,recovered_archive2\162\rep_2103020.jpg.jpg,morphology_score,0.0,0.0,['output_input_ratio'],[],False,True
recovered_archive2/162,recovered_archive2\162\rep_2103020.jpg.jpg,flow_score,3.0,3.0,['flow_speed_um_s'],[],False,True
recovered_archive2/162,recovered_archive2\162\rep_2103020.jpg.jpg,periloop_score,2.8,2.8,[],[],False,True
recovered_archive2/162,recovered_archive2\162\rep_2103021.jpg.jpg,morphology_score,0.0,0.0,['output_input_ratio'],[],False,True
recovered_archive2/162,recovered_archive2\162\rep_2103021.jpg.jpg,flow_score,3.0,3.0,['flow_speed_um_s'],[],False,True
recovered_archive2/162,recovered_archive2\162\rep_2103021.jpg.jpg,periloop_score,2.8,2.8,[],[],False,True
recovered_archive2/162,recovered_archive2\162\rep_2103022.jpg.jpg,morphology_score,0.0,0.0,['output_input_ratio'],[],False,True
recovered_archive2/162,recovered_archive2\162\rep_2103022.jpg.jpg,flow_score,3.0,3.0,['flow_speed_um_s'],[],False,True
recovered_archive2/162,recovered_archive2\162\rep_2103022.jpg.jpg,periloop_score,2.8,2.8,[],[],False,True
recovered_archive2/162,recovered_archive2\162\rep_双手无名指.jpg.jpg,morphology_score,0.0,0.0,['output_input_ratio'],[],False,True
recovered_archive2/162,recovered_archive2\162\rep_双手无名指.jpg.jpg,flow_score,3.0,3.0,['flow_speed_um_s'],[],False,True
recovered_archive2/162,recovered_archive2\162\rep_双手无名指.jpg.jpg,periloop_score,2.8,2.8,[],[],False,True
recovered_archive2/163,recovered_archive2\163\rep.jpg.jpg,morphology_score,2.0,2.0,"['afferent_diameter', 'efferent_diameter', 'output_input_ratio', 'apex_diameter']",['capillary_count'],False,True
recovered_archive2/163,recovered_archive2\163\rep.jpg.jpg,flow_score,4.2,4.2,['flow_speed_um_s'],['flow_state'],False,True
recovered_archive2/163,recovered_archive2\163\rep.jpg.jpg,periloop_score,4.1,4.1,['sweat_duct'],[],False,True
recovered_archive2/163,recovered_archive2\163\rep_1903190.jpg.jpg,morphology_score,2.0,2.0,"['afferent_diameter', 'efferent_diameter', 'output_input_ratio', 'apex_diameter']",['capillary_count'],False,True
recovered_archive2/163,recovered_archive2\163\rep_1903190.jpg.jpg,flow_score,4.2,4.2,['flow_speed_um_s'],['flow_state'],False,True
recovered_archive2/163,recovered_archive2\163\rep_1903190.jpg.jpg,periloop_score,4.1,4.1,['sweat_duct'],[],False,True
recovered_archive2/163,recovered_archive2\163\rep_1903191.jpg.jpg,morphology_score,2.0,2.0,"['afferent_diameter', 'efferent_diameter', 'output_input_ratio', 'apex_diameter']",['capillary_count'],False,True
recovered_archive2/163,recovered_archive2\163\rep_1903191.jpg.jpg,flow_score,4.2,4.2,['flow_speed_um_s'],['flow_state'],False,True
recovered_archive2/163,recovered_archive2\163\rep_1903191.jpg.jpg,periloop_score,4.1,4.1,['sweat_duct'],[],False,True
recovered_archive2/163,recovered_archive2\163\rep_1903192.jpg.jpg,morphology_score,2.0,2.0,"['afferent_diameter', 'efferent_diameter', 'output_input_ratio', 'apex_diameter']",['capillary_count'],False,True
recovered_archive2/163,recovered_archive2\163\rep_1903192.jpg.jpg,flow_score,4.2,4.2,['flow_speed_um_s'],['flow_state'],False,True
recovered_archive2/163,recovered_archive2\163\rep_1903192.jpg.jpg,periloop_score,4.1,4.1,['sweat_duct'],[],False,True
recovered_archive2/163,recovered_archive2\163\rep_左手.jpg.jpg,morphology_score,2.0,2.0,"['afferent_diameter', 'efferent_diameter', 'output_input_ratio', 'apex_diameter']",['capillary_count'],False,True
recovered_archive2/163,recovered_archive2\163\rep_左手.jpg.jpg,flow_score,4.2,4.2,['flow_speed_um_s'],['flow_state'],False,True
recovered_archive2/163,recovered_archive2\163\rep_左手.jpg.jpg,periloop_score,4.1,4.1,['sweat_duct'],[],False,True
recovered_archive2/164,recovered_archive2\164\rep.jpg.jpg,morphology_score,1.9,1.9,['output_input_ratio'],['capillary_count'],False,True
recovered_archive2/164,recovered_archive2\164\rep.jpg.jpg,flow_score,1.0,1.0,"['flow_speed_um_s', 'rbc_aggregation']",['flow_state'],False,True
recovered_archive2/164,recovered_archive2\164\rep.jpg.jpg,periloop_score,4.2,4.2,[],[],False,True
recovered_archive2/164,recovered_archive2\164\rep_1.jpg.jpg,morphology_score,1.9,1.9,['output_input_ratio'],['capillary_count'],False,True
recovered_archive2/164,recovered_archive2\164\rep_1.jpg.jpg,flow_score,1.0,1.0,"['flow_speed_um_s', 'rbc_aggregation']",['flow_state'],False,True
recovered_archive2/164,recovered_archive2\164\rep_1.jpg.jpg,periloop_score,4.2,4.2,[],[],False,True
recovered_archive2/164,recovered_archive2\164\rep_1812060.jpg.jpg,morphology_score,1.9,1.9,['output_input_ratio'],['capillary_count'],False,True
recovered_archive2/164,recovered_archive2\164\rep_1812060.jpg.jpg,flow_score,1.0,1.0,"['flow_speed_um_s', 'rbc_aggregation']",['flow_state'],False,True
recovered_archive2/164,recovered_archive2\164\rep_1812060.jpg.jpg,periloop_score,4.2,4.2,[],[],False,True
recovered_archive2/164,recovered_archive2\164\rep_1812061.jpg.jpg,morphology_score,1.9,1.9,['output_input_ratio'],['capillary_count'],False,True
recovered_archive2/164,recovered_archive2\164\rep_1812061.jpg.jpg,flow_score,1.0,1.0,"['flow_speed_um_s', 'rbc_aggregation']",['flow_state'],False,True
recovered_archive2/164,recovered_archive2\164\rep_1812061.jpg.jpg,periloop_score,4.2,4.2,[],[],False,True
recovered_archive2/165,recovered_archive2\165\rep.jpg.jpg,morphology_score,3.0,3.0,['output_input_ratio'],['capillary_count'],False,True
recovered_archive2/165,recovered_archive2\165\rep.jpg.jpg,flow_score,2.3,2.3,['flow_speed_um_s'],['flow_state'],False,True
recovered_archive2/165,recovered_archive2\165\rep.jpg.jpg,periloop_score,1.5,1.5,['hemorrhage'],[],False,True
recovered_archive2/165,recovered_archive2\165\rep_2005190.jpg.jpg,morphology_score,3.0,3.0,['output_input_ratio'],['capillary_count'],False,True
recovered_archive2/165,recovered_archive2\165\rep_2005190.jpg.jpg,flow_score,2.3,2.3,['flow_speed_um_s'],['flow_state'],False,True
recovered_archive2/165,recovered_archive2\165\rep_2005190.jpg.jpg,periloop_score,1.5,1.5,['hemorrhage'],[],False,True
recovered_archive2/165,recovered_archive2\165\rep_2005191.jpg.jpg,morphology_score,3.0,3.0,['output_input_ratio'],['capillary_count'],False,True
recovered_archive2/165,recovered_archive2\165\rep_2005191.jpg.jpg,flow_score,2.3,2.3,['flow_speed_um_s'],['flow_state'],False,True
recovered_archive2/165,recovered_archive2\165\rep_2005191.jpg.jpg,periloop_score,1.5,1.5,['hemorrhage'],[],False,True
recovered_archive2/165,recovered_archive2\165\rep_左手.jpg.jpg,morphology_score,3.0,3.0,['output_input_ratio'],['capillary_count'],False,True
recovered_archive2/165,recovered_archive2\165\rep_左手.jpg.jpg,flow_score,2.3,2.3,['flow_speed_um_s'],['flow_state'],False,True
recovered_archive2/165,recovered_archive2\165\rep_左手.jpg.jpg,periloop_score,1.5,1.5,['hemorrhage'],[],False,True
recovered_archive2/167,recovered_archive2\167\rep.jpg.jpg,morphology_score,0.2,0.2,['output_input_ratio'],[],False,True
recovered_archive2/167,recovered_archive2\167\rep.jpg.jpg,flow_score,1.2,1.2,['flow_speed_um_s'],['flow_state'],False,True
recovered_archive2/167,recovered_archive2\167\rep.jpg.jpg,periloop_score,0.4,0.4,[],[],False,True
recovered_archive2/167,recovered_archive2\167\rep_1901030.jpg.jpg,morphology_score,0.2,0.2,['output_input_ratio'],[],False,True
recovered_archive2/167,recovered_archive2\167\rep_1901030.jpg.jpg,flow_score,1.2,1.2,['flow_speed_um_s'],['flow_state'],False,True
recovered_archive2/167,recovered_archive2\167\rep_1901030.jpg.jpg,periloop_score,0.4,0.4,[],[],False,True
recovered_archive2/167,recovered_archive2\167\rep_1901031.jpg.jpg,morphology_score,0.2,0.2,['output_input_ratio'],[],False,True
recovered_archive2/167,recovered_archive2\167\rep_1901031.jpg.jpg,flow_score,1.2,1.2,['flow_speed_um_s'],['flow_state'],False,True
recovered_archive2/167,recovered_archive2\167\rep_1901031.jpg.jpg,periloop_score,0.4,0.4,[],[],False,True
recovered_archive2/167,recovered_archive2\167\rep_左手.jpg.jpg,morphology_score,0.2,0.2,['output_input_ratio'],[],False,True
recovered_archive2/167,recovered_archive2\167\rep_左手.jpg.jpg,flow_score,1.2,1.2,['flow_speed_um_s'],['flow_state'],False,True
recovered_archive2/167,recovered_archive2\167\rep_左手.jpg.jpg,periloop_score,0.4,0.4,[],[],False,True
recovered_archive2/168,recovered_archive2\168\rep.jpg.jpg,morphology_score,0.2,0.2,['output_input_ratio'],[],False,True
recovered_archive2/168,recovered_archive2\168\rep.jpg.jpg,flow_score,5.2,5.2,['flow_speed_um_s'],[],False,True
recovered_archive2/168,recovered_archive2\168\rep.jpg.jpg,periloop_score,2.0,2.0,[],[],False,True
recovered_archive2/168,recovered_archive2\168\rep_1910220.jpg.jpg,morphology_score,0.2,0.2,['output_input_ratio'],[],False,True
recovered_archive2/168,recovered_archive2\168\rep_1910220.jpg.jpg,flow_score,5.2,5.2,['flow_speed_um_s'],[],False,True
recovered_archive2/168,recovered_archive2\168\rep_1910220.jpg.jpg,periloop_score,2.0,2.0,[],[],False,True
recovered_archive2/168,recovered_archive2\168\rep_1910221.jpg.jpg,morphology_score,0.2,0.2,['output_input_ratio'],[],False,True
recovered_archive2/168,recovered_archive2\168\rep_1910221.jpg.jpg,flow_score,5.2,5.2,['flow_speed_um_s'],[],False,True
recovered_archive2/168,recovered_archive2\168\rep_1910221.jpg.jpg,periloop_score,2.0,2.0,[],[],False,True
recovered_archive2/168,recovered_archive2\168\rep_左手.jpg.jpg,morphology_score,0.2,0.2,['output_input_ratio'],[],False,True
recovered_archive2/168,recovered_archive2\168\rep_左手.jpg.jpg,flow_score,5.2,5.2,['flow_speed_um_s'],[],False,True
recovered_archive2/168,recovered_archive2\168\rep_左手.jpg.jpg,periloop_score,2.0,2.0,[],[],False,True
recovered_archive2/169,recovered_archive2\169\rep.jpg.jpg,morphology_score,1.3,1.3,"['output_input_ratio', 'malformation_ratio']",['capillary_count'],False,True
recovered_archive2/169,recovered_archive2\169\rep.jpg.jpg,flow_score,4.0,4.0,['flow_speed_um_s'],['flow_state'],False,True
recovered_archive2/169,recovered_archive2\169\rep.jpg.jpg,periloop_score,2.6,2.6,[],[],False,True
recovered_archive2/169,recovered_archive2\169\rep_1.jpg.jpg,morphology_score,1.3,1.3,"['output_input_ratio', 'malformation_ratio']",['capillary_count'],False,True
recovered_archive2/169,recovered_archive2\169\rep_1.jpg.jpg,flow_score,4.0,4.0,['flow_speed_um_s'],['flow_state'],False,True
recovered_archive2/169,recovered_archive2\169\rep_1.jpg.jpg,periloop_score,2.6,2.6,[],[],False,True
recovered_archive2/169,recovered_archive2\169\rep_1903051.jpg.jpg,morphology_score,1.3,1.3,"['output_input_ratio', 'malformation_ratio']",['capillary_count'],False,True
recovered_archive2/169,recovered_archive2\169\rep_1903051.jpg.jpg,flow_score,4.0,4.0,['flow_speed_um_s'],['flow_state'],False,True
recovered_archive2/169,recovered_archive2\169\rep_1903051.jpg.jpg,periloop_score,2.6,2.6,[],[],False,True
recovered_archive2/169,recovered_archive2\169\rep_右手.jpg.jpg,morphology_score,1.3,1.3,"['output_input_ratio', 'malformation_ratio']",['capillary_count'],False,True
recovered_archive2/169,recovered_archive2\169\rep_右手.jpg.jpg,flow_score,4.0,4.0,['flow_speed_um_s'],['flow_state'],False,True
recovered_archive2/169,recovered_archive2\169\rep_右手.jpg.jpg,periloop_score,2.6,2.6,[],[],False,True
recovered_archive2/170,recovered_archive2\170\rep.jpg.jpg,morphology_score,0.4,0.4,['output_input_ratio'],[],False,True
recovered_archive2/170,recovered_archive2\170\rep.jpg.jpg,flow_score,1.4,1.4,"['flow_speed_um_s', 'microthrombus', 'blood_color']",[],False,True
recovered_archive2/170,recovered_archive2\170\rep.jpg.jpg,periloop_score,4.1,4.1,[],[],False,True
recovered_archive2/170,recovered_archive2\170\rep_2004140.jpg.jpg,morphology_score,0.4,0.4,['output_input_ratio'],[],False,True
recovered_archive2/170,recovered_archive2\170\rep_2004140.jpg.jpg,flow_score,1.4,1.4,"['flow_speed_um_s', 'microthrombus', 'blood_color']",[],False,True
recovered_archive2/170,recovered_archive2\170\rep_2004140.jpg.jpg,periloop_score,4.1,4.1,[],[],False,True
recovered_archive2/170,recovered_archive2\170\rep_2004141.jpg.jpg,morphology_score,0.4,0.4,['output_input_ratio'],[],False,True
recovered_archive2/170,recovered_archive2\170\rep_2004141.jpg.jpg,flow_score,1.4,1.4,"['flow_speed_um_s', 'microthrombus', 'blood_color']",[],False,True
recovered_archive2/170,recovered_archive2\170\rep_2004141.jpg.jpg,periloop_score,4.1,4.1,[],[],False,True
recovered_archive2/170,recovered_archive2\170\rep_左手.jpg.jpg,morphology_score,0.4,0.4,['output_input_ratio'],[],False,True
recovered_archive2/170,recovered_archive2\170\rep_左手.jpg.jpg,flow_score,1.4,1.4,"['flow_speed_um_s', 'microthrombus', 'blood_color']",[],False,True
recovered_archive2/170,recovered_archive2\170\rep_左手.jpg.jpg,periloop_score,4.1,4.1,[],[],False,True
recovered_archive2/171,recovered_archive2\171\rep.jpg.jpg,morphology_score,0.2,0.2,"['output_input_ratio', 'apex_diameter', 'loop_length', 'crossing_ratio', 'malformation_ratio']",[],False,True
recovered_archive2/171,recovered_archive2\171\rep.jpg.jpg,flow_score,0.2,0.2,"['flow_state', 'flow_speed_um_s']",[],False,True
recovered_archive2/171,recovered_archive2\171\rep.jpg.jpg,periloop_score,0.0,0.0,"['papilla', 'sweat_duct']",[],False,True
recovered_archive2/171,recovered_archive2\171\rep_1810170.jpg.jpg,morphology_score,0.2,0.2,"['output_input_ratio', 'apex_diameter', 'loop_length', 'crossing_ratio', 'malformation_ratio']",[],False,True
recovered_archive2/171,recovered_archive2\171\rep_1810170.jpg.jpg,flow_score,0.2,0.2,"['flow_state', 'flow_speed_um_s']",[],False,True
recovered_archive2/171,recovered_archive2\171\rep_1810170.jpg.jpg,periloop_score,0.0,0.0,"['papilla', 'sweat_duct']",[],False,True
recovered_archive2/172,recovered_archive2\172\rep.jpg.jpg,morphology_score,0.0,0.0,['output_input_ratio'],[],False,True
recovered_archive2/172,recovered_archive2\172\rep.jpg.jpg,flow_score,1.8,1.8,['flow_speed_um_s'],[],False,True
recovered_archive2/172,recovered_archive2\172\rep.jpg.jpg,periloop_score,3.1,3.1,[],[],False,True
recovered_archive2/172,recovered_archive2\172\rep_2005190.jpg.jpg,morphology_score,0.0,0.0,['output_input_ratio'],[],False,True
recovered_archive2/172,recovered_archive2\172\rep_2005190.jpg.jpg,flow_score,1.8,1.8,['flow_speed_um_s'],[],False,True
recovered_archive2/172,recovered_archive2\172\rep_2005190.jpg.jpg,periloop_score,3.1,3.1,[],[],False,True
recovered_archive2/172,recovered_archive2\172\rep_2005191.jpg.jpg,morphology_score,0.0,0.0,['output_input_ratio'],[],False,True
recovered_archive2/172,recovered_archive2\172\rep_2005191.jpg.jpg,flow_score,1.8,1.8,['flow_speed_um_s'],[],False,True
recovered_archive2/172,recovered_archive2\172\rep_2005191.jpg.jpg,periloop_score,3.1,3.1,[],[],False,True
recovered_archive2/172,recovered_archive2\172\rep_2005192.jpg.jpg,morphology_score,0.0,0.0,['output_input_ratio'],[],False,True
recovered_archive2/172,recovered_archive2\172\rep_2005192.jpg.jpg,flow_score,1.8,1.8,['flow_speed_um_s'],[],False,True
recovered_archive2/172,recovered_archive2\172\rep_2005192.jpg.jpg,periloop_score,3.1,3.1,[],[],False,True
recovered_archive2/172,recovered_archive2\172\rep_左手.jpg.jpg,morphology_score,0.0,0.0,['output_input_ratio'],[],False,True
recovered_archive2/172,recovered_archive2\172\rep_左手.jpg.jpg,flow_score,1.8,1.8,['flow_speed_um_s'],[],False,True
recovered_archive2/172,recovered_archive2\172\rep_左手.jpg.jpg,periloop_score,3.1,3.1,[],[],False,True
recovered_archive2/173,recovered_archive2\173\rep.jpg.jpg,morphology_score,0.4,0.4,['output_input_ratio'],[],False,True
recovered_archive2/173,recovered_archive2\173\rep.jpg.jpg,flow_score,4.0,4.0,['flow_speed_um_s'],['flow_state'],False,True
recovered_archive2/173,recovered_archive2\173\rep.jpg.jpg,periloop_score,0.4,0.4,[],[],False,True
recovered_archive2/173,recovered_archive2\173\rep_1901290.jpg.jpg,morphology_score,0.4,0.4,['output_input_ratio'],[],False,True
recovered_archive2/173,recovered_archive2\173\rep_1901290.jpg.jpg,flow_score,4.0,4.0,['flow_speed_um_s'],['flow_state'],False,True
recovered_archive2/173,recovered_archive2\173\rep_1901290.jpg.jpg,periloop_score,0.4,0.4,[],[],False,True
recovered_archive2/173,recovered_archive2\173\rep_1901291.jpg.jpg,morphology_score,0.4,0.4,['output_input_ratio'],[],False,True
recovered_archive2/173,recovered_archive2\173\rep_1901291.jpg.jpg,flow_score,4.0,4.0,['flow_speed_um_s'],['flow_state'],False,True
recovered_archive2/173,recovered_archive2\173\rep_1901291.jpg.jpg,periloop_score,0.4,0.4,[],[],False,True
recovered_archive2/173,recovered_archive2\173\rep_1901292.jpg.jpg,morphology_score,0.4,0.4,['output_input_ratio'],[],False,True
recovered_archive2/173,recovered_archive2\173\rep_1901292.jpg.jpg,flow_score,4.0,4.0,['flow_speed_um_s'],['flow_state'],False,True
recovered_archive2/173,recovered_archive2\173\rep_1901292.jpg.jpg,periloop_score,0.4,0.4,[],[],False,True
recovered_archive2/173,recovered_archive2\173\rep_左手.jpg.jpg,morphology_score,0.4,0.4,['output_input_ratio'],[],False,True
recovered_archive2/173,recovered_archive2\173\rep_左手.jpg.jpg,flow_score,4.0,4.0,['flow_speed_um_s'],['flow_state'],False,True
recovered_archive2/173,recovered_archive2\173\rep_左手.jpg.jpg,periloop_score,0.4,0.4,[],[],False,True
recovered_archive2/174,recovered_archive2\174\rep.jpg.jpg,morphology_score,0.0,0.0,['output_input_ratio'],[],False,True
recovered_archive2/174,recovered_archive2\174\rep.jpg.jpg,flow_score,0.4,0.4,['flow_speed_um_s'],[],False,True
recovered_archive2/174,recovered_archive2\174\rep.jpg.jpg,periloop_score,0.4,0.4,[],[],False,True
recovered_archive2/174,recovered_archive2\174\rep_1812210.jpg.jpg,morphology_score,0.0,0.0,['output_input_ratio'],[],False,True
recovered_archive2/174,recovered_archive2\174\rep_1812210.jpg.jpg,flow_score,0.4,0.4,['flow_speed_um_s'],[],False,True
recovered_archive2/174,recovered_archive2\174\rep_1812210.jpg.jpg,periloop_score,0.4,0.4,[],[],False,True
recovered_archive2/174,recovered_archive2\174\rep_1812211.jpg.jpg,morphology_score,0.0,0.0,['output_input_ratio'],[],False,True
recovered_archive2/174,recovered_archive2\174\rep_1812211.jpg.jpg,flow_score,0.4,0.4,['flow_speed_um_s'],[],False,True
recovered_archive2/174,recovered_archive2\174\rep_1812211.jpg.jpg,periloop_score,0.4,0.4,[],[],False,True
recovered_archive2/174,recovered_archive2\174\rep_左手.jpg.jpg,morphology_score,0.0,0.0,['output_input_ratio'],[],False,True
recovered_archive2/174,recovered_archive2\174\rep_左手.jpg.jpg,flow_score,0.4,0.4,['flow_speed_um_s'],[],False,True
recovered_archive2/174,recovered_archive2\174\rep_左手.jpg.jpg,periloop_score,0.4,0.4,[],[],False,True
recovered_archive2/175,recovered_archive2\175\rep.jpg.jpg,morphology_score,2.4,2.4,['output_input_ratio'],[],False,True
recovered_archive2/175,recovered_archive2\175\rep.jpg.jpg,flow_score,0.8,0.8,['flow_speed_um_s'],[],False,True
recovered_archive2/175,recovered_archive2\175\rep.jpg.jpg,periloop_score,2.9,2.9,[],[],False,True
recovered_archive2/175,recovered_archive2\175\rep_2010270.jpg.jpg,morphology_score,2.4,2.4,['output_input_ratio'],[],False,True
recovered_archive2/175,recovered_archive2\175\rep_2010270.jpg.jpg,flow_score,0.8,0.8,['flow_speed_um_s'],[],False,True
recovered_archive2/175,recovered_archive2\175\rep_2010270.jpg.jpg,periloop_score,2.9,2.9,[],[],False,True
recovered_archive2/175,recovered_archive2\175\rep_2010271.jpg.jpg,morphology_score,2.4,2.4,['output_input_ratio'],[],False,True
recovered_archive2/175,recovered_archive2\175\rep_2010271.jpg.jpg,flow_score,0.8,0.8,['flow_speed_um_s'],[],False,True
recovered_archive2/175,recovered_archive2\175\rep_2010271.jpg.jpg,periloop_score,2.9,2.9,[],[],False,True
recovered_archive2/175,recovered_archive2\175\rep_左手.jpg.jpg,morphology_score,2.4,2.4,['output_input_ratio'],[],False,True
recovered_archive2/175,recovered_archive2\175\rep_左手.jpg.jpg,flow_score,0.8,0.8,['flow_speed_um_s'],[],False,True
recovered_archive2/175,recovered_archive2\175\rep_左手.jpg.jpg,periloop_score,2.9,2.9,[],[],False,True
recovered_archive2/176,recovered_archive2\176\rep.jpg.jpg,morphology_score,3.6,3.6,['output_input_ratio'],[],False,True
recovered_archive2/176,recovered_archive2\176\rep.jpg.jpg,flow_score,4.2,4.2,['flow_speed_um_s'],['flow_state'],False,True
recovered_archive2/176,recovered_archive2\176\rep.jpg.jpg,periloop_score,1.4,1.4,['sweat_duct'],[],False,True
recovered_archive2/176,recovered_archive2\176\rep_2012100.jpg.jpg,morphology_score,2.4,2.4,['output_input_ratio'],[],False,True
recovered_archive2/176,recovered_archive2\176\rep_2012100.jpg.jpg,flow_score,4.2,4.2,['flow_speed_um_s'],['flow_state'],False,True
recovered_archive2/176,recovered_archive2\176\rep_2012100.jpg.jpg,periloop_score,1.4,1.4,['sweat_duct'],[],False,True
recovered_archive2/176,recovered_archive2\176\rep_2012101.jpg.jpg,morphology_score,2.4,2.4,['output_input_ratio'],[],False,True
recovered_archive2/176,recovered_archive2\176\rep_2012101.jpg.jpg,flow_score,4.2,4.2,['flow_speed_um_s'],['flow_state'],False,True
recovered_archive2/176,recovered_archive2\176\rep_2012101.jpg.jpg,periloop_score,1.4,1.4,['sweat_duct'],[],False,True
recovered_archive2/176,recovered_archive2\176\rep_双手无名指.jpg.jpg,morphology_score,3.6,3.6,['output_input_ratio'],[],False,True
recovered_archive2/176,recovered_archive2\176\rep_双手无名指.jpg.jpg,flow_score,4.2,4.2,['flow_speed_um_s'],['flow_state'],False,True
recovered_archive2/176,recovered_archive2\176\rep_双手无名指.jpg.jpg,periloop_score,1.4,1.4,['sweat_duct'],[],False,True
recovered_archive2/178,recovered_archive2\178\rep.jpg.jpg,morphology_score,1.1,1.1,"['output_input_ratio', 'crossing_ratio', 'malformation_ratio']",[],False,True
recovered_archive2/178,recovered_archive2\178\rep.jpg.jpg,flow_score,6.8,6.8,['flow_speed_um_s'],['flow_state'],False,True
recovered_archive2/178,recovered_archive2\178\rep.jpg.jpg,periloop_score,2.0,2.0,[],[],False,True
recovered_archive2/178,recovered_archive2\178\rep_1903050.jpg.jpg,morphology_score,1.1,1.1,"['output_input_ratio', 'crossing_ratio', 'malformation_ratio']",[],False,True
recovered_archive2/178,recovered_archive2\178\rep_1903050.jpg.jpg,flow_score,6.8,6.8,['flow_speed_um_s'],['flow_state'],False,True
recovered_archive2/178,recovered_archive2\178\rep_1903050.jpg.jpg,periloop_score,2.0,2.0,[],[],False,True
recovered_archive2/178,recovered_archive2\178\rep_1903051.jpg.jpg,morphology_score,1.1,1.1,"['output_input_ratio', 'crossing_ratio', 'malformation_ratio']",[],False,True
recovered_archive2/178,recovered_archive2\178\rep_1903051.jpg.jpg,flow_score,6.8,6.8,['flow_speed_um_s'],['flow_state'],False,True
recovered_archive2/178,recovered_archive2\178\rep_1903051.jpg.jpg,periloop_score,2.0,2.0,[],[],False,True
recovered_archive2/178,recovered_archive2\178\rep_1903120.jpg.jpg,morphology_score,1.1,1.1,"['output_input_ratio', 'crossing_ratio', 'malformation_ratio']",[],False,True
recovered_archive2/178,recovered_archive2\178\rep_1903120.jpg.jpg,flow_score,6.8,6.8,['flow_speed_um_s'],['flow_state'],False,True
recovered_archive2/178,recovered_archive2\178\rep_1903120.jpg.jpg,periloop_score,2.0,2.0,[],[],False,True
recovered_archive2/178,recovered_archive2\178\rep_左手.jpg.jpg,morphology_score,1.1,1.1,"['output_input_ratio', 'crossing_ratio', 'malformation_ratio']",[],False,True
recovered_archive2/178,recovered_archive2\178\rep_左手.jpg.jpg,flow_score,6.8,6.8,['flow_speed_um_s'],['flow_state'],False,True
recovered_archive2/178,recovered_archive2\178\rep_左手.jpg.jpg,periloop_score,2.0,2.0,[],[],False,True
recovered_archive2/179,recovered_archive2\179\rep.jpg.jpg,morphology_score,1.2,1.2,"['output_input_ratio', 'malformation_ratio']",[],False,True
recovered_archive2/179,recovered_archive2\179\rep.jpg.jpg,flow_score,2.8,2.8,['flow_speed_um_s'],[],False,True
recovered_archive2/179,recovered_archive2\179\rep.jpg.jpg,periloop_score,2.0,2.0,[],[],False,True
recovered_archive2/179,recovered_archive2\179\rep_1903120.jpg.jpg,morphology_score,1.2,1.2,"['output_input_ratio', 'malformation_ratio']",[],False,True
recovered_archive2/179,recovered_archive2\179\rep_1903120.jpg.jpg,flow_score,2.8,2.8,['flow_speed_um_s'],[],False,True
recovered_archive2/179,recovered_archive2\179\rep_1903120.jpg.jpg,periloop_score,4.1,4.1,[],[],False,True
recovered_archive2/179,recovered_archive2\179\rep_1903121.jpg.jpg,morphology_score,1.2,1.2,"['output_input_ratio', 'malformation_ratio']",[],False,True
recovered_archive2/179,recovered_archive2\179\rep_1903121.jpg.jpg,flow_score,2.8,2.8,['flow_speed_um_s'],[],False,True
recovered_archive2/179,recovered_archive2\179\rep_1903121.jpg.jpg,periloop_score,2.0,2.0,[],[],False,True
recovered_archive2/179,recovered_archive2\179\rep_左手.jpg.jpg,morphology_score,1.2,1.2,"['output_input_ratio', 'malformation_ratio']",[],False,True
recovered_archive2/179,recovered_archive2\179\rep_左手.jpg.jpg,flow_score,2.8,2.8,['flow_speed_um_s'],[],False,True
recovered_archive2/179,recovered_archive2\179\rep_左手.jpg.jpg,periloop_score,2.0,2.0,[],[],False,True
recovered_archive2/180,recovered_archive2\180\rep.jpg.jpg,morphology_score,2.0,2.0,"['afferent_diameter', 'efferent_diameter', 'output_input_ratio', 'apex_diameter']",['capillary_count'],False,True
recovered_archive2/180,recovered_archive2\180\rep.jpg.jpg,flow_score,1.8,1.8,['flow_speed_um_s'],[],False,True
recovered_archive2/180,recovered_archive2\180\rep.jpg.jpg,periloop_score,4.0,4.0,[],[],False,True
recovered_archive2/180,recovered_archive2\180\rep_1904280.jpg.jpg,morphology_score,2.0,2.0,"['afferent_diameter', 'efferent_diameter', 'output_input_ratio', 'apex_diameter']",['capillary_count'],False,True
recovered_archive2/180,recovered_archive2\180\rep_1904280.jpg.jpg,flow_score,1.8,1.8,['flow_speed_um_s'],[],False,True
recovered_archive2/180,recovered_archive2\180\rep_1904280.jpg.jpg,periloop_score,4.0,4.0,[],[],False,True
recovered_archive2/180,recovered_archive2\180\rep_右手.jpg.jpg,morphology_score,2.0,2.0,"['afferent_diameter', 'efferent_diameter', 'output_input_ratio', 'apex_diameter']",['capillary_count'],False,True
recovered_archive2/180,recovered_archive2\180\rep_右手.jpg.jpg,flow_score,1.8,1.8,['flow_speed_um_s'],[],False,True
recovered_archive2/180,recovered_archive2\180\rep_右手.jpg.jpg,periloop_score,4.0,4.0,[],[],False,True
recovered_archive2/181,recovered_archive2\181\rep.jpg.jpg,morphology_score,2.2,2.2,['output_input_ratio'],['efferent_diameter'],False,True
recovered_archive2/181,recovered_archive2\181\rep.jpg.jpg,flow_score,1.8,1.8,['flow_speed_um_s'],[],False,True
recovered_archive2/181,recovered_archive2\181\rep.jpg.jpg,periloop_score,1.4,1.4,[],[],False,True
recovered_archive2/181,recovered_archive2\181\rep_1901220.jpg.jpg,morphology_score,2.2,2.2,['output_input_ratio'],['efferent_diameter'],False,True
recovered_archive2/181,recovered_archive2\181\rep_1901220.jpg.jpg,flow_score,1.8,1.8,['flow_speed_um_s'],[],False,True
recovered_archive2/181,recovered_archive2\181\rep_1901220.jpg.jpg,periloop_score,1.4,1.4,[],[],False,True
recovered_archive2/181,recovered_archive2\181\rep_1901221.jpg.jpg,morphology_score,2.2,2.2,['output_input_ratio'],['efferent_diameter'],False,True
recovered_archive2/181,recovered_archive2\181\rep_1901221.jpg.jpg,flow_score,1.8,1.8,['flow_speed_um_s'],[],False,True
recovered_archive2/181,recovered_archive2\181\rep_1901221.jpg.jpg,periloop_score,1.4,1.4,[],[],False,True
recovered_archive2/181,recovered_archive2\181\rep_左手.jpg.jpg,morphology_score,2.2,2.2,['output_input_ratio'],['efferent_diameter'],False,True
recovered_archive2/181,recovered_archive2\181\rep_左手.jpg.jpg,flow_score,1.8,1.8,['flow_speed_um_s'],[],False,True
recovered_archive2/181,recovered_archive2\181\rep_左手.jpg.jpg,periloop_score,1.4,1.4,[],[],False,True
recovered_archive2/183,recovered_archive2\183\rep.jpg.jpg,morphology_score,1.3,1.3,['output_input_ratio'],[],False,True
recovered_archive2/183,recovered_archive2\183\rep.jpg.jpg,flow_score,4.2,4.2,['flow_speed_um_s'],['flow_state'],False,True
recovered_archive2/183,recovered_archive2\183\rep.jpg.jpg,periloop_score,1.5,1.5,[],[],False,True
recovered_archive2/183,recovered_archive2\183\rep_2012220.jpg.jpg,morphology_score,1.3,1.3,['output_input_ratio'],[],False,True
recovered_archive2/183,recovered_archive2\183\rep_2012220.jpg.jpg,flow_score,4.2,4.2,['flow_speed_um_s'],['flow_state'],False,True
recovered_archive2/183,recovered_archive2\183\rep_2012220.jpg.jpg,periloop_score,1.5,1.5,[],[],False,True
recovered_archive2/183,recovered_archive2\183\rep_2012221.jpg.jpg,morphology_score,1.3,1.3,['output_input_ratio'],[],False,True
recovered_archive2/183,recovered_archive2\183\rep_2012221.jpg.jpg,flow_score,4.2,4.2,['flow_speed_um_s'],['flow_state'],False,True
recovered_archive2/183,recovered_archive2\183\rep_2012221.jpg.jpg,periloop_score,1.5,1.5,[],[],False,True
recovered_archive2/183,recovered_archive2\183\rep_双手无名指.jpg.jpg,morphology_score,1.3,1.3,['output_input_ratio'],[],False,True
recovered_archive2/183,recovered_archive2\183\rep_双手无名指.jpg.jpg,flow_score,4.2,4.2,['flow_speed_um_s'],['flow_state'],False,True
recovered_archive2/183,recovered_archive2\183\rep_双手无名指.jpg.jpg,periloop_score,1.5,1.5,[],[],False,True
recovered_archive2/184,recovered_archive2\184\rep.jpg.jpg,morphology_score,0.7,0.7,['output_input_ratio'],[],False,True
recovered_archive2/184,recovered_archive2\184\rep.jpg.jpg,flow_score,1.4,1.4,['flow_speed_um_s'],[],False,True
recovered_archive2/184,recovered_archive2\184\rep_1903070.jpg.jpg,morphology_score,0.7,0.7,['output_input_ratio'],[],False,True
recovered_archive2/184,recovered_archive2\184\rep_1903070.jpg.jpg,flow_score,1.4,1.4,['flow_speed_um_s'],[],False,True
recovered_archive2/184,recovered_archive2\184\rep_1903071.jpg.jpg,morphology_score,0.7,0.7,['output_input_ratio'],[],False,True
recovered_archive2/184,recovered_archive2\184\rep_1903071.jpg.jpg,flow_score,1.4,1.4,['flow_speed_um_s'],[],False,True
recovered_archive2/184,recovered_archive2\184\rep_1903072.jpg.jpg,morphology_score,0.7,0.7,['output_input_ratio'],[],False,True
recovered_archive2/184,recovered_archive2\184\rep_1903072.jpg.jpg,flow_score,1.4,1.4,['flow_speed_um_s'],[],False,True
recovered_archive2/184,recovered_archive2\184\rep_左手.jpg.jpg,morphology_score,0.7,0.7,['output_input_ratio'],[],False,True
recovered_archive2/184,recovered_archive2\184\rep_左手.jpg.jpg,flow_score,1.4,1.4,['flow_speed_um_s'],[],False,True
recovered_archive2/186,recovered_archive2\186\rep.jpg.jpg,morphology_score,2.6,2.6,['output_input_ratio'],[],False,True
recovered_archive2/186,recovered_archive2\186\rep.jpg.jpg,flow_score,6.2,6.2,['flow_speed_um_s'],[],False,True
recovered_archive2/186,recovered_archive2\186\rep.jpg.jpg,periloop_score,1.4,1.4,['sweat_duct'],[],False,True
recovered_archive2/186,recovered_archive2\186\rep_1912100.jpg.jpg,morphology_score,2.6,2.6,['output_input_ratio'],[],False,True
recovered_archive2/186,recovered_archive2\186\rep_1912100.jpg.jpg,flow_score,6.2,6.2,['flow_speed_um_s'],[],False,True
recovered_archive2/186,recovered_archive2\186\rep_1912100.jpg.jpg,periloop_score,1.4,1.4,['sweat_duct'],[],False,True
recovered_archive2/186,recovered_archive2\186\rep_1912101.jpg.jpg,morphology_score,2.6,2.6,['output_input_ratio'],[],False,True
recovered_archive2/186,recovered_archive2\186\rep_1912101.jpg.jpg,flow_score,6.2,6.2,['flow_speed_um_s'],[],False,True
recovered_archive2/186,recovered_archive2\186\rep_1912101.jpg.jpg,periloop_score,1.4,1.4,['sweat_duct'],[],False,True
recovered_archive2/186,recovered_archive2\186\rep_左手.jpg.jpg,morphology_score,2.6,2.6,['output_input_ratio'],[],False,True
recovered_archive2/186,recovered_archive2\186\rep_左手.jpg.jpg,flow_score,6.2,6.2,['flow_speed_um_s'],[],False,True
recovered_archive2/186,recovered_archive2\186\rep_左手.jpg.jpg,periloop_score,1.4,1.4,['sweat_duct'],[],False,True
recovered_archive2/188,recovered_archive2\188\rep.jpg.jpg,morphology_score,3.1,0.2,"['capillary_count', 'afferent_diameter', 'efferent_diameter', 'output_input_ratio', 'apex_diameter', 'loop_length', 'crossing_ratio', 'malformation_ratio']",[],False,False
recovered_archive2/188,recovered_archive2\188\rep.jpg.jpg,flow_score,3.1,0.0,"['flow_state', 'flow_speed_um_s', 'vasomotion', 'rbc_aggregation', 'wbc_count', 'microthrombus', 'blood_color']",[],False,False
recovered_archive2/188,recovered_archive2\188\rep.jpg.jpg,periloop_score,3.1,3.1,"['subpapillary_venous_plexus', 'sweat_duct']",[],False,True
recovered_archive2/188,recovered_archive2\188\rep_1903260.jpg.jpg,morphology_score,0.2,0.2,"['capillary_count', 'afferent_diameter', 'efferent_diameter', 'output_input_ratio', 'apex_diameter', 'loop_length', 'crossing_ratio', 'malformation_ratio']",[],False,True
recovered_archive2/188,recovered_archive2\188\rep_1903260.jpg.jpg,flow_score,3.1,0.0,"['flow_state', 'flow_speed_um_s', 'vasomotion', 'rbc_aggregation', 'wbc_count', 'microthrombus', 'blood_color']",[],False,False
recovered_archive2/188,recovered_archive2\188\rep_1903260.jpg.jpg,periloop_score,3.1,3.1,"['subpapillary_venous_plexus', 'sweat_duct']",[],False,True
recovered_archive2/188,recovered_archive2\188\rep_1903261.jpg.jpg,morphology_score,0.2,0.2,"['capillary_count', 'afferent_diameter', 'efferent_diameter', 'output_input_ratio', 'apex_diameter', 'loop_length', 'crossing_ratio', 'malformation_ratio']",[],False,True
recovered_archive2/188,recovered_archive2\188\rep_1903261.jpg.jpg,flow_score,3.1,0.0,"['flow_state', 'flow_speed_um_s', 'vasomotion', 'rbc_aggregation', 'wbc_count', 'microthrombus', 'blood_color']",[],False,False
recovered_archive2/188,recovered_archive2\188\rep_1903261.jpg.jpg,periloop_score,3.1,3.1,"['subpapillary_venous_plexus', 'sweat_duct']",[],False,True
recovered_archive2/188,recovered_archive2\188\rep_左手.jpg.jpg,morphology_score,3.1,0.2,"['capillary_count', 'afferent_diameter', 'efferent_diameter', 'output_input_ratio', 'apex_diameter', 'loop_length', 'crossing_ratio', 'malformation_ratio']",[],False,False
recovered_archive2/188,recovered_archive2\188\rep_左手.jpg.jpg,flow_score,3.1,0.0,"['flow_state', 'flow_speed_um_s', 'vasomotion', 'rbc_aggregation', 'wbc_count', 'microthrombus', 'blood_color']",[],False,False
recovered_archive2/188,recovered_archive2\188\rep_左手.jpg.jpg,periloop_score,3.1,3.1,"['subpapillary_venous_plexus', 'sweat_duct']",[],False,True
recovered_archive2/189,recovered_archive2\189\rep.jpg.jpg,morphology_score,5.2,5.2,"['afferent_diameter', 'efferent_diameter', 'output_input_ratio']",['capillary_count'],False,True
recovered_archive2/189,recovered_archive2\189\rep.jpg.jpg,flow_score,1.8,1.8,['flow_speed_um_s'],[],False,True
recovered_archive2/189,recovered_archive2\189\rep.jpg.jpg,periloop_score,4.0,4.0,[],[],False,True
recovered_archive2/189,recovered_archive2\189\rep_1905300.jpg.jpg,morphology_score,5.2,5.2,"['afferent_diameter', 'efferent_diameter', 'output_input_ratio']",['capillary_count'],False,True
recovered_archive2/189,recovered_archive2\189\rep_1905300.jpg.jpg,flow_score,1.8,1.8,['flow_speed_um_s'],[],False,True
recovered_archive2/189,recovered_archive2\189\rep_1905300.jpg.jpg,periloop_score,4.0,4.0,[],[],False,True
recovered_archive2/189,recovered_archive2\189\rep_1905301.jpg.jpg,morphology_score,5.2,5.2,"['afferent_diameter', 'efferent_diameter', 'output_input_ratio']",['capillary_count'],False,True
recovered_archive2/189,recovered_archive2\189\rep_1905301.jpg.jpg,flow_score,1.8,1.8,['flow_speed_um_s'],[],False,True
recovered_archive2/189,recovered_archive2\189\rep_1905301.jpg.jpg,periloop_score,4.0,4.0,[],[],False,True
recovered_archive2/189,recovered_archive2\189\rep_左手.jpg.jpg,morphology_score,5.2,5.2,"['afferent_diameter', 'efferent_diameter', 'output_input_ratio']",['capillary_count'],False,True
recovered_archive2/189,recovered_archive2\189\rep_左手.jpg.jpg,flow_score,1.8,1.8,['flow_speed_um_s'],[],False,True
recovered_archive2/189,recovered_archive2\189\rep_左手.jpg.jpg,periloop_score,4.0,4.0,[],[],False,True
recovered_archive2/191,recovered_archive2\191\rep.jpg.jpg,morphology_score,0.2,0.2,['output_input_ratio'],[],False,True
recovered_archive2/191,recovered_archive2\191\rep.jpg.jpg,flow_score,0.4,0.4,['flow_speed_um_s'],[],False,True
recovered_archive2/191,recovered_archive2\191\rep.jpg.jpg,periloop_score,2.4,2.4,[],['hemorrhage'],False,True
recovered_archive2/191,recovered_archive2\191\rep_1901150.jpg.jpg,morphology_score,0.2,0.2,['output_input_ratio'],[],False,True
recovered_archive2/191,recovered_archive2\191\rep_1901150.jpg.jpg,flow_score,0.4,0.4,['flow_speed_um_s'],[],False,True
recovered_archive2/191,recovered_archive2\191\rep_1901150.jpg.jpg,periloop_score,2.4,2.4,[],['hemorrhage'],False,True
recovered_archive2/191,recovered_archive2\191\rep_1901151.jpg.jpg,morphology_score,0.2,0.2,['output_input_ratio'],[],False,True
recovered_archive2/191,recovered_archive2\191\rep_1901151.jpg.jpg,flow_score,0.4,0.4,['flow_speed_um_s'],[],False,True
recovered_archive2/191,recovered_archive2\191\rep_1901151.jpg.jpg,periloop_score,2.4,2.4,[],['hemorrhage'],False,True
recovered_archive2/191,recovered_archive2\191\rep_右手.jpg.jpg,morphology_score,0.2,0.2,['output_input_ratio'],[],False,True
recovered_archive2/191,recovered_archive2\191\rep_右手.jpg.jpg,flow_score,0.4,0.4,['flow_speed_um_s'],[],False,True
recovered_archive2/191,recovered_archive2\191\rep_右手.jpg.jpg,periloop_score,2.4,2.4,[],['hemorrhage'],False,True
recovered_archive2/194,recovered_archive2\194\rep.jpg.jpg,morphology_score,3.6,3.6,"['output_input_ratio', 'malformation_ratio']",[],False,True
recovered_archive2/194,recovered_archive2\194\rep.jpg.jpg,flow_score,0.2,0.2,['flow_speed_um_s'],[],False,True
recovered_archive2/194,recovered_archive2\194\rep.jpg.jpg,periloop_score,3.2,3.2,[],[],False,True
recovered_archive2/194,recovered_archive2\194\rep_1903260.jpg.jpg,morphology_score,3.6,3.6,"['output_input_ratio', 'malformation_ratio']",[],False,True
recovered_archive2/194,recovered_archive2\194\rep_1903260.jpg.jpg,flow_score,0.2,0.2,['flow_speed_um_s'],[],False,True
recovered_archive2/194,recovered_archive2\194\rep_1903260.jpg.jpg,periloop_score,3.2,3.2,[],[],False,True
recovered_archive2/194,recovered_archive2\194\rep_1903261.jpg.jpg,morphology_score,3.6,3.6,"['output_input_ratio', 'malformation_ratio']",[],False,True
recovered_archive2/194,recovered_archive2\194\rep_1903261.jpg.jpg,flow_score,0.2,0.2,['flow_speed_um_s'],[],False,True
recovered_archive2/194,recovered_archive2\194\rep_1903261.jpg.jpg,periloop_score,3.2,3.2,[],[],False,True
recovered_archive2/194,recovered_archive2\194\rep_左手.jpg.jpg,morphology_score,3.6,3.6,"['output_input_ratio', 'malformation_ratio']",[],False,True
recovered_archive2/194,recovered_archive2\194\rep_左手.jpg.jpg,flow_score,0.2,0.2,['flow_speed_um_s'],[],False,True
recovered_archive2/194,recovered_archive2\194\rep_左手.jpg.jpg,periloop_score,3.2,3.2,[],[],False,True
recovered_archive2/197,recovered_archive2\197\rep.jpg.jpg,morphology_score,0.2,0.2,['output_input_ratio'],[],False,True
recovered_archive2/197,recovered_archive2\197\rep.jpg.jpg,flow_score,0.8,0.8,['flow_speed_um_s'],[],False,True
recovered_archive2/197,recovered_archive2\197\rep.jpg.jpg,periloop_score,1.9,1.9,[],[],False,True
recovered_archive2/197,recovered_archive2\197\rep_1903190.jpg.jpg,morphology_score,0.2,0.2,['output_input_ratio'],[],False,True
recovered_archive2/197,recovered_archive2\197\rep_1903190.jpg.jpg,flow_score,0.8,0.8,['flow_speed_um_s'],[],False,True
recovered_archive2/197,recovered_archive2\197\rep_1903190.jpg.jpg,periloop_score,1.9,1.9,[],[],False,True
recovered_archive2/197,recovered_archive2\197\rep_1903191.jpg.jpg,morphology_score,0.2,0.2,['output_input_ratio'],[],False,True
recovered_archive2/197,recovered_archive2\197\rep_1903191.jpg.jpg,flow_score,0.8,0.8,['flow_speed_um_s'],[],False,True
recovered_archive2/197,recovered_archive2\197\rep_1903191.jpg.jpg,periloop_score,1.9,1.9,[],[],False,True
recovered_archive2/197,recovered_archive2\197\rep_左手.jpg.jpg,morphology_score,0.2,0.2,['output_input_ratio'],[],False,True
recovered_archive2/197,recovered_archive2\197\rep_左手.jpg.jpg,flow_score,0.8,0.8,['flow_speed_um_s'],[],False,True
recovered_archive2/197,recovered_archive2\197\rep_左手.jpg.jpg,periloop_score,1.9,1.9,[],[],False,True
recovered_archive2/198,recovered_archive2\198\rep.jpg.jpg,morphology_score,1.6,1.6,['output_input_ratio'],['capillary_count'],False,True
recovered_archive2/198,recovered_archive2\198\rep.jpg.jpg,flow_score,6.6,6.6,['flow_speed_um_s'],[],False,True
recovered_archive2/198,recovered_archive2\198\rep.jpg.jpg,periloop_score,2.9,2.9,[],[],False,True
recovered_archive2/198,recovered_archive2\198\rep_1906130.jpg.jpg,morphology_score,1.6,1.6,['output_input_ratio'],['capillary_count'],False,True
recovered_archive2/198,recovered_archive2\198\rep_1906130.jpg.jpg,flow_score,6.6,6.6,['flow_speed_um_s'],[],False,True
recovered_archive2/198,recovered_archive2\198\rep_1906130.jpg.jpg,periloop_score,2.9,2.9,[],[],False,True
recovered_archive2/198,recovered_archive2\198\rep_1906131.jpg.jpg,morphology_score,1.6,1.6,['output_input_ratio'],['capillary_count'],False,True
recovered_archive2/198,recovered_archive2\198\rep_1906131.jpg.jpg,flow_score,6.6,6.6,['flow_speed_um_s'],[],False,True
recovered_archive2/198,recovered_archive2\198\rep_1906131.jpg.jpg,periloop_score,2.9,2.9,[],[],False,True
recovered_archive2/198,recovered_archive2\198\rep_左手.jpg.jpg,morphology_score,1.6,1.6,['output_input_ratio'],['capillary_count'],False,True
recovered_archive2/198,recovered_archive2\198\rep_左手.jpg.jpg,flow_score,6.6,6.6,['flow_speed_um_s'],[],False,True
recovered_archive2/198,recovered_archive2\198\rep_左手.jpg.jpg,periloop_score,2.9,2.9,[],[],False,True
recovered_archive2/199,recovered_archive2\199\rep.jpg.jpg,morphology_score,3.0,3.0,"['afferent_diameter', 'efferent_diameter', 'output_input_ratio', 'apex_diameter']",['capillary_count'],False,True
recovered_archive2/199,recovered_archive2\199\rep.jpg.jpg,flow_score,3.8,3.8,['flow_speed_um_s'],[],False,True
recovered_archive2/199,recovered_archive2\199\rep.jpg.jpg,periloop_score,1.0,1.0,[],[],False,True
recovered_archive2/199,recovered_archive2\199\rep_2005210.jpg.jpg,morphology_score,3.0,3.0,"['afferent_diameter', 'efferent_diameter', 'output_input_ratio', 'apex_diameter']",['capillary_count'],False,True
recovered_archive2/199,recovered_archive2\199\rep_2005210.jpg.jpg,flow_score,3.8,3.8,['flow_speed_um_s'],[],False,True
recovered_archive2/199,recovered_archive2\199\rep_2005210.jpg.jpg,periloop_score,1.0,1.0,[],[],False,True
recovered_archive2/199,recovered_archive2\199\rep_2005211.jpg.jpg,morphology_score,3.0,3.0,"['afferent_diameter', 'efferent_diameter', 'output_input_ratio', 'apex_diameter']",['capillary_count'],False,True
recovered_archive2/199,recovered_archive2\199\rep_2005211.jpg.jpg,flow_score,3.8,3.8,['flow_speed_um_s'],[],False,True
recovered_archive2/199,recovered_archive2\199\rep_2005211.jpg.jpg,periloop_score,1.0,1.0,[],[],False,True
recovered_archive2/199,recovered_archive2\199\rep_左手.jpg.jpg,morphology_score,3.0,3.0,"['afferent_diameter', 'efferent_diameter', 'output_input_ratio', 'apex_diameter']",['capillary_count'],False,True
recovered_archive2/199,recovered_archive2\199\rep_左手.jpg.jpg,flow_score,3.8,3.8,['flow_speed_um_s'],[],False,True
recovered_archive2/199,recovered_archive2\199\rep_左手.jpg.jpg,periloop_score,1.0,1.0,[],[],False,True
recovered_archive2/200,recovered_archive2\200\rep.jpg.jpg,morphology_score,0.5,0.5,['output_input_ratio'],[],False,True
recovered_archive2/200,recovered_archive2\200\rep.jpg.jpg,flow_score,3.0,3.0,['flow_speed_um_s'],[],False,True
recovered_archive2/200,recovered_archive2\200\rep.jpg.jpg,periloop_score,3.1,3.1,[],[],False,True
recovered_archive2/200,recovered_archive2\200\rep_1902120.jpg.jpg,morphology_score,0.5,0.5,['output_input_ratio'],[],False,True
recovered_archive2/200,recovered_archive2\200\rep_1902120.jpg.jpg,flow_score,3.0,3.0,['flow_speed_um_s'],[],False,True
recovered_archive2/200,recovered_archive2\200\rep_1902120.jpg.jpg,periloop_score,3.1,3.1,[],[],False,True
recovered_archive2/200,recovered_archive2\200\rep_1902121.jpg.jpg,morphology_score,0.5,0.5,['output_input_ratio'],[],False,True
recovered_archive2/200,recovered_archive2\200\rep_1902121.jpg.jpg,flow_score,3.0,3.0,['flow_speed_um_s'],[],False,True
recovered_archive2/200,recovered_archive2\200\rep_1902121.jpg.jpg,periloop_score,3.1,3.1,[],[],False,True
recovered_archive2/200,recovered_archive2\200\rep_左手.jpg.jpg,morphology_score,0.5,0.5,['output_input_ratio'],[],False,True
recovered_archive2/200,recovered_archive2\200\rep_左手.jpg.jpg,flow_score,3.0,3.0,['flow_speed_um_s'],[],False,True
recovered_archive2/200,recovered_archive2\200\rep_左手.jpg.jpg,periloop_score,3.1,3.1,[],[],False,True
recovered_archive3/201,recovered_archive3\201\rep.jpg.jpg,morphology_score,0.2,0.2,['output_input_ratio'],[],False,True
recovered_archive3/201,recovered_archive3\201\rep.jpg.jpg,flow_score,1.8,1.8,['flow_speed_um_s'],['flow_state'],False,True
recovered_archive3/201,recovered_archive3\201\rep.jpg.jpg,periloop_score,4.1,4.1,['sweat_duct'],[],False,True
recovered_archive3/201,recovered_archive3\201\rep_1901240.jpg.jpg,morphology_score,0.2,0.2,['output_input_ratio'],[],False,True
recovered_archive3/201,recovered_archive3\201\rep_1901240.jpg.jpg,flow_score,1.8,1.8,['flow_speed_um_s'],['flow_state'],False,True
recovered_archive3/201,recovered_archive3\201\rep_1901240.jpg.jpg,periloop_score,4.1,4.1,['sweat_duct'],[],False,True
recovered_archive3/201,recovered_archive3\201\rep_1901241.jpg.jpg,morphology_score,0.2,0.2,['output_input_ratio'],[],False,True
recovered_archive3/201,recovered_archive3\201\rep_1901241.jpg.jpg,flow_score,1.8,1.8,['flow_speed_um_s'],['flow_state'],False,True
recovered_archive3/201,recovered_archive3\201\rep_1901241.jpg.jpg,periloop_score,4.1,4.1,['sweat_duct'],[],False,True
recovered_archive3/201,recovered_archive3\201\rep_1901242.jpg.jpg,morphology_score,0.2,0.2,['output_input_ratio'],[],False,True
recovered_archive3/201,recovered_archive3\201\rep_1901242.jpg.jpg,flow_score,1.8,1.8,['flow_speed_um_s'],['flow_state'],False,True
recovered_archive3/201,recovered_archive3\201\rep_1901242.jpg.jpg,periloop_score,4.1,4.1,['sweat_duct'],[],False,True
recovered_archive3/201,recovered_archive3\201\rep_左手.jpg.jpg,morphology_score,0.2,0.2,['output_input_ratio'],[],False,True
recovered_archive3/201,recovered_archive3\201\rep_左手.jpg.jpg,flow_score,1.8,1.8,['flow_speed_um_s'],['flow_state'],False,True
recovered_archive3/201,recovered_archive3\201\rep_左手.jpg.jpg,periloop_score,4.1,4.1,['sweat_duct'],[],False,True
recovered_archive3/202,recovered_archive3\202\rep.jpg.jpg,morphology_score,4.2,4.2,['output_input_ratio'],[],False,True
recovered_archive3/202,recovered_archive3\202\rep.jpg.jpg,flow_score,2.1,2.1,['flow_speed_um_s'],['flow_state'],False,True
recovered_archive3/202,recovered_archive3\202\rep.jpg.jpg,periloop_score,1.6,1.6,[],[],False,True
recovered_archive3/202,recovered_archive3\202\rep_1812110.jpg.jpg,morphology_score,4.2,4.2,['output_input_ratio'],[],False,True
recovered_archive3/202,recovered_archive3\202\rep_1812110.jpg.jpg,flow_score,2.1,2.1,['flow_speed_um_s'],['flow_state'],False,True
recovered_archive3/202,recovered_archive3\202\rep_1812110.jpg.jpg,periloop_score,1.6,1.6,[],[],False,True
recovered_archive3/202,recovered_archive3\202\rep_1812111.jpg.jpg,morphology_score,4.2,4.2,['output_input_ratio'],[],False,True
recovered_archive3/202,recovered_archive3\202\rep_1812111.jpg.jpg,flow_score,2.1,2.1,['flow_speed_um_s'],['flow_state'],False,True
recovered_archive3/202,recovered_archive3\202\rep_1812111.jpg.jpg,periloop_score,1.6,1.6,[],[],False,True
recovered_archive3/202,recovered_archive3\202\rep_左手.jpg.jpg,morphology_score,4.2,4.2,['output_input_ratio'],[],False,True
recovered_archive3/202,recovered_archive3\202\rep_左手.jpg.jpg,flow_score,2.1,2.1,['flow_speed_um_s'],['flow_state'],False,True
recovered_archive3/202,recovered_archive3\202\rep_左手.jpg.jpg,periloop_score,1.6,1.6,[],[],False,True
recovered_archive3/204,recovered_archive3\204\rep.jpg.jpg,morphology_score,1.9,1.9,"['output_input_ratio', 'malformation_ratio']",[],False,True
recovered_archive3/204,recovered_archive3\204\rep.jpg.jpg,flow_score,6.4,6.4,['flow_speed_um_s'],[],False,True
recovered_archive3/204,recovered_archive3\204\rep.jpg.jpg,periloop_score,1.0,1.0,[],[],False,True
recovered_archive3/204,recovered_archive3\204\rep_1912050.jpg.jpg,morphology_score,1.9,1.9,"['output_input_ratio', 'malformation_ratio']",[],False,True
recovered_archive3/204,recovered_archive3\204\rep_1912050.jpg.jpg,flow_score,6.4,6.4,['flow_speed_um_s'],[],False,True
recovered_archive3/204,recovered_archive3\204\rep_1912050.jpg.jpg,periloop_score,1.0,1.0,[],[],False,True
recovered_archive3/204,recovered_archive3\204\rep_1912051.jpg.jpg,morphology_score,1.9,1.9,"['output_input_ratio', 'malformation_ratio']",[],False,True
recovered_archive3/204,recovered_archive3\204\rep_1912051.jpg.jpg,flow_score,6.4,6.4,['flow_speed_um_s'],[],False,True
recovered_archive3/204,recovered_archive3\204\rep_1912051.jpg.jpg,periloop_score,1.0,1.0,[],[],False,True
recovered_archive3/204,recovered_archive3\204\rep_左手.jpg.jpg,morphology_score,1.9,1.9,"['output_input_ratio', 'malformation_ratio']",[],False,True
recovered_archive3/204,recovered_archive3\204\rep_左手.jpg.jpg,flow_score,6.4,6.4,['flow_speed_um_s'],[],False,True
recovered_archive3/204,recovered_archive3\204\rep_左手.jpg.jpg,periloop_score,1.0,1.0,[],[],False,True
recovered_archive3/206,recovered_archive3\206\rep.jpg.jpg,morphology_score,0.6,0.6,"['output_input_ratio', 'apex_diameter']",[],False,True
recovered_archive3/206,recovered_archive3\206\rep.jpg.jpg,flow_score,9.8,9.8,['flow_speed_um_s'],[],False,True
recovered_archive3/206,recovered_archive3\206\rep.jpg.jpg,periloop_score,0.8,0.8,[],[],False,True
recovered_archive3/206,recovered_archive3\206\rep_2007280.jpg.jpg,morphology_score,0.6,0.6,['output_input_ratio'],[],False,True
recovered_archive3/206,recovered_archive3\206\rep_2007280.jpg.jpg,flow_score,9.8,9.8,['flow_speed_um_s'],[],False,True
recovered_archive3/206,recovered_archive3\206\rep_2007280.jpg.jpg,periloop_score,0.8,0.8,[],[],False,True
recovered_archive3/206,recovered_archive3\206\rep_2007281.jpg.jpg,morphology_score,0.6,0.6,['output_input_ratio'],[],False,True
recovered_archive3/206,recovered_archive3\206\rep_2007281.jpg.jpg,flow_score,9.8,9.8,['flow_speed_um_s'],[],False,True
recovered_archive3/206,recovered_archive3\206\rep_2007281.jpg.jpg,periloop_score,0.8,0.8,[],[],False,True
recovered_archive3/206,recovered_archive3\206\rep_2007282.jpg.jpg,morphology_score,0.6,0.6,"['output_input_ratio', 'apex_diameter']",[],False,True
recovered_archive3/206,recovered_archive3\206\rep_2007282.jpg.jpg,flow_score,9.8,9.8,['flow_speed_um_s'],[],False,True
recovered_archive3/206,recovered_archive3\206\rep_2007282.jpg.jpg,periloop_score,0.8,0.8,[],[],False,True
recovered_archive3/206,recovered_archive3\206\rep_左手.jpg.jpg,morphology_score,0.6,0.6,"['output_input_ratio', 'apex_diameter']",[],False,True
recovered_archive3/206,recovered_archive3\206\rep_左手.jpg.jpg,flow_score,9.8,9.8,['flow_speed_um_s'],[],False,True
recovered_archive3/206,recovered_archive3\206\rep_左手.jpg.jpg,periloop_score,0.8,0.8,[],[],False,True
recovered_archive3/207,recovered_archive3\207\rep.jpg.jpg,morphology_score,1.3,1.3,['output_input_ratio'],[],False,True
recovered_archive3/207,recovered_archive3\207\rep.jpg.jpg,flow_score,2.2,2.2,['flow_speed_um_s'],[],False,True
recovered_archive3/207,recovered_archive3\207\rep.jpg.jpg,periloop_score,2.3,2.3,[],[],False,True
recovered_archive3/207,recovered_archive3\207\rep_1901150.jpg.jpg,morphology_score,1.3,1.3,['output_input_ratio'],[],False,True
recovered_archive3/207,recovered_archive3\207\rep_1901150.jpg.jpg,flow_score,2.2,2.2,['flow_speed_um_s'],[],False,True
recovered_archive3/207,recovered_archive3\207\rep_1901150.jpg.jpg,periloop_score,2.3,2.3,[],[],False,True
recovered_archive3/207,recovered_archive3\207\rep_1901151.jpg.jpg,morphology_score,1.3,1.3,['output_input_ratio'],[],False,True
recovered_archive3/207,recovered_archive3\207\rep_1901151.jpg.jpg,flow_score,2.2,2.2,['flow_speed_um_s'],[],False,True
recovered_archive3/207,recovered_archive3\207\rep_1901151.jpg.jpg,periloop_score,2.3,2.3,[],[],False,True
recovered_archive3/207,recovered_archive3\207\rep_左手.jpg.jpg,morphology_score,1.3,1.3,['output_input_ratio'],[],False,True
recovered_archive3/207,recovered_archive3\207\rep_左手.jpg.jpg,flow_score,2.2,2.2,['flow_speed_um_s'],[],False,True
recovered_archive3/207,recovered_archive3\207\rep_左手.jpg.jpg,periloop_score,2.3,2.3,[],[],False,True
recovered_archive3/209,recovered_archive3\209\rep.jpg.jpg,morphology_score,1.9,1.9,"['output_input_ratio', 'malformation_ratio']",['capillary_count'],False,True
recovered_archive3/209,recovered_archive3\209\rep.jpg.jpg,flow_score,0.0,0.0,['flow_speed_um_s'],[],False,True
recovered_archive3/209,recovered_archive3\209\rep.jpg.jpg,periloop_score,0.0,0.0,[],[],False,True
recovered_archive3/209,recovered_archive3\209\rep_1904090.jpg.jpg,morphology_score,1.9,1.9,"['output_input_ratio', 'malformation_ratio']",['capillary_count'],False,True
recovered_archive3/209,recovered_archive3\209\rep_1904090.jpg.jpg,flow_score,0.0,0.0,['flow_speed_um_s'],[],False,True
recovered_archive3/209,recovered_archive3\209\rep_1904090.jpg.jpg,periloop_score,0.0,0.0,[],[],False,True
recovered_archive3/209,recovered_archive3\209\rep_1904091.jpg.jpg,morphology_score,1.9,1.9,"['output_input_ratio', 'malformation_ratio']",['capillary_count'],False,True
recovered_archive3/209,recovered_archive3\209\rep_1904091.jpg.jpg,flow_score,0.0,0.0,['flow_speed_um_s'],[],False,True
recovered_archive3/209,recovered_archive3\209\rep_1904091.jpg.jpg,periloop_score,0.0,0.0,[],[],False,True
recovered_archive3/209,recovered_archive3\209\rep_左手.jpg.jpg,morphology_score,1.9,1.9,"['output_input_ratio', 'malformation_ratio']",['capillary_count'],False,True
recovered_archive3/209,recovered_archive3\209\rep_左手.jpg.jpg,flow_score,0.0,0.0,['flow_speed_um_s'],[],False,True
recovered_archive3/209,recovered_archive3\209\rep_左手.jpg.jpg,periloop_score,0.0,0.0,[],[],False,True
recovered_archive3/210,recovered_archive3\210\rep.jpg.jpg,morphology_score,3.2,3.2,['output_input_ratio'],['capillary_count'],False,True
recovered_archive3/210,recovered_archive3\210\rep.jpg.jpg,flow_score,2.0,2.0,['flow_speed_um_s'],['flow_state'],False,True
recovered_archive3/210,recovered_archive3\210\rep.jpg.jpg,periloop_score,1.5,1.5,[],[],False,True
recovered_archive3/210,recovered_archive3\210\rep_1.jpg.jpg,morphology_score,3.2,3.2,['output_input_ratio'],['capillary_count'],False,True
recovered_archive3/210,recovered_archive3\210\rep_1.jpg.jpg,flow_score,2.0,2.0,['flow_speed_um_s'],['flow_state'],False,True
recovered_archive3/210,recovered_archive3\210\rep_1.jpg.jpg,periloop_score,1.5,1.5,[],[],False,True
recovered_archive3/210,recovered_archive3\210\rep_1812060.jpg.jpg,morphology_score,3.2,3.2,['output_input_ratio'],['capillary_count'],False,True
recovered_archive3/210,recovered_archive3\210\rep_1812060.jpg.jpg,flow_score,2.0,2.0,['flow_speed_um_s'],['flow_state'],False,True
recovered_archive3/210,recovered_archive3\210\rep_1812060.jpg.jpg,periloop_score,1.5,1.5,[],[],False,True
recovered_archive3/210,recovered_archive3\210\rep_1812061.jpg.jpg,morphology_score,3.2,3.2,['output_input_ratio'],['capillary_count'],False,True
recovered_archive3/210,recovered_archive3\210\rep_1812061.jpg.jpg,flow_score,2.0,2.0,['flow_speed_um_s'],['flow_state'],False,True
recovered_archive3/210,recovered_archive3\210\rep_1812061.jpg.jpg,periloop_score,1.5,1.5,[],[],False,True
recovered_archive3/210,recovered_archive3\210\rep_1812062.jpg.jpg,morphology_score,3.2,3.2,['output_input_ratio'],['capillary_count'],False,True
recovered_archive3/210,recovered_archive3\210\rep_1812062.jpg.jpg,flow_score,2.0,2.0,['flow_speed_um_s'],['flow_state'],False,True
recovered_archive3/210,recovered_archive3\210\rep_1812062.jpg.jpg,periloop_score,1.5,1.5,[],[],False,True
recovered_archive3/211,recovered_archive3\211\rep.jpg.jpg,morphology_score,1.0,1.0,['output_input_ratio'],[],False,True
recovered_archive3/211,recovered_archive3\211\rep.jpg.jpg,flow_score,0.8,0.8,['flow_speed_um_s'],[],False,True
recovered_archive3/211,recovered_archive3\211\rep_1901080.jpg.jpg,morphology_score,1.0,1.0,['output_input_ratio'],[],False,True
recovered_archive3/211,recovered_archive3\211\rep_1901080.jpg.jpg,flow_score,0.8,0.8,['flow_speed_um_s'],[],False,True
recovered_archive3/211,recovered_archive3\211\rep_1901081.jpg.jpg,morphology_score,1.0,1.0,['output_input_ratio'],[],False,True
recovered_archive3/211,recovered_archive3\211\rep_1901081.jpg.jpg,flow_score,0.8,0.8,['flow_speed_um_s'],[],False,True
recovered_archive3/211,recovered_archive3\211\rep_左手.jpg.jpg,morphology_score,1.0,1.0,['output_input_ratio'],[],False,True
recovered_archive3/211,recovered_archive3\211\rep_左手.jpg.jpg,flow_score,0.8,0.8,['flow_speed_um_s'],[],False,True
recovered_archive3/212,recovered_archive3\212\rep.jpg.jpg,morphology_score,4.3,4.3,['output_input_ratio'],[],False,True
recovered_archive3/212,recovered_archive3\212\rep.jpg.jpg,flow_score,1.4,1.4,['flow_speed_um_s'],['flow_state'],False,True
recovered_archive3/212,recovered_archive3\212\rep.jpg.jpg,periloop_score,2.9,2.9,['sweat_duct'],[],False,True
recovered_archive3/212,recovered_archive3\212\rep_2008110.jpg.jpg,morphology_score,4.3,4.3,['output_input_ratio'],[],False,True
recovered_archive3/212,recovered_archive3\212\rep_2008110.jpg.jpg,flow_score,1.4,1.4,['flow_speed_um_s'],['flow_state'],False,True
recovered_archive3/212,recovered_archive3\212\rep_2008110.jpg.jpg,periloop_score,2.9,2.9,['sweat_duct'],[],False,True
recovered_archive3/212,recovered_archive3\212\rep_2008111.jpg.jpg,morphology_score,4.3,4.3,['output_input_ratio'],[],False,True
recovered_archive3/212,recovered_archive3\212\rep_2008111.jpg.jpg,flow_score,1.4,1.4,['flow_speed_um_s'],['flow_state'],False,True
recovered_archive3/212,recovered_archive3\212\rep_2008111.jpg.jpg,periloop_score,2.9,2.9,['sweat_duct'],[],False,True
recovered_archive3/212,recovered_archive3\212\rep_左手.jpg.jpg,morphology_score,4.3,4.3,['output_input_ratio'],[],False,True
recovered_archive3/212,recovered_archive3\212\rep_左手.jpg.jpg,flow_score,1.4,1.4,['flow_speed_um_s'],['flow_state'],False,True
recovered_archive3/212,recovered_archive3\212\rep_左手.jpg.jpg,periloop_score,2.9,2.9,['sweat_duct'],[],False,True
recovered_archive3/213,recovered_archive3\213\rep.jpg.jpg,morphology_score,1.2,1.2,['output_input_ratio'],[],False,True
recovered_archive3/213,recovered_archive3\213\rep.jpg.jpg,flow_score,4.2,4.2,['flow_speed_um_s'],['flow_state'],False,True
recovered_archive3/213,recovered_archive3\213\rep_2102230.jpg.jpg,morphology_score,1.2,1.2,['output_input_ratio'],[],False,True
recovered_archive3/213,recovered_archive3\213\rep_2102230.jpg.jpg,flow_score,4.2,4.2,['flow_speed_um_s'],['flow_state'],False,True
recovered_archive3/213,recovered_archive3\213\rep_2102231.jpg.jpg,morphology_score,1.2,1.2,['output_input_ratio'],[],False,True
recovered_archive3/213,recovered_archive3\213\rep_2102231.jpg.jpg,flow_score,4.2,4.2,['flow_speed_um_s'],['flow_state'],False,True
recovered_archive3/213,recovered_archive3\213\rep_双手拇指.jpg.jpg,morphology_score,1.2,1.2,['output_input_ratio'],[],False,True
recovered_archive3/213,recovered_archive3\213\rep_双手拇指.jpg.jpg,flow_score,4.2,4.2,['flow_speed_um_s'],['flow_state'],False,True
recovered_archive3/213,recovered_archive3\213\rep_右手无名指左手小指.jpg.jpg,morphology_score,1.2,1.2,['output_input_ratio'],[],False,True
recovered_archive3/213,recovered_archive3\213\rep_右手无名指左手小指.jpg.jpg,flow_score,4.2,4.2,['flow_speed_um_s'],['flow_state'],False,True
recovered_archive3/214,recovered_archive3\214\rep.jpg.jpg,morphology_score,4.4,4.4,['output_input_ratio'],"['capillary_count', 'efferent_diameter']",False,True
recovered_archive3/214,recovered_archive3\214\rep.jpg.jpg,flow_score,7.0,7.0,"['flow_speed_um_s', 'vasomotion']",['flow_state'],False,True
recovered_archive3/214,recovered_archive3\214\rep.jpg.jpg,periloop_score,4.1,4.1,[],[],False,True
recovered_archive3/214,recovered_archive3\214\rep_2001160.jpg.jpg,morphology_score,4.4,4.4,['output_input_ratio'],"['capillary_count', 'efferent_diameter']",False,True
recovered_archive3/214,recovered_archive3\214\rep_2001160.jpg.jpg,flow_score,7.0,7.0,"['flow_speed_um_s', 'vasomotion']",['flow_state'],False,True
recovered_archive3/214,recovered_archive3\214\rep_2001160.jpg.jpg,periloop_score,4.1,4.1,[],[],False,True
recovered_archive3/214,recovered_archive3\214\rep_2001161.jpg.jpg,morphology_score,4.4,4.4,['output_input_ratio'],"['capillary_count', 'efferent_diameter']",False,True
recovered_archive3/214,recovered_archive3\214\rep_2001161.jpg.jpg,flow_score,7.0,7.0,"['flow_speed_um_s', 'vasomotion']",['flow_state'],False,True
recovered_archive3/214,recovered_archive3\214\rep_2001161.jpg.jpg,periloop_score,4.1,4.1,[],[],False,True
recovered_archive3/214,recovered_archive3\214\rep_2001162.jpg.jpg,morphology_score,4.4,4.4,['output_input_ratio'],"['capillary_count', 'efferent_diameter']",False,True
recovered_archive3/214,recovered_archive3\214\rep_2001162.jpg.jpg,flow_score,7.0,7.0,"['flow_speed_um_s', 'vasomotion']",['flow_state'],False,True
recovered_archive3/214,recovered_archive3\214\rep_2001162.jpg.jpg,periloop_score,4.1,4.1,[],[],False,True
recovered_archive3/214,recovered_archive3\214\rep_左手.jpg.jpg,morphology_score,4.4,4.4,['output_input_ratio'],"['capillary_count', 'efferent_diameter']",False,True
recovered_archive3/214,recovered_archive3\214\rep_左手.jpg.jpg,flow_score,7.0,7.0,"['flow_speed_um_s', 'vasomotion']",['flow_state'],False,True
recovered_archive3/214,recovered_archive3\214\rep_左手.jpg.jpg,periloop_score,4.1,4.1,[],[],False,True
recovered_archive3/215,recovered_archive3\215\rep.jpg.jpg,morphology_score,0.7,0.7,['output_input_ratio'],[],False,True
recovered_archive3/215,recovered_archive3\215\rep.jpg.jpg,flow_score,5.6,5.6,['flow_speed_um_s'],[],False,True
recovered_archive3/215,recovered_archive3\215\rep.jpg.jpg,periloop_score,2.9,2.9,[],[],False,True
recovered_archive3/215,recovered_archive3\215\rep_1912120.jpg.jpg,morphology_score,0.7,0.7,['output_input_ratio'],[],False,True
recovered_archive3/215,recovered_archive3\215\rep_1912120.jpg.jpg,flow_score,5.6,5.6,['flow_speed_um_s'],[],False,True
recovered_archive3/215,recovered_archive3\215\rep_1912120.jpg.jpg,periloop_score,2.9,2.9,[],[],False,True
recovered_archive3/215,recovered_archive3\215\rep_1912121.jpg.jpg,morphology_score,0.7,0.7,['output_input_ratio'],[],False,True
recovered_archive3/215,recovered_archive3\215\rep_1912121.jpg.jpg,flow_score,5.6,5.6,['flow_speed_um_s'],[],False,True
recovered_archive3/215,recovered_archive3\215\rep_1912121.jpg.jpg,periloop_score,2.9,2.9,[],[],False,True
recovered_archive3/215,recovered_archive3\215\rep_左手.jpg.jpg,morphology_score,0.7,0.7,['output_input_ratio'],[],False,True
recovered_archive3/215,recovered_archive3\215\rep_左手.jpg.jpg,flow_score,5.6,5.6,['flow_speed_um_s'],[],False,True
recovered_archive3/215,recovered_archive3\215\rep_左手.jpg.jpg,periloop_score,2.9,2.9,[],[],False,True
recovered_archive3/216,recovered_archive3\216\rep.jpg.jpg,morphology_score,1.7,1.7,"['output_input_ratio', 'loop_length', 'crossing_ratio', 'malformation_ratio']",['capillary_count'],False,True
recovered_archive3/216,recovered_archive3\216\rep.jpg.jpg,flow_score,3.0,3.0,['flow_speed_um_s'],[],False,True
recovered_archive3/216,recovered_archive3\216\rep.jpg.jpg,periloop_score,1.9,1.9,[],[],False,True
recovered_archive3/216,recovered_archive3\216\rep_2007070.jpg.jpg,morphology_score,1.7,1.7,"['output_input_ratio', 'loop_length', 'crossing_ratio', 'malformation_ratio']",['capillary_count'],False,True
recovered_archive3/216,recovered_archive3\216\rep_2007070.jpg.jpg,flow_score,3.0,3.0,['flow_speed_um_s'],[],False,True
recovered_archive3/216,recovered_archive3\216\rep_2007070.jpg.jpg,periloop_score,1.9,1.9,[],[],False,True
recovered_archive3/216,recovered_archive3\216\rep_2007071.jpg.jpg,morphology_score,1.7,1.7,"['output_input_ratio', 'loop_length', 'crossing_ratio', 'malformation_ratio']",['capillary_count'],False,True
recovered_archive3/216,recovered_archive3\216\rep_2007071.jpg.jpg,flow_score,3.0,3.0,['flow_speed_um_s'],[],False,True
recovered_archive3/216,recovered_archive3\216\rep_2007071.jpg.jpg,periloop_score,1.9,1.9,[],[],False,True
recovered_archive3/216,recovered_archive3\216\rep_右手.jpg.jpg,morphology_score,1.7,1.7,"['output_input_ratio', 'loop_length', 'crossing_ratio', 'malformation_ratio']",['capillary_count'],False,True
recovered_archive3/216,recovered_archive3\216\rep_右手.jpg.jpg,flow_score,3.0,3.0,['flow_speed_um_s'],[],False,True
recovered_archive3/216,recovered_archive3\216\rep_右手.jpg.jpg,periloop_score,1.9,1.9,[],[],False,True
recovered_archive3/218,recovered_archive3\218\rep.jpg.jpg,morphology_score,2.3,2.3,['output_input_ratio'],['capillary_count'],False,True
recovered_archive3/218,recovered_archive3\218\rep.jpg.jpg,flow_score,6.6,6.6,['flow_speed_um_s'],[],False,True
recovered_archive3/218,recovered_archive3\218\rep.jpg.jpg,periloop_score,2.9,2.9,[],[],False,True
recovered_archive3/218,recovered_archive3\218\rep_2001090.jpg.jpg,morphology_score,1.5,1.5,['output_input_ratio'],['capillary_count'],False,True
recovered_archive3/218,recovered_archive3\218\rep_2001090.jpg.jpg,flow_score,6.6,6.6,['flow_speed_um_s'],[],False,True
recovered_archive3/218,recovered_archive3\218\rep_2001090.jpg.jpg,periloop_score,2.9,2.9,[],[],False,True
recovered_archive3/218,recovered_archive3\218\rep_2001091.jpg.jpg,morphology_score,1.5,1.5,['output_input_ratio'],['capillary_count'],False,True
recovered_archive3/218,recovered_archive3\218\rep_2001091.jpg.jpg,flow_score,6.6,6.6,['flow_speed_um_s'],[],False,True
recovered_archive3/218,recovered_archive3\218\rep_2001091.jpg.jpg,periloop_score,2.9,2.9,[],[],False,True
recovered_archive3/218,recovered_archive3\218\rep_左手.jpg.jpg,morphology_score,2.3,2.3,['output_input_ratio'],['capillary_count'],False,True
recovered_archive3/218,recovered_archive3\218\rep_左手.jpg.jpg,flow_score,6.6,6.6,['flow_speed_um_s'],[],False,True
recovered_archive3/218,recovered_archive3\218\rep_左手.jpg.jpg,periloop_score,2.9,2.9,[],[],False,True
recovered_archive3/220,recovered_archive3\220\rep.jpg.jpg,morphology_score,0.4,0.4,['output_input_ratio'],[],False,True
recovered_archive3/220,recovered_archive3\220\rep.jpg.jpg,flow_score,5.2,5.2,['flow_speed_um_s'],[],False,True
recovered_archive3/220,recovered_archive3\220\rep.jpg.jpg,periloop_score,3.7,3.7,['sweat_duct'],['hemorrhage'],False,True
recovered_archive3/220,recovered_archive3\220\rep_1912100.jpg.jpg,morphology_score,0.4,0.4,['output_input_ratio'],[],False,True
recovered_archive3/220,recovered_archive3\220\rep_1912100.jpg.jpg,flow_score,5.2,5.2,['flow_speed_um_s'],[],False,True
recovered_archive3/220,recovered_archive3\220\rep_1912100.jpg.jpg,periloop_score,3.7,3.7,['sweat_duct'],['hemorrhage'],False,True
recovered_archive3/220,recovered_archive3\220\rep_1912101.jpg.jpg,morphology_score,0.4,0.4,['output_input_ratio'],[],False,True
recovered_archive3/220,recovered_archive3\220\rep_1912101.jpg.jpg,flow_score,5.2,5.2,['flow_speed_um_s'],[],False,True
recovered_archive3/220,recovered_archive3\220\rep_1912101.jpg.jpg,periloop_score,3.7,3.7,['sweat_duct'],['hemorrhage'],False,True
recovered_archive3/220,recovered_archive3\220\rep_1912120.jpg.jpg,morphology_score,0.4,0.4,['output_input_ratio'],[],False,True
recovered_archive3/220,recovered_archive3\220\rep_1912120.jpg.jpg,flow_score,5.2,5.2,['flow_speed_um_s'],[],False,True
recovered_archive3/220,recovered_archive3\220\rep_1912120.jpg.jpg,periloop_score,3.7,3.7,['sweat_duct'],['hemorrhage'],False,True
recovered_archive3/220,recovered_archive3\220\rep_左手.jpg.jpg,morphology_score,0.4,0.4,['output_input_ratio'],[],False,True
recovered_archive3/220,recovered_archive3\220\rep_左手.jpg.jpg,flow_score,5.2,5.2,['flow_speed_um_s'],[],False,True
recovered_archive3/220,recovered_archive3\220\rep_左手.jpg.jpg,periloop_score,3.7,3.7,['sweat_duct'],['hemorrhage'],False,True
recovered_archive3/221,recovered_archive3\221\rep.jpg.jpg,morphology_score,2.1,2.1,['output_input_ratio'],[],False,True
recovered_archive3/221,recovered_archive3\221\rep.jpg.jpg,flow_score,0.2,0.2,['flow_speed_um_s'],[],False,True
recovered_archive3/221,recovered_archive3\221\rep.jpg.jpg,periloop_score,2.0,2.0,[],[],False,True
recovered_archive3/221,recovered_archive3\221\rep_1903120.jpg.jpg,morphology_score,2.1,2.1,['output_input_ratio'],[],False,True
recovered_archive3/221,recovered_archive3\221\rep_1903120.jpg.jpg,flow_score,0.2,0.2,['flow_speed_um_s'],[],False,True
recovered_archive3/221,recovered_archive3\221\rep_1903120.jpg.jpg,periloop_score,2.0,2.0,[],[],False,True
recovered_archive3/221,recovered_archive3\221\rep_1903121.jpg.jpg,morphology_score,2.1,2.1,['output_input_ratio'],[],False,True
recovered_archive3/221,recovered_archive3\221\rep_1903121.jpg.jpg,flow_score,0.2,0.2,['flow_speed_um_s'],[],False,True
recovered_archive3/221,recovered_archive3\221\rep_1903121.jpg.jpg,periloop_score,2.0,2.0,[],[],False,True
recovered_archive3/221,recovered_archive3\221\rep_1903122.jpg.jpg,morphology_score,2.1,2.1,['output_input_ratio'],[],False,True
recovered_archive3/221,recovered_archive3\221\rep_1903122.jpg.jpg,flow_score,0.2,0.2,['flow_speed_um_s'],[],False,True
recovered_archive3/221,recovered_archive3\221\rep_1903122.jpg.jpg,periloop_score,2.0,2.0,[],[],False,True
recovered_archive3/221,recovered_archive3\221\rep_左手.jpg.jpg,morphology_score,2.1,2.1,['output_input_ratio'],[],False,True
recovered_archive3/221,recovered_archive3\221\rep_左手.jpg.jpg,flow_score,0.2,0.2,['flow_speed_um_s'],[],False,True
recovered_archive3/221,recovered_archive3\221\rep_左手.jpg.jpg,periloop_score,2.0,2.0,[],[],False,True
recovered_archive3/222,recovered_archive3\222\rep.jpg.jpg,morphology_score,1.9,1.9,"['afferent_diameter', 'efferent_diameter', 'output_input_ratio']",[],False,True
recovered_archive3/222,recovered_archive3\222\rep.jpg.jpg,flow_score,7.0,7.0,['flow_speed_um_s'],[],False,True
recovered_archive3/222,recovered_archive3\222\rep.jpg.jpg,periloop_score,3.1,3.1,[],[],False,True
recovered_archive3/222,recovered_archive3\222\rep_1910290.jpg.jpg,morphology_score,1.9,1.9,"['afferent_diameter', 'efferent_diameter', 'output_input_ratio']",[],False,True
recovered_archive3/222,recovered_archive3\222\rep_1910290.jpg.jpg,flow_score,7.0,7.0,['flow_speed_um_s'],[],False,True
recovered_archive3/222,recovered_archive3\222\rep_1910290.jpg.jpg,periloop_score,3.1,3.1,[],[],False,True
recovered_archive3/222,recovered_archive3\222\rep_1910291.jpg.jpg,morphology_score,1.9,1.9,"['afferent_diameter', 'efferent_diameter', 'output_input_ratio']",[],False,True
recovered_archive3/222,recovered_archive3\222\rep_1910291.jpg.jpg,flow_score,7.0,7.0,['flow_speed_um_s'],[],False,True
recovered_archive3/222,recovered_archive3\222\rep_1910291.jpg.jpg,periloop_score,3.1,3.1,[],[],False,True
recovered_archive3/222,recovered_archive3\222\rep_左手.jpg.jpg,morphology_score,1.9,1.9,"['afferent_diameter', 'efferent_diameter', 'output_input_ratio']",[],False,True
recovered_archive3/222,recovered_archive3\222\rep_左手.jpg.jpg,flow_score,7.0,7.0,['flow_speed_um_s'],[],False,True
recovered_archive3/222,recovered_archive3\222\rep_左手.jpg.jpg,periloop_score,3.1,3.1,[],[],False,True
recovered_archive3/223,recovered_archive3\223\rep.jpg.jpg,morphology_score,0.2,0.2,"['capillary_count', 'afferent_diameter', 'efferent_diameter', 'output_input_ratio', 'apex_diameter', 'loop_length', 'crossing_ratio', 'malformation_ratio']",[],False,True
recovered_archive3/223,recovered_archive3\223\rep.jpg.jpg,flow_score,5.0,5.0,['flow_speed_um_s'],[],False,True
recovered_archive3/223,recovered_archive3\223\rep.jpg.jpg,periloop_score,3.1,3.1,['sweat_duct'],[],False,True
recovered_archive3/223,recovered_archive3\223\rep_2001070.jpg.jpg,morphology_score,0.2,0.2,"['capillary_count', 'afferent_diameter', 'efferent_diameter', 'output_input_ratio', 'apex_diameter', 'loop_length', 'crossing_ratio', 'malformation_ratio']",[],False,True
recovered_archive3/223,recovered_archive3\223\rep_2001070.jpg.jpg,flow_score,5.0,5.0,['flow_speed_um_s'],[],False,True
recovered_archive3/223,recovered_archive3\223\rep_2001070.jpg.jpg,periloop_score,3.1,3.1,['sweat_duct'],[],False,True
recovered_archive3/223,recovered_archive3\223\rep_2001071.jpg.jpg,morphology_score,0.2,0.2,"['capillary_count', 'afferent_diameter', 'efferent_diameter', 'output_input_ratio', 'apex_diameter', 'loop_length', 'crossing_ratio', 'malformation_ratio']",[],False,True
recovered_archive3/223,recovered_archive3\223\rep_2001071.jpg.jpg,flow_score,5.0,5.0,['flow_speed_um_s'],[],False,True
recovered_archive3/223,recovered_archive3\223\rep_2001071.jpg.jpg,periloop_score,3.1,3.1,['sweat_duct'],[],False,True
recovered_archive3/223,recovered_archive3\223\rep_左手.jpg.jpg,morphology_score,0.2,0.2,"['capillary_count', 'afferent_diameter', 'efferent_diameter', 'output_input_ratio', 'apex_diameter', 'loop_length', 'crossing_ratio', 'malformation_ratio']",[],False,True
recovered_archive3/223,recovered_archive3\223\rep_左手.jpg.jpg,flow_score,5.0,5.0,['flow_speed_um_s'],[],False,True
recovered_archive3/223,recovered_archive3\223\rep_左手.jpg.jpg,periloop_score,3.1,3.1,['sweat_duct'],[],False,True
recovered_archive3/224,recovered_archive3\224\rep.jpg.jpg,morphology_score,2.6,2.6,"['afferent_diameter', 'efferent_diameter', 'output_input_ratio', 'apex_diameter', 'crossing_ratio']",['capillary_count'],False,True
recovered_archive3/224,recovered_archive3\224\rep.jpg.jpg,flow_score,3.8,3.8,['flow_speed_um_s'],[],False,True
recovered_archive3/224,recovered_archive3\224\rep.jpg.jpg,periloop_score,2.8,2.8,[],[],False,True
recovered_archive3/224,recovered_archive3\224\rep_1906040.jpg.jpg,morphology_score,2.6,2.6,"['afferent_diameter', 'efferent_diameter', 'output_input_ratio', 'apex_diameter', 'crossing_ratio']",['capillary_count'],False,True
recovered_archive3/224,recovered_archive3\224\rep_1906040.jpg.jpg,flow_score,3.8,3.8,['flow_speed_um_s'],[],False,True
recovered_archive3/224,recovered_archive3\224\rep_1906040.jpg.jpg,periloop_score,2.8,2.8,[],[],False,True
recovered_archive3/224,recovered_archive3\224\rep_1906041.jpg.jpg,morphology_score,2.6,2.6,"['afferent_diameter', 'efferent_diameter', 'output_input_ratio', 'apex_diameter', 'crossing_ratio']",['capillary_count'],False,True
recovered_archive3/224,recovered_archive3\224\rep_1906041.jpg.jpg,flow_score,3.8,3.8,['flow_speed_um_s'],[],False,True
recovered_archive3/224,recovered_archive3\224\rep_1906041.jpg.jpg,periloop_score,2.8,2.8,[],[],False,True
recovered_archive3/224,recovered_archive3\224\rep_右手.jpg.jpg,morphology_score,2.6,2.6,"['afferent_diameter', 'efferent_diameter', 'output_input_ratio', 'apex_diameter', 'crossing_ratio']",['capillary_count'],False,True
recovered_archive3/224,recovered_archive3\224\rep_右手.jpg.jpg,flow_score,3.8,3.8,['flow_speed_um_s'],[],False,True
recovered_archive3/224,recovered_archive3\224\rep_右手.jpg.jpg,periloop_score,2.8,2.8,[],[],False,True
recovered_archive3/225,recovered_archive3\225\rep.jpg.jpg,morphology_score,2.4,2.4,['output_input_ratio'],[],False,True
recovered_archive3/225,recovered_archive3\225\rep.jpg.jpg,flow_score,2.4,2.4,['flow_speed_um_s'],[],False,True
recovered_archive3/225,recovered_archive3\225\rep.jpg.jpg,periloop_score,0.4,0.4,[],[],False,True
recovered_archive3/225,recovered_archive3\225\rep_2006230.jpg.jpg,morphology_score,2.4,2.4,['output_input_ratio'],[],False,True
recovered_archive3/225,recovered_archive3\225\rep_2006230.jpg.jpg,flow_score,2.4,2.4,['flow_speed_um_s'],[],False,True
recovered_archive3/225,recovered_archive3\225\rep_2006230.jpg.jpg,periloop_score,0.4,0.4,[],[],False,True
recovered_archive3/225,recovered_archive3\225\rep_2006231.jpg.jpg,morphology_score,2.4,2.4,['output_input_ratio'],[],False,True
recovered_archive3/225,recovered_archive3\225\rep_2006231.jpg.jpg,flow_score,2.4,2.4,['flow_speed_um_s'],[],False,True
recovered_archive3/225,recovered_archive3\225\rep_2006231.jpg.jpg,periloop_score,0.4,0.4,[],[],False,True
recovered_archive3/225,recovered_archive3\225\rep_左手.jpg.jpg,morphology_score,2.4,2.4,['output_input_ratio'],[],False,True
recovered_archive3/225,recovered_archive3\225\rep_左手.jpg.jpg,flow_score,2.4,2.4,['flow_speed_um_s'],[],False,True
recovered_archive3/225,recovered_archive3\225\rep_左手.jpg.jpg,periloop_score,0.4,0.4,[],[],False,True
recovered_archive3/227,recovered_archive3\227\rep.jpg.jpg,morphology_score,3.4,3.4,"['afferent_diameter', 'efferent_diameter', 'output_input_ratio', 'apex_diameter', 'loop_length', 'crossing_ratio']",[],False,True
recovered_archive3/227,recovered_archive3\227\rep.jpg.jpg,flow_score,2.2,2.2,['flow_speed_um_s'],['flow_state'],False,True
recovered_archive3/227,recovered_archive3\227\rep.jpg.jpg,periloop_score,3.1,3.1,[],[],False,True
recovered_archive3/227,recovered_archive3\227\rep_2010270.jpg.jpg,morphology_score,3.4,3.4,"['afferent_diameter', 'efferent_diameter', 'output_input_ratio', 'apex_diameter', 'loop_length', 'crossing_ratio']",[],False,True
recovered_archive3/227,recovered_archive3\227\rep_2010270.jpg.jpg,flow_score,2.2,2.2,['flow_speed_um_s'],['flow_state'],False,True
recovered_archive3/227,recovered_archive3\227\rep_2010270.jpg.jpg,periloop_score,3.1,3.1,[],[],False,True
recovered_archive3/227,recovered_archive3\227\rep_2010271.jpg.jpg,morphology_score,3.4,3.4,"['afferent_diameter', 'efferent_diameter', 'output_input_ratio', 'apex_diameter', 'loop_length', 'crossing_ratio']",[],False,True
recovered_archive3/227,recovered_archive3\227\rep_2010271.jpg.jpg,flow_score,2.2,2.2,['flow_speed_um_s'],['flow_state'],False,True
recovered_archive3/227,recovered_archive3\227\rep_2010271.jpg.jpg,periloop_score,3.1,3.1,[],[],False,True
recovered_archive3/227,recovered_archive3\227\rep_左手.jpg.jpg,morphology_score,3.4,3.4,"['afferent_diameter', 'efferent_diameter', 'output_input_ratio', 'apex_diameter', 'loop_length', 'crossing_ratio']",[],False,True
recovered_archive3/227,recovered_archive3\227\rep_左手.jpg.jpg,flow_score,2.2,2.2,['flow_speed_um_s'],['flow_state'],False,True
recovered_archive3/227,recovered_archive3\227\rep_左手.jpg.jpg,periloop_score,3.1,3.1,[],[],False,True
recovered_archive3/228,recovered_archive3\228\rep.jpg.jpg,morphology_score,0.6,0.6,['output_input_ratio'],[],False,True
recovered_archive3/228,recovered_archive3\228\rep.jpg.jpg,flow_score,0.4,0.4,['flow_speed_um_s'],[],False,True
recovered_archive3/228,recovered_archive3\228\rep.jpg.jpg,periloop_score,0.0,0.0,[],[],False,True
recovered_archive3/228,recovered_archive3\228\rep_1901170.jpg.jpg,morphology_score,0.6,0.6,['output_input_ratio'],[],False,True
recovered_archive3/228,recovered_archive3\228\rep_1901170.jpg.jpg,flow_score,0.4,0.4,['flow_speed_um_s'],[],False,True
recovered_archive3/228,recovered_archive3\228\rep_1901170.jpg.jpg,periloop_score,0.0,0.0,[],[],False,True
recovered_archive3/228,recovered_archive3\228\rep_1901171.jpg.jpg,morphology_score,0.6,0.6,['output_input_ratio'],[],False,True
recovered_archive3/228,recovered_archive3\228\rep_1901171.jpg.jpg,flow_score,0.4,0.4,['flow_speed_um_s'],[],False,True
recovered_archive3/228,recovered_archive3\228\rep_1901171.jpg.jpg,periloop_score,0.0,0.0,[],[],False,True
recovered_archive3/228,recovered_archive3\228\rep_左手.jpg.jpg,morphology_score,0.6,0.6,['output_input_ratio'],[],False,True
recovered_archive3/228,recovered_archive3\228\rep_左手.jpg.jpg,flow_score,0.4,0.4,['flow_speed_um_s'],[],False,True
recovered_archive3/228,recovered_archive3\228\rep_左手.jpg.jpg,periloop_score,0.0,0.0,[],[],False,True
recovered_archive3/229,recovered_archive3\229\rep.jpg.jpg,morphology_score,3.3,3.3,['output_input_ratio'],[],False,True
recovered_archive3/229,recovered_archive3\229\rep.jpg.jpg,flow_score,6.6,6.6,['flow_speed_um_s'],[],False,True
recovered_archive3/229,recovered_archive3\229\rep.jpg.jpg,periloop_score,0.0,0.0,[],[],False,True
recovered_archive3/229,recovered_archive3\229\rep_2012100.jpg.jpg,morphology_score,2.3,2.3,['output_input_ratio'],[],False,True
recovered_archive3/229,recovered_archive3\229\rep_2012100.jpg.jpg,flow_score,6.6,6.6,['flow_speed_um_s'],[],False,True
recovered_archive3/229,recovered_archive3\229\rep_2012100.jpg.jpg,periloop_score,0.0,0.0,[],[],False,True
recovered_archive3/229,recovered_archive3\229\rep_2012101.jpg.jpg,morphology_score,2.3,2.3,['output_input_ratio'],[],False,True
recovered_archive3/229,recovered_archive3\229\rep_2012101.jpg.jpg,flow_score,6.6,6.6,['flow_speed_um_s'],[],False,True
recovered_archive3/229,recovered_archive3\229\rep_2012101.jpg.jpg,periloop_score,0.0,0.0,[],[],False,True
recovered_archive3/229,recovered_archive3\229\rep_双手无名指.jpg.jpg,morphology_score,3.3,3.3,['output_input_ratio'],[],False,True
recovered_archive3/229,recovered_archive3\229\rep_双手无名指.jpg.jpg,flow_score,6.6,6.6,['flow_speed_um_s'],[],False,True
recovered_archive3/229,recovered_archive3\229\rep_双手无名指.jpg.jpg,periloop_score,0.0,0.0,[],[],False,True
recovered_archive3/231,recovered_archive3\231\rep.jpg.jpg,morphology_score,1.1,1.1,['output_input_ratio'],[],False,True
recovered_archive3/231,recovered_archive3\231\rep.jpg.jpg,flow_score,3.8,3.8,['flow_speed_um_s'],[],False,True
recovered_archive3/231,recovered_archive3\231\rep.jpg.jpg,periloop_score,3.2,3.2,[],[],False,True
recovered_archive3/231,recovered_archive3\231\rep_1912100.jpg.jpg,morphology_score,1.1,1.1,['output_input_ratio'],[],False,True
recovered_archive3/231,recovered_archive3\231\rep_1912100.jpg.jpg,flow_score,3.8,3.8,['flow_speed_um_s'],[],False,True
recovered_archive3/231,recovered_archive3\231\rep_1912100.jpg.jpg,periloop_score,3.2,3.2,[],[],False,True
recovered_archive3/231,recovered_archive3\231\rep_1912101.jpg.jpg,morphology_score,1.1,1.1,['output_input_ratio'],[],False,True
recovered_archive3/231,recovered_archive3\231\rep_1912101.jpg.jpg,flow_score,3.8,3.8,['flow_speed_um_s'],[],False,True
recovered_archive3/231,recovered_archive3\231\rep_1912101.jpg.jpg,periloop_score,3.2,3.2,[],[],False,True
recovered_archive3/231,recovered_archive3\231\rep_左手.jpg.jpg,morphology_score,1.1,1.1,['output_input_ratio'],[],False,True
recovered_archive3/231,recovered_archive3\231\rep_左手.jpg.jpg,flow_score,3.8,3.8,['flow_speed_um_s'],[],False,True
recovered_archive3/231,recovered_archive3\231\rep_左手.jpg.jpg,periloop_score,3.2,3.2,[],[],False,True
recovered_archive3/232,recovered_archive3\232\rep.jpg.jpg,morphology_score,0.3,0.3,['output_input_ratio'],[],False,True
recovered_archive3/232,recovered_archive3\232\rep.jpg.jpg,flow_score,3.2,3.2,['flow_speed_um_s'],['flow_state'],False,True
recovered_archive3/232,recovered_archive3\232\rep.jpg.jpg,periloop_score,1.6,1.6,[],[],False,True
recovered_archive3/232,recovered_archive3\232\rep_1901170.jpg.jpg,morphology_score,0.3,0.3,['output_input_ratio'],[],False,True
recovered_archive3/232,recovered_archive3\232\rep_1901170.jpg.jpg,flow_score,3.2,3.2,['flow_speed_um_s'],['flow_state'],False,True
recovered_archive3/232,recovered_archive3\232\rep_1901170.jpg.jpg,periloop_score,1.6,1.6,[],[],False,True
recovered_archive3/232,recovered_archive3\232\rep_1901171.jpg.jpg,morphology_score,0.3,0.3,['output_input_ratio'],[],False,True
recovered_archive3/232,recovered_archive3\232\rep_1901171.jpg.jpg,flow_score,3.2,3.2,['flow_speed_um_s'],['flow_state'],False,True
recovered_archive3/232,recovered_archive3\232\rep_1901171.jpg.jpg,periloop_score,1.6,1.6,[],[],False,True
recovered_archive3/232,recovered_archive3\232\rep_左手.jpg.jpg,morphology_score,0.3,0.3,['output_input_ratio'],[],False,True
recovered_archive3/232,recovered_archive3\232\rep_左手.jpg.jpg,flow_score,3.2,3.2,['flow_speed_um_s'],['flow_state'],False,True
recovered_archive3/232,recovered_archive3\232\rep_左手.jpg.jpg,periloop_score,1.6,1.6,[],[],False,True
recovered_archive3/233,recovered_archive3\233\rep.jpg.jpg,morphology_score,4.2,4.2,['output_input_ratio'],[],False,True
recovered_archive3/233,recovered_archive3\233\rep.jpg.jpg,flow_score,4.2,4.2,['flow_speed_um_s'],['flow_state'],False,True
recovered_archive3/233,recovered_archive3\233\rep.jpg.jpg,periloop_score,3.1,3.1,[],[],False,True
recovered_archive3/233,recovered_archive3\233\rep_2001070.jpg.jpg,morphology_score,4.2,4.2,['output_input_ratio'],[],False,True
recovered_archive3/233,recovered_archive3\233\rep_2001070.jpg.jpg,flow_score,4.2,4.2,['flow_speed_um_s'],['flow_state'],False,True
recovered_archive3/233,recovered_archive3\233\rep_2001070.jpg.jpg,periloop_score,3.1,3.1,[],[],False,True
recovered_archive3/233,recovered_archive3\233\rep_2001071.jpg.jpg,morphology_score,4.2,4.2,['output_input_ratio'],[],False,True
recovered_archive3/233,recovered_archive3\233\rep_2001071.jpg.jpg,flow_score,4.2,4.2,['flow_speed_um_s'],['flow_state'],False,True
recovered_archive3/233,recovered_archive3\233\rep_2001071.jpg.jpg,periloop_score,3.1,3.1,[],[],False,True
recovered_archive3/233,recovered_archive3\233\rep_2001072.jpg.jpg,morphology_score,4.2,4.2,['output_input_ratio'],[],False,True
recovered_archive3/233,recovered_archive3\233\rep_2001072.jpg.jpg,flow_score,4.2,4.2,['flow_speed_um_s'],['flow_state'],False,True
recovered_archive3/233,recovered_archive3\233\rep_2001072.jpg.jpg,periloop_score,3.1,3.1,[],[],False,True
recovered_archive3/233,recovered_archive3\233\rep_左手.jpg.jpg,morphology_score,4.2,4.2,['output_input_ratio'],[],False,True
recovered_archive3/233,recovered_archive3\233\rep_左手.jpg.jpg,flow_score,4.2,4.2,['flow_speed_um_s'],['flow_state'],False,True
recovered_archive3/233,recovered_archive3\233\rep_左手.jpg.jpg,periloop_score,3.1,3.1,[],[],False,True
recovered_archive3/234,recovered_archive3\234\rep.jpg.jpg,morphology_score,5.4,5.4,['output_input_ratio'],['efferent_diameter'],False,True
recovered_archive3/234,recovered_archive3\234\rep.jpg.jpg,flow_score,7.8,12.0,"['flow_speed_um_s', 'rbc_aggregation']",[],False,False
recovered_archive3/234,recovered_archive3\234\rep.jpg.jpg,periloop_score,3.1,3.1,[],[],False,True
recovered_archive3/234,recovered_archive3\234\rep_2006040.jpg.jpg,morphology_score,5.4,5.4,['output_input_ratio'],['efferent_diameter'],False,True
recovered_archive3/234,recovered_archive3\234\rep_2006040.jpg.jpg,flow_score,7.8,12.0,"['flow_speed_um_s', 'rbc_aggregation']",[],False,False
recovered_archive3/234,recovered_archive3\234\rep_2006040.jpg.jpg,periloop_score,3.1,3.1,[],[],False,True
recovered_archive3/234,recovered_archive3\234\rep_2006041.jpg.jpg,morphology_score,5.4,5.4,['output_input_ratio'],['efferent_diameter'],False,True
recovered_archive3/234,recovered_archive3\234\rep_2006041.jpg.jpg,flow_score,7.8,12.0,"['flow_speed_um_s', 'rbc_aggregation']",[],False,False
recovered_archive3/234,recovered_archive3\234\rep_2006041.jpg.jpg,periloop_score,3.1,3.1,[],[],False,True
recovered_archive3/234,recovered_archive3\234\rep_左手.jpg.jpg,morphology_score,5.4,5.4,['output_input_ratio'],['efferent_diameter'],False,True
recovered_archive3/234,recovered_archive3\234\rep_左手.jpg.jpg,flow_score,7.8,12.0,"['flow_speed_um_s', 'rbc_aggregation']",[],False,False
recovered_archive3/234,recovered_archive3\234\rep_左手.jpg.jpg,periloop_score,3.1,3.1,[],[],False,True
recovered_archive3/235,recovered_archive3\235\rep.jpg.jpg,morphology_score,0.8,0.8,"['output_input_ratio', 'malformation_ratio']",[],False,True
recovered_archive3/235,recovered_archive3\235\rep.jpg.jpg,flow_score,5.4,5.4,['flow_speed_um_s'],[],False,True
recovered_archive3/235,recovered_archive3\235\rep.jpg.jpg,periloop_score,0.0,0.0,[],[],False,True
recovered_archive3/235,recovered_archive3\235\rep_1912050.jpg.jpg,morphology_score,0.8,0.8,"['output_input_ratio', 'malformation_ratio']",[],False,True
recovered_archive3/235,recovered_archive3\235\rep_1912050.jpg.jpg,flow_score,5.4,5.4,['flow_speed_um_s'],[],False,True
recovered_archive3/235,recovered_archive3\235\rep_1912050.jpg.jpg,periloop_score,0.0,0.0,[],[],False,True
recovered_archive3/235,recovered_archive3\235\rep_1912051.jpg.jpg,morphology_score,0.8,0.8,"['output_input_ratio', 'malformation_ratio']",[],False,True
recovered_archive3/235,recovered_archive3\235\rep_1912051.jpg.jpg,flow_score,5.4,5.4,['flow_speed_um_s'],[],False,True
recovered_archive3/235,recovered_archive3\235\rep_1912051.jpg.jpg,periloop_score,0.0,0.0,[],[],False,True
recovered_archive3/235,recovered_archive3\235\rep_左手.jpg.jpg,morphology_score,0.8,0.8,"['output_input_ratio', 'malformation_ratio']",[],False,True
recovered_archive3/235,recovered_archive3\235\rep_左手.jpg.jpg,flow_score,5.4,5.4,['flow_speed_um_s'],[],False,True
recovered_archive3/235,recovered_archive3\235\rep_左手.jpg.jpg,periloop_score,0.0,0.0,[],[],False,True
recovered_archive3/237,recovered_archive3\237\rep.jpg.jpg,morphology_score,0.3,0.3,['output_input_ratio'],[],False,True
recovered_archive3/237,recovered_archive3\237\rep.jpg.jpg,flow_score,1.6,1.6,['flow_speed_um_s'],[],False,True
recovered_archive3/237,recovered_archive3\237\rep.jpg.jpg,periloop_score,0.4,0.4,[],[],False,True
recovered_archive3/237,recovered_archive3\237\rep_1.jpg.jpg,morphology_score,0.3,0.3,['output_input_ratio'],[],False,True
recovered_archive3/237,recovered_archive3\237\rep_1.jpg.jpg,flow_score,1.2,1.2,"['flow_state', 'flow_speed_um_s']",[],False,True
recovered_archive3/237,recovered_archive3\237\rep_1.jpg.jpg,periloop_score,0.4,0.4,[],[],False,True
recovered_archive3/237,recovered_archive3\237\rep_1812131.jpg.jpg,morphology_score,0.3,0.3,['output_input_ratio'],[],False,True
recovered_archive3/237,recovered_archive3\237\rep_1812131.jpg.jpg,flow_score,1.6,1.6,['flow_speed_um_s'],[],False,True
recovered_archive3/237,recovered_archive3\237\rep_1812131.jpg.jpg,periloop_score,0.4,0.4,[],[],False,True
recovered_archive3/237,recovered_archive3\237\rep_左手.jpg.jpg,morphology_score,0.3,0.3,['output_input_ratio'],[],False,True
recovered_archive3/237,recovered_archive3\237\rep_左手.jpg.jpg,flow_score,1.6,1.6,['flow_speed_um_s'],[],False,True
recovered_archive3/237,recovered_archive3\237\rep_左手.jpg.jpg,periloop_score,0.4,0.4,[],[],False,True
recovered_archive3/241,recovered_archive3\241\rep.jpg.jpg,morphology_score,1.6,1.6,['output_input_ratio'],['capillary_count'],False,True
recovered_archive3/241,recovered_archive3\241\rep.jpg.jpg,flow_score,7.0,7.0,['flow_speed_um_s'],['flow_state'],False,True
recovered_archive3/241,recovered_archive3\241\rep.jpg.jpg,periloop_score,1.5,1.5,[],[],False,True
recovered_archive3/241,recovered_archive3\241\rep_1910310.jpg.jpg,morphology_score,1.6,1.6,['output_input_ratio'],['capillary_count'],False,True
recovered_archive3/241,recovered_archive3\241\rep_1910310.jpg.jpg,flow_score,7.0,7.0,['flow_speed_um_s'],['flow_state'],False,True
recovered_archive3/241,recovered_archive3\241\rep_1910310.jpg.jpg,periloop_score,1.5,1.5,[],[],False,True
recovered_archive3/241,recovered_archive3\241\rep_1910311.jpg.jpg,morphology_score,1.6,1.6,['output_input_ratio'],['capillary_count'],False,True
recovered_archive3/241,recovered_archive3\241\rep_1910311.jpg.jpg,flow_score,7.0,7.0,['flow_speed_um_s'],['flow_state'],False,True
recovered_archive3/241,recovered_archive3\241\rep_1910311.jpg.jpg,periloop_score,1.5,1.5,[],[],False,True
recovered_archive3/241,recovered_archive3\241\rep_左手.jpg.jpg,morphology_score,1.6,1.6,['output_input_ratio'],['capillary_count'],False,True
recovered_archive3/241,recovered_archive3\241\rep_左手.jpg.jpg,flow_score,7.0,7.0,['flow_speed_um_s'],['flow_state'],False,True
recovered_archive3/241,recovered_archive3\241\rep_左手.jpg.jpg,periloop_score,1.5,1.5,[],[],False,True
recovered_archive3/242,recovered_archive3\242\rep.jpg.jpg,morphology_score,0.5,0.5,"['output_input_ratio', 'malformation_ratio']",[],False,True
recovered_archive3/242,recovered_archive3\242\rep.jpg.jpg,flow_score,0.2,0.2,['flow_speed_um_s'],[],False,True
recovered_archive3/242,recovered_archive3\242\rep.jpg.jpg,periloop_score,0.1,0.1,[],[],False,True
recovered_archive3/242,recovered_archive3\242\rep_1904120.jpg.jpg,morphology_score,0.5,0.5,"['output_input_ratio', 'malformation_ratio']",[],False,True
recovered_archive3/242,recovered_archive3\242\rep_1904120.jpg.jpg,flow_score,0.2,0.2,['flow_speed_um_s'],[],False,True
recovered_archive3/242,recovered_archive3\242\rep_1904120.jpg.jpg,periloop_score,0.1,0.1,[],[],False,True
recovered_archive3/242,recovered_archive3\242\rep_1904121.jpg.jpg,morphology_score,0.5,0.5,"['output_input_ratio', 'malformation_ratio']",[],False,True
recovered_archive3/242,recovered_archive3\242\rep_1904121.jpg.jpg,flow_score,0.2,0.2,['flow_speed_um_s'],[],False,True
recovered_archive3/242,recovered_archive3\242\rep_1904121.jpg.jpg,periloop_score,0.1,0.1,[],[],False,True
recovered_archive3/242,recovered_archive3\242\rep_右手.jpg.jpg,morphology_score,0.5,0.5,"['output_input_ratio', 'malformation_ratio']",[],False,True
recovered_archive3/242,recovered_archive3\242\rep_右手.jpg.jpg,flow_score,0.2,0.2,['flow_speed_um_s'],[],False,True
recovered_archive3/242,recovered_archive3\242\rep_右手.jpg.jpg,periloop_score,0.1,0.1,[],[],False,True
recovered_archive3/243,recovered_archive3\243\rep.jpg.jpg,morphology_score,2.6,2.6,['output_input_ratio'],[],False,True
recovered_archive3/243,recovered_archive3\243\rep.jpg.jpg,flow_score,1.4,1.4,"['flow_speed_um_s', 'microthrombus', 'blood_color']",[],False,True
recovered_archive3/243,recovered_archive3\243\rep.jpg.jpg,periloop_score,3.9,3.9,['sweat_duct'],['hemorrhage'],False,True
recovered_archive3/243,recovered_archive3\243\rep_1902210.jpg.jpg,morphology_score,2.6,2.6,['output_input_ratio'],[],False,True
recovered_archive3/243,recovered_archive3\243\rep_1902210.jpg.jpg,flow_score,1.4,1.4,"['flow_speed_um_s', 'microthrombus', 'blood_color']",[],False,True
recovered_archive3/243,recovered_archive3\243\rep_1902210.jpg.jpg,periloop_score,3.9,3.9,['sweat_duct'],['hemorrhage'],False,True
recovered_archive3/243,recovered_archive3\243\rep_1902211.jpg.jpg,morphology_score,2.6,2.6,['output_input_ratio'],[],False,True
recovered_archive3/243,recovered_archive3\243\rep_1902211.jpg.jpg,flow_score,1.4,1.4,"['flow_speed_um_s', 'microthrombus', 'blood_color']",[],False,True
recovered_archive3/243,recovered_archive3\243\rep_1902211.jpg.jpg,periloop_score,3.9,3.9,['sweat_duct'],['hemorrhage'],False,True
recovered_archive3/243,recovered_archive3\243\rep_右手.jpg.jpg,morphology_score,2.6,2.6,['output_input_ratio'],[],False,True
recovered_archive3/243,recovered_archive3\243\rep_右手.jpg.jpg,flow_score,1.4,1.4,"['flow_speed_um_s', 'microthrombus', 'blood_color']",[],False,True
recovered_archive3/243,recovered_archive3\243\rep_右手.jpg.jpg,periloop_score,3.9,3.9,['sweat_duct'],['hemorrhage'],False,True
recovered_archive3/245,recovered_archive3\245\rep_左手.jpg.jpg,morphology_score,1.6,1.6,['output_input_ratio'],[],False,True
recovered_archive3/245,recovered_archive3\245\rep_左手.jpg.jpg,flow_score,0.6,0.6,['flow_speed_um_s'],[],False,True
recovered_archive3/245,recovered_archive3\245\rep_左手.jpg.jpg,periloop_score,0.1,0.1,[],[],False,True
recovered_archive3/246,recovered_archive3\246\rep.jpg.jpg,morphology_score,3.3,3.3,"['output_input_ratio', 'malformation_ratio']",[],False,True
recovered_archive3/246,recovered_archive3\246\rep.jpg.jpg,flow_score,3.4,3.4,['flow_speed_um_s'],['flow_state'],False,True
recovered_archive3/246,recovered_archive3\246\rep.jpg.jpg,periloop_score,0.1,0.1,[],[],False,True
recovered_archive3/246,recovered_archive3\246\rep_1903050.jpg.jpg,morphology_score,3.3,3.3,"['output_input_ratio', 'malformation_ratio']",[],False,True
recovered_archive3/246,recovered_archive3\246\rep_1903050.jpg.jpg,flow_score,3.4,3.4,['flow_speed_um_s'],['flow_state'],False,True
recovered_archive3/246,recovered_archive3\246\rep_1903050.jpg.jpg,periloop_score,0.1,0.1,[],[],False,True
recovered_archive3/246,recovered_archive3\246\rep_1903051.jpg.jpg,morphology_score,3.3,3.3,"['output_input_ratio', 'malformation_ratio']",[],False,True
recovered_archive3/246,recovered_archive3\246\rep_1903051.jpg.jpg,flow_score,3.4,3.4,['flow_speed_um_s'],['flow_state'],False,True
recovered_archive3/246,recovered_archive3\246\rep_1903051.jpg.jpg,periloop_score,0.1,0.1,[],[],False,True
recovered_archive3/246,recovered_archive3\246\rep_左手.jpg.jpg,morphology_score,3.3,3.3,"['output_input_ratio', 'malformation_ratio']",[],False,True
recovered_archive3/246,recovered_archive3\246\rep_左手.jpg.jpg,flow_score,3.4,3.4,['flow_speed_um_s'],['flow_state'],False,True
recovered_archive3/246,recovered_archive3\246\rep_左手.jpg.jpg,periloop_score,0.1,0.1,[],[],False,True
recovered_archive3/248,recovered_archive3\248\rep.jpg.jpg,morphology_score,1.1,1.1,['output_input_ratio'],[],False,True
recovered_archive3/248,recovered_archive3\248\rep.jpg.jpg,flow_score,6.4,6.4,['flow_speed_um_s'],[],False,True
recovered_archive3/248,recovered_archive3\248\rep.jpg.jpg,periloop_score,8.0,0.8,['sweat_duct'],[],False,False
recovered_archive3/248,recovered_archive3\248\rep_1902190.jpg.jpg,morphology_score,1.1,1.1,['output_input_ratio'],[],False,True
recovered_archive3/248,recovered_archive3\248\rep_1902190.jpg.jpg,flow_score,6.4,6.4,['flow_speed_um_s'],[],False,True
recovered_archive3/248,recovered_archive3\248\rep_1902190.jpg.jpg,periloop_score,8.0,0.8,['sweat_duct'],[],False,False
recovered_archive3/248,recovered_archive3\248\rep_1902191.jpg.jpg,morphology_score,1.1,1.1,['output_input_ratio'],[],False,True
recovered_archive3/248,recovered_archive3\248\rep_1902191.jpg.jpg,flow_score,6.4,6.4,['flow_speed_um_s'],[],False,True
recovered_archive3/248,recovered_archive3\248\rep_1902191.jpg.jpg,periloop_score,8.0,0.8,['sweat_duct'],[],False,False
recovered_archive3/248,recovered_archive3\248\rep_1902192.jpg.jpg,morphology_score,1.1,1.1,['output_input_ratio'],[],False,True
recovered_archive3/248,recovered_archive3\248\rep_1902192.jpg.jpg,flow_score,6.4,6.4,['flow_speed_um_s'],[],False,True
recovered_archive3/248,recovered_archive3\248\rep_1902192.jpg.jpg,periloop_score,8.0,0.8,['sweat_duct'],[],False,False
recovered_archive3/248,recovered_archive3\248\rep_左手.jpg.jpg,morphology_score,1.1,1.1,['output_input_ratio'],[],False,True
recovered_archive3/248,recovered_archive3\248\rep_左手.jpg.jpg,flow_score,6.4,6.4,['flow_speed_um_s'],[],False,True
recovered_archive3/248,recovered_archive3\248\rep_左手.jpg.jpg,periloop_score,8.0,0.8,['sweat_duct'],[],False,False
recovered_archive3/250,recovered_archive3\250\rep.jpg.jpg,morphology_score,3.0,3.0,['output_input_ratio'],[],False,True
recovered_archive3/250,recovered_archive3\250\rep.jpg.jpg,flow_score,7.0,7.0,['flow_speed_um_s'],['flow_state'],False,True
recovered_archive3/250,recovered_archive3\250\rep.jpg.jpg,periloop_score,2.8,2.8,[],[],False,True
recovered_archive3/250,recovered_archive3\250\rep_1.jpg.jpg,morphology_score,3.0,3.0,['output_input_ratio'],[],False,True
recovered_archive3/250,recovered_archive3\250\rep_1.jpg.jpg,flow_score,7.0,7.0,['flow_speed_um_s'],['flow_state'],False,True
recovered_archive3/250,recovered_archive3\250\rep_1.jpg.jpg,periloop_score,2.8,2.8,[],[],False,True
recovered_archive3/250,recovered_archive3\250\rep_1908220.jpg.jpg,morphology_score,3.0,3.0,['output_input_ratio'],[],False,True
recovered_archive3/250,recovered_archive3\250\rep_1908220.jpg.jpg,flow_score,7.0,7.0,['flow_speed_um_s'],['flow_state'],False,True
recovered_archive3/250,recovered_archive3\250\rep_1908220.jpg.jpg,periloop_score,2.8,2.8,[],[],False,True
recovered_archive3/250,recovered_archive3\250\rep_1908221.jpg.jpg,morphology_score,3.0,3.0,['output_input_ratio'],[],False,True
recovered_archive3/250,recovered_archive3\250\rep_1908221.jpg.jpg,flow_score,7.0,7.0,['flow_speed_um_s'],['flow_state'],False,True
recovered_archive3/250,recovered_archive3\250\rep_1908221.jpg.jpg,periloop_score,2.8,2.8,[],[],False,True
recovered_archive3/251,recovered_archive3\251\rep.jpg.jpg,morphology_score,2.1,2.1,['output_input_ratio'],[],False,True
recovered_archive3/251,recovered_archive3\251\rep.jpg.jpg,flow_score,5.6,5.6,['flow_speed_um_s'],[],False,True
recovered_archive3/251,recovered_archive3\251\rep.jpg.jpg,periloop_score,0.0,0.0,[],[],False,True
recovered_archive3/251,recovered_archive3\251\rep_1912030.jpg.jpg,morphology_score,2.1,2.1,['output_input_ratio'],[],False,True
recovered_archive3/251,recovered_archive3\251\rep_1912030.jpg.jpg,flow_score,5.6,5.6,['flow_speed_um_s'],[],False,True
recovered_archive3/251,recovered_archive3\251\rep_1912030.jpg.jpg,periloop_score,0.0,0.0,[],[],False,True
recovered_archive3/251,recovered_archive3\251\rep_1912031.jpg.jpg,morphology_score,2.1,2.1,['output_input_ratio'],[],False,True
recovered_archive3/251,recovered_archive3\251\rep_1912031.jpg.jpg,flow_score,5.6,5.6,['flow_speed_um_s'],[],False,True
recovered_archive3/251,recovered_archive3\251\rep_1912031.jpg.jpg,periloop_score,0.0,0.0,[],[],False,True
recovered_archive3/251,recovered_archive3\251\rep_左手.jpg.jpg,morphology_score,2.1,2.1,['output_input_ratio'],[],False,True
recovered_archive3/251,recovered_archive3\251\rep_左手.jpg.jpg,flow_score,5.6,5.6,['flow_speed_um_s'],[],False,True
recovered_archive3/251,recovered_archive3\251\rep_左手.jpg.jpg,periloop_score,0.0,0.0,[],[],False,True
recovered_archive3/252,recovered_archive3\252\rep.jpg.jpg,morphology_score,3.6,3.6,['output_input_ratio'],['efferent_diameter'],False,True
recovered_archive3/252,recovered_archive3\252\rep.jpg.jpg,flow_score,5.0,5.0,['flow_speed_um_s'],[],False,True
recovered_archive3/252,recovered_archive3\252\rep.jpg.jpg,periloop_score,2.3,2.3,[],[],False,True
recovered_archive3/252,recovered_archive3\252\rep_2103181.jpg.jpg,morphology_score,3.6,3.6,['output_input_ratio'],['efferent_diameter'],False,True
recovered_archive3/252,recovered_archive3\252\rep_2103181.jpg.jpg,flow_score,5.0,5.0,['flow_speed_um_s'],[],False,True
recovered_archive3/252,recovered_archive3\252\rep_2103181.jpg.jpg,periloop_score,2.3,2.3,[],[],False,True
recovered_archive3/252,recovered_archive3\252\rep_双无名指.jpg.jpg,morphology_score,3.6,3.6,['output_input_ratio'],['efferent_diameter'],False,True
recovered_archive3/252,recovered_archive3\252\rep_双无名指.jpg.jpg,flow_score,5.0,5.0,['flow_speed_um_s'],[],False,True
recovered_archive3/252,recovered_archive3\252\rep_双无名指.jpg.jpg,periloop_score,2.3,2.3,[],[],False,True
recovered_archive3/253,recovered_archive3\253\rep.jpg.jpg,morphology_score,1.1,1.1,['output_input_ratio'],[],False,True
recovered_archive3/253,recovered_archive3\253\rep.jpg.jpg,flow_score,0.2,0.2,['flow_speed_um_s'],[],False,True
recovered_archive3/253,recovered_archive3\253\rep.jpg.jpg,periloop_score,0.0,0.0,[],[],False,True
recovered_archive3/253,recovered_archive3\253\rep_1906120.jpg.jpg,morphology_score,1.1,1.1,['output_input_ratio'],[],False,True
recovered_archive3/253,recovered_archive3\253\rep_1906120.jpg.jpg,flow_score,0.2,0.2,['flow_speed_um_s'],[],False,True
recovered_archive3/253,recovered_archive3\253\rep_1906120.jpg.jpg,periloop_score,0.0,0.0,[],[],False,True
recovered_archive3/253,recovered_archive3\253\rep_1906121.jpg.jpg,morphology_score,1.1,1.1,['output_input_ratio'],[],False,True
recovered_archive3/253,recovered_archive3\253\rep_1906121.jpg.jpg,flow_score,0.2,0.2,['flow_speed_um_s'],[],False,True
recovered_archive3/253,recovered_archive3\253\rep_1906121.jpg.jpg,periloop_score,0.0,0.0,[],[],False,True
recovered_archive3/253,recovered_archive3\253\rep_左手.jpg.jpg,morphology_score,1.1,1.1,['output_input_ratio'],[],False,True
recovered_archive3/253,recovered_archive3\253\rep_左手.jpg.jpg,flow_score,0.2,0.2,['flow_speed_um_s'],[],False,True
recovered_archive3/253,recovered_archive3\253\rep_左手.jpg.jpg,periloop_score,0.0,0.0,[],[],False,True
recovered_archive3/254,recovered_archive3\254\rep.jpg.jpg,morphology_score,2.1,2.1,['output_input_ratio'],['capillary_count'],False,True
recovered_archive3/254,recovered_archive3\254\rep.jpg.jpg,flow_score,3.2,3.2,['flow_speed_um_s'],['flow_state'],False,True
recovered_archive3/254,recovered_archive3\254\rep.jpg.jpg,periloop_score,1.9,1.9,[],[],False,True
recovered_archive3/254,recovered_archive3\254\rep_1912240.jpg.jpg,morphology_score,2.1,2.1,['output_input_ratio'],['capillary_count'],False,True
recovered_archive3/254,recovered_archive3\254\rep_1912240.jpg.jpg,flow_score,3.2,3.2,['flow_speed_um_s'],['flow_state'],False,True
recovered_archive3/254,recovered_archive3\254\rep_1912240.jpg.jpg,periloop_score,1.9,1.9,[],[],False,True
recovered_archive3/254,recovered_archive3\254\rep_1912241.jpg.jpg,morphology_score,2.1,2.1,['output_input_ratio'],['capillary_count'],False,True
recovered_archive3/254,recovered_archive3\254\rep_1912241.jpg.jpg,flow_score,3.2,3.2,['flow_speed_um_s'],['flow_state'],False,True
recovered_archive3/254,recovered_archive3\254\rep_1912241.jpg.jpg,periloop_score,1.9,1.9,[],[],False,True
recovered_archive3/254,recovered_archive3\254\rep_左手.jpg.jpg,morphology_score,2.1,2.1,['output_input_ratio'],['capillary_count'],False,True
recovered_archive3/254,recovered_archive3\254\rep_左手.jpg.jpg,flow_score,3.2,3.2,['flow_speed_um_s'],['flow_state'],False,True
recovered_archive3/254,recovered_archive3\254\rep_左手.jpg.jpg,periloop_score,1.9,1.9,[],[],False,True
recovered_archive3/256,recovered_archive3\256\rep.jpg.jpg,morphology_score,1.1,1.1,['output_input_ratio'],[],False,True
recovered_archive3/256,recovered_archive3\256\rep.jpg.jpg,flow_score,5.0,5.0,['flow_speed_um_s'],[],False,True
recovered_archive3/256,recovered_archive3\256\rep.jpg.jpg,periloop_score,3.2,3.2,[],['hemorrhage'],False,True
recovered_archive3/256,recovered_archive3\256\rep_2012220.jpg.jpg,morphology_score,1.1,1.1,['output_input_ratio'],[],False,True
recovered_archive3/256,recovered_archive3\256\rep_2012220.jpg.jpg,flow_score,5.0,5.0,['flow_speed_um_s'],[],False,True
recovered_archive3/256,recovered_archive3\256\rep_2012220.jpg.jpg,periloop_score,3.2,3.2,[],['hemorrhage'],False,True
recovered_archive3/256,recovered_archive3\256\rep_2012221.jpg.jpg,morphology_score,1.1,1.1,['output_input_ratio'],[],False,True
recovered_archive3/256,recovered_archive3\256\rep_2012221.jpg.jpg,flow_score,5.0,5.0,['flow_speed_um_s'],[],False,True
recovered_archive3/256,recovered_archive3\256\rep_2012221.jpg.jpg,periloop_score,3.2,3.2,[],['hemorrhage'],False,True
recovered_archive3/256,recovered_archive3\256\rep_无名指.jpg.jpg,morphology_score,1.1,1.1,['output_input_ratio'],[],False,True
recovered_archive3/256,recovered_archive3\256\rep_无名指.jpg.jpg,flow_score,5.0,5.0,['flow_speed_um_s'],[],False,True
recovered_archive3/256,recovered_archive3\256\rep_无名指.jpg.jpg,periloop_score,3.2,3.2,[],['hemorrhage'],False,True
recovered_archive3/257,recovered_archive3\257\rep.jpg.jpg,morphology_score,2.7,2.7,['output_input_ratio'],[],False,True
recovered_archive3/257,recovered_archive3\257\rep.jpg.jpg,flow_score,3.4,3.4,['flow_speed_um_s'],[],False,True
recovered_archive3/257,recovered_archive3\257\rep.jpg.jpg,periloop_score,3.4,3.4,[],[],False,True
recovered_archive3/257,recovered_archive3\257\rep_1907230.jpg.jpg,morphology_score,2.7,2.7,['output_input_ratio'],[],False,True
recovered_archive3/257,recovered_archive3\257\rep_1907230.jpg.jpg,flow_score,3.4,3.4,['flow_speed_um_s'],[],False,True
recovered_archive3/257,recovered_archive3\257\rep_1907230.jpg.jpg,periloop_score,3.4,3.4,[],[],False,True
recovered_archive3/257,recovered_archive3\257\rep_1907231.jpg.jpg,morphology_score,2.7,2.7,['output_input_ratio'],[],False,True
recovered_archive3/257,recovered_archive3\257\rep_1907231.jpg.jpg,flow_score,3.4,3.4,['flow_speed_um_s'],[],False,True
recovered_archive3/257,recovered_archive3\257\rep_1907231.jpg.jpg,periloop_score,3.4,3.4,[],[],False,True
recovered_archive3/257,recovered_archive3\257\rep_左手.jpg.jpg,morphology_score,2.7,2.7,['output_input_ratio'],[],False,True
recovered_archive3/257,recovered_archive3\257\rep_左手.jpg.jpg,flow_score,3.4,3.4,['flow_speed_um_s'],[],False,True
recovered_archive3/257,recovered_archive3\257\rep_左手.jpg.jpg,periloop_score,3.4,3.4,[],[],False,True
recovered_archive3/259,recovered_archive3\259\rep.jpg.jpg,morphology_score,1.2,1.2,"['output_input_ratio', 'malformation_ratio']",[],False,True
recovered_archive3/259,recovered_archive3\259\rep.jpg.jpg,flow_score,0.6,0.6,['flow_speed_um_s'],[],False,True
recovered_archive3/259,recovered_archive3\259\rep.jpg.jpg,periloop_score,1.4,1.4,[],[],False,True
recovered_archive3/259,recovered_archive3\259\rep_1901080.jpg.jpg,morphology_score,1.2,1.2,"['output_input_ratio', 'malformation_ratio']",[],False,True
recovered_archive3/259,recovered_archive3\259\rep_1901080.jpg.jpg,flow_score,0.6,0.6,['flow_speed_um_s'],[],False,True
recovered_archive3/259,recovered_archive3\259\rep_1901080.jpg.jpg,periloop_score,1.4,1.4,[],[],False,True
recovered_archive3/259,recovered_archive3\259\rep_1901081.jpg.jpg,morphology_score,1.2,1.2,"['output_input_ratio', 'malformation_ratio']",[],False,True
recovered_archive3/259,recovered_archive3\259\rep_1901081.jpg.jpg,flow_score,0.6,0.6,['flow_speed_um_s'],[],False,True
recovered_archive3/259,recovered_archive3\259\rep_1901081.jpg.jpg,periloop_score,1.4,1.4,[],[],False,True
recovered_archive3/259,recovered_archive3\259\rep_左手.jpg.jpg,morphology_score,1.2,1.2,"['output_input_ratio', 'malformation_ratio']",[],False,True
recovered_archive3/259,recovered_archive3\259\rep_左手.jpg.jpg,flow_score,0.6,0.6,['flow_speed_um_s'],[],False,True
recovered_archive3/259,recovered_archive3\259\rep_左手.jpg.jpg,periloop_score,1.4,1.4,[],[],False,True
recovered_archive3/260,recovered_archive3\260\rep.jpg.jpg,morphology_score,4.2,4.2,['output_input_ratio'],"['capillary_count', 'efferent_diameter']",False,True
recovered_archive3/260,recovered_archive3\260\rep.jpg.jpg,flow_score,9.0,9.0,['flow_speed_um_s'],['flow_state'],False,True
recovered_archive3/260,recovered_archive3\260\rep_1912120.jpg.jpg,morphology_score,4.2,4.2,['output_input_ratio'],"['capillary_count', 'efferent_diameter']",False,True
recovered_archive3/260,recovered_archive3\260\rep_1912120.jpg.jpg,flow_score,9.0,9.0,['flow_speed_um_s'],['flow_state'],False,True
recovered_archive3/260,recovered_archive3\260\rep_左手.jpg.jpg,morphology_score,4.2,4.2,['output_input_ratio'],"['capillary_count', 'efferent_diameter']",False,True
recovered_archive3/260,recovered_archive3\260\rep_左手.jpg.jpg,flow_score,9.0,9.0,['flow_speed_um_s'],['flow_state'],False,True
recovered_archive3/261,recovered_archive3\261\rep.jpg.jpg,morphology_score,4.6,4.6,"['afferent_diameter', 'efferent_diameter', 'output_input_ratio']",[],False,True
recovered_archive3/261,recovered_archive3\261\rep.jpg.jpg,flow_score,2.2,2.2,['flow_speed_um_s'],['flow_state'],False,True
recovered_archive3/261,recovered_archive3\261\rep.jpg.jpg,periloop_score,2.8,2.8,['sweat_duct'],[],False,True
recovered_archive3/261,recovered_archive3\261\rep_1905070.jpg.jpg,morphology_score,4.6,4.6,"['afferent_diameter', 'efferent_diameter', 'output_input_ratio']",[],False,True
recovered_archive3/261,recovered_archive3\261\rep_1905070.jpg.jpg,flow_score,2.2,2.2,['flow_speed_um_s'],['flow_state'],False,True
recovered_archive3/261,recovered_archive3\261\rep_1905070.jpg.jpg,periloop_score,2.8,2.8,['sweat_duct'],[],False,True
recovered_archive3/261,recovered_archive3\261\rep_1905071.jpg.jpg,morphology_score,4.6,4.6,"['afferent_diameter', 'efferent_diameter', 'output_input_ratio']",[],False,True
recovered_archive3/261,recovered_archive3\261\rep_1905071.jpg.jpg,flow_score,2.2,2.2,['flow_speed_um_s'],['flow_state'],False,True
recovered_archive3/261,recovered_archive3\261\rep_1905071.jpg.jpg,periloop_score,2.8,2.8,['sweat_duct'],[],False,True
recovered_archive3/261,recovered_archive3\261\rep_左手.jpg.jpg,morphology_score,4.6,4.6,"['afferent_diameter', 'efferent_diameter', 'output_input_ratio']",[],False,True
recovered_archive3/261,recovered_archive3\261\rep_左手.jpg.jpg,flow_score,2.2,2.2,['flow_speed_um_s'],['flow_state'],False,True
recovered_archive3/261,recovered_archive3\261\rep_左手.jpg.jpg,periloop_score,2.8,2.8,['sweat_duct'],[],False,True
recovered_archive3/262,recovered_archive3\262\rep.jpg.jpg,morphology_score,0.7,0.7,['output_input_ratio'],[],False,True
recovered_archive3/262,recovered_archive3\262\rep.jpg.jpg,flow_score,3.8,3.8,['flow_speed_um_s'],[],False,True
recovered_archive3/262,recovered_archive3\262\rep.jpg.jpg,periloop_score,0.4,0.4,[],[],False,True
recovered_archive3/262,recovered_archive3\262\rep_1.jpg.jpg,morphology_score,0.9,0.9,['output_input_ratio'],[],False,True
recovered_archive3/262,recovered_archive3\262\rep_1.jpg.jpg,flow_score,3.8,3.8,['flow_speed_um_s'],[],False,True
recovered_archive3/262,recovered_archive3\262\rep_1.jpg.jpg,periloop_score,0.4,0.4,[],[],False,True
recovered_archive3/262,recovered_archive3\262\rep_1905281.jpg.jpg,morphology_score,0.7,0.7,['output_input_ratio'],[],False,True
recovered_archive3/262,recovered_archive3\262\rep_1905281.jpg.jpg,flow_score,3.8,3.8,['flow_speed_um_s'],[],False,True
recovered_archive3/262,recovered_archive3\262\rep_1905281.jpg.jpg,periloop_score,0.4,0.4,[],[],False,True
recovered_archive3/262,recovered_archive3\262\rep_左手.jpg.jpg,morphology_score,0.7,0.7,['output_input_ratio'],[],False,True
recovered_archive3/262,recovered_archive3\262\rep_左手.jpg.jpg,flow_score,3.8,3.8,['flow_speed_um_s'],[],False,True
recovered_archive3/262,recovered_archive3\262\rep_左手.jpg.jpg,periloop_score,0.4,0.4,[],[],False,True
recovered_archive3/263,recovered_archive3\263\rep.jpg.jpg,morphology_score,1.7,1.7,['output_input_ratio'],[],False,True
recovered_archive3/263,recovered_archive3\263\rep.jpg.jpg,flow_score,1.6,1.6,['flow_speed_um_s'],[],False,True
recovered_archive3/263,recovered_archive3\263\rep.jpg.jpg,periloop_score,4.0,4.0,[],[],False,True
recovered_archive3/263,recovered_archive3\263\rep_1904250.jpg.jpg,morphology_score,1.7,1.7,['output_input_ratio'],[],False,True
recovered_archive3/263,recovered_archive3\263\rep_1904250.jpg.jpg,flow_score,1.6,1.6,['flow_speed_um_s'],[],False,True
recovered_archive3/263,recovered_archive3\263\rep_1904250.jpg.jpg,periloop_score,4.0,4.0,[],[],False,True
recovered_archive3/263,recovered_archive3\263\rep_1904251.jpg.jpg,morphology_score,1.7,1.7,['output_input_ratio'],[],False,True
recovered_archive3/263,recovered_archive3\263\rep_1904251.jpg.jpg,flow_score,1.6,1.6,['flow_speed_um_s'],[],False,True
recovered_archive3/263,recovered_archive3\263\rep_1904251.jpg.jpg,periloop_score,4.0,4.0,[],[],False,True
recovered_archive3/263,recovered_archive3\263\rep_1904252.jpg.jpg,morphology_score,1.7,1.7,['output_input_ratio'],[],False,True
recovered_archive3/263,recovered_archive3\263\rep_1904252.jpg.jpg,flow_score,1.6,1.6,['flow_speed_um_s'],[],False,True
recovered_archive3/263,recovered_archive3\263\rep_1904252.jpg.jpg,periloop_score,4.0,4.0,[],[],False,True
recovered_archive3/263,recovered_archive3\263\rep_左手.jpg.jpg,morphology_score,1.7,1.7,['output_input_ratio'],[],False,True
recovered_archive3/263,recovered_archive3\263\rep_左手.jpg.jpg,flow_score,1.6,1.6,['flow_speed_um_s'],[],False,True
recovered_archive3/263,recovered_archive3\263\rep_左手.jpg.jpg,periloop_score,4.0,4.0,[],[],False,True
recovered_archive3/264,recovered_archive3\264\rep.jpg.jpg,morphology_score,2.4,2.4,['output_input_ratio'],[],False,True
recovered_archive3/264,recovered_archive3\264\rep.jpg.jpg,flow_score,3.2,3.2,['flow_speed_um_s'],['flow_state'],False,True
recovered_archive3/264,recovered_archive3\264\rep.jpg.jpg,periloop_score,0.0,0.0,[],[],False,True
recovered_archive3/264,recovered_archive3\264\rep_2012170.jpg.jpg,morphology_score,2.4,2.4,['output_input_ratio'],[],False,True
recovered_archive3/264,recovered_archive3\264\rep_2012170.jpg.jpg,flow_score,3.2,3.2,['flow_speed_um_s'],['flow_state'],False,True
recovered_archive3/264,recovered_archive3\264\rep_2012170.jpg.jpg,periloop_score,0.0,0.0,[],[],False,True
recovered_archive3/264,recovered_archive3\264\rep_2012171.jpg.jpg,morphology_score,2.4,2.4,['output_input_ratio'],[],False,True
recovered_archive3/264,recovered_archive3\264\rep_2012171.jpg.jpg,flow_score,3.2,3.2,['flow_speed_um_s'],['flow_state'],False,True
recovered_archive3/264,recovered_archive3\264\rep_2012171.jpg.jpg,periloop_score,0.0,0.0,[],[],False,True
recovered_archive3/264,recovered_archive3\264\rep_双手无名指.jpg.jpg,morphology_score,2.4,2.4,['output_input_ratio'],[],False,True
recovered_archive3/264,recovered_archive3\264\rep_双手无名指.jpg.jpg,flow_score,3.2,3.2,['flow_speed_um_s'],['flow_state'],False,True
recovered_archive3/264,recovered_archive3\264\rep_双手无名指.jpg.jpg,periloop_score,0.0,0.0,[],[],False,True
recovered_archive3/265,recovered_archive3\265\rep.jpg.jpg,morphology_score,0.6,0.6,['output_input_ratio'],[],False,True
recovered_archive3/265,recovered_archive3\265\rep.jpg.jpg,flow_score,1.6,1.6,['flow_speed_um_s'],[],False,True
recovered_archive3/265,recovered_archive3\265\rep.jpg.jpg,periloop_score,0.0,0.0,[],[],False,True
recovered_archive3/265,recovered_archive3\265\rep_1902190.jpg.jpg,morphology_score,0.6,0.6,['output_input_ratio'],[],False,True
recovered_archive3/265,recovered_archive3\265\rep_1902190.jpg.jpg,flow_score,1.6,1.6,['flow_speed_um_s'],[],False,True
recovered_archive3/265,recovered_archive3\265\rep_1902190.jpg.jpg,periloop_score,0.0,0.0,[],[],False,True
recovered_archive3/265,recovered_archive3\265\rep_1902191.jpg.jpg,morphology_score,0.6,0.6,['output_input_ratio'],[],False,True
recovered_archive3/265,recovered_archive3\265\rep_1902191.jpg.jpg,flow_score,1.6,1.6,['flow_speed_um_s'],[],False,True
recovered_archive3/265,recovered_archive3\265\rep_1902191.jpg.jpg,periloop_score,0.0,0.0,[],[],False,True
recovered_archive3/265,recovered_archive3\265\rep_左手.jpg.jpg,morphology_score,0.6,0.6,['output_input_ratio'],[],False,True
recovered_archive3/265,recovered_archive3\265\rep_左手.jpg.jpg,flow_score,1.6,1.6,['flow_speed_um_s'],[],False,True
recovered_archive3/265,recovered_archive3\265\rep_左手.jpg.jpg,periloop_score,0.0,0.0,[],[],False,True
recovered_archive3/266,recovered_archive3\266\rep.jpg.jpg,morphology_score,2.6,2.6,['output_input_ratio'],[],False,True
recovered_archive3/266,recovered_archive3\266\rep.jpg.jpg,flow_score,1.2,1.2,['flow_speed_um_s'],['flow_state'],False,True
recovered_archive3/266,recovered_archive3\266\rep.jpg.jpg,periloop_score,0.4,0.4,[],[],False,True
recovered_archive3/266,recovered_archive3\266\rep_1908060.jpg.jpg,morphology_score,2.6,2.6,['output_input_ratio'],[],False,True
recovered_archive3/266,recovered_archive3\266\rep_1908060.jpg.jpg,flow_score,1.2,1.2,['flow_speed_um_s'],['flow_state'],False,True
recovered_archive3/266,recovered_archive3\266\rep_1908060.jpg.jpg,periloop_score,0.4,0.4,[],[],False,True
recovered_archive3/266,recovered_archive3\266\rep_1908061.jpg.jpg,morphology_score,2.6,2.6,['output_input_ratio'],[],False,True
recovered_archive3/266,recovered_archive3\266\rep_1908061.jpg.jpg,flow_score,1.2,1.2,['flow_speed_um_s'],['flow_state'],False,True
recovered_archive3/266,recovered_archive3\266\rep_1908061.jpg.jpg,periloop_score,0.4,0.4,[],[],False,True
recovered_archive3/266,recovered_archive3\266\rep_左手.jpg.jpg,morphology_score,2.6,2.6,['output_input_ratio'],[],False,True
recovered_archive3/266,recovered_archive3\266\rep_左手.jpg.jpg,flow_score,1.2,1.2,['flow_speed_um_s'],['flow_state'],False,True
recovered_archive3/266,recovered_archive3\266\rep_左手.jpg.jpg,periloop_score,0.4,0.4,[],[],False,True
recovered_archive3/267,recovered_archive3\267\rep.jpg.jpg,morphology_score,2.0,2.0,"['output_input_ratio', 'malformation_ratio']",[],False,True
recovered_archive3/267,recovered_archive3\267\rep.jpg.jpg,flow_score,0.0,0.0,['flow_speed_um_s'],[],False,True
recovered_archive3/267,recovered_archive3\267\rep.jpg.jpg,periloop_score,0.5,0.5,['sweat_duct'],[],False,True
recovered_archive3/267,recovered_archive3\267\rep_1905070.jpg.jpg,morphology_score,2.0,2.0,"['output_input_ratio', 'malformation_ratio']",[],False,True
recovered_archive3/267,recovered_archive3\267\rep_1905070.jpg.jpg,flow_score,0.0,0.0,['flow_speed_um_s'],[],False,True
recovered_archive3/267,recovered_archive3\267\rep_1905070.jpg.jpg,periloop_score,0.5,0.5,['sweat_duct'],[],False,True
recovered_archive3/267,recovered_archive3\267\rep_1905071.jpg.jpg,morphology_score,2.0,2.0,"['output_input_ratio', 'malformation_ratio']",[],False,True
recovered_archive3/267,recovered_archive3\267\rep_1905071.jpg.jpg,flow_score,0.0,0.0,['flow_speed_um_s'],[],False,True
recovered_archive3/267,recovered_archive3\267\rep_1905071.jpg.jpg,periloop_score,0.5,0.5,['sweat_duct'],[],False,True
recovered_archive3/267,recovered_archive3\267\rep_1905072.jpg.jpg,morphology_score,2.0,2.0,"['output_input_ratio', 'malformation_ratio']",[],False,True
recovered_archive3/267,recovered_archive3\267\rep_1905072.jpg.jpg,flow_score,0.0,0.0,['flow_speed_um_s'],[],False,True
recovered_archive3/267,recovered_archive3\267\rep_1905072.jpg.jpg,periloop_score,0.5,0.5,['sweat_duct'],[],False,True
recovered_archive3/267,recovered_archive3\267\rep_左手.jpg.jpg,morphology_score,2.0,2.0,"['output_input_ratio', 'malformation_ratio']",[],False,True
recovered_archive3/267,recovered_archive3\267\rep_左手.jpg.jpg,flow_score,0.0,0.0,['flow_speed_um_s'],[],False,True
recovered_archive3/267,recovered_archive3\267\rep_左手.jpg.jpg,periloop_score,0.5,0.5,['sweat_duct'],[],False,True
