exam_case_id,y,pred,arm,target
recovered_archive1/1,0,1,ALL,afferent_hi
recovered_archive1/100,0,0,ALL,afferent_hi
recovered_archive1/31,0,0,ALL,afferent_hi
recovered_archive1/33,0,0,ALL,afferent_hi
recovered_archive1/36,0,0,ALL,afferent_hi
recovered_archive1/59,0,1,ALL,afferent_hi
recovered_archive1/65,0,0,ALL,afferent_hi
recovered_archive1/67,1,1,ALL,afferent_hi
recovered_archive1/75,0,1,ALL,afferent_hi
recovered_archive1/82,0,0,ALL,afferent_hi
recovered_archive1/85,1,1,ALL,afferent_hi
recovered_archive1/97,0,1,ALL,afferent_hi
recovered_archive2/101,0,0,ALL,afferent_hi
recovered_archive2/108,0,0,ALL,afferent_hi
recovered_archive2/112,1,1,ALL,afferent_hi
recovered_archive2/115,0,1,ALL,afferent_hi
recovered_archive2/134,0,0,ALL,afferent_hi
recovered_archive2/138,1,1,ALL,afferent_hi
recovered_archive2/142,0,0,ALL,afferent_hi
recovered_archive2/143,0,0,ALL,afferent_hi
recovered_archive2/145,0,1,ALL,afferent_hi
recovered_archive2/147,0,1,ALL,afferent_hi
recovered_archive2/155,0,1,ALL,afferent_hi
recovered_archive2/156,1,1,ALL,afferent_hi
recovered_archive2/169,0,0,ALL,afferent_hi
recovered_archive2/170,0,1,ALL,afferent_hi
recovered_archive2/172,0,0,ALL,afferent_hi
recovered_archive2/178,0,0,ALL,afferent_hi
recovered_archive2/181,1,1,ALL,afferent_hi
recovered_archive2/183,0,1,ALL,afferent_hi
recovered_archive2/194,0,0,ALL,afferent_hi
recovered_archive3/202,0,0,ALL,afferent_hi
recovered_archive3/204,0,1,ALL,afferent_hi
recovered_archive3/207,0,0,ALL,afferent_hi
recovered_archive3/214,1,1,ALL,afferent_hi
recovered_archive3/217,0,0,ALL,afferent_hi
recovered_archive3/218,0,0,ALL,afferent_hi
recovered_archive3/233,1,1,ALL,afferent_hi
recovered_archive3/254,1,1,ALL,afferent_hi
recovered_archive3/260,1,1,ALL,afferent_hi
recovered_archive3/262,0,1,ALL,afferent_hi
recovered_archive3/264,0,1,ALL,afferent_hi
recovered_archive1/35,0,0,A0,afferent_hi
recovered_archive1/39,0,1,A0,afferent_hi
recovered_archive1/45,1,1,A0,afferent_hi
recovered_archive1/48,1,0,A0,afferent_hi
recovered_archive1/54,0,0,A0,afferent_hi
recovered_archive1/60,0,0,A0,afferent_hi
recovered_archive1/63,0,1,A0,afferent_hi
recovered_archive1/71,0,0,A0,afferent_hi
recovered_archive1/91,0,0,A0,afferent_hi
recovered_archive1/92,1,0,A0,afferent_hi
recovered_archive1/96,0,0,A0,afferent_hi
recovered_archive1/98,1,1,A0,afferent_hi
recovered_archive2/106,0,0,A0,afferent_hi
recovered_archive2/107,0,0,A0,afferent_hi
recovered_archive2/118,1,1,A0,afferent_hi
recovered_archive2/126,0,0,A0,afferent_hi
recovered_archive2/129,0,1,A0,afferent_hi
recovered_archive2/131,1,1,A0,afferent_hi
recovered_archive2/146,0,0,A0,afferent_hi
recovered_archive2/149,0,0,A0,afferent_hi
recovered_archive2/157,0,1,A0,afferent_hi
recovered_archive2/161,0,1,A0,afferent_hi
recovered_archive2/166,1,0,A0,afferent_hi
recovered_archive2/174,0,0,A0,afferent_hi
recovered_archive2/184,0,0,A0,afferent_hi
recovered_archive2/186,1,1,A0,afferent_hi
recovered_archive2/187,0,1,A0,afferent_hi
recovered_archive2/192,0,1,A0,afferent_hi
recovered_archive2/198,0,0,A0,afferent_hi
recovered_archive3/205,1,1,A0,afferent_hi
recovered_archive3/210,0,0,A0,afferent_hi
recovered_archive3/212,0,1,A0,afferent_hi
recovered_archive3/229,0,1,A0,afferent_hi
recovered_archive3/235,1,1,A0,afferent_hi
recovered_archive3/241,1,0,A0,afferent_hi
recovered_archive3/243,0,1,A0,afferent_hi
recovered_archive3/247,1,1,A0,afferent_hi
recovered_archive3/249,0,0,A0,afferent_hi
recovered_archive3/253,0,0,A0,afferent_hi
recovered_archive3/258,0,1,A0,afferent_hi
recovered_archive3/259,0,1,A0,afferent_hi
recovered_archive1/24,0,1,A0+DET,afferent_hi
recovered_archive1/30,0,0,A0+DET,afferent_hi
recovered_archive1/46,0,0,A0+DET,afferent_hi
recovered_archive1/49,0,0,A0+DET,afferent_hi
recovered_archive1/66,0,1,A0+DET,afferent_hi
recovered_archive1/70,0,0,A0+DET,afferent_hi
recovered_archive1/72,0,0,A0+DET,afferent_hi
recovered_archive1/73,1,0,A0+DET,afferent_hi
recovered_archive1/74,0,0,A0+DET,afferent_hi
recovered_archive1/76,0,0,A0+DET,afferent_hi
recovered_archive1/78,0,0,A0+DET,afferent_hi
recovered_archive1/80,1,1,A0+DET,afferent_hi
recovered_archive1/84,0,0,A0+DET,afferent_hi
recovered_archive2/105,0,0,A0+DET,afferent_hi
recovered_archive2/110,0,0,A0+DET,afferent_hi
recovered_archive2/111,0,0,A0+DET,afferent_hi
recovered_archive2/116,0,1,A0+DET,afferent_hi
recovered_archive2/119,0,0,A0+DET,afferent_hi
recovered_archive2/123,0,0,A0+DET,afferent_hi
recovered_archive2/127,0,0,A0+DET,afferent_hi
recovered_archive2/136,1,1,A0+DET,afferent_hi
recovered_archive2/144,0,1,A0+DET,afferent_hi
recovered_archive2/148,0,1,A0+DET,afferent_hi
recovered_archive2/150,1,1,A0+DET,afferent_hi
recovered_archive2/152,1,1,A0+DET,afferent_hi
recovered_archive2/159,0,0,A0+DET,afferent_hi
recovered_archive2/167,0,1,A0+DET,afferent_hi
recovered_archive2/182,0,1,A0+DET,afferent_hi
recovered_archive2/185,0,0,A0+DET,afferent_hi
recovered_archive2/190,0,1,A0+DET,afferent_hi
recovered_archive2/200,0,0,A0+DET,afferent_hi
recovered_archive3/211,0,0,A0+DET,afferent_hi
recovered_archive3/215,0,0,A0+DET,afferent_hi
recovered_archive3/225,0,0,A0+DET,afferent_hi
recovered_archive3/226,0,0,A0+DET,afferent_hi
recovered_archive3/230,0,0,A0+DET,afferent_hi
recovered_archive3/232,0,1,A0+DET,afferent_hi
recovered_archive3/234,1,1,A0+DET,afferent_hi
recovered_archive3/236,0,0,A0+DET,afferent_hi
recovered_archive3/244,0,0,A0+DET,afferent_hi
recovered_archive3/251,0,1,A0+DET,afferent_hi
recovered_archive3/252,1,1,A0+DET,afferent_hi
recovered_archive3/263,0,0,A0+DET,afferent_hi
recovered_archive1/29,0,0,DET,afferent_hi
recovered_archive1/32,0,1,DET,afferent_hi
recovered_archive1/38,0,0,DET,afferent_hi
recovered_archive1/40,0,0,DET,afferent_hi
recovered_archive1/47,0,1,DET,afferent_hi
recovered_archive1/61,1,0,DET,afferent_hi
recovered_archive1/62,1,1,DET,afferent_hi
recovered_archive1/68,0,0,DET,afferent_hi
recovered_archive1/77,0,0,DET,afferent_hi
recovered_archive1/9,1,0,DET,afferent_hi
recovered_archive1/90,0,1,DET,afferent_hi
recovered_archive1/94,0,0,DET,afferent_hi
recovered_archive1/99,0,0,DET,afferent_hi
recovered_archive2/102,0,0,DET,afferent_hi
recovered_archive2/109,0,0,DET,afferent_hi
recovered_archive2/113,0,1,DET,afferent_hi
recovered_archive2/114,0,0,DET,afferent_hi
recovered_archive2/122,1,0,DET,afferent_hi
recovered_archive2/124,0,0,DET,afferent_hi
recovered_archive2/125,0,0,DET,afferent_hi
recovered_archive2/139,0,0,DET,afferent_hi
recovered_archive2/154,1,0,DET,afferent_hi
recovered_archive2/162,0,1,DET,afferent_hi
recovered_archive2/164,0,0,DET,afferent_hi
recovered_archive2/168,0,1,DET,afferent_hi
recovered_archive2/175,0,0,DET,afferent_hi
recovered_archive2/176,0,1,DET,afferent_hi
recovered_archive2/179,0,0,DET,afferent_hi
recovered_archive2/191,0,0,DET,afferent_hi
recovered_archive2/197,0,0,DET,afferent_hi
recovered_archive3/206,0,0,DET,afferent_hi
recovered_archive3/209,0,0,DET,afferent_hi
recovered_archive3/213,0,0,DET,afferent_hi
recovered_archive3/221,0,0,DET,afferent_hi
recovered_archive3/231,1,0,DET,afferent_hi
recovered_archive3/242,0,1,DET,afferent_hi
recovered_archive3/246,0,0,DET,afferent_hi
recovered_archive3/250,0,1,DET,afferent_hi
recovered_archive3/256,0,0,DET,afferent_hi
recovered_archive3/266,1,1,DET,afferent_hi
recovered_archive3/267,0,1,DET,afferent_hi
recovered_archive1/23,0,0,ALL,afferent_hi
recovered_archive1/28,0,0,ALL,afferent_hi
recovered_archive1/34,1,0,ALL,afferent_hi
recovered_archive1/41,0,0,ALL,afferent_hi
recovered_archive1/52,1,0,ALL,afferent_hi
recovered_archive1/53,0,0,ALL,afferent_hi
recovered_archive1/55,0,0,ALL,afferent_hi
recovered_archive1/57,1,1,ALL,afferent_hi
recovered_archive1/79,0,0,ALL,afferent_hi
recovered_archive1/83,0,1,ALL,afferent_hi
recovered_archive1/86,0,0,ALL,afferent_hi
recovered_archive1/89,0,0,ALL,afferent_hi
recovered_archive1/93,0,0,ALL,afferent_hi
recovered_archive1/95,0,1,ALL,afferent_hi
recovered_archive2/104,1,1,ALL,afferent_hi
recovered_archive2/117,0,0,ALL,afferent_hi
recovered_archive2/120,0,0,ALL,afferent_hi
recovered_archive2/121,0,0,ALL,afferent_hi
recovered_archive2/130,0,0,ALL,afferent_hi
recovered_archive2/132,0,0,ALL,afferent_hi
recovered_archive2/135,0,1,ALL,afferent_hi
recovered_archive2/140,1,1,ALL,afferent_hi
recovered_archive2/141,1,1,ALL,afferent_hi
recovered_archive2/153,0,0,ALL,afferent_hi
recovered_archive2/158,1,1,ALL,afferent_hi
recovered_archive2/165,0,1,ALL,afferent_hi
recovered_archive2/171,0,0,ALL,afferent_hi
recovered_archive2/173,0,0,ALL,afferent_hi
recovered_archive2/177,0,0,ALL,afferent_hi
recovered_archive2/193,0,1,ALL,afferent_hi
recovered_archive2/195,0,0,ALL,afferent_hi
recovered_archive3/201,0,0,ALL,afferent_hi
recovered_archive3/203,0,1,ALL,afferent_hi
recovered_archive3/208,0,0,ALL,afferent_hi
recovered_archive3/216,0,1,ALL,afferent_hi
recovered_archive3/219,1,1,ALL,afferent_hi
recovered_archive3/220,0,0,ALL,afferent_hi
recovered_archive3/228,0,0,ALL,afferent_hi
recovered_archive3/237,0,0,ALL,afferent_hi
recovered_archive3/248,0,0,ALL,afferent_hi
recovered_archive3/257,0,1,ALL,afferent_hi
recovered_archive3/265,1,0,ALL,afferent_hi
recovered_archive1/1,0,0,SEG+DET,afferent_lo
recovered_archive1/100,1,1,SEG+DET,afferent_lo
recovered_archive1/31,1,1,SEG+DET,afferent_lo
recovered_archive1/33,1,0,SEG+DET,afferent_lo
recovered_archive1/36,1,1,SEG+DET,afferent_lo
recovered_archive1/59,1,0,SEG+DET,afferent_lo
recovered_archive1/65,0,0,SEG+DET,afferent_lo
recovered_archive1/67,0,1,SEG+DET,afferent_lo
recovered_archive1/75,0,1,SEG+DET,afferent_lo
recovered_archive1/82,1,1,SEG+DET,afferent_lo
recovered_archive1/85,0,0,SEG+DET,afferent_lo
recovered_archive1/97,1,0,SEG+DET,afferent_lo
recovered_archive2/101,1,1,SEG+DET,afferent_lo
recovered_archive2/108,1,1,SEG+DET,afferent_lo
recovered_archive2/112,0,1,SEG+DET,afferent_lo
recovered_archive2/115,1,1,SEG+DET,afferent_lo
recovered_archive2/134,0,0,SEG+DET,afferent_lo
recovered_archive2/138,0,0,SEG+DET,afferent_lo
recovered_archive2/142,0,1,SEG+DET,afferent_lo
recovered_archive2/143,1,0,SEG+DET,afferent_lo
recovered_archive2/145,0,1,SEG+DET,afferent_lo
recovered_archive2/147,1,0,SEG+DET,afferent_lo
recovered_archive2/155,0,0,SEG+DET,afferent_lo
recovered_archive2/156,0,1,SEG+DET,afferent_lo
recovered_archive2/169,1,0,SEG+DET,afferent_lo
recovered_archive2/170,0,1,SEG+DET,afferent_lo
recovered_archive2/172,0,1,SEG+DET,afferent_lo
recovered_archive2/178,1,0,SEG+DET,afferent_lo
recovered_archive2/181,0,0,SEG+DET,afferent_lo
recovered_archive2/183,0,0,SEG+DET,afferent_lo
recovered_archive2/194,1,1,SEG+DET,afferent_lo
recovered_archive3/202,0,1,SEG+DET,afferent_lo
recovered_archive3/204,1,1,SEG+DET,afferent_lo
recovered_archive3/207,0,0,SEG+DET,afferent_lo
recovered_archive3/214,0,0,SEG+DET,afferent_lo
recovered_archive3/217,1,1,SEG+DET,afferent_lo
recovered_archive3/218,1,1,SEG+DET,afferent_lo
recovered_archive3/233,0,0,SEG+DET,afferent_lo
recovered_archive3/254,0,0,SEG+DET,afferent_lo
recovered_archive3/260,0,1,SEG+DET,afferent_lo
recovered_archive3/262,1,0,SEG+DET,afferent_lo
recovered_archive3/264,0,1,SEG+DET,afferent_lo
recovered_archive1/35,1,1,SEG,afferent_lo
recovered_archive1/39,1,1,SEG,afferent_lo
recovered_archive1/45,0,0,SEG,afferent_lo
recovered_archive1/48,0,1,SEG,afferent_lo
recovered_archive1/54,1,1,SEG,afferent_lo
recovered_archive1/60,0,0,SEG,afferent_lo
recovered_archive1/63,1,0,SEG,afferent_lo
recovered_archive1/71,0,1,SEG,afferent_lo
recovered_archive1/91,0,0,SEG,afferent_lo
recovered_archive1/92,0,0,SEG,afferent_lo
recovered_archive1/96,0,1,SEG,afferent_lo
recovered_archive1/98,0,0,SEG,afferent_lo
recovered_archive2/106,0,0,SEG,afferent_lo
recovered_archive2/107,0,1,SEG,afferent_lo
recovered_archive2/118,0,0,SEG,afferent_lo
recovered_archive2/126,1,0,SEG,afferent_lo
recovered_archive2/129,0,0,SEG,afferent_lo
recovered_archive2/131,0,0,SEG,afferent_lo
recovered_archive2/146,0,1,SEG,afferent_lo
recovered_archive2/149,0,1,SEG,afferent_lo
recovered_archive2/157,0,0,SEG,afferent_lo
recovered_archive2/161,1,0,SEG,afferent_lo
recovered_archive2/166,0,1,SEG,afferent_lo
recovered_archive2/174,0,1,SEG,afferent_lo
recovered_archive2/184,0,1,SEG,afferent_lo
recovered_archive2/186,0,0,SEG,afferent_lo
recovered_archive2/187,0,0,SEG,afferent_lo
recovered_archive2/192,0,0,SEG,afferent_lo
recovered_archive2/198,0,1,SEG,afferent_lo
recovered_archive3/205,0,0,SEG,afferent_lo
recovered_archive3/210,1,1,SEG,afferent_lo
recovered_archive3/212,0,1,SEG,afferent_lo
recovered_archive3/229,1,0,SEG,afferent_lo
recovered_archive3/235,0,0,SEG,afferent_lo
recovered_archive3/241,0,1,SEG,afferent_lo
recovered_archive3/243,0,0,SEG,afferent_lo
recovered_archive3/247,0,0,SEG,afferent_lo
recovered_archive3/249,0,1,SEG,afferent_lo
recovered_archive3/253,1,1,SEG,afferent_lo
recovered_archive3/258,0,1,SEG,afferent_lo
recovered_archive3/259,1,1,SEG,afferent_lo
recovered_archive1/24,0,0,A0+SEG,afferent_lo
recovered_archive1/30,1,0,A0+SEG,afferent_lo
recovered_archive1/46,0,0,A0+SEG,afferent_lo
recovered_archive1/49,1,1,A0+SEG,afferent_lo
recovered_archive1/66,1,0,A0+SEG,afferent_lo
recovered_archive1/70,1,1,A0+SEG,afferent_lo
recovered_archive1/72,0,0,A0+SEG,afferent_lo
recovered_archive1/73,0,1,A0+SEG,afferent_lo
recovered_archive1/74,0,0,A0+SEG,afferent_lo
recovered_archive1/76,1,1,A0+SEG,afferent_lo
recovered_archive1/78,0,0,A0+SEG,afferent_lo
recovered_archive1/80,0,0,A0+SEG,afferent_lo
recovered_archive1/84,0,1,A0+SEG,afferent_lo
recovered_archive2/105,1,0,A0+SEG,afferent_lo
recovered_archive2/110,0,1,A0+SEG,afferent_lo
recovered_archive2/111,0,0,A0+SEG,afferent_lo
recovered_archive2/116,1,0,A0+SEG,afferent_lo
recovered_archive2/119,0,1,A0+SEG,afferent_lo
recovered_archive2/123,1,1,A0+SEG,afferent_lo
recovered_archive2/127,0,0,A0+SEG,afferent_lo
recovered_archive2/136,0,0,A0+SEG,afferent_lo
recovered_archive2/144,0,0,A0+SEG,afferent_lo
recovered_archive2/148,0,0,A0+SEG,afferent_lo
recovered_archive2/150,0,0,A0+SEG,afferent_lo
recovered_archive2/152,0,0,A0+SEG,afferent_lo
recovered_archive2/159,0,1,A0+SEG,afferent_lo
recovered_archive2/167,1,0,A0+SEG,afferent_lo
recovered_archive2/182,0,0,A0+SEG,afferent_lo
recovered_archive2/185,0,0,A0+SEG,afferent_lo
recovered_archive2/190,0,0,A0+SEG,afferent_lo
recovered_archive2/200,1,0,A0+SEG,afferent_lo
recovered_archive3/211,0,0,A0+SEG,afferent_lo
recovered_archive3/215,1,1,A0+SEG,afferent_lo
recovered_archive3/225,0,0,A0+SEG,afferent_lo
recovered_archive3/226,0,1,A0+SEG,afferent_lo
recovered_archive3/230,0,1,A0+SEG,afferent_lo
recovered_archive3/232,0,0,A0+SEG,afferent_lo
recovered_archive3/234,0,0,A0+SEG,afferent_lo
recovered_archive3/236,0,1,A0+SEG,afferent_lo
recovered_archive3/244,0,0,A0+SEG,afferent_lo
recovered_archive3/251,0,0,A0+SEG,afferent_lo
recovered_archive3/252,0,0,A0+SEG,afferent_lo
recovered_archive3/263,0,0,A0+SEG,afferent_lo
recovered_archive1/29,0,0,ALL,afferent_lo
recovered_archive1/32,0,0,ALL,afferent_lo
recovered_archive1/38,0,1,ALL,afferent_lo
recovered_archive1/40,0,1,ALL,afferent_lo
recovered_archive1/47,0,1,ALL,afferent_lo
recovered_archive1/61,0,0,ALL,afferent_lo
recovered_archive1/62,0,0,ALL,afferent_lo
recovered_archive1/68,0,0,ALL,afferent_lo
recovered_archive1/77,1,0,ALL,afferent_lo
recovered_archive1/9,0,0,ALL,afferent_lo
recovered_archive1/90,0,0,ALL,afferent_lo
recovered_archive1/94,0,0,ALL,afferent_lo
recovered_archive1/99,0,1,ALL,afferent_lo
recovered_archive2/102,1,0,ALL,afferent_lo
recovered_archive2/109,0,0,ALL,afferent_lo
recovered_archive2/113,0,0,ALL,afferent_lo
recovered_archive2/114,0,1,ALL,afferent_lo
recovered_archive2/122,0,0,ALL,afferent_lo
recovered_archive2/124,1,1,ALL,afferent_lo
recovered_archive2/125,0,1,ALL,afferent_lo
recovered_archive2/139,0,1,ALL,afferent_lo
recovered_archive2/154,0,1,ALL,afferent_lo
recovered_archive2/162,0,0,ALL,afferent_lo
recovered_archive2/164,1,1,ALL,afferent_lo
recovered_archive2/168,0,0,ALL,afferent_lo
recovered_archive2/175,0,1,ALL,afferent_lo
recovered_archive2/176,0,0,ALL,afferent_lo
recovered_archive2/179,1,1,ALL,afferent_lo
recovered_archive2/191,0,0,ALL,afferent_lo
recovered_archive2/197,0,0,ALL,afferent_lo
recovered_archive3/206,0,0,ALL,afferent_lo
recovered_archive3/209,1,1,ALL,afferent_lo
recovered_archive3/213,1,1,ALL,afferent_lo
recovered_archive3/221,1,1,ALL,afferent_lo
recovered_archive3/231,0,1,ALL,afferent_lo
recovered_archive3/242,0,0,ALL,afferent_lo
recovered_archive3/246,0,1,ALL,afferent_lo
recovered_archive3/250,1,0,ALL,afferent_lo
recovered_archive3/256,0,0,ALL,afferent_lo
recovered_archive3/266,0,0,ALL,afferent_lo
recovered_archive3/267,0,0,ALL,afferent_lo
recovered_archive1/23,0,1,ALL,afferent_lo
recovered_archive1/28,1,1,ALL,afferent_lo
recovered_archive1/34,0,1,ALL,afferent_lo
recovered_archive1/41,1,1,ALL,afferent_lo
recovered_archive1/52,0,1,ALL,afferent_lo
recovered_archive1/53,1,0,ALL,afferent_lo
recovered_archive1/55,0,1,ALL,afferent_lo
recovered_archive1/57,0,0,ALL,afferent_lo
recovered_archive1/79,0,0,ALL,afferent_lo
recovered_archive1/83,1,0,ALL,afferent_lo
recovered_archive1/86,1,1,ALL,afferent_lo
recovered_archive1/89,1,1,ALL,afferent_lo
recovered_archive1/93,1,1,ALL,afferent_lo
recovered_archive1/95,1,0,ALL,afferent_lo
recovered_archive2/104,0,0,ALL,afferent_lo
recovered_archive2/117,0,0,ALL,afferent_lo
recovered_archive2/120,1,1,ALL,afferent_lo
recovered_archive2/121,1,1,ALL,afferent_lo
recovered_archive2/130,0,0,ALL,afferent_lo
recovered_archive2/132,0,0,ALL,afferent_lo
recovered_archive2/135,0,0,ALL,afferent_lo
recovered_archive2/140,0,0,ALL,afferent_lo
recovered_archive2/141,0,1,ALL,afferent_lo
recovered_archive2/153,1,1,ALL,afferent_lo
recovered_archive2/158,0,0,ALL,afferent_lo
recovered_archive2/165,1,1,ALL,afferent_lo
recovered_archive2/171,1,0,ALL,afferent_lo
recovered_archive2/173,1,0,ALL,afferent_lo
recovered_archive2/177,1,1,ALL,afferent_lo
recovered_archive2/193,0,0,ALL,afferent_lo
recovered_archive2/195,1,0,ALL,afferent_lo
recovered_archive3/201,0,1,ALL,afferent_lo
recovered_archive3/203,1,1,ALL,afferent_lo
recovered_archive3/208,0,0,ALL,afferent_lo
recovered_archive3/216,1,1,ALL,afferent_lo
recovered_archive3/219,0,0,ALL,afferent_lo
recovered_archive3/220,0,0,ALL,afferent_lo
recovered_archive3/228,1,1,ALL,afferent_lo
recovered_archive3/237,0,0,ALL,afferent_lo
recovered_archive3/248,0,0,ALL,afferent_lo
recovered_archive3/257,0,0,ALL,afferent_lo
recovered_archive3/265,0,0,ALL,afferent_lo
recovered_archive1/1,0,1,A0,efferent_hi
recovered_archive1/100,0,0,A0,efferent_hi
recovered_archive1/31,0,0,A0,efferent_hi
recovered_archive1/33,1,1,A0,efferent_hi
recovered_archive1/36,0,0,A0,efferent_hi
recovered_archive1/59,0,1,A0,efferent_hi
recovered_archive1/65,0,0,A0,efferent_hi
recovered_archive1/75,0,0,A0,efferent_hi
recovered_archive1/82,0,0,A0,efferent_hi
recovered_archive1/85,1,1,A0,efferent_hi
recovered_archive1/97,0,0,A0,efferent_hi
recovered_archive2/101,0,0,A0,efferent_hi
recovered_archive2/108,0,0,A0,efferent_hi
recovered_archive2/112,1,1,A0,efferent_hi
recovered_archive2/115,1,0,A0,efferent_hi
recovered_archive2/134,0,1,A0,efferent_hi
recovered_archive2/138,1,1,A0,efferent_hi
recovered_archive2/142,0,0,A0,efferent_hi
recovered_archive2/143,0,0,A0,efferent_hi
recovered_archive2/145,1,0,A0,efferent_hi
recovered_archive2/147,0,0,A0,efferent_hi
recovered_archive2/155,0,1,A0,efferent_hi
recovered_archive2/156,1,0,A0,efferent_hi
recovered_archive2/169,0,1,A0,efferent_hi
recovered_archive2/170,0,0,A0,efferent_hi
recovered_archive2/172,0,0,A0,efferent_hi
recovered_archive2/178,0,0,A0,efferent_hi
recovered_archive2/181,1,1,A0,efferent_hi
recovered_archive2/183,0,0,A0,efferent_hi
recovered_archive2/194,0,0,A0,efferent_hi
recovered_archive3/202,0,0,A0,efferent_hi
recovered_archive3/204,0,1,A0,efferent_hi
recovered_archive3/207,1,0,A0,efferent_hi
recovered_archive3/214,1,0,A0,efferent_hi
recovered_archive3/217,0,0,A0,efferent_hi
recovered_archive3/218,0,0,A0,efferent_hi
recovered_archive3/233,1,1,A0,efferent_hi
recovered_archive3/254,1,1,A0,efferent_hi
recovered_archive3/260,1,1,A0,efferent_hi
recovered_archive3/262,0,0,A0,efferent_hi
recovered_archive3/264,0,0,A0,efferent_hi
recovered_archive1/35,0,0,DET,efferent_hi
recovered_archive1/39,0,0,DET,efferent_hi
recovered_archive1/45,1,0,DET,efferent_hi
recovered_archive1/48,1,0,DET,efferent_hi
recovered_archive1/54,0,1,DET,efferent_hi
recovered_archive1/60,1,1,DET,efferent_hi
recovered_archive1/63,1,1,DET,efferent_hi
recovered_archive1/71,1,0,DET,efferent_hi
recovered_archive1/91,0,0,DET,efferent_hi
recovered_archive1/92,1,1,DET,efferent_hi
recovered_archive1/96,0,0,DET,efferent_hi
recovered_archive1/98,1,1,DET,efferent_hi
recovered_archive2/106,0,0,DET,efferent_hi
recovered_archive2/107,0,0,DET,efferent_hi
recovered_archive2/118,0,1,DET,efferent_hi
recovered_archive2/126,0,0,DET,efferent_hi
recovered_archive2/129,0,0,DET,efferent_hi
recovered_archive2/131,1,0,DET,efferent_hi
recovered_archive2/146,0,0,DET,efferent_hi
recovered_archive2/149,0,0,DET,efferent_hi
recovered_archive2/157,0,0,DET,efferent_hi
recovered_archive2/161,0,1,DET,efferent_hi
recovered_archive2/166,0,0,DET,efferent_hi
recovered_archive2/174,0,0,DET,efferent_hi
recovered_archive2/184,0,1,DET,efferent_hi
recovered_archive2/186,0,1,DET,efferent_hi
recovered_archive2/187,0,1,DET,efferent_hi
recovered_archive2/192,1,0,DET,efferent_hi
recovered_archive2/198,0,0,DET,efferent_hi
recovered_archive3/205,1,1,DET,efferent_hi
recovered_archive3/210,0,1,DET,efferent_hi
recovered_archive3/212,0,1,DET,efferent_hi
recovered_archive3/229,1,1,DET,efferent_hi
recovered_archive3/235,1,1,DET,efferent_hi
recovered_archive3/241,0,0,DET,efferent_hi
recovered_archive3/243,0,1,DET,efferent_hi
recovered_archive3/247,1,0,DET,efferent_hi
recovered_archive3/249,0,0,DET,efferent_hi
recovered_archive3/253,0,0,DET,efferent_hi
recovered_archive3/258,0,0,DET,efferent_hi
recovered_archive3/259,0,0,DET,efferent_hi
recovered_archive1/24,0,1,A0+DET,efferent_hi
recovered_archive1/30,0,0,A0+DET,efferent_hi
recovered_archive1/46,0,0,A0+DET,efferent_hi
recovered_archive1/49,0,0,A0+DET,efferent_hi
recovered_archive1/66,0,0,A0+DET,efferent_hi
recovered_archive1/70,0,0,A0+DET,efferent_hi
recovered_archive1/72,0,1,A0+DET,efferent_hi
recovered_archive1/73,0,0,A0+DET,efferent_hi
recovered_archive1/74,0,0,A0+DET,efferent_hi
recovered_archive1/76,0,0,A0+DET,efferent_hi
recovered_archive1/78,1,0,A0+DET,efferent_hi
recovered_archive1/80,1,1,A0+DET,efferent_hi
recovered_archive1/84,0,0,A0+DET,efferent_hi
recovered_archive2/105,0,0,A0+DET,efferent_hi
recovered_archive2/110,0,1,A0+DET,efferent_hi
recovered_archive2/111,0,0,A0+DET,efferent_hi
recovered_archive2/116,0,1,A0+DET,efferent_hi
recovered_archive2/119,0,0,A0+DET,efferent_hi
recovered_archive2/123,0,0,A0+DET,efferent_hi
recovered_archive2/127,0,0,A0+DET,efferent_hi
recovered_archive2/136,0,1,A0+DET,efferent_hi
recovered_archive2/144,0,1,A0+DET,efferent_hi
recovered_archive2/148,1,1,A0+DET,efferent_hi
recovered_archive2/150,1,1,A0+DET,efferent_hi
recovered_archive2/152,0,1,A0+DET,efferent_hi
recovered_archive2/159,0,0,A0+DET,efferent_hi
recovered_archive2/167,0,1,A0+DET,efferent_hi
recovered_archive2/182,0,1,A0+DET,efferent_hi
recovered_archive2/185,0,0,A0+DET,efferent_hi
recovered_archive2/190,1,1,A0+DET,efferent_hi
recovered_archive2/200,0,0,A0+DET,efferent_hi
recovered_archive3/211,0,1,A0+DET,efferent_hi
recovered_archive3/215,1,0,A0+DET,efferent_hi
recovered_archive3/225,0,0,A0+DET,efferent_hi
recovered_archive3/226,0,0,A0+DET,efferent_hi
recovered_archive3/230,0,0,A0+DET,efferent_hi
recovered_archive3/232,0,1,A0+DET,efferent_hi
recovered_archive3/234,1,1,A0+DET,efferent_hi
recovered_archive3/236,0,0,A0+DET,efferent_hi
recovered_archive3/244,0,0,A0+DET,efferent_hi
recovered_archive3/251,0,0,A0+DET,efferent_hi
recovered_archive3/252,1,1,A0+DET,efferent_hi
recovered_archive3/263,0,0,A0+DET,efferent_hi
recovered_archive1/29,0,1,ALL,efferent_hi
recovered_archive1/32,1,1,ALL,efferent_hi
recovered_archive1/38,0,0,ALL,efferent_hi
recovered_archive1/40,0,0,ALL,efferent_hi
recovered_archive1/47,0,1,ALL,efferent_hi
recovered_archive1/61,1,0,ALL,efferent_hi
recovered_archive1/62,0,1,ALL,efferent_hi
recovered_archive1/68,1,0,ALL,efferent_hi
recovered_archive1/77,1,0,ALL,efferent_hi
recovered_archive1/9,1,0,ALL,efferent_hi
recovered_archive1/90,0,1,ALL,efferent_hi
recovered_archive1/94,0,0,ALL,efferent_hi
recovered_archive1/99,0,0,ALL,efferent_hi
recovered_archive2/102,0,1,ALL,efferent_hi
recovered_archive2/109,0,0,ALL,efferent_hi
recovered_archive2/113,1,1,ALL,efferent_hi
recovered_archive2/114,1,1,ALL,efferent_hi
recovered_archive2/122,0,1,ALL,efferent_hi
recovered_archive2/124,0,0,ALL,efferent_hi
recovered_archive2/125,0,0,ALL,efferent_hi
recovered_archive2/139,0,0,ALL,efferent_hi
recovered_archive2/154,0,0,ALL,efferent_hi
recovered_archive2/162,0,0,ALL,efferent_hi
recovered_archive2/164,0,0,ALL,efferent_hi
recovered_archive2/168,0,1,ALL,efferent_hi
recovered_archive2/175,0,0,ALL,efferent_hi
recovered_archive2/176,0,1,ALL,efferent_hi
recovered_archive2/179,0,0,ALL,efferent_hi
recovered_archive2/191,0,1,ALL,efferent_hi
recovered_archive2/197,0,0,ALL,efferent_hi
recovered_archive3/206,0,0,ALL,efferent_hi
recovered_archive3/209,0,0,ALL,efferent_hi
recovered_archive3/213,0,0,ALL,efferent_hi
recovered_archive3/221,0,0,ALL,efferent_hi
recovered_archive3/231,0,0,ALL,efferent_hi
recovered_archive3/242,0,1,ALL,efferent_hi
recovered_archive3/246,1,0,ALL,efferent_hi
recovered_archive3/250,1,0,ALL,efferent_hi
recovered_archive3/256,0,0,ALL,efferent_hi
recovered_archive3/266,0,1,ALL,efferent_hi
recovered_archive3/267,0,1,ALL,efferent_hi
recovered_archive1/23,0,1,ALL,efferent_hi
recovered_archive1/28,0,0,ALL,efferent_hi
recovered_archive1/34,1,1,ALL,efferent_hi
recovered_archive1/41,0,0,ALL,efferent_hi
recovered_archive1/52,1,0,ALL,efferent_hi
recovered_archive1/53,0,0,ALL,efferent_hi
recovered_archive1/55,0,0,ALL,efferent_hi
recovered_archive1/57,1,1,ALL,efferent_hi
recovered_archive1/79,0,0,ALL,efferent_hi
recovered_archive1/83,0,1,ALL,efferent_hi
recovered_archive1/86,0,0,ALL,efferent_hi
recovered_archive1/89,0,0,ALL,efferent_hi
recovered_archive1/93,0,0,ALL,efferent_hi
recovered_archive1/95,0,0,ALL,efferent_hi
recovered_archive2/104,1,1,ALL,efferent_hi
recovered_archive2/117,1,0,ALL,efferent_hi
recovered_archive2/120,0,0,ALL,efferent_hi
recovered_archive2/121,0,0,ALL,efferent_hi
recovered_archive2/130,1,0,ALL,efferent_hi
recovered_archive2/132,1,0,ALL,efferent_hi
recovered_archive2/135,0,1,ALL,efferent_hi
recovered_archive2/140,1,1,ALL,efferent_hi
recovered_archive2/141,1,1,ALL,efferent_hi
recovered_archive2/153,0,0,ALL,efferent_hi
recovered_archive2/158,0,1,ALL,efferent_hi
recovered_archive2/165,0,0,ALL,efferent_hi
recovered_archive2/171,0,0,ALL,efferent_hi
recovered_archive2/173,0,1,ALL,efferent_hi
recovered_archive2/177,0,0,ALL,efferent_hi
recovered_archive2/193,0,1,ALL,efferent_hi
recovered_archive2/195,1,1,ALL,efferent_hi
recovered_archive3/201,0,0,ALL,efferent_hi
recovered_archive3/203,0,1,ALL,efferent_hi
recovered_archive3/208,0,0,ALL,efferent_hi
recovered_archive3/216,0,1,ALL,efferent_hi
recovered_archive3/219,1,1,ALL,efferent_hi
recovered_archive3/220,0,0,ALL,efferent_hi
recovered_archive3/228,0,1,ALL,efferent_hi
recovered_archive3/237,0,1,ALL,efferent_hi
recovered_archive3/248,0,0,ALL,efferent_hi
recovered_archive3/257,0,0,ALL,efferent_hi
recovered_archive3/265,1,1,ALL,efferent_hi
recovered_archive1/1,0,1,DET,efferent_lo
recovered_archive1/100,1,1,DET,efferent_lo
recovered_archive1/31,0,1,DET,efferent_lo
recovered_archive1/33,0,0,DET,efferent_lo
recovered_archive1/36,1,1,DET,efferent_lo
recovered_archive1/59,1,1,DET,efferent_lo
recovered_archive1/65,0,1,DET,efferent_lo
recovered_archive1/75,0,0,DET,efferent_lo
recovered_archive1/82,0,1,DET,efferent_lo
recovered_archive1/85,0,0,DET,efferent_lo
recovered_archive1/97,0,0,DET,efferent_lo
recovered_archive2/101,0,1,DET,efferent_lo
recovered_archive2/108,1,1,DET,efferent_lo
recovered_archive2/112,0,0,DET,efferent_lo
recovered_archive2/115,0,1,DET,efferent_lo
recovered_archive2/134,0,1,DET,efferent_lo
recovered_archive2/138,0,0,DET,efferent_lo
recovered_archive2/142,1,0,DET,efferent_lo
recovered_archive2/143,1,1,DET,efferent_lo
recovered_archive2/145,0,0,DET,efferent_lo
recovered_archive2/147,0,0,DET,efferent_lo
recovered_archive2/155,0,1,DET,efferent_lo
recovered_archive2/156,0,0,DET,efferent_lo
recovered_archive2/169,0,0,DET,efferent_lo
recovered_archive2/170,0,0,DET,efferent_lo
recovered_archive2/172,0,1,DET,efferent_lo
recovered_archive2/178,0,1,DET,efferent_lo
recovered_archive2/181,0,0,DET,efferent_lo
recovered_archive2/183,0,0,DET,efferent_lo
recovered_archive2/194,1,0,DET,efferent_lo
recovered_archive3/202,0,1,DET,efferent_lo
recovered_archive3/204,1,0,DET,efferent_lo
recovered_archive3/207,0,1,DET,efferent_lo
recovered_archive3/214,0,0,DET,efferent_lo
recovered_archive3/217,1,0,DET,efferent_lo
recovered_archive3/218,0,1,DET,efferent_lo
recovered_archive3/233,0,0,DET,efferent_lo
recovered_archive3/254,0,0,DET,efferent_lo
recovered_archive3/260,0,0,DET,efferent_lo
recovered_archive3/262,0,1,DET,efferent_lo
recovered_archive3/264,0,1,DET,efferent_lo
recovered_archive1/35,0,1,DET,efferent_lo
recovered_archive1/39,0,0,DET,efferent_lo
recovered_archive1/45,0,0,DET,efferent_lo
recovered_archive1/48,0,1,DET,efferent_lo
recovered_archive1/54,0,1,DET,efferent_lo
recovered_archive1/60,0,0,DET,efferent_lo
recovered_archive1/63,0,0,DET,efferent_lo
recovered_archive1/71,0,0,DET,efferent_lo
recovered_archive1/91,0,1,DET,efferent_lo
recovered_archive1/92,0,0,DET,efferent_lo
recovered_archive1/96,0,1,DET,efferent_lo
recovered_archive1/98,0,0,DET,efferent_lo
recovered_archive2/106,0,1,DET,efferent_lo
recovered_archive2/107,0,1,DET,efferent_lo
recovered_archive2/118,0,0,DET,efferent_lo
recovered_archive2/126,0,1,DET,efferent_lo
recovered_archive2/129,0,0,DET,efferent_lo
recovered_archive2/131,0,1,DET,efferent_lo
recovered_archive2/146,1,0,DET,efferent_lo
recovered_archive2/149,0,0,DET,efferent_lo
recovered_archive2/157,1,0,DET,efferent_lo
recovered_archive2/161,0,0,DET,efferent_lo
recovered_archive2/166,0,1,DET,efferent_lo
recovered_archive2/174,0,1,DET,efferent_lo
recovered_archive2/184,0,0,DET,efferent_lo
recovered_archive2/186,0,0,DET,efferent_lo
recovered_archive2/187,0,0,DET,efferent_lo
recovered_archive2/192,0,1,DET,efferent_lo
recovered_archive2/198,0,0,DET,efferent_lo
recovered_archive3/205,0,0,DET,efferent_lo
recovered_archive3/210,0,0,DET,efferent_lo
recovered_archive3/212,0,0,DET,efferent_lo
recovered_archive3/229,0,0,DET,efferent_lo
recovered_archive3/235,0,0,DET,efferent_lo
recovered_archive3/241,0,1,DET,efferent_lo
recovered_archive3/243,0,1,DET,efferent_lo
recovered_archive3/247,0,0,DET,efferent_lo
recovered_archive3/249,0,1,DET,efferent_lo
recovered_archive3/253,0,1,DET,efferent_lo
recovered_archive3/258,0,1,DET,efferent_lo
recovered_archive3/259,0,0,DET,efferent_lo
recovered_archive1/24,0,0,A0+COL,efferent_lo
recovered_archive1/30,0,1,A0+COL,efferent_lo
recovered_archive1/46,0,0,A0+COL,efferent_lo
recovered_archive1/49,0,1,A0+COL,efferent_lo
recovered_archive1/66,0,0,A0+COL,efferent_lo
recovered_archive1/70,1,0,A0+COL,efferent_lo
recovered_archive1/72,0,0,A0+COL,efferent_lo
recovered_archive1/73,1,1,A0+COL,efferent_lo
recovered_archive1/74,0,0,A0+COL,efferent_lo
recovered_archive1/76,0,0,A0+COL,efferent_lo
recovered_archive1/78,0,0,A0+COL,efferent_lo
recovered_archive1/80,0,1,A0+COL,efferent_lo
recovered_archive1/84,0,0,A0+COL,efferent_lo
recovered_archive2/105,0,1,A0+COL,efferent_lo
recovered_archive2/110,0,0,A0+COL,efferent_lo
recovered_archive2/111,0,0,A0+COL,efferent_lo
recovered_archive2/116,1,0,A0+COL,efferent_lo
recovered_archive2/119,0,0,A0+COL,efferent_lo
recovered_archive2/123,0,1,A0+COL,efferent_lo
recovered_archive2/127,0,0,A0+COL,efferent_lo
recovered_archive2/136,0,0,A0+COL,efferent_lo
recovered_archive2/144,0,0,A0+COL,efferent_lo
recovered_archive2/148,0,0,A0+COL,efferent_lo
recovered_archive2/150,0,0,A0+COL,efferent_lo
recovered_archive2/152,0,0,A0+COL,efferent_lo
recovered_archive2/159,0,0,A0+COL,efferent_lo
recovered_archive2/167,0,0,A0+COL,efferent_lo
recovered_archive2/182,0,0,A0+COL,efferent_lo
recovered_archive2/185,0,0,A0+COL,efferent_lo
recovered_archive2/190,0,0,A0+COL,efferent_lo
recovered_archive2/200,0,0,A0+COL,efferent_lo
recovered_archive3/211,0,0,A0+COL,efferent_lo
recovered_archive3/215,0,1,A0+COL,efferent_lo
recovered_archive3/225,0,1,A0+COL,efferent_lo
recovered_archive3/226,0,1,A0+COL,efferent_lo
recovered_archive3/230,1,1,A0+COL,efferent_lo
recovered_archive3/232,1,0,A0+COL,efferent_lo
recovered_archive3/234,0,0,A0+COL,efferent_lo
recovered_archive3/236,1,1,A0+COL,efferent_lo
recovered_archive3/244,0,0,A0+COL,efferent_lo
recovered_archive3/251,0,1,A0+COL,efferent_lo
recovered_archive3/252,0,0,A0+COL,efferent_lo
recovered_archive3/263,1,0,A0+COL,efferent_lo
recovered_archive1/29,0,0,A0+COL,efferent_lo
recovered_archive1/32,0,1,A0+COL,efferent_lo
recovered_archive1/38,1,0,A0+COL,efferent_lo
recovered_archive1/40,0,1,A0+COL,efferent_lo
recovered_archive1/47,0,1,A0+COL,efferent_lo
recovered_archive1/61,0,0,A0+COL,efferent_lo
recovered_archive1/62,0,0,A0+COL,efferent_lo
recovered_archive1/68,0,0,A0+COL,efferent_lo
recovered_archive1/77,0,0,A0+COL,efferent_lo
recovered_archive1/9,0,0,A0+COL,efferent_lo
recovered_archive1/90,0,1,A0+COL,efferent_lo
recovered_archive1/94,0,0,A0+COL,efferent_lo
recovered_archive1/99,0,0,A0+COL,efferent_lo
recovered_archive2/102,1,0,A0+COL,efferent_lo
recovered_archive2/109,0,1,A0+COL,efferent_lo
recovered_archive2/113,0,0,A0+COL,efferent_lo
recovered_archive2/114,0,0,A0+COL,efferent_lo
recovered_archive2/122,0,0,A0+COL,efferent_lo
recovered_archive2/124,0,0,A0+COL,efferent_lo
recovered_archive2/125,0,1,A0+COL,efferent_lo
recovered_archive2/139,0,0,A0+COL,efferent_lo
recovered_archive2/154,0,1,A0+COL,efferent_lo
recovered_archive2/162,0,0,A0+COL,efferent_lo
recovered_archive2/164,1,1,A0+COL,efferent_lo
recovered_archive2/168,0,1,A0+COL,efferent_lo
recovered_archive2/175,0,1,A0+COL,efferent_lo
recovered_archive2/176,0,0,A0+COL,efferent_lo
recovered_archive2/179,0,0,A0+COL,efferent_lo
recovered_archive2/191,0,1,A0+COL,efferent_lo
recovered_archive2/197,0,0,A0+COL,efferent_lo
recovered_archive3/206,0,0,A0+COL,efferent_lo
recovered_archive3/209,0,1,A0+COL,efferent_lo
recovered_archive3/213,1,0,A0+COL,efferent_lo
recovered_archive3/221,1,0,A0+COL,efferent_lo
recovered_archive3/231,0,0,A0+COL,efferent_lo
recovered_archive3/242,0,1,A0+COL,efferent_lo
recovered_archive3/246,0,0,A0+COL,efferent_lo
recovered_archive3/250,0,0,A0+COL,efferent_lo
recovered_archive3/256,1,0,A0+COL,efferent_lo
recovered_archive3/266,0,0,A0+COL,efferent_lo
recovered_archive3/267,0,0,A0+COL,efferent_lo
recovered_archive1/23,0,0,SEG,efferent_lo
recovered_archive1/28,0,1,SEG,efferent_lo
recovered_archive1/34,0,1,SEG,efferent_lo
recovered_archive1/41,1,1,SEG,efferent_lo
recovered_archive1/52,0,0,SEG,efferent_lo
recovered_archive1/53,1,1,SEG,efferent_lo
recovered_archive1/55,0,1,SEG,efferent_lo
recovered_archive1/57,0,0,SEG,efferent_lo
recovered_archive1/79,0,0,SEG,efferent_lo
recovered_archive1/83,1,0,SEG,efferent_lo
recovered_archive1/86,0,1,SEG,efferent_lo
recovered_archive1/89,1,1,SEG,efferent_lo
recovered_archive1/93,1,1,SEG,efferent_lo
recovered_archive1/95,0,0,SEG,efferent_lo
recovered_archive2/104,0,0,SEG,efferent_lo
recovered_archive2/117,0,0,SEG,efferent_lo
recovered_archive2/120,1,1,SEG,efferent_lo
recovered_archive2/121,0,1,SEG,efferent_lo
recovered_archive2/130,0,1,SEG,efferent_lo
recovered_archive2/132,0,1,SEG,efferent_lo
recovered_archive2/135,0,0,SEG,efferent_lo
recovered_archive2/140,0,0,SEG,efferent_lo
recovered_archive2/141,0,0,SEG,efferent_lo
recovered_archive2/153,0,0,SEG,efferent_lo
recovered_archive2/158,0,0,SEG,efferent_lo
recovered_archive2/165,0,1,SEG,efferent_lo
recovered_archive2/171,0,1,SEG,efferent_lo
recovered_archive2/173,0,1,SEG,efferent_lo
recovered_archive2/177,1,1,SEG,efferent_lo
recovered_archive2/193,0,0,SEG,efferent_lo
recovered_archive2/195,0,1,SEG,efferent_lo
recovered_archive3/201,0,0,SEG,efferent_lo
recovered_archive3/203,0,0,SEG,efferent_lo
recovered_archive3/208,0,1,SEG,efferent_lo
recovered_archive3/216,1,0,SEG,efferent_lo
recovered_archive3/219,0,0,SEG,efferent_lo
recovered_archive3/220,0,0,SEG,efferent_lo
recovered_archive3/228,0,1,SEG,efferent_lo
recovered_archive3/237,1,0,SEG,efferent_lo
recovered_archive3/248,0,1,SEG,efferent_lo
recovered_archive3/257,0,1,SEG,efferent_lo
recovered_archive3/265,0,1,SEG,efferent_lo
recovered_archive1/1,1,1,ALL,apex_hi
recovered_archive1/100,0,1,ALL,apex_hi
recovered_archive1/31,0,0,ALL,apex_hi
recovered_archive1/33,0,1,ALL,apex_hi
recovered_archive1/36,0,0,ALL,apex_hi
recovered_archive1/59,0,1,ALL,apex_hi
recovered_archive1/65,0,0,ALL,apex_hi
recovered_archive1/75,0,1,ALL,apex_hi
recovered_archive1/82,0,0,ALL,apex_hi
recovered_archive1/85,1,1,ALL,apex_hi
recovered_archive1/97,1,1,ALL,apex_hi
recovered_archive2/101,0,0,ALL,apex_hi
recovered_archive2/108,0,0,ALL,apex_hi
recovered_archive2/112,1,1,ALL,apex_hi
recovered_archive2/115,0,0,ALL,apex_hi
recovered_archive2/134,0,0,ALL,apex_hi
recovered_archive2/138,1,1,ALL,apex_hi
recovered_archive2/142,1,0,ALL,apex_hi
recovered_archive2/143,0,0,ALL,apex_hi
recovered_archive2/145,1,1,ALL,apex_hi
recovered_archive2/147,0,1,ALL,apex_hi
recovered_archive2/155,1,1,ALL,apex_hi
recovered_archive2/156,1,1,ALL,apex_hi
recovered_archive2/169,1,0,ALL,apex_hi
recovered_archive2/170,0,0,ALL,apex_hi
recovered_archive2/172,0,0,ALL,apex_hi
recovered_archive2/178,0,0,ALL,apex_hi
recovered_archive2/181,1,1,ALL,apex_hi
recovered_archive2/183,0,0,ALL,apex_hi
recovered_archive2/194,0,0,ALL,apex_hi
recovered_archive3/202,1,0,ALL,apex_hi
recovered_archive3/204,0,0,ALL,apex_hi
recovered_archive3/207,1,0,ALL,apex_hi
recovered_archive3/214,1,0,ALL,apex_hi
recovered_archive3/217,0,0,ALL,apex_hi
recovered_archive3/218,0,0,ALL,apex_hi
recovered_archive3/222,1,1,ALL,apex_hi
recovered_archive3/233,1,1,ALL,apex_hi
recovered_archive3/254,1,1,ALL,apex_hi
recovered_archive3/260,1,1,ALL,apex_hi
recovered_archive3/262,0,1,ALL,apex_hi
recovered_archive3/264,0,0,ALL,apex_hi
recovered_archive1/35,0,1,COL,apex_hi
recovered_archive1/39,0,1,COL,apex_hi
recovered_archive1/45,0,1,COL,apex_hi
recovered_archive1/48,1,1,COL,apex_hi
recovered_archive1/54,1,1,COL,apex_hi
recovered_archive1/60,0,0,COL,apex_hi
recovered_archive1/63,1,1,COL,apex_hi
recovered_archive1/64,0,1,COL,apex_hi
recovered_archive1/71,0,1,COL,apex_hi
recovered_archive1/81,1,0,COL,apex_hi
recovered_archive1/91,1,1,COL,apex_hi
recovered_archive1/92,0,0,COL,apex_hi
recovered_archive1/96,0,0,COL,apex_hi
recovered_archive1/98,1,1,COL,apex_hi
recovered_archive2/106,0,0,COL,apex_hi
recovered_archive2/107,1,0,COL,apex_hi
recovered_archive2/118,1,0,COL,apex_hi
recovered_archive2/126,0,1,COL,apex_hi
recovered_archive2/128,1,1,COL,apex_hi
recovered_archive2/129,0,1,COL,apex_hi
recovered_archive2/131,0,0,COL,apex_hi
recovered_archive2/146,1,1,COL,apex_hi
recovered_archive2/149,0,1,COL,apex_hi
recovered_archive2/157,0,0,COL,apex_hi
recovered_archive2/161,0,0,COL,apex_hi
recovered_archive2/166,0,0,COL,apex_hi
recovered_archive2/174,0,0,COL,apex_hi
recovered_archive2/184,0,0,COL,apex_hi
recovered_archive2/186,1,0,COL,apex_hi
recovered_archive2/187,1,1,COL,apex_hi
recovered_archive2/192,1,1,COL,apex_hi
recovered_archive2/198,0,0,COL,apex_hi
recovered_archive3/205,1,1,COL,apex_hi
recovered_archive3/210,1,1,COL,apex_hi
recovered_archive3/212,0,1,COL,apex_hi
recovered_archive3/229,0,0,COL,apex_hi
recovered_archive3/235,1,0,COL,apex_hi
recovered_archive3/241,0,0,COL,apex_hi
recovered_archive3/243,1,1,COL,apex_hi
recovered_archive3/247,1,1,COL,apex_hi
recovered_archive3/249,0,1,COL,apex_hi
recovered_archive3/253,0,0,COL,apex_hi
recovered_archive3/258,0,1,COL,apex_hi
recovered_archive3/259,0,0,COL,apex_hi
recovered_archive1/24,0,1,A0+COL,apex_hi
recovered_archive1/30,0,1,A0+COL,apex_hi
recovered_archive1/46,1,1,A0+COL,apex_hi
recovered_archive1/49,0,0,A0+COL,apex_hi
recovered_archive1/66,1,1,A0+COL,apex_hi
recovered_archive1/70,0,0,A0+COL,apex_hi
recovered_archive1/72,0,0,A0+COL,apex_hi
recovered_archive1/73,0,0,A0+COL,apex_hi
recovered_archive1/74,0,1,A0+COL,apex_hi
recovered_archive1/76,0,0,A0+COL,apex_hi
recovered_archive1/78,0,1,A0+COL,apex_hi
recovered_archive1/80,1,1,A0+COL,apex_hi
recovered_archive1/84,1,1,A0+COL,apex_hi
recovered_archive2/105,0,0,A0+COL,apex_hi
recovered_archive2/110,1,1,A0+COL,apex_hi
recovered_archive2/111,1,1,A0+COL,apex_hi
recovered_archive2/116,0,1,A0+COL,apex_hi
recovered_archive2/119,1,0,A0+COL,apex_hi
recovered_archive2/123,0,0,A0+COL,apex_hi
recovered_archive2/127,0,1,A0+COL,apex_hi
recovered_archive2/136,0,1,A0+COL,apex_hi
recovered_archive2/144,1,1,A0+COL,apex_hi
recovered_archive2/148,1,1,A0+COL,apex_hi
recovered_archive2/150,1,1,A0+COL,apex_hi
recovered_archive2/152,1,1,A0+COL,apex_hi
recovered_archive2/159,0,0,A0+COL,apex_hi
recovered_archive2/167,0,1,A0+COL,apex_hi
recovered_archive2/182,1,0,A0+COL,apex_hi
recovered_archive2/185,1,0,A0+COL,apex_hi
recovered_archive2/190,0,1,A0+COL,apex_hi
recovered_archive2/200,1,1,A0+COL,apex_hi
recovered_archive3/211,0,1,A0+COL,apex_hi
recovered_archive3/215,0,0,A0+COL,apex_hi
recovered_archive3/225,1,1,A0+COL,apex_hi
recovered_archive3/226,0,0,A0+COL,apex_hi
recovered_archive3/230,0,0,A0+COL,apex_hi
recovered_archive3/232,0,0,A0+COL,apex_hi
recovered_archive3/234,1,1,A0+COL,apex_hi
recovered_archive3/236,0,0,A0+COL,apex_hi
recovered_archive3/244,1,0,A0+COL,apex_hi
recovered_archive3/251,1,0,A0+COL,apex_hi
recovered_archive3/252,1,1,A0+COL,apex_hi
recovered_archive3/263,0,0,A0+COL,apex_hi
recovered_archive1/29,1,0,A0+COL,apex_hi
recovered_archive1/32,1,1,A0+COL,apex_hi
recovered_archive1/38,0,0,A0+COL,apex_hi
recovered_archive1/40,1,0,A0+COL,apex_hi
recovered_archive1/47,0,0,A0+COL,apex_hi
recovered_archive1/61,1,1,A0+COL,apex_hi
recovered_archive1/62,0,0,A0+COL,apex_hi
recovered_archive1/68,1,1,A0+COL,apex_hi
recovered_archive1/77,0,1,A0+COL,apex_hi
recovered_archive1/9,1,1,A0+COL,apex_hi
recovered_archive1/90,0,1,A0+COL,apex_hi
recovered_archive1/94,1,1,A0+COL,apex_hi
recovered_archive1/99,0,1,A0+COL,apex_hi
recovered_archive2/102,0,1,A0+COL,apex_hi
recovered_archive2/109,1,0,A0+COL,apex_hi
recovered_archive2/113,1,1,A0+COL,apex_hi
recovered_archive2/114,1,0,A0+COL,apex_hi
recovered_archive2/122,1,0,A0+COL,apex_hi
recovered_archive2/124,0,0,A0+COL,apex_hi
recovered_archive2/125,0,1,A0+COL,apex_hi
recovered_archive2/139,0,1,A0+COL,apex_hi
recovered_archive2/154,1,0,A0+COL,apex_hi
recovered_archive2/162,0,0,A0+COL,apex_hi
recovered_archive2/164,0,0,A0+COL,apex_hi
recovered_archive2/168,0,1,A0+COL,apex_hi
recovered_archive2/175,1,0,A0+COL,apex_hi
recovered_archive2/176,0,0,A0+COL,apex_hi
recovered_archive2/179,0,0,A0+COL,apex_hi
recovered_archive2/189,1,1,A0+COL,apex_hi
recovered_archive2/191,0,1,A0+COL,apex_hi
recovered_archive2/197,0,0,A0+COL,apex_hi
recovered_archive3/206,0,0,A0+COL,apex_hi
recovered_archive3/209,0,1,A0+COL,apex_hi
recovered_archive3/213,0,0,A0+COL,apex_hi
recovered_archive3/221,0,0,A0+COL,apex_hi
recovered_archive3/231,0,0,A0+COL,apex_hi
recovered_archive3/242,1,0,A0+COL,apex_hi
recovered_archive3/246,1,1,A0+COL,apex_hi
recovered_archive3/250,0,1,A0+COL,apex_hi
recovered_archive3/256,0,1,A0+COL,apex_hi
recovered_archive3/266,1,1,A0+COL,apex_hi
recovered_archive3/267,0,1,A0+COL,apex_hi
recovered_archive1/23,0,0,COL,apex_hi
recovered_archive1/28,0,0,COL,apex_hi
recovered_archive1/34,1,1,COL,apex_hi
recovered_archive1/41,0,0,COL,apex_hi
recovered_archive1/52,1,1,COL,apex_hi
recovered_archive1/53,0,0,COL,apex_hi
recovered_archive1/55,1,0,COL,apex_hi
recovered_archive1/57,1,1,COL,apex_hi
recovered_archive1/79,1,1,COL,apex_hi
recovered_archive1/83,0,1,COL,apex_hi
recovered_archive1/86,0,1,COL,apex_hi
recovered_archive1/89,0,0,COL,apex_hi
recovered_archive1/93,0,0,COL,apex_hi
recovered_archive1/95,1,1,COL,apex_hi
recovered_archive2/104,1,1,COL,apex_hi
recovered_archive2/117,0,1,COL,apex_hi
recovered_archive2/120,0,1,COL,apex_hi
recovered_archive2/121,0,1,COL,apex_hi
recovered_archive2/130,1,0,COL,apex_hi
recovered_archive2/132,1,1,COL,apex_hi
recovered_archive2/135,1,1,COL,apex_hi
recovered_archive2/140,1,1,COL,apex_hi
recovered_archive2/141,1,1,COL,apex_hi
recovered_archive2/153,0,0,COL,apex_hi
recovered_archive2/158,0,1,COL,apex_hi
recovered_archive2/165,0,1,COL,apex_hi
recovered_archive2/173,0,0,COL,apex_hi
recovered_archive2/177,0,0,COL,apex_hi
recovered_archive2/193,1,0,COL,apex_hi
recovered_archive2/195,0,0,COL,apex_hi
recovered_archive3/201,0,0,COL,apex_hi
recovered_archive3/203,0,0,COL,apex_hi
recovered_archive3/208,0,0,COL,apex_hi
recovered_archive3/216,0,0,COL,apex_hi
recovered_archive3/219,1,1,COL,apex_hi
recovered_archive3/220,0,0,COL,apex_hi
recovered_archive3/228,0,0,COL,apex_hi
recovered_archive3/237,0,1,COL,apex_hi
recovered_archive3/248,1,1,COL,apex_hi
recovered_archive3/257,1,0,COL,apex_hi
recovered_archive3/261,1,0,COL,apex_hi
recovered_archive3/265,1,0,COL,apex_hi
recovered_archive1/1,0,0,A0+DET,apex_lo
recovered_archive1/100,0,1,A0+DET,apex_lo
recovered_archive1/31,1,1,A0+DET,apex_lo
recovered_archive1/33,0,0,A0+DET,apex_lo
recovered_archive1/36,1,1,A0+DET,apex_lo
recovered_archive1/59,0,1,A0+DET,apex_lo
recovered_archive1/65,1,1,A0+DET,apex_lo
recovered_archive1/75,0,0,A0+DET,apex_lo
recovered_archive1/82,0,0,A0+DET,apex_lo
recovered_archive1/85,0,0,A0+DET,apex_lo
recovered_archive1/97,0,0,A0+DET,apex_lo
recovered_archive2/101,0,1,A0+DET,apex_lo
recovered_archive2/108,1,1,A0+DET,apex_lo
recovered_archive2/112,0,0,A0+DET,apex_lo
recovered_archive2/115,0,1,A0+DET,apex_lo
recovered_archive2/134,0,1,A0+DET,apex_lo
recovered_archive2/138,0,0,A0+DET,apex_lo
recovered_archive2/142,0,1,A0+DET,apex_lo
recovered_archive2/143,1,0,A0+DET,apex_lo
recovered_archive2/145,0,0,A0+DET,apex_lo
recovered_archive2/147,0,0,A0+DET,apex_lo
recovered_archive2/155,0,0,A0+DET,apex_lo
recovered_archive2/156,0,0,A0+DET,apex_lo
recovered_archive2/169,0,0,A0+DET,apex_lo
recovered_archive2/170,0,1,A0+DET,apex_lo
recovered_archive2/172,0,0,A0+DET,apex_lo
recovered_archive2/178,1,1,A0+DET,apex_lo
recovered_archive2/181,0,0,A0+DET,apex_lo
recovered_archive2/183,1,1,A0+DET,apex_lo
recovered_archive2/194,1,1,A0+DET,apex_lo
recovered_archive3/202,0,1,A0+DET,apex_lo
recovered_archive3/204,0,0,A0+DET,apex_lo
recovered_archive3/207,0,0,A0+DET,apex_lo
recovered_archive3/214,0,0,A0+DET,apex_lo
recovered_archive3/217,0,0,A0+DET,apex_lo
recovered_archive3/218,1,0,A0+DET,apex_lo
recovered_archive3/222,0,0,A0+DET,apex_lo
recovered_archive3/233,0,0,A0+DET,apex_lo
recovered_archive3/254,0,0,A0+DET,apex_lo
recovered_archive3/260,0,0,A0+DET,apex_lo
recovered_archive3/262,1,0,A0+DET,apex_lo
recovered_archive3/264,0,1,A0+DET,apex_lo
recovered_archive1/35,0,1,A0+COL,apex_lo
recovered_archive1/39,0,0,A0+COL,apex_lo
recovered_archive1/45,0,0,A0+COL,apex_lo
recovered_archive1/48,0,1,A0+COL,apex_lo
recovered_archive1/54,0,0,A0+COL,apex_lo
recovered_archive1/60,1,0,A0+COL,apex_lo
recovered_archive1/63,0,0,A0+COL,apex_lo
recovered_archive1/64,0,1,A0+COL,apex_lo
recovered_archive1/71,0,0,A0+COL,apex_lo
recovered_archive1/81,0,0,A0+COL,apex_lo
recovered_archive1/91,0,0,A0+COL,apex_lo
recovered_archive1/92,0,0,A0+COL,apex_lo
recovered_archive1/96,0,0,A0+COL,apex_lo
recovered_archive1/98,0,0,A0+COL,apex_lo
recovered_archive2/106,0,1,A0+COL,apex_lo
recovered_archive2/107,0,1,A0+COL,apex_lo
recovered_archive2/118,0,0,A0+COL,apex_lo
recovered_archive2/126,0,0,A0+COL,apex_lo
recovered_archive2/128,0,0,A0+COL,apex_lo
recovered_archive2/129,0,0,A0+COL,apex_lo
recovered_archive2/131,0,0,A0+COL,apex_lo
recovered_archive2/146,0,0,A0+COL,apex_lo
recovered_archive2/149,0,0,A0+COL,apex_lo
recovered_archive2/157,0,0,A0+COL,apex_lo
recovered_archive2/161,0,0,A0+COL,apex_lo
recovered_archive2/166,0,1,A0+COL,apex_lo
recovered_archive2/174,0,0,A0+COL,apex_lo
recovered_archive2/184,1,0,A0+COL,apex_lo
recovered_archive2/186,0,0,A0+COL,apex_lo
recovered_archive2/187,0,0,A0+COL,apex_lo
recovered_archive2/192,0,0,A0+COL,apex_lo
recovered_archive2/198,0,1,A0+COL,apex_lo
recovered_archive3/205,0,0,A0+COL,apex_lo
recovered_archive3/210,0,1,A0+COL,apex_lo
recovered_archive3/212,1,0,A0+COL,apex_lo
recovered_archive3/229,0,0,A0+COL,apex_lo
recovered_archive3/235,0,0,A0+COL,apex_lo
recovered_archive3/241,0,0,A0+COL,apex_lo
recovered_archive3/243,0,0,A0+COL,apex_lo
recovered_archive3/247,0,0,A0+COL,apex_lo
recovered_archive3/249,0,1,A0+COL,apex_lo
recovered_archive3/253,1,1,A0+COL,apex_lo
recovered_archive3/258,0,0,A0+COL,apex_lo
recovered_archive3/259,0,1,A0+COL,apex_lo
recovered_archive1/24,0,0,A0+COL,apex_lo
recovered_archive1/30,1,1,A0+COL,apex_lo
recovered_archive1/46,0,1,A0+COL,apex_lo
recovered_archive1/49,0,1,A0+COL,apex_lo
recovered_archive1/66,0,0,A0+COL,apex_lo
recovered_archive1/70,1,0,A0+COL,apex_lo
recovered_archive1/72,0,0,A0+COL,apex_lo
recovered_archive1/73,0,0,A0+COL,apex_lo
recovered_archive1/74,0,0,A0+COL,apex_lo
recovered_archive1/76,1,1,A0+COL,apex_lo
recovered_archive1/78,1,0,A0+COL,apex_lo
recovered_archive1/80,0,0,A0+COL,apex_lo
recovered_archive1/84,0,0,A0+COL,apex_lo
recovered_archive2/105,0,1,A0+COL,apex_lo
recovered_archive2/110,0,0,A0+COL,apex_lo
recovered_archive2/111,0,0,A0+COL,apex_lo
recovered_archive2/116,0,1,A0+COL,apex_lo
recovered_archive2/119,0,0,A0+COL,apex_lo
recovered_archive2/123,0,0,A0+COL,apex_lo
recovered_archive2/127,0,0,A0+COL,apex_lo
recovered_archive2/136,0,0,A0+COL,apex_lo
recovered_archive2/144,0,0,A0+COL,apex_lo
recovered_archive2/148,0,0,A0+COL,apex_lo
recovered_archive2/150,0,0,A0+COL,apex_lo
recovered_archive2/152,0,0,A0+COL,apex_lo
recovered_archive2/159,0,1,A0+COL,apex_lo
recovered_archive2/167,0,0,A0+COL,apex_lo
recovered_archive2/182,0,0,A0+COL,apex_lo
recovered_archive2/185,0,1,A0+COL,apex_lo
recovered_archive2/190,0,1,A0+COL,apex_lo
recovered_archive2/200,0,1,A0+COL,apex_lo
recovered_archive3/211,0,1,A0+COL,apex_lo
recovered_archive3/215,0,1,A0+COL,apex_lo
recovered_archive3/225,0,1,A0+COL,apex_lo
recovered_archive3/226,0,1,A0+COL,apex_lo
recovered_archive3/230,0,1,A0+COL,apex_lo
recovered_archive3/232,0,0,A0+COL,apex_lo
recovered_archive3/234,0,0,A0+COL,apex_lo
recovered_archive3/236,0,1,A0+COL,apex_lo
recovered_archive3/244,0,0,A0+COL,apex_lo
recovered_archive3/251,0,0,A0+COL,apex_lo
recovered_archive3/252,0,0,A0+COL,apex_lo
recovered_archive3/263,0,1,A0+COL,apex_lo
recovered_archive1/29,0,0,A0+COL,apex_lo
recovered_archive1/32,0,0,A0+COL,apex_lo
recovered_archive1/38,1,1,A0+COL,apex_lo
recovered_archive1/40,0,1,A0+COL,apex_lo
recovered_archive1/47,0,0,A0+COL,apex_lo
recovered_archive1/61,0,0,A0+COL,apex_lo
recovered_archive1/62,0,0,A0+COL,apex_lo
recovered_archive1/68,0,0,A0+COL,apex_lo
recovered_archive1/77,0,0,A0+COL,apex_lo
recovered_archive1/9,0,0,A0+COL,apex_lo
recovered_archive1/90,0,0,A0+COL,apex_lo
recovered_archive1/94,0,0,A0+COL,apex_lo
recovered_archive1/99,0,1,A0+COL,apex_lo
recovered_archive2/102,0,0,A0+COL,apex_lo
recovered_archive2/109,0,1,A0+COL,apex_lo
recovered_archive2/113,0,0,A0+COL,apex_lo
recovered_archive2/114,0,1,A0+COL,apex_lo
recovered_archive2/122,0,0,A0+COL,apex_lo
recovered_archive2/124,0,0,A0+COL,apex_lo
recovered_archive2/125,0,0,A0+COL,apex_lo
recovered_archive2/139,1,0,A0+COL,apex_lo
recovered_archive2/154,0,1,A0+COL,apex_lo
recovered_archive2/162,0,0,A0+COL,apex_lo
recovered_archive2/164,0,1,A0+COL,apex_lo
recovered_archive2/168,0,0,A0+COL,apex_lo
recovered_archive2/175,0,1,A0+COL,apex_lo
recovered_archive2/176,0,0,A0+COL,apex_lo
recovered_archive2/179,0,1,A0+COL,apex_lo
recovered_archive2/189,0,0,A0+COL,apex_lo
recovered_archive2/191,0,0,A0+COL,apex_lo
recovered_archive2/197,0,0,A0+COL,apex_lo
recovered_archive3/206,0,1,A0+COL,apex_lo
recovered_archive3/209,1,1,A0+COL,apex_lo
recovered_archive3/213,0,1,A0+COL,apex_lo
recovered_archive3/221,1,1,A0+COL,apex_lo
recovered_archive3/231,1,1,A0+COL,apex_lo
recovered_archive3/242,0,0,A0+COL,apex_lo
recovered_archive3/246,0,0,A0+COL,apex_lo
recovered_archive3/250,0,0,A0+COL,apex_lo
recovered_archive3/256,1,0,A0+COL,apex_lo
recovered_archive3/266,0,1,A0+COL,apex_lo
recovered_archive3/267,0,0,A0+COL,apex_lo
recovered_archive1/23,0,0,A0+SEG,apex_lo
recovered_archive1/28,0,1,A0+SEG,apex_lo
recovered_archive1/34,0,1,A0+SEG,apex_lo
recovered_archive1/41,1,1,A0+SEG,apex_lo
recovered_archive1/52,0,0,A0+SEG,apex_lo
recovered_archive1/53,1,1,A0+SEG,apex_lo
recovered_archive1/55,0,0,A0+SEG,apex_lo
recovered_archive1/57,0,0,A0+SEG,apex_lo
recovered_archive1/79,0,0,A0+SEG,apex_lo
recovered_archive1/83,0,0,A0+SEG,apex_lo
recovered_archive1/86,0,1,A0+SEG,apex_lo
recovered_archive1/89,0,1,A0+SEG,apex_lo
recovered_archive1/93,1,1,A0+SEG,apex_lo
recovered_archive1/95,0,0,A0+SEG,apex_lo
recovered_archive2/104,0,0,A0+SEG,apex_lo
recovered_archive2/117,0,0,A0+SEG,apex_lo
recovered_archive2/120,1,1,A0+SEG,apex_lo
recovered_archive2/121,0,0,A0+SEG,apex_lo
recovered_archive2/130,0,1,A0+SEG,apex_lo
recovered_archive2/132,0,1,A0+SEG,apex_lo
recovered_archive2/135,0,0,A0+SEG,apex_lo
recovered_archive2/140,0,0,A0+SEG,apex_lo
recovered_archive2/141,0,0,A0+SEG,apex_lo
recovered_archive2/153,0,0,A0+SEG,apex_lo
recovered_archive2/158,0,0,A0+SEG,apex_lo
recovered_archive2/165,0,1,A0+SEG,apex_lo
recovered_archive2/173,0,0,A0+SEG,apex_lo
recovered_archive2/177,1,0,A0+SEG,apex_lo
recovered_archive2/193,0,0,A0+SEG,apex_lo
recovered_archive2/195,0,0,A0+SEG,apex_lo
recovered_archive3/201,0,1,A0+SEG,apex_lo
recovered_archive3/203,1,0,A0+SEG,apex_lo
recovered_archive3/208,0,0,A0+SEG,apex_lo
recovered_archive3/216,1,1,A0+SEG,apex_lo
recovered_archive3/219,0,0,A0+SEG,apex_lo
recovered_archive3/220,0,1,A0+SEG,apex_lo
recovered_archive3/228,0,1,A0+SEG,apex_lo
recovered_archive3/237,0,0,A0+SEG,apex_lo
recovered_archive3/248,0,1,A0+SEG,apex_lo
recovered_archive3/257,0,1,A0+SEG,apex_lo
recovered_archive3/261,0,0,A0+SEG,apex_lo
recovered_archive3/265,0,0,A0+SEG,apex_lo
recovered_archive1/1,0,1,SEG,loop_hi
recovered_archive1/100,1,1,SEG,loop_hi
recovered_archive1/31,0,1,SEG,loop_hi
recovered_archive1/33,0,1,SEG,loop_hi
recovered_archive1/36,0,0,SEG,loop_hi
recovered_archive1/42,0,0,SEG,loop_hi
recovered_archive1/44,0,0,SEG,loop_hi
recovered_archive1/59,1,1,SEG,loop_hi
recovered_archive1/65,0,0,SEG,loop_hi
recovered_archive1/67,0,0,SEG,loop_hi
recovered_archive1/75,1,1,SEG,loop_hi
recovered_archive1/82,1,0,SEG,loop_hi
recovered_archive1/85,1,1,SEG,loop_hi
recovered_archive1/97,0,1,SEG,loop_hi
recovered_archive2/101,0,0,SEG,loop_hi
recovered_archive2/108,1,0,SEG,loop_hi
recovered_archive2/112,1,0,SEG,loop_hi
recovered_archive2/115,0,0,SEG,loop_hi
recovered_archive2/134,0,1,SEG,loop_hi
recovered_archive2/138,1,1,SEG,loop_hi
recovered_archive2/142,0,0,SEG,loop_hi
recovered_archive2/143,1,1,SEG,loop_hi
recovered_archive2/145,1,1,SEG,loop_hi
recovered_archive2/147,1,1,SEG,loop_hi
recovered_archive2/155,0,1,SEG,loop_hi
recovered_archive2/156,1,1,SEG,loop_hi
recovered_archive2/169,0,1,SEG,loop_hi
recovered_archive2/170,0,0,SEG,loop_hi
recovered_archive2/172,0,0,SEG,loop_hi
recovered_archive2/178,0,0,SEG,loop_hi
recovered_archive2/181,1,1,SEG,loop_hi
recovered_archive2/183,0,1,SEG,loop_hi
recovered_archive2/194,0,0,SEG,loop_hi
recovered_archive3/202,0,0,SEG,loop_hi
recovered_archive3/204,1,1,SEG,loop_hi
recovered_archive3/207,1,0,SEG,loop_hi
recovered_archive3/214,0,0,SEG,loop_hi
recovered_archive3/217,0,0,SEG,loop_hi
recovered_archive3/218,1,0,SEG,loop_hi
recovered_archive3/222,1,1,SEG,loop_hi
recovered_archive3/233,1,0,SEG,loop_hi
recovered_archive3/254,1,1,SEG,loop_hi
recovered_archive3/260,1,0,SEG,loop_hi
recovered_archive3/262,1,1,SEG,loop_hi
recovered_archive3/264,1,1,SEG,loop_hi
recovered_archive1/35,0,0,A0,loop_hi
recovered_archive1/39,1,1,A0,loop_hi
recovered_archive1/45,1,1,A0,loop_hi
recovered_archive1/48,0,0,A0,loop_hi
recovered_archive1/54,0,1,A0,loop_hi
recovered_archive1/60,1,1,A0,loop_hi
recovered_archive1/63,0,0,A0,loop_hi
recovered_archive1/64,1,0,A0,loop_hi
recovered_archive1/71,1,1,A0,loop_hi
recovered_archive1/81,0,0,A0,loop_hi
recovered_archive1/91,0,0,A0,loop_hi
recovered_archive1/92,0,1,A0,loop_hi
recovered_archive1/96,1,1,A0,loop_hi
recovered_archive1/98,1,1,A0,loop_hi
recovered_archive2/106,0,0,A0,loop_hi
recovered_archive2/107,0,0,A0,loop_hi
recovered_archive2/118,1,1,A0,loop_hi
recovered_archive2/126,0,0,A0,loop_hi
recovered_archive2/128,1,0,A0,loop_hi
recovered_archive2/129,0,1,A0,loop_hi
recovered_archive2/131,0,1,A0,loop_hi
recovered_archive2/146,1,1,A0,loop_hi
recovered_archive2/149,0,1,A0,loop_hi
recovered_archive2/157,0,1,A0,loop_hi
recovered_archive2/161,1,1,A0,loop_hi
recovered_archive2/166,0,0,A0,loop_hi
recovered_archive2/174,0,0,A0,loop_hi
recovered_archive2/184,0,0,A0,loop_hi
recovered_archive2/186,1,1,A0,loop_hi
recovered_archive2/187,1,1,A0,loop_hi
recovered_archive2/192,1,1,A0,loop_hi
recovered_archive2/196,0,0,A0,loop_hi
recovered_archive2/198,0,0,A0,loop_hi
recovered_archive3/205,1,1,A0,loop_hi
recovered_archive3/210,0,0,A0,loop_hi
recovered_archive3/212,1,1,A0,loop_hi
recovered_archive3/229,1,1,A0,loop_hi
recovered_archive3/235,1,1,A0,loop_hi
recovered_archive3/241,0,1,A0,loop_hi
recovered_archive3/243,1,1,A0,loop_hi
recovered_archive3/247,1,1,A0,loop_hi
recovered_archive3/249,0,0,A0,loop_hi
recovered_archive3/253,1,0,A0,loop_hi
recovered_archive3/258,0,0,A0,loop_hi
recovered_archive3/259,0,1,A0,loop_hi
recovered_archive1/24,0,1,SEG,loop_hi
recovered_archive1/30,1,1,SEG,loop_hi
recovered_archive1/46,1,1,SEG,loop_hi
recovered_archive1/49,0,0,SEG,loop_hi
recovered_archive1/66,0,0,SEG,loop_hi
recovered_archive1/69,0,0,SEG,loop_hi
recovered_archive1/70,0,0,SEG,loop_hi
recovered_archive1/72,1,1,SEG,loop_hi
recovered_archive1/73,1,1,SEG,loop_hi
recovered_archive1/74,0,1,SEG,loop_hi
recovered_archive1/76,0,1,SEG,loop_hi
recovered_archive1/78,1,1,SEG,loop_hi
recovered_archive1/80,1,1,SEG,loop_hi
recovered_archive1/84,0,0,SEG,loop_hi
recovered_archive2/105,0,0,SEG,loop_hi
recovered_archive2/110,0,0,SEG,loop_hi
recovered_archive2/111,1,0,SEG,loop_hi
recovered_archive2/116,1,1,SEG,loop_hi
recovered_archive2/119,0,0,SEG,loop_hi
recovered_archive2/123,0,0,SEG,loop_hi
recovered_archive2/127,0,0,SEG,loop_hi
recovered_archive2/136,1,1,SEG,loop_hi
recovered_archive2/144,1,1,SEG,loop_hi
recovered_archive2/148,1,1,SEG,loop_hi
recovered_archive2/150,1,1,SEG,loop_hi
recovered_archive2/152,1,1,SEG,loop_hi
recovered_archive2/159,0,0,SEG,loop_hi
recovered_archive2/167,0,0,SEG,loop_hi
recovered_archive2/182,1,1,SEG,loop_hi
recovered_archive2/185,1,0,SEG,loop_hi
recovered_archive2/190,0,1,SEG,loop_hi
recovered_archive2/200,0,1,SEG,loop_hi
recovered_archive3/211,0,0,SEG,loop_hi
recovered_archive3/215,0,1,SEG,loop_hi
recovered_archive3/225,1,1,SEG,loop_hi
recovered_archive3/226,0,0,SEG,loop_hi
recovered_archive3/230,0,1,SEG,loop_hi
recovered_archive3/232,1,1,SEG,loop_hi
recovered_archive3/234,0,1,SEG,loop_hi
recovered_archive3/236,1,1,SEG,loop_hi
recovered_archive3/244,1,1,SEG,loop_hi
recovered_archive3/251,1,1,SEG,loop_hi
recovered_archive3/252,1,1,SEG,loop_hi
recovered_archive3/263,0,0,SEG,loop_hi
recovered_archive1/29,0,0,SEG,loop_hi
recovered_archive1/32,0,0,SEG,loop_hi
recovered_archive1/38,0,0,SEG,loop_hi
recovered_archive1/40,0,0,SEG,loop_hi
recovered_archive1/47,1,1,SEG,loop_hi
recovered_archive1/61,0,0,SEG,loop_hi
recovered_archive1/62,1,1,SEG,loop_hi
recovered_archive1/68,1,1,SEG,loop_hi
recovered_archive1/77,0,1,SEG,loop_hi
recovered_archive1/9,1,1,SEG,loop_hi
recovered_archive1/90,1,1,SEG,loop_hi
recovered_archive1/94,0,0,SEG,loop_hi
recovered_archive1/99,0,0,SEG,loop_hi
recovered_archive2/102,1,1,SEG,loop_hi
recovered_archive2/109,1,1,SEG,loop_hi
recovered_archive2/113,1,1,SEG,loop_hi
recovered_archive2/114,0,0,SEG,loop_hi
recovered_archive2/122,1,1,SEG,loop_hi
recovered_archive2/124,1,1,SEG,loop_hi
recovered_archive2/125,1,0,SEG,loop_hi
recovered_archive2/139,1,0,SEG,loop_hi
recovered_archive2/154,1,0,SEG,loop_hi
recovered_archive2/162,0,0,SEG,loop_hi
recovered_archive2/164,0,0,SEG,loop_hi
recovered_archive2/168,0,1,SEG,loop_hi
recovered_archive2/175,0,0,SEG,loop_hi
recovered_archive2/176,0,1,SEG,loop_hi
recovered_archive2/179,0,0,SEG,loop_hi
recovered_archive2/189,1,1,SEG,loop_hi
recovered_archive2/191,1,1,SEG,loop_hi
recovered_archive2/197,0,0,SEG,loop_hi
recovered_archive2/199,1,1,SEG,loop_hi
recovered_archive3/206,1,0,SEG,loop_hi
recovered_archive3/209,0,0,SEG,loop_hi
recovered_archive3/213,1,0,SEG,loop_hi
recovered_archive3/221,0,0,SEG,loop_hi
recovered_archive3/231,1,0,SEG,loop_hi
recovered_archive3/242,1,1,SEG,loop_hi
recovered_archive3/246,1,1,SEG,loop_hi
recovered_archive3/250,1,1,SEG,loop_hi
recovered_archive3/256,1,1,SEG,loop_hi
recovered_archive3/266,1,1,SEG,loop_hi
recovered_archive3/267,1,1,SEG,loop_hi
recovered_archive1/23,0,1,SEG+DET,loop_hi
recovered_archive1/28,0,0,SEG+DET,loop_hi
recovered_archive1/34,1,1,SEG+DET,loop_hi
recovered_archive1/41,0,0,SEG+DET,loop_hi
recovered_archive1/52,0,0,SEG+DET,loop_hi
recovered_archive1/55,1,1,SEG+DET,loop_hi
recovered_archive1/57,1,1,SEG+DET,loop_hi
recovered_archive1/79,0,0,SEG+DET,loop_hi
recovered_archive1/83,1,1,SEG+DET,loop_hi
recovered_archive1/86,0,0,SEG+DET,loop_hi
recovered_archive1/89,0,0,SEG+DET,loop_hi
recovered_archive1/93,0,0,SEG+DET,loop_hi
recovered_archive1/95,1,1,SEG+DET,loop_hi
recovered_archive2/104,1,0,SEG+DET,loop_hi
recovered_archive2/117,0,0,SEG+DET,loop_hi
recovered_archive2/120,1,0,SEG+DET,loop_hi
recovered_archive2/121,1,0,SEG+DET,loop_hi
recovered_archive2/130,0,1,SEG+DET,loop_hi
recovered_archive2/132,1,1,SEG+DET,loop_hi
recovered_archive2/135,0,0,SEG+DET,loop_hi
recovered_archive2/140,1,1,SEG+DET,loop_hi
recovered_archive2/141,1,1,SEG+DET,loop_hi
recovered_archive2/153,0,0,SEG+DET,loop_hi
recovered_archive2/158,1,1,SEG+DET,loop_hi
recovered_archive2/163,0,0,SEG+DET,loop_hi
recovered_archive2/165,1,1,SEG+DET,loop_hi
recovered_archive2/173,0,1,SEG+DET,loop_hi
recovered_archive2/177,0,0,SEG+DET,loop_hi
recovered_archive2/180,0,0,SEG+DET,loop_hi
recovered_archive2/193,1,1,SEG+DET,loop_hi
recovered_archive2/195,1,1,SEG+DET,loop_hi
recovered_archive3/201,0,0,SEG+DET,loop_hi
recovered_archive3/203,1,0,SEG+DET,loop_hi
recovered_archive3/208,1,1,SEG+DET,loop_hi
recovered_archive3/216,0,0,SEG+DET,loop_hi
recovered_archive3/219,0,1,SEG+DET,loop_hi
recovered_archive3/220,0,0,SEG+DET,loop_hi
recovered_archive3/224,1,0,SEG+DET,loop_hi
recovered_archive3/228,1,0,SEG+DET,loop_hi
recovered_archive3/237,0,0,SEG+DET,loop_hi
recovered_archive3/248,1,1,SEG+DET,loop_hi
recovered_archive3/257,1,1,SEG+DET,loop_hi
recovered_archive3/261,1,0,SEG+DET,loop_hi
recovered_archive3/265,1,1,SEG+DET,loop_hi
recovered_archive1/1,0,0,A0+DET,loop_lo
recovered_archive1/100,0,0,A0+DET,loop_lo
recovered_archive1/31,0,0,A0+DET,loop_lo
recovered_archive1/33,0,0,A0+DET,loop_lo
recovered_archive1/36,1,1,A0+DET,loop_lo
recovered_archive1/42,0,1,A0+DET,loop_lo
recovered_archive1/44,0,1,A0+DET,loop_lo
recovered_archive1/59,0,0,A0+DET,loop_lo
recovered_archive1/65,0,0,A0+DET,loop_lo
recovered_archive1/67,1,1,A0+DET,loop_lo
recovered_archive1/75,0,0,A0+DET,loop_lo
recovered_archive1/82,0,0,A0+DET,loop_lo
recovered_archive1/85,0,0,A0+DET,loop_lo
recovered_archive1/97,1,0,A0+DET,loop_lo
recovered_archive2/101,0,1,A0+DET,loop_lo
recovered_archive2/108,0,1,A0+DET,loop_lo
recovered_archive2/112,0,0,A0+DET,loop_lo
recovered_archive2/115,0,1,A0+DET,loop_lo
recovered_archive2/134,0,0,A0+DET,loop_lo
recovered_archive2/138,0,0,A0+DET,loop_lo
recovered_archive2/142,1,1,A0+DET,loop_lo
recovered_archive2/143,0,0,A0+DET,loop_lo
recovered_archive2/145,0,0,A0+DET,loop_lo
recovered_archive2/147,0,0,A0+DET,loop_lo
recovered_archive2/155,0,0,A0+DET,loop_lo
recovered_archive2/156,0,0,A0+DET,loop_lo
recovered_archive2/169,1,0,A0+DET,loop_lo
recovered_archive2/170,1,1,A0+DET,loop_lo
recovered_archive2/172,0,1,A0+DET,loop_lo
recovered_archive2/178,1,1,A0+DET,loop_lo
recovered_archive2/181,0,0,A0+DET,loop_lo
recovered_archive2/183,0,0,A0+DET,loop_lo
recovered_archive2/194,1,1,A0+DET,loop_lo
recovered_archive3/202,0,1,A0+DET,loop_lo
recovered_archive3/204,0,0,A0+DET,loop_lo
recovered_archive3/207,0,0,A0+DET,loop_lo
recovered_archive3/214,0,1,A0+DET,loop_lo
recovered_archive3/217,0,0,A0+DET,loop_lo
recovered_archive3/218,0,1,A0+DET,loop_lo
recovered_archive3/222,0,0,A0+DET,loop_lo
recovered_archive3/233,0,0,A0+DET,loop_lo
recovered_archive3/254,0,0,A0+DET,loop_lo
recovered_archive3/260,0,0,A0+DET,loop_lo
recovered_archive3/262,0,0,A0+DET,loop_lo
recovered_archive3/264,0,0,A0+DET,loop_lo
recovered_archive1/35,1,1,SEG+DET,loop_lo
recovered_archive1/39,0,0,SEG+DET,loop_lo
recovered_archive1/45,0,0,SEG+DET,loop_lo
recovered_archive1/48,1,1,SEG+DET,loop_lo
recovered_archive1/54,0,1,SEG+DET,loop_lo
recovered_archive1/60,0,0,SEG+DET,loop_lo
recovered_archive1/63,0,0,SEG+DET,loop_lo
recovered_archive1/64,0,1,SEG+DET,loop_lo
recovered_archive1/71,0,0,SEG+DET,loop_lo
recovered_archive1/81,0,0,SEG+DET,loop_lo
recovered_archive1/91,1,1,SEG+DET,loop_lo
recovered_archive1/92,0,0,SEG+DET,loop_lo
recovered_archive1/96,0,0,SEG+DET,loop_lo
recovered_archive1/98,0,0,SEG+DET,loop_lo
recovered_archive2/106,1,1,SEG+DET,loop_lo
recovered_archive2/107,1,1,SEG+DET,loop_lo
recovered_archive2/118,0,0,SEG+DET,loop_lo
recovered_archive2/126,0,1,SEG+DET,loop_lo
recovered_archive2/128,0,1,SEG+DET,loop_lo
recovered_archive2/129,0,0,SEG+DET,loop_lo
recovered_archive2/131,1,0,SEG+DET,loop_lo
recovered_archive2/146,0,0,SEG+DET,loop_lo
recovered_archive2/149,0,0,SEG+DET,loop_lo
recovered_archive2/157,0,0,SEG+DET,loop_lo
recovered_archive2/161,0,0,SEG+DET,loop_lo
recovered_archive2/166,1,1,SEG+DET,loop_lo
recovered_archive2/174,0,1,SEG+DET,loop_lo
recovered_archive2/184,0,1,SEG+DET,loop_lo
recovered_archive2/186,0,0,SEG+DET,loop_lo
recovered_archive2/187,0,0,SEG+DET,loop_lo
recovered_archive2/192,0,0,SEG+DET,loop_lo
recovered_archive2/196,1,1,SEG+DET,loop_lo
recovered_archive2/198,0,1,SEG+DET,loop_lo
recovered_archive3/205,0,0,SEG+DET,loop_lo
recovered_archive3/210,0,1,SEG+DET,loop_lo
recovered_archive3/212,0,0,SEG+DET,loop_lo
recovered_archive3/229,0,0,SEG+DET,loop_lo
recovered_archive3/235,0,0,SEG+DET,loop_lo
recovered_archive3/241,0,0,SEG+DET,loop_lo
recovered_archive3/243,0,1,SEG+DET,loop_lo
recovered_archive3/247,0,0,SEG+DET,loop_lo
recovered_archive3/249,1,1,SEG+DET,loop_lo
recovered_archive3/253,0,1,SEG+DET,loop_lo
recovered_archive3/258,1,1,SEG+DET,loop_lo
recovered_archive3/259,0,0,SEG+DET,loop_lo
recovered_archive1/24,1,0,SEG+DET,loop_lo
recovered_archive1/30,0,0,SEG+DET,loop_lo
recovered_archive1/46,0,0,SEG+DET,loop_lo
recovered_archive1/49,0,1,SEG+DET,loop_lo
recovered_archive1/66,1,1,SEG+DET,loop_lo
recovered_archive1/69,0,1,SEG+DET,loop_lo
recovered_archive1/70,1,1,SEG+DET,loop_lo
recovered_archive1/72,0,0,SEG+DET,loop_lo
recovered_archive1/73,0,0,SEG+DET,loop_lo
recovered_archive1/74,0,0,SEG+DET,loop_lo
recovered_archive1/76,0,0,SEG+DET,loop_lo
recovered_archive1/78,0,0,SEG+DET,loop_lo
recovered_archive1/80,0,0,SEG+DET,loop_lo
recovered_archive1/84,0,1,SEG+DET,loop_lo
recovered_archive2/105,0,1,SEG+DET,loop_lo
recovered_archive2/110,0,0,SEG+DET,loop_lo
recovered_archive2/111,0,0,SEG+DET,loop_lo
recovered_archive2/116,0,0,SEG+DET,loop_lo
recovered_archive2/119,1,0,SEG+DET,loop_lo
recovered_archive2/123,1,0,SEG+DET,loop_lo
recovered_archive2/127,0,0,SEG+DET,loop_lo
recovered_archive2/136,0,0,SEG+DET,loop_lo
recovered_archive2/144,0,0,SEG+DET,loop_lo
recovered_archive2/148,0,0,SEG+DET,loop_lo
recovered_archive2/150,0,0,SEG+DET,loop_lo
recovered_archive2/152,0,0,SEG+DET,loop_lo
recovered_archive2/159,0,1,SEG+DET,loop_lo
recovered_archive2/167,0,0,SEG+DET,loop_lo
recovered_archive2/182,0,0,SEG+DET,loop_lo
recovered_archive2/185,0,0,SEG+DET,loop_lo
recovered_archive2/190,0,0,SEG+DET,loop_lo
recovered_archive2/200,0,0,SEG+DET,loop_lo
recovered_archive3/211,1,1,SEG+DET,loop_lo
recovered_archive3/215,0,0,SEG+DET,loop_lo
recovered_archive3/225,0,0,SEG+DET,loop_lo
recovered_archive3/226,1,1,SEG+DET,loop_lo
recovered_archive3/230,0,0,SEG+DET,loop_lo
recovered_archive3/232,0,0,SEG+DET,loop_lo
recovered_archive3/234,0,0,SEG+DET,loop_lo
recovered_archive3/236,0,0,SEG+DET,loop_lo
recovered_archive3/244,0,0,SEG+DET,loop_lo
recovered_archive3/251,0,0,SEG+DET,loop_lo
recovered_archive3/252,0,0,SEG+DET,loop_lo
recovered_archive3/263,1,1,SEG+DET,loop_lo
recovered_archive1/29,0,0,SEG+DET,loop_lo
recovered_archive1/32,0,1,SEG+DET,loop_lo
recovered_archive1/38,0,0,SEG+DET,loop_lo
recovered_archive1/40,1,1,SEG+DET,loop_lo
recovered_archive1/47,0,0,SEG+DET,loop_lo
recovered_archive1/61,0,0,SEG+DET,loop_lo
recovered_archive1/62,0,0,SEG+DET,loop_lo
recovered_archive1/68,0,0,SEG+DET,loop_lo
recovered_archive1/77,0,0,SEG+DET,loop_lo
recovered_archive1/9,0,0,SEG+DET,loop_lo
recovered_archive1/90,0,0,SEG+DET,loop_lo
recovered_archive1/94,1,1,SEG+DET,loop_lo
recovered_archive1/99,1,1,SEG+DET,loop_lo
recovered_archive2/102,0,0,SEG+DET,loop_lo
recovered_archive2/109,0,0,SEG+DET,loop_lo
recovered_archive2/113,0,0,SEG+DET,loop_lo
recovered_archive2/114,1,1,SEG+DET,loop_lo
recovered_archive2/122,0,0,SEG+DET,loop_lo
recovered_archive2/124,0,0,SEG+DET,loop_lo
recovered_archive2/125,0,1,SEG+DET,loop_lo
recovered_archive2/139,0,0,SEG+DET,loop_lo
recovered_archive2/154,0,1,SEG+DET,loop_lo
recovered_archive2/162,0,0,SEG+DET,loop_lo
recovered_archive2/164,0,1,SEG+DET,loop_lo
recovered_archive2/168,0,0,SEG+DET,loop_lo
recovered_archive2/175,0,1,SEG+DET,loop_lo
recovered_archive2/176,1,0,SEG+DET,loop_lo
recovered_archive2/179,1,1,SEG+DET,loop_lo
recovered_archive2/189,0,0,SEG+DET,loop_lo
recovered_archive2/191,0,0,SEG+DET,loop_lo
recovered_archive2/197,0,1,SEG+DET,loop_lo
recovered_archive2/199,0,0,SEG+DET,loop_lo
recovered_archive3/206,0,0,SEG+DET,loop_lo
recovered_archive3/209,1,1,SEG+DET,loop_lo
recovered_archive3/213,0,1,SEG+DET,loop_lo
recovered_archive3/221,1,1,SEG+DET,loop_lo
recovered_archive3/231,0,0,SEG+DET,loop_lo
recovered_archive3/242,0,0,SEG+DET,loop_lo
recovered_archive3/246,0,0,SEG+DET,loop_lo
recovered_archive3/250,0,0,SEG+DET,loop_lo
recovered_archive3/256,0,0,SEG+DET,loop_lo
recovered_archive3/266,0,0,SEG+DET,loop_lo
recovered_archive3/267,0,0,SEG+DET,loop_lo
recovered_archive1/23,1,0,A0+DET,loop_lo
recovered_archive1/28,0,0,A0+DET,loop_lo
recovered_archive1/34,0,0,A0+DET,loop_lo
recovered_archive1/41,0,1,A0+DET,loop_lo
recovered_archive1/52,1,1,A0+DET,loop_lo
recovered_archive1/55,0,0,A0+DET,loop_lo
recovered_archive1/57,0,0,A0+DET,loop_lo
recovered_archive1/79,0,1,A0+DET,loop_lo
recovered_archive1/83,0,0,A0+DET,loop_lo
recovered_archive1/86,0,1,A0+DET,loop_lo
recovered_archive1/89,0,1,A0+DET,loop_lo
recovered_archive1/93,1,1,A0+DET,loop_lo
recovered_archive1/95,0,0,A0+DET,loop_lo
recovered_archive2/104,0,0,A0+DET,loop_lo
recovered_archive2/117,1,1,A0+DET,loop_lo
recovered_archive2/120,0,1,A0+DET,loop_lo
recovered_archive2/121,0,1,A0+DET,loop_lo
recovered_archive2/130,0,0,A0+DET,loop_lo
recovered_archive2/132,0,0,A0+DET,loop_lo
recovered_archive2/135,1,1,A0+DET,loop_lo
recovered_archive2/140,0,0,A0+DET,loop_lo
recovered_archive2/141,0,0,A0+DET,loop_lo
recovered_archive2/153,0,1,A0+DET,loop_lo
recovered_archive2/158,0,0,A0+DET,loop_lo
recovered_archive2/163,0,1,A0+DET,loop_lo
recovered_archive2/165,0,0,A0+DET,loop_lo
recovered_archive2/173,0,0,A0+DET,loop_lo
recovered_archive2/177,0,1,A0+DET,loop_lo
recovered_archive2/180,0,1,A0+DET,loop_lo
recovered_archive2/193,0,0,A0+DET,loop_lo
recovered_archive2/195,0,0,A0+DET,loop_lo
recovered_archive3/201,1,1,A0+DET,loop_lo
recovered_archive3/203,0,1,A0+DET,loop_lo
recovered_archive3/208,0,0,A0+DET,loop_lo
recovered_archive3/216,0,1,A0+DET,loop_lo
recovered_archive3/219,0,0,A0+DET,loop_lo
recovered_archive3/220,1,1,A0+DET,loop_lo
recovered_archive3/224,0,1,A0+DET,loop_lo
recovered_archive3/228,0,0,A0+DET,loop_lo
recovered_archive3/237,1,0,A0+DET,loop_lo
recovered_archive3/248,0,0,A0+DET,loop_lo
recovered_archive3/257,0,0,A0+DET,loop_lo
recovered_archive3/261,0,1,A0+DET,loop_lo
recovered_archive3/265,0,0,A0+DET,loop_lo
recovered_archive1/1,0,0,A0+DET,capillary_lo
recovered_archive1/100,1,1,A0+DET,capillary_lo
recovered_archive1/31,0,1,A0+DET,capillary_lo
recovered_archive1/33,0,0,A0+DET,capillary_lo
recovered_archive1/36,0,1,A0+DET,capillary_lo
recovered_archive1/42,1,0,A0+DET,capillary_lo
recovered_archive1/44,0,1,A0+DET,capillary_lo
recovered_archive1/59,0,0,A0+DET,capillary_lo
recovered_archive1/65,0,1,A0+DET,capillary_lo
recovered_archive1/67,1,1,A0+DET,capillary_lo
recovered_archive1/75,0,0,A0+DET,capillary_lo
recovered_archive1/82,0,1,A0+DET,capillary_lo
recovered_archive1/85,0,0,A0+DET,capillary_lo
recovered_archive1/88,0,1,A0+DET,capillary_lo
recovered_archive1/97,1,1,A0+DET,capillary_lo
recovered_archive2/101,0,0,A0+DET,capillary_lo
recovered_archive2/103,1,1,A0+DET,capillary_lo
recovered_archive2/108,0,0,A0+DET,capillary_lo
recovered_archive2/112,1,1,A0+DET,capillary_lo
recovered_archive2/115,0,1,A0+DET,capillary_lo
recovered_archive2/134,0,1,A0+DET,capillary_lo
recovered_archive2/138,1,0,A0+DET,capillary_lo
recovered_archive2/142,0,0,A0+DET,capillary_lo
recovered_archive2/143,0,0,A0+DET,capillary_lo
recovered_archive2/145,0,1,A0+DET,capillary_lo
recovered_archive2/147,1,0,A0+DET,capillary_lo
recovered_archive2/155,0,0,A0+DET,capillary_lo
recovered_archive2/156,0,0,A0+DET,capillary_lo
recovered_archive2/169,1,0,A0+DET,capillary_lo
recovered_archive2/170,0,1,A0+DET,capillary_lo
recovered_archive2/172,0,1,A0+DET,capillary_lo
recovered_archive2/178,0,0,A0+DET,capillary_lo
recovered_archive2/181,0,0,A0+DET,capillary_lo
recovered_archive2/183,0,0,A0+DET,capillary_lo
recovered_archive2/194,1,1,A0+DET,capillary_lo
recovered_archive3/202,1,1,A0+DET,capillary_lo
recovered_archive3/204,0,0,A0+DET,capillary_lo
recovered_archive3/207,0,0,A0+DET,capillary_lo
recovered_archive3/214,1,1,A0+DET,capillary_lo
recovered_archive3/217,0,0,A0+DET,capillary_lo
recovered_archive3/218,1,1,A0+DET,capillary_lo
recovered_archive3/222,0,0,A0+DET,capillary_lo
recovered_archive3/233,1,1,A0+DET,capillary_lo
recovered_archive3/254,1,1,A0+DET,capillary_lo
recovered_archive3/260,1,0,A0+DET,capillary_lo
recovered_archive3/262,0,0,A0+DET,capillary_lo
recovered_archive3/264,0,0,A0+DET,capillary_lo
recovered_archive1/35,0,1,SEG+DET,capillary_lo
recovered_archive1/39,1,0,SEG+DET,capillary_lo
recovered_archive1/45,0,0,SEG+DET,capillary_lo
recovered_archive1/48,1,1,SEG+DET,capillary_lo
recovered_archive1/54,0,0,SEG+DET,capillary_lo
recovered_archive1/60,0,0,SEG+DET,capillary_lo
recovered_archive1/63,1,1,SEG+DET,capillary_lo
recovered_archive1/64,0,1,SEG+DET,capillary_lo
recovered_archive1/71,1,0,SEG+DET,capillary_lo
recovered_archive1/81,0,0,SEG+DET,capillary_lo
recovered_archive1/91,1,1,SEG+DET,capillary_lo
recovered_archive1/92,0,0,SEG+DET,capillary_lo
recovered_archive1/96,0,0,SEG+DET,capillary_lo
recovered_archive1/98,0,1,SEG+DET,capillary_lo
recovered_archive2/106,1,0,SEG+DET,capillary_lo
recovered_archive2/107,0,1,SEG+DET,capillary_lo
recovered_archive2/118,0,0,SEG+DET,capillary_lo
recovered_archive2/126,0,1,SEG+DET,capillary_lo
recovered_archive2/128,1,0,SEG+DET,capillary_lo
recovered_archive2/129,0,0,SEG+DET,capillary_lo
recovered_archive2/131,0,1,SEG+DET,capillary_lo
recovered_archive2/146,0,0,SEG+DET,capillary_lo
recovered_archive2/149,0,0,SEG+DET,capillary_lo
recovered_archive2/157,0,0,SEG+DET,capillary_lo
recovered_archive2/161,0,0,SEG+DET,capillary_lo
recovered_archive2/166,1,1,SEG+DET,capillary_lo
recovered_archive2/174,0,1,SEG+DET,capillary_lo
recovered_archive2/184,0,0,SEG+DET,capillary_lo
recovered_archive2/186,0,0,SEG+DET,capillary_lo
recovered_archive2/187,0,0,SEG+DET,capillary_lo
recovered_archive2/192,1,1,SEG+DET,capillary_lo
recovered_archive2/196,0,1,SEG+DET,capillary_lo
recovered_archive2/198,1,1,SEG+DET,capillary_lo
recovered_archive3/205,1,0,SEG+DET,capillary_lo
recovered_archive3/210,1,1,SEG+DET,capillary_lo
recovered_archive3/212,1,1,SEG+DET,capillary_lo
recovered_archive3/229,0,0,SEG+DET,capillary_lo
recovered_archive3/235,0,0,SEG+DET,capillary_lo
recovered_archive3/241,1,0,SEG+DET,capillary_lo
recovered_archive3/243,0,1,SEG+DET,capillary_lo
recovered_archive3/247,0,0,SEG+DET,capillary_lo
recovered_archive3/249,0,1,SEG+DET,capillary_lo
recovered_archive3/253,0,1,SEG+DET,capillary_lo
recovered_archive3/258,1,1,SEG+DET,capillary_lo
recovered_archive3/259,0,0,SEG+DET,capillary_lo
recovered_archive1/24,0,0,DET,capillary_lo
recovered_archive1/30,0,0,DET,capillary_lo
recovered_archive1/46,0,0,DET,capillary_lo
recovered_archive1/49,0,0,DET,capillary_lo
recovered_archive1/66,1,1,DET,capillary_lo
recovered_archive1/69,0,1,DET,capillary_lo
recovered_archive1/70,0,1,DET,capillary_lo
recovered_archive1/72,0,0,DET,capillary_lo
recovered_archive1/73,0,0,DET,capillary_lo
recovered_archive1/74,0,1,DET,capillary_lo
recovered_archive1/76,0,1,DET,capillary_lo
recovered_archive1/78,1,0,DET,capillary_lo
recovered_archive1/80,0,1,DET,capillary_lo
recovered_archive1/84,1,1,DET,capillary_lo
recovered_archive2/105,1,1,DET,capillary_lo
recovered_archive2/110,1,1,DET,capillary_lo
recovered_archive2/111,0,0,DET,capillary_lo
recovered_archive2/116,0,1,DET,capillary_lo
recovered_archive2/119,0,1,DET,capillary_lo
recovered_archive2/123,1,0,DET,capillary_lo
recovered_archive2/127,0,0,DET,capillary_lo
recovered_archive2/136,0,0,DET,capillary_lo
recovered_archive2/144,0,0,DET,capillary_lo
recovered_archive2/148,0,0,DET,capillary_lo
recovered_archive2/150,1,0,DET,capillary_lo
recovered_archive2/151,1,1,DET,capillary_lo
recovered_archive2/152,0,0,DET,capillary_lo
recovered_archive2/159,1,1,DET,capillary_lo
recovered_archive2/167,0,1,DET,capillary_lo
recovered_archive2/182,0,0,DET,capillary_lo
recovered_archive2/185,0,0,DET,capillary_lo
recovered_archive2/190,0,0,DET,capillary_lo
recovered_archive2/200,0,0,DET,capillary_lo
recovered_archive3/211,0,1,DET,capillary_lo
recovered_archive3/215,0,0,DET,capillary_lo
recovered_archive3/225,0,0,DET,capillary_lo
recovered_archive3/226,0,0,DET,capillary_lo
recovered_archive3/227,1,1,DET,capillary_lo
recovered_archive3/230,0,0,DET,capillary_lo
recovered_archive3/232,0,0,DET,capillary_lo
recovered_archive3/234,1,1,DET,capillary_lo
recovered_archive3/236,1,0,DET,capillary_lo
recovered_archive3/244,0,0,DET,capillary_lo
recovered_archive3/251,0,0,DET,capillary_lo
recovered_archive3/252,0,1,DET,capillary_lo
recovered_archive3/263,0,1,DET,capillary_lo
recovered_archive1/29,1,0,ALL,capillary_lo
recovered_archive1/32,1,1,ALL,capillary_lo
recovered_archive1/37,0,1,ALL,capillary_lo
recovered_archive1/38,0,1,ALL,capillary_lo
recovered_archive1/40,0,1,ALL,capillary_lo
recovered_archive1/47,0,0,ALL,capillary_lo
recovered_archive1/61,0,1,ALL,capillary_lo
recovered_archive1/62,0,0,ALL,capillary_lo
recovered_archive1/68,0,0,ALL,capillary_lo
recovered_archive1/77,0,0,ALL,capillary_lo
recovered_archive1/9,0,0,ALL,capillary_lo
recovered_archive1/90,0,0,ALL,capillary_lo
recovered_archive1/94,1,1,ALL,capillary_lo
recovered_archive1/99,0,1,ALL,capillary_lo
recovered_archive2/102,0,0,ALL,capillary_lo
recovered_archive2/109,0,0,ALL,capillary_lo
recovered_archive2/113,1,1,ALL,capillary_lo
recovered_archive2/114,1,1,ALL,capillary_lo
recovered_archive2/122,0,0,ALL,capillary_lo
recovered_archive2/124,0,0,ALL,capillary_lo
recovered_archive2/125,1,1,ALL,capillary_lo
recovered_archive2/139,1,1,ALL,capillary_lo
recovered_archive2/154,1,1,ALL,capillary_lo
recovered_archive2/162,0,0,ALL,capillary_lo
recovered_archive2/164,1,1,ALL,capillary_lo
recovered_archive2/168,0,0,ALL,capillary_lo
recovered_archive2/175,0,0,ALL,capillary_lo
recovered_archive2/176,0,0,ALL,capillary_lo
recovered_archive2/179,0,0,ALL,capillary_lo
recovered_archive2/189,1,0,ALL,capillary_lo
recovered_archive2/191,0,0,ALL,capillary_lo
recovered_archive2/197,0,1,ALL,capillary_lo
recovered_archive2/199,1,1,ALL,capillary_lo
recovered_archive3/206,0,0,ALL,capillary_lo
recovered_archive3/209,1,1,ALL,capillary_lo
recovered_archive3/213,0,1,ALL,capillary_lo
recovered_archive3/221,0,0,ALL,capillary_lo
recovered_archive3/231,0,1,ALL,capillary_lo
recovered_archive3/242,0,0,ALL,capillary_lo
recovered_archive3/246,0,0,ALL,capillary_lo
recovered_archive3/250,0,0,ALL,capillary_lo
recovered_archive3/256,0,0,ALL,capillary_lo
recovered_archive3/266,0,0,ALL,capillary_lo
recovered_archive3/267,0,0,ALL,capillary_lo
recovered_archive1/23,0,0,DET,capillary_lo
recovered_archive1/28,0,0,DET,capillary_lo
recovered_archive1/34,0,0,DET,capillary_lo
recovered_archive1/41,1,1,DET,capillary_lo
recovered_archive1/52,0,1,DET,capillary_lo
recovered_archive1/53,1,0,DET,capillary_lo
recovered_archive1/55,1,0,DET,capillary_lo
recovered_archive1/57,0,1,DET,capillary_lo
recovered_archive1/79,1,1,DET,capillary_lo
recovered_archive1/83,0,1,DET,capillary_lo
recovered_archive1/86,0,1,DET,capillary_lo
recovered_archive1/89,0,0,DET,capillary_lo
recovered_archive1/93,1,1,DET,capillary_lo
recovered_archive1/95,0,0,DET,capillary_lo
recovered_archive2/104,1,1,DET,capillary_lo
recovered_archive2/117,1,1,DET,capillary_lo
recovered_archive2/120,0,1,DET,capillary_lo
recovered_archive2/121,0,1,DET,capillary_lo
recovered_archive2/130,0,0,DET,capillary_lo
recovered_archive2/132,0,0,DET,capillary_lo
recovered_archive2/135,1,1,DET,capillary_lo
recovered_archive2/140,0,0,DET,capillary_lo
recovered_archive2/141,1,0,DET,capillary_lo
recovered_archive2/153,0,0,DET,capillary_lo
recovered_archive2/158,0,0,DET,capillary_lo
recovered_archive2/163,1,0,DET,capillary_lo
recovered_archive2/165,1,1,DET,capillary_lo
recovered_archive2/171,0,1,DET,capillary_lo
recovered_archive2/173,0,0,DET,capillary_lo
recovered_archive2/177,1,0,DET,capillary_lo
recovered_archive2/180,1,1,DET,capillary_lo
recovered_archive2/193,0,0,DET,capillary_lo
recovered_archive2/195,0,0,DET,capillary_lo
recovered_archive3/201,0,0,DET,capillary_lo
recovered_archive3/203,0,1,DET,capillary_lo
recovered_archive3/208,0,0,DET,capillary_lo
recovered_archive3/216,1,1,DET,capillary_lo
recovered_archive3/219,1,1,DET,capillary_lo
recovered_archive3/220,0,0,DET,capillary_lo
recovered_archive3/224,1,1,DET,capillary_lo
recovered_archive3/228,0,0,DET,capillary_lo
recovered_archive3/237,0,0,DET,capillary_lo
recovered_archive3/248,0,0,DET,capillary_lo
recovered_archive3/257,0,0,DET,capillary_lo
recovered_archive3/261,1,1,DET,capillary_lo
recovered_archive3/265,0,0,DET,capillary_lo
recovered_archive1/1,0,0,A0+SEG,capillary_3
recovered_archive1/100,1,1,A0+SEG,capillary_3
recovered_archive1/31,0,1,A0+SEG,capillary_3
recovered_archive1/33,0,0,A0+SEG,capillary_3
recovered_archive1/36,0,2,A0+SEG,capillary_3
recovered_archive1/42,2,0,A0+SEG,capillary_3
recovered_archive1/44,0,1,A0+SEG,capillary_3
recovered_archive1/59,0,0,A0+SEG,capillary_3
recovered_archive1/65,0,2,A0+SEG,capillary_3
recovered_archive1/67,1,2,A0+SEG,capillary_3
recovered_archive1/75,0,0,A0+SEG,capillary_3
recovered_archive1/82,0,1,A0+SEG,capillary_3
recovered_archive1/85,0,1,A0+SEG,capillary_3
recovered_archive1/88,0,1,A0+SEG,capillary_3
recovered_archive1/97,1,2,A0+SEG,capillary_3
recovered_archive2/101,0,1,A0+SEG,capillary_3
recovered_archive2/103,1,1,A0+SEG,capillary_3
recovered_archive2/108,0,1,A0+SEG,capillary_3
recovered_archive2/112,2,2,A0+SEG,capillary_3
recovered_archive2/115,0,2,A0+SEG,capillary_3
recovered_archive2/134,0,0,A0+SEG,capillary_3
recovered_archive2/138,1,2,A0+SEG,capillary_3
recovered_archive2/142,0,0,A0+SEG,capillary_3
recovered_archive2/143,0,0,A0+SEG,capillary_3
recovered_archive2/145,0,1,A0+SEG,capillary_3
recovered_archive2/147,1,0,A0+SEG,capillary_3
recovered_archive2/155,0,0,A0+SEG,capillary_3
recovered_archive2/156,0,0,A0+SEG,capillary_3
recovered_archive2/169,1,0,A0+SEG,capillary_3
recovered_archive2/170,0,1,A0+SEG,capillary_3
recovered_archive2/172,0,1,A0+SEG,capillary_3
recovered_archive2/178,0,1,A0+SEG,capillary_3
recovered_archive2/181,0,0,A0+SEG,capillary_3
recovered_archive2/183,0,0,A0+SEG,capillary_3
recovered_archive2/194,2,1,A0+SEG,capillary_3
recovered_archive3/202,2,2,A0+SEG,capillary_3
recovered_archive3/204,0,0,A0+SEG,capillary_3
recovered_archive3/207,0,0,A0+SEG,capillary_3
recovered_archive3/214,1,1,A0+SEG,capillary_3
recovered_archive3/217,0,0,A0+SEG,capillary_3
recovered_archive3/218,1,0,A0+SEG,capillary_3
recovered_archive3/222,0,0,A0+SEG,capillary_3
recovered_archive3/233,2,2,A0+SEG,capillary_3
recovered_archive3/254,1,2,A0+SEG,capillary_3
recovered_archive3/260,1,0,A0+SEG,capillary_3
recovered_archive3/262,0,0,A0+SEG,capillary_3
recovered_archive3/264,0,0,A0+SEG,capillary_3
recovered_archive1/35,0,2,SEG,capillary_3
recovered_archive1/39,1,0,SEG,capillary_3
recovered_archive1/45,0,0,SEG,capillary_3
recovered_archive1/48,2,2,SEG,capillary_3
recovered_archive1/54,0,0,SEG,capillary_3
recovered_archive1/60,0,0,SEG,capillary_3
recovered_archive1/63,1,2,SEG,capillary_3
recovered_archive1/64,0,1,SEG,capillary_3
recovered_archive1/71,1,0,SEG,capillary_3
recovered_archive1/81,0,0,SEG,capillary_3
recovered_archive1/91,1,2,SEG,capillary_3
recovered_archive1/92,0,0,SEG,capillary_3
recovered_archive1/96,0,0,SEG,capillary_3
recovered_archive1/98,0,1,SEG,capillary_3
recovered_archive2/106,1,0,SEG,capillary_3
recovered_archive2/107,0,2,SEG,capillary_3
recovered_archive2/118,0,0,SEG,capillary_3
recovered_archive2/126,0,2,SEG,capillary_3
recovered_archive2/128,1,0,SEG,capillary_3
recovered_archive2/129,0,0,SEG,capillary_3
recovered_archive2/131,0,1,SEG,capillary_3
recovered_archive2/146,0,0,SEG,capillary_3
recovered_archive2/149,0,0,SEG,capillary_3
recovered_archive2/157,0,0,SEG,capillary_3
recovered_archive2/161,0,0,SEG,capillary_3
recovered_archive2/166,1,2,SEG,capillary_3
recovered_archive2/174,0,1,SEG,capillary_3
recovered_archive2/184,0,0,SEG,capillary_3
recovered_archive2/186,0,0,SEG,capillary_3
recovered_archive2/187,0,0,SEG,capillary_3
recovered_archive2/192,1,1,SEG,capillary_3
recovered_archive2/196,0,2,SEG,capillary_3
recovered_archive2/198,1,1,SEG,capillary_3
recovered_archive3/205,1,0,SEG,capillary_3
recovered_archive3/210,1,2,SEG,capillary_3
recovered_archive3/212,2,2,SEG,capillary_3
recovered_archive3/229,0,0,SEG,capillary_3
recovered_archive3/235,0,0,SEG,capillary_3
recovered_archive3/241,1,0,SEG,capillary_3
recovered_archive3/243,0,1,SEG,capillary_3
recovered_archive3/247,0,0,SEG,capillary_3
recovered_archive3/249,0,2,SEG,capillary_3
recovered_archive3/253,0,1,SEG,capillary_3
recovered_archive3/258,2,1,SEG,capillary_3
recovered_archive3/259,0,0,SEG,capillary_3
recovered_archive1/24,0,0,SEG,capillary_3
recovered_archive1/30,0,0,SEG,capillary_3
recovered_archive1/46,0,0,SEG,capillary_3
recovered_archive1/49,0,0,SEG,capillary_3
recovered_archive1/66,1,0,SEG,capillary_3
recovered_archive1/69,0,0,SEG,capillary_3
recovered_archive1/70,0,0,SEG,capillary_3
recovered_archive1/72,0,0,SEG,capillary_3
recovered_archive1/73,0,0,SEG,capillary_3
recovered_archive1/74,0,0,SEG,capillary_3
recovered_archive1/76,0,1,SEG,capillary_3
recovered_archive1/78,1,0,SEG,capillary_3
recovered_archive1/80,0,0,SEG,capillary_3
recovered_archive1/84,2,2,SEG,capillary_3
recovered_archive2/105,1,1,SEG,capillary_3
recovered_archive2/110,1,1,SEG,capillary_3
recovered_archive2/111,0,0,SEG,capillary_3
recovered_archive2/116,0,1,SEG,capillary_3
recovered_archive2/119,0,1,SEG,capillary_3
recovered_archive2/123,1,0,SEG,capillary_3
recovered_archive2/127,0,0,SEG,capillary_3
recovered_archive2/136,0,0,SEG,capillary_3
recovered_archive2/144,0,0,SEG,capillary_3
recovered_archive2/148,0,0,SEG,capillary_3
recovered_archive2/150,1,0,SEG,capillary_3
recovered_archive2/151,1,1,SEG,capillary_3
recovered_archive2/152,0,0,SEG,capillary_3
recovered_archive2/159,1,2,SEG,capillary_3
recovered_archive2/167,0,0,SEG,capillary_3
recovered_archive2/182,0,0,SEG,capillary_3
recovered_archive2/185,0,0,SEG,capillary_3
recovered_archive2/190,0,0,SEG,capillary_3
recovered_archive2/200,0,0,SEG,capillary_3
recovered_archive3/211,0,2,SEG,capillary_3
recovered_archive3/215,0,1,SEG,capillary_3
recovered_archive3/225,0,0,SEG,capillary_3
recovered_archive3/226,0,0,SEG,capillary_3
recovered_archive3/227,2,1,SEG,capillary_3
recovered_archive3/230,0,1,SEG,capillary_3
recovered_archive3/232,0,0,SEG,capillary_3
recovered_archive3/234,2,1,SEG,capillary_3
recovered_archive3/236,1,0,SEG,capillary_3
recovered_archive3/244,0,0,SEG,capillary_3
recovered_archive3/251,0,0,SEG,capillary_3
recovered_archive3/252,0,0,SEG,capillary_3
recovered_archive3/263,0,1,SEG,capillary_3
recovered_archive1/29,1,0,A0+SEG,capillary_3
recovered_archive1/32,2,2,A0+SEG,capillary_3
recovered_archive1/37,0,1,A0+SEG,capillary_3
recovered_archive1/38,0,1,A0+SEG,capillary_3
recovered_archive1/40,0,1,A0+SEG,capillary_3
recovered_archive1/47,0,0,A0+SEG,capillary_3
recovered_archive1/61,0,2,A0+SEG,capillary_3
recovered_archive1/62,0,0,A0+SEG,capillary_3
recovered_archive1/68,0,0,A0+SEG,capillary_3
recovered_archive1/77,0,0,A0+SEG,capillary_3
recovered_archive1/9,0,0,A0+SEG,capillary_3
recovered_archive1/90,0,0,A0+SEG,capillary_3
recovered_archive1/94,1,1,A0+SEG,capillary_3
recovered_archive1/99,0,2,A0+SEG,capillary_3
recovered_archive2/102,0,0,A0+SEG,capillary_3
recovered_archive2/109,0,1,A0+SEG,capillary_3
recovered_archive2/113,2,2,A0+SEG,capillary_3
recovered_archive2/114,1,1,A0+SEG,capillary_3
recovered_archive2/122,0,0,A0+SEG,capillary_3
recovered_archive2/124,0,0,A0+SEG,capillary_3
recovered_archive2/125,1,1,A0+SEG,capillary_3
recovered_archive2/139,1,1,A0+SEG,capillary_3
recovered_archive2/154,1,2,A0+SEG,capillary_3
recovered_archive2/162,0,0,A0+SEG,capillary_3
recovered_archive2/164,1,2,A0+SEG,capillary_3
recovered_archive2/168,0,0,A0+SEG,capillary_3
recovered_archive2/175,0,0,A0+SEG,capillary_3
recovered_archive2/176,0,0,A0+SEG,capillary_3
recovered_archive2/179,0,0,A0+SEG,capillary_3
recovered_archive2/189,1,0,A0+SEG,capillary_3
recovered_archive2/191,0,0,A0+SEG,capillary_3
recovered_archive2/197,0,2,A0+SEG,capillary_3
recovered_archive2/199,1,2,A0+SEG,capillary_3
recovered_archive3/206,0,0,A0+SEG,capillary_3
recovered_archive3/209,1,2,A0+SEG,capillary_3
recovered_archive3/213,0,1,A0+SEG,capillary_3
recovered_archive3/221,0,0,A0+SEG,capillary_3
recovered_archive3/231,0,1,A0+SEG,capillary_3
recovered_archive3/242,0,0,A0+SEG,capillary_3
recovered_archive3/246,0,0,A0+SEG,capillary_3
recovered_archive3/250,0,1,A0+SEG,capillary_3
recovered_archive3/256,0,1,A0+SEG,capillary_3
recovered_archive3/266,0,0,A0+SEG,capillary_3
recovered_archive3/267,0,0,A0+SEG,capillary_3
recovered_archive1/23,0,0,A0,capillary_3
recovered_archive1/28,0,0,A0,capillary_3
recovered_archive1/34,0,1,A0,capillary_3
recovered_archive1/41,2,1,A0,capillary_3
recovered_archive1/52,0,2,A0,capillary_3
recovered_archive1/53,1,0,A0,capillary_3
recovered_archive1/55,1,0,A0,capillary_3
recovered_archive1/57,0,2,A0,capillary_3
recovered_archive1/79,1,1,A0,capillary_3
recovered_archive1/83,0,2,A0,capillary_3
recovered_archive1/86,0,1,A0,capillary_3
recovered_archive1/89,0,1,A0,capillary_3
recovered_archive1/93,2,2,A0,capillary_3
recovered_archive1/95,0,1,A0,capillary_3
recovered_archive2/104,2,2,A0,capillary_3
recovered_archive2/117,1,1,A0,capillary_3
recovered_archive2/120,0,0,A0,capillary_3
recovered_archive2/121,0,1,A0,capillary_3
recovered_archive2/130,0,0,A0,capillary_3
recovered_archive2/132,0,0,A0,capillary_3
recovered_archive2/135,1,0,A0,capillary_3
recovered_archive2/140,0,1,A0,capillary_3
recovered_archive2/141,1,0,A0,capillary_3
recovered_archive2/153,0,0,A0,capillary_3
recovered_archive2/158,0,1,A0,capillary_3
recovered_archive2/163,1,1,A0,capillary_3
recovered_archive2/165,1,0,A0,capillary_3
recovered_archive2/171,0,0,A0,capillary_3
recovered_archive2/173,0,0,A0,capillary_3
recovered_archive2/177,1,0,A0,capillary_3
recovered_archive2/180,1,2,A0,capillary_3
recovered_archive2/193,0,0,A0,capillary_3
recovered_archive2/195,0,0,A0,capillary_3
recovered_archive3/201,0,0,A0,capillary_3
recovered_archive3/203,0,1,A0,capillary_3
recovered_archive3/208,0,0,A0,capillary_3
recovered_archive3/216,1,2,A0,capillary_3
recovered_archive3/219,2,2,A0,capillary_3
recovered_archive3/220,0,0,A0,capillary_3
recovered_archive3/224,1,2,A0,capillary_3
recovered_archive3/228,0,2,A0,capillary_3
recovered_archive3/237,0,1,A0,capillary_3
recovered_archive3/248,0,0,A0,capillary_3
recovered_archive3/257,0,0,A0,capillary_3
recovered_archive3/261,2,2,A0,capillary_3
recovered_archive3/265,0,0,A0,capillary_3
recovered_archive1/1,0,0,ALL,papilla_3
recovered_archive1/100,2,0,ALL,papilla_3
recovered_archive1/31,1,0,ALL,papilla_3
recovered_archive1/33,1,0,ALL,papilla_3
recovered_archive1/36,2,2,ALL,papilla_3
recovered_archive1/42,0,2,ALL,papilla_3
recovered_archive1/44,2,1,ALL,papilla_3
recovered_archive1/59,1,0,ALL,papilla_3
recovered_archive1/65,1,0,ALL,papilla_3
recovered_archive1/67,1,2,ALL,papilla_3
recovered_archive1/75,1,0,ALL,papilla_3
recovered_archive1/82,0,0,ALL,papilla_3
recovered_archive1/85,0,1,ALL,papilla_3
recovered_archive1/88,0,2,ALL,papilla_3
recovered_archive1/97,0,2,ALL,papilla_3
recovered_archive2/101,1,1,ALL,papilla_3
recovered_archive2/103,1,2,ALL,papilla_3
recovered_archive2/108,1,2,ALL,papilla_3
recovered_archive2/112,0,2,ALL,papilla_3
recovered_archive2/115,1,2,ALL,papilla_3
recovered_archive2/134,1,0,ALL,papilla_3
recovered_archive2/138,2,2,ALL,papilla_3
recovered_archive2/142,1,2,ALL,papilla_3
recovered_archive2/143,1,1,ALL,papilla_3
recovered_archive2/145,0,2,ALL,papilla_3
recovered_archive2/147,0,0,ALL,papilla_3
recovered_archive2/155,0,0,ALL,papilla_3
recovered_archive2/156,0,1,ALL,papilla_3
recovered_archive2/169,1,0,ALL,papilla_3
recovered_archive2/170,0,2,ALL,papilla_3
recovered_archive2/172,1,2,ALL,papilla_3
recovered_archive2/178,2,2,ALL,papilla_3
recovered_archive2/181,1,2,ALL,papilla_3
recovered_archive2/183,0,0,ALL,papilla_3
recovered_archive2/194,2,1,ALL,papilla_3
recovered_archive3/202,0,2,ALL,papilla_3
recovered_archive3/204,0,1,ALL,papilla_3
recovered_archive3/207,1,1,ALL,papilla_3
recovered_archive3/214,0,2,ALL,papilla_3
recovered_archive3/217,0,0,ALL,papilla_3
recovered_archive3/218,1,0,ALL,papilla_3
recovered_archive3/222,1,2,ALL,papilla_3
recovered_archive3/233,2,2,ALL,papilla_3
recovered_archive3/254,1,1,ALL,papilla_3
recovered_archive3/260,0,2,ALL,papilla_3
recovered_archive3/262,0,0,ALL,papilla_3
recovered_archive3/264,0,0,ALL,papilla_3
recovered_archive1/35,0,2,A0+SEG,papilla_3
recovered_archive1/39,1,1,A0+SEG,papilla_3
recovered_archive1/45,0,0,A0+SEG,papilla_3
recovered_archive1/48,2,2,A0+SEG,papilla_3
recovered_archive1/54,0,1,A0+SEG,papilla_3
recovered_archive1/60,0,0,A0+SEG,papilla_3
recovered_archive1/63,2,0,A0+SEG,papilla_3
recovered_archive1/64,0,2,A0+SEG,papilla_3
recovered_archive1/71,0,0,A0+SEG,papilla_3
recovered_archive1/81,0,2,A0+SEG,papilla_3
recovered_archive1/91,2,2,A0+SEG,papilla_3
recovered_archive1/92,0,0,A0+SEG,papilla_3
recovered_archive1/96,1,0,A0+SEG,papilla_3
recovered_archive1/98,0,0,A0+SEG,papilla_3
recovered_archive2/106,1,1,A0+SEG,papilla_3
recovered_archive2/107,2,2,A0+SEG,papilla_3
recovered_archive2/118,0,0,A0+SEG,papilla_3
recovered_archive2/126,0,2,A0+SEG,papilla_3
recovered_archive2/128,2,1,A0+SEG,papilla_3
recovered_archive2/129,1,1,A0+SEG,papilla_3
recovered_archive2/131,2,1,A0+SEG,papilla_3
recovered_archive2/146,1,0,A0+SEG,papilla_3
recovered_archive2/149,1,1,A0+SEG,papilla_3
recovered_archive2/157,1,0,A0+SEG,papilla_3
recovered_archive2/161,1,0,A0+SEG,papilla_3
recovered_archive2/166,0,2,A0+SEG,papilla_3
recovered_archive2/174,1,1,A0+SEG,papilla_3
recovered_archive2/184,1,2,A0+SEG,papilla_3
recovered_archive2/186,1,1,A0+SEG,papilla_3
recovered_archive2/187,1,0,A0+SEG,papilla_3
recovered_archive2/188,2,1,A0+SEG,papilla_3
recovered_archive2/192,1,2,A0+SEG,papilla_3
recovered_archive2/196,2,2,A0+SEG,papilla_3
recovered_archive2/198,1,2,A0+SEG,papilla_3
recovered_archive3/205,1,1,A0+SEG,papilla_3
recovered_archive3/210,0,2,A0+SEG,papilla_3
recovered_archive3/212,1,0,A0+SEG,papilla_3
recovered_archive3/229,0,0,A0+SEG,papilla_3
recovered_archive3/235,0,0,A0+SEG,papilla_3
recovered_archive3/241,0,0,A0+SEG,papilla_3
recovered_archive3/243,2,0,A0+SEG,papilla_3
recovered_archive3/247,1,1,A0+SEG,papilla_3
recovered_archive3/249,2,2,A0+SEG,papilla_3
recovered_archive3/253,0,2,A0+SEG,papilla_3
recovered_archive3/255,2,1,A0+SEG,papilla_3
recovered_archive3/258,2,1,A0+SEG,papilla_3
recovered_archive3/259,1,0,A0+SEG,papilla_3
recovered_archive1/24,0,0,A0+SEG,papilla_3
recovered_archive1/30,1,0,A0+SEG,papilla_3
recovered_archive1/46,1,0,A0+SEG,papilla_3
recovered_archive1/49,0,0,A0+SEG,papilla_3
recovered_archive1/66,1,0,A0+SEG,papilla_3
recovered_archive1/69,2,2,A0+SEG,papilla_3
recovered_archive1/70,1,1,A0+SEG,papilla_3
recovered_archive1/72,0,1,A0+SEG,papilla_3
recovered_archive1/73,0,0,A0+SEG,papilla_3
recovered_archive1/74,0,0,A0+SEG,papilla_3
recovered_archive1/76,0,1,A0+SEG,papilla_3
recovered_archive1/78,1,0,A0+SEG,papilla_3
recovered_archive1/80,2,0,A0+SEG,papilla_3
recovered_archive1/84,2,2,A0+SEG,papilla_3
recovered_archive2/105,1,2,A0+SEG,papilla_3
recovered_archive2/110,1,1,A0+SEG,papilla_3
recovered_archive2/111,1,1,A0+SEG,papilla_3
recovered_archive2/116,1,0,A0+SEG,papilla_3
recovered_archive2/119,0,2,A0+SEG,papilla_3
recovered_archive2/123,1,1,A0+SEG,papilla_3
recovered_archive2/127,2,1,A0+SEG,papilla_3
recovered_archive2/136,0,0,A0+SEG,papilla_3
recovered_archive2/144,1,0,A0+SEG,papilla_3
recovered_archive2/148,1,0,A0+SEG,papilla_3
recovered_archive2/150,1,0,A0+SEG,papilla_3
recovered_archive2/151,2,2,A0+SEG,papilla_3
recovered_archive2/152,1,1,A0+SEG,papilla_3
recovered_archive2/159,1,1,A0+SEG,papilla_3
recovered_archive2/167,1,0,A0+SEG,papilla_3
recovered_archive2/182,0,0,A0+SEG,papilla_3
recovered_archive2/185,1,1,A0+SEG,papilla_3
recovered_archive2/190,2,2,A0+SEG,papilla_3
recovered_archive2/200,2,0,A0+SEG,papilla_3
recovered_archive3/211,2,2,A0+SEG,papilla_3
recovered_archive3/215,1,1,A0+SEG,papilla_3
recovered_archive3/225,0,0,A0+SEG,papilla_3
recovered_archive3/226,1,2,A0+SEG,papilla_3
recovered_archive3/227,2,0,A0+SEG,papilla_3
recovered_archive3/230,0,1,A0+SEG,papilla_3
recovered_archive3/232,0,0,A0+SEG,papilla_3
recovered_archive3/234,2,0,A0+SEG,papilla_3
recovered_archive3/236,0,0,A0+SEG,papilla_3
recovered_archive3/244,0,1,A0+SEG,papilla_3
recovered_archive3/251,0,0,A0+SEG,papilla_3
recovered_archive3/252,1,0,A0+SEG,papilla_3
recovered_archive3/263,1,2,A0+SEG,papilla_3
recovered_archive1/29,1,1,A0+SEG,papilla_3
recovered_archive1/32,2,2,A0+SEG,papilla_3
recovered_archive1/37,2,2,A0+SEG,papilla_3
recovered_archive1/38,1,2,A0+SEG,papilla_3
recovered_archive1/40,1,1,A0+SEG,papilla_3
recovered_archive1/47,1,0,A0+SEG,papilla_3
recovered_archive1/51,2,2,A0+SEG,papilla_3
recovered_archive1/61,0,2,A0+SEG,papilla_3
recovered_archive1/62,0,0,A0+SEG,papilla_3
recovered_archive1/68,2,1,A0+SEG,papilla_3
recovered_archive1/77,0,0,A0+SEG,papilla_3
recovered_archive1/9,0,0,A0+SEG,papilla_3
recovered_archive1/90,0,0,A0+SEG,papilla_3
recovered_archive1/94,1,2,A0+SEG,papilla_3
recovered_archive1/99,2,2,A0+SEG,papilla_3
recovered_archive2/102,1,0,A0+SEG,papilla_3
recovered_archive2/109,0,0,A0+SEG,papilla_3
recovered_archive2/113,2,1,A0+SEG,papilla_3
recovered_archive2/114,2,2,A0+SEG,papilla_3
recovered_archive2/122,1,0,A0+SEG,papilla_3
recovered_archive2/124,1,0,A0+SEG,papilla_3
recovered_archive2/125,1,1,A0+SEG,papilla_3
recovered_archive2/139,1,1,A0+SEG,papilla_3
recovered_archive2/154,1,2,A0+SEG,papilla_3
recovered_archive2/162,2,2,A0+SEG,papilla_3
recovered_archive2/164,0,2,A0+SEG,papilla_3
recovered_archive2/168,1,1,A0+SEG,papilla_3
recovered_archive2/175,1,0,A0+SEG,papilla_3
recovered_archive2/176,1,1,A0+SEG,papilla_3
recovered_archive2/179,2,2,A0+SEG,papilla_3
recovered_archive2/189,1,0,A0+SEG,papilla_3
recovered_archive2/191,0,0,A0+SEG,papilla_3
recovered_archive2/197,2,2,A0+SEG,papilla_3
recovered_archive2/199,0,1,A0+SEG,papilla_3
recovered_archive3/206,1,1,A0+SEG,papilla_3
recovered_archive3/209,0,2,A0+SEG,papilla_3
recovered_archive3/213,0,1,A0+SEG,papilla_3
recovered_archive3/221,2,2,A0+SEG,papilla_3
recovered_archive3/223,2,2,A0+SEG,papilla_3
recovered_archive3/231,2,0,A0+SEG,papilla_3
recovered_archive3/242,0,0,A0+SEG,papilla_3
recovered_archive3/246,0,0,A0+SEG,papilla_3
recovered_archive3/250,1,0,A0+SEG,papilla_3
recovered_archive3/256,2,0,A0+SEG,papilla_3
recovered_archive3/266,0,0,A0+SEG,papilla_3
recovered_archive3/267,1,0,A0+SEG,papilla_3
recovered_archive1/23,1,0,A0+DET,papilla_3
recovered_archive1/28,2,1,A0+DET,papilla_3
recovered_archive1/34,0,1,A0+DET,papilla_3
recovered_archive1/41,0,2,A0+DET,papilla_3
recovered_archive1/52,2,2,A0+DET,papilla_3
recovered_archive1/53,1,2,A0+DET,papilla_3
recovered_archive1/55,0,0,A0+DET,papilla_3
recovered_archive1/57,1,2,A0+DET,papilla_3
recovered_archive1/79,2,1,A0+DET,papilla_3
recovered_archive1/83,1,0,A0+DET,papilla_3
recovered_archive1/86,1,1,A0+DET,papilla_3
recovered_archive1/89,1,2,A0+DET,papilla_3
recovered_archive1/93,1,2,A0+DET,papilla_3
recovered_archive1/95,1,1,A0+DET,papilla_3
recovered_archive2/104,2,2,A0+DET,papilla_3
recovered_archive2/117,0,0,A0+DET,papilla_3
recovered_archive2/120,0,2,A0+DET,papilla_3
recovered_archive2/121,2,0,A0+DET,papilla_3
recovered_archive2/130,1,0,A0+DET,papilla_3
recovered_archive2/132,2,0,A0+DET,papilla_3
recovered_archive2/135,2,2,A0+DET,papilla_3
recovered_archive2/141,1,1,A0+DET,papilla_3
recovered_archive2/153,1,1,A0+DET,papilla_3
recovered_archive2/158,0,1,A0+DET,papilla_3
recovered_archive2/163,0,2,A0+DET,papilla_3
recovered_archive2/165,0,1,A0+DET,papilla_3
recovered_archive2/171,2,0,A0+DET,papilla_3
recovered_archive2/173,0,0,A0+DET,papilla_3
recovered_archive2/177,2,1,A0+DET,papilla_3
recovered_archive2/180,2,2,A0+DET,papilla_3
recovered_archive2/193,2,0,A0+DET,papilla_3
recovered_archive2/195,0,0,A0+DET,papilla_3
recovered_archive3/201,2,1,A0+DET,papilla_3
recovered_archive3/203,1,0,A0+DET,papilla_3
recovered_archive3/208,0,0,A0+DET,papilla_3
recovered_archive3/216,1,2,A0+DET,papilla_3
recovered_archive3/219,1,2,A0+DET,papilla_3
recovered_archive3/220,1,1,A0+DET,papilla_3
recovered_archive3/224,1,2,A0+DET,papilla_3
recovered_archive3/228,0,2,A0+DET,papilla_3
recovered_archive3/237,1,2,A0+DET,papilla_3
recovered_archive3/248,1,1,A0+DET,papilla_3
recovered_archive3/257,0,0,A0+DET,papilla_3
recovered_archive3/261,1,2,A0+DET,papilla_3
recovered_archive3/265,0,0,A0+DET,papilla_3
recovered_archive1/1,0,0,ALL,papilla_flat
recovered_archive1/100,1,0,ALL,papilla_flat
recovered_archive1/31,0,0,ALL,papilla_flat
recovered_archive1/33,0,0,ALL,papilla_flat
recovered_archive1/36,1,1,ALL,papilla_flat
recovered_archive1/42,0,1,ALL,papilla_flat
recovered_archive1/44,1,0,ALL,papilla_flat
recovered_archive1/59,0,0,ALL,papilla_flat
recovered_archive1/65,0,0,ALL,papilla_flat
recovered_archive1/67,0,1,ALL,papilla_flat
recovered_archive1/75,0,0,ALL,papilla_flat
recovered_archive1/82,0,0,ALL,papilla_flat
recovered_archive1/85,0,0,ALL,papilla_flat
recovered_archive1/88,0,1,ALL,papilla_flat
recovered_archive1/97,0,1,ALL,papilla_flat
recovered_archive2/101,0,1,ALL,papilla_flat
recovered_archive2/103,0,1,ALL,papilla_flat
recovered_archive2/108,0,1,ALL,papilla_flat
recovered_archive2/112,0,1,ALL,papilla_flat
recovered_archive2/115,0,1,ALL,papilla_flat
recovered_archive2/134,0,0,ALL,papilla_flat
recovered_archive2/138,1,1,ALL,papilla_flat
recovered_archive2/142,0,1,ALL,papilla_flat
recovered_archive2/143,0,0,ALL,papilla_flat
recovered_archive2/145,0,0,ALL,papilla_flat
recovered_archive2/147,0,0,ALL,papilla_flat
recovered_archive2/155,0,0,ALL,papilla_flat
recovered_archive2/156,0,0,ALL,papilla_flat
recovered_archive2/169,0,0,ALL,papilla_flat
recovered_archive2/170,0,1,ALL,papilla_flat
recovered_archive2/172,0,1,ALL,papilla_flat
recovered_archive2/178,1,1,ALL,papilla_flat
recovered_archive2/181,0,1,ALL,papilla_flat
recovered_archive2/183,0,0,ALL,papilla_flat
recovered_archive2/194,1,0,ALL,papilla_flat
recovered_archive3/202,0,1,ALL,papilla_flat
recovered_archive3/204,0,0,ALL,papilla_flat
recovered_archive3/207,0,0,ALL,papilla_flat
recovered_archive3/214,0,1,ALL,papilla_flat
recovered_archive3/217,0,0,ALL,papilla_flat
recovered_archive3/218,0,0,ALL,papilla_flat
recovered_archive3/222,0,1,ALL,papilla_flat
recovered_archive3/233,1,1,ALL,papilla_flat
recovered_archive3/254,0,0,ALL,papilla_flat
recovered_archive3/260,0,1,ALL,papilla_flat
recovered_archive3/262,0,0,ALL,papilla_flat
recovered_archive3/264,0,0,ALL,papilla_flat
recovered_archive1/35,0,1,A0+SEG,papilla_flat
recovered_archive1/39,0,0,A0+SEG,papilla_flat
recovered_archive1/45,0,0,A0+SEG,papilla_flat
recovered_archive1/48,1,1,A0+SEG,papilla_flat
recovered_archive1/54,0,0,A0+SEG,papilla_flat
recovered_archive1/60,0,0,A0+SEG,papilla_flat
recovered_archive1/63,1,0,A0+SEG,papilla_flat
recovered_archive1/64,0,1,A0+SEG,papilla_flat
recovered_archive1/71,0,0,A0+SEG,papilla_flat
recovered_archive1/81,0,1,A0+SEG,papilla_flat
recovered_archive1/91,1,1,A0+SEG,papilla_flat
recovered_archive1/92,0,0,A0+SEG,papilla_flat
recovered_archive1/96,0,0,A0+SEG,papilla_flat
recovered_archive1/98,0,0,A0+SEG,papilla_flat
recovered_archive2/106,0,0,A0+SEG,papilla_flat
recovered_archive2/107,1,1,A0+SEG,papilla_flat
recovered_archive2/118,0,0,A0+SEG,papilla_flat
recovered_archive2/126,0,1,A0+SEG,papilla_flat
recovered_archive2/128,1,0,A0+SEG,papilla_flat
recovered_archive2/129,0,0,A0+SEG,papilla_flat
recovered_archive2/131,1,0,A0+SEG,papilla_flat
recovered_archive2/146,0,0,A0+SEG,papilla_flat
recovered_archive2/149,0,0,A0+SEG,papilla_flat
recovered_archive2/157,0,0,A0+SEG,papilla_flat
recovered_archive2/161,0,0,A0+SEG,papilla_flat
recovered_archive2/166,0,1,A0+SEG,papilla_flat
recovered_archive2/174,0,0,A0+SEG,papilla_flat
recovered_archive2/184,0,1,A0+SEG,papilla_flat
recovered_archive2/186,0,0,A0+SEG,papilla_flat
recovered_archive2/187,0,0,A0+SEG,papilla_flat
recovered_archive2/188,1,1,A0+SEG,papilla_flat
recovered_archive2/192,0,1,A0+SEG,papilla_flat
recovered_archive2/196,1,1,A0+SEG,papilla_flat
recovered_archive2/198,0,1,A0+SEG,papilla_flat
recovered_archive3/205,0,0,A0+SEG,papilla_flat
recovered_archive3/210,0,1,A0+SEG,papilla_flat
recovered_archive3/212,0,0,A0+SEG,papilla_flat
recovered_archive3/229,0,0,A0+SEG,papilla_flat
recovered_archive3/235,0,0,A0+SEG,papilla_flat
recovered_archive3/241,0,1,A0+SEG,papilla_flat
recovered_archive3/243,1,0,A0+SEG,papilla_flat
recovered_archive3/247,0,0,A0+SEG,papilla_flat
recovered_archive3/249,1,1,A0+SEG,papilla_flat
recovered_archive3/253,0,1,A0+SEG,papilla_flat
recovered_archive3/255,1,0,A0+SEG,papilla_flat
recovered_archive3/258,1,1,A0+SEG,papilla_flat
recovered_archive3/259,0,0,A0+SEG,papilla_flat
recovered_archive1/24,0,0,SEG+DET,papilla_flat
recovered_archive1/30,0,0,SEG+DET,papilla_flat
recovered_archive1/46,0,0,SEG+DET,papilla_flat
recovered_archive1/49,0,1,SEG+DET,papilla_flat
recovered_archive1/66,0,1,SEG+DET,papilla_flat
recovered_archive1/69,1,1,SEG+DET,papilla_flat
recovered_archive1/70,0,0,SEG+DET,papilla_flat
recovered_archive1/72,0,0,SEG+DET,papilla_flat
recovered_archive1/73,0,0,SEG+DET,papilla_flat
recovered_archive1/74,0,0,SEG+DET,papilla_flat
recovered_archive1/76,0,0,SEG+DET,papilla_flat
recovered_archive1/78,0,0,SEG+DET,papilla_flat
recovered_archive1/80,1,0,SEG+DET,papilla_flat
recovered_archive1/84,1,1,SEG+DET,papilla_flat
recovered_archive2/105,0,1,SEG+DET,papilla_flat
recovered_archive2/110,0,0,SEG+DET,papilla_flat
recovered_archive2/111,0,0,SEG+DET,papilla_flat
recovered_archive2/116,0,0,SEG+DET,papilla_flat
recovered_archive2/119,0,0,SEG+DET,papilla_flat
recovered_archive2/123,0,0,SEG+DET,papilla_flat
recovered_archive2/127,1,0,SEG+DET,papilla_flat
recovered_archive2/136,0,0,SEG+DET,papilla_flat
recovered_archive2/144,0,0,SEG+DET,papilla_flat
recovered_archive2/148,0,0,SEG+DET,papilla_flat
recovered_archive2/150,0,0,SEG+DET,papilla_flat
recovered_archive2/151,1,1,SEG+DET,papilla_flat
recovered_archive2/152,0,0,SEG+DET,papilla_flat
recovered_archive2/159,0,1,SEG+DET,papilla_flat
recovered_archive2/167,0,1,SEG+DET,papilla_flat
recovered_archive2/182,0,0,SEG+DET,papilla_flat
recovered_archive2/185,0,0,SEG+DET,papilla_flat
recovered_archive2/190,1,1,SEG+DET,papilla_flat
recovered_archive2/200,1,0,SEG+DET,papilla_flat
recovered_archive3/211,1,1,SEG+DET,papilla_flat
recovered_archive3/215,0,0,SEG+DET,papilla_flat
recovered_archive3/225,0,0,SEG+DET,papilla_flat
recovered_archive3/226,0,1,SEG+DET,papilla_flat
recovered_archive3/227,1,1,SEG+DET,papilla_flat
recovered_archive3/230,0,0,SEG+DET,papilla_flat
recovered_archive3/232,0,0,SEG+DET,papilla_flat
recovered_archive3/234,1,0,SEG+DET,papilla_flat
recovered_archive3/236,0,0,SEG+DET,papilla_flat
recovered_archive3/244,0,0,SEG+DET,papilla_flat
recovered_archive3/251,0,0,SEG+DET,papilla_flat
recovered_archive3/252,0,0,SEG+DET,papilla_flat
recovered_archive3/263,0,1,SEG+DET,papilla_flat
recovered_archive1/29,0,0,ALL,papilla_flat
recovered_archive1/32,1,1,ALL,papilla_flat
recovered_archive1/37,1,1,ALL,papilla_flat
recovered_archive1/38,0,1,ALL,papilla_flat
recovered_archive1/40,0,1,ALL,papilla_flat
recovered_archive1/47,0,0,ALL,papilla_flat
recovered_archive1/51,1,1,ALL,papilla_flat
recovered_archive1/61,0,0,ALL,papilla_flat
recovered_archive1/62,0,0,ALL,papilla_flat
recovered_archive1/68,1,0,ALL,papilla_flat
recovered_archive1/77,0,0,ALL,papilla_flat
recovered_archive1/9,0,0,ALL,papilla_flat
recovered_archive1/90,0,0,ALL,papilla_flat
recovered_archive1/94,0,1,ALL,papilla_flat
recovered_archive1/99,1,1,ALL,papilla_flat
recovered_archive2/102,0,0,ALL,papilla_flat
recovered_archive2/109,0,0,ALL,papilla_flat
recovered_archive2/113,1,0,ALL,papilla_flat
recovered_archive2/114,1,1,ALL,papilla_flat
recovered_archive2/122,0,0,ALL,papilla_flat
recovered_archive2/124,0,0,ALL,papilla_flat
recovered_archive2/125,0,0,ALL,papilla_flat
recovered_archive2/139,0,0,ALL,papilla_flat
recovered_archive2/154,0,1,ALL,papilla_flat
recovered_archive2/162,1,0,ALL,papilla_flat
recovered_archive2/164,0,1,ALL,papilla_flat
recovered_archive2/168,0,0,ALL,papilla_flat
recovered_archive2/175,0,0,ALL,papilla_flat
recovered_archive2/176,0,0,ALL,papilla_flat
recovered_archive2/179,1,1,ALL,papilla_flat
recovered_archive2/189,0,0,ALL,papilla_flat
recovered_archive2/191,0,0,ALL,papilla_flat
recovered_archive2/197,1,1,ALL,papilla_flat
recovered_archive2/199,0,0,ALL,papilla_flat
recovered_archive3/206,0,0,ALL,papilla_flat
recovered_archive3/209,0,1,ALL,papilla_flat
recovered_archive3/213,0,1,ALL,papilla_flat
recovered_archive3/221,1,1,ALL,papilla_flat
recovered_archive3/223,1,1,ALL,papilla_flat
recovered_archive3/231,1,0,ALL,papilla_flat
recovered_archive3/242,0,0,ALL,papilla_flat
recovered_archive3/246,0,0,ALL,papilla_flat
recovered_archive3/250,0,0,ALL,papilla_flat
recovered_archive3/256,1,0,ALL,papilla_flat
recovered_archive3/266,0,0,ALL,papilla_flat
recovered_archive3/267,0,0,ALL,papilla_flat
recovered_archive1/23,0,0,ALL,papilla_flat
recovered_archive1/28,1,1,ALL,papilla_flat
recovered_archive1/34,0,0,ALL,papilla_flat
recovered_archive1/41,0,1,ALL,papilla_flat
recovered_archive1/52,1,1,ALL,papilla_flat
recovered_archive1/53,0,0,ALL,papilla_flat
recovered_archive1/55,0,0,ALL,papilla_flat
recovered_archive1/57,0,1,ALL,papilla_flat
recovered_archive1/79,1,0,ALL,papilla_flat
recovered_archive1/83,0,0,ALL,papilla_flat
recovered_archive1/86,0,0,ALL,papilla_flat
recovered_archive1/89,0,1,ALL,papilla_flat
recovered_archive1/93,0,1,ALL,papilla_flat
recovered_archive1/95,0,0,ALL,papilla_flat
recovered_archive2/104,1,1,ALL,papilla_flat
recovered_archive2/117,0,0,ALL,papilla_flat
recovered_archive2/120,0,0,ALL,papilla_flat
recovered_archive2/121,1,0,ALL,papilla_flat
recovered_archive2/130,0,0,ALL,papilla_flat
recovered_archive2/132,1,0,ALL,papilla_flat
recovered_archive2/135,1,1,ALL,papilla_flat
recovered_archive2/141,0,0,ALL,papilla_flat
recovered_archive2/153,0,0,ALL,papilla_flat
recovered_archive2/158,0,0,ALL,papilla_flat
recovered_archive2/163,0,1,ALL,papilla_flat
recovered_archive2/165,0,0,ALL,papilla_flat
recovered_archive2/171,1,0,ALL,papilla_flat
recovered_archive2/173,0,0,ALL,papilla_flat
recovered_archive2/177,1,0,ALL,papilla_flat
recovered_archive2/180,1,1,ALL,papilla_flat
recovered_archive2/193,1,0,ALL,papilla_flat
recovered_archive2/195,0,0,ALL,papilla_flat
recovered_archive3/201,1,1,ALL,papilla_flat
recovered_archive3/203,0,0,ALL,papilla_flat
recovered_archive3/208,0,0,ALL,papilla_flat
recovered_archive3/216,0,1,ALL,papilla_flat
recovered_archive3/219,0,1,ALL,papilla_flat
recovered_archive3/220,0,0,ALL,papilla_flat
recovered_archive3/224,0,1,ALL,papilla_flat
recovered_archive3/228,0,1,ALL,papilla_flat
recovered_archive3/237,0,0,ALL,papilla_flat
recovered_archive3/248,0,0,ALL,papilla_flat
recovered_archive3/257,0,0,ALL,papilla_flat
recovered_archive3/261,0,1,ALL,papilla_flat
recovered_archive3/265,0,0,ALL,papilla_flat
recovered_archive1/1,1,1,A0+SEG,papilla_wavy
recovered_archive1/100,0,1,A0+SEG,papilla_wavy
recovered_archive1/31,0,1,A0+SEG,papilla_wavy
recovered_archive1/33,0,1,A0+SEG,papilla_wavy
recovered_archive1/36,0,0,A0+SEG,papilla_wavy
recovered_archive1/42,1,0,A0+SEG,papilla_wavy
recovered_archive1/44,0,0,A0+SEG,papilla_wavy
recovered_archive1/59,0,1,A0+SEG,papilla_wavy
recovered_archive1/65,0,0,A0+SEG,papilla_wavy
recovered_archive1/67,0,0,A0+SEG,papilla_wavy
recovered_archive1/75,0,1,A0+SEG,papilla_wavy
recovered_archive1/82,1,1,A0+SEG,papilla_wavy
recovered_archive1/85,1,1,A0+SEG,papilla_wavy
recovered_archive1/88,1,0,A0+SEG,papilla_wavy
recovered_archive1/97,1,1,A0+SEG,papilla_wavy
recovered_archive2/101,0,0,A0+SEG,papilla_wavy
recovered_archive2/103,0,0,A0+SEG,papilla_wavy
recovered_archive2/108,0,0,A0+SEG,papilla_wavy
recovered_archive2/112,1,0,A0+SEG,papilla_wavy
recovered_archive2/115,0,0,A0+SEG,papilla_wavy
recovered_archive2/134,0,1,A0+SEG,papilla_wavy
recovered_archive2/138,0,1,A0+SEG,papilla_wavy
recovered_archive2/142,0,0,A0+SEG,papilla_wavy
recovered_archive2/143,0,1,A0+SEG,papilla_wavy
recovered_archive2/145,1,1,A0+SEG,papilla_wavy
recovered_archive2/147,1,0,A0+SEG,papilla_wavy
recovered_archive2/155,1,1,A0+SEG,papilla_wavy
recovered_archive2/156,1,1,A0+SEG,papilla_wavy
recovered_archive2/169,0,1,A0+SEG,papilla_wavy
recovered_archive2/170,1,0,A0+SEG,papilla_wavy
recovered_archive2/172,0,0,A0+SEG,papilla_wavy
recovered_archive2/178,0,0,A0+SEG,papilla_wavy
recovered_archive2/181,0,0,A0+SEG,papilla_wavy
recovered_archive2/183,1,1,A0+SEG,papilla_wavy
recovered_archive2/194,0,0,A0+SEG,papilla_wavy
recovered_archive3/202,1,0,A0+SEG,papilla_wavy
recovered_archive3/204,1,0,A0+SEG,papilla_wavy
recovered_archive3/207,0,0,A0+SEG,papilla_wavy
recovered_archive3/214,1,0,A0+SEG,papilla_wavy
recovered_archive3/217,1,1,A0+SEG,papilla_wavy
recovered_archive3/218,0,1,A0+SEG,papilla_wavy
recovered_archive3/222,0,0,A0+SEG,papilla_wavy
recovered_archive3/233,0,0,A0+SEG,papilla_wavy
recovered_archive3/254,0,1,A0+SEG,papilla_wavy
recovered_archive3/260,1,0,A0+SEG,papilla_wavy
recovered_archive3/262,1,1,A0+SEG,papilla_wavy
recovered_archive3/264,1,1,A0+SEG,papilla_wavy
recovered_archive1/35,1,0,SEG+DET,papilla_wavy
recovered_archive1/39,0,1,SEG+DET,papilla_wavy
recovered_archive1/45,1,1,SEG+DET,papilla_wavy
recovered_archive1/48,0,0,SEG+DET,papilla_wavy
recovered_archive1/54,1,1,SEG+DET,papilla_wavy
recovered_archive1/60,1,1,SEG+DET,papilla_wavy
recovered_archive1/63,0,1,SEG+DET,papilla_wavy
recovered_archive1/64,1,0,SEG+DET,papilla_wavy
recovered_archive1/71,1,1,SEG+DET,papilla_wavy
recovered_archive1/81,1,0,SEG+DET,papilla_wavy
recovered_archive1/91,0,0,SEG+DET,papilla_wavy
recovered_archive1/92,1,1,SEG+DET,papilla_wavy
recovered_archive1/96,0,1,SEG+DET,papilla_wavy
recovered_archive1/98,1,1,SEG+DET,papilla_wavy
recovered_archive2/106,0,0,SEG+DET,papilla_wavy
recovered_archive2/107,0,0,SEG+DET,papilla_wavy
recovered_archive2/118,1,1,SEG+DET,papilla_wavy
recovered_archive2/126,1,0,SEG+DET,papilla_wavy
recovered_archive2/128,0,0,SEG+DET,papilla_wavy
recovered_archive2/129,0,1,SEG+DET,papilla_wavy
recovered_archive2/131,0,0,SEG+DET,papilla_wavy
recovered_archive2/146,0,1,SEG+DET,papilla_wavy
recovered_archive2/149,0,0,SEG+DET,papilla_wavy
recovered_archive2/157,0,1,SEG+DET,papilla_wavy
recovered_archive2/161,0,1,SEG+DET,papilla_wavy
recovered_archive2/166,1,0,SEG+DET,papilla_wavy
recovered_archive2/174,0,0,SEG+DET,papilla_wavy
recovered_archive2/184,0,0,SEG+DET,papilla_wavy
recovered_archive2/186,0,1,SEG+DET,papilla_wavy
recovered_archive2/187,0,0,SEG+DET,papilla_wavy
recovered_archive2/188,0,0,SEG+DET,papilla_wavy
recovered_archive2/192,0,1,SEG+DET,papilla_wavy
recovered_archive2/196,0,0,SEG+DET,papilla_wavy
recovered_archive2/198,0,0,SEG+DET,papilla_wavy
recovered_archive3/205,0,1,SEG+DET,papilla_wavy
recovered_archive3/210,1,0,SEG+DET,papilla_wavy
recovered_archive3/212,0,1,SEG+DET,papilla_wavy
recovered_archive3/229,1,1,SEG+DET,papilla_wavy
recovered_archive3/235,1,1,SEG+DET,papilla_wavy
recovered_archive3/241,1,1,SEG+DET,papilla_wavy
recovered_archive3/243,0,0,SEG+DET,papilla_wavy
recovered_archive3/247,0,1,SEG+DET,papilla_wavy
recovered_archive3/249,0,0,SEG+DET,papilla_wavy
recovered_archive3/253,1,0,SEG+DET,papilla_wavy
recovered_archive3/255,0,0,SEG+DET,papilla_wavy
recovered_archive3/258,0,0,SEG+DET,papilla_wavy
recovered_archive3/259,0,1,SEG+DET,papilla_wavy
recovered_archive1/24,1,1,SEG,papilla_wavy
recovered_archive1/30,0,1,SEG,papilla_wavy
recovered_archive1/46,0,1,SEG,papilla_wavy
recovered_archive1/49,1,0,SEG,papilla_wavy
recovered_archive1/66,0,1,SEG,papilla_wavy
recovered_archive1/69,0,0,SEG,papilla_wavy
recovered_archive1/70,0,0,SEG,papilla_wavy
recovered_archive1/72,1,0,SEG,papilla_wavy
recovered_archive1/73,1,1,SEG,papilla_wavy
recovered_archive1/74,1,1,SEG,papilla_wavy
recovered_archive1/76,1,0,SEG,papilla_wavy
recovered_archive1/78,0,1,SEG,papilla_wavy
recovered_archive1/80,0,1,SEG,papilla_wavy
recovered_archive1/84,0,0,SEG,papilla_wavy
recovered_archive2/105,0,0,SEG,papilla_wavy
recovered_archive2/110,0,1,SEG,papilla_wavy
recovered_archive2/111,0,0,SEG,papilla_wavy
recovered_archive2/116,0,1,SEG,papilla_wavy
recovered_archive2/119,1,0,SEG,papilla_wavy
recovered_archive2/123,0,0,SEG,papilla_wavy
recovered_archive2/127,0,1,SEG,papilla_wavy
recovered_archive2/136,1,1,SEG,papilla_wavy
recovered_archive2/144,0,1,SEG,papilla_wavy
recovered_archive2/148,0,1,SEG,papilla_wavy
recovered_archive2/150,0,1,SEG,papilla_wavy
recovered_archive2/151,0,0,SEG,papilla_wavy
recovered_archive2/152,0,0,SEG,papilla_wavy
recovered_archive2/159,0,0,SEG,papilla_wavy
recovered_archive2/167,0,0,SEG,papilla_wavy
recovered_archive2/182,1,1,SEG,papilla_wavy
recovered_archive2/185,0,0,SEG,papilla_wavy
recovered_archive2/190,0,0,SEG,papilla_wavy
recovered_archive2/200,0,1,SEG,papilla_wavy
recovered_archive3/211,0,1,SEG,papilla_wavy
recovered_archive3/215,0,0,SEG,papilla_wavy
recovered_archive3/225,1,1,SEG,papilla_wavy
recovered_archive3/226,0,0,SEG,papilla_wavy
recovered_archive3/227,0,1,SEG,papilla_wavy
recovered_archive3/230,1,0,SEG,papilla_wavy
recovered_archive3/232,1,1,SEG,papilla_wavy
recovered_archive3/234,0,1,SEG,papilla_wavy
recovered_archive3/236,1,1,SEG,papilla_wavy
recovered_archive3/244,1,1,SEG,papilla_wavy
recovered_archive3/251,1,1,SEG,papilla_wavy
recovered_archive3/252,0,1,SEG,papilla_wavy
recovered_archive3/263,0,0,SEG,papilla_wavy
recovered_archive1/29,0,1,A0+SEG,papilla_wavy
recovered_archive1/32,0,0,A0+SEG,papilla_wavy
recovered_archive1/37,0,0,A0+SEG,papilla_wavy
recovered_archive1/38,0,0,A0+SEG,papilla_wavy
recovered_archive1/40,0,0,A0+SEG,papilla_wavy
recovered_archive1/47,0,1,A0+SEG,papilla_wavy
recovered_archive1/51,0,0,A0+SEG,papilla_wavy
recovered_archive1/61,1,0,A0+SEG,papilla_wavy
recovered_archive1/62,1,1,A0+SEG,papilla_wavy
recovered_archive1/68,0,1,A0+SEG,papilla_wavy
recovered_archive1/77,1,1,A0+SEG,papilla_wavy
recovered_archive1/9,1,1,A0+SEG,papilla_wavy
recovered_archive1/90,1,1,A0+SEG,papilla_wavy
recovered_archive1/94,0,0,A0+SEG,papilla_wavy
recovered_archive1/99,0,0,A0+SEG,papilla_wavy
recovered_archive2/102,0,1,A0+SEG,papilla_wavy
recovered_archive2/109,1,1,A0+SEG,papilla_wavy
recovered_archive2/113,0,0,A0+SEG,papilla_wavy
recovered_archive2/114,0,0,A0+SEG,papilla_wavy
recovered_archive2/122,0,1,A0+SEG,papilla_wavy
recovered_archive2/124,0,1,A0+SEG,papilla_wavy
recovered_archive2/125,0,0,A0+SEG,papilla_wavy
recovered_archive2/139,0,0,A0+SEG,papilla_wavy
recovered_archive2/154,0,0,A0+SEG,papilla_wavy
recovered_archive2/162,0,1,A0+SEG,papilla_wavy
recovered_archive2/164,1,0,A0+SEG,papilla_wavy
recovered_archive2/168,0,1,A0+SEG,papilla_wavy
recovered_archive2/175,0,1,A0+SEG,papilla_wavy
recovered_archive2/176,0,1,A0+SEG,papilla_wavy
recovered_archive2/179,0,0,A0+SEG,papilla_wavy
recovered_archive2/189,0,1,A0+SEG,papilla_wavy
recovered_archive2/191,1,1,A0+SEG,papilla_wavy
recovered_archive2/197,0,0,A0+SEG,papilla_wavy
recovered_archive2/199,1,0,A0+SEG,papilla_wavy
recovered_archive3/206,0,0,A0+SEG,papilla_wavy
recovered_archive3/209,1,0,A0+SEG,papilla_wavy
recovered_archive3/213,1,0,A0+SEG,papilla_wavy
recovered_archive3/221,0,0,A0+SEG,papilla_wavy
recovered_archive3/223,0,0,A0+SEG,papilla_wavy
recovered_archive3/231,0,1,A0+SEG,papilla_wavy
recovered_archive3/242,1,1,A0+SEG,papilla_wavy
recovered_archive3/246,1,1,A0+SEG,papilla_wavy
recovered_archive3/250,0,1,A0+SEG,papilla_wavy
recovered_archive3/256,0,1,A0+SEG,papilla_wavy
recovered_archive3/266,1,1,A0+SEG,papilla_wavy
recovered_archive3/267,0,1,A0+SEG,papilla_wavy
recovered_archive1/23,0,0,SEG+DET,papilla_wavy
recovered_archive1/28,0,0,SEG+DET,papilla_wavy
recovered_archive1/34,1,1,SEG+DET,papilla_wavy
recovered_archive1/41,1,0,SEG+DET,papilla_wavy
recovered_archive1/52,0,0,SEG+DET,papilla_wavy
recovered_archive1/53,0,0,SEG+DET,papilla_wavy
recovered_archive1/55,1,1,SEG+DET,papilla_wavy
recovered_archive1/57,0,0,SEG+DET,papilla_wavy
recovered_archive1/79,0,0,SEG+DET,papilla_wavy
recovered_archive1/83,0,1,SEG+DET,papilla_wavy
recovered_archive1/86,0,0,SEG+DET,papilla_wavy
recovered_archive1/89,0,0,SEG+DET,papilla_wavy
recovered_archive1/93,0,0,SEG+DET,papilla_wavy
recovered_archive1/95,0,1,SEG+DET,papilla_wavy
recovered_archive2/104,0,0,SEG+DET,papilla_wavy
recovered_archive2/117,1,0,SEG+DET,papilla_wavy
recovered_archive2/120,1,1,SEG+DET,papilla_wavy
recovered_archive2/121,0,1,SEG+DET,papilla_wavy
recovered_archive2/130,0,1,SEG+DET,papilla_wavy
recovered_archive2/132,0,1,SEG+DET,papilla_wavy
recovered_archive2/135,0,0,SEG+DET,papilla_wavy
recovered_archive2/141,0,1,SEG+DET,papilla_wavy
recovered_archive2/153,0,0,SEG+DET,papilla_wavy
recovered_archive2/158,1,1,SEG+DET,papilla_wavy
recovered_archive2/163,1,0,SEG+DET,papilla_wavy
recovered_archive2/165,1,1,SEG+DET,papilla_wavy
recovered_archive2/171,0,0,SEG+DET,papilla_wavy
recovered_archive2/173,1,0,SEG+DET,papilla_wavy
recovered_archive2/177,0,0,SEG+DET,papilla_wavy
recovered_archive2/180,0,0,SEG+DET,papilla_wavy
recovered_archive2/193,0,1,SEG+DET,papilla_wavy
recovered_archive2/195,1,0,SEG+DET,papilla_wavy
recovered_archive3/201,0,0,SEG+DET,papilla_wavy
recovered_archive3/203,0,1,SEG+DET,papilla_wavy
recovered_archive3/208,1,1,SEG+DET,papilla_wavy
recovered_archive3/216,0,0,SEG+DET,papilla_wavy
recovered_archive3/219,0,0,SEG+DET,papilla_wavy
recovered_archive3/220,0,0,SEG+DET,papilla_wavy
recovered_archive3/224,0,0,SEG+DET,papilla_wavy
recovered_archive3/228,1,0,SEG+DET,papilla_wavy
recovered_archive3/237,0,0,SEG+DET,papilla_wavy
recovered_archive3/248,0,1,SEG+DET,papilla_wavy
recovered_archive3/257,1,1,SEG+DET,papilla_wavy
recovered_archive3/261,0,1,SEG+DET,papilla_wavy
recovered_archive3/265,1,1,SEG+DET,papilla_wavy
recovered_archive1/1,0,0,SEG+DET,crossing
recovered_archive1/100,1,0,SEG+DET,crossing
recovered_archive1/31,0,1,SEG+DET,crossing
recovered_archive1/33,0,0,SEG+DET,crossing
recovered_archive1/36,1,1,SEG+DET,crossing
recovered_archive1/44,0,1,SEG+DET,crossing
recovered_archive1/59,0,0,SEG+DET,crossing
recovered_archive1/65,1,1,SEG+DET,crossing
recovered_archive1/67,1,1,SEG+DET,crossing
recovered_archive1/75,0,0,SEG+DET,crossing
recovered_archive1/82,0,1,SEG+DET,crossing
recovered_archive1/85,1,0,SEG+DET,crossing
recovered_archive1/88,1,1,SEG+DET,crossing
recovered_archive1/97,0,0,SEG+DET,crossing
recovered_archive2/101,0,1,SEG+DET,crossing
recovered_archive2/103,0,1,SEG+DET,crossing
recovered_archive2/108,1,1,SEG+DET,crossing
recovered_archive2/112,1,0,SEG+DET,crossing
recovered_archive2/115,1,1,SEG+DET,crossing
recovered_archive2/134,0,0,SEG+DET,crossing
recovered_archive2/138,0,0,SEG+DET,crossing
recovered_archive2/142,1,0,SEG+DET,crossing
recovered_archive2/143,0,0,SEG+DET,crossing
recovered_archive2/145,1,1,SEG+DET,crossing
recovered_archive2/147,0,1,SEG+DET,crossing
recovered_archive2/155,0,0,SEG+DET,crossing
recovered_archive2/156,0,0,SEG+DET,crossing
recovered_archive2/169,0,0,SEG+DET,crossing
recovered_archive2/170,0,1,SEG+DET,crossing
recovered_archive2/172,0,1,SEG+DET,crossing
recovered_archive2/181,0,0,SEG+DET,crossing
recovered_archive2/183,0,1,SEG+DET,crossing
recovered_archive2/194,1,1,SEG+DET,crossing
recovered_archive3/202,1,1,SEG+DET,crossing
recovered_archive3/204,1,1,SEG+DET,crossing
recovered_archive3/207,0,1,SEG+DET,crossing
recovered_archive3/214,1,1,SEG+DET,crossing
recovered_archive3/217,0,1,SEG+DET,crossing
recovered_archive3/218,1,1,SEG+DET,crossing
recovered_archive3/222,0,0,SEG+DET,crossing
recovered_archive3/233,0,0,SEG+DET,crossing
recovered_archive3/254,0,0,SEG+DET,crossing
recovered_archive3/260,0,0,SEG+DET,crossing
recovered_archive3/262,0,0,SEG+DET,crossing
recovered_archive3/264,0,0,SEG+DET,crossing
recovered_archive1/35,0,1,A0+DET,crossing
recovered_archive1/39,0,1,A0+DET,crossing
recovered_archive1/45,0,0,A0+DET,crossing
recovered_archive1/48,1,1,A0+DET,crossing
recovered_archive1/54,1,1,A0+DET,crossing
recovered_archive1/63,0,0,A0+DET,crossing
recovered_archive1/64,0,1,A0+DET,crossing
recovered_archive1/71,0,0,A0+DET,crossing
recovered_archive1/81,0,1,A0+DET,crossing
recovered_archive1/91,0,1,A0+DET,crossing
recovered_archive1/92,1,0,A0+DET,crossing
recovered_archive1/96,0,0,A0+DET,crossing
recovered_archive1/98,0,0,A0+DET,crossing
recovered_archive2/106,1,1,A0+DET,crossing
recovered_archive2/107,0,1,A0+DET,crossing
recovered_archive2/118,0,0,A0+DET,crossing
recovered_archive2/126,1,1,A0+DET,crossing
recovered_archive2/128,0,1,A0+DET,crossing
recovered_archive2/129,1,0,A0+DET,crossing
recovered_archive2/131,1,0,A0+DET,crossing
recovered_archive2/146,0,0,A0+DET,crossing
recovered_archive2/149,0,0,A0+DET,crossing
recovered_archive2/157,0,0,A0+DET,crossing
recovered_archive2/161,1,0,A0+DET,crossing
recovered_archive2/166,0,1,A0+DET,crossing
recovered_archive2/174,0,1,A0+DET,crossing
recovered_archive2/184,1,0,A0+DET,crossing
recovered_archive2/186,0,0,A0+DET,crossing
recovered_archive2/187,0,0,A0+DET,crossing
recovered_archive2/192,0,1,A0+DET,crossing
recovered_archive2/196,0,1,A0+DET,crossing
recovered_archive2/198,1,1,A0+DET,crossing
recovered_archive3/205,1,0,A0+DET,crossing
recovered_archive3/210,0,0,A0+DET,crossing
recovered_archive3/212,0,0,A0+DET,crossing
recovered_archive3/229,0,0,A0+DET,crossing
recovered_archive3/235,1,0,A0+DET,crossing
recovered_archive3/241,1,1,A0+DET,crossing
recovered_archive3/243,0,0,A0+DET,crossing
recovered_archive3/247,0,0,A0+DET,crossing
recovered_archive3/249,1,1,A0+DET,crossing
recovered_archive3/253,1,1,A0+DET,crossing
recovered_archive3/258,0,1,A0+DET,crossing
recovered_archive3/259,0,0,A0+DET,crossing
recovered_archive1/24,0,0,SEG+DET,crossing
recovered_archive1/30,1,1,SEG+DET,crossing
recovered_archive1/46,0,0,SEG+DET,crossing
recovered_archive1/49,0,1,SEG+DET,crossing
recovered_archive1/66,1,1,SEG+DET,crossing
recovered_archive1/69,1,0,SEG+DET,crossing
recovered_archive1/70,1,1,SEG+DET,crossing
recovered_archive1/72,0,0,SEG+DET,crossing
recovered_archive1/73,0,0,SEG+DET,crossing
recovered_archive1/74,0,1,SEG+DET,crossing
recovered_archive1/76,0,1,SEG+DET,crossing
recovered_archive1/78,0,0,SEG+DET,crossing
recovered_archive1/80,0,0,SEG+DET,crossing
recovered_archive1/84,1,1,SEG+DET,crossing
recovered_archive2/105,1,1,SEG+DET,crossing
recovered_archive2/110,0,1,SEG+DET,crossing
recovered_archive2/111,0,0,SEG+DET,crossing
recovered_archive2/116,0,1,SEG+DET,crossing
recovered_archive2/119,0,1,SEG+DET,crossing
recovered_archive2/123,1,0,SEG+DET,crossing
recovered_archive2/127,0,1,SEG+DET,crossing
recovered_archive2/136,0,0,SEG+DET,crossing
recovered_archive2/144,0,0,SEG+DET,crossing
recovered_archive2/148,1,0,SEG+DET,crossing
recovered_archive2/150,1,1,SEG+DET,crossing
recovered_archive2/151,1,1,SEG+DET,crossing
recovered_archive2/152,1,1,SEG+DET,crossing
recovered_archive2/159,1,1,SEG+DET,crossing
recovered_archive2/167,0,1,SEG+DET,crossing
recovered_archive2/182,0,0,SEG+DET,crossing
recovered_archive2/185,0,0,SEG+DET,crossing
recovered_archive2/190,1,0,SEG+DET,crossing
recovered_archive2/200,0,0,SEG+DET,crossing
recovered_archive3/211,1,1,SEG+DET,crossing
recovered_archive3/215,1,0,SEG+DET,crossing
recovered_archive3/225,0,0,SEG+DET,crossing
recovered_archive3/226,1,1,SEG+DET,crossing
recovered_archive3/227,0,1,SEG+DET,crossing
recovered_archive3/230,0,1,SEG+DET,crossing
recovered_archive3/232,0,0,SEG+DET,crossing
recovered_archive3/234,0,0,SEG+DET,crossing
recovered_archive3/244,0,0,SEG+DET,crossing
recovered_archive3/251,0,0,SEG+DET,crossing
recovered_archive3/252,0,0,SEG+DET,crossing
recovered_archive3/263,0,1,SEG+DET,crossing
recovered_archive1/29,0,0,DET,crossing
recovered_archive1/37,0,1,DET,crossing
recovered_archive1/38,1,0,DET,crossing
recovered_archive1/40,0,1,DET,crossing
recovered_archive1/47,0,0,DET,crossing
recovered_archive1/51,0,1,DET,crossing
recovered_archive1/61,0,0,DET,crossing
recovered_archive1/62,1,0,DET,crossing
recovered_archive1/68,0,0,DET,crossing
recovered_archive1/77,0,0,DET,crossing
recovered_archive1/9,0,0,DET,crossing
recovered_archive1/90,1,0,DET,crossing
recovered_archive1/94,0,1,DET,crossing
recovered_archive1/99,0,1,DET,crossing
recovered_archive2/102,0,0,DET,crossing
recovered_archive2/109,0,0,DET,crossing
recovered_archive2/113,0,0,DET,crossing
recovered_archive2/114,1,1,DET,crossing
recovered_archive2/122,1,0,DET,crossing
recovered_archive2/124,0,0,DET,crossing
recovered_archive2/125,1,1,DET,crossing
recovered_archive2/139,0,1,DET,crossing
recovered_archive2/154,1,1,DET,crossing
recovered_archive2/162,0,0,DET,crossing
recovered_archive2/164,1,1,DET,crossing
recovered_archive2/168,0,1,DET,crossing
recovered_archive2/175,0,1,DET,crossing
recovered_archive2/176,1,0,DET,crossing
recovered_archive2/179,0,0,DET,crossing
recovered_archive2/189,0,1,DET,crossing
recovered_archive2/191,0,0,DET,crossing
recovered_archive2/197,0,0,DET,crossing
recovered_archive2/199,0,1,DET,crossing
recovered_archive3/206,0,0,DET,crossing
recovered_archive3/209,1,1,DET,crossing
recovered_archive3/213,0,0,DET,crossing
recovered_archive3/221,1,1,DET,crossing
recovered_archive3/231,1,1,DET,crossing
recovered_archive3/242,0,0,DET,crossing
recovered_archive3/246,1,0,DET,crossing
recovered_archive3/250,0,1,DET,crossing
recovered_archive3/256,1,1,DET,crossing
recovered_archive3/266,0,0,DET,crossing
recovered_archive3/267,0,0,DET,crossing
recovered_archive1/23,0,0,SEG,crossing
recovered_archive1/28,1,0,SEG,crossing
recovered_archive1/34,0,0,SEG,crossing
recovered_archive1/41,1,1,SEG,crossing
recovered_archive1/52,1,1,SEG,crossing
recovered_archive1/53,0,1,SEG,crossing
recovered_archive1/55,0,0,SEG,crossing
recovered_archive1/57,0,0,SEG,crossing
recovered_archive1/79,0,1,SEG,crossing
recovered_archive1/83,0,0,SEG,crossing
recovered_archive1/86,1,0,SEG,crossing
recovered_archive1/89,1,1,SEG,crossing
recovered_archive1/93,1,1,SEG,crossing
recovered_archive1/95,0,0,SEG,crossing
recovered_archive2/104,0,1,SEG,crossing
recovered_archive2/117,1,0,SEG,crossing
recovered_archive2/120,1,1,SEG,crossing
recovered_archive2/121,1,1,SEG,crossing
recovered_archive2/130,0,1,SEG,crossing
recovered_archive2/132,0,0,SEG,crossing
recovered_archive2/135,1,1,SEG,crossing
recovered_archive2/140,0,0,SEG,crossing
recovered_archive2/141,1,0,SEG,crossing
recovered_archive2/153,0,1,SEG,crossing
recovered_archive2/158,0,0,SEG,crossing
recovered_archive2/163,1,1,SEG,crossing
recovered_archive2/165,0,0,SEG,crossing
recovered_archive2/173,0,1,SEG,crossing
recovered_archive2/177,1,0,SEG,crossing
recovered_archive2/180,0,1,SEG,crossing
recovered_archive2/193,0,0,SEG,crossing
recovered_archive2/195,0,0,SEG,crossing
recovered_archive3/201,0,1,SEG,crossing
recovered_archive3/203,0,0,SEG,crossing
recovered_archive3/208,0,0,SEG,crossing
recovered_archive3/219,0,0,SEG,crossing
recovered_archive3/220,0,1,SEG,crossing
recovered_archive3/224,0,0,SEG,crossing
recovered_archive3/228,0,1,SEG,crossing
recovered_archive3/237,0,1,SEG,crossing
recovered_archive3/248,1,0,SEG,crossing
recovered_archive3/257,1,0,SEG,crossing
recovered_archive3/261,0,1,SEG,crossing
recovered_archive3/265,0,0,SEG,crossing
recovered_archive1/1,0,0,A0+SEG,clarity
recovered_archive1/100,0,0,A0+SEG,clarity
recovered_archive1/31,0,0,A0+SEG,clarity
recovered_archive1/33,0,0,A0+SEG,clarity
recovered_archive1/36,1,1,A0+SEG,clarity
recovered_archive1/42,0,1,A0+SEG,clarity
recovered_archive1/44,1,1,A0+SEG,clarity
recovered_archive1/59,0,1,A0+SEG,clarity
recovered_archive1/65,0,1,A0+SEG,clarity
recovered_archive1/67,1,1,A0+SEG,clarity
recovered_archive1/75,0,0,A0+SEG,clarity
recovered_archive1/82,0,1,A0+SEG,clarity
recovered_archive1/85,0,0,A0+SEG,clarity
recovered_archive1/88,1,1,A0+SEG,clarity
recovered_archive1/97,0,1,A0+SEG,clarity
recovered_archive2/101,0,0,A0+SEG,clarity
recovered_archive2/103,1,1,A0+SEG,clarity
recovered_archive2/108,1,1,A0+SEG,clarity
recovered_archive2/112,0,1,A0+SEG,clarity
recovered_archive2/115,1,1,A0+SEG,clarity
recovered_archive2/134,0,1,A0+SEG,clarity
recovered_archive2/138,1,0,A0+SEG,clarity
recovered_archive2/142,0,0,A0+SEG,clarity
recovered_archive2/143,0,0,A0+SEG,clarity
recovered_archive2/145,0,0,A0+SEG,clarity
recovered_archive2/147,1,1,A0+SEG,clarity
recovered_archive2/155,0,0,A0+SEG,clarity
recovered_archive2/156,0,0,A0+SEG,clarity
recovered_archive2/169,0,0,A0+SEG,clarity
recovered_archive2/170,1,1,A0+SEG,clarity
recovered_archive2/172,1,1,A0+SEG,clarity
recovered_archive2/178,0,1,A0+SEG,clarity
recovered_archive2/181,0,0,A0+SEG,clarity
recovered_archive2/183,0,0,A0+SEG,clarity
recovered_archive2/194,1,1,A0+SEG,clarity
recovered_archive3/202,1,1,A0+SEG,clarity
recovered_archive3/204,0,0,A0+SEG,clarity
recovered_archive3/207,0,0,A0+SEG,clarity
recovered_archive3/214,1,1,A0+SEG,clarity
recovered_archive3/217,0,0,A0+SEG,clarity
recovered_archive3/218,0,0,A0+SEG,clarity
recovered_archive3/222,1,1,A0+SEG,clarity
recovered_archive3/233,1,1,A0+SEG,clarity
recovered_archive3/254,1,1,A0+SEG,clarity
recovered_archive3/260,0,0,A0+SEG,clarity
recovered_archive3/262,0,0,A0+SEG,clarity
recovered_archive3/264,1,0,A0+SEG,clarity
recovered_archive1/35,0,1,A0+SEG,clarity
recovered_archive1/39,0,0,A0+SEG,clarity
recovered_archive1/45,1,0,A0+SEG,clarity
recovered_archive1/48,1,1,A0+SEG,clarity
recovered_archive1/54,1,1,A0+SEG,clarity
recovered_archive1/60,0,0,A0+SEG,clarity
recovered_archive1/63,0,0,A0+SEG,clarity
recovered_archive1/64,1,1,A0+SEG,clarity
recovered_archive1/71,0,0,A0+SEG,clarity
recovered_archive1/81,1,1,A0+SEG,clarity
recovered_archive1/91,1,1,A0+SEG,clarity
recovered_archive1/92,0,0,A0+SEG,clarity
recovered_archive1/96,0,0,A0+SEG,clarity
recovered_archive1/98,0,0,A0+SEG,clarity
recovered_archive2/106,0,0,A0+SEG,clarity
recovered_archive2/107,1,1,A0+SEG,clarity
recovered_archive2/118,0,0,A0+SEG,clarity
recovered_archive2/126,1,1,A0+SEG,clarity
recovered_archive2/128,1,1,A0+SEG,clarity
recovered_archive2/129,0,0,A0+SEG,clarity
recovered_archive2/131,1,1,A0+SEG,clarity
recovered_archive2/146,1,0,A0+SEG,clarity
recovered_archive2/157,0,0,A0+SEG,clarity
recovered_archive2/161,0,0,A0+SEG,clarity
recovered_archive2/166,1,1,A0+SEG,clarity
recovered_archive2/174,1,1,A0+SEG,clarity
recovered_archive2/184,1,0,A0+SEG,clarity
recovered_archive2/186,0,0,A0+SEG,clarity
recovered_archive2/187,1,0,A0+SEG,clarity
recovered_archive2/188,1,1,A0+SEG,clarity
recovered_archive2/192,0,1,A0+SEG,clarity
recovered_archive2/196,1,1,A0+SEG,clarity
recovered_archive2/198,1,1,A0+SEG,clarity
recovered_archive3/205,0,0,A0+SEG,clarity
recovered_archive3/210,1,1,A0+SEG,clarity
recovered_archive3/212,1,0,A0+SEG,clarity
recovered_archive3/229,0,0,A0+SEG,clarity
recovered_archive3/235,0,0,A0+SEG,clarity
recovered_archive3/241,1,0,A0+SEG,clarity
recovered_archive3/243,1,1,A0+SEG,clarity
recovered_archive3/247,0,0,A0+SEG,clarity
recovered_archive3/249,0,1,A0+SEG,clarity
recovered_archive3/253,1,1,A0+SEG,clarity
recovered_archive3/255,1,0,A0+SEG,clarity
recovered_archive3/258,1,1,A0+SEG,clarity
recovered_archive3/259,1,0,A0+SEG,clarity
recovered_archive1/24,0,1,A0,clarity
recovered_archive1/30,0,0,A0,clarity
recovered_archive1/46,1,1,A0,clarity
recovered_archive1/49,0,0,A0,clarity
recovered_archive1/66,1,1,A0,clarity
recovered_archive1/69,1,1,A0,clarity
recovered_archive1/70,1,0,A0,clarity
recovered_archive1/72,0,0,A0,clarity
recovered_archive1/73,1,0,A0,clarity
recovered_archive1/74,0,1,A0,clarity
recovered_archive1/76,0,0,A0,clarity
recovered_archive1/78,0,0,A0,clarity
recovered_archive1/80,0,0,A0,clarity
recovered_archive1/84,1,1,A0,clarity
recovered_archive2/105,1,1,A0,clarity
recovered_archive2/110,1,1,A0,clarity
recovered_archive2/111,1,0,A0,clarity
recovered_archive2/116,1,1,A0,clarity
recovered_archive2/119,1,1,A0,clarity
recovered_archive2/123,0,0,A0,clarity
recovered_archive2/127,0,1,A0,clarity
recovered_archive2/136,0,0,A0,clarity
recovered_archive2/137,1,1,A0,clarity
recovered_archive2/144,0,0,A0,clarity
recovered_archive2/148,0,0,A0,clarity
recovered_archive2/150,0,1,A0,clarity
recovered_archive2/151,1,1,A0,clarity
recovered_archive2/152,1,1,A0,clarity
recovered_archive2/159,1,1,A0,clarity
recovered_archive2/167,0,0,A0,clarity
recovered_archive2/182,0,1,A0,clarity
recovered_archive2/185,0,0,A0,clarity
recovered_archive2/190,0,0,A0,clarity
recovered_archive2/200,1,1,A0,clarity
recovered_archive3/211,1,1,A0,clarity
recovered_archive3/215,1,0,A0,clarity
recovered_archive3/225,0,0,A0,clarity
recovered_archive3/227,1,1,A0,clarity
recovered_archive3/230,0,1,A0,clarity
recovered_archive3/232,0,0,A0,clarity
recovered_archive3/234,1,1,A0,clarity
recovered_archive3/236,0,0,A0,clarity
recovered_archive3/244,0,0,A0,clarity
recovered_archive3/251,1,0,A0,clarity
recovered_archive3/252,0,0,A0,clarity
recovered_archive3/263,1,1,A0,clarity
recovered_archive1/29,0,0,A0,clarity
recovered_archive1/32,1,1,A0,clarity
recovered_archive1/37,1,1,A0,clarity
recovered_archive1/38,1,1,A0,clarity
recovered_archive1/40,0,1,A0,clarity
recovered_archive1/47,0,0,A0,clarity
recovered_archive1/51,1,1,A0,clarity
recovered_archive1/61,1,1,A0,clarity
recovered_archive1/62,0,0,A0,clarity
recovered_archive1/68,1,0,A0,clarity
recovered_archive1/77,0,0,A0,clarity
recovered_archive1/9,0,0,A0,clarity
recovered_archive1/90,0,0,A0,clarity
recovered_archive1/94,1,1,A0,clarity
recovered_archive1/99,1,1,A0,clarity
recovered_archive2/102,0,0,A0,clarity
recovered_archive2/109,0,0,A0,clarity
recovered_archive2/113,1,1,A0,clarity
recovered_archive2/114,0,0,A0,clarity
recovered_archive2/122,0,0,A0,clarity
recovered_archive2/124,0,0,A0,clarity
recovered_archive2/125,0,1,A0,clarity
recovered_archive2/139,1,1,A0,clarity
recovered_archive2/154,0,1,A0,clarity
recovered_archive2/162,0,0,A0,clarity
recovered_archive2/164,0,1,A0,clarity
recovered_archive2/168,0,0,A0,clarity
recovered_archive2/175,0,1,A0,clarity
recovered_archive2/176,0,0,A0,clarity
recovered_archive2/179,1,1,A0,clarity
recovered_archive2/189,1,1,A0,clarity
recovered_archive2/191,0,0,A0,clarity
recovered_archive2/197,1,1,A0,clarity
recovered_archive2/199,1,1,A0,clarity
recovered_archive3/206,0,0,A0,clarity
recovered_archive3/209,1,1,A0,clarity
recovered_archive3/213,1,1,A0,clarity
recovered_archive3/221,1,1,A0,clarity
recovered_archive3/223,1,1,A0,clarity
recovered_archive3/231,1,1,A0,clarity
recovered_archive3/242,0,0,A0,clarity
recovered_archive3/246,0,0,A0,clarity
recovered_archive3/250,1,1,A0,clarity
recovered_archive3/256,1,1,A0,clarity
recovered_archive3/266,0,0,A0,clarity
recovered_archive3/267,0,0,A0,clarity
recovered_archive1/23,0,0,A0+SEG,clarity
recovered_archive1/28,0,0,A0+SEG,clarity
recovered_archive1/34,0,0,A0+SEG,clarity
recovered_archive1/41,1,1,A0+SEG,clarity
recovered_archive1/52,1,1,A0+SEG,clarity
recovered_archive1/53,0,0,A0+SEG,clarity
recovered_archive1/55,0,0,A0+SEG,clarity
recovered_archive1/57,1,1,A0+SEG,clarity
recovered_archive1/79,1,1,A0+SEG,clarity
recovered_archive1/83,1,1,A0+SEG,clarity
recovered_archive1/86,1,1,A0+SEG,clarity
recovered_archive1/89,1,1,A0+SEG,clarity
recovered_archive1/93,0,1,A0+SEG,clarity
recovered_archive1/95,0,0,A0+SEG,clarity
recovered_archive2/104,1,1,A0+SEG,clarity
recovered_archive2/117,0,1,A0+SEG,clarity
recovered_archive2/120,1,1,A0+SEG,clarity
recovered_archive2/121,1,1,A0+SEG,clarity
recovered_archive2/130,0,0,A0+SEG,clarity
recovered_archive2/132,0,0,A0+SEG,clarity
recovered_archive2/135,1,1,A0+SEG,clarity
recovered_archive2/140,0,0,A0+SEG,clarity
recovered_archive2/141,0,0,A0+SEG,clarity
recovered_archive2/153,1,1,A0+SEG,clarity
recovered_archive2/158,1,0,A0+SEG,clarity
recovered_archive2/163,1,1,A0+SEG,clarity
recovered_archive2/165,0,1,A0+SEG,clarity
recovered_archive2/171,0,0,A0+SEG,clarity
recovered_archive2/173,0,0,A0+SEG,clarity
recovered_archive2/177,0,0,A0+SEG,clarity
recovered_archive2/180,1,1,A0+SEG,clarity
recovered_archive2/193,1,0,A0+SEG,clarity
recovered_archive2/195,0,0,A0+SEG,clarity
recovered_archive3/201,0,0,A0+SEG,clarity
recovered_archive3/203,1,1,A0+SEG,clarity
recovered_archive3/208,0,0,A0+SEG,clarity
recovered_archive3/216,1,1,A0+SEG,clarity
recovered_archive3/219,1,1,A0+SEG,clarity
recovered_archive3/220,1,1,A0+SEG,clarity
recovered_archive3/224,1,1,A0+SEG,clarity
recovered_archive3/228,0,0,A0+SEG,clarity
recovered_archive3/237,0,0,A0+SEG,clarity
recovered_archive3/248,1,0,A0+SEG,clarity
recovered_archive3/257,0,0,A0+SEG,clarity
recovered_archive3/261,1,1,A0+SEG,clarity
recovered_archive3/265,0,0,A0+SEG,clarity
recovered_archive1/1,0,0,A0,subpapillary_venous_plexus
recovered_archive1/100,0,1,A0,subpapillary_venous_plexus
recovered_archive1/31,1,0,A0,subpapillary_venous_plexus
recovered_archive1/33,1,1,A0,subpapillary_venous_plexus
recovered_archive1/36,1,1,A0,subpapillary_venous_plexus
recovered_archive1/42,1,0,A0,subpapillary_venous_plexus
recovered_archive1/44,1,1,A0,subpapillary_venous_plexus
recovered_archive1/59,0,0,A0,subpapillary_venous_plexus
recovered_archive1/65,1,0,A0,subpapillary_venous_plexus
recovered_archive1/67,0,0,A0,subpapillary_venous_plexus
recovered_archive1/75,1,1,A0,subpapillary_venous_plexus
recovered_archive1/82,0,0,A0,subpapillary_venous_plexus
recovered_archive1/85,1,0,A0,subpapillary_venous_plexus
recovered_archive1/88,0,0,A0,subpapillary_venous_plexus
recovered_archive1/97,1,0,A0,subpapillary_venous_plexus
recovered_archive2/101,0,1,A0,subpapillary_venous_plexus
recovered_archive2/103,1,1,A0,subpapillary_venous_plexus
recovered_archive2/108,1,1,A0,subpapillary_venous_plexus
recovered_archive2/112,0,0,A0,subpapillary_venous_plexus
recovered_archive2/115,1,0,A0,subpapillary_venous_plexus
recovered_archive2/134,1,0,A0,subpapillary_venous_plexus
recovered_archive2/138,1,0,A0,subpapillary_venous_plexus
recovered_archive2/142,1,1,A0,subpapillary_venous_plexus
recovered_archive2/143,1,1,A0,subpapillary_venous_plexus
recovered_archive2/145,1,0,A0,subpapillary_venous_plexus
recovered_archive2/147,1,1,A0,subpapillary_venous_plexus
recovered_archive2/155,0,0,A0,subpapillary_venous_plexus
recovered_archive2/156,1,1,A0,subpapillary_venous_plexus
recovered_archive2/169,1,1,A0,subpapillary_venous_plexus
recovered_archive2/170,1,0,A0,subpapillary_venous_plexus
recovered_archive2/172,0,0,A0,subpapillary_venous_plexus
recovered_archive2/178,1,1,A0,subpapillary_venous_plexus
recovered_archive2/181,1,1,A0,subpapillary_venous_plexus
recovered_archive2/183,0,0,A0,subpapillary_venous_plexus
recovered_archive2/194,1,1,A0,subpapillary_venous_plexus
recovered_archive3/202,0,0,A0,subpapillary_venous_plexus
recovered_archive3/204,1,1,A0,subpapillary_venous_plexus
recovered_archive3/207,1,1,A0,subpapillary_venous_plexus
recovered_archive3/214,1,1,A0,subpapillary_venous_plexus
recovered_archive3/217,0,1,A0,subpapillary_venous_plexus
recovered_archive3/218,1,1,A0,subpapillary_venous_plexus
recovered_archive3/222,0,0,A0,subpapillary_venous_plexus
recovered_archive3/233,0,0,A0,subpapillary_venous_plexus
recovered_archive3/254,0,0,A0,subpapillary_venous_plexus
recovered_archive3/260,0,1,A0,subpapillary_venous_plexus
recovered_archive3/262,1,0,A0,subpapillary_venous_plexus
recovered_archive3/264,1,0,A0,subpapillary_venous_plexus
recovered_archive1/35,1,1,A0,subpapillary_venous_plexus
recovered_archive1/39,1,1,A0,subpapillary_venous_plexus
recovered_archive1/45,0,0,A0,subpapillary_venous_plexus
recovered_archive1/48,1,0,A0,subpapillary_venous_plexus
recovered_archive1/54,1,1,A0,subpapillary_venous_plexus
recovered_archive1/60,0,1,A0,subpapillary_venous_plexus
recovered_archive1/63,1,1,A0,subpapillary_venous_plexus
recovered_archive1/64,1,0,A0,subpapillary_venous_plexus
recovered_archive1/71,1,1,A0,subpapillary_venous_plexus
recovered_archive1/81,0,0,A0,subpapillary_venous_plexus
recovered_archive1/91,1,0,A0,subpapillary_venous_plexus
recovered_archive1/92,1,1,A0,subpapillary_venous_plexus
recovered_archive1/96,1,1,A0,subpapillary_venous_plexus
recovered_archive1/98,0,0,A0,subpapillary_venous_plexus
recovered_archive2/106,1,1,A0,subpapillary_venous_plexus
recovered_archive2/107,0,0,A0,subpapillary_venous_plexus
recovered_archive2/118,0,0,A0,subpapillary_venous_plexus
recovered_archive2/126,0,0,A0,subpapillary_venous_plexus
recovered_archive2/128,1,0,A0,subpapillary_venous_plexus
recovered_archive2/129,1,1,A0,subpapillary_venous_plexus
recovered_archive2/131,0,0,A0,subpapillary_venous_plexus
recovered_archive2/146,0,0,A0,subpapillary_venous_plexus
recovered_archive2/149,1,1,A0,subpapillary_venous_plexus
recovered_archive2/157,0,1,A0,subpapillary_venous_plexus
recovered_archive2/161,1,1,A0,subpapillary_venous_plexus
recovered_archive2/166,0,0,A0,subpapillary_venous_plexus
recovered_archive2/174,0,0,A0,subpapillary_venous_plexus
recovered_archive2/184,0,1,A0,subpapillary_venous_plexus
recovered_archive2/186,1,1,A0,subpapillary_venous_plexus
recovered_archive2/187,1,1,A0,subpapillary_venous_plexus
recovered_archive2/192,1,0,A0,subpapillary_venous_plexus
recovered_archive2/196,1,1,A0,subpapillary_venous_plexus
recovered_archive2/198,1,0,A0,subpapillary_venous_plexus
recovered_archive3/205,1,1,A0,subpapillary_venous_plexus
recovered_archive3/210,0,0,A0,subpapillary_venous_plexus
recovered_archive3/212,1,0,A0,subpapillary_venous_plexus
recovered_archive3/229,1,1,A0,subpapillary_venous_plexus
recovered_archive3/235,0,0,A0,subpapillary_venous_plexus
recovered_archive3/241,0,0,A0,subpapillary_venous_plexus
recovered_archive3/243,0,0,A0,subpapillary_venous_plexus
recovered_archive3/247,1,0,A0,subpapillary_venous_plexus
recovered_archive3/249,1,1,A0,subpapillary_venous_plexus
recovered_archive3/253,0,0,A0,subpapillary_venous_plexus
recovered_archive3/255,1,1,A0,subpapillary_venous_plexus
recovered_archive3/258,0,0,A0,subpapillary_venous_plexus
recovered_archive3/259,1,1,A0,subpapillary_venous_plexus
recovered_archive1/24,0,0,A0,subpapillary_venous_plexus
recovered_archive1/30,0,0,A0,subpapillary_venous_plexus
recovered_archive1/46,0,0,A0,subpapillary_venous_plexus
recovered_archive1/49,1,1,A0,subpapillary_venous_plexus
recovered_archive1/66,0,0,A0,subpapillary_venous_plexus
recovered_archive1/69,1,0,A0,subpapillary_venous_plexus
recovered_archive1/70,1,1,A0,subpapillary_venous_plexus
recovered_archive1/72,1,1,A0,subpapillary_venous_plexus
recovered_archive1/73,1,1,A0,subpapillary_venous_plexus
recovered_archive1/74,1,1,A0,subpapillary_venous_plexus
recovered_archive1/76,1,1,A0,subpapillary_venous_plexus
recovered_archive1/78,1,1,A0,subpapillary_venous_plexus
recovered_archive1/80,0,0,A0,subpapillary_venous_plexus
recovered_archive1/84,0,0,A0,subpapillary_venous_plexus
recovered_archive2/105,1,1,A0,subpapillary_venous_plexus
recovered_archive2/110,1,1,A0,subpapillary_venous_plexus
recovered_archive2/111,1,0,A0,subpapillary_venous_plexus
recovered_archive2/116,0,0,A0,subpapillary_venous_plexus
recovered_archive2/119,0,0,A0,subpapillary_venous_plexus
recovered_archive2/123,1,1,A0,subpapillary_venous_plexus
recovered_archive2/127,0,0,A0,subpapillary_venous_plexus
recovered_archive2/136,1,1,A0,subpapillary_venous_plexus
recovered_archive2/144,1,0,A0,subpapillary_venous_plexus
recovered_archive2/148,0,0,A0,subpapillary_venous_plexus
recovered_archive2/150,0,1,A0,subpapillary_venous_plexus
recovered_archive2/151,0,0,A0,subpapillary_venous_plexus
recovered_archive2/152,1,0,A0,subpapillary_venous_plexus
recovered_archive2/159,0,0,A0,subpapillary_venous_plexus
recovered_archive2/167,0,0,A0,subpapillary_venous_plexus
recovered_archive2/182,1,1,A0,subpapillary_venous_plexus
recovered_archive2/185,1,1,A0,subpapillary_venous_plexus
recovered_archive2/190,1,1,A0,subpapillary_venous_plexus
recovered_archive2/200,0,0,A0,subpapillary_venous_plexus
recovered_archive3/211,0,0,A0,subpapillary_venous_plexus
recovered_archive3/215,1,1,A0,subpapillary_venous_plexus
recovered_archive3/225,1,1,A0,subpapillary_venous_plexus
recovered_archive3/226,1,1,A0,subpapillary_venous_plexus
recovered_archive3/227,0,0,A0,subpapillary_venous_plexus
recovered_archive3/230,0,1,A0,subpapillary_venous_plexus
recovered_archive3/232,1,1,A0,subpapillary_venous_plexus
recovered_archive3/234,0,0,A0,subpapillary_venous_plexus
recovered_archive3/236,1,1,A0,subpapillary_venous_plexus
recovered_archive3/244,1,1,A0,subpapillary_venous_plexus
recovered_archive3/251,0,0,A0,subpapillary_venous_plexus
recovered_archive3/252,1,0,A0,subpapillary_venous_plexus
recovered_archive3/263,0,0,A0,subpapillary_venous_plexus
recovered_archive1/29,1,1,A0,subpapillary_venous_plexus
recovered_archive1/32,0,0,A0,subpapillary_venous_plexus
recovered_archive1/37,1,1,A0,subpapillary_venous_plexus
recovered_archive1/38,1,1,A0,subpapillary_venous_plexus
recovered_archive1/40,1,0,A0,subpapillary_venous_plexus
recovered_archive1/47,1,1,A0,subpapillary_venous_plexus
recovered_archive1/51,0,0,A0,subpapillary_venous_plexus
recovered_archive1/61,0,0,A0,subpapillary_venous_plexus
recovered_archive1/62,0,0,A0,subpapillary_venous_plexus
recovered_archive1/68,1,1,A0,subpapillary_venous_plexus
recovered_archive1/77,0,0,A0,subpapillary_venous_plexus
recovered_archive1/9,1,1,A0,subpapillary_venous_plexus
recovered_archive1/90,1,1,A0,subpapillary_venous_plexus
recovered_archive1/94,0,0,A0,subpapillary_venous_plexus
recovered_archive1/99,1,0,A0,subpapillary_venous_plexus
recovered_archive2/102,0,0,A0,subpapillary_venous_plexus
recovered_archive2/109,1,1,A0,subpapillary_venous_plexus
recovered_archive2/113,0,0,A0,subpapillary_venous_plexus
recovered_archive2/114,1,1,A0,subpapillary_venous_plexus
recovered_archive2/122,0,0,A0,subpapillary_venous_plexus
recovered_archive2/124,1,1,A0,subpapillary_venous_plexus
recovered_archive2/125,1,1,A0,subpapillary_venous_plexus
recovered_archive2/139,1,1,A0,subpapillary_venous_plexus
recovered_archive2/154,0,1,A0,subpapillary_venous_plexus
recovered_archive2/162,0,1,A0,subpapillary_venous_plexus
recovered_archive2/164,1,1,A0,subpapillary_venous_plexus
recovered_archive2/168,1,1,A0,subpapillary_venous_plexus
recovered_archive2/175,1,1,A0,subpapillary_venous_plexus
recovered_archive2/176,1,1,A0,subpapillary_venous_plexus
recovered_archive2/179,1,1,A0,subpapillary_venous_plexus
recovered_archive2/189,0,0,A0,subpapillary_venous_plexus
recovered_archive2/191,1,1,A0,subpapillary_venous_plexus
recovered_archive2/197,0,0,A0,subpapillary_venous_plexus
recovered_archive2/199,1,0,A0,subpapillary_venous_plexus
recovered_archive3/206,1,1,A0,subpapillary_venous_plexus
recovered_archive3/209,0,0,A0,subpapillary_venous_plexus
recovered_archive3/213,0,0,A0,subpapillary_venous_plexus
recovered_archive3/221,1,1,A0,subpapillary_venous_plexus
recovered_archive3/223,0,1,A0,subpapillary_venous_plexus
recovered_archive3/231,1,1,A0,subpapillary_venous_plexus
recovered_archive3/242,1,1,A0,subpapillary_venous_plexus
recovered_archive3/246,1,1,A0,subpapillary_venous_plexus
recovered_archive3/250,0,0,A0,subpapillary_venous_plexus
recovered_archive3/256,0,0,A0,subpapillary_venous_plexus
recovered_archive3/266,1,1,A0,subpapillary_venous_plexus
recovered_archive3/267,1,1,A0,subpapillary_venous_plexus
recovered_archive1/23,0,1,A0,subpapillary_venous_plexus
recovered_archive1/28,1,1,A0,subpapillary_venous_plexus
recovered_archive1/34,1,1,A0,subpapillary_venous_plexus
recovered_archive1/41,1,1,A0,subpapillary_venous_plexus
recovered_archive1/52,0,0,A0,subpapillary_venous_plexus
recovered_archive1/53,1,1,A0,subpapillary_venous_plexus
recovered_archive1/55,1,0,A0,subpapillary_venous_plexus
recovered_archive1/57,0,0,A0,subpapillary_venous_plexus
recovered_archive1/79,0,0,A0,subpapillary_venous_plexus
recovered_archive1/83,0,0,A0,subpapillary_venous_plexus
recovered_archive1/86,1,1,A0,subpapillary_venous_plexus
recovered_archive1/89,1,1,A0,subpapillary_venous_plexus
recovered_archive1/93,0,0,A0,subpapillary_venous_plexus
recovered_archive1/95,0,1,A0,subpapillary_venous_plexus
recovered_archive2/104,1,0,A0,subpapillary_venous_plexus
recovered_archive2/117,0,0,A0,subpapillary_venous_plexus
recovered_archive2/120,0,0,A0,subpapillary_venous_plexus
recovered_archive2/121,0,0,A0,subpapillary_venous_plexus
recovered_archive2/130,1,1,A0,subpapillary_venous_plexus
recovered_archive2/132,1,0,A0,subpapillary_venous_plexus
recovered_archive2/135,1,1,A0,subpapillary_venous_plexus
recovered_archive2/140,1,1,A0,subpapillary_venous_plexus
recovered_archive2/141,1,1,A0,subpapillary_venous_plexus
recovered_archive2/153,1,1,A0,subpapillary_venous_plexus
recovered_archive2/158,1,1,A0,subpapillary_venous_plexus
recovered_archive2/163,1,1,A0,subpapillary_venous_plexus
recovered_archive2/165,0,0,A0,subpapillary_venous_plexus
recovered_archive2/171,1,1,A0,subpapillary_venous_plexus
recovered_archive2/173,1,0,A0,subpapillary_venous_plexus
recovered_archive2/177,1,1,A0,subpapillary_venous_plexus
recovered_archive2/180,0,0,A0,subpapillary_venous_plexus
recovered_archive2/193,1,1,A0,subpapillary_venous_plexus
recovered_archive2/195,1,1,A0,subpapillary_venous_plexus
recovered_archive3/201,1,1,A0,subpapillary_venous_plexus
recovered_archive3/203,0,0,A0,subpapillary_venous_plexus
recovered_archive3/208,1,1,A0,subpapillary_venous_plexus
recovered_archive3/216,0,0,A0,subpapillary_venous_plexus
recovered_archive3/219,0,0,A0,subpapillary_venous_plexus
recovered_archive3/220,1,0,A0,subpapillary_venous_plexus
recovered_archive3/224,0,0,A0,subpapillary_venous_plexus
recovered_archive3/228,0,0,A0,subpapillary_venous_plexus
recovered_archive3/237,0,0,A0,subpapillary_venous_plexus
recovered_archive3/248,1,1,A0,subpapillary_venous_plexus
recovered_archive3/257,1,0,A0,subpapillary_venous_plexus
recovered_archive3/261,0,0,A0,subpapillary_venous_plexus
recovered_archive3/265,0,0,A0,subpapillary_venous_plexus
recovered_archive1/1,0,0,A0+DET,exudation
recovered_archive1/100,0,0,A0+DET,exudation
recovered_archive1/31,0,0,A0+DET,exudation
recovered_archive1/33,1,0,A0+DET,exudation
recovered_archive1/36,1,1,A0+DET,exudation
recovered_archive1/42,1,1,A0+DET,exudation
recovered_archive1/44,1,1,A0+DET,exudation
recovered_archive1/59,1,0,A0+DET,exudation
recovered_archive1/65,1,1,A0+DET,exudation
recovered_archive1/67,1,1,A0+DET,exudation
recovered_archive1/75,1,0,A0+DET,exudation
recovered_archive1/82,0,0,A0+DET,exudation
recovered_archive1/85,0,0,A0+DET,exudation
recovered_archive1/88,0,0,A0+DET,exudation
recovered_archive1/97,0,0,A0+DET,exudation
recovered_archive2/101,0,1,A0+DET,exudation
recovered_archive2/103,0,1,A0+DET,exudation
recovered_archive2/108,1,1,A0+DET,exudation
recovered_archive2/112,1,1,A0+DET,exudation
recovered_archive2/115,1,1,A0+DET,exudation
recovered_archive2/134,0,0,A0+DET,exudation
recovered_archive2/138,1,0,A0+DET,exudation
recovered_archive2/142,1,1,A0+DET,exudation
recovered_archive2/143,0,0,A0+DET,exudation
recovered_archive2/145,0,1,A0+DET,exudation
recovered_archive2/147,1,0,A0+DET,exudation
recovered_archive2/155,1,0,A0+DET,exudation
recovered_archive2/156,0,0,A0+DET,exudation
recovered_archive2/169,1,0,A0+DET,exudation
recovered_archive2/170,1,1,A0+DET,exudation
recovered_archive2/172,1,1,A0+DET,exudation
recovered_archive2/178,0,1,A0+DET,exudation
recovered_archive2/181,0,0,A0+DET,exudation
recovered_archive2/183,1,1,A0+DET,exudation
recovered_archive2/194,1,1,A0+DET,exudation
recovered_archive3/202,0,1,A0+DET,exudation
recovered_archive3/204,0,0,A0+DET,exudation
recovered_archive3/207,0,0,A0+DET,exudation
recovered_archive3/214,1,1,A0+DET,exudation
recovered_archive3/217,0,0,A0+DET,exudation
recovered_archive3/218,1,1,A0+DET,exudation
recovered_archive3/222,1,1,A0+DET,exudation
recovered_archive3/233,1,1,A0+DET,exudation
recovered_archive3/254,1,1,A0+DET,exudation
recovered_archive3/262,0,0,A0+DET,exudation
recovered_archive3/264,0,1,A0+DET,exudation
recovered_archive1/35,1,1,ALL,exudation
recovered_archive1/39,0,0,ALL,exudation
recovered_archive1/45,0,1,ALL,exudation
recovered_archive1/48,1,1,ALL,exudation
recovered_archive1/54,1,0,ALL,exudation
recovered_archive1/63,0,1,ALL,exudation
recovered_archive1/64,1,1,ALL,exudation
recovered_archive1/71,0,0,ALL,exudation
recovered_archive1/81,1,1,ALL,exudation
recovered_archive1/91,1,1,ALL,exudation
recovered_archive1/92,0,0,ALL,exudation
recovered_archive1/96,0,0,ALL,exudation
recovered_archive1/98,1,0,ALL,exudation
recovered_archive2/106,0,0,ALL,exudation
recovered_archive2/107,1,1,ALL,exudation
recovered_archive2/118,0,1,ALL,exudation
recovered_archive2/126,1,1,ALL,exudation
recovered_archive2/128,1,1,ALL,exudation
recovered_archive2/129,0,0,ALL,exudation
recovered_archive2/131,1,1,ALL,exudation
recovered_archive2/146,0,0,ALL,exudation
recovered_archive2/149,0,0,ALL,exudation
recovered_archive2/157,0,0,ALL,exudation
recovered_archive2/161,0,0,ALL,exudation
recovered_archive2/166,1,1,ALL,exudation
recovered_archive2/174,0,0,ALL,exudation
recovered_archive2/184,0,1,ALL,exudation
recovered_archive2/186,0,0,ALL,exudation
recovered_archive2/187,1,0,ALL,exudation
recovered_archive2/188,1,1,ALL,exudation
recovered_archive2/192,0,1,ALL,exudation
recovered_archive2/196,1,1,ALL,exudation
recovered_archive2/198,1,1,ALL,exudation
recovered_archive3/205,1,0,ALL,exudation
recovered_archive3/210,1,1,ALL,exudation
recovered_archive3/212,0,1,ALL,exudation
recovered_archive3/229,0,1,ALL,exudation
recovered_archive3/235,0,0,ALL,exudation
recovered_archive3/241,1,1,ALL,exudation
recovered_archive3/243,0,0,ALL,exudation
recovered_archive3/247,0,0,ALL,exudation
recovered_archive3/249,1,1,ALL,exudation
recovered_archive3/253,0,1,ALL,exudation
recovered_archive3/255,1,1,ALL,exudation
recovered_archive3/258,1,1,ALL,exudation
recovered_archive3/259,0,0,ALL,exudation
recovered_archive1/24,0,0,ALL,exudation
recovered_archive1/30,1,1,ALL,exudation
recovered_archive1/46,1,1,ALL,exudation
recovered_archive1/49,0,1,ALL,exudation
recovered_archive1/66,1,1,ALL,exudation
recovered_archive1/69,1,1,ALL,exudation
recovered_archive1/70,0,0,ALL,exudation
recovered_archive1/72,0,0,ALL,exudation
recovered_archive1/73,1,0,ALL,exudation
recovered_archive1/74,0,0,ALL,exudation
recovered_archive1/76,0,1,ALL,exudation
recovered_archive1/78,0,0,ALL,exudation
recovered_archive1/80,1,0,ALL,exudation
recovered_archive1/84,1,1,ALL,exudation
recovered_archive2/105,1,1,ALL,exudation
recovered_archive2/110,1,1,ALL,exudation
recovered_archive2/111,0,0,ALL,exudation
recovered_archive2/116,1,1,ALL,exudation
recovered_archive2/119,0,0,ALL,exudation
recovered_archive2/123,0,0,ALL,exudation
recovered_archive2/127,1,0,ALL,exudation
recovered_archive2/136,1,1,ALL,exudation
recovered_archive2/144,0,0,ALL,exudation
recovered_archive2/148,0,0,ALL,exudation
recovered_archive2/150,0,0,ALL,exudation
recovered_archive2/151,1,1,ALL,exudation
recovered_archive2/152,1,1,ALL,exudation
recovered_archive2/159,1,1,ALL,exudation
recovered_archive2/167,0,0,ALL,exudation
recovered_archive2/182,0,0,ALL,exudation
recovered_archive2/185,0,0,ALL,exudation
recovered_archive2/190,0,1,ALL,exudation
recovered_archive2/200,1,1,ALL,exudation
recovered_archive3/211,1,1,ALL,exudation
recovered_archive3/215,1,0,ALL,exudation
recovered_archive3/225,0,0,ALL,exudation
recovered_archive3/226,1,1,ALL,exudation
recovered_archive3/227,1,1,ALL,exudation
recovered_archive3/230,0,1,ALL,exudation
recovered_archive3/232,0,0,ALL,exudation
recovered_archive3/234,1,1,ALL,exudation
recovered_archive3/236,0,0,ALL,exudation
recovered_archive3/244,1,0,ALL,exudation
recovered_archive3/251,0,0,ALL,exudation
recovered_archive3/252,1,1,ALL,exudation
recovered_archive3/263,1,1,ALL,exudation
recovered_archive1/29,0,0,ALL,exudation
recovered_archive1/32,1,1,ALL,exudation
recovered_archive1/37,1,1,ALL,exudation
recovered_archive1/38,1,1,ALL,exudation
recovered_archive1/40,1,1,ALL,exudation
recovered_archive1/47,1,0,ALL,exudation
recovered_archive1/51,0,1,ALL,exudation
recovered_archive1/61,0,0,ALL,exudation
recovered_archive1/62,1,1,ALL,exudation
recovered_archive1/68,0,0,ALL,exudation
recovered_archive1/77,1,0,ALL,exudation
recovered_archive1/9,0,0,ALL,exudation
recovered_archive1/90,0,0,ALL,exudation
recovered_archive1/94,0,1,ALL,exudation
recovered_archive1/99,1,1,ALL,exudation
recovered_archive2/102,1,0,ALL,exudation
recovered_archive2/109,0,0,ALL,exudation
recovered_archive2/113,1,1,ALL,exudation
recovered_archive2/114,1,1,ALL,exudation
recovered_archive2/122,0,0,ALL,exudation
recovered_archive2/124,0,0,ALL,exudation
recovered_archive2/125,0,0,ALL,exudation
recovered_archive2/139,1,1,ALL,exudation
recovered_archive2/154,1,1,ALL,exudation
recovered_archive2/162,1,0,ALL,exudation
recovered_archive2/164,1,0,ALL,exudation
recovered_archive2/168,0,0,ALL,exudation
recovered_archive2/175,1,1,ALL,exudation
recovered_archive2/176,0,0,ALL,exudation
recovered_archive2/179,0,1,ALL,exudation
recovered_archive2/189,0,0,ALL,exudation
recovered_archive2/191,0,0,ALL,exudation
recovered_archive2/197,1,1,ALL,exudation
recovered_archive2/199,0,1,ALL,exudation
recovered_archive3/206,0,0,ALL,exudation
recovered_archive3/209,0,1,ALL,exudation
recovered_archive3/213,1,1,ALL,exudation
recovered_archive3/221,0,1,ALL,exudation
recovered_archive3/223,1,1,ALL,exudation
recovered_archive3/231,1,0,ALL,exudation
recovered_archive3/242,0,0,ALL,exudation
recovered_archive3/246,0,0,ALL,exudation
recovered_archive3/250,1,1,ALL,exudation
recovered_archive3/256,1,1,ALL,exudation
recovered_archive3/266,0,0,ALL,exudation
recovered_archive3/267,0,0,ALL,exudation
recovered_archive1/23,0,0,A0+SEG,exudation
recovered_archive1/28,0,0,A0+SEG,exudation
recovered_archive1/34,1,1,A0+SEG,exudation
recovered_archive1/41,1,1,A0+SEG,exudation
recovered_archive1/52,1,1,A0+SEG,exudation
recovered_archive1/53,1,0,A0+SEG,exudation
recovered_archive1/55,0,0,A0+SEG,exudation
recovered_archive1/57,1,1,A0+SEG,exudation
recovered_archive1/79,1,1,A0+SEG,exudation
recovered_archive1/83,1,1,A0+SEG,exudation
recovered_archive1/86,0,0,A0+SEG,exudation
recovered_archive1/89,0,1,A0+SEG,exudation
recovered_archive1/93,0,1,A0+SEG,exudation
recovered_archive1/95,0,0,A0+SEG,exudation
recovered_archive2/104,1,1,A0+SEG,exudation
recovered_archive2/117,0,0,A0+SEG,exudation
recovered_archive2/120,1,1,A0+SEG,exudation
recovered_archive2/121,1,1,A0+SEG,exudation
recovered_archive2/130,0,1,A0+SEG,exudation
recovered_archive2/132,1,0,A0+SEG,exudation
recovered_archive2/135,0,1,A0+SEG,exudation
recovered_archive2/140,1,1,A0+SEG,exudation
recovered_archive2/141,0,0,A0+SEG,exudation
recovered_archive2/153,0,1,A0+SEG,exudation
recovered_archive2/158,0,0,A0+SEG,exudation
recovered_archive2/163,1,1,A0+SEG,exudation
recovered_archive2/165,1,1,A0+SEG,exudation
recovered_archive2/171,0,0,A0+SEG,exudation
recovered_archive2/173,0,0,A0+SEG,exudation
recovered_archive2/177,0,0,A0+SEG,exudation
recovered_archive2/180,0,1,A0+SEG,exudation
recovered_archive2/193,1,0,A0+SEG,exudation
recovered_archive2/195,0,0,A0+SEG,exudation
recovered_archive3/201,1,1,A0+SEG,exudation
recovered_archive3/203,0,1,A0+SEG,exudation
recovered_archive3/208,1,0,A0+SEG,exudation
recovered_archive3/216,1,1,A0+SEG,exudation
recovered_archive3/219,1,1,A0+SEG,exudation
recovered_archive3/220,1,1,A0+SEG,exudation
recovered_archive3/224,1,1,A0+SEG,exudation
recovered_archive3/228,0,1,A0+SEG,exudation
recovered_archive3/237,0,0,A0+SEG,exudation
recovered_archive3/248,0,0,A0+SEG,exudation
recovered_archive3/257,0,0,A0+SEG,exudation
recovered_archive3/261,1,1,A0+SEG,exudation
recovered_archive3/265,0,0,A0+SEG,exudation
recovered_archive1/1,0,1,ALL,blood_color
recovered_archive1/100,1,1,ALL,blood_color
recovered_archive1/31,0,0,ALL,blood_color
recovered_archive1/33,0,0,ALL,blood_color
recovered_archive1/36,0,0,ALL,blood_color
recovered_archive1/42,1,0,ALL,blood_color
recovered_archive1/44,1,0,ALL,blood_color
recovered_archive1/59,1,1,ALL,blood_color
recovered_archive1/65,0,1,ALL,blood_color
recovered_archive1/67,1,1,ALL,blood_color
recovered_archive1/75,1,0,ALL,blood_color
recovered_archive1/82,0,0,ALL,blood_color
recovered_archive1/88,0,0,ALL,blood_color
recovered_archive1/97,0,1,ALL,blood_color
recovered_archive2/101,0,0,ALL,blood_color
recovered_archive2/103,0,0,ALL,blood_color
recovered_archive2/108,1,1,ALL,blood_color
recovered_archive2/112,1,1,ALL,blood_color
recovered_archive2/115,1,1,ALL,blood_color
recovered_archive2/134,0,0,ALL,blood_color
recovered_archive2/138,1,1,ALL,blood_color
recovered_archive2/142,0,0,ALL,blood_color
recovered_archive2/143,0,0,ALL,blood_color
recovered_archive2/145,0,0,ALL,blood_color
recovered_archive2/147,1,1,ALL,blood_color
recovered_archive2/155,1,0,ALL,blood_color
recovered_archive2/156,1,1,ALL,blood_color
recovered_archive2/169,0,0,ALL,blood_color
recovered_archive2/170,0,0,ALL,blood_color
recovered_archive2/172,1,1,ALL,blood_color
recovered_archive2/178,1,0,ALL,blood_color
recovered_archive2/181,0,0,ALL,blood_color
recovered_archive2/183,1,1,ALL,blood_color
recovered_archive2/194,0,0,ALL,blood_color
recovered_archive3/202,0,0,ALL,blood_color
recovered_archive3/204,0,0,ALL,blood_color
recovered_archive3/207,0,0,ALL,blood_color
recovered_archive3/214,1,1,ALL,blood_color
recovered_archive3/217,1,0,ALL,blood_color
recovered_archive3/218,1,0,ALL,blood_color
recovered_archive3/222,1,1,ALL,blood_color
recovered_archive3/233,1,1,ALL,blood_color
recovered_archive3/254,0,1,ALL,blood_color
recovered_archive3/260,1,1,ALL,blood_color
recovered_archive3/262,0,1,ALL,blood_color
recovered_archive3/264,0,0,ALL,blood_color
recovered_archive1/35,0,1,COL,blood_color
recovered_archive1/39,0,0,COL,blood_color
recovered_archive1/45,1,1,COL,blood_color
recovered_archive1/48,1,1,COL,blood_color
recovered_archive1/54,0,0,COL,blood_color
recovered_archive1/60,0,0,COL,blood_color
recovered_archive1/63,1,1,COL,blood_color
recovered_archive1/64,0,1,COL,blood_color
recovered_archive1/71,0,0,COL,blood_color
recovered_archive1/81,0,1,COL,blood_color
recovered_archive1/91,1,1,COL,blood_color
recovered_archive1/92,0,0,COL,blood_color
recovered_archive1/96,0,0,COL,blood_color
recovered_archive1/98,1,1,COL,blood_color
recovered_archive2/106,0,0,COL,blood_color
recovered_archive2/107,0,1,COL,blood_color
recovered_archive2/118,1,1,COL,blood_color
recovered_archive2/126,0,0,COL,blood_color
recovered_archive2/128,0,1,COL,blood_color
recovered_archive2/129,0,1,COL,blood_color
recovered_archive2/131,0,0,COL,blood_color
recovered_archive2/146,0,1,COL,blood_color
recovered_archive2/149,1,1,COL,blood_color
recovered_archive2/157,0,0,COL,blood_color
recovered_archive2/161,0,1,COL,blood_color
recovered_archive2/166,1,1,COL,blood_color
recovered_archive2/174,0,0,COL,blood_color
recovered_archive2/184,0,1,COL,blood_color
recovered_archive2/186,0,1,COL,blood_color
recovered_archive2/187,1,1,COL,blood_color
recovered_archive2/192,0,0,COL,blood_color
recovered_archive2/196,1,1,COL,blood_color
recovered_archive2/198,1,0,COL,blood_color
recovered_archive3/205,0,0,COL,blood_color
recovered_archive3/210,0,1,COL,blood_color
recovered_archive3/212,1,1,COL,blood_color
recovered_archive3/229,1,1,COL,blood_color
recovered_archive3/235,0,0,COL,blood_color
recovered_archive3/241,1,1,COL,blood_color
recovered_archive3/247,1,0,COL,blood_color
recovered_archive3/249,1,1,COL,blood_color
recovered_archive3/253,0,1,COL,blood_color
recovered_archive3/255,1,1,COL,blood_color
recovered_archive3/259,0,0,COL,blood_color
recovered_archive1/24,1,1,A0+SEG,blood_color
recovered_archive1/30,0,1,A0+SEG,blood_color
recovered_archive1/46,1,1,A0+SEG,blood_color
recovered_archive1/49,0,0,A0+SEG,blood_color
recovered_archive1/66,1,1,A0+SEG,blood_color
recovered_archive1/69,1,1,A0+SEG,blood_color
recovered_archive1/70,0,0,A0+SEG,blood_color
recovered_archive1/72,0,1,A0+SEG,blood_color
recovered_archive1/73,0,0,A0+SEG,blood_color
recovered_archive1/74,0,1,A0+SEG,blood_color
recovered_archive1/76,0,1,A0+SEG,blood_color
recovered_archive1/78,0,0,A0+SEG,blood_color
recovered_archive1/80,1,1,A0+SEG,blood_color
recovered_archive1/84,0,1,A0+SEG,blood_color
recovered_archive2/105,0,0,A0+SEG,blood_color
recovered_archive2/110,1,1,A0+SEG,blood_color
recovered_archive2/111,0,0,A0+SEG,blood_color
recovered_archive2/116,0,1,A0+SEG,blood_color
recovered_archive2/119,0,0,A0+SEG,blood_color
recovered_archive2/123,1,0,A0+SEG,blood_color
recovered_archive2/127,0,1,A0+SEG,blood_color
recovered_archive2/136,1,1,A0+SEG,blood_color
recovered_archive2/148,0,0,A0+SEG,blood_color
recovered_archive2/150,1,1,A0+SEG,blood_color
recovered_archive2/151,0,0,A0+SEG,blood_color
recovered_archive2/152,1,1,A0+SEG,blood_color
recovered_archive2/159,1,1,A0+SEG,blood_color
recovered_archive2/167,0,0,A0+SEG,blood_color
recovered_archive2/182,1,1,A0+SEG,blood_color
recovered_archive2/190,1,1,A0+SEG,blood_color
recovered_archive2/200,1,1,A0+SEG,blood_color
recovered_archive3/211,0,1,A0+SEG,blood_color
recovered_archive3/215,0,1,A0+SEG,blood_color
recovered_archive3/225,0,1,A0+SEG,blood_color
recovered_archive3/226,1,0,A0+SEG,blood_color
recovered_archive3/227,1,1,A0+SEG,blood_color
recovered_archive3/230,0,0,A0+SEG,blood_color
recovered_archive3/232,0,0,A0+SEG,blood_color
recovered_archive3/234,1,1,A0+SEG,blood_color
recovered_archive3/236,0,0,A0+SEG,blood_color
recovered_archive3/244,0,0,A0+SEG,blood_color
recovered_archive3/251,0,0,A0+SEG,blood_color
recovered_archive3/252,1,1,A0+SEG,blood_color
recovered_archive3/263,0,0,A0+SEG,blood_color
recovered_archive1/29,0,0,COL,blood_color
recovered_archive1/32,1,1,COL,blood_color
recovered_archive1/37,1,1,COL,blood_color
recovered_archive1/38,1,1,COL,blood_color
recovered_archive1/40,0,0,COL,blood_color
recovered_archive1/47,0,0,COL,blood_color
recovered_archive1/51,0,0,COL,blood_color
recovered_archive1/61,1,0,COL,blood_color
recovered_archive1/62,1,1,COL,blood_color
recovered_archive1/68,1,1,COL,blood_color
recovered_archive1/77,1,1,COL,blood_color
recovered_archive1/9,1,1,COL,blood_color
recovered_archive1/90,0,0,COL,blood_color
recovered_archive1/94,1,1,COL,blood_color
recovered_archive1/99,1,1,COL,blood_color
recovered_archive2/102,0,0,COL,blood_color
recovered_archive2/109,0,0,COL,blood_color
recovered_archive2/113,1,0,COL,blood_color
recovered_archive2/114,0,0,COL,blood_color
recovered_archive2/122,0,1,COL,blood_color
recovered_archive2/124,0,0,COL,blood_color
recovered_archive2/125,0,0,COL,blood_color
recovered_archive2/139,1,1,COL,blood_color
recovered_archive2/154,0,1,COL,blood_color
recovered_archive2/162,1,1,COL,blood_color
recovered_archive2/164,0,0,COL,blood_color
recovered_archive2/168,0,0,COL,blood_color
recovered_archive2/175,0,0,COL,blood_color
recovered_archive2/176,1,1,COL,blood_color
recovered_archive2/179,1,1,COL,blood_color
recovered_archive2/189,1,1,COL,blood_color
recovered_archive2/191,0,0,COL,blood_color
recovered_archive2/197,0,0,COL,blood_color
recovered_archive2/199,1,0,COL,blood_color
recovered_archive3/206,1,1,COL,blood_color
recovered_archive3/209,0,0,COL,blood_color
recovered_archive3/213,1,1,COL,blood_color
recovered_archive3/221,0,0,COL,blood_color
recovered_archive3/223,1,1,COL,blood_color
recovered_archive3/231,1,1,COL,blood_color
recovered_archive3/242,0,0,COL,blood_color
recovered_archive3/246,0,0,COL,blood_color
recovered_archive3/250,1,1,COL,blood_color
recovered_archive3/256,1,1,COL,blood_color
recovered_archive3/266,0,0,COL,blood_color
recovered_archive3/267,1,1,COL,blood_color
recovered_archive1/23,1,0,COL,blood_color
recovered_archive1/28,1,1,COL,blood_color
recovered_archive1/34,1,1,COL,blood_color
recovered_archive1/41,1,0,COL,blood_color
recovered_archive1/52,1,0,COL,blood_color
recovered_archive1/53,1,0,COL,blood_color
recovered_archive1/55,0,0,COL,blood_color
recovered_archive1/57,1,0,COL,blood_color
recovered_archive1/79,0,0,COL,blood_color
recovered_archive1/83,1,0,COL,blood_color
recovered_archive1/86,0,0,COL,blood_color
recovered_archive1/89,0,0,COL,blood_color
recovered_archive1/93,0,0,COL,blood_color
recovered_archive1/95,0,0,COL,blood_color
recovered_archive2/104,0,0,COL,blood_color
recovered_archive2/117,0,0,COL,blood_color
recovered_archive2/120,0,0,COL,blood_color
recovered_archive2/121,0,0,COL,blood_color
recovered_archive2/130,1,1,COL,blood_color
recovered_archive2/132,1,1,COL,blood_color
recovered_archive2/135,1,1,COL,blood_color
recovered_archive2/140,1,1,COL,blood_color
recovered_archive2/141,1,1,COL,blood_color
recovered_archive2/153,0,0,COL,blood_color
recovered_archive2/158,0,0,COL,blood_color
recovered_archive2/163,1,1,COL,blood_color
recovered_archive2/165,1,0,COL,blood_color
recovered_archive2/171,0,0,COL,blood_color
recovered_archive2/173,0,0,COL,blood_color
recovered_archive2/177,0,0,COL,blood_color
recovered_archive2/180,0,1,COL,blood_color
recovered_archive2/193,1,1,COL,blood_color
recovered_archive2/195,0,0,COL,blood_color
recovered_archive3/201,0,0,COL,blood_color
recovered_archive3/203,1,0,COL,blood_color
recovered_archive3/208,0,0,COL,blood_color
recovered_archive3/216,1,0,COL,blood_color
recovered_archive3/220,0,0,COL,blood_color
recovered_archive3/224,1,1,COL,blood_color
recovered_archive3/228,0,0,COL,blood_color
recovered_archive3/237,0,0,COL,blood_color
recovered_archive3/248,0,0,COL,blood_color
recovered_archive3/257,1,1,COL,blood_color
recovered_archive3/261,1,1,COL,blood_color
recovered_archive3/265,0,0,COL,blood_color
recovered_archive1/1,0,0,COL,microthrombus
recovered_archive1/100,0,1,COL,microthrombus
recovered_archive1/31,0,0,COL,microthrombus
recovered_archive1/33,0,0,COL,microthrombus
recovered_archive1/36,0,0,COL,microthrombus
recovered_archive1/42,0,0,COL,microthrombus
recovered_archive1/44,1,1,COL,microthrombus
recovered_archive1/59,0,1,COL,microthrombus
recovered_archive1/65,0,1,COL,microthrombus
recovered_archive1/67,0,0,COL,microthrombus
recovered_archive1/75,1,0,COL,microthrombus
recovered_archive1/82,0,1,COL,microthrombus
recovered_archive1/85,1,1,COL,microthrombus
recovered_archive1/88,0,1,COL,microthrombus
recovered_archive1/97,0,1,COL,microthrombus
recovered_archive2/101,0,0,COL,microthrombus
recovered_archive2/103,1,1,COL,microthrombus
recovered_archive2/108,0,0,COL,microthrombus
recovered_archive2/112,0,0,COL,microthrombus
recovered_archive2/115,0,1,COL,microthrombus
recovered_archive2/134,0,0,COL,microthrombus
recovered_archive2/138,0,0,COL,microthrombus
recovered_archive2/142,1,1,COL,microthrombus
recovered_archive2/143,0,0,COL,microthrombus
recovered_archive2/145,0,0,COL,microthrombus
recovered_archive2/147,1,0,COL,microthrombus
recovered_archive2/155,0,0,COL,microthrombus
recovered_archive2/156,0,1,COL,microthrombus
recovered_archive2/169,1,0,COL,microthrombus
recovered_archive2/170,0,0,COL,microthrombus
recovered_archive2/172,0,0,COL,microthrombus
recovered_archive2/178,1,1,COL,microthrombus
recovered_archive2/181,0,0,COL,microthrombus
recovered_archive2/183,1,1,COL,microthrombus
recovered_archive2/194,0,0,COL,microthrombus
recovered_archive3/202,0,0,COL,microthrombus
recovered_archive3/204,1,1,COL,microthrombus
recovered_archive3/207,1,0,COL,microthrombus
recovered_archive3/214,1,0,COL,microthrombus
recovered_archive3/217,0,0,COL,microthrombus
recovered_archive3/218,1,1,COL,microthrombus
recovered_archive3/222,1,1,COL,microthrombus
recovered_archive3/233,1,1,COL,microthrombus
recovered_archive3/254,1,0,COL,microthrombus
recovered_archive3/260,1,1,COL,microthrombus
recovered_archive3/262,1,0,COL,microthrombus
recovered_archive3/264,1,1,COL,microthrombus
recovered_archive1/35,0,0,COL,microthrombus
recovered_archive1/39,1,0,COL,microthrombus
recovered_archive1/45,1,1,COL,microthrombus
recovered_archive1/48,0,0,COL,microthrombus
recovered_archive1/54,0,0,COL,microthrombus
recovered_archive1/60,1,1,COL,microthrombus
recovered_archive1/63,0,1,COL,microthrombus
recovered_archive1/64,0,1,COL,microthrombus
recovered_archive1/71,1,0,COL,microthrombus
recovered_archive1/81,0,0,COL,microthrombus
recovered_archive1/91,1,1,COL,microthrombus
recovered_archive1/92,0,0,COL,microthrombus
recovered_archive1/96,0,0,COL,microthrombus
recovered_archive1/98,0,0,COL,microthrombus
recovered_archive2/106,0,0,COL,microthrombus
recovered_archive2/107,0,1,COL,microthrombus
recovered_archive2/118,0,1,COL,microthrombus
recovered_archive2/126,0,0,COL,microthrombus
recovered_archive2/128,0,0,COL,microthrombus
recovered_archive2/129,0,0,COL,microthrombus
recovered_archive2/131,0,0,COL,microthrombus
recovered_archive2/146,1,1,COL,microthrombus
recovered_archive2/149,1,1,COL,microthrombus
recovered_archive2/157,0,1,COL,microthrombus
recovered_archive2/161,1,1,COL,microthrombus
recovered_archive2/166,0,1,COL,microthrombus
recovered_archive2/174,0,0,COL,microthrombus
recovered_archive2/184,0,1,COL,microthrombus
recovered_archive2/186,1,1,COL,microthrombus
recovered_archive2/187,1,1,COL,microthrombus
recovered_archive2/192,1,0,COL,microthrombus
recovered_archive2/196,0,1,COL,microthrombus
recovered_archive2/198,1,1,COL,microthrombus
recovered_archive3/205,1,0,COL,microthrombus
recovered_archive3/210,0,0,COL,microthrombus
recovered_archive3/212,0,1,COL,microthrombus
recovered_archive3/229,1,1,COL,microthrombus
recovered_archive3/235,1,1,COL,microthrombus
recovered_archive3/241,1,1,COL,microthrombus
recovered_archive3/247,0,1,COL,microthrombus
recovered_archive3/249,0,1,COL,microthrombus
recovered_archive3/253,0,1,COL,microthrombus
recovered_archive3/255,1,1,COL,microthrombus
recovered_archive3/258,1,0,COL,microthrombus
recovered_archive3/259,0,0,COL,microthrombus
recovered_archive1/24,0,0,A0+COL,microthrombus
recovered_archive1/30,1,1,A0+COL,microthrombus
recovered_archive1/46,1,1,A0+COL,microthrombus
recovered_archive1/49,0,0,A0+COL,microthrombus
recovered_archive1/66,1,0,A0+COL,microthrombus
recovered_archive1/69,0,1,A0+COL,microthrombus
recovered_archive1/70,0,0,A0+COL,microthrombus
recovered_archive1/72,1,1,A0+COL,microthrombus
recovered_archive1/73,1,1,A0+COL,microthrombus
recovered_archive1/74,0,0,A0+COL,microthrombus
recovered_archive1/76,1,0,A0+COL,microthrombus
recovered_archive1/78,0,0,A0+COL,microthrombus
recovered_archive1/80,0,1,A0+COL,microthrombus
recovered_archive1/84,0,0,A0+COL,microthrombus
recovered_archive2/105,0,1,A0+COL,microthrombus
recovered_archive2/110,1,0,A0+COL,microthrombus
recovered_archive2/111,0,0,A0+COL,microthrombus
recovered_archive2/116,0,0,A0+COL,microthrombus
recovered_archive2/119,0,0,A0+COL,microthrombus
recovered_archive2/123,1,1,A0+COL,microthrombus
recovered_archive2/127,0,0,A0+COL,microthrombus
recovered_archive2/136,1,1,A0+COL,microthrombus
recovered_archive2/144,0,0,A0+COL,microthrombus
recovered_archive2/148,1,1,A0+COL,microthrombus
recovered_archive2/150,0,0,A0+COL,microthrombus
recovered_archive2/151,0,0,A0+COL,microthrombus
recovered_archive2/152,1,0,A0+COL,microthrombus
recovered_archive2/159,0,0,A0+COL,microthrombus
recovered_archive2/167,0,0,A0+COL,microthrombus
recovered_archive2/182,0,0,A0+COL,microthrombus
recovered_archive2/185,0,1,A0+COL,microthrombus
recovered_archive2/190,0,1,A0+COL,microthrombus
recovered_archive2/200,1,1,A0+COL,microthrombus
recovered_archive3/211,0,0,A0+COL,microthrombus
recovered_archive3/215,1,1,A0+COL,microthrombus
recovered_archive3/225,1,1,A0+COL,microthrombus
recovered_archive3/226,1,1,A0+COL,microthrombus
recovered_archive3/227,0,0,A0+COL,microthrombus
recovered_archive3/230,0,0,A0+COL,microthrombus
recovered_archive3/232,1,0,A0+COL,microthrombus
recovered_archive3/234,0,0,A0+COL,microthrombus
recovered_archive3/236,1,1,A0+COL,microthrombus
recovered_archive3/244,0,1,A0+COL,microthrombus
recovered_archive3/251,1,0,A0+COL,microthrombus
recovered_archive3/252,0,1,A0+COL,microthrombus
recovered_archive3/263,0,0,A0+COL,microthrombus
recovered_archive1/29,0,1,A0+DET,microthrombus
recovered_archive1/32,0,0,A0+DET,microthrombus
recovered_archive1/37,0,0,A0+DET,microthrombus
recovered_archive1/38,1,1,A0+DET,microthrombus
recovered_archive1/40,0,0,A0+DET,microthrombus
recovered_archive1/47,0,1,A0+DET,microthrombus
recovered_archive1/61,0,0,A0+DET,microthrombus
recovered_archive1/62,0,1,A0+DET,microthrombus
recovered_archive1/68,0,1,A0+DET,microthrombus
recovered_archive1/77,1,1,A0+DET,microthrombus
recovered_archive1/9,1,1,A0+DET,microthrombus
recovered_archive1/90,1,1,A0+DET,microthrombus
recovered_archive1/94,0,0,A0+DET,microthrombus
recovered_archive1/99,1,0,A0+DET,microthrombus
recovered_archive2/102,0,1,A0+DET,microthrombus
recovered_archive2/109,1,1,A0+DET,microthrombus
recovered_archive2/113,0,0,A0+DET,microthrombus
recovered_archive2/114,1,1,A0+DET,microthrombus
recovered_archive2/122,0,1,A0+DET,microthrombus
recovered_archive2/124,0,1,A0+DET,microthrombus
recovered_archive2/125,1,0,A0+DET,microthrombus
recovered_archive2/139,1,1,A0+DET,microthrombus
recovered_archive2/154,0,0,A0+DET,microthrombus
recovered_archive2/162,1,1,A0+DET,microthrombus
recovered_archive2/164,0,0,A0+DET,microthrombus
recovered_archive2/168,1,1,A0+DET,microthrombus
recovered_archive2/175,0,1,A0+DET,microthrombus
recovered_archive2/176,1,1,A0+DET,microthrombus
recovered_archive2/179,1,1,A0+DET,microthrombus
recovered_archive2/189,0,1,A0+DET,microthrombus
recovered_archive2/191,0,1,A0+DET,microthrombus
recovered_archive2/197,0,0,A0+DET,microthrombus
recovered_archive2/199,1,0,A0+DET,microthrombus
recovered_archive3/206,1,1,A0+DET,microthrombus
recovered_archive3/209,0,0,A0+DET,microthrombus
recovered_archive3/213,1,1,A0+DET,microthrombus
recovered_archive3/221,0,1,A0+DET,microthrombus
recovered_archive3/223,1,0,A0+DET,microthrombus
recovered_archive3/231,1,1,A0+DET,microthrombus
recovered_archive3/242,0,1,A0+DET,microthrombus
recovered_archive3/246,1,1,A0+DET,microthrombus
recovered_archive3/250,1,1,A0+DET,microthrombus
recovered_archive3/256,0,1,A0+DET,microthrombus
recovered_archive3/266,0,1,A0+DET,microthrombus
recovered_archive3/267,0,1,A0+DET,microthrombus
recovered_archive1/23,0,0,ALL,microthrombus
recovered_archive1/28,0,0,ALL,microthrombus
recovered_archive1/34,1,1,ALL,microthrombus
recovered_archive1/41,0,1,ALL,microthrombus
recovered_archive1/52,0,0,ALL,microthrombus
recovered_archive1/53,0,1,ALL,microthrombus
recovered_archive1/55,0,0,ALL,microthrombus
recovered_archive1/57,0,0,ALL,microthrombus
recovered_archive1/79,0,0,ALL,microthrombus
recovered_archive1/83,0,0,ALL,microthrombus
recovered_archive1/86,0,0,ALL,microthrombus
recovered_archive1/89,1,1,ALL,microthrombus
recovered_archive1/95,0,0,ALL,microthrombus
recovered_archive2/104,0,0,ALL,microthrombus
recovered_archive2/117,0,0,ALL,microthrombus
recovered_archive2/120,0,0,ALL,microthrombus
recovered_archive2/121,0,0,ALL,microthrombus
recovered_archive2/130,1,1,ALL,microthrombus
recovered_archive2/132,1,1,ALL,microthrombus
recovered_archive2/135,0,0,ALL,microthrombus
recovered_archive2/140,0,1,ALL,microthrombus
recovered_archive2/141,0,1,ALL,microthrombus
recovered_archive2/153,1,0,ALL,microthrombus
recovered_archive2/158,1,1,ALL,microthrombus
recovered_archive2/163,1,0,ALL,microthrombus
recovered_archive2/165,0,1,ALL,microthrombus
recovered_archive2/171,0,0,ALL,microthrombus
recovered_archive2/173,1,0,ALL,microthrombus
recovered_archive2/177,1,1,ALL,microthrombus
recovered_archive2/180,0,0,ALL,microthrombus
recovered_archive2/193,1,1,ALL,microthrombus
recovered_archive2/195,1,1,ALL,microthrombus
recovered_archive3/201,0,0,ALL,microthrombus
recovered_archive3/203,0,0,ALL,microthrombus
recovered_archive3/208,0,1,ALL,microthrombus
recovered_archive3/216,1,0,ALL,microthrombus
recovered_archive3/219,0,0,ALL,microthrombus
recovered_archive3/220,1,0,ALL,microthrombus
recovered_archive3/224,0,1,ALL,microthrombus
recovered_archive3/228,0,0,ALL,microthrombus
recovered_archive3/237,0,0,ALL,microthrombus
recovered_archive3/248,1,1,ALL,microthrombus
recovered_archive3/257,1,1,ALL,microthrombus
recovered_archive3/261,0,0,ALL,microthrombus
recovered_archive3/265,0,0,ALL,microthrombus
recovered_archive1/1,0,0,A0+DET,malformation
recovered_archive1/31,1,0,A0+DET,malformation
recovered_archive1/36,1,0,A0+DET,malformation
recovered_archive1/44,1,1,A0+DET,malformation
recovered_archive1/59,0,0,A0+DET,malformation
recovered_archive1/67,1,1,A0+DET,malformation
recovered_archive1/75,1,1,A0+DET,malformation
recovered_archive1/82,0,0,A0+DET,malformation
recovered_archive1/85,0,0,A0+DET,malformation
recovered_archive1/88,1,0,A0+DET,malformation
recovered_archive1/97,0,1,A0+DET,malformation
recovered_archive2/101,0,1,A0+DET,malformation
recovered_archive2/103,1,1,A0+DET,malformation
recovered_archive2/108,0,1,A0+DET,malformation
recovered_archive2/112,1,1,A0+DET,malformation
recovered_archive2/115,1,1,A0+DET,malformation
recovered_archive2/134,1,1,A0+DET,malformation
recovered_archive2/138,0,0,A0+DET,malformation
recovered_archive2/142,0,1,A0+DET,malformation
recovered_archive2/143,0,0,A0+DET,malformation
recovered_archive2/145,0,1,A0+DET,malformation
recovered_archive2/147,1,1,A0+DET,malformation
recovered_archive2/155,0,0,A0+DET,malformation
recovered_archive2/170,1,1,A0+DET,malformation
recovered_archive2/172,0,0,A0+DET,malformation
recovered_archive2/181,0,0,A0+DET,malformation
recovered_archive2/183,1,1,A0+DET,malformation
recovered_archive3/202,1,1,A0+DET,malformation
recovered_archive3/207,0,0,A0+DET,malformation
recovered_archive3/214,0,1,A0+DET,malformation
recovered_archive3/217,1,1,A0+DET,malformation
recovered_archive3/218,0,0,A0+DET,malformation
recovered_archive3/222,1,1,A0+DET,malformation
recovered_archive3/233,0,1,A0+DET,malformation
recovered_archive3/254,0,1,A0+DET,malformation
recovered_archive3/260,0,1,A0+DET,malformation
recovered_archive3/262,0,0,A0+DET,malformation
recovered_archive3/264,1,0,A0+DET,malformation
recovered_archive1/35,1,1,A0+DET,malformation
recovered_archive1/39,1,0,A0+DET,malformation
recovered_archive1/45,0,0,A0+DET,malformation
recovered_archive1/48,1,1,A0+DET,malformation
recovered_archive1/54,1,1,A0+DET,malformation
recovered_archive1/60,1,0,A0+DET,malformation
recovered_archive1/64,1,1,A0+DET,malformation
recovered_archive1/71,0,0,A0+DET,malformation
recovered_archive1/81,1,0,A0+DET,malformation
recovered_archive1/91,0,1,A0+DET,malformation
recovered_archive1/92,0,0,A0+DET,malformation
recovered_archive1/96,0,0,A0+DET,malformation
recovered_archive1/98,1,0,A0+DET,malformation
recovered_archive2/106,1,1,A0+DET,malformation
recovered_archive2/107,0,0,A0+DET,malformation
recovered_archive2/118,1,0,A0+DET,malformation
recovered_archive2/126,0,1,A0+DET,malformation
recovered_archive2/128,1,1,A0+DET,malformation
recovered_archive2/129,0,0,A0+DET,malformation
recovered_archive2/131,0,0,A0+DET,malformation
recovered_archive2/146,0,0,A0+DET,malformation
recovered_archive2/149,1,0,A0+DET,malformation
recovered_archive2/157,0,0,A0+DET,malformation
recovered_archive2/161,1,0,A0+DET,malformation
recovered_archive2/166,0,1,A0+DET,malformation
recovered_archive2/174,0,1,A0+DET,malformation
recovered_archive2/184,1,0,A0+DET,malformation
recovered_archive2/186,0,0,A0+DET,malformation
recovered_archive2/187,0,1,A0+DET,malformation
recovered_archive2/192,0,0,A0+DET,malformation
recovered_archive2/196,1,1,A0+DET,malformation
recovered_archive2/198,1,1,A0+DET,malformation
recovered_archive3/205,0,0,A0+DET,malformation
recovered_archive3/210,1,1,A0+DET,malformation
recovered_archive3/212,0,1,A0+DET,malformation
recovered_archive3/229,0,0,A0+DET,malformation
recovered_archive3/241,0,0,A0+DET,malformation
recovered_archive3/243,0,0,A0+DET,malformation
recovered_archive3/247,1,0,A0+DET,malformation
recovered_archive3/249,1,1,A0+DET,malformation
recovered_archive3/253,1,1,A0+DET,malformation
recovered_archive3/258,0,1,A0+DET,malformation
recovered_archive1/24,0,0,A0+DET,malformation
recovered_archive1/30,0,0,A0+DET,malformation
recovered_archive1/46,1,0,A0+DET,malformation
recovered_archive1/49,0,1,A0+DET,malformation
recovered_archive1/66,1,1,A0+DET,malformation
recovered_archive1/70,0,1,A0+DET,malformation
recovered_archive1/72,1,0,A0+DET,malformation
recovered_archive1/73,1,0,A0+DET,malformation
recovered_archive1/74,1,1,A0+DET,malformation
recovered_archive1/76,1,1,A0+DET,malformation
recovered_archive1/78,0,0,A0+DET,malformation
recovered_archive1/80,1,0,A0+DET,malformation
recovered_archive1/84,0,0,A0+DET,malformation
recovered_archive2/105,1,1,A0+DET,malformation
recovered_archive2/110,1,1,A0+DET,malformation
recovered_archive2/111,0,0,A0+DET,malformation
recovered_archive2/116,1,1,A0+DET,malformation
recovered_archive2/119,0,1,A0+DET,malformation
recovered_archive2/127,0,0,A0+DET,malformation
recovered_archive2/136,0,0,A0+DET,malformation
recovered_archive2/144,0,0,A0+DET,malformation
recovered_archive2/148,0,0,A0+DET,malformation
recovered_archive2/150,0,0,A0+DET,malformation
recovered_archive2/151,1,1,A0+DET,malformation
recovered_archive2/152,1,1,A0+DET,malformation
recovered_archive2/159,1,1,A0+DET,malformation
recovered_archive2/167,0,1,A0+DET,malformation
recovered_archive2/182,1,0,A0+DET,malformation
recovered_archive2/185,0,0,A0+DET,malformation
recovered_archive2/200,0,1,A0+DET,malformation
recovered_archive3/211,1,1,A0+DET,malformation
recovered_archive3/215,0,1,A0+DET,malformation
recovered_archive3/225,0,0,A0+DET,malformation
recovered_archive3/226,1,1,A0+DET,malformation
recovered_archive3/227,1,0,A0+DET,malformation
recovered_archive3/230,0,0,A0+DET,malformation
recovered_archive3/232,0,0,A0+DET,malformation
recovered_archive3/234,0,0,A0+DET,malformation
recovered_archive3/244,0,0,A0+DET,malformation
recovered_archive3/251,0,0,A0+DET,malformation
recovered_archive3/252,1,0,A0+DET,malformation
recovered_archive3/263,1,1,A0+DET,malformation
recovered_archive1/29,0,1,A0+DET,malformation
recovered_archive1/37,0,1,A0+DET,malformation
recovered_archive1/38,1,0,A0+DET,malformation
recovered_archive1/40,0,1,A0+DET,malformation
recovered_archive1/47,1,0,A0+DET,malformation
recovered_archive1/51,0,1,A0+DET,malformation
recovered_archive1/61,0,0,A0+DET,malformation
recovered_archive1/62,0,0,A0+DET,malformation
recovered_archive1/68,0,0,A0+DET,malformation
recovered_archive1/77,1,0,A0+DET,malformation
recovered_archive1/9,0,0,A0+DET,malformation
recovered_archive1/90,0,0,A0+DET,malformation
recovered_archive1/99,1,1,A0+DET,malformation
recovered_archive2/102,0,0,A0+DET,malformation
recovered_archive2/109,0,0,A0+DET,malformation
recovered_archive2/113,1,0,A0+DET,malformation
recovered_archive2/114,1,1,A0+DET,malformation
recovered_archive2/122,0,0,A0+DET,malformation
recovered_archive2/124,0,0,A0+DET,malformation
recovered_archive2/125,1,1,A0+DET,malformation
recovered_archive2/139,1,1,A0+DET,malformation
recovered_archive2/154,1,1,A0+DET,malformation
recovered_archive2/162,0,1,A0+DET,malformation
recovered_archive2/164,1,1,A0+DET,malformation
recovered_archive2/168,0,0,A0+DET,malformation
recovered_archive2/175,1,1,A0+DET,malformation
recovered_archive2/176,1,0,A0+DET,malformation
recovered_archive2/189,1,0,A0+DET,malformation
recovered_archive2/191,0,0,A0+DET,malformation
recovered_archive2/197,0,0,A0+DET,malformation
recovered_archive2/199,0,1,A0+DET,malformation
recovered_archive3/206,1,0,A0+DET,malformation
recovered_archive3/213,0,0,A0+DET,malformation
recovered_archive3/221,1,1,A0+DET,malformation
recovered_archive3/231,0,0,A0+DET,malformation
recovered_archive3/250,1,1,A0+DET,malformation
recovered_archive3/256,0,1,A0+DET,malformation
recovered_archive3/266,0,0,A0+DET,malformation
recovered_archive1/23,0,0,DET,malformation
recovered_archive1/28,1,0,DET,malformation
recovered_archive1/34,1,1,DET,malformation
recovered_archive1/41,0,1,DET,malformation
recovered_archive1/52,1,1,DET,malformation
recovered_archive1/53,0,0,DET,malformation
recovered_archive1/55,0,0,DET,malformation
recovered_archive1/79,1,1,DET,malformation
recovered_archive1/83,1,1,DET,malformation
recovered_archive1/86,0,0,DET,malformation
recovered_archive1/89,1,0,DET,malformation
recovered_archive1/95,0,1,DET,malformation
recovered_archive2/104,0,1,DET,malformation
recovered_archive2/117,0,0,DET,malformation
recovered_archive2/120,1,1,DET,malformation
recovered_archive2/121,0,1,DET,malformation
recovered_archive2/130,0,0,DET,malformation
recovered_archive2/132,0,0,DET,malformation
recovered_archive2/135,0,0,DET,malformation
recovered_archive2/140,1,1,DET,malformation
recovered_archive2/141,0,0,DET,malformation
recovered_archive2/153,1,0,DET,malformation
recovered_archive2/158,0,0,DET,malformation
recovered_archive2/163,1,0,DET,malformation
recovered_archive2/165,1,1,DET,malformation
recovered_archive2/173,0,0,DET,malformation
recovered_archive2/180,1,0,DET,malformation
recovered_archive2/193,0,0,DET,malformation
recovered_archive2/195,1,1,DET,malformation
recovered_archive3/201,0,1,DET,malformation
recovered_archive3/203,1,1,DET,malformation
recovered_archive3/208,0,0,DET,malformation
recovered_archive3/219,1,1,DET,malformation
recovered_archive3/220,0,0,DET,malformation
recovered_archive3/224,1,0,DET,malformation
recovered_archive3/228,0,0,DET,malformation
recovered_archive3/237,0,0,DET,malformation
recovered_archive3/248,1,0,DET,malformation
recovered_archive3/257,1,1,DET,malformation
recovered_archive3/261,1,1,DET,malformation
recovered_archive3/265,0,0,DET,malformation
recovered_archive1/1,1,0,SEG+DET,flow_state
recovered_archive1/100,1,0,SEG+DET,flow_state
recovered_archive1/31,0,0,SEG+DET,flow_state
recovered_archive1/33,1,0,SEG+DET,flow_state
recovered_archive1/36,1,0,SEG+DET,flow_state
recovered_archive1/42,1,1,SEG+DET,flow_state
recovered_archive1/44,1,0,SEG+DET,flow_state
recovered_archive1/59,1,1,SEG+DET,flow_state
recovered_archive1/65,1,1,SEG+DET,flow_state
recovered_archive1/67,1,1,SEG+DET,flow_state
recovered_archive1/75,1,0,SEG+DET,flow_state
recovered_archive1/82,0,0,SEG+DET,flow_state
recovered_archive1/85,1,1,SEG+DET,flow_state
recovered_archive1/88,1,0,SEG+DET,flow_state
recovered_archive2/101,0,1,SEG+DET,flow_state
recovered_archive2/103,1,0,SEG+DET,flow_state
recovered_archive2/108,1,0,SEG+DET,flow_state
recovered_archive2/112,1,1,SEG+DET,flow_state
recovered_archive2/115,1,1,SEG+DET,flow_state
recovered_archive2/134,0,1,SEG+DET,flow_state
recovered_archive2/138,1,0,SEG+DET,flow_state
recovered_archive2/142,1,1,SEG+DET,flow_state
recovered_archive2/143,1,0,SEG+DET,flow_state
recovered_archive2/145,1,0,SEG+DET,flow_state
recovered_archive2/147,1,1,SEG+DET,flow_state
recovered_archive2/155,1,0,SEG+DET,flow_state
recovered_archive2/156,1,1,SEG+DET,flow_state
recovered_archive2/169,1,0,SEG+DET,flow_state
recovered_archive2/170,1,0,SEG+DET,flow_state
recovered_archive2/172,1,1,SEG+DET,flow_state
recovered_archive2/178,1,0,SEG+DET,flow_state
recovered_archive2/181,1,0,SEG+DET,flow_state
recovered_archive2/183,1,1,SEG+DET,flow_state
recovered_archive2/194,0,0,SEG+DET,flow_state
recovered_archive3/202,1,1,SEG+DET,flow_state
recovered_archive3/204,1,0,SEG+DET,flow_state
recovered_archive3/207,0,0,SEG+DET,flow_state
recovered_archive3/214,1,1,SEG+DET,flow_state
recovered_archive3/217,1,0,SEG+DET,flow_state
recovered_archive3/218,1,1,SEG+DET,flow_state
recovered_archive3/222,1,1,SEG+DET,flow_state
recovered_archive3/233,1,1,SEG+DET,flow_state
recovered_archive3/254,1,1,SEG+DET,flow_state
recovered_archive3/260,1,1,SEG+DET,flow_state
recovered_archive3/262,1,0,SEG+DET,flow_state
recovered_archive3/264,1,0,SEG+DET,flow_state
recovered_archive1/35,1,1,SEG+DET,flow_state
recovered_archive1/39,0,0,SEG+DET,flow_state
recovered_archive1/45,1,1,SEG+DET,flow_state
recovered_archive1/48,1,1,SEG+DET,flow_state
recovered_archive1/54,0,1,SEG+DET,flow_state
recovered_archive1/60,0,1,SEG+DET,flow_state
recovered_archive1/63,1,1,SEG+DET,flow_state
recovered_archive1/64,1,1,SEG+DET,flow_state
recovered_archive1/71,1,0,SEG+DET,flow_state
recovered_archive1/81,1,1,SEG+DET,flow_state
recovered_archive1/91,1,1,SEG+DET,flow_state
recovered_archive1/92,0,0,SEG+DET,flow_state
recovered_archive1/96,0,0,SEG+DET,flow_state
recovered_archive2/106,1,0,SEG+DET,flow_state
recovered_archive2/107,0,1,SEG+DET,flow_state
recovered_archive2/118,1,1,SEG+DET,flow_state
recovered_archive2/126,0,1,SEG+DET,flow_state
recovered_archive2/128,1,1,SEG+DET,flow_state
recovered_archive2/129,1,0,SEG+DET,flow_state
recovered_archive2/131,1,1,SEG+DET,flow_state
recovered_archive2/146,1,0,SEG+DET,flow_state
recovered_archive2/149,1,0,SEG+DET,flow_state
recovered_archive2/157,1,0,SEG+DET,flow_state
recovered_archive2/161,1,1,SEG+DET,flow_state
recovered_archive2/166,1,1,SEG+DET,flow_state
recovered_archive2/174,0,0,SEG+DET,flow_state
recovered_archive2/184,0,1,SEG+DET,flow_state
recovered_archive2/186,1,0,SEG+DET,flow_state
recovered_archive2/187,1,1,SEG+DET,flow_state
recovered_archive2/192,1,0,SEG+DET,flow_state
recovered_archive2/196,1,1,SEG+DET,flow_state
recovered_archive2/198,1,1,SEG+DET,flow_state
recovered_archive3/205,1,0,SEG+DET,flow_state
recovered_archive3/210,1,1,SEG+DET,flow_state
recovered_archive3/212,1,1,SEG+DET,flow_state
recovered_archive3/229,1,1,SEG+DET,flow_state
recovered_archive3/235,1,0,SEG+DET,flow_state
recovered_archive3/241,1,0,SEG+DET,flow_state
recovered_archive3/243,1,1,SEG+DET,flow_state
recovered_archive3/247,1,1,SEG+DET,flow_state
recovered_archive3/249,1,1,SEG+DET,flow_state
recovered_archive3/253,0,0,SEG+DET,flow_state
recovered_archive3/255,1,1,SEG+DET,flow_state
recovered_archive3/258,1,0,SEG+DET,flow_state
recovered_archive3/259,1,0,SEG+DET,flow_state
recovered_archive1/24,0,1,A0+DET,flow_state
recovered_archive1/30,1,1,A0+DET,flow_state
recovered_archive1/46,1,1,A0+DET,flow_state
recovered_archive1/49,1,0,A0+DET,flow_state
recovered_archive1/66,1,1,A0+DET,flow_state
recovered_archive1/69,0,1,A0+DET,flow_state
recovered_archive1/70,1,0,A0+DET,flow_state
recovered_archive1/72,0,1,A0+DET,flow_state
recovered_archive1/73,1,0,A0+DET,flow_state
recovered_archive1/74,1,1,A0+DET,flow_state
recovered_archive1/76,1,1,A0+DET,flow_state
recovered_archive1/78,1,1,A0+DET,flow_state
recovered_archive1/80,1,1,A0+DET,flow_state
recovered_archive1/84,1,1,A0+DET,flow_state
recovered_archive2/105,0,1,A0+DET,flow_state
recovered_archive2/110,1,1,A0+DET,flow_state
recovered_archive2/111,0,0,A0+DET,flow_state
recovered_archive2/116,1,0,A0+DET,flow_state
recovered_archive2/119,0,0,A0+DET,flow_state
recovered_archive2/123,1,0,A0+DET,flow_state
recovered_archive2/127,0,1,A0+DET,flow_state
recovered_archive2/136,1,1,A0+DET,flow_state
recovered_archive2/144,1,1,A0+DET,flow_state
recovered_archive2/148,1,0,A0+DET,flow_state
recovered_archive2/150,1,1,A0+DET,flow_state
recovered_archive2/151,1,0,A0+DET,flow_state
recovered_archive2/152,1,1,A0+DET,flow_state
recovered_archive2/159,1,1,A0+DET,flow_state
recovered_archive2/167,1,0,A0+DET,flow_state
recovered_archive2/182,1,1,A0+DET,flow_state
recovered_archive2/185,1,1,A0+DET,flow_state
recovered_archive2/190,1,1,A0+DET,flow_state
recovered_archive2/200,1,1,A0+DET,flow_state
recovered_archive3/211,1,0,A0+DET,flow_state
recovered_archive3/215,1,1,A0+DET,flow_state
recovered_archive3/225,0,1,A0+DET,flow_state
recovered_archive3/226,1,0,A0+DET,flow_state
recovered_archive3/227,1,1,A0+DET,flow_state
recovered_archive3/230,1,1,A0+DET,flow_state
recovered_archive3/232,1,0,A0+DET,flow_state
recovered_archive3/234,1,1,A0+DET,flow_state
recovered_archive3/236,1,0,A0+DET,flow_state
recovered_archive3/244,0,1,A0+DET,flow_state
recovered_archive3/251,1,1,A0+DET,flow_state
recovered_archive3/252,1,1,A0+DET,flow_state
recovered_archive3/263,1,1,A0+DET,flow_state
recovered_archive1/29,1,1,SEG+DET,flow_state
recovered_archive1/32,0,1,SEG+DET,flow_state
recovered_archive1/37,0,1,SEG+DET,flow_state
recovered_archive1/38,1,0,SEG+DET,flow_state
recovered_archive1/40,1,0,SEG+DET,flow_state
recovered_archive1/47,1,0,SEG+DET,flow_state
recovered_archive1/61,1,1,SEG+DET,flow_state
recovered_archive1/62,0,1,SEG+DET,flow_state
recovered_archive1/68,1,0,SEG+DET,flow_state
recovered_archive1/77,1,1,SEG+DET,flow_state
recovered_archive1/9,1,0,SEG+DET,flow_state
recovered_archive1/90,1,1,SEG+DET,flow_state
recovered_archive1/94,1,1,SEG+DET,flow_state
recovered_archive1/99,1,0,SEG+DET,flow_state
recovered_archive2/102,1,0,SEG+DET,flow_state
recovered_archive2/109,1,0,SEG+DET,flow_state
recovered_archive2/113,1,1,SEG+DET,flow_state
recovered_archive2/114,1,1,SEG+DET,flow_state
recovered_archive2/122,0,1,SEG+DET,flow_state
recovered_archive2/124,0,0,SEG+DET,flow_state
recovered_archive2/125,1,0,SEG+DET,flow_state
recovered_archive2/139,1,0,SEG+DET,flow_state
recovered_archive2/154,1,0,SEG+DET,flow_state
recovered_archive2/162,1,0,SEG+DET,flow_state
recovered_archive2/164,1,1,SEG+DET,flow_state
recovered_archive2/168,0,0,SEG+DET,flow_state
recovered_archive2/175,1,0,SEG+DET,flow_state
recovered_archive2/176,1,0,SEG+DET,flow_state
recovered_archive2/179,1,0,SEG+DET,flow_state
recovered_archive2/189,1,1,SEG+DET,flow_state
recovered_archive2/191,0,0,SEG+DET,flow_state
recovered_archive2/197,1,0,SEG+DET,flow_state
recovered_archive2/199,1,1,SEG+DET,flow_state
recovered_archive3/206,1,0,SEG+DET,flow_state
recovered_archive3/209,0,0,SEG+DET,flow_state
recovered_archive3/213,1,0,SEG+DET,flow_state
recovered_archive3/221,0,0,SEG+DET,flow_state
recovered_archive3/223,1,1,SEG+DET,flow_state
recovered_archive3/231,1,0,SEG+DET,flow_state
recovered_archive3/242,0,0,SEG+DET,flow_state
recovered_archive3/246,1,0,SEG+DET,flow_state
recovered_archive3/250,1,1,SEG+DET,flow_state
recovered_archive3/256,1,0,SEG+DET,flow_state
recovered_archive3/266,1,1,SEG+DET,flow_state
recovered_archive3/267,0,1,SEG+DET,flow_state
recovered_archive1/23,1,0,A0+DET,flow_state
recovered_archive1/28,1,0,A0+DET,flow_state
recovered_archive1/34,1,1,A0+DET,flow_state
recovered_archive1/41,1,1,A0+DET,flow_state
recovered_archive1/52,1,0,A0+DET,flow_state
recovered_archive1/55,1,0,A0+DET,flow_state
recovered_archive1/57,1,1,A0+DET,flow_state
recovered_archive1/79,1,1,A0+DET,flow_state
recovered_archive1/83,1,1,A0+DET,flow_state
recovered_archive1/86,1,0,A0+DET,flow_state
recovered_archive1/89,0,1,A0+DET,flow_state
recovered_archive1/93,0,0,A0+DET,flow_state
recovered_archive1/95,0,0,A0+DET,flow_state
recovered_archive2/104,1,1,A0+DET,flow_state
recovered_archive2/120,0,0,A0+DET,flow_state
recovered_archive2/121,1,0,A0+DET,flow_state
recovered_archive2/130,1,0,A0+DET,flow_state
recovered_archive2/132,1,1,A0+DET,flow_state
recovered_archive2/135,1,0,A0+DET,flow_state
recovered_archive2/140,1,1,A0+DET,flow_state
recovered_archive2/141,0,1,A0+DET,flow_state
recovered_archive2/153,1,0,A0+DET,flow_state
recovered_archive2/158,0,1,A0+DET,flow_state
recovered_archive2/163,1,0,A0+DET,flow_state
recovered_archive2/165,1,1,A0+DET,flow_state
recovered_archive2/173,1,0,A0+DET,flow_state
recovered_archive2/177,0,0,A0+DET,flow_state
recovered_archive2/180,1,1,A0+DET,flow_state
recovered_archive2/193,1,1,A0+DET,flow_state
recovered_archive2/195,1,0,A0+DET,flow_state
recovered_archive3/201,1,1,A0+DET,flow_state
recovered_archive3/203,1,1,A0+DET,flow_state
recovered_archive3/208,0,0,A0+DET,flow_state
recovered_archive3/216,1,1,A0+DET,flow_state
recovered_archive3/219,1,1,A0+DET,flow_state
recovered_archive3/220,0,1,A0+DET,flow_state
recovered_archive3/224,1,1,A0+DET,flow_state
recovered_archive3/228,0,1,A0+DET,flow_state
recovered_archive3/237,1,0,A0+DET,flow_state
recovered_archive3/248,1,1,A0+DET,flow_state
recovered_archive3/257,0,1,A0+DET,flow_state
recovered_archive3/261,1,1,A0+DET,flow_state
recovered_archive3/265,1,1,A0+DET,flow_state
recovered_archive1/1,0,0,ALL,rbc_aggregation
recovered_archive1/100,1,1,ALL,rbc_aggregation
recovered_archive1/31,0,0,ALL,rbc_aggregation
recovered_archive1/33,0,0,ALL,rbc_aggregation
recovered_archive1/36,1,0,ALL,rbc_aggregation
recovered_archive1/42,0,1,ALL,rbc_aggregation
recovered_archive1/44,1,1,ALL,rbc_aggregation
recovered_archive1/59,1,1,ALL,rbc_aggregation
recovered_archive1/65,1,1,ALL,rbc_aggregation
recovered_archive1/67,1,1,ALL,rbc_aggregation
recovered_archive1/75,1,0,ALL,rbc_aggregation
recovered_archive1/82,1,0,ALL,rbc_aggregation
recovered_archive1/85,1,1,ALL,rbc_aggregation
recovered_archive1/88,1,0,ALL,rbc_aggregation
recovered_archive1/97,1,1,ALL,rbc_aggregation
recovered_archive2/101,1,0,ALL,rbc_aggregation
recovered_archive2/103,1,0,ALL,rbc_aggregation
recovered_archive2/108,1,0,ALL,rbc_aggregation
recovered_archive2/112,1,1,ALL,rbc_aggregation
recovered_archive2/115,1,1,ALL,rbc_aggregation
recovered_archive2/134,0,0,ALL,rbc_aggregation
recovered_archive2/138,1,0,ALL,rbc_aggregation
recovered_archive2/142,1,1,ALL,rbc_aggregation
recovered_archive2/143,1,0,ALL,rbc_aggregation
recovered_archive2/145,1,0,ALL,rbc_aggregation
recovered_archive2/147,1,0,ALL,rbc_aggregation
recovered_archive2/155,1,1,ALL,rbc_aggregation
recovered_archive2/156,0,1,ALL,rbc_aggregation
recovered_archive2/169,1,0,ALL,rbc_aggregation
recovered_archive2/170,1,1,ALL,rbc_aggregation
recovered_archive2/172,1,1,ALL,rbc_aggregation
recovered_archive2/178,1,0,ALL,rbc_aggregation
recovered_archive2/181,1,0,ALL,rbc_aggregation
recovered_archive2/183,1,1,ALL,rbc_aggregation
recovered_archive2/194,0,0,ALL,rbc_aggregation
recovered_archive3/202,1,1,ALL,rbc_aggregation
recovered_archive3/204,1,1,ALL,rbc_aggregation
recovered_archive3/207,1,1,ALL,rbc_aggregation
recovered_archive3/214,1,1,ALL,rbc_aggregation
recovered_archive3/217,1,0,ALL,rbc_aggregation
recovered_archive3/218,1,1,ALL,rbc_aggregation
recovered_archive3/222,1,1,ALL,rbc_aggregation
recovered_archive3/233,1,1,ALL,rbc_aggregation
recovered_archive3/254,1,1,ALL,rbc_aggregation
recovered_archive3/260,1,1,ALL,rbc_aggregation
recovered_archive3/262,1,0,ALL,rbc_aggregation
recovered_archive3/264,1,1,ALL,rbc_aggregation
recovered_archive1/35,1,0,COL,rbc_aggregation
recovered_archive1/39,1,1,COL,rbc_aggregation
recovered_archive1/45,1,1,COL,rbc_aggregation
recovered_archive1/48,1,1,COL,rbc_aggregation
recovered_archive1/54,0,1,COL,rbc_aggregation
recovered_archive1/60,1,1,COL,rbc_aggregation
recovered_archive1/63,1,1,COL,rbc_aggregation
recovered_archive1/64,0,1,COL,rbc_aggregation
recovered_archive1/71,1,1,COL,rbc_aggregation
recovered_archive1/81,1,1,COL,rbc_aggregation
recovered_archive1/91,1,1,COL,rbc_aggregation
recovered_archive1/92,0,1,COL,rbc_aggregation
recovered_archive1/96,0,0,COL,rbc_aggregation
recovered_archive1/98,1,1,COL,rbc_aggregation
recovered_archive2/106,1,0,COL,rbc_aggregation
recovered_archive2/107,1,1,COL,rbc_aggregation
recovered_archive2/118,1,1,COL,rbc_aggregation
recovered_archive2/126,0,0,COL,rbc_aggregation
recovered_archive2/128,1,0,COL,rbc_aggregation
recovered_archive2/129,1,0,COL,rbc_aggregation
recovered_archive2/131,1,1,COL,rbc_aggregation
recovered_archive2/146,1,1,COL,rbc_aggregation
recovered_archive2/149,1,1,COL,rbc_aggregation
recovered_archive2/157,1,1,COL,rbc_aggregation
recovered_archive2/161,1,1,COL,rbc_aggregation
recovered_archive2/166,1,1,COL,rbc_aggregation
recovered_archive2/174,0,1,COL,rbc_aggregation
recovered_archive2/184,1,1,COL,rbc_aggregation
recovered_archive2/186,1,1,COL,rbc_aggregation
recovered_archive2/187,1,0,COL,rbc_aggregation
recovered_archive2/192,1,0,COL,rbc_aggregation
recovered_archive2/196,1,1,COL,rbc_aggregation
recovered_archive2/198,1,1,COL,rbc_aggregation
recovered_archive3/205,1,1,COL,rbc_aggregation
recovered_archive3/210,1,0,COL,rbc_aggregation
recovered_archive3/212,1,1,COL,rbc_aggregation
recovered_archive3/229,1,1,COL,rbc_aggregation
recovered_archive3/235,0,1,COL,rbc_aggregation
recovered_archive3/241,1,1,COL,rbc_aggregation
recovered_archive3/243,1,1,COL,rbc_aggregation
recovered_archive3/247,1,1,COL,rbc_aggregation
recovered_archive3/249,1,1,COL,rbc_aggregation
recovered_archive3/253,0,0,COL,rbc_aggregation
recovered_archive3/255,1,1,COL,rbc_aggregation
recovered_archive3/258,1,1,COL,rbc_aggregation
recovered_archive3/259,0,0,COL,rbc_aggregation
recovered_archive1/24,0,1,DET,rbc_aggregation
recovered_archive1/30,1,1,DET,rbc_aggregation
recovered_archive1/46,1,1,DET,rbc_aggregation
recovered_archive1/49,1,0,DET,rbc_aggregation
recovered_archive1/66,1,1,DET,rbc_aggregation
recovered_archive1/69,1,0,DET,rbc_aggregation
recovered_archive1/70,1,0,DET,rbc_aggregation
recovered_archive1/72,1,1,DET,rbc_aggregation
recovered_archive1/73,1,1,DET,rbc_aggregation
recovered_archive1/74,1,0,DET,rbc_aggregation
recovered_archive1/76,1,1,DET,rbc_aggregation
recovered_archive1/78,1,1,DET,rbc_aggregation
recovered_archive1/80,1,1,DET,rbc_aggregation
recovered_archive1/84,1,0,DET,rbc_aggregation
recovered_archive2/105,1,1,DET,rbc_aggregation
recovered_archive2/110,1,1,DET,rbc_aggregation
recovered_archive2/111,0,0,DET,rbc_aggregation
recovered_archive2/116,1,0,DET,rbc_aggregation
recovered_archive2/119,0,0,DET,rbc_aggregation
recovered_archive2/123,1,0,DET,rbc_aggregation
recovered_archive2/136,1,1,DET,rbc_aggregation
recovered_archive2/144,1,1,DET,rbc_aggregation
recovered_archive2/148,1,1,DET,rbc_aggregation
recovered_archive2/150,1,1,DET,rbc_aggregation
recovered_archive2/151,1,0,DET,rbc_aggregation
recovered_archive2/152,1,1,DET,rbc_aggregation
recovered_archive2/159,1,0,DET,rbc_aggregation
recovered_archive2/167,1,0,DET,rbc_aggregation
recovered_archive2/182,1,1,DET,rbc_aggregation
recovered_archive2/185,1,1,DET,rbc_aggregation
recovered_archive2/190,1,0,DET,rbc_aggregation
recovered_archive2/200,1,0,DET,rbc_aggregation
recovered_archive3/211,0,0,DET,rbc_aggregation
recovered_archive3/215,1,0,DET,rbc_aggregation
recovered_archive3/225,1,1,DET,rbc_aggregation
recovered_archive3/226,1,0,DET,rbc_aggregation
recovered_archive3/227,1,1,DET,rbc_aggregation
recovered_archive3/230,0,0,DET,rbc_aggregation
recovered_archive3/232,1,1,DET,rbc_aggregation
recovered_archive3/234,1,1,DET,rbc_aggregation
recovered_archive3/236,1,0,DET,rbc_aggregation
recovered_archive3/244,1,1,DET,rbc_aggregation
recovered_archive3/251,1,1,DET,rbc_aggregation
recovered_archive3/252,1,1,DET,rbc_aggregation
recovered_archive3/263,1,0,DET,rbc_aggregation
recovered_archive1/29,1,1,A0+DET,rbc_aggregation
recovered_archive1/32,1,1,A0+DET,rbc_aggregation
recovered_archive1/37,0,0,A0+DET,rbc_aggregation
recovered_archive1/38,1,1,A0+DET,rbc_aggregation
recovered_archive1/40,1,0,A0+DET,rbc_aggregation
recovered_archive1/47,1,0,A0+DET,rbc_aggregation
recovered_archive1/61,1,0,A0+DET,rbc_aggregation
recovered_archive1/62,1,1,A0+DET,rbc_aggregation
recovered_archive1/68,1,1,A0+DET,rbc_aggregation
recovered_archive1/77,1,1,A0+DET,rbc_aggregation
recovered_archive1/9,1,1,A0+DET,rbc_aggregation
recovered_archive1/90,1,1,A0+DET,rbc_aggregation
recovered_archive1/94,0,1,A0+DET,rbc_aggregation
recovered_archive1/99,1,1,A0+DET,rbc_aggregation
recovered_archive2/102,1,1,A0+DET,rbc_aggregation
recovered_archive2/109,1,1,A0+DET,rbc_aggregation
recovered_archive2/113,1,1,A0+DET,rbc_aggregation
recovered_archive2/114,1,1,A0+DET,rbc_aggregation
recovered_archive2/122,1,1,A0+DET,rbc_aggregation
recovered_archive2/124,0,0,A0+DET,rbc_aggregation
recovered_archive2/125,1,1,A0+DET,rbc_aggregation
recovered_archive2/139,1,0,A0+DET,rbc_aggregation
recovered_archive2/154,1,0,A0+DET,rbc_aggregation
recovered_archive2/162,1,1,A0+DET,rbc_aggregation
recovered_archive2/168,1,1,A0+DET,rbc_aggregation
recovered_archive2/175,1,1,A0+DET,rbc_aggregation
recovered_archive2/176,1,1,A0+DET,rbc_aggregation
recovered_archive2/179,1,0,A0+DET,rbc_aggregation
recovered_archive2/189,1,1,A0+DET,rbc_aggregation
recovered_archive2/191,1,1,A0+DET,rbc_aggregation
recovered_archive2/197,1,1,A0+DET,rbc_aggregation
recovered_archive2/199,1,1,A0+DET,rbc_aggregation
recovered_archive3/206,1,1,A0+DET,rbc_aggregation
recovered_archive3/209,0,0,A0+DET,rbc_aggregation
recovered_archive3/213,1,1,A0+DET,rbc_aggregation
recovered_archive3/221,0,0,A0+DET,rbc_aggregation
recovered_archive3/223,1,1,A0+DET,rbc_aggregation
recovered_archive3/231,1,1,A0+DET,rbc_aggregation
recovered_archive3/242,0,0,A0+DET,rbc_aggregation
recovered_archive3/246,1,0,A0+DET,rbc_aggregation
recovered_archive3/250,1,1,A0+DET,rbc_aggregation
recovered_archive3/256,1,1,A0+DET,rbc_aggregation
recovered_archive3/266,1,1,A0+DET,rbc_aggregation
recovered_archive3/267,0,1,A0+DET,rbc_aggregation
recovered_archive1/23,1,0,DET,rbc_aggregation
recovered_archive1/28,0,1,DET,rbc_aggregation
recovered_archive1/34,1,0,DET,rbc_aggregation
recovered_archive1/41,1,1,DET,rbc_aggregation
recovered_archive1/52,1,0,DET,rbc_aggregation
recovered_archive1/53,0,0,DET,rbc_aggregation
recovered_archive1/55,1,1,DET,rbc_aggregation
recovered_archive1/57,1,1,DET,rbc_aggregation
recovered_archive1/79,1,0,DET,rbc_aggregation
recovered_archive1/83,1,0,DET,rbc_aggregation
recovered_archive1/86,1,0,DET,rbc_aggregation
recovered_archive1/89,0,0,DET,rbc_aggregation
recovered_archive1/93,1,0,DET,rbc_aggregation
recovered_archive1/95,0,0,DET,rbc_aggregation
recovered_archive2/104,1,1,DET,rbc_aggregation
recovered_archive2/117,0,0,DET,rbc_aggregation
recovered_archive2/120,0,0,DET,rbc_aggregation
recovered_archive2/121,1,0,DET,rbc_aggregation
recovered_archive2/130,1,1,DET,rbc_aggregation
recovered_archive2/132,1,1,DET,rbc_aggregation
recovered_archive2/135,1,1,DET,rbc_aggregation
recovered_archive2/140,1,1,DET,rbc_aggregation
recovered_archive2/141,1,1,DET,rbc_aggregation
recovered_archive2/153,1,0,DET,rbc_aggregation
recovered_archive2/158,1,1,DET,rbc_aggregation
recovered_archive2/163,1,0,DET,rbc_aggregation
recovered_archive2/165,1,0,DET,rbc_aggregation
recovered_archive2/171,1,0,DET,rbc_aggregation
recovered_archive2/173,1,1,DET,rbc_aggregation
recovered_archive2/177,1,0,DET,rbc_aggregation
recovered_archive2/180,1,1,DET,rbc_aggregation
recovered_archive2/193,1,1,DET,rbc_aggregation
recovered_archive2/195,1,1,DET,rbc_aggregation
recovered_archive3/201,1,1,DET,rbc_aggregation
recovered_archive3/203,1,0,DET,rbc_aggregation
recovered_archive3/208,1,1,DET,rbc_aggregation
recovered_archive3/216,1,1,DET,rbc_aggregation
recovered_archive3/219,1,1,DET,rbc_aggregation
recovered_archive3/220,1,1,DET,rbc_aggregation
recovered_archive3/224,1,1,DET,rbc_aggregation
recovered_archive3/228,1,1,DET,rbc_aggregation
recovered_archive3/237,1,0,DET,rbc_aggregation
recovered_archive3/248,1,0,DET,rbc_aggregation
recovered_archive3/257,1,1,DET,rbc_aggregation
recovered_archive3/261,1,0,DET,rbc_aggregation
recovered_archive3/265,1,1,DET,rbc_aggregation
